Node Name,Lower Bound,Completion Time,Unassigned Count,Unassigned Parts
Root_0,11.298624,27.177760,12,"1;2;3;4;5;6;7;8;9;10;11;12"
Root_1,3.407360,12.229600,12,"0;2;3;4;5;6;7;8;9;10;11;12"
Root_2,22.317024,31.807360,11,"2;3;4;5;6;7;8;9;10;11;12"
Root_3,0.000000,5.025920,12,"0;1;3;4;5;6;7;8;9;10;11;12"
Root_4,15.002304,28.103680,11,"1;3;4;5;6;7;8;9;10;11;12"
Root_5,4.333280,13.155520,11,"0;3;4;5;6;7;8;9;10;11;12"
Root_6,26.020704,32.733280,10,"3;4;5;6;7;8;9;10;11;12"
Root_7,0.000000,8.813568,12,"0;1;2;4;5;6;7;8;9;10;11;12"
Root_8,16.048000,29.091328,11,"1;2;4;5;6;7;8;9;10;11;12"
Root_9,5.320928,14.143168,11,"0;2;4;5;6;7;8;9;10;11;12"
Root_10,22.436800,33.720928,10,"2;4;5;6;7;8;9;10;11;12"
Root_11,0.917248,9.739488,11,"0;1;4;5;6;7;8;9;10;11;12"
Root_12,19.572608,30.017248,10,"1;4;5;6;7;8;9;10;11;12"
Root_13,6.246848,15.069088,10,"0;4;5;6;7;8;9;10;11;12"
Root_14,26.432928,34.646848,9,"4;5;6;7;8;9;10;11;12"
Root_15,0.000000,7.722208,12,"0;1;2;3;5;6;7;8;9;10;11;12"
Root_16,20.317024,29.399968,11,"1;2;3;5;6;7;8;9;10;11;12"
Root_17,5.629568,14.451808,11,"0;2;3;5;6;7;8;9;10;11;12"
Root_18,31.235424,34.029568,10,"2;3;5;6;7;8;9;10;11;12"
Root_19,0.000000,8.648128,11,"0;1;3;5;6;7;8;9;10;11;12"
Root_20,24.946624,30.325888,10,"1;3;5;6;7;8;9;10;11;12"
Root_21,6.555488,15.377728,10,"0;3;5;6;7;8;9;10;11;12"
Root_22,36.745184,34.955488,9,"3;5;6;7;8;9;10;11;12"
Root_23,2.213536,11.035776,11,"0;1;2;5;6;7;8;9;10;11;12"
Root_24,24.757760,31.313536,10,"1;2;5;6;7;8;9;10;11;12"
Root_25,7.543136,16.365376,10,"0;2;5;6;7;8;9;10;11;12"
Root_26,35.499296,35.943136,9,"2;5;6;7;8;9;10;11;12"
Root_27,3.139456,11.961696,10,"0;1;5;6;7;8;9;10;11;12"
Root_28,28.461440,32.239456,9,"1;5;6;7;8;9;10;11;12"
Root_29,8.469056,17.291296,9,"0;5;6;7;8;9;10;11;12"
Root_30,41.880736,36.869056,8,"5;6;7;8;9;10;11;12"
Root_31,0.000000,6.343200,12,"0;1;2;3;4;6;7;8;9;10;11;12"
Root_32,17.471424,28.720960,11,"1;2;3;4;6;7;8;9;10;11;12"
Root_33,4.950560,13.772800,11,"0;2;3;4;6;7;8;9;10;11;12"
Root_34,28.489824,33.350560,10,"2;3;4;6;7;8;9;10;11;12"
Root_35,0.000000,7.269120,11,"0;1;3;4;6;7;8;9;10;11;12"
Root_36,21.551584,29.646880,10,"1;3;4;6;7;8;9;10;11;12"
Root_37,5.876480,14.698720,10,"0;3;4;6;7;8;9;10;11;12"
Root_38,32.671136,34.276480,9,"3;4;6;7;8;9;10;11;12"
Root_39,1.534528,10.356768,11,"0;1;2;4;6;7;8;9;10;11;12"
Root_40,22.041728,30.634528,10,"1;2;4;6;7;8;9;10;11;12"
Root_41,6.864128,15.686368,10,"0;2;4;6;7;8;9;10;11;12"
Root_42,30.073504,35.264128,9,"2;4;6;7;8;9;10;11;12"
Root_43,2.460448,11.282688,10,"0;1;4;6;7;8;9;10;11;12"
Root_44,25.745408,31.560448,9,"1;4;6;7;8;9;10;11;12"
Root_45,7.790048,16.612288,9,"0;4;6;7;8;9;10;11;12"
Root_46,36.448672,36.190048,8,"4;6;7;8;9;10;11;12"
Root_47,0.443168,9.265408,11,"0;1;2;3;6;7;8;9;10;11;12"
Root_48,28.033024,30.943168,10,"1;2;3;6;7;8;9;10;11;12"
Root_49,7.172768,15.995008,10,"0;2;3;6;7;8;9;10;11;12"
Root_50,41.349920,35.572768,9,"2;3;6;7;8;9;10;11;12"
Root_51,1.369088,10.191328,10,"0;1;3;6;7;8;9;10;11;12"
Root_52,32.662624,31.869088,9,"1;3;6;7;8;9;10;11;12"
Root_53,8.098688,16.920928,9,"0;3;6;7;8;9;10;11;12"
Root_54,47.731360,36.498688,8,"3;6;7;8;9;10;11;12"
Root_55,3.756736,12.578976,10,"0;1;2;6;7;8;9;10;11;12"
Root_56,30.930560,32.856736,9,"1;2;6;7;8;9;10;11;12"
Root_57,9.086336,17.908576,9,"0;2;6;7;8;9;10;11;12"
Root_58,49.331232,37.486336,8,"2;6;7;8;9;10;11;12"
Root_59,4.682656,13.504896,9,"0;1;6;7;8;9;10;11;12"
Root_60,34.634240,33.782656,8,"1;6;7;8;9;10;11;12"
Root_61,10.012256,18.834496,8,"0;6;7;8;9;10;11;12"
Root_62,54.226336,38.412256,7,"6;7;8;9;10;11;12"
Root_63,0.000000,7.225910,12,"0;1;2;3;4;5;7;8;9;10;11;12"
Root_64,21.335536,29.603670,11,"1;2;3;4;5;7;8;9;10;11;12"
Root_65,5.833270,14.655510,11,"0;2;3;4;5;7;8;9;10;11;12"
Root_66,32.411878,34.233270,10,"2;3;4;5;7;8;9;10;11;12"
Root_67,0.000000,8.151830,11,"0;1;3;4;5;7;8;9;10;11;12"
Root_68,25.965136,30.529590,10,"1;3;4;5;7;8;9;10;11;12"
Root_69,6.759190,15.581430,10,"0;3;4;5;7;8;9;10;11;12"
Root_70,37.967398,35.159190,9,"3;4;5;7;8;9;10;11;12"
Root_71,2.417238,11.239478,11,"0;1;2;4;5;7;8;9;10;11;12"
Root_72,25.572570,31.517238,10,"1;2;4;5;7;8;9;10;11;12"
Root_73,7.746838,16.569078,10,"0;2;4;5;7;8;9;10;11;12"
Root_74,37.275754,36.146838,9,"2;4;5;7;8;9;10;11;12"
Root_75,3.343158,12.165398,10,"0;1;4;5;7;8;9;10;11;12"
Root_76,29.276250,32.443158,9,"1;4;5;7;8;9;10;11;12"
Root_77,8.672758,17.494998,9,"0;4;5;7;8;9;10;11;12"
Root_78,43.510355,37.072758,8,"4;5;7;8;9;10;11;12"
Root_79,1.325878,10.148118,11,"0;1;2;3;5;7;8;9;10;11;12"
Root_80,32.446576,31.825878,10,"1;2;3;5;7;8;9;10;11;12"
Root_81,8.055478,16.877718,10,"0;2;3;5;7;8;9;10;11;12"
Root_82,48.867082,36.455478,9,"2;3;5;7;8;9;10;11;12"
Root_83,2.251798,11.074038,10,"0;1;3;5;7;8;9;10;11;12"
Root_84,37.076176,32.751798,9,"1;3;5;7;8;9;10;11;12"
Root_85,8.981398,17.803638,9,"0;3;5;7;8;9;10;11;12"
Root_86,54.793043,37.381398,8,"3;5;7;8;9;10;11;12"
Root_87,4.639446,13.461686,10,"0;1;2;5;7;8;9;10;11;12"
Root_88,34.461402,33.739446,9,"1;2;5;7;8;9;10;11;12"
Root_89,9.969046,18.791286,9,"0;2;5;7;8;9;10;11;12"
Root_90,57.275626,38.369046,8,"2;5;7;8;9;10;11;12"
Root_91,5.565366,14.387606,9,"0;1;5;7;8;9;10;11;12"
Root_92,38.755120,34.665366,8,"1;5;7;8;9;10;11;12"
Root_93,10.894966,19.717206,8,"0;5;7;8;9;10;11;12"
Root_94,61.288019,39.294966,7,"5;7;8;9;10;11;12"
Root_95,0.000000,8.769110,11,"0;1;2;3;4;7;8;9;10;11;12"
Root_96,29.051536,31.146870,10,"1;2;3;4;7;8;9;10;11;12"
Root_97,7.376470,16.198710,10,"0;2;3;4;7;8;9;10;11;12"
Root_98,42.979539,35.776470,9,"2;3;4;7;8;9;10;11;12"
Root_99,0.872790,9.695030,10,"0;1;3;4;7;8;9;10;11;12"
Root_100,33.681136,32.072790,9,"1;3;4;7;8;9;10;11;12"
Root_101,8.302390,17.124630,9,"0;3;4;7;8;9;10;11;12"
Root_102,49.360979,36.702390,8,"3;4;7;8;9;10;11;12"
Root_103,3.960438,12.782678,10,"0;1;2;4;7;8;9;10;11;12"
Root_104,31.745370,33.060438,9,"1;2;4;7;8;9;10;11;12"
Root_105,9.290038,18.112278,9,"0;2;4;7;8;9;10;11;12"
Root_106,51.164554,37.690038,8,"2;4;7;8;9;10;11;12"
Root_107,4.886358,13.708598,9,"0;1;4;7;8;9;10;11;12"
Root_108,35.449050,33.986358,8,"1;4;7;8;9;10;11;12"
Root_109,10.215958,19.038198,8,"0;4;7;8;9;10;11;12"
Root_110,55.855955,38.615958,7,"4;7;8;9;10;11;12"
Root_111,2.869078,11.691318,10,"0;1;2;3;7;8;9;10;11;12"
Root_112,40.162576,33.369078,9,"1;2;3;7;8;9;10;11;12"
Root_113,9.598678,18.420918,9,"0;2;3;7;8;9;10;11;12"
Root_114,62.755882,37.998678,8,"2;3;7;8;9;10;11;12"
Root_115,3.794998,12.617238,9,"0;1;3;7;8;9;10;11;12"
Root_116,45.011846,34.294998,8,"1;3;7;8;9;10;11;12"
Root_117,10.524598,19.346838,8,"0;3;7;8;9;10;11;12"
Root_118,67.138643,38.924598,7,"3;7;8;9;10;11;12"
Root_119,6.182646,15.004886,9,"0;1;2;7;8;9;10;11;12"
Root_120,42.444979,35.282646,8,"1;2;7;8;9;10;11;12"
Root_121,11.512246,20.334486,8,"0;2;7;8;9;10;11;12"
Root_122,71.164426,39.912246,7,"2;7;8;9;10;11;12"
Root_123,7.108566,15.930806,8,"0;1;7;8;9;10;11;12"
Root_124,48.826419,36.208566,7,"1;7;8;9;10;11;12"
Root_125,12.438166,21.260406,7,"0;7;8;9;10;11;12"
Root_126,74.471786,40.838166,6,"7;8;9;10;11;12"
Root_127,1.102432,9.924672,12,"0;1;2;3;4;5;6;8;9;10;11;12"
Root_128,24.329344,30.202432,11,"1;2;3;4;5;6;8;9;10;11;12"
Root_129,6.432032,15.254272,11,"0;2;3;4;5;6;8;9;10;11;12"
Root_130,35.247744,34.832032,10,"2;3;4;5;6;8;9;10;11;12"
Root_131,2.028352,10.850592,11,"0;1;3;4;5;6;8;9;10;11;12"
Root_132,28.958944,31.128352,10,"1;3;4;5;6;8;9;10;11;12"
Root_133,7.357952,16.180192,10,"0;3;4;5;6;8;9;10;11;12"
Root_134,40.364896,35.757952,9,"3;4;5;6;8;9;10;11;12"
Root_135,3.016000,11.838240,11,"0;1;2;4;5;6;8;9;10;11;12"
Root_136,27.967616,32.116000,10,"1;2;4;5;6;8;9;10;11;12"
Root_137,8.345600,17.167840,10,"0;2;4;5;6;8;9;10;11;12"
Root_138,39.994336,36.745600,9,"2;4;5;6;8;9;10;11;12"
Root_139,3.941920,12.764160,10,"0;1;4;5;6;8;9;10;11;12"
Root_140,31.671296,33.041920,9,"1;4;5;6;8;9;10;11;12"
Root_141,9.271520,18.093760,9,"0;4;5;6;8;9;10;11;12"
Root_142,44.704256,37.671520,8,"4;5;6;8;9;10;11;12"
Root_143,3.324640,12.146880,11,"0;1;2;3;5;6;8;9;10;11;12"
Root_144,35.440384,32.424640,10,"1;2;3;5;6;8;9;10;11;12"
Root_145,8.654240,17.476480,10,"0;2;3;5;6;8;9;10;11;12"
Root_146,51.277024,37.054240,9,"2;3;5;6;8;9;10;11;12"
Root_147,4.250560,13.072800,10,"0;1;3;5;6;8;9;10;11;12"
Root_148,40.069984,33.350560,9,"1;3;5;6;8;9;10;11;12"
Root_149,9.580160,18.402400,9,"0;3;5;6;8;9;10;11;12"
Root_150,55.678304,37.980160,8,"3;5;6;8;9;10;11;12"
Root_151,5.238208,14.060448,10,"0;1;2;5;6;8;9;10;11;12"
Root_152,36.856448,34.338208,9,"1;2;5;6;8;9;10;11;12"
Root_153,10.567808,19.390048,9,"0;2;5;6;8;9;10;11;12"
Root_154,57.772000,38.967808,8,"2;5;6;8;9;10;11;12"
Root_155,6.164128,14.986368,9,"0;1;5;6;8;9;10;11;12"
Root_156,40.824256,35.264128,8,"1;5;6;8;9;10;11;12"
Root_157,11.493728,20.315968,8,"0;5;6;8;9;10;11;12"
Root_158,60.616278,39.893728,7,"5;6;8;9;10;11;12"
Root_159,2.645632,11.467872,11,"0;1;2;3;4;6;8;9;10;11;12"
Root_160,32.045344,31.745632,10,"1;2;3;4;6;8;9;10;11;12"
Root_161,7.975232,16.797472,10,"0;2;3;4;6;8;9;10;11;12"
Root_162,45.844960,36.375232,9,"2;3;4;6;8;9;10;11;12"
Root_163,3.571552,12.393792,10,"0;1;3;4;6;8;9;10;11;12"
Root_164,36.674944,32.671552,9,"1;3;4;6;8;9;10;11;12"
Root_165,8.901152,17.723392,9,"0;3;4;6;8;9;10;11;12"
Root_166,50.925248,37.301152,8,"3;4;6;8;9;10;11;12"
Root_167,4.559200,13.381440,10,"0;1;2;4;6;8;9;10;11;12"
Root_168,34.140416,33.659200,9,"1;2;4;6;8;9;10;11;12"
Root_169,9.888800,18.711040,9,"0;2;4;6;8;9;10;11;12"
Root_170,52.339936,38.288800,8,"2;4;6;8;9;10;11;12"
Root_171,5.485120,14.307360,9,"0;1;4;6;8;9;10;11;12"
Root_172,37.844096,34.585120,8,"1;4;6;8;9;10;11;12"
Root_173,10.814720,19.636960,8,"0;4;6;8;9;10;11;12"
Root_174,55.506656,39.214720,7,"4;6;8;9;10;11;12"
Root_175,4.867840,13.690080,10,"0;1;2;3;6;8;9;10;11;12"
Root_176,43.156384,33.967840,9,"1;2;3;6;8;9;10;11;12"
Root_177,10.197440,19.019680,9,"0;2;3;6;8;9;10;11;12"
Root_178,63.622624,38.597440,8,"2;3;6;8;9;10;11;12"
Root_179,5.793760,14.616000,9,"0;1;3;6;8;9;10;11;12"
Root_180,47.785984,34.893760,8,"1;3;6;8;9;10;11;12"
Root_181,11.123360,19.945600,8,"0;3;6;8;9;10;11;12"
Root_182,66.480704,39.523360,7,"3;6;8;9;10;11;12"
Root_183,6.781408,15.603648,9,"0;1;2;6;8;9;10;11;12"
Root_184,45.428992,35.881408,8,"1;2;6;8;9;10;11;12"
Root_185,12.111008,20.933248,8,"0;2;6;8;9;10;11;12"
Root_186,70.854518,40.511008,7,"2;6;8;9;10;11;12"
Root_187,7.707328,16.529568,8,"0;1;6;8;9;10;11;12"
Root_188,50.884512,36.807328,7,"1;6;8;9;10;11;12"
Root_189,13.036928,21.859168,7,"0;6;8;9;10;11;12"
Root_190,74.161878,41.436928,6,"6;8;9;10;11;12"
Root_191,3.528342,12.350582,11,"0;1;2;3;4;5;8;9;10;11;12"
Root_192,36.458896,32.628342,10,"1;2;3;4;5;8;9;10;11;12"
Root_193,8.857942,17.680182,10,"0;2;3;4;5;8;9;10;11;12"
Root_194,52.906643,37.257942,9,"2;3;4;5;8;9;10;11;12"
Root_195,4.454262,13.276502,10,"0;1;3;4;5;8;9;10;11;12"
Root_196,41.088496,33.554262,9,"1;3;4;5;8;9;10;11;12"
Root_197,9.783862,18.606102,9,"0;3;4;5;8;9;10;11;12"
Root_198,57.104221,38.183862,8,"3;4;5;8;9;10;11;12"
Root_199,5.441910,14.264150,10,"0;1;2;4;5;8;9;10;11;12"
Root_200,37.671258,34.541910,9,"1;2;4;5;8;9;10;11;12"
Root_201,10.771510,19.593750,9,"0;2;4;5;8;9;10;11;12"
Root_202,59.401619,39.171510,8,"2;4;5;8;9;10;11;12"
Root_203,6.367830,15.190070,9,"0;1;4;5;8;9;10;11;12"
Root_204,42.040198,35.467830,8,"1;4;5;8;9;10;11;12"
Root_205,11.697430,20.519670,8,"0;4;5;8;9;10;11;12"
Root_206,63.043328,40.097430,7,"4;5;8;9;10;11;12"
Root_207,5.750550,14.572790,10,"0;1;2;3;5;8;9;10;11;12"
Root_208,47.569936,34.850550,9,"1;2;3;5;8;9;10;11;12"
Root_209,11.080150,19.902390,9,"0;2;3;5;8;9;10;11;12"
Root_210,70.684307,39.480150,8,"2;3;5;8;9;10;11;12"
Root_211,6.676470,15.498710,9,"0;1;3;5;8;9;10;11;12"
Root_212,52.705606,35.776470,8,"1;3;5;8;9;10;11;12"
Root_213,12.006070,20.828310,8,"0;3;5;8;9;10;11;12"
Root_214,73.815018,40.406070,7,"3;5;8;9;10;11;12"
Root_215,7.664118,16.486358,9,"0;1;2;5;8;9;10;11;12"
Root_216,52.372083,36.764118,8,"1;2;5;8;9;10;11;12"
Root_217,12.993718,21.815958,8,"0;2;5;8;9;10;11;12"
Root_218,78.916202,41.393718,7,"2;5;8;9;10;11;12"
Root_219,8.590038,17.412278,8,"0;1;5;8;9;10;11;12"
Root_220,57.063485,37.690038,7,"1;5;8;9;10;11;12"
Root_221,13.919638,22.741878,7,"0;5;8;9;10;11;12"
Root_222,82.223562,42.319638,6,"5;8;9;10;11;12"
Root_223,5.071542,13.893782,10,"0;1;2;3;4;8;9;10;11;12"
Root_224,44.174896,34.171542,9,"1;2;3;4;8;9;10;11;12"
Root_225,10.401142,19.223382,9,"0;2;3;4;8;9;10;11;12"
Root_226,65.252243,38.801142,8,"2;3;4;8;9;10;11;12"
Root_227,5.997462,14.819702,9,"0;1;3;4;8;9;10;11;12"
Root_228,48.804496,35.097462,8,"1;3;4;8;9;10;11;12"
Root_229,11.327062,20.149302,8,"0;3;4;8;9;10;11;12"
Root_230,68.355891,39.727062,7,"3;4;8;9;10;11;12"
Root_231,6.985110,15.807350,9,"0;1;2;4;8;9;10;11;12"
Root_232,46.940019,36.085110,8,"1;2;4;8;9;10;11;12"
Root_233,12.314710,21.136950,8,"0;2;4;8;9;10;11;12"
Root_234,73.184138,40.714710,7,"2;4;8;9;10;11;12"
Root_235,7.911030,16.733270,8,"0;1;4;8;9;10;11;12"
Root_236,52.310429,37.011030,7,"1;4;8;9;10;11;12"
Root_237,13.240630,22.062870,7,"0;4;8;9;10;11;12"
Root_238,76.491498,41.640630,6,"4;8;9;10;11;12"
Root_239,7.293750,16.115990,9,"0;1;2;3;8;9;10;11;12"
Root_240,58.222707,36.393750,8,"1;2;3;8;9;10;11;12"
Root_241,12.623350,21.445590,8,"0;2;3;8;9;10;11;12"
Root_242,83.029907,41.023350,7,"2;3;8;9;10;11;12"
Root_243,8.219670,17.041910,8,"0;1;3;8;9;10;11;12"
Root_244,63.284477,37.319670,7,"1;3;8;9;10;11;12"
Root_245,13.549270,22.371510,7,"0;3;8;9;10;11;12"
Root_246,85.411347,41.949270,6,"3;8;9;10;11;12"
Root_247,9.207318,18.029558,8,"0;1;2;8;9;10;11;12"
Root_248,64.717683,38.307318,7,"1;2;8;9;10;11;12"
Root_249,14.536918,23.359158,7,"0;2;8;9;10;11;12"
Root_250,89.787722,42.936918,6,"2;8;9;10;11;12"
Root_251,10.133238,18.955478,7,"0;1;8;9;10;11;12"
Root_252,67.865885,39.233238,6,"1;8;9;10;11;12"
Root_253,15.799757,24.285078,6,"0;8;9;10;11;12"
Root_254,93.095082,43.862838,5,"8;9;10;11;12"
Root_255,0.000000,8.729600,12,"0;1;2;3;4;5;6;7;9;10;11;12"
Root_256,29.817024,31.807360,11,"1;2;3;4;5;6;7;9;10;11;12"
Root_257,8.036960,16.859200,11,"0;2;3;4;5;6;7;9;10;11;12"
Root_258,41.533856,36.436960,10,"2;3;4;5;6;7;9;10;11;12"
Root_259,0.833280,9.655520,11,"0;1;3;4;5;6;7;9;10;11;12"
Root_260,33.520704,32.733280,10,"1;3;4;5;6;7;9;10;11;12"
Root_261,8.962880,17.785120,10,"0;3;4;5;6;7;9;10;11;12"
Root_262,46.552416,37.362880,9,"3;4;5;6;7;9;10;11;12"
Root_263,4.620928,13.443168,11,"0;1;2;4;5;6;7;9;10;11;12"
Root_264,29.936800,33.720928,10,"1;2;4;5;6;7;9;10;11;12"
Root_265,9.950528,18.772768,10,"0;2;4;5;6;7;9;10;11;12"
Root_266,48.379360,38.350528,9,"2;4;5;6;7;9;10;11;12"
Root_267,5.546848,14.369088,10,"0;1;4;5;6;7;9;10;11;12"
Root_268,33.286080,34.646848,9,"1;4;5;6;7;9;10;11;12"
Root_269,10.876448,19.698688,9,"0;4;5;6;7;9;10;11;12"
Root_270,52.410272,39.276448,8,"4;5;6;7;9;10;11;12"
Root_271,3.529568,12.351808,11,"0;1;2;3;5;6;7;9;10;11;12"
Root_272,38.705856,34.029568,10,"1;2;3;5;6;7;9;10;11;12"
Root_273,10.259168,19.081408,10,"0;2;3;5;6;7;9;10;11;12"
Root_274,59.970688,38.659168,9,"2;3;5;6;7;9;10;11;12"
Root_275,4.455488,13.277728,10,"0;1;3;5;6;7;9;10;11;12"
Root_276,43.289696,34.955488,9,"1;3;5;6;7;9;10;11;12"
Root_277,11.185088,20.007328,9,"0;3;5;6;7;9;10;11;12"
Root_278,63.692960,39.585088,8,"3;5;6;7;9;10;11;12"
Root_279,6.843136,15.665376,10,"0;1;2;5;6;7;9;10;11;12"
Root_280,41.056160,35.943136,9,"1;2;5;6;7;9;10;11;12"
Root_281,12.172736,20.994976,9,"0;2;5;6;7;9;10;11;12"
Root_282,70.093814,40.572736,8,"2;5;6;7;9;10;11;12"
Root_283,7.769056,16.591296,9,"0;1;5;6;7;9;10;11;12"
Root_284,46.511680,36.869056,8,"1;5;6;7;9;10;11;12"
Root_285,13.098656,21.920896,8,"0;5;6;7;9;10;11;12"
Root_286,75.253014,41.498656,7,"5;6;7;9;10;11;12"
Root_287,2.150560,10.972800,11,"0;1;2;3;4;6;7;9;10;11;12"
Root_288,35.989824,33.350560,10,"1;2;3;4;6;7;9;10;11;12"
Root_289,9.580160,18.402400,10,"0;2;3;4;6;7;9;10;11;12"
Root_290,53.879456,37.980160,9,"2;3;4;6;7;9;10;11;12"
Root_291,3.076480,11.898720,10,"0;1;3;4;6;7;9;10;11;12"
Root_292,39.894656,34.276480,9,"1;3;4;6;7;9;10;11;12"
Root_293,10.506080,19.328320,9,"0;3;4;6;7;9;10;11;12"
Root_294,58.260896,38.906080,8,"3;4;6;7;9;10;11;12"
Root_295,6.164128,14.986368,10,"0;1;2;4;6;7;9;10;11;12"
Root_296,36.309376,35.264128,9,"1;2;4;6;7;9;10;11;12"
Root_297,11.493728,20.315968,9,"0;2;4;6;7;9;10;11;12"
Root_298,63.003734,39.893728,8,"2;4;6;7;9;10;11;12"
Root_299,7.090048,15.912288,9,"0;1;4;6;7;9;10;11;12"
Root_300,41.758624,36.190048,8,"1;4;6;7;9;10;11;12"
Root_301,12.419648,21.241888,8,"0;4;6;7;9;10;11;12"
Root_302,68.162934,40.819648,7,"4;6;7;9;10;11;12"
Root_303,5.072768,13.895008,10,"0;1;2;3;6;7;9;10;11;12"
Root_304,47.277152,35.572768,9,"1;2;3;6;7;9;10;11;12"
Root_305,11.802368,20.624608,9,"0;2;3;6;7;9;10;11;12"
Root_306,74.287766,40.202368,8,"2;3;6;7;9;10;11;12"
Root_307,5.998688,14.820928,9,"0;1;3;6;7;9;10;11;12"
Root_308,52.732672,36.498688,8,"1;3;6;7;9;10;11;12"
Root_309,12.728288,21.550528,8,"0;3;6;7;9;10;11;12"
Root_310,78.521046,41.128288,7,"3;6;7;9;10;11;12"
Root_311,8.386336,17.208576,9,"0;1;2;6;7;9;10;11;12"
Root_312,53.344896,37.486336,8,"1;2;6;7;9;10;11;12"
Root_313,13.715936,22.538176,8,"0;2;6;7;9;10;11;12"
Root_314,84.609878,42.115936,7,"2;6;7;9;10;11;12"
Root_315,9.312256,18.134496,8,"0;1;6;7;9;10;11;12"
Root_316,57.726336,38.412256,7,"1;6;7;9;10;11;12"
Root_317,14.641856,23.464096,7,"0;6;7;9;10;11;12"
Root_318,89.210934,43.041856,6,"6;7;9;10;11;12"
Root_319,3.033270,11.855510,11,"0;1;2;3;4;5;7;9;10;11;12"
Root_320,39.678608,34.233270,10,"1;2;3;4;5;7;9;10;11;12"
Root_321,10.462870,19.285110,10,"0;2;3;4;5;7;9;10;11;12"
Root_322,61.804010,38.862870,9,"2;3;4;5;7;9;10;11;12"
Root_323,3.959190,12.781430,10,"0;1;3;4;5;7;9;10;11;12"
Root_324,44.308208,35.159190,9,"1;3;4;5;7;9;10;11;12"
Root_325,11.388790,20.211030,9,"0;3;4;5;7;9;10;11;12"
Root_326,65.965568,39.788790,8,"3;4;5;7;9;10;11;12"
Root_327,7.046838,15.869078,10,"0;1;2;4;5;7;9;10;11;12"
Root_328,42.628915,36.146838,9,"1;2;4;5;7;9;10;11;12"
Root_329,12.376438,21.198678,9,"0;2;4;5;7;9;10;11;12"
Root_330,72.830838,40.776438,8,"2;4;5;7;9;10;11;12"
Root_331,7.972758,16.794998,9,"0;1;4;5;7;9;10;11;12"
Root_332,47.937597,37.072758,8,"1;4;5;7;9;10;11;12"
Root_333,13.302358,22.124598,8,"0;4;5;7;9;10;11;12"
Root_334,77.990038,41.702358,7,"4;5;7;9;10;11;12"
Root_335,5.955478,14.777718,10,"0;1;2;3;5;7;9;10;11;12"
Root_336,53.911603,36.455478,9,"1;2;3;5;7;9;10;11;12"
Root_337,12.685078,21.507318,9,"0;2;3;5;7;9;10;11;12"
Root_338,83.232160,41.085078,8,"2;3;5;7;9;10;11;12"
Root_339,6.881398,15.703638,9,"0;1;3;5;7;9;10;11;12"
Root_340,58.911645,37.381398,8,"1;3;5;7;9;10;11;12"
Root_341,13.610998,22.433238,8,"0;3;5;7;9;10;11;12"
Root_342,87.465440,42.010998,7,"3;5;7;9;10;11;12"
Root_343,9.269046,18.091286,9,"0;1;2;5;7;9;10;11;12"
Root_344,60.775626,38.369046,8,"1;2;5;7;9;10;11;12"
Root_345,14.598646,23.420886,8,"0;2;5;7;9;10;11;12"
Root_346,93.878838,42.998646,7,"2;5;7;9;10;11;12"
Root_347,10.194966,19.017206,8,"0;1;5;7;9;10;11;12"
Root_348,64.788019,39.294966,7,"1;5;7;9;10;11;12"
Root_349,15.923213,24.346806,7,"0;5;7;9;10;11;12"
Root_350,99.038038,43.924566,6,"5;7;9;10;11;12"
Root_351,4.576470,13.398710,10,"0;1;2;3;4;7;9;10;11;12"
Root_352,48.703069,35.776470,9,"1;2;3;4;7;9;10;11;12"
Root_353,12.006070,20.828310,9,"0;2;3;4;7;9;10;11;12"
Root_354,76.821088,40.406070,8,"2;3;4;7;9;10;11;12"
Root_355,5.502390,14.324630,9,"0;1;3;4;7;9;10;11;12"
Root_356,54.158589,36.702390,8,"1;3;4;7;9;10;11;12"
Root_357,12.931990,21.754230,8,"0;3;4;7;9;10;11;12"
Root_358,81.054368,41.331990,7,"3;4;7;9;10;11;12"
Root_359,8.590038,17.412278,9,"0;1;2;4;7;9;10;11;12"
Root_360,54.974515,37.690038,8,"1;2;4;7;9;10;11;12"
Root_361,13.919638,22.741878,8,"0;2;4;7;9;10;11;12"
Root_362,87.143200,42.319638,7,"2;4;7;9;10;11;12"
Root_363,9.515958,18.338198,8,"0;1;4;7;9;10;11;12"
Root_364,59.355955,38.615958,7,"1;4;7;9;10;11;12"
Root_365,14.845558,23.667798,7,"0;4;7;9;10;11;12"
Root_366,91.947958,43.245558,6,"4;7;9;10;11;12"
Root_367,7.498678,16.320918,9,"0;1;2;3;7;9;10;11;12"
Root_368,66.257203,37.998678,8,"1;2;3;7;9;10;11;12"
Root_369,14.228278,23.050518,8,"0;2;3;7;9;10;11;12"
Root_370,95.692682,42.628278,7,"2;3;7;9;10;11;12"
Root_371,8.424598,17.246838,8,"0;1;3;7;9;10;11;12"
Root_372,70.638643,38.924598,7,"1;3;7;9;10;11;12"
Root_373,15.182477,23.976438,7,"0;3;7;9;10;11;12"
Root_374,99.880160,43.554198,6,"3;7;9;10;11;12"
Root_375,10.812246,19.634486,8,"0;1;2;7;9;10;11;12"
Root_376,74.664426,39.912246,7,"1;2;7;9;10;11;12"
Root_377,17.157773,24.964086,7,"0;2;7;9;10;11;12"
Root_378,105.968992,44.541846,6,"2;7;9;10;11;12"
Root_379,11.738166,20.560406,7,"0;1;7;9;10;11;12"
Root_380,77.971786,40.838166,6,"1;7;9;10;11;12"
Root_381,19.392195,25.890006,6,"0;7;9;10;11;12"
Root_382,110.202272,45.467766,5,"7;9;10;11;12"
Root_383,5.732032,14.554272,11,"0;1;2;3;4;5;6;9;10;11;12"
Root_384,41.915712,34.832032,10,"1;2;3;4;5;6;9;10;11;12"
Root_385,11.061632,19.883872,10,"0;2;3;4;5;6;9;10;11;12"
Root_386,61.990400,39.461632,9,"2;3;4;5;6;9;10;11;12"
Root_387,6.657952,15.480192,10,"0;1;3;4;5;6;9;10;11;12"
Root_388,46.106944,35.757952,9,"1;3;4;5;6;9;10;11;12"
Root_389,11.987552,20.809792,9,"0;3;4;5;6;9;10;11;12"
Root_390,66.641974,40.387552,8,"3;4;5;6;9;10;11;12"
Root_391,7.645600,16.467840,10,"0;1;2;4;5;6;9;10;11;12"
Root_392,44.748736,36.745600,9,"1;2;4;5;6;9;10;11;12"
Root_393,12.975200,21.797440,9,"0;2;4;5;6;9;10;11;12"
Root_394,73.718454,41.375200,8,"2;4;5;6;9;10;11;12"
Root_395,8.571520,17.393760,9,"0;1;4;5;6;9;10;11;12"
Root_396,48.532736,37.671520,8,"1;4;5;6;9;10;11;12"
Root_397,13.901120,22.723360,8,"0;4;5;6;9;10;11;12"
Root_398,78.877654,42.301120,7,"4;5;6;9;10;11;12"
Root_399,7.954240,16.776480,10,"0;1;2;3;5;6;9;10;11;12"
Root_400,55.722784,37.054240,9,"1;2;3;5;6;9;10;11;12"
Root_401,13.283840,22.106080,9,"0;2;3;5;6;9;10;11;12"
Root_402,83.521014,41.683840,8,"2;3;5;6;9;10;11;12"
Root_403,8.880160,17.702400,9,"0;1;3;5;6;9;10;11;12"
Root_404,59.198144,37.980160,8,"1;3;5;6;9;10;11;12"
Root_405,14.209760,23.032000,8,"0;3;5;6;9;10;11;12"
Root_406,87.754294,42.609760,7,"3;5;6;9;10;11;12"
Root_407,9.867808,18.690048,9,"0;1;2;5;6;9;10;11;12"
Root_408,61.272000,38.967808,8,"1;2;5;6;9;10;11;12"
Root_409,15.268896,24.019648,8,"0;2;5;6;9;10;11;12"
Root_410,94.766454,43.597408,7,"2;5;6;9;10;11;12"
Root_411,10.793728,19.615968,8,"0;1;5;6;9;10;11;12"
Root_412,64.116278,39.893728,7,"1;5;6;9;10;11;12"
Root_413,17.120736,24.945568,7,"0;5;6;9;10;11;12"
Root_414,100.448982,44.523328,6,"5;6;9;10;11;12"
Root_415,7.275232,16.097472,10,"0;1;2;3;4;6;9;10;11;12"
Root_416,50.969728,36.375232,9,"1;2;3;4;6;9;10;11;12"
Root_417,12.604832,21.427072,9,"0;2;3;4;6;9;10;11;12"
Root_418,77.109942,41.004832,8,"2;3;4;6;9;10;11;12"
Root_419,8.201152,17.023392,9,"0;1;3;4;6;9;10;11;12"
Root_420,55.124096,37.301152,8,"1;3;4;6;9;10;11;12"
Root_421,13.530752,22.352992,8,"0;3;4;6;9;10;11;12"
Root_422,81.343222,41.930752,7,"3;4;6;9;10;11;12"
Root_423,9.188800,18.011040,9,"0;1;2;4;6;9;10;11;12"
Root_424,55.839936,38.288800,8,"1;2;4;6;9;10;11;12"
Root_425,14.518400,23.340640,8,"0;2;4;6;9;10;11;12"
Root_426,87.676374,42.918400,7,"2;4;6;9;10;11;12"
Root_427,10.114720,18.936960,8,"0;1;4;6;9;10;11;12"
Root_428,59.006656,39.214720,7,"1;4;6;9;10;11;12"
Root_429,15.762720,24.266560,7,"0;4;6;9;10;11;12"
Root_430,92.835574,43.844320,6,"4;6;9;10;11;12"
Root_431,9.497440,18.319680,9,"0;1;2;3;6;9;10;11;12"
Root_432,67.122624,38.597440,8,"1;2;3;6;9;10;11;12"
Root_433,14.827040,23.649280,8,"0;2;3;6;9;10;11;12"
Root_434,95.935734,43.227040,7,"2;3;6;9;10;11;12"
Root_435,10.423360,19.245600,8,"0;1;3;6;9;10;11;12"
Root_436,69.980704,39.523360,7,"1;3;6;9;10;11;12"
Root_437,16.380000,24.575200,7,"0;3;6;9;10;11;12"
Root_438,100.321974,44.152960,6,"3;6;9;10;11;12"
Root_439,11.411008,20.233248,8,"0;1;2;6;9;10;11;12"
Root_440,74.354518,40.511008,7,"1;2;6;9;10;11;12"
Root_441,18.410720,25.562848,7,"0;2;6;9;10;11;12"
Root_442,107.398454,45.140608,6,"2;6;9;10;11;12"
Root_443,12.336928,21.159168,7,"0;1;6;9;10;11;12"
Root_444,77.661878,41.436928,6,"1;6;9;10;11;12"
Root_445,21.188480,26.488768,6,"0;6;9;10;11;12"
Root_446,112.624182,46.066528,5,"6;9;10;11;12"
Root_447,8.157942,16.980182,10,"0;1;2;3;4;5;9;10;11;12"
Root_448,57.148701,37.257942,9,"1;2;3;4;5;9;10;11;12"
Root_449,13.487542,22.309782,9,"0;2;3;4;5;9;10;11;12"
Root_450,86.054336,41.887542,8,"2;3;4;5;9;10;11;12"
Root_451,9.083862,17.906102,9,"0;1;3;4;5;9;10;11;12"
Root_452,60.604221,38.183862,8,"1;3;4;5;9;10;11;12"
Root_453,14.413462,23.235702,8,"0;3;4;5;9;10;11;12"
Root_454,90.426998,42.813462,7,"3;4;5;9;10;11;12"
Root_455,10.071510,18.893750,9,"0;1;2;4;5;9;10;11;12"
Root_456,62.901619,39.171510,8,"1;2;4;5;9;10;11;12"
Root_457,15.676301,24.223350,8,"0;2;4;5;9;10;11;12"
Root_458,97.503478,43.801110,7,"2;4;5;9;10;11;12"
Root_459,10.997430,19.819670,8,"0;1;4;5;9;10;11;12"
Root_460,66.543328,40.097430,7,"1;4;5;9;10;11;12"
Root_461,17.528141,25.149270,7,"0;4;5;9;10;11;12"
Root_462,103.389709,44.727030,6,"4;5;9;10;11;12"
Root_463,10.380150,19.202390,9,"0;1;2;3;5;9;10;11;12"
Root_464,74.184307,39.480150,8,"1;2;3;5;9;10;11;12"
Root_465,16.293581,24.531990,8,"0;2;3;5;9;10;11;12"
Root_466,104.989878,44.109750,7,"2;3;5;9;10;11;12"
Root_467,11.306070,20.128310,8,"0;1;3;5;9;10;11;12"
Root_468,77.315018,40.406070,7,"1;3;5;9;10;11;12"
Root_469,18.145421,25.457910,7,"0;3;5;9;10;11;12"
Root_470,110.149078,45.035670,6,"3;5;9;10;11;12"
Root_471,12.293718,21.115958,8,"0;1;2;5;9;10;11;12"
Root_472,82.416202,41.393718,7,"1;2;5;9;10;11;12"
Root_473,21.058851,26.445558,7,"0;2;5;9;10;11;12"
Root_474,117.225558,46.023318,6,"2;5;9;10;11;12"
Root_475,13.491117,22.041878,7,"0;1;5;9;10;11;12"
Root_476,85.723562,42.319638,6,"1;5;9;10;11;12"
Root_477,23.836611,27.371478,6,"0;5;9;10;11;12"
Root_478,122.384758,46.949238,5,"5;9;10;11;12"
Root_479,9.701142,18.523382,9,"0;1;2;3;4;9;10;11;12"
Root_480,68.752243,38.801142,8,"1;2;3;4;9;10;11;12"
Root_481,15.030742,23.852982,8,"0;2;3;4;9;10;11;12"
Root_482,98.469056,43.430742,7,"2;3;4;9;10;11;12"
Root_483,10.627062,19.449302,8,"0;1;3;4;9;10;11;12"
Root_484,71.855891,39.727062,7,"1;3;4;9;10;11;12"
Root_485,16.787405,24.778902,7,"0;3;4;9;10;11;12"
Root_486,103.058998,44.356662,6,"3;4;9;10;11;12"
Root_487,11.614710,20.436950,8,"0;1;2;4;9;10;11;12"
Root_488,76.684138,40.714710,7,"1;2;4;9;10;11;12"
Root_489,19.021827,25.766550,7,"0;2;4;9;10;11;12"
Root_490,110.135478,45.344310,6,"2;4;9;10;11;12"
Root_491,12.540630,21.362870,7,"0;1;4;9;10;11;12"
Root_492,79.991498,41.640630,6,"1;4;9;10;11;12"
Root_493,21.799587,26.692470,6,"0;4;9;10;11;12"
Root_494,115.564909,46.270230,5,"4;9;10;11;12"
Root_495,11.923350,20.745590,8,"0;1;2;3;9;10;11;12"
Root_496,86.529907,41.023350,7,"1;2;3;9;10;11;12"
Root_497,19.947747,26.075190,7,"0;2;3;9;10;11;12"
Root_498,115.968928,45.652950,6,"2;3;9;10;11;12"
Root_499,12.849270,21.671510,7,"0;1;3;9;10;11;12"
Root_500,88.911347,41.949270,6,"1;3;9;10;11;12"
Root_501,23.540186,27.001110,6,"0;3;9;10;11;12"
Root_502,120.781078,46.578870,5,"3;9;10;11;12"
Root_503,14.725677,22.659158,7,"0;1;2;9;10;11;12"
Root_504,93.287722,42.936918,6,"1;2;9;10;11;12"
Root_505,25.688451,27.988758,6,"0;2;9;10;11;12"
Root_506,128.990595,47.566518,5,"2;9;10;11;12"
Root_507,16.577517,23.585078,6,"0;1;9;10;11;12"
Root_508,96.595082,43.862838,5,"1;9;10;11;12"
Root_509,28.466211,28.914678,5,"0;9;10;11;12"
Root_510,136.001635,48.492438,4,"9;10;11;12"
Root_511,0.670336,9.492576,12,"0;1;2;3;4;5;6;7;8;10;11;12"
Root_512,17.905952,29.770336,11,"1;2;3;4;5;6;7;8;10;11;12"
Root_513,5.999936,14.822176,11,"0;2;3;4;5;6;7;8;10;11;12"
Root_514,24.519360,34.399936,10,"2;3;4;5;6;7;8;10;11;12"
Root_515,1.596256,10.418496,11,"0;1;3;4;5;6;7;8;10;11;12"
Root_516,21.609632,30.696256,10,"1;3;4;5;6;7;8;10;11;12"
Root_517,6.925856,15.748096,10,"0;3;4;5;6;7;8;10;11;12"
Root_518,29.530272,35.325856,9,"3;4;5;6;7;8;10;11;12"
Root_519,2.583904,11.406144,11,"0;1;2;4;5;6;7;8;10;11;12"
Root_520,20.062752,31.683904,10,"1;2;4;5;6;7;8;10;11;12"
Root_521,7.913504,16.735744,10,"0;2;4;5;6;7;8;10;11;12"
Root_522,29.283168,36.313504,9,"2;4;5;6;7;8;10;11;12"
Root_523,3.509824,12.332064,10,"0;1;4;5;6;7;8;10;11;12"
Root_524,22.840512,32.609824,9,"1;4;5;6;7;8;10;11;12"
Root_525,8.839424,17.661664,9,"0;4;5;6;7;8;10;11;12"
Root_526,35.351104,37.239424,8,"4;5;6;7;8;10;11;12"
Root_527,2.892544,11.714784,11,"0;1;2;3;5;6;7;8;10;11;12"
Root_528,26.794784,31.992544,10,"1;2;3;5;6;7;8;10;11;12"
Root_529,8.222144,17.044384,10,"0;2;3;5;6;7;8;10;11;12"
Root_530,40.874496,36.622144,9,"2;3;5;6;7;8;10;11;12"
Root_531,3.818464,12.640704,10,"0;1;3;5;6;7;8;10;11;12"
Root_532,30.498464,32.918464,9,"1;3;5;6;7;8;10;11;12"
Root_533,9.148064,17.970304,9,"0;3;5;6;7;8;10;11;12"
Root_534,46.633792,37.548064,8,"3;5;6;7;8;10;11;12"
Root_535,4.806112,13.628352,10,"0;1;2;5;6;7;8;10;11;12"
Root_536,26.729376,33.906112,9,"1;2;5;6;7;8;10;11;12"
Root_537,10.135712,18.957952,9,"0;2;5;6;7;8;10;11;12"
Root_538,49.283040,38.535712,8,"2;5;6;7;8;10;11;12"
Root_539,5.732032,14.554272,9,"0;1;5;6;7;8;10;11;12"
Root_540,30.263840,34.832032,8,"1;5;6;7;8;10;11;12"
Root_541,11.061632,19.883872,8,"0;5;6;7;8;10;11;12"
Root_542,53.128768,39.461632,7,"5;6;7;8;10;11;12"
Root_543,2.213536,11.035776,11,"0;1;2;3;4;6;7;8;10;11;12"
Root_544,24.078752,31.313536,10,"1;2;3;4;6;7;8;10;11;12"
Root_545,7.543136,16.365376,10,"0;2;3;4;6;7;8;10;11;12"
Root_546,34.820288,35.943136,9,"2;3;4;6;7;8;10;11;12"
Root_547,3.139456,11.961696,10,"0;1;3;4;6;7;8;10;11;12"
Root_548,27.782432,32.239456,9,"1;3;4;6;7;8;10;11;12"
Root_549,8.469056,17.291296,9,"0;3;4;6;7;8;10;11;12"
Root_550,41.201728,36.869056,8,"3;4;6;7;8;10;11;12"
Root_551,4.127104,12.949344,10,"0;1;2;4;6;7;8;10;11;12"
Root_552,24.692352,33.227104,9,"1;2;4;6;7;8;10;11;12"
Root_553,9.456704,18.278944,9,"0;2;4;6;7;8;10;11;12"
Root_554,43.171968,37.856704,8,"2;4;6;7;8;10;11;12"
Root_555,5.053024,13.875264,9,"0;1;4;6;7;8;10;11;12"
Root_556,27.547808,34.153024,8,"1;4;6;7;8;10;11;12"
Root_557,10.382624,19.204864,8,"0;4;6;7;8;10;11;12"
Root_558,47.696704,38.782624,7,"4;6;7;8;10;11;12"
Root_559,4.435744,13.257984,10,"0;1;2;3;6;7;8;10;11;12"
Root_560,32.967584,33.535744,9,"1;2;3;6;7;8;10;11;12"
Root_561,9.765344,18.587584,9,"0;2;3;6;7;8;10;11;12"
Root_562,54.763296,38.165344,8,"2;3;6;7;8;10;11;12"
Root_563,5.361664,14.183904,9,"0;1;3;6;7;8;10;11;12"
Root_564,37.057600,34.461664,8,"1;3;6;7;8;10;11;12"
Root_565,10.691264,19.513504,8,"0;3;6;7;8;10;11;12"
Root_566,58.979392,39.091264,7,"3;6;7;8;10;11;12"
Root_567,6.349312,15.171552,9,"0;1;2;6;7;8;10;11;12"
Root_568,34.285728,35.449312,8,"1;2;6;7;8;10;11;12"
Root_569,11.678912,20.501152,8,"0;2;6;7;8;10;11;12"
Root_570,63.476662,40.078912,7,"2;6;7;8;10;11;12"
Root_571,7.275232,16.097472,8,"0;1;6;7;8;10;11;12"
Root_572,40.667168,36.375232,7,"1;6;7;8;10;11;12"
Root_573,12.604832,21.427072,7,"0;6;7;8;10;11;12"
Root_574,67.709942,41.004832,6,"6;7;8;10;11;12"
Root_575,3.096246,11.918486,11,"0;1;2;3;4;5;7;8;10;11;12"
Root_576,27.609594,32.196246,10,"1;2;3;4;5;7;8;10;11;12"
Root_577,8.425846,17.248086,10,"0;2;3;4;5;7;8;10;11;12"
Root_578,42.707818,36.825846,9,"2;3;4;5;7;8;10;11;12"
Root_579,4.022166,12.844406,10,"0;1;3;4;5;7;8;10;11;12"
Root_580,31.313274,33.122166,9,"1;3;4;5;7;8;10;11;12"
Root_581,9.351766,18.174006,9,"0;3;4;5;7;8;10;11;12"
Root_582,48.263411,37.751766,8,"3;4;5;7;8;10;11;12"
Root_583,5.009814,13.832054,10,"0;1;2;4;5;7;8;10;11;12"
Root_584,27.374970,34.109814,9,"1;2;4;5;7;8;10;11;12"
Root_585,10.339414,19.161654,9,"0;2;4;5;7;8;10;11;12"
Root_586,51.116362,38.739414,8,"2;4;5;7;8;10;11;12"
Root_587,5.935734,14.757974,9,"0;1;4;5;7;8;10;11;12"
Root_588,31.150118,35.035734,8,"1;4;5;7;8;10;11;12"
Root_589,11.265334,20.087574,8,"0;4;5;7;8;10;11;12"
Root_590,55.154464,39.665334,7,"4;5;7;8;10;11;12"
Root_591,5.318454,14.140694,10,"0;1;2;3;5;7;8;10;11;12"
Root_592,36.841552,34.418454,9,"1;2;3;5;7;8;10;11;12"
Root_593,10.648054,19.470294,9,"0;2;3;5;7;8;10;11;12"
Root_594,62.707690,39.048054,8,"2;3;5;7;8;10;11;12"
Root_595,6.244374,15.066614,9,"0;1;3;5;7;8;10;11;12"
Root_596,41.889501,35.344374,8,"1;3;5;7;8;10;11;12"
Root_597,11.573974,20.396214,8,"0;3;5;7;8;10;11;12"
Root_598,66.358250,39.973974,7,"3;5;7;8;10;11;12"
Root_599,7.232022,16.054262,9,"0;1;2;5;7;8;10;11;12"
Root_600,41.679434,36.332022,8,"1;2;5;7;8;10;11;12"
Root_601,12.561622,21.383862,8,"0;2;5;7;8;10;11;12"
Root_602,72.421056,40.961622,7,"2;5;7;8;10;11;12"
Root_603,8.157942,16.980182,8,"0;1;5;7;8;10;11;12"
Root_604,47.728851,37.257942,7,"1;5;7;8;10;11;12"
Root_605,13.487542,22.309782,7,"0;5;7;8;10;11;12"
Root_606,76.654336,41.887542,6,"5;7;8;10;11;12"
Root_607,4.639446,13.461686,10,"0;1;2;3;4;7;8;10;11;12"
Root_608,33.782394,33.739446,9,"1;2;3;4;7;8;10;11;12"
Root_609,9.969046,18.791286,9,"0;2;3;4;7;8;10;11;12"
Root_610,56.596618,38.369046,8,"2;3;4;7;8;10;11;12"
Root_611,5.565366,14.387606,9,"0;1;3;4;7;8;10;11;12"
Root_612,38.076112,34.665366,8,"1;3;4;7;8;10;11;12"
Root_613,10.894966,19.717206,8,"0;3;4;7;8;10;11;12"
Root_614,60.626186,39.294966,7,"3;4;7;8;10;11;12"
Root_615,6.553014,15.375254,9,"0;1;2;4;7;8;10;11;12"
Root_616,35.915347,35.653014,8,"1;2;4;7;8;10;11;12"
Root_617,11.882614,20.704854,8,"0;2;4;7;8;10;11;12"
Root_618,66.009984,40.282614,7,"2;4;7;8;10;11;12"
Root_619,7.478934,16.301174,8,"0;1;4;7;8;10;11;12"
Root_620,42.296787,36.578934,7,"1;4;7;8;10;11;12"
Root_621,12.808534,21.630774,7,"0;4;7;8;10;11;12"
Root_622,70.243264,41.208534,6,"4;7;8;10;11;12"
Root_623,6.861654,15.683894,9,"0;1;2;3;7;8;10;11;12"
Root_624,47.198035,35.961654,8,"1;2;3;7;8;10;11;12"
Root_625,12.191254,21.013494,8,"0;2;3;7;8;10;11;12"
Root_626,76.596490,40.591254,7,"2;3;7;8;10;11;12"
Root_627,7.787574,16.609814,8,"0;1;3;7;8;10;11;12"
Root_628,53.579475,36.887574,7,"1;3;7;8;10;11;12"
Root_629,13.117174,21.939414,7,"0;3;7;8;10;11;12"
Root_630,79.903850,41.517174,6,"3;7;8;10;11;12"
Root_631,8.775222,17.597462,8,"0;1;2;7;8;10;11;12"
Root_632,55.568234,37.875222,7,"1;2;7;8;10;11;12"
Root_633,14.104822,22.927062,7,"0;2;7;8;10;11;12"
Root_634,85.005034,42.504822,6,"2;7;8;10;11;12"
Root_635,9.701142,18.523382,7,"0;1;7;8;10;11;12"
Root_636,60.074451,38.801142,6,"1;7;8;10;11;12"
Root_637,15.030742,23.852982,6,"0;7;8;10;11;12"
Root_638,89.069056,43.430742,5,"7;8;10;11;12"
Root_639,3.695008,12.517248,11,"0;1;2;3;4;5;6;8;10;11;12"
Root_640,30.004640,32.795008,10,"1;2;3;4;5;6;8;10;11;12"
Root_641,9.024608,17.846848,10,"0;2;3;4;5;6;8;10;11;12"
Root_642,44.747392,37.424608,9,"2;3;4;5;6;8;10;11;12"
Root_643,4.620928,13.443168,10,"0;1;3;4;5;6;8;10;11;12"
Root_644,33.708320,33.720928,9,"1;3;4;5;6;8;10;11;12"
Root_645,9.950528,18.772768,9,"0;3;4;5;6;8;10;11;12"
Root_646,48.778304,38.350528,8,"3;4;5;6;8;10;11;12"
Root_647,5.608576,14.430816,10,"0;1;2;4;5;6;8;10;11;12"
Root_648,29.136768,34.708576,9,"1;2;4;5;6;8;10;11;12"
Root_649,10.938176,19.760416,9,"0;2;4;5;6;8;10;11;12"
Root_650,51.302752,39.338176,8,"2;4;5;6;8;10;11;12"
Root_651,6.534496,15.356736,9,"0;1;4;5;6;8;10;11;12"
Root_652,33.547616,35.634496,8,"1;4;5;6;8;10;11;12"
Root_653,11.864096,20.686336,8,"0;4;5;6;8;10;11;12"
Root_654,55.707414,40.264096,7,"4;5;6;8;10;11;12"
Root_655,5.917216,14.739456,10,"0;1;2;3;5;6;8;10;11;12"
Root_656,38.953824,35.017216,9,"1;2;3;5;6;8;10;11;12"
Root_657,11.246816,20.069056,9,"0;2;3;5;6;8;10;11;12"
Root_658,62.525056,39.646816,8,"2;3;5;6;8;10;11;12"
Root_659,6.843136,15.665376,9,"0;1;3;5;6;8;10;11;12"
Root_660,44.213024,35.943136,8,"1;3;5;6;8;10;11;12"
Root_661,12.172736,20.994976,8,"0;3;5;6;8;10;11;12"
Root_662,66.621078,40.572736,7,"3;5;6;8;10;11;12"
Root_663,7.830784,16.653024,9,"0;1;2;5;6;8;10;11;12"
Root_664,44.212832,36.930784,8,"1;2;5;6;8;10;11;12"
Root_665,13.160384,21.982624,8,"0;2;5;6;8;10;11;12"
Root_666,72.709910,41.560384,7,"2;5;6;8;10;11;12"
Root_667,8.756704,17.578944,8,"0;1;5;6;8;10;11;12"
Root_668,48.737568,37.856704,7,"1;5;6;8;10;11;12"
Root_669,14.086304,22.908544,7,"0;5;6;8;10;11;12"
Root_670,76.943190,42.486304,6,"5;6;8;10;11;12"
Root_671,5.238208,14.060448,10,"0;1;2;3;4;6;8;10;11;12"
Root_672,36.177440,34.338208,9,"1;2;3;4;6;8;10;11;12"
Root_673,10.567808,19.390048,9,"0;2;3;4;6;8;10;11;12"
Root_674,57.092992,38.967808,8,"2;3;4;6;8;10;11;12"
Root_675,6.164128,14.986368,9,"0;1;3;4;6;8;10;11;12"
Root_676,40.145248,35.264128,8,"1;3;4;6;8;10;11;12"
Root_677,11.493728,20.315968,8,"0;3;4;6;8;10;11;12"
Root_678,60.316278,39.893728,7,"3;4;6;8;10;11;12"
Root_679,7.151776,15.974016,9,"0;1;2;4;6;8;10;11;12"
Root_680,38.780768,36.251776,8,"1;2;4;6;8;10;11;12"
Root_681,12.481376,21.303616,8,"0;2;4;6;8;10;11;12"
Root_682,66.298838,40.881376,7,"2;4;6;8;10;11;12"
Root_683,8.077696,16.899936,8,"0;1;4;6;8;10;11;12"
Root_684,43.984512,37.177696,7,"1;4;6;8;10;11;12"
Root_685,13.407296,22.229536,7,"0;4;6;8;10;11;12"
Root_686,70.532118,41.807296,6,"4;6;8;10;11;12"
Root_687,7.460416,16.282656,9,"0;1;2;3;6;8;10;11;12"
Root_688,50.063456,36.560416,8,"1;2;3;6;8;10;11;12"
Root_689,12.790016,21.612256,8,"0;2;3;6;8;10;11;12"
Root_690,76.286582,41.190016,7,"2;3;6;8;10;11;12"
Root_691,8.386336,17.208576,8,"0;1;3;6;8;10;11;12"
Root_692,54.958560,37.486336,7,"1;3;6;8;10;11;12"
Root_693,13.715936,22.538176,7,"0;3;6;8;10;11;12"
Root_694,79.593942,42.115936,6,"3;6;8;10;11;12"
Root_695,9.373984,18.196224,8,"0;1;2;6;8;10;11;12"
Root_696,56.558432,38.473984,7,"1;2;6;8;10;11;12"
Root_697,14.703584,23.525824,7,"0;2;6;8;10;11;12"
Root_698,85.124630,43.103584,6,"2;6;8;10;11;12"
Root_699,10.299904,19.122144,7,"0;1;6;8;10;11;12"
Root_700,59.539968,39.399904,6,"1;6;8;10;11;12"
Root_701,16.133088,24.451744,6,"0;6;8;10;11;12"
Root_702,89.387414,44.029504,5,"6;8;10;11;12"
Root_703,6.120918,14.943158,10,"0;1;2;3;4;5;8;10;11;12"
Root_704,40.176038,35.220918,9,"1;2;3;4;5;8;10;11;12"
Root_705,11.450518,20.272758,9,"0;2;3;4;5;8;10;11;12"
Root_706,64.921120,39.850518,8,"2;3;4;5;8;10;11;12"
Root_707,7.046838,15.869078,9,"0;1;3;4;5;8;10;11;12"
Root_708,45.582077,36.146838,8,"1;3;4;5;8;10;11;12"
Root_709,12.376438,21.198678,8,"0;3;4;5;8;10;11;12"
Root_710,69.154400,40.776438,7,"3;4;5;8;10;11;12"
Root_711,8.034486,16.856726,9,"0;1;2;4;5;8;10;11;12"
Root_712,45.842451,37.134486,8,"1;2;4;5;8;10;11;12"
Root_713,13.364086,22.186326,8,"0;2;4;5;8;10;11;12"
Root_714,75.243232,41.764086,7,"2;4;5;8;10;11;12"
Root_715,8.960406,17.782646,8,"0;1;4;5;8;10;11;12"
Root_716,50.163485,38.060406,7,"1;4;5;8;10;11;12"
Root_717,14.290006,23.112246,7,"0;4;5;8;10;11;12"
Root_718,79.492438,42.690006,6,"4;5;8;10;11;12"
Root_719,8.343126,17.165366,9,"0;1;2;3;5;8;10;11;12"
Root_720,57.125139,37.443126,8,"1;2;3;5;8;10;11;12"
Root_721,13.672726,22.494966,8,"0;2;3;5;8;10;11;12"
Root_722,84.348266,42.072726,7,"2;3;5;8;10;11;12"
Root_723,9.269046,18.091286,8,"0;1;3;5;8;10;11;12"
Root_724,61.137533,38.369046,7,"1;3;5;8;10;11;12"
Root_725,14.598646,23.420886,7,"0;3;5;8;10;11;12"
Root_726,87.980192,42.998646,6,"3;5;8;10;11;12"
Root_727,10.256694,19.078934,8,"0;1;2;5;8;10;11;12"
Root_728,63.620115,39.356694,7,"1;2;5;8;10;11;12"
Root_729,16.046669,24.408534,7,"0;2;5;8;10;11;12"
Root_730,94.069024,43.986294,6,"2;5;8;10;11;12"
Root_731,11.182614,20.004854,7,"0;1;5;8;10;11;12"
Root_732,66.627370,40.282614,6,"1;5;8;10;11;12"
Root_733,17.898509,25.334454,6,"0;5;8;10;11;12"
Root_734,99.214518,44.912214,5,"5;8;10;11;12"
Root_735,7.664118,16.486358,9,"0;1;2;3;4;8;10;11;12"
Root_736,51.693075,36.764118,8,"1;2;3;4;8;10;11;12"
Root_737,12.993718,21.815958,8,"0;2;3;4;8;10;11;12"
Root_738,78.616202,41.393718,7,"2;3;4;8;10;11;12"
Root_739,8.590038,17.412278,8,"0;1;3;4;8;10;11;12"
Root_740,56.384477,37.690038,7,"1;3;4;8;10;11;12"
Root_741,13.919638,22.741878,7,"0;3;4;8;10;11;12"
Root_742,81.923562,42.319638,6,"3;4;8;10;11;12"
Root_743,9.577686,18.399926,8,"0;1;2;4;8;10;11;12"
Root_744,58.188051,38.677686,7,"1;2;4;8;10;11;12"
Root_745,14.907286,23.729526,7,"0;2;4;8;10;11;12"
Root_746,87.657952,43.307286,6,"2;4;8;10;11;12"
Root_747,10.503606,19.325846,7,"0;1;4;8;10;11;12"
Root_748,61.291699,39.603606,6,"1;4;8;10;11;12"
Root_749,16.540493,24.655446,6,"0;4;8;10;11;12"
Root_750,92.124438,44.233206,5,"4;8;10;11;12"
Root_751,9.886326,18.708566,8,"0;1;2;3;8;10;11;12"
Root_752,69.470739,38.986326,7,"1;2;3;8;10;11;12"
Root_753,15.305933,24.038166,7,"0;2;3;8;10;11;12"
Root_754,95.219786,43.615926,6,"2;3;8;10;11;12"
Root_755,10.812246,19.634486,7,"0;1;3;8;10;11;12"
Root_756,71.939933,39.912246,6,"1;3;8;10;11;12"
Root_757,17.157773,24.964086,6,"0;3;8;10;11;12"
Root_758,99.068992,44.541846,5,"3;8;10;11;12"
Root_759,11.799894,20.622134,7,"0;1;2;8;10;11;12"
Root_760,75.965715,40.899894,6,"1;2;8;10;11;12"
Root_761,19.133069,25.951734,6,"0;2;8;10;11;12"
Root_762,105.157824,45.529494,5,"2;8;10;11;12"
Root_763,12.725814,21.548054,6,"0;1;8;10;11;12"
Root_764,78.347155,41.825814,5,"1;8;10;11;12"
Root_765,20.984909,26.877654,5,"0;8;10;11;12"
Root_766,109.846518,46.455414,4,"8;10;11;12"
Root_767,5.299936,14.122176,11,"0;1;2;3;4;5;6;7;10;11;12"
Root_768,31.619424,34.399936,10,"1;2;3;4;5;6;7;10;11;12"
Root_769,10.629536,19.451776,10,"0;2;3;4;5;6;7;10;11;12"
Root_770,53.811424,39.029536,9,"2;3;4;5;6;7;10;11;12"
Root_771,6.225856,15.048096,10,"0;1;3;4;5;6;7;10;11;12"
Root_772,35.704416,35.325856,9,"1;3;4;5;6;7;10;11;12"
Root_773,11.555456,20.377696,9,"0;3;4;5;6;7;10;11;12"
Root_774,58.321014,39.955456,8,"3;4;5;6;7;10;11;12"
Root_775,7.213504,16.035744,10,"0;1;2;4;5;6;7;10;11;12"
Root_776,34.469664,36.313504,9,"1;2;4;5;6;7;10;11;12"
Root_777,12.543104,21.365344,9,"0;2;4;5;6;7;10;11;12"
Root_778,66.340598,40.943104,8,"2;4;5;6;7;10;11;12"
Root_779,8.139424,16.961664,9,"0;1;4;5;6;7;10;11;12"
Root_780,39.611680,37.239424,8,"1;4;5;6;7;10;11;12"
Root_781,13.469024,22.291264,8,"0;4;5;6;7;10;11;12"
Root_782,72.425718,41.869024,7,"4;5;6;7;10;11;12"
Root_783,7.522144,16.344384,10,"0;1;2;3;5;6;7;10;11;12"
Root_784,45.752352,36.622144,9,"1;2;3;5;6;7;10;11;12"
Root_785,12.851744,21.673984,9,"0;2;3;5;6;7;10;11;12"
Root_786,76.883894,41.251744,8,"2;3;5;6;7;10;11;12"
Root_787,8.448064,17.270304,9,"0;1;3;5;6;7;10;11;12"
Root_788,50.585728,37.548064,8,"1;3;5;6;7;10;11;12"
Root_789,13.777664,22.599904,8,"0;3;5;6;7;10;11;12"
Root_790,82.043094,42.177664,7,"3;5;6;7;10;11;12"
Root_791,9.435712,18.257952,9,"0;1;2;5;6;7;10;11;12"
Root_792,52.783040,38.535712,8,"1;2;5;6;7;10;11;12"
Root_793,14.765312,23.587552,8,"0;2;5;6;7;10;11;12"
Root_794,89.610806,43.165312,7,"2;5;6;7;10;11;12"
Root_795,10.361632,19.183872,8,"0;1;5;6;7;10;11;12"
Root_796,56.628768,39.461632,7,"1;5;6;7;10;11;12"
Root_797,16.256544,24.513472,7,"0;5;6;7;10;11;12"
Root_798,95.695926,44.091232,6,"5;6;7;10;11;12"
Root_799,6.843136,15.665376,10,"0;1;2;3;4;6;7;10;11;12"
Root_800,40.377152,35.943136,9,"1;2;3;4;6;7;10;11;12"
Root_801,12.172736,20.994976,9,"0;2;3;4;6;7;10;11;12"
Root_802,69.793814,40.572736,8,"2;3;4;6;7;10;11;12"
Root_803,7.769056,16.591296,9,"0;1;3;4;6;7;10;11;12"
Root_804,45.832672,36.869056,8,"1;3;4;6;7;10;11;12"
Root_805,13.098656,21.920896,8,"0;3;4;6;7;10;11;12"
Root_806,74.953014,41.498656,7,"3;4;6;7;10;11;12"
Root_807,8.756704,17.578944,9,"0;1;2;4;6;7;10;11;12"
Root_808,46.815264,37.856704,8,"1;2;4;6;7;10;11;12"
Root_809,14.086304,22.908544,8,"0;2;4;6;7;10;11;12"
Root_810,82.029494,42.486304,7,"2;4;6;7;10;11;12"
Root_811,9.682624,18.504864,8,"0;1;4;6;7;10;11;12"
Root_812,51.196704,38.782624,7,"1;4;6;7;10;11;12"
Root_813,15.012224,23.834464,7,"0;4;6;7;10;11;12"
Root_814,87.926838,43.412224,6,"4;6;7;10;11;12"
Root_815,9.065344,17.887584,9,"0;1;2;3;6;7;10;11;12"
Root_816,58.263296,38.165344,8,"1;2;3;6;7;10;11;12"
Root_817,14.394944,23.217184,8,"0;2;3;6;7;10;11;12"
Root_818,90.841814,42.794944,7,"2;3;6;7;10;11;12"
Root_819,9.991264,18.813504,8,"0;1;3;6;7;10;11;12"
Root_820,62.479392,39.091264,7,"1;3;6;7;10;11;12"
Root_821,15.515808,24.143104,7,"0;3;6;7;10;11;12"
Root_822,96.001014,43.720864,6,"3;6;7;10;11;12"
Root_823,10.978912,19.801152,8,"0;1;2;6;7;10;11;12"
Root_824,66.976662,40.078912,7,"1;2;6;7;10;11;12"
Root_825,17.491104,25.130752,7,"0;2;6;7;10;11;12"
Root_826,103.077494,44.708512,6,"2;6;7;10;11;12"
Root_827,11.904832,20.727072,7,"0;1;6;7;10;11;12"
Root_828,71.209942,41.004832,6,"1;6;7;10;11;12"
Root_829,19.342944,26.056672,6,"0;6;7;10;11;12"
Root_830,108.236694,45.634432,5,"6;7;10;11;12"
Root_831,7.725846,16.548086,10,"0;1;2;3;4;5;7;10;11;12"
Root_832,47.381971,36.825846,9,"1;2;3;4;5;7;10;11;12"
Root_833,13.055446,21.877686,9,"0;2;3;4;5;7;10;11;12"
Root_834,79.620918,41.455446,8,"2;3;4;5;7;10;11;12"
Root_835,8.651766,17.474006,9,"0;1;3;4;5;7;10;11;12"
Root_836,52.011645,37.751766,8,"1;3;4;5;7;10;11;12"
Root_837,13.981366,22.803606,8,"0;3;4;5;7;10;11;12"
Root_838,84.780118,42.381366,7,"3;4;5;7;10;11;12"
Root_839,9.639414,18.461654,9,"0;1;2;4;5;7;10;11;12"
Root_840,54.616362,38.739414,8,"1;2;4;5;7;10;11;12"
Root_841,14.969014,23.791254,8,"0;2;4;5;7;10;11;12"
Root_842,92.551533,43.369014,7,"2;4;5;7;10;11;12"
Root_843,10.565334,19.387574,8,"0;1;4;5;7;10;11;12"
Root_844,58.654464,39.665334,7,"1;4;5;7;10;11;12"
Root_845,16.663949,24.717174,7,"0;4;5;7;10;11;12"
Root_846,98.636653,44.294934,6,"4;5;7;10;11;12"
Root_847,9.948054,18.770294,9,"0;1;2;3;5;7;10;11;12"
Root_848,66.207690,39.048054,8,"1;2;3;5;7;10;11;12"
Root_849,15.429389,24.099894,8,"0;2;3;5;7;10;11;12"
Root_850,100.668918,43.677654,7,"2;3;5;7;10;11;12"
Root_851,10.873974,19.696214,8,"0;1;3;5;7;10;11;12"
Root_852,69.858250,39.973974,7,"1;3;5;7;10;11;12"
Root_853,17.281229,25.025814,7,"0;3;5;7;10;11;12"
Root_854,105.828118,44.603574,6,"3;5;7;10;11;12"
Root_855,11.861622,20.683862,8,"0;1;2;5;7;10;11;12"
Root_856,75.921056,40.961622,7,"1;2;5;7;10;11;12"
Root_857,19.256525,26.013462,7,"0;2;5;7;10;11;12"
Root_858,112.904598,45.591222,6,"2;5;7;10;11;12"
Root_859,12.787542,21.609782,7,"0;1;5;7;10;11;12"
Root_860,80.154336,41.887542,6,"1;5;7;10;11;12"
Root_861,21.108365,26.939382,6,"0;5;7;10;11;12"
Root_862,118.063798,46.517142,5,"5;7;10;11;12"
Root_863,9.269046,18.091286,9,"0;1;2;3;4;7;10;11;12"
Root_864,60.096618,38.369046,8,"1;2;3;4;7;10;11;12"
Root_865,14.598646,23.420886,8,"0;2;3;4;7;10;11;12"
Root_866,93.578838,42.998646,7,"2;3;4;7;10;11;12"
Root_867,10.194966,19.017206,8,"0;1;3;4;7;10;11;12"
Root_868,64.126186,39.294966,7,"1;3;4;7;10;11;12"
Root_869,15.923213,24.346806,7,"0;3;4;7;10;11;12"
Root_870,98.738038,43.924566,6,"3;4;7;10;11;12"
Root_871,11.182614,20.004854,8,"0;1;2;4;7;10;11;12"
Root_872,69.509984,40.282614,7,"1;2;4;7;10;11;12"
Root_873,17.898509,25.334454,7,"0;2;4;7;10;11;12"
Root_874,105.814518,44.912214,6,"2;4;7;10;11;12"
Root_875,12.108534,20.930774,7,"0;1;4;7;10;11;12"
Root_876,73.743264,41.208534,6,"1;4;7;10;11;12"
Root_877,19.750349,26.260374,6,"0;4;7;10;11;12"
Root_878,110.973718,45.838134,5,"4;7;10;11;12"
Root_879,11.491254,20.313494,8,"0;1;2;3;7;10;11;12"
Root_880,80.096490,40.591254,7,"1;2;3;7;10;11;12"
Root_881,18.515789,25.643094,7,"0;2;3;7;10;11;12"
Root_882,112.080064,45.220854,6,"2;3;7;10;11;12"
Root_883,12.417174,21.239414,7,"0;1;3;7;10;11;12"
Root_884,83.403850,41.517174,6,"1;3;7;10;11;12"
Root_885,20.750211,26.569014,6,"0;3;7;10;11;12"
Root_886,116.460118,46.146774,5,"3;7;10;11;12"
Root_887,13.861485,22.227062,7,"0;1;2;7;10;11;12"
Root_888,88.505034,42.504822,6,"1;2;7;10;11;12"
Root_889,22.342925,27.556662,6,"0;2;7;10;11;12"
Root_890,123.805443,47.134422,5,"2;7;10;11;12"
Root_891,15.713325,23.152982,6,"0;1;7;10;11;12"
Root_892,92.569056,43.430742,5,"1;7;10;11;12"
Root_893,24.194765,28.482582,5,"0;7;10;11;12"
Root_894,130.816483,48.060342,4,"7;10;11;12"
Root_895,8.324608,17.146848,10,"0;1;2;3;4;5;6;10;11;12"
Root_896,48.822784,37.424608,9,"1;2;3;4;5;6;10;11;12"
Root_897,13.654208,22.476448,9,"0;2;3;4;5;6;10;11;12"
Root_898,80.508534,42.054208,8,"2;3;4;5;6;10;11;12"
Root_899,9.250528,18.072768,9,"0;1;3;4;5;6;10;11;12"
Root_900,52.278304,38.350528,8,"1;3;4;5;6;10;11;12"
Root_901,14.580128,23.402368,8,"0;3;4;5;6;10;11;12"
Root_902,85.973782,42.980128,7,"3;4;5;6;10;11;12"
Root_903,10.238176,19.060416,9,"0;1;2;4;5;6;10;11;12"
Root_904,54.802752,39.338176,8,"1;2;4;5;6;10;11;12"
Root_905,16.009632,24.390016,8,"0;2;4;5;6;10;11;12"
Root_906,94.037910,43.967776,7,"2;4;5;6;10;11;12"
Root_907,11.164096,19.986336,8,"0;1;4;5;6;10;11;12"
Root_908,59.207414,40.264096,7,"1;4;5;6;10;11;12"
Root_909,17.861472,25.315936,7,"0;4;5;6;10;11;12"
Root_910,101.016726,44.893696,6,"4;5;6;10;11;12"
Root_911,10.546816,19.369056,9,"0;1;2;3;5;6;10;11;12"
Root_912,66.025056,39.646816,8,"1;2;3;5;6;10;11;12"
Root_913,16.626912,24.698656,8,"0;2;3;5;6;10;11;12"
Root_914,101.832950,44.276416,7,"2;3;5;6;10;11;12"
Root_915,11.472736,20.294976,8,"0;1;3;5;6;10;11;12"
Root_916,70.121078,40.572736,7,"1;3;5;6;10;11;12"
Root_917,18.478752,25.624576,7,"0;3;5;6;10;11;12"
Root_918,107.918070,45.202336,6,"3;5;6;10;11;12"
Root_919,12.460384,21.282624,8,"0;1;2;5;6;10;11;12"
Root_920,76.209910,41.560384,7,"1;2;5;6;10;11;12"
Root_921,20.454048,26.612224,7,"0;2;5;6;10;11;12"
Root_922,115.982198,46.189984,6,"2;5;6;10;11;12"
Root_923,13.824448,22.208544,7,"0;1;5;6;10;11;12"
Root_924,80.443190,42.486304,6,"1;5;6;10;11;12"
Root_925,22.305888,27.538144,6,"0;5;6;10;11;12"
Root_926,122.183222,47.115904,5,"5;6;10;11;12"
Root_927,9.867808,18.690048,9,"0;1;2;3;4;6;10;11;12"
Root_928,60.592992,38.967808,8,"1;2;3;4;6;10;11;12"
Root_929,15.268896,24.019648,8,"0;2;3;4;6;10;11;12"
Root_930,94.466454,43.597408,7,"2;3;4;6;10;11;12"
Root_931,10.793728,19.615968,8,"0;1;3;4;6;10;11;12"
Root_932,63.816278,39.893728,7,"1;3;4;6;10;11;12"
Root_933,17.120736,24.945568,7,"0;3;4;6;10;11;12"
Root_934,100.148982,44.523328,6,"3;4;6;10;11;12"
Root_935,11.781376,20.603616,8,"0;1;2;4;6;10;11;12"
Root_936,69.798838,40.881376,7,"1;2;4;6;10;11;12"
Root_937,19.096032,25.933216,7,"0;2;4;6;10;11;12"
Root_938,108.213110,45.510976,6,"2;4;6;10;11;12"
Root_939,12.707296,21.529536,7,"0;1;4;6;10;11;12"
Root_940,74.032118,41.807296,6,"1;4;6;10;11;12"
Root_941,20.947872,26.859136,6,"0;4;6;10;11;12"
Root_942,114.735126,46.436896,5,"4;6;10;11;12"
Root_943,12.090016,20.912256,8,"0;1;2;3;6;10;11;12"
Root_944,79.786582,41.190016,7,"1;2;3;6;10;11;12"
Root_945,19.768736,26.241856,7,"0;2;3;6;10;11;12"
Root_946,114.188534,45.819616,6,"2;3;6;10;11;12"
Root_947,13.083712,21.838176,7,"0;1;3;6;10;11;12"
Root_948,83.093942,42.115936,6,"1;3;6;10;11;12"
Root_949,22.546496,27.167776,6,"0;3;6;10;11;12"
Root_950,120.093270,46.745536,5,"3;6;10;11;12"
Root_951,15.059008,22.825824,7,"0;1;2;6;10;11;12"
Root_952,88.624630,43.103584,6,"1;2;6;10;11;12"
Root_953,23.540448,28.155424,6,"0;2;6;10;11;12"
Root_954,128.890582,47.733184,5,"2;6;10;11;12"
Root_955,16.910848,23.751744,6,"0;1;6;10;11;12"
Root_956,92.887414,44.029504,5,"1;6;10;11;12"
Root_957,25.392288,29.081344,5,"0;6;10;11;12"
Root_958,135.901622,48.659104,4,"6;10;11;12"
Root_959,10.750518,19.572758,9,"0;1;2;3;4;5;10;11;12"
Root_960,68.421120,39.850518,8,"1;2;3;4;5;10;11;12"
Root_961,17.034317,24.902358,8,"0;2;3;4;5;10;11;12"
Root_962,104.773677,44.480118,7,"2;3;4;5;10;11;12"
Root_963,11.676438,20.498678,8,"0;1;3;4;5;10;11;12"
Root_964,72.654400,40.776438,7,"1;3;4;5;10;11;12"
Root_965,18.886157,25.828278,7,"0;3;4;5;10;11;12"
Root_966,110.858797,45.406038,6,"3;4;5;10;11;12"
Root_967,12.664086,21.486326,8,"0;1;2;4;5;10;11;12"
Root_968,78.743232,41.764086,7,"1;2;4;5;10;11;12"
Root_969,20.861453,26.815926,7,"0;2;4;5;10;11;12"
Root_970,118.922925,46.393686,6,"2;4;5;10;11;12"
Root_971,14.231853,22.412246,7,"0;1;4;5;10;11;12"
Root_972,82.992438,42.690006,6,"1;4;5;10;11;12"
Root_973,22.713293,27.741846,6,"0;4;5;10;11;12"
Root_974,125.327651,47.319606,5,"4;5;10;11;12"
Root_975,12.997293,21.794966,8,"0;1;2;3;5;10;11;12"
Root_976,87.848266,42.072726,7,"1;2;3;5;10;11;12"
Root_977,22.416867,27.124566,7,"0;2;3;5;10;11;12"
Root_978,124.015638,46.702326,6,"2;3;5;10;11;12"
Root_979,14.849133,22.720886,7,"0;1;3;5;10;11;12"
Root_980,91.480192,42.998646,6,"1;3;5;10;11;12"
Root_981,25.194627,28.050486,6,"0;3;5;10;11;12"
Root_982,130.431331,47.628246,5,"3;5;10;11;12"
Root_983,16.824429,23.708534,7,"0;1;2;5;10;11;12"
Root_984,97.569024,43.986294,6,"1;2;5;10;11;12"
Root_985,25.305869,29.038134,6,"0;2;5;10;11;12"
Root_986,139.483107,48.615894,5,"2;5;10;11;12"
Root_987,19.362563,24.634454,6,"0;1;5;10;11;12"
Root_988,102.714518,44.912214,5,"1;5;10;11;12"
Root_989,27.157709,29.964054,5,"0;5;10;11;12"
Root_990,146.494147,49.541814,4,"5;10;11;12"
Root_991,12.293718,21.115958,8,"0;1;2;3;4;10;11;12"
Root_992,82.116202,41.393718,7,"1;2;3;4;10;11;12"
Root_993,20.379843,26.445558,7,"0;2;3;4;10;11;12"
Root_994,116.948877,46.023318,6,"2;3;4;10;11;12"
Root_995,13.491117,22.041878,7,"0;1;3;4;10;11;12"
Root_996,85.423562,42.319638,6,"1;3;4;10;11;12"
Root_997,23.157603,27.371478,6,"0;3;4;10;11;12"
Root_998,123.033997,46.949238,5,"3;4;10;11;12"
Root_999,15.466413,23.029526,7,"0;1;2;4;10;11;12"
Root_1000,91.157952,43.307286,6,"1;2;4;10;11;12"
Root_1001,23.947853,28.359126,6,"0;2;4;10;11;12"
Root_1002,132.035011,47.936886,5,"2;4;10;11;12"
Root_1003,17.325539,23.955446,6,"0;1;4;10;11;12"
Root_1004,95.624438,44.233206,5,"1;4;10;11;12"
Root_1005,25.799693,29.285046,5,"0;4;10;11;12"
Root_1006,139.046051,48.862806,4,"4;10;11;12"
Root_1007,16.083693,23.338166,7,"0;1;2;3;10;11;12"
Root_1008,98.719786,43.615926,6,"1;2;3;10;11;12"
Root_1009,27.046467,28.667766,6,"0;2;3;10;11;12"
Root_1010,137.138691,48.245526,5,"2;3;10;11;12"
Root_1011,18.251459,24.264086,6,"0;1;3;10;11;12"
Root_1012,102.568992,44.541846,5,"1;3;10;11;12"
Root_1013,29.824227,29.593686,5,"0;3;10;11;12"
Root_1014,144.149731,49.171446,4,"3;10;11;12"
Root_1015,21.214403,25.251734,6,"0;1;2;10;11;12"
Root_1016,108.657824,45.529494,5,"1;2;10;11;12"
Root_1017,28.392269,30.581334,5,"0;2;10;11;12"
Root_1018,153.201507,50.159094,4,"2;10;11;12"
Root_1019,23.992163,26.177654,5,"0;1;10;11;12"
Root_1020,113.346518,46.455414,4,"1;10;11;12"
Root_1021,30.244109,31.507254,4,"0;10;11;12"
Root_1022,160.212547,51.085014,3,"10;11;12"
Root_1023,0.000000,4.325920,12,"0;1;2;3;4;5;6;7;8;9;11;12"
Root_1024,15.002304,28.103680,11,"1;2;3;4;5;6;7;8;9;11;12"
Root_1025,4.333280,13.155520,11,"0;2;3;4;5;6;7;8;9;11;12"
Root_1026,26.020704,32.733280,10,"2;3;4;5;6;7;8;9;11;12"
Root_1027,0.000000,5.951840,11,"0;1;3;4;5;6;7;8;9;11;12"
Root_1028,18.705984,29.029600,10,"1;3;4;5;6;7;8;9;11;12"
Root_1029,5.259200,14.081440,10,"0;3;4;5;6;7;8;9;11;12"
Root_1030,29.724384,33.659200,9,"3;4;5;6;7;8;9;11;12"
Root_1031,0.917248,9.739488,11,"0;1;2;4;5;6;7;8;9;11;12"
Root_1032,19.572608,30.017248,10,"1;2;4;5;6;7;8;9;11;12"
Root_1033,6.246848,15.069088,10,"0;2;4;5;6;7;8;9;11;12"
Root_1034,26.432928,34.646848,9,"2;4;5;6;7;8;9;11;12"
Root_1035,1.843168,10.665408,10,"0;1;4;5;6;7;8;9;11;12"
Root_1036,23.276288,30.943168,9,"1;4;5;6;7;8;9;11;12"
Root_1037,7.172768,15.995008,9,"0;4;5;6;7;8;9;11;12"
Root_1038,31.937664,35.572768,8,"4;5;6;7;8;9;11;12"
Root_1039,0.000000,8.648128,11,"0;1;2;3;5;6;7;8;9;11;12"
Root_1040,24.946624,30.325888,10,"1;2;3;5;6;7;8;9;11;12"
Root_1041,6.555488,15.377728,10,"0;2;3;5;6;7;8;9;11;12"
Root_1042,36.745184,34.955488,9,"2;3;5;6;7;8;9;11;12"
Root_1043,0.751808,9.574048,10,"0;1;3;5;6;7;8;9;11;12"
Root_1044,29.576224,31.251808,9,"1;3;5;6;7;8;9;11;12"
Root_1045,7.481408,16.303648,9,"0;3;5;6;7;8;9;11;12"
Root_1046,42.911712,35.881408,8,"3;5;6;7;8;9;11;12"
Root_1047,3.139456,11.961696,10,"0;1;2;5;6;7;8;9;11;12"
Root_1048,28.461440,32.239456,9,"1;2;5;6;7;8;9;11;12"
Root_1049,8.469056,17.291296,9,"0;2;5;6;7;8;9;11;12"
Root_1050,43.775712,36.869056,8,"2;5;6;7;8;9;11;12"
Root_1051,4.065376,12.887616,9,"0;1;5;6;7;8;9;11;12"
Root_1052,32.165120,33.165376,8,"1;5;6;7;8;9;11;12"
Root_1053,9.394976,18.217216,8,"0;5;6;7;8;9;11;12"
Root_1054,49.288096,37.794976,7,"5;6;7;8;9;11;12"
Root_1055,0.000000,7.269120,11,"0;1;2;3;4;6;7;8;9;11;12"
Root_1056,21.551584,29.646880,10,"1;2;3;4;6;7;8;9;11;12"
Root_1057,5.876480,14.698720,10,"0;2;3;4;6;7;8;9;11;12"
Root_1058,32.671136,34.276480,9,"2;3;4;6;7;8;9;11;12"
Root_1059,0.000000,8.195040,10,"0;1;3;4;6;7;8;9;11;12"
Root_1060,26.181184,30.572800,9,"1;3;4;6;7;8;9;11;12"
Root_1061,6.802400,15.624640,9,"0;3;4;6;7;8;9;11;12"
Root_1062,38.226656,35.202400,8,"3;4;6;7;8;9;11;12"
Root_1063,2.460448,11.282688,10,"0;1;2;4;6;7;8;9;11;12"
Root_1064,25.745408,31.560448,9,"1;2;4;6;7;8;9;11;12"
Root_1065,7.790048,16.612288,9,"0;2;4;6;7;8;9;11;12"
Root_1066,37.664640,36.190048,8,"2;4;6;7;8;9;11;12"
Root_1067,3.386368,12.208608,9,"0;1;4;6;7;8;9;11;12"
Root_1068,29.449088,32.486368,8,"1;4;6;7;8;9;11;12"
Root_1069,8.715968,17.538208,8,"0;4;6;7;8;9;11;12"
Root_1070,43.856032,37.115968,7,"4;6;7;8;9;11;12"
Root_1071,1.369088,10.191328,10,"0;1;2;3;6;7;8;9;11;12"
Root_1072,32.662624,31.869088,9,"1;2;3;6;7;8;9;11;12"
Root_1073,8.098688,16.920928,9,"0;2;3;6;7;8;9;11;12"
Root_1074,49.255968,36.498688,8,"2;3;6;7;8;9;11;12"
Root_1075,2.295008,11.117248,9,"0;1;3;6;7;8;9;11;12"
Root_1076,37.292224,32.795008,8,"1;3;6;7;8;9;11;12"
Root_1077,9.024608,17.846848,8,"0;3;6;7;8;9;11;12"
Root_1078,55.138720,37.424608,7,"3;6;7;8;9;11;12"
Root_1079,4.682656,13.504896,9,"0;1;2;6;7;8;9;11;12"
Root_1080,34.634240,33.782656,8,"1;2;6;7;8;9;11;12"
Root_1081,10.012256,18.834496,8,"0;2;6;7;8;9;11;12"
Root_1082,57.664512,38.412256,7,"2;6;7;8;9;11;12"
Root_1083,5.608576,14.430816,8,"0;1;6;7;8;9;11;12"
Root_1084,38.971168,34.708576,7,"1;6;7;8;9;11;12"
Root_1085,10.938176,19.760416,7,"0;6;7;8;9;11;12"
Root_1086,61.633696,39.338176,6,"6;7;8;9;11;12"
Root_1087,0.000000,8.151830,11,"0;1;2;3;4;5;7;8;9;11;12"
Root_1088,25.965136,30.529590,10,"1;2;3;4;5;7;8;9;11;12"
Root_1089,6.759190,15.581430,10,"0;2;3;4;5;7;8;9;11;12"
Root_1090,38.152509,35.159190,9,"2;3;4;5;7;8;9;11;12"
Root_1091,0.255510,9.077750,10,"0;1;3;4;5;7;8;9;11;12"
Root_1092,30.594736,31.455510,9,"1;3;4;5;7;8;9;11;12"
Root_1093,7.685110,16.507350,9,"0;3;4;5;7;8;9;11;12"
Root_1094,44.422739,36.085110,8,"3;4;5;7;8;9;11;12"
Root_1095,3.343158,12.165398,10,"0;1;2;4;5;7;8;9;11;12"
Root_1096,29.276250,32.443158,9,"1;2;4;5;7;8;9;11;12"
Root_1097,8.672758,17.494998,9,"0;2;4;5;7;8;9;11;12"
Root_1098,45.609034,37.072758,8,"2;4;5;7;8;9;11;12"
Root_1099,4.269078,13.091318,9,"0;1;4;5;7;8;9;11;12"
Root_1100,32.979930,33.369078,8,"1;4;5;7;8;9;11;12"
Root_1101,9.598678,18.420918,8,"0;4;5;7;8;9;11;12"
Root_1102,50.917715,37.998678,7,"4;5;7;8;9;11;12"
Root_1103,2.251798,11.074038,10,"0;1;2;3;5;7;8;9;11;12"
Root_1104,37.076176,32.751798,9,"1;2;3;5;7;8;9;11;12"
Root_1105,8.981398,17.803638,9,"0;2;3;5;7;8;9;11;12"
Root_1106,57.200362,37.381398,8,"2;3;5;7;8;9;11;12"
Root_1107,3.177718,11.999958,9,"0;1;3;5;7;8;9;11;12"
Root_1108,41.705776,33.677718,8,"1;3;5;7;8;9;11;12"
Root_1109,9.907318,18.729558,8,"0;3;5;7;8;9;11;12"
Root_1110,62.200403,38.307318,7,"3;5;7;8;9;11;12"
Root_1111,5.565366,14.387606,9,"0;1;2;5;7;8;9;11;12"
Root_1112,38.755120,34.665366,8,"1;2;5;7;8;9;11;12"
Root_1113,10.894966,19.717206,8,"0;2;5;7;8;9;11;12"
Root_1114,65.608906,39.294966,7,"2;5;7;8;9;11;12"
Root_1115,6.491286,15.313526,8,"0;1;5;7;8;9;11;12"
Root_1116,44.296893,35.591286,7,"1;5;7;8;9;11;12"
Root_1117,11.820886,20.643126,7,"0;5;7;8;9;11;12"
Root_1118,69.480352,40.220886,6,"5;7;8;9;11;12"
Root_1119,0.872790,9.695030,10,"0;1;2;3;4;7;8;9;11;12"
Root_1120,33.681136,32.072790,9,"1;2;3;4;7;8;9;11;12"
Root_1121,8.302390,17.124630,9,"0;2;3;4;7;8;9;11;12"
Root_1122,51.089290,36.702390,8,"2;3;4;7;8;9;11;12"
Root_1123,1.798710,10.620950,9,"0;1;3;4;7;8;9;11;12"
Root_1124,38.310736,32.998710,8,"1;3;4;7;8;9;11;12"
Root_1125,9.228310,18.050550,8,"0;3;4;7;8;9;11;12"
Root_1126,56.768339,37.628310,7,"3;4;7;8;9;11;12"
Root_1127,4.886358,13.708598,9,"0;1;2;4;7;8;9;11;12"
Root_1128,35.449050,33.986358,8,"1;2;4;7;8;9;11;12"
Root_1129,10.215958,19.038198,8,"0;2;4;7;8;9;11;12"
Root_1130,59.497834,38.615958,7,"2;4;7;8;9;11;12"
Root_1131,5.812278,14.634518,8,"0;1;4;7;8;9;11;12"
Root_1132,39.989680,34.912278,7,"1;4;7;8;9;11;12"
Root_1133,11.141878,19.964118,7,"0;4;7;8;9;11;12"
Root_1134,63.527402,39.541878,6,"4;7;8;9;11;12"
Root_1135,3.794998,12.617238,9,"0;1;2;3;7;8;9;11;12"
Root_1136,45.011846,34.294998,8,"1;2;3;7;8;9;11;12"
Root_1137,10.524598,19.346838,8,"0;2;3;7;8;9;11;12"
Root_1138,71.089162,38.924598,7,"2;3;7;8;9;11;12"
Root_1139,4.720918,13.543158,8,"0;1;3;7;8;9;11;12"
Root_1140,50.567366,35.220918,7,"1;3;7;8;9;11;12"
Root_1141,11.450518,20.272758,7,"0;3;7;8;9;11;12"
Root_1142,74.546003,39.850518,6,"3;7;8;9;11;12"
Root_1143,7.108566,15.930806,8,"0;1;2;7;8;9;11;12"
Root_1144,50.060906,36.208566,7,"1;2;7;8;9;11;12"
Root_1145,12.438166,21.260406,7,"0;2;7;8;9;11;12"
Root_1146,79.497706,40.838166,6,"2;7;8;9;11;12"
Root_1147,8.034486,16.856726,7,"0;1;7;8;9;11;12"
Root_1148,56.233779,37.134486,6,"1;7;8;9;11;12"
Root_1149,13.364086,22.186326,6,"0;7;8;9;11;12"
Root_1150,82.805066,41.764086,5,"7;8;9;11;12"
Root_1151,2.028352,10.850592,11,"0;1;2;3;4;5;6;8;9;11;12"
Root_1152,28.958944,31.128352,10,"1;2;3;4;5;6;8;9;11;12"
Root_1153,7.357952,16.180192,10,"0;2;3;4;5;6;8;9;11;12"
Root_1154,41.148768,35.757952,9,"2;3;4;5;6;8;9;11;12"
Root_1155,2.954272,11.776512,10,"0;1;3;4;5;6;8;9;11;12"
Root_1156,33.588544,32.054272,9,"1;3;4;5;6;8;9;11;12"
Root_1157,8.283872,17.106112,9,"0;3;4;5;6;8;9;11;12"
Root_1158,46.604288,36.683872,8,"3;4;5;6;8;9;11;12"
Root_1159,3.941920,12.764160,10,"0;1;2;4;5;6;8;9;11;12"
Root_1160,31.671296,33.041920,9,"1;2;4;5;6;8;9;11;12"
Root_1161,9.271520,18.093760,9,"0;2;4;5;6;8;9;11;12"
Root_1162,47.401696,37.671520,8,"2;4;5;6;8;9;11;12"
Root_1163,4.867840,13.690080,9,"0;1;4;5;6;8;9;11;12"
Root_1164,35.374976,33.967840,8,"1;4;5;6;8;9;11;12"
Root_1165,10.197440,19.019680,8,"0;4;5;6;8;9;11;12"
Root_1166,51.185696,38.597440,7,"4;5;6;8;9;11;12"
Root_1167,4.250560,13.072800,10,"0;1;2;3;5;6;8;9;11;12"
Root_1168,40.069984,33.350560,9,"1;2;3;5;6;8;9;11;12"
Root_1169,9.580160,18.402400,9,"0;2;3;5;6;8;9;11;12"
Root_1170,58.684384,37.980160,8,"2;3;5;6;8;9;11;12"
Root_1171,5.176480,13.998720,9,"0;1;3;5;6;8;9;11;12"
Root_1172,44.699584,34.276480,8,"1;3;5;6;8;9;11;12"
Root_1173,10.506080,19.328320,8,"0;3;5;6;8;9;11;12"
Root_1174,62.159744,38.906080,7,"3;5;6;8;9;11;12"
Root_1175,6.164128,14.986368,9,"0;1;2;5;6;8;9;11;12"
Root_1176,41.114304,35.264128,8,"1;2;5;6;8;9;11;12"
Root_1177,11.493728,20.315968,8,"0;2;5;6;8;9;11;12"
Root_1178,65.535926,39.893728,7,"2;5;6;8;9;11;12"
Root_1179,7.090048,15.912288,8,"0;1;5;6;8;9;11;12"
Root_1180,46.563552,36.190048,7,"1;5;6;8;9;11;12"
Root_1181,12.419648,21.241888,7,"0;5;6;8;9;11;12"
Root_1182,69.769206,40.819648,6,"5;6;8;9;11;12"
Root_1183,3.571552,12.393792,10,"0;1;2;3;4;6;8;9;11;12"
Root_1184,36.674944,32.671552,9,"1;2;3;4;6;8;9;11;12"
Root_1185,8.901152,17.723392,9,"0;2;3;4;6;8;9;11;12"
Root_1186,53.252320,37.301152,8,"2;3;4;6;8;9;11;12"
Root_1187,4.497472,13.319712,9,"0;1;3;4;6;8;9;11;12"
Root_1188,41.304544,33.597472,8,"1;3;4;6;8;9;11;12"
Root_1189,9.827072,18.649312,8,"0;3;4;6;8;9;11;12"
Root_1190,57.406688,38.227072,7,"3;4;6;8;9;11;12"
Root_1191,5.485120,14.307360,9,"0;1;2;4;6;8;9;11;12"
Root_1192,37.844096,34.585120,8,"1;2;4;6;8;9;11;12"
Root_1193,10.814720,19.636960,8,"0;2;4;6;8;9;11;12"
Root_1194,59.747296,39.214720,7,"2;4;6;8;9;11;12"
Root_1195,6.411040,15.233280,8,"0;1;4;6;8;9;11;12"
Root_1196,42.299456,35.511040,7,"1;4;6;8;9;11;12"
Root_1197,11.740640,20.562880,7,"0;4;6;8;9;11;12"
Root_1198,63.358134,40.140640,6,"4;6;8;9;11;12"
Root_1199,5.793760,14.616000,9,"0;1;2;3;6;8;9;11;12"
Root_1200,47.785984,34.893760,8,"1;2;3;6;8;9;11;12"
Root_1201,11.123360,19.945600,8,"0;2;3;6;8;9;11;12"
Root_1202,71.029984,39.523360,7,"2;3;6;8;9;11;12"
Root_1203,6.719680,15.541920,8,"0;1;3;6;8;9;11;12"
Root_1204,52.964864,35.819680,7,"1;3;6;8;9;11;12"
Root_1205,12.049280,20.871520,7,"0;3;6;8;9;11;12"
Root_1206,74.086614,40.449280,6,"3;6;8;9;11;12"
Root_1207,7.707328,16.529568,8,"0;1;2;6;8;9;11;12"
Root_1208,52.717760,36.807328,7,"1;2;6;8;9;11;12"
Root_1209,13.036928,21.859168,7,"0;2;6;8;9;11;12"
Root_1210,79.187798,41.436928,6,"2;6;8;9;11;12"
Root_1211,8.633248,17.455488,7,"0;1;6;8;9;11;12"
Root_1212,57.365952,37.733248,6,"1;6;8;9;11;12"
Root_1213,13.962848,22.785088,6,"0;6;8;9;11;12"
Root_1214,82.495158,42.362848,5,"6;8;9;11;12"
Root_1215,4.454262,13.276502,10,"0;1;2;3;4;5;8;9;11;12"
Root_1216,41.088496,33.554262,9,"1;2;3;4;5;8;9;11;12"
Root_1217,9.783862,18.606102,9,"0;2;3;4;5;8;9;11;12"
Root_1218,60.314003,38.183862,8,"2;3;4;5;8;9;11;12"
Root_1219,5.380182,14.202422,9,"0;1;3;4;5;8;9;11;12"
Root_1220,45.718096,34.480182,8,"1;3;4;5;8;9;11;12"
Root_1221,10.709782,19.532022,8,"0;3;4;5;8;9;11;12"
Root_1222,63.585661,39.109782,7,"3;4;5;8;9;11;12"
Root_1223,6.367830,15.190070,9,"0;1;2;4;5;8;9;11;12"
Root_1224,42.533949,35.467830,8,"1;2;4;5;8;9;11;12"
Root_1225,11.697430,20.519670,8,"0;2;4;5;8;9;11;12"
Root_1226,68.069248,40.097430,7,"2;4;5;8;9;11;12"
Root_1227,7.293750,16.115990,8,"0;1;4;5;8;9;11;12"
Root_1228,47.989469,36.393750,7,"1;4;5;8;9;11;12"
Root_1229,12.623350,21.445590,7,"0;4;5;8;9;11;12"
Root_1230,72.302528,41.023350,6,"4;5;8;9;11;12"
Root_1231,6.676470,15.498710,9,"0;1;2;3;5;8;9;11;12"
Root_1232,53.507997,35.776470,8,"1;2;3;5;8;9;11;12"
Root_1233,12.006070,20.828310,8,"0;2;3;5;8;9;11;12"
Root_1234,78.840938,40.406070,7,"2;3;5;8;9;11;12"
Root_1235,7.602390,16.424630,8,"0;1;3;5;8;9;11;12"
Root_1236,58.963517,36.702390,7,"1;3;5;8;9;11;12"
Root_1237,12.931990,21.754230,7,"0;3;5;8;9;11;12"
Root_1238,82.148298,41.331990,6,"3;5;8;9;11;12"
Root_1239,8.590038,17.412278,8,"0;1;2;5;8;9;11;12"
Root_1240,59.779443,37.690038,7,"1;2;5;8;9;11;12"
Root_1241,13.919638,22.741878,7,"0;2;5;8;9;11;12"
Root_1242,87.249482,42.319638,6,"2;5;8;9;11;12"
Root_1243,9.515958,18.338198,7,"0;1;5;8;9;11;12"
Root_1244,63.544925,38.615958,6,"1;5;8;9;11;12"
Root_1245,14.845558,23.667798,6,"0;5;8;9;11;12"
Root_1246,90.556842,43.245558,5,"5;8;9;11;12"
Root_1247,5.997462,14.819702,9,"0;1;2;3;4;8;9;11;12"
Root_1248,48.927878,35.097462,8,"1;2;3;4;8;9;11;12"
Root_1249,11.327062,20.149302,8,"0;2;3;4;8;9;11;12"
Root_1250,73.108874,39.727062,7,"2;3;4;8;9;11;12"
Root_1251,6.923382,15.745622,8,"0;1;3;4;8;9;11;12"
Root_1252,54.210461,36.023382,7,"1;3;4;8;9;11;12"
Root_1253,12.252982,21.075222,7,"0;3;4;8;9;11;12"
Root_1254,76.416234,40.652982,6,"3;4;8;9;11;12"
Root_1255,7.911030,16.733270,8,"0;1;2;4;8;9;11;12"
Root_1256,54.347379,37.011030,7,"1;2;4;8;9;11;12"
Root_1257,13.240630,22.062870,7,"0;2;4;8;9;11;12"
Root_1258,81.517418,41.640630,6,"2;4;8;9;11;12"
Root_1259,8.836950,17.659190,7,"0;1;4;8;9;11;12"
Root_1260,58.791869,37.936950,6,"1;4;8;9;11;12"
Root_1261,14.166550,22.988790,6,"0;4;8;9;11;12"
Root_1262,84.824778,42.566550,5,"4;8;9;11;12"
Root_1263,8.219670,17.041910,8,"0;1;2;3;8;9;11;12"
Root_1264,65.630067,37.319670,7,"1;2;3;8;9;11;12"
Root_1265,13.549270,22.371510,7,"0;2;3;8;9;11;12"
Root_1266,90.437267,41.949270,6,"2;3;8;9;11;12"
Root_1267,9.145590,17.967830,7,"0;1;3;8;9;11;12"
Root_1268,69.765917,38.245590,6,"1;3;8;9;11;12"
Root_1269,14.475190,23.297430,6,"0;3;8;9;11;12"
Root_1270,92.818707,42.875190,5,"3;8;9;11;12"
Root_1271,10.133238,18.955478,7,"0;1;2;8;9;11;12"
Root_1272,72.125043,39.233238,6,"1;2;8;9;11;12"
Root_1273,15.799757,24.285078,6,"0;2;8;9;11;12"
Root_1274,96.932243,43.862838,5,"2;8;9;11;12"
Root_1275,11.059158,19.881398,6,"0;1;8;9;11;12"
Root_1276,74.506483,40.159158,5,"1;8;9;11;12"
Root_1277,17.651597,25.210998,5,"0;8;9;11;12"
Root_1278,100.102442,44.788758,4,"8;9;11;12"
Root_1279,0.833280,9.655520,11,"0;1;2;3;4;5;6;7;9;11;12"
Root_1280,33.520704,32.733280,10,"1;2;3;4;5;6;7;9;11;12"
Root_1281,8.962880,17.785120,10,"0;2;3;4;5;6;7;9;11;12"
Root_1282,48.941216,37.362880,9,"2;3;4;5;6;7;9;11;12"
Root_1283,1.759200,10.581440,10,"0;1;3;4;5;6;7;9;11;12"
Root_1284,37.224384,33.659200,9,"1;3;4;5;6;7;9;11;12"
Root_1285,9.888800,18.711040,9,"0;3;4;5;6;7;9;11;12"
Root_1286,53.322656,38.288800,8,"3;4;5;6;7;9;11;12"
Root_1287,5.546848,14.369088,10,"0;1;2;4;5;6;7;9;11;12"
Root_1288,33.286080,34.646848,9,"1;2;4;5;6;7;9;11;12"
Root_1289,10.876448,19.698688,9,"0;2;4;5;6;7;9;11;12"
Root_1290,56.712640,39.276448,8,"2;4;5;6;7;9;11;12"
Root_1291,6.472768,15.295008,9,"0;1;4;5;6;7;9;11;12"
Root_1292,37.864896,35.572768,8,"1;4;5;6;7;9;11;12"
Root_1293,11.802368,20.624608,8,"0;4;5;6;7;9;11;12"
Root_1294,61.918422,40.202368,7,"4;5;6;7;9;11;12"
Root_1295,4.455488,13.277728,10,"0;1;2;3;5;6;7;9;11;12"
Root_1296,43.289696,34.955488,9,"1;2;3;5;6;7;9;11;12"
Root_1297,11.185088,20.007328,9,"0;2;3;5;6;7;9;11;12"
Root_1298,68.303968,39.585088,8,"2;3;5;6;7;9;11;12"
Root_1299,5.381408,14.203648,9,"0;1;3;5;6;7;9;11;12"
Root_1300,48.530304,35.881408,8,"1;3;5;6;7;9;11;12"
Root_1301,12.111008,20.933248,8,"0;3;5;6;7;9;11;12"
Root_1302,73.202454,40.511008,7,"3;5;6;7;9;11;12"
Root_1303,7.769056,16.591296,9,"0;1;2;5;6;7;9;11;12"
Root_1304,48.406656,36.869056,8,"1;2;5;6;7;9;11;12"
Root_1305,13.098656,21.920896,8,"0;2;5;6;7;9;11;12"
Root_1306,80.278934,41.498656,7,"2;5;6;7;9;11;12"
Root_1307,8.694976,17.517216,8,"0;1;5;6;7;9;11;12"
Root_1308,52.993120,37.794976,7,"1;5;6;7;9;11;12"
Root_1309,14.024576,22.846816,7,"0;5;6;7;9;11;12"
Root_1310,85.438134,42.424576,6,"5;6;7;9;11;12"
Root_1311,3.076480,11.898720,10,"0;1;2;3;4;6;7;9;11;12"
Root_1312,39.894656,34.276480,9,"1;2;3;4;6;7;9;11;12"
Root_1313,10.506080,19.328320,9,"0;2;3;4;6;7;9;11;12"
Root_1314,62.192896,38.906080,8,"2;3;4;6;7;9;11;12"
Root_1315,4.002400,12.824640,9,"0;1;3;4;6;7;9;11;12"
Root_1316,44.524256,35.202400,8,"1;3;4;6;7;9;11;12"
Root_1317,11.432000,20.254240,8,"0;3;4;6;7;9;11;12"
Root_1318,66.280374,39.832000,7,"3;4;6;7;9;11;12"
Root_1319,7.090048,15.912288,9,"0;1;2;4;6;7;9;11;12"
Root_1320,42.974592,36.190048,8,"1;2;4;6;7;9;11;12"
Root_1321,12.419648,21.241888,8,"0;2;4;6;7;9;11;12"
Root_1322,73.188854,40.819648,7,"2;4;6;7;9;11;12"
Root_1323,8.015968,16.838208,8,"0;1;4;6;7;9;11;12"
Root_1324,48.240064,37.115968,7,"1;4;6;7;9;11;12"
Root_1325,13.345568,22.167808,7,"0;4;6;7;9;11;12"
Root_1326,78.348054,41.745568,6,"4;6;7;9;11;12"
Root_1327,5.998688,14.820928,9,"0;1;2;3;6;7;9;11;12"
Root_1328,54.257280,36.498688,8,"1;2;3;6;7;9;11;12"
Root_1329,12.728288,21.550528,8,"0;2;3;6;7;9;11;12"
Root_1330,83.546966,41.128288,7,"2;3;6;7;9;11;12"
Root_1331,6.924608,15.746848,8,"0;1;3;6;7;9;11;12"
Root_1332,59.214112,37.424608,7,"1;3;6;7;9;11;12"
Root_1333,13.654208,22.476448,7,"0;3;6;7;9;11;12"
Root_1334,87.780246,42.054208,6,"3;6;7;9;11;12"
Root_1335,9.312256,18.134496,8,"0;1;2;6;7;9;11;12"
Root_1336,61.164512,38.412256,7,"1;2;6;7;9;11;12"
Root_1337,14.641856,23.464096,7,"0;2;6;7;9;11;12"
Root_1338,93.869078,43.041856,6,"2;6;7;9;11;12"
Root_1339,10.238176,19.060416,7,"0;1;6;7;9;11;12"
Root_1340,65.133696,39.338176,6,"1;6;7;9;11;12"
Root_1341,16.009632,24.390016,6,"0;6;7;9;11;12"
Root_1342,98.102358,43.967776,5,"6;7;9;11;12"
Root_1343,3.959190,12.781430,10,"0;1;2;3;4;5;7;9;11;12"
Root_1344,44.493318,35.159190,9,"1;2;3;4;5;7;9;11;12"
Root_1345,11.388790,20.211030,9,"0;2;3;4;5;7;9;11;12"
Root_1346,70.780278,39.788790,8,"2;3;4;5;7;9;11;12"
Root_1347,4.885110,13.707350,9,"0;1;3;4;5;7;9;11;12"
Root_1348,49.837629,36.085110,8,"1;3;4;5;7;9;11;12"
Root_1349,12.314710,21.136950,8,"0;3;4;5;7;9;11;12"
Root_1350,75.939478,40.714710,7,"3;4;5;7;9;11;12"
Root_1351,7.972758,16.794998,9,"0;1;2;4;5;7;9;11;12"
Root_1352,50.036275,37.072758,8,"1;2;4;5;7;9;11;12"
Root_1353,13.302358,22.124598,8,"0;2;4;5;7;9;11;12"
Root_1354,83.015958,41.702358,7,"2;4;5;7;9;11;12"
Root_1355,8.898678,17.720918,8,"0;1;4;5;7;9;11;12"
Root_1356,54.419037,37.998678,7,"1;4;5;7;9;11;12"
Root_1357,14.228278,23.050518,7,"0;4;5;7;9;11;12"
Root_1358,88.175158,42.628278,6,"4;5;7;9;11;12"
Root_1359,6.881398,15.703638,9,"0;1;2;3;5;7;9;11;12"
Root_1360,61.318963,37.381398,8,"1;2;3;5;7;9;11;12"
Root_1361,13.610998,22.433238,8,"0;2;3;5;7;9;11;12"
Root_1362,92.491360,42.010998,7,"2;3;5;7;9;11;12"
Root_1363,7.807318,16.629558,8,"0;1;3;5;7;9;11;12"
Root_1364,65.700403,38.307318,7,"1;3;5;7;9;11;12"
Root_1365,14.536918,23.359158,7,"0;3;5;7;9;11;12"
Root_1366,96.724640,42.936918,6,"3;5;7;9;11;12"
Root_1367,10.194966,19.017206,8,"0;1;2;5;7;9;11;12"
Root_1368,69.108906,39.294966,7,"1;2;5;7;9;11;12"
Root_1369,15.923213,24.346806,7,"0;2;5;7;9;11;12"
Root_1370,102.813472,43.924566,6,"2;5;7;9;11;12"
Root_1371,11.120886,19.943126,7,"0;1;5;7;9;11;12"
Root_1372,72.980352,40.220886,6,"1;5;7;9;11;12"
Root_1373,17.775053,25.272726,6,"0;5;7;9;11;12"
Root_1374,107.046752,44.850486,5,"5;7;9;11;12"
Root_1375,5.502390,14.324630,9,"0;1;2;3;4;7;9;11;12"
Root_1376,55.886899,36.702390,8,"1;2;3;4;7;9;11;12"
Root_1377,12.931990,21.754230,8,"0;2;3;4;7;9;11;12"
Root_1378,86.080288,41.331990,7,"2;3;4;7;9;11;12"
Root_1379,6.428310,15.250550,8,"0;1;3;4;7;9;11;12"
Root_1380,60.640029,37.628310,7,"1;3;4;7;9;11;12"
Root_1381,13.857910,22.680150,7,"0;3;4;7;9;11;12"
Root_1382,90.313568,42.257910,6,"3;4;7;9;11;12"
Root_1383,9.515958,18.338198,8,"0;1;2;4;7;9;11;12"
Root_1384,62.997834,38.615958,7,"1;2;4;7;9;11;12"
Root_1385,14.845558,23.667798,7,"0;2;4;7;9;11;12"
Root_1386,96.402400,43.245558,6,"2;4;7;9;11;12"
Root_1387,10.441878,19.264118,7,"0;1;4;7;9;11;12"
Root_1388,67.027402,39.541878,6,"1;4;7;9;11;12"
Root_1389,16.417037,24.593718,6,"0;4;7;9;11;12"
Root_1390,100.635680,44.171478,5,"4;7;9;11;12"
Root_1391,8.424598,17.246838,8,"0;1;2;3;7;9;11;12"
Root_1392,74.589162,38.924598,7,"1;2;3;7;9;11;12"
Root_1393,15.182477,23.976438,7,"0;2;3;7;9;11;12"
Root_1394,104.025962,43.554198,6,"2;3;7;9;11;12"
Root_1395,9.350518,18.172758,7,"0;1;3;7;9;11;12"
Root_1396,78.046003,39.850518,6,"1;3;7;9;11;12"
Root_1397,17.034317,24.902358,6,"0;3;7;9;11;12"
Root_1398,107.333322,44.480118,5,"3;7;9;11;12"
Root_1399,11.738166,20.560406,7,"0;1;2;7;9;11;12"
Root_1400,82.997706,40.838166,6,"1;2;7;9;11;12"
Root_1401,19.392195,25.890006,6,"0;2;7;9;11;12"
Root_1402,112.434506,45.467766,5,"2;7;9;11;12"
Root_1403,12.664086,21.486326,6,"0;1;7;9;11;12"
Root_1404,86.305066,41.764086,5,"1;7;9;11;12"
Root_1405,22.169955,26.815926,5,"0;7;9;11;12"
Root_1406,116.135552,46.393686,4,"7;9;11;12"
Root_1407,6.657952,15.480192,10,"0;1;2;3;4;5;6;9;11;12"
Root_1408,46.890816,35.757952,9,"1;2;3;4;5;6;9;11;12"
Root_1409,11.987552,20.809792,9,"0;2;3;4;5;6;9;11;12"
Root_1410,71.667894,40.387552,8,"2;3;4;5;6;9;11;12"
Root_1411,7.583872,16.406112,9,"0;1;3;4;5;6;9;11;12"
Root_1412,51.420416,36.683872,8,"1;3;4;5;6;9;11;12"
Root_1413,12.913472,21.735712,8,"0;3;4;5;6;9;11;12"
Root_1414,76.827094,41.313472,7,"3;4;5;6;9;11;12"
Root_1415,8.571520,17.393760,9,"0;1;2;4;5;6;9;11;12"
Root_1416,51.230176,37.671520,8,"1;2;4;5;6;9;11;12"
Root_1417,13.901120,22.723360,8,"0;2;4;5;6;9;11;12"
Root_1418,83.903574,42.301120,7,"2;4;5;6;9;11;12"
Root_1419,9.497440,18.319680,8,"0;1;4;5;6;9;11;12"
Root_1420,54.685696,38.597440,7,"1;4;5;6;9;11;12"
Root_1421,14.827040,23.649280,7,"0;4;5;6;9;11;12"
Root_1422,89.062774,43.227040,6,"4;5;6;9;11;12"
Root_1423,8.880160,17.702400,9,"0;1;2;3;5;6;9;11;12"
Root_1424,62.204224,37.980160,8,"1;2;3;5;6;9;11;12"
Root_1425,14.209760,23.032000,8,"0;2;3;5;6;9;11;12"
Root_1426,92.780214,42.609760,7,"2;3;5;6;9;11;12"
Root_1427,9.806080,18.628320,8,"0;1;3;5;6;9;11;12"
Root_1428,65.659744,38.906080,7,"1;3;5;6;9;11;12"
Root_1429,15.145440,23.957920,7,"0;3;5;6;9;11;12"
Root_1430,97.013494,43.535680,6,"3;5;6;9;11;12"
Root_1431,10.793728,19.615968,8,"0;1;2;5;6;9;11;12"
Root_1432,69.035926,39.893728,7,"1;2;5;6;9;11;12"
Root_1433,17.120736,24.945568,7,"0;2;5;6;9;11;12"
Root_1434,103.625654,44.523328,6,"2;5;6;9;11;12"
Root_1435,11.719648,20.541888,7,"0;1;5;6;9;11;12"
Root_1436,73.269206,40.819648,6,"1;5;6;9;11;12"
Root_1437,19.336640,25.871488,6,"0;5;6;9;11;12"
Root_1438,108.784854,45.449248,5,"5;6;9;11;12"
Root_1439,8.201152,17.023392,9,"0;1;2;3;4;6;9;11;12"
Root_1440,57.451168,37.301152,8,"1;2;3;4;6;9;11;12"
Root_1441,13.530752,22.352992,8,"0;2;3;4;6;9;11;12"
Root_1442,86.369142,41.930752,7,"2;3;4;6;9;11;12"
Root_1443,9.127072,17.949312,8,"0;1;3;4;6;9;11;12"
Root_1444,60.906688,38.227072,7,"1;3;4;6;9;11;12"
Root_1445,14.456672,23.278912,7,"0;3;4;6;9;11;12"
Root_1446,90.602422,42.856672,6,"3;4;6;9;11;12"
Root_1447,10.114720,18.936960,8,"0;1;2;4;6;9;11;12"
Root_1448,63.247296,39.214720,7,"1;2;4;6;9;11;12"
Root_1449,15.762720,24.266560,7,"0;2;4;6;9;11;12"
Root_1450,96.691254,43.844320,6,"2;4;6;9;11;12"
Root_1451,11.040640,19.862880,7,"0;1;4;6;9;11;12"
Root_1452,66.858134,40.140640,6,"1;4;6;9;11;12"
Root_1453,17.614560,25.192480,6,"0;4;6;9;11;12"
Root_1454,101.694774,44.770240,5,"4;6;9;11;12"
Root_1455,10.423360,19.245600,8,"0;1;2;3;6;9;11;12"
Root_1456,74.529984,39.523360,7,"1;2;3;6;9;11;12"
Root_1457,16.380000,24.575200,7,"0;2;3;6;9;11;12"
Root_1458,103.869014,44.152960,6,"2;3;6;9;11;12"
Root_1459,11.349280,20.171520,7,"0;1;3;6;9;11;12"
Root_1460,77.586614,40.449280,6,"1;3;6;9;11;12"
Root_1461,18.231840,25.501120,6,"0;3;6;9;11;12"
Root_1462,108.102294,45.078880,5,"3;6;9;11;12"
Root_1463,12.336928,21.159168,7,"0;1;2;6;9;11;12"
Root_1464,82.687798,41.436928,6,"1;2;6;9;11;12"
Root_1465,21.188480,26.488768,6,"0;2;6;9;11;12"
Root_1466,114.257654,46.066528,5,"2;6;9;11;12"
Root_1467,13.577536,22.085088,6,"0;1;6;9;11;12"
Root_1468,85.995158,42.362848,5,"1;6;9;11;12"
Root_1469,23.966240,27.414688,5,"0;6;9;11;12"
Root_1470,119.416854,46.992448,4,"6;9;11;12"
Root_1471,9.083862,17.906102,9,"0;1;2;3;4;5;9;11;12"
Root_1472,63.814003,38.183862,8,"1;2;3;4;5;9;11;12"
Root_1473,14.413462,23.235702,8,"0;2;3;4;5;9;11;12"
Root_1474,95.313536,42.813462,7,"2;3;4;5;9;11;12"
Root_1475,10.009782,18.832022,8,"0;1;3;4;5;9;11;12"
Root_1476,67.085661,39.109782,7,"1;3;4;5;9;11;12"
Root_1477,15.552845,24.161622,7,"0;3;4;5;9;11;12"
Root_1478,99.546816,43.739382,6,"3;4;5;9;11;12"
Root_1479,10.997430,19.819670,8,"0;1;2;4;5;9;11;12"
Root_1480,71.569248,40.097430,7,"1;2;4;5;9;11;12"
Root_1481,17.528141,25.149270,7,"0;2;4;5;9;11;12"
Root_1482,106.362678,44.727030,6,"2;4;5;9;11;12"
Root_1483,11.923350,20.745590,7,"0;1;4;5;9;11;12"
Root_1484,75.802528,41.023350,6,"1;4;5;9;11;12"
Root_1485,19.947747,26.075190,6,"0;4;5;9;11;12"
Root_1486,111.521878,45.652950,5,"4;5;9;11;12"
Root_1487,11.306070,20.128310,8,"0;1;2;3;5;9;11;12"
Root_1488,82.340938,40.406070,7,"1;2;3;5;9;11;12"
Root_1489,18.145421,25.457910,7,"0;2;3;5;9;11;12"
Root_1490,112.813408,45.035670,6,"2;3;5;9;11;12"
Root_1491,12.231990,21.054230,7,"0;1;3;5;9;11;12"
Root_1492,85.648298,41.331990,6,"1;3;5;9;11;12"
Root_1493,21.071066,26.383830,6,"0;3;5;9;11;12"
Root_1494,117.046688,45.961590,5,"3;5;9;11;12"
Root_1495,13.491117,22.041878,7,"0;1;2;5;9;11;12"
Root_1496,90.749482,42.319638,6,"1;2;5;9;11;12"
Root_1497,23.836611,27.371478,6,"0;2;5;9;11;12"
Root_1498,123.135520,46.949238,5,"2;5;9;11;12"
Root_1499,15.342957,22.967798,6,"0;1;5;9;11;12"
Root_1500,94.056842,43.245558,5,"1;5;9;11;12"
Root_1501,26.614371,28.297398,5,"0;5;9;11;12"
Root_1502,129.994275,47.875158,4,"5;9;11;12"
Root_1503,10.627062,19.449302,8,"0;1;2;3;4;9;11;12"
Root_1504,76.608874,39.727062,7,"1;2;3;4;9;11;12"
Root_1505,16.787405,24.778902,7,"0;2;3;4;9;11;12"
Root_1506,106.402336,44.356662,6,"2;3;4;9;11;12"
Root_1507,11.552982,20.375222,7,"0;1;3;4;9;11;12"
Root_1508,79.916234,40.652982,6,"1;3;4;9;11;12"
Root_1509,18.836643,25.704822,6,"0;3;4;9;11;12"
Root_1510,110.635616,45.282582,5,"3;4;9;11;12"
Root_1511,12.540630,21.362870,7,"0;1;2;4;9;11;12"
Root_1512,85.017418,41.640630,6,"1;2;4;9;11;12"
Root_1513,21.799587,26.692470,6,"0;2;4;9;11;12"
Root_1514,116.994678,46.270230,5,"2;4;9;11;12"
Root_1515,13.984941,22.288790,6,"0;1;4;9;11;12"
Root_1516,88.324778,42.566550,5,"1;4;9;11;12"
Root_1517,24.577347,27.618390,5,"0;4;9;11;12"
Root_1518,122.546179,47.196150,4,"4;9;11;12"
Root_1519,12.849270,21.671510,7,"0;1;2;3;9;11;12"
Root_1520,93.937267,41.949270,6,"1;2;3;9;11;12"
Root_1521,23.540186,27.001110,6,"0;2;3;9;11;12"
Root_1522,121.902208,46.578870,5,"2;3;9;11;12"
Root_1523,14.602221,22.597430,6,"0;1;3;9;11;12"
Root_1524,96.318707,42.875190,5,"1;3;9;11;12"
Root_1525,27.243866,27.927030,5,"0;3;9;11;12"
Root_1526,127.649859,47.504790,4,"3;9;11;12"
Root_1527,16.577517,23.585078,6,"0;1;2;9;11;12"
Root_1528,100.432243,43.862838,5,"1;2;9;11;12"
Root_1529,28.466211,28.914678,5,"0;2;9;11;12"
Root_1530,136.701635,48.492438,4,"2;9;11;12"
Root_1531,18.992195,24.510998,5,"0;1;9;11;12"
Root_1532,103.602442,44.788758,4,"1;9;11;12"
Root_1533,31.243971,29.840598,4,"0;9;11;12"
Root_1534,143.712675,49.418358,3,"9;11;12"
Root_1535,1.596256,10.418496,11,"0;1;2;3;4;5;6;7;8;11;12"
Root_1536,21.609632,30.696256,10,"1;2;3;4;5;6;7;8;11;12"
Root_1537,6.925856,15.748096,10,"0;2;3;4;5;6;7;8;11;12"
Root_1538,29.882048,35.325856,9,"2;3;4;5;6;7;8;11;12"
Root_1539,2.522176,11.344416,10,"0;1;3;4;5;6;7;8;11;12"
Root_1540,25.313312,31.622176,9,"1;3;4;5;6;7;8;11;12"
Root_1541,7.851776,16.674016,9,"0;3;4;5;6;7;8;11;12"
Root_1542,36.263488,36.251776,8,"3;4;5;6;7;8;11;12"
Root_1543,3.509824,12.332064,10,"0;1;2;4;5;6;7;8;11;12"
Root_1544,22.840512,32.609824,9,"1;2;4;5;6;7;8;11;12"
Root_1545,8.839424,17.661664,9,"0;2;4;5;6;7;8;11;12"
Root_1546,37.616448,37.239424,8,"2;4;5;6;7;8;11;12"
Root_1547,4.435744,13.257984,9,"0;1;4;5;6;7;8;11;12"
Root_1548,25.618272,33.535744,8,"1;4;5;6;7;8;11;12"
Root_1549,9.765344,18.587584,8,"0;4;5;6;7;8;11;12"
Root_1550,42.758464,38.165344,7,"4;5;6;7;8;11;12"
Root_1551,3.818464,12.640704,10,"0;1;2;3;5;6;7;8;11;12"
Root_1552,30.498464,32.918464,9,"1;2;3;5;6;7;8;11;12"
Root_1553,9.148064,17.970304,9,"0;2;3;5;6;7;8;11;12"
Root_1554,49.207776,37.548064,8,"2;3;5;6;7;8;11;12"
Root_1555,4.744384,13.566624,9,"0;1;3;5;6;7;8;11;12"
Root_1556,34.202144,33.844384,8,"1;3;5;6;7;8;11;12"
Root_1557,10.073984,18.896224,8,"0;3;5;6;7;8;11;12"
Root_1558,54.041152,38.473984,7,"3;5;6;7;8;11;12"
Root_1559,5.732032,14.554272,9,"0;1;2;5;6;7;8;11;12"
Root_1560,30.263840,34.832032,8,"1;2;5;6;7;8;11;12"
Root_1561,11.061632,19.883872,8,"0;2;5;6;7;8;11;12"
Root_1562,57.616320,39.461632,7,"2;5;6;7;8;11;12"
Root_1563,6.657952,15.480192,8,"0;1;5;6;7;8;11;12"
Root_1564,35.970976,35.757952,7,"1;5;6;7;8;11;12"
Root_1565,11.987552,20.809792,7,"0;5;6;7;8;11;12"
Root_1566,62.267894,40.387552,6,"5;6;7;8;11;12"
Root_1567,3.139456,11.961696,10,"0;1;2;3;4;6;7;8;11;12"
Root_1568,27.782432,32.239456,9,"1;2;3;4;6;7;8;11;12"
Root_1569,8.469056,17.291296,9,"0;2;3;4;6;7;8;11;12"
Root_1570,43.096704,36.869056,8,"2;3;4;6;7;8;11;12"
Root_1571,4.065376,12.887616,9,"0;1;3;4;6;7;8;11;12"
Root_1572,31.486112,33.165376,8,"1;3;4;6;7;8;11;12"
Root_1573,9.394976,18.217216,8,"0;3;4;6;7;8;11;12"
Root_1574,48.609088,37.794976,7,"3;4;6;7;8;11;12"
Root_1575,5.053024,13.875264,9,"0;1;2;4;6;7;8;11;12"
Root_1576,27.547808,34.153024,8,"1;2;4;6;7;8;11;12"
Root_1577,10.382624,19.204864,8,"0;2;4;6;7;8;11;12"
Root_1578,51.505248,38.782624,7,"2;4;6;7;8;11;12"
Root_1579,5.978944,14.801184,8,"0;1;4;6;7;8;11;12"
Root_1580,31.409376,35.078944,7,"1;4;6;7;8;11;12"
Root_1581,11.308544,20.130784,7,"0;4;6;7;8;11;12"
Root_1582,55.534816,39.708544,6,"4;6;7;8;11;12"
Root_1583,5.361664,14.183904,9,"0;1;2;3;6;7;8;11;12"
Root_1584,37.057600,34.461664,8,"1;2;3;6;7;8;11;12"
Root_1585,10.691264,19.513504,8,"0;2;3;6;7;8;11;12"
Root_1586,63.096576,39.091264,7,"2;3;6;7;8;11;12"
Root_1587,6.287584,15.109824,8,"0;1;3;6;7;8;11;12"
Root_1588,42.191968,35.387584,7,"1;3;6;7;8;11;12"
Root_1589,11.617184,20.439424,7,"0;3;6;7;8;11;12"
Root_1590,66.647030,40.017184,6,"3;6;7;8;11;12"
Root_1591,7.275232,16.097472,8,"0;1;2;6;7;8;11;12"
Root_1592,42.068320,36.375232,7,"1;2;6;7;8;11;12"
Root_1593,12.604832,21.427072,7,"0;2;6;7;8;11;12"
Root_1594,72.735862,41.004832,6,"2;6;7;8;11;12"
Root_1595,8.201152,17.023392,7,"0;1;6;7;8;11;12"
Root_1596,48.074528,37.301152,6,"1;6;7;8;11;12"
Root_1597,13.530752,22.352992,6,"0;6;7;8;11;12"
Root_1598,76.969142,41.930752,5,"6;7;8;11;12"
Root_1599,4.022166,12.844406,10,"0;1;2;3;4;5;7;8;11;12"
Root_1600,31.313274,33.122166,9,"1;2;3;4;5;7;8;11;12"
Root_1601,9.351766,18.174006,9,"0;2;3;4;5;7;8;11;12"
Root_1602,51.041098,37.751766,8,"2;3;4;5;7;8;11;12"
Root_1603,4.948086,13.770326,9,"0;1;3;4;5;7;8;11;12"
Root_1604,35.016954,34.048086,8,"1;3;4;5;7;8;11;12"
Root_1605,10.277686,19.099926,8,"0;3;4;5;7;8;11;12"
Root_1606,55.670771,38.677686,7,"3;4;5;7;8;11;12"
Root_1607,5.935734,14.757974,9,"0;1;2;4;5;7;8;11;12"
Root_1608,31.211773,35.035734,8,"1;2;4;5;7;8;11;12"
Root_1609,11.265334,20.087574,8,"0;2;4;5;7;8;11;12"
Root_1610,59.845718,39.665334,7,"2;4;5;7;8;11;12"
Root_1611,6.861654,15.683894,8,"0;1;4;5;7;8;11;12"
Root_1612,37.396893,35.961654,7,"1;4;5;7;8;11;12"
Root_1613,12.191254,21.013494,7,"0;4;5;7;8;11;12"
Root_1614,65.004918,40.591254,6,"4;5;7;8;11;12"
Root_1615,6.244374,15.066614,9,"0;1;2;3;5;7;8;11;12"
Root_1616,42.259795,35.344374,8,"1;2;3;5;7;8;11;12"
Root_1617,11.573974,20.396214,8,"0;2;3;5;7;8;11;12"
Root_1618,71.358144,39.973974,7,"2;3;5;7;8;11;12"
Root_1619,7.170294,15.992534,8,"0;1;3;5;7;8;11;12"
Root_1620,48.641235,36.270294,7,"1;3;5;7;8;11;12"
Root_1621,12.499894,21.322134,7,"0;3;5;7;8;11;12"
Root_1622,75.591424,40.899894,6,"3;5;7;8;11;12"
Root_1623,8.157942,16.980182,8,"0;1;2;5;7;8;11;12"
Root_1624,50.012714,37.257942,7,"1;2;5;7;8;11;12"
Root_1625,13.487542,22.309782,7,"0;2;5;7;8;11;12"
Root_1626,81.680256,41.887542,6,"2;5;7;8;11;12"
Root_1627,9.083862,17.906102,7,"0;1;5;7;8;11;12"
Root_1628,55.136211,38.183862,6,"1;5;7;8;11;12"
Root_1629,14.413462,23.235702,6,"0;5;7;8;11;12"
Root_1630,85.913536,42.813462,5,"5;7;8;11;12"
Root_1631,5.565366,14.387606,9,"0;1;2;3;4;7;8;11;12"
Root_1632,38.076112,34.665366,8,"1;2;3;4;7;8;11;12"
Root_1633,10.894966,19.717206,8,"0;2;3;4;7;8;11;12"
Root_1634,64.947072,39.294966,7,"2;3;4;7;8;11;12"
Root_1635,6.491286,15.313526,8,"0;1;3;4;7;8;11;12"
Root_1636,43.617885,35.591286,7,"1;3;4;7;8;11;12"
Root_1637,11.820886,20.643126,7,"0;3;4;7;8;11;12"
Root_1638,69.180352,40.220886,6,"3;4;7;8;11;12"
Root_1639,7.478934,16.301174,8,"0;1;2;4;7;8;11;12"
Root_1640,43.901642,36.578934,7,"1;2;4;7;8;11;12"
Root_1641,12.808534,21.630774,7,"0;2;4;7;8;11;12"
Root_1642,75.269184,41.208534,6,"2;4;7;8;11;12"
Root_1643,8.404854,17.227094,7,"0;1;4;7;8;11;12"
Root_1644,49.704147,37.504854,6,"1;4;7;8;11;12"
Root_1645,13.734454,22.556694,6,"0;4;7;8;11;12"
Root_1646,79.502464,42.134454,5,"4;7;8;11;12"
Root_1647,7.787574,16.609814,8,"0;1;2;3;7;8;11;12"
Root_1648,55.492970,36.887574,7,"1;2;3;7;8;11;12"
Root_1649,13.117174,21.939414,7,"0;2;3;7;8;11;12"
Root_1650,84.929770,41.517174,6,"2;3;7;8;11;12"
Root_1651,8.713494,17.535734,7,"0;1;3;7;8;11;12"
Root_1652,60.986835,37.813494,6,"1;3;7;8;11;12"
Root_1653,14.043094,22.865334,6,"0;3;7;8;11;12"
Root_1654,88.237130,42.443094,5,"3;7;8;11;12"
Root_1655,9.701142,18.523382,7,"0;1;2;7;8;11;12"
Root_1656,63.901514,38.801142,6,"1;2;7;8;11;12"
Root_1657,15.030742,23.852982,6,"0;2;7;8;11;12"
Root_1658,93.338314,43.430742,5,"2;7;8;11;12"
Root_1659,10.627062,19.449302,6,"0;1;7;8;11;12"
Root_1660,67.481811,39.727062,5,"1;7;8;11;12"
Root_1661,16.787405,24.778902,5,"0;7;8;11;12"
Root_1662,96.645674,44.356662,4,"7;8;11;12"
Root_1663,4.620928,13.443168,10,"0;1;2;3;4;5;6;8;11;12"
Root_1664,33.708320,33.720928,9,"1;2;3;4;5;6;8;11;12"
Root_1665,9.950528,18.772768,9,"0;2;3;4;5;6;8;11;12"
Root_1666,52.154752,38.350528,8,"2;3;4;5;6;8;11;12"
Root_1667,5.546848,14.369088,9,"0;1;3;4;5;6;8;11;12"
Root_1668,37.412000,34.646848,8,"1;3;4;5;6;8;11;12"
Root_1669,10.876448,19.698688,8,"0;3;4;5;6;8;11;12"
Root_1670,55.259744,39.276448,7,"3;4;5;6;8;11;12"
Root_1671,6.534496,15.356736,9,"0;1;2;4;5;6;8;11;12"
Root_1672,34.208032,35.634496,8,"1;2;4;5;6;8;11;12"
Root_1673,11.864096,20.686336,8,"0;2;4;5;6;8;11;12"
Root_1674,60.733334,40.264096,7,"2;4;5;6;8;11;12"
Root_1675,7.460416,16.282656,8,"0;1;4;5;6;8;11;12"
Root_1676,39.663552,36.560416,7,"1;4;5;6;8;11;12"
Root_1677,12.790016,21.612256,7,"0;4;5;6;8;11;12"
Root_1678,65.892534,41.190016,6,"4;5;6;8;11;12"
Root_1679,6.843136,15.665376,9,"0;1;2;3;5;6;8;11;12"
Root_1680,45.182080,35.943136,8,"1;2;3;5;6;8;11;12"
Root_1681,12.172736,20.994976,8,"0;2;3;5;6;8;11;12"
Root_1682,71.646998,40.572736,7,"2;3;5;6;8;11;12"
Root_1683,7.769056,16.591296,8,"0;1;3;5;6;8;11;12"
Root_1684,50.637600,36.869056,7,"1;3;5;6;8;11;12"
Root_1685,13.098656,21.920896,7,"0;3;5;6;8;11;12"
Root_1686,75.880278,41.498656,6,"3;5;6;8;11;12"
Root_1687,8.756704,17.578944,8,"0;1;2;5;6;8;11;12"
Root_1688,51.620192,37.856704,7,"1;2;5;6;8;11;12"
Root_1689,14.086304,22.908544,7,"0;2;5;6;8;11;12"
Root_1690,81.969110,42.486304,6,"2;5;6;8;11;12"
Root_1691,9.682624,18.504864,7,"0;1;5;6;8;11;12"
Root_1692,55.219008,38.782624,6,"1;5;6;8;11;12"
Root_1693,15.012224,23.834464,6,"0;5;6;8;11;12"
Root_1694,86.202390,43.412224,5,"5;6;8;11;12"
Root_1695,6.164128,14.986368,9,"0;1;2;3;4;6;8;11;12"
Root_1696,40.435296,35.264128,8,"1;2;3;4;6;8;11;12"
Root_1697,11.493728,20.315968,8,"0;2;3;4;6;8;11;12"
Root_1698,65.235926,39.893728,7,"2;3;4;6;8;11;12"
Root_1699,7.090048,15.912288,8,"0;1;3;4;6;8;11;12"
Root_1700,45.884544,36.190048,7,"1;3;4;6;8;11;12"
Root_1701,12.419648,21.241888,7,"0;3;4;6;8;11;12"
Root_1702,69.469206,40.819648,6,"3;4;6;8;11;12"
Root_1703,8.077696,16.899936,8,"0;1;2;4;6;8;11;12"
Root_1704,46.188128,37.177696,7,"1;2;4;6;8;11;12"
Root_1705,13.407296,22.229536,7,"0;2;4;6;8;11;12"
Root_1706,75.558038,41.807296,6,"2;4;6;8;11;12"
Root_1707,9.003616,17.825856,7,"0;1;4;6;8;11;12"
Root_1708,50.465952,38.103616,6,"1;4;6;8;11;12"
Root_1709,14.333216,23.155456,6,"0;4;6;8;11;12"
Root_1710,79.791318,42.733216,5,"4;6;8;11;12"
Root_1711,8.386336,17.208576,8,"0;1;2;3;6;8;11;12"
Root_1712,57.470816,37.486336,7,"1;2;3;6;8;11;12"
Root_1713,13.715936,22.538176,7,"0;2;3;6;8;11;12"
Root_1714,84.619862,42.115936,6,"2;3;6;8;11;12"
Root_1715,9.312256,18.134496,7,"0;1;3;6;8;11;12"
Root_1716,61.440000,38.412256,6,"1;3;6;8;11;12"
Root_1717,14.641856,23.464096,6,"0;3;6;8;11;12"
Root_1718,87.927222,43.041856,5,"3;6;8;11;12"
Root_1719,10.299904,19.122144,7,"0;1;2;6;8;11;12"
Root_1720,63.965792,39.399904,6,"1;2;6;8;11;12"
Root_1721,16.133088,24.451744,6,"0;2;6;8;11;12"
Root_1722,93.057910,44.029504,5,"2;6;8;11;12"
Root_1723,11.225824,20.048064,6,"0;1;6;8;11;12"
Root_1724,66.898966,40.325824,5,"1;6;8;11;12"
Root_1725,17.984928,25.377664,5,"0;6;8;11;12"
Root_1726,97.291190,44.955424,4,"6;8;11;12"
Root_1727,7.046838,15.869078,9,"0;1;2;3;4;5;8;11;12"
Root_1728,46.754835,36.146838,8,"1;2;3;4;5;8;11;12"
Root_1729,12.376438,21.198678,8,"0;2;3;4;5;8;11;12"
Root_1730,74.180320,40.776438,7,"2;3;4;5;8;11;12"
Root_1731,7.972758,16.794998,8,"0;1;3;4;5;8;11;12"
Root_1732,52.063517,37.072758,7,"1;3;4;5;8;11;12"
Root_1733,13.302358,22.124598,7,"0;3;4;5;8;11;12"
Root_1734,78.413600,41.702358,6,"3;4;5;8;11;12"
Root_1735,8.960406,17.782646,8,"0;1;2;4;5;8;11;12"
Root_1736,53.249811,38.060406,7,"1;2;4;5;8;11;12"
Root_1737,14.290006,23.112246,7,"0;2;4;5;8;11;12"
Root_1738,84.502432,42.690006,6,"2;4;5;8;11;12"
Root_1739,9.886326,18.708566,7,"0;1;4;5;8;11;12"
Root_1740,56.644925,38.986326,6,"1;4;5;8;11;12"
Root_1741,15.305933,24.038166,6,"0;4;5;8;11;12"
Root_1742,88.735712,43.615926,5,"4;5;8;11;12"
Root_1743,9.269046,18.091286,8,"0;1;2;3;5;8;11;12"
Root_1744,64.532499,38.369046,7,"1;2;3;5;8;11;12"
Root_1745,14.598646,23.420886,7,"0;2;3;5;8;11;12"
Root_1746,92.681546,42.998646,6,"2;3;5;8;11;12"
Root_1747,10.194966,19.017206,7,"0;1;3;5;8;11;12"
Root_1748,67.618973,39.294966,6,"1;3;5;8;11;12"
Root_1749,15.923213,24.346806,6,"0;3;5;8;11;12"
Root_1750,95.988906,43.924566,5,"3;5;8;11;12"
Root_1751,11.182614,20.004854,7,"0;1;2;5;8;11;12"
Root_1752,71.653290,40.282614,6,"1;2;5;8;11;12"
Root_1753,17.898509,25.334454,6,"0;2;5;8;11;12"
Root_1754,102.002304,44.912214,5,"2;5;8;11;12"
Root_1755,12.108534,20.930774,6,"0;1;5;8;11;12"
Root_1756,74.960650,41.208534,5,"1;5;8;11;12"
Root_1757,19.750349,26.260374,5,"0;5;8;11;12"
Root_1758,106.235584,45.838134,4,"5;8;11;12"
Root_1759,8.590038,17.412278,8,"0;1;2;3;4;8;11;12"
Root_1760,59.100435,37.690038,7,"1;2;3;4;8;11;12"
Root_1761,13.919638,22.741878,7,"0;2;3;4;8;11;12"
Root_1762,86.949482,42.319638,6,"2;3;4;8;11;12"
Root_1763,9.515958,18.338198,7,"0;1;3;4;8;11;12"
Root_1764,62.865917,38.615958,6,"1;3;4;8;11;12"
Root_1765,14.845558,23.667798,6,"0;3;4;8;11;12"
Root_1766,90.256842,43.245558,5,"3;4;8;11;12"
Root_1767,10.503606,19.325846,7,"0;1;2;4;8;11;12"
Root_1768,65.921226,39.603606,6,"1;2;4;8;11;12"
Root_1769,16.540493,24.655446,6,"0;2;4;8;11;12"
Root_1770,95.591232,44.233206,5,"2;4;8;11;12"
Root_1771,11.429526,20.251766,6,"0;1;4;8;11;12"
Root_1772,69.228586,40.529526,5,"1;4;8;11;12"
Root_1773,18.392333,25.581366,5,"0;4;8;11;12"
Root_1774,99.824512,45.159126,4,"4;8;11;12"
Root_1775,10.812246,19.634486,7,"0;1;2;3;8;11;12"
Root_1776,76.878099,39.912246,6,"1;2;3;8;11;12"
Root_1777,17.157773,24.964086,6,"0;2;3;8;11;12"
Root_1778,102.227146,44.541846,5,"2;3;8;11;12"
Root_1779,11.738166,20.560406,6,"0;1;3;8;11;12"
Root_1780,79.259539,40.838166,5,"1;3;8;11;12"
Root_1781,19.009613,25.890006,5,"0;3;8;11;12"
Root_1782,105.534506,45.467766,4,"3;8;11;12"
Root_1783,12.725814,21.548054,6,"0;1;2;8;11;12"
Root_1784,83.373075,41.825814,5,"1;2;8;11;12"
Root_1785,20.984909,26.877654,5,"0;2;8;11;12"
Root_1786,111.091104,46.455414,4,"2;8;11;12"
Root_1787,14.355309,22.473974,5,"0;1;8;11;12"
Root_1788,85.754515,42.751734,4,"1;8;11;12"
Root_1789,22.836749,27.803574,4,"0;8;11;12"
Root_1790,116.468387,47.381334,3,"8;11;12"
Root_1791,6.225856,15.048096,10,"0;1;2;3;4;5;6;7;11;12"
Root_1792,36.056192,35.325856,9,"1;2;3;4;5;6;7;11;12"
Root_1793,11.555456,20.377696,9,"0;2;3;4;5;6;7;11;12"
Root_1794,63.302390,39.955456,8,"2;3;4;5;6;7;11;12"
Root_1795,7.151776,15.974016,9,"0;1;3;4;5;6;7;11;12"
Root_1796,41.511712,36.251776,8,"1;3;4;5;6;7;11;12"
Root_1797,12.481376,21.303616,8,"0;3;4;5;6;7;11;12"
Root_1798,69.387510,40.881376,7,"3;4;5;6;7;11;12"
Root_1799,8.139424,16.961664,9,"0;1;2;4;5;6;7;11;12"
Root_1800,41.877024,37.239424,8,"1;2;4;5;6;7;11;12"
Root_1801,13.469024,22.291264,8,"0;2;4;5;6;7;11;12"
Root_1802,77.451638,41.869024,7,"2;4;5;6;7;11;12"
Root_1803,9.065344,17.887584,8,"0;1;4;5;6;7;11;12"
Root_1804,46.258464,38.165344,7,"1;4;5;6;7;11;12"
Root_1805,14.394944,23.217184,7,"0;4;5;6;7;11;12"
Root_1806,83.536758,42.794944,6,"4;5;6;7;11;12"
Root_1807,8.448064,17.270304,9,"0;1;2;3;5;6;7;11;12"
Root_1808,53.159712,37.548064,8,"1;2;3;5;6;7;11;12"
Root_1809,13.777664,22.599904,8,"0;2;3;5;6;7;11;12"
Root_1810,87.069014,42.177664,7,"2;3;5;6;7;11;12"
Root_1811,9.373984,18.196224,8,"0;1;3;5;6;7;11;12"
Root_1812,57.541152,38.473984,7,"1;3;5;6;7;11;12"
Root_1813,14.703584,23.525824,7,"0;3;5;6;7;11;12"
Root_1814,92.228214,43.103584,6,"3;5;6;7;11;12"
Root_1815,10.361632,19.183872,8,"0;1;2;5;6;7;11;12"
Root_1816,61.116320,39.461632,7,"1;2;5;6;7;11;12"
Root_1817,16.256544,24.513472,7,"0;2;5;6;7;11;12"
Root_1818,99.304694,44.091232,6,"2;5;6;7;11;12"
Root_1819,11.287552,20.109792,7,"0;1;5;6;7;11;12"
Root_1820,65.767894,40.387552,6,"1;5;6;7;11;12"
Root_1821,18.108384,25.439392,6,"0;5;6;7;11;12"
Root_1822,104.463894,45.017152,5,"5;6;7;11;12"
Root_1823,7.769056,16.591296,9,"0;1;2;3;4;6;7;11;12"
Root_1824,47.727648,36.869056,8,"1;2;3;4;6;7;11;12"
Root_1825,13.098656,21.920896,8,"0;2;3;4;6;7;11;12"
Root_1826,79.978934,41.498656,7,"2;3;4;6;7;11;12"
Root_1827,8.694976,17.517216,8,"0;1;3;4;6;7;11;12"
Root_1828,52.314112,37.794976,7,"1;3;4;6;7;11;12"
Root_1829,14.024576,22.846816,7,"0;3;4;6;7;11;12"
Root_1830,85.138134,42.424576,6,"3;4;6;7;11;12"
Root_1831,9.682624,18.504864,8,"0;1;2;4;6;7;11;12"
Root_1832,55.005248,38.782624,7,"1;2;4;6;7;11;12"
Root_1833,15.012224,23.834464,7,"0;2;4;6;7;11;12"
Root_1834,92.214614,43.412224,6,"2;4;6;7;11;12"
Root_1835,10.608544,19.430784,7,"0;1;4;6;7;11;12"
Root_1836,59.034816,39.708544,6,"1;4;6;7;11;12"
Root_1837,16.750368,24.760384,6,"0;4;6;7;11;12"
Root_1838,97.373814,44.338144,5,"4;6;7;11;12"
Root_1839,9.991264,18.813504,8,"0;1;2;3;6;7;11;12"
Root_1840,66.596576,39.091264,7,"1;2;3;6;7;11;12"
Root_1841,15.515808,24.143104,7,"0;2;3;6;7;11;12"
Root_1842,99.980150,43.720864,6,"2;3;6;7;11;12"
Root_1843,10.917184,19.739424,7,"0;1;3;6;7;11;12"
Root_1844,70.147030,40.017184,6,"1;3;6;7;11;12"
Root_1845,17.367648,25.069024,6,"0;3;6;7;11;12"
Root_1846,104.213430,44.646784,5,"3;6;7;11;12"
Root_1847,11.904832,20.727072,7,"0;1;2;6;7;11;12"
Root_1848,76.235862,41.004832,6,"1;2;6;7;11;12"
Root_1849,19.342944,26.056672,6,"0;2;6;7;11;12"
Root_1850,110.302262,45.634432,5,"2;6;7;11;12"
Root_1851,12.830752,21.652992,6,"0;1;6;7;11;12"
Root_1852,80.469142,41.930752,5,"1;6;7;11;12"
Root_1853,21.194784,26.982592,5,"0;6;7;11;12"
Root_1854,115.095894,46.560352,4,"6;7;11;12"
Root_1855,8.651766,17.474006,9,"0;1;2;3;4;5;7;11;12"
Root_1856,54.789331,37.751766,8,"1;2;3;4;5;7;11;12"
Root_1857,13.981366,22.803606,8,"0;2;3;4;5;7;11;12"
Root_1858,89.806038,42.381366,7,"2;3;4;5;7;11;12"
Root_1859,9.577686,18.399926,8,"0;1;3;4;5;7;11;12"
Root_1860,59.170771,38.677686,7,"1;3;4;5;7;11;12"
Root_1861,14.907286,23.729526,7,"0;3;4;5;7;11;12"
Root_1862,94.965238,43.307286,6,"3;4;5;7;11;12"
Root_1863,10.565334,19.387574,8,"0;1;2;4;5;7;11;12"
Root_1864,63.345718,39.665334,7,"1;2;4;5;7;11;12"
Root_1865,16.663949,24.717174,7,"0;2;4;5;7;11;12"
Root_1866,102.041718,44.294934,6,"2;4;5;7;11;12"
Root_1867,11.491254,20.313494,7,"0;1;4;5;7;11;12"
Root_1868,68.504918,40.591254,6,"1;4;5;7;11;12"
Root_1869,18.515789,25.643094,6,"0;4;5;7;11;12"
Root_1870,107.200918,45.220854,5,"4;5;7;11;12"
Root_1871,10.873974,19.696214,8,"0;1;2;3;5;7;11;12"
Root_1872,74.858144,39.973974,7,"1;2;3;5;7;11;12"
Root_1873,17.281229,25.025814,7,"0;2;3;5;7;11;12"
Root_1874,108.924544,44.603574,6,"2;3;5;7;11;12"
Root_1875,11.799894,20.622134,7,"0;1;3;5;7;11;12"
Root_1876,79.091424,40.899894,6,"1;3;5;7;11;12"
Root_1877,19.133069,25.951734,6,"0;3;5;7;11;12"
Root_1878,113.157824,45.529494,5,"3;5;7;11;12"
Root_1879,12.787542,21.609782,7,"0;1;2;5;7;11;12"
Root_1880,85.180256,41.887542,6,"1;2;5;7;11;12"
Root_1881,21.108365,26.939382,6,"0;2;5;7;11;12"
Root_1882,119.246656,46.517142,5,"2;5;7;11;12"
Root_1883,14.478765,22.535702,6,"0;1;5;7;11;12"
Root_1884,89.413536,42.813462,5,"1;5;7;11;12"
Root_1885,22.960205,27.865302,5,"0;5;7;11;12"
Root_1886,124.809123,47.443062,4,"5;7;11;12"
Root_1887,10.194966,19.017206,8,"0;1;2;3;4;7;11;12"
Root_1888,68.447072,39.294966,7,"1;2;3;4;7;11;12"
Root_1889,15.923213,24.346806,7,"0;2;3;4;7;11;12"
Root_1890,102.513472,43.924566,6,"2;3;4;7;11;12"
Root_1891,11.120886,19.943126,7,"0;1;3;4;7;11;12"
Root_1892,72.680352,40.220886,6,"1;3;4;7;11;12"
Root_1893,17.775053,25.272726,6,"0;3;4;7;11;12"
Root_1894,106.746752,44.850486,5,"3;4;7;11;12"
Root_1895,12.108534,20.930774,7,"0;1;2;4;7;11;12"
Root_1896,78.769184,41.208534,6,"1;2;4;7;11;12"
Root_1897,19.750349,26.260374,6,"0;2;4;7;11;12"
Root_1898,112.835584,45.838134,5,"2;4;7;11;12"
Root_1899,13.120749,21.856694,6,"0;1;4;7;11;12"
Root_1900,83.002464,42.134454,5,"1;4;7;11;12"
Root_1901,21.602189,27.186294,5,"0;4;7;11;12"
Root_1902,117.832918,46.764054,4,"4;7;11;12"
Root_1903,12.417174,21.239414,7,"0;1;2;3;7;11;12"
Root_1904,88.429770,41.517174,6,"1;2;3;7;11;12"
Root_1905,20.750211,26.569014,6,"0;2;3;7;11;12"
Root_1906,118.013344,46.146774,5,"2;3;7;11;12"
Root_1907,13.738029,22.165334,6,"0;1;3;7;11;12"
Root_1908,91.737130,42.443094,5,"1;3;7;11;12"
Root_1909,23.527971,27.494934,5,"0;3;7;11;12"
Root_1910,122.464707,47.072694,4,"3;7;11;12"
Root_1911,15.713325,23.152982,6,"0;1;2;7;11;12"
Root_1912,96.838314,43.430742,5,"1;2;7;11;12"
Root_1913,24.194765,28.482582,5,"0;2;7;11;12"
Root_1914,131.516483,48.060342,4,"2;7;11;12"
Root_1915,17.695907,24.078902,5,"0;1;7;11;12"
Root_1916,100.145674,44.356662,4,"1;7;11;12"
Root_1917,26.046605,29.408502,4,"0;7;11;12"
Root_1918,138.527523,48.986262,3,"7;11;12"
Root_1919,9.250528,18.072768,9,"0;1;2;3;4;5;6;11;12"
Root_1920,55.654752,38.350528,8,"1;2;3;4;5;6;11;12"
Root_1921,14.580128,23.402368,8,"0;2;3;4;5;6;11;12"
Root_1922,90.693654,42.980128,7,"2;3;4;5;6;11;12"
Root_1923,10.176448,18.998688,8,"0;1;3;4;5;6;11;12"
Root_1924,58.759744,39.276448,7,"1;3;4;5;6;11;12"
Root_1925,15.886176,24.328288,7,"0;3;4;5;6;11;12"
Root_1926,95.852854,43.906048,6,"3;4;5;6;11;12"
Root_1927,11.164096,19.986336,8,"0;1;2;4;5;6;11;12"
Root_1928,64.233334,40.264096,7,"1;2;4;5;6;11;12"
Root_1929,17.861472,25.315936,7,"0;2;4;5;6;11;12"
Root_1930,103.823030,44.893696,6,"2;4;5;6;11;12"
Root_1931,12.090016,20.912256,7,"0;1;4;5;6;11;12"
Root_1932,69.392534,41.190016,6,"1;4;5;6;11;12"
Root_1933,19.713312,26.241856,6,"0;4;5;6;11;12"
Root_1934,109.908150,45.819616,5,"4;5;6;11;12"
Root_1935,11.472736,20.294976,8,"0;1;2;3;5;6;11;12"
Root_1936,75.146998,40.572736,7,"1;2;3;5;6;11;12"
Root_1937,18.478752,25.624576,7,"0;2;3;5;6;11;12"
Root_1938,110.415734,45.202336,6,"2;3;5;6;11;12"
Root_1939,12.398656,21.220896,7,"0;1;3;5;6;11;12"
Root_1940,79.380278,41.498656,6,"1;3;5;6;11;12"
Root_1941,20.694656,26.550496,6,"0;3;5;6;11;12"
Root_1942,115.574934,46.128256,5,"3;5;6;11;12"
Root_1943,13.824448,22.208544,7,"0;1;2;5;6;11;12"
Root_1944,85.469110,42.486304,6,"1;2;5;6;11;12"
Root_1945,22.305888,27.538144,6,"0;2;5;6;11;12"
Root_1946,122.883222,47.115904,5,"2;5;6;11;12"
Root_1947,15.676288,23.134464,6,"0;1;5;6;11;12"
Root_1948,89.702390,43.412224,5,"1;5;6;11;12"
Root_1949,24.157728,28.464064,5,"0;5;6;11;12"
Root_1950,129.894262,48.041824,4,"5;6;11;12"
Root_1951,10.793728,19.615968,8,"0;1;2;3;4;6;11;12"
Root_1952,68.735926,39.893728,7,"1;2;3;4;6;11;12"
Root_1953,17.120736,24.945568,7,"0;2;3;4;6;11;12"
Root_1954,103.325654,44.523328,6,"2;3;4;6;11;12"
Root_1955,11.719648,20.541888,7,"0;1;3;4;6;11;12"
Root_1956,72.969206,40.819648,6,"1;3;4;6;11;12"
Root_1957,18.972576,25.871488,6,"0;3;4;6;11;12"
Root_1958,108.484854,45.449248,5,"3;4;6;11;12"
Root_1959,12.707296,21.529536,7,"0;1;2;4;6;11;12"
Root_1960,79.058038,41.807296,6,"1;2;4;6;11;12"
Root_1961,20.947872,26.859136,6,"0;2;4;6;11;12"
Root_1962,115.998230,46.436896,5,"2;4;6;11;12"
Root_1963,14.318272,22.455456,6,"0;1;4;6;11;12"
Root_1964,83.291318,42.733216,5,"1;4;6;11;12"
Root_1965,22.799712,27.785056,5,"0;4;6;11;12"
Root_1966,122.446166,47.362816,4,"4;6;11;12"
Root_1967,13.083712,21.838176,7,"0;1;2;3;6;11;12"
Root_1968,88.119862,42.115936,6,"1;2;3;6;11;12"
Root_1969,22.546496,27.167776,6,"0;2;3;6;11;12"
Root_1970,121.047734,46.745536,5,"2;3;6;11;12"
Root_1971,14.935552,22.764096,6,"0;1;3;6;11;12"
Root_1972,91.427222,43.041856,5,"1;3;6;11;12"
Root_1973,25.324256,28.093696,5,"0;3;6;11;12"
Root_1974,127.549846,47.671456,4,"3;6;11;12"
Root_1975,16.910848,23.751744,6,"0;1;2;6;11;12"
Root_1976,96.557910,44.029504,5,"1;2;6;11;12"
Root_1977,25.392288,29.081344,5,"0;2;6;11;12"
Root_1978,136.601622,48.659104,4,"2;6;11;12"
Root_1979,19.492192,24.677664,5,"0;1;6;11;12"
Root_1980,100.791190,44.955424,4,"1;6;11;12"
Root_1981,27.244128,30.007264,4,"0;6;11;12"
Root_1982,143.612662,49.585024,3,"6;11;12"
Root_1983,11.676438,20.498678,8,"0;1;2;3;4;5;11;12"
Root_1984,77.680320,40.776438,7,"1;2;3;4;5;11;12"
Root_1985,18.886157,25.828278,7,"0;2;3;4;5;11;12"
Root_1986,113.152758,45.406038,6,"2;3;4;5;11;12"
Root_1987,12.602358,21.424598,7,"0;1;3;4;5;11;12"
Root_1988,81.913600,41.702358,6,"1;3;4;5;11;12"
Root_1989,21.305763,26.754198,6,"0;3;4;5;11;12"
Root_1990,118.311958,46.331958,5,"3;4;5;11;12"
Root_1991,14.231853,22.412246,7,"0;1;2;4;5;11;12"
Root_1992,88.002432,42.690006,6,"1;2;4;5;11;12"
Root_1993,22.713293,27.741846,6,"0;2;4;5;11;12"
Root_1994,126.027651,47.319606,5,"2;4;5;11;12"
Root_1995,16.083693,23.338166,6,"0;1;4;5;11;12"
Root_1996,92.235712,43.615926,5,"1;4;5;11;12"
Root_1997,24.565133,28.667766,5,"0;4;5;11;12"
Root_1998,133.038691,48.245526,4,"4;5;11;12"
Root_1999,14.849133,22.720886,7,"0;1;2;3;5;11;12"
Root_2000,96.181546,42.998646,6,"1;2;3;5;11;12"
Root_2001,25.194627,28.050486,6,"0;2;3;5;11;12"
Root_2002,131.131331,47.628246,5,"2;3;5;11;12"
Root_2003,16.700973,23.646806,6,"0;1;3;5;11;12"
Root_2004,99.488906,43.924566,5,"1;3;5;11;12"
Root_2005,27.972387,28.976406,5,"0;3;5;11;12"
Root_2006,138.142371,48.554166,4,"3;5;11;12"
Root_2007,19.362563,24.634454,6,"0;1;2;5;11;12"
Root_2008,105.502304,44.912214,5,"1;2;5;11;12"
Root_2009,27.157709,29.964054,5,"0;2;5;11;12"
Root_2010,147.194147,49.541814,4,"2;5;11;12"
Root_2011,22.140323,25.560374,5,"0;1;5;11;12"
Root_2012,109.735584,45.838134,4,"1;5;11;12"
Root_2013,29.009549,30.889974,4,"0;5;11;12"
Root_2014,154.205187,50.467734,3,"5;11;12"
Root_2015,13.491117,22.041878,7,"0;1;2;3;4;11;12"
Root_2016,90.449482,42.319638,6,"1;2;3;4;11;12"
Root_2017,23.157603,27.371478,6,"0;2;3;4;11;12"
Root_2018,123.784758,46.949238,5,"2;3;4;11;12"
Root_2019,15.342957,22.967798,6,"0;1;3;4;11;12"
Root_2020,93.756842,43.245558,5,"1;3;4;11;12"
Root_2021,25.935363,28.297398,5,"0;3;4;11;12"
Root_2022,130.694275,47.875158,4,"3;4;11;12"
Root_2023,17.325539,23.955446,6,"0;1;2;4;11;12"
Root_2024,99.091232,44.233206,5,"1;2;4;11;12"
Root_2025,25.799693,29.285046,5,"0;2;4;11;12"
Root_2026,139.746051,48.862806,4,"2;4;11;12"
Root_2027,20.103299,24.881366,5,"0;1;4;11;12"
Root_2028,103.324512,45.159126,4,"1;4;11;12"
Root_2029,27.651533,30.210966,4,"0;4;11;12"
Root_2030,146.757091,49.788726,3,"4;11;12"
Root_2031,18.251459,24.264086,6,"0;1;2;3;11;12"
Root_2032,105.727146,44.541846,5,"1;2;3;11;12"
Root_2033,29.824227,29.593686,5,"0;2;3;11;12"
Root_2034,144.849731,49.171446,4,"2;3;11;12"
Root_2035,21.029219,25.190006,5,"0;1;3;11;12"
Root_2036,109.034506,45.467766,4,"1;3;11;12"
Root_2037,32.601987,30.519606,4,"0;3;11;12"
Root_2038,151.860771,50.097366,3,"3;11;12"
Root_2039,23.992163,26.177654,5,"0;1;2;11;12"
Root_2040,114.591104,46.455414,4,"1;2;11;12"
Root_2041,30.244109,31.507254,4,"0;2;11;12"
Root_2042,160.912547,51.085014,3,"2;11;12"
Root_2043,26.769923,27.103574,4,"0;1;11;12"
Root_2044,119.968387,47.381334,3,"1;11;12"
Root_2045,32.095949,32.433174,3,"0;11;12"
Root_2046,167.923587,52.010934,2,"11;12"
Root_2047,0.000000,8.051840,12,"0;1;2;3;4;5;6;7;8;9;10;12"
Root_2048,13.624544,29.029600,11,"1;2;3;4;5;6;7;8;9;10;12"
Root_2049,5.259200,14.081440,11,"0;2;3;4;5;6;7;8;9;10;12"
Root_2050,21.672544,33.659200,10,"2;3;4;5;6;7;8;9;10;12"
Root_2051,0.155520,8.977760,11,"0;1;3;4;5;6;7;8;9;10;12"
Root_2052,17.087424,29.955520,10,"1;3;4;5;6;7;8;9;10;12"
Root_2053,6.185120,15.007360,10,"0;3;4;5;6;7;8;9;10;12"
Root_2054,26.471136,34.585120,9,"3;4;5;6;7;8;9;10;12"
Root_2055,1.843168,10.665408,11,"0;1;2;4;5;6;7;8;9;10;12"
Root_2056,16.281280,30.943168,10,"1;2;4;5;6;7;8;9;10;12"
Root_2057,7.172768,15.995008,10,"0;2;4;5;6;7;8;9;10;12"
Root_2058,24.484512,35.572768,9,"2;4;5;6;7;8;9;10;12"
Root_2059,2.769088,11.591328,10,"0;1;4;5;6;7;8;9;10;12"
Root_2060,19.059040,31.869088,9,"1;4;5;6;7;8;9;10;12"
Root_2061,8.098688,16.920928,9,"0;4;5;6;7;8;9;10;12"
Root_2062,30.865952,36.498688,8,"4;5;6;7;8;9;10;12"
Root_2063,1.451808,10.274048,11,"0;1;2;3;5;6;7;8;9;10;12"
Root_2064,22.272576,31.251808,10,"1;2;3;5;6;7;8;9;10;12"
Root_2065,7.481408,16.303648,10,"0;2;3;5;6;7;8;9;10;12"
Root_2066,35.767200,35.881408,9,"2;3;5;6;7;8;9;10;12"
Root_2067,2.377728,11.199968,10,"0;1;3;5;6;7;8;9;10;12"
Root_2068,26.153984,32.177728,9,"1;3;5;6;7;8;9;10;12"
Root_2069,8.407328,17.229568,9,"0;3;5;6;7;8;9;10;12"
Root_2070,42.148640,36.807328,8,"3;5;6;7;8;9;10;12"
Root_2071,4.065376,12.887616,10,"0;1;2;5;6;7;8;9;10;12"
Root_2072,24.113280,33.165376,9,"1;2;5;6;7;8;9;10;12"
Root_2073,9.394976,18.217216,9,"0;2;5;6;7;8;9;10;12"
Root_2074,44.057152,37.794976,8,"2;5;6;7;8;9;10;12"
Root_2075,4.991296,13.813536,9,"0;1;5;6;7;8;9;10;12"
Root_2076,27.832928,34.091296,8,"1;5;6;7;8;9;10;12"
Root_2077,10.320896,19.143136,8,"0;5;6;7;8;9;10;12"
Root_2078,48.643616,38.720896,7,"5;6;7;8;9;10;12"
Root_2079,0.772800,9.595040,11,"0;1;2;3;4;6;7;8;9;10;12"
Root_2080,19.556544,30.572800,10,"1;2;3;4;6;7;8;9;10;12"
Root_2081,6.802400,15.624640,10,"0;2;3;4;6;7;8;9;10;12"
Root_2082,30.403136,35.202400,9,"2;3;4;6;7;8;9;10;12"
Root_2083,1.698720,10.520960,10,"0;1;3;4;6;7;8;9;10;12"
Root_2084,23.260224,31.498720,9,"1;3;4;6;7;8;9;10;12"
Root_2085,7.728320,16.550560,9,"0;3;4;6;7;8;9;10;12"
Root_2086,36.716576,36.128320,8,"3;4;6;7;8;9;10;12"
Root_2087,3.386368,12.208608,10,"0;1;2;4;6;7;8;9;10;12"
Root_2088,21.397248,32.486368,9,"1;2;4;6;7;8;9;10;12"
Root_2089,8.715968,17.538208,9,"0;2;4;6;7;8;9;10;12"
Root_2090,37.946080,37.115968,8,"2;4;6;7;8;9;10;12"
Root_2091,4.312288,13.134528,9,"0;1;4;6;7;8;9;10;12"
Root_2092,25.100928,33.412288,8,"1;4;6;7;8;9;10;12"
Root_2093,9.641888,18.464128,8,"0;4;6;7;8;9;10;12"
Root_2094,43.211552,38.041888,7,"4;6;7;8;9;10;12"
Root_2095,2.995008,11.817248,10,"0;1;2;3;6;7;8;9;10;12"
Root_2096,29.240384,32.795008,9,"1;2;3;6;7;8;9;10;12"
Root_2097,9.024608,17.846848,9,"0;2;3;6;7;8;9;10;12"
Root_2098,49.537408,37.424608,8,"2;3;6;7;8;9;10;12"
Root_2099,3.920928,12.743168,9,"0;1;3;6;7;8;9;10;12"
Root_2100,33.869984,33.720928,8,"1;3;6;7;8;9;10;12"
Root_2101,9.950528,18.772768,8,"0;3;6;7;8;9;10;12"
Root_2102,54.494240,38.350528,7,"3;6;7;8;9;10;12"
Root_2103,5.608576,14.430816,9,"0;1;2;6;7;8;9;10;12"
Root_2104,30.919328,34.708576,8,"1;2;6;7;8;9;10;12"
Root_2105,10.938176,19.760416,8,"0;2;6;7;8;9;10;12"
Root_2106,57.945952,39.338176,7,"2;6;7;8;9;10;12"
Root_2107,6.534496,15.356736,8,"0;1;6;7;8;9;10;12"
Root_2108,36.547520,35.634496,7,"1;6;7;8;9;10;12"
Root_2109,11.864096,20.686336,7,"0;6;7;8;9;10;12"
Root_2110,61.743318,40.264096,6,"6;7;8;9;10;12"
Root_2111,1.655510,10.477750,11,"0;1;2;3;4;5;7;8;9;10;12"
Root_2112,23.087386,31.455510,10,"1;2;3;4;5;7;8;9;10;12"
Root_2113,7.685110,16.507350,10,"0;2;3;4;5;7;8;9;10;12"
Root_2114,37.481930,36.085110,9,"2;3;4;5;7;8;9;10;12"
Root_2115,2.581430,11.403670,10,"0;1;3;4;5;7;8;9;10;12"
Root_2116,27.172496,32.381430,9,"1;3;4;5;7;8;9;10;12"
Root_2117,8.611030,17.433270,9,"0;3;4;5;7;8;9;10;12"
Root_2118,43.778259,37.011030,8,"3;4;5;7;8;9;10;12"
Root_2119,4.269078,13.091318,10,"0;1;2;4;5;7;8;9;10;12"
Root_2120,24.928090,33.369078,9,"1;2;4;5;7;8;9;10;12"
Root_2121,9.598678,18.420918,9,"0;2;4;5;7;8;9;10;12"
Root_2122,45.890474,37.998678,8,"2;4;5;7;8;9;10;12"
Root_2123,5.194998,14.017238,9,"0;1;4;5;7;8;9;10;12"
Root_2124,28.851440,34.294998,8,"1;4;5;7;8;9;10;12"
Root_2125,10.524598,19.346838,8,"0;4;5;7;8;9;10;12"
Root_2126,50.273235,38.924598,7,"4;5;7;8;9;10;12"
Root_2127,3.877718,12.699958,10,"0;1;2;3;5;7;8;9;10;12"
Root_2128,33.653936,33.677718,9,"1;2;3;5;7;8;9;10;12"
Root_2129,9.907318,18.729558,9,"0;2;3;5;7;8;9;10;12"
Root_2130,57.481802,38.307318,8,"2;3;5;7;8;9;10;12"
Root_2131,4.803638,13.625878,9,"0;1;3;5;7;8;9;10;12"
Root_2132,38.811846,34.603638,8,"1;3;5;7;8;9;10;12"
Root_2133,10.833238,19.655478,8,"0;3;5;7;8;9;10;12"
Root_2134,61.555923,39.233238,7,"3;5;7;8;9;10;12"
Root_2135,6.491286,15.313526,9,"0;1;2;5;7;8;9;10;12"
Root_2136,36.862259,35.591286,8,"1;2;5;7;8;9;10;12"
Root_2137,11.820886,20.643126,8,"0;2;5;7;8;9;10;12"
Root_2138,66.454432,40.220886,7,"2;5;7;8;9;10;12"
Root_2139,7.417206,16.239446,8,"0;1;5;7;8;9;10;12"
Root_2140,43.243699,36.517206,7,"1;5;7;8;9;10;12"
Root_2141,12.746806,21.569046,7,"0;5;7;8;9;10;12"
Root_2142,70.687712,41.146806,6,"5;7;8;9;10;12"
Root_2143,3.198710,12.020950,10,"0;1;2;3;4;7;8;9;10;12"
Root_2144,30.258896,32.998710,9,"1;2;3;4;7;8;9;10;12"
Root_2145,9.228310,18.050550,9,"0;2;3;4;7;8;9;10;12"
Root_2146,51.370730,37.628310,8,"2;3;4;7;8;9;10;12"
Root_2147,4.124630,12.946870,9,"0;1;3;4;7;8;9;10;12"
Root_2148,34.888496,33.924630,8,"1;3;4;7;8;9;10;12"
Root_2149,10.154230,18.976470,8,"0;3;4;7;8;9;10;12"
Root_2150,56.123859,38.554230,7,"3;4;7;8;9;10;12"
Root_2151,5.812278,14.634518,9,"0;1;2;4;7;8;9;10;12"
Root_2152,31.937840,34.912278,8,"1;2;4;7;8;9;10;12"
Root_2153,11.141878,19.964118,8,"0;2;4;7;8;9;10;12"
Root_2154,60.043360,39.541878,7,"2;4;7;8;9;10;12"
Root_2155,6.738198,15.560438,8,"0;1;4;7;8;9;10;12"
Root_2156,37.973437,35.838198,7,"1;4;7;8;9;10;12"
Root_2157,12.067798,20.890038,7,"0;4;7;8;9;10;12"
Root_2158,64.276640,40.467798,6,"4;7;8;9;10;12"
Root_2159,5.420918,14.243158,9,"0;1;2;3;7;8;9;10;12"
Root_2160,42.762365,35.220918,8,"1;2;3;7;8;9;10;12"
Root_2161,11.450518,20.272758,8,"0;2;3;7;8;9;10;12"
Root_2162,71.370602,39.850518,7,"2;3;7;8;9;10;12"
Root_2163,6.346838,15.169078,8,"0;1;3;7;8;9;10;12"
Root_2164,49.094323,36.146838,7,"1;3;7;8;9;10;12"
Root_2165,12.376438,21.198678,7,"0;3;7;8;9;10;12"
Root_2166,74.677962,40.776438,6,"3;7;8;9;10;12"
Root_2167,8.034486,16.856726,8,"0;1;2;7;8;9;10;12"
Root_2168,50.342346,37.134486,7,"1;2;7;8;9;10;12"
Root_2169,13.364086,22.186326,7,"0;2;7;8;9;10;12"
Root_2170,79.779146,41.764086,6,"2;7;8;9;10;12"
Root_2171,8.960406,17.782646,7,"0;1;7;8;9;10;12"
Root_2172,55.589299,38.060406,6,"1;7;8;9;10;12"
Root_2173,14.290006,23.112246,6,"0;7;8;9;10;12"
Root_2174,83.102432,42.690006,5,"7;8;9;10;12"
Root_2175,2.954272,11.776512,11,"0;1;2;3;4;5;6;8;9;10;12"
Root_2176,25.536704,32.054272,10,"1;2;3;4;5;6;8;9;10;12"
Root_2177,8.283872,17.106112,10,"0;2;3;4;5;6;8;9;10;12"
Root_2178,40.262240,36.683872,9,"2;3;4;5;6;8;9;10;12"
Root_2179,3.880192,12.702432,10,"0;1;3;4;5;6;8;9;10;12"
Root_2180,30.166304,32.980192,9,"1;3;4;5;6;8;9;10;12"
Root_2181,9.209792,18.032032,9,"0;3;4;5;6;8;9;10;12"
Root_2182,45.033888,37.609792,8,"3;4;5;6;8;9;10;12"
Root_2183,4.867840,13.690080,10,"0;1;2;4;5;6;8;9;10;12"
Root_2184,27.323136,33.967840,9,"1;2;4;5;6;8;9;10;12"
Root_2185,10.197440,19.019680,9,"0;2;4;5;6;8;9;10;12"
Root_2186,46.757216,38.597440,8,"2;4;5;6;8;9;10;12"
Root_2187,5.793760,14.616000,9,"0;1;4;5;6;8;9;10;12"
Root_2188,31.026816,34.893760,8,"1;4;5;6;8;9;10;12"
Root_2189,11.123360,19.945600,8,"0;4;5;6;8;9;10;12"
Root_2190,49.860864,39.523360,7,"4;5;6;8;9;10;12"
Root_2191,5.176480,13.998720,10,"0;1;2;3;5;6;8;9;10;12"
Root_2192,36.647744,34.276480,9,"1;2;3;5;6;8;9;10;12"
Root_2193,10.506080,19.328320,9,"0;2;3;5;6;8;9;10;12"
Root_2194,58.039904,38.906080,8,"2;3;5;6;8;9;10;12"
Root_2195,6.102400,14.924640,9,"0;1;3;5;6;8;9;10;12"
Root_2196,41.277344,35.202400,8,"1;3;5;6;8;9;10;12"
Root_2197,11.432000,20.254240,8,"0;3;5;6;8;9;10;12"
Root_2198,60.822454,39.832000,7,"3;5;6;8;9;10;12"
Root_2199,7.090048,15.912288,9,"0;1;2;5;6;8;9;10;12"
Root_2200,39.727680,36.190048,8,"1;2;5;6;8;9;10;12"
Root_2201,12.419648,21.241888,8,"0;2;5;6;8;9;10;12"
Root_2202,66.743286,40.819648,7,"2;5;6;8;9;10;12"
Root_2203,8.015968,16.838208,8,"0;1;5;6;8;9;10;12"
Root_2204,44.993152,37.115968,7,"1;5;6;8;9;10;12"
Root_2205,13.345568,22.167808,7,"0;5;6;8;9;10;12"
Root_2206,70.976566,41.745568,6,"5;6;8;9;10;12"
Root_2207,4.497472,13.319712,10,"0;1;2;3;4;6;8;9;10;12"
Root_2208,33.252704,33.597472,9,"1;2;3;4;6;8;9;10;12"
Root_2209,9.827072,18.649312,9,"0;2;3;4;6;8;9;10;12"
Root_2210,52.607840,38.227072,8,"2;3;4;6;8;9;10;12"
Root_2211,5.423392,14.245632,9,"0;1;3;4;6;8;9;10;12"
Root_2212,37.882304,34.523392,8,"1;3;4;6;8;9;10;12"
Root_2213,10.752992,19.575232,8,"0;3;4;6;8;9;10;12"
Root_2214,55.836288,39.152992,7,"3;4;6;8;9;10;12"
Root_2215,6.411040,15.233280,9,"0;1;2;4;6;8;9;10;12"
Root_2216,34.784576,35.511040,8,"1;2;4;6;8;9;10;12"
Root_2217,11.740640,20.562880,8,"0;2;4;6;8;9;10;12"
Root_2218,60.332214,40.140640,7,"2;4;6;8;9;10;12"
Root_2219,7.336960,16.159200,8,"0;1;4;6;8;9;10;12"
Root_2220,40.240096,36.436960,7,"1;4;6;8;9;10;12"
Root_2221,12.666560,21.488800,7,"0;4;6;8;9;10;12"
Root_2222,64.565494,41.066560,6,"4;6;8;9;10;12"
Root_2223,6.719680,15.541920,9,"0;1;2;3;6;8;9;10;12"
Root_2224,45.758624,35.819680,8,"1;2;3;6;8;9;10;12"
Root_2225,12.049280,20.871520,8,"0;2;3;6;8;9;10;12"
Root_2226,71.060694,40.449280,7,"2;3;6;8;9;10;12"
Root_2227,7.645600,16.467840,8,"0;1;3;6;8;9;10;12"
Root_2228,51.214144,36.745600,7,"1;3;6;8;9;10;12"
Root_2229,12.975200,21.797440,7,"0;3;6;8;9;10;12"
Root_2230,74.368054,41.375200,6,"3;6;8;9;10;12"
Root_2231,8.633248,17.455488,8,"0;1;2;6;8;9;10;12"
Root_2232,52.073280,37.733248,7,"1;2;6;8;9;10;12"
Root_2233,13.962848,22.785088,7,"0;2;6;8;9;10;12"
Root_2234,79.469238,42.362848,6,"2;6;8;9;10;12"
Root_2235,9.559168,18.381408,7,"0;1;6;8;9;10;12"
Root_2236,55.795552,38.659168,6,"1;6;8;9;10;12"
Root_2237,14.888768,23.711008,6,"0;6;8;9;10;12"
Root_2238,83.391286,43.288768,5,"6;8;9;10;12"
Root_2239,5.380182,14.202422,10,"0;1;2;3;4;5;8;9;10;12"
Root_2240,37.666256,34.480182,9,"1;2;3;4;5;8;9;10;12"
Root_2241,10.709782,19.532022,9,"0;2;3;4;5;8;9;10;12"
Root_2242,59.669523,39.109782,8,"2;3;4;5;8;9;10;12"
Root_2243,6.306102,15.128342,9,"0;1;3;4;5;8;9;10;12"
Root_2244,42.431558,35.406102,8,"1;3;4;5;8;9;10;12"
Root_2245,11.635702,20.457942,8,"0;3;4;5;8;9;10;12"
Root_2246,63.187776,40.035702,7,"3;4;5;8;9;10;12"
Root_2247,7.293750,16.115990,9,"0;1;2;4;5;8;9;10;12"
Root_2248,41.357299,36.393750,8,"1;2;4;5;8;9;10;12"
Root_2249,12.623350,21.445590,8,"0;2;4;5;8;9;10;12"
Root_2250,69.276608,41.023350,7,"2;4;5;8;9;10;12"
Root_2251,8.219670,17.041910,8,"0;1;4;5;8;9;10;12"
Root_2252,46.419069,37.319670,7,"1;4;5;8;9;10;12"
Root_2253,13.549270,22.371510,7,"0;4;5;8;9;10;12"
Root_2254,73.509888,41.949270,6,"4;5;8;9;10;12"
Root_2255,7.602390,16.424630,9,"0;1;2;3;5;8;9;10;12"
Root_2256,52.639987,36.702390,8,"1;2;3;5;8;9;10;12"
Root_2257,12.931990,21.754230,8,"0;2;3;5;8;9;10;12"
Root_2258,79.122378,41.331990,7,"2;3;5;8;9;10;12"
Root_2259,8.528310,17.350550,8,"0;1;3;5;8;9;10;12"
Root_2260,57.393117,37.628310,7,"1;3;5;8;9;10;12"
Root_2261,13.857910,22.680150,7,"0;3;5;8;9;10;12"
Root_2262,82.429738,42.257910,6,"3;5;8;9;10;12"
Root_2263,9.515958,18.338198,8,"0;1;2;5;8;9;10;12"
Root_2264,59.134963,38.615958,7,"1;2;5;8;9;10;12"
Root_2265,14.845558,23.667798,7,"0;2;5;8;9;10;12"
Root_2266,88.102400,43.245558,6,"2;5;8;9;10;12"
Root_2267,10.441878,19.264118,7,"0;1;5;8;9;10;12"
Root_2268,61.974525,39.541878,6,"1;5;8;9;10;12"
Root_2269,15.771478,24.593718,6,"0;5;8;9;10;12"
Root_2270,92.507158,44.171478,5,"5;8;9;10;12"
Root_2271,6.923382,15.745622,9,"0;1;2;3;4;8;9;10;12"
Root_2272,47.207923,36.023382,8,"1;2;3;4;8;9;10;12"
Root_2273,12.252982,21.075222,8,"0;2;3;4;8;9;10;12"
Root_2274,73.390314,40.652982,7,"2;3;4;8;9;10;12"
Root_2275,7.849302,16.671542,8,"0;1;3;4;8;9;10;12"
Root_2276,52.640061,36.949302,7,"1;3;4;8;9;10;12"
Root_2277,13.178902,22.001142,7,"0;3;4;8;9;10;12"
Root_2278,76.697674,41.578902,6,"3;4;8;9;10;12"
Root_2279,8.836950,17.659190,8,"0;1;2;4;8;9;10;12"
Root_2280,53.702899,37.936950,7,"1;2;4;8;9;10;12"
Root_2281,14.166550,22.988790,7,"0;2;4;8;9;10;12"
Root_2282,81.798858,42.566550,6,"2;4;8;9;10;12"
Root_2283,9.762870,18.585110,7,"0;1;4;8;9;10;12"
Root_2284,57.221469,38.862870,6,"1;4;8;9;10;12"
Root_2285,15.092470,23.914710,6,"0;4;8;9;10;12"
Root_2286,85.924608,43.492470,5,"4;8;9;10;12"
Root_2287,9.145590,17.967830,8,"0;1;2;3;8;9;10;12"
Root_2288,64.985587,38.245590,7,"1;2;3;8;9;10;12"
Root_2289,14.475190,23.297430,7,"0;2;3;8;9;10;12"
Root_2290,89.993898,42.875190,6,"2;3;8;9;10;12"
Root_2291,10.071510,18.893750,7,"0;1;3;8;9;10;12"
Root_2292,68.195517,39.171510,6,"1;3;8;9;10;12"
Root_2293,15.401110,24.223350,6,"0;3;8;9;10;12"
Root_2294,93.301258,43.801110,5,"3;8;9;10;12"
Root_2295,11.059158,19.881398,7,"0;1;2;8;9;10;12"
Root_2296,71.480563,40.159158,6,"1;2;8;9;10;12"
Root_2297,16.388758,25.210998,6,"0;2;8;9;10;12"
Root_2298,99.191200,44.788758,5,"2;8;9;10;12"
Root_2299,11.985078,20.807318,6,"0;1;8;9;10;12"
Root_2300,73.862003,41.085078,5,"1;8;9;10;12"
Root_2301,17.944173,26.136918,5,"0;8;9;10;12"
Root_2302,103.424480,45.714678,4,"8;9;10;12"
Root_2303,3.859200,12.681440,11,"0;1;2;3;4;5;6;7;9;10;12"
Root_2304,29.172544,33.659200,10,"1;2;3;4;5;6;7;9;10;12"
Root_2305,9.888800,18.711040,10,"0;2;3;4;5;6;7;9;10;12"
Root_2306,48.585536,38.288800,9,"2;3;4;5;6;7;9;10;12"
Root_2307,4.785120,13.607360,10,"0;1;3;4;5;6;7;9;10;12"
Root_2308,33.386016,34.585120,9,"1;3;4;5;6;7;9;10;12"
Root_2309,10.814720,19.636960,9,"0;3;4;5;6;7;9;10;12"
Root_2310,52.678176,39.214720,8,"3;4;5;6;7;9;10;12"
Root_2311,6.472768,15.295008,10,"0;1;2;4;5;6;7;9;10;12"
Root_2312,30.411744,35.572768,9,"1;2;4;5;6;7;9;10;12"
Root_2313,11.802368,20.624608,9,"0;2;4;5;6;7;9;10;12"
Root_2314,58.892502,40.202368,8,"2;4;5;6;7;9;10;12"
Root_2315,7.398688,16.220928,9,"0;1;4;5;6;7;9;10;12"
Root_2316,35.867264,36.498688,8,"1;4;5;6;7;9;10;12"
Root_2317,12.728288,21.550528,8,"0;4;5;6;7;9;10;12"
Root_2318,64.977622,41.128288,7,"4;5;6;7;9;10;12"
Root_2319,6.081408,14.903648,10,"0;1;2;3;5;6;7;9;10;12"
Root_2320,41.385792,35.881408,9,"1;2;3;5;6;7;9;10;12"
Root_2321,12.111008,20.933248,9,"0;2;3;5;6;7;9;10;12"
Root_2322,70.176534,40.511008,8,"2;3;5;6;7;9;10;12"
Root_2323,7.007328,15.829568,9,"0;1;3;5;6;7;9;10;12"
Root_2324,46.841312,36.807328,8,"1;3;5;6;7;9;10;12"
Root_2325,13.036928,21.859168,8,"0;3;5;6;7;9;10;12"
Root_2326,75.335734,41.436928,7,"3;5;6;7;9;10;12"
Root_2327,8.694976,17.517216,9,"0;1;2;5;6;7;9;10;12"
Root_2328,47.762176,37.794976,8,"1;2;5;6;7;9;10;12"
Root_2329,14.024576,22.846816,8,"0;2;5;6;7;9;10;12"
Root_2330,82.412214,42.424576,7,"2;5;6;7;9;10;12"
Root_2331,9.620896,18.443136,8,"0;1;5;6;7;9;10;12"
Root_2332,52.143616,38.720896,7,"1;5;6;7;9;10;12"
Root_2333,14.950496,23.772736,7,"0;5;6;7;9;10;12"
Root_2334,88.247830,43.350496,6,"5;6;7;9;10;12"
Root_2335,5.402400,14.224640,10,"0;1;2;3;4;6;7;9;10;12"
Root_2336,36.700736,35.202400,9,"1;2;3;4;6;7;9;10;12"
Root_2337,11.432000,20.254240,9,"0;2;3;4;6;7;9;10;12"
Root_2338,63.086454,39.832000,8,"2;3;4;6;7;9;10;12"
Root_2339,6.328320,15.150560,9,"0;1;3;4;6;7;9;10;12"
Root_2340,42.088256,36.128320,8,"1;3;4;6;7;9;10;12"
Root_2341,12.357920,21.180160,8,"0;3;4;6;7;9;10;12"
Root_2342,68.245654,40.757920,7,"3;4;6;7;9;10;12"
Root_2343,8.015968,16.838208,9,"0;1;2;4;6;7;9;10;12"
Root_2344,42.330112,37.115968,8,"1;2;4;6;7;9;10;12"
Root_2345,13.345568,22.167808,8,"0;2;4;6;7;9;10;12"
Root_2346,75.322134,41.745568,7,"2;4;6;7;9;10;12"
Root_2347,8.941888,17.764128,8,"0;1;4;6;7;9;10;12"
Root_2348,46.711552,38.041888,7,"1;4;6;7;9;10;12"
Root_2349,14.271488,23.093728,7,"0;4;6;7;9;10;12"
Root_2350,80.481334,42.671488,6,"4;6;7;9;10;12"
Root_2351,7.624608,16.446848,9,"0;1;2;3;6;7;9;10;12"
Root_2352,53.612800,37.424608,8,"1;2;3;6;7;9;10;12"
Root_2353,13.654208,22.476448,8,"0;2;3;6;7;9;10;12"
Root_2354,84.754326,42.054208,7,"2;3;6;7;9;10;12"
Root_2355,8.550528,17.372768,8,"0;1;3;6;7;9;10;12"
Root_2356,57.994240,38.350528,7,"1;3;6;7;9;10;12"
Root_2357,14.580128,23.402368,7,"0;3;6;7;9;10;12"
Root_2358,89.293654,42.980128,6,"3;6;7;9;10;12"
Root_2359,10.238176,19.060416,8,"0;1;2;6;7;9;10;12"
Root_2360,61.445952,39.338176,7,"1;2;6;7;9;10;12"
Root_2361,15.567776,24.390016,7,"0;2;6;7;9;10;12"
Root_2362,96.370134,43.967776,6,"2;6;7;9;10;12"
Root_2363,11.164096,19.986336,7,"0;1;6;7;9;10;12"
Root_2364,65.243318,40.264096,6,"1;6;7;9;10;12"
Root_2365,16.493696,25.315936,6,"0;6;7;9;10;12"
Root_2366,101.529334,44.893696,5,"6;7;9;10;12"
Root_2367,6.285110,15.107350,10,"0;1;2;3;4;5;7;9;10;12"
Root_2368,42.896819,36.085110,9,"1;2;3;4;5;7;9;10;12"
Root_2369,12.314710,21.136950,9,"0;2;3;4;5;7;9;10;12"
Root_2370,72.913558,40.714710,8,"2;3;4;5;7;9;10;12"
Root_2371,7.211030,16.033270,9,"0;1;3;4;5;7;9;10;12"
Root_2372,48.267229,37.011030,8,"1;3;4;5;7;9;10;12"
Root_2373,13.240630,22.062870,8,"0;3;4;5;7;9;10;12"
Root_2374,78.072758,41.640630,7,"3;4;5;7;9;10;12"
Root_2375,8.898678,17.720918,9,"0;1;2;4;5;7;9;10;12"
Root_2376,49.391795,37.998678,8,"1;2;4;5;7;9;10;12"
Root_2377,14.228278,23.050518,8,"0;2;4;5;7;9;10;12"
Root_2378,85.149238,42.628278,7,"2;4;5;7;9;10;12"
Root_2379,9.824598,18.646838,8,"0;1;4;5;7;9;10;12"
Root_2380,53.773235,38.924598,7,"1;4;5;7;9;10;12"
Root_2381,15.154198,23.976438,7,"0;4;5;7;9;10;12"
Root_2382,91.188557,43.554198,6,"4;5;7;9;10;12"
Root_2383,8.507318,17.329558,9,"0;1;2;3;5;7;9;10;12"
Root_2384,60.981802,38.307318,8,"1;2;3;5;7;9;10;12"
Root_2385,14.536918,23.359158,8,"0;2;3;5;7;9;10;12"
Root_2386,93.961558,42.936918,7,"2;3;5;7;9;10;12"
Root_2387,9.433238,18.255478,8,"0;1;3;5;7;9;10;12"
Root_2388,65.055923,39.233238,7,"1;3;5;7;9;10;12"
Root_2389,15.462838,24.285078,7,"0;3;5;7;9;10;12"
Root_2390,99.120758,43.862838,6,"3;5;7;9;10;12"
Root_2391,11.120886,19.943126,8,"0;1;2;5;7;9;10;12"
Root_2392,69.954432,40.220886,7,"1;2;5;7;9;10;12"
Root_2393,16.450486,25.272726,7,"0;2;5;7;9;10;12"
Root_2394,106.197238,44.850486,6,"2;5;7;9;10;12"
Root_2395,12.046806,20.869046,7,"0;1;5;7;9;10;12"
Root_2396,74.187712,41.146806,6,"1;5;7;9;10;12"
Root_2397,18.067629,26.198646,6,"0;5;7;9;10;12"
Root_2398,111.356438,45.776406,5,"5;7;9;10;12"
Root_2399,7.828310,16.650550,9,"0;1;2;3;4;7;9;10;12"
Root_2400,55.242419,37.628310,8,"1;2;3;4;7;9;10;12"
Root_2401,13.857910,22.680150,8,"0;2;3;4;7;9;10;12"
Root_2402,87.287648,42.257910,7,"2;3;4;7;9;10;12"
Root_2403,8.754230,17.576470,8,"0;1;3;4;7;9;10;12"
Root_2404,59.623859,38.554230,7,"1;3;4;7;9;10;12"
Root_2405,14.783830,23.606070,7,"0;3;4;7;9;10;12"
Root_2406,92.030678,43.183830,6,"3;4;7;9;10;12"
Root_2407,10.441878,19.264118,8,"0;1;2;4;7;9;10;12"
Root_2408,63.543360,39.541878,7,"1;2;4;7;9;10;12"
Root_2409,15.771478,24.593718,7,"0;2;4;7;9;10;12"
Root_2410,99.107158,44.171478,6,"2;4;7;9;10;12"
Root_2411,11.367798,20.190038,7,"0;1;4;7;9;10;12"
Root_2412,67.776640,40.467798,6,"1;4;7;9;10;12"
Root_2413,16.709613,25.519638,6,"0;4;7;9;10;12"
Root_2414,104.266358,45.097398,5,"4;7;9;10;12"
Root_2415,10.050518,18.872758,8,"0;1;2;3;7;9;10;12"
Root_2416,74.870602,39.850518,7,"1;2;3;7;9;10;12"
Root_2417,16.080118,24.902358,7,"0;2;3;7;9;10;12"
Root_2418,106.113440,44.480118,6,"2;3;7;9;10;12"
Root_2419,10.976438,19.798678,7,"0;1;3;7;9;10;12"
Root_2420,78.177962,40.776438,6,"1;3;7;9;10;12"
Root_2421,17.326893,25.828278,6,"0;3;7;9;10;12"
Root_2422,110.346720,45.406038,5,"3;7;9;10;12"
Root_2423,12.664086,21.486326,7,"0;1;2;7;9;10;12"
Root_2424,83.279146,41.764086,6,"1;2;7;9;10;12"
Root_2425,19.302189,26.815926,6,"0;2;7;9;10;12"
Root_2426,116.829238,46.393686,5,"2;7;9;10;12"
Root_2427,14.231853,22.412246,6,"0;1;7;9;10;12"
Root_2428,86.602432,42.690006,5,"1;7;9;10;12"
Root_2429,21.154029,27.741846,5,"0;7;9;10;12"
Root_2430,122.627651,47.319606,4,"7;9;10;12"
Root_2431,7.583872,16.406112,10,"0;1;2;3;4;5;6;9;10;12"
Root_2432,45.078368,36.683872,9,"1;2;3;4;5;6;9;10;12"
Root_2433,12.913472,21.735712,9,"0;2;3;4;5;6;9;10;12"
Root_2434,73.801174,41.313472,8,"2;3;4;5;6;9;10;12"
Root_2435,8.509792,17.332032,9,"0;1;3;4;5;6;9;10;12"
Root_2436,48.924096,37.609792,8,"1;3;4;5;6;9;10;12"
Root_2437,13.839392,22.661632,8,"0;3;4;5;6;9;10;12"
Root_2438,78.960374,42.239392,7,"3;4;5;6;9;10;12"
Root_2439,9.497440,18.319680,9,"0;1;2;4;5;6;9;10;12"
Root_2440,50.257216,38.597440,8,"1;2;4;5;6;9;10;12"
Root_2441,14.827040,23.649280,8,"0;2;4;5;6;9;10;12"
Root_2442,86.589814,43.227040,7,"2;4;5;6;9;10;12"
Root_2443,10.423360,19.245600,8,"0;1;4;5;6;9;10;12"
Root_2444,53.360864,39.523360,7,"1;4;5;6;9;10;12"
Root_2445,15.752960,24.575200,7,"0;4;5;6;9;10;12"
Root_2446,92.827894,44.152960,6,"4;5;6;9;10;12"
Root_2447,9.806080,18.628320,9,"0;1;2;3;5;6;9;10;12"
Root_2448,61.539904,38.906080,8,"1;2;3;5;6;9;10;12"
Root_2449,15.135680,23.957920,8,"0;2;3;5;6;9;10;12"
Root_2450,94.849174,43.535680,7,"2;3;5;6;9;10;12"
Root_2451,10.732000,19.554240,8,"0;1;3;5;6;9;10;12"
Root_2452,64.322454,39.832000,7,"1;3;5;6;9;10;12"
Root_2453,16.061600,24.883840,7,"0;3;5;6;9;10;12"
Root_2454,100.469974,44.461600,6,"3;5;6;9;10;12"
Root_2455,11.719648,20.541888,8,"0;1;2;5;6;9;10;12"
Root_2456,70.243286,40.819648,7,"1;2;5;6;9;10;12"
Root_2457,17.413312,25.871488,7,"0;2;5;6;9;10;12"
Root_2458,108.534102,45.449248,6,"2;5;6;9;10;12"
Root_2459,12.645568,21.467808,7,"0;1;5;6;9;10;12"
Root_2460,74.476566,41.745568,6,"1;5;6;9;10;12"
Root_2461,19.265152,26.797408,6,"0;5;6;9;10;12"
Root_2462,114.619222,46.375168,5,"5;6;9;10;12"
Root_2463,9.127072,17.949312,9,"0;1;2;3;4;6;9;10;12"
Root_2464,56.107840,38.227072,8,"1;2;3;4;6;9;10;12"
Root_2465,14.456672,23.278912,8,"0;2;3;4;6;9;10;12"
Root_2466,87.759094,42.856672,7,"2;3;4;6;9;10;12"
Root_2467,10.052992,18.875232,8,"0;1;3;4;6;9;10;12"
Root_2468,59.336288,39.152992,7,"1;3;4;6;9;10;12"
Root_2469,15.382592,24.204832,7,"0;3;4;6;9;10;12"
Root_2470,92.918294,43.782592,6,"3;4;6;9;10;12"
Root_2471,11.040640,19.862880,8,"0;1;2;4;6;9;10;12"
Root_2472,63.832214,40.140640,7,"1;2;4;6;9;10;12"
Root_2473,16.370240,25.192480,7,"0;2;4;6;9;10;12"
Root_2474,100.765014,44.770240,6,"2;4;6;9;10;12"
Root_2475,11.966560,20.788800,7,"0;1;4;6;9;10;12"
Root_2476,68.065494,41.066560,6,"1;4;6;9;10;12"
Root_2477,17.907136,26.118400,6,"0;4;6;9;10;12"
Root_2478,106.850134,45.696160,5,"4;6;9;10;12"
Root_2479,11.349280,20.171520,8,"0;1;2;3;6;9;10;12"
Root_2480,74.560694,40.449280,7,"1;2;3;6;9;10;12"
Root_2481,16.678880,25.501120,7,"0;2;3;6;9;10;12"
Root_2482,107.481174,45.078880,6,"2;3;6;9;10;12"
Root_2483,12.275200,21.097440,7,"0;1;3;6;9;10;12"
Root_2484,77.868054,41.375200,6,"1;3;6;9;10;12"
Root_2485,18.765024,26.427040,6,"0;3;6;9;10;12"
Root_2486,112.645174,46.004800,5,"3;6;9;10;12"
Root_2487,13.577536,22.085088,7,"0;1;2;6;9;10;12"
Root_2488,82.969238,42.362848,6,"1;2;6;9;10;12"
Root_2489,20.499712,27.414688,6,"0;2;6;9;10;12"
Root_2490,120.709302,46.992448,5,"2;6;9;10;12"
Root_2491,15.429376,23.011008,6,"0;1;6;9;10;12"
Root_2492,86.891286,43.288768,5,"1;6;9;10;12"
Root_2493,22.351552,28.340608,5,"0;6;9;10;12"
Root_2494,127.712790,47.918368,4,"6;9;10;12"
Root_2495,10.009782,18.832022,9,"0;1;2;3;4;5;9;10;12"
Root_2496,63.169523,39.109782,8,"1;2;3;4;5;9;10;12"
Root_2497,15.339382,24.161622,8,"0;2;3;4;5;9;10;12"
Root_2498,97.586198,43.739382,7,"2;3;4;5;9;10;12"
Root_2499,10.935702,19.757942,8,"0;1;3;4;5;9;10;12"
Root_2500,66.687776,40.035702,7,"1;3;4;5;9;10;12"
Root_2501,16.265302,25.087542,7,"0;3;4;5;9;10;12"
Root_2502,103.410701,44.665302,6,"3;4;5;9;10;12"
Root_2503,11.923350,20.745590,8,"0;1;2;4;5;9;10;12"
Root_2504,72.776608,41.023350,7,"1;2;4;5;9;10;12"
Root_2505,17.820717,26.075190,7,"0;2;4;5;9;10;12"
Root_2506,111.474829,45.652950,6,"2;4;5;9;10;12"
Root_2507,12.849270,21.671510,7,"0;1;4;5;9;10;12"
Root_2508,77.009888,41.949270,6,"1;4;5;9;10;12"
Root_2509,19.672557,27.001110,6,"0;4;5;9;10;12"
Root_2510,117.559949,46.578870,5,"4;5;9;10;12"
Root_2511,12.231990,21.054230,8,"0;1;2;3;5;9;10;12"
Root_2512,82.622378,41.331990,7,"1;2;3;5;9;10;12"
Root_2513,18.635395,26.383830,7,"0;2;3;5;9;10;12"
Root_2514,117.308278,45.961590,6,"2;3;5;9;10;12"
Root_2515,13.367661,21.980150,7,"0;1;3;5;9;10;12"
Root_2516,85.929738,42.257910,6,"1;3;5;9;10;12"
Root_2517,21.413155,27.309750,6,"0;3;5;9;10;12"
Root_2518,122.467478,46.887510,5,"3;5;9;10;12"
Root_2519,15.342957,22.967798,7,"0;1;2;5;9;10;12"
Root_2520,91.602400,43.245558,6,"1;2;5;9;10;12"
Root_2521,22.265133,28.297398,6,"0;2;5;9;10;12"
Root_2522,131.294275,47.875158,5,"2;5;9;10;12"
Root_2523,17.194797,23.893718,6,"0;1;5;9;10;12"
Root_2524,96.007158,44.171478,5,"1;5;9;10;12"
Root_2525,24.116973,29.223318,5,"0;5;9;10;12"
Root_2526,138.305315,48.801078,4,"5;9;10;12"
Root_2527,11.552982,20.375222,8,"0;1;2;3;4;9;10;12"
Root_2528,76.890314,40.652982,7,"1;2;3;4;9;10;12"
Root_2529,17.079981,25.704822,7,"0;2;3;4;9;10;12"
Root_2530,110.218198,45.282582,6,"2;3;4;9;10;12"
Root_2531,12.478902,21.301142,7,"0;1;3;4;9;10;12"
Root_2532,80.197674,41.578902,6,"1;3;4;9;10;12"
Root_2533,19.376131,26.630742,6,"0;3;4;9;10;12"
Root_2534,115.585901,46.208502,5,"3;4;9;10;12"
Root_2535,13.984941,22.288790,7,"0;1;2;4;9;10;12"
Root_2536,85.298858,42.566550,6,"1;2;4;9;10;12"
Root_2537,20.907117,27.618390,6,"0;2;4;9;10;12"
Root_2538,123.846179,47.196150,5,"2;4;9;10;12"
Root_2539,15.836781,23.214710,6,"0;1;4;9;10;12"
Root_2540,89.424608,43.492470,5,"1;4;9;10;12"
Root_2541,22.758957,28.544310,5,"0;4;9;10;12"
Root_2542,130.857219,48.122070,4,"4;9;10;12"
Root_2543,14.602221,22.597430,7,"0;1;2;3;9;10;12"
Root_2544,93.493898,42.875190,6,"1;2;3;9;10;12"
Root_2545,23.264995,27.927030,6,"0;2;3;9;10;12"
Root_2546,128.949859,47.504790,5,"2;3;9;10;12"
Root_2547,16.454061,23.523350,6,"0;1;3;9;10;12"
Root_2548,96.801258,43.801110,5,"1;3;9;10;12"
Root_2549,26.042755,28.852950,5,"0;3;9;10;12"
Root_2550,135.960899,48.430710,4,"3;9;10;12"
Root_2551,18.429357,24.510998,6,"0;1;2;9;10;12"
Root_2552,102.691200,44.788758,5,"1;2;9;10;12"
Root_2553,25.351533,29.840598,5,"0;2;9;10;12"
Root_2554,145.012675,49.418358,4,"2;9;10;12"
Root_2555,20.281197,25.436918,5,"0;1;9;10;12"
Root_2556,106.924480,45.714678,4,"1;9;10;12"
Root_2557,27.203373,30.766518,4,"0;9;10;12"
Root_2558,152.023715,50.344278,3,"9;10;12"
Root_2559,2.522176,11.344416,11,"0;1;2;3;4;5;6;7;8;10;12"
Root_2560,17.639296,31.622176,10,"1;2;3;4;5;6;7;8;10;12"
Root_2561,7.851776,16.674016,10,"0;2;3;4;5;6;7;8;10;12"
Root_2562,29.489344,36.251776,9,"2;3;4;5;6;7;8;10;12"
Root_2563,3.448096,12.270336,10,"0;1;3;4;5;6;7;8;10;12"
Root_2564,20.965152,32.548096,9,"1;3;4;5;6;7;8;10;12"
Root_2565,8.777696,17.599936,9,"0;3;4;5;6;7;8;10;12"
Root_2566,35.619008,37.177696,8,"3;4;5;6;7;8;10;12"
Root_2567,4.435744,13.257984,10,"0;1;2;4;5;6;7;8;10;12"
Root_2568,17.566432,33.535744,9,"1;2;4;5;6;7;8;10;12"
Root_2569,9.765344,18.587584,9,"0;2;4;5;6;7;8;10;12"
Root_2570,37.897888,38.165344,8,"2;4;5;6;7;8;10;12"
Root_2571,5.361664,14.183904,9,"0;1;4;5;6;7;8;10;12"
Root_2572,20.730528,34.461664,8,"1;4;5;6;7;8;10;12"
Root_2573,10.691264,19.513504,8,"0;4;5;6;7;8;10;12"
Root_2574,42.113984,39.091264,7,"4;5;6;7;8;10;12"
Root_2575,4.744384,13.566624,10,"0;1;2;3;5;6;7;8;10;12"
Root_2576,26.150304,33.844384,9,"1;2;3;5;6;7;8;10;12"
Root_2577,10.073984,18.896224,9,"0;2;3;5;6;7;8;10;12"
Root_2578,49.489216,38.473984,8,"2;3;5;6;7;8;10;12"
Root_2579,5.670304,14.492544,9,"0;1;3;5;6;7;8;10;12"
Root_2580,30.548960,34.770304,8,"1;3;5;6;7;8;10;12"
Root_2581,10.999904,19.822144,8,"0;3;5;6;7;8;10;12"
Root_2582,53.396672,39.399904,7,"3;5;6;7;8;10;12"
Root_2583,6.657952,15.480192,9,"0;1;2;5;6;7;8;10;12"
Root_2584,28.703008,35.757952,8,"1;2;5;6;7;8;10;12"
Root_2585,11.987552,20.809792,8,"0;2;5;6;7;8;10;12"
Root_2586,59.241974,40.387552,7,"2;5;6;7;8;10;12"
Root_2587,7.583872,16.406112,8,"0;1;5;6;7;8;10;12"
Root_2588,35.084448,36.683872,7,"1;5;6;7;8;10;12"
Root_2589,12.913472,21.735712,7,"0;5;6;7;8;10;12"
Root_2590,64.401174,41.313472,6,"5;6;7;8;10;12"
Root_2591,4.065376,12.887616,10,"0;1;2;3;4;6;7;8;10;12"
Root_2592,23.434272,33.165376,9,"1;2;3;4;6;7;8;10;12"
Root_2593,9.394976,18.217216,9,"0;2;3;4;6;7;8;10;12"
Root_2594,43.378144,37.794976,8,"2;3;4;6;7;8;10;12"
Root_2595,4.991296,13.813536,9,"0;1;3;4;6;7;8;10;12"
Root_2596,27.153920,34.091296,8,"1;3;4;6;7;8;10;12"
Root_2597,10.320896,19.143136,8,"0;3;4;6;7;8;10;12"
Root_2598,47.964608,38.720896,7,"3;4;6;7;8;10;12"
Root_2599,5.978944,14.801184,9,"0;1;2;4;6;7;8;10;12"
Root_2600,23.462400,35.078944,8,"1;2;4;6;7;8;10;12"
Root_2601,11.308544,20.130784,8,"0;2;4;6;7;8;10;12"
Root_2602,52.217440,39.708544,7,"2;4;6;7;8;10;12"
Root_2603,6.904864,15.727104,8,"0;1;4;6;7;8;10;12"
Root_2604,29.652384,36.004864,7,"1;4;6;7;8;10;12"
Root_2605,12.234464,21.056704,7,"0;4;6;7;8;10;12"
Root_2606,57.311094,40.634464,6,"4;6;7;8;10;12"
Root_2607,6.287584,15.109824,9,"0;1;2;3;6;7;8;10;12"
Root_2608,34.553632,35.387584,8,"1;2;3;6;7;8;10;12"
Root_2609,11.617184,20.439424,8,"0;2;3;6;7;8;10;12"
Root_2610,63.621110,40.017184,7,"2;3;6;7;8;10;12"
Root_2611,7.213504,16.035744,8,"0;1;3;6;7;8;10;12"
Root_2612,40.935072,36.313504,7,"1;3;6;7;8;10;12"
Root_2613,12.543104,21.365344,7,"0;3;6;7;8;10;12"
Root_2614,67.854390,40.943104,6,"3;6;7;8;10;12"
Root_2615,8.201152,17.023392,8,"0;1;2;6;7;8;10;12"
Root_2616,42.349760,37.301152,7,"1;2;6;7;8;10;12"
Root_2617,13.530752,22.352992,7,"0;2;6;7;8;10;12"
Root_2618,73.943222,41.930752,6,"2;6;7;8;10;12"
Root_2619,9.127072,17.949312,7,"0;1;6;7;8;10;12"
Root_2620,47.430048,38.227072,6,"1;6;7;8;10;12"
Root_2621,14.456672,23.278912,6,"0;6;7;8;10;12"
Root_2622,78.359094,42.856672,5,"6;7;8;10;12"
Root_2623,4.948086,13.770326,10,"0;1;2;3;4;5;7;8;10;12"
Root_2624,26.965114,34.048086,9,"1;2;3;4;5;7;8;10;12"
Root_2625,10.277686,19.099926,9,"0;2;3;4;5;7;8;10;12"
Root_2626,51.322538,38.677686,8,"2;3;4;5;7;8;10;12"
Root_2627,5.874006,14.696246,9,"0;1;3;4;5;7;8;10;12"
Root_2628,31.567472,34.974006,8,"1;3;4;5;7;8;10;12"
Root_2629,11.203606,20.025846,8,"0;3;4;5;7;8;10;12"
Root_2630,55.352106,39.603606,7,"3;4;5;7;8;10;12"
Root_2631,6.861654,15.683894,9,"0;1;2;4;5;7;8;10;12"
Root_2632,30.332627,35.961654,8,"1;2;4;5;7;8;10;12"
Root_2633,12.191254,21.013494,8,"0;2;4;5;7;8;10;12"
Root_2634,61.978998,40.591254,7,"2;4;5;7;8;10;12"
Root_2635,7.787574,16.609814,8,"0;1;4;5;7;8;10;12"
Root_2636,36.714067,36.887574,7,"1;4;5;7;8;10;12"
Root_2637,13.117174,21.939414,7,"0;4;5;7;8;10;12"
Root_2638,67.138198,41.517174,6,"4;5;7;8;10;12"
Root_2639,7.170294,15.992534,9,"0;1;2;3;5;7;8;10;12"
Root_2640,41.885610,36.270294,8,"1;2;3;5;7;8;10;12"
Root_2641,12.499894,21.322134,8,"0;2;3;5;7;8;10;12"
Root_2642,72.565504,40.899894,7,"2;3;5;7;8;10;12"
Root_2643,8.096214,16.918454,8,"0;1;3;5;7;8;10;12"
Root_2644,47.996755,37.196214,7,"1;3;5;7;8;10;12"
Root_2645,13.425814,22.248054,7,"0;3;5;7;8;10;12"
Root_2646,76.798784,41.825814,6,"3;5;7;8;10;12"
Root_2647,9.083862,17.906102,8,"0;1;2;5;7;8;10;12"
Root_2648,50.294154,38.183862,7,"1;2;5;7;8;10;12"
Root_2649,14.413462,23.235702,7,"0;2;5;7;8;10;12"
Root_2650,83.026998,42.813462,6,"2;5;7;8;10;12"
Root_2651,10.009782,18.832022,7,"0;1;5;7;8;10;12"
Root_2652,54.491731,39.109782,6,"1;5;7;8;10;12"
Root_2653,15.339382,24.161622,6,"0;5;7;8;10;12"
Root_2654,88.186198,43.739382,5,"5;7;8;10;12"
Root_2655,6.491286,15.313526,9,"0;1;2;3;4;7;8;10;12"
Root_2656,36.183251,35.591286,8,"1;2;3;4;7;8;10;12"
Root_2657,11.820886,20.643126,8,"0;2;3;4;7;8;10;12"
Root_2658,66.154432,40.220886,7,"2;3;4;7;8;10;12"
Root_2659,7.417206,16.239446,8,"0;1;3;4;7;8;10;12"
Root_2660,42.564691,36.517206,7,"1;3;4;7;8;10;12"
Root_2661,12.746806,21.569046,7,"0;3;4;7;8;10;12"
Root_2662,70.387712,41.146806,6,"3;4;7;8;10;12"
Root_2663,8.404854,17.227094,8,"0;1;2;4;7;8;10;12"
Root_2664,44.183082,37.504854,7,"1;2;4;7;8;10;12"
Root_2665,13.734454,22.556694,7,"0;2;4;7;8;10;12"
Root_2666,76.476544,42.134454,6,"2;4;7;8;10;12"
Root_2667,9.330774,18.153014,7,"0;1;4;7;8;10;12"
Root_2668,49.059667,38.430774,6,"1;4;7;8;10;12"
Root_2669,14.660374,23.482614,6,"0;4;7;8;10;12"
Root_2670,81.096118,43.060374,5,"4;7;8;10;12"
Root_2671,8.713494,17.535734,8,"0;1;2;3;7;8;10;12"
Root_2672,55.774410,37.813494,7,"1;2;3;7;8;10;12"
Root_2673,14.043094,22.865334,7,"0;2;3;7;8;10;12"
Root_2674,85.211210,42.443094,6,"2;3;7;8;10;12"
Root_2675,9.639414,18.461654,7,"0;1;3;7;8;10;12"
Root_2676,60.342355,38.739414,6,"1;3;7;8;10;12"
Root_2677,14.969014,23.791254,6,"0;3;7;8;10;12"
Root_2678,89.213504,43.369014,5,"3;7;8;10;12"
Root_2679,10.627062,19.449302,7,"0;1;2;7;8;10;12"
Root_2680,64.182954,39.727062,6,"1;2;7;8;10;12"
Root_2681,15.956662,24.778902,6,"0;2;7;8;10;12"
Root_2682,95.302336,44.356662,5,"2;7;8;10;12"
Root_2683,11.552982,20.375222,6,"0;1;7;8;10;12"
Root_2684,67.490314,40.652982,5,"1;7;8;10;12"
Root_2685,16.882582,25.704822,5,"0;7;8;10;12"
Root_2686,99.535616,45.282582,4,"7;8;10;12"
Root_2687,5.546848,14.369088,10,"0;1;2;3;4;5;6;8;10;12"
Root_2688,29.360160,34.646848,9,"1;2;3;4;5;6;8;10;12"
Root_2689,10.876448,19.698688,9,"0;2;3;4;5;6;8;10;12"
Root_2690,51.510272,39.276448,8,"2;3;4;5;6;8;10;12"
Root_2691,6.472768,15.295008,9,"0;1;3;4;5;6;8;10;12"
Root_2692,33.938976,35.572768,8,"1;3;4;5;6;8;10;12"
Root_2693,11.802368,20.624608,8,"0;3;4;5;6;8;10;12"
Root_2694,55.790134,40.202368,7,"3;4;5;6;8;10;12"
Root_2695,7.460416,16.282656,9,"0;1;2;4;5;6;8;10;12"
Root_2696,33.198048,36.560416,8,"1;2;4;5;6;8;10;12"
Root_2697,12.790016,21.612256,8,"0;2;4;5;6;8;10;12"
Root_2698,62.866614,41.190016,7,"2;4;5;6;8;10;12"
Root_2699,8.386336,17.208576,8,"0;1;4;5;6;8;10;12"
Root_2700,38.093152,37.486336,7,"1;4;5;6;8;10;12"
Root_2701,13.715936,22.538176,7,"0;4;5;6;8;10;12"
Root_2702,68.025814,42.115936,6,"4;5;6;8;10;12"
Root_2703,7.769056,16.591296,9,"0;1;2;3;5;6;8;10;12"
Root_2704,44.480736,36.869056,8,"1;2;3;5;6;8;10;12"
Root_2705,13.098656,21.920896,8,"0;2;3;5;6;8;10;12"
Root_2706,72.854358,41.498656,7,"2;3;5;6;8;10;12"
Root_2707,8.694976,17.517216,8,"0;1;3;5;6;8;10;12"
Root_2708,49.067200,37.794976,7,"1;3;5;6;8;10;12"
Root_2709,14.024576,22.846816,7,"0;3;5;6;8;10;12"
Root_2710,77.087638,42.424576,6,"3;5;6;8;10;12"
Root_2711,9.682624,18.504864,8,"0;1;2;5;6;8;10;12"
Root_2712,50.975712,38.782624,7,"1;2;5;6;8;10;12"
Root_2713,15.012224,23.834464,7,"0;2;5;6;8;10;12"
Root_2714,83.914614,43.412224,6,"2;5;6;8;10;12"
Root_2715,10.608544,19.430784,7,"0;1;5;6;8;10;12"
Root_2716,53.700352,39.708544,6,"1;5;6;8;10;12"
Root_2717,15.938144,24.760384,6,"0;5;6;8;10;12"
Root_2718,89.411958,44.338144,5,"5;6;8;10;12"
Root_2719,7.090048,15.912288,9,"0;1;2;3;4;6;8;10;12"
Root_2720,39.048672,36.190048,8,"1;2;3;4;6;8;10;12"
Root_2721,12.419648,21.241888,8,"0;2;3;4;6;8;10;12"
Root_2722,66.443286,40.819648,7,"2;3;4;6;8;10;12"
Root_2723,8.015968,16.838208,8,"0;1;3;4;6;8;10;12"
Root_2724,44.314144,37.115968,7,"1;3;4;6;8;10;12"
Root_2725,13.345568,22.167808,7,"0;3;4;6;8;10;12"
Root_2726,70.676566,41.745568,6,"3;4;6;8;10;12"
Root_2727,9.003616,17.825856,8,"0;1;2;4;6;8;10;12"
Root_2728,45.543648,38.103616,7,"1;2;4;6;8;10;12"
Root_2729,14.333216,23.155456,7,"0;2;4;6;8;10;12"
Root_2730,76.824534,42.733216,6,"2;4;6;8;10;12"
Root_2731,9.929536,18.751776,7,"0;1;4;6;8;10;12"
Root_2732,48.895552,39.029536,6,"1;4;6;8;10;12"
Root_2733,15.259136,24.081376,6,"0;4;6;8;10;12"
Root_2734,81.983734,43.659136,5,"4;6;8;10;12"
Root_2735,9.312256,18.134496,8,"0;1;2;3;6;8;10;12"
Root_2736,56.826336,38.412256,7,"1;2;3;6;8;10;12"
Root_2737,14.641856,23.464096,7,"0;2;3;6;8;10;12"
Root_2738,85.269078,43.041856,6,"2;3;6;8;10;12"
Root_2739,10.238176,19.060416,7,"0;1;3;6;8;10;12"
Root_2740,59.869600,39.338176,6,"1;3;6;8;10;12"
Root_2741,15.567776,24.390016,6,"0;3;6;8;10;12"
Root_2742,89.502358,43.967776,5,"3;6;8;10;12"
Root_2743,11.225824,20.048064,7,"0;1;2;6;8;10;12"
Root_2744,63.873046,40.325824,6,"1;2;6;8;10;12"
Root_2745,16.555424,25.377664,6,"0;2;6;8;10;12"
Root_2746,96.546614,44.955424,5,"2;6;8;10;12"
Root_2747,12.151744,20.973984,6,"0;1;6;8;10;12"
Root_2748,67.180406,41.251744,5,"1;6;8;10;12"
Root_2749,17.481344,26.303584,5,"0;6;8;10;12"
Root_2750,101.705814,45.881344,4,"6;8;10;12"
Root_2751,7.972758,16.794998,9,"0;1;2;3;4;5;8;10;12"
Root_2752,46.110355,37.072758,8,"1;2;3;4;5;8;10;12"
Root_2753,13.302358,22.124598,8,"0;2;3;4;5;8;10;12"
Root_2754,75.387680,41.702358,7,"2;3;4;5;8;10;12"
Root_2755,8.898678,17.720918,8,"0;1;3;4;5;8;10;12"
Root_2756,50.493117,37.998678,7,"1;3;4;5;8;10;12"
Root_2757,14.228278,23.050518,7,"0;3;4;5;8;10;12"
Root_2758,79.620960,42.628278,6,"3;4;5;8;10;12"
Root_2759,9.886326,18.708566,8,"0;1;2;4;5;8;10;12"
Root_2760,52.605331,38.986326,7,"1;2;4;5;8;10;12"
Root_2761,15.215926,24.038166,7,"0;2;4;5;8;10;12"
Root_2762,86.651638,43.615926,6,"2;4;5;8;10;12"
Root_2763,10.812246,19.634486,7,"0;1;4;5;8;10;12"
Root_2764,55.964426,39.912246,6,"1;4;5;8;10;12"
Root_2765,16.141846,24.964086,6,"0;4;5;8;10;12"
Root_2766,92.352685,44.541846,5,"4;5;8;10;12"
Root_2767,10.194966,19.017206,8,"0;1;2;3;5;8;10;12"
Root_2768,63.888019,39.294966,7,"1;2;3;5;8;10;12"
Root_2769,15.524566,24.346806,7,"0;2;3;5;8;10;12"
Root_2770,94.213472,43.924566,6,"2;3;5;8;10;12"
Root_2771,11.120886,19.943126,7,"0;1;3;5;8;10;12"
Root_2772,66.833546,40.220886,6,"1;3;5;8;10;12"
Root_2773,16.450486,25.272726,6,"0;3;5;8;10;12"
Root_2774,99.297238,44.850486,5,"3;5;8;10;12"
Root_2775,12.108534,20.930774,7,"0;1;2;5;8;10;12"
Root_2776,71.934730,41.208534,6,"1;2;5;8;10;12"
Root_2777,17.438134,26.260374,6,"0;2;5;8;10;12"
Root_2778,106.373718,45.838134,5,"2;5;8;10;12"
Root_2779,13.120749,21.856694,6,"0;1;5;8;10;12"
Root_2780,75.242090,42.134454,5,"1;5;8;10;12"
Root_2781,18.364054,27.186294,5,"0;5;8;10;12"
Root_2782,111.532918,46.764054,4,"5;8;10;12"
Root_2783,9.515958,18.338198,8,"0;1;2;3;4;8;10;12"
Root_2784,58.455955,38.615958,7,"1;2;3;4;8;10;12"
Root_2785,14.845558,23.667798,7,"0;2;3;4;8;10;12"
Root_2786,87.802400,43.245558,6,"2;3;4;8;10;12"
Root_2787,10.441878,19.264118,7,"0;1;3;4;8;10;12"
Root_2788,61.559603,39.541878,6,"1;3;4;8;10;12"
Root_2789,15.771478,24.593718,6,"0;3;4;8;10;12"
Root_2790,92.207158,44.171478,5,"3;4;8;10;12"
Root_2791,11.429526,20.251766,7,"0;1;2;4;8;10;12"
Root_2792,66.202666,40.529526,6,"1;2;4;8;10;12"
Root_2793,16.759126,25.581366,6,"0;2;4;8;10;12"
Root_2794,99.283638,45.159126,5,"2;4;8;10;12"
Root_2795,12.355446,21.177686,6,"0;1;4;8;10;12"
Root_2796,69.510026,41.455446,5,"1;4;8;10;12"
Root_2797,17.685046,26.507286,5,"0;4;8;10;12"
Root_2798,104.527885,46.085046,4,"4;8;10;12"
Root_2799,11.738166,20.560406,7,"0;1;2;3;8;10;12"
Root_2800,76.233619,40.838166,6,"1;2;3;8;10;12"
Root_2801,17.067766,25.890006,6,"0;2;3;8;10;12"
Root_2802,105.302272,45.467766,5,"2;3;8;10;12"
Root_2803,12.664086,21.486326,6,"0;1;3;8;10;12"
Root_2804,78.615059,41.764086,5,"1;3;8;10;12"
Root_2805,18.623181,26.815926,5,"0;3;8;10;12"
Root_2806,109.929238,46.393686,4,"3;8;10;12"
Root_2807,14.355309,22.473974,6,"0;1;2;8;10;12"
Root_2808,82.806250,42.751734,5,"1;2;8;10;12"
Root_2809,18.981334,27.803574,5,"0;2;8;10;12"
Root_2810,117.768387,47.381334,4,"2;8;10;12"
Root_2811,16.207149,23.399894,5,"0;1;8;10;12"
Root_2812,86.113610,43.677654,4,"1;8;10;12"
Root_2813,19.907254,28.729494,4,"0;8;10;12"
Root_2814,124.779427,48.307254,3,"8;10;12"
Root_2815,7.151776,15.974016,10,"0;1;2;3;4;5;6;7;10;12"
Root_2816,34.737568,36.251776,9,"1;2;3;4;5;6;7;10;12"
Root_2817,12.481376,21.303616,9,"0;2;3;4;5;6;7;10;12"
Root_2818,66.361590,40.881376,8,"2;3;4;5;6;7;10;12"
Root_2819,8.077696,16.899936,9,"0;1;3;4;5;6;7;10;12"
Root_2820,39.941312,37.177696,8,"1;3;4;5;6;7;10;12"
Root_2821,13.407296,22.229536,8,"0;3;4;5;6;7;10;12"
Root_2822,72.446710,41.807296,7,"3;4;5;6;7;10;12"
Root_2823,9.065344,17.887584,9,"0;1;2;4;5;6;7;10;12"
Root_2824,41.397888,38.165344,8,"1;2;4;5;6;7;10;12"
Root_2825,14.394944,23.217184,8,"0;2;4;5;6;7;10;12"
Root_2826,80.631702,42.794944,7,"2;4;5;6;7;10;12"
Root_2827,9.991264,18.813504,8,"0;1;4;5;6;7;10;12"
Root_2828,45.613984,39.091264,7,"1;4;5;6;7;10;12"
Root_2829,15.320864,24.143104,7,"0;4;5;6;7;10;12"
Root_2830,87.642742,43.720864,6,"4;5;6;7;10;12"
Root_2831,9.373984,18.196224,9,"0;1;2;3;5;6;7;10;12"
Root_2832,52.989216,38.473984,8,"1;2;3;5;6;7;10;12"
Root_2833,14.703584,23.525824,8,"0;2;3;5;6;7;10;12"
Root_2834,89.631798,43.103584,7,"2;3;5;6;7;10;12"
Root_2835,10.299904,19.122144,8,"0;1;3;5;6;7;10;12"
Root_2836,56.896672,39.399904,7,"1;3;5;6;7;10;12"
Root_2837,15.629504,24.451744,7,"0;3;5;6;7;10;12"
Root_2838,95.716918,44.029504,6,"3;5;6;7;10;12"
Root_2839,11.287552,20.109792,8,"0;1;2;5;6;7;10;12"
Root_2840,62.741974,40.387552,7,"1;2;5;6;7;10;12"
Root_2841,16.617152,25.439392,7,"0;2;5;6;7;10;12"
Root_2842,103.781046,45.017152,6,"2;5;6;7;10;12"
Root_2843,12.213472,21.035712,7,"0;1;5;6;7;10;12"
Root_2844,67.901174,41.313472,6,"1;5;6;7;10;12"
Root_2845,17.543072,26.365312,6,"0;5;6;7;10;12"
Root_2846,109.866166,45.943072,5,"5;6;7;10;12"
Root_2847,8.694976,17.517216,9,"0;1;2;3;4;6;7;10;12"
Root_2848,47.083168,37.794976,8,"1;2;3;4;6;7;10;12"
Root_2849,14.024576,22.846816,8,"0;2;3;4;6;7;10;12"
Root_2850,82.112214,42.424576,7,"2;3;4;6;7;10;12"
Root_2851,9.620896,18.443136,8,"0;1;3;4;6;7;10;12"
Root_2852,51.464608,38.720896,7,"1;3;4;6;7;10;12"
Root_2853,14.950496,23.772736,7,"0;3;4;6;7;10;12"
Root_2854,87.947830,43.350496,6,"3;4;6;7;10;12"
Root_2855,10.608544,19.430784,8,"0;1;2;4;6;7;10;12"
Root_2856,55.717440,39.708544,7,"1;2;4;6;7;10;12"
Root_2857,15.938144,24.760384,7,"0;2;4;6;7;10;12"
Root_2858,96.011958,44.338144,6,"2;4;6;7;10;12"
Root_2859,11.534464,20.356704,7,"0;1;4;6;7;10;12"
Root_2860,60.811094,40.634464,6,"1;4;6;7;10;12"
Root_2861,16.864064,25.686304,6,"0;4;6;7;10;12"
Root_2862,102.097078,45.264064,5,"4;6;7;10;12"
Root_2863,10.917184,19.739424,8,"0;1;2;3;6;7;10;12"
Root_2864,67.121110,40.017184,7,"1;2;3;6;7;10;12"
Root_2865,16.246784,25.069024,7,"0;2;3;6;7;10;12"
Root_2866,103.160214,44.646784,6,"2;3;6;7;10;12"
Root_2867,11.843104,20.665344,7,"0;1;3;6;7;10;12"
Root_2868,71.354390,40.943104,6,"1;3;6;7;10;12"
Root_2869,17.172704,25.994944,6,"0;3;6;7;10;12"
Root_2870,108.319414,45.572704,5,"3;6;7;10;12"
Root_2871,12.830752,21.652992,7,"0;1;2;6;7;10;12"
Root_2872,77.443222,41.930752,6,"1;2;6;7;10;12"
Root_2873,18.160352,26.982592,6,"0;2;6;7;10;12"
Root_2874,115.956246,46.560352,5,"2;6;7;10;12"
Root_2875,14.565184,22.578912,6,"0;1;6;7;10;12"
Root_2876,81.859094,42.856672,5,"1;6;7;10;12"
Root_2877,19.086272,27.908512,5,"0;6;7;10;12"
Root_2878,122.527638,47.486272,4,"6;7;10;12"
Root_2879,9.577686,18.399926,9,"0;1;2;3;4;5;7;10;12"
Root_2880,54.822538,38.677686,8,"1;2;3;4;5;7;10;12"
Root_2881,14.907286,23.729526,8,"0;2;3;4;5;7;10;12"
Root_2882,92.572525,43.307286,7,"2;3;4;5;7;10;12"
Root_2883,10.503606,19.325846,8,"0;1;3;4;5;7;10;12"
Root_2884,58.852106,39.603606,7,"1;3;4;5;7;10;12"
Root_2885,15.833206,24.655446,7,"0;3;4;5;7;10;12"
Root_2886,98.657645,44.233206,6,"3;4;5;7;10;12"
Root_2887,11.491254,20.313494,8,"0;1;2;4;5;7;10;12"
Root_2888,65.478998,40.591254,7,"1;2;4;5;7;10;12"
Root_2889,16.820854,25.643094,7,"0;2;4;5;7;10;12"
Root_2890,106.721773,45.220854,6,"2;4;5;7;10;12"
Root_2891,12.417174,21.239414,7,"0;1;4;5;7;10;12"
Root_2892,70.638198,41.517174,6,"1;4;5;7;10;12"
Root_2893,17.746774,26.569014,6,"0;4;5;7;10;12"
Root_2894,112.806893,46.146774,5,"4;5;7;10;12"
Root_2895,11.799894,20.622134,8,"0;1;2;3;5;7;10;12"
Root_2896,76.065504,40.899894,7,"1;2;3;5;7;10;12"
Root_2897,17.129494,25.951734,7,"0;2;3;5;7;10;12"
Root_2898,112.987318,45.529494,6,"2;3;5;7;10;12"
Root_2899,12.725814,21.548054,7,"0;1;3;5;7;10;12"
Root_2900,80.298784,41.825814,6,"1;3;5;7;10;12"
Root_2901,18.746637,26.877654,6,"0;3;5;7;10;12"
Root_2902,118.146518,46.455414,5,"3;5;7;10;12"
Root_2903,14.478765,22.535702,7,"0;1;2;5;7;10;12"
Root_2904,86.526998,42.813462,6,"1;2;5;7;10;12"
Root_2905,19.043062,27.865302,6,"0;2;5;7;10;12"
Root_2906,126.109123,47.443062,5,"2;5;7;10;12"
Root_2907,16.330605,23.461622,6,"0;1;5;7;10;12"
Root_2908,91.686198,43.739382,5,"1;5;7;10;12"
Root_2909,19.968982,28.791222,5,"0;5;7;10;12"
Root_2910,133.120163,48.368982,4,"5;7;10;12"
Root_2911,11.120886,19.943126,8,"0;1;2;3;4;7;10;12"
Root_2912,69.654432,40.220886,7,"1;2;3;4;7;10;12"
Root_2913,16.450486,25.272726,7,"0;2;3;4;7;10;12"
Root_2914,105.897238,44.850486,6,"2;3;4;7;10;12"
Root_2915,12.046806,20.869046,7,"0;1;3;4;7;10;12"
Root_2916,73.887712,41.146806,6,"1;3;4;7;10;12"
Root_2917,17.388621,26.198646,6,"0;3;4;7;10;12"
Root_2918,111.056438,45.776406,5,"3;4;7;10;12"
Root_2919,13.120749,21.856694,7,"0;1;2;4;7;10;12"
Root_2920,79.976544,42.134454,6,"1;2;4;7;10;12"
Root_2921,18.364054,27.186294,6,"0;2;4;7;10;12"
Root_2922,118.896973,46.764054,5,"2;4;7;10;12"
Root_2923,14.972589,22.782614,6,"0;1;4;7;10;12"
Root_2924,84.596118,43.060374,5,"1;4;7;10;12"
Root_2925,19.289974,28.112214,5,"0;4;7;10;12"
Root_2926,125.672067,47.689974,4,"4;7;10;12"
Root_2927,13.738029,22.165334,7,"0;1;2;3;7;10;12"
Root_2928,88.711210,42.443094,6,"1;2;3;7;10;12"
Root_2929,19.981197,27.494934,6,"0;2;3;7;10;12"
Root_2930,123.764707,47.072694,5,"2;3;7;10;12"
Root_2931,15.589869,23.091254,6,"0;1;3;7;10;12"
Root_2932,92.713504,43.369014,5,"1;3;7;10;12"
Root_2933,21.833037,28.420854,5,"0;3;7;10;12"
Root_2934,130.775747,47.998614,4,"3;7;10;12"
Root_2935,17.565165,24.078902,6,"0;1;2;7;10;12"
Root_2936,98.802336,44.356662,5,"1;2;7;10;12"
Root_2937,20.586262,29.408502,5,"0;2;7;10;12"
Root_2938,139.827523,48.986262,4,"2;7;10;12"
Root_2939,19.417005,25.004822,5,"0;1;7;10;12"
Root_2940,103.035616,45.282582,4,"1;7;10;12"
Root_2941,21.512182,30.334422,4,"0;7;10;12"
Root_2942,146.838563,49.912182,3,"7;10;12"
Root_2943,10.176448,18.998688,9,"0;1;2;3;4;5;6;10;12"
Root_2944,55.010272,39.276448,8,"1;2;3;4;5;6;10;12"
Root_2945,15.506048,24.328288,8,"0;2;3;4;5;6;10;12"
Root_2946,94.058902,43.906048,7,"2;3;4;5;6;10;12"
Root_2947,11.102368,19.924608,8,"0;1;3;4;5;6;10;12"
Root_2948,59.290134,40.202368,7,"1;3;4;5;6;10;12"
Root_2949,16.431968,25.254208,7,"0;3;4;5;6;10;12"
Root_2950,100.975990,44.831968,6,"3;4;5;6;10;12"
Root_2951,12.090016,20.912256,8,"0;1;2;4;5;6;10;12"
Root_2952,66.366614,41.190016,7,"1;2;4;5;6;10;12"
Root_2953,17.419616,26.241856,7,"0;2;4;5;6;10;12"
Root_2954,110.027766,45.819616,6,"2;4;5;6;10;12"
Root_2955,13.083712,21.838176,7,"0;1;4;5;6;10;12"
Root_2956,71.525814,42.115936,6,"1;4;5;6;10;12"
Root_2957,18.345536,27.167776,6,"0;4;5;6;10;12"
Root_2958,117.038806,46.745536,5,"4;5;6;10;12"
Root_2959,12.398656,21.220896,8,"0;1;2;3;5;6;10;12"
Root_2960,76.354358,41.498656,7,"1;2;3;5;6;10;12"
Root_2961,18.092320,26.550496,7,"0;2;3;5;6;10;12"
Root_2962,116.003190,46.128256,6,"2;3;5;6;10;12"
Root_2963,13.700992,22.146816,7,"0;1;3;5;6;10;12"
Root_2964,80.587638,42.424576,6,"1;3;5;6;10;12"
Root_2965,19.944160,27.476416,6,"0;3;5;6;10;12"
Root_2966,122.142486,47.054176,5,"3;5;6;10;12"
Root_2967,15.676288,23.134464,7,"0;1;2;5;6;10;12"
Root_2968,87.414614,43.412224,6,"1;2;5;6;10;12"
Root_2969,19.641824,28.464064,6,"0;2;5;6;10;12"
Root_2970,131.194262,48.041824,5,"2;5;6;10;12"
Root_2971,17.528128,24.060384,6,"0;1;5;6;10;12"
Root_2972,92.911958,44.338144,5,"1;5;6;10;12"
Root_2973,20.567744,29.389984,5,"0;5;6;10;12"
Root_2974,138.205302,48.967744,4,"5;6;10;12"
Root_2975,11.719648,20.541888,8,"0;1;2;3;4;6;10;12"
Root_2976,69.943286,40.819648,7,"1;2;3;4;6;10;12"
Root_2977,17.049248,25.871488,7,"0;2;3;4;6;10;12"
Root_2978,108.234102,45.449248,6,"2;3;4;6;10;12"
Root_2979,12.645568,21.467808,7,"0;1;3;4;6;10;12"
Root_2980,74.176566,41.745568,6,"1;3;4;6;10;12"
Root_2981,18.586144,26.797408,6,"0;3;4;6;10;12"
Root_2982,114.694390,46.375168,5,"3;4;6;10;12"
Root_2983,14.318272,22.455456,7,"0;1;2;4;6;10;12"
Root_2984,80.324534,42.733216,6,"1;2;4;6;10;12"
Root_2985,18.962816,27.785056,6,"0;2;4;6;10;12"
Root_2986,123.746166,47.362816,5,"2;4;6;10;12"
Root_2987,16.170112,23.381376,6,"0;1;4;6;10;12"
Root_2988,85.483734,43.659136,5,"1;4;6;10;12"
Root_2989,19.888736,28.710976,5,"0;4;6;10;12"
Root_2990,130.757206,48.288736,4,"4;6;10;12"
Root_2991,14.935552,22.764096,7,"0;1;2;3;6;10;12"
Root_2992,88.769078,43.041856,6,"1;2;3;6;10;12"
Root_2993,21.178720,28.093696,6,"0;2;3;6;10;12"
Root_2994,128.849846,47.671456,5,"2;3;6;10;12"
Root_2995,16.787392,23.690016,6,"0;1;3;6;10;12"
Root_2996,93.002358,43.967776,5,"1;3;6;10;12"
Root_2997,23.030560,29.019616,5,"0;3;6;10;12"
Root_2998,135.860886,48.597376,4,"3;6;10;12"
Root_2999,18.762688,24.677664,6,"0;1;2;6;10;12"
Root_3000,100.046614,44.955424,5,"1;2;6;10;12"
Root_3001,21.185024,30.007264,5,"0;2;6;10;12"
Root_3002,144.912662,49.585024,4,"2;6;10;12"
Root_3003,20.614528,25.603584,5,"0;1;6;10;12"
Root_3004,105.205814,45.881344,4,"1;6;10;12"
Root_3005,22.110944,30.933184,4,"0;6;10;12"
Root_3006,151.923702,50.510944,3,"6;10;12"
Root_3007,12.602358,21.424598,8,"0;1;2;3;4;5;10;12"
Root_3008,78.887680,41.702358,7,"1;2;3;4;5;10;12"
Root_3009,18.499725,26.754198,7,"0;2;3;4;5;10;12"
Root_3010,118.943917,46.331958,6,"2;3;4;5;10;12"
Root_3011,14.108397,22.350518,7,"0;1;3;4;5;10;12"
Root_3012,83.120960,42.628278,6,"1;3;4;5;10;12"
Root_3013,20.351565,27.680118,6,"0;3;4;5;10;12"
Root_3014,125.286915,47.257878,5,"3;4;5;10;12"
Root_3015,16.083693,23.338166,7,"0;1;2;4;5;10;12"
Root_3016,90.151638,43.615926,6,"1;2;4;5;10;12"
Root_3017,19.845526,28.667766,6,"0;2;4;5;10;12"
Root_3018,134.338691,48.245526,5,"2;4;5;10;12"
Root_3019,17.935533,24.264086,6,"0;1;4;5;10;12"
Root_3020,95.852685,44.541846,5,"1;4;5;10;12"
Root_3021,20.771446,29.593686,5,"0;4;5;10;12"
Root_3022,141.349731,49.171446,4,"4;5;10;12"
Root_3023,16.700973,23.646806,7,"0;1;2;3;5;10;12"
Root_3024,97.713472,43.924566,6,"1;2;3;5;10;12"
Root_3025,22.944141,28.976406,6,"0;2;3;5;10;12"
Root_3026,139.442371,48.554166,5,"2;3;5;10;12"
Root_3027,18.552813,24.572726,6,"0;1;3;5;10;12"
Root_3028,102.797238,44.850486,5,"1;3;5;10;12"
Root_3029,24.795981,29.902326,5,"0;3;5;10;12"
Root_3030,146.453411,49.480086,4,"3;5;10;12"
Root_3031,20.528109,25.560374,6,"0;1;2;5;10;12"
Root_3032,109.873718,45.838134,5,"1;2;5;10;12"
Root_3033,22.067734,30.889974,5,"0;2;5;10;12"
Root_3034,155.505187,50.467734,4,"2;5;10;12"
Root_3035,22.379949,26.486294,5,"0;1;5;10;12"
Root_3036,115.032918,46.764054,4,"1;5;10;12"
Root_3037,22.993654,31.815894,4,"0;5;10;12"
Root_3038,162.516227,51.393654,3,"5;10;12"
Root_3039,15.342957,22.967798,7,"0;1;2;3;4;10;12"
Root_3040,91.302400,43.245558,6,"1;2;3;4;10;12"
Root_3041,21.586125,28.297398,6,"0;2;3;4;10;12"
Root_3042,131.994275,47.875158,5,"2;3;4;10;12"
Root_3043,17.194797,23.893718,6,"0;1;3;4;10;12"
Root_3044,95.707158,44.171478,5,"1;3;4;10;12"
Root_3045,23.437965,29.223318,5,"0;3;4;10;12"
Root_3046,139.005315,48.801078,4,"3;4;10;12"
Root_3047,19.170093,24.881366,6,"0;1;2;4;10;12"
Root_3048,102.783638,45.159126,5,"1;2;4;10;12"
Root_3049,21.388726,30.210966,5,"0;2;4;10;12"
Root_3050,148.057091,49.788726,4,"2;4;10;12"
Root_3051,21.021933,25.807286,5,"0;1;4;10;12"
Root_3052,108.027885,46.085046,4,"1;4;10;12"
Root_3053,22.314646,31.136886,4,"0;4;10;12"
Root_3054,155.068131,50.714646,3,"4;10;12"
Root_3055,19.787373,25.190006,6,"0;1;2;3;10;12"
Root_3056,108.802272,45.467766,5,"1;2;3;10;12"
Root_3057,26.030541,30.519606,5,"0;2;3;10;12"
Root_3058,153.160771,50.097366,4,"2;3;10;12"
Root_3059,21.639213,26.115926,5,"0;1;3;10;12"
Root_3060,113.429238,46.393686,4,"1;3;10;12"
Root_3061,27.882381,31.445526,4,"0;3;10;12"
Root_3062,160.171811,51.023286,3,"3;10;12"
Root_3063,23.614509,27.103574,5,"0;1;2;10;12"
Root_3064,121.268387,47.381334,4,"1;2;10;12"
Root_3065,24.044109,32.433174,4,"0;2;10;12"
Root_3066,169.223587,52.010934,3,"2;10;12"
Root_3067,25.466349,28.029494,4,"0;1;10;12"
Root_3068,128.279427,48.307254,3,"1;10;12"
Root_3069,25.895949,33.359094,3,"0;10;12"
Root_3070,176.234627,52.936854,2,"10;12"
Root_3071,0.155520,8.977760,11,"0;1;2;3;4;5;6;7;8;9;12"
Root_3072,17.087424,29.955520,10,"1;2;3;4;5;6;7;8;9;12"
Root_3073,6.185120,15.007360,10,"0;2;3;4;5;6;7;8;9;12"
Root_3074,26.471136,34.585120,9,"2;3;4;5;6;7;8;9;12"
Root_3075,1.081440,9.903680,10,"0;1;3;4;5;6;7;8;9;12"
Root_3076,20.791104,30.881440,9,"1;3;4;5;6;7;8;9;12"
Root_3077,7.111040,15.933280,9,"0;3;4;5;6;7;8;9;12"
Root_3078,32.267296,35.511040,8,"3;4;5;6;7;8;9;12"
Root_3079,2.769088,11.591328,10,"0;1;2;4;5;6;7;8;9;12"
Root_3080,19.059040,31.869088,9,"1;2;4;5;6;7;8;9;12"
Root_3081,8.098688,16.920928,9,"0;2;4;5;6;7;8;9;12"
Root_3082,32.390560,36.498688,8,"2;4;5;6;7;8;9;12"
Root_3083,3.695008,12.517248,9,"0;1;4;5;6;7;8;9;12"
Root_3084,22.631808,32.795008,8,"1;4;5;6;7;8;9;12"
Root_3085,9.024608,17.846848,8,"0;4;5;6;7;8;9;12"
Root_3086,38.273312,37.424608,7,"4;5;6;7;8;9;12"
Root_3087,2.377728,11.199968,10,"0;1;2;3;5;6;7;8;9;12"
Root_3088,26.153984,32.177728,9,"1;2;3;5;6;7;8;9;12"
Root_3089,8.407328,17.229568,9,"0;2;3;5;6;7;8;9;12"
Root_3090,43.981888,36.807328,8,"2;3;5;6;7;8;9;12"
Root_3091,3.303648,12.125888,9,"0;1;3;5;6;7;8;9;12"
Root_3092,30.783584,33.103648,8,"1;3;5;6;7;8;9;12"
Root_3093,9.333248,18.155488,8,"0;3;5;6;7;8;9;12"
Root_3094,49.556000,37.733248,7,"3;5;6;7;8;9;12"
Root_3095,4.991296,13.813536,9,"0;1;2;5;6;7;8;9;12"
Root_3096,27.832928,34.091296,8,"1;2;5;6;7;8;9;12"
Root_3097,10.320896,19.143136,8,"0;2;5;6;7;8;9;12"
Root_3098,52.390432,38.720896,7,"2;5;6;7;8;9;12"
Root_3099,5.917216,14.739456,8,"0;1;5;6;7;8;9;12"
Root_3100,32.479744,35.017216,7,"1;5;6;7;8;9;12"
Root_3101,11.246816,20.069056,7,"0;5;6;7;8;9;12"
Root_3102,56.050976,39.646816,6,"5;6;7;8;9;12"
Root_3103,1.698720,10.520960,10,"0;1;2;3;4;6;7;8;9;12"
Root_3104,23.260224,31.498720,9,"1;2;3;4;6;7;8;9;12"
Root_3105,7.728320,16.550560,9,"0;2;3;4;6;7;8;9;12"
Root_3106,37.870816,36.128320,8,"2;3;4;6;7;8;9;12"
Root_3107,2.624640,11.446880,9,"0;1;3;4;6;7;8;9;12"
Root_3108,27.388544,32.424640,8,"1;3;4;6;7;8;9;12"
Root_3109,8.654240,17.476480,8,"0;3;4;6;7;8;9;12"
Root_3110,44.123936,37.054240,7,"3;4;6;7;8;9;12"
Root_3111,4.312288,13.134528,9,"0;1;2;4;6;7;8;9;12"
Root_3112,25.100928,33.412288,8,"1;2;4;6;7;8;9;12"
Root_3113,9.641888,18.464128,8,"0;2;4;6;7;8;9;12"
Root_3114,46.279360,38.041888,7,"2;4;6;7;8;9;12"
Root_3115,5.238208,14.060448,8,"0;1;4;6;7;8;9;12"
Root_3116,29.067488,34.338208,7,"1;4;6;7;8;9;12"
Root_3117,10.567808,19.390048,7,"0;4;6;7;8;9;12"
Root_3118,50.618912,38.967808,6,"4;6;7;8;9;12"
Root_3119,3.920928,12.743168,9,"0;1;2;3;6;7;8;9;12"
Root_3120,33.869984,33.720928,8,"1;2;3;6;7;8;9;12"
Root_3121,9.950528,18.772768,8,"0;2;3;6;7;8;9;12"
Root_3122,57.870688,38.350528,7,"2;3;6;7;8;9;12"
Root_3123,4.846848,13.669088,8,"0;1;3;6;7;8;9;12"
Root_3124,39.071104,34.646848,7,"1;3;6;7;8;9;12"
Root_3125,10.876448,19.698688,7,"0;3;6;7;8;9;12"
Root_3126,61.901600,39.276448,6,"3;6;7;8;9;12"
Root_3127,6.534496,15.356736,8,"0;1;2;6;7;8;9;12"
Root_3128,37.207936,35.634496,7,"1;2;6;7;8;9;12"
Root_3129,11.864096,20.686336,7,"0;2;6;7;8;9;12"
Root_3130,66.769238,40.264096,6,"2;6;7;8;9;12"
Root_3131,7.460416,16.282656,7,"0;1;6;7;8;9;12"
Root_3132,43.589376,36.560416,6,"1;6;7;8;9;12"
Root_3133,12.790016,21.612256,6,"0;6;7;8;9;12"
Root_3134,71.002518,41.190016,5,"6;7;8;9;12"
Root_3135,2.581430,11.403670,10,"0;1;2;3;4;5;7;8;9;12"
Root_3136,27.172496,32.381430,9,"1;2;3;4;5;7;8;9;12"
Root_3137,8.611030,17.433270,9,"0;2;3;4;5;7;8;9;12"
Root_3138,45.815210,37.011030,8,"2;3;4;5;7;8;9;12"
Root_3139,3.507350,12.329590,9,"0;1;3;4;5;7;8;9;12"
Root_3140,31.802096,33.307350,8,"1;3;4;5;7;8;9;12"
Root_3141,9.536950,18.359190,8,"0;3;4;5;7;8;9;12"
Root_3142,51.185619,37.936950,7,"3;4;5;7;8;9;12"
Root_3143,5.194998,14.017238,9,"0;1;2;4;5;7;8;9;12"
Root_3144,28.851440,34.294998,8,"1;2;4;5;7;8;9;12"
Root_3145,10.524598,19.346838,8,"0;2;4;5;7;8;9;12"
Root_3146,54.223754,38.924598,7,"2;4;5;7;8;9;12"
Root_3147,6.120918,14.943158,8,"0;1;4;5;7;8;9;12"
Root_3148,33.701958,35.220918,7,"1;4;5;7;8;9;12"
Root_3149,11.450518,20.272758,7,"0;4;5;7;8;9;12"
Root_3150,58.447040,39.850518,6,"4;5;7;8;9;12"
Root_3151,4.803638,13.625878,9,"0;1;2;3;5;7;8;9;12"
Root_3152,38.811846,34.603638,8,"1;2;3;5;7;8;9;12"
Root_3153,10.833238,19.655478,8,"0;2;3;5;7;8;9;12"
Root_3154,65.815082,39.233238,7,"2;3;5;7;8;9;12"
Root_3155,5.729558,14.551798,8,"0;1;3;5;7;8;9;12"
Root_3156,44.626525,35.529558,7,"1;3;5;7;8;9;12"
Root_3157,11.759158,20.581398,7,"0;3;5;7;8;9;12"
Root_3158,69.624800,40.159158,6,"3;5;7;8;9;12"
Root_3159,7.417206,16.239446,8,"0;1;2;5;7;8;9;12"
Root_3160,44.786826,36.517206,7,"1;2;5;7;8;9;12"
Root_3161,12.746806,21.569046,7,"0;2;5;7;8;9;12"
Root_3162,75.713632,41.146806,6,"2;5;7;8;9;12"
Root_3163,8.343126,17.165366,7,"0;1;5;7;8;9;12"
Root_3164,50.651059,37.443126,6,"1;5;7;8;9;12"
Root_3165,13.672726,22.494966,6,"0;5;7;8;9;12"
Root_3166,79.946912,42.072726,5,"5;7;8;9;12"
Root_3167,4.124630,12.946870,9,"0;1;2;3;4;7;8;9;12"
Root_3168,34.888496,33.924630,8,"1;2;3;4;7;8;9;12"
Root_3169,10.154230,18.976470,8,"0;2;3;4;7;8;9;12"
Root_3170,59.704010,38.554230,7,"2;3;4;7;8;9;12"
Root_3171,5.050550,13.872790,8,"0;1;3;4;7;8;9;12"
Root_3172,40.293318,34.850550,7,"1;3;4;7;8;9;12"
Root_3173,11.080150,19.902390,7,"0;3;4;7;8;9;12"
Root_3174,63.733578,39.480150,6,"3;4;7;8;9;12"
Root_3175,6.738198,15.560438,8,"0;1;2;4;7;8;9;12"
Root_3176,38.837555,35.838198,7,"1;2;4;7;8;9;12"
Root_3177,12.067798,20.890038,7,"0;2;4;7;8;9;12"
Root_3178,69.302560,40.467798,6,"2;4;7;8;9;12"
Root_3179,7.664118,16.486358,7,"0;1;4;7;8;9;12"
Root_3180,45.218995,36.764118,6,"1;4;7;8;9;12"
Root_3181,12.993718,21.815958,6,"0;4;7;8;9;12"
Root_3182,73.535840,41.393718,5,"4;7;8;9;12"
Root_3183,6.346838,15.169078,8,"0;1;2;3;7;8;9;12"
Root_3184,50.267082,36.146838,7,"1;2;3;7;8;9;12"
Root_3185,12.376438,21.198678,7,"0;2;3;7;8;9;12"
Root_3186,79.703882,40.776438,6,"2;3;7;8;9;12"
Root_3187,7.272758,16.094998,7,"0;1;3;7;8;9;12"
Root_3188,56.501683,37.072758,6,"1;3;7;8;9;12"
Root_3189,13.302358,22.124598,6,"0;3;7;8;9;12"
Root_3190,83.011242,41.702358,5,"3;7;8;9;12"
Root_3191,8.960406,17.782646,7,"0;1;2;7;8;9;12"
Root_3192,58.675626,38.060406,6,"1;2;7;8;9;12"
Root_3193,14.290006,23.112246,6,"0;2;7;8;9;12"
Root_3194,88.112426,42.690006,5,"2;7;8;9;12"
Root_3195,9.886326,18.708566,6,"0;1;7;8;9;12"
Root_3196,62.996659,38.986326,5,"1;7;8;9;12"
Root_3197,15.215926,24.038166,5,"0;7;8;9;12"
Root_3198,91.419786,43.615926,4,"7;8;9;12"
Root_3199,3.880192,12.702432,10,"0;1;2;3;4;5;6;8;9;12"
Root_3200,30.166304,32.980192,9,"1;2;3;4;5;6;8;9;12"
Root_3201,9.209792,18.032032,9,"0;2;3;4;5;6;8;9;12"
Root_3202,47.669600,37.609792,8,"2;3;4;5;6;8;9;12"
Root_3203,4.806112,13.628352,9,"0;1;3;4;5;6;8;9;12"
Root_3204,34.795904,33.906112,8,"1;3;4;5;6;8;9;12"
Root_3205,10.135712,18.957952,8,"0;3;4;5;6;8;9;12"
Root_3206,51.515328,38.535712,7,"3;4;5;6;8;9;12"
Root_3207,5.793760,14.616000,9,"0;1;2;4;5;6;8;9;12"
Root_3208,31.026816,34.893760,8,"1;2;4;5;6;8;9;12"
Root_3209,11.123360,19.945600,8,"0;2;4;5;6;8;9;12"
Root_3210,54.410144,39.523360,7,"2;4;5;6;8;9;12"
Root_3211,6.719680,15.541920,8,"0;1;4;5;6;8;9;12"
Root_3212,36.099456,35.819680,7,"1;4;5;6;8;9;12"
Root_3213,12.049280,20.871520,7,"0;4;5;6;8;9;12"
Root_3214,59.185174,40.449280,6,"4;5;6;8;9;12"
Root_3215,6.102400,14.924640,9,"0;1;2;3;5;6;8;9;12"
Root_3216,41.505664,35.202400,8,"1;2;3;5;6;8;9;12"
Root_3217,11.432000,20.254240,8,"0;2;3;5;6;8;9;12"
Root_3218,65.680374,39.832000,7,"2;3;5;6;8;9;12"
Root_3219,7.028320,15.850560,8,"0;1;3;5;6;8;9;12"
Root_3220,46.893184,36.128320,7,"1;3;5;6;8;9;12"
Root_3221,12.357920,21.180160,7,"0;3;5;6;8;9;12"
Root_3222,69.913654,40.757920,6,"3;5;6;8;9;12"
Root_3223,8.015968,16.838208,8,"0;1;2;5;6;8;9;12"
Root_3224,47.135040,37.115968,7,"1;2;5;6;8;9;12"
Root_3225,13.345568,22.167808,7,"0;2;5;6;8;9;12"
Root_3226,76.002486,41.745568,6,"2;5;6;8;9;12"
Root_3227,8.941888,17.764128,7,"0;1;5;6;8;9;12"
Root_3228,51.474592,38.041888,6,"1;5;6;8;9;12"
Root_3229,14.271488,23.093728,6,"0;5;6;8;9;12"
Root_3230,80.235766,42.671488,5,"5;6;8;9;12"
Root_3231,5.423392,14.245632,9,"0;1;2;3;4;6;8;9;12"
Root_3232,37.882304,34.523392,8,"1;2;3;4;6;8;9;12"
Root_3233,10.752992,19.575232,8,"0;2;3;4;6;8;9;12"
Root_3234,60.015200,39.152992,7,"2;3;4;6;8;9;12"
Root_3235,6.349312,15.171552,8,"0;1;3;4;6;8;9;12"
Root_3236,42.690816,35.449312,7,"1;3;4;6;8;9;12"
Root_3237,11.678912,20.501152,7,"0;3;4;6;8;9;12"
Root_3238,63.502582,40.078912,6,"3;4;6;8;9;12"
Root_3239,7.336960,16.159200,8,"0;1;2;4;6;8;9;12"
Root_3240,41.702976,36.436960,7,"1;2;4;6;8;9;12"
Root_3241,12.666560,21.488800,7,"0;2;4;6;8;9;12"
Root_3242,69.591414,41.066560,6,"2;4;6;8;9;12"
Root_3243,8.262880,17.085120,7,"0;1;4;6;8;9;12"
Root_3244,46.721536,37.362880,6,"1;4;6;8;9;12"
Root_3245,13.592480,22.414720,6,"0;4;6;8;9;12"
Root_3246,73.824694,41.992480,5,"4;6;8;9;12"
Root_3247,7.645600,16.467840,8,"0;1;2;3;6;8;9;12"
Root_3248,52.985664,36.745600,7,"1;2;3;6;8;9;12"
Root_3249,12.975200,21.797440,7,"0;2;3;6;8;9;12"
Root_3250,79.393974,41.375200,6,"2;3;6;8;9;12"
Root_3251,8.571520,17.393760,7,"0;1;3;6;8;9;12"
Root_3252,57.695584,37.671520,6,"1;3;6;8;9;12"
Root_3253,13.901120,22.723360,6,"0;3;6;8;9;12"
Root_3254,82.701334,42.301120,5,"3;6;8;9;12"
Root_3255,9.559168,18.381408,7,"0;1;2;6;8;9;12"
Root_3256,59.480640,38.659168,6,"1;2;6;8;9;12"
Root_3257,14.888768,23.711008,6,"0;2;6;8;9;12"
Root_3258,87.802518,43.288768,5,"2;6;8;9;12"
Root_3259,10.485088,19.307328,6,"0;1;6;8;9;12"
Root_3260,62.276992,39.585088,5,"1;6;8;9;12"
Root_3261,15.814688,24.636928,5,"0;6;8;9;12"
Root_3262,91.324566,44.214688,4,"6;8;9;12"
Root_3263,6.306102,15.128342,9,"0;1;2;3;4;5;8;9;12"
Root_3264,42.863581,35.406102,8,"1;2;3;4;5;8;9;12"
Root_3265,11.635702,20.457942,8,"0;2;3;4;5;8;9;12"
Root_3266,68.213696,40.035702,7,"2;3;4;5;8;9;12"
Root_3267,7.232022,16.054262,8,"0;1;3;4;5;8;9;12"
Root_3268,48.319101,36.332022,7,"1;3;4;5;8;9;12"
Root_3269,12.561622,21.383862,7,"0;3;4;5;8;9;12"
Root_3270,72.446976,40.961622,6,"3;4;5;8;9;12"
Root_3271,8.219670,17.041910,8,"0;1;2;4;5;8;9;12"
Root_3272,48.764659,37.319670,7,"1;2;4;5;8;9;12"
Root_3273,13.549270,22.371510,7,"0;2;4;5;8;9;12"
Root_3274,78.535808,41.949270,6,"2;4;5;8;9;12"
Root_3275,9.145590,17.967830,7,"0;1;4;5;8;9;12"
Root_3276,52.900509,38.245590,6,"1;4;5;8;9;12"
Root_3277,14.475190,23.297430,6,"0;4;5;8;9;12"
Root_3278,82.769088,42.875190,5,"4;5;8;9;12"
Root_3279,8.528310,17.350550,8,"0;1;2;3;5;8;9;12"
Root_3280,60.047347,37.628310,7,"1;2;3;5;8;9;12"
Root_3281,13.857910,22.680150,7,"0;2;3;5;8;9;12"
Root_3282,87.455658,42.257910,6,"2;3;5;8;9;12"
Root_3283,9.454230,18.276470,7,"0;1;3;5;8;9;12"
Root_3284,63.874557,38.554230,6,"1;3;5;8;9;12"
Root_3285,14.783830,23.606070,6,"0;3;5;8;9;12"
Root_3286,90.763018,43.183830,5,"3;5;8;9;12"
Root_3287,10.441878,19.264118,7,"0;1;2;5;8;9;12"
Root_3288,66.542323,39.541878,6,"1;2;5;8;9;12"
Root_3289,15.771478,24.593718,6,"0;2;5;8;9;12"
Root_3290,96.035680,44.171478,5,"2;5;8;9;12"
Root_3291,11.367798,20.190038,6,"0;1;5;8;9;12"
Root_3292,69.734762,40.467798,5,"1;5;8;9;12"
Root_3293,16.709613,25.519638,5,"0;5;8;9;12"
Root_3294,100.268960,45.097398,4,"5;8;9;12"
Root_3295,7.849302,16.671542,8,"0;1;2;3;4;8;9;12"
Root_3296,54.615283,36.949302,7,"1;2;3;4;8;9;12"
Root_3297,13.178902,22.001142,7,"0;2;3;4;8;9;12"
Root_3298,81.723594,41.578902,6,"2;3;4;8;9;12"
Root_3299,8.775222,17.597462,7,"0;1;3;4;8;9;12"
Root_3300,59.121501,37.875222,6,"1;3;4;8;9;12"
Root_3301,14.104822,22.927062,6,"0;3;4;8;9;12"
Root_3302,85.030954,42.504822,5,"3;4;8;9;12"
Root_3303,9.762870,18.585110,7,"0;1;2;4;8;9;12"
Root_3304,61.110259,38.862870,6,"1;2;4;8;9;12"
Root_3305,15.092470,23.914710,6,"0;2;4;8;9;12"
Root_3306,90.132138,43.492470,5,"2;4;8;9;12"
Root_3307,10.688790,19.511030,6,"0;1;4;8;9;12"
Root_3308,64.213907,39.788790,5,"1;4;8;9;12"
Root_3309,16.018390,24.840630,5,"0;4;8;9;12"
Root_3310,93.857888,44.418390,4,"4;8;9;12"
Root_3311,10.071510,18.893750,7,"0;1;2;3;8;9;12"
Root_3312,72.392947,39.171510,6,"1;2;3;8;9;12"
Root_3313,15.401110,24.223350,6,"0;2;3;8;9;12"
Root_3314,97.200147,43.801110,5,"2;3;8;9;12"
Root_3315,10.997430,19.819670,6,"0;1;3;8;9;12"
Root_3316,74.774387,40.097430,5,"1;3;8;9;12"
Root_3317,16.327030,25.149270,5,"0;3;8;9;12"
Root_3318,100.308618,44.727030,4,"3;8;9;12"
Root_3319,11.985078,20.807318,6,"0;1;2;8;9;12"
Root_3320,78.887923,41.085078,5,"1;2;8;9;12"
Root_3321,17.944173,26.136918,5,"0;2;8;9;12"
Root_3322,105.409802,45.714678,4,"2;8;9;12"
Root_3323,12.910998,21.733238,5,"0;1;8;9;12"
Root_3324,81.269363,42.010998,4,"1;8;9;12"
Root_3325,19.796013,27.062838,4,"0;8;9;12"
Root_3326,109.357760,46.640598,3,"8;9;12"
Root_3327,4.785120,13.607360,10,"0;1;2;3;4;5;6;7;9;12"
Root_3328,33.386016,34.585120,9,"1;2;3;4;5;6;7;9;12"
Root_3329,10.814720,19.636960,9,"0;2;3;4;5;6;7;9;12"
Root_3330,56.918816,39.214720,8,"2;3;4;5;6;7;9;12"
Root_3331,5.711040,14.533280,9,"0;1;3;4;5;6;7;9;12"
Root_3332,38.256256,35.511040,8,"1;3;4;5;6;7;9;12"
Root_3333,11.740640,20.562880,8,"0;3;4;5;6;7;9;12"
Root_3334,61.939414,40.140640,7,"3;4;5;6;7;9;12"
Root_3335,7.398688,16.220928,9,"0;1;2;4;5;6;7;9;12"
Root_3336,37.391872,36.498688,8,"1;2;4;5;6;7;9;12"
Root_3337,12.728288,21.550528,8,"0;2;4;5;6;7;9;12"
Root_3338,70.003542,41.128288,7,"2;4;5;6;7;9;12"
Root_3339,8.324608,17.146848,8,"0;1;4;5;6;7;9;12"
Root_3340,42.348704,37.424608,7,"1;4;5;6;7;9;12"
Root_3341,13.654208,22.476448,7,"0;4;5;6;7;9;12"
Root_3342,76.088662,42.054208,6,"4;5;6;7;9;12"
Root_3343,7.007328,15.829568,9,"0;1;2;3;5;6;7;9;12"
Root_3344,48.674560,36.807328,8,"1;2;3;5;6;7;9;12"
Root_3345,13.036928,21.859168,8,"0;2;3;5;6;7;9;12"
Root_3346,80.361654,41.436928,7,"2;3;5;6;7;9;12"
Root_3347,7.933248,16.755488,8,"0;1;3;5;6;7;9;12"
Root_3348,53.322752,37.733248,7,"1;3;5;6;7;9;12"
Root_3349,13.962848,22.785088,7,"0;3;5;6;7;9;12"
Root_3350,85.520854,42.362848,6,"3;5;6;7;9;12"
Root_3351,9.620896,18.443136,8,"0;1;2;5;6;7;9;12"
Root_3352,55.890432,38.720896,7,"1;2;5;6;7;9;12"
Root_3353,14.950496,23.772736,7,"0;2;5;6;7;9;12"
Root_3354,92.597334,43.350496,6,"2;5;6;7;9;12"
Root_3355,10.546816,19.369056,7,"0;1;5;6;7;9;12"
Root_3356,59.550976,39.646816,6,"1;5;6;7;9;12"
Root_3357,15.876416,24.698656,6,"0;5;6;7;9;12"
Root_3358,97.756534,44.276416,5,"5;6;7;9;12"
Root_3359,6.328320,15.150560,9,"0;1;2;3;4;6;7;9;12"
Root_3360,43.242496,36.128320,8,"1;2;3;4;6;7;9;12"
Root_3361,12.357920,21.180160,8,"0;2;3;4;6;7;9;12"
Root_3362,73.271574,40.757920,7,"2;3;4;6;7;9;12"
Root_3363,7.254240,16.076480,8,"0;1;3;4;6;7;9;12"
Root_3364,48.569696,37.054240,7,"1;3;4;6;7;9;12"
Root_3365,13.283840,22.106080,7,"0;3;4;6;7;9;12"
Root_3366,78.430774,41.683840,6,"3;4;6;7;9;12"
Root_3367,8.941888,17.764128,8,"0;1;2;4;6;7;9;12"
Root_3368,49.779360,38.041888,7,"1;2;4;6;7;9;12"
Root_3369,14.271488,23.093728,7,"0;2;4;6;7;9;12"
Root_3370,85.507254,42.671488,6,"2;4;6;7;9;12"
Root_3371,9.867808,18.690048,7,"0;1;4;6;7;9;12"
Root_3372,54.118912,38.967808,6,"1;4;6;7;9;12"
Root_3373,15.197408,24.019648,6,"0;4;6;7;9;12"
Root_3374,90.666454,43.597408,5,"4;6;7;9;12"
Root_3375,8.550528,17.372768,8,"0;1;2;3;6;7;9;12"
Root_3376,61.370688,38.350528,7,"1;2;3;6;7;9;12"
Root_3377,14.580128,23.402368,7,"0;2;3;6;7;9;12"
Root_3378,94.013526,42.980128,6,"2;3;6;7;9;12"
Root_3379,9.476448,18.298688,7,"0;1;3;6;7;9;12"
Root_3380,65.401600,39.276448,6,"1;3;6;7;9;12"
Root_3381,15.506048,24.328288,6,"0;3;6;7;9;12"
Root_3382,98.246806,43.906048,5,"3;6;7;9;12"
Root_3383,11.164096,19.986336,7,"0;1;2;6;7;9;12"
Root_3384,70.269238,40.264096,6,"1;2;6;7;9;12"
Root_3385,16.493696,25.315936,6,"0;2;6;7;9;12"
Root_3386,104.335638,44.893696,5,"2;6;7;9;12"
Root_3387,12.090016,20.912256,6,"0;1;6;7;9;12"
Root_3388,74.502518,41.190016,5,"1;6;7;9;12"
Root_3389,18.154048,26.241856,5,"0;6;7;9;12"
Root_3390,108.568918,45.819616,4,"6;7;9;12"
Root_3391,7.211030,16.033270,9,"0;1;2;3;4;5;7;9;12"
Root_3392,50.304179,37.011030,8,"1;2;3;4;5;7;9;12"
Root_3393,13.240630,22.062870,8,"0;2;3;4;5;7;9;12"
Root_3394,83.098678,41.640630,7,"2;3;4;5;7;9;12"
Root_3395,8.136950,16.959190,8,"0;1;3;4;5;7;9;12"
Root_3396,54.748669,37.936950,7,"1;3;4;5;7;9;12"
Root_3397,14.166550,22.988790,7,"0;3;4;5;7;9;12"
Root_3398,88.257878,42.566550,6,"3;4;5;7;9;12"
Root_3399,9.824598,18.646838,8,"0;1;2;4;5;7;9;12"
Root_3400,57.723754,38.924598,7,"1;2;4;5;7;9;12"
Root_3401,15.154198,23.976438,7,"0;2;4;5;7;9;12"
Root_3402,95.334358,43.554198,6,"2;4;5;7;9;12"
Root_3403,10.750518,19.572758,7,"0;1;4;5;7;9;12"
Root_3404,61.947040,39.850518,6,"1;4;5;7;9;12"
Root_3405,16.080118,24.902358,6,"0;4;5;7;9;12"
Root_3406,100.493558,44.480118,5,"4;5;7;9;12"
Root_3407,9.433238,18.255478,8,"0;1;2;3;5;7;9;12"
Root_3408,69.315082,39.233238,7,"1;2;3;5;7;9;12"
Root_3409,15.462838,24.285078,7,"0;2;3;5;7;9;12"
Root_3410,102.957920,43.862838,6,"2;3;5;7;9;12"
Root_3411,10.359158,19.181398,7,"0;1;3;5;7;9;12"
Root_3412,73.124800,40.159158,6,"1;3;5;7;9;12"
Root_3413,16.388758,25.210998,6,"0;3;5;7;9;12"
Root_3414,107.191200,44.788758,5,"3;5;7;9;12"
Root_3415,12.046806,20.869046,7,"0;1;2;5;7;9;12"
Root_3416,79.213632,41.146806,6,"1;2;5;7;9;12"
Root_3417,18.067629,26.198646,6,"0;2;5;7;9;12"
Root_3418,113.280032,45.776406,5,"2;5;7;9;12"
Root_3419,12.997293,21.794966,6,"0;1;5;7;9;12"
Root_3420,83.446912,42.072726,5,"1;5;7;9;12"
Root_3421,19.919469,27.124566,5,"0;5;7;9;12"
Root_3422,117.513312,46.702326,4,"5;7;9;12"
Root_3423,8.754230,17.576470,8,"0;1;2;3;4;7;9;12"
Root_3424,63.204010,38.554230,7,"1;2;3;4;7;9;12"
Root_3425,14.783830,23.606070,7,"0;2;3;4;7;9;12"
Root_3426,96.546848,43.183830,6,"2;3;4;7;9;12"
Root_3427,9.680150,18.502390,7,"0;1;3;4;7;9;12"
Root_3428,67.233578,39.480150,6,"1;3;4;7;9;12"
Root_3429,15.709750,24.531990,6,"0;3;4;7;9;12"
Root_3430,100.780128,44.109750,5,"3;4;7;9;12"
Root_3431,11.367798,20.190038,7,"0;1;2;4;7;9;12"
Root_3432,72.802560,40.467798,6,"1;2;4;7;9;12"
Root_3433,16.709613,25.519638,6,"0;2;4;7;9;12"
Root_3434,106.868960,45.097398,5,"2;4;7;9;12"
Root_3435,12.293718,21.115958,6,"0;1;4;7;9;12"
Root_3436,77.035840,41.393718,5,"1;4;7;9;12"
Root_3437,18.561453,26.445558,5,"0;4;7;9;12"
Root_3438,111.125558,46.023318,4,"4;7;9;12"
Root_3439,10.976438,19.798678,7,"0;1;2;3;7;9;12"
Root_3440,83.203882,40.776438,6,"1;2;3;7;9;12"
Root_3441,17.326893,25.828278,6,"0;2;3;7;9;12"
Root_3442,112.640682,45.406038,5,"2;3;7;9;12"
Root_3443,11.902358,20.724598,6,"0;1;3;7;9;12"
Root_3444,86.511242,41.702358,5,"1;3;7;9;12"
Root_3445,19.746499,26.754198,5,"0;3;7;9;12"
Root_3446,116.280000,46.331958,4,"3;7;9;12"
Root_3447,14.231853,22.412246,6,"0;1;2;7;9;12"
Root_3448,91.612426,42.690006,5,"1;2;7;9;12"
Root_3449,21.154029,27.741846,5,"0;2;7;9;12"
Root_3450,123.327651,47.319606,4,"2;7;9;12"
Root_3451,16.083693,23.338166,5,"0;1;7;9;12"
Root_3452,94.919786,43.615926,4,"1;7;9;12"
Root_3453,23.005869,28.667766,4,"0;7;9;12"
Root_3454,130.338691,48.245526,3,"7;9;12"
Root_3455,8.509792,17.332032,9,"0;1;2;3;4;5;6;9;12"
Root_3456,51.559808,37.609792,8,"1;2;3;4;5;6;9;12"
Root_3457,13.839392,22.661632,8,"0;2;3;4;5;6;9;12"
Root_3458,83.986294,42.239392,7,"2;3;4;5;6;9;12"
Root_3459,9.435712,18.257952,8,"0;1;3;4;5;6;9;12"
Root_3460,55.015328,38.535712,7,"1;3;4;5;6;9;12"
Root_3461,14.765312,23.587552,7,"0;3;4;5;6;9;12"
Root_3462,89.145494,43.165312,6,"3;4;5;6;9;12"
Root_3463,10.423360,19.245600,8,"0;1;2;4;5;6;9;12"
Root_3464,57.910144,39.523360,7,"1;2;4;5;6;9;12"
Root_3465,15.752960,24.575200,7,"0;2;4;5;6;9;12"
Root_3466,96.374934,44.152960,6,"2;4;5;6;9;12"
Root_3467,11.349280,20.171520,7,"0;1;4;5;6;9;12"
Root_3468,62.685174,40.449280,6,"1;4;5;6;9;12"
Root_3469,16.678880,25.501120,6,"0;4;5;6;9;12"
Root_3470,102.460054,45.078880,5,"4;5;6;9;12"
Root_3471,10.732000,19.554240,8,"0;1;2;3;5;6;9;12"
Root_3472,69.180374,39.832000,7,"1;2;3;5;6;9;12"
Root_3473,16.061600,24.883840,7,"0;2;3;5;6;9;12"
Root_3474,103.708374,44.461600,6,"2;3;5;6;9;12"
Root_3475,11.657920,20.480160,7,"0;1;3;5;6;9;12"
Root_3476,73.413654,40.757920,6,"1;3;5;6;9;12"
Root_3477,17.289856,25.809760,6,"0;3;5;6;9;12"
Root_3478,108.867574,45.387520,5,"3;5;6;9;12"
Root_3479,12.645568,21.467808,7,"0;1;2;5;6;9;12"
Root_3480,79.502486,41.745568,6,"1;2;5;6;9;12"
Root_3481,19.265152,26.797408,6,"0;2;5;6;9;12"
Root_3482,115.944054,46.375168,5,"2;5;6;9;12"
Root_3483,14.194816,22.393728,6,"0;1;5;6;9;12"
Root_3484,83.735766,42.671488,5,"1;5;6;9;12"
Root_3485,21.116992,27.723328,5,"0;5;6;9;12"
Root_3486,121.705430,47.301088,4,"5;6;9;12"
Root_3487,10.052992,18.875232,8,"0;1;2;3;4;6;9;12"
Root_3488,63.515200,39.152992,7,"1;2;3;4;6;9;12"
Root_3489,15.382592,24.204832,7,"0;2;3;4;6;9;12"
Root_3490,96.835702,43.782592,6,"2;3;4;6;9;12"
Root_3491,10.978912,19.801152,7,"0;1;3;4;6;9;12"
Root_3492,67.002582,40.078912,6,"1;3;4;6;9;12"
Root_3493,16.308512,25.130752,6,"0;3;4;6;9;12"
Root_3494,101.777494,44.708512,5,"3;4;6;9;12"
Root_3495,11.966560,20.788800,7,"0;1;2;4;6;9;12"
Root_3496,73.091414,41.066560,6,"1;2;4;6;9;12"
Root_3497,17.907136,26.118400,6,"0;2;4;6;9;12"
Root_3498,108.853974,45.696160,5,"2;4;6;9;12"
Root_3499,12.892480,21.714720,6,"0;1;4;6;9;12"
Root_3500,77.324694,41.992480,5,"1;4;6;9;12"
Root_3501,19.758976,27.044320,5,"0;4;6;9;12"
Root_3502,114.635254,46.622080,4,"4;6;9;12"
Root_3503,12.275200,21.097440,7,"0;1;2;3;6;9;12"
Root_3504,82.893974,41.375200,6,"1;2;3;6;9;12"
Root_3505,18.765024,26.427040,6,"0;2;3;6;9;12"
Root_3506,114.340374,46.004800,5,"2;3;6;9;12"
Root_3507,13.454080,22.023360,6,"0;1;3;6;9;12"
Root_3508,86.201334,42.301120,5,"1;3;6;9;12"
Root_3509,21.542784,27.352960,5,"0;3;6;9;12"
Root_3510,119.499574,46.930720,4,"3;6;9;12"
Root_3511,15.429376,23.011008,6,"0;1;2;6;9;12"
Root_3512,91.302518,43.288768,5,"1;2;6;9;12"
Root_3513,22.351552,28.340608,5,"0;2;6;9;12"
Root_3514,128.412790,47.918368,4,"2;6;9;12"
Root_3515,17.281216,23.936928,5,"0;1;6;9;12"
Root_3516,94.824566,44.214688,4,"1;6;9;12"
Root_3517,24.203392,29.266528,4,"0;6;9;12"
Root_3518,135.423830,48.844288,3,"6;9;12"
Root_3519,10.935702,19.757942,8,"0;1;2;3;4;5;9;12"
Root_3520,71.713696,40.035702,7,"1;2;3;4;5;9;12"
Root_3521,16.265302,25.087542,7,"0;2;3;4;5;9;12"
Root_3522,106.445398,44.665302,6,"2;3;4;5;9;12"
Root_3523,11.861622,20.683862,7,"0;1;3;4;5;9;12"
Root_3524,75.946976,40.961622,6,"1;3;4;5;9;12"
Root_3525,17.697261,26.013462,6,"0;3;4;5;9;12"
Root_3526,111.604598,45.591222,5,"3;4;5;9;12"
Root_3527,12.849270,21.671510,7,"0;1;2;4;5;9;12"
Root_3528,82.035808,41.949270,6,"1;2;4;5;9;12"
Root_3529,19.672557,27.001110,6,"0;2;4;5;9;12"
Root_3530,118.681078,46.578870,5,"2;4;5;9;12"
Root_3531,14.602221,22.597430,6,"0;1;4;5;9;12"
Root_3532,86.269088,42.875190,5,"1;4;5;9;12"
Root_3533,21.524397,27.927030,5,"0;4;5;9;12"
Root_3534,124.849859,47.504790,4,"4;5;9;12"
Root_3535,13.367661,21.980150,7,"0;1;2;3;5;9;12"
Root_3536,90.955658,42.257910,6,"1;2;3;5;9;12"
Root_3537,21.413155,27.309750,6,"0;2;3;5;9;12"
Root_3538,123.279968,46.887510,5,"2;3;5;9;12"
Root_3539,15.219501,22.906070,6,"0;1;3;5;9;12"
Root_3540,94.263018,43.183830,5,"1;3;5;9;12"
Root_3541,24.190915,28.235670,5,"0;3;5;9;12"
Root_3542,129.953539,47.813430,4,"3;5;9;12"
Root_3543,17.194797,23.893718,6,"0;1;2;5;9;12"
Root_3544,99.535680,44.171478,5,"1;2;5;9;12"
Root_3545,24.116973,29.223318,5,"0;2;5;9;12"
Root_3546,139.005315,48.801078,4,"2;5;9;12"
Root_3547,19.046637,24.819638,5,"0;1;5;9;12"
Root_3548,103.768960,45.097398,4,"1;5;9;12"
Root_3549,25.968813,30.149238,4,"0;5;9;12"
Root_3550,146.016355,49.726998,3,"5;9;12"
Root_3551,12.478902,21.301142,7,"0;1;2;3;4;9;12"
Root_3552,85.223594,41.578902,6,"1;2;3;4;9;12"
Root_3553,19.376131,26.630742,6,"0;2;3;4;9;12"
Root_3554,117.077398,46.208502,5,"2;3;4;9;12"
Root_3555,13.861485,22.227062,6,"0;1;3;4;9;12"
Root_3556,88.530954,42.504822,5,"1;3;4;9;12"
Root_3557,22.153891,27.556662,5,"0;3;4;9;12"
Root_3558,122.505443,47.134422,4,"3;4;9;12"
Root_3559,15.836781,23.214710,6,"0;1;2;4;9;12"
Root_3560,93.632138,43.492470,5,"1;2;4;9;12"
Root_3561,22.758957,28.544310,5,"0;2;4;9;12"
Root_3562,131.557219,48.122070,4,"2;4;9;12"
Root_3563,17.688621,24.140630,5,"0;1;4;9;12"
Root_3564,97.357888,44.418390,4,"1;4;9;12"
Root_3565,24.610797,29.470230,4,"0;4;9;12"
Root_3566,138.568259,49.047990,3,"4;9;12"
Root_3567,16.454061,23.523350,6,"0;1;2;3;9;12"
Root_3568,100.700147,43.801110,5,"1;2;3;9;12"
Root_3569,26.042755,28.852950,5,"0;2;3;9;12"
Root_3570,136.660899,48.430710,4,"2;3;9;12"
Root_3571,18.305901,24.449270,5,"0;1;3;9;12"
Root_3572,103.808618,44.727030,4,"1;3;9;12"
Root_3573,28.820515,29.778870,4,"0;3;9;12"
Root_3574,143.671939,49.356630,3,"3;9;12"
Root_3575,20.281197,25.436918,5,"0;1;2;9;12"
Root_3576,108.909802,45.714678,4,"1;2;9;12"
Root_3577,27.203373,30.766518,4,"0;2;9;12"
Root_3578,152.723715,50.344278,3,"2;9;12"
Root_3579,22.988451,26.362838,4,"0;1;9;12"
Root_3580,112.857760,46.640598,3,"1;9;12"
Root_3581,29.055213,31.692438,3,"0;9;12"
Root_3582,159.734755,51.270198,2,"9;12"
Root_3583,3.448096,12.270336,10,"0;1;2;3;4;5;6;7;8;12"
Root_3584,20.965152,32.548096,9,"1;2;3;4;5;6;7;8;12"
Root_3585,8.777696,17.599936,9,"0;2;3;4;5;6;7;8;12"
Root_3586,37.822624,37.177696,8,"2;3;4;5;6;7;8;12"
Root_3587,4.374016,13.196256,9,"0;1;3;4;5;6;7;8;12"
Root_3588,24.668832,33.474016,8,"1;3;4;5;6;7;8;12"
Root_3589,9.703616,18.525856,8,"0;3;4;5;6;7;8;12"
Root_3590,43.026368,38.103616,7,"3;4;5;6;7;8;12"
Root_3591,5.361664,14.183904,9,"0;1;2;4;5;6;7;8;12"
Root_3592,20.730528,34.461664,8,"1;2;4;5;6;7;8;12"
Root_3593,10.691264,19.513504,8,"0;2;4;5;6;7;8;12"
Root_3594,46.231168,39.091264,7,"2;4;5;6;7;8;12"
Root_3595,6.287584,15.109824,8,"0;1;4;5;6;7;8;12"
Root_3596,25.326560,35.387584,7,"1;4;5;6;7;8;12"
Root_3597,11.617184,20.439424,7,"0;4;5;6;7;8;12"
Root_3598,50.881398,40.017184,6,"4;5;6;7;8;12"
Root_3599,5.670304,14.492544,9,"0;1;2;3;5;6;7;8;12"
Root_3600,30.548960,34.770304,8,"1;2;3;5;6;7;8;12"
Root_3601,10.999904,19.822144,8,"0;2;3;5;6;7;8;12"
Root_3602,57.822496,39.399904,7,"2;3;5;6;7;8;12"
Root_3603,6.596224,15.418464,8,"0;1;3;5;6;7;8;12"
Root_3604,36.300608,35.696224,7,"1;3;5;6;7;8;12"
Root_3605,11.925824,20.748064,7,"0;3;5;6;7;8;12"
Root_3606,62.350614,40.325824,6,"3;5;6;7;8;12"
Root_3607,7.583872,16.406112,8,"0;1;2;5;6;7;8;12"
Root_3608,36.794240,36.683872,7,"1;2;5;6;7;8;12"
Root_3609,12.913472,21.735712,7,"0;2;5;6;7;8;12"
Root_3610,69.427094,41.313472,6,"2;5;6;7;8;12"
Root_3611,8.509792,17.332032,7,"0;1;5;6;7;8;12"
Root_3612,42.491808,37.609792,6,"1;5;6;7;8;12"
Root_3613,13.839392,22.661632,6,"0;5;6;7;8;12"
Root_3614,74.586294,42.239392,5,"5;6;7;8;12"
Root_3615,4.991296,13.813536,9,"0;1;2;3;4;6;7;8;12"
Root_3616,27.153920,34.091296,8,"1;2;3;4;6;7;8;12"
Root_3617,10.320896,19.143136,8,"0;2;3;4;6;7;8;12"
Root_3618,51.711424,38.720896,7,"2;3;4;6;7;8;12"
Root_3619,5.917216,14.739456,8,"0;1;3;4;6;7;8;12"
Root_3620,31.800736,35.017216,7,"1;3;4;6;7;8;12"
Root_3621,11.246816,20.069056,7,"0;3;4;6;7;8;12"
Root_3622,55.740992,39.646816,6,"3;4;6;7;8;12"
Root_3623,6.904864,15.727104,8,"0;1;2;4;6;7;8;12"
Root_3624,30.683168,36.004864,7,"1;2;4;6;7;8;12"
Root_3625,12.234464,21.056704,7,"0;2;4;6;7;8;12"
Root_3626,62.337014,40.634464,6,"2;4;6;7;8;12"
Root_3627,7.830784,16.653024,7,"0;1;4;6;7;8;12"
Root_3628,37.059744,36.930784,6,"1;4;6;7;8;12"
Root_3629,13.160384,21.982624,6,"0;4;6;7;8;12"
Root_3630,67.496214,41.560384,5,"4;6;7;8;12"
Root_3631,7.213504,16.035744,8,"0;1;2;3;6;7;8;12"
Root_3632,42.274496,36.313504,7,"1;2;3;6;7;8;12"
Root_3633,12.543104,21.365344,7,"0;2;3;6;7;8;12"
Root_3634,72.880310,40.943104,6,"2;3;6;7;8;12"
Root_3635,8.139424,16.961664,7,"0;1;3;6;7;8;12"
Root_3636,48.342432,37.239424,6,"1;3;6;7;8;12"
Root_3637,13.469024,22.291264,6,"0;3;6;7;8;12"
Root_3638,77.113590,41.869024,5,"3;6;7;8;12"
Root_3639,9.127072,17.949312,7,"0;1;2;6;7;8;12"
Root_3640,50.683040,38.227072,6,"1;2;6;7;8;12"
Root_3641,14.456672,23.278912,6,"0;2;6;7;8;12"
Root_3642,83.202422,42.856672,5,"2;6;7;8;12"
Root_3643,10.052992,18.875232,6,"0;1;6;7;8;12"
Root_3644,54.837408,39.152992,5,"1;6;7;8;12"
Root_3645,15.382592,24.204832,5,"0;6;7;8;12"
Root_3646,87.435702,43.782592,4,"6;7;8;12"
Root_3647,5.874006,14.696246,9,"0;1;2;3;4;5;7;8;12"
Root_3648,31.567472,34.974006,8,"1;2;3;4;5;7;8;12"
Root_3649,11.203606,20.025846,8,"0;2;3;4;5;7;8;12"
Root_3650,59.981632,39.603606,7,"2;3;4;5;7;8;12"
Root_3651,6.799926,15.622166,8,"0;1;3;4;5;7;8;12"
Root_3652,37.726525,35.899926,7,"1;3;4;5;7;8;12"
Root_3653,12.129526,20.951766,7,"0;3;4;5;7;8;12"
Root_3654,65.087638,40.529526,6,"3;4;5;7;8;12"
Root_3655,7.787574,16.609814,8,"0;1;2;4;5;7;8;12"
Root_3656,38.627562,36.887574,7,"1;2;4;5;7;8;12"
Root_3657,13.117174,21.939414,7,"0;2;4;5;7;8;12"
Root_3658,72.164118,41.517174,6,"2;4;5;7;8;12"
Root_3659,8.713494,17.535734,7,"0;1;4;5;7;8;12"
Root_3660,44.121427,37.813494,6,"1;4;5;7;8;12"
Root_3661,14.043094,22.865334,6,"0;4;5;7;8;12"
Root_3662,77.323318,42.443094,5,"4;5;7;8;12"
Root_3663,8.096214,16.918454,8,"0;1;2;3;5;7;8;12"
Root_3664,50.218890,37.196214,7,"1;2;3;5;7;8;12"
Root_3665,13.425814,22.248054,7,"0;2;3;5;7;8;12"
Root_3666,81.824704,41.825814,6,"2;3;5;7;8;12"
Root_3667,9.022134,17.844374,7,"0;1;3;5;7;8;12"
Root_3668,55.404115,38.122134,6,"1;3;5;7;8;12"
Root_3669,14.351734,23.173974,6,"0;3;5;7;8;12"
Root_3670,86.057984,42.751734,5,"3;5;7;8;12"
Root_3671,10.009782,18.832022,7,"0;1;2;5;7;8;12"
Root_3672,58.627434,39.109782,6,"1;2;5;7;8;12"
Root_3673,15.339382,24.161622,6,"0;2;5;7;8;12"
Root_3674,92.146816,43.739382,5,"2;5;7;8;12"
Root_3675,10.935702,19.757942,6,"0;1;5;7;8;12"
Root_3676,62.313696,40.035702,5,"1;5;7;8;12"
Root_3677,16.265302,25.087542,5,"0;5;7;8;12"
Root_3678,96.380096,44.665302,4,"5;7;8;12"
Root_3679,7.417206,16.239446,8,"0;1;2;3;4;7;8;12"
Root_3680,44.107818,36.517206,7,"1;2;3;4;7;8;12"
Root_3681,12.746806,21.569046,7,"0;2;3;4;7;8;12"
Root_3682,75.413632,41.146806,6,"2;3;4;7;8;12"
Root_3683,8.343126,17.165366,7,"0;1;3;4;7;8;12"
Root_3684,49.972051,37.443126,6,"1;3;4;7;8;12"
Root_3685,13.672726,22.494966,6,"0;3;4;7;8;12"
Root_3686,79.646912,42.072726,5,"3;4;7;8;12"
Root_3687,9.330774,18.153014,7,"0;1;2;4;7;8;12"
Root_3688,52.516362,38.430774,6,"1;2;4;7;8;12"
Root_3689,14.660374,23.482614,6,"0;2;4;7;8;12"
Root_3690,85.735744,43.060374,5,"2;4;7;8;12"
Root_3691,10.256694,19.078934,6,"0;1;4;7;8;12"
Root_3692,56.545930,39.356694,5,"1;4;7;8;12"
Root_3693,15.586294,24.408534,5,"0;4;7;8;12"
Root_3694,89.969024,43.986294,4,"4;7;8;12"
Root_3695,9.639414,18.461654,7,"0;1;2;3;7;8;12"
Root_3696,64.107690,38.739414,6,"1;2;3;7;8;12"
Root_3697,14.969014,23.791254,6,"0;2;3;7;8;12"
Root_3698,93.544490,43.369014,5,"2;3;7;8;12"
Root_3699,10.565334,19.387574,6,"0;1;3;7;8;12"
Root_3700,67.749715,39.665334,5,"1;3;7;8;12"
Root_3701,15.894934,24.717174,5,"0;3;7;8;12"
Root_3702,96.851850,44.294934,4,"3;7;8;12"
Root_3703,11.552982,20.375222,6,"0;1;2;7;8;12"
Root_3704,72.516234,40.652982,5,"1;2;7;8;12"
Root_3705,16.882582,25.704822,5,"0;2;7;8;12"
Root_3706,101.953034,45.282582,4,"2;7;8;12"
Root_3707,12.478902,21.301142,5,"0;1;7;8;12"
Root_3708,75.823594,41.578902,4,"1;7;8;12"
Root_3709,17.808502,26.630742,4,"0;7;8;12"
Root_3710,105.468896,46.208502,3,"7;8;12"
Root_3711,6.472768,15.295008,9,"0;1;2;3;4;5;6;8;12"
Root_3712,34.537664,35.572768,8,"1;2;3;4;5;6;8;12"
Root_3713,11.802368,20.624608,8,"0;2;3;4;5;6;8;12"
Root_3714,60.816054,40.202368,7,"2;3;4;5;6;8;12"
Root_3715,7.398688,16.220928,8,"0;1;3;4;5;6;8;12"
Root_3716,39.993184,36.498688,7,"1;3;4;5;6;8;12"
Root_3717,12.728288,21.550528,7,"0;3;4;5;6;8;12"
Root_3718,65.975254,41.128288,6,"3;4;5;6;8;12"
Root_3719,8.386336,17.208576,8,"0;1;2;4;5;6;8;12"
Root_3720,40.605408,37.486336,7,"1;2;4;5;6;8;12"
Root_3721,13.715936,22.538176,7,"0;2;4;5;6;8;12"
Root_3722,73.051734,42.115936,6,"2;4;5;6;8;12"
Root_3723,9.312256,18.134496,7,"0;1;4;5;6;8;12"
Root_3724,44.574592,38.412256,6,"1;4;5;6;8;12"
Root_3725,14.641856,23.464096,6,"0;4;5;6;8;12"
Root_3726,78.210934,43.041856,5,"4;5;6;8;12"
Root_3727,8.694976,17.517216,8,"0;1;2;3;5;6;8;12"
Root_3728,51.888096,37.794976,7,"1;2;3;5;6;8;12"
Root_3729,14.024576,22.846816,7,"0;2;3;5;6;8;12"
Root_3730,82.113558,42.424576,6,"2;3;5;6;8;12"
Root_3731,9.620896,18.443136,7,"0;1;3;5;6;8;12"
Root_3732,55.548640,38.720896,6,"1;3;5;6;8;12"
Root_3733,14.950496,23.772736,6,"0;3;5;6;8;12"
Root_3734,86.346838,43.350496,5,"3;5;6;8;12"
Root_3735,10.608544,19.430784,7,"0;1;2;5;6;8;12"
Root_3736,58.434816,39.708544,6,"1;2;5;6;8;12"
Root_3737,15.938144,24.760384,6,"0;2;5;6;8;12"
Root_3738,92.773814,44.338144,5,"2;5;6;8;12"
Root_3739,11.534464,20.356704,6,"0;1;5;6;8;12"
Root_3740,62.602550,40.634464,5,"1;5;6;8;12"
Root_3741,16.864064,25.686304,5,"0;5;6;8;12"
Root_3742,97.933014,45.264064,4,"5;6;8;12"
Root_3743,8.015968,16.838208,8,"0;1;2;3;4;6;8;12"
Root_3744,46.456032,37.115968,7,"1;2;3;4;6;8;12"
Root_3745,13.345568,22.167808,7,"0;2;3;4;6;8;12"
Root_3746,75.702486,41.745568,6,"2;3;4;6;8;12"
Root_3747,8.941888,17.764128,7,"0;1;3;4;6;8;12"
Root_3748,50.795584,38.041888,6,"1;3;4;6;8;12"
Root_3749,14.271488,23.093728,6,"0;3;4;6;8;12"
Root_3750,79.935766,42.671488,5,"3;4;6;8;12"
Root_3751,9.929536,18.751776,7,"0;1;2;4;6;8;12"
Root_3752,52.951008,39.029536,6,"1;2;4;6;8;12"
Root_3753,15.259136,24.081376,6,"0;2;4;6;8;12"
Root_3754,86.024598,43.659136,5,"2;4;6;8;12"
Root_3755,10.855456,19.677696,6,"0;1;4;6;8;12"
Root_3756,56.236022,39.955456,5,"1;4;6;8;12"
Root_3757,16.185056,25.007296,5,"0;4;6;8;12"
Root_3758,90.842934,44.585056,4,"4;6;8;12"
Root_3759,10.238176,19.060416,7,"0;1;2;3;6;8;12"
Root_3760,64.233696,39.338176,6,"1;2;3;6;8;12"
Root_3761,15.567776,24.390016,6,"0;2;3;6;8;12"
Root_3762,93.234582,43.967776,5,"2;3;6;8;12"
Root_3763,11.164096,19.986336,6,"0;1;3;6;8;12"
Root_3764,67.105142,40.264096,5,"1;3;6;8;12"
Root_3765,16.493696,25.315936,5,"0;3;6;8;12"
Root_3766,97.435638,44.893696,4,"3;6;8;12"
Root_3767,12.151744,20.973984,6,"0;1;2;6;8;12"
Root_3768,72.206326,41.251744,5,"1;2;6;8;12"
Root_3769,17.481344,26.303584,5,"0;2;6;8;12"
Root_3770,103.524470,45.881344,4,"2;6;8;12"
Root_3771,13.207168,21.899904,5,"0;1;6;8;12"
Root_3772,75.513686,42.177664,4,"1;6;8;12"
Root_3773,18.407264,27.229504,4,"0;6;8;12"
Root_3774,108.565014,46.807264,3,"6;8;12"
Root_3775,8.898678,17.720918,8,"0;1;2;3;4;5;8;12"
Root_3776,53.517715,37.998678,7,"1;2;3;4;5;8;12"
Root_3777,14.228278,23.050518,7,"0;2;3;4;5;8;12"
Root_3778,84.646880,42.628278,6,"2;3;4;5;8;12"
Root_3779,9.824598,18.646838,7,"0;1;3;4;5;8;12"
Root_3780,56.974557,38.924598,6,"1;3;4;5;8;12"
Root_3781,15.154198,23.976438,6,"0;3;4;5;8;12"
Root_3782,88.880160,43.554198,5,"3;4;5;8;12"
Root_3783,10.812246,19.634486,7,"0;1;2;4;5;8;12"
Root_3784,60.902592,39.912246,6,"1;2;4;5;8;12"
Root_3785,16.141846,24.964086,6,"0;2;4;5;8;12"
Root_3786,95.510838,44.541846,5,"2;4;5;8;12"
Root_3787,11.738166,20.560406,6,"0;1;4;5;8;12"
Root_3788,65.135872,40.838166,5,"1;4;5;8;12"
Root_3789,17.067766,25.890006,5,"0;4;5;8;12"
Root_3790,100.670038,45.467766,4,"4;5;8;12"
Root_3791,11.120886,19.943126,7,"0;1;2;3;5;8;12"
Root_3792,71.859466,40.220886,6,"1;2;3;5;8;12"
Root_3793,16.450486,25.272726,6,"0;2;3;5;8;12"
Root_3794,102.146752,44.850486,5,"2;3;5;8;12"
Root_3795,12.046806,20.869046,6,"0;1;3;5;8;12"
Root_3796,75.166826,41.146806,5,"1;3;5;8;12"
Root_3797,17.388621,26.198646,5,"0;3;5;8;12"
Root_3798,106.380032,45.776406,4,"3;5;8;12"
Root_3799,13.120749,21.856694,6,"0;1;2;5;8;12"
Root_3800,80.268010,42.134454,5,"1;2;5;8;12"
Root_3801,18.364054,27.186294,5,"0;2;5;8;12"
Root_3802,112.468864,46.764054,4,"2;5;8;12"
Root_3803,14.972589,22.782614,5,"0;1;5;8;12"
Root_3804,83.575370,43.060374,4,"1;5;8;12"
Root_3805,19.289974,28.112214,4,"0;5;8;12"
Root_3806,118.772067,47.689974,3,"5;8;12"
Root_3807,10.441878,19.264118,7,"0;1;2;3;4;8;12"
Root_3808,66.127402,39.541878,6,"1;2;3;4;8;12"
Root_3809,15.771478,24.593718,6,"0;2;3;4;8;12"
Root_3810,95.735680,44.171478,5,"2;3;4;8;12"
Root_3811,11.367798,20.190038,6,"0;1;3;4;8;12"
Root_3812,69.434762,40.467798,5,"1;3;4;8;12"
Root_3813,16.697398,25.519638,5,"0;3;4;8;12"
Root_3814,99.968960,45.097398,4,"3;4;8;12"
Root_3815,12.355446,21.177686,6,"0;1;2;4;8;12"
Root_3816,74.535946,41.455446,5,"1;2;4;8;12"
Root_3817,17.685046,26.507286,5,"0;2;4;8;12"
Root_3818,106.142838,46.085046,4,"2;4;8;12"
Root_3819,13.614573,22.103606,5,"0;1;4;8;12"
Root_3820,77.843306,42.381366,4,"1;4;8;12"
Root_3821,18.610966,27.433206,4,"0;4;8;12"
Root_3822,111.323971,47.010966,3,"4;8;12"
Root_3823,12.664086,21.486326,6,"0;1;2;3;8;12"
Root_3824,83.640979,41.764086,5,"1;2;3;8;12"
Root_3825,18.623181,26.815926,5,"0;2;3;8;12"
Root_3826,111.235552,46.393686,4,"2;3;8;12"
Root_3827,14.231853,22.412246,5,"0;1;3;8;12"
Root_3828,86.022419,42.690006,4,"1;3;8;12"
Root_3829,20.475021,27.741846,4,"0;3;8;12"
Root_3830,116.427651,47.319606,3,"3;8;12"
Root_3831,16.207149,23.399894,5,"0;1;2;8;12"
Root_3832,90.135955,43.677654,4,"1;2;8;12"
Root_3833,19.907254,28.729494,4,"0;2;8;12"
Root_3834,125.479427,48.307254,3,"2;8;12"
Root_3835,18.058989,24.325814,4,"0;1;8;12"
Root_3836,93.120970,44.603574,3,"1;8;12"
Root_3837,21.218189,29.655414,3,"0;8;12"
Root_3838,132.490467,49.233174,2,"8;12"
Root_3839,8.077696,16.899936,9,"0;1;2;3;4;5;6;7;12"
Root_3840,42.144928,37.177696,8,"1;2;3;4;5;6;7;12"
Root_3841,13.407296,22.229536,8,"0;2;3;4;5;6;7;12"
Root_3842,77.472630,41.807296,7,"2;3;4;5;6;7;12"
Root_3843,9.003616,17.825856,8,"0;1;3;4;5;6;7;12"
Root_3844,46.526368,38.103616,7,"1;3;4;5;6;7;12"
Root_3845,14.333216,23.155456,7,"0;3;4;5;6;7;12"
Root_3846,83.557750,42.733216,6,"3;4;5;6;7;12"
Root_3847,9.991264,18.813504,8,"0;1;2;4;5;6;7;12"
Root_3848,49.731168,39.091264,7,"1;2;4;5;6;7;12"
Root_3849,15.320864,24.143104,7,"0;2;4;5;6;7;12"
Root_3850,91.621878,43.720864,6,"2;4;5;6;7;12"
Root_3851,10.917184,19.739424,7,"0;1;4;5;6;7;12"
Root_3852,54.381398,40.017184,6,"1;4;5;6;7;12"
Root_3853,16.246784,25.069024,6,"0;4;5;6;7;12"
Root_3854,97.706998,44.646784,5,"4;5;6;7;12"
Root_3855,10.299904,19.122144,8,"0;1;2;3;5;6;7;12"
Root_3856,61.322496,39.399904,7,"1;2;3;5;6;7;12"
Root_3857,15.629504,24.451744,7,"0;2;3;5;6;7;12"
Root_3858,99.387414,44.029504,6,"2;3;5;6;7;12"
Root_3859,11.225824,20.048064,7,"0;1;3;5;6;7;12"
Root_3860,65.850614,40.325824,6,"1;3;5;6;7;12"
Root_3861,16.555424,25.377664,6,"0;3;5;6;7;12"
Root_3862,104.546614,44.955424,5,"3;5;6;7;12"
Root_3863,12.213472,21.035712,7,"0;1;2;5;6;7;12"
Root_3864,72.927094,41.313472,6,"1;2;5;6;7;12"
Root_3865,17.543072,26.365312,6,"0;2;5;6;7;12"
Root_3866,111.623094,45.943072,5,"2;5;6;7;12"
Root_3867,13.330624,21.961632,6,"0;1;5;6;7;12"
Root_3868,78.086294,42.239392,5,"1;5;6;7;12"
Root_3869,18.468992,27.291232,5,"0;5;6;7;12"
Root_3870,116.782294,46.868992,4,"5;6;7;12"
Root_3871,9.620896,18.443136,8,"0;1;2;3;4;6;7;12"
Root_3872,55.211424,38.720896,7,"1;2;3;4;6;7;12"
Root_3873,14.950496,23.772736,7,"0;2;3;4;6;7;12"
Root_3874,92.297334,43.350496,6,"2;3;4;6;7;12"
Root_3875,10.546816,19.369056,7,"0;1;3;4;6;7;12"
Root_3876,59.240992,39.646816,6,"1;3;4;6;7;12"
Root_3877,15.876416,24.698656,6,"0;3;4;6;7;12"
Root_3878,97.456534,44.276416,5,"3;4;6;7;12"
Root_3879,11.534464,20.356704,7,"0;1;2;4;6;7;12"
Root_3880,65.837014,40.634464,6,"1;2;4;6;7;12"
Root_3881,16.864064,25.686304,6,"0;2;4;6;7;12"
Root_3882,104.533014,45.264064,5,"2;4;6;7;12"
Root_3883,12.460384,21.282624,6,"0;1;4;6;7;12"
Root_3884,70.996214,41.560384,5,"1;4;6;7;12"
Root_3885,17.789984,26.612224,5,"0;4;6;7;12"
Root_3886,109.882198,46.189984,4,"4;6;7;12"
Root_3887,11.843104,20.665344,7,"0;1;2;3;6;7;12"
Root_3888,76.380310,40.943104,6,"1;2;3;6;7;12"
Root_3889,17.172704,25.994944,6,"0;2;3;6;7;12"
Root_3890,110.446710,45.572704,5,"2;3;6;7;12"
Root_3891,12.769024,21.591264,6,"0;1;3;6;7;12"
Root_3892,80.613590,41.869024,5,"1;3;6;7;12"
Root_3893,18.833056,26.920864,5,"0;3;6;7;12"
Root_3894,115.178614,46.498624,4,"3;6;7;12"
Root_3895,14.565184,22.578912,6,"0;1;2;6;7;12"
Root_3896,86.702422,42.856672,5,"1;2;6;7;12"
Root_3897,19.086272,27.908512,5,"0;2;6;7;12"
Root_3898,123.227638,47.486272,4,"2;6;7;12"
Root_3899,16.417024,23.504832,5,"0;1;6;7;12"
Root_3900,90.935702,43.782592,4,"1;6;7;12"
Root_3901,20.012192,28.834432,4,"0;6;7;12"
Root_3902,130.238678,48.412192,3,"6;7;12"
Root_3903,10.503606,19.325846,8,"0;1;2;3;4;5;7;12"
Root_3904,63.481632,39.603606,7,"1;2;3;4;5;7;12"
Root_3905,15.833206,24.655446,7,"0;2;3;4;5;7;12"
Root_3906,102.124438,44.233206,6,"2;3;4;5;7;12"
Root_3907,11.429526,20.251766,7,"0;1;3;4;5;7;12"
Root_3908,68.587638,40.529526,6,"1;3;4;5;7;12"
Root_3909,16.759126,25.581366,6,"0;3;4;5;7;12"
Root_3910,107.283638,45.159126,5,"3;4;5;7;12"
Root_3911,12.417174,21.239414,7,"0;1;2;4;5;7;12"
Root_3912,75.664118,41.517174,6,"1;2;4;5;7;12"
Root_3913,17.746774,26.569014,6,"0;2;4;5;7;12"
Root_3914,114.360118,46.146774,5,"2;4;5;7;12"
Root_3915,13.738029,22.165334,6,"0;1;4;5;7;12"
Root_3916,80.823318,42.443094,5,"1;4;5;7;12"
Root_3917,18.672694,27.494934,5,"0;4;5;7;12"
Root_3918,119.664707,47.072694,4,"4;5;7;12"
Root_3919,12.725814,21.548054,7,"0;1;2;3;5;7;12"
Root_3920,85.324704,41.825814,6,"1;2;3;5;7;12"
Root_3921,18.746637,26.877654,6,"0;2;3;5;7;12"
Root_3922,119.391104,46.455414,5,"2;3;5;7;12"
Root_3923,14.355309,22.473974,6,"0;1;3;5;7;12"
Root_3924,89.557984,42.751734,5,"1;3;5;7;12"
Root_3925,20.598477,27.803574,5,"0;3;5;7;12"
Root_3926,124.768387,47.381334,4,"3;5;7;12"
Root_3927,16.330605,23.461622,6,"0;1;2;5;7;12"
Root_3928,95.646816,43.739382,5,"1;2;5;7;12"
Root_3929,19.968982,28.791222,5,"0;2;5;7;12"
Root_3930,133.820163,48.368982,4,"2;5;7;12"
Root_3931,18.182445,24.387542,5,"0;1;5;7;12"
Root_3932,99.880096,44.665302,4,"1;5;7;12"
Root_3933,20.894902,29.717142,4,"0;5;7;12"
Root_3934,140.831203,49.294902,3,"5;7;12"
Root_3935,12.046806,20.869046,7,"0;1;2;3;4;7;12"
Root_3936,78.913632,41.146806,6,"1;2;3;4;7;12"
Root_3937,17.388621,26.198646,6,"0;2;3;4;7;12"
Root_3938,112.980032,45.776406,5,"2;3;4;7;12"
Root_3939,12.997293,21.794966,6,"0;1;3;4;7;12"
Root_3940,83.146912,42.072726,5,"1;3;4;7;12"
Root_3941,19.240461,27.124566,5,"0;3;4;7;12"
Root_3942,117.915638,46.702326,4,"3;4;7;12"
Root_3943,14.972589,22.782614,6,"0;1;2;4;7;12"
Root_3944,89.235744,43.060374,5,"1;2;4;7;12"
Root_3945,19.289974,28.112214,5,"0;2;4;7;12"
Root_3946,126.372067,47.689974,4,"2;4;7;12"
Root_3947,16.824429,23.708534,5,"0;1;4;7;12"
Root_3948,93.469024,43.986294,4,"1;4;7;12"
Root_3949,20.215894,29.038134,4,"0;4;7;12"
Root_3950,133.383107,48.615894,3,"4;7;12"
Root_3951,15.589869,23.091254,6,"0;1;2;3;7;12"
Root_3952,97.044490,43.369014,5,"1;2;3;7;12"
Root_3953,21.833037,28.420854,5,"0;2;3;7;12"
Root_3954,131.475747,47.998614,4,"2;3;7;12"
Root_3955,17.441709,24.017174,5,"0;1;3;7;12"
Root_3956,100.351850,44.294934,4,"1;3;7;12"
Root_3957,23.684877,29.346774,4,"0;3;7;12"
Root_3958,138.486787,48.924534,3,"3;7;12"
Root_3959,19.417005,25.004822,5,"0;1;2;7;12"
Root_3960,105.453034,45.282582,4,"1;2;7;12"
Root_3961,21.512182,30.334422,4,"0;2;7;12"
Root_3962,147.538563,49.912182,3,"2;7;12"
Root_3963,21.268845,25.930742,4,"0;1;7;12"
Root_3964,108.968896,46.208502,3,"1;7;12"
Root_3965,22.438102,31.260342,3,"0;7;12"
Root_3966,154.549603,50.838102,2,"7;12"
Root_3967,11.102368,19.924608,8,"0;1;2;3;4;5;6;12"
Root_3968,64.316054,40.202368,7,"1;2;3;4;5;6;12"
Root_3969,16.431968,25.254208,7,"0;2;3;4;5;6;12"
Root_3970,103.844022,44.831968,6,"2;3;4;5;6;12"
Root_3971,12.028288,20.850528,7,"0;1;3;4;5;6;12"
Root_3972,69.475254,41.128288,6,"1;3;4;5;6;12"
Root_3973,17.357888,26.180128,6,"0;3;4;5;6;12"
Root_3974,109.929142,45.757888,5,"3;4;5;6;12"
Root_3975,13.083712,21.838176,7,"0;1;2;4;5;6;12"
Root_3976,76.551734,42.115936,6,"1;2;4;5;6;12"
Root_3977,18.345536,27.167776,6,"0;2;4;5;6;12"
Root_3978,117.993270,46.745536,5,"2;4;5;6;12"
Root_3979,14.935552,22.764096,6,"0;1;4;5;6;12"
Root_3980,81.710934,43.041856,5,"1;4;5;6;12"
Root_3981,19.271456,28.093696,5,"0;4;5;6;12"
Root_3982,124.749846,47.671456,4,"4;5;6;12"
Root_3983,13.700992,22.146816,7,"0;1;2;3;5;6;12"
Root_3984,85.613558,42.424576,6,"1;2;3;5;6;12"
Root_3985,19.944160,27.476416,6,"0;2;3;5;6;12"
Root_3986,122.842486,47.054176,5,"2;3;5;6;12"
Root_3987,15.552832,23.072736,6,"0;1;3;5;6;12"
Root_3988,89.846838,43.350496,5,"1;3;5;6;12"
Root_3989,21.796000,28.402336,5,"0;3;5;6;12"
Root_3990,129.853526,47.980096,4,"3;5;6;12"
Root_3991,17.528128,24.060384,6,"0;1;2;5;6;12"
Root_3992,96.273814,44.338144,5,"1;2;5;6;12"
Root_3993,20.567744,29.389984,5,"0;2;5;6;12"
Root_3994,138.905302,48.967744,4,"2;5;6;12"
Root_3995,19.379968,24.986304,5,"0;1;5;6;12"
Root_3996,101.433014,45.264064,4,"1;5;6;12"
Root_3997,21.493664,30.315904,4,"0;5;6;12"
Root_3998,145.916342,49.893664,3,"5;6;12"
Root_3999,12.645568,21.467808,7,"0;1;2;3;4;6;12"
Root_4000,79.202486,41.745568,6,"1;2;3;4;6;12"
Root_4001,18.586144,26.797408,6,"0;2;3;4;6;12"
Root_4002,116.019222,46.375168,5,"2;3;4;6;12"
Root_4003,14.194816,22.393728,6,"0;1;3;4;6;12"
Root_4004,83.435766,42.671488,5,"1;3;4;6;12"
Root_4005,20.437984,27.723328,5,"0;3;4;6;12"
Root_4006,122.405430,47.301088,4,"3;4;6;12"
Root_4007,16.170112,23.381376,6,"0;1;2;4;6;12"
Root_4008,89.524598,43.659136,5,"1;2;4;6;12"
Root_4009,19.888736,28.710976,5,"0;2;4;6;12"
Root_4010,131.457206,48.288736,4,"2;4;6;12"
Root_4011,18.021952,24.307296,5,"0;1;4;6;12"
Root_4012,94.342934,44.585056,4,"1;4;6;12"
Root_4013,20.814656,29.636896,4,"0;4;6;12"
Root_4014,138.468246,49.214656,3,"4;6;12"
Root_4015,16.787392,23.690016,6,"0;1;2;3;6;12"
Root_4016,96.734582,43.967776,5,"1;2;3;6;12"
Root_4017,23.030560,29.019616,5,"0;2;3;6;12"
Root_4018,136.560886,48.597376,4,"2;3;6;12"
Root_4019,18.639232,24.615936,5,"0;1;3;6;12"
Root_4020,100.935638,44.893696,4,"1;3;6;12"
Root_4021,24.882400,29.945536,4,"0;3;6;12"
Root_4022,143.571926,49.523296,3,"3;6;12"
Root_4023,20.614528,25.603584,5,"0;1;2;6;12"
Root_4024,107.024470,45.881344,4,"1;2;6;12"
Root_4025,22.110944,30.933184,4,"0;2;6;12"
Root_4026,152.623702,50.510944,3,"2;6;12"
Root_4027,22.466368,26.529504,4,"0;1;6;12"
Root_4028,112.065014,46.807264,3,"1;6;12"
Root_4029,23.036864,31.859104,3,"0;6;12"
Root_4030,159.634742,51.436864,2,"6;12"
Root_4031,14.108397,22.350518,7,"0;1;2;3;4;5;12"
Root_4032,88.146880,42.628278,6,"1;2;3;4;5;12"
Root_4033,20.351565,27.680118,6,"0;2;3;4;5;12"
Root_4034,125.986915,47.257878,5,"2;3;4;5;12"
Root_4035,15.960237,23.276438,6,"0;1;3;4;5;12"
Root_4036,92.380160,43.554198,5,"1;3;4;5;12"
Root_4037,22.203405,28.606038,5,"0;3;4;5;12"
Root_4038,132.997955,48.183798,4,"3;4;5;12"
Root_4039,17.935533,24.264086,6,"0;1;2;4;5;12"
Root_4040,99.010838,44.541846,5,"1;2;4;5;12"
Root_4041,20.771446,29.593686,5,"0;2;4;5;12"
Root_4042,142.049731,49.171446,4,"2;4;5;12"
Root_4043,19.787373,25.190006,5,"0;1;4;5;12"
Root_4044,104.170038,45.467766,4,"1;4;5;12"
Root_4045,21.697366,30.519606,4,"0;4;5;12"
Root_4046,149.060771,50.097366,3,"4;5;12"
Root_4047,18.552813,24.572726,6,"0;1;2;3;5;12"
Root_4048,105.646752,44.850486,5,"1;2;3;5;12"
Root_4049,24.795981,29.902326,5,"0;2;3;5;12"
Root_4050,147.153411,49.480086,4,"2;3;5;12"
Root_4051,20.404653,25.498646,5,"0;1;3;5;12"
Root_4052,109.880032,45.776406,4,"1;3;5;12"
Root_4053,26.647821,30.828246,4,"0;3;5;12"
Root_4054,154.164451,50.406006,3,"3;5;12"
Root_4055,22.379949,26.486294,5,"0;1;2;5;12"
Root_4056,115.968864,46.764054,4,"1;2;5;12"
Root_4057,22.993654,31.815894,4,"0;2;5;12"
Root_4058,163.216227,51.393654,3,"2;5;12"
Root_4059,24.231789,27.412214,4,"0;1;5;12"
Root_4060,122.272067,47.689974,3,"1;5;12"
Root_4061,24.661389,32.741814,3,"0;5;12"
Root_4062,170.227267,52.319574,2,"5;12"
Root_4063,17.194797,23.893718,6,"0;1;2;3;4;12"
Root_4064,99.235680,44.171478,5,"1;2;3;4;12"
Root_4065,23.437965,29.223318,5,"0;2;3;4;12"
Root_4066,139.705315,48.801078,4,"2;3;4;12"
Root_4067,19.046637,24.819638,5,"0;1;3;4;12"
Root_4068,103.468960,45.097398,4,"1;3;4;12"
Root_4069,25.289805,30.149238,4,"0;3;4;12"
Root_4070,146.716355,49.726998,3,"3;4;12"
Root_4071,21.021933,25.807286,5,"0;1;2;4;12"
Root_4072,109.642838,46.085046,4,"1;2;4;12"
Root_4073,22.314646,31.136886,4,"0;2;4;12"
Root_4074,155.768131,50.714646,3,"2;4;12"
Root_4075,22.873773,26.733206,4,"0;1;4;12"
Root_4076,114.823971,47.010966,3,"1;4;12"
Root_4077,23.303373,32.062806,3,"0;4;12"
Root_4078,162.779171,51.640566,2,"4;12"
Root_4079,21.639213,26.115926,5,"0;1;2;3;12"
Root_4080,114.735552,46.393686,4,"1;2;3;12"
Root_4081,27.882381,31.445526,4,"0;2;3;12"
Root_4082,160.871811,51.023286,3,"2;3;12"
Root_4083,24.346467,27.041846,4,"0;1;3;12"
Root_4084,119.927651,47.319606,3,"1;3;12"
Root_4085,30.105667,32.371446,3,"0;3;12"
Root_4086,167.882851,51.949206,2,"3;12"
Root_4087,25.466349,28.029494,4,"0;1;2;12"
Root_4088,128.979427,48.307254,3,"1;2;12"
Root_4089,25.895949,33.359094,3,"0;2;12"
Root_4090,176.934627,52.936854,2,"2;12"
Root_4091,27.318189,28.955414,3,"0;1;12"
Root_4092,135.990467,49.233174,2,"1;12"
Root_4093,28.032803,34.285014,2,"0;12"
Root_4094,183.945667,53.862774,1,"12"
Root_4095,0.000000,8.729600,12,"0;1;2;3;4;5;6;7;8;9;10;11"
Root_4096,32.353984,31.807360,11,"1;2;3;4;5;6;7;8;9;10;11"
Root_4097,8.036960,16.859200,11,"0;2;3;4;5;6;7;8;9;10;11"
Root_4098,47.533856,36.436960,10,"2;3;4;5;6;7;8;9;10;11"
Root_4099,0.833280,9.655520,11,"0;1;3;4;5;6;7;8;9;10;11"
Root_4100,36.983584,32.733280,10,"1;3;4;5;6;7;8;9;10;11"
Root_4101,8.962880,17.785120,10,"0;3;4;5;6;7;8;9;10;11"
Root_4102,52.552416,37.362880,9,"3;4;5;6;7;8;9;10;11"
Root_4103,4.620928,13.443168,11,"0;1;2;4;5;6;7;8;9;10;11"
Root_4104,34.387328,33.720928,10,"1;2;4;5;6;7;8;9;10;11"
Root_4105,9.950528,18.772768,10,"0;2;4;5;6;7;8;9;10;11"
Root_4106,54.028832,38.350528,9,"2;4;5;6;7;8;9;10;11"
Root_4107,5.546848,14.369088,10,"0;1;4;5;6;7;8;9;10;11"
Root_4108,38.662528,34.646848,9,"1;4;5;6;7;8;9;10;11"
Root_4109,10.876448,19.698688,9,"0;4;5;6;7;8;9;10;11"
Root_4110,57.133824,39.276448,8,"4;5;6;7;8;9;10;11"
Root_4111,3.529568,12.351808,11,"0;1;2;3;5;6;7;8;9;10;11"
Root_4112,43.465024,34.029568,10,"1;2;3;5;6;7;8;9;10;11"
Root_4113,10.259168,19.081408,10,"0;2;3;5;6;7;8;9;10;11"
Root_4114,65.311520,38.659168,9,"2;3;5;6;7;8;9;10;11"
Root_4115,4.455488,13.277728,10,"0;1;3;5;6;7;8;9;10;11"
Root_4116,48.974784,34.955488,9,"1;3;5;6;7;8;9;10;11"
Root_4117,11.185088,20.007328,9,"0;3;5;6;7;8;9;10;11"
Root_4118,68.107872,39.585088,8,"3;5;6;7;8;9;10;11"
Root_4119,6.843136,15.665376,10,"0;1;2;5;6;7;8;9;10;11"
Root_4120,47.056160,35.943136,9,"1;2;5;6;7;8;9;10;11"
Root_4121,12.172736,20.994976,9,"0;2;5;6;7;8;9;10;11"
Root_4122,73.521078,40.572736,8,"2;5;6;7;8;9;10;11"
Root_4123,7.769056,16.591296,9,"0;1;5;6;7;8;9;10;11"
Root_4124,52.511680,36.869056,8,"1;5;6;7;8;9;10;11"
Root_4125,13.098656,21.920896,8,"0;5;6;7;8;9;10;11"
Root_4126,77.754358,41.498656,7,"5;6;7;8;9;10;11"
Root_4127,2.150560,10.972800,11,"0;1;2;3;4;6;7;8;9;10;11"
Root_4128,40.069984,33.350560,10,"1;2;3;4;6;7;8;9;10;11"
Root_4129,9.580160,18.402400,10,"0;2;3;4;6;7;8;9;10;11"
Root_4130,59.879456,37.980160,9,"2;3;4;6;7;8;9;10;11"
Root_4131,3.076480,11.898720,10,"0;1;3;4;6;7;8;9;10;11"
Root_4132,44.900736,34.276480,9,"1;3;4;6;7;8;9;10;11"
Root_4133,10.506080,19.328320,9,"0;3;4;6;7;8;9;10;11"
Root_4134,63.354816,38.906080,8,"3;4;6;7;8;9;10;11"
Root_4135,6.164128,14.986368,10,"0;1;2;4;6;7;8;9;10;11"
Root_4136,42.303104,35.264128,9,"1;2;4;6;7;8;9;10;11"
Root_4137,11.493728,20.315968,9,"0;2;4;6;7;8;9;10;11"
Root_4138,67.110006,39.893728,8,"2;4;6;7;8;9;10;11"
Root_4139,7.090048,15.912288,9,"0;1;4;6;7;8;9;10;11"
Root_4140,47.758624,36.190048,8,"1;4;6;7;8;9;10;11"
Root_4141,12.419648,21.241888,8,"0;4;6;7;8;9;10;11"
Root_4142,71.343286,40.819648,7,"4;6;7;8;9;10;11"
Root_4143,5.072768,13.895008,10,"0;1;2;3;6;7;8;9;10;11"
Root_4144,53.277152,35.572768,9,"1;2;3;6;7;8;9;10;11"
Root_4145,11.802368,20.624608,9,"0;2;3;6;7;8;9;10;11"
Root_4146,78.085398,40.202368,8,"2;3;6;7;8;9;10;11"
Root_4147,5.998688,14.820928,9,"0;1;3;6;7;8;9;10;11"
Root_4148,58.732672,36.498688,8,"1;3;6;7;8;9;10;11"
Root_4149,12.728288,21.550528,8,"0;3;6;7;8;9;10;11"
Root_4150,81.392758,41.128288,7,"3;6;7;8;9;10;11"
Root_4151,8.386336,17.208576,9,"0;1;2;6;7;8;9;10;11"
Root_4152,59.344896,37.486336,8,"1;2;6;7;8;9;10;11"
Root_4153,13.715936,22.538176,8,"0;2;6;7;8;9;10;11"
Root_4154,86.493942,42.115936,7,"2;6;7;8;9;10;11"
Root_4155,9.312256,18.134496,8,"0;1;6;7;8;9;10;11"
Root_4156,63.314080,38.412256,7,"1;6;7;8;9;10;11"
Root_4157,14.641856,23.464096,7,"0;6;7;8;9;10;11"
Root_4158,90.169078,43.041856,6,"6;7;8;9;10;11"
Root_4159,3.033270,11.855510,11,"0;1;2;3;4;5;7;8;9;10;11"
Root_4160,44.641478,34.233270,10,"1;2;3;4;5;7;8;9;10;11"
Root_4161,10.462870,19.285110,10,"0;2;3;4;5;7;8;9;10;11"
Root_4162,66.941139,38.862870,9,"2;3;4;5;7;8;9;10;11"
Root_4163,3.959190,12.781430,10,"0;1;3;4;5;7;8;9;10;11"
Root_4164,50.196998,35.159190,9,"1;3;4;5;7;8;9;10;11"
Root_4165,11.388790,20.211030,9,"0;3;4;5;7;8;9;10;11"
Root_4166,70.176778,39.788790,8,"3;4;5;7;8;9;10;11"
Root_4167,7.046838,15.869078,10,"0;1;2;4;5;7;8;9;10;11"
Root_4168,48.628915,36.146838,9,"1;2;4;5;7;8;9;10;11"
Root_4169,12.376438,21.198678,9,"0;2;4;5;7;8;9;10;11"
Root_4170,76.054400,40.776438,8,"2;4;5;7;8;9;10;11"
Root_4171,7.972758,16.794998,9,"0;1;4;5;7;8;9;10;11"
Root_4172,53.937597,37.072758,8,"1;4;5;7;8;9;10;11"
Root_4173,13.302358,22.124598,8,"0;4;5;7;8;9;10;11"
Root_4174,80.287680,41.702358,7,"4;5;7;8;9;10;11"
Root_4175,5.955478,14.777718,10,"0;1;2;3;5;7;8;9;10;11"
Root_4176,59.911603,36.455478,9,"1;2;3;5;7;8;9;10;11"
Root_4177,12.685078,21.507318,9,"0;2;3;5;7;8;9;10;11"
Root_4178,86.147082,41.085078,8,"2;3;5;7;8;9;10;11"
Root_4179,6.881398,15.703638,9,"0;1;3;5;7;8;9;10;11"
Root_4180,64.911645,37.381398,8,"1;3;5;7;8;9;10;11"
Root_4181,13.610998,22.433238,8,"0;3;5;7;8;9;10;11"
Root_4182,89.454442,42.010998,7,"3;5;7;8;9;10;11"
Root_4183,9.269046,18.091286,9,"0;1;2;5;7;8;9;10;11"
Root_4184,66.406579,38.369046,8,"1;2;5;7;8;9;10;11"
Root_4185,14.598646,23.420886,8,"0;2;5;7;8;9;10;11"
Root_4186,94.880192,42.998646,7,"2;5;7;8;9;10;11"
Root_4187,10.194966,19.017206,8,"0;1;5;7;8;9;10;11"
Root_4188,69.493053,39.294966,7,"1;5;7;8;9;10;11"
Root_4189,15.923213,24.346806,7,"0;5;7;8;9;10;11"
Root_4190,99.113472,43.924566,6,"5;7;8;9;10;11"
Root_4191,4.576470,13.398710,10,"0;1;2;3;4;7;8;9;10;11"
Root_4192,54.703069,35.776470,9,"1;2;3;4;7;8;9;10;11"
Root_4193,12.006070,20.828310,9,"0;2;3;4;7;8;9;10;11"
Root_4194,80.415018,40.406070,8,"2;3;4;7;8;9;10;11"
Root_4195,5.502390,14.324630,9,"0;1;3;4;7;8;9;10;11"
Root_4196,60.158589,36.702390,8,"1;3;4;7;8;9;10;11"
Root_4197,12.931990,21.754230,8,"0;3;4;7;8;9;10;11"
Root_4198,83.722378,41.331990,7,"3;4;7;8;9;10;11"
Root_4199,8.590038,17.412278,9,"0;1;2;4;7;8;9;10;11"
Root_4200,60.974515,37.690038,8,"1;2;4;7;8;9;10;11"
Root_4201,13.919638,22.741878,8,"0;2;4;7;8;9;10;11"
Root_4202,88.823562,42.319638,7,"2;4;7;8;9;10;11"
Root_4203,9.515958,18.338198,8,"0;1;4;7;8;9;10;11"
Root_4204,64.739997,38.615958,7,"1;4;7;8;9;10;11"
Root_4205,14.845558,23.667798,7,"0;4;7;8;9;10;11"
Root_4206,92.702400,43.245558,6,"4;7;8;9;10;11"
Root_4207,7.498678,16.320918,9,"0;1;2;3;7;8;9;10;11"
Root_4208,72.257203,37.998678,8,"1;2;3;7;8;9;10;11"
Root_4209,14.228278,23.050518,8,"0;2;3;7;8;9;10;11"
Root_4210,97.064403,42.628278,7,"2;3;7;8;9;10;11"
Root_4211,8.424598,17.246838,8,"0;1;3;7;8;9;10;11"
Root_4212,75.714045,38.924598,7,"1;3;7;8;9;10;11"
Root_4213,15.182477,23.976438,7,"0;3;7;8;9;10;11"
Root_4214,100.325962,43.554198,6,"3;7;8;9;10;11"
Root_4215,10.812246,19.634486,8,"0;1;2;7;8;9;10;11"
Root_4216,78.752179,39.912246,7,"1;2;7;8;9;10;11"
Root_4217,17.157773,24.964086,7,"0;2;7;8;9;10;11"
Root_4218,105.968992,44.541846,6,"2;7;8;9;10;11"
Root_4219,11.738166,20.560406,7,"0;1;7;8;9;10;11"
Root_4220,81.133619,40.838166,6,"1;7;8;9;10;11"
Root_4221,19.392195,25.890006,6,"0;7;8;9;10;11"
Root_4222,110.202272,45.467766,5,"7;8;9;10;11"
Root_4223,5.732032,14.554272,11,"0;1;2;3;4;5;6;8;9;10;11"
Root_4224,47.477344,34.832032,10,"1;2;3;4;5;6;8;9;10;11"
Root_4225,11.061632,19.883872,10,"0;2;3;4;5;6;8;9;10;11"
Root_4226,66.528768,39.461632,9,"2;3;4;5;6;8;9;10;11"
Root_4227,6.657952,15.480192,10,"0;1;3;4;5;6;8;9;10;11"
Root_4228,52.106944,35.757952,9,"1;3;4;5;6;8;9;10;11"
Root_4229,11.987552,20.809792,9,"0;3;4;5;6;8;9;10;11"
Root_4230,70.254422,40.387552,8,"3;4;5;6;8;9;10;11"
Root_4231,7.645600,16.467840,10,"0;1;2;4;5;6;8;9;10;11"
Root_4232,50.748736,36.745600,9,"1;2;4;5;6;8;9;10;11"
Root_4233,12.975200,21.797440,9,"0;2;4;5;6;8;9;10;11"
Root_4234,76.343254,41.375200,8,"2;4;5;6;8;9;10;11"
Root_4235,8.571520,17.393760,9,"0;1;4;5;6;8;9;10;11"
Root_4236,54.532736,37.671520,8,"1;4;5;6;8;9;10;11"
Root_4237,13.901120,22.723360,8,"0;4;5;6;8;9;10;11"
Root_4238,80.576534,42.301120,7,"4;5;6;8;9;10;11"
Root_4239,7.954240,16.776480,10,"0;1;2;3;5;6;8;9;10;11"
Root_4240,61.722784,37.054240,9,"1;2;3;5;6;8;9;10;11"
Root_4241,13.283840,22.106080,9,"0;2;3;5;6;8;9;10;11"
Root_4242,85.837174,41.683840,8,"2;3;5;6;8;9;10;11"
Root_4243,8.880160,17.702400,9,"0;1;3;5;6;8;9;10;11"
Root_4244,65.198144,37.980160,8,"1;3;5;6;8;9;10;11"
Root_4245,14.209760,23.032000,8,"0;3;5;6;8;9;10;11"
Root_4246,89.144534,42.609760,7,"3;5;6;8;9;10;11"
Root_4247,9.867808,18.690048,9,"0;1;2;5;6;8;9;10;11"
Root_4248,66.304192,38.967808,8,"1;2;5;6;8;9;10;11"
Root_4249,15.268896,24.019648,8,"0;2;5;6;8;9;10;11"
Root_4250,95.169046,43.597408,7,"2;5;6;8;9;10;11"
Root_4251,10.793728,19.615968,8,"0;1;5;6;8;9;10;11"
Root_4252,68.222550,39.893728,7,"1;5;6;8;9;10;11"
Root_4253,17.120736,24.945568,7,"0;5;6;8;9;10;11"
Root_4254,100.448982,44.523328,6,"5;6;8;9;10;11"
Root_4255,7.275232,16.097472,10,"0;1;2;3;4;6;8;9;10;11"
Root_4256,56.969728,36.375232,9,"1;2;3;4;6;8;9;10;11"
Root_4257,12.604832,21.427072,9,"0;2;3;4;6;8;9;10;11"
Root_4258,80.105110,41.004832,8,"2;3;4;6;8;9;10;11"
Root_4259,8.201152,17.023392,9,"0;1;3;4;6;8;9;10;11"
Root_4260,61.124096,37.301152,8,"1;3;4;6;8;9;10;11"
Root_4261,13.530752,22.352992,8,"0;3;4;6;8;9;10;11"
Root_4262,83.412470,41.930752,7,"3;4;6;8;9;10;11"
Root_4263,9.188800,18.011040,9,"0;1;2;4;6;8;9;10;11"
Root_4264,61.551136,38.288800,8,"1;2;4;6;8;9;10;11"
Root_4265,14.518400,23.340640,8,"0;2;4;6;8;9;10;11"
Root_4266,88.757974,42.918400,7,"2;4;6;8;9;10;11"
Root_4267,10.114720,18.936960,8,"0;1;4;6;8;9;10;11"
Root_4268,63.791936,39.214720,7,"1;4;6;8;9;10;11"
Root_4269,15.762720,24.266560,7,"0;4;6;8;9;10;11"
Root_4270,92.991254,43.844320,6,"4;6;8;9;10;11"
Root_4271,9.497440,18.319680,9,"0;1;2;3;6;8;9;10;11"
Root_4272,72.525184,38.597440,8,"1;2;3;6;8;9;10;11"
Root_4273,14.827040,23.649280,8,"0;2;3;6;8;9;10;11"
Root_4274,96.708694,43.227040,7,"2;3;6;8;9;10;11"
Root_4275,10.423360,19.245600,8,"0;1;3;6;8;9;10;11"
Root_4276,74.457344,39.523360,7,"1;3;6;8;9;10;11"
Root_4277,16.380000,24.575200,7,"0;3;6;8;9;10;11"
Root_4278,100.321974,44.152960,6,"3;6;8;9;10;11"
Root_4279,11.411008,20.233248,8,"0;1;2;6;8;9;10;11"
Root_4280,77.843510,40.511008,7,"1;2;6;8;9;10;11"
Root_4281,18.410720,25.562848,7,"0;2;6;8;9;10;11"
Root_4282,107.398454,45.140608,6,"2;6;8;9;10;11"
Root_4283,12.336928,21.159168,7,"0;1;6;8;9;10;11"
Root_4284,80.224950,41.436928,6,"1;6;8;9;10;11"
Root_4285,21.188480,26.488768,6,"0;6;8;9;10;11"
Root_4286,112.624182,46.066528,5,"6;8;9;10;11"
Root_4287,8.157942,16.980182,10,"0;1;2;3;4;5;8;9;10;11"
Root_4288,63.148701,37.257942,9,"1;2;3;4;5;8;9;10;11"
Root_4289,13.487542,22.309782,9,"0;2;3;4;5;8;9;10;11"
Root_4290,88.166794,41.887542,8,"2;3;4;5;8;9;10;11"
Root_4291,9.083862,17.906102,9,"0;1;3;4;5;8;9;10;11"
Root_4292,66.420358,38.183862,8,"1;3;4;5;8;9;10;11"
Root_4293,14.413462,23.235702,8,"0;3;4;5;8;9;10;11"
Root_4294,91.613536,42.813462,7,"3;4;5;8;9;10;11"
Root_4295,10.071510,18.893750,9,"0;1;2;4;5;8;9;10;11"
Root_4296,67.730109,39.171510,8,"1;2;4;5;8;9;10;11"
Root_4297,15.676301,24.223350,8,"0;2;4;5;8;9;10;11"
Root_4298,97.702368,43.801110,7,"2;4;5;8;9;10;11"
Root_4299,10.997430,19.819670,8,"0;1;4;5;8;9;10;11"
Root_4300,70.445898,40.097430,7,"1;4;5;8;9;10;11"
Root_4301,17.528141,25.149270,7,"0;4;5;8;9;10;11"
Root_4302,103.389709,44.727030,6,"4;5;8;9;10;11"
Root_4303,10.380150,19.202390,9,"0;1;2;3;5;8;9;10;11"
Root_4304,78.704157,39.480150,8,"1;2;3;5;8;9;10;11"
Root_4305,16.293581,24.531990,8,"0;2;3;5;8;9;10;11"
Root_4306,104.989878,44.109750,7,"2;3;5;8;9;10;11"
Root_4307,11.306070,20.128310,8,"0;1;3;5;8;9;10;11"
Root_4308,80.908947,40.406070,7,"1;3;5;8;9;10;11"
Root_4309,18.145421,25.457910,7,"0;3;5;8;9;10;11"
Root_4310,110.149078,45.035670,6,"3;5;8;9;10;11"
Root_4311,12.293718,21.115958,8,"0;1;2;5;8;9;10;11"
Root_4312,85.022483,41.393718,7,"1;2;5;8;9;10;11"
Root_4313,21.058851,26.445558,7,"0;2;5;8;9;10;11"
Root_4314,117.225558,46.023318,6,"2;5;8;9;10;11"
Root_4315,13.491117,22.041878,7,"0;1;5;8;9;10;11"
Root_4316,87.403923,42.319638,6,"1;5;8;9;10;11"
Root_4317,23.836611,27.371478,6,"0;5;8;9;10;11"
Root_4318,122.384758,46.949238,5,"5;8;9;10;11"
Root_4319,9.701142,18.523382,9,"0;1;2;3;4;8;9;10;11"
Root_4320,73.951101,38.801142,8,"1;2;3;4;8;9;10;11"
Root_4321,15.030742,23.852982,8,"0;2;3;4;8;9;10;11"
Root_4322,99.038314,43.430742,7,"2;3;4;8;9;10;11"
Root_4323,10.627062,19.449302,8,"0;1;3;4;8;9;10;11"
Root_4324,76.128829,39.727062,7,"1;3;4;8;9;10;11"
Root_4325,16.787405,24.778902,7,"0;3;4;8;9;10;11"
Root_4326,103.058998,44.356662,6,"3;4;8;9;10;11"
Root_4327,11.614710,20.436950,8,"0;1;2;4;8;9;10;11"
Root_4328,79.969427,40.714710,7,"1;2;4;8;9;10;11"
Root_4329,19.021827,25.766550,7,"0;2;4;8;9;10;11"
Root_4330,110.135478,45.344310,6,"2;4;8;9;10;11"
Root_4331,12.540630,21.362870,7,"0;1;4;8;9;10;11"
Root_4332,82.350867,41.640630,6,"1;4;8;9;10;11"
Root_4333,21.799587,26.692470,6,"0;4;8;9;10;11"
Root_4334,115.564909,46.270230,5,"4;8;9;10;11"
Root_4335,11.923350,20.745590,8,"0;1;2;3;8;9;10;11"
Root_4336,89.506557,41.023350,7,"1;2;3;8;9;10;11"
Root_4337,19.947747,26.075190,7,"0;2;3;8;9;10;11"
Root_4338,115.968928,45.652950,6,"2;3;8;9;10;11"
Root_4339,12.849270,21.671510,7,"0;1;3;8;9;10;11"
Root_4340,90.962077,41.949270,6,"1;3;8;9;10;11"
Root_4341,23.540186,27.001110,6,"0;3;8;9;10;11"
Root_4342,120.781078,46.578870,5,"3;8;9;10;11"
Root_4343,14.725677,22.659158,7,"0;1;2;8;9;10;11"
Root_4344,94.350803,42.936918,6,"1;2;8;9;10;11"
Root_4345,25.688451,27.988758,6,"0;2;8;9;10;11"
Root_4346,128.990595,47.566518,5,"2;8;9;10;11"
Root_4347,16.577517,23.585078,6,"0;1;8;9;10;11"
Root_4348,96.732243,43.862838,5,"1;8;9;10;11"
Root_4349,28.466211,28.914678,5,"0;8;9;10;11"
Root_4350,136.001635,48.492438,4,"8;9;10;11"
Root_4351,4.536960,13.359200,11,"0;1;2;3;4;5;6;7;9;10;11"
Root_4352,52.596896,36.436960,10,"1;2;3;4;5;6;7;9;10;11"
Root_4353,12.666560,21.488800,10,"0;2;3;4;5;6;7;9;10;11"
Root_4354,80.332054,41.066560,9,"2;3;4;5;6;7;9;10;11"
Root_4355,5.462880,14.285120,10,"0;1;3;4;5;6;7;9;10;11"
Root_4356,56.689536,37.362880,9,"1;3;4;5;6;7;9;10;11"
Root_4357,13.592480,22.414720,9,"0;3;4;5;6;7;9;10;11"
Root_4358,85.491254,41.992480,8,"3;4;5;6;7;9;10;11"
Root_4359,9.250528,18.072768,10,"0;1;2;4;5;6;7;9;10;11"
Root_4360,57.528832,38.350528,9,"1;2;4;5;6;7;9;10;11"
Root_4361,14.580128,23.402368,9,"0;2;4;5;6;7;9;10;11"
Root_4362,92.873782,42.980128,8,"2;4;5;6;7;9;10;11"
Root_4363,10.176448,18.998688,9,"0;1;4;5;6;7;9;10;11"
Root_4364,60.633824,39.276448,8,"1;4;5;6;7;9;10;11"
Root_4365,15.886176,24.328288,8,"0;4;5;6;7;9;10;11"
Root_4366,98.958902,43.906048,7,"4;5;6;7;9;10;11"
Root_4367,8.159168,16.981408,10,"0;1;2;3;5;6;7;9;10;11"
Root_4368,68.811520,38.659168,9,"1;2;3;5;6;7;9;10;11"
Root_4369,14.888768,23.711008,9,"0;2;3;5;6;7;9;10;11"
Root_4370,101.380054,43.288768,8,"2;3;5;6;7;9;10;11"
Root_4371,9.085088,17.907328,9,"0;1;3;5;6;7;9;10;11"
Root_4372,71.607872,39.585088,8,"1;3;5;6;7;9;10;11"
Root_4373,16.503456,24.636928,8,"0;3;5;6;7;9;10;11"
Root_4374,106.753942,44.214688,7,"3;5;6;7;9;10;11"
Root_4375,11.472736,20.294976,9,"0;1;2;5;6;7;9;10;11"
Root_4376,77.021078,40.572736,8,"1;2;5;6;7;9;10;11"
Root_4377,18.595904,25.624576,8,"0;2;5;6;7;9;10;11"
Root_4378,114.818070,45.202336,7,"2;5;6;7;9;10;11"
Root_4379,12.398656,21.220896,8,"0;1;5;6;7;9;10;11"
Root_4380,81.254358,41.498656,7,"1;5;6;7;9;10;11"
Root_4381,21.373664,26.550496,7,"0;5;6;7;9;10;11"
Root_4382,120.903190,46.128256,6,"5;6;7;9;10;11"
Root_4383,6.780160,15.602400,10,"0;1;2;3;4;6;7;9;10;11"
Root_4384,63.399296,37.980160,9,"1;2;3;4;6;7;9;10;11"
Root_4385,14.209760,23.032000,9,"0;2;3;4;6;7;9;10;11"
Root_4386,94.354294,42.609760,8,"2;3;4;6;7;9;10;11"
Root_4387,7.706080,16.528320,9,"0;1;3;4;6;7;9;10;11"
Root_4388,66.854816,38.906080,8,"1;3;4;6;7;9;10;11"
Root_4389,15.145440,23.957920,8,"0;3;4;6;7;9;10;11"
Root_4390,99.449174,43.535680,7,"3;4;6;7;9;10;11"
Root_4391,10.793728,19.615968,9,"0;1;2;4;6;7;9;10;11"
Root_4392,70.610006,39.893728,8,"1;2;4;6;7;9;10;11"
Root_4393,17.120736,24.945568,8,"0;2;4;6;7;9;10;11"
Root_4394,107.048982,44.523328,7,"2;4;6;7;9;10;11"
Root_4395,11.719648,20.541888,8,"0;1;4;6;7;9;10;11"
Root_4396,74.843286,40.819648,7,"1;4;6;7;9;10;11"
Root_4397,19.336640,25.871488,7,"0;4;6;7;9;10;11"
Root_4398,113.134102,45.449248,6,"4;6;7;9;10;11"
Root_4399,9.702368,18.524608,9,"0;1;2;3;6;7;9;10;11"
Root_4400,81.585398,40.202368,8,"1;2;3;6;7;9;10;11"
Root_4401,17.738016,25.254208,8,"0;2;3;6;7;9;10;11"
Root_4402,114.012054,44.831968,7,"2;3;6;7;9;10;11"
Root_4403,10.628288,19.450528,8,"0;1;3;6;7;9;10;11"
Root_4404,84.892758,41.128288,7,"1;3;6;7;9;10;11"
Root_4405,20.262560,26.180128,7,"0;3;6;7;9;10;11"
Root_4406,119.171254,45.757888,6,"3;6;7;9;10;11"
Root_4407,13.083712,21.838176,8,"0;1;2;6;7;9;10;11"
Root_4408,89.993942,42.115936,7,"1;2;6;7;9;10;11"
Root_4409,23.225504,27.167776,7,"0;2;6;7;9;10;11"
Root_4410,126.993270,46.745536,6,"2;6;7;9;10;11"
Root_4411,14.935552,22.764096,7,"0;1;6;7;9;10;11"
Root_4412,93.669078,43.041856,6,"1;6;7;9;10;11"
Root_4413,26.003264,28.093696,6,"0;6;7;9;10;11"
Root_4414,133.749846,47.671456,5,"6;7;9;10;11"
Root_4415,7.662870,16.485110,10,"0;1;2;3;4;5;7;9;10;11"
Root_4416,70.441139,38.862870,9,"1;2;3;4;5;7;9;10;11"
Root_4417,15.092470,23.914710,9,"0;2;3;4;5;7;9;10;11"
Root_4418,104.117078,43.492470,8,"2;3;4;5;7;9;10;11"
Root_4419,8.588790,17.411030,9,"0;1;3;4;5;7;9;10;11"
Root_4420,73.676778,39.788790,8,"1;3;4;5;7;9;10;11"
Root_4421,16.910861,24.840630,8,"0;3;4;5;7;9;10;11"
Root_4422,109.694669,44.418390,7,"3;4;5;7;9;10;11"
Root_4423,11.676438,20.498678,9,"0;1;2;4;5;7;9;10;11"
Root_4424,79.554400,40.776438,8,"1;2;4;5;7;9;10;11"
Root_4425,19.207011,25.828278,8,"0;2;4;5;7;9;10;11"
Root_4426,117.758797,45.406038,7,"2;4;5;7;9;10;11"
Root_4427,12.602358,21.424598,8,"0;1;4;5;7;9;10;11"
Root_4428,83.787680,41.702358,7,"1;4;5;7;9;10;11"
Root_4429,21.984771,26.754198,7,"0;4;5;7;9;10;11"
Root_4430,123.843917,46.331958,6,"4;5;7;9;10;11"
Root_4431,10.585078,19.407318,9,"0;1;2;3;5;7;9;10;11"
Root_4432,89.647082,41.085078,8,"1;2;3;5;7;9;10;11"
Root_4433,20.132931,26.136918,8,"0;2;3;5;7;9;10;11"
Root_4434,123.839158,45.714678,7,"2;3;5;7;9;10;11"
Root_4435,11.510998,20.333238,8,"0;1;3;5;7;9;10;11"
Root_4436,92.954442,42.010998,7,"1;3;5;7;9;10;11"
Root_4437,23.787098,27.062838,7,"0;3;5;7;9;10;11"
Root_4438,128.998358,46.640598,6,"3;5;7;9;10;11"
Root_4439,14.849133,22.720886,8,"0;1;2;5;7;9;10;11"
Root_4440,98.380192,42.998646,7,"1;2;5;7;9;10;11"
Root_4441,25.873635,28.050486,7,"0;2;5;7;9;10;11"
Root_4442,137.331331,47.628246,6,"2;5;7;9;10;11"
Root_4443,16.700973,23.646806,7,"0;1;5;7;9;10;11"
Root_4444,102.613472,43.924566,6,"1;5;7;9;10;11"
Root_4445,28.651395,28.976406,6,"0;5;7;9;10;11"
Root_4446,144.342371,48.554166,5,"5;7;9;10;11"
Root_4447,9.206070,18.028310,9,"0;1;2;3;4;7;9;10;11"
Root_4448,83.915018,40.406070,8,"1;2;3;4;7;9;10;11"
Root_4449,18.145421,25.457910,8,"0;2;3;4;7;9;10;11"
Root_4450,116.749078,45.035670,7,"2;3;4;7;9;10;11"
Root_4451,10.131990,18.954230,8,"0;1;3;4;7;9;10;11"
Root_4452,87.222378,41.331990,7,"1;3;4;7;9;10;11"
Root_4453,21.071066,26.383830,7,"0;3;4;7;9;10;11"
Root_4454,121.908278,45.961590,6,"3;4;7;9;10;11"
Root_4455,13.491117,22.041878,8,"0;1;2;4;7;9;10;11"
Root_4456,92.323562,42.319638,7,"1;2;4;7;9;10;11"
Root_4457,23.836611,27.371478,7,"0;2;4;7;9;10;11"
Root_4458,129.933997,46.949238,6,"2;4;7;9;10;11"
Root_4459,15.342957,22.967798,7,"0;1;4;7;9;10;11"
Root_4460,96.202400,43.245558,6,"1;4;7;9;10;11"
Root_4461,26.614371,28.297398,6,"0;4;7;9;10;11"
Root_4462,136.894275,47.875158,5,"4;7;9;10;11"
Root_4463,12.128278,20.950518,8,"0;1;2;3;7;9;10;11"
Root_4464,100.564403,42.628278,7,"1;2;3;7;9;10;11"
Root_4465,26.256218,27.680118,7,"0;2;3;7;9;10;11"
Root_4466,134.986915,47.257878,6,"2;3;7;9;10;11"
Root_4467,13.160237,21.876438,7,"0;1;3;7;9;10;11"
Root_4468,103.825962,43.554198,6,"1;3;7;9;10;11"
Root_4469,29.959898,28.606038,6,"0;3;7;9;10;11"
Root_4470,141.997955,48.183798,5,"3;7;9;10;11"
Root_4471,18.251459,24.264086,7,"0;1;2;7;9;10;11"
Root_4472,109.468992,44.541846,6,"1;2;7;9;10;11"
Root_4473,30.503235,29.593686,6,"0;2;7;9;10;11"
Root_4474,151.049731,49.171446,5,"2;7;9;10;11"
Root_4475,21.029219,25.190006,6,"0;1;7;9;10;11"
Root_4476,113.702272,45.467766,5,"1;7;9;10;11"
Root_4477,33.280995,30.519606,5,"0;7;9;10;11"
Root_4478,158.060771,50.097366,4,"7;9;10;11"
Root_4479,10.361632,19.183872,10,"0;1;2;3;4;5;6;9;10;11"
Root_4480,70.028768,39.461632,9,"1;2;3;4;5;6;9;10;11"
Root_4481,16.256544,24.513472,9,"0;2;3;4;5;6;9;10;11"
Root_4482,105.187158,44.091232,8,"2;3;4;5;6;9;10;11"
Root_4483,11.287552,20.109792,9,"0;1;3;4;5;6;9;10;11"
Root_4484,73.754422,40.387552,8,"1;3;4;5;6;9;10;11"
Root_4485,18.108384,25.439392,8,"0;3;4;5;6;9;10;11"
Root_4486,112.198198,45.017152,7,"3;4;5;6;9;10;11"
Root_4487,12.275200,21.097440,9,"0;1;2;4;5;6;9;10;11"
Root_4488,79.843254,41.375200,8,"1;2;4;5;6;9;10;11"
Root_4489,21.003296,26.427040,8,"0;2;4;5;6;9;10;11"
Root_4490,121.249974,46.004800,7,"2;4;5;6;9;10;11"
Root_4491,13.454080,22.023360,8,"0;1;4;5;6;9;10;11"
Root_4492,84.076534,42.301120,7,"1;4;5;6;9;10;11"
Root_4493,23.781056,27.352960,7,"0;4;5;6;9;10;11"
Root_4494,128.261014,46.930720,6,"4;5;6;9;10;11"
Root_4495,12.583840,21.406080,9,"0;1;2;3;5;6;9;10;11"
Root_4496,89.337174,41.683840,8,"1;2;3;5;6;9;10;11"
Root_4497,22.478464,26.735680,8,"0;2;3;5;6;9;10;11"
Root_4498,127.040214,46.313440,7,"2;3;5;6;9;10;11"
Root_4499,14.071360,22.332000,8,"0;1;3;5;6;9;10;11"
Root_4500,92.644534,42.609760,7,"1;3;5;6;9;10;11"
Root_4501,26.182144,27.661600,7,"0;3;5;6;9;10;11"
Root_4502,133.364694,47.239360,6,"3;5;6;9;10;11"
Root_4503,16.046656,23.319648,8,"0;1;2;5;6;9;10;11"
Root_4504,98.669046,43.597408,7,"1;2;5;6;9;10;11"
Root_4505,27.669920,28.649248,7,"0;2;5;6;9;10;11"
Root_4506,142.416470,48.227008,6,"2;5;6;9;10;11"
Root_4507,18.195904,24.245568,7,"0;1;5;6;9;10;11"
Root_4508,103.948982,44.523328,6,"1;5;6;9;10;11"
Root_4509,30.447680,29.575168,6,"0;5;6;9;10;11"
Root_4510,149.427510,49.152928,5,"5;6;9;10;11"
Root_4511,11.904832,20.727072,9,"0;1;2;3;4;6;9;10;11"
Root_4512,83.605110,41.004832,8,"1;2;3;4;6;9;10;11"
Root_4513,19.892192,26.056672,8,"0;2;3;4;6;9;10;11"
Root_4514,119.271126,45.634432,7,"2;3;4;6;9;10;11"
Root_4515,12.830752,21.652992,8,"0;1;3;4;6;9;10;11"
Root_4516,86.912470,41.930752,7,"1;3;4;6;9;10;11"
Root_4517,23.466112,26.982592,7,"0;3;4;6;9;10;11"
Root_4518,125.916598,46.560352,6,"3;4;6;9;10;11"
Root_4519,14.688640,22.640640,8,"0;1;2;4;6;9;10;11"
Root_4520,92.257974,42.918400,7,"1;2;4;6;9;10;11"
Root_4521,25.632896,27.970240,7,"0;2;4;6;9;10;11"
Root_4522,134.968374,47.548000,6,"2;4;6;9;10;11"
Root_4523,16.540480,23.566560,7,"0;1;4;6;9;10;11"
Root_4524,96.491254,43.844320,6,"1;4;6;9;10;11"
Root_4525,28.410656,28.896160,6,"0;4;6;9;10;11"
Root_4526,141.979414,48.473920,5,"4;6;9;10;11"
Root_4527,15.305920,22.949280,8,"0;1;2;3;6;9;10;11"
Root_4528,100.208694,43.227040,7,"1;2;3;6;9;10;11"
Root_4529,28.651264,28.278880,7,"0;2;3;6;9;10;11"
Root_4530,140.072054,47.856640,6,"2;3;6;9;10;11"
Root_4531,17.157760,23.875200,7,"0;1;3;6;9;10;11"
Root_4532,103.821974,44.152960,6,"1;3;6;9;10;11"
Root_4533,32.354944,29.204800,6,"0;3;6;9;10;11"
Root_4534,147.083094,48.782560,5,"3;6;9;10;11"
Root_4535,20.047744,24.862848,7,"0;1;2;6;9;10;11"
Root_4536,110.898454,45.140608,6,"1;2;6;9;10;11"
Root_4537,32.299520,30.192448,6,"0;2;6;9;10;11"
Root_4538,156.134870,49.770208,5,"2;6;9;10;11"
Root_4539,23.106848,25.788768,6,"0;1;6;9;10;11"
Root_4540,116.124182,46.066528,5,"1;6;9;10;11"
Root_4541,35.077280,31.118368,5,"0;6;9;10;11"
Root_4542,163.145910,50.696128,4,"6;9;10;11"
Root_4543,12.787542,21.609782,9,"0;1;2;3;4;5;9;10;11"
Root_4544,91.666794,41.887542,8,"1;2;3;4;5;9;10;11"
Root_4545,23.293274,26.939382,8,"0;2;3;4;5;9;10;11"
Root_4546,129.980941,46.517142,7,"2;3;4;5;9;10;11"
Root_4547,14.478765,22.535702,8,"0;1;3;4;5;9;10;11"
Root_4548,95.113536,42.813462,7,"1;3;4;5;9;10;11"
Root_4549,26.996954,27.865302,7,"0;3;4;5;9;10;11"
Root_4550,136.509123,47.443062,6,"3;4;5;9;10;11"
Root_4551,16.454061,23.523350,8,"0;1;2;4;5;9;10;11"
Root_4552,101.202368,43.801110,7,"1;2;4;5;9;10;11"
Root_4553,28.281027,28.852950,7,"0;2;4;5;9;10;11"
Root_4554,145.560899,48.430710,6,"2;4;5;9;10;11"
Root_4555,18.807011,24.449270,7,"0;1;4;5;9;10;11"
Root_4556,106.889709,44.727030,6,"1;4;5;9;10;11"
Root_4557,31.058787,29.778870,6,"0;4;5;9;10;11"
Root_4558,152.571939,49.356630,5,"4;5;9;10;11"
Root_4559,17.071341,23.831990,8,"0;1;2;3;5;9;10;11"
Root_4560,108.489878,44.109750,7,"1;2;3;5;9;10;11"
Root_4561,32.182106,29.161590,7,"0;2;3;5;9;10;11"
Root_4562,150.664579,48.739350,6,"2;3;5;9;10;11"
Root_4563,19.732931,24.757910,7,"0;1;3;5;9;10;11"
Root_4564,113.649078,45.035670,6,"1;3;5;9;10;11"
Root_4565,35.885786,30.087510,6,"0;3;5;9;10;11"
Root_4566,157.675619,49.665270,5,"3;5;9;10;11"
Root_4567,22.934010,25.745558,7,"0;1;2;5;9;10;11"
Root_4568,120.725558,46.023318,6,"1;2;5;9;10;11"
Root_4569,34.947651,31.075158,6,"0;2;5;9;10;11"
Root_4570,166.727395,50.652918,5,"2;5;9;10;11"
Root_4571,26.637690,26.671478,6,"0;1;5;9;10;11"
Root_4572,125.884758,46.949238,5,"1;5;9;10;11"
Root_4573,37.725411,32.001078,5,"0;5;9;10;11"
Root_4574,173.738435,51.578838,4,"5;9;10;11"
Root_4575,15.713325,23.152982,8,"0;1;2;3;4;9;10;11"
Root_4576,102.538314,43.430742,7,"1;2;3;4;9;10;11"
Root_4577,29.466074,28.482582,7,"0;2;3;4;9;10;11"
Root_4578,143.216483,48.060342,6,"2;3;4;9;10;11"
Root_4579,17.695907,24.078902,7,"0;1;3;4;9;10;11"
Root_4580,106.558998,44.356662,6,"1;3;4;9;10;11"
Root_4581,33.169754,29.408502,6,"0;3;4;9;10;11"
Root_4582,150.227523,48.986262,5,"3;4;9;10;11"
Root_4583,20.658851,25.066550,7,"0;1;2;4;9;10;11"
Root_4584,113.635478,45.344310,6,"1;2;4;9;10;11"
Root_4585,32.910627,30.396150,6,"0;2;4;9;10;11"
Root_4586,159.279299,49.973910,5,"2;4;9;10;11"
Root_4587,23.921658,25.992470,6,"0;1;4;9;10;11"
Root_4588,119.064909,46.270230,5,"1;4;9;10;11"
Root_4589,35.688387,31.322070,5,"0;4;9;10;11"
Root_4590,166.290339,50.899830,4,"4;9;10;11"
Root_4591,21.584771,25.375190,7,"0;1;2;3;9;10;11"
Root_4592,119.468928,45.652950,6,"1;2;3;9;10;11"
Root_4593,38.354906,30.704790,6,"0;2;3;9;10;11"
Root_4594,164.382979,50.282550,5,"2;3;9;10;11"
Root_4595,25.270896,26.301110,6,"0;1;3;9;10;11"
Root_4596,124.281078,46.578870,5,"1;3;9;10;11"
Root_4597,42.058586,31.630710,5,"0;3;9;10;11"
Root_4598,171.394019,51.208470,4,"3;9;10;11"
Root_4599,29.106810,27.288758,6,"0;1;2;9;10;11"
Root_4600,132.490595,47.566518,5,"1;2;9;10;11"
Root_4601,39.577251,32.618358,5,"0;2;9;10;11"
Root_4602,180.445795,52.196118,4,"2;9;10;11"
Root_4603,32.810490,28.214678,5,"0;1;9;10;11"
Root_4604,139.501635,48.492438,4,"1;9;10;11"
Root_4605,42.355011,33.544278,4,"0;9;10;11"
Root_4606,187.456835,53.122038,3,"9;10;11"
Root_4607,5.299936,14.122176,11,"0;1;2;3;4;5;6;7;8;10;11"
Root_4608,36.748960,34.399936,10,"1;2;3;4;5;6;7;8;10;11"
Root_4609,10.629536,19.451776,10,"0;2;3;4;5;6;7;8;10;11"
Root_4610,58.781888,39.029536,9,"2;3;4;5;6;7;8;10;11"
Root_4611,6.225856,15.048096,10,"0;1;3;4;5;6;7;8;10;11"
Root_4612,41.704416,35.325856,9,"1;3;4;5;6;7;8;10;11"
Root_4613,11.555456,20.377696,9,"0;3;4;5;6;7;8;10;11"
Root_4614,62.365558,39.955456,8,"3;4;5;6;7;8;10;11"
Root_4615,7.213504,16.035744,10,"0;1;2;4;5;6;7;8;10;11"
Root_4616,40.469664,36.313504,9,"1;2;4;5;6;7;8;10;11"
Root_4617,12.543104,21.365344,9,"0;2;4;5;6;7;8;10;11"
Root_4618,69.397494,40.943104,8,"2;4;5;6;7;8;10;11"
Root_4619,8.139424,16.961664,9,"0;1;4;5;6;7;8;10;11"
Root_4620,45.611680,37.239424,8,"1;4;5;6;7;8;10;11"
Root_4621,13.469024,22.291264,8,"0;4;5;6;7;8;10;11"
Root_4622,74.556694,41.869024,7,"4;5;6;7;8;10;11"
Root_4623,7.522144,16.344384,10,"0;1;2;3;5;6;7;8;10;11"
Root_4624,51.752352,36.622144,9,"1;2;3;5;6;7;8;10;11"
Root_4625,12.851744,21.673984,9,"0;2;3;5;6;7;8;10;11"
Root_4626,79.632150,41.251744,8,"2;3;5;6;7;8;10;11"
Root_4627,8.448064,17.270304,9,"0;1;3;5;6;7;8;10;11"
Root_4628,56.585728,37.548064,8,"1;3;5;6;7;8;10;11"
Root_4629,13.777664,22.599904,8,"0;3;5;6;7;8;10;11"
Root_4630,83.865430,42.177664,7,"3;5;6;7;8;10;11"
Root_4631,9.435712,18.257952,9,"0;1;2;5;6;7;8;10;11"
Root_4632,58.247328,38.535712,8,"1;2;5;6;7;8;10;11"
Root_4633,14.765312,23.587552,8,"0;2;5;6;7;8;10;11"
Root_4634,90.445494,43.165312,7,"2;5;6;7;8;10;11"
Root_4635,10.361632,19.183872,8,"0;1;5;6;7;8;10;11"
Root_4636,61.167136,39.461632,7,"1;5;6;7;8;10;11"
Root_4637,16.256544,24.513472,7,"0;5;6;7;8;10;11"
Root_4638,95.695926,44.091232,6,"5;6;7;8;10;11"
Root_4639,6.843136,15.665376,10,"0;1;2;3;4;6;7;8;10;11"
Root_4640,46.377152,35.943136,9,"1;2;3;4;6;7;8;10;11"
Root_4641,12.172736,20.994976,9,"0;2;3;4;6;7;8;10;11"
Root_4642,73.221078,40.572736,8,"2;3;4;6;7;8;10;11"
Root_4643,7.769056,16.591296,9,"0;1;3;4;6;7;8;10;11"
Root_4644,51.832672,36.869056,8,"1;3;4;6;7;8;10;11"
Root_4645,13.098656,21.920896,8,"0;3;4;6;7;8;10;11"
Root_4646,77.454358,41.498656,7,"3;4;6;7;8;10;11"
Root_4647,8.756704,17.578944,9,"0;1;2;4;6;7;8;10;11"
Root_4648,52.815264,37.856704,8,"1;2;4;6;7;8;10;11"
Root_4649,14.086304,22.908544,8,"0;2;4;6;7;8;10;11"
Root_4650,83.543190,42.486304,7,"2;4;6;7;8;10;11"
Root_4651,9.682624,18.504864,8,"0;1;4;6;7;8;10;11"
Root_4652,56.414080,38.782624,7,"1;4;6;7;8;10;11"
Root_4653,15.012224,23.834464,7,"0;4;6;7;8;10;11"
Root_4654,88.514614,43.412224,6,"4;6;7;8;10;11"
Root_4655,9.065344,17.887584,9,"0;1;2;3;6;7;8;10;11"
Root_4656,64.097952,38.165344,8,"1;2;3;6;7;8;10;11"
Root_4657,14.394944,23.217184,8,"0;2;3;6;7;8;10;11"
Root_4658,92.046870,42.794944,7,"2;3;6;7;8;10;11"
Root_4659,9.991264,18.813504,8,"0;1;3;6;7;8;10;11"
Root_4660,67.388128,39.091264,7,"1;3;6;7;8;10;11"
Root_4661,15.515808,24.143104,7,"0;3;6;7;8;10;11"
Root_4662,96.280150,43.720864,6,"3;6;7;8;10;11"
Root_4663,10.978912,19.801152,8,"0;1;2;6;7;8;10;11"
Root_4664,70.897750,40.078912,7,"1;2;6;7;8;10;11"
Root_4665,17.491104,25.130752,7,"0;2;6;7;8;10;11"
Root_4666,103.077494,44.708512,6,"2;6;7;8;10;11"
Root_4667,11.904832,20.727072,7,"0;1;6;7;8;10;11"
Root_4668,74.205110,41.004832,6,"1;6;7;8;10;11"
Root_4669,19.342944,26.056672,6,"0;6;7;8;10;11"
Root_4670,108.236694,45.634432,5,"6;7;8;10;11"
Root_4671,7.725846,16.548086,10,"0;1;2;3;4;5;7;8;10;11"
Root_4672,53.381971,36.825846,9,"1;2;3;4;5;7;8;10;11"
Root_4673,13.055446,21.877686,9,"0;2;3;4;5;7;8;10;11"
Root_4674,82.165472,41.455446,8,"2;3;4;5;7;8;10;11"
Root_4675,8.651766,17.474006,9,"0;1;3;4;5;7;8;10;11"
Root_4676,58.011645,37.751766,8,"1;3;4;5;7;8;10;11"
Root_4677,13.981366,22.803606,8,"0;3;4;5;7;8;10;11"
Root_4678,86.398752,42.381366,7,"3;4;5;7;8;10;11"
Root_4679,9.639414,18.461654,9,"0;1;2;4;5;7;8;10;11"
Root_4680,59.876947,38.739414,8,"1;2;4;5;7;8;10;11"
Root_4681,14.969014,23.791254,8,"0;2;4;5;7;8;10;11"
Root_4682,93.182518,43.369014,7,"2;4;5;7;8;10;11"
Root_4683,10.565334,19.387574,8,"0;1;4;5;7;8;10;11"
Root_4684,62.989130,39.665334,7,"1;4;5;7;8;10;11"
Root_4685,16.663949,24.717174,7,"0;4;5;7;8;10;11"
Root_4686,98.636653,44.294934,6,"4;5;7;8;10;11"
Root_4687,9.948054,18.770294,9,"0;1;2;3;5;7;8;10;11"
Root_4688,71.159635,39.048054,8,"1;2;3;5;7;8;10;11"
Root_4689,15.429389,24.099894,8,"0;2;3;5;7;8;10;11"
Root_4690,100.991264,43.677654,7,"2;3;5;7;8;10;11"
Root_4691,10.873974,19.696214,8,"0;1;3;5;7;8;10;11"
Root_4692,73.884275,39.973974,7,"1;3;5;7;8;10;11"
Root_4693,17.281229,25.025814,7,"0;3;5;7;8;10;11"
Root_4694,105.828118,44.603574,6,"3;5;7;8;10;11"
Root_4695,11.861622,20.683862,8,"0;1;2;5;7;8;10;11"
Root_4696,78.959434,40.961622,7,"1;2;5;7;8;10;11"
Root_4697,19.256525,26.013462,7,"0;2;5;7;8;10;11"
Root_4698,112.904598,45.591222,6,"2;5;7;8;10;11"
Root_4699,12.787542,21.609782,7,"0;1;5;7;8;10;11"
Root_4700,82.266794,41.887542,6,"1;5;7;8;10;11"
Root_4701,21.108365,26.939382,6,"0;5;7;8;10;11"
Root_4702,118.063798,46.517142,5,"5;7;8;10;11"
Root_4703,9.269046,18.091286,9,"0;1;2;3;4;7;8;10;11"
Root_4704,65.727571,38.369046,8,"1;2;3;4;7;8;10;11"
Root_4705,14.598646,23.420886,8,"0;2;3;4;7;8;10;11"
Root_4706,94.580192,42.998646,7,"2;3;4;7;8;10;11"
Root_4707,10.194966,19.017206,8,"0;1;3;4;7;8;10;11"
Root_4708,68.831219,39.294966,7,"1;3;4;7;8;10;11"
Root_4709,15.923213,24.346806,7,"0;3;4;7;8;10;11"
Root_4710,98.813472,43.924566,6,"3;4;7;8;10;11"
Root_4711,11.182614,20.004854,8,"0;1;2;4;7;8;10;11"
Root_4712,73.227370,40.282614,7,"1;2;4;7;8;10;11"
Root_4713,17.898509,25.334454,7,"0;2;4;7;8;10;11"
Root_4714,105.814518,44.912214,6,"2;4;7;8;10;11"
Root_4715,12.108534,20.930774,7,"0;1;4;7;8;10;11"
Root_4716,76.534730,41.208534,6,"1;4;7;8;10;11"
Root_4717,19.750349,26.260374,6,"0;4;7;8;10;11"
Root_4718,110.973718,45.838134,5,"4;7;8;10;11"
Root_4719,11.491254,20.313494,8,"0;1;2;3;7;8;10;11"
Root_4720,83.505235,40.591254,7,"1;2;3;7;8;10;11"
Root_4721,18.515789,25.643094,7,"0;2;3;7;8;10;11"
Root_4722,112.080064,45.220854,6,"2;3;7;8;10;11"
Root_4723,12.417174,21.239414,7,"0;1;3;7;8;10;11"
Root_4724,85.886675,41.517174,6,"1;3;7;8;10;11"
Root_4725,20.750211,26.569014,6,"0;3;7;8;10;11"
Root_4726,116.460118,46.146774,5,"3;7;8;10;11"
Root_4727,13.861485,22.227062,7,"0;1;2;7;8;10;11"
Root_4728,90.000211,42.504822,6,"1;2;7;8;10;11"
Root_4729,22.342925,27.556662,6,"0;2;7;8;10;11"
Root_4730,123.805443,47.134422,5,"2;7;8;10;11"
Root_4731,15.713325,23.152982,6,"0;1;7;8;10;11"
Root_4732,93.138314,43.430742,5,"1;7;8;10;11"
Root_4733,24.194765,28.482582,5,"0;7;8;10;11"
Root_4734,130.816483,48.060342,4,"7;8;10;11"
Root_4735,8.324608,17.146848,10,"0;1;2;3;4;5;6;8;10;11"
Root_4736,54.822784,37.424608,9,"1;2;3;4;5;6;8;10;11"
Root_4737,13.654208,22.476448,9,"0;2;3;4;5;6;8;10;11"
Root_4738,82.454326,42.054208,8,"2;3;4;5;6;8;10;11"
Root_4739,9.250528,18.072768,9,"0;1;3;4;5;6;8;10;11"
Root_4740,57.927776,38.350528,8,"1;3;4;5;6;8;10;11"
Root_4741,14.580128,23.402368,8,"0;3;4;5;6;8;10;11"
Root_4742,86.993654,42.980128,7,"3;4;5;6;8;10;11"
Root_4743,10.238176,19.060416,9,"0;1;2;4;5;6;8;10;11"
Root_4744,59.464576,39.338176,8,"1;2;4;5;6;8;10;11"
Root_4745,16.009632,24.390016,8,"0;2;4;5;6;8;10;11"
Root_4746,94.070134,43.967776,7,"2;4;5;6;8;10;11"
Root_4747,11.164096,19.986336,8,"0;1;4;5;6;8;10;11"
Root_4748,62.943318,40.264096,7,"1;4;5;6;8;10;11"
Root_4749,17.861472,25.315936,7,"0;4;5;6;8;10;11"
Root_4750,101.016726,44.893696,6,"4;5;6;8;10;11"
Root_4751,10.546816,19.369056,9,"0;1;2;3;5;6;8;10;11"
Root_4752,70.378240,39.646816,8,"1;2;3;5;6;8;10;11"
Root_4753,16.626912,24.698656,8,"0;2;3;5;6;8;10;11"
Root_4754,101.832950,44.276416,7,"2;3;5;6;8;10;11"
Root_4755,11.472736,20.294976,8,"0;1;3;5;6;8;10;11"
Root_4756,73.548342,40.572736,7,"1;3;5;6;8;10;11"
Root_4757,18.478752,25.624576,7,"0;3;5;6;8;10;11"
Root_4758,107.918070,45.202336,6,"3;5;6;8;10;11"
Root_4759,12.460384,21.282624,8,"0;1;2;5;6;8;10;11"
Root_4760,78.649526,41.560384,7,"1;2;5;6;8;10;11"
Root_4761,20.454048,26.612224,7,"0;2;5;6;8;10;11"
Root_4762,115.982198,46.189984,6,"2;5;6;8;10;11"
Root_4763,13.824448,22.208544,7,"0;1;5;6;8;10;11"
Root_4764,81.956886,42.486304,6,"1;5;6;8;10;11"
Root_4765,22.305888,27.538144,6,"0;5;6;8;10;11"
Root_4766,122.183222,47.115904,5,"5;6;8;10;11"
Root_4767,9.867808,18.690048,9,"0;1;2;3;4;6;8;10;11"
Root_4768,65.625184,38.967808,8,"1;2;3;4;6;8;10;11"
Root_4769,15.268896,24.019648,8,"0;2;3;4;6;8;10;11"
Root_4770,94.869046,43.597408,7,"2;3;4;6;8;10;11"
Root_4771,10.793728,19.615968,8,"0;1;3;4;6;8;10;11"
Root_4772,67.922550,39.893728,7,"1;3;4;6;8;10;11"
Root_4773,17.120736,24.945568,7,"0;3;4;6;8;10;11"
Root_4774,100.148982,44.523328,6,"3;4;6;8;10;11"
Root_4775,11.781376,20.603616,8,"0;1;2;4;6;8;10;11"
Root_4776,72.917462,40.881376,7,"1;2;4;6;8;10;11"
Root_4777,19.096032,25.933216,7,"0;2;4;6;8;10;11"
Root_4778,108.213110,45.510976,6,"2;4;6;8;10;11"
Root_4779,12.707296,21.529536,7,"0;1;4;6;8;10;11"
Root_4780,76.224822,41.807296,6,"1;4;6;8;10;11"
Root_4781,20.947872,26.859136,6,"0;4;6;8;10;11"
Root_4782,114.735126,46.436896,5,"4;6;8;10;11"
Root_4783,12.090016,20.912256,8,"0;1;2;3;6;8;10;11"
Root_4784,82.596566,41.190016,7,"1;2;3;6;8;10;11"
Root_4785,19.768736,26.241856,7,"0;2;3;6;8;10;11"
Root_4786,114.188534,45.819616,6,"2;3;6;8;10;11"
Root_4787,13.083712,21.838176,7,"0;1;3;6;8;10;11"
Root_4788,84.978006,42.115936,6,"1;3;6;8;10;11"
Root_4789,22.546496,27.167776,6,"0;3;6;8;10;11"
Root_4790,120.093270,46.745536,5,"3;6;8;10;11"
Root_4791,15.059008,22.825824,7,"0;1;2;6;8;10;11"
Root_4792,89.521046,43.103584,6,"1;2;6;8;10;11"
Root_4793,23.540448,28.155424,6,"0;2;6;8;10;11"
Root_4794,128.890582,47.733184,5,"2;6;8;10;11"
Root_4795,16.910848,23.751744,6,"0;1;6;8;10;11"
Root_4796,92.887414,44.029504,5,"1;6;8;10;11"
Root_4797,25.392288,29.081344,5,"0;6;8;10;11"
Root_4798,135.901622,48.659104,4,"6;8;10;11"
Root_4799,10.750518,19.572758,9,"0;1;2;3;4;5;8;10;11"
Root_4800,72.570602,39.850518,8,"1;2;3;4;5;8;10;11"
Root_4801,17.034317,24.902358,8,"0;2;3;4;5;8;10;11"
Root_4802,104.773677,44.480118,7,"2;3;4;5;8;10;11"
Root_4803,11.676438,20.498678,8,"0;1;3;4;5;8;10;11"
Root_4804,75.877962,40.776438,7,"1;3;4;5;8;10;11"
Root_4805,18.886157,25.828278,7,"0;3;4;5;8;10;11"
Root_4806,110.858797,45.406038,6,"3;4;5;8;10;11"
Root_4807,12.664086,21.486326,8,"0;1;2;4;5;8;10;11"
Root_4808,80.979146,41.764086,7,"1;2;4;5;8;10;11"
Root_4809,20.861453,26.815926,7,"0;2;4;5;8;10;11"
Root_4810,118.922925,46.393686,6,"2;4;5;8;10;11"
Root_4811,14.231853,22.412246,7,"0;1;4;5;8;10;11"
Root_4812,84.302432,42.690006,6,"1;4;5;8;10;11"
Root_4813,22.713293,27.741846,6,"0;4;5;8;10;11"
Root_4814,125.327651,47.319606,5,"4;5;8;10;11"
Root_4815,12.997293,21.794966,8,"0;1;2;3;5;8;10;11"
Root_4816,89.775539,42.072726,7,"1;2;3;5;8;10;11"
Root_4817,22.416867,27.124566,7,"0;2;3;5;8;10;11"
Root_4818,124.015638,46.702326,6,"2;3;5;8;10;11"
Root_4819,14.849133,22.720886,7,"0;1;3;5;8;10;11"
Root_4820,92.481546,42.998646,6,"1;3;5;8;10;11"
Root_4821,25.194627,28.050486,6,"0;3;5;8;10;11"
Root_4822,130.431331,47.628246,5,"3;5;8;10;11"
Root_4823,16.824429,23.708534,7,"0;1;2;5;8;10;11"
Root_4824,97.582730,43.986294,6,"1;2;5;8;10;11"
Root_4825,25.305869,29.038134,6,"0;2;5;8;10;11"
Root_4826,139.483107,48.615894,5,"2;5;8;10;11"
Root_4827,19.362563,24.634454,6,"0;1;5;8;10;11"
Root_4828,102.714518,44.912214,5,"1;5;8;10;11"
Root_4829,27.851363,29.964054,5,"0;5;8;10;11"
Root_4830,146.494147,49.541814,4,"5;8;10;11"
Root_4831,12.293718,21.115958,8,"0;1;2;3;4;8;10;11"
Root_4832,84.722483,41.393718,7,"1;2;3;4;8;10;11"
Root_4833,20.379843,26.445558,7,"0;2;3;4;8;10;11"
Root_4834,116.948877,46.023318,6,"2;3;4;8;10;11"
Root_4835,13.491117,22.041878,7,"0;1;3;4;8;10;11"
Root_4836,87.103923,42.319638,6,"1;3;4;8;10;11"
Root_4837,23.157603,27.371478,6,"0;3;4;8;10;11"
Root_4838,123.033997,46.949238,5,"3;4;8;10;11"
Root_4839,15.466413,23.029526,7,"0;1;2;4;8;10;11"
Root_4840,91.850666,43.307286,6,"1;2;4;8;10;11"
Root_4841,23.947853,28.359126,6,"0;2;4;8;10;11"
Root_4842,132.035011,47.936886,5,"2;4;8;10;11"
Root_4843,17.325539,23.955446,6,"0;1;4;8;10;11"
Root_4844,95.624438,44.233206,5,"1;4;8;10;11"
Root_4845,25.814339,29.285046,5,"0;4;8;10;11"
Root_4846,139.046051,48.862806,4,"4;8;10;11"
Root_4847,16.083693,23.338166,7,"0;1;2;3;8;10;11"
Root_4848,99.103859,43.615926,6,"1;2;3;8;10;11"
Root_4849,27.046467,28.667766,6,"0;2;3;8;10;11"
Root_4850,137.138691,48.245526,5,"2;3;8;10;11"
Root_4851,18.251459,24.264086,6,"0;1;3;8;10;11"
Root_4852,102.568992,44.541846,5,"1;3;8;10;11"
Root_4853,30.147514,29.593686,5,"0;3;8;10;11"
Root_4854,144.149731,49.171446,4,"3;8;10;11"
Root_4855,21.214403,25.251734,6,"0;1;2;8;10;11"
Root_4856,108.657824,45.529494,5,"1;2;8;10;11"
Root_4857,29.703203,30.581334,5,"0;2;8;10;11"
Root_4858,153.201507,50.159094,4,"2;8;10;11"
Root_4859,23.992163,26.177654,5,"0;1;8;10;11"
Root_4860,113.346518,46.455414,4,"1;8;10;11"
Root_4861,32.480963,31.507254,4,"0;8;10;11"
Root_4862,160.212547,51.085014,3,"8;10;11"
Root_4863,9.929536,18.751776,10,"0;1;2;3;4;5;6;7;10;11"
Root_4864,62.281888,39.029536,9,"1;2;3;4;5;6;7;10;11"
Root_4865,15.392352,24.081376,9,"0;2;3;4;5;6;7;10;11"
Root_4866,100.342870,43.659136,8,"2;3;4;5;6;7;10;11"
Root_4867,10.855456,19.677696,9,"0;1;3;4;5;6;7;10;11"
Root_4868,65.865558,39.955456,8,"1;3;4;5;6;7;10;11"
Root_4869,17.244192,25.007296,8,"0;3;4;5;6;7;10;11"
Root_4870,107.013046,44.585056,7,"3;4;5;6;7;10;11"
Root_4871,11.843104,20.665344,9,"0;1;2;4;5;6;7;10;11"
Root_4872,72.897494,40.943104,8,"1;2;4;5;6;7;10;11"
Root_4873,19.219488,25.994944,8,"0;2;4;5;6;7;10;11"
Root_4874,116.064822,45.572704,7,"2;4;5;6;7;10;11"
Root_4875,12.769024,21.591264,8,"0;1;4;5;6;7;10;11"
Root_4876,78.056694,41.869024,7,"1;4;5;6;7;10;11"
Root_4877,21.071328,26.920864,7,"0;4;5;6;7;10;11"
Root_4878,123.075862,46.498624,6,"4;5;6;7;10;11"
Root_4879,12.151744,20.973984,9,"0;1;2;3;5;6;7;10;11"
Root_4880,83.132150,41.251744,8,"1;2;3;5;6;7;10;11"
Root_4881,19.953920,26.303584,8,"0;2;3;5;6;7;10;11"
Root_4882,122.287158,45.881344,7,"2;3;5;6;7;10;11"
Root_4883,13.207168,21.899904,8,"0;1;3;5;6;7;10;11"
Root_4884,87.365430,42.177664,7,"1;3;5;6;7;10;11"
Root_4885,22.731680,27.229504,7,"0;3;5;6;7;10;11"
Root_4886,128.372278,46.807264,6,"3;5;6;7;10;11"
Root_4887,15.182464,22.887552,8,"0;1;2;5;6;7;10;11"
Root_4888,93.945494,43.165312,7,"1;2;5;6;7;10;11"
Root_4889,23.663904,28.217152,7,"0;2;5;6;7;10;11"
Root_4890,137.231318,47.794912,6,"2;5;6;7;10;11"
Root_4891,17.034304,23.813472,7,"0;1;5;6;7;10;11"
Root_4892,99.195926,44.091232,6,"1;5;6;7;10;11"
Root_4893,25.515744,29.143072,6,"0;5;6;7;10;11"
Root_4894,144.242358,48.720832,5,"5;6;7;10;11"
Root_4895,11.472736,20.294976,9,"0;1;2;3;4;6;7;10;11"
Root_4896,76.721078,40.572736,8,"1;2;3;4;6;7;10;11"
Root_4897,18.478752,25.624576,8,"0;2;3;4;6;7;10;11"
Root_4898,114.518070,45.202336,7,"2;3;4;6;7;10;11"
Root_4899,12.398656,21.220896,8,"0;1;3;4;6;7;10;11"
Root_4900,80.954358,41.498656,7,"1;3;4;6;7;10;11"
Root_4901,20.694656,26.550496,7,"0;3;4;6;7;10;11"
Root_4902,120.731446,46.128256,6,"3;4;6;7;10;11"
Root_4903,13.824448,22.208544,8,"0;1;2;4;6;7;10;11"
Root_4904,87.043190,42.486304,7,"1;2;4;6;7;10;11"
Root_4905,22.305888,27.538144,7,"0;2;4;6;7;10;11"
Root_4906,129.783222,47.115904,6,"2;4;6;7;10;11"
Root_4907,15.676288,23.134464,7,"0;1;4;6;7;10;11"
Root_4908,92.014614,43.412224,6,"1;4;6;7;10;11"
Root_4909,24.157728,28.464064,6,"0;4;6;7;10;11"
Root_4910,136.794262,48.041824,5,"4;6;7;10;11"
Root_4911,14.441728,22.517184,8,"0;1;2;3;6;7;10;11"
Root_4912,95.546870,42.794944,7,"1;2;3;6;7;10;11"
Root_4913,24.583520,27.846784,7,"0;2;3;6;7;10;11"
Root_4914,134.886902,47.424544,6,"2;3;6;7;10;11"
Root_4915,16.293568,23.443104,7,"0;1;3;6;7;10;11"
Root_4916,99.780150,43.720864,6,"1;3;6;7;10;11"
Root_4917,27.361280,28.772704,6,"0;3;6;7;10;11"
Root_4918,141.897942,48.350464,5,"3;6;7;10;11"
Root_4919,18.751456,24.430752,7,"0;1;2;6;7;10;11"
Root_4920,106.577494,44.708512,6,"1;2;6;7;10;11"
Root_4921,26.750304,29.760352,6,"0;2;6;7;10;11"
Root_4922,150.949718,49.338112,5,"2;6;7;10;11"
Root_4923,21.529216,25.356672,6,"0;1;6;7;10;11"
Root_4924,111.736694,45.634432,5,"1;6;7;10;11"
Root_4925,28.602144,30.686272,5,"0;6;7;10;11"
Root_4926,157.960758,50.264032,4,"6;7;10;11"
Root_4927,12.355446,21.177686,9,"0;1;2;3;4;5;7;10;11"
Root_4928,85.665472,41.455446,8,"1;2;3;4;5;7;10;11"
Root_4929,20.565027,26.507286,8,"0;2;3;4;5;7;10;11"
Root_4930,125.227885,46.085046,7,"2;3;4;5;7;10;11"
Root_4931,13.614573,22.103606,8,"0;1;3;4;5;7;10;11"
Root_4932,89.898752,42.381366,7,"1;3;4;5;7;10;11"
Root_4933,23.342787,27.433206,7,"0;3;4;5;7;10;11"
Root_4934,131.323971,47.010966,6,"3;4;5;7;10;11"
Root_4935,15.589869,23.091254,8,"0;1;2;4;5;7;10;11"
Root_4936,96.682518,43.369014,7,"1;2;4;5;7;10;11"
Root_4937,24.071309,28.420854,7,"0;2;4;5;7;10;11"
Root_4938,140.375747,47.998614,6,"2;4;5;7;10;11"
Root_4939,17.510723,24.017174,7,"0;1;4;5;7;10;11"
Root_4940,102.136653,44.294934,6,"1;4;5;7;10;11"
Root_4941,25.923149,29.346774,6,"0;4;5;7;10;11"
Root_4942,147.386787,48.924534,5,"4;5;7;10;11"
Root_4943,16.207149,23.399894,8,"0;1;2;3;5;7;10;11"
Root_4944,104.491264,43.677654,7,"1;2;3;5;7;10;11"
Root_4945,27.231651,28.729494,7,"0;2;3;5;7;10;11"
Root_4946,145.479427,48.307254,6,"2;3;5;7;10;11"
Root_4947,18.436643,24.325814,7,"0;1;3;5;7;10;11"
Root_4948,109.328118,44.603574,6,"1;3;5;7;10;11"
Root_4949,30.009411,29.655414,6,"0;3;5;7;10;11"
Root_4950,152.490467,49.233174,5,"3;5;7;10;11"
Root_4951,21.399587,25.313462,7,"0;1;2;5;7;10;11"
Root_4952,116.404598,45.591222,6,"1;2;5;7;10;11"
Root_4953,28.515725,30.643062,6,"0;2;5;7;10;11"
Root_4954,161.542243,50.220822,5,"2;5;7;10;11"
Root_4955,24.177347,26.239382,6,"0;1;5;7;10;11"
Root_4956,121.563798,46.517142,5,"1;5;7;10;11"
Root_4957,30.367565,31.568982,5,"0;5;7;10;11"
Root_4958,168.553283,51.146742,4,"5;7;10;11"
Root_4959,14.849133,22.720886,8,"0;1;2;3;4;7;10;11"
Root_4960,98.080192,42.998646,7,"1;2;3;4;7;10;11"
Root_4961,25.194627,28.050486,7,"0;2;3;4;7;10;11"
Root_4962,138.031331,47.628246,6,"2;3;4;7;10;11"
Root_4963,16.700973,23.646806,7,"0;1;3;4;7;10;11"
Root_4964,102.313472,43.924566,6,"1;3;4;7;10;11"
Root_4965,27.972387,28.976406,6,"0;3;4;7;10;11"
Root_4966,145.042371,48.554166,5,"3;4;7;10;11"
Root_4967,19.362563,24.634454,7,"0;1;2;4;7;10;11"
Root_4968,109.314518,44.912214,6,"1;2;4;7;10;11"
Root_4969,27.157709,29.964054,6,"0;2;4;7;10;11"
Root_4970,154.094147,49.541814,5,"2;4;7;10;11"
Root_4971,22.140323,25.560374,6,"0;1;4;7;10;11"
Root_4972,114.473718,45.838134,5,"1;4;7;10;11"
Root_4973,29.009549,30.889974,5,"0;4;7;10;11"
Root_4974,161.105187,50.467734,4,"4;7;10;11"
Root_4975,20.288483,24.943094,7,"0;1;2;3;7;10;11"
Root_4976,115.580064,45.220854,6,"1;2;3;7;10;11"
Root_4977,31.861251,30.272694,6,"0;2;3;7;10;11"
Root_4978,159.197827,49.850454,5,"2;3;7;10;11"
Root_4979,23.066243,25.869014,6,"0;1;3;7;10;11"
Root_4980,119.960118,46.146774,5,"1;3;7;10;11"
Root_4981,34.639011,31.198614,5,"0;3;7;10;11"
Root_4982,166.208867,50.776374,4,"3;7;10;11"
Root_4983,26.029187,26.856662,6,"0;1;2;7;10;11"
Root_4984,127.305443,47.134422,5,"1;2;7;10;11"
Root_4985,31.602125,32.186262,5,"0;2;7;10;11"
Root_4986,175.260643,51.764022,4,"2;7;10;11"
Root_4987,28.806947,27.782582,5,"0;1;7;10;11"
Root_4988,134.316483,48.060342,4,"1;7;10;11"
Root_4989,33.453965,33.112182,4,"0;7;10;11"
Root_4990,182.271683,52.689942,3,"7;10;11"
Root_4991,12.960256,21.776448,9,"0;1;2;3;4;5;6;10;11"
Root_4992,85.954326,42.054208,8,"1;2;3;4;5;6;10;11"
Root_4993,22.361312,27.106048,8,"0;2;3;4;5;6;10;11"
Root_4994,129.398070,46.683808,7,"2;3;4;5;6;10;11"
Root_4995,14.812096,22.702368,8,"0;1;3;4;5;6;10;11"
Root_4996,90.493654,42.980128,7,"1;3;4;5;6;10;11"
Root_4997,25.139072,28.031968,7,"0;3;4;5;6;10;11"
Root_4998,136.409110,47.609728,6,"3;4;5;6;10;11"
Root_4999,16.787392,23.690016,8,"0;1;2;4;5;6;10;11"
Root_5000,97.570134,43.967776,7,"1;2;4;5;6;10;11"
Root_5001,25.268832,29.019616,7,"0;2;4;5;6;10;11"
Root_5002,145.460886,48.597376,6,"2;4;5;6;10;11"
Root_5003,19.307008,24.615936,7,"0;1;4;5;6;10;11"
Root_5004,104.516726,44.893696,6,"1;4;5;6;10;11"
Root_5005,27.120672,29.945536,6,"0;4;5;6;10;11"
Root_5006,152.471926,49.523296,5,"4;5;6;10;11"
Root_5007,17.455168,23.998656,8,"0;1;2;3;5;6;10;11"
Root_5008,105.332950,44.276416,7,"1;2;3;5;6;10;11"
Root_5009,29.027936,29.328256,7,"0;2;3;5;6;10;11"
Root_5010,150.564566,48.906016,6,"2;3;5;6;10;11"
Root_5011,20.232928,24.924576,7,"0;1;3;5;6;10;11"
Root_5012,111.418070,45.202336,6,"1;3;5;6;10;11"
Root_5013,31.805696,30.254176,6,"0;3;5;6;10;11"
Root_5014,157.575606,49.831936,5,"3;5;6;10;11"
Root_5015,23.195872,25.912224,7,"0;1;2;5;6;10;11"
Root_5016,119.482198,46.189984,6,"1;2;5;6;10;11"
Root_5017,29.713248,31.241824,6,"0;2;5;6;10;11"
Root_5018,166.627382,50.819584,5,"2;5;6;10;11"
Root_5019,25.973632,26.838144,6,"0;1;5;6;10;11"
Root_5020,125.683222,47.115904,5,"1;5;6;10;11"
Root_5021,31.565088,32.167744,5,"0;5;6;10;11"
Root_5022,173.638422,51.745504,4,"5;6;10;11"
Root_5023,16.046656,23.319648,8,"0;1;2;3;4;6;10;11"
Root_5024,98.369046,43.597408,7,"1;2;3;4;6;10;11"
Root_5025,26.990912,28.649248,7,"0;2;3;4;6;10;11"
Root_5026,143.116470,48.227008,6,"2;3;4;6;10;11"
Root_5027,18.195904,24.245568,7,"0;1;3;4;6;10;11"
Root_5028,103.648982,44.523328,6,"1;3;4;6;10;11"
Root_5029,29.768672,29.575168,6,"0;3;4;6;10;11"
Root_5030,150.127510,49.152928,5,"3;4;6;10;11"
Root_5031,21.158848,25.233216,7,"0;1;2;4;6;10;11"
Root_5032,111.713110,45.510976,6,"1;2;4;6;10;11"
Root_5033,28.355232,30.562816,6,"0;2;4;6;10;11"
Root_5034,159.179286,50.140576,5,"2;4;6;10;11"
Root_5035,23.936608,26.159136,6,"0;1;4;6;10;11"
Root_5036,118.235126,46.436896,5,"1;4;6;10;11"
Root_5037,30.207072,31.488736,5,"0;4;6;10;11"
Root_5038,166.190326,51.066496,4,"4;6;10;11"
Root_5039,22.084768,25.541856,7,"0;1;2;3;6;10;11"
Root_5040,117.688534,45.819616,6,"1;2;3;6;10;11"
Root_5041,33.657536,30.871456,6,"0;2;3;6;10;11"
Root_5042,164.282966,50.449216,5,"2;3;6;10;11"
Root_5043,25.143872,26.467776,6,"0;1;3;6;10;11"
Root_5044,123.593270,46.745536,5,"1;3;6;10;11"
Root_5045,36.435296,31.797376,5,"0;3;6;10;11"
Root_5046,171.294006,51.375136,4,"3;6;10;11"
Root_5047,27.825472,27.455424,6,"0;1;2;6;10;11"
Root_5048,132.390582,47.733184,5,"1;2;6;10;11"
Root_5049,32.799648,32.785024,5,"0;2;6;10;11"
Root_5050,180.345782,52.362784,4,"2;6;10;11"
Root_5051,30.603232,28.381344,5,"0;1;6;10;11"
Root_5052,139.401622,48.659104,4,"1;6;10;11"
Root_5053,34.651488,33.710944,4,"0;6;10;11"
Root_5054,187.356822,53.288704,3,"6;10;11"
Root_5055,18.066275,24.202358,8,"0;1;2;3;4;5;10;11"
Root_5056,108.273677,44.480118,7,"1;2;3;4;5;10;11"
Root_5057,29.639043,29.531958,7,"0;2;3;4;5;10;11"
Root_5058,153.708995,49.109718,6,"2;3;4;5;10;11"
Root_5059,20.844035,25.128278,7,"0;1;3;4;5;10;11"
Root_5060,114.358797,45.406038,6,"1;3;4;5;10;11"
Root_5061,32.416803,30.457878,6,"0;3;4;5;10;11"
Root_5062,160.720035,50.035638,5,"3;4;5;10;11"
Root_5063,23.806979,26.115926,7,"0;1;2;4;5;10;11"
Root_5064,122.422925,46.393686,6,"1;2;4;5;10;11"
Root_5065,30.120653,31.445526,6,"0;2;4;5;10;11"
Root_5066,169.771811,51.023286,5,"2;4;5;10;11"
Root_5067,26.584739,27.041846,6,"0;1;4;5;10;11"
Root_5068,128.827651,47.319606,5,"1;4;5;10;11"
Root_5069,31.972493,32.371446,5,"0;4;5;10;11"
Root_5070,176.782851,51.949206,4,"4;5;10;11"
Root_5071,24.971034,26.424566,7,"0;1;2;3;5;10;11"
Root_5072,127.515638,46.702326,6,"1;2;3;5;10;11"
Root_5073,36.305667,31.754166,6,"0;2;3;5;10;11"
Root_5074,174.875491,51.331926,5,"2;3;5;10;11"
Root_5075,28.674714,27.350486,6,"0;1;3;5;10;11"
Root_5076,133.931331,47.628246,5,"1;3;5;10;11"
Root_5077,39.083427,32.680086,5,"0;3;5;10;11"
Root_5078,181.886531,52.257846,4,"3;5;10;11"
Root_5079,30.473603,28.338134,6,"0;1;2;5;10;11"
Root_5080,142.983107,48.615894,5,"1;2;5;10;11"
Root_5081,34.565069,33.667734,5,"0;2;5;10;11"
Root_5082,190.938307,53.245494,4,"2;5;10;11"
Root_5083,33.251363,29.264054,5,"0;1;5;10;11"
Root_5084,149.994147,49.541814,4,"1;5;10;11"
Root_5085,37.010563,34.593654,4,"0;5;10;11"
Root_5086,197.949347,54.171414,3,"5;10;11"
Root_5087,22.695875,25.745558,7,"0;1;2;3;4;10;11"
Root_5088,120.448877,46.023318,6,"1;2;3;4;10;11"
Root_5089,34.268643,31.075158,6,"0;2;3;4;10;11"
Root_5090,167.427395,50.652918,5,"2;3;4;10;11"
Root_5091,25.958682,26.671478,6,"0;1;3;4;10;11"
Root_5092,126.533997,46.949238,5,"1;3;4;10;11"
Root_5093,37.046403,32.001078,5,"0;3;4;10;11"
Root_5094,174.438435,51.578838,4,"3;4;10;11"
Root_5095,28.436579,27.659126,6,"0;1;2;4;10;11"
Root_5096,135.535011,47.936886,5,"1;2;4;10;11"
Root_5097,33.207053,32.988726,5,"0;2;4;10;11"
Root_5098,183.490211,52.566486,4,"2;4;10;11"
Root_5099,31.214339,28.585046,5,"0;1;4;10;11"
Root_5100,142.546051,48.862806,4,"1;4;10;11"
Root_5101,35.058893,33.914646,4,"0;4;10;11"
Root_5102,190.501251,53.492406,3,"4;10;11"
Root_5103,31.143834,27.967766,6,"0;1;2;3;10;11"
Root_5104,140.638691,48.245526,5,"1;2;3;10;11"
Root_5105,40.935267,33.297366,5,"0;2;3;10;11"
Root_5106,188.593891,52.875126,4,"2;3;10;11"
Root_5107,34.847514,28.893686,5,"0;1;3;10;11"
Root_5108,147.649731,49.171446,4,"1;3;10;11"
Root_5109,43.936314,34.223286,4,"0;3;10;11"
Root_5110,195.604931,53.801046,3,"3;10;11"
Root_5111,35.103203,29.881334,5,"0;1;2;10;11"
Root_5112,156.701507,50.159094,4,"1;2;10;11"
Root_5113,39.521126,35.210934,4,"0;2;10;11"
Root_5114,204.656707,54.788694,3,"2;10;11"
Root_5115,37.880963,30.807254,4,"0;1;10;11"
Root_5116,163.712547,51.085014,3,"1;10;11"
Root_5117,43.913872,36.136854,3,"0;10;11"
Root_5118,211.667747,55.714614,2,"10;11"
Root_5119,0.833280,9.655520,11,"0;1;2;3;4;5;6;7;8;9;11"
Root_5120,36.983584,32.733280,10,"1;2;3;4;5;6;7;8;9;11"
Root_5121,8.962880,17.785120,10,"0;2;3;4;5;6;7;8;9;11"
Root_5122,54.941216,37.362880,9,"2;3;4;5;6;7;8;9;11"
Root_5123,1.759200,10.581440,10,"0;1;3;4;5;6;7;8;9;11"
Root_5124,41.613184,33.659200,9,"1;3;4;5;6;7;8;9;11"
Root_5125,9.888800,18.711040,9,"0;3;4;5;6;7;8;9;11"
Root_5126,59.033856,38.288800,8,"3;4;5;6;7;8;9;11"
Root_5127,5.546848,14.369088,10,"0;1;2;4;5;6;7;8;9;11"
Root_5128,38.662528,34.646848,9,"1;2;4;5;6;7;8;9;11"
Root_5129,10.876448,19.698688,9,"0;2;4;5;6;7;8;9;11"
Root_5130,61.436192,39.276448,8,"2;4;5;6;7;8;9;11"
Root_5131,6.472768,15.295008,9,"0;1;4;5;6;7;8;9;11"
Root_5132,43.864896,35.572768,8,"1;4;5;6;7;8;9;11"
Root_5133,11.802368,20.624608,8,"0;4;5;6;7;8;9;11"
Root_5134,65.716054,40.202368,7,"4;5;6;7;8;9;11"
Root_5135,4.455488,13.277728,10,"0;1;2;3;5;6;7;8;9;11"
Root_5136,48.974784,34.955488,9,"1;2;3;5;6;7;8;9;11"
Root_5137,11.185088,20.007328,9,"0;2;3;5;6;7;8;9;11"
Root_5138,72.718880,39.585088,8,"2;3;5;6;7;8;9;11"
Root_5139,5.381408,14.203648,9,"0;1;3;5;6;7;8;9;11"
Root_5140,54.530304,35.881408,8,"1;3;5;6;7;8;9;11"
Root_5141,12.111008,20.933248,8,"0;3;5;6;7;8;9;11"
Root_5142,76.691446,40.511008,7,"3;5;6;7;8;9;11"
Root_5143,7.769056,16.591296,9,"0;1;2;5;6;7;8;9;11"
Root_5144,54.406656,36.869056,8,"1;2;5;6;7;8;9;11"
Root_5145,13.098656,21.920896,8,"0;2;5;6;7;8;9;11"
Root_5146,82.780278,41.498656,7,"2;5;6;7;8;9;11"
Root_5147,8.694976,17.517216,8,"0;1;5;6;7;8;9;11"
Root_5148,58.993120,37.794976,7,"1;5;6;7;8;9;11"
Root_5149,14.024576,22.846816,7,"0;5;6;7;8;9;11"
Root_5150,87.013558,42.424576,6,"5;6;7;8;9;11"
Root_5151,3.076480,11.898720,10,"0;1;2;3;4;6;7;8;9;11"
Root_5152,44.900736,34.276480,9,"1;2;3;4;6;7;8;9;11"
Root_5153,10.506080,19.328320,9,"0;2;3;4;6;7;8;9;11"
Root_5154,67.286816,38.906080,8,"2;3;4;6;7;8;9;11"
Root_5155,4.002400,12.824640,9,"0;1;3;4;6;7;8;9;11"
Root_5156,50.456256,35.202400,8,"1;3;4;6;7;8;9;11"
Root_5157,11.432000,20.254240,8,"0;3;4;6;7;8;9;11"
Root_5158,70.448374,39.832000,7,"3;4;6;7;8;9;11"
Root_5159,7.090048,15.912288,9,"0;1;2;4;6;7;8;9;11"
Root_5160,48.974592,36.190048,8,"1;2;4;6;7;8;9;11"
Root_5161,12.419648,21.241888,8,"0;2;4;6;7;8;9;11"
Root_5162,76.369206,40.819648,7,"2;4;6;7;8;9;11"
Root_5163,8.015968,16.838208,8,"0;1;4;6;7;8;9;11"
Root_5164,54.240064,37.115968,7,"1;4;6;7;8;9;11"
Root_5165,13.345568,22.167808,7,"0;4;6;7;8;9;11"
Root_5166,80.602486,41.745568,6,"4;6;7;8;9;11"
Root_5167,5.998688,14.820928,9,"0;1;2;3;6;7;8;9;11"
Root_5168,60.257280,36.498688,8,"1;2;3;6;7;8;9;11"
Root_5169,12.728288,21.550528,8,"0;2;3;6;7;8;9;11"
Root_5170,86.418678,41.128288,7,"2;3;6;7;8;9;11"
Root_5171,6.924608,15.746848,8,"0;1;3;6;7;8;9;11"
Root_5172,65.214112,37.424608,7,"1;3;6;7;8;9;11"
Root_5173,13.654208,22.476448,7,"0;3;6;7;8;9;11"
Root_5174,89.726038,42.054208,6,"3;6;7;8;9;11"
Root_5175,9.312256,18.134496,8,"0;1;2;6;7;8;9;11"
Root_5176,66.752256,38.412256,7,"1;2;6;7;8;9;11"
Root_5177,14.641856,23.464096,7,"0;2;6;7;8;9;11"
Root_5178,94.827222,43.041856,6,"2;6;7;8;9;11"
Root_5179,10.238176,19.060416,7,"0;1;6;7;8;9;11"
Root_5180,69.795520,39.338176,6,"1;6;7;8;9;11"
Root_5181,16.009632,24.390016,6,"0;6;7;8;9;11"
Root_5182,98.134582,43.967776,5,"6;7;8;9;11"
Root_5183,3.959190,12.781430,10,"0;1;2;3;4;5;7;8;9;11"
Root_5184,50.382109,35.159190,9,"1;2;3;4;5;7;8;9;11"
Root_5185,11.388790,20.211030,9,"0;2;3;4;5;7;8;9;11"
Root_5186,74.991488,39.788790,8,"2;3;4;5;7;8;9;11"
Root_5187,4.885110,13.707350,9,"0;1;3;4;5;7;8;9;11"
Root_5188,55.837629,36.085110,8,"1;3;4;5;7;8;9;11"
Root_5189,12.314710,21.136950,8,"0;3;4;5;7;8;9;11"
Root_5190,79.224768,40.714710,7,"3;4;5;7;8;9;11"
Root_5191,7.972758,16.794998,9,"0;1;2;4;5;7;8;9;11"
Root_5192,56.036275,37.072758,8,"1;2;4;5;7;8;9;11"
Root_5193,13.302358,22.124598,8,"0;2;4;5;7;8;9;11"
Root_5194,85.313600,41.702358,7,"2;4;5;7;8;9;11"
Root_5195,8.898678,17.720918,8,"0;1;4;5;7;8;9;11"
Root_5196,60.419037,37.998678,7,"1;4;5;7;8;9;11"
Root_5197,14.228278,23.050518,7,"0;4;5;7;8;9;11"
Root_5198,89.546880,42.628278,6,"4;5;7;8;9;11"
Root_5199,6.881398,15.703638,9,"0;1;2;3;5;7;8;9;11"
Root_5200,67.318963,37.381398,8,"1;2;3;5;7;8;9;11"
Root_5201,13.610998,22.433238,8,"0;2;3;5;7;8;9;11"
Root_5202,94.480362,42.010998,7,"2;3;5;7;8;9;11"
Root_5203,7.807318,16.629558,8,"0;1;3;5;7;8;9;11"
Root_5204,71.393085,38.307318,7,"1;3;5;7;8;9;11"
Root_5205,14.536918,23.359158,7,"0;3;5;7;8;9;11"
Root_5206,97.787722,42.936918,6,"3;5;7;8;9;11"
Root_5207,10.194966,19.017206,8,"0;1;2;5;7;8;9;11"
Root_5208,73.813939,39.294966,7,"1;2;5;7;8;9;11"
Root_5209,15.923213,24.346806,7,"0;2;5;7;8;9;11"
Root_5210,102.888906,43.924566,6,"2;5;7;8;9;11"
Root_5211,11.120886,19.943126,7,"0;1;5;7;8;9;11"
Root_5212,76.759466,40.220886,6,"1;5;7;8;9;11"
Root_5213,17.775053,25.272726,6,"0;5;7;8;9;11"
Root_5214,107.046752,44.850486,5,"5;7;8;9;11"
Root_5215,5.502390,14.324630,9,"0;1;2;3;4;7;8;9;11"
Root_5216,61.886899,36.702390,8,"1;2;3;4;7;8;9;11"
Root_5217,12.931990,21.754230,8,"0;2;3;4;7;8;9;11"
Root_5218,88.748298,41.331990,7,"2;3;4;7;8;9;11"
Root_5219,6.428310,15.250550,8,"0;1;3;4;7;8;9;11"
Root_5220,66.640029,37.628310,7,"1;3;4;7;8;9;11"
Root_5221,13.857910,22.680150,7,"0;3;4;7;8;9;11"
Root_5222,92.055658,42.257910,6,"3;4;7;8;9;11"
Root_5223,9.515958,18.338198,8,"0;1;2;4;7;8;9;11"
Root_5224,68.381875,38.615958,7,"1;2;4;7;8;9;11"
Root_5225,14.845558,23.667798,7,"0;2;4;7;8;9;11"
Root_5226,97.156842,43.245558,6,"2;4;7;8;9;11"
Root_5227,10.441878,19.264118,7,"0;1;4;7;8;9;11"
Root_5228,71.485523,39.541878,6,"1;4;7;8;9;11"
Root_5229,16.417037,24.593718,6,"0;4;7;8;9;11"
Root_5230,100.635680,44.171478,5,"4;7;8;9;11"
Root_5231,8.424598,17.246838,8,"0;1;2;3;7;8;9;11"
Root_5232,79.664563,38.924598,7,"1;2;3;7;8;9;11"
Root_5233,15.182477,23.976438,7,"0;2;3;7;8;9;11"
Root_5234,104.471763,43.554198,6,"2;3;7;8;9;11"
Root_5235,9.350518,18.172758,7,"0;1;3;7;8;9;11"
Root_5236,82.195485,39.850518,6,"1;3;7;8;9;11"
Root_5237,17.034317,24.902358,6,"0;3;7;8;9;11"
Root_5238,107.333322,44.480118,5,"3;7;8;9;11"
Root_5239,11.738166,20.560406,7,"0;1;2;7;8;9;11"
Root_5240,86.159539,40.838166,6,"1;2;7;8;9;11"
Root_5241,19.392195,25.890006,6,"0;2;7;8;9;11"
Root_5242,112.434506,45.467766,5,"2;7;8;9;11"
Root_5243,12.664086,21.486326,6,"0;1;7;8;9;11"
Root_5244,88.540979,41.764086,5,"1;7;8;9;11"
Root_5245,22.169955,26.815926,5,"0;7;8;9;11"
Root_5246,116.135552,46.393686,4,"7;8;9;11"
Root_5247,6.657952,15.480192,10,"0;1;2;3;4;5;6;8;9;11"
Root_5248,52.890816,35.757952,9,"1;2;3;4;5;6;8;9;11"
Root_5249,11.987552,20.809792,9,"0;2;3;4;5;6;8;9;11"
Root_5250,75.280342,40.387552,8,"2;3;4;5;6;8;9;11"
Root_5251,7.583872,16.406112,9,"0;1;3;4;5;6;8;9;11"
Root_5252,57.420416,36.683872,8,"1;3;4;5;6;8;9;11"
Root_5253,12.913472,21.735712,8,"0;3;4;5;6;8;9;11"
Root_5254,79.513622,41.313472,7,"3;4;5;6;8;9;11"
Root_5255,8.571520,17.393760,9,"0;1;2;4;5;6;8;9;11"
Root_5256,57.230176,37.671520,8,"1;2;4;5;6;8;9;11"
Root_5257,13.901120,22.723360,8,"0;2;4;5;6;8;9;11"
Root_5258,85.602454,42.301120,7,"2;4;5;6;8;9;11"
Root_5259,9.497440,18.319680,8,"0;1;4;5;6;8;9;11"
Root_5260,60.088256,38.597440,7,"1;4;5;6;8;9;11"
Root_5261,14.827040,23.649280,7,"0;4;5;6;8;9;11"
Root_5262,89.835734,43.227040,6,"4;5;6;8;9;11"
Root_5263,8.880160,17.702400,9,"0;1;2;3;5;6;8;9;11"
Root_5264,68.204224,37.980160,8,"1;2;3;5;6;8;9;11"
Root_5265,14.209760,23.032000,8,"0;2;3;5;6;8;9;11"
Root_5266,94.170454,42.609760,7,"2;3;5;6;8;9;11"
Root_5267,9.806080,18.628320,8,"0;1;3;5;6;8;9;11"
Root_5268,70.753664,38.906080,7,"1;3;5;6;8;9;11"
Root_5269,15.145440,23.957920,7,"0;3;5;6;8;9;11"
Root_5270,97.477814,43.535680,6,"3;5;6;8;9;11"
Root_5271,10.793728,19.615968,8,"0;1;2;5;6;8;9;11"
Root_5272,73.142198,39.893728,7,"1;2;5;6;8;9;11"
Root_5273,17.120736,24.945568,7,"0;2;5;6;8;9;11"
Root_5274,103.625654,44.523328,6,"2;5;6;8;9;11"
Root_5275,11.719648,20.541888,7,"0;1;5;6;8;9;11"
Root_5276,76.449558,40.819648,6,"1;5;6;8;9;11"
Root_5277,19.336640,25.871488,6,"0;5;6;8;9;11"
Root_5278,108.784854,45.449248,5,"5;6;8;9;11"
Root_5279,8.201152,17.023392,9,"0;1;2;3;4;6;8;9;11"
Root_5280,63.451168,37.301152,8,"1;2;3;4;6;8;9;11"
Root_5281,13.530752,22.352992,8,"0;2;3;4;6;8;9;11"
Root_5282,88.438390,41.930752,7,"2;3;4;6;8;9;11"
Root_5283,9.127072,17.949312,8,"0;1;3;4;6;8;9;11"
Root_5284,66.679616,38.227072,7,"1;3;4;6;8;9;11"
Root_5285,14.456672,23.278912,7,"0;3;4;6;8;9;11"
Root_5286,91.745750,42.856672,6,"3;4;6;8;9;11"
Root_5287,10.114720,18.936960,8,"0;1;2;4;6;8;9;11"
Root_5288,68.032576,39.214720,7,"1;2;4;6;8;9;11"
Root_5289,15.762720,24.266560,7,"0;2;4;6;8;9;11"
Root_5290,96.846934,43.844320,6,"2;4;6;8;9;11"
Root_5291,11.040640,19.862880,7,"0;1;4;6;8;9;11"
Root_5292,70.717494,40.140640,6,"1;4;6;8;9;11"
Root_5293,17.614560,25.192480,6,"0;4;6;8;9;11"
Root_5294,101.694774,44.770240,5,"4;6;8;9;11"
Root_5295,10.423360,19.245600,8,"0;1;2;3;6;8;9;11"
Root_5296,79.006624,39.523360,7,"1;2;3;6;8;9;11"
Root_5297,16.380000,24.575200,7,"0;2;3;6;8;9;11"
Root_5298,103.869014,44.152960,6,"2;3;6;8;9;11"
Root_5299,11.349280,20.171520,7,"0;1;3;6;8;9;11"
Root_5300,81.137334,40.449280,6,"1;3;6;8;9;11"
Root_5301,18.231840,25.501120,6,"0;3;6;8;9;11"
Root_5302,108.102294,45.078880,5,"3;6;8;9;11"
Root_5303,12.336928,21.159168,7,"0;1;2;6;8;9;11"
Root_5304,85.250870,41.436928,6,"1;2;6;8;9;11"
Root_5305,21.188480,26.488768,6,"0;2;6;8;9;11"
Root_5306,114.257654,46.066528,5,"2;6;8;9;11"
Root_5307,13.577536,22.085088,6,"0;1;6;8;9;11"
Root_5308,87.632310,42.362848,5,"1;6;8;9;11"
Root_5309,23.966240,27.414688,5,"0;6;8;9;11"
Root_5310,119.416854,46.992448,4,"6;8;9;11"
Root_5311,9.083862,17.906102,9,"0;1;2;3;4;5;8;9;11"
Root_5312,69.630141,38.183862,8,"1;2;3;4;5;8;9;11"
Root_5313,14.413462,23.235702,8,"0;2;3;4;5;8;9;11"
Root_5314,96.500074,42.813462,7,"2;3;4;5;8;9;11"
Root_5315,10.009782,18.832022,8,"0;1;3;4;5;8;9;11"
Root_5316,71.975878,39.109782,7,"1;3;4;5;8;9;11"
Root_5317,15.552845,24.161622,7,"0;3;4;5;8;9;11"
Root_5318,99.807434,43.739382,6,"3;4;5;8;9;11"
Root_5319,10.997430,19.819670,8,"0;1;2;4;5;8;9;11"
Root_5320,75.471818,40.097430,7,"1;2;4;5;8;9;11"
Root_5321,17.528141,25.149270,7,"0;2;4;5;8;9;11"
Root_5322,106.362678,44.727030,6,"2;4;5;8;9;11"
Root_5323,11.923350,20.745590,7,"0;1;4;5;8;9;11"
Root_5324,78.779178,41.023350,6,"1;4;5;8;9;11"
Root_5325,19.947747,26.075190,6,"0;4;5;8;9;11"
Root_5326,111.521878,45.652950,5,"4;5;8;9;11"
Root_5327,11.306070,20.128310,8,"0;1;2;3;5;8;9;11"
Root_5328,85.934867,40.406070,7,"1;2;3;5;8;9;11"
Root_5329,18.145421,25.457910,7,"0;2;3;5;8;9;11"
Root_5330,112.813408,45.035670,6,"2;3;5;8;9;11"
Root_5331,12.231990,21.054230,7,"0;1;3;5;8;9;11"
Root_5332,88.316307,41.331990,6,"1;3;5;8;9;11"
Root_5333,21.071066,26.383830,6,"0;3;5;8;9;11"
Root_5334,117.046688,45.961590,5,"3;5;8;9;11"
Root_5335,13.491117,22.041878,7,"0;1;2;5;8;9;11"
Root_5336,92.429843,42.319638,6,"1;2;5;8;9;11"
Root_5337,23.836611,27.371478,6,"0;2;5;8;9;11"
Root_5338,123.135520,46.949238,5,"2;5;8;9;11"
Root_5339,15.342957,22.967798,6,"0;1;5;8;9;11"
Root_5340,94.811283,43.245558,5,"1;5;8;9;11"
Root_5341,26.614371,28.297398,5,"0;5;8;9;11"
Root_5342,129.994275,47.875158,4,"5;8;9;11"
Root_5343,10.627062,19.449302,8,"0;1;2;3;4;8;9;11"
Root_5344,80.881811,39.727062,7,"1;2;3;4;8;9;11"
Root_5345,16.787405,24.778902,7,"0;2;3;4;8;9;11"
Root_5346,106.402336,44.356662,6,"2;3;4;8;9;11"
Root_5347,11.552982,20.375222,7,"0;1;3;4;8;9;11"
Root_5348,83.263251,40.652982,6,"1;3;4;8;9;11"
Root_5349,18.836643,25.704822,6,"0;3;4;8;9;11"
Root_5350,110.635616,45.282582,5,"3;4;8;9;11"
Root_5351,12.540630,21.362870,7,"0;1;2;4;8;9;11"
Root_5352,87.376787,41.640630,6,"1;2;4;8;9;11"
Root_5353,21.799587,26.692470,6,"0;2;4;8;9;11"
Root_5354,116.994678,46.270230,5,"2;4;8;9;11"
Root_5355,13.984941,22.288790,6,"0;1;4;8;9;11"
Root_5356,89.758227,42.566550,5,"1;4;8;9;11"
Root_5357,24.577347,27.618390,5,"0;4;8;9;11"
Root_5358,122.546179,47.196150,4,"4;8;9;11"
Root_5359,12.849270,21.671510,7,"0;1;2;3;8;9;11"
Root_5360,95.987997,41.949270,6,"1;2;3;8;9;11"
Root_5361,23.540186,27.001110,6,"0;2;3;8;9;11"
Root_5362,121.902208,46.578870,5,"2;3;8;9;11"
Root_5363,14.602221,22.597430,6,"0;1;3;8;9;11"
Root_5364,97.443517,42.875190,5,"1;3;8;9;11"
Root_5365,27.243866,27.927030,5,"0;3;8;9;11"
Root_5366,127.649859,47.504790,4,"3;8;9;11"
Root_5367,16.577517,23.585078,6,"0;1;2;8;9;11"
Root_5368,100.569405,43.862838,5,"1;2;8;9;11"
Root_5369,28.466211,28.914678,5,"0;2;8;9;11"
Root_5370,136.701635,48.492438,4,"2;8;9;11"
Root_5371,18.992195,24.510998,5,"0;1;8;9;11"
Root_5372,103.602442,44.788758,4,"1;8;9;11"
Root_5373,31.814170,29.840598,4,"0;8;9;11"
Root_5374,143.712675,49.418358,3,"8;9;11"
Root_5375,5.462880,14.285120,10,"0;1;2;3;4;5;6;7;9;11"
Root_5376,59.078336,37.362880,9,"1;2;3;4;5;6;7;9;11"
Root_5377,13.592480,22.414720,9,"0;2;3;4;5;6;7;9;11"
Root_5378,90.517174,41.992480,8,"2;3;4;5;6;7;9;11"
Root_5379,6.388800,15.211040,9,"0;1;3;4;5;6;7;9;11"
Root_5380,62.533856,38.288800,8,"1;3;4;5;6;7;9;11"
Root_5381,14.518400,23.340640,8,"0;3;4;5;6;7;9;11"
Root_5382,95.676374,42.918400,7,"3;4;5;6;7;9;11"
Root_5383,10.176448,18.998688,9,"0;1;2;4;5;6;7;9;11"
Root_5384,64.936192,39.276448,8,"1;2;4;5;6;7;9;11"
Root_5385,15.886176,24.328288,8,"0;2;4;5;6;7;9;11"
Root_5386,102.752854,43.906048,7,"2;4;5;6;7;9;11"
Root_5387,11.102368,19.924608,8,"0;1;4;5;6;7;9;11"
Root_5388,69.216054,40.202368,7,"1;4;5;6;7;9;11"
Root_5389,17.738016,25.254208,7,"0;4;5;6;7;9;11"
Root_5390,108.744022,44.831968,6,"4;5;6;7;9;11"
Root_5391,9.085088,17.907328,9,"0;1;2;3;5;6;7;9;11"
Root_5392,76.218880,39.585088,8,"1;2;3;5;6;7;9;11"
Root_5393,16.503456,24.636928,8,"0;2;3;5;6;7;9;11"
Root_5394,110.239254,44.214688,7,"2;3;5;6;7;9;11"
Root_5395,10.011008,18.833248,8,"0;1;3;5;6;7;9;11"
Root_5396,80.191446,40.511008,7,"1;3;5;6;7;9;11"
Root_5397,18.410720,25.562848,7,"0;3;5;6;7;9;11"
Root_5398,115.398454,45.140608,6,"3;5;6;7;9;11"
Root_5399,12.398656,21.220896,8,"0;1;2;5;6;7;9;11"
Root_5400,86.280278,41.498656,7,"1;2;5;6;7;9;11"
Root_5401,21.373664,26.550496,7,"0;2;5;6;7;9;11"
Root_5402,122.474934,46.128256,6,"2;5;6;7;9;11"
Root_5403,13.700992,22.146816,7,"0;1;5;6;7;9;11"
Root_5404,90.513558,42.424576,6,"1;5;6;7;9;11"
Root_5405,24.151424,27.476416,6,"0;5;6;7;9;11"
Root_5406,127.742486,47.054176,5,"5;6;7;9;11"
Root_5407,7.706080,16.528320,9,"0;1;2;3;4;6;7;9;11"
Root_5408,70.786816,38.906080,8,"1;2;3;4;6;7;9;11"
Root_5409,15.145440,23.957920,8,"0;2;3;4;6;7;9;11"
Root_5410,103.613494,43.535680,7,"2;3;4;6;7;9;11"
Root_5411,8.632000,17.454240,8,"0;1;3;4;6;7;9;11"
Root_5412,73.948374,39.832000,7,"1;3;4;6;7;9;11"
Root_5413,16.997280,24.883840,7,"0;3;4;6;7;9;11"
Root_5414,108.308374,44.461600,6,"3;4;6;7;9;11"
Root_5415,11.719648,20.541888,8,"0;1;2;4;6;7;9;11"
Root_5416,79.869206,40.819648,7,"1;2;4;6;7;9;11"
Root_5417,19.336640,25.871488,7,"0;2;4;6;7;9;11"
Root_5418,115.384854,45.449248,6,"2;4;6;7;9;11"
Root_5419,12.645568,21.467808,7,"0;1;4;6;7;9;11"
Root_5420,84.102486,41.745568,6,"1;4;6;7;9;11"
Root_5421,22.114400,26.797408,6,"0;4;6;7;9;11"
Root_5422,120.919222,46.375168,5,"4;6;7;9;11"
Root_5423,10.628288,19.450528,8,"0;1;2;3;6;7;9;11"
Root_5424,89.918678,41.128288,7,"1;2;3;6;7;9;11"
Root_5425,20.262560,26.180128,7,"0;2;3;6;7;9;11"
Root_5426,121.113366,45.757888,6,"2;3;6;7;9;11"
Root_5427,11.554208,20.376448,7,"0;1;3;6;7;9;11"
Root_5428,93.226038,42.054208,6,"1;3;6;7;9;11"
Root_5429,23.959936,27.106048,6,"0;3;6;7;9;11"
Root_5430,126.030454,46.683808,5,"3;6;7;9;11"
Root_5431,14.935552,22.764096,7,"0;1;2;6;7;9;11"
Root_5432,98.327222,43.041856,6,"1;2;6;7;9;11"
Root_5433,26.003264,28.093696,6,"0;2;6;7;9;11"
Root_5434,134.449846,47.671456,5,"2;6;7;9;11"
Root_5435,16.787392,23.690016,6,"0;1;6;7;9;11"
Root_5436,101.634582,43.967776,5,"1;6;7;9;11"
Root_5437,28.781024,29.019616,5,"0;6;7;9;11"
Root_5438,141.460886,48.597376,4,"6;7;9;11"
Root_5439,8.588790,17.411030,9,"0;1;2;3;4;5;7;9;11"
Root_5440,78.491488,39.788790,8,"1;2;3;4;5;7;9;11"
Root_5441,16.910861,24.840630,8,"0;2;3;4;5;7;9;11"
Root_5442,112.976278,44.418390,7,"2;3;4;5;7;9;11"
Root_5443,9.514710,18.336950,8,"0;1;3;4;5;7;9;11"
Root_5444,82.724768,40.714710,7,"1;3;4;5;7;9;11"
Root_5445,19.021827,25.766550,7,"0;3;4;5;7;9;11"
Root_5446,118.135478,45.344310,6,"3;4;5;7;9;11"
Root_5447,12.602358,21.424598,8,"0;1;2;4;5;7;9;11"
Root_5448,88.813600,41.702358,7,"1;2;4;5;7;9;11"
Root_5449,21.984771,26.754198,7,"0;2;4;5;7;9;11"
Root_5450,125.211958,46.331958,6,"2;4;5;7;9;11"
Root_5451,14.108397,22.350518,7,"0;1;4;5;7;9;11"
Root_5452,93.046880,42.628278,6,"1;4;5;7;9;11"
Root_5453,24.762531,27.680118,6,"0;4;5;7;9;11"
Root_5454,130.886915,47.257878,5,"4;5;7;9;11"
Root_5455,11.510998,20.333238,8,"0;1;2;3;5;7;9;11"
Root_5456,97.980362,42.010998,7,"1;2;3;5;7;9;11"
Root_5457,23.787098,27.062838,7,"0;2;3;5;7;9;11"
Root_5458,130.057760,46.640598,6,"2;3;5;7;9;11"
Root_5459,12.436918,21.259158,7,"0;1;3;5;7;9;11"
Root_5460,101.287722,42.936918,6,"1;3;5;7;9;11"
Root_5461,27.490778,27.988758,6,"0;3;5;7;9;11"
Root_5462,135.990595,47.566518,5,"3;5;7;9;11"
Root_5463,16.700973,23.646806,7,"0;1;2;5;7;9;11"
Root_5464,106.388906,43.924566,6,"1;2;5;7;9;11"
Root_5465,28.651395,28.976406,6,"0;2;5;7;9;11"
Root_5466,145.042371,48.554166,5,"2;5;7;9;11"
Root_5467,19.177379,24.572726,6,"0;1;5;7;9;11"
Root_5468,110.546752,44.850486,5,"1;5;7;9;11"
Root_5469,31.429155,29.902326,5,"0;5;7;9;11"
Root_5470,152.053411,49.480086,4,"5;7;9;11"
Root_5471,10.131990,18.954230,8,"0;1;2;3;4;7;9;11"
Root_5472,92.248298,41.331990,7,"1;2;3;4;7;9;11"
Root_5473,21.071066,26.383830,7,"0;2;3;4;7;9;11"
Root_5474,123.646688,45.961590,6,"2;3;4;7;9;11"
Root_5475,11.057910,19.880150,7,"0;1;3;4;7;9;11"
Root_5476,95.555658,42.257910,6,"1;3;4;7;9;11"
Root_5477,24.774746,27.309750,6,"0;3;4;7;9;11"
Root_5478,128.767478,46.887510,5,"3;4;7;9;11"
Root_5479,15.342957,22.967798,7,"0;1;2;4;7;9;11"
Root_5480,100.656842,43.245558,6,"1;2;4;7;9;11"
Root_5481,26.614371,28.297398,6,"0;2;4;7;9;11"
Root_5482,137.594275,47.875158,5,"2;4;7;9;11"
Root_5483,17.194797,23.893718,6,"0;1;4;7;9;11"
Root_5484,104.135680,44.171478,5,"1;4;7;9;11"
Root_5485,29.392131,29.223318,5,"0;4;7;9;11"
Root_5486,144.605315,48.801078,4,"4;7;9;11"
Root_5487,13.160237,21.876438,7,"0;1;2;3;7;9;11"
Root_5488,107.971763,43.554198,6,"1;2;3;7;9;11"
Root_5489,29.959898,28.606038,6,"0;2;3;7;9;11"
Root_5490,142.697955,48.183798,5,"2;3;7;9;11"
Root_5491,15.012077,22.802358,6,"0;1;3;7;9;11"
Root_5492,110.833322,44.480118,5,"1;3;7;9;11"
Root_5493,33.663578,29.531958,5,"0;3;7;9;11"
Root_5494,149.708995,49.109718,4,"3;7;9;11"
Root_5495,21.029219,25.190006,6,"0;1;2;7;9;11"
Root_5496,115.934506,45.467766,5,"1;2;7;9;11"
Root_5497,33.280995,30.519606,5,"0;2;7;9;11"
Root_5498,158.760771,50.097366,4,"2;7;9;11"
Root_5499,24.415482,26.115926,5,"0;1;7;9;11"
Root_5500,119.635552,46.393686,4,"1;7;9;11"
Root_5501,36.058755,31.445526,4,"0;7;9;11"
Root_5502,165.771811,51.023286,3,"7;9;11"
Root_5503,11.287552,20.109792,9,"0;1;2;3;4;5;6;9;11"
Root_5504,78.780342,40.387552,8,"1;2;3;4;5;6;9;11"
Root_5505,18.108384,25.439392,8,"0;2;3;4;5;6;9;11"
Root_5506,114.881046,45.017152,7,"2;3;4;5;6;9;11"
Root_5507,12.213472,21.035712,8,"0;1;3;4;5;6;9;11"
Root_5508,83.013622,41.313472,7,"1;3;4;5;6;9;11"
Root_5509,20.996992,26.365312,7,"0;3;4;5;6;9;11"
Root_5510,120.966166,45.943072,6,"3;4;5;6;9;11"
Root_5511,13.454080,22.023360,8,"0;1;2;4;5;6;9;11"
Root_5512,89.102454,42.301120,7,"1;2;4;5;6;9;11"
Root_5513,23.781056,27.352960,7,"0;2;4;5;6;9;11"
Root_5514,129.030294,46.930720,6,"2;4;5;6;9;11"
Root_5515,15.305920,22.949280,7,"0;1;4;5;6;9;11"
Root_5516,93.335734,43.227040,6,"1;4;5;6;9;11"
Root_5517,26.558816,28.278880,6,"0;4;5;6;9;11"
Root_5518,135.972054,47.856640,5,"4;5;6;9;11"
Root_5519,14.071360,22.332000,8,"0;1;2;3;5;6;9;11"
Root_5520,97.670454,42.609760,7,"1;2;3;5;6;9;11"
Root_5521,26.182144,27.661600,7,"0;2;3;5;6;9;11"
Root_5522,134.064694,47.239360,6,"2;3;5;6;9;11"
Root_5523,15.923200,23.257920,7,"0;1;3;5;6;9;11"
Root_5524,100.977814,43.535680,6,"1;3;5;6;9;11"
Root_5525,29.885824,28.587520,6,"0;3;5;6;9;11"
Root_5526,141.075734,48.165280,5,"3;5;6;9;11"
Root_5527,18.195904,24.245568,7,"0;1;2;5;6;9;11"
Root_5528,107.125654,44.523328,6,"1;2;5;6;9;11"
Root_5529,30.447680,29.575168,6,"0;2;5;6;9;11"
Root_5530,150.127510,49.152928,5,"2;5;6;9;11"
Root_5531,20.973664,25.171488,6,"0;1;5;6;9;11"
Root_5532,112.284854,45.449248,5,"1;5;6;9;11"
Root_5533,33.225440,30.501088,5,"0;5;6;9;11"
Root_5534,157.138550,50.078848,4,"5;6;9;11"
Root_5535,12.830752,21.652992,8,"0;1;2;3;4;6;9;11"
Root_5536,91.938390,41.930752,7,"1;2;3;4;6;9;11"
Root_5537,23.466112,26.982592,7,"0;2;3;4;6;9;11"
Root_5538,127.056246,46.560352,6,"2;3;4;6;9;11"
Root_5539,14.565184,22.578912,7,"0;1;3;4;6;9;11"
Root_5540,95.245750,42.856672,6,"1;3;4;6;9;11"
Root_5541,27.169792,27.908512,6,"0;3;4;6;9;11"
Root_5542,133.627638,47.486272,5,"3;4;6;9;11"
Root_5543,16.540480,23.566560,7,"0;1;2;4;6;9;11"
Root_5544,100.346934,43.844320,6,"1;2;4;6;9;11"
Root_5545,28.410656,28.896160,6,"0;2;4;6;9;11"
Root_5546,142.679414,48.473920,5,"2;4;6;9;11"
Root_5547,18.936640,24.492480,6,"0;1;4;6;9;11"
Root_5548,105.194774,44.770240,5,"1;4;6;9;11"
Root_5549,31.188416,29.822080,5,"0;4;6;9;11"
Root_5550,149.690454,49.399840,4,"4;6;9;11"
Root_5551,17.157760,23.875200,7,"0;1;2;3;6;9;11"
Root_5552,107.369014,44.152960,6,"1;2;3;6;9;11"
Root_5553,32.354944,29.204800,6,"0;2;3;6;9;11"
Root_5554,147.783094,48.782560,5,"2;3;6;9;11"
Root_5555,19.862560,24.801120,6,"0;1;3;6;9;11"
Root_5556,111.602294,45.078880,5,"1;3;6;9;11"
Root_5557,36.058624,30.130720,5,"0;3;6;9;11"
Root_5558,154.794134,49.708480,4,"3;6;9;11"
Root_5559,23.106848,25.788768,6,"0;1;2;6;9;11"
Root_5560,117.757654,46.066528,5,"1;2;6;9;11"
Root_5561,35.077280,31.118368,5,"0;2;6;9;11"
Root_5562,163.845910,50.696128,4,"2;6;9;11"
Root_5563,26.810528,26.714688,5,"0;1;6;9;11"
Root_5564,122.916854,46.992448,4,"1;6;9;11"
Root_5565,37.855040,32.044288,4,"0;6;9;11"
Root_5566,170.856950,51.622048,3,"6;9;11"
Root_5567,14.478765,22.535702,8,"0;1;2;3;4;5;9;11"
Root_5568,100.000074,42.813462,7,"1;2;3;4;5;9;11"
Root_5569,26.996954,27.865302,7,"0;2;3;4;5;9;11"
Root_5570,137.209123,47.443062,6,"2;3;4;5;9;11"
Root_5571,16.330605,23.461622,7,"0;1;3;4;5;9;11"
Root_5572,103.307434,43.739382,6,"1;3;4;5;9;11"
Root_5573,30.700634,28.791222,6,"0;3;4;5;9;11"
Root_5574,144.220163,48.368982,5,"3;4;5;9;11"
Root_5575,18.807011,24.449270,7,"0;1;2;4;5;9;11"
Root_5576,109.862678,44.727030,6,"1;2;4;5;9;11"
Root_5577,31.058787,29.778870,6,"0;2;4;5;9;11"
Root_5578,153.271939,49.356630,5,"2;4;5;9;11"
Root_5579,21.584771,25.375190,6,"0;1;4;5;9;11"
Root_5580,115.021878,45.652950,5,"1;4;5;9;11"
Root_5581,33.836547,30.704790,5,"0;4;5;9;11"
Root_5582,160.282979,50.282550,4,"4;5;9;11"
Root_5583,19.732931,24.757910,7,"0;1;2;3;5;9;11"
Root_5584,116.313408,45.035670,6,"1;2;3;5;9;11"
Root_5585,35.885786,30.087510,6,"0;2;3;5;9;11"
Root_5586,158.375619,49.665270,5,"2;3;5;9;11"
Root_5587,22.687098,25.683830,6,"0;1;3;5;9;11"
Root_5588,120.546688,45.961590,5,"1;3;5;9;11"
Root_5589,39.589466,31.013430,5,"0;3;5;9;11"
Root_5590,165.386659,50.591190,4,"3;5;9;11"
Root_5591,26.637690,26.671478,6,"0;1;2;5;9;11"
Root_5592,126.635520,46.949238,5,"1;2;5;9;11"
Root_5593,37.725411,32.001078,5,"0;2;5;9;11"
Root_5594,174.438435,51.578838,4,"2;5;9;11"
Root_5595,30.341370,27.597398,5,"0;1;5;9;11"
Root_5596,133.494275,47.875158,4,"1;5;9;11"
Root_5597,40.503171,32.926998,4,"0;5;9;11"
Root_5598,181.449475,52.504758,3,"5;9;11"
Root_5599,17.695907,24.078902,7,"0;1;2;3;4;9;11"
Root_5600,109.902336,44.356662,6,"1;2;3;4;9;11"
Root_5601,33.169754,29.408502,6,"0;2;3;4;9;11"
Root_5602,150.927523,48.986262,5,"2;3;4;9;11"
Root_5603,20.473667,25.004822,6,"0;1;3;4;9;11"
Root_5604,114.135616,45.282582,5,"1;3;4;9;11"
Root_5605,36.873434,30.334422,5,"0;3;4;9;11"
Root_5606,157.938563,49.912182,4,"3;4;9;11"
Root_5607,23.921658,25.992470,6,"0;1;2;4;9;11"
Root_5608,120.494678,46.270230,5,"1;2;4;9;11"
Root_5609,35.688387,31.322070,5,"0;2;4;9;11"
Root_5610,166.990339,50.899830,4,"2;4;9;11"
Root_5611,27.625338,26.918390,5,"0;1;4;9;11"
Root_5612,126.046179,47.196150,4,"1;4;9;11"
Root_5613,38.466147,32.247990,4,"0;4;9;11"
Root_5614,174.001379,51.825750,3,"4;9;11"
Root_5615,25.270896,26.301110,6,"0;1;2;3;9;11"
Root_5616,125.402208,46.578870,5,"1;2;3;9;11"
Root_5617,42.058586,31.630710,5,"0;2;3;9;11"
Root_5618,172.094019,51.208470,4,"2;3;9;11"
Root_5619,29.900496,27.227030,5,"0;1;3;9;11"
Root_5620,131.149859,47.504790,4,"1;3;9;11"
Root_5621,45.762266,32.556630,4,"0;3;9;11"
Root_5622,179.105059,52.134390,3,"3;9;11"
Root_5623,32.810490,28.214678,5,"0;1;2;9;11"
Root_5624,140.201635,48.492438,4,"1;2;9;11"
Root_5625,42.355011,33.544278,4,"0;2;9;11"
Root_5626,188.156835,53.122038,3,"2;9;11"
Root_5627,36.514170,29.140598,4,"0;1;9;11"
Root_5628,147.212675,49.418358,3,"1;9;11"
Root_5629,45.602970,34.470198,3,"0;9;11"
Root_5630,195.167875,54.047958,2,"9;11"
Root_5631,6.225856,15.048096,10,"0;1;2;3;4;5;6;7;8;11"
Root_5632,42.056192,35.325856,9,"1;2;3;4;5;6;7;8;11"
Root_5633,11.555456,20.377696,9,"0;2;3;4;5;6;7;8;11"
Root_5634,67.346934,39.955456,8,"2;3;4;5;6;7;8;11"
Root_5635,7.151776,15.974016,9,"0;1;3;4;5;6;7;8;11"
Root_5636,47.511712,36.251776,8,"1;3;4;5;6;7;8;11"
Root_5637,12.481376,21.303616,8,"0;3;4;5;6;7;8;11"
Root_5638,72.506134,40.881376,7,"3;4;5;6;7;8;11"
Root_5639,8.139424,16.961664,9,"0;1;2;4;5;6;7;8;11"
Root_5640,47.877024,37.239424,8,"1;2;4;5;6;7;8;11"
Root_5641,13.469024,22.291264,8,"0;2;4;5;6;7;8;11"
Root_5642,79.582614,41.869024,7,"2;4;5;6;7;8;11"
Root_5643,9.065344,17.887584,8,"0;1;4;5;6;7;8;11"
Root_5644,52.093120,38.165344,7,"1;4;5;6;7;8;11"
Root_5645,14.394944,23.217184,7,"0;4;5;6;7;8;11"
Root_5646,84.741814,42.794944,6,"4;5;6;7;8;11"
Root_5647,8.448064,17.270304,9,"0;1;2;3;5;6;7;8;11"
Root_5648,59.159712,37.548064,8,"1;2;3;5;6;7;8;11"
Root_5649,13.777664,22.599904,8,"0;2;3;5;6;7;8;11"
Root_5650,88.891350,42.177664,7,"2;3;5;6;7;8;11"
Root_5651,9.373984,18.196224,8,"0;1;3;5;6;7;8;11"
Root_5652,63.067168,38.473984,7,"1;3;5;6;7;8;11"
Root_5653,14.703584,23.525824,7,"0;3;5;6;7;8;11"
Root_5654,93.124630,43.103584,6,"3;5;6;7;8;11"
Root_5655,10.361632,19.183872,8,"0;1;2;5;6;7;8;11"
Root_5656,65.654688,39.461632,7,"1;2;5;6;7;8;11"
Root_5657,16.256544,24.513472,7,"0;2;5;6;7;8;11"
Root_5658,99.304694,44.091232,6,"2;5;6;7;8;11"
Root_5659,11.287552,20.109792,7,"0;1;5;6;7;8;11"
Root_5660,69.380342,40.387552,6,"1;5;6;7;8;11"
Root_5661,18.108384,25.439392,6,"0;5;6;7;8;11"
Root_5662,104.463894,45.017152,5,"5;6;7;8;11"
Root_5663,7.769056,16.591296,9,"0;1;2;3;4;6;7;8;11"
Root_5664,53.727648,36.869056,8,"1;2;3;4;6;7;8;11"
Root_5665,13.098656,21.920896,8,"0;2;3;4;6;7;8;11"
Root_5666,82.480278,41.498656,7,"2;3;4;6;7;8;11"
Root_5667,8.694976,17.517216,8,"0;1;3;4;6;7;8;11"
Root_5668,58.314112,37.794976,7,"1;3;4;6;7;8;11"
Root_5669,14.024576,22.846816,7,"0;3;4;6;7;8;11"
Root_5670,86.713558,42.424576,6,"3;4;6;7;8;11"
Root_5671,9.682624,18.504864,8,"0;1;2;4;6;7;8;11"
Root_5672,60.222624,38.782624,7,"1;2;4;6;7;8;11"
Root_5673,15.012224,23.834464,7,"0;2;4;6;7;8;11"
Root_5674,92.802390,43.412224,6,"2;4;6;7;8;11"
Root_5675,10.608544,19.430784,7,"0;1;4;6;7;8;11"
Root_5676,63.326272,39.708544,6,"1;4;6;7;8;11"
Root_5677,16.750368,24.760384,6,"0;4;6;7;8;11"
Root_5678,97.373814,44.338144,5,"4;6;7;8;11"
Root_5679,9.991264,18.813504,8,"0;1;2;3;6;7;8;11"
Root_5680,71.505312,39.091264,7,"1;2;3;6;7;8;11"
Root_5681,15.515808,24.143104,7,"0;2;3;6;7;8;11"
Root_5682,100.259286,43.720864,6,"2;3;6;7;8;11"
Root_5683,10.917184,19.739424,7,"0;1;3;6;7;8;11"
Root_5684,74.129846,40.017184,6,"1;3;6;7;8;11"
Root_5685,17.367648,25.069024,6,"0;3;6;7;8;11"
Root_5686,104.213430,44.646784,5,"3;6;7;8;11"
Root_5687,11.904832,20.727072,7,"0;1;2;6;7;8;11"
Root_5688,79.231030,41.004832,6,"1;2;6;7;8;11"
Root_5689,19.342944,26.056672,6,"0;2;6;7;8;11"
Root_5690,110.302262,45.634432,5,"2;6;7;8;11"
Root_5691,12.830752,21.652992,6,"0;1;6;7;8;11"
Root_5692,82.538390,41.930752,5,"1;6;7;8;11"
Root_5693,21.194784,26.982592,5,"0;6;7;8;11"
Root_5694,115.095894,46.560352,4,"6;7;8;11"
Root_5695,8.651766,17.474006,9,"0;1;2;3;4;5;7;8;11"
Root_5696,60.789331,37.751766,8,"1;2;3;4;5;7;8;11"
Root_5697,13.981366,22.803606,8,"0;2;3;4;5;7;8;11"
Root_5698,91.424672,42.381366,7,"2;3;4;5;7;8;11"
Root_5699,9.577686,18.399926,8,"0;1;3;4;5;7;8;11"
Root_5700,64.493085,38.677686,7,"1;3;4;5;7;8;11"
Root_5701,14.907286,23.729526,7,"0;3;4;5;7;8;11"
Root_5702,95.657952,43.307286,6,"3;4;5;7;8;11"
Root_5703,10.565334,19.387574,8,"0;1;2;4;5;7;8;11"
Root_5704,67.680384,39.665334,7,"1;2;4;5;7;8;11"
Root_5705,16.663949,24.717174,7,"0;2;4;5;7;8;11"
Root_5706,102.041718,44.294934,6,"2;4;5;7;8;11"
Root_5707,11.491254,20.313494,7,"0;1;4;5;7;8;11"
Root_5708,71.913664,40.591254,6,"1;4;5;7;8;11"
Root_5709,18.515789,25.643094,6,"0;4;5;7;8;11"
Root_5710,107.200918,45.220854,5,"4;5;7;8;11"
Root_5711,10.873974,19.696214,8,"0;1;2;3;5;7;8;11"
Root_5712,78.884170,39.973974,7,"1;2;3;5;7;8;11"
Root_5713,17.281229,25.025814,7,"0;2;3;5;7;8;11"
Root_5714,108.924544,44.603574,6,"2;3;5;7;8;11"
Root_5715,11.799894,20.622134,7,"0;1;3;5;7;8;11"
Root_5716,82.191530,40.899894,6,"1;3;5;7;8;11"
Root_5717,19.133069,25.951734,6,"0;3;5;7;8;11"
Root_5718,113.157824,45.529494,5,"3;5;7;8;11"
Root_5719,12.787542,21.609782,7,"0;1;2;5;7;8;11"
Root_5720,87.292714,41.887542,6,"1;2;5;7;8;11"
Root_5721,21.108365,26.939382,6,"0;2;5;7;8;11"
Root_5722,119.246656,46.517142,5,"2;5;7;8;11"
Root_5723,14.478765,22.535702,6,"0;1;5;7;8;11"
Root_5724,90.600074,42.813462,5,"1;5;7;8;11"
Root_5725,22.960205,27.865302,5,"0;5;7;8;11"
Root_5726,124.809123,47.443062,4,"5;7;8;11"
Root_5727,10.194966,19.017206,8,"0;1;2;3;4;7;8;11"
Root_5728,73.152106,39.294966,7,"1;2;3;4;7;8;11"
Root_5729,15.923213,24.346806,7,"0;2;3;4;7;8;11"
Root_5730,102.588906,43.924566,6,"2;3;4;7;8;11"
Root_5731,11.120886,19.943126,7,"0;1;3;4;7;8;11"
Root_5732,76.459466,40.220886,6,"1;3;4;7;8;11"
Root_5733,17.775053,25.272726,6,"0;3;4;7;8;11"
Root_5734,106.746752,44.850486,5,"3;4;7;8;11"
Root_5735,12.108534,20.930774,7,"0;1;2;4;7;8;11"
Root_5736,81.560650,41.208534,6,"1;2;4;7;8;11"
Root_5737,19.750349,26.260374,6,"0;2;4;7;8;11"
Root_5738,112.835584,45.838134,5,"2;4;7;8;11"
Root_5739,13.120749,21.856694,6,"0;1;4;7;8;11"
Root_5740,84.868010,42.134454,5,"1;4;7;8;11"
Root_5741,21.602189,27.186294,5,"0;4;7;8;11"
Root_5742,117.832918,46.764054,4,"4;7;8;11"
Root_5743,12.417174,21.239414,7,"0;1;2;3;7;8;11"
Root_5744,90.912595,41.517174,6,"1;2;3;7;8;11"
Root_5745,20.750211,26.569014,6,"0;2;3;7;8;11"
Root_5746,118.013344,46.146774,5,"2;3;7;8;11"
Root_5747,13.738029,22.165334,6,"0;1;3;7;8;11"
Root_5748,93.294035,42.443094,5,"1;3;7;8;11"
Root_5749,23.527971,27.494934,5,"0;3;7;8;11"
Root_5750,122.464707,47.072694,4,"3;7;8;11"
Root_5751,15.713325,23.152982,6,"0;1;2;7;8;11"
Root_5752,97.407571,43.430742,5,"1;2;7;8;11"
Root_5753,24.194765,28.482582,5,"0;2;7;8;11"
Root_5754,131.516483,48.060342,4,"2;7;8;11"
Root_5755,17.695907,24.078902,5,"0;1;7;8;11"
Root_5756,100.145674,44.356662,4,"1;7;8;11"
Root_5757,26.184707,29.408502,4,"0;7;8;11"
Root_5758,138.527523,48.986262,3,"7;8;11"
Root_5759,9.250528,18.072768,9,"0;1;2;3;4;5;6;8;11"
Root_5760,61.304224,38.350528,8,"1;2;3;4;5;6;8;11"
Root_5761,14.580128,23.402368,8,"0;2;3;4;5;6;8;11"
Root_5762,91.713526,42.980128,7,"2;3;4;5;6;8;11"
Root_5763,10.176448,18.998688,8,"0;1;3;4;5;6;8;11"
Root_5764,63.483296,39.276448,7,"1;3;4;5;6;8;11"
Root_5765,15.886176,24.328288,7,"0;3;4;5;6;8;11"
Root_5766,95.946806,43.906048,6,"3;4;5;6;8;11"
Root_5767,11.164096,19.986336,8,"0;1;2;4;5;6;8;11"
Root_5768,67.969238,40.264096,7,"1;2;4;5;6;8;11"
Root_5769,17.861472,25.315936,7,"0;2;4;5;6;8;11"
Root_5770,103.823030,44.893696,6,"2;4;5;6;8;11"
Root_5771,12.090016,20.912256,7,"0;1;4;5;6;8;11"
Root_5772,72.202518,41.190016,6,"1;4;5;6;8;11"
Root_5773,19.713312,26.241856,6,"0;4;5;6;8;11"
Root_5774,109.908150,45.819616,5,"4;5;6;8;11"
Root_5775,11.472736,20.294976,8,"0;1;2;3;5;6;8;11"
Root_5776,78.574262,40.572736,7,"1;2;3;5;6;8;11"
Root_5777,18.478752,25.624576,7,"0;2;3;5;6;8;11"
Root_5778,110.415734,45.202336,6,"2;3;5;6;8;11"
Root_5779,12.398656,21.220896,7,"0;1;3;5;6;8;11"
Root_5780,81.881622,41.498656,6,"1;3;5;6;8;11"
Root_5781,20.694656,26.550496,6,"0;3;5;6;8;11"
Root_5782,115.574934,46.128256,5,"3;5;6;8;11"
Root_5783,13.824448,22.208544,7,"0;1;2;5;6;8;11"
Root_5784,86.982806,42.486304,6,"1;2;5;6;8;11"
Root_5785,22.305888,27.538144,6,"0;2;5;6;8;11"
Root_5786,122.883222,47.115904,5,"2;5;6;8;11"
Root_5787,15.676288,23.134464,6,"0;1;5;6;8;11"
Root_5788,90.290166,43.412224,5,"1;5;6;8;11"
Root_5789,24.157728,28.464064,5,"0;5;6;8;11"
Root_5790,129.894262,48.041824,4,"5;6;8;11"
Root_5791,10.793728,19.615968,8,"0;1;2;3;4;6;8;11"
Root_5792,72.842198,39.893728,7,"1;2;3;4;6;8;11"
Root_5793,17.120736,24.945568,7,"0;2;3;4;6;8;11"
Root_5794,103.325654,44.523328,6,"2;3;4;6;8;11"
Root_5795,11.719648,20.541888,7,"0;1;3;4;6;8;11"
Root_5796,76.149558,40.819648,6,"1;3;4;6;8;11"
Root_5797,18.972576,25.871488,6,"0;3;4;6;8;11"
Root_5798,108.484854,45.449248,5,"3;4;6;8;11"
Root_5799,12.707296,21.529536,7,"0;1;2;4;6;8;11"
Root_5800,81.250742,41.807296,6,"1;2;4;6;8;11"
Root_5801,20.947872,26.859136,6,"0;2;4;6;8;11"
Root_5802,115.998230,46.436896,5,"2;4;6;8;11"
Root_5803,14.318272,22.455456,6,"0;1;4;6;8;11"
Root_5804,84.558102,42.733216,5,"1;4;6;8;11"
Root_5805,22.799712,27.785056,5,"0;4;6;8;11"
Root_5806,122.446166,47.362816,4,"4;6;8;11"
Root_5807,13.083712,21.838176,7,"0;1;2;3;6;8;11"
Root_5808,90.003926,42.115936,6,"1;2;3;6;8;11"
Root_5809,22.546496,27.167776,6,"0;2;3;6;8;11"
Root_5810,121.047734,46.745536,5,"2;3;6;8;11"
Root_5811,14.935552,22.764096,6,"0;1;3;6;8;11"
Root_5812,92.385366,43.041856,5,"1;3;6;8;11"
Root_5813,25.324256,28.093696,5,"0;3;6;8;11"
Root_5814,127.549846,47.671456,4,"3;6;8;11"
Root_5815,16.910848,23.751744,6,"0;1;2;6;8;11"
Root_5816,96.557910,44.029504,5,"1;2;6;8;11"
Root_5817,25.392288,29.081344,5,"0;2;6;8;11"
Root_5818,136.601622,48.659104,4,"2;6;8;11"
Root_5819,19.492192,24.677664,5,"0;1;6;8;11"
Root_5820,100.791190,44.955424,4,"1;6;8;11"
Root_5821,27.980992,30.007264,4,"0;6;8;11"
Root_5822,143.612662,49.585024,3,"6;8;11"
Root_5823,11.676438,20.498678,8,"0;1;2;3;4;5;8;11"
Root_5824,80.903882,40.776438,7,"1;2;3;4;5;8;11"
Root_5825,18.886157,25.828278,7,"0;2;3;4;5;8;11"
Root_5826,113.152758,45.406038,6,"2;3;4;5;8;11"
Root_5827,12.602358,21.424598,7,"0;1;3;4;5;8;11"
Root_5828,84.211242,41.702358,6,"1;3;4;5;8;11"
Root_5829,21.305763,26.754198,6,"0;3;4;5;8;11"
Root_5830,118.311958,46.331958,5,"3;4;5;8;11"
Root_5831,14.231853,22.412246,7,"0;1;2;4;5;8;11"
Root_5832,89.312426,42.690006,6,"1;2;4;5;8;11"
Root_5833,22.713293,27.741846,6,"0;2;4;5;8;11"
Root_5834,126.027651,47.319606,5,"2;4;5;8;11"
Root_5835,16.083693,23.338166,6,"0;1;4;5;8;11"
Root_5836,92.619786,43.615926,5,"1;4;5;8;11"
Root_5837,24.565133,28.667766,5,"0;4;5;8;11"
Root_5838,133.038691,48.245526,4,"4;5;8;11"
Root_5839,14.849133,22.720886,7,"0;1;2;3;5;8;11"
Root_5840,97.182899,42.998646,6,"1;2;3;5;8;11"
Root_5841,25.194627,28.050486,6,"0;2;3;5;8;11"
Root_5842,131.131331,47.628246,5,"2;3;5;8;11"
Root_5843,16.700973,23.646806,6,"0;1;3;5;8;11"
Root_5844,99.564339,43.924566,5,"1;3;5;8;11"
Root_5845,27.972387,28.976406,5,"0;3;5;8;11"
Root_5846,138.142371,48.554166,4,"3;5;8;11"
Root_5847,19.362563,24.634454,6,"0;1;2;5;8;11"
Root_5848,105.502304,44.912214,5,"1;2;5;8;11"
Root_5849,27.851363,29.964054,5,"0;2;5;8;11"
Root_5850,147.194147,49.541814,4,"2;5;8;11"
Root_5851,22.140323,25.560374,5,"0;1;5;8;11"
Root_5852,109.735584,45.838134,4,"1;5;8;11"
Root_5853,30.629123,30.889974,4,"0;5;8;11"
Root_5854,154.205187,50.467734,3,"5;8;11"
Root_5855,13.491117,22.041878,7,"0;1;2;3;4;8;11"
Root_5856,92.129843,42.319638,6,"1;2;3;4;8;11"
Root_5857,23.157603,27.371478,6,"0;2;3;4;8;11"
Root_5858,123.784758,46.949238,5,"2;3;4;8;11"
Root_5859,15.342957,22.967798,6,"0;1;3;4;8;11"
Root_5860,94.511283,43.245558,5,"1;3;4;8;11"
Root_5861,25.935363,28.297398,5,"0;3;4;8;11"
Root_5862,130.694275,47.875158,4,"3;4;8;11"
Root_5863,17.325539,23.955446,6,"0;1;2;4;8;11"
Root_5864,99.091232,44.233206,5,"1;2;4;8;11"
Root_5865,25.814339,29.285046,5,"0;2;4;8;11"
Root_5866,139.746051,48.862806,4,"2;4;8;11"
Root_5867,20.103299,24.881366,5,"0;1;4;8;11"
Root_5868,103.324512,45.159126,4,"1;4;8;11"
Root_5869,28.592099,30.210966,4,"0;4;8;11"
Root_5870,146.757091,49.788726,3,"4;8;11"
Root_5871,18.251459,24.264086,6,"0;1;2;3;8;11"
Root_5872,105.727146,44.541846,5,"1;2;3;8;11"
Root_5873,30.147514,29.593686,5,"0;2;3;8;11"
Root_5874,144.849731,49.171446,4,"2;3;8;11"
Root_5875,21.029219,25.190006,5,"0;1;3;8;11"
Root_5876,109.034506,45.467766,4,"1;3;8;11"
Root_5877,33.851194,30.519606,4,"0;3;8;11"
Root_5878,151.860771,50.097366,3,"3;8;11"
Root_5879,23.992163,26.177654,5,"0;1;2;8;11"
Root_5880,114.591104,46.455414,4,"1;2;8;11"
Root_5881,32.480963,31.507254,4,"0;2;8;11"
Root_5882,160.912547,51.085014,3,"2;8;11"
Root_5883,26.769923,27.103574,4,"0;1;8;11"
Root_5884,119.968387,47.381334,3,"1;8;11"
Root_5885,35.258723,32.433174,3,"0;8;11"
Root_5886,167.923587,52.010934,2,"8;11"
Root_5887,10.855456,19.677696,9,"0;1;2;3;4;5;6;7;11"
Root_5888,70.846934,39.955456,8,"1;2;3;4;5;6;7;11"
Root_5889,17.244192,25.007296,8,"0;2;3;4;5;6;7;11"
Root_5890,110.127990,44.585056,7,"2;3;4;5;6;7;11"
Root_5891,11.781376,20.603616,8,"0;1;3;4;5;6;7;11"
Root_5892,76.006134,40.881376,7,"1;3;4;5;6;7;11"
Root_5893,19.096032,25.933216,7,"0;3;4;5;6;7;11"
Root_5894,116.213110,45.510976,6,"3;4;5;6;7;11"
Root_5895,12.769024,21.591264,8,"0;1;2;4;5;6;7;11"
Root_5896,83.082614,41.869024,7,"1;2;4;5;6;7;11"
Root_5897,21.071328,26.920864,7,"0;2;4;5;6;7;11"
Root_5898,124.277238,46.498624,6,"2;4;5;6;7;11"
Root_5899,14.441728,22.517184,7,"0;1;4;5;6;7;11"
Root_5900,88.241814,42.794944,6,"1;4;5;6;7;11"
Root_5901,22.923168,27.846784,6,"0;4;5;6;7;11"
Root_5902,130.786902,47.424544,5,"4;5;6;7;11"
Root_5903,13.207168,21.899904,8,"0;1;2;3;5;6;7;11"
Root_5904,92.391350,42.177664,7,"1;2;3;5;6;7;11"
Root_5905,22.731680,27.229504,7,"0;2;3;5;6;7;11"
Root_5906,129.265014,46.807264,6,"2;3;5;6;7;11"
Root_5907,15.059008,22.825824,7,"0;1;3;5;6;7;11"
Root_5908,96.624630,43.103584,6,"1;3;5;6;7;11"
Root_5909,25.509440,28.155424,6,"0;3;5;6;7;11"
Root_5910,135.890582,47.733184,5,"3;5;6;7;11"
Root_5911,17.034304,23.813472,7,"0;1;2;5;6;7;11"
Root_5912,102.804694,44.091232,6,"1;2;5;6;7;11"
Root_5913,25.515744,29.143072,6,"0;2;5;6;7;11"
Root_5914,144.942358,48.720832,5,"2;5;6;7;11"
Root_5915,19.677376,24.739392,6,"0;1;5;6;7;11"
Root_5916,107.963894,45.017152,5,"1;5;6;7;11"
Root_5917,27.367584,30.068992,5,"0;5;6;7;11"
Root_5918,151.953398,49.646752,4,"5;6;7;11"
Root_5919,12.398656,21.220896,8,"0;1;2;3;4;6;7;11"
Root_5920,85.980278,41.498656,7,"1;2;3;4;6;7;11"
Root_5921,20.694656,26.550496,7,"0;2;3;4;6;7;11"
Root_5922,122.303190,46.128256,6,"2;3;4;6;7;11"
Root_5923,13.700992,22.146816,7,"0;1;3;4;6;7;11"
Root_5924,90.213558,42.424576,6,"1;3;4;6;7;11"
Root_5925,23.472416,27.476416,6,"0;3;4;6;7;11"
Root_5926,128.442486,47.054176,5,"3;4;6;7;11"
Root_5927,15.676288,23.134464,7,"0;1;2;4;6;7;11"
Root_5928,96.302390,43.412224,6,"1;2;4;6;7;11"
Root_5929,24.157728,28.464064,6,"0;2;4;6;7;11"
Root_5930,137.494262,48.041824,5,"2;4;6;7;11"
Root_5931,17.640352,24.060384,6,"0;1;4;6;7;11"
Root_5932,100.873814,44.338144,5,"1;4;6;7;11"
Root_5933,26.009568,29.389984,5,"0;4;6;7;11"
Root_5934,144.505302,48.967744,4,"4;6;7;11"
Root_5935,16.293568,23.443104,7,"0;1;2;3;6;7;11"
Root_5936,103.759286,43.720864,6,"1;2;3;6;7;11"
Root_5937,27.361280,28.772704,6,"0;2;3;6;7;11"
Root_5938,142.597942,48.350464,5,"2;3;6;7;11"
Root_5939,18.566272,24.369024,6,"0;1;3;6;7;11"
Root_5940,107.713430,44.646784,5,"1;3;6;7;11"
Root_5941,30.139040,29.698624,5,"0;3;6;7;11"
Root_5942,149.608982,49.276384,4,"3;6;7;11"
Root_5943,21.529216,25.356672,6,"0;1;2;6;7;11"
Root_5944,113.802262,45.634432,5,"1;2;6;7;11"
Root_5945,28.602144,30.686272,5,"0;2;6;7;11"
Root_5946,158.660758,50.264032,4,"2;6;7;11"
Root_5947,24.306976,26.282592,5,"0;1;6;7;11"
Root_5948,118.595894,46.560352,4,"1;6;7;11"
Root_5949,30.453984,31.612192,4,"0;6;7;11"
Root_5950,165.671798,51.189952,3,"6;7;11"
Root_5951,13.614573,22.103606,8,"0;1;2;3;4;5;7;11"
Root_5952,94.924672,42.381366,7,"1;2;3;4;5;7;11"
Root_5953,23.342787,27.433206,7,"0;2;3;4;5;7;11"
Root_5954,132.023971,47.010966,6,"2;3;4;5;7;11"
Root_5955,15.466413,23.029526,7,"0;1;3;4;5;7;11"
Root_5956,99.157952,43.307286,6,"1;3;4;5;7;11"
Root_5957,26.120547,28.359126,6,"0;3;4;5;7;11"
Root_5958,139.035011,47.936886,5,"3;4;5;7;11"
Root_5959,17.510723,24.017174,7,"0;1;2;4;5;7;11"
Root_5960,105.541718,44.294934,6,"1;2;4;5;7;11"
Root_5961,25.923149,29.346774,6,"0;2;4;5;7;11"
Root_5962,148.086787,48.924534,5,"2;4;5;7;11"
Root_5963,20.288483,24.943094,6,"0;1;4;5;7;11"
Root_5964,110.700918,45.220854,5,"1;4;5;7;11"
Root_5965,27.774989,30.272694,5,"0;4;5;7;11"
Root_5966,155.097827,49.850454,4,"4;5;7;11"
Root_5967,18.436643,24.325814,7,"0;1;2;3;5;7;11"
Root_5968,112.424544,44.603574,6,"1;2;3;5;7;11"
Root_5969,30.009411,29.655414,6,"0;2;3;5;7;11"
Root_5970,153.190467,49.233174,5,"2;3;5;7;11"
Root_5971,21.214403,25.251734,6,"0;1;3;5;7;11"
Root_5972,116.657824,45.529494,5,"1;3;5;7;11"
Root_5973,32.787171,30.581334,5,"0;3;5;7;11"
Root_5974,160.201507,50.159094,4,"3;5;7;11"
Root_5975,24.177347,26.239382,6,"0;1;2;5;7;11"
Root_5976,122.746656,46.517142,5,"1;2;5;7;11"
Root_5977,30.367565,31.568982,5,"0;2;5;7;11"
Root_5978,169.253283,51.146742,4,"2;5;7;11"
Root_5979,26.955107,27.165302,5,"0;1;5;7;11"
Root_5980,128.309123,47.443062,4,"1;5;7;11"
Root_5981,32.219405,32.494902,4,"0;5;7;11"
Root_5982,176.264323,52.072662,3,"5;7;11"
Root_5983,16.700973,23.646806,7,"0;1;2;3;4;7;11"
Root_5984,106.088906,43.924566,6,"1;2;3;4;7;11"
Root_5985,27.972387,28.976406,6,"0;2;3;4;7;11"
Root_5986,145.742371,48.554166,5,"2;3;4;7;11"
Root_5987,19.177379,24.572726,6,"0;1;3;4;7;11"
Root_5988,110.246752,44.850486,5,"1;3;4;7;11"
Root_5989,30.750147,29.902326,5,"0;3;4;7;11"
Root_5990,152.753411,49.480086,4,"3;4;7;11"
Root_5991,22.140323,25.560374,6,"0;1;2;4;7;11"
Root_5992,116.335584,45.838134,5,"1;2;4;7;11"
Root_5993,29.009549,30.889974,5,"0;2;4;7;11"
Root_5994,161.805187,50.467734,4,"2;4;7;11"
Root_5995,24.918083,26.486294,5,"0;1;4;7;11"
Root_5996,121.332918,46.764054,4,"1;4;7;11"
Root_5997,30.861389,31.815894,4,"0;4;7;11"
Root_5998,168.816227,51.393654,3,"4;7;11"
Root_5999,23.066243,25.869014,6,"0;1;2;3;7;11"
Root_6000,121.513344,46.146774,5,"1;2;3;7;11"
Root_6001,34.639011,31.198614,5,"0;2;3;7;11"
Root_6002,166.908867,50.776374,4,"2;3;7;11"
Root_6003,26.452506,26.794934,5,"0;1;3;7;11"
Root_6004,125.964707,47.072694,4,"1;3;7;11"
Root_6005,37.416771,32.124534,4,"0;3;7;11"
Root_6006,173.919907,51.702294,3,"3;7;11"
Root_6007,28.806947,27.782582,5,"0;1;2;7;11"
Root_6008,135.016483,48.060342,4,"1;2;7;11"
Root_6009,33.453965,33.112182,4,"0;2;7;11"
Root_6010,182.971683,52.689942,3,"2;7;11"
Root_6011,31.584707,28.708502,4,"0;1;7;11"
Root_6012,142.027523,48.986262,3,"1;7;11"
Root_6013,35.343907,34.038102,3,"0;7;11"
Root_6014,189.982723,53.615862,2,"7;11"
Root_6015,14.812096,22.702368,8,"0;1;2;3;4;5;6;11"
Root_6016,95.213526,42.980128,7,"1;2;3;4;5;6;11"
Root_6017,25.139072,28.031968,7,"0;2;3;4;5;6;11"
Root_6018,137.109110,47.609728,6,"2;3;4;5;6;11"
Root_6019,16.663936,23.628288,7,"0;1;3;4;5;6;11"
Root_6020,99.446806,43.906048,6,"1;3;4;5;6;11"
Root_6021,27.916832,28.957888,6,"0;3;4;5;6;11"
Root_6022,144.120150,48.535648,5,"3;4;5;6;11"
Root_6023,19.307008,24.615936,7,"0;1;2;4;5;6;11"
Root_6024,107.323030,44.893696,6,"1;2;4;5;6;11"
Root_6025,27.120672,29.945536,6,"0;2;4;5;6;11"
Root_6026,153.171926,49.523296,5,"2;4;5;6;11"
Root_6027,22.084768,25.541856,6,"0;1;4;5;6;11"
Root_6028,113.408150,45.819616,5,"1;4;5;6;11"
Root_6029,28.972512,30.871456,5,"0;4;5;6;11"
Root_6030,160.182966,50.449216,4,"4;5;6;11"
Root_6031,20.232928,24.924576,7,"0;1;2;3;5;6;11"
Root_6032,113.915734,45.202336,6,"1;2;3;5;6;11"
Root_6033,31.805696,30.254176,6,"0;2;3;5;6;11"
Root_6034,158.275606,49.831936,5,"2;3;5;6;11"
Root_6035,23.010688,25.850496,6,"0;1;3;5;6;11"
Root_6036,119.074934,46.128256,5,"1;3;5;6;11"
Root_6037,34.583456,31.180096,5,"0;3;5;6;11"
Root_6038,165.286646,50.757856,4,"3;5;6;11"
Root_6039,25.973632,26.838144,6,"0;1;2;5;6;11"
Root_6040,126.383222,47.115904,5,"1;2;5;6;11"
Root_6041,31.565088,32.167744,5,"0;2;5;6;11"
Root_6042,174.338422,51.745504,4,"2;5;6;11"
Root_6043,28.751392,27.764064,5,"0;1;5;6;11"
Root_6044,133.394262,48.041824,4,"1;5;6;11"
Root_6045,33.416928,33.093664,4,"0;5;6;11"
Root_6046,181.349462,52.671424,3,"5;6;11"
Root_6047,18.195904,24.245568,7,"0;1;2;3;4;6;11"
Root_6048,106.825654,44.523328,6,"1;2;3;4;6;11"
Root_6049,29.768672,29.575168,6,"0;2;3;4;6;11"
Root_6050,150.827510,49.152928,5,"2;3;4;6;11"
Root_6051,20.973664,25.171488,6,"0;1;3;4;6;11"
Root_6052,111.984854,45.449248,5,"1;3;4;6;11"
Root_6053,32.546432,30.501088,5,"0;3;4;6;11"
Root_6054,157.838550,50.078848,4,"3;4;6;11"
Root_6055,23.936608,26.159136,6,"0;1;2;4;6;11"
Root_6056,119.498230,46.436896,5,"1;2;4;6;11"
Root_6057,30.207072,31.488736,5,"0;2;4;6;11"
Root_6058,166.890326,51.066496,4,"2;4;6;11"
Root_6059,26.714368,27.085056,5,"0;1;4;6;11"
Root_6060,125.946166,47.362816,4,"1;4;6;11"
Root_6061,32.058912,32.414656,4,"0;4;6;11"
Root_6062,173.901366,51.992416,3,"4;6;11"
Root_6063,25.143872,26.467776,6,"0;1;2;3;6;11"
Root_6064,124.547734,46.745536,5,"1;2;3;6;11"
Root_6065,36.435296,31.797376,5,"0;2;3;6;11"
Root_6066,171.994006,51.375136,4,"2;3;6;11"
Root_6067,28.847552,27.393696,5,"0;1;3;6;11"
Root_6068,131.049846,47.671456,4,"1;3;6;11"
Root_6069,39.213056,32.723296,4,"0;3;6;11"
Root_6070,179.005046,52.301056,3,"3;6;11"
Root_6071,30.603232,28.381344,5,"0;1;2;6;11"
Root_6072,140.101622,48.659104,4,"1;2;6;11"
Root_6073,34.651488,33.710944,4,"0;2;6;11"
Root_6074,188.056822,53.288704,3,"2;6;11"
Root_6075,33.380992,29.307264,4,"0;1;6;11"
Root_6076,147.112662,49.585024,3,"1;6;11"
Root_6077,37.140192,34.636864,3,"0;6;11"
Root_6078,195.067862,54.214624,2,"6;11"
Root_6079,20.844035,25.128278,7,"0;1;2;3;4;5;11"
Root_6080,116.652758,45.406038,6,"1;2;3;4;5;11"
Root_6081,32.416803,30.457878,6,"0;2;3;4;5;11"
Root_6082,161.420035,50.035638,5,"2;3;4;5;11"
Root_6083,23.621795,26.054198,6,"0;1;3;4;5;11"
Root_6084,121.811958,46.331958,5,"1;3;4;5;11"
Root_6085,35.194563,31.383798,5,"0;3;4;5;11"
Root_6086,168.431075,50.961558,4,"3;4;5;11"
Root_6087,26.584739,27.041846,6,"0;1;2;4;5;11"
Root_6088,129.527651,47.319606,5,"1;2;4;5;11"
Root_6089,31.972493,32.371446,5,"0;2;4;5;11"
Root_6090,177.482851,51.949206,4,"2;4;5;11"
Root_6091,29.362499,27.967766,5,"0;1;4;5;11"
Root_6092,136.538691,48.245526,4,"1;4;5;11"
Root_6093,33.824333,33.297366,4,"0;4;5;11"
Root_6094,184.493891,52.875126,3,"4;5;11"
Root_6095,28.674714,27.350486,6,"0;1;2;3;5;11"
Root_6096,134.631331,47.628246,5,"1;2;3;5;11"
Root_6097,39.083427,32.680086,5,"0;2;3;5;11"
Root_6098,182.586531,52.257846,4,"2;3;5;11"
Root_6099,32.378394,28.276406,5,"0;1;3;5;11"
Root_6100,141.642371,48.554166,4,"1;3;5;11"
Root_6101,41.861187,33.606006,4,"0;3;5;11"
Root_6102,189.597571,53.183766,3,"3;5;11"
Root_6103,33.251363,29.264054,5,"0;1;2;5;11"
Root_6104,150.694147,49.541814,4,"1;2;5;11"
Root_6105,37.010563,34.593654,4,"0;2;5;11"
Root_6106,198.649347,54.171414,3,"2;5;11"
Root_6107,36.029123,30.189974,4,"0;1;5;11"
Root_6108,157.705187,50.467734,3,"1;5;11"
Root_6109,40.827472,35.519574,3,"0;5;11"
Root_6110,205.660387,55.097334,2,"5;11"
Root_6111,25.958682,26.671478,6,"0;1;2;3;4;11"
Root_6112,127.284758,46.949238,5,"1;2;3;4;11"
Root_6113,37.046403,32.001078,5,"0;2;3;4;11"
Root_6114,175.138435,51.578838,4,"2;3;4;11"
Root_6115,29.662362,27.597398,5,"0;1;3;4;11"
Root_6116,134.194275,47.875158,4,"1;3;4;11"
Root_6117,39.824163,32.926998,4,"0;3;4;11"
Root_6118,182.149475,52.504758,3,"3;4;11"
Root_6119,31.214339,28.585046,5,"0;1;2;4;11"
Root_6120,143.246051,48.862806,4,"1;2;4;11"
Root_6121,35.058893,33.914646,4,"0;2;4;11"
Root_6122,191.201251,53.492406,3,"2;4;11"
Root_6123,33.992099,29.510966,4,"0;1;4;11"
Root_6124,150.257091,49.788726,3,"1;4;11"
Root_6125,37.751299,34.840566,3,"0;4;11"
Root_6126,198.212291,54.418326,2,"4;11"
Root_6127,34.847514,28.893686,5,"0;1;2;3;11"
Root_6128,148.349731,49.171446,4,"1;2;3;11"
Root_6129,43.936314,34.223286,4,"0;2;3;11"
Root_6130,196.304931,53.801046,3,"2;3;11"
Root_6131,38.551194,29.819606,4,"0;1;3;11"
Root_6132,155.360771,50.097366,3,"1;3;11"
Root_6133,47.789200,35.149206,3,"0;3;11"
Root_6134,203.315971,54.726966,2,"3;11"
Root_6135,37.880963,30.807254,4,"0;1;2;11"
Root_6136,164.412547,51.085014,3,"1;2;11"
Root_6137,45.076646,36.136854,3,"0;2;11"
Root_6138,212.367747,55.714614,2,"2;11"
Root_6139,40.658723,31.733174,3,"0;1;11"
Root_6140,171.423587,52.010934,2,"1;11"
Root_6141,48.543472,37.062774,2,"0;11"
Root_6142,219.378787,56.640534,1,"11"
Root_6143,3.859200,12.681440,11,"0;1;2;3;4;5;6;7;8;9;10"
Root_6144,33.561344,33.659200,10,"1;2;3;4;5;6;7;8;9;10"
Root_6145,9.888800,18.711040,10,"0;2;3;4;5;6;7;8;9;10"
Root_6146,54.296736,38.288800,9,"2;3;4;5;6;7;8;9;10"
Root_6147,4.785120,13.607360,10,"0;1;3;4;5;6;7;8;9;10"
Root_6148,38.700736,34.585120,9,"1;3;4;5;6;7;8;9;10"
Root_6149,10.814720,19.636960,9,"0;3;4;5;6;7;8;9;10"
Root_6150,57.463456,39.214720,8,"3;4;5;6;7;8;9;10"
Root_6151,6.472768,15.295008,10,"0;1;2;4;5;6;7;8;9;10"
Root_6152,36.411744,35.572768,9,"1;2;4;5;6;7;8;9;10"
Root_6153,11.802368,20.624608,9,"0;2;4;5;6;7;8;9;10"
Root_6154,62.690134,40.202368,8,"2;4;5;6;7;8;9;10"
Root_6155,7.398688,16.220928,9,"0;1;4;5;6;7;8;9;10"
Root_6156,41.867264,36.498688,8,"1;4;5;6;7;8;9;10"
Root_6157,12.728288,21.550528,8,"0;4;5;6;7;8;9;10"
Root_6158,67.849334,41.128288,7,"4;5;6;7;8;9;10"
Root_6159,6.081408,14.903648,10,"0;1;2;3;5;6;7;8;9;10"
Root_6160,47.385792,35.881408,9,"1;2;3;5;6;7;8;9;10"
Root_6161,12.111008,20.933248,9,"0;2;3;5;6;7;8;9;10"
Root_6162,73.665526,40.511008,8,"2;3;5;6;7;8;9;10"
Root_6163,7.007328,15.829568,9,"0;1;3;5;6;7;8;9;10"
Root_6164,52.841312,36.807328,8,"1;3;5;6;7;8;9;10"
Root_6165,13.036928,21.859168,8,"0;3;5;6;7;8;9;10"
Root_6166,77.898806,41.436928,7,"3;5;6;7;8;9;10"
Root_6167,8.694976,17.517216,9,"0;1;2;5;6;7;8;9;10"
Root_6168,53.762176,37.794976,8,"1;2;5;6;7;8;9;10"
Root_6169,14.024576,22.846816,8,"0;2;5;6;7;8;9;10"
Root_6170,83.987638,42.424576,7,"2;5;6;7;8;9;10"
Root_6171,9.620896,18.443136,8,"0;1;5;6;7;8;9;10"
Root_6172,57.422720,38.720896,7,"1;5;6;7;8;9;10"
Root_6173,14.950496,23.772736,7,"0;5;6;7;8;9;10"
Root_6174,88.897334,43.350496,6,"5;6;7;8;9;10"
Root_6175,5.402400,14.224640,10,"0;1;2;3;4;6;7;8;9;10"
Root_6176,42.632736,35.202400,9,"1;2;3;4;6;7;8;9;10"
Root_6177,11.432000,20.254240,9,"0;2;3;4;6;7;8;9;10"
Root_6178,67.254454,39.832000,8,"2;3;4;6;7;8;9;10"
Root_6179,6.328320,15.150560,9,"0;1;3;4;6;7;8;9;10"
Root_6180,48.088256,36.128320,8,"1;3;4;6;7;8;9;10"
Root_6181,12.357920,21.180160,8,"0;3;4;6;7;8;9;10"
Root_6182,71.487734,40.757920,7,"3;4;6;7;8;9;10"
Root_6183,8.015968,16.838208,9,"0;1;2;4;6;7;8;9;10"
Root_6184,48.330112,37.115968,8,"1;2;4;6;7;8;9;10"
Root_6185,13.345568,22.167808,8,"0;2;4;6;7;8;9;10"
Root_6186,77.576566,41.745568,7,"2;4;6;7;8;9;10"
Root_6187,8.941888,17.764128,8,"0;1;4;6;7;8;9;10"
Root_6188,52.669664,38.041888,7,"1;4;6;7;8;9;10"
Root_6189,14.271488,23.093728,7,"0;4;6;7;8;9;10"
Root_6190,81.809846,42.671488,6,"4;6;7;8;9;10"
Root_6191,7.624608,16.446848,9,"0;1;2;3;6;7;8;9;10"
Root_6192,59.612800,37.424608,8,"1;2;3;6;7;8;9;10"
Root_6193,13.654208,22.476448,8,"0;2;3;6;7;8;9;10"
Root_6194,86.700118,42.054208,7,"2;3;6;7;8;9;10"
Root_6195,8.550528,17.372768,8,"0;1;3;6;7;8;9;10"
Root_6196,63.643712,38.350528,7,"1;3;6;7;8;9;10"
Root_6197,14.580128,23.402368,7,"0;3;6;7;8;9;10"
Root_6198,90.313526,42.980128,6,"3;6;7;8;9;10"
Root_6199,10.238176,19.060416,8,"0;1;2;6;7;8;9;10"
Root_6200,66.107776,39.338176,7,"1;2;6;7;8;9;10"
Root_6201,15.567776,24.390016,7,"0;2;6;7;8;9;10"
Root_6202,96.402358,43.967776,6,"2;6;7;8;9;10"
Root_6203,11.164096,19.986336,7,"0;1;6;7;8;9;10"
Root_6204,68.979222,40.264096,6,"1;6;7;8;9;10"
Root_6205,16.493696,25.315936,6,"0;6;7;8;9;10"
Root_6206,101.529334,44.893696,5,"6;7;8;9;10"
Root_6207,6.285110,15.107350,10,"0;1;2;3;4;5;7;8;9;10"
Root_6208,48.896819,36.085110,9,"1;2;3;4;5;7;8;9;10"
Root_6209,12.314710,21.136950,9,"0;2;3;4;5;7;8;9;10"
Root_6210,76.198848,40.714710,8,"2;3;4;5;7;8;9;10"
Root_6211,7.211030,16.033270,9,"0;1;3;4;5;7;8;9;10"
Root_6212,54.267229,37.011030,8,"1;3;4;5;7;8;9;10"
Root_6213,13.240630,22.062870,8,"0;3;4;5;7;8;9;10"
Root_6214,80.432128,41.640630,7,"3;4;5;7;8;9;10"
Root_6215,8.898678,17.720918,9,"0;1;2;4;5;7;8;9;10"
Root_6216,55.391795,37.998678,8,"1;2;4;5;7;8;9;10"
Root_6217,14.228278,23.050518,8,"0;2;4;5;7;8;9;10"
Root_6218,86.520960,42.628278,7,"2;4;5;7;8;9;10"
Root_6219,9.824598,18.646838,8,"0;1;4;5;7;8;9;10"
Root_6220,58.848637,38.924598,7,"1;4;5;7;8;9;10"
Root_6221,15.154198,23.976438,7,"0;4;5;7;8;9;10"
Root_6222,91.634358,43.554198,6,"4;5;7;8;9;10"
Root_6223,8.507318,17.329558,9,"0;1;2;3;5;7;8;9;10"
Root_6224,66.674483,38.307318,8,"1;2;3;5;7;8;9;10"
Root_6225,14.536918,23.359158,8,"0;2;3;5;7;8;9;10"
Root_6226,95.024640,42.936918,7,"2;3;5;7;8;9;10"
Root_6227,9.433238,18.255478,8,"0;1;3;5;7;8;9;10"
Root_6228,69.822685,39.233238,7,"1;3;5;7;8;9;10"
Root_6229,15.462838,24.285078,7,"0;3;5;7;8;9;10"
Root_6230,99.257920,43.862838,6,"3;5;7;8;9;10"
Root_6231,11.120886,19.943126,8,"0;1;2;5;7;8;9;10"
Root_6232,73.733546,40.220886,7,"1;2;5;7;8;9;10"
Root_6233,16.450486,25.272726,7,"0;2;5;7;8;9;10"
Root_6234,106.197238,44.850486,6,"2;5;7;8;9;10"
Root_6235,12.046806,20.869046,7,"0;1;5;7;8;9;10"
Root_6236,77.040906,41.146806,6,"1;5;7;8;9;10"
Root_6237,18.067629,26.198646,6,"0;5;7;8;9;10"
Root_6238,111.356438,45.776406,5,"5;7;8;9;10"
Root_6239,7.828310,16.650550,9,"0;1;2;3;4;7;8;9;10"
Root_6240,61.242419,37.628310,8,"1;2;3;4;7;8;9;10"
Root_6241,13.857910,22.680150,8,"0;2;3;4;7;8;9;10"
Root_6242,89.029738,42.257910,7,"2;3;4;7;8;9;10"
Root_6243,8.754230,17.576470,8,"0;1;3;4;7;8;9;10"
Root_6244,65.069629,38.554230,7,"1;3;4;7;8;9;10"
Root_6245,14.783830,23.606070,7,"0;3;4;7;8;9;10"
Root_6246,92.846848,43.183830,6,"3;4;7;8;9;10"
Root_6247,10.441878,19.264118,8,"0;1;2;4;7;8;9;10"
Root_6248,68.001482,39.541878,7,"1;2;4;7;8;9;10"
Root_6249,15.771478,24.593718,7,"0;2;4;7;8;9;10"
Root_6250,99.107158,44.171478,6,"2;4;7;8;9;10"
Root_6251,11.367798,20.190038,7,"0;1;4;7;8;9;10"
Root_6252,71.308842,40.467798,6,"1;4;7;8;9;10"
Root_6253,16.709613,25.519638,6,"0;4;7;8;9;10"
Root_6254,104.266358,45.097398,5,"4;7;8;9;10"
Root_6255,10.050518,18.872758,8,"0;1;2;3;7;8;9;10"
Root_6256,79.020083,39.850518,7,"1;2;3;7;8;9;10"
Root_6257,16.080118,24.902358,7,"0;2;3;7;8;9;10"
Root_6258,106.113440,44.480118,6,"2;3;7;8;9;10"
Root_6259,10.976438,19.798678,7,"0;1;3;7;8;9;10"
Root_6260,81.401523,40.776438,6,"1;3;7;8;9;10"
Root_6261,17.326893,25.828278,6,"0;3;7;8;9;10"
Root_6262,110.346720,45.406038,5,"3;7;8;9;10"
Root_6263,12.664086,21.486326,7,"0;1;2;7;8;9;10"
Root_6264,85.515059,41.764086,6,"1;2;7;8;9;10"
Root_6265,19.302189,26.815926,6,"0;2;7;8;9;10"
Root_6266,116.829238,46.393686,5,"2;7;8;9;10"
Root_6267,14.231853,22.412246,6,"0;1;7;8;9;10"
Root_6268,87.912426,42.690006,5,"1;7;8;9;10"
Root_6269,21.154029,27.741846,5,"0;7;8;9;10"
Root_6270,122.627651,47.319606,4,"7;8;9;10"
Root_6271,7.583872,16.406112,10,"0;1;2;3;4;5;6;8;9;10"
Root_6272,51.078368,36.683872,9,"1;2;3;4;5;6;8;9;10"
Root_6273,12.913472,21.735712,9,"0;2;3;4;5;6;8;9;10"
Root_6274,76.487702,41.313472,8,"2;3;4;5;6;8;9;10"
Root_6275,8.509792,17.332032,9,"0;1;3;4;5;6;8;9;10"
Root_6276,54.924096,37.609792,8,"1;3;4;5;6;8;9;10"
Root_6277,13.839392,22.661632,8,"0;3;4;5;6;8;9;10"
Root_6278,80.720982,42.239392,7,"3;4;5;6;8;9;10"
Root_6279,9.497440,18.319680,9,"0;1;2;4;5;6;8;9;10"
Root_6280,55.659776,38.597440,8,"1;2;4;5;6;8;9;10"
Root_6281,14.827040,23.649280,8,"0;2;4;5;6;8;9;10"
Root_6282,87.362774,43.227040,7,"2;4;5;6;8;9;10"
Root_6283,10.423360,19.245600,8,"0;1;4;5;6;8;9;10"
Root_6284,57.837504,39.523360,7,"1;4;5;6;8;9;10"
Root_6285,15.752960,24.575200,7,"0;4;5;6;8;9;10"
Root_6286,92.827894,44.152960,6,"4;5;6;8;9;10"
Root_6287,9.806080,18.628320,9,"0;1;2;3;5;6;8;9;10"
Root_6288,66.633824,38.906080,8,"1;2;3;5;6;8;9;10"
Root_6289,15.135680,23.957920,8,"0;2;3;5;6;8;9;10"
Root_6290,95.313494,43.535680,7,"2;3;5;6;8;9;10"
Root_6291,10.732000,19.554240,8,"0;1;3;5;6;8;9;10"
Root_6292,68.490454,39.832000,7,"1;3;5;6;8;9;10"
Root_6293,16.061600,24.883840,7,"0;3;5;6;8;9;10"
Root_6294,100.469974,44.461600,6,"3;5;6;8;9;10"
Root_6295,11.719648,20.541888,8,"0;1;2;5;6;8;9;10"
Root_6296,73.423638,40.819648,7,"1;2;5;6;8;9;10"
Root_6297,17.413312,25.871488,7,"0;2;5;6;8;9;10"
Root_6298,108.534102,45.449248,6,"2;5;6;8;9;10"
Root_6299,12.645568,21.467808,7,"0;1;5;6;8;9;10"
Root_6300,76.730998,41.745568,6,"1;5;6;8;9;10"
Root_6301,19.265152,26.797408,6,"0;5;6;8;9;10"
Root_6302,114.619222,46.375168,5,"5;6;8;9;10"
Root_6303,9.127072,17.949312,9,"0;1;2;3;4;6;8;9;10"
Root_6304,61.880768,38.227072,8,"1;2;3;4;6;8;9;10"
Root_6305,14.456672,23.278912,8,"0;2;3;4;6;8;9;10"
Root_6306,88.902422,42.856672,7,"2;3;4;6;8;9;10"
Root_6307,10.052992,18.875232,8,"0;1;3;4;6;8;9;10"
Root_6308,64.183296,39.152992,7,"1;3;4;6;8;9;10"
Root_6309,15.382592,24.204832,7,"0;3;4;6;8;9;10"
Root_6310,93.135702,43.782592,6,"3;4;6;8;9;10"
Root_6311,11.040640,19.862880,8,"0;1;2;4;6;8;9;10"
Root_6312,67.691574,40.140640,7,"1;2;4;6;8;9;10"
Root_6313,16.370240,25.192480,7,"0;2;4;6;8;9;10"
Root_6314,100.765014,44.770240,6,"2;4;6;8;9;10"
Root_6315,11.966560,20.788800,7,"0;1;4;6;8;9;10"
Root_6316,70.998934,41.066560,6,"1;4;6;8;9;10"
Root_6317,17.907136,26.118400,6,"0;4;6;8;9;10"
Root_6318,106.850134,45.696160,5,"4;6;8;9;10"
Root_6319,11.349280,20.171520,8,"0;1;2;3;6;8;9;10"
Root_6320,78.111414,40.449280,7,"1;2;3;6;8;9;10"
Root_6321,16.678880,25.501120,7,"0;2;3;6;8;9;10"
Root_6322,107.481174,45.078880,6,"2;3;6;8;9;10"
Root_6323,12.275200,21.097440,7,"0;1;3;6;8;9;10"
Root_6324,80.492854,41.375200,6,"1;3;6;8;9;10"
Root_6325,18.765024,26.427040,6,"0;3;6;8;9;10"
Root_6326,112.645174,46.004800,5,"3;6;8;9;10"
Root_6327,13.577536,22.085088,7,"0;1;2;6;8;9;10"
Root_6328,84.606390,42.362848,6,"1;2;6;8;9;10"
Root_6329,20.499712,27.414688,6,"0;2;6;8;9;10"
Root_6330,120.709302,46.992448,5,"2;6;8;9;10"
Root_6331,15.429376,23.011008,6,"0;1;6;8;9;10"
Root_6332,87.602518,43.288768,5,"1;6;8;9;10"
Root_6333,22.351552,28.340608,5,"0;6;8;9;10"
Root_6334,127.712790,47.918368,4,"6;8;9;10"
Root_6335,10.009782,18.832022,9,"0;1;2;3;4;5;8;9;10"
Root_6336,68.059741,39.109782,8,"1;2;3;4;5;8;9;10"
Root_6337,15.339382,24.161622,8,"0;2;3;4;5;8;9;10"
Root_6338,97.846816,43.739382,7,"2;3;4;5;8;9;10"
Root_6339,10.935702,19.757942,8,"0;1;3;4;5;8;9;10"
Root_6340,70.652074,40.035702,7,"1;3;4;5;8;9;10"
Root_6341,16.265302,25.087542,7,"0;3;4;5;8;9;10"
Root_6342,103.410701,44.665302,6,"3;4;5;8;9;10"
Root_6343,11.923350,20.745590,8,"0;1;2;4;5;8;9;10"
Root_6344,75.753258,41.023350,7,"1;2;4;5;8;9;10"
Root_6345,17.820717,26.075190,7,"0;2;4;5;8;9;10"
Root_6346,111.474829,45.652950,6,"2;4;5;8;9;10"
Root_6347,12.849270,21.671510,7,"0;1;4;5;8;9;10"
Root_6348,79.060618,41.949270,6,"1;4;5;8;9;10"
Root_6349,19.672557,27.001110,6,"0;4;5;8;9;10"
Root_6350,117.559949,46.578870,5,"4;5;8;9;10"
Root_6351,12.231990,21.054230,8,"0;1;2;3;5;8;9;10"
Root_6352,85.290387,41.331990,7,"1;2;3;5;8;9;10"
Root_6353,18.635395,26.383830,7,"0;2;3;5;8;9;10"
Root_6354,117.308278,45.961590,6,"2;3;5;8;9;10"
Root_6355,13.367661,21.980150,7,"0;1;3;5;8;9;10"
Root_6356,87.671827,42.257910,6,"1;3;5;8;9;10"
Root_6357,21.413155,27.309750,6,"0;3;5;8;9;10"
Root_6358,122.467478,46.887510,5,"3;5;8;9;10"
Root_6359,15.342957,22.967798,7,"0;1;2;5;8;9;10"
Root_6360,92.356842,43.245558,6,"1;2;5;8;9;10"
Root_6361,22.265133,28.297398,6,"0;2;5;8;9;10"
Root_6362,131.294275,47.875158,5,"2;5;8;9;10"
Root_6363,17.194797,23.893718,6,"0;1;5;8;9;10"
Root_6364,96.007158,44.171478,5,"1;5;8;9;10"
Root_6365,24.116973,29.223318,5,"0;5;8;9;10"
Root_6366,138.305315,48.801078,4,"5;8;9;10"
Root_6367,11.552982,20.375222,8,"0;1;2;3;4;8;9;10"
Root_6368,80.237331,40.652982,7,"1;2;3;4;8;9;10"
Root_6369,17.079981,25.704822,7,"0;2;3;4;8;9;10"
Root_6370,110.218198,45.282582,6,"2;3;4;8;9;10"
Root_6371,12.478902,21.301142,7,"0;1;3;4;8;9;10"
Root_6372,82.618771,41.578902,6,"1;3;4;8;9;10"
Root_6373,19.376131,26.630742,6,"0;3;4;8;9;10"
Root_6374,115.585901,46.208502,5,"3;4;8;9;10"
Root_6375,13.984941,22.288790,7,"0;1;2;4;8;9;10"
Root_6376,86.732307,42.566550,6,"1;2;4;8;9;10"
Root_6377,20.907117,27.618390,6,"0;2;4;8;9;10"
Root_6378,123.846179,47.196150,5,"2;4;8;9;10"
Root_6379,15.836781,23.214710,6,"0;1;4;8;9;10"
Root_6380,89.932138,43.492470,5,"1;4;8;9;10"
Root_6381,22.758957,28.544310,5,"0;4;8;9;10"
Root_6382,130.857219,48.122070,4,"4;8;9;10"
Root_6383,14.602221,22.597430,7,"0;1;2;3;8;9;10"
Root_6384,94.618707,42.875190,6,"1;2;3;8;9;10"
Root_6385,23.264995,27.927030,6,"0;2;3;8;9;10"
Root_6386,128.949859,47.504790,5,"2;3;8;9;10"
Root_6387,16.454061,23.523350,6,"0;1;3;8;9;10"
Root_6388,97.000147,43.801110,5,"1;3;8;9;10"
Root_6389,26.042755,28.852950,5,"0;3;8;9;10"
Root_6390,135.960899,48.430710,4,"3;8;9;10"
Root_6391,18.429357,24.510998,6,"0;1;2;8;9;10"
Root_6392,102.691200,44.788758,5,"1;2;8;9;10"
Root_6393,25.921731,29.840598,5,"0;2;8;9;10"
Root_6394,145.012675,49.418358,4,"2;8;9;10"
Root_6395,20.281197,25.436918,5,"0;1;8;9;10"
Root_6396,106.924480,45.714678,4,"1;8;9;10"
Root_6397,28.699491,30.766518,4,"0;8;9;10"
Root_6398,152.023715,50.344278,3,"8;9;10"
Root_6399,8.488800,17.311040,10,"0;1;2;3;4;5;6;7;9;10"
Root_6400,57.796736,38.288800,9,"1;2;3;4;5;6;7;9;10"
Root_6401,14.518400,23.340640,9,"0;2;3;4;5;6;7;9;10"
Root_6402,92.894774,42.918400,8,"2;3;4;5;6;7;9;10"
Root_6403,9.414720,18.236960,9,"0;1;3;4;5;6;7;9;10"
Root_6404,60.963456,39.214720,8,"1;3;4;5;6;7;9;10"
Root_6405,15.444320,24.266560,8,"0;3;4;5;6;7;9;10"
Root_6406,98.979894,43.844320,7,"3;4;5;6;7;9;10"
Root_6407,11.102368,19.924608,9,"0;1;2;4;5;6;7;9;10"
Root_6408,66.190134,40.202368,8,"1;2;4;5;6;7;9;10"
Root_6409,16.431968,25.254208,8,"0;2;4;5;6;7;9;10"
Root_6410,107.875990,44.831968,7,"2;4;5;6;7;9;10"
Root_6411,12.028288,20.850528,8,"0;1;4;5;6;7;9;10"
Root_6412,71.349334,41.128288,7,"1;4;5;6;7;9;10"
Root_6413,18.030592,26.180128,7,"0;4;5;6;7;9;10"
Root_6414,114.887030,45.757888,6,"4;5;6;7;9;10"
Root_6415,10.711008,19.533248,9,"0;1;2;3;5;6;7;9;10"
Root_6416,77.165526,40.511008,8,"1;2;3;5;6;7;9;10"
Root_6417,16.796032,25.562848,8,"0;2;3;5;6;7;9;10"
Root_6418,114.839062,45.140608,7,"2;3;5;6;7;9;10"
Root_6419,11.636928,20.459168,8,"0;1;3;5;6;7;9;10"
Root_6420,81.398806,41.436928,7,"1;3;5;6;7;9;10"
Root_6421,18.950208,26.488768,7,"0;3;5;6;7;9;10"
Root_6422,120.924182,46.066528,6,"3;5;6;7;9;10"
Root_6423,13.700992,22.146816,8,"0;1;2;5;6;7;9;10"
Root_6424,87.487638,42.424576,7,"1;2;5;6;7;9;10"
Root_6425,20.623168,27.476416,7,"0;2;5;6;7;9;10"
Root_6426,129.042486,47.054176,6,"2;5;6;7;9;10"
Root_6427,15.552832,23.072736,7,"0;1;5;6;7;9;10"
Root_6428,92.397334,43.350496,6,"1;5;6;7;9;10"
Root_6429,22.475008,28.402336,6,"0;5;6;7;9;10"
Root_6430,136.053526,47.980096,5,"5;6;7;9;10"
Root_6431,10.032000,18.854240,9,"0;1;2;3;4;6;7;9;10"
Root_6432,70.754454,39.832000,8,"1;2;3;4;6;7;9;10"
Root_6433,16.061600,24.883840,8,"0;2;3;4;6;7;9;10"
Root_6434,107.069974,44.461600,7,"2;3;4;6;7;9;10"
Root_6435,10.957920,19.780160,8,"0;1;3;4;6;7;9;10"
Root_6436,74.987734,40.757920,7,"1;3;4;6;7;9;10"
Root_6437,17.289856,25.809760,7,"0;3;4;6;7;9;10"
Root_6438,113.155094,45.387520,6,"3;4;6;7;9;10"
Root_6439,12.645568,21.467808,8,"0;1;2;4;6;7;9;10"
Root_6440,81.076566,41.745568,7,"1;2;4;6;7;9;10"
Root_6441,19.265152,26.797408,7,"0;2;4;6;7;9;10"
Root_6442,121.594390,46.375168,6,"2;4;6;7;9;10"
Root_6443,14.194816,22.393728,7,"0;1;4;6;7;9;10"
Root_6444,85.309846,42.671488,6,"1;4;6;7;9;10"
Root_6445,21.116992,27.723328,6,"0;4;6;7;9;10"
Root_6446,128.605430,47.301088,5,"4;6;7;9;10"
Root_6447,12.254208,21.076448,8,"0;1;2;3;6;7;9;10"
Root_6448,90.200118,42.054208,7,"1;2;3;6;7;9;10"
Root_6449,20.802048,27.106048,7,"0;2;3;6;7;9;10"
Root_6450,127.014262,46.683808,6,"2;3;6;7;9;10"
Root_6451,13.412096,22.002368,7,"0;1;3;6;7;9;10"
Root_6452,93.813526,42.980128,6,"1;3;6;7;9;10"
Root_6453,23.579808,28.031968,6,"0;3;6;7;9;10"
Root_6454,133.709110,47.609728,5,"3;6;7;9;10"
Root_6455,16.787392,23.690016,7,"0;1;2;6;7;9;10"
Root_6456,99.902358,43.967776,6,"1;2;6;7;9;10"
Root_6457,23.709568,29.019616,6,"0;2;6;7;9;10"
Root_6458,142.760886,48.597376,5,"2;6;7;9;10"
Root_6459,18.639232,24.615936,6,"0;1;6;7;9;10"
Root_6460,105.029334,44.893696,5,"1;6;7;9;10"
Root_6461,25.561408,29.945536,5,"0;6;7;9;10"
Root_6462,149.771926,49.523296,4,"6;7;9;10"
Root_6463,10.914710,19.736950,9,"0;1;2;3;4;5;7;9;10"
Root_6464,79.698848,40.714710,8,"1;2;3;4;5;7;9;10"
Root_6465,17.203437,25.766550,8,"0;2;3;4;5;7;9;10"
Root_6466,117.779789,45.344310,7,"2;3;4;5;7;9;10"
Root_6467,11.840630,20.662870,8,"0;1;3;4;5;7;9;10"
Root_6468,83.932128,41.640630,7,"1;3;4;5;7;9;10"
Root_6469,19.561315,26.692470,7,"0;3;4;5;7;9;10"
Root_6470,123.864909,46.270230,6,"3;4;5;7;9;10"
Root_6471,14.108397,22.350518,8,"0;1;2;4;5;7;9;10"
Root_6472,90.020960,42.628278,7,"1;2;4;5;7;9;10"
Root_6473,21.030573,27.680118,7,"0;2;4;5;7;9;10"
Root_6474,132.186915,47.257878,6,"2;4;5;7;9;10"
Root_6475,15.960237,23.276438,7,"0;1;4;5;7;9;10"
Root_6476,95.134358,43.554198,6,"1;4;5;7;9;10"
Root_6477,22.882413,28.606038,6,"0;4;5;7;9;10"
Root_6478,139.197955,48.183798,5,"4;5;7;9;10"
Root_6479,13.325677,21.959158,8,"0;1;2;3;5;7;9;10"
Root_6480,98.524640,42.936918,7,"1;2;3;5;7;9;10"
Root_6481,23.450179,27.988758,7,"0;2;3;5;7;9;10"
Root_6482,137.290595,47.566518,6,"2;3;5;7;9;10"
Root_6483,15.177517,22.885078,7,"0;1;3;5;7;9;10"
Root_6484,102.757920,43.862838,6,"1;3;5;7;9;10"
Root_6485,26.227939,28.914678,6,"0;3;5;7;9;10"
Root_6486,144.301635,48.492438,5,"3;5;7;9;10"
Root_6487,18.552813,24.572726,7,"0;1;2;5;7;9;10"
Root_6488,109.697238,44.850486,6,"1;2;5;7;9;10"
Root_6489,25.474989,29.902326,6,"0;2;5;7;9;10"
Root_6490,153.353411,49.480086,5,"2;5;7;9;10"
Root_6491,20.404653,25.498646,6,"0;1;5;7;9;10"
Root_6492,114.856438,45.776406,5,"1;5;7;9;10"
Root_6493,27.326829,30.828246,5,"0;5;7;9;10"
Root_6494,160.364451,50.406006,4,"5;7;9;10"
Root_6495,12.457910,21.280150,8,"0;1;2;3;4;7;9;10"
Root_6496,92.529738,42.257910,7,"1;2;3;4;7;9;10"
Root_6497,21.413155,27.309750,7,"0;2;3;4;7;9;10"
Root_6498,129.954989,46.887510,6,"2;3;4;7;9;10"
Root_6499,13.819501,22.206070,7,"0;1;3;4;7;9;10"
Root_6500,96.346848,43.183830,6,"1;3;4;7;9;10"
Root_6501,24.190915,28.235670,6,"0;3;4;7;9;10"
Root_6502,136.853539,47.813430,5,"3;4;7;9;10"
Root_6503,17.194797,23.893718,7,"0;1;2;4;7;9;10"
Root_6504,102.607158,44.171478,6,"1;2;4;7;9;10"
Root_6505,24.116973,29.223318,6,"0;2;4;7;9;10"
Root_6506,145.905315,48.801078,5,"2;4;7;9;10"
Root_6507,19.046637,24.819638,6,"0;1;4;7;9;10"
Root_6508,107.766358,45.097398,5,"1;4;7;9;10"
Root_6509,25.968813,30.149238,5,"0;4;7;9;10"
Root_6510,152.916355,49.726998,4,"4;7;9;10"
Root_6511,16.412077,23.502358,7,"0;1;2;3;7;9;10"
Root_6512,109.613440,44.480118,6,"1;2;3;7;9;10"
Root_6513,28.079779,29.531958,6,"0;2;3;7;9;10"
Root_6514,151.008995,49.109718,5,"2;3;7;9;10"
Root_6515,18.263917,24.428278,6,"0;1;3;7;9;10"
Root_6516,113.846720,45.406038,5,"1;3;7;9;10"
Root_6517,30.857539,30.457878,5,"0;3;7;9;10"
Root_6518,158.020035,50.035638,4,"3;7;9;10"
Root_6519,22.247715,26.115926,6,"0;1;2;7;9;10"
Root_6520,120.329238,46.393686,5,"1;2;7;9;10"
Root_6521,28.561389,31.445526,5,"0;2;7;9;10"
Root_6522,167.071811,51.023286,4,"2;7;9;10"
Root_6523,25.025475,27.041846,5,"0;1;7;9;10"
Root_6524,126.127651,47.319606,4,"1;7;9;10"
Root_6525,30.784675,32.371446,4,"0;7;9;10"
Root_6526,174.082851,51.949206,3,"7;9;10"
Root_6527,12.213472,21.035712,9,"0;1;2;3;4;5;6;9;10"
Root_6528,79.987702,41.313472,8,"1;2;3;4;5;6;9;10"
Root_6529,18.579840,26.365312,8,"0;2;3;4;5;6;9;10"
Root_6530,121.209238,45.943072,7,"2;3;4;5;6;9;10"
Root_6531,13.330624,21.961632,8,"0;1;3;4;5;6;9;10"
Root_6532,84.220982,42.239392,7,"1;3;4;5;6;9;10"
Root_6533,21.357600,27.291232,7,"0;3;4;5;6;9;10"
Root_6534,128.220278,46.868992,6,"3;4;5;6;9;10"
Root_6535,15.305920,22.949280,8,"0;1;2;4;5;6;9;10"
Root_6536,90.862774,43.227040,7,"1;2;4;5;6;9;10"
Root_6537,22.228096,28.278880,7,"0;2;4;5;6;9;10"
Root_6538,137.272054,47.856640,6,"2;4;5;6;9;10"
Root_6539,17.157760,23.875200,7,"0;1;4;5;6;9;10"
Root_6540,96.327894,44.152960,6,"1;4;5;6;9;10"
Root_6541,24.079936,29.204800,6,"0;4;5;6;9;10"
Root_6542,144.283094,48.782560,5,"4;5;6;9;10"
Root_6543,15.923200,23.257920,8,"0;1;2;3;5;6;9;10"
Root_6544,98.813494,43.535680,7,"1;2;3;5;6;9;10"
Root_6545,25.246464,28.587520,7,"0;2;3;5;6;9;10"
Root_6546,142.375734,48.165280,6,"2;3;5;6;9;10"
Root_6547,17.775040,24.183840,7,"0;1;3;5;6;9;10"
Root_6548,103.969974,44.461600,6,"1;3;5;6;9;10"
Root_6549,28.024224,29.513440,6,"0;3;5;6;9;10"
Root_6550,149.386774,49.091200,5,"3;5;6;9;10"
Root_6551,19.750336,25.171488,7,"0;1;2;5;6;9;10"
Root_6552,112.034102,45.449248,6,"1;2;5;6;9;10"
Root_6553,26.672512,30.501088,6,"0;2;5;6;9;10"
Root_6554,158.438550,50.078848,5,"2;5;6;9;10"
Root_6555,22.192160,26.097408,6,"0;1;5;6;9;10"
Root_6556,118.119222,46.375168,5,"1;5;6;9;10"
Root_6557,28.524352,31.427008,5,"0;5;6;9;10"
Root_6558,165.449590,51.004768,4,"5;6;9;10"
Root_6559,14.565184,22.578912,8,"0;1;2;3;4;6;9;10"
Root_6560,92.402422,42.856672,7,"1;2;3;4;6;9;10"
Root_6561,23.209440,27.908512,7,"0;2;3;4;6;9;10"
Root_6562,134.927638,47.486272,6,"2;3;4;6;9;10"
Root_6563,16.417024,23.504832,7,"0;1;3;4;6;9;10"
Root_6564,96.635702,43.782592,6,"1;3;4;6;9;10"
Root_6565,25.987200,28.834432,6,"0;3;4;6;9;10"
Root_6566,141.938678,48.412192,5,"3;4;6;9;10"
Root_6567,18.392320,24.492480,7,"0;1;2;4;6;9;10"
Root_6568,104.265014,44.770240,6,"1;2;4;6;9;10"
Root_6569,25.314496,29.822080,6,"0;2;4;6;9;10"
Root_6570,150.990454,49.399840,5,"2;4;6;9;10"
Root_6571,20.244160,25.418400,6,"0;1;4;6;9;10"
Root_6572,110.350134,45.696160,5,"1;4;6;9;10"
Root_6573,27.166336,30.748000,5,"0;4;6;9;10"
Root_6574,158.001494,50.325760,4,"4;6;9;10"
Root_6575,19.009600,24.801120,7,"0;1;2;3;6;9;10"
Root_6576,110.981174,45.078880,6,"1;2;3;6;9;10"
Root_6577,29.876064,30.130720,6,"0;2;3;6;9;10"
Root_6578,156.094134,49.708480,5,"2;3;6;9;10"
Root_6579,21.081056,25.727040,6,"0;1;3;6;9;10"
Root_6580,116.145174,46.004800,5,"1;3;6;9;10"
Root_6581,32.653824,31.056640,5,"0;3;6;9;10"
Root_6582,163.105174,50.634400,4,"3;6;9;10"
Root_6583,24.044000,26.714688,6,"0;1;2;6;9;10"
Root_6584,124.209302,46.992448,5,"1;2;6;9;10"
Root_6585,29.803200,32.044288,5,"0;2;6;9;10"
Root_6586,172.156950,51.622048,4,"2;6;9;10"
Root_6587,26.821760,27.640608,5,"0;1;6;9;10"
Root_6588,131.212790,47.918368,4,"1;6;9;10"
Root_6589,32.580960,32.970208,4,"0;6;9;10"
Root_6590,179.167990,52.547968,3,"6;9;10"
Root_6591,16.330605,23.461622,8,"0;1;2;3;4;5;9;10"
Root_6592,101.346816,43.739382,7,"1;2;3;4;5;9;10"
Root_6593,25.857571,28.791222,7,"0;2;3;4;5;9;10"
Root_6594,145.520163,48.368982,6,"2;3;4;5;9;10"
Root_6595,18.182445,24.387542,7,"0;1;3;4;5;9;10"
Root_6596,106.910701,44.665302,6,"1;3;4;5;9;10"
Root_6597,28.635331,29.717142,6,"0;3;4;5;9;10"
Root_6598,152.531203,49.294902,5,"3;4;5;9;10"
Root_6599,20.157741,25.375190,7,"0;1;2;4;5;9;10"
Root_6600,114.974829,45.652950,6,"1;2;4;5;9;10"
Root_6601,27.079917,30.704790,6,"0;2;4;5;9;10"
Root_6602,161.582979,50.282550,5,"2;4;5;9;10"
Root_6603,22.803267,26.301110,6,"0;1;4;5;9;10"
Root_6604,121.059949,46.578870,5,"1;4;5;9;10"
Root_6605,28.931757,31.630710,5,"0;4;5;9;10"
Root_6606,168.594019,51.208470,4,"4;5;9;10"
Root_6607,20.951427,25.683830,7,"0;1;2;3;5;9;10"
Root_6608,120.808278,45.961590,6,"1;2;3;5;9;10"
Root_6609,32.524195,31.013430,6,"0;2;3;5;9;10"
Root_6610,166.686659,50.591190,5,"2;3;5;9;10"
Root_6611,24.152506,26.609750,6,"0;1;3;5;9;10"
Root_6612,125.967478,46.887510,5,"1;3;5;9;10"
Root_6613,35.301955,31.939350,5,"0;3;5;9;10"
Root_6614,173.697699,51.517110,4,"3;5;9;10"
Root_6615,26.692131,27.597398,6,"0;1;2;5;9;10"
Root_6616,134.794275,47.875158,5,"1;2;5;9;10"
Root_6617,32.451331,32.926998,5,"0;2;5;9;10"
Root_6618,182.749475,52.504758,4,"2;5;9;10"
Root_6619,29.469891,28.523318,5,"0;1;5;9;10"
Root_6620,141.805315,48.801078,4,"1;5;9;10"
Root_6621,35.229091,33.852918,4,"0;5;9;10"
Root_6622,189.760515,53.430678,3,"5;9;10"
Root_6623,19.417005,25.004822,7,"0;1;2;3;4;9;10"
Root_6624,113.718198,45.282582,6,"1;2;3;4;9;10"
Root_6625,30.487171,30.334422,6,"0;2;3;4;9;10"
Root_6626,159.238563,49.912182,5,"2;3;4;9;10"
Root_6627,21.692163,25.930742,6,"0;1;3;4;9;10"
Root_6628,119.085901,46.208502,5,"1;3;4;9;10"
Root_6629,33.264931,31.260342,5,"0;3;4;9;10"
Root_6630,166.249603,50.838102,4,"3;4;9;10"
Root_6631,24.655107,26.918390,6,"0;1;2;4;9;10"
Root_6632,127.346179,47.196150,5,"1;2;4;9;10"
Root_6633,30.414307,32.247990,5,"0;2;4;9;10"
Root_6634,175.301379,51.825750,4,"2;4;9;10"
Root_6635,27.432867,27.844310,5,"0;1;4;9;10"
Root_6636,134.357219,48.122070,4,"1;4;9;10"
Root_6637,33.192067,33.173910,4,"0;4;9;10"
Root_6638,182.312419,52.751670,3,"4;9;10"
Root_6639,26.621626,27.227030,6,"0;1;2;3;9;10"
Root_6640,132.449859,47.504790,5,"1;2;3;9;10"
Root_6641,37.710426,32.556630,5,"0;2;3;9;10"
Root_6642,180.405059,52.134390,4,"2;3;9;10"
Root_6643,30.325306,28.152950,5,"0;1;3;9;10"
Root_6644,139.460899,48.430710,4,"1;3;9;10"
Root_6645,41.414106,33.482550,4,"0;3;9;10"
Root_6646,187.416099,53.060310,3,"3;9;10"
Root_6647,31.321731,29.140598,5,"0;1;2;9;10"
Root_6648,148.512675,49.418358,4,"1;2;9;10"
Root_6649,37.551130,34.470198,4,"0;2;9;10"
Root_6650,196.467875,54.047958,3,"2;9;10"
Root_6651,34.099491,30.066518,4,"0;1;9;10"
Root_6652,155.523715,50.344278,3,"1;9;10"
Root_6653,41.650928,35.396118,3,"0;9;10"
Root_6654,203.478915,54.973878,2,"9;10"
Root_6655,7.151776,15.974016,10,"0;1;2;3;4;5;6;7;8;10"
Root_6656,40.737568,36.251776,9,"1;2;3;4;5;6;7;8;10"
Root_6657,12.481376,21.303616,9,"0;2;3;4;5;6;7;8;10"
Root_6658,69.480214,40.881376,8,"2;3;4;5;6;7;8;10"
Root_6659,8.077696,16.899936,9,"0;1;3;4;5;6;7;8;10"
Root_6660,45.941312,37.177696,8,"1;3;4;5;6;7;8;10"
Root_6661,13.407296,22.229536,8,"0;3;4;5;6;7;8;10"
Root_6662,74.639414,41.807296,7,"3;4;5;6;7;8;10"
Root_6663,9.065344,17.887584,9,"0;1;2;4;5;6;7;8;10"
Root_6664,47.232544,38.165344,8,"1;2;4;5;6;7;8;10"
Root_6665,14.394944,23.217184,8,"0;2;4;5;6;7;8;10"
Root_6666,81.836758,42.794944,7,"2;4;5;6;7;8;10"
Root_6667,9.991264,18.813504,8,"0;1;4;5;6;7;8;10"
Root_6668,50.522720,39.091264,7,"1;4;5;6;7;8;10"
Root_6669,15.320864,24.143104,7,"0;4;5;6;7;8;10"
Root_6670,87.921878,43.720864,6,"4;5;6;7;8;10"
Root_6671,9.373984,18.196224,9,"0;1;2;3;5;6;7;8;10"
Root_6672,58.515232,38.473984,8,"1;2;3;5;6;7;8;10"
Root_6673,14.703584,23.525824,8,"0;2;3;5;6;7;8;10"
Root_6674,90.528214,43.103584,7,"2;3;5;6;7;8;10"
Root_6675,10.299904,19.122144,8,"0;1;3;5;6;7;8;10"
Root_6676,61.496768,39.399904,7,"1;3;5;6;7;8;10"
Root_6677,15.629504,24.451744,7,"0;3;5;6;7;8;10"
Root_6678,95.716918,44.029504,6,"3;5;6;7;8;10"
Root_6679,11.287552,20.109792,8,"0;1;2;5;6;7;8;10"
Root_6680,66.354422,40.387552,7,"1;2;5;6;7;8;10"
Root_6681,16.617152,25.439392,7,"0;2;5;6;7;8;10"
Root_6682,103.781046,45.017152,6,"2;5;6;7;8;10"
Root_6683,12.213472,21.035712,7,"0;1;5;6;7;8;10"
Root_6684,70.587702,41.313472,6,"1;5;6;7;8;10"
Root_6685,17.543072,26.365312,6,"0;5;6;7;8;10"
Root_6686,109.866166,45.943072,5,"5;6;7;8;10"
Root_6687,8.694976,17.517216,9,"0;1;2;3;4;6;7;8;10"
Root_6688,53.083168,37.794976,8,"1;2;3;4;6;7;8;10"
Root_6689,14.024576,22.846816,8,"0;2;3;4;6;7;8;10"
Root_6690,83.687638,42.424576,7,"2;3;4;6;7;8;10"
Root_6691,9.620896,18.443136,8,"0;1;3;4;6;7;8;10"
Root_6692,56.743712,38.720896,7,"1;3;4;6;7;8;10"
Root_6693,14.950496,23.772736,7,"0;3;4;6;7;8;10"
Root_6694,88.597334,43.350496,6,"3;4;6;7;8;10"
Root_6695,10.608544,19.430784,8,"0;1;2;4;6;7;8;10"
Root_6696,60.008896,39.708544,7,"1;2;4;6;7;8;10"
Root_6697,15.938144,24.760384,7,"0;2;4;6;7;8;10"
Root_6698,96.011958,44.338144,6,"2;4;6;7;8;10"
Root_6699,11.534464,20.356704,7,"0;1;4;6;7;8;10"
Root_6700,64.176630,40.634464,6,"1;4;6;7;8;10"
Root_6701,16.864064,25.686304,6,"0;4;6;7;8;10"
Root_6702,102.097078,45.264064,5,"4;6;7;8;10"
Root_6703,10.917184,19.739424,8,"0;1;2;3;6;7;8;10"
Root_6704,71.103926,40.017184,7,"1;2;3;6;7;8;10"
Root_6705,16.246784,25.069024,7,"0;2;3;6;7;8;10"
Root_6706,103.160214,44.646784,6,"2;3;6;7;8;10"
Root_6707,11.843104,20.665344,7,"0;1;3;6;7;8;10"
Root_6708,74.411286,40.943104,6,"1;3;6;7;8;10"
Root_6709,17.172704,25.994944,6,"0;3;6;7;8;10"
Root_6710,108.319414,45.572704,5,"3;6;7;8;10"
Root_6711,12.830752,21.652992,7,"0;1;2;6;7;8;10"
Root_6712,79.512470,41.930752,6,"1;2;6;7;8;10"
Root_6713,18.160352,26.982592,6,"0;2;6;7;8;10"
Root_6714,115.956246,46.560352,5,"2;6;7;8;10"
Root_6715,14.565184,22.578912,6,"0;1;6;7;8;10"
Root_6716,83.002422,42.856672,5,"1;6;7;8;10"
Root_6717,19.086272,27.908512,5,"0;6;7;8;10"
Root_6718,122.527638,47.486272,4,"6;7;8;10"
Root_6719,9.577686,18.399926,9,"0;1;2;3;4;5;7;8;10"
Root_6720,60.144851,38.677686,8,"1;2;3;4;5;7;8;10"
Root_6721,14.907286,23.729526,8,"0;2;3;4;5;7;8;10"
Root_6722,93.265238,43.307286,7,"2;3;4;5;7;8;10"
Root_6723,10.503606,19.325846,8,"0;1;3;4;5;7;8;10"
Root_6724,63.248499,39.603606,7,"1;3;4;5;7;8;10"
Root_6725,15.833206,24.655446,7,"0;3;4;5;7;8;10"
Root_6726,98.657645,44.233206,6,"3;4;5;7;8;10"
Root_6727,11.491254,20.313494,8,"0;1;2;4;5;7;8;10"
Root_6728,68.887744,40.591254,7,"1;2;4;5;7;8;10"
Root_6729,16.820854,25.643094,7,"0;2;4;5;7;8;10"
Root_6730,106.721773,45.220854,6,"2;4;5;7;8;10"
Root_6731,12.417174,21.239414,7,"0;1;4;5;7;8;10"
Root_6732,73.121024,41.517174,6,"1;4;5;7;8;10"
Root_6733,17.746774,26.569014,6,"0;4;5;7;8;10"
Root_6734,112.806893,46.146774,5,"4;5;7;8;10"
Root_6735,11.799894,20.622134,8,"0;1;2;3;5;7;8;10"
Root_6736,79.165610,40.899894,7,"1;2;3;5;7;8;10"
Root_6737,17.129494,25.951734,7,"0;2;3;5;7;8;10"
Root_6738,112.987318,45.529494,6,"2;3;5;7;8;10"
Root_6739,12.725814,21.548054,7,"0;1;3;5;7;8;10"
Root_6740,82.472970,41.825814,6,"1;3;5;7;8;10"
Root_6741,18.746637,26.877654,6,"0;3;5;7;8;10"
Root_6742,118.146518,46.455414,5,"3;5;7;8;10"
Root_6743,14.478765,22.535702,7,"0;1;2;5;7;8;10"
Root_6744,87.713536,42.813462,6,"1;2;5;7;8;10"
Root_6745,19.043062,27.865302,6,"0;2;5;7;8;10"
Root_6746,126.109123,47.443062,5,"2;5;7;8;10"
Root_6747,16.330605,23.461622,6,"0;1;5;7;8;10"
Root_6748,91.946816,43.739382,5,"1;5;7;8;10"
Root_6749,19.968982,28.791222,5,"0;5;7;8;10"
Root_6750,133.120163,48.368982,4,"5;7;8;10"
Root_6751,11.120886,19.943126,8,"0;1;2;3;4;7;8;10"
Root_6752,73.433546,40.220886,7,"1;2;3;4;7;8;10"
Root_6753,16.450486,25.272726,7,"0;2;3;4;7;8;10"
Root_6754,105.897238,44.850486,6,"2;3;4;7;8;10"
Root_6755,12.046806,20.869046,7,"0;1;3;4;7;8;10"
Root_6756,76.740906,41.146806,6,"1;3;4;7;8;10"
Root_6757,17.388621,26.198646,6,"0;3;4;7;8;10"
Root_6758,111.056438,45.776406,5,"3;4;7;8;10"
Root_6759,13.120749,21.856694,7,"0;1;2;4;7;8;10"
Root_6760,81.842090,42.134454,6,"1;2;4;7;8;10"
Root_6761,18.364054,27.186294,6,"0;2;4;7;8;10"
Root_6762,118.896973,46.764054,5,"2;4;7;8;10"
Root_6763,14.972589,22.782614,6,"0;1;4;7;8;10"
Root_6764,85.535744,43.060374,5,"1;4;7;8;10"
Root_6765,19.289974,28.112214,5,"0;4;7;8;10"
Root_6766,125.672067,47.689974,4,"4;7;8;10"
Root_6767,13.738029,22.165334,7,"0;1;2;3;7;8;10"
Root_6768,90.268115,42.443094,6,"1;2;3;7;8;10"
Root_6769,19.981197,27.494934,6,"0;2;3;7;8;10"
Root_6770,123.764707,47.072694,5,"2;3;7;8;10"
Root_6771,15.589869,23.091254,6,"0;1;3;7;8;10"
Root_6772,93.344490,43.369014,5,"1;3;7;8;10"
Root_6773,21.833037,28.420854,5,"0;3;7;8;10"
Root_6774,130.775747,47.998614,4,"3;7;8;10"
Root_6775,17.565165,24.078902,6,"0;1;2;7;8;10"
Root_6776,98.802336,44.356662,5,"1;2;7;8;10"
Root_6777,20.724365,29.408502,5,"0;2;7;8;10"
Root_6778,139.827523,48.986262,4,"2;7;8;10"
Root_6779,19.417005,25.004822,5,"0;1;7;8;10"
Root_6780,103.035616,45.282582,4,"1;7;8;10"
Root_6781,22.576205,30.334422,4,"0;7;8;10"
Root_6782,146.838563,49.912182,3,"7;8;10"
Root_6783,10.176448,18.998688,9,"0;1;2;3;4;5;6;8;10"
Root_6784,59.733824,39.276448,8,"1;2;3;4;5;6;8;10"
Root_6785,15.506048,24.328288,8,"0;2;3;4;5;6;8;10"
Root_6786,94.152854,43.906048,7,"2;3;4;5;6;8;10"
Root_6787,11.102368,19.924608,8,"0;1;3;4;5;6;8;10"
Root_6788,63.087766,40.202368,7,"1;3;4;5;6;8;10"
Root_6789,16.431968,25.254208,7,"0;3;4;5;6;8;10"
Root_6790,100.975990,44.831968,6,"3;4;5;6;8;10"
Root_6791,12.090016,20.912256,8,"0;1;2;4;5;6;8;10"
Root_6792,69.176598,41.190016,7,"1;2;4;5;6;8;10"
Root_6793,17.419616,26.241856,7,"0;2;4;5;6;8;10"
Root_6794,110.027766,45.819616,6,"2;4;5;6;8;10"
Root_6795,13.083712,21.838176,7,"0;1;4;5;6;8;10"
Root_6796,73.409878,42.115936,6,"1;4;5;6;8;10"
Root_6797,18.345536,27.167776,6,"0;4;5;6;8;10"
Root_6798,117.038806,46.745536,5,"4;5;6;8;10"
Root_6799,12.398656,21.220896,8,"0;1;2;3;5;6;8;10"
Root_6800,78.855702,41.498656,7,"1;2;3;5;6;8;10"
Root_6801,18.092320,26.550496,7,"0;2;3;5;6;8;10"
Root_6802,116.003190,46.128256,6,"2;3;5;6;8;10"
Root_6803,13.700992,22.146816,7,"0;1;3;5;6;8;10"
Root_6804,82.163062,42.424576,6,"1;3;5;6;8;10"
Root_6805,19.944160,27.476416,6,"0;3;5;6;8;10"
Root_6806,122.142486,47.054176,5,"3;5;6;8;10"
Root_6807,15.676288,23.134464,7,"0;1;2;5;6;8;10"
Root_6808,88.002390,43.412224,6,"1;2;5;6;8;10"
Root_6809,19.641824,28.464064,6,"0;2;5;6;8;10"
Root_6810,131.194262,48.041824,5,"2;5;6;8;10"
Root_6811,17.528128,24.060384,6,"0;1;5;6;8;10"
Root_6812,92.911958,44.338144,5,"1;5;6;8;10"
Root_6813,20.687328,29.389984,5,"0;5;6;8;10"
Root_6814,138.205302,48.967744,4,"5;6;8;10"
Root_6815,11.719648,20.541888,8,"0;1;2;3;4;6;8;10"
Root_6816,73.123638,40.819648,7,"1;2;3;4;6;8;10"
Root_6817,17.049248,25.871488,7,"0;2;3;4;6;8;10"
Root_6818,108.234102,45.449248,6,"2;3;4;6;8;10"
Root_6819,12.645568,21.467808,7,"0;1;3;4;6;8;10"
Root_6820,76.430998,41.745568,6,"1;3;4;6;8;10"
Root_6821,18.586144,26.797408,6,"0;3;4;6;8;10"
Root_6822,114.694390,46.375168,5,"3;4;6;8;10"
Root_6823,14.318272,22.455456,7,"0;1;2;4;6;8;10"
Root_6824,81.591318,42.733216,6,"1;2;4;6;8;10"
Root_6825,18.962816,27.785056,6,"0;2;4;6;8;10"
Root_6826,123.746166,47.362816,5,"2;4;6;8;10"
Root_6827,16.170112,23.381376,6,"0;1;4;6;8;10"
Root_6828,85.824598,43.659136,5,"1;4;6;8;10"
Root_6829,19.888736,28.710976,5,"0;4;6;8;10"
Root_6830,130.757206,48.288736,4,"4;6;8;10"
Root_6831,14.935552,22.764096,7,"0;1;2;3;6;8;10"
Root_6832,89.727222,43.041856,6,"1;2;3;6;8;10"
Root_6833,21.178720,28.093696,6,"0;2;3;6;8;10"
Root_6834,128.849846,47.671456,5,"2;3;6;8;10"
Root_6835,16.787392,23.690016,6,"0;1;3;6;8;10"
Root_6836,93.034582,43.967776,5,"1;3;6;8;10"
Root_6837,23.030560,29.019616,5,"0;3;6;8;10"
Root_6838,135.860886,48.597376,4,"3;6;8;10"
Root_6839,18.762688,24.677664,6,"0;1;2;6;8;10"
Root_6840,100.046614,44.955424,5,"1;2;6;8;10"
Root_6841,21.921888,30.007264,5,"0;2;6;8;10"
Root_6842,144.912662,49.585024,4,"2;6;8;10"
Root_6843,20.614528,25.603584,5,"0;1;6;8;10"
Root_6844,105.205814,45.881344,4,"1;6;8;10"
Root_6845,23.773728,30.933184,4,"0;6;8;10"
Root_6846,151.923702,50.510944,3,"6;8;10"
Root_6847,12.602358,21.424598,8,"0;1;2;3;4;5;8;10"
Root_6848,81.185322,41.702358,7,"1;2;3;4;5;8;10"
Root_6849,18.499725,26.754198,7,"0;2;3;4;5;8;10"
Root_6850,118.943917,46.331958,6,"2;3;4;5;8;10"
Root_6851,14.108397,22.350518,7,"0;1;3;4;5;8;10"
Root_6852,84.492682,42.628278,6,"1;3;4;5;8;10"
Root_6853,20.351565,27.680118,6,"0;3;4;5;8;10"
Root_6854,125.286915,47.257878,5,"3;4;5;8;10"
Root_6855,16.083693,23.338166,7,"0;1;2;4;5;8;10"
Root_6856,90.535712,43.615926,6,"1;2;4;5;8;10"
Root_6857,19.845526,28.667766,6,"0;2;4;5;8;10"
Root_6858,134.338691,48.245526,5,"2;4;5;8;10"
Root_6859,17.935533,24.264086,6,"0;1;4;5;8;10"
Root_6860,95.852685,44.541846,5,"1;4;5;8;10"
Root_6861,21.094733,29.593686,5,"0;4;5;8;10"
Root_6862,141.349731,49.171446,4,"4;5;8;10"
Root_6863,16.700973,23.646806,7,"0;1;2;3;5;8;10"
Root_6864,97.788906,43.924566,6,"1;2;3;5;8;10"
Root_6865,22.944141,28.976406,6,"0;2;3;5;8;10"
Root_6866,139.442371,48.554166,5,"2;3;5;8;10"
Root_6867,18.552813,24.572726,6,"0;1;3;5;8;10"
Root_6868,102.797238,44.850486,5,"1;3;5;8;10"
Root_6869,25.427907,29.902326,5,"0;3;5;8;10"
Root_6870,146.453411,49.480086,4,"3;5;8;10"
Root_6871,20.528109,25.560374,6,"0;1;2;5;8;10"
Root_6872,109.873718,45.838134,5,"1;2;5;8;10"
Root_6873,23.687309,30.889974,5,"0;2;5;8;10"
Root_6874,155.505187,50.467734,4,"2;5;8;10"
Root_6875,22.379949,26.486294,5,"0;1;5;8;10"
Root_6876,115.032918,46.764054,4,"1;5;8;10"
Root_6877,25.539149,31.815894,4,"0;5;8;10"
Root_6878,162.516227,51.393654,3,"5;8;10"
Root_6879,15.342957,22.967798,7,"0;1;2;3;4;8;10"
Root_6880,92.056842,43.245558,6,"1;2;3;4;8;10"
Root_6881,21.586125,28.297398,6,"0;2;3;4;8;10"
Root_6882,131.994275,47.875158,5,"2;3;4;8;10"
Root_6883,17.194797,23.893718,6,"0;1;3;4;8;10"
Root_6884,95.707158,44.171478,5,"1;3;4;8;10"
Root_6885,23.437965,29.223318,5,"0;3;4;8;10"
Root_6886,139.005315,48.801078,4,"3;4;8;10"
Root_6887,19.170093,24.881366,6,"0;1;2;4;8;10"
Root_6888,102.783638,45.159126,5,"1;2;4;8;10"
Root_6889,22.329293,30.210966,5,"0;2;4;8;10"
Root_6890,148.057091,49.788726,4,"2;4;8;10"
Root_6891,21.021933,25.807286,5,"0;1;4;8;10"
Root_6892,108.027885,46.085046,4,"1;4;8;10"
Root_6893,24.181133,31.136886,4,"0;4;8;10"
Root_6894,155.068131,50.714646,3,"4;8;10"
Root_6895,19.787373,25.190006,6,"0;1;2;3;8;10"
Root_6896,108.802272,45.467766,5,"1;2;3;8;10"
Root_6897,27.279747,30.519606,5,"0;2;3;8;10"
Root_6898,153.160771,50.097366,4,"2;3;8;10"
Root_6899,21.639213,26.115926,5,"0;1;3;8;10"
Root_6900,113.429238,46.393686,4,"1;3;8;10"
Root_6901,30.057507,31.445526,4,"0;3;8;10"
Root_6902,160.171811,51.023286,3,"3;8;10"
Root_6903,23.614509,27.103574,5,"0;1;2;8;10"
Root_6904,121.268387,47.381334,4,"1;2;8;10"
Root_6905,27.206883,32.433174,4,"0;2;8;10"
Root_6906,169.223587,52.010934,3,"2;8;10"
Root_6907,25.466349,28.029494,4,"0;1;8;10"
Root_6908,128.279427,48.307254,3,"1;8;10"
Root_6909,29.984643,33.359094,3,"0;8;10"
Root_6910,176.234627,52.936854,2,"8;10"
Root_6911,11.781376,20.603616,9,"0;1;2;3;4;5;6;7;10"
Root_6912,72.980214,40.881376,8,"1;2;3;4;5;6;7;10"
Root_6913,17.110976,25.933216,8,"0;2;3;4;5;6;7;10"
Root_6914,116.024086,45.510976,7,"2;3;4;5;6;7;10"
Root_6915,12.707296,21.529536,8,"0;1;3;4;5;6;7;10"
Root_6916,78.139414,41.807296,7,"1;3;4;5;6;7;10"
Root_6917,18.709600,26.859136,7,"0;3;4;5;6;7;10"
Root_6918,123.035126,46.436896,6,"3;4;5;6;7;10"
Root_6919,14.441728,22.517184,8,"0;1;2;4;5;6;7;10"
Root_6920,85.336758,42.794944,7,"1;2;4;5;6;7;10"
Root_6921,19.024544,27.846784,7,"0;2;4;5;6;7;10"
Root_6922,132.086902,47.424544,6,"2;4;5;6;7;10"
Root_6923,16.293568,23.443104,7,"0;1;4;5;6;7;10"
Root_6924,91.421878,43.720864,6,"1;4;5;6;7;10"
Root_6925,19.950464,28.772704,6,"0;4;5;6;7;10"
Root_6926,139.097942,48.350464,5,"4;5;6;7;10"
Root_6927,15.059008,22.825824,8,"0;1;2;3;5;6;7;10"
Root_6928,94.028214,43.103584,7,"1;2;3;5;6;7;10"
Root_6929,21.302176,28.155424,7,"0;2;3;5;6;7;10"
Root_6930,137.190582,47.733184,6,"2;3;5;6;7;10"
Root_6931,16.910848,23.751744,7,"0;1;3;5;6;7;10"
Root_6932,99.216918,44.029504,6,"1;3;5;6;7;10"
Root_6933,23.154016,29.081344,6,"0;3;5;6;7;10"
Root_6934,144.201622,48.659104,5,"3;5;6;7;10"
Root_6935,18.886144,24.739392,7,"0;1;2;5;6;7;10"
Root_6936,107.281046,45.017152,6,"1;2;5;6;7;10"
Root_6937,21.246752,30.068992,6,"0;2;5;6;7;10"
Root_6938,153.253398,49.646752,5,"2;5;6;7;10"
Root_6939,20.737984,25.665312,6,"0;1;5;6;7;10"
Root_6940,113.366166,45.943072,5,"1;5;6;7;10"
Root_6941,22.172672,30.994912,5,"0;5;6;7;10"
Root_6942,160.264438,50.572672,4,"5;6;7;10"
Root_6943,13.700992,22.146816,8,"0;1;2;3;4;6;7;10"
Root_6944,87.187638,42.424576,7,"1;2;3;4;6;7;10"
Root_6945,19.944160,27.476416,7,"0;2;3;4;6;7;10"
Root_6946,129.742486,47.054176,6,"2;3;4;6;7;10"
Root_6947,15.552832,23.072736,7,"0;1;3;4;6;7;10"
Root_6948,92.097334,43.350496,6,"1;3;4;6;7;10"
Root_6949,21.796000,28.402336,6,"0;3;4;6;7;10"
Root_6950,136.753526,47.980096,5,"3;4;6;7;10"
Root_6951,17.528128,24.060384,7,"0;1;2;4;6;7;10"
Root_6952,99.511958,44.338144,6,"1;2;4;6;7;10"
Root_6953,20.567744,29.389984,6,"0;2;4;6;7;10"
Root_6954,145.805302,48.967744,5,"2;4;6;7;10"
Root_6955,19.379968,24.986304,6,"0;1;4;6;7;10"
Root_6956,105.597078,45.264064,5,"1;4;6;7;10"
Root_6957,21.493664,30.315904,5,"0;4;6;7;10"
Root_6958,152.816342,49.893664,4,"4;6;7;10"
Root_6959,18.145408,24.369024,7,"0;1;2;3;6;7;10"
Root_6960,106.660214,44.646784,6,"1;2;3;6;7;10"
Root_6961,24.388576,29.698624,6,"0;2;3;6;7;10"
Root_6962,150.908982,49.276384,5,"2;3;6;7;10"
Root_6963,19.997248,25.294944,6,"0;1;3;6;7;10"
Root_6964,111.819414,45.572704,5,"1;3;6;7;10"
Root_6965,26.240416,30.624544,5,"0;3;6;7;10"
Root_6966,157.920022,50.202304,4,"3;6;7;10"
Root_6967,21.972544,26.282592,6,"0;1;2;6;7;10"
Root_6968,119.456246,46.560352,5,"1;2;6;7;10"
Root_6969,22.789952,31.612192,5,"0;2;6;7;10"
Root_6970,166.971798,51.189952,4,"2;6;7;10"
Root_6971,23.824384,27.208512,5,"0;1;6;7;10"
Root_6972,126.027638,47.486272,4,"1;6;7;10"
Root_6973,24.253984,32.538112,4,"0;6;7;10"
Root_6974,173.982838,52.115872,3,"6;7;10"
Root_6975,15.466413,23.029526,8,"0;1;2;3;4;5;7;10"
Root_6976,96.765238,43.307286,7,"1;2;3;4;5;7;10"
Root_6977,21.709581,28.359126,7,"0;2;3;4;5;7;10"
Root_6978,140.335011,47.936886,6,"2;3;4;5;7;10"
Root_6979,17.318253,23.955446,7,"0;1;3;4;5;7;10"
Root_6980,102.157645,44.233206,6,"1;3;4;5;7;10"
Root_6981,23.561421,29.285046,6,"0;3;4;5;7;10"
Root_6982,147.346051,48.862806,5,"3;4;5;7;10"
Root_6983,19.293549,24.943094,7,"0;1;2;4;5;7;10"
Root_6984,110.221773,45.220854,6,"1;2;4;5;7;10"
Root_6985,21.450454,30.272694,6,"0;2;4;5;7;10"
Root_6986,156.397827,49.850454,5,"2;4;5;7;10"
Root_6987,21.145389,25.869014,6,"0;1;4;5;7;10"
Root_6988,116.306893,46.146774,5,"1;4;5;7;10"
Root_6989,22.376374,31.198614,5,"0;4;5;7;10"
Root_6990,163.408867,50.776374,4,"4;5;7;10"
Root_6991,19.910829,25.251734,7,"0;1;2;3;5;7;10"
Root_6992,116.487318,45.529494,6,"1;2;3;5;7;10"
Root_6993,26.153997,30.581334,6,"0;2;3;5;7;10"
Root_6994,161.501507,50.159094,5,"2;3;5;7;10"
Root_6995,21.762669,26.177654,6,"0;1;3;5;7;10"
Root_6996,121.646518,46.455414,5,"1;3;5;7;10"
Root_6997,28.005837,31.507254,5,"0;3;5;7;10"
Root_6998,168.512547,51.085014,4,"3;5;7;10"
Root_6999,23.737965,27.165302,6,"0;1;2;5;7;10"
Root_7000,129.609123,47.443062,5,"1;2;5;7;10"
Root_7001,24.167565,32.494902,5,"0;2;5;7;10"
Root_7002,177.564323,52.072662,4,"2;5;7;10"
Root_7003,25.589805,28.091222,5,"0;1;5;7;10"
Root_7004,136.620163,48.368982,4,"1;5;7;10"
Root_7005,26.019405,33.420822,4,"0;5;7;10"
Root_7006,184.575363,52.998582,3,"5;7;10"
Root_7007,18.552813,24.572726,7,"0;1;2;3;4;7;10"
Root_7008,109.397238,44.850486,6,"1;2;3;4;7;10"
Root_7009,24.795981,29.902326,6,"0;2;3;4;7;10"
Root_7010,154.053411,49.480086,5,"2;3;4;7;10"
Root_7011,20.404653,25.498646,6,"0;1;3;4;7;10"
Root_7012,114.556438,45.776406,5,"1;3;4;7;10"
Root_7013,26.647821,30.828246,5,"0;3;4;7;10"
Root_7014,161.064451,50.406006,4,"3;4;7;10"
Root_7015,22.379949,26.486294,6,"0;1;2;4;7;10"
Root_7016,122.396973,46.764054,5,"1;2;4;7;10"
Root_7017,22.993654,31.815894,5,"0;2;4;7;10"
Root_7018,170.116227,51.393654,4,"2;4;7;10"
Root_7019,24.231789,27.412214,5,"0;1;4;7;10"
Root_7020,129.172067,47.689974,4,"1;4;7;10"
Root_7021,24.661389,32.741814,4,"0;4;7;10"
Root_7022,177.127267,52.319574,3,"4;7;10"
Root_7023,23.605731,26.794934,6,"0;1;2;3;7;10"
Root_7024,127.264707,47.072694,5,"1;2;3;7;10"
Root_7025,29.364931,32.124534,5,"0;2;3;7;10"
Root_7026,175.219907,51.702294,4,"2;3;7;10"
Root_7027,26.383491,27.720854,5,"0;1;3;7;10"
Root_7028,134.275747,47.998614,4,"1;3;7;10"
Root_7029,32.142691,33.050454,4,"0;3;7;10"
Root_7030,182.230947,52.628214,3,"3;7;10"
Root_7031,26.824365,28.708502,5,"0;1;2;7;10"
Root_7032,143.327523,48.986262,4,"1;2;7;10"
Root_7033,27.292067,34.038102,4,"0;2;7;10"
Root_7034,191.282723,53.615862,3,"2;7;10"
Root_7035,28.676205,29.634422,4,"0;1;7;10"
Root_7036,150.338563,49.912182,3,"1;7;10"
Root_7037,30.958522,34.964022,3,"0;7;10"
Root_7038,198.293763,54.541782,2,"7;10"
Root_7039,16.663936,23.628288,8,"0;1;2;3;4;5;6;10"
Root_7040,97.652854,43.906048,7,"1;2;3;4;5;6;10"
Root_7041,22.907104,28.957888,7,"0;2;3;4;5;6;10"
Root_7042,145.420150,48.535648,6,"2;3;4;5;6;10"
Root_7043,18.515776,24.554208,7,"0;1;3;4;5;6;10"
Root_7044,104.475990,44.831968,6,"1;3;4;5;6;10"
Root_7045,24.758944,29.883808,6,"0;3;4;5;6;10"
Root_7046,152.431190,49.461568,5,"3;4;5;6;10"
Root_7047,20.491072,25.541856,7,"0;1;2;4;5;6;10"
Root_7048,113.527766,45.819616,6,"1;2;4;5;6;10"
Root_7049,22.049216,30.871456,6,"0;2;4;5;6;10"
Root_7050,161.482966,50.449216,5,"2;4;5;6;10"
Root_7051,22.342912,26.467776,6,"0;1;4;5;6;10"
Root_7052,120.538806,46.745536,5,"1;4;5;6;10"
Root_7053,22.975136,31.797376,5,"0;4;5;6;10"
Root_7054,168.494006,51.375136,4,"4;5;6;10"
Root_7055,21.108352,25.850496,7,"0;1;2;3;5;6;10"
Root_7056,119.503190,46.128256,6,"1;2;3;5;6;10"
Root_7057,27.351520,31.180096,6,"0;2;3;5;6;10"
Root_7058,166.586646,50.757856,5,"2;3;5;6;10"
Root_7059,23.550176,26.776416,6,"0;1;3;5;6;10"
Root_7060,125.642486,47.054176,5,"1;3;5;6;10"
Root_7061,29.309376,32.106016,5,"0;3;5;6;10"
Root_7062,173.597686,51.683776,4,"3;5;6;10"
Root_7063,24.935488,27.764064,6,"0;1;2;5;6;10"
Root_7064,134.694262,48.041824,5,"1;2;5;6;10"
Root_7065,25.365088,33.093664,5,"0;2;5;6;10"
Root_7066,182.649462,52.671424,4,"2;5;6;10"
Root_7067,26.787328,28.689984,5,"0;1;5;6;10"
Root_7068,141.705302,48.967744,4,"1;5;6;10"
Root_7069,27.236512,34.019584,4,"0;5;6;10"
Root_7070,189.660502,53.597344,3,"5;6;10"
Root_7071,19.750336,25.171488,7,"0;1;2;3;4;6;10"
Root_7072,111.734102,45.449248,6,"1;2;3;4;6;10"
Root_7073,25.993504,30.501088,6,"0;2;3;4;6;10"
Root_7074,159.138550,50.078848,5,"2;3;4;6;10"
Root_7075,21.602176,26.097408,6,"0;1;3;4;6;10"
Root_7076,118.194390,46.375168,5,"1;3;4;6;10"
Root_7077,27.845344,31.427008,5,"0;3;4;6;10"
Root_7078,166.149590,51.004768,4,"3;4;6;10"
Root_7079,23.577472,27.085056,6,"0;1;2;4;6;10"
Root_7080,127.246166,47.362816,5,"1;2;4;6;10"
Root_7081,24.007072,32.414656,5,"0;2;4;6;10"
Root_7082,175.201366,51.992416,4,"2;4;6;10"
Root_7083,25.429312,28.010976,5,"0;1;4;6;10"
Root_7084,134.257206,48.288736,4,"1;4;6;10"
Root_7085,25.858912,33.340576,4,"0;4;6;10"
Root_7086,182.212406,52.918336,3,"4;6;10"
Root_7087,25.402016,27.393696,6,"0;1;2;3;6;10"
Root_7088,132.349846,47.671456,5,"1;2;3;6;10"
Root_7089,31.161216,32.723296,5,"0;2;3;6;10"
Root_7090,180.305046,52.301056,4,"2;3;6;10"
Root_7091,28.179776,28.319616,5,"0;1;3;6;10"
Root_7092,139.360886,48.597376,4,"1;3;6;10"
Root_7093,33.938976,33.649216,4,"0;3;6;10"
Root_7094,187.316086,53.226976,3,"3;6;10"
Root_7095,28.021888,29.307264,5,"0;1;2;6;10"
Root_7096,148.412662,49.585024,4,"1;2;6;10"
Root_7097,29.088352,34.636864,4,"0;2;6;10"
Root_7098,196.367862,54.214624,3,"2;6;10"
Root_7099,29.873728,30.233184,4,"0;1;6;10"
Root_7100,155.423702,50.510944,3,"1;6;10"
Root_7101,32.991680,35.562784,3,"0;6;10"
Root_7102,203.378902,55.140544,2,"6;10"
Root_7103,21.515757,26.054198,7,"0;1;2;3;4;5;10"
Root_7104,122.443917,46.331958,6,"1;2;3;4;5;10"
Root_7105,27.758925,31.383798,6,"0;2;3;4;5;10"
Root_7106,169.731075,50.961558,5,"2;3;4;5;10"
Root_7107,24.161283,26.980118,6,"0;1;3;4;5;10"
Root_7108,128.786915,47.257878,5,"1;3;4;5;10"
Root_7109,29.920483,32.309718,5,"0;3;4;5;10"
Root_7110,176.742115,51.887478,4,"3;4;5;10"
Root_7111,25.342893,27.967766,6,"0;1;2;4;5;10"
Root_7112,137.838691,48.245526,5,"1;2;4;5;10"
Root_7113,25.772493,33.297366,5,"0;2;4;5;10"
Root_7114,185.793891,52.875126,4,"2;4;5;10"
Root_7115,27.194733,28.893686,5,"0;1;4;5;10"
Root_7116,144.849731,49.171446,4,"1;4;5;10"
Root_7117,27.847619,34.223286,4,"0;4;5;10"
Root_7118,192.804931,53.801046,3,"4;5;10"
Root_7119,28.050147,28.276406,6,"0;1;2;3;5;10"
Root_7120,142.942371,48.554166,5,"1;2;3;5;10"
Root_7121,33.809347,33.606006,5,"0;2;3;5;10"
Root_7122,190.897571,53.183766,4,"2;3;5;10"
Root_7123,30.827907,29.202326,5,"0;1;3;5;10"
Root_7124,149.953411,49.480086,4,"1;3;5;10"
Root_7125,37.119034,34.531926,4,"0;3;5;10"
Root_7126,197.908611,54.109686,3,"3;5;10"
Root_7127,29.787309,30.189974,5,"0;1;2;5;10"
Root_7128,159.005187,50.467734,4,"1;2;5;10"
Root_7129,33.321126,35.519574,4,"0;2;5;10"
Root_7130,206.960387,55.097334,3,"2;5;10"
Root_7131,31.639149,31.115894,4,"0;1;5;10"
Root_7132,166.016227,51.393654,3,"1;5;10"
Root_7133,37.405232,36.445494,3,"0;5;10"
Root_7134,213.971427,56.023254,2,"5;10"
Root_7135,26.013123,27.597398,6,"0;1;2;3;4;10"
Root_7136,135.494275,47.875158,5,"1;2;3;4;10"
Root_7137,31.772323,32.926998,5,"0;2;3;4;10"
Root_7138,183.449475,52.504758,4,"2;3;4;10"
Root_7139,28.790883,28.523318,5,"0;1;3;4;10"
Root_7140,142.505315,48.801078,4,"1;3;4;10"
Root_7141,34.550083,33.852918,4,"0;3;4;10"
Root_7142,190.460515,53.430678,3,"3;4;10"
Root_7143,28.429293,29.510966,5,"0;1;2;4;10"
Root_7144,151.557091,49.788726,4,"1;2;4;10"
Root_7145,29.699459,34.840566,4,"0;2;4;10"
Root_7146,199.512291,54.418326,3,"2;4;10"
Root_7147,30.281133,30.436886,4,"0;1;4;10"
Root_7148,158.568131,50.714646,3,"1;4;10"
Root_7149,34.010192,35.766486,3,"0;4;10"
Root_7150,206.523331,55.344246,2,"4;10"
Root_7151,32.679747,29.819606,5,"0;1;2;3;10"
Root_7152,156.660771,50.097366,4,"1;2;3;10"
Root_7153,39.912486,35.149206,4,"0;2;3;10"
Root_7154,204.615971,54.726966,3,"2;3;10"
Root_7155,35.457507,30.745526,4,"0;1;3;10"
Root_7156,163.671811,51.023286,3,"1;3;10"
Root_7157,44.366960,36.075126,3,"0;3;10"
Root_7158,211.627011,55.652886,2,"3;10"
Root_7159,32.873709,31.733174,4,"0;1;2;10"
Root_7160,172.723587,52.010934,3,"1;2;10"
Root_7161,42.580326,37.062774,3,"0;2;10"
Root_7162,220.678787,56.640534,2,"2;10"
Root_7163,35.384643,32.659094,3,"0;1;10"
Root_7164,179.734627,52.936854,2,"1;10"
Root_7165,45.121232,37.988694,2,"0;10"
Root_7166,227.689827,57.566454,1,"10"
Root_7167,4.785120,13.607360,10,"0;1;2;3;4;5;6;7;8;9"
Root_7168,38.700736,34.585120,9,"1;2;3;4;5;6;7;8;9"
Root_7169,10.814720,19.636960,9,"0;2;3;4;5;6;7;8;9"
Root_7170,61.704096,39.214720,8,"2;3;4;5;6;7;8;9"
Root_7171,5.711040,14.533280,9,"0;1;3;4;5;6;7;8;9"
Root_7172,44.256256,35.511040,8,"1;3;4;5;6;7;8;9"
Root_7173,11.740640,20.562880,8,"0;3;4;5;6;7;8;9"
Root_7174,65.798774,40.140640,7,"3;4;5;6;7;8;9"
Root_7175,7.398688,16.220928,9,"0;1;2;4;5;6;7;8;9"
Root_7176,43.391872,36.498688,8,"1;2;4;5;6;7;8;9"
Root_7177,12.728288,21.550528,8,"0;2;4;5;6;7;8;9"
Root_7178,72.875254,41.128288,7,"2;4;5;6;7;8;9"
Root_7179,8.324608,17.146848,8,"0;1;4;5;6;7;8;9"
Root_7180,48.348704,37.424608,7,"1;4;5;6;7;8;9"
Root_7181,13.654208,22.476448,7,"0;4;5;6;7;8;9"
Root_7182,78.034454,42.054208,6,"4;5;6;7;8;9"
Root_7183,7.007328,15.829568,9,"0;1;2;3;5;6;7;8;9"
Root_7184,54.674560,36.807328,8,"1;2;3;5;6;7;8;9"
Root_7185,13.036928,21.859168,8,"0;2;3;5;6;7;8;9"
Root_7186,82.924726,41.436928,7,"2;3;5;6;7;8;9"
Root_7187,7.933248,16.755488,8,"0;1;3;5;6;7;8;9"
Root_7188,59.322752,37.733248,7,"1;3;5;6;7;8;9"
Root_7189,13.962848,22.785088,7,"0;3;5;6;7;8;9"
Root_7190,87.158006,42.362848,6,"3;5;6;7;8;9"
Root_7191,9.620896,18.443136,8,"0;1;2;5;6;7;8;9"
Root_7192,61.169536,38.720896,7,"1;2;5;6;7;8;9"
Root_7193,14.950496,23.772736,7,"0;2;5;6;7;8;9"
Root_7194,93.246838,43.350496,6,"2;5;6;7;8;9"
Root_7195,10.546816,19.369056,7,"0;1;5;6;7;8;9"
Root_7196,63.904160,39.646816,6,"1;5;6;7;8;9"
Root_7197,15.876416,24.698656,6,"0;5;6;7;8;9"
Root_7198,97.756534,44.276416,5,"5;6;7;8;9"
Root_7199,6.328320,15.150560,9,"0;1;2;3;4;6;7;8;9"
Root_7200,49.242496,36.128320,8,"1;2;3;4;6;7;8;9"
Root_7201,12.357920,21.180160,8,"0;2;3;4;6;7;8;9"
Root_7202,76.513654,40.757920,7,"2;3;4;6;7;8;9"
Root_7203,7.254240,16.076480,8,"0;1;3;4;6;7;8;9"
Root_7204,54.569696,37.054240,7,"1;3;4;6;7;8;9"
Root_7205,13.283840,22.106080,7,"0;3;4;6;7;8;9"
Root_7206,80.746934,41.683840,6,"3;4;6;7;8;9"
Root_7207,8.941888,17.764128,8,"0;1;2;4;6;7;8;9"
Root_7208,55.737472,38.041888,7,"1;2;4;6;7;8;9"
Root_7209,14.271488,23.093728,7,"0;2;4;6;7;8;9"
Root_7210,86.835766,42.671488,6,"2;4;6;7;8;9"
Root_7211,9.867808,18.690048,7,"0;1;4;6;7;8;9"
Root_7212,59.151104,38.967808,6,"1;4;6;7;8;9"
Root_7213,15.197408,24.019648,6,"0;4;6;7;8;9"
Root_7214,91.069046,43.597408,5,"4;6;7;8;9"
Root_7215,8.550528,17.372768,8,"0;1;2;3;6;7;8;9"
Root_7216,67.020160,38.350528,7,"1;2;3;6;7;8;9"
Root_7217,14.580128,23.402368,7,"0;2;3;6;7;8;9"
Root_7218,95.033398,42.980128,6,"2;3;6;7;8;9"
Root_7219,9.476448,18.298688,7,"0;1;3;6;7;8;9"
Root_7220,70.125152,39.276448,6,"1;3;6;7;8;9"
Root_7221,15.506048,24.328288,6,"0;3;6;7;8;9"
Root_7222,98.340758,43.906048,5,"3;6;7;8;9"
Root_7223,11.164096,19.986336,7,"0;1;2;6;7;8;9"
Root_7224,74.005142,40.264096,6,"1;2;6;7;8;9"
Root_7225,16.493696,25.315936,6,"0;2;6;7;8;9"
Root_7226,104.335638,44.893696,5,"2;6;7;8;9"
Root_7227,12.090016,20.912256,6,"0;1;6;7;8;9"
Root_7228,77.312502,41.190016,5,"1;6;7;8;9"
Root_7229,18.154048,26.241856,5,"0;6;7;8;9"
Root_7230,108.568918,45.819616,4,"6;7;8;9"
Root_7231,7.211030,16.033270,9,"0;1;2;3;4;5;7;8;9"
Root_7232,56.304179,37.011030,8,"1;2;3;4;5;7;8;9"
Root_7233,13.240630,22.062870,8,"0;2;3;4;5;7;8;9"
Root_7234,85.458048,41.640630,7,"2;3;4;5;7;8;9"
Root_7235,8.136950,16.959190,8,"0;1;3;4;5;7;8;9"
Root_7236,60.748669,37.936950,7,"1;3;4;5;7;8;9"
Root_7237,14.166550,22.988790,7,"0;3;4;5;7;8;9"
Root_7238,89.691328,42.566550,6,"3;4;5;7;8;9"
Root_7239,9.824598,18.646838,8,"0;1;2;4;5;7;8;9"
Root_7240,62.799155,38.924598,7,"1;2;4;5;7;8;9"
Root_7241,15.154198,23.976438,7,"0;2;4;5;7;8;9"
Root_7242,95.780160,43.554198,6,"2;4;5;7;8;9"
Root_7243,10.750518,19.572758,7,"0;1;4;5;7;8;9"
Root_7244,66.096522,39.850518,6,"1;4;5;7;8;9"
Root_7245,16.080118,24.902358,6,"0;4;5;7;8;9"
Root_7246,100.493558,44.480118,5,"4;5;7;8;9"
Root_7247,9.433238,18.255478,8,"0;1;2;3;5;7;8;9"
Root_7248,74.081843,39.233238,7,"1;2;3;5;7;8;9"
Root_7249,15.462838,24.285078,7,"0;2;3;5;7;8;9"
Root_7250,103.095082,43.862838,6,"2;3;5;7;8;9"
Root_7251,10.359158,19.181398,7,"0;1;3;5;7;8;9"
Root_7252,76.965642,40.159158,6,"1;3;5;7;8;9"
Root_7253,16.388758,25.210998,6,"0;3;5;7;8;9"
Root_7254,107.191200,44.788758,5,"3;5;7;8;9"
Root_7255,12.046806,20.869046,7,"0;1;2;5;7;8;9"
Root_7256,82.066826,41.146806,6,"1;2;5;7;8;9"
Root_7257,18.067629,26.198646,6,"0;2;5;7;8;9"
Root_7258,113.280032,45.776406,5,"2;5;7;8;9"
Root_7259,12.997293,21.794966,6,"0;1;5;7;8;9"
Root_7260,85.374186,42.072726,5,"1;5;7;8;9"
Root_7261,19.919469,27.124566,5,"0;5;7;8;9"
Root_7262,117.513312,46.702326,4,"5;7;8;9"
Root_7263,8.754230,17.576470,8,"0;1;2;3;4;7;8;9"
Root_7264,68.649779,38.554230,7,"1;2;3;4;7;8;9"
Root_7265,14.783830,23.606070,7,"0;2;3;4;7;8;9"
Root_7266,97.363018,43.183830,6,"2;3;4;7;8;9"
Root_7267,9.680150,18.502390,7,"0;1;3;4;7;8;9"
Root_7268,71.753427,39.480150,6,"1;3;4;7;8;9"
Root_7269,15.709750,24.531990,6,"0;3;4;7;8;9"
Root_7270,100.780128,44.109750,5,"3;4;7;8;9"
Root_7271,11.367798,20.190038,7,"0;1;2;4;7;8;9"
Root_7272,76.334762,40.467798,6,"1;2;4;7;8;9"
Root_7273,16.709613,25.519638,6,"0;2;4;7;8;9"
Root_7274,106.868960,45.097398,5,"2;4;7;8;9"
Root_7275,12.293718,21.115958,6,"0;1;4;7;8;9"
Root_7276,79.642122,41.393718,5,"1;4;7;8;9"
Root_7277,18.561453,26.445558,5,"0;4;7;8;9"
Root_7278,111.125558,46.023318,4,"4;7;8;9"
Root_7279,10.976438,19.798678,7,"0;1;2;3;7;8;9"
Root_7280,86.427443,40.776438,6,"1;2;3;7;8;9"
Root_7281,17.326893,25.828278,6,"0;2;3;7;8;9"
Root_7282,112.640682,45.406038,5,"2;3;7;8;9"
Root_7283,11.902358,20.724598,6,"0;1;3;7;8;9"
Root_7284,88.808883,41.702358,5,"1;3;7;8;9"
Root_7285,19.746499,26.754198,5,"0;3;7;8;9"
Root_7286,116.280000,46.331958,4,"3;7;8;9"
Root_7287,14.231853,22.412246,6,"0;1;2;7;8;9"
Root_7288,92.922419,42.690006,5,"1;2;7;8;9"
Root_7289,21.154029,27.741846,5,"0;2;7;8;9"
Root_7290,123.327651,47.319606,4,"2;7;8;9"
Root_7291,16.083693,23.338166,5,"0;1;7;8;9"
Root_7292,95.303859,43.615926,4,"1;7;8;9"
Root_7293,23.005869,28.667766,4,"0;7;8;9"
Root_7294,130.338691,48.245526,3,"7;8;9"
Root_7295,8.509792,17.332032,9,"0;1;2;3;4;5;6;8;9"
Root_7296,57.559808,37.609792,8,"1;2;3;4;5;6;8;9"
Root_7297,13.839392,22.661632,8,"0;2;3;4;5;6;8;9"
Root_7298,85.746902,42.239392,7,"2;3;4;5;6;8;9"
Root_7299,9.435712,18.257952,8,"0;1;3;4;5;6;8;9"
Root_7300,60.479616,38.535712,7,"1;3;4;5;6;8;9"
Root_7301,14.765312,23.587552,7,"0;3;4;5;6;8;9"
Root_7302,89.980182,43.165312,6,"3;4;5;6;8;9"
Root_7303,10.423360,19.245600,8,"0;1;2;4;5;6;8;9"
Root_7304,62.386784,39.523360,7,"1;2;4;5;6;8;9"
Root_7305,15.752960,24.575200,7,"0;2;4;5;6;8;9"
Root_7306,96.374934,44.152960,6,"2;4;5;6;8;9"
Root_7307,11.349280,20.171520,7,"0;1;4;5;6;8;9"
Root_7308,66.235894,40.449280,6,"1;4;5;6;8;9"
Root_7309,16.678880,25.501120,6,"0;4;5;6;8;9"
Root_7310,102.460054,45.078880,5,"4;5;6;8;9"
Root_7311,10.732000,19.554240,8,"0;1;2;3;5;6;8;9"
Root_7312,73.348374,39.832000,7,"1;2;3;5;6;8;9"
Root_7313,16.061600,24.883840,7,"0;2;3;5;6;8;9"
Root_7314,103.708374,44.461600,6,"2;3;5;6;8;9"
Root_7315,11.657920,20.480160,7,"0;1;3;5;6;8;9"
Root_7316,76.655734,40.757920,6,"1;3;5;6;8;9"
Root_7317,17.289856,25.809760,6,"0;3;5;6;8;9"
Root_7318,108.867574,45.387520,5,"3;5;6;8;9"
Root_7319,12.645568,21.467808,7,"0;1;2;5;6;8;9"
Root_7320,81.756918,41.745568,6,"1;2;5;6;8;9"
Root_7321,19.265152,26.797408,6,"0;2;5;6;8;9"
Root_7322,115.944054,46.375168,5,"2;5;6;8;9"
Root_7323,14.194816,22.393728,6,"0;1;5;6;8;9"
Root_7324,85.064278,42.671488,5,"1;5;6;8;9"
Root_7325,21.116992,27.723328,5,"0;5;6;8;9"
Root_7326,121.705430,47.301088,4,"5;6;8;9"
Root_7327,10.052992,18.875232,8,"0;1;2;3;4;6;8;9"
Root_7328,68.362208,39.152992,7,"1;2;3;4;6;8;9"
Root_7329,15.382592,24.204832,7,"0;2;3;4;6;8;9"
Root_7330,97.053110,43.782592,6,"2;3;4;6;8;9"
Root_7331,10.978912,19.801152,7,"0;1;3;4;6;8;9"
Root_7332,70.923670,40.078912,6,"1;3;4;6;8;9"
Root_7333,16.308512,25.130752,6,"0;3;4;6;8;9"
Root_7334,101.777494,44.708512,5,"3;4;6;8;9"
Root_7335,11.966560,20.788800,7,"0;1;2;4;6;8;9"
Root_7336,76.024854,41.066560,6,"1;2;4;6;8;9"
Root_7337,17.907136,26.118400,6,"0;2;4;6;8;9"
Root_7338,108.853974,45.696160,5,"2;4;6;8;9"
Root_7339,12.892480,21.714720,6,"0;1;4;6;8;9"
Root_7340,79.332214,41.992480,5,"1;4;6;8;9"
Root_7341,19.758976,27.044320,5,"0;4;6;8;9"
Root_7342,114.635254,46.622080,4,"4;6;8;9"
Root_7343,12.275200,21.097440,7,"0;1;2;3;6;8;9"
Root_7344,85.518774,41.375200,6,"1;2;3;6;8;9"
Root_7345,18.765024,26.427040,6,"0;2;3;6;8;9"
Root_7346,114.340374,46.004800,5,"2;3;6;8;9"
Root_7347,13.454080,22.023360,6,"0;1;3;6;8;9"
Root_7348,87.900214,42.301120,5,"1;3;6;8;9"
Root_7349,21.542784,27.352960,5,"0;3;6;8;9"
Root_7350,119.499574,46.930720,4,"3;6;8;9"
Root_7351,15.429376,23.011008,6,"0;1;2;6;8;9"
Root_7352,92.013750,43.288768,5,"1;2;6;8;9"
Root_7353,22.351552,28.340608,5,"0;2;6;8;9"
Root_7354,128.412790,47.918368,4,"2;6;8;9"
Root_7355,17.281216,23.936928,5,"0;1;6;8;9"
Root_7356,94.824566,44.214688,4,"1;6;8;9"
Root_7357,24.203392,29.266528,4,"0;6;8;9"
Root_7358,135.423830,48.844288,3,"6;8;9"
Root_7359,10.935702,19.757942,8,"0;1;2;3;4;5;8;9"
Root_7360,75.677994,40.035702,7,"1;2;3;4;5;8;9"
Root_7361,16.265302,25.087542,7,"0;2;3;4;5;8;9"
Root_7362,106.445398,44.665302,6,"2;3;4;5;8;9"
Root_7363,11.861622,20.683862,7,"0;1;3;4;5;8;9"
Root_7364,78.985354,40.961622,6,"1;3;4;5;8;9"
Root_7365,17.697261,26.013462,6,"0;3;4;5;8;9"
Root_7366,111.604598,45.591222,5,"3;4;5;8;9"
Root_7367,12.849270,21.671510,7,"0;1;2;4;5;8;9"
Root_7368,84.086538,41.949270,6,"1;2;4;5;8;9"
Root_7369,19.672557,27.001110,6,"0;2;4;5;8;9"
Root_7370,118.681078,46.578870,5,"2;4;5;8;9"
Root_7371,14.602221,22.597430,6,"0;1;4;5;8;9"
Root_7372,87.393898,42.875190,5,"1;4;5;8;9"
Root_7373,21.524397,27.927030,5,"0;4;5;8;9"
Root_7374,124.849859,47.504790,4,"4;5;8;9"
Root_7375,13.367661,21.980150,7,"0;1;2;3;5;8;9"
Root_7376,92.697747,42.257910,6,"1;2;3;5;8;9"
Root_7377,21.413155,27.309750,6,"0;2;3;5;8;9"
Root_7378,123.279968,46.887510,5,"2;3;5;8;9"
Root_7379,15.219501,22.906070,6,"0;1;3;5;8;9"
Root_7380,95.079187,43.183830,5,"1;3;5;8;9"
Root_7381,24.190915,28.235670,5,"0;3;5;8;9"
Root_7382,129.953539,47.813430,4,"3;5;8;9"
Root_7383,17.194797,23.893718,6,"0;1;2;5;8;9"
Root_7384,99.535680,44.171478,5,"1;2;5;8;9"
Root_7385,24.116973,29.223318,5,"0;2;5;8;9"
Root_7386,139.005315,48.801078,4,"2;5;8;9"
Root_7387,19.046637,24.819638,5,"0;1;5;8;9"
Root_7388,103.768960,45.097398,4,"1;5;8;9"
Root_7389,26.847651,30.149238,4,"0;5;8;9"
Root_7390,146.016355,49.726998,3,"5;8;9"
Root_7391,12.478902,21.301142,7,"0;1;2;3;4;8;9"
Root_7392,87.644691,41.578902,6,"1;2;3;4;8;9"
Root_7393,19.376131,26.630742,6,"0;2;3;4;8;9"
Root_7394,117.077398,46.208502,5,"2;3;4;8;9"
Root_7395,13.861485,22.227062,6,"0;1;3;4;8;9"
Root_7396,90.026131,42.504822,5,"1;3;4;8;9"
Root_7397,22.153891,27.556662,5,"0;3;4;8;9"
Root_7398,122.505443,47.134422,4,"3;4;8;9"
Root_7399,15.836781,23.214710,6,"0;1;2;4;8;9"
Root_7400,94.139667,43.492470,5,"1;2;4;8;9"
Root_7401,22.758957,28.544310,5,"0;2;4;8;9"
Root_7402,131.557219,48.122070,4,"2;4;8;9"
Root_7403,17.688621,24.140630,5,"0;1;4;8;9"
Root_7404,97.357888,44.418390,4,"1;4;8;9"
Root_7405,24.810627,29.470230,4,"0;4;8;9"
Root_7406,138.568259,49.047990,3,"4;8;9"
Root_7407,16.454061,23.523350,6,"0;1;2;3;8;9"
Root_7408,100.899037,43.801110,5,"1;2;3;8;9"
Root_7409,26.042755,28.852950,5,"0;2;3;8;9"
Root_7410,136.660899,48.430710,4,"2;3;8;9"
Root_7411,18.305901,24.449270,5,"0;1;3;8;9"
Root_7412,103.808618,44.727030,4,"1;3;8;9"
Root_7413,29.328986,29.778870,4,"0;3;8;9"
Root_7414,143.671939,49.356630,3,"3;8;9"
Root_7415,20.281197,25.436918,5,"0;1;2;8;9"
Root_7416,108.909802,45.714678,4,"1;2;8;9"
Root_7417,28.699491,30.766518,4,"0;2;8;9"
Root_7418,152.723715,50.344278,3,"2;8;9"
Root_7419,22.988451,26.362838,4,"0;1;8;9"
Root_7420,112.857760,46.640598,3,"1;8;9"
Root_7421,31.477251,31.692438,3,"0;8;9"
Root_7422,159.734755,51.270198,2,"8;9"
Root_7423,9.414720,18.236960,9,"0;1;2;3;4;5;6;7;9"
Root_7424,65.204096,39.214720,8,"1;2;3;4;5;6;7;9"
Root_7425,15.444320,24.266560,8,"0;2;3;4;5;6;7;9"
Root_7426,102.835574,43.844320,7,"2;3;4;5;6;7;9"
Root_7427,10.340640,19.162880,8,"0;1;3;4;5;6;7;9"
Root_7428,69.298774,40.140640,7,"1;3;4;5;6;7;9"
Root_7429,16.370240,25.192480,7,"0;3;4;5;6;7;9"
Root_7430,108.765014,44.770240,6,"3;4;5;6;7;9"
Root_7431,12.028288,20.850528,8,"0;1;2;4;5;6;7;9"
Root_7432,76.375254,41.128288,7,"1;2;4;5;6;7;9"
Root_7433,18.030592,26.180128,7,"0;2;4;5;6;7;9"
Root_7434,116.829142,45.757888,6,"2;4;5;6;7;9"
Root_7435,12.960256,21.776448,7,"0;1;4;5;6;7;9"
Root_7436,81.534454,42.054208,6,"1;4;5;6;7;9"
Root_7437,19.882432,27.106048,6,"0;4;5;6;7;9"
Root_7438,122.914262,46.683808,5,"4;5;6;7;9"
Root_7439,11.636928,20.459168,8,"0;1;2;3;5;6;7;9"
Root_7440,86.424726,41.436928,7,"1;2;3;5;6;7;9"
Root_7441,18.950208,26.488768,7,"0;2;3;5;6;7;9"
Root_7442,122.557654,46.066528,6,"2;3;5;6;7;9"
Root_7443,12.562848,21.385088,7,"0;1;3;5;6;7;9"
Root_7444,90.658006,42.362848,6,"1;3;5;6;7;9"
Root_7445,21.727968,27.414688,6,"0;3;5;6;7;9"
Root_7446,127.716854,46.992448,5,"3;5;6;7;9"
Root_7447,15.552832,23.072736,7,"0;1;2;5;6;7;9"
Root_7448,96.746838,43.350496,6,"1;2;5;6;7;9"
Root_7449,22.475008,28.402336,6,"0;2;5;6;7;9"
Root_7450,136.753526,47.980096,5,"2;5;6;7;9"
Root_7451,17.404672,23.998656,6,"0;1;5;6;7;9"
Root_7452,101.256534,44.276416,5,"1;5;6;7;9"
Root_7453,24.326848,29.328256,5,"0;5;6;7;9"
Root_7454,143.764566,48.906016,4,"5;6;7;9"
Root_7455,10.957920,19.780160,8,"0;1;2;3;4;6;7;9"
Root_7456,80.013654,40.757920,7,"1;2;3;4;6;7;9"
Root_7457,17.289856,25.809760,7,"0;2;3;4;6;7;9"
Root_7458,115.467574,45.387520,6,"2;3;4;6;7;9"
Root_7459,11.883840,20.706080,7,"0;1;3;4;6;7;9"
Root_7460,84.246934,41.683840,6,"1;3;4;6;7;9"
Root_7461,19.690944,26.735680,6,"0;3;4;6;7;9"
Root_7462,120.940214,46.313440,5,"3;4;6;7;9"
Root_7463,14.194816,22.393728,7,"0;1;2;4;6;7;9"
Root_7464,90.335766,42.671488,6,"1;2;4;6;7;9"
Root_7465,21.116992,27.723328,6,"0;2;4;6;7;9"
Root_7466,129.305430,47.301088,5,"2;4;6;7;9"
Root_7467,16.046656,23.319648,6,"0;1;4;6;7;9"
Root_7468,94.569046,43.597408,5,"1;4;6;7;9"
Root_7469,22.968832,28.649248,5,"0;4;6;7;9"
Root_7470,136.316470,48.227008,4,"4;6;7;9"
Root_7471,13.412096,22.002368,7,"0;1;2;3;6;7;9"
Root_7472,98.533398,42.980128,6,"1;2;3;6;7;9"
Root_7473,23.579808,28.031968,6,"0;2;3;6;7;9"
Root_7474,134.409110,47.609728,5,"2;3;6;7;9"
Root_7475,15.263936,22.928288,6,"0;1;3;6;7;9"
Root_7476,101.840758,43.906048,5,"1;3;6;7;9"
Root_7477,26.357568,28.957888,5,"0;3;6;7;9"
Root_7478,141.420150,48.535648,4,"3;6;7;9"
Root_7479,18.639232,24.615936,6,"0;1;2;6;7;9"
Root_7480,107.835638,44.893696,5,"1;2;6;7;9"
Root_7481,25.561408,29.945536,5,"0;2;6;7;9"
Root_7482,150.471926,49.523296,4,"2;6;7;9"
Root_7483,20.525504,25.541856,5,"0;1;6;7;9"
Root_7484,112.068918,45.819616,4,"1;6;7;9"
Root_7485,27.413248,30.871456,4,"0;6;7;9"
Root_7486,157.482966,50.449216,3,"6;7;9"
Root_7487,11.840630,20.662870,8,"0;1;2;3;4;5;7;9"
Root_7488,88.958048,41.640630,7,"1;2;3;4;5;7;9"
Root_7489,19.561315,26.692470,7,"0;2;3;4;5;7;9"
Root_7490,125.294678,46.270230,6,"2;3;4;5;7;9"
Root_7491,12.766550,21.588790,7,"0;1;3;4;5;7;9"
Root_7492,93.191328,42.566550,6,"1;3;4;5;7;9"
Root_7493,22.339075,27.618390,6,"0;3;4;5;7;9"
Root_7494,130.846179,47.196150,5,"3;4;5;7;9"
Root_7495,15.960237,23.276438,7,"0;1;2;4;5;7;9"
Root_7496,99.280160,43.554198,6,"1;2;4;5;7;9"
Root_7497,22.882413,28.606038,6,"0;2;4;5;7;9"
Root_7498,139.897955,48.183798,5,"2;4;5;7;9"
Root_7499,17.812077,24.202358,6,"0;1;4;5;7;9"
Root_7500,103.993558,44.480118,5,"1;4;5;7;9"
Root_7501,24.734253,29.531958,5,"0;4;5;7;9"
Root_7502,146.908995,49.109718,4,"4;5;7;9"
Root_7503,15.177517,22.885078,7,"0;1;2;3;5;7;9"
Root_7504,106.595082,43.862838,6,"1;2;3;5;7;9"
Root_7505,26.227939,28.914678,6,"0;2;3;5;7;9"
Root_7506,145.001635,48.492438,5,"2;3;5;7;9"
Root_7507,17.029357,23.810998,6,"0;1;3;5;7;9"
Root_7508,110.691200,44.788758,5,"1;3;5;7;9"
Root_7509,29.005699,29.840598,5,"0;3;5;7;9"
Root_7510,152.012675,49.418358,4,"3;5;7;9"
Root_7511,20.404653,25.498646,6,"0;1;2;5;7;9"
Root_7512,116.780032,45.776406,5,"1;2;5;7;9"
Root_7513,27.326829,30.828246,5,"0;2;5;7;9"
Root_7514,161.064451,50.406006,4,"2;5;7;9"
Root_7515,23.173635,26.424566,5,"0;1;5;7;9"
Root_7516,121.013312,46.702326,4,"1;5;7;9"
Root_7517,29.178669,31.754166,4,"0;5;7;9"
Root_7518,168.075491,51.331926,3,"5;7;9"
Root_7519,13.819501,22.206070,7,"0;1;2;3;4;7;9"
Root_7520,100.863018,43.183830,6,"1;2;3;4;7;9"
Root_7521,24.190915,28.235670,6,"0;2;3;4;7;9"
Root_7522,137.553539,47.813430,5,"2;3;4;7;9"
Root_7523,15.671341,23.131990,6,"0;1;3;4;7;9"
Root_7524,104.280128,44.109750,5,"1;3;4;7;9"
Root_7525,26.968675,29.161590,5,"0;3;4;7;9"
Root_7526,144.564579,48.739350,4,"3;4;7;9"
Root_7527,19.046637,24.819638,6,"0;1;2;4;7;9"
Root_7528,110.368960,45.097398,5,"1;2;4;7;9"
Root_7529,25.968813,30.149238,5,"0;2;4;7;9"
Root_7530,153.616355,49.726998,4,"2;4;7;9"
Root_7531,21.136611,25.745558,5,"0;1;4;7;9"
Root_7532,114.625558,46.023318,4,"1;4;7;9"
Root_7533,27.820653,31.075158,4,"0;4;7;9"
Root_7534,160.627395,50.652918,3,"4;7;9"
Root_7535,18.263917,24.428278,6,"0;1;2;3;7;9"
Root_7536,116.140682,45.406038,5,"1;2;3;7;9"
Root_7537,30.857539,30.457878,5,"0;2;3;7;9"
Root_7538,158.720035,50.035638,4,"2;3;7;9"
Root_7539,20.115757,25.354198,5,"0;1;3;7;9"
Root_7540,119.780000,46.331958,4,"1;3;7;9"
Root_7541,33.635299,31.383798,4,"0;3;7;9"
Root_7542,165.731075,50.961558,3,"3;7;9"
Root_7543,25.025475,27.041846,5,"0;1;2;7;9"
Root_7544,126.827651,47.319606,4,"1;2;7;9"
Root_7545,30.784675,32.371446,4,"0;2;7;9"
Root_7546,174.782851,51.949206,3,"2;7;9"
Root_7547,27.803235,27.967766,4,"0;1;7;9"
Root_7548,133.838691,48.245526,3,"1;7;9"
Root_7549,33.562435,33.297366,3,"0;7;9"
Root_7550,181.793891,52.875126,2,"7;9"
Root_7551,13.330624,21.961632,8,"0;1;2;3;4;5;6;9"
Root_7552,89.246902,42.239392,7,"1;2;3;4;5;6;9"
Root_7553,21.357600,27.291232,7,"0;2;3;4;5;6;9"
Root_7554,129.051286,46.868992,6,"2;3;4;5;6;9"
Root_7555,15.182464,22.887552,7,"0;1;3;4;5;6;9"
Root_7556,93.480182,43.165312,6,"1;3;4;5;6;9"
Root_7557,24.135360,28.217152,6,"0;3;4;5;6;9"
Root_7558,135.931318,47.794912,5,"3;4;5;6;9"
Root_7559,17.157760,23.875200,7,"0;1;2;4;5;6;9"
Root_7560,99.874934,44.152960,6,"1;2;4;5;6;9"
Root_7561,24.079936,29.204800,6,"0;2;4;5;6;9"
Root_7562,144.983094,48.782560,5,"2;4;5;6;9"
Root_7563,19.009600,24.801120,6,"0;1;4;5;6;9"
Root_7564,105.960054,45.078880,5,"1;4;5;6;9"
Root_7565,25.931776,30.130720,5,"0;4;5;6;9"
Root_7566,151.994134,49.708480,4,"4;5;6;9"
Root_7567,17.775040,24.183840,7,"0;1;2;3;5;6;9"
Root_7568,107.208374,44.461600,6,"1;2;3;5;6;9"
Root_7569,28.024224,29.513440,6,"0;2;3;5;6;9"
Root_7570,150.086774,49.091200,5,"2;3;5;6;9"
Root_7571,19.626880,25.109760,6,"0;1;3;5;6;9"
Root_7572,112.367574,45.387520,5,"1;3;5;6;9"
Root_7573,30.801984,30.439360,5,"0;3;5;6;9"
Root_7574,157.097814,50.017120,4,"3;5;6;9"
Root_7575,22.192160,26.097408,6,"0;1;2;5;6;9"
Root_7576,119.444054,46.375168,5,"1;2;5;6;9"
Root_7577,28.524352,31.427008,5,"0;2;5;6;9"
Root_7578,166.149590,51.004768,4,"2;5;6;9"
Root_7579,24.969920,27.023328,5,"0;1;5;6;9"
Root_7580,125.205430,47.301088,4,"1;5;6;9"
Root_7581,30.729120,32.352928,4,"0;5;6;9"
Root_7582,173.160630,51.930688,3,"5;6;9"
Root_7583,16.417024,23.504832,7,"0;1;2;3;4;6;9"
Root_7584,100.553110,43.782592,6,"1;2;3;4;6;9"
Root_7585,25.987200,28.834432,6,"0;2;3;4;6;9"
Root_7586,142.638678,48.412192,5,"2;3;4;6;9"
Root_7587,18.268864,24.430752,6,"0;1;3;4;6;9"
Root_7588,105.277494,44.708512,5,"1;3;4;6;9"
Root_7589,28.764960,29.760352,5,"0;3;4;6;9"
Root_7590,149.649718,49.338112,4,"3;4;6;9"
Root_7591,20.244160,25.418400,6,"0;1;2;4;6;9"
Root_7592,112.353974,45.696160,5,"1;2;4;6;9"
Root_7593,27.166336,30.748000,5,"0;2;4;6;9"
Root_7594,158.701494,50.325760,4,"2;4;6;9"
Root_7595,22.932896,26.344320,5,"0;1;4;6;9"
Root_7596,118.135254,46.622080,4,"1;4;6;9"
Root_7597,29.018176,31.673920,4,"0;4;6;9"
Root_7598,165.712534,51.251680,3,"4;6;9"
Root_7599,21.081056,25.727040,6,"0;1;2;3;6;9"
Root_7600,117.840374,46.004800,5,"1;2;3;6;9"
Root_7601,32.653824,31.056640,5,"0;2;3;6;9"
Root_7602,163.805174,50.634400,4,"2;3;6;9"
Root_7603,24.325344,26.652960,5,"0;1;3;6;9"
Root_7604,122.999574,46.930720,4,"1;3;6;9"
Root_7605,35.431584,31.982560,4,"0;3;6;9"
Root_7606,170.816214,51.560320,3,"3;6;9"
Root_7607,26.821760,27.640608,5,"0;1;2;6;9"
Root_7608,131.912790,47.918368,4,"1;2;6;9"
Root_7609,32.580960,32.970208,4,"0;2;6;9"
Root_7610,179.867990,52.547968,3,"2;6;9"
Root_7611,29.599520,28.566528,4,"0;1;6;9"
Root_7612,138.923830,48.844288,3,"1;6;9"
Root_7613,35.358720,33.896128,3,"0;6;9"
Root_7614,186.879030,53.473888,2,"6;9"
Root_7615,18.182445,24.387542,7,"0;1;2;3;4;5;9"
Root_7616,109.945398,44.665302,6,"1;2;3;4;5;9"
Root_7617,28.635331,29.717142,6,"0;2;3;4;5;9"
Root_7618,153.231203,49.294902,5,"2;3;4;5;9"
Root_7619,20.034285,25.313462,6,"0;1;3;4;5;9"
Root_7620,115.104598,45.591222,5,"1;3;4;5;9"
Root_7621,31.413091,30.643062,5,"0;3;4;5;9"
Root_7622,160.242243,50.220822,4,"3;4;5;9"
Root_7623,22.803267,26.301110,6,"0;1;2;4;5;9"
Root_7624,122.181078,46.578870,5,"1;2;4;5;9"
Root_7625,28.931757,31.630710,5,"0;2;4;5;9"
Root_7626,169.294019,51.208470,4,"2;4;5;9"
Root_7627,25.581027,27.227030,5,"0;1;4;5;9"
Root_7628,128.349859,47.504790,4,"1;4;5;9"
Root_7629,31.340227,32.556630,4,"0;4;5;9"
Root_7630,176.305059,52.134390,3,"4;5;9"
Root_7631,24.152506,26.609750,6,"0;1;2;3;5;9"
Root_7632,126.779968,46.887510,5,"1;2;3;5;9"
Root_7633,35.301955,31.939350,5,"0;2;3;5;9"
Root_7634,174.397699,51.517110,4,"2;3;5;9"
Root_7635,27.856186,27.535670,5,"0;1;3;5;9"
Root_7636,133.453539,47.813430,4,"1;3;5;9"
Root_7637,38.944986,32.865270,4,"0;3;5;9"
Root_7638,181.408739,52.443030,3,"3;5;9"
Root_7639,29.469891,28.523318,5,"0;1;2;5;9"
Root_7640,142.505315,48.801078,4,"1;2;5;9"
Root_7641,35.229091,33.852918,4,"0;2;5;9"
Root_7642,190.460515,53.430678,3,"2;5;9"
Root_7643,32.247651,29.449238,4,"0;1;5;9"
Root_7644,149.516355,49.726998,3,"1;5;9"
Root_7645,38.785690,34.778838,3,"0;5;9"
Root_7646,197.471555,54.356598,2,"5;9"
Root_7647,21.692163,25.930742,6,"0;1;2;3;4;9"
Root_7648,120.577398,46.208502,5,"1;2;3;4;9"
Root_7649,33.264931,31.260342,5,"0;2;3;4;9"
Root_7650,166.949603,50.838102,4,"2;3;4;9"
Root_7651,25.140154,26.856662,5,"0;1;3;4;9"
Root_7652,126.005443,47.134422,4,"1;3;4;9"
Root_7653,36.228954,32.186262,4,"0;3;4;9"
Root_7654,173.960643,51.764022,3,"3;4;9"
Root_7655,27.432867,27.844310,5,"0;1;2;4;9"
Root_7656,135.057219,48.122070,4,"1;2;4;9"
Root_7657,33.192067,33.173910,4,"0;2;4;9"
Root_7658,183.012419,52.751670,3,"2;4;9"
Root_7659,30.210627,28.770230,4,"0;1;4;9"
Root_7660,142.068259,49.047990,3,"1;4;9"
Root_7661,36.069658,34.099830,3,"0;4;9"
Root_7662,190.023459,53.677590,2,"4;9"
Root_7663,30.325306,28.152950,5,"0;1;2;3;9"
Root_7664,140.160899,48.430710,4,"1;2;3;9"
Root_7665,41.414106,33.482550,4,"0;2;3;9"
Root_7666,188.116099,53.060310,3,"2;3;9"
Root_7667,34.028986,29.078870,4,"0;1;3;9"
Root_7668,147.171939,49.356630,3,"1;3;9"
Root_7669,45.526256,34.408470,3,"0;3;9"
Root_7670,195.127139,53.986230,2,"3;9"
Root_7671,34.099491,30.066518,4,"0;1;2;9"
Root_7672,156.223715,50.344278,3,"1;2;9"
Root_7673,42.072966,35.396118,3,"0;2;9"
Root_7674,204.178915,54.973878,2,"2;9"
Root_7675,36.877251,30.992438,3,"0;1;9"
Root_7676,163.234755,51.270198,2,"1;9"
Root_7677,46.280528,36.322038,2,"0;9"
Root_7678,211.189955,55.899798,1,"9"
Root_7679,8.077696,16.899936,9,"0;1;2;3;4;5;6;7;8"
Root_7680,48.144928,37.177696,8,"1;2;3;4;5;6;7;8"
Root_7681,13.407296,22.229536,8,"0;2;3;4;5;6;7;8"
Root_7682,79.665334,41.807296,7,"2;3;4;5;6;7;8"
Root_7683,9.003616,17.825856,8,"0;1;3;4;5;6;7;8"
Root_7684,52.422752,38.103616,7,"1;3;4;5;6;7;8"
Root_7685,14.333216,23.155456,7,"0;3;4;5;6;7;8"
Root_7686,84.824534,42.733216,6,"3;4;5;6;7;8"
Root_7687,9.991264,18.813504,8,"0;1;2;4;5;6;7;8"
Root_7688,54.639904,39.091264,7,"1;2;4;5;6;7;8"
Root_7689,15.320864,24.143104,7,"0;2;4;5;6;7;8"
Root_7690,91.901014,43.720864,6,"2;4;5;6;7;8"
Root_7691,10.917184,19.739424,7,"0;1;4;5;6;7;8"
Root_7692,58.364214,40.017184,6,"1;4;5;6;7;8"
Root_7693,16.246784,25.069024,6,"0;4;5;6;7;8"
Root_7694,97.706998,44.646784,5,"4;5;6;7;8"
Root_7695,10.299904,19.122144,8,"0;1;2;3;5;6;7;8"
Root_7696,65.922592,39.399904,7,"1;2;3;5;6;7;8"
Root_7697,15.629504,24.451744,7,"0;2;3;5;6;7;8"
Root_7698,99.387414,44.029504,6,"2;3;5;6;7;8"
Root_7699,11.225824,20.048064,7,"0;1;3;5;6;7;8"
Root_7700,69.524790,40.325824,6,"1;3;5;6;7;8"
Root_7701,16.555424,25.377664,6,"0;3;5;6;7;8"
Root_7702,104.546614,44.955424,5,"3;5;6;7;8"
Root_7703,12.213472,21.035712,7,"0;1;2;5;6;7;8"
Root_7704,75.613622,41.313472,6,"1;2;5;6;7;8"
Root_7705,17.543072,26.365312,6,"0;2;5;6;7;8"
Root_7706,111.623094,45.943072,5,"2;5;6;7;8"
Root_7707,13.330624,21.961632,6,"0;1;5;6;7;8"
Root_7708,79.846902,42.239392,5,"1;5;6;7;8"
Root_7709,18.468992,27.291232,5,"0;5;6;7;8"
Root_7710,116.782294,46.868992,4,"5;6;7;8"
Root_7711,9.620896,18.443136,8,"0;1;2;3;4;6;7;8"
Root_7712,60.490528,38.720896,7,"1;2;3;4;6;7;8"
Root_7713,14.950496,23.772736,7,"0;2;3;4;6;7;8"
Root_7714,92.946838,43.350496,6,"2;3;4;6;7;8"
Root_7715,10.546816,19.369056,7,"0;1;3;4;6;7;8"
Root_7716,63.594176,39.646816,6,"1;3;4;6;7;8"
Root_7717,15.876416,24.698656,6,"0;3;4;6;7;8"
Root_7718,97.456534,44.276416,5,"3;4;6;7;8"
Root_7719,11.534464,20.356704,7,"0;1;2;4;6;7;8"
Root_7720,69.202550,40.634464,6,"1;2;4;6;7;8"
Root_7721,16.864064,25.686304,6,"0;2;4;6;7;8"
Root_7722,104.533014,45.264064,5,"2;4;6;7;8"
Root_7723,12.460384,21.282624,6,"0;1;4;6;7;8"
Root_7724,73.435830,41.560384,5,"1;4;6;7;8"
Root_7725,17.789984,26.612224,5,"0;4;6;7;8"
Root_7726,109.882198,46.189984,4,"4;6;7;8"
Root_7727,11.843104,20.665344,7,"0;1;2;3;6;7;8"
Root_7728,79.437206,40.943104,6,"1;2;3;6;7;8"
Root_7729,17.172704,25.994944,6,"0;2;3;6;7;8"
Root_7730,110.446710,45.572704,5,"2;3;6;7;8"
Root_7731,12.769024,21.591264,6,"0;1;3;6;7;8"
Root_7732,82.744566,41.869024,5,"1;3;6;7;8"
Root_7733,18.833056,26.920864,5,"0;3;6;7;8"
Root_7734,115.178614,46.498624,4,"3;6;7;8"
Root_7735,14.565184,22.578912,6,"0;1;2;6;7;8"
Root_7736,87.845750,42.856672,5,"1;2;6;7;8"
Root_7737,19.086272,27.908512,5,"0;2;6;7;8"
Root_7738,123.227638,47.486272,4,"2;6;7;8"
Root_7739,16.417024,23.504832,5,"0;1;6;7;8"
Root_7740,91.153110,43.782592,4,"1;6;7;8"
Root_7741,20.012192,28.834432,4,"0;6;7;8"
Root_7742,130.238678,48.412192,3,"6;7;8"
Root_7743,10.503606,19.325846,8,"0;1;2;3;4;5;7;8"
Root_7744,67.878026,39.603606,7,"1;2;3;4;5;7;8"
Root_7745,15.833206,24.655446,7,"0;2;3;4;5;7;8"
Root_7746,102.124438,44.233206,6,"2;3;4;5;7;8"
Root_7747,11.429526,20.251766,7,"0;1;3;4;5;7;8"
Root_7748,72.058112,40.529526,6,"1;3;4;5;7;8"
Root_7749,16.759126,25.581366,6,"0;3;4;5;7;8"
Root_7750,107.283638,45.159126,5,"3;4;5;7;8"
Root_7751,12.417174,21.239414,7,"0;1;2;4;5;7;8"
Root_7752,78.146944,41.517174,6,"1;2;4;5;7;8"
Root_7753,17.746774,26.569014,6,"0;2;4;5;7;8"
Root_7754,114.360118,46.146774,5,"2;4;5;7;8"
Root_7755,13.738029,22.165334,6,"0;1;4;5;7;8"
Root_7756,82.380224,42.443094,5,"1;4;5;7;8"
Root_7757,18.672694,27.494934,5,"0;4;5;7;8"
Root_7758,119.664707,47.072694,4,"4;5;7;8"
Root_7759,12.725814,21.548054,7,"0;1;2;3;5;7;8"
Root_7760,87.498890,41.825814,6,"1;2;3;5;7;8"
Root_7761,18.746637,26.877654,6,"0;2;3;5;7;8"
Root_7762,119.391104,46.455414,5,"2;3;5;7;8"
Root_7763,14.355309,22.473974,6,"0;1;3;5;7;8"
Root_7764,90.806250,42.751734,5,"1;3;5;7;8"
Root_7765,20.598477,27.803574,5,"0;3;5;7;8"
Root_7766,124.768387,47.381334,4,"3;5;7;8"
Root_7767,16.330605,23.461622,6,"0;1;2;5;7;8"
Root_7768,95.907434,43.739382,5,"1;2;5;7;8"
Root_7769,19.968982,28.791222,5,"0;2;5;7;8"
Root_7770,133.820163,48.368982,4,"2;5;7;8"
Root_7771,18.182445,24.387542,5,"0;1;5;7;8"
Root_7772,99.880096,44.665302,4,"1;5;7;8"
Root_7773,21.341645,29.717142,4,"0;5;7;8"
Root_7774,140.831203,49.294902,3,"5;7;8"
Root_7775,12.046806,20.869046,7,"0;1;2;3;4;7;8"
Root_7776,81.766826,41.146806,6,"1;2;3;4;7;8"
Root_7777,17.388621,26.198646,6,"0;2;3;4;7;8"
Root_7778,112.980032,45.776406,5,"2;3;4;7;8"
Root_7779,12.997293,21.794966,6,"0;1;3;4;7;8"
Root_7780,85.074186,42.072726,5,"1;3;4;7;8"
Root_7781,19.240461,27.124566,5,"0;3;4;7;8"
Root_7782,117.915638,46.702326,4,"3;4;7;8"
Root_7783,14.972589,22.782614,6,"0;1;2;4;7;8"
Root_7784,90.175370,43.060374,5,"1;2;4;7;8"
Root_7785,19.289974,28.112214,5,"0;2;4;7;8"
Root_7786,126.372067,47.689974,4,"2;4;7;8"
Root_7787,16.824429,23.708534,5,"0;1;4;7;8"
Root_7788,93.482730,43.986294,4,"1;4;7;8"
Root_7789,20.215894,29.038134,4,"0;4;7;8"
Root_7790,133.383107,48.615894,3,"4;7;8"
Root_7791,15.589869,23.091254,6,"0;1;2;3;7;8"
Root_7792,97.675475,43.369014,5,"1;2;3;7;8"
Root_7793,21.833037,28.420854,5,"0;2;3;7;8"
Root_7794,131.475747,47.998614,4,"2;3;7;8"
Root_7795,17.441709,24.017174,5,"0;1;3;7;8"
Root_7796,100.351850,44.294934,4,"1;3;7;8"
Root_7797,23.761251,29.346774,4,"0;3;7;8"
Root_7798,138.486787,48.924534,3,"3;7;8"
Root_7799,19.417005,25.004822,5,"0;1;2;7;8"
Root_7800,105.453034,45.282582,4,"1;2;7;8"
Root_7801,22.576205,30.334422,4,"0;2;7;8"
Root_7802,147.538563,49.912182,3,"2;7;8"
Root_7803,21.268845,25.930742,4,"0;1;7;8"
Root_7804,108.968896,46.208502,3,"1;7;8"
Root_7805,24.428045,31.260342,3,"0;7;8"
Root_7806,154.549603,50.838102,2,"7;8"
Root_7807,11.102368,19.924608,8,"0;1;2;3;4;5;6;8"
Root_7808,68.113686,40.202368,7,"1;2;3;4;5;6;8"
Root_7809,16.431968,25.254208,7,"0;2;3;4;5;6;8"
Root_7810,103.844022,44.831968,6,"2;3;4;5;6;8"
Root_7811,12.028288,20.850528,7,"0;1;3;4;5;6;8"
Root_7812,72.346966,41.128288,6,"1;3;4;5;6;8"
Root_7813,17.357888,26.180128,6,"0;3;4;5;6;8"
Root_7814,109.929142,45.757888,5,"3;4;5;6;8"
Root_7815,13.083712,21.838176,7,"0;1;2;4;5;6;8"
Root_7816,78.435798,42.115936,6,"1;2;4;5;6;8"
Root_7817,18.345536,27.167776,6,"0;2;4;5;6;8"
Root_7818,117.993270,46.745536,5,"2;4;5;6;8"
Root_7819,14.935552,22.764096,6,"0;1;4;5;6;8"
Root_7820,82.669078,43.041856,5,"1;4;5;6;8"
Root_7821,19.271456,28.093696,5,"0;4;5;6;8"
Root_7822,124.749846,47.671456,4,"4;5;6;8"
Root_7823,13.700992,22.146816,7,"0;1;2;3;5;6;8"
Root_7824,87.188982,42.424576,6,"1;2;3;5;6;8"
Root_7825,19.944160,27.476416,6,"0;2;3;5;6;8"
Root_7826,122.842486,47.054176,5,"2;3;5;6;8"
Root_7827,15.552832,23.072736,6,"0;1;3;5;6;8"
Root_7828,90.496342,43.350496,5,"1;3;5;6;8"
Root_7829,21.796000,28.402336,5,"0;3;5;6;8"
Root_7830,129.853526,47.980096,4,"3;5;6;8"
Root_7831,17.528128,24.060384,6,"0;1;2;5;6;8"
Root_7832,96.273814,44.338144,5,"1;2;5;6;8"
Root_7833,20.687328,29.389984,5,"0;2;5;6;8"
Root_7834,138.905302,48.967744,4,"2;5;6;8"
Root_7835,19.379968,24.986304,5,"0;1;5;6;8"
Root_7836,101.433014,45.264064,4,"1;5;6;8"
Root_7837,22.539168,30.315904,4,"0;5;6;8"
Root_7838,145.916342,49.893664,3,"5;6;8"
Root_7839,12.645568,21.467808,7,"0;1;2;3;4;6;8"
Root_7840,81.456918,41.745568,6,"1;2;3;4;6;8"
Root_7841,18.586144,26.797408,6,"0;2;3;4;6;8"
Root_7842,116.019222,46.375168,5,"2;3;4;6;8"
Root_7843,14.194816,22.393728,6,"0;1;3;4;6;8"
Root_7844,84.764278,42.671488,5,"1;3;4;6;8"
Root_7845,20.437984,27.723328,5,"0;3;4;6;8"
Root_7846,122.405430,47.301088,4,"3;4;6;8"
Root_7847,16.170112,23.381376,6,"0;1;2;4;6;8"
Root_7848,89.865462,43.659136,5,"1;2;4;6;8"
Root_7849,19.888736,28.710976,5,"0;2;4;6;8"
Root_7850,131.457206,48.288736,4,"2;4;6;8"
Root_7851,18.021952,24.307296,5,"0;1;4;6;8"
Root_7852,94.342934,44.585056,4,"1;4;6;8"
Root_7853,21.181152,29.636896,4,"0;4;6;8"
Root_7854,138.468246,49.214656,3,"4;6;8"
Root_7855,16.787392,23.690016,6,"0;1;2;3;6;8"
Root_7856,96.766806,43.967776,5,"1;2;3;6;8"
Root_7857,23.030560,29.019616,5,"0;2;3;6;8"
Root_7858,136.560886,48.597376,4,"2;3;6;8"
Root_7859,18.639232,24.615936,5,"0;1;3;6;8"
Root_7860,100.935638,44.893696,4,"1;3;6;8"
Root_7861,25.557536,29.945536,4,"0;3;6;8"
Root_7862,143.571926,49.523296,3,"3;6;8"
Root_7863,20.614528,25.603584,5,"0;1;2;6;8"
Root_7864,107.024470,45.881344,4,"1;2;6;8"
Root_7865,23.773728,30.933184,4,"0;2;6;8"
Root_7866,152.623702,50.510944,3,"2;6;8"
Root_7867,22.466368,26.529504,4,"0;1;6;8"
Root_7868,112.065014,46.807264,3,"1;6;8"
Root_7869,25.625568,31.859104,3,"0;6;8"
Root_7870,159.634742,51.436864,2,"6;8"
Root_7871,14.108397,22.350518,7,"0;1;2;3;4;5;8"
Root_7872,89.518602,42.628278,6,"1;2;3;4;5;8"
Root_7873,20.351565,27.680118,6,"0;2;3;4;5;8"
Root_7874,125.986915,47.257878,5,"2;3;4;5;8"
Root_7875,15.960237,23.276438,6,"0;1;3;4;5;8"
Root_7876,92.825962,43.554198,5,"1;3;4;5;8"
Root_7877,22.203405,28.606038,5,"0;3;4;5;8"
Root_7878,132.997955,48.183798,4,"3;4;5;8"
Root_7879,17.935533,24.264086,6,"0;1;2;4;5;8"
Root_7880,99.010838,44.541846,5,"1;2;4;5;8"
Root_7881,21.094733,29.593686,5,"0;2;4;5;8"
Root_7882,142.049731,49.171446,4,"2;4;5;8"
Root_7883,19.787373,25.190006,5,"0;1;4;5;8"
Root_7884,104.170038,45.467766,4,"1;4;5;8"
Root_7885,22.946573,30.519606,4,"0;4;5;8"
Root_7886,149.060771,50.097366,3,"4;5;8"
Root_7887,18.552813,24.572726,6,"0;1;2;3;5;8"
Root_7888,105.646752,44.850486,5,"1;2;3;5;8"
Root_7889,25.427907,29.902326,5,"0;2;3;5;8"
Root_7890,147.153411,49.480086,4,"2;3;5;8"
Root_7891,20.404653,25.498646,5,"0;1;3;5;8"
Root_7892,109.880032,45.776406,4,"1;3;5;8"
Root_7893,28.205667,30.828246,4,"0;3;5;8"
Root_7894,154.164451,50.406006,3,"3;5;8"
Root_7895,22.379949,26.486294,5,"0;1;2;5;8"
Root_7896,115.968864,46.764054,4,"1;2;5;8"
Root_7897,25.539149,31.815894,4,"0;2;5;8"
Root_7898,163.216227,51.393654,3,"2;5;8"
Root_7899,24.231789,27.412214,4,"0;1;5;8"
Root_7900,122.272067,47.689974,3,"1;5;8"
Root_7901,28.132803,32.741814,3,"0;5;8"
Root_7902,170.227267,52.319574,2,"5;8"
Root_7903,17.194797,23.893718,6,"0;1;2;3;4;8"
Root_7904,99.235680,44.171478,5,"1;2;3;4;8"
Root_7905,23.437965,29.223318,5,"0;2;3;4;8"
Root_7906,139.705315,48.801078,4,"2;3;4;8"
Root_7907,19.046637,24.819638,5,"0;1;3;4;8"
Root_7908,103.468960,45.097398,4,"1;3;4;8"
Root_7909,26.168643,30.149238,4,"0;3;4;8"
Root_7910,146.716355,49.726998,3,"3;4;8"
Root_7911,21.021933,25.807286,5,"0;1;2;4;8"
Root_7912,109.642838,46.085046,4,"1;2;4;8"
Root_7913,24.181133,31.136886,4,"0;2;4;8"
Root_7914,155.768131,50.714646,3,"2;4;8"
Root_7915,22.873773,26.733206,4,"0;1;4;8"
Root_7916,114.823971,47.010966,3,"1;4;8"
Root_7917,26.095779,32.062806,3,"0;4;8"
Root_7918,162.779171,51.640566,2,"4;8"
Root_7919,21.639213,26.115926,5,"0;1;2;3;8"
Root_7920,114.735552,46.393686,4,"1;2;3;8"
Root_7921,30.057507,31.445526,4,"0;2;3;8"
Root_7922,160.871811,51.023286,3,"2;3;8"
Root_7923,24.346467,27.041846,4,"0;1;3;8"
Root_7924,119.927651,47.319606,3,"1;3;8"
Root_7925,33.206714,32.371446,3,"0;3;8"
Root_7926,167.882851,51.949206,2,"3;8"
Root_7927,25.466349,28.029494,4,"0;1;2;8"
Root_7928,128.979427,48.307254,3,"1;2;8"
Root_7929,29.984643,33.359094,3,"0;2;8"
Root_7930,176.934627,52.936854,2,"2;8"
Root_7931,27.318189,28.955414,3,"0;1;8"
Root_7932,135.990467,49.233174,2,"1;8"
Root_7933,33.047418,34.285014,2,"0;8"
Root_7934,183.945667,53.862774,1,"8"
Root_7935,12.707296,21.529536,8,"0;1;2;3;4;5;6;7"
Root_7936,83.165334,41.807296,7,"1;2;3;4;5;6;7"
Root_7937,18.709600,26.859136,7,"0;2;3;4;5;6;7"
Root_7938,124.298230,46.436896,6,"2;3;4;5;6;7"
Root_7939,14.318272,22.455456,7,"0;1;3;4;5;6;7"
Root_7940,88.324534,42.733216,6,"1;3;4;5;6;7"
Root_7941,20.561440,27.785056,6,"0;3;4;5;6;7"
Root_7942,130.746166,47.362816,5,"3;4;5;6;7"
Root_7943,16.293568,23.443104,7,"0;1;2;4;5;6;7"
Root_7944,95.401014,43.720864,6,"1;2;4;5;6;7"
Root_7945,19.950464,28.772704,6,"0;2;4;5;6;7"
Root_7946,139.797942,48.350464,5,"2;4;5;6;7"
Root_7947,18.145408,24.369024,6,"0;1;4;5;6;7"
Root_7948,101.206998,44.646784,5,"1;4;5;6;7"
Root_7949,20.876384,29.698624,5,"0;4;5;6;7"
Root_7950,146.808982,49.276384,4,"4;5;6;7"
Root_7951,16.910848,23.751744,7,"0;1;2;3;5;6;7"
Root_7952,102.887414,44.029504,6,"1;2;3;5;6;7"
Root_7953,23.154016,29.081344,6,"0;2;3;5;6;7"
Root_7954,144.901622,48.659104,5,"2;3;5;6;7"
Root_7955,18.762688,24.677664,6,"0;1;3;5;6;7"
Root_7956,108.046614,44.955424,5,"1;3;5;6;7"
Root_7957,25.005856,30.007264,5,"0;3;5;6;7"
Root_7958,151.912662,49.585024,4,"3;5;6;7"
Root_7959,20.737984,25.665312,6,"0;1;2;5;6;7"
Root_7960,115.123094,45.943072,5,"1;2;5;6;7"
Root_7961,22.172672,30.994912,5,"0;2;5;6;7"
Root_7962,160.964438,50.572672,4,"2;5;6;7"
Root_7963,22.589824,26.591232,5,"0;1;5;6;7"
Root_7964,120.282294,46.868992,4,"1;5;6;7"
Root_7965,23.098592,31.920832,4,"0;5;6;7"
Root_7966,167.975478,51.498592,3,"5;6;7"
Root_7967,15.552832,23.072736,7,"0;1;2;3;4;6;7"
Root_7968,96.446838,43.350496,6,"1;2;3;4;6;7"
Root_7969,21.796000,28.402336,6,"0;2;3;4;6;7"
Root_7970,137.453526,47.980096,5,"2;3;4;6;7"
Root_7971,17.404672,23.998656,6,"0;1;3;4;6;7"
Root_7972,100.956534,44.276416,5,"1;3;4;6;7"
Root_7973,23.647840,29.328256,5,"0;3;4;6;7"
Root_7974,144.464566,48.906016,4,"3;4;6;7"
Root_7975,19.379968,24.986304,6,"0;1;2;4;6;7"
Root_7976,108.033014,45.264064,5,"1;2;4;6;7"
Root_7977,21.493664,30.315904,5,"0;2;4;6;7"
Root_7978,153.516342,49.893664,4,"2;4;6;7"
Root_7979,21.231808,25.912224,5,"0;1;4;6;7"
Root_7980,113.382198,46.189984,4,"1;4;6;7"
Root_7981,22.419584,31.241824,4,"0;4;6;7"
Root_7982,160.527382,50.819584,3,"4;6;7"
Root_7983,19.997248,25.294944,6,"0;1;2;3;6;7"
Root_7984,113.946710,45.572704,5,"1;2;3;6;7"
Root_7985,26.240416,30.624544,5,"0;2;3;6;7"
Root_7986,158.620022,50.202304,4,"2;3;6;7"
Root_7987,21.883520,26.220864,5,"0;1;3;6;7"
Root_7988,118.678614,46.498624,4,"1;3;6;7"
Root_7989,28.092256,31.550464,4,"0;3;6;7"
Root_7990,165.631062,51.128224,3,"3;6;7"
Root_7991,23.824384,27.208512,5,"0;1;2;6;7"
Root_7992,126.727638,47.486272,4,"1;2;6;7"
Root_7993,24.253984,32.538112,4,"0;2;6;7"
Root_7994,174.682838,52.115872,3,"2;6;7"
Root_7995,25.676224,28.134432,4,"0;1;6;7"
Root_7996,133.738678,48.412192,3,"1;6;7"
Root_7997,26.105824,33.464032,3,"0;6;7"
Root_7998,181.693878,53.041792,2,"6;7"
Root_7999,17.318253,23.955446,7,"0;1;2;3;4;5;7"
Root_8000,105.624438,44.233206,6,"1;2;3;4;5;7"
Root_8001,23.561421,29.285046,6,"0;2;3;4;5;7"
Root_8002,148.046051,48.862806,5,"2;3;4;5;7"
Root_8003,19.170093,24.881366,6,"0;1;3;4;5;7"
Root_8004,110.783638,45.159126,5,"1;3;4;5;7"
Root_8005,25.413261,30.210966,5,"0;3;4;5;7"
Root_8006,155.057091,49.788726,4,"3;4;5;7"
Root_8007,21.145389,25.869014,6,"0;1;2;4;5;7"
Root_8008,117.860118,46.146774,5,"1;2;4;5;7"
Root_8009,22.376374,31.198614,5,"0;2;4;5;7"
Root_8010,164.108867,50.776374,4,"2;4;5;7"
Root_8011,22.997229,26.794934,5,"0;1;4;5;7"
Root_8012,123.164707,47.072694,4,"1;4;5;7"
Root_8013,23.426829,32.124534,4,"0;4;5;7"
Root_8014,171.119907,51.702294,3,"4;5;7"
Root_8015,21.762669,26.177654,6,"0;1;2;3;5;7"
Root_8016,122.891104,46.455414,5,"1;2;3;5;7"
Root_8017,28.005837,31.507254,5,"0;2;3;5;7"
Root_8018,169.212547,51.085014,4,"2;3;5;7"
Root_8019,24.531651,27.103574,5,"0;1;3;5;7"
Root_8020,128.268387,47.381334,4,"1;3;5;7"
Root_8021,30.290851,32.433174,4,"0;3;5;7"
Root_8022,176.223587,52.010934,3,"3;5;7"
Root_8023,25.589805,28.091222,5,"0;1;2;5;7"
Root_8024,137.320163,48.368982,4,"1;2;5;7"
Root_8025,26.019405,33.420822,4,"0;2;5;7"
Root_8026,185.275363,52.998582,3,"2;5;7"
Root_8027,27.441645,29.017142,4,"0;1;5;7"
Root_8028,144.331203,49.294902,3,"1;5;7"
Root_8029,28.489402,34.346742,3,"0;5;7"
Root_8030,192.286403,53.924502,2,"5;7"
Root_8031,20.404653,25.498646,6,"0;1;2;3;4;7"
Root_8032,116.480032,45.776406,5,"1;2;3;4;7"
Root_8033,26.647821,30.828246,5,"0;2;3;4;7"
Root_8034,161.764451,50.406006,4,"2;3;4;7"
Root_8035,22.494627,26.424566,5,"0;1;3;4;7"
Root_8036,121.415638,46.702326,4,"1;3;4;7"
Root_8037,28.499661,31.754166,4,"0;3;4;7"
Root_8038,168.775491,51.331926,3,"3;4;7"
Root_8039,24.231789,27.412214,5,"0;1;2;4;7"
Root_8040,129.872067,47.689974,4,"1;2;4;7"
Root_8041,24.661389,32.741814,4,"0;2;4;7"
Root_8042,177.827267,52.319574,3,"2;4;7"
Root_8043,26.083629,28.338134,4,"0;1;4;7"
Root_8044,136.883107,48.615894,3,"1;4;7"
Root_8045,26.513229,33.667734,3,"0;4;7"
Root_8046,184.838307,53.245494,2,"4;7"
Root_8047,26.383491,27.720854,5,"0;1;2;3;7"
Root_8048,134.975747,47.998614,4,"1;2;3;7"
Root_8049,32.142691,33.050454,4,"0;2;3;7"
Root_8050,182.930947,52.628214,3,"2;3;7"
Root_8051,29.161251,28.646774,4,"0;1;3;7"
Root_8052,141.986787,48.924534,3,"1;3;7"
Root_8053,34.920451,33.976374,3,"0;3;7"
Root_8054,189.941987,53.554134,2,"3;7"
Root_8055,28.676205,29.634422,4,"0;1;2;7"
Root_8056,151.038563,49.912182,3,"1;2;7"
Root_8057,30.958522,34.964022,3,"0;2;7"
Root_8058,198.993763,54.541782,2,"2;7"
Root_8059,30.528045,30.560342,3,"0;1;7"
Root_8060,158.049603,50.838102,2,"1;7"
Root_8061,36.442086,35.889942,2,"0;7"
Root_8062,206.004803,55.467702,1,"7"
Root_8063,18.515776,24.554208,7,"0;1;2;3;4;5;6"
Root_8064,107.344022,44.831968,6,"1;2;3;4;5;6"
Root_8065,24.758944,29.883808,6,"0;2;3;4;5;6"
Root_8066,153.131190,49.461568,5,"2;3;4;5;6"
Root_8067,20.367616,25.480128,6,"0;1;3;4;5;6"
Root_8068,113.429142,45.757888,5,"1;3;4;5;6"
Root_8069,26.610784,30.809728,5,"0;3;4;5;6"
Root_8070,160.142230,50.387488,4,"3;4;5;6"
Root_8071,22.342912,26.467776,6,"0;1;2;4;5;6"
Root_8072,121.493270,46.745536,5,"1;2;4;5;6"
Root_8073,22.975136,31.797376,5,"0;2;4;5;6"
Root_8074,169.194006,51.375136,4,"2;4;5;6"
Root_8075,24.194752,27.393696,5,"0;1;4;5;6"
Root_8076,128.249846,47.671456,4,"1;4;5;6"
Root_8077,24.624352,32.723296,4,"0;4;5;6"
Root_8078,176.205046,52.301056,3,"4;5;6"
Root_8079,23.550176,26.776416,6,"0;1;2;3;5;6"
Root_8080,126.342486,47.054176,5,"1;2;3;5;6"
Root_8081,29.309376,32.106016,5,"0;2;3;5;6"
Root_8082,174.297686,51.683776,4,"2;3;5;6"
Root_8083,26.327936,27.702336,5,"0;1;3;5;6"
Root_8084,133.353526,47.980096,4,"1;3;5;6"
Root_8085,32.087136,33.031936,4,"0;3;5;6"
Root_8086,181.308726,52.609696,3,"3;5;6"
Root_8087,26.787328,28.689984,5,"0;1;2;5;6"
Root_8088,142.405302,48.967744,4,"1;2;5;6"
Root_8089,27.236512,34.019584,4,"0;2;5;6"
Root_8090,190.360502,53.597344,3,"2;5;6"
Root_8091,28.639168,29.615904,4,"0;1;5;6"
Root_8092,149.416342,49.893664,3,"1;5;6"
Root_8093,30.014272,34.945504,3,"0;5;6"
Root_8094,197.371542,54.523264,2,"5;6"
Root_8095,21.602176,26.097408,6,"0;1;2;3;4;6"
Root_8096,119.519222,46.375168,5,"1;2;3;4;6"
Root_8097,27.845344,31.427008,5,"0;2;3;4;6"
Root_8098,166.849590,51.004768,4,"2;3;4;6"
Root_8099,24.290912,27.023328,5,"0;1;3;4;6"
Root_8100,125.905430,47.301088,4,"1;3;4;6"
Root_8101,30.050112,32.352928,4,"0;3;4;6"
Root_8102,173.860630,51.930688,3,"3;4;6"
Root_8103,25.429312,28.010976,5,"0;1;2;4;6"
Root_8104,134.957206,48.288736,4,"1;2;4;6"
Root_8105,25.858912,33.340576,4,"0;2;4;6"
Root_8106,182.912406,52.918336,3,"2;4;6"
Root_8107,27.281152,28.936896,4,"0;1;4;6"
Root_8108,141.968246,49.214656,3,"1;4;6"
Root_8109,27.977248,34.266496,3,"0;4;6"
Root_8110,189.923446,53.844256,2,"4;6"
Root_8111,28.179776,28.319616,5,"0;1;2;3;6"
Root_8112,140.060886,48.597376,4,"1;2;3;6"
Root_8113,33.938976,33.649216,4,"0;2;3;6"
Root_8114,188.016086,53.226976,3,"2;3;6"
Root_8115,30.957536,29.245536,4,"0;1;3;6"
Root_8116,147.071926,49.523296,3,"1;3;6"
Root_8117,37.291872,34.575136,3,"0;3;6"
Root_8118,195.027126,54.152896,2,"3;6"
Root_8119,29.873728,30.233184,4,"0;1;2;6"
Root_8120,156.123702,50.510944,3,"1;2;6"
Root_8121,33.580384,35.562784,3,"0;2;6"
Root_8122,204.078902,55.140544,2,"2;6"
Root_8123,31.725568,31.159104,3,"0;1;6"
Root_8124,163.134742,51.436864,2,"1;6"
Root_8125,37.621280,36.488704,2,"0;6"
Root_8126,211.089942,56.066464,1,"6"
Root_8127,24.161283,26.980118,6,"0;1;2;3;4;5"
Root_8128,129.486915,47.257878,5,"1;2;3;4;5"
Root_8129,29.920483,32.309718,5,"0;2;3;4;5"
Root_8130,177.442115,51.887478,4,"2;3;4;5"
Root_8131,26.939043,27.906038,5,"0;1;3;4;5"
Root_8132,136.497955,48.183798,4,"1;3;4;5"
Root_8133,32.698243,33.235638,4,"0;3;4;5"
Root_8134,184.453155,52.813398,3,"3;4;5"
Root_8135,27.194733,28.893686,5,"0;1;2;4;5"
Root_8136,145.549731,49.171446,4,"1;2;4;5"
Root_8137,27.847619,34.223286,4,"0;2;4;5"
Root_8138,193.504931,53.801046,3,"2;4;5"
Root_8139,29.046573,29.819606,4,"0;1;4;5"
Root_8140,152.560771,50.097366,3,"1;4;5"
Root_8141,30.923792,35.149206,3,"0;4;5"
Root_8142,200.515971,54.726966,2,"4;5"
Root_8143,30.827907,29.202326,5,"0;1;2;3;5"
Root_8144,150.653411,49.480086,4,"1;2;3;5"
Root_8145,37.119034,34.531926,4,"0;2;3;5"
Root_8146,198.608611,54.109686,3,"2;3;5"
Root_8147,33.605667,30.128246,4,"0;1;3;5"
Root_8148,157.664451,50.406006,3,"1;3;5"
Root_8149,41.280560,35.457846,3,"0;3;5"
Root_8150,205.619651,55.035606,2,"3;5"
Root_8151,31.639149,31.115894,4,"0;1;2;5"
Root_8152,166.716227,51.393654,3,"1;2;5"
Root_8153,38.876646,36.445494,3,"0;2;5"
Root_8154,214.671427,56.023254,2,"2;5"
Root_8155,33.532803,32.041814,3,"0;1;5"
Root_8156,173.727267,52.319574,2,"1;5"
Root_8157,42.034832,37.371414,2,"0;5"
Root_8158,221.682467,56.949174,1,"5"
Root_8159,28.790883,28.523318,5,"0;1;2;3;4"
Root_8160,143.205315,48.801078,4,"1;2;3;4"
Root_8161,34.550083,33.852918,4,"0;2;3;4"
Root_8162,191.160515,53.430678,3,"2;3;4"
Root_8163,31.568643,29.449238,4,"0;1;3;4"
Root_8164,150.216355,49.726998,3,"1;3;4"
Root_8165,38.106682,34.778838,3,"0;3;4"
Root_8166,198.171555,54.356598,2,"3;4"
Root_8167,30.281133,30.436886,4,"0;1;2;4"
Root_8168,159.268131,50.714646,3,"1;2;4"
Root_8169,34.802598,35.766486,3,"0;2;4"
Root_8170,207.223331,55.344246,2,"2;4"
Root_8171,32.132973,31.362806,3,"0;1;4"
Root_8172,166.279171,51.640566,2,"1;4"
Root_8173,38.639792,36.692406,2,"0;4"
Root_8174,214.234371,56.270166,1,"4"
Root_8175,35.457507,30.745526,4,"0;1;2;3"
Root_8176,164.371811,51.023286,3,"1;2;3"
Root_8177,45.468006,36.075126,3,"0;2;3"
Root_8178,212.327011,55.652886,2,"2;3"
Root_8179,38.235267,31.671446,3,"0;1;3"
Root_8180,171.382851,51.949206,2,"1;3"
Root_8181,48.996560,37.001046,2,"0;3"
Root_8182,219.338051,56.578806,1,"3"
Root_8183,35.384643,32.659094,3,"0;1;2"
Root_8184,180.434627,52.936854,2,"1;2"
Root_8185,48.135846,37.988694,2,"0;2"
Root_8186,228.389827,57.566454,1,"2"
Root_8187,38.162403,33.585014,2,"0;1"
Root_8188,187.445667,53.862774,1,"1"
Root_8189,50.665446,38.914614,1,"0"
Root_8190,235.400867,58.492374,0,""
