Node Name,Lower Bound,Completion Time,Unassigned Count,Unassigned Parts
Root_0,152.925494,27.177760,12,"1;2;3;4;5;6;7;8;9;10;11;12"
Root_1,34.296064,12.229600,12,"0;2;3;4;5;6;7;8;9;10;11;12"
Root_2,201.073334,31.807360,11,"2;3;4;5;6;7;8;9;10;11;12"
Root_3,14.203680,5.025920,12,"0;1;3;4;5;6;7;8;9;10;11;12"
Root_4,159.936534,28.103680,11,"1;3;4;5;6;7;8;9;10;11;12"
Root_5,37.225664,13.155520,11,"0;3;4;5;6;7;8;9;10;11;12"
Root_6,207.891734,32.733280,10,"3;4;5;6;7;8;9;10;11;12"
Root_7,21.534496,8.813568,12,"0;1;2;4;5;6;7;8;9;10;11;12"
Root_8,168.988310,29.091328,11,"1;2;4;5;6;7;8;9;10;11;12"
Root_9,45.332992,14.143168,11,"0;2;4;5;6;7;8;9;10;11;12"
Root_10,216.943510,33.720928,10,"2;4;5;6;7;8;9;10;11;12"
Root_11,23.848032,9.739488,11,"0;1;4;5;6;7;8;9;10;11;12"
Root_12,175.999350,30.017248,10,"1;4;5;6;7;8;9;10;11;12"
Root_13,46.793504,15.069088,10,"0;4;5;6;7;8;9;10;11;12"
Root_14,223.954550,34.646848,9,"4;5;6;7;8;9;10;11;12"
Root_15,19.351776,7.722208,12,"0;1;2;3;5;6;7;8;9;10;11;12"
Root_16,174.091990,29.399968,11,"1;2;3;5;6;7;8;9;10;11;12"
Root_17,43.276192,14.451808,11,"0;2;3;5;6;7;8;9;10;11;12"
Root_18,222.047190,34.029568,10,"2;3;5;6;7;8;9;10;11;12"
Root_19,21.203616,8.648128,11,"0;1;3;5;6;7;8;9;10;11;12"
Root_20,181.103030,30.325888,10,"1;3;5;6;7;8;9;10;11;12"
Root_21,44.428064,15.377728,10,"0;3;5;6;7;8;9;10;11;12"
Root_22,229.058230,34.955488,9,"3;5;6;7;8;9;10;11;12"
Root_23,26.568960,11.035776,11,"0;1;2;5;6;7;8;9;10;11;12"
Root_24,190.154806,31.313536,10,"1;2;5;6;7;8;9;10;11;12"
Root_25,51.578656,16.365376,10,"0;2;5;6;7;8;9;10;11;12"
Root_26,238.110006,35.943136,9,"2;5;6;7;8;9;10;11;12"
Root_27,29.285024,11.961696,10,"0;1;5;6;7;8;9;10;11;12"
Root_28,197.165846,32.239456,9,"1;5;6;7;8;9;10;11;12"
Root_29,51.494528,17.291296,9,"0;5;6;7;8;9;10;11;12"
Root_30,245.121046,36.869056,8,"5;6;7;8;9;10;11;12"
Root_31,16.593760,6.343200,12,"0;1;2;3;4;6;7;8;9;10;11;12"
Root_32,166.922934,28.720960,11,"1;2;3;4;6;7;8;9;10;11;12"
Root_33,43.697152,13.772800,11,"0;2;3;4;6;7;8;9;10;11;12"
Root_34,214.599094,33.350560,10,"2;3;4;6;7;8;9;10;11;12"
Root_35,18.445600,7.269120,11,"0;1;3;4;6;7;8;9;10;11;12"
Root_36,173.654934,29.646880,10,"1;3;4;6;7;8;9;10;11;12"
Root_37,46.453952,14.698720,10,"0;3;4;6;7;8;9;10;11;12"
Root_38,221.610134,34.276480,9,"3;4;6;7;8;9;10;11;12"
Root_39,25.699872,10.356768,11,"0;1;2;4;6;7;8;9;10;11;12"
Root_40,182.706710,30.634528,10,"1;2;4;6;7;8;9;10;11;12"
Root_41,54.592192,15.686368,10,"0;2;4;6;7;8;9;10;11;12"
Root_42,230.661910,35.264128,9,"2;4;6;7;8;9;10;11;12"
Root_43,29.252896,11.282688,10,"0;1;4;6;7;8;9;10;11;12"
Root_44,189.717750,31.560448,9,"1;4;6;7;8;9;10;11;12"
Root_45,55.121792,16.612288,9,"0;4;6;7;8;9;10;11;12"
Root_46,237.672950,36.190048,8,"4;6;7;8;9;10;11;12"
Root_47,22.438176,9.265408,11,"0;1;2;3;6;7;8;9;10;11;12"
Root_48,187.810390,30.943168,10,"1;2;3;6;7;8;9;10;11;12"
Root_49,52.535392,15.995008,10,"0;2;3;6;7;8;9;10;11;12"
Root_50,235.765590,35.572768,9,"2;3;6;7;8;9;10;11;12"
Root_51,24.290016,10.191328,10,"0;1;3;6;7;8;9;10;11;12"
Root_52,194.821430,31.869088,9,"1;3;6;7;8;9;10;11;12"
Root_53,53.064992,16.920928,9,"0;3;6;7;8;9;10;11;12"
Root_54,242.776630,36.498688,8,"3;6;7;8;9;10;11;12"
Root_55,32.741760,12.578976,10,"0;1;2;6;7;8;9;10;11;12"
Root_56,203.873206,32.856736,9,"1;2;6;7;8;9;10;11;12"
Root_57,60.841408,17.908576,9,"0;2;6;7;8;9;10;11;12"
Root_58,251.828406,37.486336,8,"2;6;7;8;9;10;11;12"
Root_59,34.745440,13.504896,9,"0;1;6;7;8;9;10;11;12"
Root_60,210.884246,33.782656,8,"1;6;7;8;9;10;11;12"
Root_61,62.296928,18.834496,8,"0;6;7;8;9;10;11;12"
Root_62,258.839446,38.412256,7,"6;7;8;9;10;11;12"
Root_63,18.359181,7.225910,12,"0;1;2;3;4;5;7;8;9;10;11;12"
Root_64,177.236419,29.603670,11,"1;2;3;4;5;7;8;9;10;11;12"
Root_65,49.876125,14.655510,11,"0;2;3;4;5;7;8;9;10;11;12"
Root_66,225.191619,34.233270,10,"2;3;4;5;7;8;9;10;11;12"
Root_67,20.211021,8.151830,11,"0;1;3;4;5;7;8;9;10;11;12"
Root_68,184.247459,30.529590,10,"1;3;4;5;7;8;9;10;11;12"
Root_69,51.750214,15.581430,10,"0;3;4;5;7;8;9;10;11;12"
Root_70,232.202659,35.159190,9,"3;4;5;7;8;9;10;11;12"
Root_71,29.345456,11.239478,11,"0;1;2;4;5;7;8;9;10;11;12"
Root_72,193.299235,31.517238,10,"1;2;4;5;7;8;9;10;11;12"
Root_73,59.888454,16.569078,10,"0;2;4;5;7;8;9;10;11;12"
Root_74,241.254435,36.146838,9,"2;4;5;7;8;9;10;11;12"
Root_75,32.783738,12.165398,10,"0;1;4;5;7;8;9;10;11;12"
Root_76,200.310275,32.443158,9,"1;4;5;7;8;9;10;11;12"
Root_77,60.642653,17.494998,9,"0;4;5;7;8;9;10;11;12"
Root_78,248.265475,37.072758,8,"4;5;7;8;9;10;11;12"
Root_79,24.203597,10.148118,11,"0;1;2;3;5;7;8;9;10;11;12"
Root_80,198.402915,31.825878,10,"1;2;3;5;7;8;9;10;11;12"
Root_81,57.831654,16.877718,10,"0;2;3;5;7;8;9;10;11;12"
Root_82,246.358115,36.455478,9,"2;3;5;7;8;9;10;11;12"
Root_83,26.622051,11.074038,10,"0;1;3;5;7;8;9;10;11;12"
Root_84,205.413955,32.751798,9,"1;3;5;7;8;9;10;11;12"
Root_85,59.698131,17.803638,9,"0;3;5;7;8;9;10;11;12"
Root_86,253.369155,37.381398,8,"3;5;7;8;9;10;11;12"
Root_87,37.060208,13.461686,10,"0;1;2;5;7;8;9;10;11;12"
Root_88,214.465731,33.739446,9,"1;2;5;7;8;9;10;11;12"
Root_89,67.020381,18.791286,9,"0;2;5;7;8;9;10;11;12"
Root_90,262.420931,38.369046,8,"2;5;7;8;9;10;11;12"
Root_91,38.276282,14.387606,9,"0;1;5;7;8;9;10;11;12"
Root_92,221.476771,34.665366,8,"1;5;7;8;9;10;11;12"
Root_93,69.117779,19.717206,8,"0;5;7;8;9;10;11;12"
Root_94,269.431971,39.294966,7,"5;7;8;9;10;11;12"
Root_95,21.445581,8.769110,11,"0;1;2;3;4;7;8;9;10;11;12"
Root_96,190.954819,31.146870,10,"1;2;3;4;7;8;9;10;11;12"
Root_97,60.678525,16.198710,10,"0;2;3;4;7;8;9;10;11;12"
Root_98,238.910019,35.776470,9,"2;3;4;7;8;9;10;11;12"
Root_99,23.714659,9.695030,10,"0;1;3;4;7;8;9;10;11;12"
Root_100,197.965859,32.072790,9,"1;3;4;7;8;9;10;11;12"
Root_101,62.134045,17.124630,9,"0;3;4;7;8;9;10;11;12"
Root_102,245.921059,36.702390,8,"3;4;7;8;9;10;11;12"
Root_103,37.170054,12.782678,10,"0;1;2;4;7;8;9;10;11;12"
Root_104,207.017635,33.060438,9,"1;2;4;7;8;9;10;11;12"
Root_105,69.989533,18.112278,9,"0;2;4;7;8;9;10;11;12"
Root_106,254.972835,37.690038,8,"2;4;7;8;9;10;11;12"
Root_107,39.991056,13.708598,9,"0;1;4;7;8;9;10;11;12"
Root_108,214.028675,33.986358,8,"1;4;7;8;9;10;11;12"
Root_109,71.445053,19.038198,8,"0;4;7;8;9;10;11;12"
Root_110,261.983875,38.615958,7,"4;7;8;9;10;11;12"
Root_111,29.191130,11.691318,10,"0;1;2;3;7;8;9;10;11;12"
Root_112,212.121315,33.369078,9,"1;2;3;7;8;9;10;11;12"
Root_113,69.662291,18.420918,9,"0;2;3;7;8;9;10;11;12"
Root_114,260.076515,37.998678,8,"2;3;7;8;9;10;11;12"
Root_115,31.251651,12.617238,9,"0;1;3;7;8;9;10;11;12"
Root_116,219.132355,34.294998,8,"1;3;7;8;9;10;11;12"
Root_117,72.315242,19.346838,8,"0;3;7;8;9;10;11;12"
Root_118,267.087555,38.924598,7,"3;7;8;9;10;11;12"
Root_119,44.776208,15.004886,9,"0;1;2;7;8;9;10;11;12"
Root_120,228.184131,35.282646,8,"1;2;7;8;9;10;11;12"
Root_121,79.081939,20.334486,8,"0;2;7;8;9;10;11;12"
Root_122,276.139331,39.912246,7,"2;7;8;9;10;11;12"
Root_123,44.449082,15.930806,8,"0;1;7;8;9;10;11;12"
Root_124,235.195171,36.208566,7,"1;7;8;9;10;11;12"
Root_125,81.775626,21.260406,7,"0;7;8;9;10;11;12"
Root_126,283.150371,40.838166,6,"7;8;9;10;11;12"
Root_127,24.403584,9.924672,12,"0;1;2;3;4;5;6;8;9;10;11;12"
Root_128,182.321558,30.202432,11,"1;2;3;4;5;6;8;9;10;11;12"
Root_129,54.067456,15.254272,11,"0;2;3;4;5;6;8;9;10;11;12"
Root_130,230.276758,34.832032,10,"2;3;4;5;6;8;9;10;11;12"
Root_131,27.524512,10.850592,11,"0;1;3;4;5;6;8;9;10;11;12"
Root_132,189.332598,31.128352,10,"1;3;4;5;6;8;9;10;11;12"
Root_133,55.522976,16.180192,10,"0;3;4;5;6;8;9;10;11;12"
Root_134,237.287798,35.757952,9,"3;4;5;6;8;9;10;11;12"
Root_135,32.339264,11.838240,11,"0;1;2;4;5;6;8;9;10;11;12"
Root_136,198.384374,32.116000,10,"1;2;4;5;6;8;9;10;11;12"
Root_137,63.481024,17.167840,10,"0;2;4;5;6;8;9;10;11;12"
Root_138,246.339574,36.745600,9,"2;4;5;6;8;9;10;11;12"
Root_139,35.268864,12.764160,10,"0;1;4;5;6;8;9;10;11;12"
Root_140,205.395414,33.041920,9,"1;4;5;6;8;9;10;11;12"
Root_141,64.833984,18.093760,9,"0;4;5;6;8;9;10;11;12"
Root_142,253.350614,37.671520,8,"4;5;6;8;9;10;11;12"
Root_143,31.013376,12.146880,11,"0;1;2;3;5;6;8;9;10;11;12"
Root_144,203.488054,32.424640,10,"1;2;3;5;6;8;9;10;11;12"
Root_145,62.106784,17.476480,10,"0;2;3;5;6;8;9;10;11;12"
Root_146,251.443254,37.054240,9,"2;3;5;6;8;9;10;11;12"
Root_147,33.017056,13.072800,10,"0;1;3;5;6;8;9;10;11;12"
Root_148,210.499094,33.350560,9,"1;3;5;6;8;9;10;11;12"
Root_149,64.488224,18.402400,9,"0;3;5;6;8;9;10;11;12"
Root_150,258.454294,37.980160,8,"3;5;6;8;9;10;11;12"
Root_151,40.054016,14.060448,10,"0;1;2;5;6;8;9;10;11;12"
Root_152,219.550870,34.338208,9,"1;2;5;6;8;9;10;11;12"
Root_153,71.211712,19.390048,9,"0;2;5;6;8;9;10;11;12"
Root_154,267.506070,38.967808,8,"2;5;6;8;9;10;11;12"
Root_155,40.671328,14.986368,9,"0;1;5;6;8;9;10;11;12"
Root_156,226.561910,35.264128,8,"1;5;6;8;9;10;11;12"
Root_157,72.667232,20.315968,8,"0;5;6;8;9;10;11;12"
Root_158,274.517110,39.893728,7,"5;6;8;9;10;11;12"
Root_159,30.487424,11.467872,11,"0;1;2;3;4;6;8;9;10;11;12"
Root_160,196.039958,31.745632,10,"1;2;3;4;6;8;9;10;11;12"
Root_161,64.869856,16.797472,10,"0;2;3;4;6;8;9;10;11;12"
Root_162,243.995158,36.375232,9,"2;3;4;6;8;9;10;11;12"
Root_163,33.697312,12.393792,10,"0;1;3;4;6;8;9;10;11;12"
Root_164,203.050998,32.671552,9,"1;3;4;6;8;9;10;11;12"
Root_165,66.778368,17.723392,9,"0;3;4;6;8;9;10;11;12"
Root_166,251.006198,37.301152,8,"3;4;6;8;9;10;11;12"
Root_167,40.762624,13.381440,10,"0;1;2;4;6;8;9;10;11;12"
Root_168,212.102774,33.659200,9,"1;2;4;6;8;9;10;11;12"
Root_169,74.180864,18.711040,9,"0;2;4;6;8;9;10;11;12"
Root_170,260.057974,38.288800,8,"2;4;6;8;9;10;11;12"
Root_171,42.984864,14.307360,9,"0;1;4;6;8;9;10;11;12"
Root_172,219.113814,34.585120,8,"1;4;6;8;9;10;11;12"
Root_173,75.636384,19.636960,8,"0;4;6;8;9;10;11;12"
Root_174,267.069014,39.214720,7,"4;6;8;9;10;11;12"
Root_175,38.705824,13.690080,10,"0;1;2;3;6;8;9;10;11;12"
Root_176,217.206454,33.967840,9,"1;2;3;6;8;9;10;11;12"
Root_177,74.452384,19.019680,9,"0;2;3;6;8;9;10;11;12"
Root_178,265.161654,38.597440,8,"2;3;6;8;9;10;11;12"
Root_179,40.619424,14.616000,9,"0;1;3;6;8;9;10;11;12"
Root_180,224.217494,34.893760,8,"1;3;6;8;9;10;11;12"
Root_181,76.833824,19.945600,8,"0;3;6;8;9;10;11;12"
Root_182,272.172694,39.523360,7,"3;6;8;9;10;11;12"
Root_183,47.770016,15.603648,9,"0;1;2;6;8;9;10;11;12"
Root_184,233.269270,35.881408,8,"1;2;6;8;9;10;11;12"
Root_185,82.173270,20.933248,8,"0;2;6;8;9;10;11;12"
Root_186,281.224470,40.511008,7,"2;6;8;9;10;11;12"
Root_187,47.373696,16.529568,8,"0;1;6;8;9;10;11;12"
Root_188,240.280310,36.807328,7,"1;6;8;9;10;11;12"
Root_189,85.465718,21.859168,7,"0;6;8;9;10;11;12"
Root_190,288.235510,41.436928,6,"6;8;9;10;11;12"
Root_191,34.900976,12.350582,11,"0;1;2;3;4;5;8;9;10;11;12"
Root_192,206.632483,32.628342,10,"1;2;3;4;5;8;9;10;11;12"
Root_193,71.458611,17.680182,10,"0;2;3;4;5;8;9;10;11;12"
Root_194,254.587683,37.257942,9,"2;3;4;5;8;9;10;11;12"
Root_195,37.920646,13.276502,10,"0;1;3;4;5;8;9;10;11;12"
Root_196,213.643523,33.554262,9,"1;3;4;5;8;9;10;11;12"
Root_197,73.840051,18.606102,9,"0;3;4;5;8;9;10;11;12"
Root_198,261.598723,38.183862,8,"3;4;5;8;9;10;11;12"
Root_199,46.058886,14.264150,10,"0;1;2;4;5;8;9;10;11;12"
Root_200,222.695299,34.541910,9,"1;2;4;5;8;9;10;11;12"
Root_201,80.359837,19.593750,9,"0;2;4;5;8;9;10;11;12"
Root_202,270.650499,39.171510,8,"2;4;5;8;9;10;11;12"
Root_203,47.398416,15.190070,9,"0;1;4;5;8;9;10;11;12"
Root_204,229.706339,35.467830,8,"1;4;5;8;9;10;11;12"
Root_205,81.815357,20.519670,8,"0;4;5;8;9;10;11;12"
Root_206,277.661539,40.097430,7,"4;5;8;9;10;11;12"
Root_207,44.002086,14.572790,10,"0;1;2;3;5;8;9;10;11;12"
Root_208,227.798979,34.850550,9,"1;2;3;5;8;9;10;11;12"
Root_209,81.514067,19.902390,9,"0;2;3;5;8;9;10;11;12"
Root_210,275.754179,39.480150,8,"2;3;5;8;9;10;11;12"
Root_211,45.032976,15.498710,9,"0;1;3;5;8;9;10;11;12"
Root_212,234.810019,35.776470,8,"1;3;5;8;9;10;11;12"
Root_213,83.895507,20.828310,8,"0;3;5;8;9;10;11;12"
Root_214,282.765219,40.406070,7,"3;5;8;9;10;11;12"
Root_215,52.183568,16.486358,9,"0;1;2;5;8;9;10;11;12"
Root_216,243.861795,36.764118,8,"1;2;5;8;9;10;11;12"
Root_217,89.060883,21.815958,8,"0;2;5;8;9;10;11;12"
Root_218,291.816995,41.393718,7,"2;5;8;9;10;11;12"
Root_219,52.341405,17.412278,8,"0;1;5;8;9;10;11;12"
Root_220,250.872835,37.690038,7,"1;5;8;9;10;11;12"
Root_221,92.269280,22.741878,7,"0;5;8;9;10;11;12"
Root_222,298.828035,42.319638,6,"5;8;9;10;11;12"
Root_223,44.544029,13.893782,10,"0;1;2;3;4;8;9;10;11;12"
Root_224,220.350883,34.171542,9,"1;2;3;4;8;9;10;11;12"
Root_225,83.804211,19.223382,9,"0;2;3;4;8;9;10;11;12"
Root_226,268.306083,38.801142,8,"2;3;4;8;9;10;11;12"
Root_227,47.179846,14.819702,9,"0;1;3;4;8;9;10;11;12"
Root_228,227.361923,35.097462,8,"1;3;4;8;9;10;11;12"
Root_229,86.185651,20.149302,8,"0;3;4;8;9;10;11;12"
Root_230,275.317123,39.727062,7,"3;4;8;9;10;11;12"
Root_231,55.318086,15.807350,9,"0;1;2;4;8;9;10;11;12"
Root_232,236.413699,36.085110,8,"1;2;4;8;9;10;11;12"
Root_233,91.351027,21.136950,8,"0;2;4;8;9;10;11;12"
Root_234,284.368899,40.714710,7,"2;4;8;9;10;11;12"
Root_235,55.847686,16.733270,8,"0;1;4;8;9;10;11;12"
Root_236,243.424739,37.011030,7,"1;4;8;9;10;11;12"
Root_237,93.795338,22.062870,7,"0;4;8;9;10;11;12"
Root_238,291.379939,41.640630,6,"4;8;9;10;11;12"
Root_239,53.261286,16.115990,9,"0;1;2;3;8;9;10;11;12"
Root_240,241.517379,36.393750,8,"1;2;3;8;9;10;11;12"
Root_241,94.357098,21.445590,8,"0;2;3;8;9;10;11;12"
Root_242,289.472579,41.023350,7,"2;3;8;9;10;11;12"
Root_243,53.832797,17.041910,8,"0;1;3;8;9;10;11;12"
Root_244,248.528419,37.319670,7,"1;3;8;9;10;11;12"
Root_245,97.664458,22.371510,7,"0;3;8;9;10;11;12"
Root_246,296.483619,41.949270,6,"3;8;9;10;11;12"
Root_247,61.688285,18.029558,8,"0;1;2;8;9;10;11;12"
Root_248,257.580195,38.307318,7,"1;2;8;9;10;11;12"
Root_249,102.765642,23.359158,7,"0;2;8;9;10;11;12"
Root_250,305.535395,42.936918,6,"2;8;9;10;11;12"
Root_251,63.143805,18.955478,7,"0;1;8;9;10;11;12"
Root_252,264.591235,39.233238,6,"1;8;9;10;11;12"
Root_253,106.073002,24.285078,6,"0;8;9;10;11;12"
Root_254,312.546435,43.862838,5,"8;9;10;11;12"
Root_255,21.366560,8.729600,12,"0;1;2;3;4;5;6;7;9;10;11;12"
Root_256,204.380694,31.807360,11,"1;2;3;4;5;6;7;9;10;11;12"
Root_257,65.301952,16.859200,11,"0;2;3;4;5;6;7;9;10;11;12"
Root_258,252.335894,36.436960,10,"2;3;4;5;6;7;9;10;11;12"
Root_259,23.596128,9.655520,11,"0;1;3;4;5;6;7;9;10;11;12"
Root_260,211.391734,32.733280,10,"1;3;4;5;6;7;9;10;11;12"
Root_261,66.757472,17.785120,10,"0;3;4;5;6;7;9;10;11;12"
Root_262,259.346934,37.362880,9,"3;4;5;6;7;9;10;11;12"
Root_263,41.132992,13.443168,11,"0;1;2;4;5;6;7;9;10;11;12"
Root_264,220.443510,33.720928,10,"1;2;4;5;6;7;9;10;11;12"
Root_265,73.110592,18.772768,10,"0;2;4;5;6;7;9;10;11;12"
Root_266,268.398710,38.350528,9,"2;4;5;6;7;9;10;11;12"
Root_267,43.293504,14.369088,10,"0;1;4;5;6;7;9;10;11;12"
Root_268,227.454550,34.646848,9,"1;4;5;6;7;9;10;11;12"
Root_269,74.263552,19.698688,9,"0;4;5;6;7;9;10;11;12"
Root_270,275.409750,39.276448,8,"4;5;6;7;9;10;11;12"
Root_271,31.833088,12.351808,11,"0;1;2;3;5;6;7;9;10;11;12"
Root_272,225.547190,34.029568,10,"1;2;3;5;6;7;9;10;11;12"
Root_273,73.141280,19.081408,10,"0;2;3;5;6;7;9;10;11;12"
Root_274,273.502390,38.659168,9,"2;3;5;6;7;9;10;11;12"
Root_275,33.928064,13.277728,10,"0;1;3;5;6;7;9;10;11;12"
Root_276,232.558230,34.955488,9,"1;3;5;6;7;9;10;11;12"
Root_277,75.522720,20.007328,9,"0;3;5;6;7;9;10;11;12"
Root_278,280.513430,39.585088,8,"3;5;6;7;9;10;11;12"
Root_279,48.078656,15.665376,10,"0;1;2;5;6;7;9;10;11;12"
Root_280,241.610006,35.943136,9,"1;2;5;6;7;9;10;11;12"
Root_281,80.908982,20.994976,9,"0;2;5;6;7;9;10;11;12"
Root_282,289.565206,40.572736,8,"2;5;6;7;9;10;11;12"
Root_283,47.682336,16.591296,9,"0;1;5;6;7;9;10;11;12"
Root_284,248.621046,36.869056,8,"1;5;6;7;9;10;11;12"
Root_285,84.216342,21.920896,8,"0;5;6;7;9;10;11;12"
Root_286,296.576246,41.498656,7,"5;6;7;9;10;11;12"
Root_287,28.013344,10.972800,11,"0;1;2;3;4;6;7;9;10;11;12"
Root_288,218.099094,33.350560,10,"1;2;3;4;6;7;9;10;11;12"
Root_289,76.104352,18.402400,10,"0;2;3;4;6;7;9;10;11;12"
Root_290,266.054294,37.980160,9,"2;3;4;6;7;9;10;11;12"
Root_291,31.717024,11.898720,10,"0;1;3;4;6;7;9;10;11;12"
Root_292,225.110134,34.276480,9,"1;3;4;6;7;9;10;11;12"
Root_293,77.812864,19.328320,9,"0;3;4;6;7;9;10;11;12"
Root_294,273.065334,38.906080,8,"3;4;6;7;9;10;11;12"
Root_295,50.392192,14.986368,10,"0;1;2;4;6;7;9;10;11;12"
Root_296,234.161910,35.264128,9,"1;2;4;6;7;9;10;11;12"
Root_297,83.610432,20.315968,9,"0;2;4;6;7;9;10;11;12"
Root_298,282.117110,39.893728,8,"2;4;6;7;9;10;11;12"
Root_299,51.009504,15.912288,9,"0;1;4;6;7;9;10;11;12"
Root_300,241.172950,36.190048,8,"1;4;6;7;9;10;11;12"
Root_301,85.827478,21.241888,8,"0;4;6;7;9;10;11;12"
Root_302,289.128150,40.819648,7,"4;6;7;9;10;11;12"
Root_303,39.935392,13.895008,10,"0;1;2;3;6;7;9;10;11;12"
Root_304,239.265590,35.572768,9,"1;2;3;6;7;9;10;11;12"
Root_305,85.486880,20.624608,9,"0;2;3;6;7;9;10;11;12"
Root_306,287.220790,40.202368,8,"2;3;6;7;9;10;11;12"
Root_307,41.644064,14.820928,9,"0;1;3;6;7;9;10;11;12"
Root_308,246.276630,36.498688,8,"1;3;6;7;9;10;11;12"
Root_309,89.247126,21.550528,8,"0;3;6;7;9;10;11;12"
Root_310,294.231830,41.128288,7,"3;6;7;9;10;11;12"
Root_311,56.003232,17.208576,9,"0;1;2;6;7;9;10;11;12"
Root_312,255.328406,37.486336,8,"1;2;6;7;9;10;11;12"
Root_313,95.335958,22.538176,8,"0;2;6;7;9;10;11;12"
Root_314,303.283606,42.115936,7,"2;6;7;9;10;11;12"
Root_315,56.532832,18.134496,8,"0;1;6;7;9;10;11;12"
Root_316,262.339446,38.412256,7,"1;6;7;9;10;11;12"
Root_317,99.569238,23.464096,7,"0;6;7;9;10;11;12"
Root_318,310.294646,43.041856,6,"6;7;9;10;11;12"
Root_319,32.425616,11.855510,11,"0;1;2;3;4;5;7;9;10;11;12"
Root_320,228.691619,34.233270,10,"1;2;3;4;5;7;9;10;11;12"
Root_321,82.493107,19.285110,10,"0;2;3;4;5;7;9;10;11;12"
Root_322,276.646819,38.862870,9,"2;3;4;5;7;9;10;11;12"
Root_323,35.355216,12.781430,10,"0;1;3;4;5;7;9;10;11;12"
Root_324,235.702659,35.159190,9,"1;3;4;5;7;9;10;11;12"
Root_325,84.874547,20.211030,9,"0;3;4;5;7;9;10;11;12"
Root_326,283.657859,39.788790,8,"3;4;5;7;9;10;11;12"
Root_327,55.688454,15.869078,10,"0;1;2;4;5;7;9;10;11;12"
Root_328,244.754435,36.146838,9,"1;2;4;5;7;9;10;11;12"
Root_329,90.039923,21.198678,9,"0;2;4;5;7;9;10;11;12"
Root_330,292.709635,40.776438,8,"2;4;5;7;9;10;11;12"
Root_331,56.218054,16.794998,9,"0;1;4;5;7;9;10;11;12"
Root_332,251.765475,37.072758,8,"1;4;5;7;9;10;11;12"
Root_333,92.545962,22.124598,8,"0;4;5;7;9;10;11;12"
Root_334,299.720675,41.702358,7,"4;5;7;9;10;11;12"
Root_335,45.231654,14.777718,10,"0;1;2;3;5;7;9;10;11;12"
Root_336,249.858115,36.455478,9,"1;2;3;5;7;9;10;11;12"
Root_337,93.107722,21.507318,9,"0;2;3;5;7;9;10;11;12"
Root_338,297.813315,41.085078,8,"2;3;5;7;9;10;11;12"
Root_339,46.057616,15.703638,9,"0;1;3;5;7;9;10;11;12"
Root_340,256.869155,37.381398,8,"1;3;5;7;9;10;11;12"
Root_341,96.415082,22.433238,8,"0;3;5;7;9;10;11;12"
Root_342,304.824355,42.010998,7,"3;5;7;9;10;11;12"
Root_343,61.299494,18.091286,9,"0;1;2;5;7;9;10;11;12"
Root_344,265.920931,38.369046,8,"1;2;5;7;9;10;11;12"
Root_345,102.280352,23.420886,8,"0;2;5;7;9;10;11;12"
Root_346,313.876131,42.998646,7,"2;5;7;9;10;11;12"
Root_347,61.829094,19.017206,8,"0;1;5;7;9;10;11;12"
Root_348,272.931971,39.294966,7,"1;5;7;9;10;11;12"
Root_349,106.513632,24.346806,7,"0;5;7;9;10;11;12"
Root_350,320.887171,43.924566,6,"5;7;9;10;11;12"
Root_351,41.078525,13.398710,10,"0;1;2;3;4;7;9;10;11;12"
Root_352,242.410019,35.776470,9,"1;2;3;4;7;9;10;11;12"
Root_353,94.838707,20.828310,9,"0;2;3;4;7;9;10;11;12"
Root_354,290.365219,40.406070,8,"2;3;4;7;9;10;11;12"
Root_355,44.209414,14.324630,9,"0;1;3;4;7;9;10;11;12"
Root_356,249.421059,36.702390,8,"1;3;4;7;9;10;11;12"
Root_357,98.026218,21.754230,8,"0;3;4;7;9;10;11;12"
Root_358,297.376259,41.331990,7,"3;4;7;9;10;11;12"
Root_359,64.947654,17.412278,9,"0;1;2;4;7;9;10;11;12"
Root_360,258.472835,37.690038,8,"1;2;4;7;9;10;11;12"
Root_361,103.127402,22.741878,8,"0;2;4;7;9;10;11;12"
Root_362,306.428035,42.319638,7,"2;4;7;9;10;11;12"
Root_363,65.477254,18.338198,8,"0;1;4;7;9;10;11;12"
Root_364,265.483875,38.615958,7,"1;4;7;9;10;11;12"
Root_365,106.434762,23.667798,7,"0;4;7;9;10;11;12"
Root_366,313.439075,43.245558,6,"4;7;9;10;11;12"
Root_367,54.490854,16.320918,9,"0;1;2;3;7;9;10;11;12"
Root_368,263.576515,37.998678,8,"1;2;3;7;9;10;11;12"
Root_369,106.996522,23.050518,8,"0;2;3;7;9;10;11;12"
Root_370,311.531715,42.628278,7,"2;3;7;9;10;11;12"
Root_371,55.267293,17.246838,8,"0;1;3;7;9;10;11;12"
Root_372,270.587555,38.924598,7,"1;3;7;9;10;11;12"
Root_373,110.303882,23.976438,7,"0;3;7;9;10;11;12"
Root_374,318.542755,43.554198,6,"3;7;9;10;11;12"
Root_375,71.117853,19.634486,8,"0;1;2;7;9;10;11;12"
Root_376,279.639331,39.912246,7,"1;2;7;9;10;11;12"
Root_377,115.405066,24.964086,7,"0;2;7;9;10;11;12"
Root_378,327.594531,44.541846,6,"2;7;9;10;11;12"
Root_379,73.363379,20.560406,7,"0;1;7;9;10;11;12"
Root_380,286.650371,40.838166,6,"1;7;9;10;11;12"
Root_381,118.712426,25.890006,6,"0;7;9;10;11;12"
Root_382,334.605571,45.467766,5,"7;9;10;11;12"
Root_383,49.167456,14.554272,11,"0;1;2;3;4;5;6;9;10;11;12"
Root_384,233.776758,34.832032,10,"1;2;3;4;5;6;9;10;11;12"
Root_385,86.474656,19.883872,10,"0;2;3;4;5;6;9;10;11;12"
Root_386,281.731958,39.461632,9,"2;3;4;5;6;9;10;11;12"
Root_387,51.142784,15.480192,10,"0;1;3;4;5;6;9;10;11;12"
Root_388,240.787798,35.757952,9,"1;3;4;5;6;9;10;11;12"
Root_389,87.965878,20.809792,9,"0;3;4;5;6;9;10;11;12"
Root_390,288.742998,40.387552,8,"3;4;5;6;9;10;11;12"
Root_391,59.281024,16.467840,10,"0;1;2;4;5;6;9;10;11;12"
Root_392,249.839574,36.745600,9,"1;2;4;5;6;9;10;11;12"
Root_393,93.131254,21.797440,9,"0;2;4;5;6;9;10;11;12"
Root_394,297.794774,41.375200,8,"2;4;5;6;9;10;11;12"
Root_395,59.810624,17.393760,9,"0;1;4;5;6;9;10;11;12"
Root_396,256.850614,37.671520,8,"1;4;5;6;9;10;11;12"
Root_397,96.302614,22.723360,8,"0;4;5;6;9;10;11;12"
Root_398,304.805814,42.301120,7,"4;5;6;9;10;11;12"
Root_399,57.224224,16.776480,10,"0;1;2;3;5;6;9;10;11;12"
Root_400,254.943254,37.054240,9,"1;2;3;5;6;9;10;11;12"
Root_401,96.797814,22.106080,9,"0;2;3;5;6;9;10;11;12"
Root_402,302.898454,41.683840,8,"2;3;5;6;9;10;11;12"
Root_403,58.456224,17.702400,9,"0;1;3;5;6;9;10;11;12"
Root_404,261.954294,37.980160,8,"1;3;5;6;9;10;11;12"
Root_405,100.480374,23.032000,8,"0;3;5;6;9;10;11;12"
Root_406,309.909494,42.609760,7,"3;5;6;9;10;11;12"
Root_407,64.892064,18.690048,9,"0;1;2;5;6;9;10;11;12"
Root_408,271.006070,38.967808,8,"1;2;5;6;9;10;11;12"
Root_409,106.569206,24.019648,8,"0;2;5;6;9;10;11;12"
Root_410,318.961270,43.597408,7,"2;5;6;9;10;11;12"
Root_411,65.421664,19.615968,8,"0;1;5;6;9;10;11;12"
Root_412,278.017110,39.893728,7,"1;5;6;9;10;11;12"
Root_413,110.802486,24.945568,7,"0;5;6;9;10;11;12"
Root_414,325.972310,44.523328,6,"5;6;9;10;11;12"
Root_415,59.969856,16.097472,10,"0;1;2;3;4;6;9;10;11;12"
Root_416,247.495158,36.375232,9,"1;2;3;4;6;9;10;11;12"
Root_417,98.408950,21.427072,9,"0;2;3;4;6;9;10;11;12"
Root_418,295.450358,41.004832,8,"2;3;4;6;9;10;11;12"
Root_419,61.425376,17.023392,9,"0;1;3;4;6;9;10;11;12"
Root_420,254.506198,37.301152,8,"1;3;4;6;9;10;11;12"
Root_421,101.716310,22.352992,8,"0;3;4;6;9;10;11;12"
Root_422,302.461398,41.930752,7,"3;4;6;9;10;11;12"
Root_423,68.540224,18.011040,9,"0;1;2;4;6;9;10;11;12"
Root_424,263.557974,38.288800,8,"1;2;4;6;9;10;11;12"
Root_425,106.817494,23.340640,8,"0;2;4;6;9;10;11;12"
Root_426,311.513174,42.918400,7,"2;4;6;9;10;11;12"
Root_427,69.069824,18.936960,8,"0;1;4;6;9;10;11;12"
Root_428,270.569014,39.214720,7,"1;4;6;9;10;11;12"
Root_429,110.124854,24.266560,7,"0;4;6;9;10;11;12"
Root_430,318.524214,43.844320,6,"4;6;9;10;11;12"
Root_431,67.803104,18.319680,9,"0;1;2;3;6;9;10;11;12"
Root_432,268.661654,38.597440,8,"1;2;3;6;9;10;11;12"
Root_433,110.686614,23.649280,8,"0;2;3;6;9;10;11;12"
Root_434,316.616854,43.227040,7,"2;3;6;9;10;11;12"
Root_435,69.258624,19.245600,8,"0;1;3;6;9;10;11;12"
Root_436,275.672694,39.523360,7,"1;3;6;9;10;11;12"
Root_437,113.993974,24.575200,7,"0;3;6;9;10;11;12"
Root_438,323.627894,44.152960,6,"3;6;9;10;11;12"
Root_439,74.614112,20.233248,8,"0;1;2;6;9;10;11;12"
Root_440,284.724470,40.511008,7,"1;2;6;9;10;11;12"
Root_441,119.095158,25.562848,7,"0;2;6;9;10;11;12"
Root_442,332.679670,45.140608,6,"2;6;9;10;11;12"
Root_443,76.665718,21.159168,7,"0;1;6;9;10;11;12"
Root_444,291.735510,41.436928,6,"1;6;9;10;11;12"
Root_445,122.891286,26.488768,6,"0;6;9;10;11;12"
Root_446,339.690710,46.066528,5,"6;9;10;11;12"
Root_447,66.148829,16.980182,10,"0;1;2;3;4;5;9;10;11;12"
Root_448,258.087683,37.257942,9,"1;2;3;4;5;9;10;11;12"
Root_449,104.817651,22.309782,9,"0;2;3;4;5;9;10;11;12"
Root_450,306.042883,41.887542,8,"2;3;4;5;9;10;11;12"
Root_451,67.604349,17.906102,9,"0;1;3;4;5;9;10;11;12"
Root_452,265.098723,38.183862,8,"1;3;4;5;9;10;11;12"
Root_453,107.777994,23.235702,8,"0;3;4;5;9;10;11;12"
Root_454,313.053923,42.813462,7,"3;4;5;9;10;11;12"
Root_455,73.836486,18.893750,9,"0;1;2;4;5;9;10;11;12"
Root_456,274.150499,39.171510,8,"1;2;4;5;9;10;11;12"
Root_457,112.879178,24.223350,8,"0;2;4;5;9;10;11;12"
Root_458,322.105699,43.801110,7,"2;4;5;9;10;11;12"
Root_459,74.415357,19.819670,8,"0;1;4;5;9;10;11;12"
Root_460,281.161539,40.097430,7,"1;4;5;9;10;11;12"
Root_461,116.186538,25.149270,7,"0;4;5;9;10;11;12"
Root_462,329.116739,44.727030,6,"4;5;9;10;11;12"
Root_463,73.982077,19.202390,9,"0;1;2;3;5;9;10;11;12"
Root_464,279.254179,39.480150,8,"1;2;3;5;9;10;11;12"
Root_465,116.748298,24.531990,8,"0;2;3;5;9;10;11;12"
Root_466,327.209379,44.109750,7,"2;3;5;9;10;11;12"
Root_467,75.795507,20.128310,8,"0;1;3;5;9;10;11;12"
Root_468,286.265219,40.406070,7,"1;3;5;9;10;11;12"
Root_469,120.055658,25.457910,7,"0;3;5;9;10;11;12"
Root_470,334.220419,45.035670,6,"3;5;9;10;11;12"
Root_471,80.960883,21.115958,8,"0;1;2;5;9;10;11;12"
Root_472,295.316995,41.393718,7,"1;2;5;9;10;11;12"
Root_473,125.602400,26.445558,7,"0;2;5;9;10;11;12"
Root_474,343.272195,46.023318,6,"2;5;9;10;11;12"
Root_475,83.384202,22.041878,7,"0;1;5;9;10;11;12"
Root_476,302.328035,42.319638,6,"1;5;9;10;11;12"
Root_477,129.835680,27.371478,6,"0;5;9;10;11;12"
Root_478,350.283235,46.949238,5,"5;9;10;11;12"
Root_479,76.951229,18.523382,9,"0;1;2;3;4;9;10;11;12"
Root_480,271.806083,38.801142,8,"1;2;3;4;9;10;11;12"
Root_481,117.163251,23.852982,8,"0;2;3;4;9;10;11;12"
Root_482,319.761283,43.430742,7,"2;3;4;9;10;11;12"
Root_483,78.406749,19.449302,8,"0;1;3;4;9;10;11;12"
Root_484,278.817123,39.727062,7,"1;3;4;9;10;11;12"
Root_485,119.544691,24.778902,7,"0;3;4;9;10;11;12"
Root_486,326.772323,44.356662,6,"3;4;9;10;11;12"
Root_487,83.762237,20.436950,8,"0;1;2;4;9;10;11;12"
Root_488,287.868899,40.714710,7,"1;2;4;9;10;11;12"
Root_489,123.658227,25.766550,7,"0;2;4;9;10;11;12"
Root_490,335.824099,45.344310,6,"2;4;9;10;11;12"
Root_491,85.632467,21.362870,7,"0;1;4;9;10;11;12"
Root_492,294.879939,41.640630,6,"1;4;9;10;11;12"
Root_493,126.732138,26.692470,6,"0;4;9;10;11;12"
Root_494,342.835139,46.270230,5,"4;9;10;11;12"
Root_495,85.759667,20.745590,8,"0;1;2;3;9;10;11;12"
Root_496,292.972579,41.023350,7,"1;2;3;9;10;11;12"
Root_497,127.293898,26.075190,7,"0;2;3;9;10;11;12"
Root_498,340.927779,45.652950,6,"2;3;9;10;11;12"
Root_499,88.864458,21.671510,7,"0;1;3;9;10;11;12"
Root_500,299.983619,41.949270,6,"1;3;9;10;11;12"
Root_501,130.601258,27.001110,6,"0;3;9;10;11;12"
Root_502,347.938819,46.578870,5,"3;9;10;11;12"
Root_503,93.965642,22.659158,7,"0;1;2;9;10;11;12"
Root_504,309.035395,42.936918,6,"1;2;9;10;11;12"
Root_505,135.702442,27.988758,6,"0;2;9;10;11;12"
Root_506,356.990595,47.566518,5,"2;9;10;11;12"
Root_507,97.273002,23.585078,6,"0;1;9;10;11;12"
Root_508,316.046435,43.862838,5,"1;9;10;11;12"
Root_509,139.924480,28.914678,5,"0;9;10;11;12"
Root_510,364.001635,48.492438,4,"9;10;11;12"
Root_511,23.107296,9.492576,12,"0;1;2;3;4;5;6;7;8;10;11;12"
Root_512,177.136406,29.770336,11,"1;2;3;4;5;6;7;8;10;11;12"
Root_513,46.728032,14.822176,11,"0;2;3;4;5;6;7;8;10;11;12"
Root_514,225.091606,34.399936,10,"2;3;4;5;6;7;8;10;11;12"
Root_515,25.885056,10.418496,11,"0;1;3;4;5;6;7;8;10;11;12"
Root_516,184.147446,30.696256,10,"1;3;4;5;6;7;8;10;11;12"
Root_517,47.509536,15.748096,10,"0;3;4;5;6;7;8;10;11;12"
Root_518,232.102646,35.325856,9,"3;4;5;6;7;8;10;11;12"
Root_519,29.280064,11.406144,11,"0;1;2;4;5;6;7;8;10;11;12"
Root_520,193.199222,31.683904,10,"1;2;4;5;6;7;8;10;11;12"
Root_521,54.660128,16.735744,10,"0;2;4;5;6;7;8;10;11;12"
Root_522,241.154422,36.313504,9,"2;4;5;6;7;8;10;11;12"
Root_523,31.625760,12.332064,10,"0;1;4;5;6;7;8;10;11;12"
Root_524,200.210262,32.609824,9,"1;4;5;6;7;8;10;11;12"
Root_525,54.655072,17.661664,9,"0;4;5;6;7;8;10;11;12"
Root_526,248.165462,37.239424,8,"4;5;6;7;8;10;11;12"
Root_527,28.077632,11.714784,11,"0;1;2;3;5;6;7;8;10;11;12"
Root_528,198.302902,31.992544,10,"1;2;3;5;6;7;8;10;11;12"
Root_529,52.339072,17.044384,10,"0;2;3;5;6;7;8;10;11;12"
Root_530,246.258102,36.622144,9,"2;3;5;6;7;8;10;11;12"
Root_531,29.188768,12.640704,10,"0;1;3;5;6;7;8;10;11;12"
Root_532,205.313942,32.918464,9,"1;3;5;6;7;8;10;11;12"
Root_533,53.568576,17.970304,9,"0;3;5;6;7;8;10;11;12"
Root_534,253.269142,37.548064,8,"3;5;6;7;8;10;11;12"
Root_535,34.772608,13.628352,10,"0;1;2;5;6;7;8;10;11;12"
Root_536,214.365718,33.906112,9,"1;2;5;6;7;8;10;11;12"
Root_537,59.736512,18.957952,9,"0;2;5;6;7;8;10;11;12"
Root_538,262.320918,38.535712,8,"2;5;6;7;8;10;11;12"
Root_539,34.896096,14.554272,9,"0;1;5;6;7;8;10;11;12"
Root_540,221.376758,34.832032,8,"1;5;6;7;8;10;11;12"
Root_541,61.074656,19.883872,8,"0;5;6;7;8;10;11;12"
Root_542,269.331958,39.461632,7,"5;6;7;8;10;11;12"
Root_543,27.798592,11.035776,11,"0;1;2;3;4;6;7;8;10;11;12"
Root_544,190.854806,31.313536,10,"1;2;3;4;6;7;8;10;11;12"
Root_545,55.987232,16.365376,10,"0;2;3;4;6;7;8;10;11;12"
Root_546,238.810006,35.943136,9,"2;3;4;6;7;8;10;11;12"
Root_547,30.514656,11.961696,10,"0;1;3;4;6;7;8;10;11;12"
Root_548,197.865846,32.239456,9,"1;3;4;6;7;8;10;11;12"
Root_549,56.537728,17.291296,9,"0;3;4;6;7;8;10;11;12"
Root_550,245.821046,36.869056,8,"3;4;6;7;8;10;11;12"
Root_551,35.728128,12.949344,10,"0;1;2;4;6;7;8;10;11;12"
Root_552,206.917622,33.227104,9,"1;2;4;6;7;8;10;11;12"
Root_553,63.384672,18.278944,9,"0;2;4;6;7;8;10;11;12"
Root_554,254.872822,37.856704,8,"2;4;6;7;8;10;11;12"
Root_555,37.456544,13.875264,9,"0;1;4;6;7;8;10;11;12"
Root_556,213.928662,34.153024,8,"1;4;6;7;8;10;11;12"
Root_557,64.043808,19.204864,8,"0;4;6;7;8;10;11;12"
Root_558,261.883862,38.782624,7,"4;6;7;8;10;11;12"
Root_559,33.362688,13.257984,10,"0;1;2;3;6;7;8;10;11;12"
Root_560,212.021302,33.535744,9,"1;2;3;6;7;8;10;11;12"
Root_561,62.915456,18.587584,9,"0;2;3;6;7;8;10;11;12"
Root_562,259.976502,38.165344,8,"2;3;6;7;8;10;11;12"
Root_563,34.782464,14.183904,9,"0;1;3;6;7;8;10;11;12"
Root_564,219.032342,34.461664,8,"1;3;6;7;8;10;11;12"
Root_565,64.809152,19.513504,8,"0;3;6;7;8;10;11;12"
Root_566,266.987542,39.091264,7,"3;6;7;8;10;11;12"
Root_567,40.945408,15.171552,9,"0;1;2;6;7;8;10;11;12"
Root_568,228.084118,35.449312,8,"1;2;6;7;8;10;11;12"
Root_569,70.922688,20.501152,8,"0;2;6;7;8;10;11;12"
Root_570,276.039318,40.078912,7,"2;6;7;8;10;11;12"
Root_571,39.623168,16.097472,8,"0;1;6;7;8;10;11;12"
Root_572,235.095158,36.375232,7,"1;6;7;8;10;11;12"
Root_573,74.436022,21.427072,7,"0;6;7;8;10;11;12"
Root_574,283.050358,41.004832,6,"6;7;8;10;11;12"
Root_575,31.329434,11.918486,11,"0;1;2;3;4;5;7;8;10;11;12"
Root_576,201.447331,32.196246,10,"1;2;3;4;5;7;8;10;11;12"
Root_577,61.283494,17.248086,10,"0;2;3;4;5;7;8;10;11;12"
Root_578,249.402531,36.825846,9,"2;3;4;5;7;8;10;11;12"
Root_579,33.333114,12.844406,10,"0;1;3;4;5;7;8;10;11;12"
Root_580,208.458371,33.122166,9,"1;3;4;5;7;8;10;11;12"
Root_581,62.716701,18.174006,9,"0;3;4;5;7;8;10;11;12"
Root_582,256.413571,37.751766,8,"3;4;5;7;8;10;11;12"
Root_583,40.141680,13.832054,10,"0;1;2;4;5;7;8;10;11;12"
Root_584,217.510147,34.109814,9,"1;2;4;5;7;8;10;11;12"
Root_585,68.767261,19.161654,9,"0;2;4;5;7;8;10;11;12"
Root_586,265.465347,38.739414,8,"2;4;5;7;8;10;11;12"
Root_587,40.987386,14.757974,9,"0;1;4;5;7;8;10;11;12"
Root_588,224.521187,35.035734,8,"1;4;5;7;8;10;11;12"
Root_589,70.310355,20.087574,8,"0;4;5;7;8;10;11;12"
Root_590,272.476387,39.665334,7,"4;5;7;8;10;11;12"
Root_591,37.776240,14.140694,10,"0;1;2;3;5;7;8;10;11;12"
Root_592,222.613827,34.418454,9,"1;2;3;5;7;8;10;11;12"
Root_593,69.489395,19.470294,9,"0;2;3;5;7;8;10;11;12"
Root_594,270.569027,39.048054,8,"2;3;5;7;8;10;11;12"
Root_595,38.313306,15.066614,9,"0;1;3;5;7;8;10;11;12"
Root_596,229.624867,35.344374,8,"1;3;5;7;8;10;11;12"
Root_597,72.267050,20.396214,8,"0;3;5;7;8;10;11;12"
Root_598,277.580067,39.973974,7,"3;5;7;8;10;11;12"
Root_599,44.476250,16.054262,9,"0;1;2;5;7;8;10;11;12"
Root_600,238.676643,36.332022,8,"1;2;5;7;8;10;11;12"
Root_601,78.420074,21.383862,8,"0;2;5;7;8;10;11;12"
Root_602,286.631843,40.961622,7,"2;5;7;8;10;11;12"
Root_603,43.154010,16.980182,8,"0;1;5;7;8;10;11;12"
Root_604,245.687683,37.257942,7,"1;5;7;8;10;11;12"
Root_605,82.037216,22.309782,7,"0;5;7;8;10;11;12"
Root_606,293.642883,41.887542,6,"5;7;8;10;11;12"
Root_607,38.565094,13.461686,10,"0;1;2;3;4;7;8;10;11;12"
Root_608,215.165731,33.739446,9,"1;2;3;4;7;8;10;11;12"
Root_609,72.063581,18.791286,9,"0;2;3;4;7;8;10;11;12"
Root_610,263.120931,38.369046,8,"2;3;4;7;8;10;11;12"
Root_611,40.707088,14.387606,9,"0;1;3;4;7;8;10;11;12"
Root_612,222.176771,34.665366,8,"1;3;4;7;8;10;11;12"
Root_613,74.160979,19.717206,8,"0;3;4;7;8;10;11;12"
Root_614,270.131971,39.294966,7,"3;4;7;8;10;11;12"
Root_615,47.857680,15.375254,9,"0;1;2;4;7;8;10;11;12"
Root_616,231.228547,35.653014,8,"1;2;4;7;8;10;11;12"
Root_617,80.274515,20.704854,8,"0;2;4;7;8;10;11;12"
Root_618,279.183747,40.282614,7,"2;4;7;8;10;11;12"
Root_619,47.461360,16.301174,8,"0;1;4;7;8;10;11;12"
Root_620,238.239587,36.578934,7,"1;4;7;8;10;11;12"
Root_621,83.338570,21.630774,7,"0;4;7;8;10;11;12"
Root_622,286.194787,41.208534,6,"4;7;8;10;11;12"
Root_623,45.492240,15.683894,9,"0;1;2;3;7;8;10;11;12"
Root_624,236.332227,35.961654,8,"1;2;3;7;8;10;11;12"
Root_625,82.913824,21.013494,8,"0;2;3;7;8;10;11;12"
Root_626,284.287427,40.591254,7,"2;3;7;8;10;11;12"
Root_627,45.095920,16.609814,8,"0;1;3;7;8;10;11;12"
Root_628,243.343267,36.887574,7,"1;3;7;8;10;11;12"
Root_629,87.147104,21.939414,7,"0;3;7;8;10;11;12"
Root_630,291.298467,41.517174,6,"3;7;8;10;11;12"
Root_631,51.573574,17.597462,8,"0;1;2;7;8;10;11;12"
Root_632,252.395043,37.875222,7,"1;2;7;8;10;11;12"
Root_633,93.235936,22.927062,7,"0;2;7;8;10;11;12"
Root_634,300.350243,42.504822,6,"2;7;8;10;11;12"
Root_635,52.103174,18.523382,7,"0;1;7;8;10;11;12"
Root_636,259.406083,38.801142,6,"1;7;8;10;11;12"
Root_637,97.469216,23.852982,6,"0;7;8;10;11;12"
Root_638,307.361283,43.430742,5,"7;8;10;11;12"
Root_639,33.724480,12.517248,11,"0;1;2;3;4;5;6;8;10;11;12"
Root_640,206.532470,32.795008,10,"1;2;3;4;5;6;8;10;11;12"
Root_641,65.452512,17.846848,10,"0;2;3;4;5;6;8;10;11;12"
Root_642,254.487670,37.424608,9,"2;3;4;5;6;8;10;11;12"
Root_643,35.984896,13.443168,10,"0;1;3;4;5;6;8;10;11;12"
Root_644,213.543510,33.720928,9,"1;3;4;5;6;8;10;11;12"
Root_645,66.908032,18.772768,9,"0;3;4;5;6;8;10;11;12"
Root_646,261.498710,38.350528,8,"3;4;5;6;8;10;11;12"
Root_647,43.135488,14.430816,10,"0;1;2;4;5;6;8;10;11;12"
Root_648,222.595286,34.708576,9,"1;2;4;5;6;8;10;11;12"
Root_649,72.273504,19.760416,9,"0;2;4;5;6;8;10;11;12"
Root_650,270.550486,39.338176,8,"2;4;5;6;8;10;11;12"
Root_651,43.382432,15.356736,9,"0;1;4;5;6;8;10;11;12"
Root_652,229.606326,35.634496,8,"1;4;5;6;8;10;11;12"
Root_653,73.489440,20.686336,8,"0;4;5;6;8;10;11;12"
Root_654,277.561526,40.264096,7,"4;5;6;8;10;11;12"
Root_655,40.770048,14.739456,10,"0;1;2;3;5;6;8;10;11;12"
Root_656,227.698966,35.017216,9,"1;2;3;5;6;8;10;11;12"
Root_657,73.354816,20.069056,9,"0;2;3;5;6;8;10;11;12"
Root_658,275.654166,39.646816,8,"2;3;5;6;8;10;11;12"
Root_659,40.708352,15.665376,9,"0;1;3;5;6;8;10;11;12"
Root_660,234.710006,35.943136,8,"1;3;5;6;8;10;11;12"
Root_661,76.003958,20.994976,8,"0;3;5;6;8;10;11;12"
Root_662,282.665206,40.572736,7,"3;5;6;8;10;11;12"
Root_663,46.871296,16.653024,9,"0;1;2;5;6;8;10;11;12"
Root_664,243.761782,36.930784,8,"1;2;5;6;8;10;11;12"
Root_665,82.110166,21.982624,8,"0;2;5;6;8;10;11;12"
Root_666,291.716982,41.560384,7,"2;5;6;8;10;11;12"
Root_667,46.436544,17.578944,8,"0;1;5;6;8;10;11;12"
Root_668,250.772822,37.856704,7,"1;5;6;8;10;11;12"
Root_669,86.577814,22.908544,7,"0;5;6;8;10;11;12"
Root_670,298.728022,42.486304,6,"5;6;8;10;11;12"
Root_671,42.157664,14.060448,10,"0;1;2;3;4;6;8;10;11;12"
Root_672,220.250870,34.338208,9,"1;2;3;4;6;8;10;11;12"
Root_673,76.254912,19.390048,9,"0;2;3;4;6;8;10;11;12"
Root_674,268.206070,38.967808,8,"2;3;4;6;8;10;11;12"
Root_675,43.700896,14.986368,9,"0;1;3;4;6;8;10;11;12"
Root_676,227.261910,35.264128,8,"1;3;4;6;8;10;11;12"
Root_677,78.026400,20.315968,8,"0;3;4;6;8;10;11;12"
Root_678,275.217110,39.893728,7,"3;4;6;8;10;11;12"
Root_679,50.851488,15.974016,9,"0;1;2;4;6;8;10;11;12"
Root_680,236.313686,36.251776,8,"1;2;4;6;8;10;11;12"
Root_681,83.721302,21.303616,8,"0;2;4;6;8;10;11;12"
Root_682,284.268886,40.881376,7,"2;4;6;8;10;11;12"
Root_683,50.455168,16.899936,8,"0;1;4;6;8;10;11;12"
Root_684,243.324726,37.177696,7,"1;4;6;8;10;11;12"
Root_685,87.258198,22.229536,7,"0;4;6;8;10;11;12"
Root_686,291.279926,41.807296,6,"4;6;8;10;11;12"
Root_687,48.486048,16.282656,9,"0;1;2;3;6;8;10;11;12"
Root_688,241.417366,36.560416,8,"1;2;3;6;8;10;11;12"
Root_689,87.202678,21.612256,8,"0;2;3;6;8;10;11;12"
Root_690,289.372566,41.190016,7,"2;3;6;8;10;11;12"
Root_691,48.298304,17.208576,8,"0;1;3;6;8;10;11;12"
Root_692,248.428406,37.486336,7,"1;3;6;8;10;11;12"
Root_693,91.435958,22.538176,7,"0;3;6;8;10;11;12"
Root_694,296.383606,42.115936,6,"3;6;8;10;11;12"
Root_695,55.166144,18.196224,8,"0;1;2;6;8;10;11;12"
Root_696,257.480182,38.473984,7,"1;2;6;8;10;11;12"
Root_697,97.524790,23.525824,7,"0;2;6;8;10;11;12"
Root_698,305.435382,43.103584,6,"2;6;8;10;11;12"
Root_699,55.695744,19.122144,7,"0;1;6;8;10;11;12"
Root_700,264.491222,39.399904,6,"1;6;8;10;11;12"
Root_701,101.758070,24.451744,6,"0;6;8;10;11;12"
Root_702,312.446422,44.029504,5,"6;8;10;11;12"
Root_703,47.453926,14.943158,10,"0;1;2;3;4;5;8;10;11;12"
Root_704,230.843395,35.220918,9,"1;2;3;4;5;8;10;11;12"
Root_705,82.706643,20.272758,9,"0;2;3;4;5;8;10;11;12"
Root_706,278.798595,39.850518,8,"2;3;4;5;8;10;11;12"
Root_707,48.114448,15.869078,9,"0;1;3;4;5;8;10;11;12"
Root_708,237.854435,36.146838,8,"1;3;4;5;8;10;11;12"
Root_709,85.338602,21.198678,8,"0;3;4;5;8;10;11;12"
Root_710,285.809635,40.776438,7,"3;4;5;8;10;11;12"
Root_711,55.265040,16.856726,9,"0;1;2;4;5;8;10;11;12"
Root_712,246.906211,37.134486,8,"1;2;4;5;8;10;11;12"
Root_713,90.439786,22.186326,8,"0;2;4;5;8;10;11;12"
Root_714,294.861411,41.764086,7,"2;4;5;8;10;11;12"
Root_715,55.380966,17.782646,8,"0;1;4;5;8;10;11;12"
Root_716,253.917251,38.060406,7,"1;4;5;8;10;11;12"
Root_717,94.202592,23.112246,7,"0;4;5;8;10;11;12"
Root_718,301.872451,42.690006,6,"4;5;8;10;11;12"
Root_719,53.064966,17.165366,9,"0;1;2;3;5;8;10;11;12"
Root_720,252.009891,37.443126,8,"1;2;3;5;8;10;11;12"
Root_721,94.308906,22.494966,8,"0;2;3;5;8;10;11;12"
Root_722,299.965091,42.072726,7,"2;3;5;8;10;11;12"
Root_723,54.415453,18.091286,8,"0;1;3;5;8;10;11;12"
Root_724,259.020931,38.369046,7,"1;3;5;8;10;11;12"
Root_725,98.380352,23.420886,7,"0;3;5;8;10;11;12"
Root_726,306.976131,42.998646,6,"3;5;8;10;11;12"
Root_727,60.462406,19.078934,8,"0;1;2;5;8;10;11;12"
Root_728,268.072707,39.356694,7,"1;2;5;8;10;11;12"
Root_729,104.469184,24.408534,7,"0;2;5;8;10;11;12"
Root_730,316.027907,43.986294,6,"2;5;8;10;11;12"
Root_731,61.231315,20.004854,7,"0;1;5;8;10;11;12"
Root_732,275.083747,40.282614,6,"1;5;8;10;11;12"
Root_733,108.702464,25.334454,6,"0;5;8;10;11;12"
Root_734,323.038947,44.912214,5,"5;8;10;11;12"
Root_735,56.713126,16.486358,9,"0;1;2;3;4;8;10;11;12"
Root_736,244.561795,36.764118,8,"1;2;3;4;8;10;11;12"
Root_737,95.920042,21.815958,8,"0;2;3;4;8;10;11;12"
Root_738,292.516995,41.393718,7,"2;3;4;8;10;11;12"
Root_739,57.384605,17.412278,8,"0;1;3;4;8;10;11;12"
Root_740,251.572835,37.690038,7,"1;3;4;8;10;11;12"
Root_741,99.227402,22.741878,7,"0;3;4;8;10;11;12"
Root_742,299.528035,42.319638,6,"3;4;8;10;11;12"
Root_743,64.110566,18.399926,8,"0;1;2;4;8;10;11;12"
Root_744,260.624611,38.677686,7,"1;2;4;8;10;11;12"
Root_745,104.328586,23.729526,7,"0;2;4;8;10;11;12"
Root_746,308.579811,43.307286,6,"2;4;8;10;11;12"
Root_747,64.640166,19.325846,7,"0;1;4;8;10;11;12"
Root_748,267.635651,39.603606,6,"1;4;8;10;11;12"
Root_749,107.635946,24.655446,6,"0;4;8;10;11;12"
Root_750,315.590851,44.233206,5,"4;8;10;11;12"
Root_751,63.762333,18.708566,8,"0;1;2;3;8;10;11;12"
Root_752,265.728291,38.986326,7,"1;2;3;8;10;11;12"
Root_753,108.197706,24.038166,7,"0;2;3;8;10;11;12"
Root_754,313.683491,43.615926,6,"2;3;8;10;11;12"
Root_755,65.217853,19.634486,7,"0;1;3;8;10;11;12"
Root_756,272.739331,39.912246,6,"1;3;8;10;11;12"
Root_757,111.505066,24.964086,6,"0;3;8;10;11;12"
Root_758,320.694531,44.541846,5,"3;8;10;11;12"
Root_759,71.195475,20.622134,7,"0;1;2;8;10;11;12"
Root_760,281.791107,40.899894,6,"1;2;8;10;11;12"
Root_761,116.606250,25.951734,6,"0;2;8;10;11;12"
Root_762,329.746307,45.529494,5,"2;8;10;11;12"
Root_763,74.176810,21.548054,6,"0;1;8;10;11;12"
Root_764,288.802147,41.825814,5,"1;8;10;11;12"
Root_765,119.913610,26.877654,5,"0;8;10;11;12"
Root_766,336.757347,46.455414,4,"8;10;11;12"
Root_767,42.528032,14.122176,11,"0;1;2;3;4;5;6;7;10;11;12"
Root_768,228.591606,34.399936,10,"1;2;3;4;5;6;7;10;11;12"
Root_769,74.882080,19.451776,10,"0;2;3;4;5;6;7;10;11;12"
Root_770,276.546806,39.029536,9,"2;3;4;5;6;7;10;11;12"
Root_771,44.009536,15.048096,10,"0;1;3;4;5;6;7;10;11;12"
Root_772,235.602646,35.325856,9,"1;3;4;5;6;7;10;11;12"
Root_773,76.715296,20.377696,9,"0;3;4;5;6;7;10;11;12"
Root_774,283.557846,39.955456,8,"3;4;5;6;7;10;11;12"
Root_775,51.160128,16.035744,10,"0;1;2;4;5;6;7;10;11;12"
Root_776,244.654422,36.313504,9,"1;2;4;5;6;7;10;11;12"
Root_777,82.471926,21.365344,9,"0;2;4;5;6;7;10;11;12"
Root_778,292.609622,40.943104,8,"2;4;5;6;7;10;11;12"
Root_779,50.763808,16.961664,9,"0;1;4;5;6;7;10;11;12"
Root_780,251.665462,37.239424,8,"1;4;5;6;7;10;11;12"
Root_781,86.070550,22.291264,8,"0;4;5;6;7;10;11;12"
Root_782,299.620662,41.869024,7,"4;5;6;7;10;11;12"
Root_783,48.794688,16.344384,10,"0;1;2;3;5;6;7;10;11;12"
Root_784,249.758102,36.622144,9,"1;2;3;5;6;7;10;11;12"
Root_785,86.015030,21.673984,9,"0;2;3;5;6;7;10;11;12"
Root_786,297.713302,41.251744,8,"2;3;5;6;7;10;11;12"
Root_787,48.668672,17.270304,9,"0;1;3;5;6;7;10;11;12"
Root_788,256.769142,37.548064,8,"1;3;5;6;7;10;11;12"
Root_789,90.248310,22.599904,8,"0;3;5;6;7;10;11;12"
Root_790,304.724342,42.177664,7,"3;5;6;7;10;11;12"
Root_791,54.548960,18.257952,9,"0;1;2;5;6;7;10;11;12"
Root_792,265.820918,38.535712,8,"1;2;5;6;7;10;11;12"
Root_793,97.267894,23.587552,8,"0;2;5;6;7;10;11;12"
Root_794,313.776118,43.165312,7,"2;5;6;7;10;11;12"
Root_795,54.261184,19.183872,8,"0;1;5;6;7;10;11;12"
Root_796,272.831958,39.461632,7,"1;5;6;7;10;11;12"
Root_797,102.427094,24.513472,7,"0;5;6;7;10;11;12"
Root_798,320.787158,44.091232,6,"5;6;7;10;11;12"
Root_799,51.787232,15.665376,10,"0;1;2;3;4;6;7;10;11;12"
Root_800,242.310006,35.943136,9,"1;2;3;4;6;7;10;11;12"
Root_801,86.947158,20.994976,9,"0;2;3;4;6;7;10;11;12"
Root_802,290.265206,40.572736,8,"2;3;4;6;7;10;11;12"
Root_803,52.316832,16.591296,9,"0;1;3;4;6;7;10;11;12"
Root_804,249.321046,36.869056,8,"1;3;4;6;7;10;11;12"
Root_805,91.180438,21.920896,8,"0;3;4;6;7;10;11;12"
Root_806,297.276246,41.498656,7,"3;4;6;7;10;11;12"
Root_807,58.876128,17.578944,9,"0;1;2;4;6;7;10;11;12"
Root_808,258.372822,37.856704,8,"1;2;4;6;7;10;11;12"
Root_809,97.269270,22.908544,8,"0;2;4;6;7;10;11;12"
Root_810,306.328022,42.486304,7,"2;4;6;7;10;11;12"
Root_811,58.479808,18.504864,8,"0;1;4;6;7;10;11;12"
Root_812,265.383862,38.782624,7,"1;4;6;7;10;11;12"
Root_813,101.502550,23.834464,7,"0;4;6;7;10;11;12"
Root_814,313.339062,43.412224,6,"4;6;7;10;11;12"
Root_815,57.398272,17.887584,9,"0;1;2;3;6;7;10;11;12"
Root_816,263.476502,38.165344,8,"1;2;3;6;7;10;11;12"
Root_817,101.447030,23.217184,8,"0;2;3;6;7;10;11;12"
Root_818,311.431702,42.794944,7,"2;3;6;7;10;11;12"
Root_819,57.927872,18.813504,8,"0;1;3;6;7;10;11;12"
Root_820,270.487542,39.091264,7,"1;3;6;7;10;11;12"
Root_821,105.680310,24.143104,7,"0;3;6;7;10;11;12"
Root_822,318.442742,43.720864,6,"3;6;7;10;11;12"
Root_823,63.021536,19.801152,8,"0;1;2;6;7;10;11;12"
Root_824,279.539318,40.078912,7,"1;2;6;7;10;11;12"
Root_825,111.769142,25.130752,7,"0;2;6;7;10;11;12"
Root_826,327.494518,44.708512,6,"2;6;7;10;11;12"
Root_827,65.204128,20.727072,7,"0;1;6;7;10;11;12"
Root_828,286.550358,41.004832,6,"1;6;7;10;11;12"
Root_829,116.059094,26.056672,6,"0;6;7;10;11;12"
Root_830,334.505558,45.634432,5,"6;7;10;11;12"
Root_831,57.083494,16.548086,10,"0;1;2;3;4;5;7;10;11;12"
Root_832,252.902531,36.825846,9,"1;2;3;4;5;7;10;11;12"
Root_833,94.670666,21.877686,9,"0;2;3;4;5;7;10;11;12"
Root_834,300.857731,41.455446,8,"2;3;4;5;7;10;11;12"
Root_835,57.613094,17.474006,9,"0;1;3;4;5;7;10;11;12"
Root_836,259.913571,37.751766,8,"1;3;4;5;7;10;11;12"
Root_837,98.124832,22.803606,8,"0;3;4;5;7;10;11;12"
Root_838,307.868771,42.381366,7,"3;4;5;7;10;11;12"
Root_839,63.289680,18.461654,9,"0;1;2;4;5;7;10;11;12"
Root_840,268.965347,38.739414,8,"1;2;4;5;7;10;11;12"
Root_841,104.213664,23.791254,8,"0;2;4;5;7;10;11;12"
Root_842,316.920547,43.369014,7,"2;4;5;7;10;11;12"
Root_843,63.205606,19.387574,8,"0;1;4;5;7;10;11;12"
Root_844,275.976387,39.665334,7,"1;4;5;7;10;11;12"
Root_845,108.446944,24.717174,7,"0;4;5;7;10;11;12"
Root_846,323.931587,44.294934,6,"4;5;7;10;11;12"
Root_847,62.694534,18.770294,9,"0;1;2;3;5;7;10;11;12"
Root_848,274.069027,39.048054,8,"1;2;3;5;7;10;11;12"
Root_849,108.391424,24.099894,8,"0;2;3;5;7;10;11;12"
Root_850,322.024227,43.677654,7,"2;3;5;7;10;11;12"
Root_851,63.845021,19.696214,8,"0;1;3;5;7;10;11;12"
Root_852,281.080067,39.973974,7,"1;3;5;7;10;11;12"
Root_853,112.624704,25.025814,7,"0;3;5;7;10;11;12"
Root_854,329.035267,44.603574,6,"3;5;7;10;11;12"
Root_855,69.884371,20.683862,8,"0;1;2;5;7;10;11;12"
Root_856,290.131843,40.961622,7,"1;2;5;7;10;11;12"
Root_857,118.726998,26.013462,7,"0;2;5;7;10;11;12"
Root_858,338.087043,45.591222,6,"2;5;7;10;11;12"
Root_859,72.927434,21.609782,7,"0;1;5;7;10;11;12"
Root_860,297.142883,41.887542,6,"1;5;7;10;11;12"
Root_861,123.886198,26.939382,6,"0;5;7;10;11;12"
Root_862,345.098083,46.517142,5,"5;7;10;11;12"
Root_863,66.342694,18.091286,9,"0;1;2;3;4;7;10;11;12"
Root_864,266.620931,38.369046,8,"1;2;3;4;7;10;11;12"
Root_865,108.559466,23.420886,8,"0;2;3;4;7;10;11;12"
Root_866,314.576131,42.998646,7,"2;3;4;7;10;11;12"
Root_867,66.872294,19.017206,8,"0;1;3;4;7;10;11;12"
Root_868,273.631971,39.294966,7,"1;3;4;7;10;11;12"
Root_869,111.866826,24.346806,7,"0;3;4;7;10;11;12"
Root_870,321.587171,43.924566,6,"3;4;7;10;11;12"
Root_871,72.174515,20.004854,8,"0;1;2;4;7;10;11;12"
Root_872,282.683747,40.282614,7,"1;2;4;7;10;11;12"
Root_873,116.968010,25.334454,7,"0;2;4;7;10;11;12"
Root_874,330.638947,44.912214,6,"2;4;7;10;11;12"
Root_875,74.555955,20.930774,7,"0;1;4;7;10;11;12"
Root_876,289.694787,41.208534,6,"1;4;7;10;11;12"
Root_877,120.535744,26.260374,6,"0;4;7;10;11;12"
Root_878,337.649987,45.838134,5,"4;7;10;11;12"
Root_879,74.048490,20.313494,8,"0;1;2;3;7;10;11;12"
Root_880,287.787427,40.591254,7,"1;2;3;7;10;11;12"
Root_881,120.837130,25.643094,7,"0;2;3;7;10;11;12"
Root_882,335.742627,45.220854,6,"2;3;7;10;11;12"
Root_883,77.647104,21.239414,7,"0;1;3;7;10;11;12"
Root_884,294.798467,41.517174,6,"1;3;7;10;11;12"
Root_885,124.713504,26.569014,6,"0;3;7;10;11;12"
Root_886,342.753667,46.146774,5,"3;7;10;11;12"
Root_887,83.735936,22.227062,7,"0;1;2;7;10;11;12"
Root_888,303.850243,42.504822,6,"1;2;7;10;11;12"
Root_889,130.802336,27.556662,6,"0;2;7;10;11;12"
Root_890,351.805443,47.134422,5,"2;7;10;11;12"
Root_891,87.969216,23.152982,6,"0;1;7;10;11;12"
Root_892,310.861283,43.430742,5,"1;7;10;11;12"
Root_893,135.518198,28.482582,5,"0;7;10;11;12"
Root_894,358.816483,48.060342,4,"7;10;11;12"
Root_895,60.676064,17.146848,10,"0;1;2;3;4;5;6;10;11;12"
Root_896,257.987670,37.424608,9,"1;2;3;4;5;6;10;11;12"
Root_897,98.360758,22.476448,9,"0;2;3;4;5;6;10;11;12"
Root_898,305.942870,42.054208,8,"2;3;4;5;6;10;11;12"
Root_899,61.205664,18.072768,9,"0;1;3;4;5;6;10;11;12"
Root_900,264.998710,38.350528,8,"1;3;4;5;6;10;11;12"
Root_901,102.413686,23.402368,8,"0;3;4;5;6;10;11;12"
Root_902,312.953910,42.980128,7,"3;4;5;6;10;11;12"
Root_903,66.283488,19.060416,9,"0;1;2;4;5;6;10;11;12"
Root_904,274.050486,39.338176,8,"1;2;4;5;6;10;11;12"
Root_905,108.502518,24.390016,8,"0;2;4;5;6;10;11;12"
Root_906,322.005686,43.967776,7,"2;4;5;6;10;11;12"
Root_907,66.103104,19.986336,8,"0;1;4;5;6;10;11;12"
Root_908,281.061526,40.264096,7,"1;4;5;6;10;11;12"
Root_909,112.735798,25.315936,7,"0;4;5;6;10;11;12"
Root_910,329.016726,44.893696,6,"4;5;6;10;11;12"
Root_911,66.287104,19.369056,9,"0;1;2;3;5;6;10;11;12"
Root_912,279.154166,39.646816,8,"1;2;3;5;6;10;11;12"
Root_913,112.680278,24.698656,8,"0;2;3;5;6;10;11;12"
Root_914,327.109366,44.276416,7,"2;3;5;6;10;11;12"
Root_915,67.636256,20.294976,8,"0;1;3;5;6;10;11;12"
Root_916,286.165206,40.572736,7,"1;3;5;6;10;11;12"
Root_917,116.913558,25.624576,7,"0;3;5;6;10;11;12"
Root_918,334.120406,45.202336,6,"3;5;6;10;11;12"
Root_919,73.310166,21.282624,8,"0;1;2;5;6;10;11;12"
Root_920,295.216982,41.560384,7,"1;2;5;6;10;11;12"
Root_921,123.614614,26.612224,7,"0;2;5;6;10;11;12"
Root_922,343.172182,46.189984,6,"2;5;6;10;11;12"
Root_923,76.826070,22.208544,7,"0;1;5;6;10;11;12"
Root_924,302.228022,42.486304,6,"1;5;6;10;11;12"
Root_925,128.773814,27.538144,6,"0;5;6;10;11;12"
Root_926,350.183222,47.115904,5,"5;6;10;11;12"
Root_927,69.935264,18.690048,9,"0;1;2;3;4;6;10;11;12"
Root_928,271.706070,38.967808,8,"1;2;3;4;6;10;11;12"
Root_929,112.249558,24.019648,8,"0;2;3;4;6;10;11;12"
Root_930,319.661270,43.597408,7,"2;3;4;6;10;11;12"
Root_931,70.464864,19.615968,8,"0;1;3;4;6;10;11;12"
Root_932,278.717110,39.893728,7,"1;3;4;6;10;11;12"
Root_933,115.556918,24.945568,7,"0;3;4;6;10;11;12"
Root_934,326.672310,44.523328,6,"3;4;6;10;11;12"
Root_935,75.436320,20.603616,8,"0;1;2;4;6;10;11;12"
Root_936,287.768886,40.881376,7,"1;2;4;6;10;11;12"
Root_937,120.658102,25.933216,7,"0;2;4;6;10;11;12"
Root_938,335.724086,45.510976,6,"2;4;6;10;11;12"
Root_939,78.228662,21.529536,7,"0;1;4;6;10;11;12"
Root_940,294.779926,41.807296,6,"1;4;6;10;11;12"
Root_941,124.824598,26.859136,6,"0;4;6;10;11;12"
Root_942,342.735126,46.436896,5,"4;6;10;11;12"
Root_943,77.738582,20.912256,8,"0;1;2;3;6;10;11;12"
Root_944,292.872566,41.190016,7,"1;2;3;6;10;11;12"
Root_945,124.769078,26.241856,7,"0;2;3;6;10;11;12"
Root_946,340.827766,45.819616,6,"2;3;6;10;11;12"
Root_947,81.935958,21.838176,7,"0;1;3;6;10;11;12"
Root_948,299.883606,42.115936,6,"1;3;6;10;11;12"
Root_949,129.002358,27.167776,6,"0;3;6;10;11;12"
Root_950,347.838806,46.745536,5,"3;6;10;11;12"
Root_951,88.024790,22.825824,7,"0;1;2;6;10;11;12"
Root_952,308.935382,43.103584,6,"1;2;6;10;11;12"
Root_953,135.091190,28.155424,6,"0;2;6;10;11;12"
Root_954,356.890582,47.733184,5,"2;6;10;11;12"
Root_955,92.258070,23.751744,6,"0;1;6;10;11;12"
Root_956,315.946422,44.029504,5,"1;6;10;11;12"
Root_957,139.487158,29.081344,5,"0;6;10;11;12"
Root_958,363.901622,48.659104,4,"6;10;11;12"
Root_959,75.231526,19.572758,9,"0;1;2;3;4;5;10;11;12"
Root_960,282.298595,39.850518,8,"1;2;3;4;5;10;11;12"
Root_961,118.311242,24.902358,8,"0;2;3;4;5;10;11;12"
Root_962,330.253795,44.480118,7,"2;3;4;5;10;11;12"
Root_963,76.988083,20.498678,8,"0;1;3;4;5;10;11;12"
Root_964,289.309635,40.776438,7,"1;3;4;5;10;11;12"
Root_965,121.618602,25.828278,7,"0;3;4;5;10;11;12"
Root_966,337.264835,45.406038,6,"3;4;5;10;11;12"
Root_967,82.153459,21.486326,8,"0;1;2;4;5;10;11;12"
Root_968,298.361411,41.764086,7,"1;2;4;5;10;11;12"
Root_969,127.535712,26.815926,7,"0;2;4;5;10;11;12"
Root_970,346.316611,46.393686,6,"2;4;5;10;11;12"
Root_971,84.947146,22.412246,7,"0;1;4;5;10;11;12"
Root_972,305.372451,42.690006,6,"1;4;5;10;11;12"
Root_973,131.768992,27.741846,6,"0;4;5;10;11;12"
Root_974,353.327651,47.319606,5,"4;5;10;11;12"
Root_975,85.508906,21.794966,8,"0;1;2;3;5;10;11;12"
Root_976,303.465091,42.072726,7,"1;2;3;5;10;11;12"
Root_977,131.713472,27.124566,7,"0;2;3;5;10;11;12"
Root_978,351.420291,46.702326,6,"2;3;5;10;11;12"
Root_979,88.880352,22.720886,7,"0;1;3;5;10;11;12"
Root_980,310.476131,42.998646,6,"1;3;5;10;11;12"
Root_981,135.997238,28.050486,6,"0;3;5;10;11;12"
Root_982,358.431331,47.628246,5,"3;5;10;11;12"
Root_983,94.969184,23.708534,7,"0;1;2;5;10;11;12"
Root_984,319.527907,43.986294,6,"1;2;5;10;11;12"
Root_985,143.111853,29.038134,6,"0;2;5;10;11;12"
Root_986,367.483107,48.615894,5,"2;5;10;11;12"
Root_987,99.202464,24.634454,6,"0;1;5;10;11;12"
Root_988,326.538947,44.912214,5,"1;5;10;11;12"
Root_989,149.196973,29.964054,5,"0;5;10;11;12"
Root_990,374.494147,49.541814,4,"5;10;11;12"
Root_991,87.120042,21.115958,8,"0;1;2;3;4;10;11;12"
Root_992,296.016995,41.393718,7,"1;2;3;4;10;11;12"
Root_993,128.856842,26.445558,7,"0;2;3;4;10;11;12"
Root_994,343.972195,46.023318,6,"2;3;4;10;11;12"
Root_995,90.427402,22.041878,7,"0;1;3;4;10;11;12"
Root_996,303.028035,42.319638,6,"1;3;4;10;11;12"
Root_997,132.164202,27.371478,6,"0;3;4;10;11;12"
Root_998,350.983235,46.949238,5,"3;4;10;11;12"
Root_999,95.528586,23.029526,7,"0;1;2;4;10;11;12"
Root_1000,312.079811,43.307286,6,"1;2;4;10;11;12"
Root_1001,137.624512,28.359126,6,"0;2;4;10;11;12"
Root_1002,360.035011,47.936886,5,"2;4;10;11;12"
Root_1003,98.835946,23.955446,6,"0;1;4;10;11;12"
Root_1004,319.090851,44.233206,5,"1;4;10;11;12"
Root_1005,142.427885,29.285046,5,"0;4;10;11;12"
Root_1006,367.046051,48.862806,4,"4;10;11;12"
Root_1007,99.397706,23.338166,7,"0;1;2;3;10;11;12"
Root_1008,317.183491,43.615926,6,"1;2;3;10;11;12"
Root_1009,141.802272,28.667766,6,"0;2;3;10;11;12"
Root_1010,365.138691,48.245526,5,"2;3;10;11;12"
Root_1011,102.705066,24.264086,6,"0;1;3;10;11;12"
Root_1012,324.194531,44.541846,5,"1;3;10;11;12"
Root_1013,147.222925,29.593686,5,"0;3;10;11;12"
Root_1014,372.149731,49.171446,4,"3;10;11;12"
Root_1015,107.806250,25.251734,6,"0;1;2;10;11;12"
Root_1016,333.246307,45.529494,5,"1;2;10;11;12"
Root_1017,155.287053,30.581334,5,"0;2;10;11;12"
Root_1018,381.201507,50.159094,4,"2;10;11;12"
Root_1019,111.291264,26.177654,5,"0;1;10;11;12"
Root_1020,340.257347,46.455414,4,"1;10;11;12"
Root_1021,161.372173,31.507254,4,"0;10;11;12"
Root_1022,388.212547,51.085014,3,"10;11;12"
Root_1023,13.503680,4.325920,12,"0;1;2;3;4;5;6;7;8;9;11;12"
Root_1024,160.636534,28.103680,11,"1;2;3;4;5;6;7;8;9;11;12"
Root_1025,38.925664,13.155520,11,"0;2;3;4;5;6;7;8;9;11;12"
Root_1026,208.591734,32.733280,10,"2;3;4;5;6;7;8;9;11;12"
Root_1027,15.811040,5.951840,11,"0;1;3;4;5;6;7;8;9;11;12"
Root_1028,167.647574,29.029600,10,"1;3;4;5;6;7;8;9;11;12"
Root_1029,41.342912,14.081440,10,"0;3;4;5;6;7;8;9;11;12"
Root_1030,215.602774,33.659200,9,"3;4;5;6;7;8;9;11;12"
Root_1031,23.848032,9.739488,11,"0;1;2;4;5;6;7;8;9;11;12"
Root_1032,176.699350,30.017248,10,"1;2;4;5;6;7;8;9;11;12"
Root_1033,48.493504,15.069088,10,"0;2;4;5;6;7;8;9;11;12"
Root_1034,224.654550,34.646848,9,"2;4;5;6;7;8;9;11;12"
Root_1035,26.783776,10.665408,10,"0;1;4;5;6;7;8;9;11;12"
Root_1036,183.710390,30.943168,9,"1;4;5;6;7;8;9;11;12"
Root_1037,48.102176,15.995008,9,"0;4;5;6;7;8;9;11;12"
Root_1038,231.665590,35.572768,8,"4;5;6;7;8;9;11;12"
Root_1039,21.203616,8.648128,11,"0;1;2;3;5;6;7;8;9;11;12"
Root_1040,181.803030,30.325888,10,"1;2;3;5;6;7;8;9;11;12"
Root_1041,46.128064,15.377728,10,"0;2;3;5;6;7;8;9;11;12"
Root_1042,229.758230,34.955488,9,"2;3;5;6;7;8;9;11;12"
Root_1043,23.055456,9.574048,10,"0;1;3;5;6;7;8;9;11;12"
Root_1044,188.814070,31.251808,9,"1;3;5;6;7;8;9;11;12"
Root_1045,45.731744,16.303648,9,"0;3;5;6;7;8;9;11;12"
Root_1046,236.769270,35.881408,8,"3;5;6;7;8;9;11;12"
Root_1047,30.272640,11.961696,10,"0;1;2;5;6;7;8;9;11;12"
Root_1048,197.865846,32.239456,9,"1;2;5;6;7;8;9;11;12"
Root_1049,52.194528,17.291296,9,"0;2;5;6;7;8;9;11;12"
Root_1050,245.821046,36.869056,8,"2;5;6;7;8;9;11;12"
Root_1051,32.062784,12.887616,9,"0;1;5;6;7;8;9;11;12"
Root_1052,204.876886,33.165376,8,"1;5;6;7;8;9;11;12"
Root_1053,53.650048,18.217216,8,"0;5;6;7;8;9;11;12"
Root_1054,252.832086,37.794976,7,"5;6;7;8;9;11;12"
Root_1055,18.445600,7.269120,11,"0;1;2;3;4;6;7;8;9;11;12"
Root_1056,174.354934,29.646880,10,"1;2;3;4;6;7;8;9;11;12"
Root_1057,48.153952,14.698720,10,"0;2;3;4;6;7;8;9;11;12"
Root_1058,222.310134,34.276480,9,"2;3;4;6;7;8;9;11;12"
Root_1059,20.297440,8.195040,10,"0;1;3;4;6;7;8;9;11;12"
Root_1060,181.365974,30.572800,9,"1;3;4;6;7;8;9;11;12"
Root_1061,49.058912,15.624640,9,"0;3;4;6;7;8;9;11;12"
Root_1062,229.321174,35.202400,8,"3;4;6;7;8;9;11;12"
Root_1063,29.561504,11.282688,10,"0;1;2;4;6;7;8;9;11;12"
Root_1064,190.417750,31.560448,9,"1;2;4;6;7;8;9;11;12"
Root_1065,56.209504,16.612288,9,"0;2;4;6;7;8;9;11;12"
Root_1066,238.372950,36.190048,8,"2;4;6;7;8;9;11;12"
Root_1067,32.956576,12.208608,9,"0;1;4;6;7;8;9;11;12"
Root_1068,197.428790,32.486368,8,"1;4;6;7;8;9;11;12"
Root_1069,56.619200,17.538208,8,"0;4;6;7;8;9;11;12"
Root_1070,245.383990,37.115968,7,"4;6;7;8;9;11;12"
Root_1071,24.290016,10.191328,10,"0;1;2;3;6;7;8;9;11;12"
Root_1072,195.521430,31.869088,9,"1;2;3;6;7;8;9;11;12"
Root_1073,53.844064,16.920928,9,"0;2;3;6;7;8;9;11;12"
Root_1074,243.476630,36.498688,8,"2;3;6;7;8;9;11;12"
Root_1075,26.751680,11.117248,9,"0;1;3;6;7;8;9;11;12"
Root_1076,202.532470,32.795008,8,"1;3;6;7;8;9;11;12"
Root_1077,55.717888,17.846848,8,"0;3;6;7;8;9;11;12"
Root_1078,250.487670,37.424608,7,"3;6;7;8;9;11;12"
Root_1079,36.445440,13.504896,9,"0;1;2;6;7;8;9;11;12"
Root_1080,211.584246,33.782656,8,"1;2;6;7;8;9;11;12"
Root_1081,62.996928,18.834496,8,"0;2;6;7;8;9;11;12"
Root_1082,259.539446,38.412256,7,"2;6;7;8;9;11;12"
Root_1083,36.692384,14.430816,8,"0;1;6;7;8;9;11;12"
Root_1084,218.595286,34.708576,7,"1;6;7;8;9;11;12"
Root_1085,65.137536,19.760416,7,"0;6;7;8;9;11;12"
Root_1086,266.550486,39.338176,6,"6;7;8;9;11;12"
Root_1087,20.211021,8.151830,11,"0;1;2;3;4;5;7;8;9;11;12"
Root_1088,184.947459,30.529590,10,"1;2;3;4;5;7;8;9;11;12"
Root_1089,53.450214,15.581430,10,"0;2;3;4;5;7;8;9;11;12"
Root_1090,232.902659,35.159190,9,"2;3;4;5;7;8;9;11;12"
Root_1091,22.062861,9.077750,10,"0;1;3;4;5;7;8;9;11;12"
Root_1092,191.958499,31.455510,9,"1;3;4;5;7;8;9;11;12"
Root_1093,53.979814,16.507350,9,"0;3;4;5;7;8;9;11;12"
Root_1094,239.913699,36.085110,8,"3;4;5;7;8;9;11;12"
Root_1095,33.975056,12.165398,10,"0;1;2;4;5;7;8;9;11;12"
Root_1096,201.010275,32.443158,9,"1;2;4;5;7;8;9;11;12"
Root_1097,61.342653,17.494998,9,"0;2;4;5;7;8;9;11;12"
Root_1098,248.965475,37.072758,8,"2;4;5;7;8;9;11;12"
Root_1099,36.487418,13.091318,9,"0;1;4;5;7;8;9;11;12"
Root_1100,208.021315,33.369078,8,"1;4;5;7;8;9;11;12"
Root_1101,62.798173,18.420918,8,"0;4;5;7;8;9;11;12"
Root_1102,255.976515,37.998678,7,"4;5;7;8;9;11;12"
Root_1103,26.722010,11.074038,10,"0;1;2;3;5;7;8;9;11;12"
Root_1104,206.113955,32.751798,9,"1;2;3;5;7;8;9;11;12"
Root_1105,60.398131,17.803638,9,"0;2;3;5;7;8;9;11;12"
Root_1106,254.069155,37.381398,8,"2;3;5;7;8;9;11;12"
Root_1107,29.399811,11.999958,9,"0;1;3;5;7;8;9;11;12"
Root_1108,213.124995,33.677718,8,"1;3;5;7;8;9;11;12"
Root_1109,62.779571,18.729558,8,"0;3;5;7;8;9;11;12"
Root_1110,261.080195,38.307318,7,"3;5;7;8;9;11;12"
Root_1111,39.976282,14.387606,9,"0;1;2;5;7;8;9;11;12"
Root_1112,222.176771,34.665366,8,"1;2;5;7;8;9;11;12"
Root_1113,69.817779,19.717206,8,"0;2;5;7;8;9;11;12"
Root_1114,270.131971,39.294966,7,"2;5;7;8;9;11;12"
Root_1115,39.340515,15.313526,8,"0;1;5;7;8;9;11;12"
Root_1116,229.187811,35.591286,7,"1;5;7;8;9;11;12"
Root_1117,72.199219,20.643126,7,"0;5;7;8;9;11;12"
Root_1118,277.143011,40.220886,6,"5;7;8;9;11;12"
Root_1119,23.714659,9.695030,10,"0;1;2;3;4;7;8;9;11;12"
Root_1120,198.665859,32.072790,9,"1;2;3;4;7;8;9;11;12"
Root_1121,62.834045,17.124630,9,"0;2;3;4;7;8;9;11;12"
Root_1122,246.621059,36.702390,8,"2;3;4;7;8;9;11;12"
Root_1123,26.605946,10.620950,9,"0;1;3;4;7;8;9;11;12"
Root_1124,205.676899,32.998710,8,"1;3;4;7;8;9;11;12"
Root_1125,65.069715,18.050550,8,"0;3;4;7;8;9;11;12"
Root_1126,253.632099,37.628310,7,"3;4;7;8;9;11;12"
Root_1127,41.691056,13.708598,9,"0;1;2;4;7;8;9;11;12"
Root_1128,214.728675,33.986358,8,"1;2;4;7;8;9;11;12"
Root_1129,72.145053,19.038198,8,"0;2;4;7;8;9;11;12"
Root_1130,262.683875,38.615958,7,"2;4;7;8;9;11;12"
Root_1131,42.660218,14.634518,8,"0;1;4;7;8;9;11;12"
Root_1132,221.739715,34.912278,7,"1;4;7;8;9;11;12"
Root_1133,74.489363,19.964118,7,"0;4;7;8;9;11;12"
Root_1134,269.694915,39.541878,6,"4;7;8;9;11;12"
Root_1135,32.894810,12.617238,9,"0;1;2;3;7;8;9;11;12"
Root_1136,219.832355,34.294998,8,"1;2;3;7;8;9;11;12"
Root_1137,73.015242,19.346838,8,"0;2;3;7;8;9;11;12"
Root_1138,267.787555,38.924598,7,"2;3;7;8;9;11;12"
Root_1139,34.386138,13.543158,8,"0;1;3;7;8;9;11;12"
Root_1140,226.843395,35.220918,7,"1;3;7;8;9;11;12"
Root_1141,76.322602,20.272758,7,"0;3;7;8;9;11;12"
Root_1142,274.798595,39.850518,6,"3;7;8;9;11;12"
Root_1143,46.149082,15.930806,8,"0;1;2;7;8;9;11;12"
Root_1144,235.895171,36.208566,7,"1;2;7;8;9;11;12"
Root_1145,82.475626,21.260406,7,"0;2;7;8;9;11;12"
Root_1146,283.850371,40.838166,6,"2;7;8;9;11;12"
Root_1147,44.826842,16.856726,7,"0;1;7;8;9;11;12"
Root_1148,242.906211,37.134486,6,"1;7;8;9;11;12"
Root_1149,85.969312,22.186326,6,"0;7;8;9;11;12"
Root_1150,290.861411,41.764086,5,"7;8;9;11;12"
Root_1151,27.524512,10.850592,11,"0;1;2;3;4;5;6;8;9;11;12"
Root_1152,190.032598,31.128352,10,"1;2;3;4;5;6;8;9;11;12"
Root_1153,57.042784,16.180192,10,"0;2;3;4;5;6;8;9;11;12"
Root_1154,237.987798,35.757952,9,"2;3;4;5;6;8;9;11;12"
Root_1155,31.228192,11.776512,10,"0;1;3;4;5;6;8;9;11;12"
Root_1156,197.043638,32.054272,9,"1;3;4;5;6;8;9;11;12"
Root_1157,57.678496,17.106112,9,"0;3;4;5;6;8;9;11;12"
Root_1158,244.998838,36.683872,8,"3;4;5;6;8;9;11;12"
Root_1159,36.968864,12.764160,10,"0;1;2;4;5;6;8;9;11;12"
Root_1160,206.095414,33.041920,9,"1;2;4;5;6;8;9;11;12"
Root_1161,65.533984,18.093760,9,"0;2;4;5;6;8;9;11;12"
Root_1162,254.050614,37.671520,8,"2;4;5;6;8;9;11;12"
Root_1163,38.882464,13.690080,9,"0;1;4;5;6;8;9;11;12"
Root_1164,213.106454,33.967840,8,"1;4;5;6;8;9;11;12"
Root_1165,66.989504,19.019680,8,"0;4;5;6;8;9;11;12"
Root_1166,261.061654,38.597440,7,"4;5;6;8;9;11;12"
Root_1167,34.717056,13.072800,10,"0;1;2;3;5;6;8;9;11;12"
Root_1168,211.199094,33.350560,9,"1;2;3;5;6;8;9;11;12"
Root_1169,65.188224,18.402400,9,"0;2;3;5;6;8;9;11;12"
Root_1170,259.154294,37.980160,8,"2;3;5;6;8;9;11;12"
Root_1171,36.208384,13.998720,9,"0;1;3;5;6;8;9;11;12"
Root_1172,218.210134,34.276480,8,"1;3;5;6;8;9;11;12"
Root_1173,67.569664,19.328320,8,"0;3;5;6;8;9;11;12"
Root_1174,266.165334,38.906080,7,"3;5;6;8;9;11;12"
Root_1175,42.371328,14.986368,9,"0;1;2;5;6;8;9;11;12"
Root_1176,227.261910,35.264128,8,"1;2;5;6;8;9;11;12"
Root_1177,73.367232,20.315968,8,"0;2;5;6;8;9;11;12"
Root_1178,275.217110,39.893728,7,"2;5;6;8;9;11;12"
Root_1179,41.136800,15.912288,8,"0;1;5;6;8;9;11;12"
Root_1180,234.272950,36.190048,7,"1;5;6;8;9;11;12"
Root_1181,75.584278,21.241888,7,"0;5;6;8;9;11;12"
Root_1182,282.228150,40.819648,6,"5;6;8;9;11;12"
Root_1183,35.117024,12.393792,10,"0;1;2;3;4;6;8;9;11;12"
Root_1184,203.750998,32.671552,9,"1;2;3;4;6;8;9;11;12"
Root_1185,67.478368,17.723392,9,"0;2;3;4;6;8;9;11;12"
Root_1186,251.706198,37.301152,8,"2;3;4;6;8;9;11;12"
Root_1187,37.534272,13.319712,9,"0;1;3;4;6;8;9;11;12"
Root_1188,210.762038,33.597472,8,"1;3;4;6;8;9;11;12"
Root_1189,69.859808,18.649312,8,"0;3;4;6;8;9;11;12"
Root_1190,258.717238,38.227072,7,"3;4;6;8;9;11;12"
Root_1191,44.684864,14.307360,9,"0;1;2;4;6;8;9;11;12"
Root_1192,219.813814,34.585120,8,"1;2;4;6;8;9;11;12"
Root_1193,76.336384,19.636960,8,"0;2;4;6;8;9;11;12"
Root_1194,267.769014,39.214720,7,"2;4;6;8;9;11;12"
Root_1195,45.055264,15.233280,8,"0;1;4;6;8;9;11;12"
Root_1196,226.824854,35.511040,7,"1;4;6;8;9;11;12"
Root_1197,77.791904,20.562880,7,"0;4;6;8;9;11;12"
Root_1198,274.780054,40.140640,6,"4;6;8;9;11;12"
Root_1199,42.319424,14.616000,9,"0;1;2;3;6;8;9;11;12"
Root_1200,224.917494,34.893760,8,"1;2;3;6;8;9;11;12"
Root_1201,77.533824,19.945600,8,"0;2;3;6;8;9;11;12"
Root_1202,272.872694,39.523360,7,"2;3;6;8;9;11;12"
Root_1203,42.381184,15.541920,8,"0;1;3;6;8;9;11;12"
Root_1204,231.928534,35.819680,7,"1;3;6;8;9;11;12"
Root_1205,80.012694,20.871520,7,"0;3;6;8;9;11;12"
Root_1206,279.883734,40.449280,6,"3;6;8;9;11;12"
Root_1207,48.544128,16.529568,8,"0;1;2;6;8;9;11;12"
Root_1208,240.980310,36.807328,7,"1;2;6;8;9;11;12"
Root_1209,86.165718,21.859168,7,"0;2;6;8;9;11;12"
Root_1210,288.935510,41.436928,6,"2;6;8;9;11;12"
Root_1211,48.317952,17.455488,7,"0;1;6;8;9;11;12"
Root_1212,247.991350,37.733248,6,"1;6;8;9;11;12"
Root_1213,90.258166,22.785088,6,"0;6;8;9;11;12"
Root_1214,295.946550,42.362848,5,"6;8;9;11;12"
Root_1215,39.620646,13.276502,10,"0;1;2;3;4;5;8;9;11;12"
Root_1216,214.343523,33.554262,9,"1;2;3;4;5;8;9;11;12"
Root_1217,74.540051,18.606102,9,"0;2;3;4;5;8;9;11;12"
Root_1218,262.298723,38.183862,8,"2;3;4;5;8;9;11;12"
Root_1219,41.947824,14.202422,9,"0;1;3;4;5;8;9;11;12"
Root_1220,221.354563,34.480182,8,"1;3;4;5;8;9;11;12"
Root_1221,76.921491,19.532022,8,"0;3;4;5;8;9;11;12"
Root_1222,269.309763,39.109782,7,"3;4;5;8;9;11;12"
Root_1223,49.098416,15.190070,9,"0;1;2;4;5;8;9;11;12"
Root_1224,230.406339,35.467830,8,"1;2;4;5;8;9;11;12"
Root_1225,82.515357,20.519670,8,"0;2;4;5;8;9;11;12"
Root_1226,278.361539,40.097430,7,"2;4;5;8;9;11;12"
Root_1227,48.702096,16.115990,8,"0;1;4;5;8;9;11;12"
Root_1228,237.417379,36.393750,7,"1;4;5;8;9;11;12"
Root_1229,84.468307,21.445590,7,"0;4;5;8;9;11;12"
Root_1230,285.372579,41.023350,6,"4;5;8;9;11;12"
Root_1231,46.732976,15.498710,9,"0;1;2;3;5;8;9;11;12"
Root_1232,235.510019,35.776470,8,"1;2;3;5;8;9;11;12"
Root_1233,84.595507,20.828310,8,"0;2;3;5;8;9;11;12"
Root_1234,283.465219,40.406070,7,"2;3;5;8;9;11;12"
Root_1235,46.336656,16.424630,8,"0;1;3;5;8;9;11;12"
Root_1236,242.521059,36.702390,7,"1;3;5;8;9;11;12"
Root_1237,87.783018,21.754230,7,"0;3;5;8;9;11;12"
Root_1238,290.476259,41.331990,6,"3;5;8;9;11;12"
Root_1239,53.041405,17.412278,8,"0;1;2;5;8;9;11;12"
Root_1240,251.572835,37.690038,7,"1;2;5;8;9;11;12"
Root_1241,92.969280,22.741878,7,"0;2;5;8;9;11;12"
Root_1242,299.528035,42.319638,6,"2;5;8;9;11;12"
Root_1243,54.496925,18.338198,7,"0;1;5;8;9;11;12"
Root_1244,258.583875,38.615958,6,"1;5;8;9;11;12"
Root_1245,97.202560,23.667798,6,"0;5;8;9;11;12"
Root_1246,306.539075,43.245558,5,"5;8;9;11;12"
Root_1247,48.879846,14.819702,9,"0;1;2;3;4;8;9;11;12"
Root_1248,228.061923,35.097462,8,"1;2;3;4;8;9;11;12"
Root_1249,86.885651,20.149302,8,"0;2;3;4;8;9;11;12"
Root_1250,276.017123,39.727062,7,"2;3;4;8;9;11;12"
Root_1251,49.663824,15.745622,8,"0;1;3;4;8;9;11;12"
Root_1252,235.072963,36.023382,7,"1;3;4;8;9;11;12"
Root_1253,89.394154,21.075222,7,"0;3;4;8;9;11;12"
Root_1254,283.028163,40.652982,6,"3;4;8;9;11;12"
Root_1255,56.814416,16.733270,8,"0;1;2;4;8;9;11;12"
Root_1256,244.124739,37.011030,7,"1;2;4;8;9;11;12"
Root_1257,94.495338,22.062870,7,"0;2;4;8;9;11;12"
Root_1258,292.079939,41.640630,6,"2;4;8;9;11;12"
Root_1259,57.466077,17.659190,7,"0;1;4;8;9;11;12"
Root_1260,251.135779,37.936950,6,"1;4;8;9;11;12"
Root_1261,97.802698,22.988790,6,"0;4;8;9;11;12"
Root_1262,299.090979,42.566550,5,"4;8;9;11;12"
Root_1263,54.532797,17.041910,8,"0;1;2;3;8;9;11;12"
Root_1264,249.228419,37.319670,7,"1;2;3;8;9;11;12"
Root_1265,98.364458,22.371510,7,"0;2;3;8;9;11;12"
Root_1266,297.183619,41.949270,6,"2;3;8;9;11;12"
Root_1267,56.685747,17.967830,7,"0;1;3;8;9;11;12"
Root_1268,256.239459,38.245590,6,"1;3;8;9;11;12"
Root_1269,101.671818,23.297430,6,"0;3;8;9;11;12"
Root_1270,304.194659,42.875190,5,"3;8;9;11;12"
Root_1271,63.843805,18.955478,7,"0;1;2;8;9;11;12"
Root_1272,265.291235,39.233238,6,"1;2;8;9;11;12"
Root_1273,106.773002,24.285078,6,"0;2;8;9;11;12"
Root_1274,313.246435,43.862838,5,"2;8;9;11;12"
Root_1275,65.410323,19.881398,6,"0;1;8;9;11;12"
Root_1276,272.302275,40.159158,5,"1;8;9;11;12"
Root_1277,110.080362,25.210998,5,"0;8;9;11;12"
Root_1278,320.257475,44.788758,4,"8;9;11;12"
Root_1279,23.596128,9.655520,11,"0;1;2;3;4;5;6;7;9;11;12"
Root_1280,212.091734,32.733280,10,"1;2;3;4;5;6;7;9;11;12"
Root_1281,67.457472,17.785120,10,"0;2;3;4;5;6;7;9;11;12"
Root_1282,260.046934,37.362880,9,"2;3;4;5;6;7;9;11;12"
Root_1283,26.447904,10.581440,10,"0;1;3;4;5;6;7;9;11;12"
Root_1284,219.102774,33.659200,9,"1;3;4;5;6;7;9;11;12"
Root_1285,68.912992,18.711040,9,"0;3;4;5;6;7;9;11;12"
Root_1286,267.057974,38.288800,8,"3;4;5;6;7;9;11;12"
Root_1287,44.993504,14.369088,10,"0;1;2;4;5;6;7;9;11;12"
Root_1288,228.154550,34.646848,9,"1;2;4;5;6;7;9;11;12"
Root_1289,74.963552,19.698688,9,"0;2;4;5;6;7;9;11;12"
Root_1290,276.109750,39.276448,8,"2;4;5;6;7;9;11;12"
Root_1291,45.302176,15.295008,9,"0;1;4;5;6;7;9;11;12"
Root_1292,235.165590,35.572768,8,"1;4;5;6;7;9;11;12"
Root_1293,76.419072,20.624608,8,"0;4;5;6;7;9;11;12"
Root_1294,283.120790,40.202368,7,"4;5;6;7;9;11;12"
Root_1295,35.628064,13.277728,10,"0;1;2;3;5;6;7;9;11;12"
Root_1296,233.258230,34.955488,9,"1;2;3;5;6;7;9;11;12"
Root_1297,76.222720,20.007328,9,"0;2;3;5;6;7;9;11;12"
Root_1298,281.213430,39.585088,8,"2;3;5;6;7;9;11;12"
Root_1299,37.028096,14.203648,9,"0;1;3;5;6;7;9;11;12"
Root_1300,240.269270,35.881408,8,"1;3;5;6;7;9;11;12"
Root_1301,78.763318,20.933248,8,"0;3;5;6;7;9;11;12"
Root_1302,288.224470,40.511008,7,"3;5;6;7;9;11;12"
Root_1303,48.791040,16.591296,9,"0;1;2;5;6;7;9;11;12"
Root_1304,249.321046,36.869056,8,"1;2;5;6;7;9;11;12"
Root_1305,84.916342,21.920896,8,"0;2;5;6;7;9;11;12"
Root_1306,297.276246,41.498656,7,"2;5;6;7;9;11;12"
Root_1307,48.503232,17.517216,8,"0;1;5;6;7;9;11;12"
Root_1308,256.332086,37.794976,7,"1;5;6;7;9;11;12"
Root_1309,89.260534,22.846816,7,"0;5;6;7;9;11;12"
Root_1310,304.287286,42.424576,6,"5;6;7;9;11;12"
Root_1311,32.641664,11.898720,10,"0;1;2;3;4;6;7;9;11;12"
Root_1312,225.810134,34.276480,9,"1;2;3;4;6;7;9;11;12"
Root_1313,78.512864,19.328320,9,"0;2;3;4;6;7;9;11;12"
Root_1314,273.765334,38.906080,8,"2;3;4;6;7;9;11;12"
Root_1315,35.420704,12.824640,9,"0;1;3;4;6;7;9;11;12"
Root_1316,232.821174,35.202400,8,"1;3;4;6;7;9;11;12"
Root_1317,80.894304,20.254240,8,"0;3;4;6;7;9;11;12"
Root_1318,280.776374,39.832000,7,"3;4;6;7;9;11;12"
Root_1319,52.709504,15.912288,9,"0;1;2;4;6;7;9;11;12"
Root_1320,241.872950,36.190048,8,"1;2;4;6;7;9;11;12"
Root_1321,86.527478,21.241888,8,"0;2;4;6;7;9;11;12"
Root_1322,289.828150,40.819648,7,"2;4;6;7;9;11;12"
Root_1323,52.313184,16.838208,8,"0;1;4;6;7;9;11;12"
Root_1324,248.883990,37.115968,7,"1;4;6;7;9;11;12"
Root_1325,90.002646,22.167808,7,"0;4;6;7;9;11;12"
Root_1326,296.839190,41.745568,6,"4;6;7;9;11;12"
Root_1327,43.344064,14.820928,9,"0;1;2;3;6;7;9;11;12"
Root_1328,246.976630,36.498688,8,"1;2;3;6;7;9;11;12"
Root_1329,89.947126,21.550528,8,"0;2;3;6;7;9;11;12"
Root_1330,294.931830,41.128288,7,"2;3;6;7;9;11;12"
Root_1331,43.200896,15.746848,8,"0;1;3;6;7;9;11;12"
Root_1332,253.987670,37.424608,7,"1;3;6;7;9;11;12"
Root_1333,94.180406,22.476448,7,"0;3;6;7;9;11;12"
Root_1334,301.942870,42.054208,6,"3;6;7;9;11;12"
Root_1335,57.232832,18.134496,8,"0;1;2;6;7;9;11;12"
Root_1336,263.039446,38.412256,7,"1;2;6;7;9;11;12"
Root_1337,100.269238,23.464096,7,"0;2;6;7;9;11;12"
Root_1338,310.994646,43.041856,6,"2;6;7;9;11;12"
Root_1339,57.762432,19.060416,7,"0;1;6;7;9;11;12"
Root_1340,270.050486,39.338176,6,"1;6;7;9;11;12"
Root_1341,104.502518,24.390016,6,"0;6;7;9;11;12"
Root_1342,318.005686,43.967776,5,"6;7;9;11;12"
Root_1343,37.055216,12.781430,10,"0;1;2;3;4;5;7;9;11;12"
Root_1344,236.402659,35.159190,9,"1;2;3;4;5;7;9;11;12"
Root_1345,85.574547,20.211030,9,"0;2;3;4;5;7;9;11;12"
Root_1346,284.357859,39.788790,8,"2;3;4;5;7;9;11;12"
Root_1347,39.472464,13.707350,9,"0;1;3;4;5;7;9;11;12"
Root_1348,243.413699,36.085110,8,"1;3;4;5;7;9;11;12"
Root_1349,88.144778,21.136950,8,"0;3;4;5;7;9;11;12"
Root_1350,291.368899,40.714710,7,"3;4;5;7;9;11;12"
Root_1351,57.123056,16.794998,9,"0;1;2;4;5;7;9;11;12"
Root_1352,252.465475,37.072758,8,"1;2;4;5;7;9;11;12"
Root_1353,93.245962,22.124598,8,"0;2;4;5;7;9;11;12"
Root_1354,300.420675,41.702358,7,"2;4;5;7;9;11;12"
Root_1355,57.447654,17.720918,8,"0;1;4;5;7;9;11;12"
Root_1356,259.476515,37.998678,7,"1;4;5;7;9;11;12"
Root_1357,96.947040,23.050518,7,"0;4;5;7;9;11;12"
Root_1358,307.431715,42.628278,6,"4;5;7;9;11;12"
Root_1359,47.757616,15.703638,9,"0;1;2;3;5;7;9;11;12"
Root_1360,257.569155,37.381398,8,"1;2;3;5;7;9;11;12"
Root_1361,97.115082,22.433238,8,"0;2;3;5;7;9;11;12"
Root_1362,305.524355,42.010998,7,"2;3;5;7;9;11;12"
Root_1363,47.361296,16.629558,8,"0;1;3;5;7;9;11;12"
Root_1364,264.580195,38.307318,7,"1;3;5;7;9;11;12"
Root_1365,101.124800,23.359158,7,"0;3;5;7;9;11;12"
Root_1366,312.535395,42.936918,6,"3;5;7;9;11;12"
Root_1367,62.529094,19.017206,8,"0;1;2;5;7;9;11;12"
Root_1368,273.631971,39.294966,7,"1;2;5;7;9;11;12"
Root_1369,107.213632,24.346806,7,"0;2;5;7;9;11;12"
Root_1370,321.587171,43.924566,6,"2;5;7;9;11;12"
Root_1371,64.099219,19.943126,7,"0;1;5;7;9;11;12"
Root_1372,280.643011,40.220886,6,"1;5;7;9;11;12"
Root_1373,111.446912,25.272726,6,"0;5;7;9;11;12"
Root_1374,328.598211,44.850486,5,"5;7;9;11;12"
Root_1375,45.909414,14.324630,9,"0;1;2;3;4;7;9;11;12"
Root_1376,250.121059,36.702390,8,"1;2;3;4;7;9;11;12"
Root_1377,98.726218,21.754230,8,"0;2;3;4;7;9;11;12"
Root_1378,298.076259,41.331990,7,"2;3;4;7;9;11;12"
Root_1379,47.188464,15.250550,8,"0;1;3;4;7;9;11;12"
Root_1380,257.132099,37.628310,7,"1;3;4;7;9;11;12"
Root_1381,102.033578,22.680150,7,"0;3;4;7;9;11;12"
Root_1382,305.087299,42.257910,6,"3;4;7;9;11;12"
Root_1383,66.177254,18.338198,8,"0;1;2;4;7;9;11;12"
Root_1384,266.183875,38.615958,7,"1;2;4;7;9;11;12"
Root_1385,107.134762,23.667798,7,"0;2;4;7;9;11;12"
Root_1386,314.139075,43.245558,6,"2;4;7;9;11;12"
Root_1387,66.895645,19.264118,7,"0;1;4;7;9;11;12"
Root_1388,273.194915,39.541878,6,"1;4;7;9;11;12"
Root_1389,110.442122,24.593718,6,"0;4;7;9;11;12"
Root_1390,321.150115,44.171478,5,"4;7;9;11;12"
Root_1391,55.967293,17.246838,8,"0;1;2;3;7;9;11;12"
Root_1392,271.287555,38.924598,7,"1;2;3;7;9;11;12"
Root_1393,111.003882,23.976438,7,"0;2;3;7;9;11;12"
Root_1394,319.242755,43.554198,6,"2;3;7;9;11;12"
Root_1395,57.422813,18.172758,7,"0;1;3;7;9;11;12"
Root_1396,278.298595,39.850518,6,"1;3;7;9;11;12"
Root_1397,114.311242,24.902358,6,"0;3;7;9;11;12"
Root_1398,326.253795,44.480118,5,"3;7;9;11;12"
Root_1399,74.063379,20.560406,7,"0;1;2;7;9;11;12"
Root_1400,287.350371,40.838166,6,"1;2;7;9;11;12"
Root_1401,119.412426,25.890006,6,"0;2;7;9;11;12"
Root_1402,335.305571,45.467766,5,"2;7;9;11;12"
Root_1403,76.982986,21.486326,6,"0;1;7;9;11;12"
Root_1404,294.361411,41.764086,5,"1;7;9;11;12"
Root_1405,123.535712,26.815926,5,"0;7;9;11;12"
Root_1406,342.316611,46.393686,4,"7;9;11;12"
Root_1407,52.842784,15.480192,10,"0;1;2;3;4;5;6;9;11;12"
Root_1408,241.487798,35.757952,9,"1;2;3;4;5;6;9;11;12"
Root_1409,88.665878,20.809792,9,"0;2;3;4;5;6;9;11;12"
Root_1410,289.442998,40.387552,8,"2;3;4;5;6;9;11;12"
Root_1411,53.372384,16.406112,9,"0;1;3;4;5;6;9;11;12"
Root_1412,248.498838,36.683872,8,"1;3;4;5;6;9;11;12"
Root_1413,91.834870,21.735712,8,"0;3;4;5;6;9;11;12"
Root_1414,296.454038,41.313472,7,"3;4;5;6;9;11;12"
Root_1415,60.510624,17.393760,9,"0;1;2;4;5;6;9;11;12"
Root_1416,257.550614,37.671520,8,"1;2;4;5;6;9;11;12"
Root_1417,97.002614,22.723360,8,"0;2;4;5;6;9;11;12"
Root_1418,305.505814,42.301120,7,"2;4;5;6;9;11;12"
Root_1419,61.040224,18.319680,8,"0;1;4;5;6;9;11;12"
Root_1420,264.561654,38.597440,7,"1;4;5;6;9;11;12"
Root_1421,101.235894,23.649280,7,"0;4;5;6;9;11;12"
Root_1422,312.516854,43.227040,6,"4;5;6;9;11;12"
Root_1423,59.156224,17.702400,9,"0;1;2;3;5;6;9;11;12"
Root_1424,262.654294,37.980160,8,"1;2;3;5;6;9;11;12"
Root_1425,101.180374,23.032000,8,"0;2;3;5;6;9;11;12"
Root_1426,310.609494,42.609760,7,"2;3;5;6;9;11;12"
Root_1427,60.611744,18.628320,8,"0;1;3;5;6;9;11;12"
Root_1428,269.665334,38.906080,7,"1;3;5;6;9;11;12"
Root_1429,105.413654,23.957920,7,"0;3;5;6;9;11;12"
Root_1430,317.620534,43.535680,6,"3;5;6;9;11;12"
Root_1431,66.121664,19.615968,8,"0;1;2;5;6;9;11;12"
Root_1432,278.717110,39.893728,7,"1;2;5;6;9;11;12"
Root_1433,111.502486,24.945568,7,"0;2;5;6;9;11;12"
Root_1434,326.672310,44.523328,6,"2;5;6;9;11;12"
Root_1435,67.422752,20.541888,7,"0;1;5;6;9;11;12"
Root_1436,285.728150,40.819648,6,"1;5;6;9;11;12"
Root_1437,115.735766,25.871488,6,"0;5;6;9;11;12"
Root_1438,333.683350,45.449248,5,"5;6;9;11;12"
Root_1439,62.125376,17.023392,9,"0;1;2;3;4;6;9;11;12"
Root_1440,255.206198,37.301152,8,"1;2;3;4;6;9;11;12"
Root_1441,102.416310,22.352992,8,"0;2;3;4;6;9;11;12"
Root_1442,303.161398,41.930752,7,"2;3;4;6;9;11;12"
Root_1443,63.580896,17.949312,8,"0;1;3;4;6;9;11;12"
Root_1444,262.217238,38.227072,7,"1;3;4;6;9;11;12"
Root_1445,105.723670,23.278912,7,"0;3;4;6;9;11;12"
Root_1446,310.172438,42.856672,6,"3;4;6;9;11;12"
Root_1447,69.769824,18.936960,8,"0;1;2;4;6;9;11;12"
Root_1448,271.269014,39.214720,7,"1;2;4;6;9;11;12"
Root_1449,110.824854,24.266560,7,"0;2;4;6;9;11;12"
Root_1450,319.224214,43.844320,6,"2;4;6;9;11;12"
Root_1451,70.391904,19.862880,7,"0;1;4;6;9;11;12"
Root_1452,278.280054,40.140640,6,"1;4;6;9;11;12"
Root_1453,114.132214,25.192480,6,"0;4;6;9;11;12"
Root_1454,326.235254,44.770240,5,"4;6;9;11;12"
Root_1455,69.958624,19.245600,8,"0;1;2;3;6;9;11;12"
Root_1456,276.372694,39.523360,7,"1;2;3;6;9;11;12"
Root_1457,114.693974,24.575200,7,"0;2;3;6;9;11;12"
Root_1458,324.327894,44.152960,6,"2;3;6;9;11;12"
Root_1459,71.815264,20.171520,7,"0;1;3;6;9;11;12"
Root_1460,283.383734,40.449280,6,"1;3;6;9;11;12"
Root_1461,118.001334,25.501120,6,"0;3;6;9;11;12"
Root_1462,331.338934,45.078880,5,"3;6;9;11;12"
Root_1463,77.365718,21.159168,7,"0;1;2;6;9;11;12"
Root_1464,292.435510,41.436928,6,"1;2;6;9;11;12"
Root_1465,123.591286,26.488768,6,"0;2;6;9;11;12"
Root_1466,340.390710,46.066528,5,"2;6;9;11;12"
Root_1467,80.758166,22.085088,6,"0;1;6;9;11;12"
Root_1468,299.446550,42.362848,5,"1;6;9;11;12"
Root_1469,127.824566,27.414688,5,"0;6;9;11;12"
Root_1470,347.401750,46.992448,4,"6;9;11;12"
Root_1471,68.304349,17.906102,9,"0;1;2;3;4;5;9;11;12"
Root_1472,265.798723,38.183862,8,"1;2;3;4;5;9;11;12"
Root_1473,108.477994,23.235702,8,"0;2;3;4;5;9;11;12"
Root_1474,313.753923,42.813462,7,"2;3;4;5;9;11;12"
Root_1475,69.759869,18.832022,8,"0;1;3;4;5;9;11;12"
Root_1476,272.809763,39.109782,7,"1;3;4;5;9;11;12"
Root_1477,111.785354,24.161622,7,"0;3;4;5;9;11;12"
Root_1478,320.764963,43.739382,6,"3;4;5;9;11;12"
Root_1479,75.115357,19.819670,8,"0;1;2;4;5;9;11;12"
Root_1480,281.861539,40.097430,7,"1;2;4;5;9;11;12"
Root_1481,116.886538,25.149270,7,"0;2;4;5;9;11;12"
Root_1482,329.816739,44.727030,6,"2;4;5;9;11;12"
Root_1483,76.570877,20.745590,7,"0;1;4;5;9;11;12"
Root_1484,288.872579,41.023350,6,"1;4;5;9;11;12"
Root_1485,120.269088,26.075190,6,"0;4;5;9;11;12"
Root_1486,336.827779,45.652950,5,"4;5;9;11;12"
Root_1487,76.495507,20.128310,8,"0;1;2;3;5;9;11;12"
Root_1488,286.965219,40.406070,7,"1;2;3;5;9;11;12"
Root_1489,120.755658,25.457910,7,"0;2;3;5;9;11;12"
Root_1490,334.920419,45.035670,6,"2;3;5;9;11;12"
Root_1491,78.983018,21.054230,7,"0;1;3;5;9;11;12"
Root_1492,293.976259,41.331990,6,"1;3;5;9;11;12"
Root_1493,124.446848,26.383830,6,"0;3;5;9;11;12"
Root_1494,341.931459,45.961590,5,"3;5;9;11;12"
Root_1495,84.084202,22.041878,7,"0;1;2;5;9;11;12"
Root_1496,303.028035,42.319638,6,"1;2;5;9;11;12"
Root_1497,130.535680,27.371478,6,"0;2;5;9;11;12"
Root_1498,350.983235,46.949238,5,"2;5;9;11;12"
Root_1499,87.702560,22.967798,6,"0;1;5;9;11;12"
Root_1500,310.039075,43.245558,5,"1;5;9;11;12"
Root_1501,135.066358,28.297398,5,"0;5;9;11;12"
Root_1502,357.994275,47.875158,4,"5;9;11;12"
Root_1503,79.106749,19.449302,8,"0;1;2;3;4;9;11;12"
Root_1504,279.517123,39.727062,7,"1;2;3;4;9;11;12"
Root_1505,120.244691,24.778902,7,"0;2;3;4;9;11;12"
Root_1506,327.472323,44.356662,6,"2;3;4;9;11;12"
Root_1507,81.167091,20.375222,7,"0;1;3;4;9;11;12"
Root_1508,286.528163,40.652982,6,"1;3;4;9;11;12"
Root_1509,122.626131,25.704822,6,"0;3;4;9;11;12"
Root_1510,334.483363,45.282582,5,"3;4;9;11;12"
Root_1511,86.332467,21.362870,7,"0;1;2;4;9;11;12"
Root_1512,295.579939,41.640630,6,"1;2;4;9;11;12"
Root_1513,127.432138,26.692470,6,"0;2;4;9;11;12"
Root_1514,343.535139,46.270230,5,"2;4;9;11;12"
Root_1515,89.002698,22.288790,6,"0;1;4;9;11;12"
Root_1516,302.590979,42.566550,5,"1;4;9;11;12"
Root_1517,130.739498,27.618390,5,"0;4;9;11;12"
Root_1518,350.546179,47.196150,4,"4;9;11;12"
Root_1519,89.564458,21.671510,7,"0;1;2;3;9;11;12"
Root_1520,300.683619,41.949270,6,"1;2;3;9;11;12"
Root_1521,131.301258,27.001110,6,"0;2;3;9;11;12"
Root_1522,348.638819,46.578870,5,"2;3;9;11;12"
Root_1523,92.871818,22.597430,6,"0;1;3;9;11;12"
Root_1524,307.694659,42.875190,5,"1;3;9;11;12"
Root_1525,134.608618,27.927030,5,"0;3;9;11;12"
Root_1526,355.649859,47.504790,4,"3;9;11;12"
Root_1527,97.973002,23.585078,6,"0;1;2;9;11;12"
Root_1528,316.746435,43.862838,5,"1;2;9;11;12"
Root_1529,140.624480,28.914678,5,"0;2;9;11;12"
Root_1530,364.701635,48.492438,4,"2;9;11;12"
Root_1531,101.280362,24.510998,5,"0;1;9;11;12"
Root_1532,323.757475,44.788758,4,"1;9;11;12"
Root_1533,146.538957,29.840598,4,"0;9;11;12"
Root_1534,371.712675,49.418358,3,"9;11;12"
Root_1535,25.885056,10.418496,11,"0;1;2;3;4;5;6;7;8;11;12"
Root_1536,184.847446,30.696256,10,"1;2;3;4;5;6;7;8;11;12"
Root_1537,49.209536,15.748096,10,"0;2;3;4;5;6;7;8;11;12"
Root_1538,232.802646,35.325856,9,"2;3;4;5;6;7;8;11;12"
Root_1539,28.662816,11.344416,10,"0;1;3;4;5;6;7;8;11;12"
Root_1540,191.858486,31.622176,9,"1;3;4;5;6;7;8;11;12"
Root_1541,48.813216,16.674016,9,"0;3;4;5;6;7;8;11;12"
Root_1542,239.813686,36.251776,8,"3;4;5;6;7;8;11;12"
Root_1543,32.983744,12.332064,10,"0;1;2;4;5;6;7;8;11;12"
Root_1544,200.910262,32.609824,9,"1;2;4;5;6;7;8;11;12"
Root_1545,55.355072,17.661664,9,"0;2;4;5;6;7;8;11;12"
Root_1546,248.865462,37.239424,8,"2;4;5;6;7;8;11;12"
Root_1547,34.403520,13.257984,9,"0;1;4;5;6;7;8;11;12"
Root_1548,207.921302,33.535744,8,"1;4;5;6;7;8;11;12"
Root_1549,55.884672,18.587584,8,"0;4;5;6;7;8;11;12"
Root_1550,255.876502,38.165344,7,"4;5;6;7;8;11;12"
Root_1551,30.855392,12.640704,10,"0;1;2;3;5;6;7;8;11;12"
Root_1552,206.013942,32.918464,9,"1;2;3;5;6;7;8;11;12"
Root_1553,54.268576,17.970304,9,"0;2;3;5;6;7;8;11;12"
Root_1554,253.969142,37.548064,8,"2;3;5;6;7;8;11;12"
Root_1555,31.420800,13.566624,9,"0;1;3;5;6;7;8;11;12"
Root_1556,213.024982,33.844384,8,"1;3;5;6;7;8;11;12"
Root_1557,55.724096,18.896224,8,"0;3;5;6;7;8;11;12"
Root_1558,260.980182,38.473984,7,"3;5;6;7;8;11;12"
Root_1559,36.596096,14.554272,9,"0;1;2;5;6;7;8;11;12"
Root_1560,222.076758,34.832032,8,"1;2;5;6;7;8;11;12"
Root_1561,61.774656,19.883872,8,"0;2;5;6;7;8;11;12"
Root_1562,270.031958,39.461632,7,"2;5;6;7;8;11;12"
Root_1563,34.867744,15.480192,8,"0;1;5;6;7;8;11;12"
Root_1564,229.087798,35.757952,7,"1;5;6;7;8;11;12"
Root_1565,64.075670,20.809792,7,"0;5;6;7;8;11;12"
Root_1566,277.042998,40.387552,6,"5;6;7;8;11;12"
Root_1567,31.502272,11.961696,10,"0;1;2;3;4;6;7;8;11;12"
Root_1568,198.565846,32.239456,9,"1;2;3;4;6;7;8;11;12"
Root_1569,57.237728,17.291296,9,"0;2;3;4;6;7;8;11;12"
Root_1570,246.521046,36.869056,8,"2;3;4;6;7;8;11;12"
Root_1571,33.292416,12.887616,9,"0;1;3;4;6;7;8;11;12"
Root_1572,205.576886,33.165376,8,"1;3;4;6;7;8;11;12"
Root_1573,58.693248,18.217216,8,"0;3;4;6;7;8;11;12"
Root_1574,253.532086,37.794976,7,"3;4;6;7;8;11;12"
Root_1575,39.156544,13.875264,9,"0;1;2;4;6;7;8;11;12"
Root_1576,214.628662,34.153024,8,"1;2;4;6;7;8;11;12"
Root_1577,64.743808,19.204864,8,"0;2;4;6;7;8;11;12"
Root_1578,262.583862,38.782624,7,"2;4;6;7;8;11;12"
Root_1579,39.033120,14.801184,8,"0;1;4;6;7;8;11;12"
Root_1580,221.639702,35.078944,7,"1;4;6;7;8;11;12"
Root_1581,66.330112,20.130784,7,"0;4;6;7;8;11;12"
Root_1582,269.594902,39.708544,6,"4;6;7;8;11;12"
Root_1583,36.482464,14.183904,9,"0;1;2;3;6;7;8;11;12"
Root_1584,219.732342,34.461664,8,"1;2;3;6;7;8;11;12"
Root_1585,65.509152,19.513504,8,"0;2;3;6;7;8;11;12"
Root_1586,267.687542,39.091264,7,"2;3;6;7;8;11;12"
Root_1587,36.050400,15.109824,8,"0;1;3;6;7;8;11;12"
Root_1588,226.743382,35.387584,7,"1;3;6;7;8;11;12"
Root_1589,68.330016,20.439424,7,"0;3;6;7;8;11;12"
Root_1590,274.698582,40.017184,6,"3;6;7;8;11;12"
Root_1591,41.225696,16.097472,8,"0;1;2;6;7;8;11;12"
Root_1592,235.795158,36.375232,7,"1;2;6;7;8;11;12"
Root_1593,75.136022,21.427072,7,"0;2;6;7;8;11;12"
Root_1594,283.750358,41.004832,6,"2;6;7;8;11;12"
Root_1595,39.024320,17.023392,7,"0;1;6;7;8;11;12"
Root_1596,242.806198,37.301152,6,"1;6;7;8;11;12"
Root_1597,79.722294,22.352992,6,"0;6;7;8;11;12"
Root_1598,290.761398,41.930752,5,"6;7;8;11;12"
Root_1599,35.033114,12.844406,10,"0;1;2;3;4;5;7;8;11;12"
Root_1600,209.158371,33.122166,9,"1;2;3;4;5;7;8;11;12"
Root_1601,63.416701,18.174006,9,"0;2;3;4;5;7;8;11;12"
Root_1602,257.113571,37.751766,8,"2;3;4;5;7;8;11;12"
Root_1603,36.524442,13.770326,9,"0;1;3;4;5;7;8;11;12"
Root_1604,216.169411,34.048086,8,"1;3;4;5;7;8;11;12"
Root_1605,64.896819,19.099926,8,"0;3;4;5;7;8;11;12"
Root_1606,264.124611,38.677686,7,"3;4;5;7;8;11;12"
Root_1607,42.687386,14.757974,9,"0;1;2;4;5;7;8;11;12"
Root_1608,225.221187,35.035734,8,"1;2;4;5;7;8;11;12"
Root_1609,71.010355,20.087574,8,"0;2;4;5;7;8;11;12"
Root_1610,273.176387,39.665334,7,"2;4;5;7;8;11;12"
Root_1611,41.681251,15.683894,8,"0;1;4;5;7;8;11;12"
Root_1612,232.232227,35.961654,7,"1;4;5;7;8;11;12"
Root_1613,73.457130,21.013494,7,"0;4;5;7;8;11;12"
Root_1614,280.187427,40.591254,6,"4;5;7;8;11;12"
Root_1615,40.013306,15.066614,9,"0;1;2;3;5;7;8;11;12"
Root_1616,230.324867,35.344374,8,"1;2;3;5;7;8;11;12"
Root_1617,72.967050,20.396214,8,"0;2;3;5;7;8;11;12"
Root_1618,278.280067,39.973974,7,"2;3;5;7;8;11;12"
Root_1619,38.698531,15.992534,8,"0;1;3;5;7;8;11;12"
Root_1620,237.335907,36.270294,7,"1;3;5;7;8;11;12"
Root_1621,76.648384,21.322134,7,"0;3;5;7;8;11;12"
Root_1622,285.291107,40.899894,6,"3;5;7;8;11;12"
Root_1623,43.873827,16.980182,8,"0;1;2;5;7;8;11;12"
Root_1624,246.387683,37.257942,7,"1;2;5;7;8;11;12"
Root_1625,82.737216,22.309782,7,"0;2;5;7;8;11;12"
Root_1626,294.342883,41.887542,6,"2;5;7;8;11;12"
Root_1627,44.073574,17.906102,7,"0;1;5;7;8;11;12"
Root_1628,253.398723,38.183862,6,"1;5;7;8;11;12"
Root_1629,87.549398,23.235702,6,"0;5;7;8;11;12"
Root_1630,301.353923,42.813462,5,"5;7;8;11;12"
Root_1631,42.407088,14.387606,9,"0;1;2;3;4;7;8;11;12"
Root_1632,222.876771,34.665366,8,"1;2;3;4;7;8;11;12"
Root_1633,74.860979,19.717206,8,"0;2;3;4;7;8;11;12"
Root_1634,270.831971,39.294966,7,"2;3;4;7;8;11;12"
Root_1635,42.697242,15.313526,8,"0;1;3;4;7;8;11;12"
Root_1636,229.887811,35.591286,7,"1;3;4;7;8;11;12"
Root_1637,77.885546,20.643126,7,"0;3;4;7;8;11;12"
Root_1638,277.843011,40.220886,6,"3;4;7;8;11;12"
Root_1639,48.860186,16.301174,8,"0;1;2;4;7;8;11;12"
Root_1640,238.939587,36.578934,7,"1;2;4;7;8;11;12"
Root_1641,84.038570,21.630774,7,"0;2;4;7;8;11;12"
Root_1642,286.894787,41.208534,6,"2;4;7;8;11;12"
Root_1643,47.765040,17.227094,7,"0;1;4;7;8;11;12"
Root_1644,245.950627,37.504854,6,"1;4;7;8;11;12"
Root_1645,87.902624,22.556694,6,"0;4;7;8;11;12"
Root_1646,293.905827,42.134454,5,"4;7;8;11;12"
Root_1647,46.186106,16.609814,8,"0;1;2;3;7;8;11;12"
Root_1648,244.043267,36.887574,7,"1;2;3;7;8;11;12"
Root_1649,87.847104,21.939414,7,"0;2;3;7;8;11;12"
Root_1650,291.998467,41.517174,6,"2;3;7;8;11;12"
Root_1651,46.200669,17.535734,7,"0;1;3;7;8;11;12"
Root_1652,251.054307,37.813494,6,"1;3;7;8;11;12"
Root_1653,92.080384,22.865334,6,"0;3;7;8;11;12"
Root_1654,299.009507,42.443094,5,"3;7;8;11;12"
Root_1655,52.803174,18.523382,7,"0;1;2;7;8;11;12"
Root_1656,260.106083,38.801142,6,"1;2;7;8;11;12"
Root_1657,98.169216,23.852982,6,"0;2;7;8;11;12"
Root_1658,308.061283,43.430742,5,"2;7;8;11;12"
Root_1659,53.706749,19.449302,6,"0;1;7;8;11;12"
Root_1660,267.117123,39.727062,5,"1;7;8;11;12"
Root_1661,102.402496,24.778902,5,"0;7;8;11;12"
Root_1662,315.072323,44.356662,4,"7;8;11;12"
Root_1663,37.684896,13.443168,10,"0;1;2;3;4;5;6;8;11;12"
Root_1664,214.243510,33.720928,9,"1;2;3;4;5;6;8;11;12"
Root_1665,67.608032,18.772768,9,"0;2;3;4;5;6;8;11;12"
Root_1666,262.198710,38.350528,8,"2;3;4;5;6;8;11;12"
Root_1667,38.919488,14.369088,9,"0;1;3;4;5;6;8;11;12"
Root_1668,221.254550,34.646848,8,"1;3;4;5;6;8;11;12"
Root_1669,69.063552,19.698688,8,"0;3;4;5;6;8;11;12"
Root_1670,269.209750,39.276448,7,"3;4;5;6;8;11;12"
Root_1671,45.082432,15.356736,9,"0;1;2;4;5;6;8;11;12"
Root_1672,230.306326,35.634496,8,"1;2;4;5;6;8;11;12"
Root_1673,74.189440,20.686336,8,"0;2;4;5;6;8;11;12"
Root_1674,278.261526,40.264096,7,"2;4;5;6;8;11;12"
Root_1675,43.760192,16.282656,8,"0;1;4;5;6;8;11;12"
Root_1676,237.317366,36.560416,7,"1;4;5;6;8;11;12"
Root_1677,77.147222,21.612256,7,"0;4;5;6;8;11;12"
Root_1678,285.272566,41.190016,6,"4;5;6;8;11;12"
Root_1679,42.408352,15.665376,9,"0;1;2;3;5;6;8;11;12"
Root_1680,235.410006,35.943136,8,"1;2;3;5;6;8;11;12"
Root_1681,76.703958,20.994976,8,"0;2;3;5;6;8;11;12"
Root_1682,283.365206,40.572736,7,"2;3;5;6;8;11;12"
Root_1683,41.086112,16.591296,8,"0;1;3;5;6;8;11;12"
Root_1684,242.421046,36.869056,7,"1;3;5;6;8;11;12"
Root_1685,80.937238,21.920896,7,"0;3;5;6;8;11;12"
Root_1686,290.376246,41.498656,6,"3;5;6;8;11;12"
Root_1687,47.136544,17.578944,8,"0;1;2;5;6;8;11;12"
Root_1688,251.472822,37.856704,7,"1;2;5;6;8;11;12"
Root_1689,87.277814,22.908544,7,"0;2;5;6;8;11;12"
Root_1690,299.428022,42.486304,6,"2;5;6;8;11;12"
Root_1691,47.666144,18.504864,7,"0;1;5;6;8;11;12"
Root_1692,258.483862,38.782624,6,"1;5;6;8;11;12"
Root_1693,92.437014,23.834464,6,"0;5;6;8;11;12"
Root_1694,306.439062,43.412224,5,"5;6;8;11;12"
Root_1695,45.400896,14.986368,9,"0;1;2;3;4;6;8;11;12"
Root_1696,227.961910,35.264128,8,"1;2;3;4;6;8;11;12"
Root_1697,78.726400,20.315968,8,"0;2;3;4;6;8;11;12"
Root_1698,275.917110,39.893728,7,"2;3;4;6;8;11;12"
Root_1699,45.092288,15.912288,8,"0;1;3;4;6;8;11;12"
Root_1700,234.972950,36.190048,7,"1;3;4;6;8;11;12"
Root_1701,81.869366,21.241888,7,"0;3;4;6;8;11;12"
Root_1702,282.928150,40.819648,6,"3;4;6;8;11;12"
Root_1703,51.255232,16.899936,8,"0;1;2;4;6;8;11;12"
Root_1704,244.024726,37.177696,7,"1;2;4;6;8;11;12"
Root_1705,87.958198,22.229536,7,"0;2;4;6;8;11;12"
Root_1706,291.979926,41.807296,6,"2;4;6;8;11;12"
Root_1707,51.314304,17.825856,7,"0;1;4;6;8;11;12"
Root_1708,251.035766,38.103616,6,"1;4;6;8;11;12"
Root_1709,92.191478,23.155456,6,"0;4;6;8;11;12"
Root_1710,298.990966,42.733216,5,"4;6;8;11;12"
Root_1711,48.998304,17.208576,8,"0;1;2;3;6;8;11;12"
Root_1712,249.128406,37.486336,7,"1;2;3;6;8;11;12"
Root_1713,92.135958,22.538176,7,"0;2;3;6;8;11;12"
Root_1714,297.083606,42.115936,6,"2;3;6;8;11;12"
Root_1715,50.392000,18.134496,7,"0;1;3;6;8;11;12"
Root_1716,256.139446,38.412256,6,"1;3;6;8;11;12"
Root_1717,96.369238,23.464096,6,"0;3;6;8;11;12"
Root_1718,304.094646,43.041856,5,"3;6;8;11;12"
Root_1719,56.395744,19.122144,7,"0;1;2;6;8;11;12"
Root_1720,265.191222,39.399904,6,"1;2;6;8;11;12"
Root_1721,102.458070,24.451744,6,"0;2;6;8;11;12"
Root_1722,313.146422,44.029504,5,"2;6;8;11;12"
Root_1723,57.251072,20.048064,6,"0;1;6;8;11;12"
Root_1724,272.202262,40.325824,5,"1;6;8;11;12"
Root_1725,106.691350,25.377664,5,"0;6;8;11;12"
Root_1726,320.157462,44.955424,4,"6;8;11;12"
Root_1727,49.814448,15.869078,9,"0;1;2;3;4;5;8;11;12"
Root_1728,238.554435,36.146838,8,"1;2;3;4;5;8;11;12"
Root_1729,86.038602,21.198678,8,"0;2;3;4;5;8;11;12"
Root_1730,286.509635,40.776438,7,"2;3;4;5;8;11;12"
Root_1731,49.418128,16.794998,8,"0;1;3;4;5;8;11;12"
Root_1732,245.565475,37.072758,7,"1;3;4;5;8;11;12"
Root_1733,89.345962,22.124598,7,"0;3;4;5;8;11;12"
Root_1734,293.520675,41.702358,6,"3;4;5;8;11;12"
Root_1735,56.080966,17.782646,8,"0;1;2;4;5;8;11;12"
Root_1736,254.617251,38.060406,7,"1;2;4;5;8;11;12"
Root_1737,94.902592,23.112246,7,"0;2;4;5;8;11;12"
Root_1738,302.572451,42.690006,6,"2;4;5;8;11;12"
Root_1739,56.610566,18.708566,7,"0;1;4;5;8;11;12"
Root_1740,261.628291,38.986326,6,"1;4;5;8;11;12"
Root_1741,99.135872,24.038166,6,"0;4;5;8;11;12"
Root_1742,309.583491,43.615926,5,"4;5;8;11;12"
Root_1743,55.115453,18.091286,8,"0;1;2;3;5;8;11;12"
Root_1744,259.720931,38.369046,7,"1;2;3;5;8;11;12"
Root_1745,99.080352,23.420886,7,"0;2;3;5;8;11;12"
Root_1746,307.676131,42.998646,6,"2;3;5;8;11;12"
Root_1747,56.570973,19.017206,7,"0;1;3;5;8;11;12"
Root_1748,266.731971,39.294966,6,"1;3;5;8;11;12"
Root_1749,103.313632,24.346806,6,"0;3;5;8;11;12"
Root_1750,314.687171,43.924566,5,"3;5;8;11;12"
Root_1751,61.931315,20.004854,7,"0;1;2;5;8;11;12"
Root_1752,275.783747,40.282614,6,"1;2;5;8;11;12"
Root_1753,109.402464,25.334454,6,"0;2;5;8;11;12"
Root_1754,323.738947,44.912214,5,"2;5;8;11;12"
Root_1755,64.312755,20.930774,6,"0;1;5;8;11;12"
Root_1756,282.794787,41.208534,5,"1;5;8;11;12"
Root_1757,113.635744,26.260374,5,"0;5;8;11;12"
Root_1758,330.749987,45.838134,4,"5;8;11;12"
Root_1759,58.084605,17.412278,8,"0;1;2;3;4;8;11;12"
Root_1760,252.272835,37.690038,7,"1;2;3;4;8;11;12"
Root_1761,99.927402,22.741878,7,"0;2;3;4;8;11;12"
Root_1762,300.228035,42.319638,6,"2;3;4;8;11;12"
Root_1763,59.540125,18.338198,7,"0;1;3;4;8;11;12"
Root_1764,259.283875,38.615958,6,"1;3;4;8;11;12"
Root_1765,103.234762,23.667798,6,"0;3;4;8;11;12"
Root_1766,307.239075,43.245558,5,"3;4;8;11;12"
Root_1767,65.340166,19.325846,7,"0;1;2;4;8;11;12"
Root_1768,268.335651,39.603606,6,"1;2;4;8;11;12"
Root_1769,108.335946,24.655446,6,"0;2;4;8;11;12"
Root_1770,316.290851,44.233206,5,"2;4;8;11;12"
Root_1771,66.602899,20.251766,6,"0;1;4;8;11;12"
Root_1772,275.346691,40.529526,5,"1;4;8;11;12"
Root_1773,111.643306,25.581366,5,"0;4;8;11;12"
Root_1774,323.301891,45.159126,4,"4;8;11;12"
Root_1775,65.917853,19.634486,7,"0;1;2;3;8;11;12"
Root_1776,273.439331,39.912246,6,"1;2;3;8;11;12"
Root_1777,112.205066,24.964086,6,"0;2;3;8;11;12"
Root_1778,321.394531,44.541846,5,"2;3;8;11;12"
Root_1779,68.723786,20.560406,6,"0;1;3;8;11;12"
Root_1780,280.450371,40.838166,5,"1;3;8;11;12"
Root_1781,115.512426,25.890006,5,"0;3;8;11;12"
Root_1782,328.405571,45.467766,4,"3;8;11;12"
Root_1783,74.876810,21.548054,6,"0;1;2;8;11;12"
Root_1784,289.502147,41.825814,5,"1;2;8;11;12"
Root_1785,120.613610,26.877654,5,"0;2;8;11;12"
Root_1786,337.457347,46.455414,4,"2;8;11;12"
Root_1787,78.658144,22.473974,5,"0;1;8;11;12"
Root_1788,296.513187,42.751734,4,"1;8;11;12"
Root_1789,123.920970,27.803574,4,"0;8;11;12"
Root_1790,344.468387,47.381334,3,"8;11;12"
Root_1791,45.709536,15.048096,10,"0;1;2;3;4;5;6;7;11;12"
Root_1792,236.302646,35.325856,9,"1;2;3;4;5;6;7;11;12"
Root_1793,77.415296,20.377696,9,"0;2;3;4;5;6;7;11;12"
Root_1794,284.257846,39.955456,8,"2;3;4;5;6;7;11;12"
Root_1795,45.339200,15.974016,9,"0;1;3;4;5;6;7;11;12"
Root_1796,243.313686,36.251776,8,"1;3;4;5;6;7;11;12"
Root_1797,80.681718,21.303616,8,"0;3;4;5;6;7;11;12"
Root_1798,291.268886,40.881376,7,"3;4;5;6;7;11;12"
Root_1799,51.502144,16.961664,9,"0;1;2;4;5;6;7;11;12"
Root_1800,252.365462,37.239424,8,"1;2;4;5;6;7;11;12"
Root_1801,86.770550,22.291264,8,"0;2;4;5;6;7;11;12"
Root_1802,300.320662,41.869024,7,"2;4;5;6;7;11;12"
Root_1803,51.067488,17.887584,8,"0;1;4;5;6;7;11;12"
Root_1804,259.376502,38.165344,7,"1;4;5;6;7;11;12"
Root_1805,91.564214,23.217184,7,"0;4;5;6;7;11;12"
Root_1806,307.331702,42.794944,6,"4;5;6;7;11;12"
Root_1807,49.368672,17.270304,9,"0;1;2;3;5;6;7;11;12"
Root_1808,257.469142,37.548064,8,"1;2;3;5;6;7;11;12"
Root_1809,90.948310,22.599904,8,"0;2;3;5;6;7;11;12"
Root_1810,305.424342,42.177664,7,"2;3;5;6;7;11;12"
Root_1811,49.898272,18.196224,8,"0;1;3;5;6;7;11;12"
Root_1812,264.480182,38.473984,7,"1;3;5;6;7;11;12"
Root_1813,96.050614,23.525824,7,"0;3;5;6;7;11;12"
Root_1814,312.435382,43.103584,6,"3;5;6;7;11;12"
Root_1815,54.961184,19.183872,8,"0;1;2;5;6;7;11;12"
Root_1816,273.531958,39.461632,7,"1;2;5;6;7;11;12"
Root_1817,103.127094,24.513472,7,"0;2;5;6;7;11;12"
Root_1818,321.487158,44.091232,6,"2;5;6;7;11;12"
Root_1819,55.939968,20.109792,7,"0;1;5;6;7;11;12"
Root_1820,280.542998,40.387552,6,"1;5;6;7;11;12"
Root_1821,108.286294,25.439392,6,"0;5;6;7;11;12"
Root_1822,328.498198,45.017152,5,"5;6;7;11;12"
Root_1823,53.425536,16.591296,9,"0;1;2;3;4;6;7;11;12"
Root_1824,250.021046,36.869056,8,"1;2;3;4;6;7;11;12"
Root_1825,91.880438,21.920896,8,"0;2;3;4;6;7;11;12"
Root_1826,297.976246,41.498656,7,"2;3;4;6;7;11;12"
Root_1827,53.546432,17.517216,8,"0;1;3;4;6;7;11;12"
Root_1828,257.032086,37.794976,7,"1;3;4;6;7;11;12"
Root_1829,96.113718,22.846816,7,"0;3;4;6;7;11;12"
Root_1830,304.987286,42.424576,6,"3;4;6;7;11;12"
Root_1831,59.179808,18.504864,8,"0;1;2;4;6;7;11;12"
Root_1832,266.083862,38.782624,7,"1;2;4;6;7;11;12"
Root_1833,102.202550,23.834464,7,"0;2;4;6;7;11;12"
Root_1834,314.039062,43.412224,6,"2;4;6;7;11;12"
Root_1835,59.138944,19.430784,7,"0;1;4;6;7;11;12"
Root_1836,273.094902,39.708544,6,"1;4;6;7;11;12"
Root_1837,106.435830,24.760384,6,"0;4;6;7;11;12"
Root_1838,321.050102,44.338144,5,"4;6;7;11;12"
Root_1839,58.627872,18.813504,8,"0;1;2;3;6;7;11;12"
Root_1840,271.187542,39.091264,7,"1;2;3;6;7;11;12"
Root_1841,106.380310,24.143104,7,"0;2;3;6;7;11;12"
Root_1842,319.142742,43.720864,6,"2;3;6;7;11;12"
Root_1843,59.821568,19.739424,7,"0;1;3;6;7;11;12"
Root_1844,278.198582,40.017184,6,"1;3;6;7;11;12"
Root_1845,110.613590,25.069024,6,"0;3;6;7;11;12"
Root_1846,326.153782,44.646784,5,"3;6;7;11;12"
Root_1847,65.904128,20.727072,7,"0;1;2;6;7;11;12"
Root_1848,287.250358,41.004832,6,"1;2;6;7;11;12"
Root_1849,116.759094,26.056672,6,"0;2;6;7;11;12"
Root_1850,335.205558,45.634432,5,"2;6;7;11;12"
Root_1851,69.869302,21.652992,6,"0;1;6;7;11;12"
Root_1852,294.261398,41.930752,5,"1;6;7;11;12"
Root_1853,121.918294,26.982592,5,"0;6;7;11;12"
Root_1854,342.216598,46.560352,4,"6;7;11;12"
Root_1855,58.313094,17.474006,9,"0;1;2;3;4;5;7;11;12"
Root_1856,260.613571,37.751766,8,"1;2;3;4;5;7;11;12"
Root_1857,98.824832,22.803606,8,"0;2;3;4;5;7;11;12"
Root_1858,308.568771,42.381366,7,"2;3;4;5;7;11;12"
Root_1859,58.842694,18.399926,8,"0;1;3;4;5;7;11;12"
Root_1860,267.624611,38.677686,7,"1;3;4;5;7;11;12"
Root_1861,103.058112,23.729526,7,"0;3;4;5;7;11;12"
Root_1862,315.579811,43.307286,6,"3;4;5;7;11;12"
Root_1863,63.905606,19.387574,8,"0;1;2;4;5;7;11;12"
Root_1864,276.676387,39.665334,7,"1;2;4;5;7;11;12"
Root_1865,109.146944,24.717174,7,"0;2;4;5;7;11;12"
Root_1866,324.631587,44.294934,6,"2;4;5;7;11;12"
Root_1867,65.291795,20.313494,7,"0;1;4;5;7;11;12"
Root_1868,283.687427,40.591254,6,"1;4;5;7;11;12"
Root_1869,113.380224,25.643094,6,"0;4;5;7;11;12"
Root_1870,331.642627,45.220854,5,"4;5;7;11;12"
Root_1871,64.545021,19.696214,8,"0;1;2;3;5;7;11;12"
Root_1872,281.780067,39.973974,7,"1;2;3;5;7;11;12"
Root_1873,113.324704,25.025814,7,"0;2;3;5;7;11;12"
Root_1874,329.735267,44.603574,6,"2;3;5;7;11;12"
Root_1875,67.474410,20.622134,7,"0;1;3;5;7;11;12"
Root_1876,288.791107,40.899894,6,"1;3;5;7;11;12"
Root_1877,117.557984,25.951734,6,"0;3;5;7;11;12"
Root_1878,336.746307,45.529494,5,"3;5;7;11;12"
Root_1879,73.627434,21.609782,7,"0;1;2;5;7;11;12"
Root_1880,297.842883,41.887542,6,"1;2;5;7;11;12"
Root_1881,124.586198,26.939382,6,"0;2;5;7;11;12"
Root_1882,345.798083,46.517142,5,"2;5;7;11;12"
Root_1883,77.470496,22.535702,6,"0;1;5;7;11;12"
Root_1884,304.853923,42.813462,5,"1;5;7;11;12"
Root_1885,129.745398,27.865302,5,"0;5;7;11;12"
Root_1886,352.809123,47.443062,4,"5;7;11;12"
Root_1887,67.572294,19.017206,8,"0;1;2;3;4;7;11;12"
Root_1888,274.331971,39.294966,7,"1;2;3;4;7;11;12"
Root_1889,112.566826,24.346806,7,"0;2;3;4;7;11;12"
Root_1890,322.287171,43.924566,6,"2;3;4;7;11;12"
Root_1891,69.142419,19.943126,7,"0;1;3;4;7;11;12"
Root_1892,281.343011,40.220886,6,"1;3;4;7;11;12"
Root_1893,115.874186,25.272726,6,"0;3;4;7;11;12"
Root_1894,329.298211,44.850486,5,"3;4;7;11;12"
Root_1895,75.255955,20.930774,7,"0;1;2;4;7;11;12"
Root_1896,290.394787,41.208534,6,"1;2;4;7;11;12"
Root_1897,121.235744,26.260374,6,"0;2;4;7;11;12"
Root_1898,338.349987,45.838134,5,"2;4;7;11;12"
Root_1899,78.545930,21.856694,6,"0;1;4;7;11;12"
Root_1900,297.405827,42.134454,5,"1;4;7;11;12"
Root_1901,125.469024,27.186294,5,"0;4;7;11;12"
Root_1902,345.361027,46.764054,4,"4;7;11;12"
Root_1903,78.347104,21.239414,7,"0;1;2;3;7;11;12"
Root_1904,295.498467,41.517174,6,"1;2;3;7;11;12"
Root_1905,125.413504,26.569014,6,"0;2;3;7;11;12"
Root_1906,343.453667,46.146774,5,"2;3;7;11;12"
Root_1907,82.580384,22.165334,6,"0;1;3;7;11;12"
Root_1908,302.509507,42.443094,5,"1;3;7;11;12"
Root_1909,129.646784,27.494934,5,"0;3;7;11;12"
Root_1910,350.464707,47.072694,4,"3;7;11;12"
Root_1911,88.669216,23.152982,6,"0;1;2;7;11;12"
Root_1912,311.561283,43.430742,5,"1;2;7;11;12"
Root_1913,136.218198,28.482582,5,"0;2;7;11;12"
Root_1914,359.516483,48.060342,4,"2;7;11;12"
Root_1915,92.902496,24.078902,5,"0;1;7;11;12"
Root_1916,318.572323,44.356662,4,"1;7;11;12"
Root_1917,141.785901,29.408502,4,"0;7;11;12"
Root_1918,366.527523,48.986262,3,"7;11;12"
Root_1919,61.905664,18.072768,9,"0;1;2;3;4;5;6;11;12"
Root_1920,265.698710,38.350528,8,"1;2;3;4;5;6;11;12"
Root_1921,103.113686,23.402368,8,"0;2;3;4;5;6;11;12"
Root_1922,313.653910,42.980128,7,"2;3;4;5;6;11;12"
Root_1923,62.435264,18.998688,8,"0;1;3;4;5;6;11;12"
Root_1924,272.709750,39.276448,7,"1;3;4;5;6;11;12"
Root_1925,107.346966,24.328288,7,"0;3;4;5;6;11;12"
Root_1926,320.664950,43.906048,6,"3;4;5;6;11;12"
Root_1927,66.803104,19.986336,8,"0;1;2;4;5;6;11;12"
Root_1928,281.761526,40.264096,7,"1;2;4;5;6;11;12"
Root_1929,113.435798,25.315936,7,"0;2;4;5;6;11;12"
Root_1930,329.716726,44.893696,6,"2;4;5;6;11;12"
Root_1931,68.383126,20.912256,7,"0;1;4;5;6;11;12"
Root_1932,288.772566,41.190016,6,"1;4;5;6;11;12"
Root_1933,117.910934,26.241856,6,"0;4;5;6;11;12"
Root_1934,336.727766,45.819616,5,"4;5;6;11;12"
Root_1935,68.336256,20.294976,8,"0;1;2;3;5;6;11;12"
Root_1936,286.865206,40.572736,7,"1;2;3;5;6;11;12"
Root_1937,117.613558,25.624576,7,"0;2;3;5;6;11;12"
Root_1938,334.820406,45.202336,6,"2;3;5;6;11;12"
Root_1939,71.437238,21.220896,7,"0;1;3;5;6;11;12"
Root_1940,293.876246,41.498656,6,"1;3;5;6;11;12"
Root_1941,122.397334,26.550496,6,"0;3;5;6;11;12"
Root_1942,341.831446,46.128256,5,"3;5;6;11;12"
Root_1943,77.526070,22.208544,7,"0;1;2;5;6;11;12"
Root_1944,302.928022,42.486304,6,"1;2;5;6;11;12"
Root_1945,129.473814,27.538144,6,"0;2;5;6;11;12"
Root_1946,350.883222,47.115904,5,"2;5;6;11;12"
Root_1947,82.237014,23.134464,6,"0;1;5;6;11;12"
Root_1948,309.939062,43.412224,5,"1;5;6;11;12"
Root_1949,134.633014,28.464064,5,"0;5;6;11;12"
Root_1950,357.894262,48.041824,4,"5;6;11;12"
Root_1951,71.164864,19.615968,8,"0;1;2;3;4;6;11;12"
Root_1952,279.417110,39.893728,7,"1;2;3;4;6;11;12"
Root_1953,116.256918,24.945568,7,"0;2;3;4;6;11;12"
Root_1954,327.372310,44.523328,6,"2;3;4;6;11;12"
Root_1955,73.007840,20.541888,7,"0;1;3;4;6;11;12"
Root_1956,286.428150,40.819648,6,"1;3;4;6;11;12"
Root_1957,119.564278,25.871488,6,"0;3;4;6;11;12"
Root_1958,334.383350,45.449248,5,"3;4;6;11;12"
Root_1959,78.928662,21.529536,7,"0;1;2;4;6;11;12"
Root_1960,295.479926,41.807296,6,"1;2;4;6;11;12"
Root_1961,125.524598,26.859136,6,"0;2;4;6;11;12"
Root_1962,343.435126,46.436896,5,"2;4;6;11;12"
Root_1963,82.691478,22.455456,6,"0;1;4;6;11;12"
Root_1964,302.490966,42.733216,5,"1;4;6;11;12"
Root_1965,129.757878,27.785056,5,"0;4;6;11;12"
Root_1966,350.446166,47.362816,4,"4;6;11;12"
Root_1967,82.635958,21.838176,7,"0;1;2;3;6;11;12"
Root_1968,300.583606,42.115936,6,"1;2;3;6;11;12"
Root_1969,129.702358,27.167776,6,"0;2;3;6;11;12"
Root_1970,348.538806,46.745536,5,"2;3;6;11;12"
Root_1971,86.869238,22.764096,6,"0;1;3;6;11;12"
Root_1972,307.594646,43.041856,5,"1;3;6;11;12"
Root_1973,133.935638,28.093696,5,"0;3;6;11;12"
Root_1974,355.549846,47.671456,4,"3;6;11;12"
Root_1975,92.958070,23.751744,6,"0;1;2;6;11;12"
Root_1976,316.646422,44.029504,5,"1;2;6;11;12"
Root_1977,140.187158,29.081344,5,"0;2;6;11;12"
Root_1978,364.601622,48.659104,4,"2;6;11;12"
Root_1979,97.191350,24.677664,5,"0;1;6;11;12"
Root_1980,323.657462,44.955424,4,"1;6;11;12"
Root_1981,146.272278,30.007264,4,"0;6;11;12"
Root_1982,371.612662,49.585024,3,"6;11;12"
Root_1983,77.688083,20.498678,8,"0;1;2;3;4;5;11;12"
Root_1984,290.009635,40.776438,7,"1;2;3;4;5;11;12"
Root_1985,122.318602,25.828278,7,"0;2;3;4;5;11;12"
Root_1986,337.964835,45.406038,6,"2;3;4;5;11;12"
Root_1987,80.545962,21.424598,7,"0;1;3;4;5;11;12"
Root_1988,297.020675,41.702358,6,"1;3;4;5;11;12"
Root_1989,126.380160,26.754198,6,"0;3;4;5;11;12"
Root_1990,344.975875,46.331958,5,"3;4;5;11;12"
Root_1991,85.647146,22.412246,7,"0;1;2;4;5;11;12"
Root_1992,306.072451,42.690006,6,"1;2;4;5;11;12"
Root_1993,132.468992,27.741846,6,"0;2;4;5;11;12"
Root_1994,354.027651,47.319606,5,"2;4;5;11;12"
Root_1995,89.635872,23.338166,6,"0;1;4;5;11;12"
Root_1996,313.083491,43.615926,5,"1;4;5;11;12"
Root_1997,137.370038,28.667766,5,"0;4;5;11;12"
Root_1998,361.038691,48.245526,4,"4;5;11;12"
Root_1999,89.580352,22.720886,7,"0;1;2;3;5;11;12"
Root_2000,311.176131,42.998646,6,"1;2;3;5;11;12"
Root_2001,136.697238,28.050486,6,"0;2;3;5;11;12"
Root_2002,359.131331,47.628246,5,"2;3;5;11;12"
Root_2003,93.813632,23.646806,6,"0;1;3;5;11;12"
Root_2004,318.187171,43.924566,5,"1;3;5;11;12"
Root_2005,141.856438,28.976406,5,"0;3;5;11;12"
Root_2006,366.142371,48.554166,4,"3;5;11;12"
Root_2007,99.902464,24.634454,6,"0;1;2;5;11;12"
Root_2008,327.238947,44.912214,5,"1;2;5;11;12"
Root_2009,149.896973,29.964054,5,"0;2;5;11;12"
Root_2010,375.194147,49.541814,4,"2;5;11;12"
Root_2011,104.135744,25.560374,5,"0;1;5;11;12"
Root_2012,334.249987,45.838134,4,"1;5;11;12"
Root_2013,155.982093,30.889974,4,"0;5;11;12"
Root_2014,382.205187,50.467734,3,"5;11;12"
Root_2015,91.127402,22.041878,7,"0;1;2;3;4;11;12"
Root_2016,303.728035,42.319638,6,"1;2;3;4;11;12"
Root_2017,132.864202,27.371478,6,"0;2;3;4;11;12"
Root_2018,351.683235,46.949238,5,"2;3;4;11;12"
Root_2019,94.434762,22.967798,6,"0;1;3;4;11;12"
Root_2020,310.739075,43.245558,5,"1;3;4;11;12"
Root_2021,136.468960,28.297398,5,"0;3;4;11;12"
Root_2022,358.694275,47.875158,4,"3;4;11;12"
Root_2023,99.535946,23.955446,6,"0;1;2;4;11;12"
Root_2024,319.790851,44.233206,5,"1;2;4;11;12"
Root_2025,143.127885,29.285046,5,"0;2;4;11;12"
Root_2026,367.746051,48.862806,4,"2;4;11;12"
Root_2027,102.843306,24.881366,5,"0;1;4;11;12"
Root_2028,326.801891,45.159126,4,"1;4;11;12"
Root_2029,149.213005,30.210966,4,"0;4;11;12"
Root_2030,374.757091,49.788726,3,"4;11;12"
Root_2031,103.405066,24.264086,6,"0;1;2;3;11;12"
Root_2032,324.894531,44.541846,5,"1;2;3;11;12"
Root_2033,147.922925,29.593686,5,"0;2;3;11;12"
Root_2034,372.849731,49.171446,4,"2;3;11;12"
Root_2035,106.712426,25.190006,5,"0;1;3;11;12"
Root_2036,331.905571,45.467766,4,"1;3;11;12"
Root_2037,154.008045,30.519606,4,"0;3;11;12"
Root_2038,379.860771,50.097366,3,"3;11;12"
Root_2039,111.991264,26.177654,5,"0;1;2;11;12"
Root_2040,340.957347,46.455414,4,"1;2;11;12"
Root_2041,162.072173,31.507254,4,"0;2;11;12"
Root_2042,388.912547,51.085014,3,"2;11;12"
Root_2043,116.224544,27.103574,4,"0;1;11;12"
Root_2044,347.968387,47.381334,3,"1;11;12"
Root_2045,168.590467,32.433174,3,"0;11;12"
Root_2046,395.923587,52.010934,2,"11;12"
Root_2047,20.011040,8.051840,12,"0;1;2;3;4;5;6;7;8;9;10;12"
Root_2048,168.947574,29.029600,11,"1;2;3;4;5;6;7;8;9;10;12"
Root_2049,45.857632,14.081440,11,"0;2;3;4;5;6;7;8;9;10;12"
Root_2050,216.902774,33.659200,10,"2;3;4;5;6;7;8;9;10;12"
Root_2051,21.862880,8.977760,11,"0;1;3;4;5;6;7;8;9;10;12"
Root_2052,175.958614,29.955520,10,"1;3;4;5;6;7;8;9;10;12"
Root_2053,48.305792,15.007360,10,"0;3;4;5;6;7;8;9;10;12"
Root_2054,223.913814,34.585120,9,"3;4;5;6;7;8;9;10;12"
Root_2055,26.783776,10.665408,11,"0;1;2;4;5;6;7;8;9;10;12"
Root_2056,185.010390,30.943168,10,"1;2;4;5;6;7;8;9;10;12"
Root_2057,56.444032,15.995008,10,"0;2;4;5;6;7;8;9;10;12"
Root_2058,232.965590,35.572768,9,"2;4;5;6;7;8;9;10;12"
Root_2059,30.487456,11.591328,10,"0;1;4;5;6;7;8;9;10;12"
Root_2060,192.021430,31.869088,9,"1;4;5;6;7;8;9;10;12"
Root_2061,56.973632,16.920928,9,"0;4;5;6;7;8;9;10;12"
Root_2062,239.976630,36.498688,8,"4;5;6;7;8;9;10;12"
Root_2063,24.455456,10.274048,11,"0;1;2;3;5;6;7;8;9;10;12"
Root_2064,190.114070,31.251808,10,"1;2;3;5;6;7;8;9;10;12"
Root_2065,54.387232,16.303648,10,"0;2;3;5;6;7;8;9;10;12"
Root_2066,238.069270,35.881408,9,"2;3;5;6;7;8;9;10;12"
Root_2067,26.999840,11.199968,10,"0;1;3;5;6;7;8;9;10;12"
Root_2068,197.125110,32.177728,9,"1;3;5;6;7;8;9;10;12"
Root_2069,55.146400,17.229568,9,"0;3;5;6;7;8;9;10;12"
Root_2070,245.080310,36.807328,8,"3;5;6;7;8;9;10;12"
Root_2071,34.189856,12.887616,10,"0;1;2;5;6;7;8;9;10;12"
Root_2072,206.176886,33.165376,9,"1;2;5;6;7;8;9;10;12"
Root_2073,63.001888,18.217216,9,"0;2;5;6;7;8;9;10;12"
Root_2074,254.132086,37.794976,8,"2;5;6;7;8;9;10;12"
Root_2075,35.980000,13.813536,9,"0;1;5;6;7;8;9;10;12"
Root_2076,213.187926,34.091296,8,"1;5;6;7;8;9;10;12"
Root_2077,64.525216,19.143136,8,"0;5;6;7;8;9;10;12"
Root_2078,261.143126,38.720896,7,"5;6;7;8;9;10;12"
Root_2079,23.414688,9.595040,11,"0;1;2;3;4;6;7;8;9;10;12"
Root_2080,182.665974,30.572800,10,"1;2;3;4;6;7;8;9;10;12"
Root_2081,56.660032,15.624640,10,"0;2;3;4;6;7;8;9;10;12"
Root_2082,230.621174,35.202400,9,"2;3;4;6;7;8;9;10;12"
Root_2083,26.205984,10.520960,10,"0;1;3;4;6;7;8;9;10;12"
Root_2084,189.677014,31.498720,9,"1;3;4;6;7;8;9;10;12"
Root_2085,58.115552,16.550560,9,"0;3;4;6;7;8;9;10;12"
Root_2086,237.632214,36.128320,8,"3;4;6;7;8;9;10;12"
Root_2087,34.191104,12.208608,10,"0;1;2;4;6;7;8;9;10;12"
Root_2088,198.728790,32.486368,9,"1;2;4;6;7;8;9;10;12"
Root_2089,65.971040,17.538208,9,"0;2;4;6;7;8;9;10;12"
Root_2090,246.683990,37.115968,8,"2;4;6;7;8;9;10;12"
Root_2091,37.120704,13.134528,9,"0;1;4;6;7;8;9;10;12"
Root_2092,205.739830,33.412288,8,"1;4;6;7;8;9;10;12"
Root_2093,67.426560,18.464128,8,"0;4;6;7;8;9;10;12"
Root_2094,253.695030,38.041888,7,"4;6;7;8;9;10;12"
Root_2095,29.694848,11.817248,10,"0;1;2;3;6;7;8;9;10;12"
Root_2096,203.832470,32.795008,9,"1;2;3;6;7;8;9;10;12"
Root_2097,65.069728,17.846848,9,"0;2;3;6;7;8;9;10;12"
Root_2098,251.787670,37.424608,8,"2;3;6;7;8;9;10;12"
Root_2099,31.698528,12.743168,9,"0;1;3;6;7;8;9;10;12"
Root_2100,210.843510,33.720928,8,"1;3;6;7;8;9;10;12"
Root_2101,67.451168,18.772768,8,"0;3;6;7;8;9;10;12"
Root_2102,258.798710,38.350528,7,"3;6;7;8;9;10;12"
Root_2103,41.905856,14.430816,9,"0;1;2;6;7;8;9;10;12"
Root_2104,219.895286,34.708576,8,"1;2;6;7;8;9;10;12"
Root_2105,74.489376,19.760416,8,"0;2;6;7;8;9;10;12"
Root_2106,267.850486,39.338176,7,"2;6;7;8;9;10;12"
Root_2107,42.152800,15.356736,8,"0;1;6;7;8;9;10;12"
Root_2108,226.906326,35.634496,7,"1;6;7;8;9;10;12"
Root_2109,76.870816,20.686336,7,"0;6;7;8;9;10;12"
Root_2110,274.861526,40.264096,6,"6;7;8;9;10;12"
Root_2111,26.062819,10.477750,11,"0;1;2;3;4;5;7;8;9;10;12"
Root_2112,193.258499,31.455510,10,"1;2;3;4;5;7;8;9;10;12"
Root_2113,62.839005,16.507350,10,"0;2;3;4;5;7;8;9;10;12"
Root_2114,241.213699,36.085110,9,"2;3;4;5;7;8;9;10;12"
Root_2115,29.736826,11.403670,10,"0;1;3;4;5;7;8;9;10;12"
Root_2116,200.269539,32.381430,9,"1;3;4;5;7;8;9;10;12"
Root_2117,64.457395,17.433270,9,"0;3;4;5;7;8;9;10;12"
Root_2118,248.224739,37.011030,8,"3;4;5;7;8;9;10;12"
Root_2119,39.021894,13.091318,10,"0;1;2;4;5;7;8;9;10;12"
Root_2120,209.321315,33.369078,9,"1;2;4;5;7;8;9;10;12"
Root_2121,72.150013,18.420918,9,"0;2;4;5;7;8;9;10;12"
Root_2122,257.276515,37.998678,8,"2;4;5;7;8;9;10;12"
Root_2123,41.534256,14.017238,9,"0;1;4;5;7;8;9;10;12"
Root_2124,216.332355,34.294998,8,"1;4;5;7;8;9;10;12"
Root_2125,73.877043,19.346838,8,"0;4;5;7;8;9;10;12"
Root_2126,264.287555,38.924598,7,"4;5;7;8;9;10;12"
Root_2127,33.251568,12.699958,10,"0;1;2;3;5;7;8;9;10;12"
Root_2128,214.424995,33.677718,9,"1;2;3;5;7;8;9;10;12"
Root_2129,72.131411,18.729558,9,"0;2;3;5;7;8;9;10;12"
Root_2130,262.380195,38.307318,8,"2;3;5;7;8;9;10;12"
Root_2131,35.668816,13.625878,9,"0;1;3;5;7;8;9;10;12"
Root_2132,221.436035,34.603638,8,"1;3;5;7;8;9;10;12"
Root_2133,75.093002,19.655478,8,"0;3;5;7;8;9;10;12"
Root_2134,269.391235,39.233238,7,"3;5;7;8;9;10;12"
Root_2135,46.319408,15.313526,9,"0;1;2;5;7;8;9;10;12"
Root_2136,230.487811,35.591286,8,"1;2;5;7;8;9;10;12"
Root_2137,81.551059,20.643126,8,"0;2;5;7;8;9;10;12"
Root_2138,278.443011,40.220886,7,"2;5;7;8;9;10;12"
Root_2139,45.923088,16.239446,8,"0;1;5;7;8;9;10;12"
Root_2140,237.498851,36.517206,7,"1;5;7;8;9;10;12"
Root_2141,83.932499,21.569046,7,"0;5;7;8;9;10;12"
Root_2142,285.454051,41.146806,6,"5;7;8;9;10;12"
Root_2143,33.252816,12.020950,10,"0;1;2;3;4;7;8;9;10;12"
Root_2144,206.976899,32.998710,9,"1;2;3;4;7;8;9;10;12"
Root_2145,74.421555,18.050550,9,"0;2;3;4;7;8;9;10;12"
Root_2146,254.932099,37.628310,8,"2;3;4;7;8;9;10;12"
Root_2147,36.182416,12.946870,9,"0;1;3;4;7;8;9;10;12"
Root_2148,213.987939,33.924630,8,"1;3;4;7;8;9;10;12"
Root_2149,76.802995,18.976470,8,"0;3;4;7;8;9;10;12"
Root_2150,261.943139,38.554230,7,"3;4;7;8;9;10;12"
Root_2151,48.281094,14.634518,9,"0;1;2;4;7;8;9;10;12"
Root_2152,223.039715,34.912278,8,"1;2;4;7;8;9;10;12"
Root_2153,83.841203,19.964118,8,"0;2;4;7;8;9;10;12"
Root_2154,270.994915,39.541878,7,"2;4;7;8;9;10;12"
Root_2155,49.250256,15.560438,8,"0;1;4;7;8;9;10;12"
Root_2156,230.050755,35.838198,7,"1;4;7;8;9;10;12"
Root_2157,86.222643,20.890038,7,"0;4;7;8;9;10;12"
Root_2158,278.005955,40.467798,6,"4;7;8;9;10;12"
Root_2159,42.024294,14.243158,9,"0;1;2;3;7;8;9;10;12"
Root_2160,228.143395,35.220918,8,"1;2;3;7;8;9;10;12"
Root_2161,85.674442,20.272758,8,"0;2;3;7;8;9;10;12"
Root_2162,276.098595,39.850518,7,"2;3;7;8;9;10;12"
Root_2163,43.384816,15.169078,8,"0;1;3;7;8;9;10;12"
Root_2164,235.154435,36.146838,7,"1;3;7;8;9;10;12"
Root_2165,88.981802,21.198678,7,"0;3;7;8;9;10;12"
Root_2166,283.109635,40.776438,6,"3;7;8;9;10;12"
Root_2167,54.035408,16.856726,8,"0;1;2;7;8;9;10;12"
Root_2168,244.206211,37.134486,7,"1;2;7;8;9;10;12"
Root_2169,94.082986,22.186326,7,"0;2;7;8;9;10;12"
Root_2170,292.161411,41.764086,6,"2;7;8;9;10;12"
Root_2171,54.933981,17.782646,7,"0;1;7;8;9;10;12"
Root_2172,251.217251,38.060406,6,"1;7;8;9;10;12"
Root_2173,97.390346,23.112246,6,"0;7;8;9;10;12"
Root_2174,299.172451,42.690006,5,"7;8;9;10;12"
Root_2175,32.030624,11.776512,11,"0;1;2;3;4;5;6;8;9;10;12"
Root_2176,198.343638,32.054272,10,"1;2;3;4;5;6;8;9;10;12"
Root_2177,67.030336,17.106112,10,"0;2;3;4;5;6;8;9;10;12"
Root_2178,246.298838,36.683872,9,"2;3;4;5;6;8;9;10;12"
Root_2179,34.960224,12.702432,10,"0;1;3;4;5;6;8;9;10;12"
Root_2180,205.354678,32.980192,9,"1;3;4;5;6;8;9;10;12"
Root_2181,69.247488,18.032032,9,"0;3;4;5;6;8;9;10;12"
Root_2182,253.309878,37.609792,8,"3;4;5;6;8;9;10;12"
Root_2183,42.614464,13.690080,10,"0;1;2;4;5;6;8;9;10;12"
Root_2184,214.406454,33.967840,9,"1;2;4;5;6;8;9;10;12"
Root_2185,76.341344,19.019680,9,"0;2;4;5;6;8;9;10;12"
Root_2186,262.361654,38.597440,8,"2;4;5;6;8;9;10;12"
Root_2187,44.528064,14.616000,9,"0;1;4;5;6;8;9;10;12"
Root_2188,221.417494,34.893760,8,"1;4;5;6;8;9;10;12"
Root_2189,77.796864,19.945600,8,"0;4;5;6;8;9;10;12"
Root_2190,269.372694,39.523360,7,"4;5;6;8;9;10;12"
Root_2191,40.557664,13.998720,10,"0;1;2;3;5;6;8;9;10;12"
Root_2192,219.510134,34.276480,9,"1;2;3;5;6;8;9;10;12"
Root_2193,76.921504,19.328320,9,"0;2;3;5;6;8;9;10;12"
Root_2194,267.465334,38.906080,8,"2;3;5;6;8;9;10;12"
Root_2195,42.162624,14.924640,9,"0;1;3;5;6;8;9;10;12"
Root_2196,226.521174,35.202400,8,"1;3;5;6;8;9;10;12"
Root_2197,79.302944,20.254240,8,"0;3;5;6;8;9;10;12"
Root_2198,274.476374,39.832000,7,"3;5;6;8;9;10;12"
Root_2199,49.313216,15.912288,9,"0;1;2;5;6;8;9;10;12"
Root_2200,235.572950,36.190048,8,"1;2;5;6;8;9;10;12"
Root_2201,84.642390,21.241888,8,"0;2;5;6;8;9;10;12"
Root_2202,283.528150,40.819648,7,"2;5;6;8;9;10;12"
Root_2203,48.916896,16.838208,8,"0;1;5;6;8;9;10;12"
Root_2204,242.583990,37.115968,7,"1;5;6;8;9;10;12"
Root_2205,87.191638,22.167808,7,"0;5;6;8;9;10;12"
Root_2206,290.539190,41.745568,6,"5;6;8;9;10;12"
Root_2207,40.525536,13.319712,10,"0;1;2;3;4;6;8;9;10;12"
Root_2208,212.062038,33.597472,9,"1;2;3;4;6;8;9;10;12"
Root_2209,79.211648,18.649312,9,"0;2;3;4;6;8;9;10;12"
Root_2210,260.017238,38.227072,8,"2;3;4;6;8;9;10;12"
Root_2211,43.735424,14.245632,9,"0;1;3;4;6;8;9;10;12"
Root_2212,219.073078,34.523392,8,"1;3;4;6;8;9;10;12"
Root_2213,81.593088,19.575232,8,"0;3;4;6;8;9;10;12"
Root_2214,267.028278,39.152992,7,"3;4;6;8;9;10;12"
Root_2215,51.873664,15.233280,9,"0;1;2;4;6;8;9;10;12"
Root_2216,228.124854,35.511040,8,"1;2;4;6;8;9;10;12"
Root_2217,87.143744,20.562880,8,"0;2;4;6;8;9;10;12"
Root_2218,276.080054,40.140640,7,"2;4;6;8;9;10;12"
Root_2219,52.403264,16.159200,8,"0;1;4;6;8;9;10;12"
Root_2220,235.135894,36.436960,7,"1;4;6;8;9;10;12"
Root_2221,89.313974,21.488800,7,"0;4;6;8;9;10;12"
Root_2222,283.091094,41.066560,6,"4;6;8;9;10;12"
Root_2223,49.816864,15.541920,9,"0;1;2;3;6;8;9;10;12"
Root_2224,233.228534,35.819680,8,"1;2;3;6;8;9;10;12"
Root_2225,89.364534,20.871520,8,"0;2;3;6;8;9;10;12"
Root_2226,281.183734,40.449280,7,"2;3;6;8;9;10;12"
Root_2227,50.346464,16.467840,8,"0;1;3;6;8;9;10;12"
Root_2228,240.239574,36.745600,7,"1;3;6;8;9;10;12"
Root_2229,92.671894,21.797440,7,"0;3;6;8;9;10;12"
Root_2230,288.194774,41.375200,6,"3;6;8;9;10;12"
Root_2231,57.669792,17.455488,8,"0;1;2;6;8;9;10;12"
Root_2232,249.291350,37.733248,7,"1;2;6;8;9;10;12"
Root_2233,97.773078,22.785088,7,"0;2;6;8;9;10;12"
Root_2234,297.246550,42.362848,6,"2;6;8;9;10;12"
Root_2235,59.125312,18.381408,7,"0;1;6;8;9;10;12"
Root_2236,256.302390,38.659168,6,"1;6;8;9;10;12"
Root_2237,101.080438,23.711008,6,"0;6;8;9;10;12"
Root_2238,304.257590,43.288768,5,"6;8;9;10;12"
Root_2239,46.704509,14.202422,10,"0;1;2;3;4;5;8;9;10;12"
Root_2240,222.654563,34.480182,9,"1;2;3;4;5;8;9;10;12"
Root_2241,86.273331,19.532022,9,"0;2;3;4;5;8;9;10;12"
Root_2242,270.609763,39.109782,8,"2;3;4;5;8;9;10;12"
Root_2243,49.031686,15.128342,9,"0;1;3;4;5;8;9;10;12"
Root_2244,229.665603,35.406102,8,"1;3;4;5;8;9;10;12"
Root_2245,88.654771,20.457942,8,"0;3;4;5;8;9;10;12"
Root_2246,277.620803,40.035702,7,"3;4;5;8;9;10;12"
Root_2247,57.169926,16.115990,9,"0;1;2;4;5;8;9;10;12"
Root_2248,238.717379,36.393750,8,"1;2;4;5;8;9;10;12"
Root_2249,93.322717,21.445590,8,"0;2;4;5;8;9;10;12"
Root_2250,286.672579,41.023350,7,"2;4;5;8;9;10;12"
Root_2251,57.699526,17.041910,8,"0;1;4;5;8;9;10;12"
Root_2252,245.728419,37.319670,7,"1;4;5;8;9;10;12"
Root_2253,95.149747,22.371510,7,"0;4;5;8;9;10;12"
Root_2254,293.683619,41.949270,6,"4;5;8;9;10;12"
Root_2255,55.113126,16.424630,9,"0;1;2;3;5;8;9;10;12"
Root_2256,243.821059,36.702390,8,"1;2;3;5;8;9;10;12"
Root_2257,96.328787,21.754230,8,"0;2;3;5;8;9;10;12"
Root_2258,291.776259,41.331990,7,"2;3;5;8;9;10;12"
Root_2259,56.073427,17.350550,8,"0;1;3;5;8;9;10;12"
Root_2260,250.832099,37.628310,7,"1;3;5;8;9;10;12"
Root_2261,98.733578,22.680150,7,"0;3;5;8;9;10;12"
Root_2262,298.787299,42.257910,6,"3;5;8;9;10;12"
Root_2263,63.848765,18.338198,8,"0;1;2;5;8;9;10;12"
Root_2264,259.883875,38.615958,7,"1;2;5;8;9;10;12"
Root_2265,103.834762,23.667798,7,"0;2;5;8;9;10;12"
Root_2266,307.839075,43.245558,6,"2;5;8;9;10;12"
Root_2267,65.304285,19.264118,7,"0;1;5;8;9;10;12"
Root_2268,266.894915,39.541878,6,"1;5;8;9;10;12"
Root_2269,107.142122,24.593718,6,"0;5;8;9;10;12"
Root_2270,314.850115,44.171478,5,"5;8;9;10;12"
Root_2271,57.506909,15.745622,9,"0;1;2;3;4;8;9;10;12"
Root_2272,236.372963,36.023382,8,"1;2;3;4;8;9;10;12"
Root_2273,98.618931,21.075222,8,"0;2;3;4;8;9;10;12"
Root_2274,284.328163,40.652982,7,"2;3;4;8;9;10;12"
Root_2275,58.962429,16.671542,8,"0;1;3;4;8;9;10;12"
Root_2276,243.384003,36.949302,7,"1;3;4;8;9;10;12"
Root_2277,101.000371,22.001142,7,"0;3;4;8;9;10;12"
Root_2278,291.339203,41.578902,6,"3;4;8;9;10;12"
Root_2279,66.817917,17.659190,8,"0;1;2;4;8;9;10;12"
Root_2280,252.435779,37.936950,7,"1;2;4;8;9;10;12"
Root_2281,105.113907,22.988790,7,"0;2;4;8;9;10;12"
Root_2282,300.390979,42.566550,6,"2;4;8;9;10;12"
Root_2283,68.273437,18.585110,7,"0;1;4;8;9;10;12"
Root_2284,259.446819,38.862870,6,"1;4;8;9;10;12"
Root_2285,107.495347,23.914710,6,"0;4;8;9;10;12"
Root_2286,307.402019,43.492470,5,"4;8;9;10;12"
Root_2287,66.037587,17.967830,8,"0;1;2;3;8;9;10;12"
Root_2288,257.539459,38.245590,7,"1;2;3;8;9;10;12"
Root_2289,108.674387,23.297430,7,"0;2;3;8;9;10;12"
Root_2290,305.494659,42.875190,6,"2;3;8;9;10;12"
Root_2291,68.419027,18.893750,7,"0;1;3;8;9;10;12"
Root_2292,264.550499,39.171510,6,"1;3;8;9;10;12"
Root_2293,111.055827,24.223350,6,"0;3;8;9;10;12"
Root_2294,312.505699,43.801110,5,"3;8;9;10;12"
Root_2295,74.762163,19.881398,7,"0;1;2;8;9;10;12"
Root_2296,273.602275,40.159158,6,"1;2;8;9;10;12"
Root_2297,115.169363,25.210998,6,"0;2;8;9;10;12"
Root_2298,321.557475,44.788758,5,"2;8;9;10;12"
Root_2299,77.143603,20.807318,6,"0;1;8;9;10;12"
Root_2300,280.613315,41.085078,5,"1;8;9;10;12"
Root_2301,117.550803,26.136918,5,"0;8;9;10;12"
Root_2302,328.568515,45.714678,4,"8;9;10;12"
Root_2303,36.562624,12.681440,11,"0;1;2;3;4;5;6;7;9;10;12"
Root_2304,220.402774,33.659200,10,"1;2;3;4;5;6;7;9;10;12"
Root_2305,78.264832,18.711040,10,"0;2;3;4;5;6;7;9;10;12"
Root_2306,268.357974,38.288800,9,"2;3;4;5;6;7;9;10;12"
Root_2307,39.905792,13.607360,10,"0;1;3;4;5;6;7;9;10;12"
Root_2308,227.413814,34.585120,9,"1;3;4;5;6;7;9;10;12"
Root_2309,80.281984,19.636960,9,"0;3;4;5;6;7;9;10;12"
Root_2310,275.369014,39.214720,8,"3;4;5;6;7;9;10;12"
Root_2311,52.244032,15.295008,10,"0;1;2;4;5;6;7;9;10;12"
Root_2312,236.465590,35.572768,9,"1;2;4;5;6;7;9;10;12"
Root_2313,85.770912,20.624608,9,"0;2;4;5;6;7;9;10;12"
Root_2314,284.420790,40.202368,8,"2;4;5;6;7;9;10;12"
Root_2315,52.773632,16.220928,9,"0;1;4;5;6;7;9;10;12"
Root_2316,243.476630,36.498688,8,"1;4;5;6;7;9;10;12"
Root_2317,88.002870,21.550528,8,"0;4;5;6;7;9;10;12"
Root_2318,291.431830,41.128288,7,"4;5;6;7;9;10;12"
Root_2319,45.987232,14.903648,10,"0;1;2;3;5;6;7;9;10;12"
Root_2320,241.569270,35.881408,9,"1;2;3;5;6;7;9;10;12"
Root_2321,88.115158,20.933248,9,"0;2;3;5;6;7;9;10;12"
Root_2322,289.524470,40.511008,8,"2;3;5;6;7;9;10;12"
Root_2323,46.687264,15.829568,9,"0;1;3;5;6;7;9;10;12"
Root_2324,248.580310,36.807328,8,"1;3;5;6;7;9;10;12"
Root_2325,91.422518,21.859168,8,"0;3;5;6;7;9;10;12"
Root_2326,296.535510,41.436928,7,"3;5;6;7;9;10;12"
Root_2327,57.855072,17.517216,9,"0;1;2;5;6;7;9;10;12"
Root_2328,257.632086,37.794976,8,"1;2;5;6;7;9;10;12"
Root_2329,96.713718,22.846816,8,"0;2;5;6;7;9;10;12"
Root_2330,305.587286,42.424576,7,"2;5;6;7;9;10;12"
Root_2331,58.384672,18.443136,8,"0;1;5;6;7;9;10;12"
Root_2332,264.643126,38.720896,7,"1;5;6;7;9;10;12"
Root_2333,100.946998,23.772736,7,"0;5;6;7;9;10;12"
Root_2334,312.598326,43.350496,6,"5;6;7;9;10;12"
Root_2335,46.860032,14.224640,10,"0;1;2;3;4;6;7;9;10;12"
Root_2336,234.121174,35.202400,9,"1;2;3;4;6;7;9;10;12"
Root_2337,90.246144,20.254240,9,"0;2;3;4;6;7;9;10;12"
Root_2338,282.076374,39.832000,8,"2;3;4;6;7;9;10;12"
Root_2339,49.164992,15.150560,9,"0;1;3;4;6;7;9;10;12"
Root_2340,241.132214,36.128320,8,"1;3;4;6;7;9;10;12"
Root_2341,93.033654,21.180160,8,"0;3;4;6;7;9;10;12"
Root_2342,289.087414,40.757920,7,"3;4;6;7;9;10;12"
Root_2343,61.503232,16.838208,9,"0;1;2;4;6;7;9;10;12"
Root_2344,250.183990,37.115968,8,"1;2;4;6;7;9;10;12"
Root_2345,98.134838,22.167808,8,"0;2;4;6;7;9;10;12"
Root_2346,298.139190,41.745568,7,"2;4;6;7;9;10;12"
Root_2347,62.032832,17.764128,8,"0;1;4;6;7;9;10;12"
Root_2348,257.195030,38.041888,7,"1;4;6;7;9;10;12"
Root_2349,101.442198,23.093728,7,"0;4;6;7;9;10;12"
Root_2350,305.150230,42.671488,6,"4;6;7;9;10;12"
Root_2351,55.246432,16.446848,9,"0;1;2;3;6;7;9;10;12"
Root_2352,255.287670,37.424608,8,"1;2;3;6;7;9;10;12"
Root_2353,102.003958,22.476448,8,"0;2;3;6;7;9;10;12"
Root_2354,303.242870,42.054208,7,"2;3;6;7;9;10;12"
Root_2355,56.148800,17.372768,8,"0;1;3;6;7;9;10;12"
Root_2356,262.298710,38.350528,7,"1;3;6;7;9;10;12"
Root_2357,105.311318,23.402368,7,"0;3;6;7;9;10;12"
Root_2358,310.253910,42.980128,6,"3;6;7;9;10;12"
Root_2359,67.114272,19.060416,8,"0;1;2;6;7;9;10;12"
Root_2360,271.350486,39.338176,7,"1;2;6;7;9;10;12"
Root_2361,110.412502,24.390016,7,"0;2;6;7;9;10;12"
Root_2362,319.305686,43.967776,6,"2;6;7;9;10;12"
Root_2363,68.770816,19.986336,7,"0;1;6;7;9;10;12"
Root_2364,278.361526,40.264096,6,"1;6;7;9;10;12"
Root_2365,113.719862,25.315936,6,"0;6;7;9;10;12"
Root_2366,326.316726,44.893696,5,"6;7;9;10;12"
Root_2367,53.039005,15.107350,10,"0;1;2;3;4;5;7;9;10;12"
Root_2368,244.713699,36.085110,9,"1;2;3;4;5;7;9;10;12"
Root_2369,97.307827,21.136950,9,"0;2;3;4;5;7;9;10;12"
Root_2370,292.668899,40.714710,8,"2;3;4;5;7;9;10;12"
Root_2371,54.494525,16.033270,9,"0;1;3;4;5;7;9;10;12"
Root_2372,251.724739,37.011030,8,"1;3;4;5;7;9;10;12"
Root_2373,99.689267,22.062870,8,"0;3;4;5;7;9;10;12"
Root_2374,299.679939,41.640630,7,"3;4;5;7;9;10;12"
Root_2375,66.799494,17.720918,9,"0;1;2;4;5;7;9;10;12"
Root_2376,260.776515,37.998678,8,"1;2;4;5;7;9;10;12"
Root_2377,104.196522,23.050518,8,"0;2;4;5;7;9;10;12"
Root_2378,308.731715,42.628278,7,"2;4;5;7;9;10;12"
Root_2379,67.329094,18.646838,8,"0;1;4;5;7;9;10;12"
Root_2380,267.787555,38.924598,7,"1;4;5;7;9;10;12"
Root_2381,107.503882,23.976438,7,"0;4;5;7;9;10;12"
Root_2382,315.742755,43.554198,6,"4;5;7;9;10;12"
Root_2383,60.872253,17.329558,9,"0;1;2;3;5;7;9;10;12"
Root_2384,265.880195,38.307318,8,"1;2;3;5;7;9;10;12"
Root_2385,108.065642,23.359158,8,"0;2;3;5;7;9;10;12"
Root_2386,313.835395,42.936918,7,"2;3;5;7;9;10;12"
Root_2387,62.327773,18.255478,8,"0;1;3;5;7;9;10;12"
Root_2388,272.891235,39.233238,7,"1;3;5;7;9;10;12"
Root_2389,111.373002,24.285078,7,"0;3;5;7;9;10;12"
Root_2390,320.846435,43.862838,6,"3;5;7;9;10;12"
Root_2391,73.451059,19.943126,8,"0;1;2;5;7;9;10;12"
Root_2392,281.943011,40.220886,7,"1;2;5;7;9;10;12"
Root_2393,116.474186,25.272726,7,"0;2;5;7;9;10;12"
Root_2394,329.898211,44.850486,6,"2;5;7;9;10;12"
Root_2395,75.832499,20.869046,7,"0;1;5;7;9;10;12"
Root_2396,288.954051,41.146806,6,"1;5;7;9;10;12"
Root_2397,119.980192,26.198646,6,"0;5;7;9;10;12"
Root_2398,336.909251,45.776406,5,"5;7;9;10;12"
Root_2399,63.841405,16.650550,9,"0;1;2;3;4;7;9;10;12"
Root_2400,258.432099,37.628310,8,"1;2;3;4;7;9;10;12"
Root_2401,109.653427,22.680150,8,"0;2;3;4;7;9;10;12"
Root_2402,306.387299,42.257910,7,"2;3;4;7;9;10;12"
Root_2403,65.296925,17.576470,8,"0;1;3;4;7;9;10;12"
Root_2404,265.443139,38.554230,7,"1;3;4;7;9;10;12"
Root_2405,112.034867,23.606070,7,"0;3;4;7;9;10;12"
Root_2406,313.398339,43.183830,6,"3;4;7;9;10;12"
Root_2407,76.247485,19.264118,8,"0;1;2;4;7;9;10;12"
Root_2408,274.494915,39.541878,7,"1;2;4;7;9;10;12"
Root_2409,116.148403,24.593718,7,"0;2;4;7;9;10;12"
Root_2410,322.450115,44.171478,6,"2;4;7;9;10;12"
Root_2411,78.122643,20.190038,7,"0;1;4;7;9;10;12"
Root_2412,281.505955,40.467798,6,"1;4;7;9;10;12"
Root_2413,118.529843,25.519638,6,"0;4;7;9;10;12"
Root_2414,329.461155,45.097398,5,"4;7;9;10;12"
Root_2415,71.674653,18.872758,8,"0;1;2;3;7;9;10;12"
Root_2416,279.598595,39.850518,7,"1;2;3;7;9;10;12"
Root_2417,119.708883,24.902358,7,"0;2;3;7;9;10;12"
Root_2418,327.553795,44.480118,6,"2;3;7;9;10;12"
Root_2419,73.881802,19.798678,7,"0;1;3;7;9;10;12"
Root_2420,286.609635,40.776438,6,"1;3;7;9;10;12"
Root_2421,122.090323,25.828278,6,"0;3;7;9;10;12"
Root_2422,334.564835,45.406038,5,"3;7;9;10;12"
Root_2423,85.796659,21.486326,7,"0;1;2;7;9;10;12"
Root_2424,295.661411,41.764086,6,"1;2;7;9;10;12"
Root_2425,127.019786,26.815926,6,"0;2;7;9;10;12"
Root_2426,343.616611,46.393686,5,"2;7;9;10;12"
Root_2427,88.590346,22.412246,6,"0;1;7;9;10;12"
Root_2428,302.672451,42.690006,5,"1;7;9;10;12"
Root_2429,130.327146,27.741846,5,"0;7;9;10;12"
Root_2430,350.627651,47.319606,4,"7;9;10;12"
Root_2431,62.130336,16.406112,10,"0;1;2;3;4;5;6;9;10;12"
Root_2432,249.798838,36.683872,9,"1;2;3;4;5;6;9;10;12"
Root_2433,100.399158,21.735712,9,"0;2;3;4;5;6;9;10;12"
Root_2434,297.754038,41.313472,8,"2;3;4;5;6;9;10;12"
Root_2435,63.585856,17.332032,9,"0;1;3;4;5;6;9;10;12"
Root_2436,256.809878,37.609792,8,"1;3;4;5;6;9;10;12"
Root_2437,102.785430,22.661632,8,"0;3;4;5;6;9;10;12"
Root_2438,304.765078,42.239392,7,"3;4;5;6;9;10;12"
Root_2439,70.392064,18.319680,9,"0;1;2;4;5;6;9;10;12"
Root_2440,265.861654,38.597440,8,"1;2;4;5;6;9;10;12"
Root_2441,107.886614,23.649280,8,"0;2;4;5;6;9;10;12"
Root_2442,313.816854,43.227040,7,"2;4;5;6;9;10;12"
Root_2443,70.921664,19.245600,8,"0;1;4;5;6;9;10;12"
Root_2444,272.872694,39.523360,7,"1;4;5;6;9;10;12"
Root_2445,111.193974,24.575200,7,"0;4;5;6;9;10;12"
Root_2446,320.827894,44.152960,6,"4;5;6;9;10;12"
Root_2447,69.963584,18.628320,9,"0;1;2;3;5;6;9;10;12"
Root_2448,270.965334,38.906080,8,"1;2;3;5;6;9;10;12"
Root_2449,111.755734,23.957920,8,"0;2;3;5;6;9;10;12"
Root_2450,318.920534,43.535680,7,"2;3;5;6;9;10;12"
Root_2451,71.419104,19.554240,8,"0;1;3;5;6;9;10;12"
Root_2452,277.976374,39.832000,7,"1;3;5;6;9;10;12"
Root_2453,115.063094,24.883840,7,"0;3;5;6;9;10;12"
Root_2454,325.931574,44.461600,6,"3;5;6;9;10;12"
Root_2455,76.774592,20.541888,8,"0;1;2;5;6;9;10;12"
Root_2456,287.028150,40.819648,7,"1;2;5;6;9;10;12"
Root_2457,120.164278,25.871488,7,"0;2;5;6;9;10;12"
Root_2458,334.983350,45.449248,6,"2;5;6;9;10;12"
Root_2459,78.923830,21.467808,7,"0;1;5;6;9;10;12"
Root_2460,294.039190,41.745568,6,"1;5;6;9;10;12"
Root_2461,124.269046,26.797408,6,"0;5;6;9;10;12"
Root_2462,341.994390,46.375168,5,"5;6;9;10;12"
Root_2463,72.932736,17.949312,9,"0;1;2;3;4;6;9;10;12"
Root_2464,263.517238,38.227072,8,"1;2;3;4;6;9;10;12"
Root_2465,112.744758,23.278912,8,"0;2;3;4;6;9;10;12"
Root_2466,311.472438,42.856672,7,"2;3;4;6;9;10;12"
Root_2467,74.388256,18.875232,8,"0;1;3;4;6;9;10;12"
Root_2468,270.528278,39.152992,7,"1;3;4;6;9;10;12"
Root_2469,115.126198,24.204832,7,"0;3;4;6;9;10;12"
Root_2470,318.483478,43.782592,6,"3;4;6;9;10;12"
Root_2471,79.743744,19.862880,8,"0;1;2;4;6;9;10;12"
Root_2472,279.580054,40.140640,7,"1;2;4;6;9;10;12"
Root_2473,119.239734,25.192480,7,"0;2;4;6;9;10;12"
Root_2474,327.535254,44.770240,6,"2;4;6;9;10;12"
Root_2475,81.213974,20.788800,7,"0;1;4;6;9;10;12"
Root_2476,286.591094,41.066560,6,"1;4;6;9;10;12"
Root_2477,121.739574,26.118400,6,"0;4;6;9;10;12"
Root_2478,334.546294,45.696160,5,"4;6;9;10;12"
Root_2479,81.167104,20.171520,8,"0;1;2;3;6;9;10;12"
Root_2480,284.683734,40.449280,7,"1;2;3;6;9;10;12"
Root_2481,122.800214,25.501120,7,"0;2;3;6;9;10;12"
Root_2482,332.638934,45.078880,6,"2;3;6;9;10;12"
Root_2483,83.871894,21.097440,7,"0;1;3;6;9;10;12"
Root_2484,291.694774,41.375200,6,"1;3;6;9;10;12"
Root_2485,125.608694,26.427040,6,"0;3;6;9;10;12"
Root_2486,339.649974,46.004800,5,"3;6;9;10;12"
Root_2487,88.973078,22.085088,7,"0;1;2;6;9;10;12"
Root_2488,300.746550,42.362848,6,"1;2;6;9;10;12"
Root_2489,130.709878,27.414688,6,"0;2;6;9;10;12"
Root_2490,348.701750,46.992448,5,"2;6;9;10;12"
Root_2491,92.280438,23.011008,6,"0;1;6;9;10;12"
Root_2492,307.757590,43.288768,5,"1;6;9;10;12"
Root_2493,134.017238,28.340608,5,"0;6;9;10;12"
Root_2494,355.712790,47.918368,4,"6;9;10;12"
Root_2495,79.111709,18.832022,9,"0;1;2;3;4;5;9;10;12"
Root_2496,274.109763,39.109782,8,"1;2;3;4;5;9;10;12"
Root_2497,117.923731,24.161622,8,"0;2;3;4;5;9;10;12"
Root_2498,322.064963,43.739382,7,"2;3;4;5;9;10;12"
Root_2499,80.567229,19.757942,8,"0;1;3;4;5;9;10;12"
Root_2500,281.120803,40.035702,7,"1;3;4;5;9;10;12"
Root_2501,120.305171,25.087542,7,"0;3;4;5;9;10;12"
Root_2502,329.076003,44.665302,6,"3;4;5;9;10;12"
Root_2503,85.922717,20.745590,8,"0;1;2;4;5;9;10;12"
Root_2504,290.172579,41.023350,7,"1;2;4;5;9;10;12"
Root_2505,124.493898,26.075190,7,"0;2;4;5;9;10;12"
Root_2506,338.127779,45.652950,6,"2;4;5;9;10;12"
Root_2507,87.378237,21.671510,7,"0;1;4;5;9;10;12"
Root_2508,297.183619,41.949270,6,"1;4;5;9;10;12"
Root_2509,127.801258,27.001110,6,"0;4;5;9;10;12"
Root_2510,345.138819,46.578870,5,"4;5;9;10;12"
Root_2511,88.228787,21.054230,8,"0;1;2;3;5;9;10;12"
Root_2512,295.276259,41.331990,7,"1;2;3;5;9;10;12"
Root_2513,128.363018,26.383830,7,"0;2;3;5;9;10;12"
Root_2514,343.231459,45.961590,6,"2;3;5;9;10;12"
Root_2515,90.610227,21.980150,7,"0;1;3;5;9;10;12"
Root_2516,302.287299,42.257910,6,"1;3;5;9;10;12"
Root_2517,131.670378,27.309750,6,"0;3;5;9;10;12"
Root_2518,350.242499,46.887510,5,"3;5;9;10;12"
Root_2519,95.034762,22.967798,7,"0;1;2;5;9;10;12"
Root_2520,311.339075,43.245558,6,"1;2;5;9;10;12"
Root_2521,137.068960,28.297398,6,"0;2;5;9;10;12"
Root_2522,359.294275,47.875158,5,"2;5;9;10;12"
Root_2523,98.342122,23.893718,6,"0;1;5;9;10;12"
Root_2524,318.350115,44.171478,5,"1;5;9;10;12"
Root_2525,141.748877,29.223318,5,"0;5;9;10;12"
Root_2526,366.305315,48.801078,4,"5;9;10;12"
Root_2527,90.518931,20.375222,8,"0;1;2;3;4;9;10;12"
Root_2528,287.828163,40.652982,7,"1;2;3;4;9;10;12"
Root_2529,127.221309,25.704822,7,"0;2;3;4;9;10;12"
Root_2530,335.783363,45.282582,6,"2;3;4;9;10;12"
Root_2531,92.900371,21.301142,7,"0;1;3;4;9;10;12"
Root_2532,294.839203,41.578902,6,"1;3;4;9;10;12"
Root_2533,129.307571,26.630742,6,"0;3;4;9;10;12"
Root_2534,342.794403,46.208502,5,"3;4;9;10;12"
Root_2535,97.013907,22.288790,7,"0;1;2;4;9;10;12"
Root_2536,303.890979,42.566550,6,"1;2;4;9;10;12"
Root_2537,133.421107,27.618390,6,"0;2;4;9;10;12"
Root_2538,351.846179,47.196150,5,"2;4;9;10;12"
Root_2539,99.395347,23.214710,6,"0;1;4;9;10;12"
Root_2540,310.902019,43.492470,5,"1;4;9;10;12"
Root_2541,136.346858,28.544310,5,"0;4;9;10;12"
Root_2542,358.857219,48.122070,4,"4;9;10;12"
Root_2543,100.574387,22.597430,7,"0;1;2;3;9;10;12"
Root_2544,308.994659,42.875190,6,"1;2;3;9;10;12"
Root_2545,136.981587,27.927030,6,"0;2;3;9;10;12"
Root_2546,356.949859,47.504790,5,"2;3;9;10;12"
Root_2547,102.955827,23.523350,6,"0;1;3;9;10;12"
Root_2548,316.005699,43.801110,5,"1;3;9;10;12"
Root_2549,140.215978,28.852950,5,"0;3;9;10;12"
Root_2550,363.960899,48.430710,4,"3;9;10;12"
Root_2551,107.069363,24.510998,6,"0;1;2;9;10;12"
Root_2552,325.057475,44.788758,5,"1;2;9;10;12"
Root_2553,147.838957,29.840598,5,"0;2;9;10;12"
Root_2554,373.012675,49.418358,4,"2;9;10;12"
Root_2555,109.450803,25.436918,5,"0;1;9;10;12"
Root_2556,332.068515,45.714678,4,"1;9;10;12"
Root_2557,153.924077,30.766518,4,"0;9;10;12"
Root_2558,380.023715,50.344278,3,"9;10;12"
Root_2559,29.033152,11.344416,11,"0;1;2;3;4;5;6;7;8;10;12"
Root_2560,193.158486,31.622176,10,"1;2;3;4;5;6;7;8;10;12"
Root_2561,57.839072,16.674016,10,"0;2;3;4;5;6;7;8;10;12"
Root_2562,241.113686,36.251776,9,"2;3;4;5;6;7;8;10;12"
Root_2563,31.440576,12.270336,10,"0;1;3;4;5;6;7;8;10;12"
Root_2564,200.169526,32.548096,9,"1;3;4;5;6;7;8;10;12"
Root_2565,58.698208,17.599936,9,"0;3;4;5;6;7;8;10;12"
Root_2566,248.124726,37.177696,8,"3;4;5;6;7;8;10;12"
Root_2567,37.271328,13.257984,10,"0;1;2;4;5;6;7;8;10;12"
Root_2568,209.221302,33.535744,9,"1;2;4;5;6;7;8;10;12"
Root_2569,65.236512,18.587584,9,"0;2;4;5;6;7;8;10;12"
Root_2570,257.176502,38.165344,8,"2;4;5;6;7;8;10;12"
Root_2571,38.691104,14.183904,9,"0;1;4;5;6;7;8;10;12"
Root_2572,216.232342,34.461664,8,"1;4;5;6;7;8;10;12"
Root_2573,66.204288,19.513504,8,"0;4;5;6;7;8;10;12"
Root_2574,264.187542,39.091264,7,"4;5;6;7;8;10;12"
Root_2575,34.905888,13.566624,10,"0;1;2;3;5;6;7;8;10;12"
Root_2576,214.324982,33.844384,9,"1;2;3;5;6;7;8;10;12"
Root_2577,65.075936,18.896224,9,"0;2;3;5;6;7;8;10;12"
Root_2578,262.280182,38.473984,8,"2;3;5;6;7;8;10;12"
Root_2579,36.017024,14.492544,9,"0;1;3;5;6;7;8;10;12"
Root_2580,221.336022,34.770304,8,"1;3;5;6;7;8;10;12"
Root_2581,67.278272,19.822144,8,"0;3;5;6;7;8;10;12"
Root_2582,269.291222,39.399904,7,"3;5;6;7;8;10;12"
Root_2583,42.179968,15.480192,9,"0;1;2;5;6;7;8;10;12"
Root_2584,230.387798,35.757952,8,"1;2;5;6;7;8;10;12"
Root_2585,73.427510,20.809792,8,"0;2;5;6;7;8;10;12"
Root_2586,278.342998,40.387552,7,"2;5;6;7;8;10;12"
Root_2587,40.857728,16.406112,8,"0;1;5;6;7;8;10;12"
Root_2588,237.398838,36.683872,7,"1;5;6;7;8;10;12"
Root_2589,76.734870,21.735712,7,"0;5;6;7;8;10;12"
Root_2590,285.354038,41.313472,6,"5;6;7;8;10;12"
Root_2591,35.419488,12.887616,10,"0;1;2;3;4;6;7;8;10;12"
Root_2592,206.876886,33.165376,9,"1;2;3;4;6;7;8;10;12"
Root_2593,68.045088,18.217216,9,"0;2;3;4;6;7;8;10;12"
Root_2594,254.832086,37.794976,8,"2;3;4;6;7;8;10;12"
Root_2595,37.836736,13.813536,9,"0;1;3;4;6;7;8;10;12"
Root_2596,213.887926,34.091296,8,"1;3;4;6;7;8;10;12"
Root_2597,69.568416,19.143136,8,"0;3;4;6;7;8;10;12"
Root_2598,261.843126,38.720896,7,"3;4;6;7;8;10;12"
Root_2599,44.987328,14.801184,9,"0;1;2;4;6;7;8;10;12"
Root_2600,222.939702,35.078944,8,"1;2;4;6;7;8;10;12"
Root_2601,75.681952,20.130784,8,"0;2;4;6;7;8;10;12"
Root_2602,270.894902,39.708544,7,"2;4;6;7;8;10;12"
Root_2603,44.863904,15.727104,8,"0;1;4;6;7;8;10;12"
Root_2604,229.950742,36.004864,7,"1;4;6;7;8;10;12"
Root_2605,78.346006,21.056704,7,"0;4;6;7;8;10;12"
Root_2606,277.905942,40.634464,6,"4;6;7;8;10;12"
Root_2607,42.621888,15.109824,9,"0;1;2;3;6;7;8;10;12"
Root_2608,228.043382,35.387584,8,"1;2;3;6;7;8;10;12"
Root_2609,77.681856,20.439424,8,"0;2;3;6;7;8;10;12"
Root_2610,275.998582,40.017184,7,"2;3;6;7;8;10;12"
Root_2611,42.225568,16.035744,8,"0;1;3;6;7;8;10;12"
Root_2612,235.054422,36.313504,7,"1;3;6;7;8;10;12"
Root_2613,81.580470,21.365344,7,"0;3;6;7;8;10;12"
Root_2614,283.009622,40.943104,6,"3;6;7;8;10;12"
Root_2615,48.376160,17.023392,8,"0;1;2;6;7;8;10;12"
Root_2616,244.106198,37.301152,7,"1;2;6;7;8;10;12"
Root_2617,87.669302,22.352992,7,"0;2;6;7;8;10;12"
Root_2618,292.061398,41.930752,6,"2;6;7;8;10;12"
Root_2619,48.658752,17.949312,7,"0;1;6;7;8;10;12"
Root_2620,251.117238,38.227072,6,"1;6;7;8;10;12"
Root_2621,91.902582,23.278912,6,"0;6;7;8;10;12"
Root_2622,299.072438,42.856672,5,"6;7;8;10;12"
Root_2623,40.416934,13.770326,10,"0;1;2;3;4;5;7;8;10;12"
Root_2624,217.469411,34.048086,9,"1;2;3;4;5;7;8;10;12"
Root_2625,74.248659,19.099926,9,"0;2;3;4;5;7;8;10;12"
Root_2626,265.424611,38.677686,8,"2;3;4;5;7;8;10;12"
Root_2627,42.250288,14.696246,9,"0;1;3;4;5;7;8;10;12"
Root_2628,224.480451,34.974006,8,"1;3;4;5;7;8;10;12"
Root_2629,76.655946,20.025846,8,"0;3;4;5;7;8;10;12"
Root_2630,272.435651,39.603606,7,"3;4;5;7;8;10;12"
Root_2631,49.400880,15.683894,9,"0;1;2;4;5;7;8;10;12"
Root_2632,233.532227,35.961654,8,"1;2;4;5;7;8;10;12"
Root_2633,82.743635,21.013494,8,"0;2;4;5;7;8;10;12"
Root_2634,281.487427,40.591254,7,"2;4;5;7;8;10;12"
Root_2635,49.004560,16.609814,8,"0;1;4;5;7;8;10;12"
Root_2636,240.543267,36.887574,7,"1;4;5;7;8;10;12"
Root_2637,85.125075,21.939414,7,"0;4;5;7;8;10;12"
Root_2638,288.498467,41.517174,6,"4;5;7;8;10;12"
Root_2639,47.035440,15.992534,9,"0;1;2;3;5;7;8;10;12"
Root_2640,238.635907,36.270294,8,"1;2;3;5;7;8;10;12"
Root_2641,85.626250,21.322134,8,"0;2;3;5;7;8;10;12"
Root_2642,286.591107,40.899894,7,"2;3;5;7;8;10;12"
Root_2643,46.639120,16.918454,8,"0;1;3;5;7;8;10;12"
Root_2644,245.646947,37.196214,7,"1;3;5;7;8;10;12"
Root_2645,88.933610,22.248054,7,"0;3;5;7;8;10;12"
Root_2646,293.602147,41.825814,6,"3;5;7;8;10;12"
Root_2647,53.425414,17.906102,8,"0;1;2;5;7;8;10;12"
Root_2648,254.698723,38.183862,7,"1;2;5;7;8;10;12"
Root_2649,94.613696,23.235702,7,"0;2;5;7;8;10;12"
Root_2650,302.653923,42.813462,6,"2;5;7;8;10;12"
Root_2651,53.955014,18.832022,7,"0;1;5;7;8;10;12"
Root_2652,261.709763,39.109782,6,"1;5;7;8;10;12"
Root_2653,98.846976,24.161622,6,"0;5;7;8;10;12"
Root_2654,309.664963,43.739382,5,"5;7;8;10;12"
Root_2655,49.676134,15.313526,9,"0;1;2;3;4;7;8;10;12"
Root_2656,231.187811,35.591286,8,"1;2;3;4;7;8;10;12"
Root_2657,87.237386,20.643126,8,"0;2;3;4;7;8;10;12"
Root_2658,279.143011,40.220886,7,"2;3;4;7;8;10;12"
Root_2659,50.205734,16.239446,8,"0;1;3;4;7;8;10;12"
Root_2660,238.198851,36.517206,7,"1;3;4;7;8;10;12"
Root_2661,90.544746,21.569046,7,"0;3;4;7;8;10;12"
Root_2662,286.154051,41.146806,6,"3;4;7;8;10;12"
Root_2663,57.116880,17.227094,8,"0;1;2;4;7;8;10;12"
Root_2664,247.250627,37.504854,7,"1;2;4;7;8;10;12"
Root_2665,95.645930,22.556694,7,"0;2;4;7;8;10;12"
Root_2666,295.205827,42.134454,6,"2;4;7;8;10;12"
Root_2667,57.603174,18.153014,7,"0;1;4;7;8;10;12"
Root_2668,254.261667,38.430774,6,"1;4;7;8;10;12"
Root_2669,98.953290,23.482614,6,"0;4;7;8;10;12"
Root_2670,302.216867,43.060374,5,"4;7;8;10;12"
Root_2671,55.552509,17.535734,8,"0;1;2;3;7;8;10;12"
Root_2672,252.354307,37.813494,7,"1;2;3;7;8;10;12"
Root_2673,99.515050,22.865334,7,"0;2;3;7;8;10;12"
Root_2674,300.309507,42.443094,6,"2;3;7;8;10;12"
Root_2675,57.008029,18.461654,7,"0;1;3;7;8;10;12"
Root_2676,259.365347,38.739414,6,"1;3;7;8;10;12"
Root_2677,102.822410,23.791254,6,"0;3;7;8;10;12"
Root_2678,307.320547,43.369014,5,"3;7;8;10;12"
Root_2679,63.058589,19.449302,7,"0;1;2;7;8;10;12"
Root_2680,268.417123,39.727062,6,"1;2;7;8;10;12"
Root_2681,107.923594,24.778902,6,"0;2;7;8;10;12"
Root_2682,316.372323,44.356662,5,"2;7;8;10;12"
Root_2683,65.494154,20.375222,6,"0;1;7;8;10;12"
Root_2684,275.428163,40.652982,5,"1;7;8;10;12"
Root_2685,111.230954,25.704822,5,"0;7;8;10;12"
Root_2686,323.383363,45.282582,4,"7;8;10;12"
Root_2687,44.009504,14.369088,10,"0;1;2;3;4;5;6;8;10;12"
Root_2688,222.554550,34.646848,9,"1;2;3;4;5;6;8;10;12"
Root_2689,78.415392,19.698688,9,"0;2;3;4;5;6;8;10;12"
Root_2690,270.509750,39.276448,8,"2;3;4;5;6;8;10;12"
Root_2691,45.244096,15.295008,9,"0;1;3;4;5;6;8;10;12"
Root_2692,229.565590,35.572768,8,"1;3;4;5;6;8;10;12"
Root_2693,80.495520,20.624608,8,"0;3;4;5;6;8;10;12"
Root_2694,277.520790,40.202368,7,"3;4;5;6;8;10;12"
Root_2695,52.394688,16.282656,9,"0;1;2;4;5;6;8;10;12"
Root_2696,238.617366,36.560416,8,"1;2;4;5;6;8;10;12"
Root_2697,85.834966,21.612256,8,"0;2;4;5;6;8;10;12"
Root_2698,286.572566,41.190016,7,"2;4;5;6;8;10;12"
Root_2699,51.998368,17.208576,8,"0;1;4;5;6;8;10;12"
Root_2700,245.628406,37.486336,7,"1;4;5;6;8;10;12"
Root_2701,88.754582,22.538176,7,"0;4;5;6;8;10;12"
Root_2702,293.583606,42.115936,6,"4;5;6;8;10;12"
Root_2703,50.029248,16.591296,9,"0;1;2;3;5;6;8;10;12"
Root_2704,243.721046,36.869056,8,"1;2;3;5;6;8;10;12"
Root_2705,89.316342,21.920896,8,"0;2;3;5;6;8;10;12"
Root_2706,291.676246,41.498656,7,"2;3;5;6;8;10;12"
Root_2707,50.396960,17.517216,8,"0;1;3;5;6;8;10;12"
Root_2708,250.732086,37.794976,7,"1;3;5;6;8;10;12"
Root_2709,92.813718,22.846816,7,"0;3;5;6;8;10;12"
Root_2710,298.687286,42.424576,6,"3;5;6;8;10;12"
Root_2711,57.017984,18.504864,8,"0;1;2;5;6;8;10;12"
Root_2712,259.783862,38.782624,7,"1;2;5;6;8;10;12"
Root_2713,98.902550,23.834464,7,"0;2;5;6;8;10;12"
Root_2714,307.739062,43.412224,6,"2;5;6;8;10;12"
Root_2715,57.547584,19.430784,7,"0;1;5;6;8;10;12"
Root_2716,266.794902,39.708544,6,"1;5;6;8;10;12"
Root_2717,103.135830,24.760384,6,"0;5;6;8;10;12"
Root_2718,314.750102,44.338144,5,"5;6;8;10;12"
Root_2719,53.268704,15.912288,9,"0;1;2;3;4;6;8;10;12"
Root_2720,236.272950,36.190048,8,"1;2;3;4;6;8;10;12"
Root_2721,90.927478,21.241888,8,"0;2;3;4;6;8;10;12"
Root_2722,284.228150,40.819648,7,"2;3;4;6;8;10;12"
Root_2723,53.798304,16.838208,8,"0;1;3;4;6;8;10;12"
Root_2724,243.283990,37.115968,7,"1;3;4;6;8;10;12"
Root_2725,94.234838,22.167808,7,"0;3;4;6;8;10;12"
Root_2726,291.239190,41.745568,6,"3;4;6;8;10;12"
Root_2727,60.666144,17.825856,8,"0;1;2;4;6;8;10;12"
Root_2728,252.335766,38.103616,7,"1;2;4;6;8;10;12"
Root_2729,99.336022,23.155456,7,"0;2;4;6;8;10;12"
Root_2730,300.290966,42.733216,6,"2;4;6;8;10;12"
Root_2731,61.195744,18.751776,7,"0;1;4;6;8;10;12"
Root_2732,259.346806,39.029536,6,"1;4;6;8;10;12"
Root_2733,102.643382,24.081376,6,"0;4;6;8;10;12"
Root_2734,307.302006,43.659136,5,"4;6;8;10;12"
Root_2735,59.743840,18.134496,8,"0;1;2;3;6;8;10;12"
Root_2736,257.439446,38.412256,7,"1;2;3;6;8;10;12"
Root_2737,103.205142,23.464096,7,"0;2;3;6;8;10;12"
Root_2738,305.394646,43.041856,6,"2;3;6;8;10;12"
Root_2739,61.199360,19.060416,7,"0;1;3;6;8;10;12"
Root_2740,264.450486,39.338176,6,"1;3;6;8;10;12"
Root_2741,106.512502,24.390016,6,"0;3;6;8;10;12"
Root_2742,312.405686,43.967776,5,"3;6;8;10;12"
Root_2743,66.602912,20.048064,7,"0;1;2;6;8;10;12"
Root_2744,273.502262,40.325824,6,"1;2;6;8;10;12"
Root_2745,111.613686,25.377664,6,"0;2;6;8;10;12"
Root_2746,321.457462,44.955424,5,"2;6;8;10;12"
Root_2747,69.184246,20.973984,6,"0;1;6;8;10;12"
Root_2748,280.513302,41.251744,5,"1;6;8;10;12"
Root_2749,114.921046,26.303584,5,"0;6;8;10;12"
Root_2750,328.468502,45.881344,4,"6;8;10;12"
Root_2751,58.564966,16.794998,9,"0;1;2;3;4;5;8;10;12"
Root_2752,246.865475,37.072758,8,"1;2;3;4;5;8;10;12"
Root_2753,97.521363,22.124598,8,"0;2;3;4;5;8;10;12"
Root_2754,294.820675,41.702358,7,"2;3;4;5;8;10;12"
Root_2755,59.545085,17.720918,8,"0;1;3;4;5;8;10;12"
Root_2756,253.876515,37.998678,7,"1;3;4;5;8;10;12"
Root_2757,100.296522,23.050518,7,"0;3;4;5;8;10;12"
Root_2758,301.831715,42.628278,6,"3;4;5;8;10;12"
Root_2759,65.962406,18.708566,8,"0;1;2;4;5;8;10;12"
Root_2760,262.928291,38.986326,7,"1;2;4;5;8;10;12"
Root_2761,105.397706,24.038166,7,"0;2;4;5;8;10;12"
Root_2762,310.883491,43.615926,6,"2;4;5;8;10;12"
Root_2763,66.492006,19.634486,7,"0;1;4;5;8;10;12"
Root_2764,269.939331,39.912246,6,"1;4;5;8;10;12"
Root_2765,108.705066,24.964086,6,"0;4;5;8;10;12"
Root_2766,317.894531,44.541846,5,"4;5;8;10;12"
Root_2767,65.922813,19.017206,8,"0;1;2;3;5;8;10;12"
Root_2768,268.031971,39.294966,7,"1;2;3;5;8;10;12"
Root_2769,109.266826,24.346806,7,"0;2;3;5;8;10;12"
Root_2770,315.987171,43.924566,6,"2;3;5;8;10;12"
Root_2771,67.551059,19.943126,7,"0;1;3;5;8;10;12"
Root_2772,275.043011,40.220886,6,"1;3;5;8;10;12"
Root_2773,112.574186,25.272726,6,"0;3;5;8;10;12"
Root_2774,322.998211,44.850486,5,"3;5;8;10;12"
Root_2775,73.664595,20.930774,7,"0;1;2;5;8;10;12"
Root_2776,284.094787,41.208534,6,"1;2;5;8;10;12"
Root_2777,117.675370,26.260374,6,"0;2;5;8;10;12"
Root_2778,332.049987,45.838134,5,"2;5;8;10;12"
Root_2779,76.046035,21.856694,6,"0;1;5;8;10;12"
Root_2780,291.105827,42.134454,5,"1;5;8;10;12"
Root_2781,120.982730,27.186294,5,"0;5;8;10;12"
Root_2782,339.061027,46.764054,4,"5;8;10;12"
Root_2783,68.891965,18.338198,8,"0;1;2;3;4;8;10;12"
Root_2784,260.583875,38.615958,7,"1;2;3;4;8;10;12"
Root_2785,109.866963,23.667798,7,"0;2;3;4;8;10;12"
Root_2786,308.539075,43.245558,6,"2;3;4;8;10;12"
Root_2787,70.347485,19.264118,7,"0;1;3;4;8;10;12"
Root_2788,267.594915,39.541878,6,"1;3;4;8;10;12"
Root_2789,112.248403,24.593718,6,"0;3;4;8;10;12"
Root_2790,315.550115,44.171478,5,"3;4;8;10;12"
Root_2791,75.954739,20.251766,7,"0;1;2;4;8;10;12"
Root_2792,276.646691,40.529526,6,"1;2;4;8;10;12"
Root_2793,116.361939,25.581366,6,"0;2;4;8;10;12"
Root_2794,324.601891,45.159126,5,"2;4;8;10;12"
Root_2795,78.336179,21.177686,6,"0;1;4;8;10;12"
Root_2796,283.657731,41.455446,5,"1;4;8;10;12"
Root_2797,118.743379,26.507286,5,"0;4;8;10;12"
Root_2798,331.612931,46.085046,4,"4;8;10;12"
Root_2799,78.075626,20.560406,7,"0;1;2;3;8;10;12"
Root_2800,281.750371,40.838166,6,"1;2;3;8;10;12"
Root_2801,119.922419,25.890006,6,"0;2;3;8;10;12"
Root_2802,329.705571,45.467766,5,"2;3;8;10;12"
Root_2803,81.382986,21.486326,6,"0;1;3;8;10;12"
Root_2804,288.761411,41.764086,5,"1;3;8;10;12"
Root_2805,122.303859,26.815926,5,"0;3;8;10;12"
Root_2806,336.716611,46.393686,4,"3;8;10;12"
Root_2807,86.484170,22.473974,6,"0;1;2;8;10;12"
Root_2808,297.813187,42.751734,5,"1;2;8;10;12"
Root_2809,126.417395,27.803574,5,"0;2;8;10;12"
Root_2810,345.768387,47.381334,4,"2;8;10;12"
Root_2811,89.791530,23.399894,5,"0;1;8;10;12"
Root_2812,304.824227,43.677654,4,"1;8;10;12"
Root_2813,129.528330,28.729494,4,"0;8;10;12"
Root_2814,352.779427,48.307254,3,"8;10;12"
Root_2815,53.639072,15.974016,10,"0;1;2;3;4;5;6;7;10;12"
Root_2816,244.613686,36.251776,9,"1;2;3;4;5;6;7;10;12"
Root_2817,89.678102,21.303616,9,"0;2;3;4;5;6;7;10;12"
Root_2818,292.568886,40.881376,8,"2;3;4;5;6;7;10;12"
Root_2819,54.168672,16.899936,9,"0;1;3;4;5;6;7;10;12"
Root_2820,251.624726,37.177696,8,"1;3;4;5;6;7;10;12"
Root_2821,92.985462,22.229536,8,"0;3;4;5;6;7;10;12"
Root_2822,299.579926,41.807296,7,"3;4;5;6;7;10;12"
Root_2823,60.419328,17.887584,9,"0;1;2;4;5;6;7;10;12"
Root_2824,260.676502,38.165344,8,"1;2;4;5;6;7;10;12"
Root_2825,98.647030,23.217184,8,"0;2;4;5;6;7;10;12"
Root_2826,308.631702,42.794944,7,"2;4;5;6;7;10;12"
Root_2827,60.023008,18.813504,8,"0;1;4;5;6;7;10;12"
Root_2828,267.687542,39.091264,7,"1;4;5;6;7;10;12"
Root_2829,102.880310,24.143104,7,"0;4;5;6;7;10;12"
Root_2830,315.642742,43.720864,6,"4;5;6;7;10;12"
Root_2831,59.250112,18.196224,9,"0;1;2;3;5;6;7;10;12"
Root_2832,265.780182,38.473984,8,"1;2;3;5;6;7;10;12"
Root_2833,102.824790,23.525824,8,"0;2;3;5;6;7;10;12"
Root_2834,313.735382,43.103584,7,"2;3;5;6;7;10;12"
Root_2835,59.826528,19.122144,8,"0;1;3;5;6;7;10;12"
Root_2836,272.791222,39.399904,7,"1;3;5;6;7;10;12"
Root_2837,107.058070,24.451744,7,"0;3;5;6;7;10;12"
Root_2838,320.746422,44.029504,6,"3;5;6;7;10;12"
Root_2839,65.291808,20.109792,8,"0;1;2;5;6;7;10;12"
Root_2840,281.842998,40.387552,7,"1;2;5;6;7;10;12"
Root_2841,113.146902,25.439392,7,"0;2;5;6;7;10;12"
Root_2842,329.798198,45.017152,6,"2;5;6;7;10;12"
Root_2843,67.934870,21.035712,7,"0;1;5;6;7;10;12"
Root_2844,288.854038,41.313472,6,"1;5;6;7;10;12"
Root_2845,117.745494,26.365312,6,"0;5;6;7;10;12"
Root_2846,336.809238,45.943072,5,"5;6;7;10;12"
Root_2847,62.898272,17.517216,9,"0;1;2;3;4;6;7;10;12"
Root_2848,258.332086,37.794976,8,"1;2;3;4;6;7;10;12"
Root_2849,103.566902,22.846816,8,"0;2;3;4;6;7;10;12"
Root_2850,306.287286,42.424576,7,"2;3;4;6;7;10;12"
Root_2851,63.427872,18.443136,8,"0;1;3;4;6;7;10;12"
Root_2852,265.343126,38.720896,7,"1;3;4;6;7;10;12"
Root_2853,106.874262,23.772736,7,"0;3;4;6;7;10;12"
Root_2854,313.298326,43.350496,6,"3;4;6;7;10;12"
Root_2855,68.490784,19.430784,8,"0;1;2;4;6;7;10;12"
Root_2856,274.394902,39.708544,7,"1;2;4;6;7;10;12"
Root_2857,111.975446,24.760384,7,"0;2;4;6;7;10;12"
Root_2858,322.350102,44.338144,6,"2;4;6;7;10;12"
Root_2859,69.963392,20.356704,7,"0;1;4;6;7;10;12"
Root_2860,281.405942,40.634464,6,"1;4;6;7;10;12"
Root_2861,115.282806,25.686304,6,"0;4;6;7;10;12"
Root_2862,329.361142,45.264064,5,"4;6;7;10;12"
Root_2863,69.173408,19.739424,8,"0;1;2;3;6;7;10;12"
Root_2864,279.498582,40.017184,7,"1;2;3;6;7;10;12"
Root_2865,115.844566,25.069024,7,"0;2;3;6;7;10;12"
Root_2866,327.453782,44.646784,6,"2;3;6;7;10;12"
Root_2867,72.189216,20.665344,7,"0;1;3;6;7;10;12"
Root_2868,286.509622,40.943104,6,"1;3;6;7;10;12"
Root_2869,119.151926,25.994944,6,"0;3;6;7;10;12"
Root_2870,334.464822,45.572704,5,"3;6;7;10;12"
Root_2871,78.516310,21.652992,7,"0;1;2;6;7;10;12"
Root_2872,295.561398,41.930752,6,"1;2;6;7;10;12"
Root_2873,125.235702,26.982592,6,"0;2;6;7;10;12"
Root_2874,343.516598,46.560352,5,"2;6;7;10;12"
Root_2875,82.402582,22.578912,6,"0;1;6;7;10;12"
Root_2876,302.572438,42.856672,5,"1;6;7;10;12"
Root_2877,129.468982,27.908512,5,"0;6;7;10;12"
Root_2878,350.527638,47.486272,4,"6;7;10;12"
Root_2879,68.194534,18.399926,9,"0;1;2;3;4;5;7;10;12"
Root_2880,268.924611,38.677686,8,"1;2;3;4;5;7;10;12"
Root_2881,109.628586,23.729526,8,"0;2;3;4;5;7;10;12"
Root_2882,316.879811,43.307286,7,"2;3;4;5;7;10;12"
Root_2883,68.974653,19.325846,8,"0;1;3;4;5;7;10;12"
Root_2884,275.935651,39.603606,7,"1;3;4;5;7;10;12"
Root_2885,112.935946,24.655446,7,"0;3;4;5;7;10;12"
Root_2886,323.890851,44.233206,6,"3;4;5;7;10;12"
Root_2887,74.643635,20.313494,8,"0;1;2;4;5;7;10;12"
Root_2888,284.987427,40.591254,7,"1;2;4;5;7;10;12"
Root_2889,118.037130,25.643094,7,"0;2;4;5;7;10;12"
Root_2890,332.942627,45.220854,6,"2;4;5;7;10;12"
Root_2891,77.025075,21.239414,7,"0;1;4;5;7;10;12"
Root_2892,291.998467,41.517174,6,"1;4;5;7;10;12"
Root_2893,121.913504,26.569014,6,"0;4;5;7;10;12"
Root_2894,339.953667,46.146774,5,"4;5;7;10;12"
Root_2895,76.826250,20.622134,8,"0;1;2;3;5;7;10;12"
Root_2896,290.091107,40.899894,7,"1;2;3;5;7;10;12"
Root_2897,121.906250,25.951734,7,"0;2;3;5;7;10;12"
Root_2898,338.046307,45.529494,6,"2;3;5;7;10;12"
Root_2899,80.133610,21.548054,7,"0;1;3;5;7;10;12"
Root_2900,297.102147,41.825814,6,"1;3;5;7;10;12"
Root_2901,126.091264,26.877654,6,"0;3;5;7;10;12"
Root_2902,345.057347,46.455414,5,"3;5;7;10;12"
Root_2903,85.234794,22.535702,7,"0;1;2;5;7;10;12"
Root_2904,306.153923,42.813462,6,"1;2;5;7;10;12"
Root_2905,132.180096,27.865302,6,"0;2;5;7;10;12"
Root_2906,354.109123,47.443062,5,"2;5;7;10;12"
Root_2907,89.346976,23.461622,6,"0;1;5;7;10;12"
Root_2908,313.164963,43.739382,5,"1;5;7;10;12"
Root_2909,137.204598,28.791222,5,"0;5;7;10;12"
Root_2910,361.120163,48.368982,4,"5;7;10;12"
Root_2911,78.494259,19.943126,8,"0;1;2;3;4;7;10;12"
Root_2912,282.643011,40.220886,7,"1;2;3;4;7;10;12"
Root_2913,120.901459,25.272726,7,"0;2;3;4;7;10;12"
Root_2914,330.598211,44.850486,6,"2;3;4;7;10;12"
Root_2915,81.744746,20.869046,7,"0;1;3;4;7;10;12"
Root_2916,289.654051,41.146806,6,"1;3;4;7;10;12"
Root_2917,123.481546,26.198646,6,"0;3;4;7;10;12"
Root_2918,337.609251,45.776406,5,"3;4;7;10;12"
Root_2919,86.989235,21.856694,7,"0;1;2;4;7;10;12"
Root_2920,298.705827,42.134454,6,"1;2;4;7;10;12"
Root_2921,128.582730,27.186294,6,"0;2;4;7;10;12"
Root_2922,346.661027,46.764054,5,"2;4;7;10;12"
Root_2923,90.153290,22.782614,6,"0;1;4;7;10;12"
Root_2924,305.716867,43.060374,5,"1;4;7;10;12"
Root_2925,132.002304,28.112214,5,"0;4;7;10;12"
Root_2926,353.672067,47.689974,4,"4;7;10;12"
Root_2927,90.715050,22.165334,7,"0;1;2;3;7;10;12"
Root_2928,303.809507,42.443094,6,"1;2;3;7;10;12"
Root_2929,132.451850,27.494934,6,"0;2;3;7;10;12"
Root_2930,351.764707,47.072694,5,"2;3;7;10;12"
Root_2931,94.022410,23.091254,6,"0;1;3;7;10;12"
Root_2932,310.820547,43.369014,5,"1;3;7;10;12"
Root_2933,136.180064,28.420854,5,"0;3;7;10;12"
Root_2934,358.775747,47.998614,4,"3;7;10;12"
Root_2935,99.123594,24.078902,6,"0;1;2;7;10;12"
Root_2936,319.872323,44.356662,5,"1;2;7;10;12"
Root_2937,143.085901,29.408502,5,"0;2;7;10;12"
Root_2938,367.827523,48.986262,4,"2;7;10;12"
Root_2939,102.430954,25.004822,5,"0;1;7;10;12"
Root_2940,326.883363,45.282582,4,"1;7;10;12"
Root_2941,149.171021,30.334422,4,"0;7;10;12"
Root_2942,374.838563,49.912182,3,"7;10;12"
Root_2943,71.787104,18.998688,9,"0;1;2;3;4;5;6;10;12"
Root_2944,274.009750,39.276448,8,"1;2;3;4;5;6;10;12"
Root_2945,113.318678,24.328288,8,"0;2;3;4;5;6;10;12"
Root_2946,321.964950,43.906048,7,"2;3;4;5;6;10;12"
Root_2947,72.470912,19.924608,8,"0;1;3;4;5;6;10;12"
Root_2948,281.020790,40.202368,7,"1;3;4;5;6;10;12"
Root_2949,116.626038,25.254208,7,"0;3;4;5;6;10;12"
Root_2950,328.975990,44.831968,6,"3;4;5;6;10;12"
Root_2951,77.734966,20.912256,8,"0;1;2;4;5;6;10;12"
Root_2952,290.072566,41.190016,7,"1;2;4;5;6;10;12"
Root_2953,121.969078,26.241856,7,"0;2;4;5;6;10;12"
Root_2954,338.027766,45.819616,6,"2;4;5;6;10;12"
Root_2955,80.116406,21.838176,7,"0;1;4;5;6;10;12"
Root_2956,297.083606,42.115936,6,"1;4;5;6;10;12"
Root_2957,126.202358,27.167776,6,"0;4;5;6;10;12"
Root_2958,345.038806,46.745536,5,"4;5;6;10;12"
Root_2959,80.516342,21.220896,8,"0;1;2;3;5;6;10;12"
Root_2960,295.176246,41.498656,7,"1;2;3;5;6;10;12"
Root_2961,126.146838,26.550496,7,"0;2;3;5;6;10;12"
Root_2962,343.131446,46.128256,6,"2;3;5;6;10;12"
Root_2963,83.823702,22.146816,7,"0;1;3;5;6;10;12"
Root_2964,302.187286,42.424576,6,"1;3;5;6;10;12"
Root_2965,130.380118,27.476416,6,"0;3;5;6;10;12"
Root_2966,350.142486,47.054176,5,"3;5;6;10;12"
Root_2967,89.402550,23.134464,7,"0;1;2;5;6;10;12"
Root_2968,311.239062,43.412224,6,"1;2;5;6;10;12"
Root_2969,136.468950,28.464064,6,"0;2;5;6;10;12"
Root_2970,359.194262,48.041824,5,"2;5;6;10;12"
Root_2971,93.635830,24.060384,6,"0;1;5;6;10;12"
Root_2972,318.250102,44.338144,5,"1;5;6;10;12"
Root_2973,141.482198,29.389984,5,"0;5;6;10;12"
Root_2974,366.205302,48.967744,4,"5;6;10;12"
Root_2975,82.359680,20.541888,8,"0;1;2;3;4;6;10;12"
Root_2976,287.728150,40.819648,7,"1;2;3;4;6;10;12"
Root_2977,123.992790,25.871488,7,"0;2;3;4;6;10;12"
Root_2978,335.683350,45.449248,6,"2;3;4;6;10;12"
Root_2979,85.434838,21.467808,7,"0;1;3;4;6;10;12"
Root_2980,294.739190,41.745568,6,"1;3;4;6;10;12"
Root_2981,127.171638,26.797408,6,"0;3;4;6;10;12"
Root_2982,342.694390,46.375168,5,"3;4;6;10;12"
Root_2983,90.536022,22.455456,7,"0;1;2;4;6;10;12"
Root_2984,303.790966,42.733216,6,"1;2;4;6;10;12"
Root_2985,132.272822,27.785056,6,"0;2;4;6;10;12"
Root_2986,351.746166,47.362816,5,"2;4;6;10;12"
Root_2987,93.843382,23.381376,6,"0;1;4;6;10;12"
Root_2988,310.802006,43.659136,5,"1;4;6;10;12"
Root_2989,135.580182,28.710976,5,"0;4;6;10;12"
Root_2990,358.757206,48.288736,4,"4;6;10;12"
Root_2991,94.405142,22.764096,7,"0;1;2;3;6;10;12"
Root_2992,308.894646,43.041856,6,"1;2;3;6;10;12"
Root_2993,136.141942,28.093696,6,"0;2;3;6;10;12"
Root_2994,356.849846,47.671456,5,"2;3;6;10;12"
Root_2995,97.712502,23.690016,6,"0;1;3;6;10;12"
Root_2996,315.905686,43.967776,5,"1;3;6;10;12"
Root_2997,139.508150,29.019616,5,"0;3;6;10;12"
Root_2998,363.860886,48.597376,4,"3;6;10;12"
Root_2999,102.813686,24.677664,6,"0;1;2;6;10;12"
Root_3000,324.957462,44.955424,5,"1;2;6;10;12"
Root_3001,147.572278,30.007264,5,"0;2;6;10;12"
Root_3002,372.912662,49.585024,4,"2;6;10;12"
Root_3003,106.121046,25.603584,5,"0;1;6;10;12"
Root_3004,331.968502,45.881344,4,"1;6;10;12"
Root_3005,153.657398,30.933184,4,"0;6;10;12"
Root_3006,379.923702,50.510944,3,"6;10;12"
Root_3007,89.421363,21.424598,8,"0;1;2;3;4;5;10;12"
Root_3008,298.320675,41.702358,7,"1;2;3;4;5;10;12"
Root_3009,129.925962,26.754198,7,"0;2;3;4;5;10;12"
Root_3010,346.275875,46.331958,6,"2;3;4;5;10;12"
Root_3011,91.802803,22.350518,7,"0;1;3;4;5;10;12"
Root_3012,305.331715,42.628278,6,"1;3;4;5;10;12"
Root_3013,133.233322,27.680118,6,"0;3;4;5;10;12"
Root_3014,353.286915,47.257878,5,"3;4;5;10;12"
Root_3015,96.597706,23.338166,7,"0;1;2;4;5;10;12"
Root_3016,314.383491,43.615926,6,"1;2;4;5;10;12"
Root_3017,139.002272,28.667766,6,"0;2;4;5;10;12"
Root_3018,362.338691,48.245526,5,"2;4;5;10;12"
Root_3019,99.905066,24.264086,6,"0;1;4;5;10;12"
Root_3020,321.394531,44.541846,5,"1;4;5;10;12"
Root_3021,144.422925,29.593686,5,"0;4;5;10;12"
Root_3022,369.349731,49.171446,4,"4;5;10;12"
Root_3023,100.466826,23.646806,7,"0;1;2;3;5;10;12"
Root_3024,319.487171,43.924566,6,"1;2;3;5;10;12"
Root_3025,143.180032,28.976406,6,"0;2;3;5;10;12"
Root_3026,367.442371,48.554166,5,"2;3;5;10;12"
Root_3027,103.774186,24.572726,6,"0;1;3;5;10;12"
Root_3028,326.498211,44.850486,5,"1;3;5;10;12"
Root_3029,149.217965,29.902326,5,"0;3;5;10;12"
Root_3030,374.453411,49.480086,4,"3;5;10;12"
Root_3031,108.875370,25.560374,6,"0;1;2;5;10;12"
Root_3032,335.549987,45.838134,5,"1;2;5;10;12"
Root_3033,157.282093,30.889974,5,"0;2;5;10;12"
Root_3034,383.505187,50.467734,4,"2;5;10;12"
Root_3035,112.669024,26.486294,5,"0;1;5;10;12"
Root_3036,342.561027,46.764054,4,"1;5;10;12"
Root_3037,163.367213,31.815894,4,"0;5;10;12"
Root_3038,390.516227,51.393654,3,"5;10;12"
Root_3039,101.766963,22.967798,7,"0;1;2;3;4;10;12"
Root_3040,312.039075,43.245558,6,"1;2;3;4;10;12"
Root_3041,138.471562,28.297398,6,"0;2;3;4;10;12"
Root_3042,359.994275,47.875158,5,"2;3;4;10;12"
Root_3043,104.148403,23.893718,6,"0;1;3;4;10;12"
Root_3044,319.050115,44.171478,5,"1;3;4;10;12"
Root_3045,142.448877,29.223318,5,"0;3;4;10;12"
Root_3046,367.005315,48.801078,4,"3;4;10;12"
Root_3047,108.261939,24.881366,6,"0;1;2;4;10;12"
Root_3048,328.101891,45.159126,5,"1;2;4;10;12"
Root_3049,150.513005,30.210966,5,"0;2;4;10;12"
Root_3050,376.057091,49.788726,4,"2;4;10;12"
Root_3051,110.643379,25.807286,5,"0;1;4;10;12"
Root_3052,335.112931,46.085046,4,"1;4;10;12"
Root_3053,156.598125,31.136886,4,"0;4;10;12"
Root_3054,383.068131,50.714646,3,"4;10;12"
Root_3055,111.822419,25.190006,6,"0;1;2;3;10;12"
Root_3056,333.205571,45.467766,5,"1;2;3;10;12"
Root_3057,155.308045,30.519606,5,"0;2;3;10;12"
Root_3058,381.160771,50.097366,4,"2;3;10;12"
Root_3059,114.319786,26.115926,5,"0;1;3;10;12"
Root_3060,340.216611,46.393686,4,"1;3;10;12"
Root_3061,161.393165,31.445526,4,"0;3;10;12"
Root_3062,388.171811,51.023286,3,"3;10;12"
Root_3063,119.420970,27.103574,5,"0;1;2;10;12"
Root_3064,349.268387,47.381334,4,"1;2;10;12"
Root_3065,169.890467,32.433174,4,"0;2;10;12"
Root_3066,397.223587,52.010934,3,"2;10;12"
Root_3067,122.757824,28.029494,4,"0;1;10;12"
Root_3068,356.279427,48.307254,3,"1;10;12"
Root_3069,176.901507,33.359094,3,"0;10;12"
Root_3070,404.234627,52.936854,2,"10;12"
Root_3071,21.862880,8.977760,11,"0;1;2;3;4;5;6;7;8;9;12"
Root_3072,176.658614,29.955520,10,"1;2;3;4;5;6;7;8;9;12"
Root_3073,50.005792,15.007360,10,"0;2;3;4;5;6;7;8;9;12"
Root_3074,224.613814,34.585120,9,"2;3;4;5;6;7;8;9;12"
Root_3075,24.340608,9.903680,10,"0;1;3;4;5;6;7;8;9;12"
Root_3076,183.669654,30.881440,9,"1;3;4;5;6;7;8;9;12"
Root_3077,50.602112,15.933280,9,"0;3;4;5;6;7;8;9;12"
Root_3078,231.624854,35.511040,8,"3;4;5;6;7;8;9;12"
Root_3079,31.104704,11.591328,10,"0;1;2;4;5;6;7;8;9;12"
Root_3080,192.721430,31.869088,9,"1;2;4;5;6;7;8;9;12"
Root_3081,57.752704,16.920928,9,"0;2;4;5;6;7;8;9;12"
Root_3082,240.676630,36.498688,8,"2;4;5;6;7;8;9;12"
Root_3083,34.191136,12.517248,9,"0;1;4;5;6;7;8;9;12"
Root_3084,199.732470,32.795008,8,"1;4;5;6;7;8;9;12"
Root_3085,58.779680,17.846848,8,"0;4;5;6;7;8;9;12"
Root_3086,247.687670,37.424608,7,"4;5;6;7;8;9;12"
Root_3087,27.225728,11.199968,10,"0;1;2;3;5;6;7;8;9;12"
Root_3088,197.825110,32.177728,9,"1;2;3;5;6;7;8;9;12"
Root_3089,55.846400,17.229568,9,"0;2;3;5;6;7;8;9;12"
Root_3090,245.780310,36.807328,8,"2;3;5;6;7;8;9;12"
Root_3091,29.777600,12.125888,9,"0;1;3;5;6;7;8;9;12"
Root_3092,204.836150,33.103648,8,"1;3;5;6;7;8;9;12"
Root_3093,58.187008,18.155488,8,"0;3;5;6;7;8;9;12"
Root_3094,252.791350,37.733248,7,"3;5;6;7;8;9;12"
Root_3095,37.680000,13.813536,9,"0;1;2;5;6;7;8;9;12"
Root_3096,213.887926,34.091296,8,"1;2;5;6;7;8;9;12"
Root_3097,65.225216,19.143136,8,"0;2;5;6;7;8;9;12"
Root_3098,261.843126,38.720896,7,"2;5;6;7;8;9;12"
Root_3099,37.618304,14.739456,8,"0;1;5;6;7;8;9;12"
Root_3100,220.898966,35.017216,7,"1;5;6;7;8;9;12"
Root_3101,67.606656,20.069056,7,"0;5;6;7;8;9;12"
Root_3102,268.854166,39.646816,6,"5;6;7;8;9;12"
Root_3103,26.205984,10.520960,10,"0;1;2;3;4;6;7;8;9;12"
Root_3104,190.377014,31.498720,9,"1;2;3;4;6;7;8;9;12"
Root_3105,59.264992,16.550560,9,"0;2;3;4;6;7;8;9;12"
Root_3106,238.332214,36.128320,8,"2;3;4;6;7;8;9;12"
Root_3107,29.909664,11.446880,9,"0;1;3;4;6;7;8;9;12"
Root_3108,197.388054,32.424640,8,"1;3;4;6;7;8;9;12"
Root_3109,60.477152,17.476480,8,"0;3;4;6;7;8;9;12"
Root_3110,245.343254,37.054240,7,"3;4;6;7;8;9;12"
Root_3111,38.820704,13.134528,9,"0;1;2;4;6;7;8;9;12"
Root_3112,206.439830,33.412288,8,"1;2;4;6;7;8;9;12"
Root_3113,68.126560,18.464128,8,"0;2;4;6;7;8;9;12"
Root_3114,254.395030,38.041888,7,"2;4;6;7;8;9;12"
Root_3115,40.363936,14.060448,8,"0;1;4;6;7;8;9;12"
Root_3116,213.450870,34.338208,7,"1;4;6;7;8;9;12"
Root_3117,69.896800,19.390048,7,"0;4;6;7;8;9;12"
Root_3118,261.406070,38.967808,6,"4;6;7;8;9;12"
Root_3119,33.398528,12.743168,9,"0;1;2;3;6;7;8;9;12"
Root_3120,211.543510,33.720928,8,"1;2;3;6;7;8;9;12"
Root_3121,68.151168,18.772768,8,"0;2;3;6;7;8;9;12"
Root_3122,259.498710,38.350528,7,"2;3;6;7;8;9;12"
Root_3123,34.889856,13.669088,8,"0;1;3;6;7;8;9;12"
Root_3124,218.554550,34.646848,7,"1;3;6;7;8;9;12"
Root_3125,71.155968,19.698688,7,"0;3;6;7;8;9;12"
Root_3126,266.509750,39.276448,6,"3;6;7;8;9;12"
Root_3127,43.852800,15.356736,8,"0;1;2;6;7;8;9;12"
Root_3128,227.606326,35.634496,7,"1;2;6;7;8;9;12"
Root_3129,77.570816,20.686336,7,"0;2;6;7;8;9;12"
Root_3130,275.561526,40.264096,6,"2;6;7;8;9;12"
Root_3131,42.530560,16.282656,7,"0;1;6;7;8;9;12"
Root_3132,234.617366,36.560416,6,"1;6;7;8;9;12"
Root_3133,80.790422,21.612256,6,"0;6;7;8;9;12"
Root_3134,282.572566,41.190016,5,"6;7;8;9;12"
Root_3135,30.166416,11.403670,10,"0;1;2;3;4;5;7;8;9;12"
Root_3136,200.969539,32.381430,9,"1;2;3;4;5;7;8;9;12"
Root_3137,65.157395,17.433270,9,"0;2;3;4;5;7;8;9;12"
Root_3138,248.924739,37.011030,8,"2;3;4;5;7;8;9;12"
Root_3139,33.440506,12.329590,9,"0;1;3;4;5;7;8;9;12"
Root_3140,207.980579,33.307350,8,"1;3;4;5;7;8;9;12"
Root_3141,67.538835,18.359190,8,"0;3;4;5;7;8;9;12"
Root_3142,255.935779,37.936950,7,"3;4;5;7;8;9;12"
Root_3143,43.234256,14.017238,9,"0;1;2;4;5;7;8;9;12"
Root_3144,217.032355,34.294998,8,"1;2;4;5;7;8;9;12"
Root_3145,74.577043,19.346838,8,"0;2;4;5;7;8;9;12"
Root_3146,264.987555,38.924598,7,"2;4;5;7;8;9;12"
Root_3147,43.894778,14.943158,8,"0;1;4;5;7;8;9;12"
Root_3148,224.043395,35.220918,7,"1;4;5;7;8;9;12"
Root_3149,76.958483,20.272758,7,"0;4;5;7;8;9;12"
Root_3150,271.998595,39.850518,6,"4;5;7;8;9;12"
Root_3151,37.368816,13.625878,9,"0;1;2;3;5;7;8;9;12"
Root_3152,222.136035,34.603638,8,"1;2;3;5;7;8;9;12"
Root_3153,75.793002,19.655478,8,"0;2;3;5;7;8;9;12"
Root_3154,270.091235,39.233238,7,"2;3;5;7;8;9;12"
Root_3155,38.420698,14.551798,8,"0;1;3;5;7;8;9;12"
Root_3156,229.147075,35.529558,7,"1;3;5;7;8;9;12"
Root_3157,79.100362,20.581398,7,"0;3;5;7;8;9;12"
Root_3158,277.102275,40.159158,6,"3;5;7;8;9;12"
Root_3159,47.383642,16.239446,8,"0;1;2;5;7;8;9;12"
Root_3160,238.198851,36.517206,7,"1;2;5;7;8;9;12"
Root_3161,84.632499,21.569046,7,"0;2;5;7;8;9;12"
Root_3162,286.154051,41.146806,6,"2;5;7;8;9;12"
Root_3163,46.392134,17.165366,7,"0;1;5;7;8;9;12"
Root_3164,245.209891,37.443126,6,"1;5;7;8;9;12"
Root_3165,87.508906,22.494966,6,"0;5;7;8;9;12"
Root_3166,293.165091,42.072726,5,"5;7;8;9;12"
Root_3167,37.882416,12.946870,9,"0;1;2;3;4;7;8;9;12"
Root_3168,214.687939,33.924630,8,"1;2;3;4;7;8;9;12"
Root_3169,77.502995,18.976470,8,"0;2;3;4;7;8;9;12"
Root_3170,262.643139,38.554230,7,"2;3;4;7;8;9;12"
Root_3171,40.299664,13.872790,8,"0;1;3;4;7;8;9;12"
Root_3172,221.698979,34.850550,7,"1;3;4;7;8;9;12"
Root_3173,80.711498,19.902390,7,"0;3;4;7;8;9;12"
Root_3174,269.654179,39.480150,6,"3;4;7;8;9;12"
Root_3175,50.950256,15.560438,8,"0;1;2;4;7;8;9;12"
Root_3176,230.750755,35.838198,7,"1;2;4;7;8;9;12"
Root_3177,86.922643,20.890038,7,"0;2;4;7;8;9;12"
Root_3178,278.705955,40.467798,6,"2;4;7;8;9;12"
Root_3179,50.553936,16.486358,7,"0;1;4;7;8;9;12"
Root_3180,237.761795,36.764118,6,"1;4;7;8;9;12"
Root_3181,89.304083,21.815958,6,"0;4;7;8;9;12"
Root_3182,285.716995,41.393718,5,"4;7;8;9;12"
Root_3183,45.084816,15.169078,8,"0;1;2;3;7;8;9;12"
Root_3184,235.854435,36.146838,7,"1;2;3;7;8;9;12"
Root_3185,89.681802,21.198678,7,"0;2;3;7;8;9;12"
Root_3186,283.809635,40.776438,6,"2;3;7;8;9;12"
Root_3187,44.688496,16.094998,7,"0;1;3;7;8;9;12"
Root_3188,242.865475,37.072758,6,"1;3;7;8;9;12"
Root_3189,92.989162,22.124598,6,"0;3;7;8;9;12"
Root_3190,290.820675,41.702358,5,"3;7;8;9;12"
Root_3191,55.633981,17.782646,7,"0;1;2;7;8;9;12"
Root_3192,251.917251,38.060406,6,"1;2;7;8;9;12"
Root_3193,98.090346,23.112246,6,"0;2;7;8;9;12"
Root_3194,299.872451,42.690006,5,"2;7;8;9;12"
Root_3195,57.089501,18.708566,6,"0;1;7;8;9;12"
Root_3196,258.928291,38.986326,5,"1;7;8;9;12"
Root_3197,101.397706,24.038166,5,"0;7;8;9;12"
Root_3198,306.883491,43.615926,4,"7;8;9;12"
Root_3199,36.660224,12.702432,10,"0;1;2;3;4;5;6;8;9;12"
Root_3200,206.054678,32.980192,9,"1;2;3;4;5;6;8;9;12"
Root_3201,69.947488,18.032032,9,"0;2;3;4;5;6;8;9;12"
Root_3202,254.009878,37.609792,8,"2;3;4;5;6;8;9;12"
Root_3203,39.077472,13.628352,9,"0;1;3;4;5;6;8;9;12"
Root_3204,213.065718,33.906112,8,"1;3;4;5;6;8;9;12"
Root_3205,72.328928,18.957952,8,"0;3;4;5;6;8;9;12"
Root_3206,261.020918,38.535712,7,"3;4;5;6;8;9;12"
Root_3207,46.228064,14.616000,9,"0;1;2;4;5;6;8;9;12"
Root_3208,222.117494,34.893760,8,"1;2;4;5;6;8;9;12"
Root_3209,78.496864,19.945600,8,"0;2;4;5;6;8;9;12"
Root_3210,270.072694,39.523360,7,"2;4;5;6;8;9;12"
Root_3211,46.289824,15.541920,8,"0;1;4;5;6;8;9;12"
Root_3212,229.128534,35.819680,7,"1;4;5;6;8;9;12"
Root_3213,80.049814,20.871520,7,"0;4;5;6;8;9;12"
Root_3214,277.083734,40.449280,6,"4;5;6;8;9;12"
Root_3215,43.862624,14.924640,9,"0;1;2;3;5;6;8;9;12"
Root_3216,227.221174,35.202400,8,"1;2;3;5;6;8;9;12"
Root_3217,80.002944,20.254240,8,"0;2;3;5;6;8;9;12"
Root_3218,275.176374,39.832000,7,"2;3;5;6;8;9;12"
Root_3219,43.615744,15.850560,8,"0;1;3;5;6;8;9;12"
Root_3220,234.232214,36.128320,7,"1;3;5;6;8;9;12"
Root_3221,82.790454,21.180160,7,"0;3;5;6;8;9;12"
Root_3222,282.187414,40.757920,6,"3;5;6;8;9;12"
Root_3223,49.778688,16.838208,8,"0;1;2;5;6;8;9;12"
Root_3224,243.283990,37.115968,7,"1;2;5;6;8;9;12"
Root_3225,87.891638,22.167808,7,"0;2;5;6;8;9;12"
Root_3226,291.239190,41.745568,6,"2;5;6;8;9;12"
Root_3227,50.478432,17.764128,7,"0;1;5;6;8;9;12"
Root_3228,250.295030,38.041888,6,"1;5;6;8;9;12"
Root_3229,91.635926,23.093728,6,"0;5;6;8;9;12"
Root_3230,298.250230,42.671488,5,"5;6;8;9;12"
Root_3231,45.435424,14.245632,9,"0;1;2;3;4;6;8;9;12"
Root_3232,219.773078,34.523392,8,"1;2;3;4;6;8;9;12"
Root_3233,82.293088,19.575232,8,"0;2;3;4;6;8;9;12"
Root_3234,267.728278,39.152992,7,"2;3;4;6;8;9;12"
Root_3235,46.793472,15.171552,8,"0;1;3;4;6;8;9;12"
Root_3236,226.784118,35.449312,7,"1;3;4;6;8;9;12"
Root_3237,84.674528,20.501152,7,"0;3;4;6;8;9;12"
Root_3238,274.739318,40.078912,6,"3;4;6;8;9;12"
Root_3239,53.944064,16.159200,8,"0;1;2;4;6;8;9;12"
Root_3240,235.835894,36.436960,7,"1;2;4;6;8;9;12"
Root_3241,90.013974,21.488800,7,"0;2;4;6;8;9;12"
Root_3242,283.791094,41.066560,6,"2;4;6;8;9;12"
Root_3243,53.632864,17.085120,7,"0;1;4;6;8;9;12"
Root_3244,242.846934,37.362880,6,"1;4;6;8;9;12"
Root_3245,92.810134,22.414720,6,"0;4;6;8;9;12"
Root_3246,290.802134,41.992480,5,"4;6;8;9;12"
Root_3247,51.578624,16.467840,8,"0;1;2;3;6;8;9;12"
Root_3248,240.939574,36.745600,7,"1;2;3;6;8;9;12"
Root_3249,93.371894,21.797440,7,"0;2;3;6;8;9;12"
Root_3250,288.894774,41.375200,6,"2;3;6;8;9;12"
Root_3251,52.093184,17.393760,7,"0;1;3;6;8;9;12"
Root_3252,247.950614,37.671520,6,"1;3;6;8;9;12"
Root_3253,96.679254,22.723360,6,"0;3;6;8;9;12"
Root_3254,295.905814,42.301120,5,"3;6;8;9;12"
Root_3255,59.825312,18.381408,7,"0;1;2;6;8;9;12"
Root_3256,257.002390,38.659168,6,"1;2;6;8;9;12"
Root_3257,101.780438,23.711008,6,"0;2;6;8;9;12"
Root_3258,304.957590,43.288768,5,"2;6;8;9;12"
Root_3259,61.280832,19.307328,6,"0;1;6;8;9;12"
Root_3260,264.013430,39.585088,5,"1;6;8;9;12"
Root_3261,105.087798,24.636928,5,"0;6;8;9;12"
Root_3262,311.968630,44.214688,4,"6;8;9;12"
Root_3263,50.731686,15.128342,9,"0;1;2;3;4;5;8;9;12"
Root_3264,230.365603,35.406102,8,"1;2;3;4;5;8;9;12"
Root_3265,89.354771,20.457942,8,"0;2;3;4;5;8;9;12"
Root_3266,278.320803,40.035702,7,"2;3;4;5;8;9;12"
Root_3267,51.261286,16.054262,8,"0;1;3;4;5;8;9;12"
Root_3268,237.376643,36.332022,7,"1;3;4;5;8;9;12"
Root_3269,91.736211,21.383862,7,"0;3;4;5;8;9;12"
Root_3270,285.331843,40.961622,6,"3;4;5;8;9;12"
Root_3271,58.399526,17.041910,8,"0;1;2;4;5;8;9;12"
Root_3272,246.428419,37.319670,7,"1;2;4;5;8;9;12"
Root_3273,95.849747,22.371510,7,"0;2;4;5;8;9;12"
Root_3274,294.383619,41.949270,6,"2;4;5;8;9;12"
Root_3275,59.626557,17.967830,7,"0;1;4;5;8;9;12"
Root_3276,253.439459,38.245590,6,"1;4;5;8;9;12"
Root_3277,98.871818,23.297430,6,"0;4;5;8;9;12"
Root_3278,301.394659,42.875190,5,"4;5;8;9;12"
Root_3279,56.773427,17.350550,8,"0;1;2;3;5;8;9;12"
Root_3280,251.532099,37.628310,7,"1;2;3;5;8;9;12"
Root_3281,99.433578,22.680150,7,"0;2;3;5;8;9;12"
Root_3282,299.487299,42.257910,6,"2;3;5;8;9;12"
Root_3283,59.154867,18.276470,7,"0;1;3;5;8;9;12"
Root_3284,258.543139,38.554230,6,"1;3;5;8;9;12"
Root_3285,102.740938,23.606070,6,"0;3;5;8;9;12"
Root_3286,306.498339,43.183830,5,"3;5;8;9;12"
Root_3287,66.004285,19.264118,7,"0;1;2;5;8;9;12"
Root_3288,267.594915,39.541878,6,"1;2;5;8;9;12"
Root_3289,107.842122,24.593718,6,"0;2;5;8;9;12"
Root_3290,315.550115,44.171478,5,"2;5;8;9;12"
Root_3291,67.879443,20.190038,6,"0;1;5;8;9;12"
Root_3292,274.605955,40.467798,5,"1;5;8;9;12"
Root_3293,111.149482,25.519638,5,"0;5;8;9;12"
Root_3294,322.561155,45.097398,4,"5;8;9;12"
Root_3295,59.990886,16.671542,8,"0;1;2;3;4;8;9;12"
Root_3296,244.084003,36.949302,7,"1;2;3;4;8;9;12"
Root_3297,101.700371,22.001142,7,"0;2;3;4;8;9;12"
Root_3298,292.039203,41.578902,6,"2;3;4;8;9;12"
Root_3299,61.445011,17.597462,7,"0;1;3;4;8;9;12"
Root_3300,251.095043,37.875222,6,"1;3;4;8;9;12"
Root_3301,104.081811,22.927062,6,"0;3;4;8;9;12"
Root_3302,299.050243,42.504822,5,"3;4;8;9;12"
Root_3303,68.973437,18.585110,7,"0;1;2;4;8;9;12"
Root_3304,260.146819,38.862870,6,"1;2;4;8;9;12"
Root_3305,108.195347,23.914710,6,"0;2;4;8;9;12"
Root_3306,308.102019,43.492470,5,"2;4;8;9;12"
Root_3307,70.428957,19.511030,6,"0;1;4;8;9;12"
Root_3308,267.157859,39.788790,5,"1;4;8;9;12"
Root_3309,110.576787,24.840630,5,"0;4;8;9;12"
Root_3310,315.113059,44.418390,4,"4;8;9;12"
Root_3311,69.119027,18.893750,7,"0;1;2;3;8;9;12"
Root_3312,265.250499,39.171510,6,"1;2;3;8;9;12"
Root_3313,111.755827,24.223350,6,"0;2;3;8;9;12"
Root_3314,313.205699,43.801110,5,"2;3;8;9;12"
Root_3315,71.549738,19.819670,6,"0;1;3;8;9;12"
Root_3316,272.261539,40.097430,5,"1;3;8;9;12"
Root_3317,114.137267,25.149270,5,"0;3;8;9;12"
Root_3318,320.216739,44.727030,4,"3;8;9;12"
Root_3319,77.843603,20.807318,6,"0;1;2;8;9;12"
Root_3320,281.313315,41.085078,5,"1;2;8;9;12"
Root_3321,118.250803,26.136918,5,"0;2;8;9;12"
Root_3322,329.268515,45.714678,4,"2;8;9;12"
Root_3323,80.225043,21.733238,5,"0;1;8;9;12"
Root_3324,288.324355,42.010998,4,"1;8;9;12"
Root_3325,120.632243,27.062838,4,"0;8;9;12"
Root_3326,336.279555,46.640598,3,"8;9;12"
Root_3327,41.605792,13.607360,10,"0;1;2;3;4;5;6;7;9;12"
Root_3328,228.113814,34.585120,9,"1;2;3;4;5;6;7;9;12"
Root_3329,80.981984,19.636960,9,"0;2;3;4;5;6;7;9;12"
Root_3330,276.069014,39.214720,8,"2;3;4;5;6;7;9;12"
Root_3331,43.602112,14.533280,9,"0;1;3;4;5;6;7;9;12"
Root_3332,235.124854,35.511040,8,"1;3;4;5;6;7;9;12"
Root_3333,83.363424,20.562880,8,"0;3;4;5;6;7;9;12"
Root_3334,283.080054,40.140640,7,"3;4;5;6;7;9;12"
Root_3335,54.252704,16.220928,9,"0;1;2;4;5;6;7;9;12"
Root_3336,244.176630,36.498688,8,"1;2;4;5;6;7;9;12"
Root_3337,88.702870,21.550528,8,"0;2;4;5;6;7;9;12"
Root_3338,292.131830,41.128288,7,"2;4;5;6;7;9;12"
Root_3339,54.003232,17.146848,8,"0;1;4;5;6;7;9;12"
Root_3340,251.187670,37.424608,7,"1;4;5;6;7;9;12"
Root_3341,91.560758,22.476448,7,"0;4;5;6;7;9;12"
Root_3342,299.142870,42.054208,6,"4;5;6;7;9;12"
Root_3343,48.387264,15.829568,9,"0;1;2;3;5;6;7;9;12"
Root_3344,249.280310,36.807328,8,"1;2;3;5;6;7;9;12"
Root_3345,92.122518,21.859168,8,"0;2;3;5;6;7;9;12"
Root_3346,297.235510,41.436928,7,"2;3;5;6;7;9;12"
Root_3347,47.990944,16.755488,8,"0;1;3;5;6;7;9;12"
Root_3348,256.291350,37.733248,7,"1;3;5;6;7;9;12"
Root_3349,95.558166,22.785088,7,"0;3;5;6;7;9;12"
Root_3350,304.246550,42.362848,6,"3;5;6;7;9;12"
Root_3351,59.084672,18.443136,8,"0;1;2;5;6;7;9;12"
Root_3352,265.343126,38.720896,7,"1;2;5;6;7;9;12"
Root_3353,101.646998,23.772736,7,"0;2;5;6;7;9;12"
Root_3354,313.298326,43.350496,6,"2;5;6;7;9;12"
Root_3355,59.908000,19.369056,7,"0;1;5;6;7;9;12"
Root_3356,272.354166,39.646816,6,"1;5;6;7;9;12"
Root_3357,105.880278,24.698656,6,"0;5;6;7;9;12"
Root_3358,320.309366,44.276416,5,"5;6;7;9;12"
Root_3359,50.864992,15.150560,9,"0;1;2;3;4;6;7;9;12"
Root_3360,241.832214,36.128320,8,"1;2;3;4;6;7;9;12"
Root_3361,93.733654,21.180160,8,"0;2;3;4;6;7;9;12"
Root_3362,289.787414,40.757920,7,"2;3;4;6;7;9;12"
Root_3363,51.394592,16.076480,8,"0;1;3;4;6;7;9;12"
Root_3364,248.843254,37.054240,7,"1;3;4;6;7;9;12"
Root_3365,97.041014,22.106080,7,"0;3;4;6;7;9;12"
Root_3366,296.798454,41.683840,6,"3;4;6;7;9;12"
Root_3367,62.732832,17.764128,8,"0;1;2;4;6;7;9;12"
Root_3368,257.895030,38.041888,7,"1;2;4;6;7;9;12"
Root_3369,102.142198,23.093728,7,"0;2;4;6;7;9;12"
Root_3370,305.850230,42.671488,6,"2;4;6;7;9;12"
Root_3371,63.262432,18.690048,7,"0;1;4;6;7;9;12"
Root_3372,264.906070,38.967808,6,"1;4;6;7;9;12"
Root_3373,105.449558,24.019648,6,"0;4;6;7;9;12"
Root_3374,312.861270,43.597408,5,"4;6;7;9;12"
Root_3375,56.848800,17.372768,8,"0;1;2;3;6;7;9;12"
Root_3376,262.998710,38.350528,7,"1;2;3;6;7;9;12"
Root_3377,106.011318,23.402368,7,"0;2;3;6;7;9;12"
Root_3378,310.953910,42.980128,6,"2;3;6;7;9;12"
Root_3379,58.304320,18.298688,7,"0;1;3;6;7;9;12"
Root_3380,270.009750,39.276448,6,"1;3;6;7;9;12"
Root_3381,109.318678,24.328288,6,"0;3;6;7;9;12"
Root_3382,317.964950,43.906048,5,"3;6;7;9;12"
Root_3383,69.470816,19.986336,7,"0;1;2;6;7;9;12"
Root_3384,279.061526,40.264096,6,"1;2;6;7;9;12"
Root_3385,114.419862,25.315936,6,"0;2;6;7;9;12"
Root_3386,327.016726,44.893696,5,"2;6;7;9;12"
Root_3387,71.990422,20.912256,6,"0;1;6;7;9;12"
Root_3388,286.072566,41.190016,5,"1;6;7;9;12"
Root_3389,117.969078,26.241856,5,"0;6;7;9;12"
Root_3390,334.027766,45.819616,4,"6;7;9;12"
Root_3391,56.161254,16.033270,9,"0;1;2;3;4;5;7;9;12"
Root_3392,252.424739,37.011030,8,"1;2;3;4;5;7;9;12"
Root_3393,100.389267,22.062870,8,"0;2;3;4;5;7;9;12"
Root_3394,300.379939,41.640630,7,"2;3;4;5;7;9;12"
Root_3395,56.690854,16.959190,8,"0;1;3;4;5;7;9;12"
Root_3396,259.435779,37.936950,7,"1;3;4;5;7;9;12"
Root_3397,103.102698,22.988790,7,"0;3;4;5;7;9;12"
Root_3398,307.390979,42.566550,6,"3;4;5;7;9;12"
Root_3399,68.029094,18.646838,8,"0;1;2;4;5;7;9;12"
Root_3400,268.487555,38.924598,7,"1;2;4;5;7;9;12"
Root_3401,108.203882,23.976438,7,"0;2;4;5;7;9;12"
Root_3402,316.442755,43.554198,6,"2;4;5;7;9;12"
Root_3403,69.056125,19.572758,7,"0;1;4;5;7;9;12"
Root_3404,275.498595,39.850518,6,"1;4;5;7;9;12"
Root_3405,111.511242,24.902358,6,"0;4;5;7;9;12"
Root_3406,323.453795,44.480118,5,"4;5;7;9;12"
Root_3407,63.027773,18.255478,8,"0;1;2;3;5;7;9;12"
Root_3408,273.591235,39.233238,7,"1;2;3;5;7;9;12"
Root_3409,112.073002,24.285078,7,"0;2;3;5;7;9;12"
Root_3410,321.546435,43.862838,6,"2;3;5;7;9;12"
Root_3411,64.589363,19.181398,7,"0;1;3;5;7;9;12"
Root_3412,280.602275,40.159158,6,"1;3;5;7;9;12"
Root_3413,115.380362,25.210998,6,"0;3;5;7;9;12"
Root_3414,328.557475,44.788758,5,"3;5;7;9;12"
Root_3415,76.532499,20.869046,7,"0;1;2;5;7;9;12"
Root_3416,289.654051,41.146806,6,"1;2;5;7;9;12"
Root_3417,120.680192,26.198646,6,"0;2;5;7;9;12"
Root_3418,337.609251,45.776406,5,"2;5;7;9;12"
Root_3419,78.913939,21.794966,6,"0;1;5;7;9;12"
Root_3420,296.665091,42.072726,5,"1;5;7;9;12"
Root_3421,124.913472,27.124566,5,"0;5;7;9;12"
Root_3422,344.620291,46.702326,4,"5;7;9;12"
Root_3423,65.996925,17.576470,8,"0;1;2;3;4;7;9;12"
Root_3424,266.143139,38.554230,7,"1;2;3;4;7;9;12"
Root_3425,112.734867,23.606070,7,"0;2;3;4;7;9;12"
Root_3426,314.098339,43.183830,6,"2;3;4;7;9;12"
Root_3427,67.452445,18.502390,7,"0;1;3;4;7;9;12"
Root_3428,273.154179,39.480150,6,"1;3;4;7;9;12"
Root_3429,115.116307,24.531990,6,"0;3;4;7;9;12"
Root_3430,321.109379,44.109750,5,"3;4;7;9;12"
Root_3431,78.822643,20.190038,7,"0;1;2;4;7;9;12"
Root_3432,282.205955,40.467798,6,"1;2;4;7;9;12"
Root_3433,119.229843,25.519638,6,"0;2;4;7;9;12"
Root_3434,330.161155,45.097398,5,"2;4;7;9;12"
Root_3435,81.204083,21.115958,6,"0;1;4;7;9;12"
Root_3436,289.216995,41.393718,5,"1;4;7;9;12"
Root_3437,122.056842,26.445558,5,"0;4;7;9;12"
Root_3438,337.172195,46.023318,4,"4;7;9;12"
Root_3439,74.581802,19.798678,7,"0;1;2;3;7;9;12"
Root_3440,287.309635,40.776438,6,"1;2;3;7;9;12"
Root_3441,122.790323,25.828278,6,"0;2;3;7;9;12"
Root_3442,335.264835,45.406038,5,"2;3;7;9;12"
Root_3443,77.889162,20.724598,6,"0;1;3;7;9;12"
Root_3444,294.320675,41.702358,5,"1;3;7;9;12"
Root_3445,125.925962,26.754198,5,"0;3;7;9;12"
Root_3446,342.275875,46.331958,4,"3;7;9;12"
Root_3447,89.290346,22.412246,6,"0;1;2;7;9;12"
Root_3448,303.372451,42.690006,5,"1;2;7;9;12"
Root_3449,131.027146,27.741846,5,"0;2;7;9;12"
Root_3450,351.327651,47.319606,4,"2;7;9;12"
Root_3451,92.597706,23.338166,5,"0;1;7;9;12"
Root_3452,310.383491,43.615926,4,"1;7;9;12"
Root_3453,135.002272,28.667766,4,"0;7;9;12"
Root_3454,358.338691,48.245526,3,"7;9;12"
Root_3455,64.285856,17.332032,9,"0;1;2;3;4;5;6;9;12"
Root_3456,257.509878,37.609792,8,"1;2;3;4;5;6;9;12"
Root_3457,103.485430,22.661632,8,"0;2;3;4;5;6;9;12"
Root_3458,305.465078,42.239392,7,"2;3;4;5;6;9;12"
Root_3459,65.741376,18.257952,8,"0;1;3;4;5;6;9;12"
Root_3460,264.520918,38.535712,7,"1;3;4;5;6;9;12"
Root_3461,106.792790,23.587552,7,"0;3;4;5;6;9;12"
Root_3462,312.476118,43.165312,6,"3;4;5;6;9;12"
Root_3463,71.621664,19.245600,8,"0;1;2;4;5;6;9;12"
Root_3464,273.572694,39.523360,7,"1;2;4;5;6;9;12"
Root_3465,111.893974,24.575200,7,"0;2;4;5;6;9;12"
Root_3466,321.527894,44.152960,6,"2;4;5;6;9;12"
Root_3467,72.552384,20.171520,7,"0;1;4;5;6;9;12"
Root_3468,280.583734,40.449280,6,"1;4;5;6;9;12"
Root_3469,115.201334,25.501120,6,"0;4;5;6;9;12"
Root_3470,328.538934,45.078880,5,"4;5;6;9;12"
Root_3471,72.119104,19.554240,8,"0;1;2;3;5;6;9;12"
Root_3472,278.676374,39.832000,7,"1;2;3;5;6;9;12"
Root_3473,115.763094,24.883840,7,"0;2;3;5;6;9;12"
Root_3474,326.631574,44.461600,6,"2;3;5;6;9;12"
Root_3475,74.284384,20.480160,7,"0;1;3;5;6;9;12"
Root_3476,285.687414,40.757920,6,"1;3;5;6;9;12"
Root_3477,119.070454,25.809760,6,"0;3;5;6;9;12"
Root_3478,333.642614,45.387520,5,"3;5;6;9;12"
Root_3479,79.623830,21.467808,7,"0;1;2;5;6;9;12"
Root_3480,294.739190,41.745568,6,"1;2;5;6;9;12"
Root_3481,124.969046,26.797408,6,"0;2;5;6;9;12"
Root_3482,342.694390,46.375168,5,"2;5;6;9;12"
Root_3483,82.398998,22.393728,6,"0;1;5;6;9;12"
Root_3484,301.750230,42.671488,5,"1;5;6;9;12"
Root_3485,129.202326,27.723328,5,"0;5;6;9;12"
Root_3486,349.705430,47.301088,4,"5;6;9;12"
Root_3487,75.088256,18.875232,8,"0;1;2;3;4;6;9;12"
Root_3488,271.228278,39.152992,7,"1;2;3;4;6;9;12"
Root_3489,115.826198,24.204832,7,"0;2;3;4;6;9;12"
Root_3490,319.183478,43.782592,6,"2;3;4;6;9;12"
Root_3491,76.574528,19.801152,7,"0;1;3;4;6;9;12"
Root_3492,278.239318,40.078912,6,"1;3;4;6;9;12"
Root_3493,118.207638,25.130752,6,"0;3;4;6;9;12"
Root_3494,326.194518,44.708512,5,"3;4;6;9;12"
Root_3495,81.913974,20.788800,7,"0;1;2;4;6;9;12"
Root_3496,287.291094,41.066560,6,"1;2;4;6;9;12"
Root_3497,122.439574,26.118400,6,"0;2;4;6;9;12"
Root_3498,335.246294,45.696160,5,"2;4;6;9;12"
Root_3499,84.295414,21.714720,6,"0;1;4;6;9;12"
Root_3500,294.302134,41.992480,5,"1;4;6;9;12"
Root_3501,125.746934,27.044320,5,"0;4;6;9;12"
Root_3502,342.257334,46.622080,4,"4;6;9;12"
Root_3503,84.571894,21.097440,7,"0;1;2;3;6;9;12"
Root_3504,292.394774,41.375200,6,"1;2;3;6;9;12"
Root_3505,126.308694,26.427040,6,"0;2;3;6;9;12"
Root_3506,340.349974,46.004800,5,"2;3;6;9;12"
Root_3507,87.879254,22.023360,6,"0;1;3;6;9;12"
Root_3508,299.405814,42.301120,5,"1;3;6;9;12"
Root_3509,129.616054,27.352960,5,"0;3;6;9;12"
Root_3510,347.361014,46.930720,4,"3;6;9;12"
Root_3511,92.980438,23.011008,6,"0;1;2;6;9;12"
Root_3512,308.457590,43.288768,5,"1;2;6;9;12"
Root_3513,134.717238,28.340608,5,"0;2;6;9;12"
Root_3514,356.412790,47.918368,4,"2;6;9;12"
Root_3515,96.287798,23.936928,5,"0;1;6;9;12"
Root_3516,315.468630,44.214688,4,"1;6;9;12"
Root_3517,138.824182,29.266528,4,"0;6;9;12"
Root_3518,363.423830,48.844288,3,"6;9;12"
Root_3519,81.267229,19.757942,8,"0;1;2;3;4;5;9;12"
Root_3520,281.820803,40.035702,7,"1;2;3;4;5;9;12"
Root_3521,121.005171,25.087542,7,"0;2;3;4;5;9;12"
Root_3522,329.776003,44.665302,6,"2;3;4;5;9;12"
Root_3523,83.636211,20.683862,7,"0;1;3;4;5;9;12"
Root_3524,288.831843,40.961622,6,"1;3;4;5;9;12"
Root_3525,123.400074,26.013462,6,"0;3;4;5;9;12"
Root_3526,336.787043,45.591222,5,"3;4;5;9;12"
Root_3527,88.078237,21.671510,7,"0;1;2;4;5;9;12"
Root_3528,297.883619,41.949270,6,"1;2;4;5;9;12"
Root_3529,128.501258,27.001110,6,"0;2;4;5;9;12"
Root_3530,345.838819,46.578870,5,"2;4;5;9;12"
Root_3531,90.131187,22.597430,6,"0;1;4;5;9;12"
Root_3532,304.894659,42.875190,5,"1;4;5;9;12"
Root_3533,131.808618,27.927030,5,"0;4;5;9;12"
Root_3534,352.849859,47.504790,4,"4;5;9;12"
Root_3535,91.310227,21.980150,7,"0;1;2;3;5;9;12"
Root_3536,302.987299,42.257910,6,"1;2;3;5;9;12"
Root_3537,132.370378,27.309750,6,"0;2;3;5;9;12"
Root_3538,350.942499,46.887510,5,"2;3;5;9;12"
Root_3539,93.940938,22.906070,6,"0;1;3;5;9;12"
Root_3540,309.998339,43.183830,5,"1;3;5;9;12"
Root_3541,135.913408,28.235670,5,"0;3;5;9;12"
Root_3542,357.953539,47.813430,4,"3;5;9;12"
Root_3543,99.042122,23.893718,6,"0;1;2;5;9;12"
Root_3544,319.050115,44.171478,5,"1;2;5;9;12"
Root_3545,142.448877,29.223318,5,"0;2;5;9;12"
Root_3546,367.005315,48.801078,4,"2;5;9;12"
Root_3547,102.349482,24.819638,5,"0;1;5;9;12"
Root_3548,326.061155,45.097398,4,"1;5;9;12"
Root_3549,148.533997,30.149238,4,"0;5;9;12"
Root_3550,374.016355,49.726998,3,"5;9;12"
Root_3551,93.600371,21.301142,7,"0;1;2;3;4;9;12"
Root_3552,295.539203,41.578902,6,"1;2;3;4;9;12"
Root_3553,130.007571,26.630742,6,"0;2;3;4;9;12"
Root_3554,343.494403,46.208502,5,"2;3;4;9;12"
Root_3555,95.981811,22.227062,6,"0;1;3;4;9;12"
Root_3556,302.550243,42.504822,5,"1;3;4;9;12"
Root_3557,132.389011,27.556662,5,"0;3;4;9;12"
Root_3558,350.505443,47.134422,4,"3;4;9;12"
Root_3559,100.095347,23.214710,6,"0;1;2;4;9;12"
Root_3560,311.602019,43.492470,5,"1;2;4;9;12"
Root_3561,137.046858,28.544310,5,"0;2;4;9;12"
Root_3562,359.557219,48.122070,4,"2;4;9;12"
Root_3563,102.476787,24.140630,5,"0;1;4;9;12"
Root_3564,318.613059,44.418390,4,"1;4;9;12"
Root_3565,141.764909,29.470230,4,"0;4;9;12"
Root_3566,366.568259,49.047990,3,"4;9;12"
Root_3567,103.655827,23.523350,6,"0;1;2;3;9;12"
Root_3568,316.705699,43.801110,5,"1;2;3;9;12"
Root_3569,140.915978,28.852950,5,"0;2;3;9;12"
Root_3570,364.660899,48.430710,4,"2;3;9;12"
Root_3571,106.037267,24.449270,5,"0;1;3;9;12"
Root_3572,323.716739,44.727030,4,"1;3;9;12"
Root_3573,146.559949,29.778870,4,"0;3;9;12"
Root_3574,371.671939,49.356630,3,"3;9;12"
Root_3575,110.150803,25.436918,5,"0;1;2;9;12"
Root_3576,332.768515,45.714678,4,"1;2;9;12"
Root_3577,154.624077,30.766518,4,"0;2;9;12"
Root_3578,380.723715,50.344278,3,"2;9;12"
Root_3579,112.895082,26.362838,4,"0;1;9;12"
Root_3580,339.779555,46.640598,3,"1;9;12"
Root_3581,160.709197,31.692438,3,"0;9;12"
Root_3582,387.734755,51.270198,2,"9;12"
Root_3583,32.736832,12.270336,10,"0;1;2;3;4;5;6;7;8;12"
Root_3584,200.869526,32.548096,9,"1;2;3;4;5;6;7;8;12"
Root_3585,59.398208,17.599936,9,"0;2;3;4;5;6;7;8;12"
Root_3586,248.824726,37.177696,8,"2;3;4;5;6;7;8;12"
Root_3587,34.228160,13.196256,9,"0;1;3;4;5;6;7;8;12"
Root_3588,207.880566,33.474016,8,"1;3;4;5;6;7;8;12"
Root_3589,60.853728,18.525856,8,"0;3;4;5;6;7;8;12"
Root_3590,255.835766,38.103616,7,"3;4;5;6;7;8;12"
Root_3591,40.391104,14.183904,9,"0;1;2;4;5;6;7;8;12"
Root_3592,216.932342,34.461664,8,"1;2;4;5;6;7;8;12"
Root_3593,66.904288,19.513504,8,"0;2;4;5;6;7;8;12"
Root_3594,264.887542,39.091264,7,"2;4;5;6;7;8;12"
Root_3595,39.959040,15.109824,8,"0;1;4;5;6;7;8;12"
Root_3596,223.943382,35.387584,7,"1;4;5;6;7;8;12"
Root_3597,68.799232,20.439424,7,"0;4;5;6;7;8;12"
Root_3598,271.898582,40.017184,6,"4;5;6;7;8;12"
Root_3599,37.717024,14.492544,9,"0;1;2;3;5;6;7;8;12"
Root_3600,222.036022,34.770304,8,"1;2;3;5;6;7;8;12"
Root_3601,67.978272,19.822144,8,"0;2;3;5;6;7;8;12"
Root_3602,269.991222,39.399904,7,"2;3;5;6;7;8;12"
Root_3603,36.976320,15.418464,8,"0;1;3;5;6;7;8;12"
Root_3604,229.047062,35.696224,7,"1;3;5;6;7;8;12"
Root_3605,71.107776,20.748064,7,"0;3;5;6;7;8;12"
Root_3606,277.002262,40.325824,6,"3;5;6;7;8;12"
Root_3607,42.151616,16.406112,8,"0;1;2;5;6;7;8;12"
Root_3608,238.098838,36.683872,7,"1;2;5;6;7;8;12"
Root_3609,77.434870,21.735712,7,"0;2;5;6;7;8;12"
Root_3610,286.054038,41.313472,6,"2;5;6;7;8;12"
Root_3611,40.629152,17.332032,7,"0;1;5;6;7;8;12"
Root_3612,245.109878,37.609792,6,"1;5;6;7;8;12"
Root_3613,81.408694,22.661632,6,"0;5;6;7;8;12"
Root_3614,293.065078,42.239392,5,"5;6;7;8;12"
Root_3615,39.536736,13.813536,9,"0;1;2;3;4;6;7;8;12"
Root_3616,214.587926,34.091296,8,"1;2;3;4;6;7;8;12"
Root_3617,70.268416,19.143136,8,"0;2;3;4;6;7;8;12"
Root_3618,262.543126,38.720896,7,"2;3;4;6;7;8;12"
Root_3619,40.400960,14.739456,8,"0;1;3;4;6;7;8;12"
Root_3620,221.598966,35.017216,7,"1;3;4;6;7;8;12"
Root_3621,72.718912,20.069056,7,"0;3;4;6;7;8;12"
Root_3622,269.554166,39.646816,6,"3;4;6;7;8;12"
Root_3623,46.563904,15.727104,8,"0;1;2;4;6;7;8;12"
Root_3624,230.650742,36.004864,7,"1;2;4;6;7;8;12"
Root_3625,79.046006,21.056704,7,"0;2;4;6;7;8;12"
Root_3626,278.605942,40.634464,6,"2;4;6;7;8;12"
Root_3627,45.241664,16.653024,7,"0;1;4;6;7;8;12"
Root_3628,237.661782,36.930784,6,"1;4;6;7;8;12"
Root_3629,82.353366,21.982624,6,"0;4;6;7;8;12"
Root_3630,285.616982,41.560384,5,"4;6;7;8;12"
Root_3631,43.889824,16.035744,8,"0;1;2;3;6;7;8;12"
Root_3632,235.754422,36.313504,7,"1;2;3;6;7;8;12"
Root_3633,82.280470,21.365344,7,"0;2;3;6;7;8;12"
Root_3634,283.709622,40.943104,6,"2;3;6;7;8;12"
Root_3635,42.567584,16.961664,7,"0;1;3;6;7;8;12"
Root_3636,242.765462,37.239424,6,"1;3;6;7;8;12"
Root_3637,86.513750,22.291264,6,"0;3;6;7;8;12"
Root_3638,290.720662,41.869024,5,"3;6;7;8;12"
Root_3639,49.358752,17.949312,7,"0;1;2;6;7;8;12"
Root_3640,251.817238,38.227072,6,"1;2;6;7;8;12"
Root_3641,92.602582,23.278912,6,"0;2;6;7;8;12"
Root_3642,299.772438,42.856672,5,"2;6;7;8;12"
Root_3643,49.888352,18.875232,6,"0;1;6;7;8;12"
Root_3644,258.828278,39.152992,5,"1;6;7;8;12"
Root_3645,96.835862,24.204832,5,"0;6;7;8;12"
Root_3646,306.783478,43.782592,4,"6;7;8;12"
Root_3647,43.950288,14.696246,9,"0;1;2;3;4;5;7;8;12"
Root_3648,225.180451,34.974006,8,"1;2;3;4;5;7;8;12"
Root_3649,77.355946,20.025846,8,"0;2;3;4;5;7;8;12"
Root_3650,273.135651,39.603606,7,"2;3;4;5;7;8;12"
Root_3651,43.931802,15.622166,8,"0;1;3;4;5;7;8;12"
Root_3652,232.191491,35.899926,7,"1;3;4;5;7;8;12"
Root_3653,80.663306,20.951766,7,"0;3;4;5;7;8;12"
Root_3654,280.146691,40.529526,6,"3;4;5;7;8;12"
Root_3655,50.094746,16.609814,8,"0;1;2;4;5;7;8;12"
Root_3656,241.243267,36.887574,7,"1;2;4;5;7;8;12"
Root_3657,85.825075,21.939414,7,"0;2;4;5;7;8;12"
Root_3658,289.198467,41.517174,6,"2;4;5;7;8;12"
Root_3659,49.573574,17.535734,7,"0;1;4;5;7;8;12"
Root_3660,248.254307,37.813494,6,"1;4;5;7;8;12"
Root_3661,89.280384,22.865334,6,"0;4;5;7;8;12"
Root_3662,296.209507,42.443094,5,"4;5;7;8;12"
Root_3663,47.420666,16.918454,8,"0;1;2;3;5;7;8;12"
Root_3664,246.346947,37.196214,7,"1;2;3;5;7;8;12"
Root_3665,89.633610,22.248054,7,"0;2;3;5;7;8;12"
Root_3666,294.302147,41.825814,6,"2;3;5;7;8;12"
Root_3667,48.361149,17.844374,7,"0;1;3;5;7;8;12"
Root_3668,253.357987,38.122134,6,"1;3;5;7;8;12"
Root_3669,93.458144,23.173974,6,"0;3;5;7;8;12"
Root_3670,301.313187,42.751734,5,"3;5;7;8;12"
Root_3671,54.655014,18.832022,7,"0;1;2;5;7;8;12"
Root_3672,262.409763,39.109782,6,"1;2;5;7;8;12"
Root_3673,99.546976,24.161622,6,"0;2;5;7;8;12"
Root_3674,310.364963,43.739382,5,"2;5;7;8;12"
Root_3675,55.867229,19.757942,6,"0;1;5;7;8;12"
Root_3676,269.420803,40.035702,5,"1;5;7;8;12"
Root_3677,103.780256,25.087542,5,"0;5;7;8;12"
Root_3678,317.376003,44.665302,4,"5;7;8;12"
Root_3679,51.666288,16.239446,8,"0;1;2;3;4;7;8;12"
Root_3680,238.898851,36.517206,7,"1;2;3;4;7;8;12"
Root_3681,91.244746,21.569046,7,"0;2;3;4;7;8;12"
Root_3682,286.854051,41.146806,6,"2;3;4;7;8;12"
Root_3683,51.435334,17.165366,7,"0;1;3;4;7;8;12"
Root_3684,245.909891,37.443126,6,"1;3;4;7;8;12"
Root_3685,94.552106,22.494966,6,"0;3;4;7;8;12"
Root_3686,293.865091,42.072726,5,"3;4;7;8;12"
Root_3687,58.303174,18.153014,7,"0;1;2;4;7;8;12"
Root_3688,254.961667,38.430774,6,"1;2;4;7;8;12"
Root_3689,99.653290,23.482614,6,"0;2;4;7;8;12"
Root_3690,302.916867,43.060374,5,"2;4;7;8;12"
Root_3691,58.836381,19.078934,6,"0;1;4;7;8;12"
Root_3692,261.972707,39.356694,5,"1;4;7;8;12"
Root_3693,102.960650,24.408534,5,"0;4;7;8;12"
Root_3694,309.927907,43.986294,4,"4;7;8;12"
Root_3695,57.708029,18.461654,7,"0;1;2;3;7;8;12"
Root_3696,260.065347,38.739414,6,"1;2;3;7;8;12"
Root_3697,103.522410,23.791254,6,"0;2;3;7;8;12"
Root_3698,308.020547,43.369014,5,"2;3;7;8;12"
Root_3699,59.475795,19.387574,6,"0;1;3;7;8;12"
Root_3700,267.076387,39.665334,5,"1;3;7;8;12"
Root_3701,106.829770,24.717174,5,"0;3;7;8;12"
Root_3702,315.031587,44.294934,4,"3;7;8;12"
Root_3703,66.194154,20.375222,6,"0;1;2;7;8;12"
Root_3704,276.128163,40.652982,5,"1;2;7;8;12"
Root_3705,111.930954,25.704822,5,"0;2;7;8;12"
Root_3706,324.083363,45.282582,4,"2;7;8;12"
Root_3707,69.501514,21.301142,5,"0;1;7;8;12"
Root_3708,283.139203,41.578902,4,"1;7;8;12"
Root_3709,115.238314,26.630742,4,"0;7;8;12"
Root_3710,331.094403,46.208502,3,"7;8;12"
Root_3711,46.944096,15.295008,9,"0;1;2;3;4;5;6;8;12"
Root_3712,230.265590,35.572768,8,"1;2;3;4;5;6;8;12"
Root_3713,81.195520,20.624608,8,"0;2;3;4;5;6;8;12"
Root_3714,278.220790,40.202368,7,"2;3;4;5;6;8;12"
Root_3715,46.547776,16.220928,8,"0;1;3;4;5;6;8;12"
Root_3716,237.276630,36.498688,7,"1;3;4;5;6;8;12"
Root_3717,84.353398,21.550528,7,"0;3;4;5;6;8;12"
Root_3718,285.231830,41.128288,6,"3;4;5;6;8;12"
Root_3719,52.698368,17.208576,8,"0;1;2;4;5;6;8;12"
Root_3720,246.328406,37.486336,7,"1;2;4;5;6;8;12"
Root_3721,89.454582,22.538176,7,"0;2;4;5;6;8;12"
Root_3722,294.283606,42.115936,6,"2;4;5;6;8;12"
Root_3723,53.166144,18.134496,7,"0;1;4;5;6;8;12"
Root_3724,253.339446,38.412256,6,"1;4;5;6;8;12"
Root_3725,93.569238,23.464096,6,"0;4;5;6;8;12"
Root_3726,301.294646,43.041856,5,"4;5;6;8;12"
Root_3727,51.096960,17.517216,8,"0;1;2;3;5;6;8;12"
Root_3728,251.432086,37.794976,7,"1;2;3;5;6;8;12"
Root_3729,93.513718,22.846816,7,"0;2;3;5;6;8;12"
Root_3730,299.387286,42.424576,6,"2;3;5;6;8;12"
Root_3731,52.552480,18.443136,7,"0;1;3;5;6;8;12"
Root_3732,258.443126,38.720896,6,"1;3;5;6;8;12"
Root_3733,97.746998,23.772736,6,"0;3;5;6;8;12"
Root_3734,306.398326,43.350496,5,"3;5;6;8;12"
Root_3735,58.247584,19.430784,7,"0;1;2;5;6;8;12"
Root_3736,267.494902,39.708544,6,"1;2;5;6;8;12"
Root_3737,103.835830,24.760384,6,"0;2;5;6;8;12"
Root_3738,315.450102,44.338144,5,"2;5;6;8;12"
Root_3739,59.720192,20.356704,6,"0;1;5;6;8;12"
Root_3740,274.505942,40.634464,5,"1;5;6;8;12"
Root_3741,108.069110,25.686304,5,"0;5;6;8;12"
Root_3742,322.461142,45.264064,4,"5;6;8;12"
Root_3743,54.660096,16.838208,8,"0;1;2;3;4;6;8;12"
Root_3744,243.983990,37.115968,7,"1;2;3;4;6;8;12"
Root_3745,94.934838,22.167808,7,"0;2;3;4;6;8;12"
Root_3746,291.939190,41.745568,6,"2;3;4;6;8;12"
Root_3747,55.521632,17.764128,7,"0;1;3;4;6;8;12"
Root_3748,250.995030,38.041888,6,"1;3;4;6;8;12"
Root_3749,98.242198,23.093728,6,"0;3;4;6;8;12"
Root_3750,298.950230,42.671488,5,"3;4;6;8;12"
Root_3751,61.895744,18.751776,7,"0;1;2;4;6;8;12"
Root_3752,260.046806,39.029536,6,"1;2;4;6;8;12"
Root_3753,103.343382,24.081376,6,"0;2;4;6;8;12"
Root_3754,308.002006,43.659136,5,"2;4;6;8;12"
Root_3755,62.425344,19.677696,6,"0;1;4;6;8;12"
Root_3756,267.057846,39.955456,5,"1;4;6;8;12"
Root_3757,106.650742,25.007296,5,"0;4;6;8;12"
Root_3758,315.013046,44.585056,4,"4;6;8;12"
Root_3759,61.899360,19.060416,7,"0;1;2;3;6;8;12"
Root_3760,265.150486,39.338176,6,"1;2;3;6;8;12"
Root_3761,107.212502,24.390016,6,"0;2;3;6;8;12"
Root_3762,313.105686,43.967776,5,"2;3;6;8;12"
Root_3763,63.570816,19.986336,6,"0;1;3;6;8;12"
Root_3764,272.161526,40.264096,5,"1;3;6;8;12"
Root_3765,110.519862,25.315936,5,"0;3;6;8;12"
Root_3766,320.116726,44.893696,4,"3;6;8;12"
Root_3767,69.884246,20.973984,6,"0;1;2;6;8;12"
Root_3768,281.213302,41.251744,5,"1;2;6;8;12"
Root_3769,115.621046,26.303584,5,"0;2;6;8;12"
Root_3770,329.168502,45.881344,4,"2;6;8;12"
Root_3771,73.191606,21.899904,5,"0;1;6;8;12"
Root_3772,288.224342,42.177664,4,"1;6;8;12"
Root_3773,118.928406,27.229504,4,"0;6;8;12"
Root_3774,336.179542,46.807264,3,"6;8;12"
Root_3775,60.245085,17.720918,8,"0;1;2;3;4;5;8;12"
Root_3776,254.576515,37.998678,7,"1;2;3;4;5;8;12"
Root_3777,100.996522,23.050518,7,"0;2;3;4;5;8;12"
Root_3778,302.531715,42.628278,6,"2;3;4;5;8;12"
Root_3779,61.700605,18.646838,7,"0;1;3;4;5;8;12"
Root_3780,261.587555,38.924598,6,"1;3;4;5;8;12"
Root_3781,104.303882,23.976438,6,"0;3;4;5;8;12"
Root_3782,309.542755,43.554198,5,"3;4;5;8;12"
Root_3783,67.192006,19.634486,7,"0;1;2;4;5;8;12"
Root_3784,270.639331,39.912246,6,"1;2;4;5;8;12"
Root_3785,109.405066,24.964086,6,"0;2;4;5;8;12"
Root_3786,318.594531,44.541846,5,"2;4;5;8;12"
Root_3787,69.072019,20.560406,6,"0;1;4;5;8;12"
Root_3788,277.650371,40.838166,5,"1;4;5;8;12"
Root_3789,112.712426,25.890006,5,"0;4;5;8;12"
Root_3790,325.605571,45.467766,4,"4;5;8;12"
Root_3791,68.251059,19.943126,7,"0;1;2;3;5;8;12"
Root_3792,275.743011,40.220886,6,"1;2;3;5;8;12"
Root_3793,113.274186,25.272726,6,"0;2;3;5;8;12"
Root_3794,323.698211,44.850486,5,"2;3;5;8;12"
Root_3795,71.501546,20.869046,6,"0;1;3;5;8;12"
Root_3796,282.754051,41.146806,5,"1;3;5;8;12"
Root_3797,116.581546,26.198646,5,"0;3;5;8;12"
Root_3798,330.709251,45.776406,4,"3;5;8;12"
Root_3799,76.746035,21.856694,6,"0;1;2;5;8;12"
Root_3800,291.805827,42.134454,5,"1;2;5;8;12"
Root_3801,121.682730,27.186294,5,"0;2;5;8;12"
Root_3802,339.761027,46.764054,4,"2;5;8;12"
Root_3803,80.035904,22.782614,5,"0;1;5;8;12"
Root_3804,298.816867,43.060374,4,"1;5;8;12"
Root_3805,125.102304,28.112214,4,"0;5;8;12"
Root_3806,346.772067,47.689974,3,"5;8;12"
Root_3807,71.047485,19.264118,7,"0;1;2;3;4;8;12"
Root_3808,268.294915,39.541878,6,"1;2;3;4;8;12"
Root_3809,112.948403,24.593718,6,"0;2;3;4;8;12"
Root_3810,316.250115,44.171478,5,"2;3;4;8;12"
Root_3811,73.112682,20.190038,6,"0;1;3;4;8;12"
Root_3812,275.305955,40.467798,5,"1;3;4;8;12"
Root_3813,115.329843,25.519638,5,"0;3;4;8;12"
Root_3814,323.261155,45.097398,4,"3;4;8;12"
Root_3815,79.036179,21.177686,6,"0;1;2;4;8;12"
Root_3816,284.357731,41.455446,5,"1;2;4;8;12"
Root_3817,119.443379,26.507286,5,"0;2;4;8;12"
Root_3818,332.312931,46.085046,4,"2;4;8;12"
Root_3819,81.521226,22.103606,5,"0;1;4;8;12"
Root_3820,291.368771,42.381366,4,"1;4;8;12"
Root_3821,121.824819,27.433206,4,"0;4;8;12"
Root_3822,339.323971,47.010966,3,"4;8;12"
Root_3823,82.082986,21.486326,6,"0;1;2;3;8;12"
Root_3824,289.461411,41.764086,5,"1;2;3;8;12"
Root_3825,123.003859,26.815926,5,"0;2;3;8;12"
Root_3826,337.416611,46.393686,4,"2;3;8;12"
Root_3827,85.390346,22.412246,5,"0;1;3;8;12"
Root_3828,296.472451,42.690006,4,"1;3;8;12"
Root_3829,125.385299,27.741846,4,"0;3;8;12"
Root_3830,344.427651,47.319606,3,"3;8;12"
Root_3831,90.491530,23.399894,5,"0;1;2;8;12"
Root_3832,305.524227,43.677654,4,"1;2;8;12"
Root_3833,130.228330,28.729494,4,"0;2;8;12"
Root_3834,353.479427,48.307254,3,"2;8;12"
Root_3835,93.798890,24.325814,4,"0;1;8;12"
Root_3836,312.535267,44.603574,3,"1;8;12"
Root_3837,135.501933,29.655414,3,"0;8;12"
Root_3838,360.490467,49.233174,2,"8;12"
Root_3839,54.968736,16.899936,9,"0;1;2;3;4;5;6;7;12"
Root_3840,252.324726,37.177696,8,"1;2;3;4;5;6;7;12"
Root_3841,93.685462,22.229536,8,"0;2;3;4;5;6;7;12"
Root_3842,300.279926,41.807296,7,"2;3;4;5;6;7;12"
Root_3843,55.398272,17.825856,8,"0;1;3;4;5;6;7;12"
Root_3844,259.335766,38.103616,7,"1;3;4;5;6;7;12"
Root_3845,97.491478,23.155456,7,"0;3;4;5;6;7;12"
Root_3846,307.290966,42.733216,6,"3;4;5;6;7;12"
Root_3847,60.723008,18.813504,8,"0;1;2;4;5;6;7;12"
Root_3848,268.387542,39.091264,7,"1;2;4;5;6;7;12"
Root_3849,103.580310,24.143104,7,"0;2;4;5;6;7;12"
Root_3850,316.342742,43.720864,6,"2;4;5;6;7;12"
Root_3851,60.990784,19.739424,7,"0;1;4;5;6;7;12"
Root_3852,275.398582,40.017184,6,"1;4;5;6;7;12"
Root_3853,107.813590,25.069024,6,"0;4;5;6;7;12"
Root_3854,323.353782,44.646784,5,"4;5;6;7;12"
Root_3855,60.526528,19.122144,8,"0;1;2;3;5;6;7;12"
Root_3856,273.491222,39.399904,7,"1;2;3;5;6;7;12"
Root_3857,107.758070,24.451744,7,"0;2;3;5;6;7;12"
Root_3858,321.446422,44.029504,6,"2;3;5;6;7;12"
Root_3859,62.307776,20.048064,7,"0;1;3;5;6;7;12"
Root_3860,280.502262,40.325824,6,"1;3;5;6;7;12"
Root_3861,111.991350,25.377664,6,"0;3;5;6;7;12"
Root_3862,328.457462,44.955424,5,"3;5;6;7;12"
Root_3863,68.634870,21.035712,7,"0;1;2;5;6;7;12"
Root_3864,289.554038,41.313472,6,"1;2;5;6;7;12"
Root_3865,118.445494,26.365312,6,"0;2;5;6;7;12"
Root_3866,337.509238,45.943072,5,"2;5;6;7;12"
Root_3867,71.942230,21.961632,6,"0;1;5;6;7;12"
Root_3868,296.565078,42.239392,5,"1;5;6;7;12"
Root_3869,123.604694,27.291232,5,"0;5;6;7;12"
Root_3870,344.520278,46.868992,4,"5;6;7;12"
Root_3871,64.127872,18.443136,8,"0;1;2;3;4;6;7;12"
Root_3872,266.043126,38.720896,7,"1;2;3;4;6;7;12"
Root_3873,107.574262,23.772736,7,"0;2;3;4;6;7;12"
Root_3874,313.998326,43.350496,6,"2;3;4;6;7;12"
Root_3875,64.951200,19.369056,7,"0;1;3;4;6;7;12"
Root_3876,273.054166,39.646816,6,"1;3;4;6;7;12"
Root_3877,110.881622,24.698656,6,"0;3;4;6;7;12"
Root_3878,321.009366,44.276416,5,"3;4;6;7;12"
Root_3879,70.663392,20.356704,7,"0;1;2;4;6;7;12"
Root_3880,282.105942,40.634464,6,"1;2;4;6;7;12"
Root_3881,115.982806,25.686304,6,"0;2;4;6;7;12"
Root_3882,330.061142,45.264064,5,"2;4;6;7;12"
Root_3883,73.553366,21.282624,6,"0;1;4;6;7;12"
Root_3884,289.116982,41.560384,5,"1;4;6;7;12"
Root_3885,119.902390,26.612224,5,"0;4;6;7;12"
Root_3886,337.072182,46.189984,4,"4;6;7;12"
Root_3887,72.889216,20.665344,7,"0;1;2;3;6;7;12"
Root_3888,287.209622,40.943104,6,"1;2;3;6;7;12"
Root_3889,119.851926,25.994944,6,"0;2;3;6;7;12"
Root_3890,335.164822,45.572704,5,"2;3;6;7;12"
Root_3891,77.013750,21.591264,6,"0;1;3;6;7;12"
Root_3892,294.220662,41.869024,5,"1;3;6;7;12"
Root_3893,124.080150,26.920864,5,"0;3;6;7;12"
Root_3894,342.175862,46.498624,4,"3;6;7;12"
Root_3895,83.102582,22.578912,6,"0;1;2;6;7;12"
Root_3896,303.272438,42.856672,5,"1;2;6;7;12"
Root_3897,130.168982,27.908512,5,"0;2;6;7;12"
Root_3898,351.227638,47.486272,4,"2;6;7;12"
Root_3899,87.335862,23.504832,5,"0;1;6;7;12"
Root_3900,310.283478,43.782592,4,"1;6;7;12"
Root_3901,134.402262,28.834432,4,"0;6;7;12"
Root_3902,358.238678,48.412192,3,"6;7;12"
Root_3903,69.674653,19.325846,8,"0;1;2;3;4;5;7;12"
Root_3904,276.635651,39.603606,7,"1;2;3;4;5;7;12"
Root_3905,113.635946,24.655446,7,"0;2;3;4;5;7;12"
Root_3906,324.590851,44.233206,6,"2;3;4;5;7;12"
Root_3907,71.863306,20.251766,7,"0;1;3;4;5;7;12"
Root_3908,283.646691,40.529526,6,"1;3;4;5;7;12"
Root_3909,116.943306,25.581366,6,"0;3;4;5;7;12"
Root_3910,331.601891,45.159126,5,"3;4;5;7;12"
Root_3911,77.725075,21.239414,7,"0;1;2;4;5;7;12"
Root_3912,292.698467,41.517174,6,"1;2;4;5;7;12"
Root_3913,122.613504,26.569014,6,"0;2;4;5;7;12"
Root_3914,340.653667,46.146774,5,"2;4;5;7;12"
Root_3915,80.271850,22.165334,6,"0;1;4;5;7;12"
Root_3916,299.709507,42.443094,5,"1;4;5;7;12"
Root_3917,126.846784,27.494934,5,"0;4;5;7;12"
Root_3918,347.664707,47.072694,4,"4;5;7;12"
Root_3919,80.833610,21.548054,7,"0;1;2;3;5;7;12"
Root_3920,297.802147,41.825814,6,"1;2;3;5;7;12"
Root_3921,126.791264,26.877654,6,"0;2;3;5;7;12"
Root_3922,345.757347,46.455414,5,"2;3;5;7;12"
Root_3923,84.140970,22.473974,6,"0;1;3;5;7;12"
Root_3924,304.813187,42.751734,5,"1;3;5;7;12"
Root_3925,131.024544,27.803574,5,"0;3;5;7;12"
Root_3926,352.768387,47.381334,4,"3;5;7;12"
Root_3927,90.046976,23.461622,6,"0;1;2;5;7;12"
Root_3928,313.864963,43.739382,5,"1;2;5;7;12"
Root_3929,137.904598,28.791222,5,"0;2;5;7;12"
Root_3930,361.820163,48.368982,4,"2;5;7;12"
Root_3931,94.280256,24.387542,5,"0;1;5;7;12"
Root_3932,320.876003,44.665302,4,"1;5;7;12"
Root_3933,143.780941,29.717142,4,"0;5;7;12"
Root_3934,368.831203,49.294902,3,"5;7;12"
Root_3935,82.444746,20.869046,7,"0;1;2;3;4;7;12"
Root_3936,290.354051,41.146806,6,"1;2;3;4;7;12"
Root_3937,124.181546,26.198646,6,"0;2;3;4;7;12"
Root_3938,338.309251,45.776406,5,"2;3;4;7;12"
Root_3939,85.752106,21.794966,6,"0;1;3;4;7;12"
Root_3940,297.365091,42.072726,5,"1;3;4;7;12"
Root_3941,127.488906,27.124566,5,"0;3;4;7;12"
Root_3942,345.320291,46.702326,4,"3;4;7;12"
Root_3943,90.853290,22.782614,6,"0;1;2;4;7;12"
Root_3944,306.416867,43.060374,5,"1;2;4;7;12"
Root_3945,132.702304,28.112214,5,"0;2;4;7;12"
Root_3946,354.372067,47.689974,4,"2;4;7;12"
Root_3947,94.160650,23.708534,5,"0;1;4;7;12"
Root_3948,313.427907,43.986294,4,"1;4;7;12"
Root_3949,137.011853,29.038134,4,"0;4;7;12"
Root_3950,361.383107,48.615894,3,"4;7;12"
Root_3951,94.722410,23.091254,6,"0;1;2;3;7;12"
Root_3952,311.520547,43.369014,5,"1;2;3;7;12"
Root_3953,136.880064,28.420854,5,"0;2;3;7;12"
Root_3954,359.475747,47.998614,4,"2;3;7;12"
Root_3955,98.029770,24.017174,5,"0;1;3;7;12"
Root_3956,318.531587,44.294934,4,"1;3;7;12"
Root_3957,141.806893,29.346774,4,"0;3;7;12"
Root_3958,366.486787,48.924534,3,"3;7;12"
Root_3959,103.130954,25.004822,5,"0;1;2;7;12"
Root_3960,327.583363,45.282582,4,"1;2;7;12"
Root_3961,149.871021,30.334422,4,"0;2;7;12"
Root_3962,375.538563,49.912182,3,"2;7;12"
Root_3963,106.438314,25.930742,4,"0;1;7;12"
Root_3964,334.594403,46.208502,3,"1;7;12"
Root_3965,155.956141,31.260342,3,"0;7;12"
Root_3966,382.549603,50.838102,2,"7;12"
Root_3967,73.170912,19.924608,8,"0;1;2;3;4;5;6;12"
Root_3968,281.720790,40.202368,7,"1;2;3;4;5;6;12"
Root_3969,117.326038,25.254208,7,"0;2;3;4;5;6;12"
Root_3970,329.675990,44.831968,6,"2;3;4;5;6;12"
Root_3971,75.553398,20.850528,7,"0;1;3;4;5;6;12"
Root_3972,288.731830,41.128288,6,"1;3;4;5;6;12"
Root_3973,120.813526,26.180128,6,"0;3;4;5;6;12"
Root_3974,336.687030,45.757888,5,"3;4;5;6;12"
Root_3975,80.816406,21.838176,7,"0;1;2;4;5;6;12"
Root_3976,297.783606,42.115936,6,"1;2;4;5;6;12"
Root_3977,126.902358,27.167776,6,"0;2;4;5;6;12"
Root_3978,345.738806,46.745536,5,"2;4;5;6;12"
Root_3979,84.069238,22.764096,6,"0;1;4;5;6;12"
Root_3980,304.794646,43.041856,5,"1;4;5;6;12"
Root_3981,131.135638,28.093696,5,"0;4;5;6;12"
Root_3982,352.749846,47.671456,4,"4;5;6;12"
Root_3983,84.523702,22.146816,7,"0;1;2;3;5;6;12"
Root_3984,302.887286,42.424576,6,"1;2;3;5;6;12"
Root_3985,131.080118,27.476416,6,"0;2;3;5;6;12"
Root_3986,350.842486,47.054176,5,"2;3;5;6;12"
Root_3987,88.246998,23.072736,6,"0;1;3;5;6;12"
Root_3988,309.898326,43.350496,5,"1;3;5;6;12"
Root_3989,135.313398,28.402336,5,"0;3;5;6;12"
Root_3990,357.853526,47.980096,4,"3;5;6;12"
Root_3991,94.335830,24.060384,6,"0;1;2;5;6;12"
Root_3992,318.950102,44.338144,5,"1;2;5;6;12"
Root_3993,142.182198,29.389984,5,"0;2;5;6;12"
Root_3994,366.905302,48.967744,4,"2;5;6;12"
Root_3995,98.569110,24.986304,5,"0;1;5;6;12"
Root_3996,325.961142,45.264064,4,"1;5;6;12"
Root_3997,148.267318,30.315904,4,"0;5;6;12"
Root_3998,373.916342,49.893664,3,"5;6;12"
Root_3999,86.134838,21.467808,7,"0;1;2;3;4;6;12"
Root_4000,295.439190,41.745568,6,"1;2;3;4;6;12"
Root_4001,127.871638,26.797408,6,"0;2;3;4;6;12"
Root_4002,343.394390,46.375168,5,"2;3;4;6;12"
Root_4003,89.442198,22.393728,6,"0;1;3;4;6;12"
Root_4004,302.450230,42.671488,5,"1;3;4;6;12"
Root_4005,131.178998,27.723328,5,"0;3;4;6;12"
Root_4006,350.405430,47.301088,4,"3;4;6;12"
Root_4007,94.543382,23.381376,6,"0;1;2;4;6;12"
Root_4008,311.502006,43.659136,5,"1;2;4;6;12"
Root_4009,136.280182,28.710976,5,"0;2;4;6;12"
Root_4010,359.457206,48.288736,4,"2;4;6;12"
Root_4011,97.850742,24.307296,5,"0;1;4;6;12"
Root_4012,318.513046,44.585056,4,"1;4;6;12"
Root_4013,141.498230,29.636896,4,"0;4;6;12"
Root_4014,366.468246,49.214656,3,"4;6;12"
Root_4015,98.412502,23.690016,6,"0;1;2;3;6;12"
Root_4016,316.605686,43.967776,5,"1;2;3;6;12"
Root_4017,140.208150,29.019616,5,"0;2;3;6;12"
Root_4018,364.560886,48.597376,4,"2;3;6;12"
Root_4019,101.719862,24.615936,5,"0;1;3;6;12"
Root_4020,323.616726,44.893696,4,"1;3;6;12"
Root_4021,146.293270,29.945536,4,"0;3;6;12"
Root_4022,371.571926,49.523296,3,"3;6;12"
Root_4023,106.821046,25.603584,5,"0;1;2;6;12"
Root_4024,332.668502,45.881344,4,"1;2;6;12"
Root_4025,154.357398,30.933184,4,"0;2;6;12"
Root_4026,380.623702,50.510944,3,"2;6;12"
Root_4027,110.657910,26.529504,4,"0;1;6;12"
Root_4028,339.679542,46.807264,3,"1;6;12"
Root_4029,160.442518,31.859104,3,"0;6;12"
Root_4030,387.634742,51.436864,2,"6;12"
Root_4031,92.502803,22.350518,7,"0;1;2;3;4;5;12"
Root_4032,306.031715,42.628278,6,"1;2;3;4;5;12"
Root_4033,133.933322,27.680118,6,"0;2;3;4;5;12"
Root_4034,353.986915,47.257878,5,"2;3;4;5;12"
Root_4035,95.503882,23.276438,6,"0;1;3;4;5;12"
Root_4036,313.042755,43.554198,5,"1;3;4;5;12"
Root_4037,137.846720,28.606038,5,"0;3;4;5;12"
Root_4038,360.997955,48.183798,4,"3;4;5;12"
Root_4039,100.605066,24.264086,6,"0;1;2;4;5;12"
Root_4040,322.094531,44.541846,5,"1;2;4;5;12"
Root_4041,145.122925,29.593686,5,"0;2;4;5;12"
Root_4042,370.049731,49.171446,4,"2;4;5;12"
Root_4043,103.912426,25.190006,5,"0;1;4;5;12"
Root_4044,329.105571,45.467766,4,"1;4;5;12"
Root_4045,151.208045,30.519606,4,"0;4;5;12"
Root_4046,377.060771,50.097366,3,"4;5;12"
Root_4047,104.474186,24.572726,6,"0;1;2;3;5;12"
Root_4048,327.198211,44.850486,5,"1;2;3;5;12"
Root_4049,149.917965,29.902326,5,"0;2;3;5;12"
Root_4050,375.153411,49.480086,4,"2;3;5;12"
Root_4051,107.781546,25.498646,5,"0;1;3;5;12"
Root_4052,334.209251,45.776406,4,"1;3;5;12"
Root_4053,156.003085,30.828246,4,"0;3;5;12"
Root_4054,382.164451,50.406006,3,"3;5;12"
Root_4055,113.369024,26.486294,5,"0;1;2;5;12"
Root_4056,343.261027,46.764054,4,"1;2;5;12"
Root_4057,164.067213,31.815894,4,"0;2;5;12"
Root_4058,391.216227,51.393654,3,"2;5;12"
Root_4059,117.602304,27.412214,4,"0;1;5;12"
Root_4060,350.272067,47.689974,3,"1;5;12"
Root_4061,170.894147,32.741814,3,"0;5;12"
Root_4062,398.227267,52.319574,2,"5;12"
Root_4063,104.848403,23.893718,6,"0;1;2;3;4;12"
Root_4064,319.750115,44.171478,5,"1;2;3;4;12"
Root_4065,143.148877,29.223318,5,"0;2;3;4;12"
Root_4066,367.705315,48.801078,4,"2;3;4;12"
Root_4067,107.229843,24.819638,5,"0;1;3;4;12"
Root_4068,326.761155,45.097398,4,"1;3;4;12"
Root_4069,149.233997,30.149238,4,"0;3;4;12"
Root_4070,374.716355,49.726998,3,"3;4;12"
Root_4071,111.343379,25.807286,5,"0;1;2;4;12"
Root_4072,335.812931,46.085046,4,"1;2;4;12"
Root_4073,157.298125,31.136886,4,"0;2;4;12"
Root_4074,383.768131,50.714646,3,"2;4;12"
Root_4075,114.458026,26.733206,4,"0;1;4;12"
Root_4076,342.823971,47.010966,3,"1;4;12"
Root_4077,163.446051,32.062806,3,"0;4;12"
Root_4078,390.779171,51.640566,2,"4;12"
Root_4079,115.019786,26.115926,5,"0;1;2;3;12"
Root_4080,340.916611,46.393686,4,"1;2;3;12"
Root_4081,162.093165,31.445526,4,"0;2;3;12"
Root_4082,388.871811,51.023286,3,"2;3;12"
Root_4083,118.327146,27.041846,4,"0;1;3;12"
Root_4084,347.927651,47.319606,3,"1;3;12"
Root_4085,168.549731,32.371446,3,"0;3;12"
Root_4086,395.882851,51.949206,2,"3;12"
Root_4087,123.457824,28.029494,4,"0;1;2;12"
Root_4088,356.979427,48.307254,3,"1;2;12"
Root_4089,177.601507,33.359094,3,"0;2;12"
Root_4090,404.934627,52.936854,2,"2;12"
Root_4091,127.691104,28.955414,3,"0;1;12"
Root_4092,363.990467,49.233174,2,"1;12"
Root_4093,184.612547,34.285014,2,"0;12"
Root_4094,411.945667,53.862774,1,"12"
Root_4095,17.907360,8.729600,12,"0;1;2;3;4;5;6;7;8;9;10;11"
Root_4096,204.380694,31.807360,11,"1;2;3;4;5;6;7;8;9;10;11"
Root_4097,56.572352,16.859200,11,"0;2;3;4;5;6;7;8;9;10;11"
Root_4098,252.335894,36.436960,10,"2;3;4;5;6;7;8;9;10;11"
Root_4099,19.211008,9.655520,11,"0;1;3;4;5;6;7;8;9;10;11"
Root_4100,211.391734,32.733280,10,"1;3;4;5;6;7;8;9;10;11"
Root_4101,58.542592,17.785120,10,"0;3;4;5;6;7;8;9;10;11"
Root_4102,259.346934,37.362880,9,"3;4;5;6;7;8;9;10;11"
Root_4103,32.960224,13.443168,11,"0;1;2;4;5;6;7;8;9;10;11"
Root_4104,220.443510,33.720928,10,"1;2;4;5;6;7;8;9;10;11"
Root_4105,65.883360,18.772768,10,"0;2;4;5;6;7;8;9;10;11"
Root_4106,268.398710,38.350528,9,"2;4;5;6;7;8;9;10;11"
Root_4107,34.563904,14.369088,10,"0;1;4;5;6;7;8;9;10;11"
Root_4108,227.454550,34.646848,9,"1;4;5;6;7;8;9;10;11"
Root_4109,67.962240,19.698688,9,"0;4;5;6;7;8;9;10;11"
Root_4110,275.409750,39.276448,8,"4;5;6;7;8;9;10;11"
Root_4111,24.751680,12.351808,11,"0;1;2;3;5;6;7;8;9;10;11"
Root_4112,225.547190,34.029568,10,"1;2;3;5;6;7;8;9;10;11"
Root_4113,66.222688,19.081408,10,"0;2;3;5;6;7;8;9;10;11"
Root_4114,273.502390,38.659168,9,"2;3;5;6;7;8;9;10;11"
Root_4115,25.920736,13.277728,10,"0;1;3;5;6;7;8;9;10;11"
Root_4116,232.558230,34.955488,9,"1;3;5;6;7;8;9;10;11"
Root_4117,69.530048,20.007328,9,"0;3;5;6;7;8;9;10;11"
Root_4118,280.513430,39.585088,8,"3;5;6;7;8;9;10;11"
Root_4119,39.349056,15.665376,10,"0;1;2;5;6;7;8;9;10;11"
Root_4120,241.610006,35.943136,9,"1;2;5;6;7;8;9;10;11"
Root_4121,75.903958,20.994976,9,"0;2;5;6;7;8;9;10;11"
Root_4122,289.565206,40.572736,8,"2;5;6;7;8;9;10;11"
Root_4123,38.952736,16.591296,9,"0;1;5;6;7;8;9;10;11"
Root_4124,248.621046,36.869056,8,"1;5;6;7;8;9;10;11"
Root_4125,80.137238,21.920896,8,"0;5;6;7;8;9;10;11"
Root_4126,296.576246,41.498656,7,"5;6;7;8;9;10;11"
Root_4127,22.310944,10.972800,11,"0;1;2;3;4;6;7;8;9;10;11"
Root_4128,218.099094,33.350560,10,"1;2;3;4;6;7;8;9;10;11"
Root_4129,68.506752,18.402400,10,"0;2;3;4;6;7;8;9;10;11"
Root_4130,266.054294,37.980160,9,"2;3;4;6;7;8;9;10;11"
Root_4131,25.088704,11.898720,10,"0;1;3;4;6;7;8;9;10;11"
Root_4132,225.110134,34.276480,9,"1;3;4;6;7;8;9;10;11"
Root_4133,71.141184,19.328320,9,"0;3;4;6;7;8;9;10;11"
Root_4134,273.065334,38.906080,8,"3;4;6;7;8;9;10;11"
Root_4135,41.662592,14.986368,10,"0;1;2;4;6;7;8;9;10;11"
Root_4136,234.161910,35.264128,9,"1;2;4;6;7;8;9;10;11"
Root_4137,77.926400,20.315968,9,"0;2;4;6;7;8;9;10;11"
Root_4138,282.117110,39.893728,8,"2;4;6;7;8;9;10;11"
Root_4139,42.279904,15.912288,9,"0;1;4;6;7;8;9;10;11"
Root_4140,241.172950,36.190048,8,"1;4;6;7;8;9;10;11"
Root_4141,81.069366,21.241888,8,"0;4;6;7;8;9;10;11"
Root_4142,289.128150,40.819648,7,"4;6;7;8;9;10;11"
Root_4143,31.310784,13.895008,10,"0;1;2;3;6;7;8;9;10;11"
Root_4144,239.265590,35.572768,9,"1;2;3;6;7;8;9;10;11"
Root_4145,80.111488,20.624608,9,"0;2;3;6;7;8;9;10;11"
Root_4146,287.220790,40.202368,8,"2;3;6;7;8;9;10;11"
Root_4147,32.914464,14.820928,9,"0;1;3;6;7;8;9;10;11"
Root_4148,246.276630,36.498688,8,"1;3;6;7;8;9;10;11"
Root_4149,84.797654,21.550528,8,"0;3;6;7;8;9;10;11"
Root_4150,294.231830,41.128288,7,"3;6;7;8;9;10;11"
Root_4151,47.273632,17.208576,9,"0;1;2;6;7;8;9;10;11"
Root_4152,255.328406,37.486336,8,"1;2;6;7;8;9;10;11"
Root_4153,91.874134,22.538176,8,"0;2;6;7;8;9;10;11"
Root_4154,303.283606,42.115936,7,"2;6;7;8;9;10;11"
Root_4155,48.667328,18.134496,8,"0;1;6;7;8;9;10;11"
Root_4156,262.339446,38.412256,7,"1;6;7;8;9;10;11"
Root_4157,97.033334,23.464096,7,"0;6;7;8;9;10;11"
Root_4158,310.294646,43.041856,6,"6;7;8;9;10;11"
Root_4159,25.840506,11.855510,11,"0;1;2;3;4;5;7;8;9;10;11"
Root_4160,228.691619,34.233270,10,"1;2;3;4;5;7;8;9;10;11"
Root_4161,75.778218,19.285110,10,"0;2;3;4;5;7;8;9;10;11"
Root_4162,276.646819,38.862870,9,"2;3;4;5;7;8;9;10;11"
Root_4163,27.844186,12.781430,10,"0;1;3;4;5;7;8;9;10;11"
Root_4164,235.702659,35.159190,9,"1;3;4;5;7;8;9;10;11"
Root_4165,79.085578,20.211030,9,"0;3;4;5;7;8;9;10;11"
Root_4166,283.657859,39.788790,8,"3;4;5;7;8;9;10;11"
Root_4167,46.958854,15.869078,10,"0;1;2;4;5;7;8;9;10;11"
Root_4168,244.754435,36.146838,9,"1;2;4;5;7;8;9;10;11"
Root_4169,85.238602,21.198678,9,"0;2;4;5;7;8;9;10;11"
Root_4170,292.709635,40.776438,8,"2;4;5;7;8;9;10;11"
Root_4171,47.488454,16.794998,9,"0;1;4;5;7;8;9;10;11"
Root_4172,251.765475,37.072758,8,"1;4;5;7;8;9;10;11"
Root_4173,88.670560,22.124598,8,"0;4;5;7;8;9;10;11"
Root_4174,299.720675,41.702358,7,"4;5;7;8;9;10;11"
Root_4175,36.502054,14.777718,10,"0;1;2;3;5;7;8;9;10;11"
Root_4176,249.858115,36.455478,9,"1;2;3;5;7;8;9;10;11"
Root_4177,88.615040,21.507318,9,"0;2;3;5;7;8;9;10;11"
Root_4178,297.813315,41.085078,8,"2;3;5;7;8;9;10;11"
Root_4179,37.328016,15.703638,9,"0;1;3;5;7;8;9;10;11"
Root_4180,256.869155,37.381398,8,"1;3;5;7;8;9;10;11"
Root_4181,92.848320,22.433238,8,"0;3;5;7;8;9;10;11"
Root_4182,304.824355,42.010998,7,"3;5;7;8;9;10;11"
Root_4183,53.390781,18.091286,9,"0;1;2;5;7;8;9;10;11"
Root_4184,265.920931,38.369046,8,"1;2;5;7;8;9;10;11"
Root_4185,99.701238,23.420886,8,"0;2;5;7;8;9;10;11"
Root_4186,313.876131,42.998646,7,"2;5;7;8;9;10;11"
Root_4187,54.846301,19.017206,8,"0;1;5;7;8;9;10;11"
Root_4188,272.931971,39.294966,7,"1;5;7;8;9;10;11"
Root_4189,104.860438,24.346806,7,"0;5;7;8;9;10;11"
Root_4190,320.887171,43.924566,6,"5;7;8;9;10;11"
Root_4191,32.950214,13.398710,10,"0;1;2;3;4;7;8;9;10;11"
Root_4192,242.410019,35.776470,9,"1;2;3;4;7;8;9;10;11"
Root_4193,89.667018,20.828310,9,"0;2;3;4;7;8;9;10;11"
Root_4194,290.365219,40.406070,8,"2;3;4;7;8;9;10;11"
Root_4195,35.479814,14.324630,9,"0;1;3;4;7;8;9;10;11"
Root_4196,249.421059,36.702390,8,"1;3;4;7;8;9;10;11"
Root_4197,93.780448,21.754230,8,"0;3;4;7;8;9;10;11"
Root_4198,297.376259,41.331990,7,"3;4;7;8;9;10;11"
Root_4199,56.359933,17.412278,9,"0;1;2;4;7;8;9;10;11"
Root_4200,258.472835,37.690038,8,"1;2;4;7;8;9;10;11"
Root_4201,99.869280,22.741878,8,"0;2;4;7;8;9;10;11"
Root_4202,306.428035,42.319638,7,"2;4;7;8;9;10;11"
Root_4203,57.815453,18.338198,8,"0;1;4;7;8;9;10;11"
Root_4204,265.483875,38.615958,7,"1;4;7;8;9;10;11"
Root_4205,104.102560,23.667798,7,"0;4;7;8;9;10;11"
Root_4206,313.439075,43.245558,6,"4;7;8;9;10;11"
Root_4207,45.761254,16.320918,9,"0;1;2;3;7;8;9;10;11"
Root_4208,263.576515,37.998678,8,"1;2;3;7;8;9;10;11"
Root_4209,104.047040,23.050518,8,"0;2;3;7;8;9;10;11"
Root_4210,311.531715,42.628278,7,"2;3;7;8;9;10;11"
Root_4211,46.537693,17.246838,8,"0;1;3;7;8;9;10;11"
Root_4212,270.587555,38.924598,7,"1;3;7;8;9;10;11"
Root_4213,108.280320,23.976438,7,"0;3;7;8;9;10;11"
Root_4214,318.542755,43.554198,6,"3;7;8;9;10;11"
Root_4215,64.752339,19.634486,8,"0;1;2;7;8;9;10;11"
Root_4216,279.639331,39.912246,7,"1;2;7;8;9;10;11"
Root_4217,114.369152,24.964086,7,"0;2;7;8;9;10;11"
Root_4218,327.594531,44.541846,6,"2;7;8;9;10;11"
Root_4219,67.923786,20.560406,7,"0;1;7;8;9;10;11"
Root_4220,286.650371,40.838166,6,"1;7;8;9;10;11"
Root_4221,118.602432,25.890006,6,"0;7;8;9;10;11"
Root_4222,334.605571,45.467766,5,"7;8;9;10;11"
Root_4223,40.437856,14.554272,11,"0;1;2;3;4;5;6;8;9;10;11"
Root_4224,233.776758,34.832032,10,"1;2;3;4;5;6;8;9;10;11"
Root_4225,80.358528,19.883872,10,"0;2;3;4;5;6;8;9;10;11"
Root_4226,281.731958,39.461632,9,"2;3;4;5;6;8;9;10;11"
Root_4227,42.413184,15.480192,10,"0;1;3;4;5;6;8;9;10;11"
Root_4228,240.787798,35.757952,9,"1;3;4;5;6;8;9;10;11"
Root_4229,82.775670,20.809792,9,"0;3;4;5;6;8;9;10;11"
Root_4230,288.742998,40.387552,8,"3;4;5;6;8;9;10;11"
Root_4231,50.551424,16.467840,10,"0;1;2;4;5;6;8;9;10;11"
Root_4232,249.839574,36.745600,9,"1;2;4;5;6;8;9;10;11"
Root_4233,88.928694,21.797440,9,"0;2;4;5;6;8;9;10;11"
Root_4234,297.794774,41.375200,8,"2;4;5;6;8;9;10;11"
Root_4235,51.204384,17.393760,9,"0;1;4;5;6;8;9;10;11"
Root_4236,256.850614,37.671520,8,"1;4;5;6;8;9;10;11"
Root_4237,93.025974,22.723360,8,"0;4;5;6;8;9;10;11"
Root_4238,304.805814,42.301120,7,"4;5;6;8;9;10;11"
Root_4239,48.494624,16.776480,10,"0;1;2;3;5;6;8;9;10;11"
Root_4240,254.943254,37.054240,9,"1;2;3;5;6;8;9;10;11"
Root_4241,92.903894,22.106080,9,"0;2;3;5;6;8;9;10;11"
Root_4242,302.898454,41.683840,8,"2;3;5;6;8;9;10;11"
Root_4243,50.158624,17.702400,9,"0;1;3;5;6;8;9;10;11"
Root_4244,261.954294,37.980160,8,"1;3;5;6;8;9;10;11"
Root_4245,97.512374,23.032000,8,"0;3;5;6;8;9;10;11"
Root_4246,309.909494,42.609760,7,"3;5;6;8;9;10;11"
Root_4247,57.582112,18.690048,9,"0;1;2;5;6;8;9;10;11"
Root_4248,271.006070,38.967808,8,"1;2;5;6;8;9;10;11"
Root_4249,104.588854,24.019648,8,"0;2;5;6;8;9;10;11"
Root_4250,318.961270,43.597408,7,"2;5;6;8;9;10;11"
Root_4251,59.037632,19.615968,8,"0;1;5;6;8;9;10;11"
Root_4252,278.017110,39.893728,7,"1;5;6;8;9;10;11"
Root_4253,109.748054,24.945568,7,"0;5;6;8;9;10;11"
Root_4254,325.972310,44.523328,6,"5;6;8;9;10;11"
Root_4255,51.240256,16.097472,10,"0;1;2;3;4;6;8;9;10;11"
Root_4256,247.495158,36.375232,9,"1;2;3;4;6;8;9;10;11"
Root_4257,93.836022,21.427072,9,"0;2;3;4;6;8;9;10;11"
Root_4258,295.450358,41.004832,8,"2;3;4;6;8;9;10;11"
Root_4259,52.695776,17.023392,9,"0;1;3;4;6;8;9;10;11"
Root_4260,254.506198,37.301152,8,"1;3;4;6;8;9;10;11"
Root_4261,98.069302,22.352992,8,"0;3;4;6;8;9;10;11"
Root_4262,302.461398,41.930752,7,"3;4;6;8;9;10;11"
Root_4263,60.551264,18.011040,9,"0;1;2;4;6;8;9;10;11"
Root_4264,263.557974,38.288800,8,"1;2;4;6;8;9;10;11"
Root_4265,104.158134,23.340640,8,"0;2;4;6;8;9;10;11"
Root_4266,311.513174,42.918400,7,"2;4;6;8;9;10;11"
Root_4267,62.006784,18.936960,8,"0;1;4;6;8;9;10;11"
Root_4268,270.569014,39.214720,7,"1;4;6;8;9;10;11"
Root_4269,108.391414,24.266560,7,"0;4;6;8;9;10;11"
Root_4270,318.524214,43.844320,6,"4;6;8;9;10;11"
Root_4271,60.122784,18.319680,9,"0;1;2;3;6;8;9;10;11"
Root_4272,268.661654,38.597440,8,"1;2;3;6;8;9;10;11"
Root_4273,108.335894,23.649280,8,"0;2;3;6;8;9;10;11"
Root_4274,316.616854,43.227040,7,"2;3;6;8;9;10;11"
Root_4275,62.504224,19.245600,8,"0;1;3;6;8;9;10;11"
Root_4276,275.672694,39.523360,7,"1;3;6;8;9;10;11"
Root_4277,112.569174,24.575200,7,"0;3;6;8;9;10;11"
Root_4278,323.627894,44.152960,6,"3;6;8;9;10;11"
Root_4279,68.847360,20.233248,8,"0;1;2;6;8;9;10;11"
Root_4280,284.724470,40.511008,7,"1;2;6;8;9;10;11"
Root_4281,118.658006,25.562848,7,"0;2;6;8;9;10;11"
Root_4282,332.679670,45.140608,6,"2;6;8;9;10;11"
Root_4283,71.824886,21.159168,7,"0;1;6;8;9;10;11"
Root_4284,291.735510,41.436928,6,"1;6;8;9;10;11"
Root_4285,122.891286,26.488768,6,"0;6;8;9;10;11"
Root_4286,339.690710,46.066528,5,"6;8;9;10;11"
Root_4287,57.419229,16.980182,10,"0;1;2;3;4;5;8;9;10;11"
Root_4288,258.087683,37.257942,9,"1;2;3;4;5;8;9;10;11"
Root_4289,101.127434,22.309782,9,"0;2;3;4;5;8;9;10;11"
Root_4290,306.042883,41.887542,8,"2;3;4;5;8;9;10;11"
Root_4291,59.510451,17.906102,9,"0;1;3;4;5;8;9;10;11"
Root_4292,265.098723,38.183862,8,"1;3;4;5;8;9;10;11"
Root_4293,105.013696,23.235702,8,"0;3;4;5;8;9;10;11"
Root_4294,313.053923,42.813462,7,"3;4;5;8;9;10;11"
Root_4295,66.730237,18.893750,9,"0;1;2;4;5;8;9;10;11"
Root_4296,274.150499,39.171510,8,"1;2;4;5;8;9;10;11"
Root_4297,111.102528,24.223350,8,"0;2;4;5;8;9;10;11"
Root_4298,322.105699,43.801110,7,"2;4;5;8;9;10;11"
Root_4299,68.235027,19.819670,8,"0;1;4;5;8;9;10;11"
Root_4300,281.161539,40.097430,7,"1;4;5;8;9;10;11"
Root_4301,115.335808,25.149270,7,"0;4;5;8;9;10;11"
Root_4302,329.116739,44.727030,6,"4;5;8;9;10;11"
Root_4303,67.184467,19.202390,9,"0;1;2;3;5;8;9;10;11"
Root_4304,279.254179,39.480150,8,"1;2;3;5;8;9;10;11"
Root_4305,115.280288,24.531990,8,"0;2;3;5;8;9;10;11"
Root_4306,327.209379,44.109750,7,"2;3;5;8;9;10;11"
Root_4307,69.923818,20.128310,8,"0;1;3;5;8;9;10;11"
Root_4308,286.265219,40.406070,7,"1;3;5;8;9;10;11"
Root_4309,119.513568,25.457910,7,"0;3;5;8;9;10;11"
Root_4310,334.220419,45.035670,6,"3;5;8;9;10;11"
Root_4311,76.076842,21.115958,8,"0;1;2;5;8;9;10;11"
Root_4312,295.316995,41.393718,7,"1;2;5;8;9;10;11"
Root_4313,125.602400,26.445558,7,"0;2;5;8;9;10;11"
Root_4314,343.272195,46.023318,6,"2;5;8;9;10;11"
Root_4315,79.426080,22.041878,7,"0;1;5;8;9;10;11"
Root_4316,302.328035,42.319638,6,"1;5;8;9;10;11"
Root_4317,129.835680,27.371478,6,"0;5;8;9;10;11"
Root_4318,350.283235,46.949238,5,"5;8;9;10;11"
Root_4319,69.474611,18.523382,9,"0;1;2;3;4;8;9;10;11"
Root_4320,271.806083,38.801142,8,"1;2;3;4;8;9;10;11"
Root_4321,115.016234,23.852982,8,"0;2;3;4;8;9;10;11"
Root_4322,319.761283,43.430742,7,"2;3;4;8;9;10;11"
Root_4323,71.856051,19.449302,8,"0;1;3;4;8;9;10;11"
Root_4324,278.817123,39.727062,7,"1;3;4;8;9;10;11"
Root_4325,118.323594,24.778902,7,"0;3;4;8;9;10;11"
Root_4326,326.772323,44.356662,6,"3;4;8;9;10;11"
Root_4327,78.199187,20.436950,8,"0;1;2;4;8;9;10;11"
Root_4328,287.868899,40.714710,7,"1;2;4;8;9;10;11"
Root_4329,123.424778,25.766550,7,"0;2;4;8;9;10;11"
Root_4330,335.824099,45.344310,6,"2;4;8;9;10;11"
Root_4331,80.995338,21.362870,7,"0;1;4;8;9;10;11"
Root_4332,294.879939,41.640630,6,"1;4;8;9;10;11"
Root_4333,126.732138,26.692470,6,"0;4;8;9;10;11"
Root_4334,342.835139,46.270230,5,"4;8;9;10;11"
Root_4335,80.505258,20.745590,8,"0;1;2;3;8;9;10;11"
Root_4336,292.972579,41.023350,7,"1;2;3;8;9;10;11"
Root_4337,127.293898,26.075190,7,"0;2;3;8;9;10;11"
Root_4338,340.927779,45.652950,6,"2;3;8;9;10;11"
Root_4339,84.535968,21.671510,7,"0;1;3;8;9;10;11"
Root_4340,299.983619,41.949270,6,"1;3;8;9;10;11"
Root_4341,130.601258,27.001110,6,"0;3;8;9;10;11"
Root_4342,347.938819,46.578870,5,"3;8;9;10;11"
Root_4343,90.624800,22.659158,7,"0;1;2;8;9;10;11"
Root_4344,309.035395,42.936918,6,"1;2;8;9;10;11"
Root_4345,135.702442,27.988758,6,"0;2;8;9;10;11"
Root_4346,356.990595,47.566518,5,"2;8;9;10;11"
Root_4347,94.858080,23.585078,6,"0;1;8;9;10;11"
Root_4348,316.046435,43.862838,5,"1;8;9;10;11"
Root_4349,139.924480,28.914678,5,"0;8;9;10;11"
Root_4350,364.001635,48.492438,4,"8;9;10;11"
Root_4351,32.713152,13.359200,11,"0;1;2;3;4;5;6;7;9;10;11"
Root_4352,255.835894,36.436960,10,"1;2;3;4;5;6;7;9;10;11"
Root_4353,92.648374,21.488800,10,"0;2;3;4;5;6;7;9;10;11"
Root_4354,303.791094,41.066560,9,"2;3;4;5;6;7;9;10;11"
Root_4355,35.242752,14.285120,10,"0;1;3;4;5;6;7;9;10;11"
Root_4356,262.846934,37.362880,9,"1;3;4;5;6;7;9;10;11"
Root_4357,96.881654,22.414720,9,"0;3;4;5;6;7;9;10;11"
Root_4358,310.802134,41.992480,8,"3;4;5;6;7;9;10;11"
Root_4359,60.180992,18.072768,10,"0;1;2;4;5;6;7;9;10;11"
Root_4360,271.898710,38.350528,9,"1;2;4;5;6;7;9;10;11"
Root_4361,103.716054,23.402368,9,"0;2;4;5;6;7;9;10;11"
Root_4362,319.853910,42.980128,8,"2;4;5;6;7;9;10;11"
Root_4363,60.710592,18.998688,9,"0;1;4;5;6;7;9;10;11"
Root_4364,278.909750,39.276448,8,"1;4;5;6;7;9;10;11"
Root_4365,108.875254,24.328288,8,"0;4;5;6;7;9;10;11"
Root_4366,326.864950,43.906048,7,"4;5;6;7;9;10;11"
Root_4367,49.724192,16.981408,10,"0;1;2;3;5;6;7;9;10;11"
Root_4368,277.002390,38.659168,9,"1;2;3;5;6;7;9;10;11"
Root_4369,108.202454,23.711008,9,"0;2;3;5;6;7;9;10;11"
Root_4370,324.957590,43.288768,8,"2;3;5;6;7;9;10;11"
Root_4371,51.161120,17.907328,9,"0;1;3;5;6;7;9;10;11"
Root_4372,284.013430,39.585088,8,"1;3;5;6;7;9;10;11"
Root_4373,113.361654,24.636928,8,"0;3;5;6;7;9;10;11"
Root_4374,331.968630,44.214688,7,"3;5;6;7;9;10;11"
Root_4375,67.536256,20.294976,9,"0;1;2;5;6;7;9;10;11"
Root_4376,293.065206,40.572736,8,"1;2;5;6;7;9;10;11"
Root_4377,120.438134,25.624576,8,"0;2;5;6;7;9;10;11"
Root_4378,341.020406,45.202336,7,"2;5;6;7;9;10;11"
Root_4379,70.637238,21.220896,8,"0;1;5;6;7;9;10;11"
Root_4380,300.076246,41.498656,7,"1;5;6;7;9;10;11"
Root_4381,126.147830,26.550496,7,"0;5;6;7;9;10;11"
Root_4382,348.031446,46.128256,6,"5;6;7;9;10;11"
Root_4383,47.774752,15.602400,10,"0;1;2;3;4;6;7;9;10;11"
Root_4384,269.554294,37.980160,9,"1;2;3;4;6;7;9;10;11"
Root_4385,108.080374,23.032000,9,"0;2;3;4;6;7;9;10;11"
Root_4386,317.509494,42.609760,8,"2;3;4;6;7;9;10;11"
Root_4387,49.230272,16.528320,9,"0;1;3;4;6;7;9;10;11"
Root_4388,276.565334,38.906080,8,"1;3;4;6;7;9;10;11"
Root_4389,112.313654,23.957920,8,"0;3;4;6;7;9;10;11"
Root_4390,324.520534,43.535680,7,"3;4;6;7;9;10;11"
Root_4391,69.980832,19.615968,9,"0;1;2;4;6;7;9;10;11"
Root_4392,285.617110,39.893728,8,"1;2;4;6;7;9;10;11"
Root_4393,118.402486,24.945568,8,"0;2;4;6;7;9;10;11"
Root_4394,333.572310,44.523328,7,"2;4;6;7;9;10;11"
Root_4395,72.207840,20.541888,8,"0;1;4;6;7;9;10;11"
Root_4396,292.628150,40.819648,7,"1;4;6;7;9;10;11"
Root_4397,122.635766,25.871488,7,"0;4;6;7;9;10;11"
Root_4398,340.583350,45.449248,6,"4;6;7;9;10;11"
Root_4399,60.508000,18.524608,9,"0;1;2;3;6;7;9;10;11"
Root_4400,290.720790,40.202368,8,"1;2;3;6;7;9;10;11"
Root_4401,122.580246,25.254208,8,"0;2;3;6;7;9;10;11"
Root_4402,338.675990,44.831968,7,"2;3;6;7;9;10;11"
Root_4403,62.338720,19.450528,8,"0;1;3;6;7;9;10;11"
Root_4404,297.731830,41.128288,7,"1;3;6;7;9;10;11"
Root_4405,126.993654,26.180128,7,"0;3;6;7;9;10;11"
Root_4406,345.687030,45.757888,6,"3;6;7;9;10;11"
Root_4407,81.835958,21.838176,8,"0;1;2;6;7;9;10;11"
Root_4408,306.783606,42.115936,7,"1;2;6;7;9;10;11"
Root_4409,134.070134,27.167776,7,"0;2;6;7;9;10;11"
Root_4410,354.738806,46.745536,6,"2;6;7;9;10;11"
Root_4411,86.833334,22.764096,7,"0;1;6;7;9;10;11"
Root_4412,313.794646,43.041856,6,"1;6;7;9;10;11"
Root_4413,139.229334,28.093696,6,"0;6;7;9;10;11"
Root_4414,361.749846,47.671456,5,"6;7;9;10;11"
Root_4415,53.953725,16.485110,10,"0;1;2;3;4;5;7;9;10;11"
Root_4416,280.146819,38.862870,9,"1;2;3;4;5;7;9;10;11"
Root_4417,115.024768,23.914710,9,"0;2;3;4;5;7;9;10;11"
Root_4418,328.102019,43.492470,8,"2;3;4;5;7;9;10;11"
Root_4419,55.409245,17.411030,9,"0;1;3;4;5;7;9;10;11"
Root_4420,287.157859,39.788790,8,"1;3;4;5;7;9;10;11"
Root_4421,119.258048,24.840630,8,"0;3;4;5;7;9;10;11"
Root_4422,335.113059,44.418390,7,"3;4;5;7;9;10;11"
Root_4423,76.888083,20.498678,9,"0;1;2;4;5;7;9;10;11"
Root_4424,296.209635,40.776438,8,"1;2;4;5;7;9;10;11"
Root_4425,125.346880,25.828278,8,"0;2;4;5;7;9;10;11"
Root_4426,344.164835,45.406038,7,"2;4;5;7;9;10;11"
Root_4427,79.745962,21.424598,8,"0;1;4;5;7;9;10;11"
Root_4428,303.220675,41.702358,7,"1;4;5;7;9;10;11"
Root_4429,130.334358,26.754198,7,"0;4;5;7;9;10;11"
Root_4430,351.175875,46.331958,6,"4;5;7;9;10;11"
Root_4431,67.018963,19.407318,9,"0;1;2;3;5;7;9;10;11"
Root_4432,301.313315,41.085078,8,"1;2;3;5;7;9;10;11"
Root_4433,129.661558,26.136918,8,"0;2;3;5;7;9;10;11"
Root_4434,349.268515,45.714678,7,"2;3;5;7;9;10;11"
Root_4435,69.963242,20.333238,8,"0;1;3;5;7;9;10;11"
Root_4436,308.324355,42.010998,7,"1;3;5;7;9;10;11"
Root_4437,134.820758,27.062838,7,"0;3;5;7;9;10;11"
Root_4438,356.279555,46.640598,6,"3;5;7;9;10;11"
Root_4439,89.501238,22.720886,8,"0;1;2;5;7;9;10;11"
Root_4440,317.376131,42.998646,7,"1;2;5;7;9;10;11"
Root_4441,141.947725,28.050486,7,"0;2;5;7;9;10;11"
Root_4442,365.331331,47.628246,6,"2;5;7;9;10;11"
Root_4443,94.660438,23.646806,7,"0;1;5;7;9;10;11"
Root_4444,324.387171,43.924566,6,"1;5;7;9;10;11"
Root_4445,148.032845,28.976406,6,"0;5;7;9;10;11"
Root_4446,372.342371,48.554166,5,"5;7;9;10;11"
Root_4447,64.756125,18.028310,9,"0;1;2;3;4;7;9;10;11"
Root_4448,293.865219,40.406070,8,"1;2;3;4;7;9;10;11"
Root_4449,127.655658,25.457910,8,"0;2;3;4;7;9;10;11"
Root_4450,341.820419,45.035670,7,"2;3;4;7;9;10;11"
Root_4451,66.211645,18.954230,8,"0;1;3;4;7;9;10;11"
Root_4452,300.876259,41.331990,7,"1;3;4;7;9;10;11"
Root_4453,131.346848,26.383830,7,"0;3;4;7;9;10;11"
Root_4454,348.831459,45.961590,6,"3;4;7;9;10;11"
Root_4455,90.369280,22.041878,8,"0;1;2;4;7;9;10;11"
Root_4456,309.928035,42.319638,7,"1;2;4;7;9;10;11"
Root_4457,137.435680,27.371478,7,"0;2;4;7;9;10;11"
Root_4458,357.883235,46.949238,6,"2;4;7;9;10;11"
Root_4459,94.602560,22.967798,7,"0;1;4;7;9;10;11"
Root_4460,316.939075,43.245558,6,"1;4;7;9;10;11"
Root_4461,141.966358,28.297398,6,"0;4;7;9;10;11"
Root_4462,364.894275,47.875158,5,"4;7;9;10;11"
Root_4463,80.547040,20.950518,8,"0;1;2;3;7;9;10;11"
Root_4464,315.031715,42.628278,7,"1;2;3;7;9;10;11"
Root_4465,141.613440,27.680118,7,"0;2;3;7;9;10;11"
Root_4466,362.986915,47.257878,6,"2;3;7;9;10;11"
Root_4467,84.780320,21.876438,7,"0;1;3;7;9;10;11"
Root_4468,322.042755,43.554198,6,"1;3;7;9;10;11"
Root_4469,146.452758,28.606038,6,"0;3;7;9;10;11"
Root_4470,369.997955,48.183798,5,"3;7;9;10;11"
Root_4471,104.869152,24.264086,7,"0;1;2;7;9;10;11"
Root_4472,331.094531,44.541846,6,"1;2;7;9;10;11"
Root_4473,154.122925,29.593686,6,"0;2;7;9;10;11"
Root_4474,379.049731,49.171446,5,"2;7;9;10;11"
Root_4475,109.102432,25.190006,6,"0;1;7;9;10;11"
Root_4476,338.105571,45.467766,5,"1;7;9;10;11"
Root_4477,160.208045,30.519606,5,"0;7;9;10;11"
Root_4478,386.060771,50.097366,4,"7;9;10;11"
Root_4479,72.845056,19.183872,10,"0;1;2;3;4;5;6;9;10;11"
Root_4480,285.231958,39.461632,9,"1;2;3;4;5;6;9;10;11"
Root_4481,119.313622,24.513472,9,"0;2;3;4;5;6;9;10;11"
Root_4482,333.187158,44.091232,8,"2;3;4;5;6;9;10;11"
Root_4483,74.639968,20.109792,9,"0;1;3;4;5;6;9;10;11"
Root_4484,292.242998,40.387552,8,"1;3;4;5;6;9;10;11"
Root_4485,123.546902,25.439392,8,"0;3;4;5;6;9;10;11"
Root_4486,340.198198,45.017152,7,"3;4;5;6;9;10;11"
Root_4487,80.128694,21.097440,9,"0;1;2;4;5;6;9;10;11"
Root_4488,301.294774,41.375200,8,"1;2;4;5;6;9;10;11"
Root_4489,130.062774,26.427040,8,"0;2;4;5;6;9;10;11"
Root_4490,349.249974,46.004800,7,"2;4;5;6;9;10;11"
Root_4491,83.459414,22.023360,8,"0;1;4;5;6;9;10;11"
Root_4492,308.305814,42.301120,7,"1;4;5;6;9;10;11"
Root_4493,135.221974,27.352960,7,"0;4;5;6;9;10;11"
Root_4494,356.261014,46.930720,6,"4;5;6;9;10;11"
Root_4495,83.403894,21.406080,9,"0;1;2;3;5;6;9;10;11"
Root_4496,306.398454,41.683840,8,"1;2;3;5;6;9;10;11"
Root_4497,134.549174,26.735680,8,"0;2;3;5;6;9;10;11"
Root_4498,354.353654,46.313440,7,"2;3;5;6;9;10;11"
Root_4499,87.637174,22.332000,8,"0;1;3;5;6;9;10;11"
Root_4500,313.409494,42.609760,7,"1;3;5;6;9;10;11"
Root_4501,139.708374,27.661600,7,"0;3;5;6;9;10;11"
Root_4502,361.364694,47.239360,6,"3;5;6;9;10;11"
Root_4503,94.388854,23.319648,8,"0;1;2;5;6;9;10;11"
Root_4504,322.461270,43.597408,7,"1;2;5;6;9;10;11"
Root_4505,146.784854,28.649248,7,"0;2;5;6;9;10;11"
Root_4506,370.416470,48.227008,6,"2;5;6;9;10;11"
Root_4507,99.548054,24.245568,7,"0;1;5;6;9;10;11"
Root_4508,329.472310,44.523328,6,"1;5;6;9;10;11"
Root_4509,152.519222,29.575168,6,"0;5;6;9;10;11"
Root_4510,377.427510,49.152928,5,"5;6;9;10;11"
Root_4511,84.604128,20.727072,9,"0;1;2;3;4;6;9;10;11"
Root_4512,298.950358,41.004832,8,"1;2;3;4;6;9;10;11"
Root_4513,131.402422,26.056672,8,"0;2;3;4;6;9;10;11"
Root_4514,346.905558,45.634432,7,"2;3;4;6;9;10;11"
Root_4515,88.569302,21.652992,8,"0;1;3;4;6;9;10;11"
Root_4516,305.961398,41.930752,7,"1;3;4;6;9;10;11"
Root_4517,135.635702,26.982592,7,"0;3;4;6;9;10;11"
Root_4518,353.916598,46.560352,6,"3;4;6;9;10;11"
Root_4519,94.658134,22.640640,8,"0;1;2;4;6;9;10;11"
Root_4520,315.013174,42.918400,7,"1;2;4;6;9;10;11"
Root_4521,141.724534,27.970240,7,"0;2;4;6;9;10;11"
Root_4522,362.968374,47.548000,6,"2;4;6;9;10;11"
Root_4523,98.891414,23.566560,7,"0;1;4;6;9;10;11"
Root_4524,322.024214,43.844320,6,"1;4;6;9;10;11"
Root_4525,145.957814,28.896160,6,"0;4;6;9;10;11"
Root_4526,369.979414,48.473920,5,"4;6;9;10;11"
Root_4527,98.835894,22.949280,8,"0;1;2;3;6;9;10;11"
Root_4528,320.116854,43.227040,7,"1;2;3;6;9;10;11"
Root_4529,145.902294,28.278880,7,"0;2;3;6;9;10;11"
Root_4530,368.072054,47.856640,6,"2;3;6;9;10;11"
Root_4531,103.069174,23.875200,7,"0;1;3;6;9;10;11"
Root_4532,327.127894,44.152960,6,"1;3;6;9;10;11"
Root_4533,150.545174,29.204800,6,"0;3;6;9;10;11"
Root_4534,375.083094,48.782560,5,"3;6;9;10;11"
Root_4535,109.158006,24.862848,7,"0;1;2;6;9;10;11"
Root_4536,336.179670,45.140608,6,"1;2;6;9;10;11"
Root_4537,158.609302,30.192448,6,"0;2;6;9;10;11"
Root_4538,384.134870,49.770208,5,"2;6;9;10;11"
Root_4539,113.391286,25.788768,6,"0;1;6;9;10;11"
Root_4540,343.190710,46.066528,5,"1;6;9;10;11"
Root_4541,164.694422,31.118368,5,"0;6;9;10;11"
Root_4542,391.145910,50.696128,4,"6;9;10;11"
Root_4543,92.327434,21.609782,9,"0;1;2;3;4;5;9;10;11"
Root_4544,309.542883,41.887542,8,"1;2;3;4;5;9;10;11"
Root_4545,138.346816,26.939382,8,"0;2;3;4;5;9;10;11"
Root_4546,357.498083,46.517142,7,"2;3;4;5;9;10;11"
Root_4547,95.634794,22.535702,8,"0;1;3;4;5;9;10;11"
Root_4548,316.553923,42.813462,7,"1;3;4;5;9;10;11"
Root_4549,142.580096,27.865302,7,"0;3;4;5;9;10;11"
Root_4550,364.509123,47.443062,6,"3;4;5;9;10;11"
Root_4551,101.602528,23.523350,8,"0;1;2;4;5;9;10;11"
Root_4552,325.605699,43.801110,7,"1;2;4;5;9;10;11"
Root_4553,149.521878,28.852950,7,"0;2;4;5;9;10;11"
Root_4554,373.560899,48.430710,6,"2;4;5;9;10;11"
Root_4555,105.835808,24.449270,7,"0;1;4;5;9;10;11"
Root_4556,332.616739,44.727030,6,"1;4;5;9;10;11"
Root_4557,155.459949,29.778870,6,"0;4;5;9;10;11"
Root_4558,380.571939,49.356630,5,"4;5;9;10;11"
Root_4559,105.780288,23.831990,8,"0;1;2;3;5;9;10;11"
Root_4560,330.709379,44.109750,7,"1;2;3;5;9;10;11"
Root_4561,154.169869,29.161590,7,"0;2;3;5;9;10;11"
Root_4562,378.664579,48.739350,6,"2;3;5;9;10;11"
Root_4563,110.013568,24.757910,7,"0;1;3;5;9;10;11"
Root_4564,337.720419,45.035670,6,"1;3;5;9;10;11"
Root_4565,160.254989,30.087510,6,"0;3;5;9;10;11"
Root_4566,385.675619,49.665270,5,"3;5;9;10;11"
Root_4567,116.102400,25.745558,7,"0;1;2;5;9;10;11"
Root_4568,346.772195,46.023318,6,"1;2;5;9;10;11"
Root_4569,168.319117,31.075158,6,"0;2;5;9;10;11"
Root_4570,394.727395,50.652918,5,"2;5;9;10;11"
Root_4571,121.007158,26.671478,6,"0;1;5;9;10;11"
Root_4572,353.783235,46.949238,5,"1;5;9;10;11"
Root_4573,174.405315,32.001078,5,"0;5;9;10;11"
Root_4574,401.738435,51.578838,4,"5;9;10;11"
Root_4575,106.216234,23.152982,8,"0;1;2;3;4;9;10;11"
Root_4576,323.261283,43.430742,7,"1;2;3;4;9;10;11"
Root_4577,148.435616,28.482582,7,"0;2;3;4;9;10;11"
Root_4578,371.216483,48.060342,6,"2;3;4;9;10;11"
Root_4579,109.523594,24.078902,7,"0;1;3;4;9;10;11"
Root_4580,330.272323,44.356662,6,"1;3;4;9;10;11"
Root_4581,153.485901,29.408502,6,"0;3;4;9;10;11"
Root_4582,378.227523,48.986262,5,"3;4;9;10;11"
Root_4583,114.624778,25.066550,7,"0;1;2;4;9;10;11"
Root_4584,339.324099,45.344310,6,"1;2;4;9;10;11"
Root_4585,161.550029,30.396150,6,"0;2;4;9;10;11"
Root_4586,387.279299,49.973910,5,"2;4;9;10;11"
Root_4587,117.932138,25.992470,6,"0;1;4;9;10;11"
Root_4588,346.335139,46.270230,5,"1;4;9;10;11"
Root_4589,167.635149,31.322070,5,"0;4;9;10;11"
Root_4590,394.290339,50.899830,4,"4;9;10;11"
Root_4591,118.493898,25.375190,7,"0;1;2;3;9;10;11"
Root_4592,344.427779,45.652950,6,"1;2;3;9;10;11"
Root_4593,166.345069,30.704790,6,"0;2;3;9;10;11"
Root_4594,392.382979,50.282550,5,"2;3;9;10;11"
Root_4595,122.102368,26.301110,6,"0;1;3;9;10;11"
Root_4596,351.438819,46.578870,5,"1;3;9;10;11"
Root_4597,172.430189,31.630710,5,"0;3;9;10;11"
Root_4598,399.394019,51.208470,4,"3;9;10;11"
Root_4599,128.191200,27.288758,6,"0;1;2;9;10;11"
Root_4600,360.490595,47.566518,5,"1;2;9;10;11"
Root_4601,181.112675,32.618358,5,"0;2;9;10;11"
Root_4602,408.445795,52.196118,4,"2;9;10;11"
Root_4603,132.639158,28.214678,5,"0;1;9;10;11"
Root_4604,367.501635,48.492438,4,"1;9;10;11"
Root_4605,188.123715,33.544278,4,"0;9;10;11"
Root_4606,415.456835,53.122038,3,"9;10;11"
Root_4607,33.798432,14.122176,11,"0;1;2;3;4;5;6;7;8;10;11"
Root_4608,228.591606,34.399936,10,"1;2;3;4;5;6;7;8;10;11"
Root_4609,68.333856,19.451776,10,"0;2;3;4;5;6;7;8;10;11"
Root_4610,276.546806,39.029536,9,"2;3;4;5;6;7;8;10;11"
Root_4611,35.279936,15.048096,10,"0;1;3;4;5;6;7;8;10;11"
Root_4612,235.602646,35.325856,9,"1;3;4;5;6;7;8;10;11"
Root_4613,71.092992,20.377696,9,"0;3;4;5;6;7;8;10;11"
Root_4614,283.557846,39.955456,8,"3;4;5;6;7;8;10;11"
Root_4615,42.430528,16.035744,10,"0;1;2;4;5;6;7;8;10;11"
Root_4616,244.654422,36.313504,9,"1;2;4;5;6;7;8;10;11"
Root_4617,77.837270,21.365344,9,"0;2;4;5;6;7;8;10;11"
Root_4618,292.609622,40.943104,8,"2;4;5;6;7;8;10;11"
Root_4619,42.034208,16.961664,9,"0;1;4;5;6;7;8;10;11"
Root_4620,251.665462,37.239424,8,"1;4;5;6;7;8;10;11"
Root_4621,82.361814,22.291264,8,"0;4;5;6;7;8;10;11"
Root_4622,299.620662,41.869024,7,"4;5;6;7;8;10;11"
Root_4623,40.065088,16.344384,10,"0;1;2;3;5;6;7;8;10;11"
Root_4624,249.758102,36.622144,9,"1;2;3;5;6;7;8;10;11"
Root_4625,81.689014,21.673984,9,"0;2;3;5;6;7;8;10;11"
Root_4626,297.713302,41.251744,8,"2;3;5;6;7;8;10;11"
Root_4627,39.939072,17.270304,9,"0;1;3;5;6;7;8;10;11"
Root_4628,256.769142,37.548064,8,"1;3;5;6;7;8;10;11"
Root_4629,86.848214,22.599904,8,"0;3;5;6;7;8;10;11"
Root_4630,304.724342,42.177664,7,"3;5;6;7;8;10;11"
Root_4631,46.806912,18.257952,9,"0;1;2;5;6;7;8;10;11"
Root_4632,265.820918,38.535712,8,"1;2;5;6;7;8;10;11"
Root_4633,94.855446,23.587552,8,"0;2;5;6;7;8;10;11"
Root_4634,313.776118,43.165312,7,"2;5;6;7;8;10;11"
Root_4635,47.445056,19.183872,8,"0;1;5;6;7;8;10;11"
Root_4636,272.831958,39.461632,7,"1;5;6;7;8;10;11"
Root_4637,100.940566,24.513472,7,"0;5;6;7;8;10;11"
Root_4638,320.787158,44.091232,6,"5;6;7;8;10;11"
Root_4639,43.057632,15.665376,10,"0;1;2;3;4;6;7;8;10;11"
Root_4640,242.310006,35.943136,9,"1;2;3;4;6;7;8;10;11"
Root_4641,81.942134,20.994976,9,"0;2;3;4;6;7;8;10;11"
Root_4642,290.265206,40.572736,8,"2;3;4;6;7;8;10;11"
Root_4643,43.587232,16.591296,9,"0;1;3;4;6;7;8;10;11"
Root_4644,249.321046,36.869056,8,"1;3;4;6;7;8;10;11"
Root_4645,87.101334,21.920896,8,"0;3;4;6;7;8;10;11"
Root_4646,297.276246,41.498656,7,"3;4;6;7;8;10;11"
Root_4647,50.455072,17.578944,9,"0;1;2;4;6;7;8;10;11"
Root_4648,258.372822,37.856704,8,"1;2;4;6;7;8;10;11"
Root_4649,94.177814,22.908544,8,"0;2;4;6;7;8;10;11"
Root_4650,306.328022,42.486304,7,"2;4;6;7;8;10;11"
Root_4651,50.984672,18.504864,8,"0;1;4;6;7;8;10;11"
Root_4652,265.383862,38.782624,7,"1;4;6;7;8;10;11"
Root_4653,99.337014,23.834464,7,"0;4;6;7;8;10;11"
Root_4654,313.339062,43.412224,6,"4;6;7;8;10;11"
Root_4655,49.285856,17.887584,9,"0;1;2;3;6;7;8;10;11"
Root_4656,263.476502,38.165344,8,"1;2;3;6;7;8;10;11"
Root_4657,98.664214,23.217184,8,"0;2;3;6;7;8;10;11"
Root_4658,311.431702,42.794944,7,"2;3;6;7;8;10;11"
Root_4659,50.741376,18.813504,8,"0;1;3;6;7;8;10;11"
Root_4660,270.487542,39.091264,7,"1;3;6;7;8;10;11"
Root_4661,103.823414,24.143104,7,"0;3;6;7;8;10;11"
Root_4662,318.442742,43.720864,6,"3;6;7;8;10;11"
Root_4663,56.822688,19.801152,8,"0;1;2;6;7;8;10;11"
Root_4664,279.539318,40.078912,7,"1;2;6;7;8;10;11"
Root_4665,110.899894,25.130752,7,"0;2;6;7;8;10;11"
Root_4666,327.494518,44.708512,6,"2;6;7;8;10;11"
Root_4667,59.931200,20.727072,7,"0;1;6;7;8;10;11"
Root_4668,286.550358,41.004832,6,"1;6;7;8;10;11"
Root_4669,116.059094,26.056672,6,"0;6;7;8;10;11"
Root_4670,334.505558,45.634432,5,"6;7;8;10;11"
Root_4671,48.353894,16.548086,10,"0;1;2;3;4;5;7;8;10;11"
Root_4672,252.902531,36.825846,9,"1;2;3;4;5;7;8;10;11"
Root_4673,90.548352,21.877686,9,"0;2;3;4;5;7;8;10;11"
Root_4674,300.857731,41.455446,8,"2;3;4;5;7;8;10;11"
Root_4675,49.087101,17.474006,9,"0;1;3;4;5;7;8;10;11"
Root_4676,259.913571,37.751766,8,"1;3;4;5;7;8;10;11"
Root_4677,94.928438,22.803606,8,"0;3;4;5;7;8;10;11"
Root_4678,307.868771,42.381366,7,"3;4;5;7;8;10;11"
Root_4679,55.751334,18.461654,9,"0;1;2;4;5;7;8;10;11"
Root_4680,268.965347,38.739414,8,"1;2;4;5;7;8;10;11"
Root_4681,102.004918,23.791254,8,"0;2;4;5;7;8;10;11"
Root_4682,316.920547,43.369014,7,"2;4;5;7;8;10;11"
Root_4683,56.593181,19.387574,8,"0;1;4;5;7;8;10;11"
Root_4684,275.976387,39.665334,7,"1;4;5;7;8;10;11"
Root_4685,107.164118,24.717174,7,"0;4;5;7;8;10;11"
Root_4686,323.931587,44.294934,6,"4;5;7;8;10;11"
Root_4687,55.464829,18.770294,9,"0;1;2;3;5;7;8;10;11"
Root_4688,274.069027,39.048054,8,"1;2;3;5;7;8;10;11"
Root_4689,106.491318,24.099894,8,"0;2;3;5;7;8;10;11"
Root_4690,322.024227,43.677654,7,"2;3;5;7;8;10;11"
Root_4691,57.541235,19.696214,8,"0;1;3;5;7;8;10;11"
Root_4692,281.080067,39.973974,7,"1;3;5;7;8;10;11"
Root_4693,111.650518,25.025814,7,"0;3;5;7;8;10;11"
Root_4694,329.035267,44.603574,6,"3;5;7;8;10;11"
Root_4695,64.568234,20.683862,8,"0;1;2;5;7;8;10;11"
Root_4696,290.131843,40.961622,7,"1;2;5;7;8;10;11"
Root_4697,118.726998,26.013462,7,"0;2;5;7;8;10;11"
Root_4698,338.087043,45.591222,6,"2;5;7;8;10;11"
Root_4699,68.537216,21.609782,7,"0;1;5;7;8;10;11"
Root_4700,297.142883,41.887542,6,"1;5;7;8;10;11"
Root_4701,123.886198,26.939382,6,"0;5;7;8;10;11"
Root_4702,345.098083,46.517142,5,"5;7;8;10;11"
Root_4703,58.433981,18.091286,9,"0;1;2;3;4;7;8;10;11"
Root_4704,266.620931,38.369046,8,"1;2;3;4;7;8;10;11"
Root_4705,105.980352,23.420886,8,"0;2;3;4;7;8;10;11"
Root_4706,314.576131,42.998646,7,"2;3;4;7;8;10;11"
Root_4707,59.889501,19.017206,8,"0;1;3;4;7;8;10;11"
Root_4708,273.631971,39.294966,7,"1;3;4;7;8;10;11"
Root_4709,110.213632,24.346806,7,"0;3;4;7;8;10;11"
Root_4710,321.587171,43.924566,6,"3;4;7;8;10;11"
Root_4711,66.179370,20.004854,8,"0;1;2;4;7;8;10;11"
Root_4712,282.683747,40.282614,7,"1;2;4;7;8;10;11"
Root_4713,116.302464,25.334454,7,"0;2;4;7;8;10;11"
Root_4714,330.638947,44.912214,6,"2;4;7;8;10;11"
Root_4715,69.486730,20.930774,7,"0;1;4;7;8;10;11"
Root_4716,289.694787,41.208534,6,"1;4;7;8;10;11"
Root_4717,120.535744,26.260374,6,"0;4;7;8;10;11"
Root_4718,337.649987,45.838134,5,"4;7;8;10;11"
Root_4719,68.361984,20.313494,8,"0;1;2;3;7;8;10;11"
Root_4720,287.787427,40.591254,7,"1;2;3;7;8;10;11"
Root_4721,120.480224,25.643094,7,"0;2;3;7;8;10;11"
Root_4722,335.742627,45.220854,6,"2;3;7;8;10;11"
Root_4723,72.886518,21.239414,7,"0;1;3;7;8;10;11"
Root_4724,294.798467,41.517174,6,"1;3;7;8;10;11"
Root_4725,124.713504,26.569014,6,"0;3;7;8;10;11"
Root_4726,342.753667,46.146774,5,"3;7;8;10;11"
Root_4727,79.962998,22.227062,7,"0;1;2;7;8;10;11"
Root_4728,303.850243,42.504822,6,"1;2;7;8;10;11"
Root_4729,130.802336,27.556662,6,"0;2;7;8;10;11"
Root_4730,351.805443,47.134422,5,"2;7;8;10;11"
Root_4731,85.122198,23.152982,6,"0;1;7;8;10;11"
Root_4732,310.861283,43.430742,5,"1;7;8;10;11"
Root_4733,135.518198,28.482582,5,"0;7;8;10;11"
Root_4734,358.816483,48.060342,4,"7;8;10;11"
Root_4735,51.946464,17.146848,10,"0;1;2;3;4;5;6;8;10;11"
Root_4736,257.987670,37.424608,9,"1;2;3;4;5;6;8;10;11"
Root_4737,94.837206,22.476448,9,"0;2;3;4;5;6;8;10;11"
Root_4738,305.942870,42.054208,8,"2;3;4;5;6;8;10;11"
Root_4739,53.278432,18.072768,9,"0;1;3;4;5;6;8;10;11"
Root_4740,264.998710,38.350528,8,"1;3;4;5;6;8;10;11"
Root_4741,99.816054,23.402368,8,"0;3;4;5;6;8;10;11"
Root_4742,312.953910,42.980128,7,"3;4;5;6;8;10;11"
Root_4743,59.343904,19.060416,9,"0;1;2;4;5;6;8;10;11"
Root_4744,274.050486,39.338176,8,"1;2;4;5;6;8;10;11"
Root_4745,106.892534,24.390016,8,"0;2;4;5;6;8;10;11"
Root_4746,322.005686,43.967776,7,"2;4;5;6;8;10;11"
Root_4747,60.089440,19.986336,8,"0;1;4;5;6;8;10;11"
Root_4748,281.061526,40.264096,7,"1;4;5;6;8;10;11"
Root_4749,112.051734,25.315936,7,"0;4;5;6;8;10;11"
Root_4750,329.016726,44.893696,6,"4;5;6;8;10;11"
Root_4751,59.656160,19.369056,9,"0;1;2;3;5;6;8;10;11"
Root_4752,279.154166,39.646816,8,"1;2;3;5;6;8;10;11"
Root_4753,111.378934,24.698656,8,"0;2;3;5;6;8;10;11"
Root_4754,327.109366,44.276416,7,"2;3;5;6;8;10;11"
Root_4755,61.931232,20.294976,8,"0;1;3;5;6;8;10;11"
Root_4756,286.165206,40.572736,7,"1;3;5;6;8;10;11"
Root_4757,116.538134,25.624576,7,"0;3;5;6;8;10;11"
Root_4758,334.120406,45.202336,6,"3;5;6;8;10;11"
Root_4759,68.592790,21.282624,8,"0;1;2;5;6;8;10;11"
Root_4760,295.216982,41.560384,7,"1;2;5;6;8;10;11"
Root_4761,123.614614,26.612224,7,"0;2;5;6;8;10;11"
Root_4762,343.172182,46.189984,6,"2;5;6;8;10;11"
Root_4763,73.034614,22.208544,7,"0;1;5;6;8;10;11"
Root_4764,302.228022,42.486304,6,"1;5;6;8;10;11"
Root_4765,128.773814,27.538144,6,"0;5;6;8;10;11"
Root_4766,350.183222,47.115904,5,"5;6;8;10;11"
Root_4767,62.625312,18.690048,9,"0;1;2;3;4;6;8;10;11"
Root_4768,271.706070,38.967808,8,"1;2;3;4;6;8;10;11"
Root_4769,110.269206,24.019648,8,"0;2;3;4;6;8;10;11"
Root_4770,319.661270,43.597408,7,"2;3;4;6;8;10;11"
Root_4771,64.080832,19.615968,8,"0;1;3;4;6;8;10;11"
Root_4772,278.717110,39.893728,7,"1;3;4;6;8;10;11"
Root_4773,114.502486,24.945568,7,"0;3;4;6;8;10;11"
Root_4774,326.672310,44.523328,6,"3;4;6;8;10;11"
Root_4775,70.039936,20.603616,8,"0;1;2;4;6;8;10;11"
Root_4776,287.768886,40.881376,7,"1;2;4;6;8;10;11"
Root_4777,120.591318,25.933216,7,"0;2;4;6;8;10;11"
Root_4778,335.724086,45.510976,6,"2;4;6;8;10;11"
Root_4779,73.758198,21.529536,7,"0;1;4;6;8;10;11"
Root_4780,294.779926,41.807296,6,"1;4;6;8;10;11"
Root_4781,124.824598,26.859136,6,"0;4;6;8;10;11"
Root_4782,342.735126,46.436896,5,"4;6;8;10;11"
Root_4783,72.650838,20.912256,8,"0;1;2;3;6;8;10;11"
Root_4784,292.872566,41.190016,7,"1;2;3;6;8;10;11"
Root_4785,124.769078,26.241856,7,"0;2;3;6;8;10;11"
Root_4786,340.827766,45.819616,6,"2;3;6;8;10;11"
Root_4787,77.774134,21.838176,7,"0;1;3;6;8;10;11"
Root_4788,299.883606,42.115936,6,"1;3;6;8;10;11"
Root_4789,129.002358,27.167776,6,"0;3;6;8;10;11"
Root_4790,347.838806,46.745536,5,"3;6;8;10;11"
Root_4791,84.850614,22.825824,7,"0;1;2;6;8;10;11"
Root_4792,308.935382,43.103584,6,"1;2;6;8;10;11"
Root_4793,135.091190,28.155424,6,"0;2;6;8;10;11"
Root_4794,356.890582,47.733184,5,"2;6;8;10;11"
Root_4795,90.009814,23.751744,6,"0;1;6;8;10;11"
Root_4796,315.946422,44.029504,5,"1;6;8;10;11"
Root_4797,139.487158,29.081344,5,"0;6;8;10;11"
Root_4798,363.901622,48.659104,4,"6;8;10;11"
Root_4799,68.804285,19.572758,9,"0;1;2;3;4;5;8;10;11"
Root_4800,282.298595,39.850518,8,"1;2;3;4;5;8;10;11"
Root_4801,117.213600,24.902358,8,"0;2;3;4;5;8;10;11"
Root_4802,330.253795,44.480118,7,"2;3;4;5;8;10;11"
Root_4803,71.486762,20.498678,8,"0;1;3;4;5;8;10;11"
Root_4804,289.309635,40.776438,7,"1;3;4;5;8;10;11"
Root_4805,121.446880,25.828278,7,"0;3;4;5;8;10;11"
Root_4806,337.264835,45.406038,6,"3;4;5;8;10;11"
Root_4807,77.639786,21.486326,8,"0;1;2;4;5;8;10;11"
Root_4808,298.361411,41.764086,7,"1;2;4;5;8;10;11"
Root_4809,127.535712,26.815926,7,"0;2;4;5;8;10;11"
Root_4810,346.316611,46.393686,6,"2;4;5;8;10;11"
Root_4811,81.359392,22.412246,7,"0;1;4;5;8;10;11"
Root_4812,305.372451,42.690006,6,"1;4;5;8;10;11"
Root_4813,131.768992,27.741846,6,"0;4;5;8;10;11"
Root_4814,353.327651,47.319606,5,"4;5;8;10;11"
Root_4815,81.303872,21.794966,8,"0;1;2;3;5;8;10;11"
Root_4816,303.465091,42.072726,7,"1;2;3;5;8;10;11"
Root_4817,131.713472,27.124566,7,"0;2;3;5;8;10;11"
Root_4818,351.420291,46.702326,6,"2;3;5;8;10;11"
Root_4819,85.601238,22.720886,7,"0;1;3;5;8;10;11"
Root_4820,310.476131,42.998646,6,"1;3;5;8;10;11"
Root_4821,135.997238,28.050486,6,"0;3;5;8;10;11"
Root_4822,358.431331,47.628246,5,"3;5;8;10;11"
Root_4823,92.677718,23.708534,7,"0;1;2;5;8;10;11"
Root_4824,319.527907,43.986294,6,"1;2;5;8;10;11"
Root_4825,143.111853,29.038134,6,"0;2;5;8;10;11"
Root_4826,367.483107,48.615894,5,"2;5;8;10;11"
Root_4827,97.836918,24.634454,6,"0;1;5;8;10;11"
Root_4828,326.538947,44.912214,5,"1;5;8;10;11"
Root_4829,149.196973,29.964054,5,"0;5;8;10;11"
Root_4830,374.494147,49.541814,4,"5;8;10;11"
Root_4831,82.236000,21.115958,8,"0;1;2;3;4;8;10;11"
Root_4832,296.016995,41.393718,7,"1;2;3;4;8;10;11"
Root_4833,128.856842,26.445558,7,"0;2;3;4;8;10;11"
Root_4834,343.972195,46.023318,6,"2;3;4;8;10;11"
Root_4835,86.469280,22.041878,7,"0;1;3;4;8;10;11"
Root_4836,303.028035,42.319638,6,"1;3;4;8;10;11"
Root_4837,132.164202,27.371478,6,"0;3;4;8;10;11"
Root_4838,350.983235,46.949238,5,"3;4;8;10;11"
Root_4839,92.558112,23.029526,7,"0;1;2;4;8;10;11"
Root_4840,312.079811,43.307286,6,"1;2;4;8;10;11"
Root_4841,137.624512,28.359126,6,"0;2;4;8;10;11"
Root_4842,360.035011,47.936886,5,"2;4;8;10;11"
Root_4843,96.791392,23.955446,6,"0;1;4;8;10;11"
Root_4844,319.090851,44.233206,5,"1;4;8;10;11"
Root_4845,142.427885,29.285046,5,"0;4;8;10;11"
Root_4846,367.046051,48.862806,4,"4;8;10;11"
Root_4847,96.735872,23.338166,7,"0;1;2;3;8;10;11"
Root_4848,317.183491,43.615926,6,"1;2;3;8;10;11"
Root_4849,141.802272,28.667766,6,"0;2;3;8;10;11"
Root_4850,365.138691,48.245526,5,"2;3;8;10;11"
Root_4851,100.969152,24.264086,6,"0;1;3;8;10;11"
Root_4852,324.194531,44.541846,5,"1;3;8;10;11"
Root_4853,147.222925,29.593686,5,"0;3;8;10;11"
Root_4854,372.149731,49.171446,4,"3;8;10;11"
Root_4855,107.057984,25.251734,6,"0;1;2;8;10;11"
Root_4856,333.246307,45.529494,5,"1;2;8;10;11"
Root_4857,155.287053,30.581334,5,"0;2;8;10;11"
Root_4858,381.201507,50.159094,4,"2;8;10;11"
Root_4859,111.291264,26.177654,5,"0;1;8;10;11"
Root_4860,340.257347,46.455414,4,"1;8;10;11"
Root_4861,161.372173,31.507254,4,"0;8;10;11"
Root_4862,388.212547,51.085014,3,"8;10;11"
Root_4863,61.576032,18.751776,10,"0;1;2;3;4;5;6;7;10;11"
Root_4864,280.046806,39.029536,9,"1;2;3;4;5;6;7;10;11"
Root_4865,110.506134,24.081376,9,"0;2;3;4;5;6;7;10;11"
Root_4866,328.002006,43.659136,8,"2;3;4;5;6;7;10;11"
Root_4867,62.708000,19.677696,9,"0;1;3;4;5;6;7;10;11"
Root_4868,287.057846,39.955456,8,"1;3;4;5;6;7;10;11"
Root_4869,115.665334,25.007296,8,"0;3;4;5;6;7;10;11"
Root_4870,335.013046,44.585056,7,"3;4;5;6;7;10;11"
Root_4871,68.728832,20.665344,9,"0;1;2;4;5;6;7;10;11"
Root_4872,296.109622,40.943104,8,"1;2;4;5;6;7;10;11"
Root_4873,122.741814,25.994944,8,"0;2;4;5;6;7;10;11"
Root_4874,344.064822,45.572704,7,"2;4;5;6;7;10;11"
Root_4875,72.570550,21.591264,8,"0;1;4;5;6;7;10;11"
Root_4876,303.120662,41.869024,7,"1;4;5;6;7;10;11"
Root_4877,128.821878,26.920864,7,"0;4;5;6;7;10;11"
Root_4878,351.075862,46.498624,6,"4;5;6;7;10;11"
Root_4879,71.489014,20.973984,9,"0;1;2;3;5;6;7;10;11"
Root_4880,301.213302,41.251744,8,"1;2;3;5;6;7;10;11"
Root_4881,127.531798,26.303584,8,"0;2;3;5;6;7;10;11"
Root_4882,349.168502,45.881344,7,"2;3;5;6;7;10;11"
Root_4883,76.648214,21.899904,8,"0;1;3;5;6;7;10;11"
Root_4884,308.224342,42.177664,7,"1;3;5;6;7;10;11"
Root_4885,133.616918,27.229504,7,"0;3;5;6;7;10;11"
Root_4886,356.179542,46.807264,6,"3;5;6;7;10;11"
Root_4887,83.955446,22.887552,8,"0;1;2;5;6;7;10;11"
Root_4888,317.276118,43.165312,7,"1;2;5;6;7;10;11"
Root_4889,141.681046,28.217152,7,"0;2;5;6;7;10;11"
Root_4890,365.231318,47.794912,6,"2;5;6;7;10;11"
Root_4891,90.040566,23.813472,7,"0;1;5;6;7;10;11"
Root_4892,324.287158,44.091232,6,"1;5;6;7;10;11"
Root_4893,147.766166,29.143072,6,"0;5;6;7;10;11"
Root_4894,372.242358,48.720832,5,"5;6;7;10;11"
Root_4895,72.874432,20.294976,9,"0;1;2;3;4;6;7;10;11"
Root_4896,293.765206,40.572736,8,"1;2;3;4;6;7;10;11"
Root_4897,124.513558,25.624576,8,"0;2;3;4;6;7;10;11"
Root_4898,341.720406,45.202336,7,"2;3;4;6;7;10;11"
Root_4899,76.901334,21.220896,8,"0;1;3;4;6;7;10;11"
Root_4900,300.776246,41.498656,7,"1;3;4;6;7;10;11"
Root_4901,129.297334,26.550496,7,"0;3;4;6;7;10;11"
Root_4902,348.731446,46.128256,6,"3;4;6;7;10;11"
Root_4903,83.977814,22.208544,8,"0;1;2;4;6;7;10;11"
Root_4904,309.828022,42.486304,7,"1;2;4;6;7;10;11"
Root_4905,136.373814,27.538144,7,"0;2;4;6;7;10;11"
Root_4906,357.783222,47.115904,6,"2;4;6;7;10;11"
Root_4907,89.137014,23.134464,7,"0;1;4;6;7;10;11"
Root_4908,316.839062,43.412224,6,"1;4;6;7;10;11"
Root_4909,141.533014,28.464064,6,"0;4;6;7;10;11"
Root_4910,364.794262,48.041824,5,"4;6;7;10;11"
Root_4911,88.464214,22.517184,8,"0;1;2;3;6;7;10;11"
Root_4912,314.931702,42.794944,7,"1;2;3;6;7;10;11"
Root_4913,140.860214,27.846784,7,"0;2;3;6;7;10;11"
Root_4914,362.886902,47.424544,6,"2;3;6;7;10;11"
Root_4915,93.623414,23.443104,7,"0;1;3;6;7;10;11"
Root_4916,321.942742,43.720864,6,"1;3;6;7;10;11"
Root_4917,146.019414,28.772704,6,"0;3;6;7;10;11"
Root_4918,369.897942,48.350464,5,"3;6;7;10;11"
Root_4919,100.699894,24.430752,7,"0;1;2;6;7;10;11"
Root_4920,330.994518,44.708512,6,"1;2;6;7;10;11"
Root_4921,153.856246,29.760352,6,"0;2;6;7;10;11"
Root_4922,378.949718,49.338112,5,"2;6;7;10;11"
Root_4923,105.859094,25.356672,6,"0;1;6;7;10;11"
Root_4924,338.005558,45.634432,5,"1;6;7;10;11"
Root_4925,159.941366,30.686272,5,"0;6;7;10;11"
Root_4926,385.960758,50.264032,4,"6;7;10;11"
Root_4927,81.048352,21.177686,9,"0;1;2;3;4;5;7;10;11"
Root_4928,304.357731,41.455446,8,"1;2;3;4;5;7;10;11"
Root_4929,131.965238,26.507286,8,"0;2;3;4;5;7;10;11"
Root_4930,352.312931,46.085046,7,"2;3;4;5;7;10;11"
Root_4931,85.281632,22.103606,8,"0;1;3;4;5;7;10;11"
Root_4932,311.368771,42.381366,7,"1;3;4;5;7;10;11"
Root_4933,137.124438,27.433206,7,"0;3;4;5;7;10;11"
Root_4934,359.323971,47.010966,6,"3;4;5;7;10;11"
Root_4935,91.804918,23.091254,8,"0;1;2;4;5;7;10;11"
Root_4936,320.420547,43.369014,7,"1;2;4;5;7;10;11"
Root_4937,144.621773,28.420854,7,"0;2;4;5;7;10;11"
Root_4938,368.375747,47.998614,6,"2;4;5;7;10;11"
Root_4939,96.964118,24.017174,7,"0;1;4;5;7;10;11"
Root_4940,327.431587,44.294934,6,"1;4;5;7;10;11"
Root_4941,150.706893,29.346774,6,"0;4;5;7;10;11"
Root_4942,375.386787,48.924534,5,"4;5;7;10;11"
Root_4943,96.291318,23.399894,8,"0;1;2;3;5;7;10;11"
Root_4944,325.524227,43.677654,7,"1;2;3;5;7;10;11"
Root_4945,149.416813,28.729494,7,"0;2;3;5;7;10;11"
Root_4946,373.479427,48.307254,6,"2;3;5;7;10;11"
Root_4947,101.450518,24.325814,7,"0;1;3;5;7;10;11"
Root_4948,332.535267,44.603574,6,"1;3;5;7;10;11"
Root_4949,155.501933,29.655414,6,"0;3;5;7;10;11"
Root_4950,380.490467,49.233174,5,"3;5;7;10;11"
Root_4951,108.526998,25.313462,7,"0;1;2;5;7;10;11"
Root_4952,341.587043,45.591222,6,"1;2;5;7;10;11"
Root_4953,163.566061,30.643062,6,"0;2;5;7;10;11"
Root_4954,389.542243,50.220822,5,"2;5;7;10;11"
Root_4955,113.925581,26.239382,6,"0;1;5;7;10;11"
Root_4956,348.598083,46.517142,5,"1;5;7;10;11"
Root_4957,169.651181,31.568982,5,"0;5;7;10;11"
Root_4958,396.553283,51.146742,4,"5;7;10;11"
Root_4959,96.480352,22.720886,8,"0;1;2;3;4;7;10;11"
Root_4960,318.076131,42.998646,7,"1;2;3;4;7;10;11"
Root_4961,143.597238,28.050486,7,"0;2;3;4;7;10;11"
Root_4962,366.031331,47.628246,6,"2;3;4;7;10;11"
Root_4963,100.713632,23.646806,7,"0;1;3;4;7;10;11"
Root_4964,325.087171,43.924566,6,"1;3;4;7;10;11"
Root_4965,148.756438,28.976406,6,"0;3;4;7;10;11"
Root_4966,373.042371,48.554166,5,"3;4;7;10;11"
Root_4967,106.802464,24.634454,7,"0;1;2;4;7;10;11"
Root_4968,334.138947,44.912214,6,"1;2;4;7;10;11"
Root_4969,156.796973,29.964054,6,"0;2;4;7;10;11"
Root_4970,382.094147,49.541814,5,"2;4;7;10;11"
Root_4971,111.035744,25.560374,6,"0;1;4;7;10;11"
Root_4972,341.149987,45.838134,5,"1;4;7;10;11"
Root_4973,162.882093,30.889974,5,"0;4;7;10;11"
Root_4974,389.105187,50.467734,4,"4;7;10;11"
Root_4975,110.980224,24.943094,7,"0;1;2;3;7;10;11"
Root_4976,339.242627,45.220854,6,"1;2;3;7;10;11"
Root_4977,161.592013,30.272694,6,"0;2;3;7;10;11"
Root_4978,387.197827,49.850454,5,"2;3;7;10;11"
Root_4979,115.213504,25.869014,6,"0;1;3;7;10;11"
Root_4980,346.253667,46.146774,5,"1;3;7;10;11"
Root_4981,167.677133,31.198614,5,"0;3;7;10;11"
Root_4982,394.208867,50.776374,4,"3;7;10;11"
Root_4983,122.158998,26.856662,6,"0;1;2;7;10;11"
Root_4984,355.305443,47.134422,5,"1;2;7;10;11"
Root_4985,175.927523,32.186262,5,"0;2;7;10;11"
Root_4986,403.260643,51.764022,4,"2;7;10;11"
Root_4987,127.318198,27.782582,5,"0;1;7;10;11"
Root_4988,362.316483,48.060342,4,"1;7;10;11"
Root_4989,182.938563,33.112182,4,"0;7;10;11"
Root_4990,410.271683,52.689942,3,"7;10;11"
Root_4991,85.337206,21.776448,9,"0;1;2;3;4;5;6;10;11"
Root_4992,309.442870,42.054208,8,"1;2;3;4;5;6;10;11"
Root_4993,136.852854,27.106048,8,"0;2;3;4;5;6;10;11"
Root_4994,357.398070,46.683808,7,"2;3;4;5;6;10;11"
Root_4995,89.616054,22.702368,8,"0;1;3;4;5;6;10;11"
Root_4996,316.453910,42.980128,7,"1;3;4;5;6;10;11"
Root_4997,142.012054,28.031968,7,"0;3;4;5;6;10;11"
Root_4998,364.409110,47.609728,6,"3;4;5;6;10;11"
Root_4999,96.692534,23.690016,8,"0;1;2;4;5;6;10;11"
Root_5000,325.505686,43.967776,7,"1;2;4;5;6;10;11"
Root_5001,149.108150,29.019616,7,"0;2;4;5;6;10;11"
Root_5002,373.460886,48.597376,6,"2;4;5;6;10;11"
Root_5003,101.851734,24.615936,7,"0;1;4;5;6;10;11"
Root_5004,332.516726,44.893696,6,"1;4;5;6;10;11"
Root_5005,155.193270,29.945536,6,"0;4;5;6;10;11"
Root_5006,380.471926,49.523296,5,"4;5;6;10;11"
Root_5007,101.178934,23.998656,8,"0;1;2;3;5;6;10;11"
Root_5008,330.609366,44.276416,7,"1;2;3;5;6;10;11"
Root_5009,153.903190,29.328256,7,"0;2;3;5;6;10;11"
Root_5010,378.564566,48.906016,6,"2;3;5;6;10;11"
Root_5011,106.338134,24.924576,7,"0;1;3;5;6;10;11"
Root_5012,337.620406,45.202336,6,"1;3;5;6;10;11"
Root_5013,159.988310,30.254176,6,"0;3;5;6;10;11"
Root_5014,385.575606,49.831936,5,"3;5;6;10;11"
Root_5015,113.414614,25.912224,7,"0;1;2;5;6;10;11"
Root_5016,346.672182,46.189984,6,"1;2;5;6;10;11"
Root_5017,168.052438,31.241824,6,"0;2;5;6;10;11"
Root_5018,394.627382,50.819584,5,"2;5;6;10;11"
Root_5019,119.411958,26.838144,6,"0;1;5;6;10;11"
Root_5020,353.683222,47.115904,5,"1;5;6;10;11"
Root_5021,174.305302,32.167744,5,"0;5;6;10;11"
Root_5022,401.638422,51.745504,4,"5;6;10;11"
Root_5023,100.769206,23.319648,8,"0;1;2;3;4;6;10;11"
Root_5024,323.161270,43.597408,7,"1;2;3;4;6;10;11"
Root_5025,147.835606,28.649248,7,"0;2;3;4;6;10;11"
Root_5026,371.116470,48.227008,6,"2;3;4;6;10;11"
Root_5027,105.002486,24.245568,7,"0;1;3;4;6;10;11"
Root_5028,330.172310,44.523328,6,"1;3;4;6;10;11"
Root_5029,153.219222,29.575168,6,"0;3;4;6;10;11"
Root_5030,378.127510,49.152928,5,"3;4;6;10;11"
Root_5031,111.091318,25.233216,7,"0;1;2;4;6;10;11"
Root_5032,339.224086,45.510976,6,"1;2;4;6;10;11"
Root_5033,161.283350,30.562816,6,"0;2;4;6;10;11"
Root_5034,387.179286,50.140576,5,"2;4;6;10;11"
Root_5035,115.483734,26.159136,6,"0;1;4;6;10;11"
Root_5036,346.235126,46.436896,5,"1;4;6;10;11"
Root_5037,167.368470,31.488736,5,"0;4;6;10;11"
Root_5038,394.190326,51.066496,4,"4;6;10;11"
Root_5039,115.269078,25.541856,7,"0;1;2;3;6;10;11"
Root_5040,344.327766,45.819616,6,"1;2;3;6;10;11"
Root_5041,166.078390,30.871456,6,"0;2;3;6;10;11"
Root_5042,392.282966,50.449216,5,"2;3;6;10;11"
Root_5043,119.970134,26.467776,6,"0;1;3;6;10;11"
Root_5044,351.338806,46.745536,5,"1;3;6;10;11"
Root_5045,172.163510,31.797376,5,"0;3;6;10;11"
Root_5046,399.294006,51.375136,4,"3;6;10;11"
Root_5047,127.046614,27.455424,6,"0;1;2;6;10;11"
Root_5048,360.390582,47.733184,5,"1;2;6;10;11"
Root_5049,181.012662,32.785024,5,"0;2;6;10;11"
Root_5050,408.345782,52.362784,4,"2;6;10;11"
Root_5051,132.205814,28.381344,5,"0;1;6;10;11"
Root_5052,367.401622,48.659104,4,"1;6;10;11"
Root_5053,188.023702,33.710944,4,"0;6;10;11"
Root_5054,415.356822,53.288704,3,"6;10;11"
Root_5055,107.713600,24.202358,8,"0;1;2;3;4;5;10;11"
Root_5056,333.753795,44.480118,7,"1;2;3;4;5;10;11"
Root_5057,156.843917,29.531958,7,"0;2;3;4;5;10;11"
Root_5058,381.708995,49.109718,6,"2;3;4;5;10;11"
Root_5059,111.946880,25.128278,7,"0;1;3;4;5;10;11"
Root_5060,340.764835,45.406038,6,"1;3;4;5;10;11"
Root_5061,162.929037,30.457878,6,"0;3;4;5;10;11"
Root_5062,388.720035,50.035638,5,"3;4;5;10;11"
Root_5063,118.151638,26.115926,7,"0;1;2;4;5;10;11"
Root_5064,349.816611,46.393686,6,"1;2;4;5;10;11"
Root_5065,170.993165,31.445526,6,"0;2;4;5;10;11"
Root_5066,397.771811,51.023286,5,"2;4;5;10;11"
Root_5067,123.310838,27.041846,6,"0;1;4;5;10;11"
Root_5068,356.827651,47.319606,5,"1;4;5;10;11"
Root_5069,177.449731,32.371446,5,"0;4;5;10;11"
Root_5070,404.782851,51.949206,4,"4;5;10;11"
Root_5071,122.638038,26.424566,7,"0;1;2;3;5;10;11"
Root_5072,354.920291,46.702326,6,"1;2;3;5;10;11"
Root_5073,175.788205,31.754166,6,"0;2;3;5;10;11"
Root_5074,402.875491,51.331926,5,"2;3;5;10;11"
Root_5075,127.797238,27.350486,6,"0;1;3;5;10;11"
Root_5076,361.931331,47.628246,5,"1;3;5;10;11"
Root_5077,182.553411,32.680086,5,"0;3;5;10;11"
Root_5078,409.886531,52.257846,4,"3;5;10;11"
Root_5079,135.211853,28.338134,6,"0;1;2;5;10;11"
Root_5080,370.983107,48.615894,5,"1;2;5;10;11"
Root_5081,191.605187,33.667734,5,"0;2;5;10;11"
Root_5082,418.938307,53.245494,4,"2;5;10;11"
Root_5083,141.561027,29.264054,5,"0;1;5;10;11"
Root_5084,377.994147,49.541814,4,"1;5;10;11"
Root_5085,198.616227,34.593654,4,"0;5;10;11"
Root_5086,425.949347,54.171414,3,"5;10;11"
Root_5087,120.056842,25.745558,7,"0;1;2;3;4;10;11"
Root_5088,347.472195,46.023318,6,"1;2;3;4;10;11"
Root_5089,169.019117,31.075158,6,"0;2;3;4;10;11"
Root_5090,395.427395,50.652918,5,"2;3;4;10;11"
Root_5091,124.035680,26.671478,6,"0;1;3;4;10;11"
Root_5092,354.483235,46.949238,5,"1;3;4;10;11"
Root_5093,175.105315,32.001078,5,"0;3;4;10;11"
Root_5094,402.438435,51.578838,4,"3;4;10;11"
Root_5095,130.124512,27.659126,6,"0;1;2;4;10;11"
Root_5096,363.535011,47.936886,5,"1;2;4;10;11"
Root_5097,184.157091,32.988726,5,"0;2;4;10;11"
Root_5098,411.490211,52.566486,4,"2;4;10;11"
Root_5099,134.942838,28.585046,5,"0;1;4;10;11"
Root_5100,370.546051,48.862806,4,"1;4;10;11"
Root_5101,191.168131,33.914646,4,"0;4;10;11"
Root_5102,418.501251,53.492406,3,"4;10;11"
Root_5103,134.302272,27.967766,6,"0;1;2;3;10;11"
Root_5104,368.638691,48.245526,5,"1;2;3;10;11"
Root_5105,189.260771,33.297366,5,"0;2;3;10;11"
Root_5106,416.593891,52.875126,4,"2;3;10;11"
Root_5107,139.429238,28.893686,5,"0;1;3;10;11"
Root_5108,375.649731,49.171446,4,"1;3;10;11"
Root_5109,196.271811,34.223286,4,"0;3;10;11"
Root_5110,423.604931,53.801046,3,"3;10;11"
Root_5111,148.268387,29.881334,5,"0;1;2;10;11"
Root_5112,384.701507,50.159094,4,"1;2;10;11"
Root_5113,205.323587,35.210934,4,"0;2;10;11"
Root_5114,432.656707,54.788694,3,"2;10;11"
Root_5115,155.279427,30.807254,4,"0;1;10;11"
Root_5116,391.712547,51.085014,3,"1;10;11"
Root_5117,212.334627,36.136854,3,"0;10;11"
Root_5118,439.667747,55.714614,2,"10;11"
Root_5119,19.211008,9.655520,11,"0;1;2;3;4;5;6;7;8;9;11"
Root_5120,212.091734,32.733280,10,"1;2;3;4;5;6;7;8;9;11"
Root_5121,59.242592,17.785120,10,"0;2;3;4;5;6;7;8;9;11"
Root_5122,260.046934,37.362880,9,"2;3;4;5;6;7;8;9;11"
Root_5123,21.136864,10.581440,10,"0;1;3;4;5;6;7;8;9;11"
Root_5124,219.102774,33.659200,9,"1;3;4;5;6;7;8;9;11"
Root_5125,61.624032,18.711040,9,"0;3;4;5;6;7;8;9;11"
Root_5126,267.057974,38.288800,8,"3;4;5;6;7;8;9;11"
Root_5127,36.263904,14.369088,10,"0;1;2;4;5;6;7;8;9;11"
Root_5128,228.154550,34.646848,9,"1;2;4;5;6;7;8;9;11"
Root_5129,68.662240,19.698688,9,"0;2;4;5;6;7;8;9;11"
Root_5130,276.109750,39.276448,8,"2;4;5;6;7;8;9;11"
Root_5131,36.572576,15.295008,9,"0;1;4;5;6;7;8;9;11"
Root_5132,235.165590,35.572768,8,"1;4;5;6;7;8;9;11"
Root_5133,71.043680,20.624608,8,"0;4;5;6;7;8;9;11"
Root_5134,283.120790,40.202368,7,"4;5;6;7;8;9;11"
Root_5135,27.620736,13.277728,10,"0;1;2;3;5;6;7;8;9;11"
Root_5136,233.258230,34.955488,9,"1;2;3;5;6;7;8;9;11"
Root_5137,70.230048,20.007328,9,"0;2;3;5;6;7;8;9;11"
Root_5138,281.213430,39.585088,8,"2;3;5;6;7;8;9;11"
Root_5139,28.298496,14.203648,9,"0;1;3;5;6;7;8;9;11"
Root_5140,240.269270,35.881408,8,"1;3;5;6;7;8;9;11"
Root_5141,73.696566,20.933248,8,"0;3;5;6;7;8;9;11"
Root_5142,288.224470,40.511008,7,"3;5;6;7;8;9;11"
Root_5143,40.061440,16.591296,9,"0;1;2;5;6;7;8;9;11"
Root_5144,249.321046,36.869056,8,"1;2;5;6;7;8;9;11"
Root_5145,80.837238,21.920896,8,"0;2;5;6;7;8;9;11"
Root_5146,297.276246,41.498656,7,"2;5;6;7;8;9;11"
Root_5147,40.020448,17.517216,8,"0;1;5;6;7;8;9;11"
Root_5148,256.332086,37.794976,7,"1;5;6;7;8;9;11"
Root_5149,86.107350,22.846816,7,"0;5;6;7;8;9;11"
Root_5150,304.287286,42.424576,6,"5;6;7;8;9;11"
Root_5151,26.013344,11.898720,10,"0;1;2;3;4;6;7;8;9;11"
Root_5152,225.810134,34.276480,9,"1;2;3;4;6;7;8;9;11"
Root_5153,71.841184,19.328320,9,"0;2;3;4;6;7;8;9;11"
Root_5154,273.765334,38.906080,8,"2;3;4;6;7;8;9;11"
Root_5155,27.866464,12.824640,9,"0;1;3;4;6;7;8;9;11"
Root_5156,232.821174,35.202400,8,"1;3;4;6;7;8;9;11"
Root_5157,75.148544,20.254240,8,"0;3;4;6;7;8;9;11"
Root_5158,280.776374,39.832000,7,"3;4;6;7;8;9;11"
Root_5159,43.979904,15.912288,9,"0;1;2;4;6;7;8;9;11"
Root_5160,241.872950,36.190048,8,"1;2;4;6;7;8;9;11"
Root_5161,81.769366,21.241888,8,"0;2;4;6;7;8;9;11"
Root_5162,289.828150,40.819648,7,"2;4;6;7;8;9;11"
Root_5163,43.583584,16.838208,8,"0;1;4;6;7;8;9;11"
Root_5164,248.883990,37.115968,7,"1;4;6;7;8;9;11"
Root_5165,86.170454,22.167808,7,"0;4;6;7;8;9;11"
Root_5166,296.839190,41.745568,6,"4;6;7;8;9;11"
Root_5167,34.614464,14.820928,9,"0;1;2;3;6;7;8;9;11"
Root_5168,246.976630,36.498688,8,"1;2;3;6;7;8;9;11"
Root_5169,85.497654,21.550528,8,"0;2;3;6;7;8;9;11"
Root_5170,294.931830,41.128288,7,"2;3;6;7;8;9;11"
Root_5171,34.471296,15.746848,8,"0;1;3;6;7;8;9;11"
Root_5172,253.987670,37.424608,7,"1;3;6;7;8;9;11"
Root_5173,90.656854,22.476448,7,"0;3;6;7;8;9;11"
Root_5174,301.942870,42.054208,6,"3;6;7;8;9;11"
Root_5175,49.367328,18.134496,8,"0;1;2;6;7;8;9;11"
Root_5176,263.039446,38.412256,7,"1;2;6;7;8;9;11"
Root_5177,97.733334,23.464096,7,"0;2;6;7;8;9;11"
Root_5178,310.994646,43.041856,6,"2;6;7;8;9;11"
Root_5179,50.822848,19.060416,7,"0;1;6;7;8;9;11"
Root_5180,270.050486,39.338176,6,"1;6;7;8;9;11"
Root_5181,102.892534,24.390016,6,"0;6;7;8;9;11"
Root_5182,318.005686,43.967776,5,"6;7;8;9;11"
Root_5183,29.544186,12.781430,10,"0;1;2;3;4;5;7;8;9;11"
Root_5184,236.402659,35.159190,9,"1;2;3;4;5;7;8;9;11"
Root_5185,79.785578,20.211030,9,"0;2;3;4;5;7;8;9;11"
Root_5186,284.357859,39.788790,8,"2;3;4;5;7;8;9;11"
Root_5187,31.035514,13.707350,9,"0;1;3;4;5;7;8;9;11"
Root_5188,243.413699,36.085110,8,"1;3;4;5;7;8;9;11"
Root_5189,83.281728,21.136950,8,"0;3;4;5;7;8;9;11"
Root_5190,291.368899,40.714710,7,"3;4;5;7;8;9;11"
Root_5191,48.393456,16.794998,9,"0;1;2;4;5;7;8;9;11"
Root_5192,252.465475,37.072758,8,"1;2;4;5;7;8;9;11"
Root_5193,89.370560,22.124598,8,"0;2;4;5;7;8;9;11"
Root_5194,300.420675,41.702358,7,"2;4;5;7;8;9;11"
Root_5195,49.168573,17.720918,8,"0;1;4;5;7;8;9;11"
Root_5196,259.476515,37.998678,7,"1;4;5;7;8;9;11"
Root_5197,93.997558,23.050518,7,"0;4;5;7;8;9;11"
Root_5198,307.431715,42.628278,6,"4;5;7;8;9;11"
Root_5199,39.028016,15.703638,9,"0;1;2;3;5;7;8;9;11"
Root_5200,257.569155,37.381398,8,"1;2;3;5;7;8;9;11"
Root_5201,93.548320,22.433238,8,"0;2;3;5;7;8;9;11"
Root_5202,305.524355,42.010998,7,"2;3;5;7;8;9;11"
Root_5203,38.631696,16.629558,8,"0;1;3;5;7;8;9;11"
Root_5204,264.580195,38.307318,7,"1;3;5;7;8;9;11"
Root_5205,98.483958,23.359158,7,"0;3;5;7;8;9;11"
Root_5206,312.535395,42.936918,6,"3;5;7;8;9;11"
Root_5207,55.546301,19.017206,8,"0;1;2;5;7;8;9;11"
Root_5208,273.631971,39.294966,7,"1;2;5;7;8;9;11"
Root_5209,105.560438,24.346806,7,"0;2;5;7;8;9;11"
Root_5210,321.587171,43.924566,6,"2;5;7;8;9;11"
Root_5211,58.042346,19.943126,7,"0;1;5;7;8;9;11"
Root_5212,280.643011,40.220886,6,"1;5;7;8;9;11"
Root_5213,110.719638,25.272726,6,"0;5;7;8;9;11"
Root_5214,328.598211,44.850486,5,"5;7;8;9;11"
Root_5215,37.179814,14.324630,9,"0;1;2;3;4;7;8;9;11"
Root_5216,250.121059,36.702390,8,"1;2;3;4;7;8;9;11"
Root_5217,94.480448,21.754230,8,"0;2;3;4;7;8;9;11"
Root_5218,298.076259,41.331990,7,"2;3;4;7;8;9;11"
Root_5219,38.458864,15.250550,8,"0;1;3;4;7;8;9;11"
Root_5220,257.132099,37.628310,7,"1;3;4;7;8;9;11"
Root_5221,98.713728,22.680150,7,"0;3;4;7;8;9;11"
Root_5222,305.087299,42.257910,6,"3;4;7;8;9;11"
Root_5223,58.515453,18.338198,8,"0;1;2;4;7;8;9;11"
Root_5224,266.183875,38.615958,7,"1;2;4;7;8;9;11"
Root_5225,104.802560,23.667798,7,"0;2;4;7;8;9;11"
Root_5226,314.139075,43.245558,6,"2;4;7;8;9;11"
Root_5227,60.159763,19.264118,7,"0;1;4;7;8;9;11"
Root_5228,273.194915,39.541878,6,"1;4;7;8;9;11"
Root_5229,109.035840,24.593718,6,"0;4;7;8;9;11"
Root_5230,321.150115,44.171478,5,"4;7;8;9;11"
Root_5231,47.237693,17.246838,8,"0;1;2;3;7;8;9;11"
Root_5232,271.287555,38.924598,7,"1;2;3;7;8;9;11"
Root_5233,108.980320,23.976438,7,"0;2;3;7;8;9;11"
Root_5234,319.242755,43.554198,6,"2;3;7;8;9;11"
Root_5235,49.595571,18.172758,7,"0;1;3;7;8;9;11"
Root_5236,278.298595,39.850518,6,"1;3;7;8;9;11"
Root_5237,113.213600,24.902358,6,"0;3;7;8;9;11"
Root_5238,326.253795,44.480118,5,"3;7;8;9;11"
Root_5239,68.623786,20.560406,7,"0;1;2;7;8;9;11"
Root_5240,287.350371,40.838166,6,"1;2;7;8;9;11"
Root_5241,119.302432,25.890006,6,"0;2;7;8;9;11"
Root_5242,335.305571,45.467766,5,"2;7;8;9;11"
Root_5243,72.469312,21.486326,6,"0;1;7;8;9;11"
Root_5244,294.361411,41.764086,5,"1;7;8;9;11"
Root_5245,123.535712,26.815926,5,"0;7;8;9;11"
Root_5246,342.316611,46.393686,4,"7;8;9;11"
Root_5247,44.113184,15.480192,10,"0;1;2;3;4;5;6;8;9;11"
Root_5248,241.487798,35.757952,9,"1;2;3;4;5;6;8;9;11"
Root_5249,83.475670,20.809792,9,"0;2;3;4;5;6;8;9;11"
Root_5250,289.442998,40.387552,8,"2;3;4;5;6;8;9;11"
Root_5251,44.642784,16.406112,9,"0;1;3;4;5;6;8;9;11"
Root_5252,248.498838,36.683872,8,"1;3;4;5;6;8;9;11"
Root_5253,87.570582,21.735712,8,"0;3;4;5;6;8;9;11"
Root_5254,296.454038,41.313472,7,"3;4;5;6;8;9;11"
Root_5255,51.904384,17.393760,9,"0;1;2;4;5;6;8;9;11"
Root_5256,257.550614,37.671520,8,"1;2;4;5;6;8;9;11"
Root_5257,93.725974,22.723360,8,"0;2;4;5;6;8;9;11"
Root_5258,305.505814,42.301120,7,"2;4;5;6;8;9;11"
Root_5259,53.359904,18.319680,8,"0;1;4;5;6;8;9;11"
Root_5260,264.561654,38.597440,7,"1;4;5;6;8;9;11"
Root_5261,98.885174,23.649280,7,"0;4;5;6;8;9;11"
Root_5262,312.516854,43.227040,6,"4;5;6;8;9;11"
Root_5263,50.858624,17.702400,9,"0;1;2;3;5;6;8;9;11"
Root_5264,262.654294,37.980160,8,"1;2;3;5;6;8;9;11"
Root_5265,98.212374,23.032000,8,"0;2;3;5;6;8;9;11"
Root_5266,310.609494,42.609760,7,"2;3;5;6;8;9;11"
Root_5267,53.240064,18.628320,8,"0;1;3;5;6;8;9;11"
Root_5268,269.665334,38.906080,7,"1;3;5;6;8;9;11"
Root_5269,103.371574,23.957920,7,"0;3;5;6;8;9;11"
Root_5270,317.620534,43.535680,6,"3;5;6;8;9;11"
Root_5271,59.737632,19.615968,8,"0;1;2;5;6;8;9;11"
Root_5272,278.717110,39.893728,7,"1;2;5;6;8;9;11"
Root_5273,110.448054,24.945568,7,"0;2;5;6;8;9;11"
Root_5274,326.672310,44.523328,6,"2;5;6;8;9;11"
Root_5275,61.964640,20.541888,7,"0;1;5;6;8;9;11"
Root_5276,285.728150,40.819648,6,"1;5;6;8;9;11"
Root_5277,115.607254,25.871488,6,"0;5;6;8;9;11"
Root_5278,333.683350,45.449248,5,"5;6;8;9;11"
Root_5279,53.395776,17.023392,9,"0;1;2;3;4;6;8;9;11"
Root_5280,255.206198,37.301152,8,"1;2;3;4;6;8;9;11"
Root_5281,98.769302,22.352992,8,"0;2;3;4;6;8;9;11"
Root_5282,303.161398,41.930752,7,"2;3;4;6;8;9;11"
Root_5283,55.530208,17.949312,8,"0;1;3;4;6;8;9;11"
Root_5284,262.217238,38.227072,7,"1;3;4;6;8;9;11"
Root_5285,103.002582,23.278912,7,"0;3;4;6;8;9;11"
Root_5286,310.172438,42.856672,6,"3;4;6;8;9;11"
Root_5287,62.706784,18.936960,8,"0;1;2;4;6;8;9;11"
Root_5288,271.269014,39.214720,7,"1;2;4;6;8;9;11"
Root_5289,109.091414,24.266560,7,"0;2;4;6;8;9;11"
Root_5290,319.224214,43.844320,6,"2;4;6;8;9;11"
Root_5291,64.254784,19.862880,7,"0;1;4;6;8;9;11"
Root_5292,278.280054,40.140640,6,"1;4;6;8;9;11"
Root_5293,113.324694,25.192480,6,"0;4;6;8;9;11"
Root_5294,326.235254,44.770240,5,"4;6;8;9;11"
Root_5295,63.204224,19.245600,8,"0;1;2;3;6;8;9;11"
Root_5296,276.372694,39.523360,7,"1;2;3;6;8;9;11"
Root_5297,113.269174,24.575200,7,"0;2;3;6;8;9;11"
Root_5298,324.327894,44.152960,6,"2;3;6;8;9;11"
Root_5299,65.986784,20.171520,7,"0;1;3;6;8;9;11"
Root_5300,283.383734,40.449280,6,"1;3;6;8;9;11"
Root_5301,117.502454,25.501120,6,"0;3;6;8;9;11"
Root_5302,331.338934,45.078880,5,"3;6;8;9;11"
Root_5303,72.524886,21.159168,7,"0;1;2;6;8;9;11"
Root_5304,292.435510,41.436928,6,"1;2;6;8;9;11"
Root_5305,123.591286,26.488768,6,"0;2;6;8;9;11"
Root_5306,340.390710,46.066528,5,"2;6;8;9;11"
Root_5307,76.843254,22.085088,6,"0;1;6;8;9;11"
Root_5308,299.446550,42.362848,5,"1;6;8;9;11"
Root_5309,127.824566,27.414688,5,"0;6;8;9;11"
Root_5310,347.401750,46.992448,4,"6;8;9;11"
Root_5311,60.210451,17.906102,9,"0;1;2;3;4;5;8;9;11"
Root_5312,265.798723,38.183862,8,"1;2;3;4;5;8;9;11"
Root_5313,105.713696,23.235702,8,"0;2;3;4;5;8;9;11"
Root_5314,313.753923,42.813462,7,"2;3;4;5;8;9;11"
Root_5315,62.591891,18.832022,8,"0;1;3;4;5;8;9;11"
Root_5316,272.809763,39.109782,7,"1;3;4;5;8;9;11"
Root_5317,109.946976,24.161622,7,"0;3;4;5;8;9;11"
Root_5318,320.764963,43.739382,6,"3;4;5;8;9;11"
Root_5319,68.935027,19.819670,8,"0;1;2;4;5;8;9;11"
Root_5320,281.861539,40.097430,7,"1;2;4;5;8;9;11"
Root_5321,116.035808,25.149270,7,"0;2;4;5;8;9;11"
Root_5322,329.816739,44.727030,6,"2;4;5;8;9;11"
Root_5323,71.316467,20.745590,7,"0;1;4;5;8;9;11"
Root_5324,288.872579,41.023350,6,"1;4;5;8;9;11"
Root_5325,120.269088,26.075190,6,"0;4;5;8;9;11"
Root_5326,336.827779,45.652950,5,"4;5;8;9;11"
Root_5327,70.623818,20.128310,8,"0;1;2;3;5;8;9;11"
Root_5328,286.965219,40.406070,7,"1;2;3;5;8;9;11"
Root_5329,120.213568,25.457910,7,"0;2;3;5;8;9;11"
Root_5330,334.920419,45.035670,6,"2;3;5;8;9;11"
Root_5331,74.037248,21.054230,7,"0;1;3;5;8;9;11"
Root_5332,293.976259,41.331990,6,"1;3;5;8;9;11"
Root_5333,124.446848,26.383830,6,"0;3;5;8;9;11"
Root_5334,341.931459,45.961590,5,"3;5;8;9;11"
Root_5335,80.126080,22.041878,7,"0;1;2;5;8;9;11"
Root_5336,303.028035,42.319638,6,"1;2;5;8;9;11"
Root_5337,130.535680,27.371478,6,"0;2;5;8;9;11"
Root_5338,350.983235,46.949238,5,"2;5;8;9;11"
Root_5339,84.670358,22.967798,6,"0;1;5;8;9;11"
Root_5340,310.039075,43.245558,5,"1;5;8;9;11"
Root_5341,135.066358,28.297398,5,"0;5;8;9;11"
Root_5342,357.994275,47.875158,4,"5;8;9;11"
Root_5343,72.556051,19.449302,8,"0;1;2;3;4;8;9;11"
Root_5344,279.517123,39.727062,7,"1;2;3;4;8;9;11"
Root_5345,119.023594,24.778902,7,"0;2;3;4;8;9;11"
Root_5346,327.472323,44.356662,6,"2;3;4;8;9;11"
Root_5347,75.542314,20.375222,7,"0;1;3;4;8;9;11"
Root_5348,286.528163,40.652982,6,"1;3;4;8;9;11"
Root_5349,122.330954,25.704822,6,"0;3;4;8;9;11"
Root_5350,334.483363,45.282582,5,"3;4;8;9;11"
Root_5351,81.695338,21.362870,7,"0;1;2;4;8;9;11"
Root_5352,295.579939,41.640630,6,"1;2;4;8;9;11"
Root_5353,127.432138,26.692470,6,"0;2;4;8;9;11"
Root_5354,343.535139,46.270230,5,"2;4;8;9;11"
Root_5355,85.291488,22.288790,6,"0;1;4;8;9;11"
Root_5356,302.590979,42.566550,5,"1;4;8;9;11"
Root_5357,130.739498,27.618390,5,"0;4;8;9;11"
Root_5358,350.546179,47.196150,4,"4;8;9;11"
Root_5359,85.235968,21.671510,7,"0;1;2;3;8;9;11"
Root_5360,300.683619,41.949270,6,"1;2;3;8;9;11"
Root_5361,131.301258,27.001110,6,"0;2;3;8;9;11"
Root_5362,348.638819,46.578870,5,"2;3;8;9;11"
Root_5363,89.469248,22.597430,6,"0;1;3;8;9;11"
Root_5364,307.694659,42.875190,5,"1;3;8;9;11"
Root_5365,134.608618,27.927030,5,"0;3;8;9;11"
Root_5366,355.649859,47.504790,4,"3;8;9;11"
Root_5367,95.558080,23.585078,6,"0;1;2;8;9;11"
Root_5368,316.746435,43.862838,5,"1;2;8;9;11"
Root_5369,140.624480,28.914678,5,"0;2;8;9;11"
Root_5370,364.701635,48.492438,4,"2;8;9;11"
Root_5371,99.791360,24.510998,5,"0;1;8;9;11"
Root_5372,323.757475,44.788758,4,"1;8;9;11"
Root_5373,146.538957,29.840598,4,"0;8;9;11"
Root_5374,371.712675,49.418358,3,"8;9;11"
Root_5375,36.942752,14.285120,10,"0;1;2;3;4;5;6;7;9;11"
Root_5376,263.546934,37.362880,9,"1;2;3;4;5;6;7;9;11"
Root_5377,97.581654,22.414720,9,"0;2;3;4;5;6;7;9;11"
Root_5378,311.502134,41.992480,8,"2;3;4;5;6;7;9;11"
Root_5379,38.261312,15.211040,9,"0;1;3;4;5;6;7;9;11"
Root_5380,270.557974,38.288800,8,"1;3;4;5;6;7;9;11"
Root_5381,102.498774,23.340640,8,"0;3;4;5;6;7;9;11"
Root_5382,318.513174,42.918400,7,"3;4;5;6;7;9;11"
Root_5383,61.410592,18.998688,9,"0;1;2;4;5;6;7;9;11"
Root_5384,279.609750,39.276448,8,"1;2;4;5;6;7;9;11"
Root_5385,109.575254,24.328288,8,"0;2;4;5;6;7;9;11"
Root_5386,327.564950,43.906048,7,"2;4;5;6;7;9;11"
Root_5387,62.943680,19.924608,8,"0;1;4;5;6;7;9;11"
Root_5388,286.620790,40.202368,7,"1;4;5;6;7;9;11"
Root_5389,114.734454,25.254208,7,"0;4;5;6;7;9;11"
Root_5390,334.575990,44.831968,6,"4;5;6;7;9;11"
Root_5391,51.861120,17.907328,9,"0;1;2;3;5;6;7;9;11"
Root_5392,284.713430,39.585088,8,"1;2;3;5;6;7;9;11"
Root_5393,114.061654,24.636928,8,"0;2;3;5;6;7;9;11"
Root_5394,332.668630,44.214688,7,"2;3;5;6;7;9;11"
Root_5395,53.316640,18.833248,8,"0;1;3;5;6;7;9;11"
Root_5396,291.724470,40.511008,7,"1;3;5;6;7;9;11"
Root_5397,119.220854,25.562848,7,"0;3;5;6;7;9;11"
Root_5398,339.679670,45.140608,6,"3;5;6;7;9;11"
Root_5399,71.337238,21.220896,8,"0;1;2;5;6;7;9;11"
Root_5400,300.776246,41.498656,7,"1;2;5;6;7;9;11"
Root_5401,126.847830,26.550496,7,"0;2;5;6;7;9;11"
Root_5402,348.731446,46.128256,6,"2;5;6;7;9;11"
Root_5403,75.717334,22.146816,7,"0;1;5;6;7;9;11"
Root_5404,307.787286,42.424576,6,"1;5;6;7;9;11"
Root_5405,132.932950,27.476416,6,"0;5;6;7;9;11"
Root_5406,355.742486,47.054176,5,"5;6;7;9;11"
Root_5407,50.401952,16.528320,9,"0;1;2;3;4;6;7;9;11"
Root_5408,277.265334,38.906080,8,"1;2;3;4;6;7;9;11"
Root_5409,113.013654,23.957920,8,"0;2;3;4;6;7;9;11"
Root_5410,325.220534,43.535680,7,"2;3;4;6;7;9;11"
Root_5411,51.385792,17.454240,8,"0;1;3;4;6;7;9;11"
Root_5412,284.276374,39.832000,7,"1;3;4;6;7;9;11"
Root_5413,117.246934,24.883840,7,"0;3;4;6;7;9;11"
Root_5414,332.231574,44.461600,6,"3;4;6;7;9;11"
Root_5415,72.907840,20.541888,8,"0;1;2;4;6;7;9;11"
Root_5416,293.328150,40.819648,7,"1;2;4;6;7;9;11"
Root_5417,123.335766,25.871488,7,"0;2;4;6;7;9;11"
Root_5418,341.283350,45.449248,6,"2;4;6;7;9;11"
Root_5419,76.502646,21.467808,7,"0;1;4;6;7;9;11"
Root_5420,300.339190,41.745568,6,"1;4;6;7;9;11"
Root_5421,128.366454,26.797408,6,"0;4;6;7;9;11"
Root_5422,348.294390,46.375168,5,"4;6;7;9;11"
Root_5423,63.038720,19.450528,8,"0;1;2;3;6;7;9;11"
Root_5424,298.431830,41.128288,7,"1;2;3;6;7;9;11"
Root_5425,127.693654,26.180128,7,"0;2;3;6;7;9;11"
Root_5426,346.387030,45.757888,6,"2;3;6;7;9;11"
Root_5427,66.026208,20.376448,7,"0;1;3;6;7;9;11"
Root_5428,305.442870,42.054208,6,"1;3;6;7;9;11"
Root_5429,132.852854,27.106048,6,"0;3;6;7;9;11"
Root_5430,353.398070,46.683808,5,"3;6;7;9;11"
Root_5431,87.533334,22.764096,7,"0;1;2;6;7;9;11"
Root_5432,314.494646,43.041856,6,"1;2;6;7;9;11"
Root_5433,139.929334,28.093696,6,"0;2;6;7;9;11"
Root_5434,362.449846,47.671456,5,"2;6;7;9;11"
Root_5435,92.692534,23.690016,6,"0;1;6;7;9;11"
Root_5436,321.505686,43.967776,5,"1;6;7;9;11"
Root_5437,145.108150,29.019616,5,"0;6;7;9;11"
Root_5438,369.460886,48.597376,4,"6;7;9;11"
Root_5439,56.109245,17.411030,9,"0;1;2;3;4;5;7;9;11"
Root_5440,287.857859,39.788790,8,"1;2;3;4;5;7;9;11"
Root_5441,119.958048,24.840630,8,"0;2;3;4;5;7;9;11"
Root_5442,335.813059,44.418390,7,"2;3;4;5;7;9;11"
Root_5443,57.564765,18.336950,8,"0;1;3;4;5;7;9;11"
Root_5444,294.868899,40.714710,7,"1;3;4;5;7;9;11"
Root_5445,124.191328,25.766550,7,"0;3;4;5;7;9;11"
Root_5446,342.824099,45.344310,6,"3;4;5;7;9;11"
Root_5447,80.445962,21.424598,8,"0;1;2;4;5;7;9;11"
Root_5448,303.920675,41.702358,7,"1;2;4;5;7;9;11"
Root_5449,131.034358,26.754198,7,"0;2;4;5;7;9;11"
Root_5450,351.875875,46.331958,6,"2;4;5;7;9;11"
Root_5451,84.103840,22.350518,7,"0;1;4;5;7;9;11"
Root_5452,310.931715,42.628278,6,"1;4;5;7;9;11"
Root_5453,136.193558,27.680118,6,"0;4;5;7;9;11"
Root_5454,358.886915,47.257878,5,"4;5;7;9;11"
Root_5455,70.663242,20.333238,8,"0;1;2;3;5;7;9;11"
Root_5456,309.024355,42.010998,7,"1;2;3;5;7;9;11"
Root_5457,135.520758,27.062838,7,"0;2;3;5;7;9;11"
Root_5458,356.979555,46.640598,6,"2;3;5;7;9;11"
Root_5459,74.281600,21.259158,7,"0;1;3;5;7;9;11"
Root_5460,316.035395,42.936918,6,"1;3;5;7;9;11"
Root_5461,140.679958,27.988758,6,"0;3;5;7;9;11"
Root_5462,363.990595,47.566518,5,"3;5;7;9;11"
Root_5463,95.360438,23.646806,7,"0;1;2;5;7;9;11"
Root_5464,325.087171,43.924566,6,"1;2;5;7;9;11"
Root_5465,148.732845,28.976406,6,"0;2;5;7;9;11"
Root_5466,373.042371,48.554166,5,"2;5;7;9;11"
Root_5467,100.519638,24.572726,6,"0;1;5;7;9;11"
Root_5468,332.098211,44.850486,5,"1;5;7;9;11"
Root_5469,154.817965,29.902326,5,"0;5;7;9;11"
Root_5470,380.053411,49.480086,4,"5;7;9;11"
Root_5471,66.911645,18.954230,8,"0;1;2;3;4;7;9;11"
Root_5472,301.576259,41.331990,7,"1;2;3;4;7;9;11"
Root_5473,132.046848,26.383830,7,"0;2;3;4;7;9;11"
Root_5474,349.531459,45.961590,6,"2;3;4;7;9;11"
Root_5475,69.281738,19.880150,7,"0;1;3;4;7;9;11"
Root_5476,308.587299,42.257910,6,"1;3;4;7;9;11"
Root_5477,136.280128,27.309750,6,"0;3;4;7;9;11"
Root_5478,356.542499,46.887510,5,"3;4;7;9;11"
Root_5479,95.302560,22.967798,7,"0;1;2;4;7;9;11"
Root_5480,317.639075,43.245558,6,"1;2;4;7;9;11"
Root_5481,142.666358,28.297398,6,"0;2;4;7;9;11"
Root_5482,365.594275,47.875158,5,"2;4;7;9;11"
Root_5483,99.535840,23.893718,6,"0;1;4;7;9;11"
Root_5484,324.650115,44.171478,5,"1;4;7;9;11"
Root_5485,148.048877,29.223318,5,"0;4;7;9;11"
Root_5486,372.605315,48.801078,4,"4;7;9;11"
Root_5487,85.480320,21.876438,7,"0;1;2;3;7;9;11"
Root_5488,322.742755,43.554198,6,"1;2;3;7;9;11"
Root_5489,147.152758,28.606038,6,"0;2;3;7;9;11"
Root_5490,370.697955,48.183798,5,"2;3;7;9;11"
Root_5491,89.713600,22.802358,6,"0;1;3;7;9;11"
Root_5492,329.753795,44.480118,5,"1;3;7;9;11"
Root_5493,152.843917,29.531958,5,"0;3;7;9;11"
Root_5494,377.708995,49.109718,4,"3;7;9;11"
Root_5495,109.802432,25.190006,6,"0;1;2;7;9;11"
Root_5496,338.805571,45.467766,5,"1;2;7;9;11"
Root_5497,160.908045,30.519606,5,"0;2;7;9;11"
Root_5498,386.760771,50.097366,4,"2;7;9;11"
Root_5499,114.151638,26.115926,5,"0;1;7;9;11"
Root_5500,345.816611,46.393686,4,"1;7;9;11"
Root_5501,166.993165,31.445526,4,"0;7;9;11"
Root_5502,393.771811,51.023286,3,"7;9;11"
Root_5503,75.339968,20.109792,9,"0;1;2;3;4;5;6;9;11"
Root_5504,292.942998,40.387552,8,"1;2;3;4;5;6;9;11"
Root_5505,124.246902,25.439392,8,"0;2;3;4;5;6;9;11"
Root_5506,340.898198,45.017152,7,"2;3;4;5;6;9;11"
Root_5507,78.070582,21.035712,8,"0;1;3;4;5;6;9;11"
Root_5508,299.954038,41.313472,7,"1;3;4;5;6;9;11"
Root_5509,128.845494,26.365312,7,"0;3;4;5;6;9;11"
Root_5510,347.909238,45.943072,6,"3;4;5;6;9;11"
Root_5511,84.159414,22.023360,8,"0;1;2;4;5;6;9;11"
Root_5512,309.005814,42.301120,7,"1;2;4;5;6;9;11"
Root_5513,135.921974,27.352960,7,"0;2;4;5;6;9;11"
Root_5514,356.961014,46.930720,6,"2;4;5;6;9;11"
Root_5515,88.685174,22.949280,7,"0;1;4;5;6;9;11"
Root_5516,316.016854,43.227040,6,"1;4;5;6;9;11"
Root_5517,141.081174,28.278880,6,"0;4;5;6;9;11"
Root_5518,363.972054,47.856640,5,"4;5;6;9;11"
Root_5519,88.337174,22.332000,8,"0;1;2;3;5;6;9;11"
Root_5520,314.109494,42.609760,7,"1;2;3;5;6;9;11"
Root_5521,140.408374,27.661600,7,"0;2;3;5;6;9;11"
Root_5522,362.064694,47.239360,6,"2;3;5;6;9;11"
Root_5523,93.171574,23.257920,7,"0;1;3;5;6;9;11"
Root_5524,321.120534,43.535680,6,"1;3;5;6;9;11"
Root_5525,145.567574,28.587520,6,"0;3;5;6;9;11"
Root_5526,369.075734,48.165280,5,"3;5;6;9;11"
Root_5527,100.248054,24.245568,7,"0;1;2;5;6;9;11"
Root_5528,330.172310,44.523328,6,"1;2;5;6;9;11"
Root_5529,153.219222,29.575168,6,"0;2;5;6;9;11"
Root_5530,378.127510,49.152928,5,"2;5;6;9;11"
Root_5531,105.407254,25.171488,6,"0;1;5;6;9;11"
Root_5532,337.183350,45.449248,5,"1;5;6;9;11"
Root_5533,159.304342,30.501088,5,"0;5;6;9;11"
Root_5534,385.138550,50.078848,4,"5;6;9;11"
Root_5535,89.269302,21.652992,8,"0;1;2;3;4;6;9;11"
Root_5536,306.661398,41.930752,7,"1;2;3;4;6;9;11"
Root_5537,136.335702,26.982592,7,"0;2;3;4;6;9;11"
Root_5538,354.616598,46.560352,6,"2;3;4;6;9;11"
Root_5539,93.502582,22.578912,7,"0;1;3;4;6;9;11"
Root_5540,313.672438,42.856672,6,"1;3;4;6;9;11"
Root_5541,140.568982,27.908512,6,"0;3;4;6;9;11"
Root_5542,361.627638,47.486272,5,"3;4;6;9;11"
Root_5543,99.591414,23.566560,7,"0;1;2;4;6;9;11"
Root_5544,322.724214,43.844320,6,"1;2;4;6;9;11"
Root_5545,146.657814,28.896160,6,"0;2;4;6;9;11"
Root_5546,370.679414,48.473920,5,"2;4;6;9;11"
Root_5547,103.824694,24.492480,6,"0;1;4;6;9;11"
Root_5548,329.735254,44.770240,5,"1;4;6;9;11"
Root_5549,152.535254,29.822080,5,"0;4;6;9;11"
Root_5550,377.690454,49.399840,4,"4;6;9;11"
Root_5551,103.769174,23.875200,7,"0;1;2;3;6;9;11"
Root_5552,327.827894,44.152960,6,"1;2;3;6;9;11"
Root_5553,151.245174,29.204800,6,"0;2;3;6;9;11"
Root_5554,375.783094,48.782560,5,"2;3;6;9;11"
Root_5555,108.002454,24.801120,6,"0;1;3;6;9;11"
Root_5556,334.838934,45.078880,5,"1;3;6;9;11"
Root_5557,157.330294,30.130720,5,"0;3;6;9;11"
Root_5558,382.794134,49.708480,4,"3;6;9;11"
Root_5559,114.091286,25.788768,6,"0;1;2;6;9;11"
Root_5560,343.890710,46.066528,5,"1;2;6;9;11"
Root_5561,165.394422,31.118368,5,"0;2;6;9;11"
Root_5562,391.845910,50.696128,4,"2;6;9;11"
Root_5563,119.039254,26.714688,5,"0;1;6;9;11"
Root_5564,350.901750,46.992448,4,"1;6;9;11"
Root_5565,171.523830,32.044288,4,"0;6;9;11"
Root_5566,398.856950,51.622048,3,"6;9;11"
Root_5567,96.334794,22.535702,8,"0;1;2;3;4;5;9;11"
Root_5568,317.253923,42.813462,7,"1;2;3;4;5;9;11"
Root_5569,143.280096,27.865302,7,"0;2;3;4;5;9;11"
Root_5570,365.209123,47.443062,6,"2;3;4;5;9;11"
Root_5571,100.446976,23.461622,7,"0;1;3;4;5;9;11"
Root_5572,324.264963,43.739382,6,"1;3;4;5;9;11"
Root_5573,148.304598,28.791222,6,"0;3;4;5;9;11"
Root_5574,372.220163,48.368982,5,"3;4;5;9;11"
Root_5575,106.535808,24.449270,7,"0;1;2;4;5;9;11"
Root_5576,333.316739,44.727030,6,"1;2;4;5;9;11"
Root_5577,156.159949,29.778870,6,"0;2;4;5;9;11"
Root_5578,381.271939,49.356630,5,"2;4;5;9;11"
Root_5579,110.769088,25.375190,6,"0;1;4;5;9;11"
Root_5580,340.327779,45.652950,5,"1;4;5;9;11"
Root_5581,162.245069,30.704790,5,"0;4;5;9;11"
Root_5582,388.282979,50.282550,4,"4;5;9;11"
Root_5583,110.713568,24.757910,7,"0;1;2;3;5;9;11"
Root_5584,338.420419,45.035670,6,"1;2;3;5;9;11"
Root_5585,160.954989,30.087510,6,"0;2;3;5;9;11"
Root_5586,386.375619,49.665270,5,"2;3;5;9;11"
Root_5587,114.946848,25.683830,6,"0;1;3;5;9;11"
Root_5588,345.431459,45.961590,5,"1;3;5;9;11"
Root_5589,167.040109,31.013430,5,"0;3;5;9;11"
Root_5590,393.386659,50.591190,4,"3;5;9;11"
Root_5591,121.707158,26.671478,6,"0;1;2;5;9;11"
Root_5592,354.483235,46.949238,5,"1;2;5;9;11"
Root_5593,175.105315,32.001078,5,"0;2;5;9;11"
Root_5594,402.438435,51.578838,4,"2;5;9;11"
Root_5595,126.866358,27.597398,5,"0;1;5;9;11"
Root_5596,361.494275,47.875158,4,"1;5;9;11"
Root_5597,182.116355,32.926998,4,"0;5;9;11"
Root_5598,409.449475,52.504758,3,"5;9;11"
Root_5599,110.223594,24.078902,7,"0;1;2;3;4;9;11"
Root_5600,330.972323,44.356662,6,"1;2;3;4;9;11"
Root_5601,154.185901,29.408502,6,"0;2;3;4;9;11"
Root_5602,378.927523,48.986262,5,"2;3;4;9;11"
Root_5603,113.530954,25.004822,6,"0;1;3;4;9;11"
Root_5604,337.983363,45.282582,5,"1;3;4;9;11"
Root_5605,160.271021,30.334422,5,"0;3;4;9;11"
Root_5606,385.938563,49.912182,4,"3;4;9;11"
Root_5607,118.632138,25.992470,6,"0;1;2;4;9;11"
Root_5608,347.035139,46.270230,5,"1;2;4;9;11"
Root_5609,168.335149,31.322070,5,"0;2;4;9;11"
Root_5610,394.990339,50.899830,4,"2;4;9;11"
Root_5611,122.857888,26.918390,5,"0;1;4;9;11"
Root_5612,354.046179,47.196150,4,"1;4;9;11"
Root_5613,174.668259,32.247990,4,"0;4;9;11"
Root_5614,402.001379,51.825750,3,"4;9;11"
Root_5615,122.802368,26.301110,6,"0;1;2;3;9;11"
Root_5616,352.138819,46.578870,5,"1;2;3;9;11"
Root_5617,173.130189,31.630710,5,"0;2;3;9;11"
Root_5618,400.094019,51.208470,4,"2;3;9;11"
Root_5619,127.035648,27.227030,5,"0;1;3;9;11"
Root_5620,359.149859,47.504790,4,"1;3;9;11"
Root_5621,179.771939,32.556630,4,"0;3;9;11"
Root_5622,407.105059,52.134390,3,"3;9;11"
Root_5623,133.339158,28.214678,5,"0;1;2;9;11"
Root_5624,368.201635,48.492438,4,"1;2;9;11"
Root_5625,188.823715,33.544278,4,"0;2;9;11"
Root_5626,416.156835,53.122038,3,"2;9;11"
Root_5627,138.779555,29.140598,4,"0;1;9;11"
Root_5628,375.212675,49.418358,3,"1;9;11"
Root_5629,195.834755,34.470198,3,"0;9;11"
Root_5630,423.167875,54.047958,2,"9;11"
Root_5631,36.979936,15.048096,10,"0;1;2;3;4;5;6;7;8;11"
Root_5632,236.302646,35.325856,9,"1;2;3;4;5;6;7;8;11"
Root_5633,71.792992,20.377696,9,"0;2;3;4;5;6;7;8;11"
Root_5634,284.257846,39.955456,8,"2;3;4;5;6;7;8;11"
Root_5635,36.609600,15.974016,9,"0;1;3;4;5;6;7;8;11"
Root_5636,243.313686,36.251776,8,"1;3;4;5;6;7;8;11"
Root_5637,75.985334,21.303616,8,"0;3;4;5;6;7;8;11"
Root_5638,291.268886,40.881376,7,"3;4;5;6;7;8;11"
Root_5639,42.772544,16.961664,9,"0;1;2;4;5;6;7;8;11"
Root_5640,252.365462,37.239424,8,"1;2;4;5;6;7;8;11"
Root_5641,83.061814,22.291264,8,"0;2;4;5;6;7;8;11"
Root_5642,300.320662,41.869024,7,"2;4;5;6;7;8;11"
Root_5643,42.955072,17.887584,8,"0;1;4;5;6;7;8;11"
Root_5644,259.376502,38.165344,7,"1;4;5;6;7;8;11"
Root_5645,88.781398,23.217184,7,"0;4;5;6;7;8;11"
Root_5646,307.331702,42.794944,6,"4;5;6;7;8;11"
Root_5647,40.639072,17.270304,9,"0;1;2;3;5;6;7;8;11"
Root_5648,257.469142,37.548064,8,"1;2;3;5;6;7;8;11"
Root_5649,87.548214,22.599904,8,"0;2;3;5;6;7;8;11"
Root_5650,305.424342,42.177664,7,"2;3;5;6;7;8;11"
Root_5651,42.094496,18.196224,8,"0;1;3;5;6;7;8;11"
Root_5652,264.480182,38.473984,7,"1;3;5;6;7;8;11"
Root_5653,93.576438,23.525824,7,"0;3;5;6;7;8;11"
Root_5654,312.435382,43.103584,6,"3;5;6;7;8;11"
Root_5655,48.145056,19.183872,8,"0;1;2;5;6;7;8;11"
Root_5656,273.531958,39.461632,7,"1;2;5;6;7;8;11"
Root_5657,101.640566,24.513472,7,"0;2;5;6;7;8;11"
Root_5658,321.487158,44.091232,6,"2;5;6;7;8;11"
Root_5659,50.049760,20.109792,7,"0;1;5;6;7;8;11"
Root_5660,280.542998,40.387552,6,"1;5;6;7;8;11"
Root_5661,107.725686,25.439392,6,"0;5;6;7;8;11"
Root_5662,328.498198,45.017152,5,"5;6;7;8;11"
Root_5663,44.695936,16.591296,9,"0;1;2;3;4;6;7;8;11"
Root_5664,250.021046,36.869056,8,"1;2;3;4;6;7;8;11"
Root_5665,87.801334,21.920896,8,"0;2;3;4;6;7;8;11"
Root_5666,297.976246,41.498656,7,"2;3;4;6;7;8;11"
Root_5667,45.063648,17.517216,8,"0;1;3;4;6;7;8;11"
Root_5668,257.032086,37.794976,7,"1;3;4;6;7;8;11"
Root_5669,92.960534,22.846816,7,"0;3;4;6;7;8;11"
Root_5670,304.987286,42.424576,6,"3;4;6;7;8;11"
Root_5671,51.684672,18.504864,8,"0;1;2;4;6;7;8;11"
Root_5672,266.083862,38.782624,7,"1;2;4;6;7;8;11"
Root_5673,100.037014,23.834464,7,"0;2;4;6;7;8;11"
Root_5674,314.039062,43.412224,6,"2;4;6;7;8;11"
Root_5675,52.569728,19.430784,7,"0;1;4;6;7;8;11"
Root_5676,273.094902,39.708544,6,"1;4;6;7;8;11"
Root_5677,105.196214,24.760384,6,"0;4;6;7;8;11"
Root_5678,321.050102,44.338144,5,"4;6;7;8;11"
Root_5679,51.441376,18.813504,8,"0;1;2;3;6;7;8;11"
Root_5680,271.187542,39.091264,7,"1;2;3;6;7;8;11"
Root_5681,104.523414,24.143104,7,"0;2;3;6;7;8;11"
Root_5682,319.142742,43.720864,6,"2;3;6;7;8;11"
Root_5683,53.560992,19.739424,7,"0;1;3;6;7;8;11"
Root_5684,278.198582,40.017184,6,"1;3;6;7;8;11"
Root_5685,109.682614,25.069024,6,"0;3;6;7;8;11"
Root_5686,326.153782,44.646784,5,"3;6;7;8;11"
Root_5687,60.631200,20.727072,7,"0;1;2;6;7;8;11"
Root_5688,287.250358,41.004832,6,"1;2;6;7;8;11"
Root_5689,116.759094,26.056672,6,"0;2;6;7;8;11"
Root_5690,335.205558,45.634432,5,"2;6;7;8;11"
Root_5691,65.522294,21.652992,6,"0;1;6;7;8;11"
Root_5692,294.261398,41.930752,5,"1;6;7;8;11"
Root_5693,121.918294,26.982592,5,"0;6;7;8;11"
Root_5694,342.216598,46.560352,4,"6;7;8;11"
Root_5695,49.787101,17.474006,9,"0;1;2;3;4;5;7;8;11"
Root_5696,260.613571,37.751766,8,"1;2;3;4;5;7;8;11"
Root_5697,95.628438,22.803606,8,"0;2;3;4;5;7;8;11"
Root_5698,308.568771,42.381366,7,"2;3;4;5;7;8;11"
Root_5699,51.242621,18.399926,8,"0;1;3;4;5;7;8;11"
Root_5700,267.624611,38.677686,7,"1;3;4;5;7;8;11"
Root_5701,100.787638,23.729526,7,"0;3;4;5;7;8;11"
Root_5702,315.579811,43.307286,6,"3;4;5;7;8;11"
Root_5703,57.293181,19.387574,8,"0;1;2;4;5;7;8;11"
Root_5704,276.676387,39.665334,7,"1;2;4;5;7;8;11"
Root_5705,107.864118,24.717174,7,"0;2;4;5;7;8;11"
Root_5706,324.631587,44.294934,6,"2;4;5;7;8;11"
Root_5707,59.605290,20.313494,7,"0;1;4;5;7;8;11"
Root_5708,283.687427,40.591254,6,"1;4;5;7;8;11"
Root_5709,113.023318,25.643094,6,"0;4;5;7;8;11"
Root_5710,331.642627,45.220854,5,"4;5;7;8;11"
Root_5711,58.241235,19.696214,8,"0;1;2;3;5;7;8;11"
Root_5712,281.780067,39.973974,7,"1;2;3;5;7;8;11"
Root_5713,112.350518,25.025814,7,"0;2;3;5;7;8;11"
Root_5714,329.735267,44.603574,6,"2;3;5;7;8;11"
Root_5715,62.096544,20.622134,7,"0;1;3;5;7;8;11"
Root_5716,288.791107,40.899894,6,"1;3;5;7;8;11"
Root_5717,117.509718,25.951734,6,"0;3;5;7;8;11"
Root_5718,336.746307,45.529494,5,"3;5;7;8;11"
Root_5719,69.237216,21.609782,7,"0;1;2;5;7;8;11"
Root_5720,297.842883,41.887542,6,"1;2;5;7;8;11"
Root_5721,124.586198,26.939382,6,"0;2;5;7;8;11"
Root_5722,345.798083,46.517142,5,"2;5;7;8;11"
Root_5723,74.006198,22.535702,6,"0;1;5;7;8;11"
Root_5724,304.853923,42.813462,5,"1;5;7;8;11"
Root_5725,129.745398,27.865302,5,"0;5;7;8;11"
Root_5726,352.809123,47.443062,4,"5;7;8;11"
Root_5727,60.589501,19.017206,8,"0;1;2;3;4;7;8;11"
Root_5728,274.331971,39.294966,7,"1;2;3;4;7;8;11"
Root_5729,110.913632,24.346806,7,"0;2;3;4;7;8;11"
Root_5730,322.287171,43.924566,6,"2;3;4;7;8;11"
Root_5731,63.085546,19.943126,7,"0;1;3;4;7;8;11"
Root_5732,281.343011,40.220886,6,"1;3;4;7;8;11"
Root_5733,115.146912,25.272726,6,"0;3;4;7;8;11"
Root_5734,329.298211,44.850486,5,"3;4;7;8;11"
Root_5735,70.186730,20.930774,7,"0;1;2;4;7;8;11"
Root_5736,290.394787,41.208534,6,"1;2;4;7;8;11"
Root_5737,121.235744,26.260374,6,"0;2;4;7;8;11"
Root_5738,338.349987,45.838134,5,"2;4;7;8;11"
Root_5739,74.402624,21.856694,6,"0;1;4;7;8;11"
Root_5740,297.405827,42.134454,5,"1;4;7;8;11"
Root_5741,125.469024,27.186294,5,"0;4;7;8;11"
Root_5742,345.361027,46.764054,4,"4;7;8;11"
Root_5743,73.586518,21.239414,7,"0;1;2;3;7;8;11"
Root_5744,295.498467,41.517174,6,"1;2;3;7;8;11"
Root_5745,125.413504,26.569014,6,"0;2;3;7;8;11"
Root_5746,343.453667,46.146774,5,"2;3;7;8;11"
Root_5747,78.745718,22.165334,6,"0;1;3;7;8;11"
Root_5748,302.509507,42.443094,5,"1;3;7;8;11"
Root_5749,129.646784,27.494934,5,"0;3;7;8;11"
Root_5750,350.464707,47.072694,4,"3;7;8;11"
Root_5751,85.822198,23.152982,6,"0;1;2;7;8;11"
Root_5752,311.561283,43.430742,5,"1;2;7;8;11"
Root_5753,136.218198,28.482582,5,"0;2;7;8;11"
Root_5754,359.516483,48.060342,4,"2;7;8;11"
Root_5755,90.981398,24.078902,5,"0;1;7;8;11"
Root_5756,318.572323,44.356662,4,"1;7;8;11"
Root_5757,141.785901,29.408502,4,"0;7;8;11"
Root_5758,366.527523,48.986262,3,"7;8;11"
Root_5759,53.978432,18.072768,9,"0;1;2;3;4;5;6;8;11"
Root_5760,265.698710,38.350528,8,"1;2;3;4;5;6;8;11"
Root_5761,100.516054,23.402368,8,"0;2;3;4;5;6;8;11"
Root_5762,313.653910,42.980128,7,"2;3;4;5;6;8;11"
Root_5763,55.433952,18.998688,8,"0;1;3;4;5;6;8;11"
Root_5764,272.709750,39.276448,7,"1;3;4;5;6;8;11"
Root_5765,105.675254,24.328288,7,"0;3;4;5;6;8;11"
Root_5766,320.664950,43.906048,6,"3;4;5;6;8;11"
Root_5767,60.789440,19.986336,8,"0;1;2;4;5;6;8;11"
Root_5768,281.761526,40.264096,7,"1;2;4;5;6;8;11"
Root_5769,112.751734,25.315936,7,"0;2;4;5;6;8;11"
Root_5770,329.716726,44.893696,6,"2;4;5;6;8;11"
Root_5771,63.295382,20.912256,7,"0;1;4;5;6;8;11"
Root_5772,288.772566,41.190016,6,"1;4;5;6;8;11"
Root_5773,117.910934,26.241856,6,"0;4;5;6;8;11"
Root_5774,336.727766,45.819616,5,"4;5;6;8;11"
Root_5775,62.631232,20.294976,8,"0;1;2;3;5;6;8;11"
Root_5776,286.865206,40.572736,7,"1;2;3;5;6;8;11"
Root_5777,117.238134,25.624576,7,"0;2;3;5;6;8;11"
Root_5778,334.820406,45.202336,6,"2;3;5;6;8;11"
Root_5779,66.658134,21.220896,7,"0;1;3;5;6;8;11"
Root_5780,293.876246,41.498656,6,"1;3;5;6;8;11"
Root_5781,122.397334,26.550496,6,"0;3;5;6;8;11"
Root_5782,341.831446,46.128256,5,"3;5;6;8;11"
Root_5783,73.734614,22.208544,7,"0;1;2;5;6;8;11"
Root_5784,302.928022,42.486304,6,"1;2;5;6;8;11"
Root_5785,129.473814,27.538144,6,"0;2;5;6;8;11"
Root_5786,350.883222,47.115904,5,"2;5;6;8;11"
Root_5787,79.371478,23.134464,6,"0;1;5;6;8;11"
Root_5788,309.939062,43.412224,5,"1;5;6;8;11"
Root_5789,134.633014,28.464064,5,"0;5;6;8;11"
Root_5790,357.894262,48.041824,4,"5;6;8;11"
Root_5791,64.780832,19.615968,8,"0;1;2;3;4;6;8;11"
Root_5792,279.417110,39.893728,7,"1;2;3;4;6;8;11"
Root_5793,115.202486,24.945568,7,"0;2;3;4;6;8;11"
Root_5794,327.372310,44.523328,6,"2;3;4;6;8;11"
Root_5795,67.549728,20.541888,7,"0;1;3;4;6;8;11"
Root_5796,286.428150,40.819648,6,"1;3;4;6;8;11"
Root_5797,119.435766,25.871488,6,"0;3;4;6;8;11"
Root_5798,334.383350,45.449248,5,"3;4;6;8;11"
Root_5799,74.458198,21.529536,7,"0;1;2;4;6;8;11"
Root_5800,295.479926,41.807296,6,"1;2;4;6;8;11"
Root_5801,125.524598,26.859136,6,"0;2;4;6;8;11"
Root_5802,343.435126,46.436896,5,"2;4;6;8;11"
Root_5803,79.146934,22.455456,6,"0;1;4;6;8;11"
Root_5804,302.490966,42.733216,5,"1;4;6;8;11"
Root_5805,129.757878,27.785056,5,"0;4;6;8;11"
Root_5806,350.446166,47.362816,4,"4;6;8;11"
Root_5807,78.474134,21.838176,7,"0;1;2;3;6;8;11"
Root_5808,300.583606,42.115936,6,"1;2;3;6;8;11"
Root_5809,129.702358,27.167776,6,"0;2;3;6;8;11"
Root_5810,348.538806,46.745536,5,"2;3;6;8;11"
Root_5811,83.633334,22.764096,6,"0;1;3;6;8;11"
Root_5812,307.594646,43.041856,5,"1;3;6;8;11"
Root_5813,133.935638,28.093696,5,"0;3;6;8;11"
Root_5814,355.549846,47.671456,4,"3;6;8;11"
Root_5815,90.709814,23.751744,6,"0;1;2;6;8;11"
Root_5816,316.646422,44.029504,5,"1;2;6;8;11"
Root_5817,140.187158,29.081344,5,"0;2;6;8;11"
Root_5818,364.601622,48.659104,4,"2;6;8;11"
Root_5819,95.869014,24.677664,5,"0;1;6;8;11"
Root_5820,323.657462,44.955424,4,"1;6;8;11"
Root_5821,146.272278,30.007264,4,"0;6;8;11"
Root_5822,371.612662,49.585024,3,"6;8;11"
Root_5823,72.186762,20.498678,8,"0;1;2;3;4;5;8;11"
Root_5824,290.009635,40.776438,7,"1;2;3;4;5;8;11"
Root_5825,122.146880,25.828278,7,"0;2;3;4;5;8;11"
Root_5826,337.964835,45.406038,6,"2;3;4;5;8;11"
Root_5827,75.970560,21.424598,7,"0;1;3;4;5;8;11"
Root_5828,297.020675,41.702358,6,"1;3;4;5;8;11"
Root_5829,126.380160,26.754198,6,"0;3;4;5;8;11"
Root_5830,344.975875,46.331958,5,"3;4;5;8;11"
Root_5831,82.059392,22.412246,7,"0;1;2;4;5;8;11"
Root_5832,306.072451,42.690006,6,"1;2;4;5;8;11"
Root_5833,132.468992,27.741846,6,"0;2;4;5;8;11"
Root_5834,354.027651,47.319606,5,"2;4;5;8;11"
Root_5835,86.974038,23.338166,6,"0;1;4;5;8;11"
Root_5836,313.083491,43.615926,5,"1;4;5;8;11"
Root_5837,137.370038,28.667766,5,"0;4;5;8;11"
Root_5838,361.038691,48.245526,4,"4;5;8;11"
Root_5839,86.301238,22.720886,7,"0;1;2;3;5;8;11"
Root_5840,311.176131,42.998646,6,"1;2;3;5;8;11"
Root_5841,136.697238,28.050486,6,"0;2;3;5;8;11"
Root_5842,359.131331,47.628246,5,"2;3;5;8;11"
Root_5843,91.460438,23.646806,6,"0;1;3;5;8;11"
Root_5844,318.187171,43.924566,5,"1;3;5;8;11"
Root_5845,141.856438,28.976406,5,"0;3;5;8;11"
Root_5846,366.142371,48.554166,4,"3;5;8;11"
Root_5847,98.536918,24.634454,6,"0;1;2;5;8;11"
Root_5848,327.238947,44.912214,5,"1;2;5;8;11"
Root_5849,149.896973,29.964054,5,"0;2;5;8;11"
Root_5850,375.194147,49.541814,4,"2;5;8;11"
Root_5851,103.696118,25.560374,5,"0;1;5;8;11"
Root_5852,334.249987,45.838134,4,"1;5;8;11"
Root_5853,155.982093,30.889974,4,"0;5;8;11"
Root_5854,382.205187,50.467734,3,"5;8;11"
Root_5855,87.169280,22.041878,7,"0;1;2;3;4;8;11"
Root_5856,303.728035,42.319638,6,"1;2;3;4;8;11"
Root_5857,132.864202,27.371478,6,"0;2;3;4;8;11"
Root_5858,351.683235,46.949238,5,"2;3;4;8;11"
Root_5859,91.402560,22.967798,6,"0;1;3;4;8;11"
Root_5860,310.739075,43.245558,5,"1;3;4;8;11"
Root_5861,136.468960,28.297398,5,"0;3;4;8;11"
Root_5862,358.694275,47.875158,4,"3;4;8;11"
Root_5863,97.491392,23.955446,6,"0;1;2;4;8;11"
Root_5864,319.790851,44.233206,5,"1;2;4;8;11"
Root_5865,143.127885,29.285046,5,"0;2;4;8;11"
Root_5866,367.746051,48.862806,4,"2;4;8;11"
Root_5867,101.724672,24.881366,5,"0;1;4;8;11"
Root_5868,326.801891,45.159126,4,"1;4;8;11"
Root_5869,149.213005,30.210966,4,"0;4;8;11"
Root_5870,374.757091,49.788726,3,"4;8;11"
Root_5871,101.669152,24.264086,6,"0;1;2;3;8;11"
Root_5872,324.894531,44.541846,5,"1;2;3;8;11"
Root_5873,147.922925,29.593686,5,"0;2;3;8;11"
Root_5874,372.849731,49.171446,4,"2;3;8;11"
Root_5875,105.902432,25.190006,5,"0;1;3;8;11"
Root_5876,331.905571,45.467766,4,"1;3;8;11"
Root_5877,154.008045,30.519606,4,"0;3;8;11"
Root_5878,379.860771,50.097366,3,"3;8;11"
Root_5879,111.991264,26.177654,5,"0;1;2;8;11"
Root_5880,340.957347,46.455414,4,"1;2;8;11"
Root_5881,162.072173,31.507254,4,"0;2;8;11"
Root_5882,388.912547,51.085014,3,"2;8;11"
Root_5883,116.224544,27.103574,4,"0;1;8;11"
Root_5884,347.968387,47.381334,3,"1;8;11"
Root_5885,168.590467,32.433174,3,"0;8;11"
Root_5886,395.923587,52.010934,2,"8;11"
Root_5887,63.408000,19.677696,9,"0;1;2;3;4;5;6;7;11"
Root_5888,287.757846,39.955456,8,"1;2;3;4;5;6;7;11"
Root_5889,116.365334,25.007296,8,"0;2;3;4;5;6;7;11"
Root_5890,335.713046,44.585056,7,"2;3;4;5;6;7;11"
Root_5891,66.300352,20.603616,8,"0;1;3;4;5;6;7;11"
Root_5892,294.768886,40.881376,7,"1;3;4;5;6;7;11"
Root_5893,121.524534,25.933216,7,"0;3;4;5;6;7;11"
Root_5894,342.724086,45.510976,6,"3;4;5;6;7;11"
Root_5895,73.270550,21.591264,8,"0;1;2;4;5;6;7;11"
Root_5896,303.820662,41.869024,7,"1;2;4;5;6;7;11"
Root_5897,129.521878,26.920864,7,"0;2;4;5;6;7;11"
Root_5898,351.775862,46.498624,6,"2;4;5;6;7;11"
Root_5899,78.021014,22.517184,7,"0;1;4;5;6;7;11"
Root_5900,310.831702,42.794944,6,"1;4;5;6;7;11"
Root_5901,135.606998,27.846784,6,"0;4;5;6;7;11"
Root_5902,358.786902,47.424544,5,"4;5;6;7;11"
Root_5903,77.348214,21.899904,8,"0;1;2;3;5;6;7;11"
Root_5904,308.924342,42.177664,7,"1;2;3;5;6;7;11"
Root_5905,134.316918,27.229504,7,"0;2;3;5;6;7;11"
Root_5906,356.879542,46.807264,6,"2;3;5;6;7;11"
Root_5907,82.676438,22.825824,7,"0;1;3;5;6;7;11"
Root_5908,315.935382,43.103584,6,"1;3;5;6;7;11"
Root_5909,140.402038,28.155424,6,"0;3;5;6;7;11"
Root_5910,363.890582,47.733184,5,"3;5;6;7;11"
Root_5911,90.740566,23.813472,7,"0;1;2;5;6;7;11"
Root_5912,324.987158,44.091232,6,"1;2;5;6;7;11"
Root_5913,148.466166,29.143072,6,"0;2;5;6;7;11"
Root_5914,372.942358,48.720832,5,"2;5;6;7;11"
Root_5915,96.825686,24.739392,6,"0;1;5;6;7;11"
Root_5916,331.998198,45.017152,5,"1;5;6;7;11"
Root_5917,154.551286,30.068992,5,"0;5;6;7;11"
Root_5918,379.953398,49.646752,4,"5;6;7;11"
Root_5919,77.601334,21.220896,8,"0;1;2;3;4;6;7;11"
Root_5920,301.476246,41.498656,7,"1;2;3;4;6;7;11"
Root_5921,129.997334,26.550496,7,"0;2;3;4;6;7;11"
Root_5922,349.431446,46.128256,6,"2;3;4;6;7;11"
Root_5923,82.760534,22.146816,7,"0;1;3;4;6;7;11"
Root_5924,308.487286,42.424576,6,"1;3;4;6;7;11"
Root_5925,135.156534,27.476416,6,"0;3;4;6;7;11"
Root_5926,356.442486,47.054176,5,"3;4;6;7;11"
Root_5927,89.837014,23.134464,7,"0;1;2;4;6;7;11"
Root_5928,317.539062,43.412224,6,"1;2;4;6;7;11"
Root_5929,142.233014,28.464064,6,"0;2;4;6;7;11"
Root_5930,365.494262,48.041824,5,"2;4;6;7;11"
Root_5931,94.996214,24.060384,6,"0;1;4;6;7;11"
Root_5932,324.550102,44.338144,5,"1;4;6;7;11"
Root_5933,147.782198,29.389984,5,"0;4;6;7;11"
Root_5934,372.505302,48.967744,4,"4;6;7;11"
Root_5935,94.323414,23.443104,7,"0;1;2;3;6;7;11"
Root_5936,322.642742,43.720864,6,"1;2;3;6;7;11"
Root_5937,146.719414,28.772704,6,"0;2;3;6;7;11"
Root_5938,370.597942,48.350464,5,"2;3;6;7;11"
Root_5939,99.482614,24.369024,6,"0;1;3;6;7;11"
Root_5940,329.653782,44.646784,5,"1;3;6;7;11"
Root_5941,152.577238,29.698624,5,"0;3;6;7;11"
Root_5942,377.608982,49.276384,4,"3;6;7;11"
Root_5943,106.559094,25.356672,6,"0;1;2;6;7;11"
Root_5944,338.705558,45.634432,5,"1;2;6;7;11"
Root_5945,160.641366,30.686272,5,"0;2;6;7;11"
Root_5946,386.660758,50.264032,4,"2;6;7;11"
Root_5947,112.000886,26.282592,5,"0;1;6;7;11"
Root_5948,345.716598,46.560352,4,"1;6;7;11"
Root_5949,166.726486,31.612192,4,"0;6;7;11"
Root_5950,393.671798,51.189952,3,"6;7;11"
Root_5951,85.981632,22.103606,8,"0;1;2;3;4;5;7;11"
Root_5952,312.068771,42.381366,7,"1;2;3;4;5;7;11"
Root_5953,137.824438,27.433206,7,"0;2;3;4;5;7;11"
Root_5954,360.023971,47.010966,6,"2;3;4;5;7;11"
Root_5955,90.587638,23.029526,7,"0;1;3;4;5;7;11"
Root_5956,319.079811,43.307286,6,"1;3;4;5;7;11"
Root_5957,143.342765,28.359126,6,"0;3;4;5;7;11"
Root_5958,367.035011,47.936886,5,"3;4;5;7;11"
Root_5959,97.664118,24.017174,7,"0;1;2;4;5;7;11"
Root_5960,328.131587,44.294934,6,"1;2;4;5;7;11"
Root_5961,151.406893,29.346774,6,"0;2;4;5;7;11"
Root_5962,376.086787,48.924534,5,"2;4;5;7;11"
Root_5963,102.823318,24.943094,6,"0;1;4;5;7;11"
Root_5964,335.142627,45.220854,5,"1;4;5;7;11"
Root_5965,157.492013,30.272694,5,"0;4;5;7;11"
Root_5966,383.097827,49.850454,4,"4;5;7;11"
Root_5967,102.150518,24.325814,7,"0;1;2;3;5;7;11"
Root_5968,333.235267,44.603574,6,"1;2;3;5;7;11"
Root_5969,156.201933,29.655414,6,"0;2;3;5;7;11"
Root_5970,381.190467,49.233174,5,"2;3;5;7;11"
Root_5971,107.309718,25.251734,6,"0;1;3;5;7;11"
Root_5972,340.246307,45.529494,5,"1;3;5;7;11"
Root_5973,162.287053,30.581334,5,"0;3;5;7;11"
Root_5974,388.201507,50.159094,4,"3;5;7;11"
Root_5975,114.625581,26.239382,6,"0;1;2;5;7;11"
Root_5976,349.298083,46.517142,5,"1;2;5;7;11"
Root_5977,170.351181,31.568982,5,"0;2;5;7;11"
Root_5978,397.253283,51.146742,4,"2;5;7;11"
Root_5979,120.710701,27.165302,5,"0;1;5;7;11"
Root_5980,356.309123,47.443062,4,"1;5;7;11"
Root_5981,176.931203,32.494902,4,"0;5;7;11"
Root_5982,404.264323,52.072662,3,"5;7;11"
Root_5983,101.413632,23.646806,7,"0;1;2;3;4;7;11"
Root_5984,325.787171,43.924566,6,"1;2;3;4;7;11"
Root_5985,149.456438,28.976406,6,"0;2;3;4;7;11"
Root_5986,373.742371,48.554166,5,"2;3;4;7;11"
Root_5987,105.646912,24.572726,6,"0;1;3;4;7;11"
Root_5988,332.798211,44.850486,5,"1;3;4;7;11"
Root_5989,155.517965,29.902326,5,"0;3;4;7;11"
Root_5990,380.753411,49.480086,4,"3;4;7;11"
Root_5991,111.735744,25.560374,6,"0;1;2;4;7;11"
Root_5992,341.849987,45.838134,5,"1;2;4;7;11"
Root_5993,163.582093,30.889974,5,"0;2;4;7;11"
Root_5994,389.805187,50.467734,4,"2;4;7;11"
Root_5995,116.455318,26.486294,5,"0;1;4;7;11"
Root_5996,348.861027,46.764054,4,"1;4;7;11"
Root_5997,169.667213,31.815894,4,"0;4;7;11"
Root_5998,396.816227,51.393654,3,"4;7;11"
Root_5999,115.913504,25.869014,6,"0;1;2;3;7;11"
Root_6000,346.953667,46.146774,5,"1;2;3;7;11"
Root_6001,168.377133,31.198614,5,"0;2;3;7;11"
Root_6002,394.908867,50.776374,4,"2;3;7;11"
Root_6003,120.941718,26.794934,5,"0;1;3;7;11"
Root_6004,353.964707,47.072694,4,"1;3;7;11"
Root_6005,174.586787,32.124534,4,"0;3;7;11"
Root_6006,401.919907,51.702294,3,"3;7;11"
Root_6007,128.018198,27.782582,5,"0;1;2;7;11"
Root_6008,363.016483,48.060342,4,"1;2;7;11"
Root_6009,183.638563,33.112182,4,"0;2;7;11"
Root_6010,410.971683,52.689942,3,"2;7;11"
Root_6011,133.885901,28.708502,4,"0;1;7;11"
Root_6012,370.027523,48.986262,3,"1;7;11"
Root_6013,190.649603,34.038102,3,"0;7;11"
Root_6014,417.982723,53.615862,2,"7;11"
Root_6015,90.316054,22.702368,8,"0;1;2;3;4;5;6;11"
Root_6016,317.153910,42.980128,7,"1;2;3;4;5;6;11"
Root_6017,142.712054,28.031968,7,"0;2;3;4;5;6;11"
Root_6018,365.109110,47.609728,6,"2;3;4;5;6;11"
Root_6019,95.475254,23.628288,7,"0;1;3;4;5;6;11"
Root_6020,324.164950,43.906048,6,"1;3;4;5;6;11"
Root_6021,147.871254,28.957888,6,"0;3;4;5;6;11"
Root_6022,372.120150,48.535648,5,"3;4;5;6;11"
Root_6023,102.551734,24.615936,7,"0;1;2;4;5;6;11"
Root_6024,333.216726,44.893696,6,"1;2;4;5;6;11"
Root_6025,155.893270,29.945536,6,"0;2;4;5;6;11"
Root_6026,381.171926,49.523296,5,"2;4;5;6;11"
Root_6027,107.710934,25.541856,6,"0;1;4;5;6;11"
Root_6028,340.227766,45.819616,5,"1;4;5;6;11"
Root_6029,161.978390,30.871456,5,"0;4;5;6;11"
Root_6030,388.182966,50.449216,4,"4;5;6;11"
Root_6031,107.038134,24.924576,7,"0;1;2;3;5;6;11"
Root_6032,338.320406,45.202336,6,"1;2;3;5;6;11"
Root_6033,160.688310,30.254176,6,"0;2;3;5;6;11"
Root_6034,386.275606,49.831936,5,"2;3;5;6;11"
Root_6035,112.197334,25.850496,6,"0;1;3;5;6;11"
Root_6036,345.331446,46.128256,5,"1;3;5;6;11"
Root_6037,166.773430,31.180096,5,"0;3;5;6;11"
Root_6038,393.286646,50.757856,4,"3;5;6;11"
Root_6039,120.111958,26.838144,6,"0;1;2;5;6;11"
Root_6040,354.383222,47.115904,5,"1;2;5;6;11"
Root_6041,175.005302,32.167744,5,"0;2;5;6;11"
Root_6042,402.338422,51.745504,4,"2;5;6;11"
Root_6043,126.197078,27.764064,5,"0;1;5;6;11"
Root_6044,361.394262,48.041824,4,"1;5;6;11"
Root_6045,182.016342,33.093664,4,"0;5;6;11"
Root_6046,409.349462,52.671424,3,"5;6;11"
Root_6047,105.702486,24.245568,7,"0;1;2;3;4;6;11"
Root_6048,330.872310,44.523328,6,"1;2;3;4;6;11"
Root_6049,153.919222,29.575168,6,"0;2;3;4;6;11"
Root_6050,378.827510,49.152928,5,"2;3;4;6;11"
Root_6051,109.935766,25.171488,6,"0;1;3;4;6;11"
Root_6052,337.883350,45.449248,5,"1;3;4;6;11"
Root_6053,160.004342,30.501088,5,"0;3;4;6;11"
Root_6054,385.838550,50.078848,4,"3;4;6;11"
Root_6055,116.183734,26.159136,6,"0;1;2;4;6;11"
Root_6056,346.935126,46.436896,5,"1;2;4;6;11"
Root_6057,168.068470,31.488736,5,"0;2;4;6;11"
Root_6058,394.890326,51.066496,4,"2;4;6;11"
Root_6059,121.342934,27.085056,5,"0;1;4;6;11"
Root_6060,353.946166,47.362816,4,"1;4;6;11"
Root_6061,174.568246,32.414656,4,"0;4;6;11"
Root_6062,401.901366,51.992416,3,"4;6;11"
Root_6063,120.670134,26.467776,6,"0;1;2;3;6;11"
Root_6064,352.038806,46.745536,5,"1;2;3;6;11"
Root_6065,172.863510,31.797376,5,"0;2;3;6;11"
Root_6066,399.994006,51.375136,4,"2;3;6;11"
Root_6067,125.829334,27.393696,5,"0;1;3;6;11"
Root_6068,359.049846,47.671456,4,"1;3;6;11"
Root_6069,179.671926,32.723296,4,"0;3;6;11"
Root_6070,407.005046,52.301056,3,"3;6;11"
Root_6071,132.905814,28.381344,5,"0;1;2;6;11"
Root_6072,368.101622,48.659104,4,"1;2;6;11"
Root_6073,188.723702,33.710944,4,"0;2;6;11"
Root_6074,416.056822,53.288704,3,"2;6;11"
Root_6075,138.679542,29.307264,4,"0;1;6;11"
Root_6076,375.112662,49.585024,3,"1;6;11"
Root_6077,195.734742,34.636864,3,"0;6;11"
Root_6078,423.067862,54.214624,2,"6;11"
Root_6079,112.646880,25.128278,7,"0;1;2;3;4;5;11"
Root_6080,341.464835,45.406038,6,"1;2;3;4;5;11"
Root_6081,163.629037,30.457878,6,"0;2;3;4;5;11"
Root_6082,389.420035,50.035638,5,"2;3;4;5;11"
Root_6083,116.934358,26.054198,6,"0;1;3;4;5;11"
Root_6084,348.475875,46.331958,5,"1;3;4;5;11"
Root_6085,169.714157,31.383798,5,"0;3;4;5;11"
Root_6086,396.431075,50.961558,4,"3;4;5;11"
Root_6087,124.010838,27.041846,6,"0;1;2;4;5;11"
Root_6088,357.527651,47.319606,5,"1;2;4;5;11"
Root_6089,178.149731,32.371446,5,"0;2;4;5;11"
Root_6090,405.482851,51.949206,4,"2;4;5;11"
Root_6091,129.170038,27.967766,5,"0;1;4;5;11"
Root_6092,364.538691,48.245526,4,"1;4;5;11"
Root_6093,185.160771,33.297366,4,"0;4;5;11"
Root_6094,412.493891,52.875126,3,"4;5;11"
Root_6095,128.497238,27.350486,6,"0;1;2;3;5;11"
Root_6096,362.631331,47.628246,5,"1;2;3;5;11"
Root_6097,183.253411,32.680086,5,"0;2;3;5;11"
Root_6098,410.586531,52.257846,4,"2;3;5;11"
Root_6099,133.932845,28.276406,5,"0;1;3;5;11"
Root_6100,369.642371,48.554166,4,"1;3;5;11"
Root_6101,190.264451,33.606006,4,"0;3;5;11"
Root_6102,417.597571,53.183766,3,"3;5;11"
Root_6103,142.261027,29.264054,5,"0;1;2;5;11"
Root_6104,378.694147,49.541814,4,"1;2;5;11"
Root_6105,199.316227,34.593654,4,"0;2;5;11"
Root_6106,426.649347,54.171414,3,"2;5;11"
Root_6107,149.272067,30.189974,4,"0;1;5;11"
Root_6108,385.705187,50.467734,3,"1;5;11"
Root_6109,206.327267,35.519574,3,"0;5;11"
Root_6110,433.660387,55.097334,2,"5;11"
Root_6111,124.735680,26.671478,6,"0;1;2;3;4;11"
Root_6112,355.183235,46.949238,5,"1;2;3;4;11"
Root_6113,175.805315,32.001078,5,"0;2;3;4;11"
Root_6114,403.138435,51.578838,4,"2;3;4;11"
Root_6115,128.968960,27.597398,5,"0;1;3;4;11"
Root_6116,362.194275,47.875158,4,"1;3;4;11"
Root_6117,182.816355,32.926998,4,"0;3;4;11"
Root_6118,410.149475,52.504758,3,"3;4;11"
Root_6119,135.642838,28.585046,5,"0;1;2;4;11"
Root_6120,371.246051,48.862806,4,"1;2;4;11"
Root_6121,191.868131,33.914646,4,"0;2;4;11"
Root_6122,419.201251,53.492406,3,"2;4;11"
Root_6123,141.823971,29.510966,4,"0;1;4;11"
Root_6124,378.257091,49.788726,3,"1;4;11"
Root_6125,198.879171,34.840566,3,"0;4;11"
Root_6126,426.212291,54.418326,2,"4;11"
Root_6127,140.129238,28.893686,5,"0;1;2;3;11"
Root_6128,376.349731,49.171446,4,"1;2;3;11"
Root_6129,196.971811,34.223286,4,"0;2;3;11"
Root_6130,424.304931,53.801046,3,"2;3;11"
Root_6131,146.927651,29.819606,4,"0;1;3;11"
Root_6132,383.360771,50.097366,3,"1;3;11"
Root_6133,203.982851,35.149206,3,"0;3;11"
Root_6134,431.315971,54.726966,2,"3;11"
Root_6135,155.979427,30.807254,4,"0;1;2;11"
Root_6136,392.412547,51.085014,3,"1;2;11"
Root_6137,213.034627,36.136854,3,"0;2;11"
Root_6138,440.367747,55.714614,2,"2;11"
Root_6139,162.990467,31.733174,3,"0;1;11"
Root_6140,399.423587,52.010934,2,"1;11"
Root_6141,220.045667,37.062774,2,"0;11"
Root_6142,447.378787,56.640534,1,"11"
Root_6143,29.151584,12.681440,11,"0;1;2;3;4;5;6;7;8;9;10"
Root_6144,220.402774,33.659200,10,"1;2;3;4;5;6;7;8;9;10"
Root_6145,70.975872,18.711040,10,"0;2;3;4;5;6;7;8;9;10"
Root_6146,268.357974,38.288800,9,"2;3;4;5;6;7;8;9;10"
Root_6147,31.568832,13.607360,10,"0;1;3;4;5;6;7;8;9;10"
Root_6148,227.413814,34.585120,9,"1;3;4;5;6;7;8;9;10"
Root_6149,73.918944,19.636960,9,"0;3;4;5;6;7;8;9;10"
Root_6150,275.369014,39.214720,8,"3;4;5;6;7;8;9;10"
Root_6151,43.514432,15.295008,10,"0;1;2;4;5;6;7;8;9;10"
Root_6152,236.465590,35.572768,9,"1;2;4;5;6;7;8;9;10"
Root_6153,80.395520,20.624608,9,"0;2;4;5;6;7;8;9;10"
Root_6154,284.420790,40.202368,8,"2;4;5;6;7;8;9;10"
Root_6155,44.044032,16.220928,9,"0;1;4;5;6;7;8;9;10"
Root_6156,243.476630,36.498688,8,"1;4;5;6;7;8;9;10"
Root_6157,83.553398,21.550528,8,"0;4;5;6;7;8;9;10"
Root_6158,291.431830,41.128288,7,"4;5;6;7;8;9;10"
Root_6159,37.257632,14.903648,10,"0;1;2;3;5;6;7;8;9;10"
Root_6160,241.569270,35.881408,9,"1;2;3;5;6;7;8;9;10"
Root_6161,83.048406,20.933248,9,"0;2;3;5;6;7;8;9;10"
Root_6162,289.524470,40.511008,8,"2;3;5;6;7;8;9;10"
Root_6163,37.957664,15.829568,9,"0;1;3;5;6;7;8;9;10"
Root_6164,248.580310,36.807328,8,"1;3;5;6;7;8;9;10"
Root_6165,87.281686,21.859168,8,"0;3;5;6;7;8;9;10"
Root_6166,296.535510,41.436928,7,"3;5;6;7;8;9;10"
Root_6167,49.372288,17.517216,9,"0;1;2;5;6;7;8;9;10"
Root_6168,257.632086,37.794976,8,"1;2;5;6;7;8;9;10"
Root_6169,93.560534,22.846816,8,"0;2;5;6;7;8;9;10"
Root_6170,305.587286,42.424576,7,"2;5;6;7;8;9;10"
Root_6171,50.827808,18.443136,8,"0;1;5;6;7;8;9;10"
Root_6172,264.643126,38.720896,7,"1;5;6;7;8;9;10"
Root_6173,98.719734,23.772736,7,"0;5;6;7;8;9;10"
Root_6174,312.598326,43.350496,6,"5;6;7;8;9;10"
Root_6175,38.130432,14.224640,10,"0;1;2;3;4;6;7;8;9;10"
Root_6176,234.121174,35.202400,9,"1;2;3;4;6;7;8;9;10"
Root_6177,84.500384,20.254240,9,"0;2;3;4;6;7;8;9;10"
Root_6178,282.076374,39.832000,8,"2;3;4;6;7;8;9;10"
Root_6179,40.435392,15.150560,9,"0;1;3;4;6;7;8;9;10"
Root_6180,241.132214,36.128320,8,"1;3;4;6;7;8;9;10"
Root_6181,88.213814,21.180160,8,"0;3;4;6;7;8;9;10"
Root_6182,289.087414,40.757920,7,"3;4;6;7;8;9;10"
Root_6183,52.773632,16.838208,9,"0;1;2;4;6;7;8;9;10"
Root_6184,250.183990,37.115968,8,"1;2;4;6;7;8;9;10"
Root_6185,94.302646,22.167808,8,"0;2;4;6;7;8;9;10"
Root_6186,298.139190,41.745568,7,"2;4;6;7;8;9;10"
Root_6187,53.796960,17.764128,8,"0;1;4;6;7;8;9;10"
Root_6188,257.195030,38.041888,7,"1;4;6;7;8;9;10"
Root_6189,98.535926,23.093728,7,"0;4;6;7;8;9;10"
Root_6190,305.150230,42.671488,6,"4;6;7;8;9;10"
Root_6191,46.516832,16.446848,9,"0;1;2;3;6;7;8;9;10"
Root_6192,255.287670,37.424608,8,"1;2;3;6;7;8;9;10"
Root_6193,98.480406,22.476448,8,"0;2;3;6;7;8;9;10"
Root_6194,303.242870,42.054208,7,"2;3;6;7;8;9;10"
Root_6195,47.521568,17.372768,8,"0;1;3;6;7;8;9;10"
Root_6196,262.298710,38.350528,7,"1;3;6;7;8;9;10"
Root_6197,102.713686,23.402368,7,"0;3;6;7;8;9;10"
Root_6198,310.253910,42.980128,6,"3;6;7;8;9;10"
Root_6199,60.174688,19.060416,8,"0;1;2;6;7;8;9;10"
Root_6200,271.350486,39.338176,7,"1;2;6;7;8;9;10"
Root_6201,108.802518,24.390016,7,"0;2;6;7;8;9;10"
Root_6202,319.305686,43.967776,6,"2;6;7;8;9;10"
Root_6203,62.757152,19.986336,7,"0;1;6;7;8;9;10"
Root_6204,278.361526,40.264096,6,"1;6;7;8;9;10"
Root_6205,113.035798,25.315936,6,"0;6;7;8;9;10"
Root_6206,326.316726,44.893696,5,"6;7;8;9;10"
Root_6207,44.309405,15.107350,10,"0;1;2;3;4;5;7;8;9;10"
Root_6208,244.713699,36.085110,9,"1;2;3;4;5;7;8;9;10"
Root_6209,92.444778,21.136950,9,"0;2;3;4;5;7;8;9;10"
Root_6210,292.668899,40.714710,8,"2;3;4;5;7;8;9;10"
Root_6211,45.764925,16.033270,9,"0;1;3;4;5;7;8;9;10"
Root_6212,251.724739,37.011030,8,"1;3;4;5;7;8;9;10"
Root_6213,95.752138,22.062870,8,"0;3;4;5;7;8;9;10"
Root_6214,299.679939,41.640630,7,"3;4;5;7;8;9;10"
Root_6215,58.520413,17.720918,9,"0;1;2;4;5;7;8;9;10"
Root_6216,260.776515,37.998678,8,"1;2;4;5;7;8;9;10"
Root_6217,101.247040,23.050518,8,"0;2;4;5;7;8;9;10"
Root_6218,308.731715,42.628278,7,"2;4;5;7;8;9;10"
Root_6219,59.975933,18.646838,8,"0;1;4;5;7;8;9;10"
Root_6220,267.787555,38.924598,7,"1;4;5;7;8;9;10"
Root_6221,105.480320,23.976438,7,"0;4;5;7;8;9;10"
Root_6222,315.742755,43.554198,6,"4;5;7;8;9;10"
Root_6223,52.201811,17.329558,9,"0;1;2;3;5;7;8;9;10"
Root_6224,265.880195,38.307318,8,"1;2;3;5;7;8;9;10"
Root_6225,105.424800,23.359158,8,"0;2;3;5;7;8;9;10"
Root_6226,313.835395,42.936918,7,"2;3;5;7;8;9;10"
Root_6227,54.583251,18.255478,8,"0;1;3;5;7;8;9;10"
Root_6228,272.891235,39.233238,7,"1;3;5;7;8;9;10"
Root_6229,109.658080,24.285078,7,"0;3;5;7;8;9;10"
Root_6230,320.846435,43.862838,6,"3;5;7;8;9;10"
Root_6231,67.394186,19.943126,8,"0;1;2;5;7;8;9;10"
Root_6232,281.943011,40.220886,7,"1;2;5;7;8;9;10"
Root_6233,115.746912,25.272726,7,"0;2;5;7;8;9;10"
Root_6234,329.898211,44.850486,6,"2;5;7;8;9;10"
Root_6235,70.701546,20.869046,7,"0;1;5;7;8;9;10"
Root_6236,288.954051,41.146806,6,"1;5;7;8;9;10"
Root_6237,119.980192,26.198646,6,"0;5;7;8;9;10"
Root_6238,336.909251,45.776406,5,"5;7;8;9;10"
Root_6239,55.111805,16.650550,9,"0;1;2;3;4;7;8;9;10"
Root_6240,258.432099,37.628310,8,"1;2;3;4;7;8;9;10"
Root_6241,106.333578,22.680150,8,"0;2;3;4;7;8;9;10"
Root_6242,306.387299,42.257910,7,"2;3;4;7;8;9;10"
Root_6243,56.873395,17.576470,8,"0;1;3;4;7;8;9;10"
Root_6244,265.443139,38.554230,7,"1;3;4;7;8;9;10"
Root_6245,109.640938,23.606070,7,"0;3;4;7;8;9;10"
Root_6246,313.398339,43.183830,6,"3;4;7;8;9;10"
Root_6247,69.511603,19.264118,8,"0;1;2;4;7;8;9;10"
Root_6248,274.494915,39.541878,7,"1;2;4;7;8;9;10"
Root_6249,114.742122,24.593718,7,"0;2;4;7;8;9;10"
Root_6250,322.450115,44.171478,6,"2;4;7;8;9;10"
Root_6251,72.312682,20.190038,7,"0;1;4;7;8;9;10"
Root_6252,281.505955,40.467798,6,"1;4;7;8;9;10"
Root_6253,118.049482,25.519638,6,"0;4;7;8;9;10"
Root_6254,329.461155,45.097398,5,"4;7;8;9;10"
Root_6255,64.547411,18.872758,8,"0;1;2;3;7;8;9;10"
Root_6256,279.598595,39.850518,7,"1;2;3;7;8;9;10"
Root_6257,118.611242,24.902358,7,"0;2;3;7;8;9;10"
Root_6258,327.553795,44.480118,6,"2;3;7;8;9;10"
Root_6259,67.680480,19.798678,7,"0;1;3;7;8;9;10"
Root_6260,286.609635,40.776438,6,"1;3;7;8;9;10"
Root_6261,121.918602,25.828278,6,"0;3;7;8;9;10"
Root_6262,334.564835,45.406038,5,"3;7;8;9;10"
Root_6263,81.282986,21.486326,7,"0;1;2;7;8;9;10"
Root_6264,295.661411,41.764086,6,"1;2;7;8;9;10"
Root_6265,127.019786,26.815926,6,"0;2;7;8;9;10"
Root_6266,343.616611,46.393686,5,"2;7;8;9;10"
Root_6267,85.002592,22.412246,6,"0;1;7;8;9;10"
Root_6268,302.672451,42.690006,5,"1;7;8;9;10"
Root_6269,130.327146,27.741846,5,"0;7;8;9;10"
Root_6270,350.627651,47.319606,4,"7;8;9;10"
Root_6271,53.400736,16.406112,10,"0;1;2;3;4;5;6;8;9;10"
Root_6272,249.798838,36.683872,9,"1;2;3;4;5;6;8;9;10"
Root_6273,96.134870,21.735712,9,"0;2;3;4;5;6;8;9;10"
Root_6274,297.754038,41.313472,8,"2;3;4;5;6;8;9;10"
Root_6275,54.917888,17.332032,9,"0;1;3;4;5;6;8;9;10"
Root_6276,256.809878,37.609792,8,"1;3;4;5;6;8;9;10"
Root_6277,99.447062,22.661632,8,"0;3;4;5;6;8;9;10"
Root_6278,304.765078,42.239392,7,"3;4;5;6;8;9;10"
Root_6279,62.711744,18.319680,9,"0;1;2;4;5;6;8;9;10"
Root_6280,265.861654,38.597440,8,"1;2;4;5;6;8;9;10"
Root_6281,105.535894,23.649280,8,"0;2;4;5;6;8;9;10"
Root_6282,313.816854,43.227040,7,"2;4;5;6;8;9;10"
Root_6283,64.167264,19.245600,8,"0;1;4;5;6;8;9;10"
Root_6284,272.872694,39.523360,7,"1;4;5;6;8;9;10"
Root_6285,109.769174,24.575200,7,"0;4;5;6;8;9;10"
Root_6286,320.827894,44.152960,6,"4;5;6;8;9;10"
Root_6287,62.591904,18.628320,9,"0;1;2;3;5;6;8;9;10"
Root_6288,270.965334,38.906080,8,"1;2;3;5;6;8;9;10"
Root_6289,109.713654,23.957920,8,"0;2;3;5;6;8;9;10"
Root_6290,318.920534,43.535680,7,"2;3;5;6;8;9;10"
Root_6291,64.973344,19.554240,8,"0;1;3;5;6;8;9;10"
Root_6292,277.976374,39.832000,7,"1;3;5;6;8;9;10"
Root_6293,113.946934,24.883840,7,"0;3;5;6;8;9;10"
Root_6294,325.931574,44.461600,6,"3;5;6;8;9;10"
Root_6295,71.316480,20.541888,8,"0;1;2;5;6;8;9;10"
Root_6296,287.028150,40.819648,7,"1;2;5;6;8;9;10"
Root_6297,120.035766,25.871488,7,"0;2;5;6;8;9;10"
Root_6298,334.983350,45.449248,6,"2;5;6;8;9;10"
Root_6299,74.391638,21.467808,7,"0;1;5;6;8;9;10"
Root_6300,294.039190,41.745568,6,"1;5;6;8;9;10"
Root_6301,124.269046,26.797408,6,"0;5;6;8;9;10"
Root_6302,341.994390,46.375168,5,"5;6;8;9;10"
Root_6303,64.882048,17.949312,9,"0;1;2;3;4;6;8;9;10"
Root_6304,263.517238,38.227072,8,"1;2;3;4;6;8;9;10"
Root_6305,110.023670,23.278912,8,"0;2;3;4;6;8;9;10"
Root_6306,311.472438,42.856672,7,"2;3;4;6;8;9;10"
Root_6307,67.263488,18.875232,8,"0;1;3;4;6;8;9;10"
Root_6308,270.528278,39.152992,7,"1;3;4;6;8;9;10"
Root_6309,113.331030,24.204832,7,"0;3;4;6;8;9;10"
Root_6310,318.483478,43.782592,6,"3;4;6;8;9;10"
Root_6311,73.606624,19.862880,8,"0;1;2;4;6;8;9;10"
Root_6312,279.580054,40.140640,7,"1;2;4;6;8;9;10"
Root_6313,118.432214,25.192480,7,"0;2;4;6;8;9;10"
Root_6314,327.535254,44.770240,6,"2;4;6;8;9;10"
Root_6315,76.002774,20.788800,7,"0;1;4;6;8;9;10"
Root_6316,286.591094,41.066560,6,"1;4;6;8;9;10"
Root_6317,121.739574,26.118400,6,"0;4;6;8;9;10"
Root_6318,334.546294,45.696160,5,"4;6;8;9;10"
Root_6319,75.338624,20.171520,8,"0;1;2;3;6;8;9;10"
Root_6320,284.683734,40.449280,7,"1;2;3;6;8;9;10"
Root_6321,122.301334,25.501120,7,"0;2;3;6;8;9;10"
Root_6322,332.638934,45.078880,6,"2;3;6;8;9;10"
Root_6323,78.969334,21.097440,7,"0;1;3;6;8;9;10"
Root_6324,291.694774,41.375200,6,"1;3;6;8;9;10"
Root_6325,125.608694,26.427040,6,"0;3;6;8;9;10"
Root_6326,339.649974,46.004800,5,"3;6;8;9;10"
Root_6327,85.058166,22.085088,7,"0;1;2;6;8;9;10"
Root_6328,300.746550,42.362848,6,"1;2;6;8;9;10"
Root_6329,130.709878,27.414688,6,"0;2;6;8;9;10"
Root_6330,348.701750,46.992448,5,"2;6;8;9;10"
Root_6331,89.291446,23.011008,6,"0;1;6;8;9;10"
Root_6332,307.757590,43.288768,5,"1;6;8;9;10"
Root_6333,134.017238,28.340608,5,"0;6;8;9;10"
Root_6334,355.712790,47.918368,4,"6;8;9;10"
Root_6335,71.943731,18.832022,9,"0;1;2;3;4;5;8;9;10"
Root_6336,274.109763,39.109782,8,"1;2;3;4;5;8;9;10"
Root_6337,116.085354,24.161622,8,"0;2;3;4;5;8;9;10"
Root_6338,322.064963,43.739382,7,"2;3;4;5;8;9;10"
Root_6339,74.325171,19.757942,8,"0;1;3;4;5;8;9;10"
Root_6340,281.120803,40.035702,7,"1;3;4;5;8;9;10"
Root_6341,119.392714,25.087542,7,"0;3;4;5;8;9;10"
Root_6342,329.076003,44.665302,6,"3;4;5;8;9;10"
Root_6343,80.668307,20.745590,8,"0;1;2;4;5;8;9;10"
Root_6344,290.172579,41.023350,7,"1;2;4;5;8;9;10"
Root_6345,124.493898,26.075190,7,"0;2;4;5;8;9;10"
Root_6346,338.127779,45.652950,6,"2;4;5;8;9;10"
Root_6347,83.049747,21.671510,7,"0;1;4;5;8;9;10"
Root_6348,297.183619,41.949270,6,"1;4;5;8;9;10"
Root_6349,127.801258,27.001110,6,"0;4;5;8;9;10"
Root_6350,345.138819,46.578870,5,"4;5;8;9;10"
Root_6351,83.283018,21.054230,8,"0;1;2;3;5;8;9;10"
Root_6352,295.276259,41.331990,7,"1;2;3;5;8;9;10"
Root_6353,128.363018,26.383830,7,"0;2;3;5;8;9;10"
Root_6354,343.231459,45.961590,6,"2;3;5;8;9;10"
Root_6355,86.590378,21.980150,7,"0;1;3;5;8;9;10"
Root_6356,302.287299,42.257910,6,"1;3;5;8;9;10"
Root_6357,131.670378,27.309750,6,"0;3;5;8;9;10"
Root_6358,350.242499,46.887510,5,"3;5;8;9;10"
Root_6359,92.002560,22.967798,7,"0;1;2;5;8;9;10"
Root_6360,311.339075,43.245558,6,"1;2;5;8;9;10"
Root_6361,137.068960,28.297398,6,"0;2;5;8;9;10"
Root_6362,359.294275,47.875158,5,"2;5;8;9;10"
Root_6363,96.235840,23.893718,6,"0;1;5;8;9;10"
Root_6364,318.350115,44.171478,5,"1;5;8;9;10"
Root_6365,141.748877,29.223318,5,"0;5;8;9;10"
Root_6366,366.305315,48.801078,4,"5;8;9;10"
Root_6367,84.894154,20.375222,8,"0;1;2;3;4;8;9;10"
Root_6368,287.828163,40.652982,7,"1;2;3;4;8;9;10"
Root_6369,126.926131,25.704822,7,"0;2;3;4;8;9;10"
Root_6370,335.783363,45.282582,6,"2;3;4;8;9;10"
Root_6371,88.201514,21.301142,7,"0;1;3;4;8;9;10"
Root_6372,294.839203,41.578902,6,"1;3;4;8;9;10"
Root_6373,129.307571,26.630742,6,"0;3;4;8;9;10"
Root_6374,342.794403,46.208502,5,"3;4;8;9;10"
Root_6375,93.302698,22.288790,7,"0;1;2;4;8;9;10"
Root_6376,303.890979,42.566550,6,"1;2;4;8;9;10"
Root_6377,133.421107,27.618390,6,"0;2;4;8;9;10"
Root_6378,351.846179,47.196150,5,"2;4;8;9;10"
Root_6379,96.610058,23.214710,6,"0;1;4;8;9;10"
Root_6380,310.902019,43.492470,5,"1;4;8;9;10"
Root_6381,136.346858,28.544310,5,"0;4;8;9;10"
Root_6382,358.857219,48.122070,4,"4;8;9;10"
Root_6383,97.171818,22.597430,7,"0;1;2;3;8;9;10"
Root_6384,308.994659,42.875190,6,"1;2;3;8;9;10"
Root_6385,136.981587,27.927030,6,"0;2;3;8;9;10"
Root_6386,356.949859,47.504790,5,"2;3;8;9;10"
Root_6387,100.479178,23.523350,6,"0;1;3;8;9;10"
Root_6388,316.005699,43.801110,5,"1;3;8;9;10"
Root_6389,140.215978,28.852950,5,"0;3;8;9;10"
Root_6390,363.960899,48.430710,4,"3;8;9;10"
Root_6391,105.580362,24.510998,6,"0;1;2;8;9;10"
Root_6392,325.057475,44.788758,5,"1;2;8;9;10"
Root_6393,147.838957,29.840598,5,"0;2;8;9;10"
Root_6394,373.012675,49.418358,4,"2;8;9;10"
Root_6395,108.887722,25.436918,5,"0;1;8;9;10"
Root_6396,332.068515,45.714678,4,"1;8;9;10"
Root_6397,153.924077,30.766518,4,"0;8;9;10"
Root_6398,380.023715,50.344278,3,"8;9;10"
Root_6399,59.735232,17.311040,10,"0;1;2;3;4;5;6;7;9;10"
Root_6400,271.857974,38.288800,9,"1;2;3;4;5;6;7;9;10"
Root_6401,109.458134,23.340640,9,"0;2;3;4;5;6;7;9;10"
Root_6402,319.813174,42.918400,8,"2;3;4;5;6;7;9;10"
Root_6403,61.190752,18.236960,9,"0;1;3;4;5;6;7;9;10"
Root_6404,278.869014,39.214720,8,"1;3;4;5;6;7;9;10"
Root_6405,113.691414,24.266560,8,"0;3;4;5;6;7;9;10"
Root_6406,326.824214,43.844320,7,"3;4;5;6;7;9;10"
Root_6407,72.295520,19.924608,9,"0;1;2;4;5;6;7;9;10"
Root_6408,287.920790,40.202368,8,"1;2;4;5;6;7;9;10"
Root_6409,119.780246,25.254208,8,"0;2;4;5;6;7;9;10"
Root_6410,335.875990,44.831968,7,"2;4;5;6;7;9;10"
Root_6411,74.753398,20.850528,8,"0;1;4;5;6;7;9;10"
Root_6412,294.931830,41.128288,7,"1;4;5;6;7;9;10"
Root_6413,124.193654,26.180128,7,"0;4;5;6;7;9;10"
Root_6414,342.887030,45.757888,6,"4;5;6;7;9;10"
Root_6415,68.026400,19.533248,9,"0;1;2;3;5;6;7;9;10"
Root_6416,293.024470,40.511008,8,"1;2;3;5;6;7;9;10"
Root_6417,123.958006,25.562848,8,"0;2;3;5;6;7;9;10"
Root_6418,340.979670,45.140608,7,"2;3;5;6;7;9;10"
Root_6419,71.096608,20.459168,8,"0;1;3;5;6;7;9;10"
Root_6420,300.035510,41.436928,7,"1;3;5;6;7;9;10"
Root_6421,128.680054,26.488768,7,"0;3;5;6;7;9;10"
Root_6422,347.990710,46.066528,6,"3;5;6;7;9;10"
Root_6423,83.870518,22.146816,8,"0;1;2;5;6;7;9;10"
Root_6424,309.087286,42.424576,7,"1;2;5;6;7;9;10"
Root_6425,135.756534,27.476416,7,"0;2;5;6;7;9;10"
Root_6426,357.042486,47.054176,6,"2;5;6;7;9;10"
Root_6427,88.519734,23.072736,7,"0;1;5;6;7;9;10"
Root_6428,316.098326,43.350496,6,"1;5;6;7;9;10"
Root_6429,140.915734,28.402336,6,"0;5;6;7;9;10"
Root_6430,364.053526,47.980096,5,"5;6;7;9;10"
Root_6431,70.537632,18.854240,9,"0;1;2;3;4;6;7;9;10"
Root_6432,285.576374,39.832000,8,"1;2;3;4;6;7;9;10"
Root_6433,122.663094,24.883840,8,"0;2;3;4;6;7;9;10"
Root_6434,333.531574,44.461600,7,"2;3;4;6;7;9;10"
Root_6435,72.707744,19.780160,8,"0;1;3;4;6;7;9;10"
Root_6436,292.587414,40.757920,7,"1;3;4;6;7;9;10"
Root_6437,125.970454,25.809760,7,"0;3;4;6;7;9;10"
Root_6438,340.542614,45.387520,6,"3;4;6;7;9;10"
Root_6439,85.334838,21.467808,8,"0;1;2;4;6;7;9;10"
Root_6440,301.639190,41.745568,7,"1;2;4;6;7;9;10"
Root_6441,131.869046,26.797408,7,"0;2;4;6;7;9;10"
Root_6442,349.594390,46.375168,6,"2;4;6;7;9;10"
Root_6443,89.035926,22.393728,7,"0;1;4;6;7;9;10"
Root_6444,308.650230,42.671488,6,"1;4;6;7;9;10"
Root_6445,136.102326,27.723328,6,"0;4;6;7;9;10"
Root_6446,356.605430,47.301088,5,"4;6;7;9;10"
Root_6447,81.980406,21.076448,8,"0;1;2;3;6;7;9;10"
Root_6448,306.742870,42.054208,7,"1;2;3;6;7;9;10"
Root_6449,136.046806,27.106048,7,"0;2;3;6;7;9;10"
Root_6450,354.698070,46.683808,6,"2;3;6;7;9;10"
Root_6451,86.213686,22.002368,7,"0;1;3;6;7;9;10"
Root_6452,313.753910,42.980128,6,"1;3;6;7;9;10"
Root_6453,140.280086,28.031968,6,"0;3;6;7;9;10"
Root_6454,361.709110,47.609728,5,"3;6;7;9;10"
Root_6455,99.302518,23.690016,7,"0;1;2;6;7;9;10"
Root_6456,322.805686,43.967776,6,"1;2;6;7;9;10"
Root_6457,146.408150,29.019616,6,"0;2;6;7;9;10"
Root_6458,370.760886,48.597376,5,"2;6;7;9;10"
Root_6459,103.535798,24.615936,6,"0;1;6;7;9;10"
Root_6460,329.816726,44.893696,5,"1;6;7;9;10"
Root_6461,152.493270,29.945536,5,"0;6;7;9;10"
Root_6462,377.771926,49.523296,4,"6;7;9;10"
Root_6463,77.378227,19.736950,9,"0;1;2;3;4;5;7;9;10"
Root_6464,296.168899,40.714710,8,"1;2;3;4;5;7;9;10"
Root_6465,128.724778,25.766550,8,"0;2;3;4;5;7;9;10"
Root_6466,344.124099,45.344310,7,"2;3;4;5;7;9;10"
Root_6467,80.652138,20.662870,8,"0;1;3;4;5;7;9;10"
Root_6468,303.179939,41.640630,7,"1;3;4;5;7;9;10"
Root_6469,132.724608,26.692470,7,"0;3;4;5;7;9;10"
Root_6470,351.135139,46.270230,6,"3;4;5;7;9;10"
Root_6471,92.053322,22.350518,8,"0;1;2;4;5;7;9;10"
Root_6472,312.231715,42.628278,7,"1;2;4;5;7;9;10"
Root_6473,138.813440,27.680118,7,"0;2;4;5;7;9;10"
Root_6474,360.186915,47.257878,6,"2;4;5;7;9;10"
Root_6475,95.980320,23.276438,7,"0;1;4;5;7;9;10"
Root_6476,319.242755,43.554198,6,"1;4;5;7;9;10"
Root_6477,143.652758,28.606038,6,"0;4;5;7;9;10"
Root_6478,367.197955,48.183798,5,"4;5;7;9;10"
Root_6479,89.622442,21.959158,8,"0;1;2;3;5;7;9;10"
Root_6480,317.335395,42.936918,7,"1;2;3;5;7;9;10"
Root_6481,142.991200,27.988758,7,"0;2;3;5;7;9;10"
Root_6482,365.290595,47.566518,6,"2;3;5;7;9;10"
Root_6483,93.158080,22.885078,7,"0;1;3;5;7;9;10"
Root_6484,324.346435,43.862838,6,"1;3;5;7;9;10"
Root_6485,148.139158,28.914678,6,"0;3;5;7;9;10"
Root_6486,372.301635,48.492438,5,"3;5;7;9;10"
Root_6487,106.246912,24.572726,7,"0;1;2;5;7;9;10"
Root_6488,333.398211,44.850486,6,"1;2;5;7;9;10"
Root_6489,156.117965,29.902326,6,"0;2;5;7;9;10"
Root_6490,381.353411,49.480086,5,"2;5;7;9;10"
Root_6491,110.480192,25.498646,6,"0;1;5;7;9;10"
Root_6492,340.409251,45.776406,5,"1;5;7;9;10"
Root_6493,162.203085,30.828246,5,"0;5;7;9;10"
Root_6494,388.364451,50.406006,4,"5;7;9;10"
Root_6495,91.233578,21.280150,8,"0;1;2;3;4;7;9;10"
Root_6496,309.887299,42.257910,7,"1;2;3;4;7;9;10"
Root_6497,139.270378,27.309750,7,"0;2;3;4;7;9;10"
Root_6498,357.842499,46.887510,6,"2;3;4;7;9;10"
Root_6499,94.540938,22.206070,7,"0;1;3;4;7;9;10"
Root_6500,316.898339,43.183830,6,"1;3;4;7;9;10"
Root_6501,142.813408,28.235670,6,"0;3;4;7;9;10"
Root_6502,364.853539,47.813430,5,"3;4;7;9;10"
Root_6503,105.942122,23.893718,7,"0;1;2;4;7;9;10"
Root_6504,325.950115,44.171478,6,"1;2;4;7;9;10"
Root_6505,149.348877,29.223318,6,"0;2;4;7;9;10"
Root_6506,373.905315,48.801078,5,"2;4;7;9;10"
Root_6507,109.249482,24.819638,6,"0;1;4;7;9;10"
Root_6508,332.961155,45.097398,5,"1;4;7;9;10"
Root_6509,155.433997,30.149238,5,"0;4;7;9;10"
Root_6510,380.916355,49.726998,4,"4;7;9;10"
Root_6511,103.511242,23.502358,7,"0;1;2;3;7;9;10"
Root_6512,331.053795,44.480118,6,"1;2;3;7;9;10"
Root_6513,154.143917,29.531958,6,"0;2;3;7;9;10"
Root_6514,379.008995,49.109718,5,"2;3;7;9;10"
Root_6515,106.818602,24.428278,6,"0;1;3;7;9;10"
Root_6516,338.064835,45.406038,5,"1;3;7;9;10"
Root_6517,160.229037,30.457878,5,"0;3;7;9;10"
Root_6518,386.020035,50.035638,4,"3;7;9;10"
Root_6519,118.335712,26.115926,6,"0;1;2;7;9;10"
Root_6520,347.116611,46.393686,5,"1;2;7;9;10"
Root_6521,168.293165,31.445526,5,"0;2;7;9;10"
Root_6522,395.071811,51.023286,4,"2;7;9;10"
Root_6523,122.568992,27.041846,5,"0;1;7;9;10"
Root_6524,354.127651,47.319606,4,"1;7;9;10"
Root_6525,174.749731,32.371446,4,"0;7;9;10"
Root_6526,402.082851,51.949206,3,"7;9;10"
Root_6527,87.334870,21.035712,9,"0;1;2;3;4;5;6;9;10"
Root_6528,301.254038,41.313472,8,"1;2;3;4;5;6;9;10"
Root_6529,132.780182,26.365312,8,"0;2;3;4;5;6;9;10"
Root_6530,349.209238,45.943072,7,"2;3;4;5;6;9;10"
Root_6531,90.642230,21.961632,8,"0;1;3;4;5;6;9;10"
Root_6532,308.265078,42.239392,7,"1;3;4;5;6;9;10"
Root_6533,137.013462,27.291232,7,"0;3;4;5;6;9;10"
Root_6534,356.220278,46.868992,6,"3;4;5;6;9;10"
Root_6535,96.035894,22.949280,8,"0;1;2;4;5;6;9;10"
Root_6536,317.316854,43.227040,7,"1;2;4;5;6;9;10"
Root_6537,143.102294,28.278880,7,"0;2;4;5;6;9;10"
Root_6538,365.272054,47.856640,6,"2;4;5;6;9;10"
Root_6539,100.269174,23.875200,7,"0;1;4;5;6;9;10"
Root_6540,324.327894,44.152960,6,"1;4;5;6;9;10"
Root_6541,147.745174,29.204800,6,"0;4;5;6;9;10"
Root_6542,372.283094,48.782560,5,"4;5;6;9;10"
Root_6543,100.213654,23.257920,8,"0;1;2;3;5;6;9;10"
Root_6544,322.420534,43.535680,7,"1;2;3;5;6;9;10"
Root_6545,147.280054,28.587520,7,"0;2;3;5;6;9;10"
Root_6546,370.375734,48.165280,6,"2;3;5;6;9;10"
Root_6547,104.446934,24.183840,7,"0;1;3;5;6;9;10"
Root_6548,329.431574,44.461600,6,"1;3;5;6;9;10"
Root_6549,152.540214,29.513440,6,"0;3;5;6;9;10"
Root_6550,377.386774,49.091200,5,"3;5;6;9;10"
Root_6551,110.535766,25.171488,7,"0;1;2;5;6;9;10"
Root_6552,338.483350,45.449248,6,"1;2;5;6;9;10"
Root_6553,160.604342,30.501088,6,"0;2;5;6;9;10"
Root_6554,386.438550,50.078848,5,"2;5;6;9;10"
Root_6555,114.866454,26.097408,6,"0;1;5;6;9;10"
Root_6556,345.494390,46.375168,5,"1;5;6;9;10"
Root_6557,166.689462,31.427008,5,"0;5;6;9;10"
Root_6558,393.449590,51.004768,4,"5;6;9;10"
Root_6559,101.223670,22.578912,8,"0;1;2;3;4;6;9;10"
Root_6560,314.972438,42.856672,7,"1;2;3;4;6;9;10"
Root_6561,142.960470,27.908512,7,"0;2;3;4;6;9;10"
Root_6562,362.927638,47.486272,6,"2;3;4;6;9;10"
Root_6563,104.531030,23.504832,7,"0;1;3;4;6;9;10"
Root_6564,321.983478,43.782592,6,"1;3;4;6;9;10"
Root_6565,146.267830,28.834432,6,"0;3;4;6;9;10"
Root_6566,369.938678,48.412192,5,"3;4;6;9;10"
Root_6567,109.632214,24.492480,7,"0;1;2;4;6;9;10"
Root_6568,331.035254,44.770240,6,"1;2;4;6;9;10"
Root_6569,153.835254,29.822080,6,"0;2;4;6;9;10"
Root_6570,378.990454,49.399840,5,"2;4;6;9;10"
Root_6571,112.939574,25.418400,6,"0;1;4;6;9;10"
Root_6572,338.046294,45.696160,5,"1;4;6;9;10"
Root_6573,159.920374,30.748000,5,"0;4;6;9;10"
Root_6574,386.001494,50.325760,4,"4;6;9;10"
Root_6575,113.501334,24.801120,7,"0;1;2;3;6;9;10"
Root_6576,336.138934,45.078880,6,"1;2;3;6;9;10"
Root_6577,158.630294,30.130720,6,"0;2;3;6;9;10"
Root_6578,384.094134,49.708480,5,"2;3;6;9;10"
Root_6579,116.808694,25.727040,6,"0;1;3;6;9;10"
Root_6580,343.149974,46.004800,5,"1;3;6;9;10"
Root_6581,164.715414,31.056640,5,"0;3;6;9;10"
Root_6582,391.105174,50.634400,4,"3;6;9;10"
Root_6583,122.624566,26.714688,6,"0;1;2;6;9;10"
Root_6584,352.201750,46.992448,5,"1;2;6;9;10"
Root_6585,172.823830,32.044288,5,"0;2;6;9;10"
Root_6586,400.156950,51.622048,4,"2;6;9;10"
Root_6587,126.857846,27.640608,5,"0;1;6;9;10"
Root_6588,359.212790,47.918368,4,"1;6;9;10"
Root_6589,179.834870,32.970208,4,"0;6;9;10"
Root_6590,407.167990,52.547968,3,"6;9;10"
Root_6591,107.285354,23.461622,8,"0;1;2;3;4;5;9;10"
Root_6592,325.564963,43.739382,7,"1;2;3;4;5;9;10"
Root_6593,149.813376,28.791222,7,"0;2;3;4;5;9;10"
Root_6594,373.520163,48.368982,6,"2;3;4;5;9;10"
Root_6595,110.592714,24.387542,7,"0;1;3;4;5;9;10"
Root_6596,332.576003,44.665302,6,"1;3;4;5;9;10"
Root_6597,155.480941,29.717142,6,"0;3;4;5;9;10"
Root_6598,380.531203,49.294902,5,"3;4;5;9;10"
Root_6599,115.693898,25.375190,7,"0;1;2;4;5;9;10"
Root_6600,341.627779,45.652950,6,"1;2;4;5;9;10"
Root_6601,163.545069,30.704790,6,"0;2;4;5;9;10"
Root_6602,389.582979,50.282550,5,"2;4;5;9;10"
Root_6603,119.302368,26.301110,6,"0;1;4;5;9;10"
Root_6604,348.638819,46.578870,5,"1;4;5;9;10"
Root_6605,169.630189,31.630710,5,"0;4;5;9;10"
Root_6606,396.594019,51.208470,4,"4;5;9;10"
Root_6607,119.563018,25.683830,7,"0;1;2;3;5;9;10"
Root_6608,346.731459,45.961590,6,"1;2;3;5;9;10"
Root_6609,168.340109,31.013430,6,"0;2;3;5;9;10"
Root_6610,394.686659,50.591190,5,"2;3;5;9;10"
Root_6611,123.480128,26.609750,6,"0;1;3;5;9;10"
Root_6612,353.742499,46.887510,5,"1;3;5;9;10"
Root_6613,174.425229,31.939350,5,"0;3;5;9;10"
Root_6614,401.697699,51.517110,4,"3;5;9;10"
Root_6615,129.568960,27.597398,6,"0;1;2;5;9;10"
Root_6616,362.794275,47.875158,5,"1;2;5;9;10"
Root_6617,183.416355,32.926998,5,"0;2;5;9;10"
Root_6618,410.749475,52.504758,4,"2;5;9;10"
Root_6619,134.325558,28.523318,5,"0;1;5;9;10"
Root_6620,369.805315,48.801078,4,"1;5;9;10"
Root_6621,190.427395,33.852918,4,"0;5;9;10"
Root_6622,417.760515,53.430678,3,"5;9;10"
Root_6623,118.826131,25.004822,7,"0;1;2;3;4;9;10"
Root_6624,339.283363,45.282582,6,"1;2;3;4;9;10"
Root_6625,161.571021,30.334422,6,"0;2;3;4;9;10"
Root_6626,387.238563,49.912182,5,"2;3;4;9;10"
Root_6627,121.207571,25.930742,6,"0;1;3;4;9;10"
Root_6628,346.294403,46.208502,5,"1;3;4;9;10"
Root_6629,167.656141,31.260342,5,"0;3;4;9;10"
Root_6630,394.249603,50.838102,4,"3;4;9;10"
Root_6631,126.239498,26.918390,6,"0;1;2;4;9;10"
Root_6632,355.346179,47.196150,5,"1;2;4;9;10"
Root_6633,175.968259,32.247990,5,"0;2;4;9;10"
Root_6634,403.301379,51.825750,4,"2;4;9;10"
Root_6635,129.546858,27.844310,5,"0;1;4;9;10"
Root_6636,362.357219,48.122070,4,"1;4;9;10"
Root_6637,182.979299,33.173910,4,"0;4;9;10"
Root_6638,410.312419,52.751670,3,"4;9;10"
Root_6639,130.108618,27.227030,6,"0;1;2;3;9;10"
Root_6640,360.449859,47.504790,5,"1;2;3;9;10"
Root_6641,181.071939,32.556630,5,"0;2;3;9;10"
Root_6642,408.405059,52.134390,4,"2;3;9;10"
Root_6643,133.568928,28.152950,5,"0;1;3;9;10"
Root_6644,367.460899,48.430710,4,"1;3;9;10"
Root_6645,188.082979,33.482550,4,"0;3;9;10"
Root_6646,415.416099,53.060310,3,"3;9;10"
Root_6647,140.079555,29.140598,5,"0;1;2;9;10"
Root_6648,376.512675,49.418358,4,"1;2;9;10"
Root_6649,197.134755,34.470198,4,"0;2;9;10"
Root_6650,424.467875,54.047958,3,"2;9;10"
Root_6651,147.090595,30.066518,4,"0;1;9;10"
Root_6652,383.523715,50.344278,3,"1;9;10"
Root_6653,204.145795,35.396118,3,"0;9;10"
Root_6654,431.478915,54.973878,2,"9;10"
Root_6655,44.909472,15.974016,10,"0;1;2;3;4;5;6;7;8;10"
Root_6656,244.613686,36.251776,9,"1;2;3;4;5;6;7;8;10"
Root_6657,84.981718,21.303616,9,"0;2;3;4;5;6;7;8;10"
Root_6658,292.568886,40.881376,8,"2;3;4;5;6;7;8;10"
Root_6659,45.439072,16.899936,9,"0;1;3;4;5;6;7;8;10"
Root_6660,251.624726,37.177696,8,"1;3;4;5;6;7;8;10"
Root_6661,89.214998,22.229536,8,"0;3;4;5;6;7;8;10"
Root_6662,299.579926,41.807296,7,"3;4;5;6;7;8;10"
Root_6663,52.306912,17.887584,9,"0;1;2;4;5;6;7;8;10"
Root_6664,260.676502,38.165344,8,"1;2;4;5;6;7;8;10"
Root_6665,95.864214,23.217184,8,"0;2;4;5;6;7;8;10"
Root_6666,308.631702,42.794944,7,"2;4;5;6;7;8;10"
Root_6667,52.836512,18.813504,8,"0;1;4;5;6;7;8;10"
Root_6668,267.687542,39.091264,7,"1;4;5;6;7;8;10"
Root_6669,101.023414,24.143104,7,"0;4;5;6;7;8;10"
Root_6670,315.642742,43.720864,6,"4;5;6;7;8;10"
Root_6671,51.446336,18.196224,9,"0;1;2;3;5;6;7;8;10"
Root_6672,265.780182,38.473984,8,"1;2;3;5;6;7;8;10"
Root_6673,100.350614,23.525824,8,"0;2;3;5;6;7;8;10"
Root_6674,313.735382,43.103584,7,"2;3;5;6;7;8;10"
Root_6675,52.948672,19.122144,8,"0;1;3;5;6;7;8;10"
Root_6676,272.791222,39.399904,7,"1;3;5;6;7;8;10"
Root_6677,105.509814,24.451744,7,"0;3;5;6;7;8;10"
Root_6678,320.746422,44.029504,6,"3;5;6;7;8;10"
Root_6679,59.401600,20.109792,8,"0;1;2;5;6;7;8;10"
Root_6680,281.842998,40.387552,7,"1;2;5;6;7;8;10"
Root_6681,112.586294,25.439392,7,"0;2;5;6;7;8;10"
Root_6682,329.798198,45.017152,6,"2;5;6;7;8;10"
Root_6683,62.970582,21.035712,7,"0;1;5;6;7;8;10"
Root_6684,288.854038,41.313472,6,"1;5;6;7;8;10"
Root_6685,117.745494,26.365312,6,"0;5;6;7;8;10"
Root_6686,336.809238,45.943072,5,"5;6;7;8;10"
Root_6687,54.415488,17.517216,9,"0;1;2;3;4;6;7;8;10"
Root_6688,258.332086,37.794976,8,"1;2;3;4;6;7;8;10"
Root_6689,100.413718,22.846816,8,"0;2;3;4;6;7;8;10"
Root_6690,306.287286,42.424576,7,"2;3;4;6;7;8;10"
Root_6691,55.871008,18.443136,8,"0;1;3;4;6;7;8;10"
Root_6692,265.343126,38.720896,7,"1;3;4;6;7;8;10"
Root_6693,104.646998,23.772736,7,"0;3;4;6;7;8;10"
Root_6694,313.298326,43.350496,6,"3;4;6;7;8;10"
Root_6695,61.921568,19.430784,8,"0;1;2;4;6;7;8;10"
Root_6696,274.394902,39.708544,7,"1;2;4;6;7;8;10"
Root_6697,110.735830,24.760384,7,"0;2;4;6;7;8;10"
Root_6698,322.350102,44.338144,6,"2;4;6;7;8;10"
Root_6699,64.320096,20.356704,7,"0;1;4;6;7;8;10"
Root_6700,281.405942,40.634464,6,"1;4;6;7;8;10"
Root_6701,114.969110,25.686304,6,"0;4;6;7;8;10"
Root_6702,329.361142,45.264064,5,"4;6;7;8;10"
Root_6703,62.912832,19.739424,8,"0;1;2;3;6;7;8;10"
Root_6704,279.498582,40.017184,7,"1;2;3;6;7;8;10"
Root_6705,114.913590,25.069024,7,"0;2;3;6;7;8;10"
Root_6706,327.453782,44.646784,6,"2;3;6;7;8;10"
Root_6707,66.854560,20.665344,7,"0;1;3;6;7;8;10"
Root_6708,286.509622,40.943104,6,"1;3;6;7;8;10"
Root_6709,119.146870,25.994944,6,"0;3;6;7;8;10"
Root_6710,334.464822,45.572704,5,"3;6;7;8;10"
Root_6711,74.169302,21.652992,7,"0;1;2;6;7;8;10"
Root_6712,295.561398,41.930752,6,"1;2;6;7;8;10"
Root_6713,125.235702,26.982592,6,"0;2;6;7;8;10"
Root_6714,343.516598,46.560352,5,"2;6;7;8;10"
Root_6715,78.981494,22.578912,6,"0;1;6;7;8;10"
Root_6716,302.572438,42.856672,5,"1;6;7;8;10"
Root_6717,129.468982,27.908512,5,"0;6;7;8;10"
Root_6718,350.527638,47.486272,4,"6;7;8;10"
Root_6719,60.594461,18.399926,9,"0;1;2;3;4;5;7;8;10"
Root_6720,268.924611,38.677686,8,"1;2;3;4;5;7;8;10"
Root_6721,107.358112,23.729526,8,"0;2;3;4;5;7;8;10"
Root_6722,316.879811,43.307286,7,"2;3;4;5;7;8;10"
Root_6723,62.300499,19.325846,8,"0;1;3;4;5;7;8;10"
Root_6724,275.935651,39.603606,7,"1;3;4;5;7;8;10"
Root_6725,111.591392,24.655446,7,"0;3;4;5;7;8;10"
Root_6726,323.890851,44.233206,6,"3;4;5;7;8;10"
Root_6727,68.957130,20.313494,8,"0;1;2;4;5;7;8;10"
Root_6728,284.987427,40.591254,7,"1;2;4;5;7;8;10"
Root_6729,117.680224,25.643094,7,"0;2;4;5;7;8;10"
Root_6730,332.942627,45.220854,6,"2;4;5;7;8;10"
Root_6731,72.264490,21.239414,7,"0;1;4;5;7;8;10"
Root_6732,291.998467,41.517174,6,"1;4;5;7;8;10"
Root_6733,121.913504,26.569014,6,"0;4;5;7;8;10"
Root_6734,339.953667,46.146774,5,"4;5;7;8;10"
Root_6735,71.448384,20.622134,8,"0;1;2;3;5;7;8;10"
Root_6736,290.091107,40.899894,7,"1;2;3;5;7;8;10"
Root_6737,121.857984,25.951734,7,"0;2;3;5;7;8;10"
Root_6738,338.046307,45.529494,6,"2;3;5;7;8;10"
Root_6739,75.681664,21.548054,7,"0;1;3;5;7;8;10"
Root_6740,297.102147,41.825814,6,"1;3;5;7;8;10"
Root_6741,126.091264,26.877654,6,"0;3;5;7;8;10"
Root_6742,345.057347,46.455414,5,"3;5;7;8;10"
Root_6743,81.770496,22.535702,7,"0;1;2;5;7;8;10"
Root_6744,306.153923,42.813462,6,"1;2;5;7;8;10"
Root_6745,132.180096,27.865302,6,"0;2;5;7;8;10"
Root_6746,354.109123,47.443062,5,"2;5;7;8;10"
Root_6747,86.808598,23.461622,6,"0;1;5;7;8;10"
Root_6748,313.164963,43.739382,5,"1;5;7;8;10"
Root_6749,137.204598,28.791222,5,"0;5;7;8;10"
Root_6750,361.120163,48.368982,4,"5;7;8;10"
Root_6751,72.437386,19.943126,8,"0;1;2;3;4;7;8;10"
Root_6752,282.643011,40.220886,7,"1;2;3;4;7;8;10"
Root_6753,120.174186,25.272726,7,"0;2;3;4;7;8;10"
Root_6754,330.598211,44.850486,6,"2;3;4;7;8;10"
Root_6755,76.613792,20.869046,7,"0;1;3;4;7;8;10"
Root_6756,289.654051,41.146806,6,"1;3;4;7;8;10"
Root_6757,123.481546,26.198646,6,"0;3;4;7;8;10"
Root_6758,337.609251,45.776406,5,"3;4;7;8;10"
Root_6759,82.845930,21.856694,7,"0;1;2;4;7;8;10"
Root_6760,298.705827,42.134454,6,"1;2;4;7;8;10"
Root_6761,128.582730,27.186294,6,"0;2;4;7;8;10"
Root_6762,346.661027,46.764054,5,"2;4;7;8;10"
Root_6763,86.935904,22.782614,6,"0;1;4;7;8;10"
Root_6764,305.716867,43.060374,5,"1;4;7;8;10"
Root_6765,132.002304,28.112214,5,"0;4;7;8;10"
Root_6766,353.672067,47.689974,4,"4;7;8;10"
Root_6767,86.880384,22.165334,7,"0;1;2;3;7;8;10"
Root_6768,303.809507,42.443094,6,"1;2;3;7;8;10"
Root_6769,132.451850,27.494934,6,"0;2;3;7;8;10"
Root_6770,351.764707,47.072694,5,"2;3;7;8;10"
Root_6771,91.113664,23.091254,6,"0;1;3;7;8;10"
Root_6772,310.820547,43.369014,5,"1;3;7;8;10"
Root_6773,136.180064,28.420854,5,"0;3;7;8;10"
Root_6774,358.775747,47.998614,4,"3;7;8;10"
Root_6775,97.202496,24.078902,6,"0;1;2;7;8;10"
Root_6776,319.872323,44.356662,5,"1;2;7;8;10"
Root_6777,143.085901,29.408502,5,"0;2;7;8;10"
Root_6778,367.827523,48.986262,4,"2;7;8;10"
Root_6779,101.435776,25.004822,5,"0;1;7;8;10"
Root_6780,326.883363,45.282582,4,"1;7;8;10"
Root_6781,149.171021,30.334422,4,"0;7;8;10"
Root_6782,374.838563,49.912182,3,"7;8;10"
Root_6783,64.785792,18.998688,9,"0;1;2;3;4;5;6;8;10"
Root_6784,274.009750,39.276448,8,"1;2;3;4;5;6;8;10"
Root_6785,111.646966,24.328288,8,"0;2;3;4;5;6;8;10"
Root_6786,321.964950,43.906048,7,"2;3;4;5;6;8;10"
Root_6787,66.395520,19.924608,8,"0;1;3;4;5;6;8;10"
Root_6788,281.020790,40.202368,7,"1;3;4;5;6;8;10"
Root_6789,115.880246,25.254208,7,"0;3;4;5;6;8;10"
Root_6790,328.975990,44.831968,6,"3;4;5;6;8;10"
Root_6791,72.647222,20.912256,8,"0;1;2;4;5;6;8;10"
Root_6792,290.072566,41.190016,7,"1;2;4;5;6;8;10"
Root_6793,121.969078,26.241856,7,"0;2;4;5;6;8;10"
Root_6794,338.027766,45.819616,6,"2;4;5;6;8;10"
Root_6795,75.954582,21.838176,7,"0;1;4;5;6;8;10"
Root_6796,297.083606,42.115936,6,"1;4;5;6;8;10"
Root_6797,126.202358,27.167776,6,"0;4;5;6;8;10"
Root_6798,345.038806,46.745536,5,"4;5;6;8;10"
Root_6799,75.737238,21.220896,8,"0;1;2;3;5;6;8;10"
Root_6800,295.176246,41.498656,7,"1;2;3;5;6;8;10"
Root_6801,126.146838,26.550496,7,"0;2;3;5;6;8;10"
Root_6802,343.131446,46.128256,6,"2;3;5;6;8;10"
Root_6803,79.970518,22.146816,7,"0;1;3;5;6;8;10"
Root_6804,302.187286,42.424576,6,"1;3;5;6;8;10"
Root_6805,130.380118,27.476416,6,"0;3;5;6;8;10"
Root_6806,350.142486,47.054176,5,"3;5;6;8;10"
Root_6807,86.537014,23.134464,7,"0;1;2;5;6;8;10"
Root_6808,311.239062,43.412224,6,"1;2;5;6;8;10"
Root_6809,136.468950,28.464064,6,"0;2;5;6;8;10"
Root_6810,359.194262,48.041824,5,"2;5;6;8;10"
Root_6811,91.696214,24.060384,6,"0;1;5;6;8;10"
Root_6812,318.250102,44.338144,5,"1;5;6;8;10"
Root_6813,141.482198,29.389984,5,"0;5;6;8;10"
Root_6814,366.205302,48.967744,4,"5;6;8;10"
Root_6815,76.901568,20.541888,8,"0;1;2;3;4;6;8;10"
Root_6816,287.728150,40.819648,7,"1;2;3;4;6;8;10"
Root_6817,123.864278,25.871488,7,"0;2;3;4;6;8;10"
Root_6818,335.683350,45.449248,6,"2;3;4;6;8;10"
Root_6819,80.902646,21.467808,7,"0;1;3;4;6;8;10"
Root_6820,294.739190,41.745568,6,"1;3;4;6;8;10"
Root_6821,127.171638,26.797408,6,"0;3;4;6;8;10"
Root_6822,342.694390,46.375168,5,"3;4;6;8;10"
Root_6823,86.991478,22.455456,7,"0;1;2;4;6;8;10"
Root_6824,303.790966,42.733216,6,"1;2;4;6;8;10"
Root_6825,132.272822,27.785056,6,"0;2;4;6;8;10"
Root_6826,351.746166,47.362816,5,"2;4;6;8;10"
Root_6827,91.224758,23.381376,6,"0;1;4;6;8;10"
Root_6828,310.802006,43.659136,5,"1;4;6;8;10"
Root_6829,135.580182,28.710976,5,"0;4;6;8;10"
Root_6830,358.757206,48.288736,4,"4;6;8;10"
Root_6831,91.169238,22.764096,7,"0;1;2;3;6;8;10"
Root_6832,308.894646,43.041856,6,"1;2;3;6;8;10"
Root_6833,136.141942,28.093696,6,"0;2;3;6;8;10"
Root_6834,356.849846,47.671456,5,"2;3;6;8;10"
Root_6835,95.402518,23.690016,6,"0;1;3;6;8;10"
Root_6836,315.905686,43.967776,5,"1;3;6;8;10"
Root_6837,139.508150,29.019616,5,"0;3;6;8;10"
Root_6838,363.860886,48.597376,4,"3;6;8;10"
Root_6839,101.491350,24.677664,6,"0;1;2;6;8;10"
Root_6840,324.957462,44.955424,5,"1;2;6;8;10"
Root_6841,147.572278,30.007264,5,"0;2;6;8;10"
Root_6842,372.912662,49.585024,4,"2;6;8;10"
Root_6843,105.724630,25.603584,5,"0;1;6;8;10"
Root_6844,331.968502,45.881344,4,"1;6;8;10"
Root_6845,153.657398,30.933184,4,"0;6;8;10"
Root_6846,379.923702,50.510944,3,"6;8;10"
Root_6847,84.845962,21.424598,8,"0;1;2;3;4;5;8;10"
Root_6848,298.320675,41.702358,7,"1;2;3;4;5;8;10"
Root_6849,129.925962,26.754198,7,"0;2;3;4;5;8;10"
Root_6850,346.275875,46.331958,6,"2;3;4;5;8;10"
Root_6851,88.153322,22.350518,7,"0;1;3;4;5;8;10"
Root_6852,305.331715,42.628278,6,"1;3;4;5;8;10"
Root_6853,133.233322,27.680118,6,"0;3;4;5;8;10"
Root_6854,353.286915,47.257878,5,"3;4;5;8;10"
Root_6855,93.935872,23.338166,7,"0;1;2;4;5;8;10"
Root_6856,314.383491,43.615926,6,"1;2;4;5;8;10"
Root_6857,139.002272,28.667766,6,"0;2;4;5;8;10"
Root_6858,362.338691,48.245526,5,"2;4;5;8;10"
Root_6859,98.169152,24.264086,6,"0;1;4;5;8;10"
Root_6860,321.394531,44.541846,5,"1;4;5;8;10"
Root_6861,144.422925,29.593686,5,"0;4;5;8;10"
Root_6862,369.349731,49.171446,4,"4;5;8;10"
Root_6863,98.113632,23.646806,7,"0;1;2;3;5;8;10"
Root_6864,319.487171,43.924566,6,"1;2;3;5;8;10"
Root_6865,143.180032,28.976406,6,"0;2;3;5;8;10"
Root_6866,367.442371,48.554166,5,"2;3;5;8;10"
Root_6867,102.346912,24.572726,6,"0;1;3;5;8;10"
Root_6868,326.498211,44.850486,5,"1;3;5;8;10"
Root_6869,149.217965,29.902326,5,"0;3;5;8;10"
Root_6870,374.453411,49.480086,4,"3;5;8;10"
Root_6871,108.435744,25.560374,6,"0;1;2;5;8;10"
Root_6872,335.549987,45.838134,5,"1;2;5;8;10"
Root_6873,157.282093,30.889974,5,"0;2;5;8;10"
Root_6874,383.505187,50.467734,4,"2;5;8;10"
Root_6875,112.669024,26.486294,5,"0;1;5;8;10"
Root_6876,342.561027,46.764054,4,"1;5;8;10"
Root_6877,163.367213,31.815894,4,"0;5;8;10"
Root_6878,390.516227,51.393654,3,"5;8;10"
Root_6879,98.734762,22.967798,7,"0;1;2;3;4;8;10"
Root_6880,312.039075,43.245558,6,"1;2;3;4;8;10"
Root_6881,138.471562,28.297398,6,"0;2;3;4;8;10"
Root_6882,359.994275,47.875158,5,"2;3;4;8;10"
Root_6883,102.042122,23.893718,6,"0;1;3;4;8;10"
Root_6884,319.050115,44.171478,5,"1;3;4;8;10"
Root_6885,142.448877,29.223318,5,"0;3;4;8;10"
Root_6886,367.005315,48.801078,4,"3;4;8;10"
Root_6887,107.143306,24.881366,6,"0;1;2;4;8;10"
Root_6888,328.101891,45.159126,5,"1;2;4;8;10"
Root_6889,150.513005,30.210966,5,"0;2;4;8;10"
Root_6890,376.057091,49.788726,4,"2;4;8;10"
Root_6891,110.450666,25.807286,5,"0;1;4;8;10"
Root_6892,335.112931,46.085046,4,"1;4;8;10"
Root_6893,156.598125,31.136886,4,"0;4;8;10"
Root_6894,383.068131,50.714646,3,"4;8;10"
Root_6895,111.012426,25.190006,6,"0;1;2;3;8;10"
Root_6896,333.205571,45.467766,5,"1;2;3;8;10"
Root_6897,155.308045,30.519606,5,"0;2;3;8;10"
Root_6898,381.160771,50.097366,4,"2;3;8;10"
Root_6899,114.319786,26.115926,5,"0;1;3;8;10"
Root_6900,340.216611,46.393686,4,"1;3;8;10"
Root_6901,161.393165,31.445526,4,"0;3;8;10"
Root_6902,388.171811,51.023286,3,"3;8;10"
Root_6903,119.420970,27.103574,5,"0;1;2;8;10"
Root_6904,349.268387,47.381334,4,"1;2;8;10"
Root_6905,169.890467,32.433174,4,"0;2;8;10"
Root_6906,397.223587,52.010934,3,"2;8;10"
Root_6907,122.757824,28.029494,4,"0;1;8;10"
Root_6908,356.279427,48.307254,3,"1;8;10"
Root_6909,176.901507,33.359094,3,"0;8;10"
Root_6910,404.234627,52.936854,2,"8;10"
Root_6911,75.652192,20.603616,9,"0;1;2;3;4;5;6;7;10"
Root_6912,296.068886,40.881376,8,"1;2;3;4;5;6;7;10"
Root_6913,125.891318,25.933216,8,"0;2;3;4;5;6;7;10"
Root_6914,344.024086,45.510976,7,"2;3;4;5;6;7;10"
Root_6915,79.714998,21.529536,8,"0;1;3;4;5;6;7;10"
Root_6916,303.079926,41.807296,7,"1;3;4;5;6;7;10"
Root_6917,130.983734,26.859136,7,"0;3;4;5;6;7;10"
Root_6918,351.035126,46.436896,6,"3;4;5;6;7;10"
Root_6919,85.803830,22.517184,8,"0;1;2;4;5;6;7;10"
Root_6920,312.131702,42.794944,7,"1;2;4;5;6;7;10"
Root_6921,138.060214,27.846784,7,"0;2;4;5;6;7;10"
Root_6922,360.086902,47.424544,6,"2;4;5;6;7;10"
Root_6923,90.823414,23.443104,7,"0;1;4;5;6;7;10"
Root_6924,319.142742,43.720864,6,"1;4;5;6;7;10"
Root_6925,143.219414,28.772704,6,"0;4;5;6;7;10"
Root_6926,367.097942,48.350464,5,"4;5;6;7;10"
Root_6927,90.150614,22.825824,8,"0;1;2;3;5;6;7;10"
Root_6928,317.235382,43.103584,7,"1;2;3;5;6;7;10"
Root_6929,142.546614,28.155424,7,"0;2;3;5;6;7;10"
Root_6930,365.190582,47.733184,6,"2;3;5;6;7;10"
Root_6931,95.309814,23.751744,7,"0;1;3;5;6;7;10"
Root_6932,324.246422,44.029504,6,"1;3;5;6;7;10"
Root_6933,147.787158,29.081344,6,"0;3;5;6;7;10"
Root_6934,372.201622,48.659104,5,"3;5;6;7;10"
Root_6935,102.386294,24.739392,7,"0;1;2;5;6;7;10"
Root_6936,333.298198,45.017152,6,"1;2;5;6;7;10"
Root_6937,155.851286,30.068992,6,"0;2;5;6;7;10"
Root_6938,381.253398,49.646752,5,"2;5;6;7;10"
Root_6939,107.545494,25.665312,6,"0;1;5;6;7;10"
Root_6940,340.309238,45.943072,5,"1;5;6;7;10"
Root_6941,161.936406,30.994912,5,"0;5;6;7;10"
Root_6942,388.264438,50.572672,4,"5;6;7;10"
Root_6943,90.913718,22.146816,8,"0;1;2;3;4;6;7;10"
Root_6944,309.787286,42.424576,7,"1;2;3;4;6;7;10"
Root_6945,137.980118,27.476416,7,"0;2;3;4;6;7;10"
Root_6946,357.742486,47.054176,6,"2;3;4;6;7;10"
Root_6947,95.146998,23.072736,7,"0;1;3;4;6;7;10"
Root_6948,316.798326,43.350496,6,"1;3;4;6;7;10"
Root_6949,142.213398,28.402336,6,"0;3;4;6;7;10"
Root_6950,364.753526,47.980096,5,"3;4;6;7;10"
Root_6951,101.235830,24.060384,7,"0;1;2;4;6;7;10"
Root_6952,325.850102,44.338144,6,"1;2;4;6;7;10"
Root_6953,149.082198,29.389984,6,"0;2;4;6;7;10"
Root_6954,373.805302,48.967744,5,"2;4;6;7;10"
Root_6955,105.469110,24.986304,6,"0;1;4;6;7;10"
Root_6956,332.861142,45.264064,5,"1;4;6;7;10"
Root_6957,155.167318,30.315904,5,"0;4;6;7;10"
Root_6958,380.816342,49.893664,4,"4;6;7;10"
Root_6959,105.413590,24.369024,7,"0;1;2;3;6;7;10"
Root_6960,330.953782,44.646784,6,"1;2;3;6;7;10"
Root_6961,153.877238,29.698624,6,"0;2;3;6;7;10"
Root_6962,378.908982,49.276384,5,"2;3;6;7;10"
Root_6963,109.646870,25.294944,6,"0;1;3;6;7;10"
Root_6964,337.964822,45.572704,5,"1;3;6;7;10"
Root_6965,159.962358,30.624544,5,"0;3;6;7;10"
Root_6966,385.920022,50.202304,4,"3;6;7;10"
Root_6967,116.018294,26.282592,6,"0;1;2;6;7;10"
Root_6968,347.016598,46.560352,5,"1;2;6;7;10"
Root_6969,168.026486,31.612192,5,"0;2;6;7;10"
Root_6970,394.971798,51.189952,4,"2;6;7;10"
Root_6971,121.177494,27.208512,5,"0;1;6;7;10"
Root_6972,354.027638,47.486272,4,"1;6;7;10"
Root_6973,174.649718,32.538112,4,"0;6;7;10"
Root_6974,401.982838,52.115872,3,"6;7;10"
Root_6975,97.858112,23.029526,8,"0;1;2;3;4;5;7;10"
Root_6976,320.379811,43.307286,7,"1;2;3;4;5;7;10"
Root_6977,145.283638,28.359126,7,"0;2;3;4;5;7;10"
Root_6978,368.335011,47.936886,6,"2;3;4;5;7;10"
Root_6979,102.091392,23.955446,7,"0;1;3;4;5;7;10"
Root_6980,327.390851,44.233206,6,"1;3;4;5;7;10"
Root_6981,150.727885,29.285046,6,"0;3;4;5;7;10"
Root_6982,375.346051,48.862806,5,"3;4;5;7;10"
Root_6983,108.180224,24.943094,7,"0;1;2;4;5;7;10"
Root_6984,336.442627,45.220854,6,"1;2;4;5;7;10"
Root_6985,158.792013,30.272694,6,"0;2;4;5;7;10"
Root_6986,384.397827,49.850454,5,"2;4;5;7;10"
Root_6987,112.413504,25.869014,6,"0;1;4;5;7;10"
Root_6988,343.453667,46.146774,5,"1;4;5;7;10"
Root_6989,164.877133,31.198614,5,"0;4;5;7;10"
Root_6990,391.408867,50.776374,4,"4;5;7;10"
Root_6991,112.357984,25.251734,7,"0;1;2;3;5;7;10"
Root_6992,341.546307,45.529494,6,"1;2;3;5;7;10"
Root_6993,163.587053,30.581334,6,"0;2;3;5;7;10"
Root_6994,389.501507,50.159094,5,"2;3;5;7;10"
Root_6995,116.768918,26.177654,6,"0;1;3;5;7;10"
Root_6996,348.557347,46.455414,5,"1;3;5;7;10"
Root_6997,169.672173,31.507254,5,"0;3;5;7;10"
Root_6998,396.512547,51.085014,4,"3;5;7;10"
Root_6999,123.845398,27.165302,6,"0;1;2;5;7;10"
Root_7000,357.609123,47.443062,5,"1;2;5;7;10"
Root_7001,178.231203,32.494902,5,"0;2;5;7;10"
Root_7002,405.564323,52.072662,4,"2;5;7;10"
Root_7003,129.095821,28.091222,5,"0;1;5;7;10"
Root_7004,364.620163,48.368982,4,"1;5;7;10"
Root_7005,185.242243,33.420822,4,"0;5;7;10"
Root_7006,412.575363,52.998582,3,"5;7;10"
Root_7007,111.374186,24.572726,7,"0;1;2;3;4;7;10"
Root_7008,334.098211,44.850486,6,"1;2;3;4;7;10"
Root_7009,156.817965,29.902326,6,"0;2;3;4;7;10"
Root_7010,382.053411,49.480086,5,"2;3;4;7;10"
Root_7011,114.681546,25.498646,6,"0;1;3;4;7;10"
Root_7012,341.109251,45.776406,5,"1;3;4;7;10"
Root_7013,162.903085,30.828246,5,"0;3;4;7;10"
Root_7014,389.064451,50.406006,4,"3;4;7;10"
Root_7015,120.269024,26.486294,6,"0;1;2;4;7;10"
Root_7016,350.161027,46.764054,5,"1;2;4;7;10"
Root_7017,170.967213,31.815894,5,"0;2;4;7;10"
Root_7018,398.116227,51.393654,4,"2;4;7;10"
Root_7019,124.502304,27.412214,5,"0;1;4;7;10"
Root_7020,357.172067,47.689974,4,"1;4;7;10"
Root_7021,177.794147,32.741814,4,"0;4;7;10"
Root_7022,405.127267,52.319574,3,"4;7;10"
Root_7023,124.446784,26.794934,6,"0;1;2;3;7;10"
Root_7024,355.264707,47.072694,5,"1;2;3;7;10"
Root_7025,175.886787,32.124534,5,"0;2;3;7;10"
Root_7026,403.219907,51.702294,4,"2;3;7;10"
Root_7027,128.680064,27.720854,5,"0;1;3;7;10"
Root_7028,362.275747,47.998614,4,"1;3;7;10"
Root_7029,182.897827,33.050454,4,"0;3;7;10"
Root_7030,410.230947,52.628214,3,"3;7;10"
Root_7031,135.477398,28.708502,5,"0;1;2;7;10"
Root_7032,371.327523,48.986262,4,"1;2;7;10"
Root_7033,191.949603,34.038102,4,"0;2;7;10"
Root_7034,419.282723,53.615862,3,"2;7;10"
Root_7035,141.905443,29.634422,4,"0;1;7;10"
Root_7036,378.338563,49.912182,3,"1;7;10"
Root_7037,198.960643,34.964022,3,"0;7;10"
Root_7038,426.293763,54.541782,2,"7;10"
Root_7039,102.146966,23.628288,8,"0;1;2;3;4;5;6;10"
Root_7040,325.464950,43.906048,7,"1;2;3;4;5;6;10"
Root_7041,149.213366,28.957888,7,"0;2;3;4;5;6;10"
Root_7042,373.420150,48.535648,6,"2;3;4;5;6;10"
Root_7043,106.380246,24.554208,7,"0;1;3;4;5;6;10"
Root_7044,332.475990,44.831968,6,"1;3;4;5;6;10"
Root_7045,155.214262,29.883808,6,"0;3;4;5;6;10"
Root_7046,380.431190,49.461568,5,"3;4;5;6;10"
Root_7047,112.469078,25.541856,7,"0;1;2;4;5;6;10"
Root_7048,341.527766,45.819616,6,"1;2;4;5;6;10"
Root_7049,163.278390,30.871456,6,"0;2;4;5;6;10"
Root_7050,389.482966,50.449216,5,"2;4;5;6;10"
Root_7051,117.170134,26.467776,6,"0;1;4;5;6;10"
Root_7052,348.538806,46.745536,5,"1;4;5;6;10"
Root_7053,169.363510,31.797376,5,"0;4;5;6;10"
Root_7054,396.494006,51.375136,4,"4;5;6;10"
Root_7055,116.646838,25.850496,7,"0;1;2;3;5;6;10"
Root_7056,346.631446,46.128256,6,"1;2;3;5;6;10"
Root_7057,168.073430,31.180096,6,"0;2;3;5;6;10"
Root_7058,394.586646,50.757856,5,"2;3;5;6;10"
Root_7059,121.656534,26.776416,6,"0;1;3;5;6;10"
Root_7060,353.642486,47.054176,5,"1;3;5;6;10"
Root_7061,174.264566,32.106016,5,"0;3;5;6;10"
Root_7062,401.597686,51.683776,4,"3;5;6;10"
Root_7063,128.733014,27.764064,6,"0;1;2;5;6;10"
Root_7064,362.694262,48.041824,5,"1;2;5;6;10"
Root_7065,183.316342,33.093664,5,"0;2;5;6;10"
Root_7066,410.649462,52.671424,4,"2;5;6;10"
Root_7067,133.892214,28.689984,5,"0;1;5;6;10"
Root_7068,369.705302,48.967744,4,"1;5;6;10"
Root_7069,190.327382,34.019584,4,"0;5;6;10"
Root_7070,417.660502,53.597344,3,"5;6;10"
Root_7071,115.064278,25.171488,7,"0;1;2;3;4;6;10"
Root_7072,339.183350,45.449248,6,"1;2;3;4;6;10"
Root_7073,161.304342,30.501088,6,"0;2;3;4;6;10"
Root_7074,387.138550,50.078848,5,"2;3;4;6;10"
Root_7075,118.469046,26.097408,6,"0;1;3;4;6;10"
Root_7076,346.194390,46.375168,5,"1;3;4;6;10"
Root_7077,167.389462,31.427008,5,"0;3;4;6;10"
Root_7078,394.149590,51.004768,4,"3;4;6;10"
Root_7079,124.557878,27.085056,6,"0;1;2;4;6;10"
Root_7080,355.246166,47.362816,5,"1;2;4;6;10"
Root_7081,175.868246,32.414656,5,"0;2;4;6;10"
Root_7082,403.201366,51.992416,4,"2;4;6;10"
Root_7083,128.791158,28.010976,5,"0;1;4;6;10"
Root_7084,362.257206,48.288736,4,"1;4;6;10"
Root_7085,182.879286,33.340576,4,"0;4;6;10"
Root_7086,410.212406,52.918336,3,"4;6;10"
Root_7087,128.735638,27.393696,6,"0;1;2;3;6;10"
Root_7088,360.349846,47.671456,5,"1;2;3;6;10"
Root_7089,180.971926,32.723296,5,"0;2;3;6;10"
Root_7090,408.305046,52.301056,4,"2;3;6;10"
Root_7091,132.968918,28.319616,5,"0;1;3;6;10"
Root_7092,367.360886,48.597376,4,"1;3;6;10"
Root_7093,187.982966,33.649216,4,"0;3;6;10"
Root_7094,415.316086,53.226976,3,"3;6;10"
Root_7095,139.979542,29.307264,5,"0;1;2;6;10"
Root_7096,376.412662,49.585024,4,"1;2;6;10"
Root_7097,197.034742,34.636864,4,"0;2;6;10"
Root_7098,424.367862,54.214624,3,"2;6;10"
Root_7099,146.990582,30.233184,4,"0;1;6;10"
Root_7100,383.423702,50.510944,3,"1;6;10"
Root_7101,204.045782,35.562784,3,"0;6;10"
Root_7102,431.378902,55.140544,2,"6;10"
Root_7103,121.180160,26.054198,7,"0;1;2;3;4;5;10"
Root_7104,349.775875,46.331958,6,"1;2;3;4;5;10"
Root_7105,171.014157,31.383798,6,"0;2;3;4;5;10"
Root_7106,397.731075,50.961558,5,"2;3;4;5;10"
Root_7107,125.413440,26.980118,6,"0;1;3;4;5;10"
Root_7108,356.786915,47.257878,5,"1;3;4;5;10"
Root_7109,177.408995,32.309718,5,"0;3;4;5;10"
Root_7110,404.742115,51.887478,4,"3;4;5;10"
Root_7111,131.502272,27.967766,6,"0;1;2;4;5;10"
Root_7112,365.838691,48.245526,5,"1;2;4;5;10"
Root_7113,186.460771,33.297366,5,"0;2;4;5;10"
Root_7114,413.793891,52.875126,4,"2;4;5;10"
Root_7115,136.629238,28.893686,5,"0;1;4;5;10"
Root_7116,372.849731,49.171446,4,"1;4;5;10"
Root_7117,193.471811,34.223286,4,"0;4;5;10"
Root_7118,420.804931,53.801046,3,"4;5;10"
Root_7119,135.956438,28.276406,6,"0;1;2;3;5;10"
Root_7120,370.942371,48.554166,5,"1;2;3;5;10"
Root_7121,191.564451,33.606006,5,"0;2;3;5;10"
Root_7122,418.897571,53.183766,4,"2;3;5;10"
Root_7123,141.520291,29.202326,5,"0;1;3;5;10"
Root_7124,377.953411,49.480086,4,"1;3;5;10"
Root_7125,198.575491,34.531926,4,"0;3;5;10"
Root_7126,425.908611,54.109686,3,"3;5;10"
Root_7127,150.572067,30.189974,5,"0;1;2;5;10"
Root_7128,387.005187,50.467734,4,"1;2;5;10"
Root_7129,207.627267,35.519574,4,"0;2;5;10"
Root_7130,434.960387,55.097334,3,"2;5;10"
Root_7131,157.583107,31.115894,4,"0;1;5;10"
Root_7132,394.016227,51.393654,3,"1;5;10"
Root_7133,214.638307,36.445494,3,"0;5;10"
Root_7134,441.971427,56.023254,2,"5;10"
Root_7135,131.671562,27.597398,6,"0;1;2;3;4;10"
Root_7136,363.494275,47.875158,5,"1;2;3;4;10"
Root_7137,184.116355,32.926998,5,"0;2;3;4;10"
Root_7138,411.449475,52.504758,4,"2;3;4;10"
Root_7139,135.502240,28.523318,5,"0;1;3;4;10"
Root_7140,370.505315,48.801078,4,"1;3;4;10"
Root_7141,191.127395,33.852918,4,"0;3;4;10"
Root_7142,418.460515,53.430678,3,"3;4;10"
Root_7143,143.123971,29.510966,5,"0;1;2;4;10"
Root_7144,379.557091,49.788726,4,"1;2;4;10"
Root_7145,200.179171,34.840566,4,"0;2;4;10"
Root_7146,427.512291,54.418326,3,"2;4;10"
Root_7147,150.135011,30.436886,4,"0;1;4;10"
Root_7148,386.568131,50.714646,3,"1;4;10"
Root_7149,207.190211,35.766486,3,"0;4;10"
Root_7150,434.523331,55.344246,2,"4;10"
Root_7151,148.227651,29.819606,5,"0;1;2;3;10"
Root_7152,384.660771,50.097366,4,"1;2;3;10"
Root_7153,205.282851,35.149206,4,"0;2;3;10"
Root_7154,432.615971,54.726966,3,"2;3;10"
Root_7155,155.238691,30.745526,4,"0;1;3;10"
Root_7156,391.671811,51.023286,3,"1;3;10"
Root_7157,212.293891,36.075126,3,"0;3;10"
Root_7158,439.627011,55.652886,2,"3;10"
Root_7159,164.290467,31.733174,4,"0;1;2;10"
Root_7160,400.723587,52.010934,3,"1;2;10"
Root_7161,221.345667,37.062774,3,"0;2;10"
Root_7162,448.678787,56.640534,2,"2;10"
Root_7163,171.301507,32.659094,3,"0;1;10"
Root_7164,407.734627,52.936854,2,"1;10"
Root_7165,228.356707,37.988694,2,"0;10"
Root_7166,455.689827,57.566454,1,"10"
Root_7167,33.268832,13.607360,10,"0;1;2;3;4;5;6;7;8;9"
Root_7168,228.113814,34.585120,9,"1;2;3;4;5;6;7;8;9"
Root_7169,74.618944,19.636960,9,"0;2;3;4;5;6;7;8;9"
Root_7170,276.069014,39.214720,8,"2;3;4;5;6;7;8;9"
Root_7171,34.872512,14.533280,9,"0;1;3;4;5;6;7;8;9"
Root_7172,235.124854,35.511040,8,"1;3;4;5;6;7;8;9"
Root_7173,77.926304,20.562880,8,"0;3;4;5;6;7;8;9"
Root_7174,283.080054,40.140640,7,"3;4;5;6;7;8;9"
Root_7175,45.523104,16.220928,9,"0;1;2;4;5;6;7;8;9"
Root_7176,244.176630,36.498688,8,"1;2;4;5;6;7;8;9"
Root_7177,84.253398,21.550528,8,"0;2;4;5;6;7;8;9"
Root_7178,292.131830,41.128288,7,"2;4;5;6;7;8;9"
Root_7179,45.273632,17.146848,8,"0;1;4;5;6;7;8;9"
Root_7180,251.187670,37.424608,7,"1;4;5;6;7;8;9"
Root_7181,88.037206,22.476448,7,"0;4;5;6;7;8;9"
Root_7182,299.142870,42.054208,6,"4;5;6;7;8;9"
Root_7183,39.657664,15.829568,9,"0;1;2;3;5;6;7;8;9"
Root_7184,249.280310,36.807328,8,"1;2;3;5;6;7;8;9"
Root_7185,87.981686,21.859168,8,"0;2;3;5;6;7;8;9"
Root_7186,297.235510,41.436928,7,"2;3;5;6;7;8;9"
Root_7187,39.261344,16.755488,8,"0;1;3;5;6;7;8;9"
Root_7188,256.291350,37.733248,7,"1;3;5;6;7;8;9"
Root_7189,92.343254,22.785088,7,"0;3;5;6;7;8;9"
Root_7190,304.246550,42.362848,6,"3;5;6;7;8;9"
Root_7191,51.527808,18.443136,8,"0;1;2;5;6;7;8;9"
Root_7192,265.343126,38.720896,7,"1;2;5;6;7;8;9"
Root_7193,99.419734,23.772736,7,"0;2;5;6;7;8;9"
Root_7194,313.298326,43.350496,6,"2;5;6;7;8;9"
Root_7195,53.277056,19.369056,7,"0;1;5;6;7;8;9"
Root_7196,272.354166,39.646816,6,"1;5;6;7;8;9"
Root_7197,104.578934,24.698656,6,"0;5;6;7;8;9"
Root_7198,320.309366,44.276416,5,"5;6;7;8;9"
Root_7199,42.135392,15.150560,9,"0;1;2;3;4;6;7;8;9"
Root_7200,241.832214,36.128320,8,"1;2;3;4;6;7;8;9"
Root_7201,88.913814,21.180160,8,"0;2;3;4;6;7;8;9"
Root_7202,289.787414,40.757920,7,"2;3;4;6;7;8;9"
Root_7203,42.664992,16.076480,8,"0;1;3;4;6;7;8;9"
Root_7204,248.843254,37.054240,7,"1;3;4;6;7;8;9"
Root_7205,93.147094,22.106080,7,"0;3;4;6;7;8;9"
Root_7206,296.798454,41.683840,6,"3;4;6;7;8;9"
Root_7207,54.496960,17.764128,8,"0;1;2;4;6;7;8;9"
Root_7208,257.895030,38.041888,7,"1;2;4;6;7;8;9"
Root_7209,99.235926,23.093728,7,"0;2;4;6;7;8;9"
Root_7210,305.850230,42.671488,6,"2;4;6;7;8;9"
Root_7211,55.952480,18.690048,7,"0;1;4;6;7;8;9"
Root_7212,264.906070,38.967808,6,"1;4;6;7;8;9"
Root_7213,103.469206,24.019648,6,"0;4;6;7;8;9"
Root_7214,312.861270,43.597408,5,"4;6;7;8;9"
Root_7215,48.221568,17.372768,8,"0;1;2;3;6;7;8;9"
Root_7216,262.998710,38.350528,7,"1;2;3;6;7;8;9"
Root_7217,103.413686,23.402368,7,"0;2;3;6;7;8;9"
Root_7218,310.953910,42.980128,6,"2;3;6;7;8;9"
Root_7219,50.603008,18.298688,7,"0;1;3;6;7;8;9"
Root_7220,270.009750,39.276448,6,"1;3;6;7;8;9"
Root_7221,107.646966,24.328288,6,"0;3;6;7;8;9"
Root_7222,317.964950,43.906048,5,"3;6;7;8;9"
Root_7223,63.457152,19.986336,7,"0;1;2;6;7;8;9"
Root_7224,279.061526,40.264096,6,"1;2;6;7;8;9"
Root_7225,113.735798,25.315936,6,"0;2;6;7;8;9"
Root_7226,327.016726,44.893696,5,"2;6;7;8;9"
Root_7227,66.902678,20.912256,6,"0;1;6;7;8;9"
Root_7228,286.072566,41.190016,5,"1;6;7;8;9"
Root_7229,117.969078,26.241856,5,"0;6;7;8;9"
Root_7230,334.027766,45.819616,4,"6;7;8;9"
Root_7231,47.431654,16.033270,9,"0;1;2;3;4;5;7;8;9"
Root_7232,252.424739,37.011030,8,"1;2;3;4;5;7;8;9"
Root_7233,96.452138,22.062870,8,"0;2;3;4;5;7;8;9"
Root_7234,300.379939,41.640630,7,"2;3;4;5;7;8;9"
Root_7235,47.961254,16.959190,8,"0;1;3;4;5;7;8;9"
Root_7236,259.435779,37.936950,7,"1;3;4;5;7;8;9"
Root_7237,100.091488,22.988790,7,"0;3;4;5;7;8;9"
Root_7238,307.390979,42.566550,6,"3;4;5;7;8;9"
Root_7239,60.675933,18.646838,8,"0;1;2;4;5;7;8;9"
Root_7240,268.487555,38.924598,7,"1;2;4;5;7;8;9"
Root_7241,106.180320,23.976438,7,"0;2;4;5;7;8;9"
Root_7242,316.442755,43.554198,6,"2;4;5;7;8;9"
Root_7243,62.628883,19.572758,7,"0;1;4;5;7;8;9"
Root_7244,275.498595,39.850518,6,"1;4;5;7;8;9"
Root_7245,110.413600,24.902358,6,"0;4;5;7;8;9"
Root_7246,323.453795,44.480118,5,"4;5;7;8;9"
Root_7247,55.283251,18.255478,8,"0;1;2;3;5;7;8;9"
Root_7248,273.591235,39.233238,7,"1;2;3;5;7;8;9"
Root_7249,110.358080,24.285078,7,"0;2;3;5;7;8;9"
Root_7250,321.546435,43.862838,6,"2;3;5;7;8;9"
Root_7251,57.770762,19.181398,7,"0;1;3;5;7;8;9"
Root_7252,280.602275,40.159158,6,"1;3;5;7;8;9"
Root_7253,114.591360,25.210998,6,"0;3;5;7;8;9"
Root_7254,328.557475,44.788758,5,"3;5;7;8;9"
Root_7255,71.401546,20.869046,7,"0;1;2;5;7;8;9"
Root_7256,289.654051,41.146806,6,"1;2;5;7;8;9"
Root_7257,120.680192,26.198646,6,"0;2;5;7;8;9"
Root_7258,337.609251,45.776406,5,"2;5;7;8;9"
Root_7259,74.708906,21.794966,6,"0;1;5;7;8;9"
Root_7260,296.665091,42.072726,5,"1;5;7;8;9"
Root_7261,124.913472,27.124566,5,"0;5;7;8;9"
Root_7262,344.620291,46.702326,4,"5;7;8;9"
Root_7263,57.573395,17.576470,8,"0;1;2;3;4;7;8;9"
Root_7264,266.143139,38.554230,7,"1;2;3;4;7;8;9"
Root_7265,110.340938,23.606070,7,"0;2;3;4;7;8;9"
Root_7266,314.098339,43.183830,6,"2;3;4;7;8;9"
Root_7267,59.954835,18.502390,7,"0;1;3;4;7;8;9"
Root_7268,273.154179,39.480150,6,"1;3;4;7;8;9"
Root_7269,113.648298,24.531990,6,"0;3;4;7;8;9"
Root_7270,321.109379,44.109750,5,"3;4;7;8;9"
Root_7271,73.012682,20.190038,7,"0;1;2;4;7;8;9"
Root_7272,282.205955,40.467798,6,"1;2;4;7;8;9"
Root_7273,118.749482,25.519638,6,"0;2;4;7;8;9"
Root_7274,330.161155,45.097398,5,"2;4;7;8;9"
Root_7275,76.320042,21.115958,6,"0;1;4;7;8;9"
Root_7276,289.216995,41.393718,5,"1;4;7;8;9"
Root_7277,122.056842,26.445558,5,"0;4;7;8;9"
Root_7278,337.172195,46.023318,4,"4;7;8;9"
Root_7279,68.380480,19.798678,7,"0;1;2;3;7;8;9"
Root_7280,287.309635,40.776438,6,"1;2;3;7;8;9"
Root_7281,122.618602,25.828278,6,"0;2;3;7;8;9"
Root_7282,335.264835,45.406038,5,"2;3;7;8;9"
Root_7283,72.613760,20.724598,6,"0;1;3;7;8;9"
Root_7284,294.320675,41.702358,5,"1;3;7;8;9"
Root_7285,125.925962,26.754198,5,"0;3;7;8;9"
Root_7286,342.275875,46.331958,4,"3;7;8;9"
Root_7287,85.702592,22.412246,6,"0;1;2;7;8;9"
Root_7288,303.372451,42.690006,5,"1;2;7;8;9"
Root_7289,131.027146,27.741846,5,"0;2;7;8;9"
Root_7290,351.327651,47.319606,4,"2;7;8;9"
Root_7291,89.935872,23.338166,5,"0;1;7;8;9"
Root_7292,310.383491,43.615926,4,"1;7;8;9"
Root_7293,135.002272,28.667766,4,"0;7;8;9"
Root_7294,358.338691,48.245526,3,"7;8;9"
Root_7295,55.617888,17.332032,9,"0;1;2;3;4;5;6;8;9"
Root_7296,257.509878,37.609792,8,"1;2;3;4;5;6;8;9"
Root_7297,100.147062,22.661632,8,"0;2;3;4;5;6;8;9"
Root_7298,305.465078,42.239392,7,"2;3;4;5;6;8;9"
Root_7299,57.999328,18.257952,8,"0;1;3;4;5;6;8;9"
Root_7300,264.520918,38.535712,7,"1;3;4;5;6;8;9"
Root_7301,104.380342,23.587552,7,"0;3;4;5;6;8;9"
Root_7302,312.476118,43.165312,6,"3;4;5;6;8;9"
Root_7303,64.867264,19.245600,8,"0;1;2;4;5;6;8;9"
Root_7304,273.572694,39.523360,7,"1;2;4;5;6;8;9"
Root_7305,110.469174,24.575200,7,"0;2;4;5;6;8;9"
Root_7306,321.527894,44.152960,6,"2;4;5;6;8;9"
Root_7307,66.723904,20.171520,7,"0;1;4;5;6;8;9"
Root_7308,280.583734,40.449280,6,"1;4;5;6;8;9"
Root_7309,114.702454,25.501120,6,"0;4;5;6;8;9"
Root_7310,328.538934,45.078880,5,"4;5;6;8;9"
Root_7311,65.673344,19.554240,8,"0;1;2;3;5;6;8;9"
Root_7312,278.676374,39.832000,7,"1;2;3;5;6;8;9"
Root_7313,114.646934,24.883840,7,"0;2;3;5;6;8;9"
Root_7314,326.631574,44.461600,6,"2;3;5;6;8;9"
Root_7315,68.764544,20.480160,7,"0;1;3;5;6;8;9"
Root_7316,285.687414,40.757920,6,"1;3;5;6;8;9"
Root_7317,118.880214,25.809760,6,"0;3;5;6;8;9"
Root_7318,333.642614,45.387520,5,"3;5;6;8;9"
Root_7319,75.091638,21.467808,7,"0;1;2;5;6;8;9"
Root_7320,294.739190,41.745568,6,"1;2;5;6;8;9"
Root_7321,124.969046,26.797408,6,"0;2;5;6;8;9"
Root_7322,342.694390,46.375168,5,"2;5;6;8;9"
Root_7323,78.792726,22.393728,6,"0;1;5;6;8;9"
Root_7324,301.750230,42.671488,5,"1;5;6;8;9"
Root_7325,129.202326,27.723328,5,"0;5;6;8;9"
Root_7326,349.705430,47.301088,4,"5;6;8;9"
Root_7327,67.963488,18.875232,8,"0;1;2;3;4;6;8;9"
Root_7328,271.228278,39.152992,7,"1;2;3;4;6;8;9"
Root_7329,114.031030,24.204832,7,"0;2;3;4;6;8;9"
Root_7330,319.183478,43.782592,6,"2;3;4;6;8;9"
Root_7331,70.375680,19.801152,7,"0;1;3;4;6;8;9"
Root_7332,278.239318,40.078912,6,"1;3;4;6;8;9"
Root_7333,117.338390,25.130752,6,"0;3;4;6;8;9"
Root_7334,326.194518,44.708512,5,"3;4;6;8;9"
Root_7335,76.702774,20.788800,7,"0;1;2;4;6;8;9"
Root_7336,287.291094,41.066560,6,"1;2;4;6;8;9"
Root_7337,122.439574,26.118400,6,"0;2;4;6;8;9"
Root_7338,335.246294,45.696160,5,"2;4;6;8;9"
Root_7339,80.010134,21.714720,6,"0;1;4;6;8;9"
Root_7340,294.302134,41.992480,5,"1;4;6;8;9"
Root_7341,125.746934,27.044320,5,"0;4;6;8;9"
Root_7342,342.257334,46.622080,4,"4;6;8;9"
Root_7343,79.669334,21.097440,7,"0;1;2;3;6;8;9"
Root_7344,292.394774,41.375200,6,"1;2;3;6;8;9"
Root_7345,126.308694,26.427040,6,"0;2;3;6;8;9"
Root_7346,340.349974,46.004800,5,"2;3;6;8;9"
Root_7347,83.902614,22.023360,6,"0;1;3;6;8;9"
Root_7348,299.405814,42.301120,5,"1;3;6;8;9"
Root_7349,129.616054,27.352960,5,"0;3;6;8;9"
Root_7350,347.361014,46.930720,4,"3;6;8;9"
Root_7351,89.991446,23.011008,6,"0;1;2;6;8;9"
Root_7352,308.457590,43.288768,5,"1;2;6;8;9"
Root_7353,134.717238,28.340608,5,"0;2;6;8;9"
Root_7354,356.412790,47.918368,4,"2;6;8;9"
Root_7355,94.224726,23.936928,5,"0;1;6;8;9"
Root_7356,315.468630,44.214688,4,"1;6;8;9"
Root_7357,138.824182,29.266528,4,"0;6;8;9"
Root_7358,363.423830,48.844288,3,"6;8;9"
Root_7359,75.025171,19.757942,8,"0;1;2;3;4;5;8;9"
Root_7360,281.820803,40.035702,7,"1;2;3;4;5;8;9"
Root_7361,120.092714,25.087542,7,"0;2;3;4;5;8;9"
Root_7362,329.776003,44.665302,6,"2;3;4;5;8;9"
Root_7363,78.320074,20.683862,7,"0;1;3;4;5;8;9"
Root_7364,288.831843,40.961622,6,"1;3;4;5;8;9"
Root_7365,123.400074,26.013462,6,"0;3;4;5;8;9"
Root_7366,336.787043,45.591222,5,"3;4;5;8;9"
Root_7367,83.749747,21.671510,7,"0;1;2;4;5;8;9"
Root_7368,297.883619,41.949270,6,"1;2;4;5;8;9"
Root_7369,128.501258,27.001110,6,"0;2;4;5;8;9"
Root_7370,345.838819,46.578870,5,"2;4;5;8;9"
Root_7371,86.728618,22.597430,6,"0;1;4;5;8;9"
Root_7372,304.894659,42.875190,5,"1;4;5;8;9"
Root_7373,131.808618,27.927030,5,"0;4;5;8;9"
Root_7374,352.849859,47.504790,4,"4;5;8;9"
Root_7375,87.290378,21.980150,7,"0;1;2;3;5;8;9"
Root_7376,302.987299,42.257910,6,"1;2;3;5;8;9"
Root_7377,132.370378,27.309750,6,"0;2;3;5;8;9"
Root_7378,350.942499,46.887510,5,"2;3;5;8;9"
Root_7379,90.847008,22.906070,6,"0;1;3;5;8;9"
Root_7380,309.998339,43.183830,5,"1;3;5;8;9"
Root_7381,135.913408,28.235670,5,"0;3;5;8;9"
Root_7382,357.953539,47.813430,4,"3;5;8;9"
Root_7383,96.935840,23.893718,6,"0;1;2;5;8;9"
Root_7384,319.050115,44.171478,5,"1;2;5;8;9"
Root_7385,142.448877,29.223318,5,"0;2;5;8;9"
Root_7386,367.005315,48.801078,4,"2;5;8;9"
Root_7387,101.169120,24.819638,5,"0;1;5;8;9"
Root_7388,326.061155,45.097398,4,"1;5;8;9"
Root_7389,148.533997,30.149238,4,"0;5;8;9"
Root_7390,374.016355,49.726998,3,"5;8;9"
Root_7391,88.901514,21.301142,7,"0;1;2;3;4;8;9"
Root_7392,295.539203,41.578902,6,"1;2;3;4;8;9"
Root_7393,130.007571,26.630742,6,"0;2;3;4;8;9"
Root_7394,343.494403,46.208502,5,"2;3;4;8;9"
Root_7395,92.208874,22.227062,6,"0;1;3;4;8;9"
Root_7396,302.550243,42.504822,5,"1;3;4;8;9"
Root_7397,132.389011,27.556662,5,"0;3;4;8;9"
Root_7398,350.505443,47.134422,4,"3;4;8;9"
Root_7399,97.310058,23.214710,6,"0;1;2;4;8;9"
Root_7400,311.602019,43.492470,5,"1;2;4;8;9"
Root_7401,137.046858,28.544310,5,"0;2;4;8;9"
Root_7402,359.557219,48.122070,4,"2;4;8;9"
Root_7403,100.617418,24.140630,5,"0;1;4;8;9"
Root_7404,318.613059,44.418390,4,"1;4;8;9"
Root_7405,141.764909,29.470230,4,"0;4;8;9"
Root_7406,366.568259,49.047990,3,"4;8;9"
Root_7407,101.179178,23.523350,6,"0;1;2;3;8;9"
Root_7408,316.705699,43.801110,5,"1;2;3;8;9"
Root_7409,140.915978,28.852950,5,"0;2;3;8;9"
Root_7410,364.660899,48.430710,4,"2;3;8;9"
Root_7411,104.486538,24.449270,5,"0;1;3;8;9"
Root_7412,323.716739,44.727030,4,"1;3;8;9"
Root_7413,146.559949,29.778870,4,"0;3;8;9"
Root_7414,371.671939,49.356630,3,"3;8;9"
Root_7415,109.587722,25.436918,5,"0;1;2;8;9"
Root_7416,332.768515,45.714678,4,"1;2;8;9"
Root_7417,154.624077,30.766518,4,"0;2;8;9"
Root_7418,380.723715,50.344278,3,"2;8;9"
Root_7419,112.895082,26.362838,4,"0;1;8;9"
Root_7420,339.779555,46.640598,3,"1;8;9"
Root_7421,160.709197,31.692438,3,"0;8;9"
Root_7422,387.734755,51.270198,2,"8;9"
Root_7423,61.890752,18.236960,9,"0;1;2;3;4;5;6;7;9"
Root_7424,279.569014,39.214720,8,"1;2;3;4;5;6;7;9"
Root_7425,114.391414,24.266560,8,"0;2;3;4;5;6;7;9"
Root_7426,327.524214,43.844320,7,"2;3;4;5;6;7;9"
Root_7427,63.433824,19.162880,8,"0;1;3;4;5;6;7;9"
Root_7428,286.580054,40.140640,7,"1;3;4;5;6;7;9"
Root_7429,118.624694,25.192480,7,"0;3;4;5;6;7;9"
Root_7430,334.535254,44.770240,6,"3;4;5;6;7;9"
Root_7431,75.453398,20.850528,8,"0;1;2;4;5;6;7;9"
Root_7432,295.631830,41.128288,7,"1;2;4;5;6;7;9"
Root_7433,124.893654,26.180128,7,"0;2;4;5;6;7;9"
Root_7434,343.587030,45.757888,6,"2;4;5;6;7;9"
Root_7435,78.760758,21.776448,7,"0;1;4;5;6;7;9"
Root_7436,302.642870,42.054208,6,"1;4;5;6;7;9"
Root_7437,130.052854,27.106048,6,"0;4;5;6;7;9"
Root_7438,350.598070,46.683808,5,"4;5;6;7;9"
Root_7439,71.796608,20.459168,8,"0;1;2;3;5;6;7;9"
Root_7440,300.735510,41.436928,7,"1;2;3;5;6;7;9"
Root_7441,129.380054,26.488768,7,"0;2;3;5;6;7;9"
Root_7442,348.690710,46.066528,6,"2;3;5;6;7;9"
Root_7443,75.714966,21.385088,7,"0;1;3;5;6;7;9"
Root_7444,307.746550,42.362848,6,"1;3;5;6;7;9"
Root_7445,134.539254,27.414688,6,"0;3;5;6;7;9"
Root_7446,355.701750,46.992448,5,"3;5;6;7;9"
Root_7447,89.219734,23.072736,7,"0;1;2;5;6;7;9"
Root_7448,316.798326,43.350496,6,"1;2;5;6;7;9"
Root_7449,141.615734,28.402336,6,"0;2;5;6;7;9"
Root_7450,364.753526,47.980096,5,"2;5;6;7;9"
Root_7451,94.378934,23.998656,6,"0;1;5;6;7;9"
Root_7452,323.809366,44.276416,5,"1;5;6;7;9"
Root_7453,147.103190,29.328256,5,"0;5;6;7;9"
Root_7454,371.764566,48.906016,4,"5;6;7;9"
Root_7455,73.407744,19.780160,8,"0;1;2;3;4;6;7;9"
Root_7456,293.287414,40.757920,7,"1;2;3;4;6;7;9"
Root_7457,126.670454,25.809760,7,"0;2;3;4;6;7;9"
Root_7458,341.242614,45.387520,6,"2;3;4;6;7;9"
Root_7459,76.715104,20.706080,7,"0;1;3;4;6;7;9"
Root_7460,300.298454,41.683840,6,"1;3;4;6;7;9"
Root_7461,130.713494,26.735680,6,"0;3;4;6;7;9"
Root_7462,348.253654,46.313440,5,"3;4;6;7;9"
Root_7463,89.735926,22.393728,7,"0;1;2;4;6;7;9"
Root_7464,309.350230,42.671488,6,"1;2;4;6;7;9"
Root_7465,136.802326,27.723328,6,"0;2;4;6;7;9"
Root_7466,357.305430,47.301088,5,"2;4;6;7;9"
Root_7467,93.969206,23.319648,6,"0;1;4;6;7;9"
Root_7468,316.361270,43.597408,5,"1;4;6;7;9"
Root_7469,141.035606,28.649248,5,"0;4;6;7;9"
Root_7470,364.316470,48.227008,4,"4;6;7;9"
Root_7471,86.913686,22.002368,7,"0;1;2;3;6;7;9"
Root_7472,314.453910,42.980128,6,"1;2;3;6;7;9"
Root_7473,140.980086,28.031968,6,"0;2;3;6;7;9"
Root_7474,362.409110,47.609728,5,"2;3;6;7;9"
Root_7475,91.146966,22.928288,6,"0;1;3;6;7;9"
Root_7476,321.464950,43.906048,5,"1;3;6;7;9"
Root_7477,145.213366,28.957888,5,"0;3;6;7;9"
Root_7478,369.420150,48.535648,4,"3;6;7;9"
Root_7479,104.235798,24.615936,6,"0;1;2;6;7;9"
Root_7480,330.516726,44.893696,5,"1;2;6;7;9"
Root_7481,153.193270,29.945536,5,"0;2;6;7;9"
Root_7482,378.471926,49.523296,4,"2;6;7;9"
Root_7483,108.469078,25.541856,5,"0;1;6;7;9"
Root_7484,337.527766,45.819616,4,"1;6;7;9"
Root_7485,159.278390,30.871456,4,"0;6;7;9"
Root_7486,385.482966,50.449216,3,"6;7;9"
Root_7487,81.352138,20.662870,8,"0;1;2;3;4;5;7;9"
Root_7488,303.879939,41.640630,7,"1;2;3;4;5;7;9"
Root_7489,133.424608,26.692470,7,"0;2;3;4;5;7;9"
Root_7490,351.835139,46.270230,6,"2;3;4;5;7;9"
Root_7491,84.659498,21.588790,7,"0;1;3;4;5;7;9"
Root_7492,310.890979,42.566550,6,"1;3;4;5;7;9"
Root_7493,137.657888,27.618390,6,"0;3;4;5;7;9"
Root_7494,358.846179,47.196150,5,"3;4;5;7;9"
Root_7495,96.680320,23.276438,7,"0;1;2;4;5;7;9"
Root_7496,319.942755,43.554198,6,"1;2;4;5;7;9"
Root_7497,144.352758,28.606038,6,"0;2;4;5;7;9"
Root_7498,367.897955,48.183798,5,"2;4;5;7;9"
Root_7499,100.913600,24.202358,6,"0;1;4;5;7;9"
Root_7500,326.953795,44.480118,5,"1;4;5;7;9"
Root_7501,150.043917,29.531958,5,"0;4;5;7;9"
Root_7502,374.908995,49.109718,4,"4;5;7;9"
Root_7503,93.858080,22.885078,7,"0;1;2;3;5;7;9"
Root_7504,325.046435,43.862838,6,"1;2;3;5;7;9"
Root_7505,148.839158,28.914678,6,"0;2;3;5;7;9"
Root_7506,373.001635,48.492438,5,"2;3;5;7;9"
Root_7507,98.091360,23.810998,6,"0;1;3;5;7;9"
Root_7508,332.057475,44.788758,5,"1;3;5;7;9"
Root_7509,154.838957,29.840598,5,"0;3;5;7;9"
Root_7510,380.012675,49.418358,4,"3;5;7;9"
Root_7511,111.180192,25.498646,6,"0;1;2;5;7;9"
Root_7512,341.109251,45.776406,5,"1;2;5;7;9"
Root_7513,162.903085,30.828246,5,"0;2;5;7;9"
Root_7514,389.064451,50.406006,4,"2;5;7;9"
Root_7515,115.838038,26.424566,5,"0;1;5;7;9"
Root_7516,348.120291,46.702326,4,"1;5;7;9"
Root_7517,168.988205,31.754166,4,"0;5;7;9"
Root_7518,396.075491,51.331926,3,"5;7;9"
Root_7519,95.240938,22.206070,7,"0;1;2;3;4;7;9"
Root_7520,317.598339,43.183830,6,"1;2;3;4;7;9"
Root_7521,143.513408,28.235670,6,"0;2;3;4;7;9"
Root_7522,365.553539,47.813430,5,"2;3;4;7;9"
Root_7523,98.548298,23.131990,6,"0;1;3;4;7;9"
Root_7524,324.609379,44.109750,5,"1;3;4;7;9"
Root_7525,148.069869,29.161590,5,"0;3;4;7;9"
Root_7526,372.564579,48.739350,4,"3;4;7;9"
Root_7527,109.949482,24.819638,6,"0;1;2;4;7;9"
Root_7528,333.661155,45.097398,5,"1;2;4;7;9"
Root_7529,156.133997,30.149238,5,"0;2;4;7;9"
Root_7530,381.616355,49.726998,4,"2;4;7;9"
Root_7531,113.256842,25.745558,5,"0;1;4;7;9"
Root_7532,340.672195,46.023318,4,"1;4;7;9"
Root_7533,162.219117,31.075158,4,"0;4;7;9"
Root_7534,388.627395,50.652918,3,"4;7;9"
Root_7535,107.518602,24.428278,6,"0;1;2;3;7;9"
Root_7536,338.764835,45.406038,5,"1;2;3;7;9"
Root_7537,160.929037,30.457878,5,"0;2;3;7;9"
Root_7538,386.720035,50.035638,4,"2;3;7;9"
Root_7539,110.825962,25.354198,5,"0;1;3;7;9"
Root_7540,345.775875,46.331958,4,"1;3;7;9"
Root_7541,167.014157,31.383798,4,"0;3;7;9"
Root_7542,393.731075,50.961558,3,"3;7;9"
Root_7543,123.268992,27.041846,5,"0;1;2;7;9"
Root_7544,354.827651,47.319606,4,"1;2;7;9"
Root_7545,175.449731,32.371446,4,"0;2;7;9"
Root_7546,402.782851,51.949206,3,"2;7;9"
Root_7547,127.502272,27.967766,4,"0;1;7;9"
Root_7548,361.838691,48.245526,3,"1;7;9"
Root_7549,182.460771,33.297366,3,"0;7;9"
Root_7550,409.793891,52.875126,2,"7;9"
Root_7551,91.342230,21.961632,8,"0;1;2;3;4;5;6;9"
Root_7552,308.965078,42.239392,7,"1;2;3;4;5;6;9"
Root_7553,137.713462,27.291232,7,"0;2;3;4;5;6;9"
Root_7554,356.920278,46.868992,6,"2;3;4;5;6;9"
Root_7555,94.880342,22.887552,7,"0;1;3;4;5;6;9"
Root_7556,315.976118,43.165312,6,"1;3;4;5;6;9"
Root_7557,141.946742,28.217152,6,"0;3;4;5;6;9"
Root_7558,363.931318,47.794912,5,"3;4;5;6;9"
Root_7559,100.969174,23.875200,7,"0;1;2;4;5;6;9"
Root_7560,325.027894,44.152960,6,"1;2;4;5;6;9"
Root_7561,148.445174,29.204800,6,"0;2;4;5;6;9"
Root_7562,372.983094,48.782560,5,"2;4;5;6;9"
Root_7563,105.202454,24.801120,6,"0;1;4;5;6;9"
Root_7564,332.038934,45.078880,5,"1;4;5;6;9"
Root_7565,154.530294,30.130720,5,"0;4;5;6;9"
Root_7566,379.994134,49.708480,4,"4;5;6;9"
Root_7567,105.146934,24.183840,7,"0;1;2;3;5;6;9"
Root_7568,330.131574,44.461600,6,"1;2;3;5;6;9"
Root_7569,153.240214,29.513440,6,"0;2;3;5;6;9"
Root_7570,378.086774,49.091200,5,"2;3;5;6;9"
Root_7571,109.380214,25.109760,6,"0;1;3;5;6;9"
Root_7572,337.142614,45.387520,5,"1;3;5;6;9"
Root_7573,159.325334,30.439360,5,"0;3;5;6;9"
Root_7574,385.097814,50.017120,4,"3;5;6;9"
Root_7575,115.566454,26.097408,6,"0;1;2;5;6;9"
Root_7576,346.194390,46.375168,5,"1;2;5;6;9"
Root_7577,167.389462,31.427008,5,"0;2;5;6;9"
Root_7578,394.149590,51.004768,4,"2;5;6;9"
Root_7579,120.725654,27.023328,5,"0;1;5;6;9"
Root_7580,353.205430,47.301088,4,"1;5;6;9"
Root_7581,173.827510,32.352928,4,"0;5;6;9"
Root_7582,401.160630,51.930688,3,"5;6;9"
Root_7583,105.231030,23.504832,7,"0;1;2;3;4;6;9"
Root_7584,322.683478,43.782592,6,"1;2;3;4;6;9"
Root_7585,146.967830,28.834432,6,"0;2;3;4;6;9"
Root_7586,370.638678,48.412192,5,"2;3;4;6;9"
Root_7587,108.538390,24.430752,6,"0;1;3;4;6;9"
Root_7588,329.694518,44.708512,5,"1;3;4;6;9"
Root_7589,152.556246,29.760352,5,"0;3;4;6;9"
Root_7590,377.649718,49.338112,4,"3;4;6;9"
Root_7591,113.639574,25.418400,6,"0;1;2;4;6;9"
Root_7592,338.746294,45.696160,5,"1;2;4;6;9"
Root_7593,160.620374,30.748000,5,"0;2;4;6;9"
Root_7594,386.701494,50.325760,4,"2;4;6;9"
Root_7595,117.291254,26.344320,5,"0;1;4;6;9"
Root_7596,345.757334,46.622080,4,"1;4;6;9"
Root_7597,166.705494,31.673920,4,"0;4;6;9"
Root_7598,393.712534,51.251680,3,"4;6;9"
Root_7599,117.508694,25.727040,6,"0;1;2;3;6;9"
Root_7600,343.849974,46.004800,5,"1;2;3;6;9"
Root_7601,165.415414,31.056640,5,"0;2;3;6;9"
Root_7602,391.805174,50.634400,4,"2;3;6;9"
Root_7603,121.469014,26.652960,5,"0;1;3;6;9"
Root_7604,350.861014,46.930720,4,"1;3;6;9"
Root_7605,171.500534,31.982560,4,"0;3;6;9"
Root_7606,398.816214,51.560320,3,"3;6;9"
Root_7607,127.557846,27.640608,5,"0;1;2;6;9"
Root_7608,359.912790,47.918368,4,"1;2;6;9"
Root_7609,180.534870,32.970208,4,"0;2;6;9"
Root_7610,407.867990,52.547968,3,"2;6;9"
Root_7611,131.791126,28.566528,4,"0;1;6;9"
Root_7612,366.923830,48.844288,3,"1;6;9"
Root_7613,187.545910,33.896128,3,"0;6;9"
Root_7614,414.879030,53.473888,2,"6;9"
Root_7615,111.292714,24.387542,7,"0;1;2;3;4;5;9"
Root_7616,333.276003,44.665302,6,"1;2;3;4;5;9"
Root_7617,156.180941,29.717142,6,"0;2;3;4;5;9"
Root_7618,381.231203,49.294902,5,"2;3;4;5;9"
Root_7619,114.600074,25.313462,6,"0;1;3;4;5;9"
Root_7620,340.287043,45.591222,5,"1;3;4;5;9"
Root_7621,162.266061,30.643062,5,"0;3;4;5;9"
Root_7622,388.242243,50.220822,4,"3;4;5;9"
Root_7623,120.002368,26.301110,6,"0;1;2;4;5;9"
Root_7624,349.338819,46.578870,5,"1;2;4;5;9"
Root_7625,170.330189,31.630710,5,"0;2;4;5;9"
Root_7626,397.294019,51.208470,4,"2;4;5;9"
Root_7627,124.235648,27.227030,5,"0;1;4;5;9"
Root_7628,356.349859,47.504790,4,"1;4;5;9"
Root_7629,176.971939,32.556630,4,"0;4;5;9"
Root_7630,404.305059,52.134390,3,"4;5;9"
Root_7631,124.180128,26.609750,6,"0;1;2;3;5;9"
Root_7632,354.442499,46.887510,5,"1;2;3;5;9"
Root_7633,175.125229,31.939350,5,"0;2;3;5;9"
Root_7634,402.397699,51.517110,4,"2;3;5;9"
Root_7635,128.413408,27.535670,5,"0;1;3;5;9"
Root_7636,361.453539,47.813430,4,"1;3;5;9"
Root_7637,182.075619,32.865270,4,"0;3;5;9"
Root_7638,409.408739,52.443030,3,"3;5;9"
Root_7639,135.025558,28.523318,5,"0;1;2;5;9"
Root_7640,370.505315,48.801078,4,"1;2;5;9"
Root_7641,191.127395,33.852918,4,"0;2;5;9"
Root_7642,418.460515,53.430678,3,"2;5;9"
Root_7643,141.083235,29.449238,4,"0;1;5;9"
Root_7644,377.516355,49.726998,3,"1;5;9"
Root_7645,198.138435,34.778838,3,"0;5;9"
Root_7646,425.471555,54.356598,2,"5;9"
Root_7647,121.907571,25.930742,6,"0;1;2;3;4;9"
Root_7648,346.994403,46.208502,5,"1;2;3;4;9"
Root_7649,168.356141,31.260342,5,"0;2;3;4;9"
Root_7650,394.949603,50.838102,4,"2;3;4;9"
Root_7651,125.145674,26.856662,5,"0;1;3;4;9"
Root_7652,354.005443,47.134422,4,"1;3;4;9"
Root_7653,174.627523,32.186262,4,"0;3;4;9"
Root_7654,401.960643,51.764022,3,"3;4;9"
Root_7655,130.246858,27.844310,5,"0;1;2;4;9"
Root_7656,363.057219,48.122070,4,"1;2;4;9"
Root_7657,183.679299,33.173910,4,"0;2;4;9"
Root_7658,411.012419,52.751670,3,"2;4;9"
Root_7659,134.324448,28.770230,4,"0;1;4;9"
Root_7660,370.068259,49.047990,3,"1;4;9"
Root_7661,190.690339,34.099830,3,"0;4;9"
Root_7662,418.023459,53.677590,2,"4;9"
Root_7663,134.268928,28.152950,5,"0;1;2;3;9"
Root_7664,368.160899,48.430710,4,"1;2;3;9"
Root_7665,188.782979,33.482550,4,"0;2;3;9"
Root_7666,416.116099,53.060310,3,"2;3;9"
Root_7667,138.738819,29.078870,4,"0;1;3;9"
Root_7668,375.171939,49.356630,3,"1;3;9"
Root_7669,195.794019,34.408470,3,"0;3;9"
Root_7670,423.127139,53.986230,2,"3;9"
Root_7671,147.790595,30.066518,4,"0;1;2;9"
Root_7672,384.223715,50.344278,3,"1;2;9"
Root_7673,204.845795,35.396118,3,"0;2;9"
Root_7674,432.178915,54.973878,2,"2;9"
Root_7675,154.801635,30.992438,3,"0;1;9"
Root_7676,391.234755,51.270198,2,"1;9"
Root_7677,211.856835,36.322038,2,"0;9"
Root_7678,439.189955,55.899798,1,"9"
Root_7679,46.239136,16.899936,9,"0;1;2;3;4;5;6;7;8"
Root_7680,252.324726,37.177696,8,"1;2;3;4;5;6;7;8"
Root_7681,89.914998,22.229536,8,"0;2;3;4;5;6;7;8"
Root_7682,300.279926,41.807296,7,"2;3;4;5;6;7;8"
Root_7683,47.224128,17.825856,8,"0;1;3;4;5;6;7;8"
Root_7684,259.335766,38.103616,7,"1;3;4;5;6;7;8"
Root_7685,94.646934,23.155456,7,"0;3;4;5;6;7;8"
Root_7686,307.290966,42.733216,6,"3;4;5;6;7;8"
Root_7687,53.536512,18.813504,8,"0;1;2;4;5;6;7;8"
Root_7688,268.387542,39.091264,7,"1;2;4;5;6;7;8"
Root_7689,101.723414,24.143104,7,"0;2;4;5;6;7;8"
Root_7690,316.342742,43.720864,6,"2;4;5;6;7;8"
Root_7691,54.730208,19.739424,7,"0;1;4;5;6;7;8"
Root_7692,275.398582,40.017184,6,"1;4;5;6;7;8"
Root_7693,106.882614,25.069024,6,"0;4;5;6;7;8"
Root_7694,323.353782,44.646784,5,"4;5;6;7;8"
Root_7695,53.648672,19.122144,8,"0;1;2;3;5;6;7;8"
Root_7696,273.491222,39.399904,7,"1;2;3;5;6;7;8"
Root_7697,106.209814,24.451744,7,"0;2;3;5;6;7;8"
Root_7698,321.446422,44.029504,6,"2;3;5;6;7;8"
Root_7699,56.355840,20.048064,7,"0;1;3;5;6;7;8"
Root_7700,280.502262,40.325824,6,"1;3;5;6;7;8"
Root_7701,111.369014,25.377664,6,"0;3;5;6;7;8"
Root_7702,328.457462,44.955424,5,"3;5;6;7;8"
Root_7703,63.670582,21.035712,7,"0;1;2;5;6;7;8"
Root_7704,289.554038,41.313472,6,"1;2;5;6;7;8"
Root_7705,118.445494,26.365312,6,"0;2;5;6;7;8"
Root_7706,337.509238,45.943072,5,"2;5;6;7;8"
Root_7707,67.903862,21.961632,6,"0;1;5;6;7;8"
Root_7708,296.565078,42.239392,5,"1;5;6;7;8"
Root_7709,123.604694,27.291232,5,"0;5;6;7;8"
Root_7710,344.520278,46.868992,4,"5;6;7;8"
Root_7711,56.571008,18.443136,8,"0;1;2;3;4;6;7;8"
Root_7712,266.043126,38.720896,7,"1;2;3;4;6;7;8"
Root_7713,105.346998,23.772736,7,"0;2;3;4;6;7;8"
Root_7714,313.998326,43.350496,6,"2;3;4;6;7;8"
Root_7715,58.320256,19.369056,7,"0;1;3;4;6;7;8"
Root_7716,273.054166,39.646816,6,"1;3;4;6;7;8"
Root_7717,109.580278,24.698656,6,"0;3;4;6;7;8"
Root_7718,321.009366,44.276416,5,"3;4;6;7;8"
Root_7719,65.020096,20.356704,7,"0;1;2;4;6;7;8"
Root_7720,282.105942,40.634464,6,"1;2;4;6;7;8"
Root_7721,115.669110,25.686304,6,"0;2;4;6;7;8"
Root_7722,330.061142,45.264064,5,"2;4;6;7;8"
Root_7723,68.835990,21.282624,6,"0;1;4;6;7;8"
Root_7724,289.116982,41.560384,5,"1;4;6;7;8"
Root_7725,119.902390,26.612224,5,"0;4;6;7;8"
Root_7726,337.072182,46.189984,4,"4;6;7;8"
Root_7727,67.554560,20.665344,7,"0;1;2;3;6;7;8"
Root_7728,287.209622,40.943104,6,"1;2;3;6;7;8"
Root_7729,119.846870,25.994944,6,"0;2;3;6;7;8"
Root_7730,335.164822,45.572704,5,"2;3;6;7;8"
Root_7731,72.605014,21.591264,6,"0;1;3;6;7;8"
Root_7732,294.220662,41.869024,5,"1;3;6;7;8"
Root_7733,124.080150,26.920864,5,"0;3;6;7;8"
Root_7734,342.175862,46.498624,4,"3;6;7;8"
Root_7735,79.681494,22.578912,6,"0;1;2;6;7;8"
Root_7736,303.272438,42.856672,5,"1;2;6;7;8"
Root_7737,130.168982,27.908512,5,"0;2;6;7;8"
Root_7738,351.227638,47.486272,4,"2;6;7;8"
Root_7739,84.840694,23.504832,5,"0;1;6;7;8"
Root_7740,310.283478,43.782592,4,"1;6;7;8"
Root_7741,134.402262,28.834432,4,"0;6;7;8"
Root_7742,358.238678,48.412192,3,"6;7;8"
Root_7743,63.000499,19.325846,8,"0;1;2;3;4;5;7;8"
Root_7744,276.635651,39.603606,7,"1;2;3;4;5;7;8"
Root_7745,112.291392,24.655446,7,"0;2;3;4;5;7;8"
Root_7746,324.590851,44.233206,6,"2;3;4;5;7;8"
Root_7747,66.115072,20.251766,7,"0;1;3;4;5;7;8"
Root_7748,283.646691,40.529526,6,"1;3;4;5;7;8"
Root_7749,116.524672,25.581366,6,"0;3;4;5;7;8"
Root_7750,331.601891,45.159126,5,"3;4;5;7;8"
Root_7751,72.964490,21.239414,7,"0;1;2;4;5;7;8"
Root_7752,292.698467,41.517174,6,"1;2;4;5;7;8"
Root_7753,122.613504,26.569014,6,"0;2;4;5;7;8"
Root_7754,340.653667,46.146774,5,"2;4;5;7;8"
Root_7755,76.437184,22.165334,6,"0;1;4;5;7;8"
Root_7756,299.709507,42.443094,5,"1;4;5;7;8"
Root_7757,126.846784,27.494934,5,"0;4;5;7;8"
Root_7758,347.664707,47.072694,4,"4;5;7;8"
Root_7759,76.381664,21.548054,7,"0;1;2;3;5;7;8"
Root_7760,297.802147,41.825814,6,"1;2;3;5;7;8"
Root_7761,126.791264,26.877654,6,"0;2;3;5;7;8"
Root_7762,345.757347,46.455414,5,"2;3;5;7;8"
Root_7763,80.614944,22.473974,6,"0;1;3;5;7;8"
Root_7764,304.813187,42.751734,5,"1;3;5;7;8"
Root_7765,131.024544,27.803574,5,"0;3;5;7;8"
Root_7766,352.768387,47.381334,4,"3;5;7;8"
Root_7767,87.508598,23.461622,6,"0;1;2;5;7;8"
Root_7768,313.864963,43.739382,5,"1;2;5;7;8"
Root_7769,137.904598,28.791222,5,"0;2;5;7;8"
Root_7770,361.820163,48.368982,4,"2;5;7;8"
Root_7771,92.667798,24.387542,5,"0;1;5;7;8"
Root_7772,320.876003,44.665302,4,"1;5;7;8"
Root_7773,143.780941,29.717142,4,"0;5;7;8"
Root_7774,368.831203,49.294902,3,"5;7;8"
Root_7775,77.313792,20.869046,7,"0;1;2;3;4;7;8"
Root_7776,290.354051,41.146806,6,"1;2;3;4;7;8"
Root_7777,124.181546,26.198646,6,"0;2;3;4;7;8"
Root_7778,338.309251,45.776406,5,"2;3;4;7;8"
Root_7779,81.547072,21.794966,6,"0;1;3;4;7;8"
Root_7780,297.365091,42.072726,5,"1;3;4;7;8"
Root_7781,127.488906,27.124566,5,"0;3;4;7;8"
Root_7782,345.320291,46.702326,4,"3;4;7;8"
Root_7783,87.635904,22.782614,6,"0;1;2;4;7;8"
Root_7784,306.416867,43.060374,5,"1;2;4;7;8"
Root_7785,132.702304,28.112214,5,"0;2;4;7;8"
Root_7786,354.372067,47.689974,4,"2;4;7;8"
Root_7787,91.869184,23.708534,5,"0;1;4;7;8"
Root_7788,313.427907,43.986294,4,"1;4;7;8"
Root_7789,137.011853,29.038134,4,"0;4;7;8"
Root_7790,361.383107,48.615894,3,"4;7;8"
Root_7791,91.813664,23.091254,6,"0;1;2;3;7;8"
Root_7792,311.520547,43.369014,5,"1;2;3;7;8"
Root_7793,136.880064,28.420854,5,"0;2;3;7;8"
Root_7794,359.475747,47.998614,4,"2;3;7;8"
Root_7795,96.046944,24.017174,5,"0;1;3;7;8"
Root_7796,318.531587,44.294934,4,"1;3;7;8"
Root_7797,141.806893,29.346774,4,"0;3;7;8"
Root_7798,366.486787,48.924534,3,"3;7;8"
Root_7799,102.135776,25.004822,5,"0;1;2;7;8"
Root_7800,327.583363,45.282582,4,"1;2;7;8"
Root_7801,149.871021,30.334422,4,"0;2;7;8"
Root_7802,375.538563,49.912182,3,"2;7;8"
Root_7803,106.369056,25.930742,4,"0;1;7;8"
Root_7804,334.594403,46.208502,3,"1;7;8"
Root_7805,155.956141,31.260342,3,"0;7;8"
Root_7806,382.549603,50.838102,2,"7;8"
Root_7807,67.095520,19.924608,8,"0;1;2;3;4;5;6;8"
Root_7808,281.720790,40.202368,7,"1;2;3;4;5;6;8"
Root_7809,116.580246,25.254208,7,"0;2;3;4;5;6;8"
Root_7810,329.675990,44.831968,6,"2;3;4;5;6;8"
Root_7811,70.403926,20.850528,7,"0;1;3;4;5;6;8"
Root_7812,288.731830,41.128288,6,"1;3;4;5;6;8"
Root_7813,120.813526,26.180128,6,"0;3;4;5;6;8"
Root_7814,336.687030,45.757888,5,"3;4;5;6;8"
Root_7815,76.654582,21.838176,7,"0;1;2;4;5;6;8"
Root_7816,297.783606,42.115936,6,"1;2;4;5;6;8"
Root_7817,126.902358,27.167776,6,"0;2;4;5;6;8"
Root_7818,345.738806,46.745536,5,"2;4;5;6;8"
Root_7819,80.833334,22.764096,6,"0;1;4;5;6;8"
Root_7820,304.794646,43.041856,5,"1;4;5;6;8"
Root_7821,131.135638,28.093696,5,"0;4;5;6;8"
Root_7822,352.749846,47.671456,4,"4;5;6;8"
Root_7823,80.670518,22.146816,7,"0;1;2;3;5;6;8"
Root_7824,302.887286,42.424576,6,"1;2;3;5;6;8"
Root_7825,131.080118,27.476416,6,"0;2;3;5;6;8"
Root_7826,350.842486,47.054176,5,"2;3;5;6;8"
Root_7827,85.319734,23.072736,6,"0;1;3;5;6;8"
Root_7828,309.898326,43.350496,5,"1;3;5;6;8"
Root_7829,135.313398,28.402336,5,"0;3;5;6;8"
Root_7830,357.853526,47.980096,4,"3;5;6;8"
Root_7831,92.396214,24.060384,6,"0;1;2;5;6;8"
Root_7832,318.950102,44.338144,5,"1;2;5;6;8"
Root_7833,142.182198,29.389984,5,"0;2;5;6;8"
Root_7834,366.905302,48.967744,4,"2;5;6;8"
Root_7835,97.555414,24.986304,5,"0;1;5;6;8"
Root_7836,325.961142,45.264064,4,"1;5;6;8"
Root_7837,148.267318,30.315904,4,"0;5;6;8"
Root_7838,373.916342,49.893664,3,"5;6;8"
Root_7839,81.602646,21.467808,7,"0;1;2;3;4;6;8"
Root_7840,295.439190,41.745568,6,"1;2;3;4;6;8"
Root_7841,127.871638,26.797408,6,"0;2;3;4;6;8"
Root_7842,343.394390,46.375168,5,"2;3;4;6;8"
Root_7843,85.835926,22.393728,6,"0;1;3;4;6;8"
Root_7844,302.450230,42.671488,5,"1;3;4;6;8"
Root_7845,131.178998,27.723328,5,"0;3;4;6;8"
Root_7846,350.405430,47.301088,4,"3;4;6;8"
Root_7847,91.924758,23.381376,6,"0;1;2;4;6;8"
Root_7848,311.502006,43.659136,5,"1;2;4;6;8"
Root_7849,136.280182,28.710976,5,"0;2;4;6;8"
Root_7850,359.457206,48.288736,4,"2;4;6;8"
Root_7851,96.158038,24.307296,5,"0;1;4;6;8"
Root_7852,318.513046,44.585056,4,"1;4;6;8"
Root_7853,141.498230,29.636896,4,"0;4;6;8"
Root_7854,366.468246,49.214656,3,"4;6;8"
Root_7855,96.102518,23.690016,6,"0;1;2;3;6;8"
Root_7856,316.605686,43.967776,5,"1;2;3;6;8"
Root_7857,140.208150,29.019616,5,"0;2;3;6;8"
Root_7858,364.560886,48.597376,4,"2;3;6;8"
Root_7859,100.335798,24.615936,5,"0;1;3;6;8"
Root_7860,323.616726,44.893696,4,"1;3;6;8"
Root_7861,146.293270,29.945536,4,"0;3;6;8"
Root_7862,371.571926,49.523296,3,"3;6;8"
Root_7863,106.424630,25.603584,5,"0;1;2;6;8"
Root_7864,332.668502,45.881344,4,"1;2;6;8"
Root_7865,154.357398,30.933184,4,"0;2;6;8"
Root_7866,380.623702,50.510944,3,"2;6;8"
Root_7867,110.657910,26.529504,4,"0;1;6;8"
Root_7868,339.679542,46.807264,3,"1;6;8"
Root_7869,160.442518,31.859104,3,"0;6;8"
Root_7870,387.634742,51.436864,2,"6;8"
Root_7871,88.853322,22.350518,7,"0;1;2;3;4;5;8"
Root_7872,306.031715,42.628278,6,"1;2;3;4;5;8"
Root_7873,133.933322,27.680118,6,"0;2;3;4;5;8"
Root_7874,353.986915,47.257878,5,"2;3;4;5;8"
Root_7875,92.780320,23.276438,6,"0;1;3;4;5;8"
Root_7876,313.042755,43.554198,5,"1;3;4;5;8"
Root_7877,137.846720,28.606038,5,"0;3;4;5;8"
Root_7878,360.997955,48.183798,4,"3;4;5;8"
Root_7879,98.869152,24.264086,6,"0;1;2;4;5;8"
Root_7880,322.094531,44.541846,5,"1;2;4;5;8"
Root_7881,145.122925,29.593686,5,"0;2;4;5;8"
Root_7882,370.049731,49.171446,4,"2;4;5;8"
Root_7883,103.102432,25.190006,5,"0;1;4;5;8"
Root_7884,329.105571,45.467766,4,"1;4;5;8"
Root_7885,151.208045,30.519606,4,"0;4;5;8"
Root_7886,377.060771,50.097366,3,"4;5;8"
Root_7887,103.046912,24.572726,6,"0;1;2;3;5;8"
Root_7888,327.198211,44.850486,5,"1;2;3;5;8"
Root_7889,149.917965,29.902326,5,"0;2;3;5;8"
Root_7890,375.153411,49.480086,4,"2;3;5;8"
Root_7891,107.280192,25.498646,5,"0;1;3;5;8"
Root_7892,334.209251,45.776406,4,"1;3;5;8"
Root_7893,156.003085,30.828246,4,"0;3;5;8"
Root_7894,382.164451,50.406006,3,"3;5;8"
Root_7895,113.369024,26.486294,5,"0;1;2;5;8"
Root_7896,343.261027,46.764054,4,"1;2;5;8"
Root_7897,164.067213,31.815894,4,"0;2;5;8"
Root_7898,391.216227,51.393654,3,"2;5;8"
Root_7899,117.602304,27.412214,4,"0;1;5;8"
Root_7900,350.272067,47.689974,3,"1;5;8"
Root_7901,170.894147,32.741814,3,"0;5;8"
Root_7902,398.227267,52.319574,2,"5;8"
Root_7903,102.742122,23.893718,6,"0;1;2;3;4;8"
Root_7904,319.750115,44.171478,5,"1;2;3;4;8"
Root_7905,143.148877,29.223318,5,"0;2;3;4;8"
Root_7906,367.705315,48.801078,4,"2;3;4;8"
Root_7907,106.049482,24.819638,5,"0;1;3;4;8"
Root_7908,326.761155,45.097398,4,"1;3;4;8"
Root_7909,149.233997,30.149238,4,"0;3;4;8"
Root_7910,374.716355,49.726998,3,"3;4;8"
Root_7911,111.150666,25.807286,5,"0;1;2;4;8"
Root_7912,335.812931,46.085046,4,"1;2;4;8"
Root_7913,157.298125,31.136886,4,"0;2;4;8"
Root_7914,383.768131,50.714646,3,"2;4;8"
Root_7915,114.458026,26.733206,4,"0;1;4;8"
Root_7916,342.823971,47.010966,3,"1;4;8"
Root_7917,163.446051,32.062806,3,"0;4;8"
Root_7918,390.779171,51.640566,2,"4;8"
Root_7919,115.019786,26.115926,5,"0;1;2;3;8"
Root_7920,340.916611,46.393686,4,"1;2;3;8"
Root_7921,162.093165,31.445526,4,"0;2;3;8"
Root_7922,388.871811,51.023286,3,"2;3;8"
Root_7923,118.327146,27.041846,4,"0;1;3;8"
Root_7924,347.927651,47.319606,3,"1;3;8"
Root_7925,168.549731,32.371446,3,"0;3;8"
Root_7926,395.882851,51.949206,2,"3;8"
Root_7927,123.457824,28.029494,4,"0;1;2;8"
Root_7928,356.979427,48.307254,3,"1;2;8"
Root_7929,177.601507,33.359094,3,"0;2;8"
Root_7930,404.934627,52.936854,2,"2;8"
Root_7931,127.691104,28.955414,3,"0;1;8"
Root_7932,363.990467,49.233174,2,"1;8"
Root_7933,184.612547,34.285014,2,"0;8"
Root_7934,411.945667,53.862774,1,"8"
Root_7935,80.414998,21.529536,8,"0;1;2;3;4;5;6;7"
Root_7936,303.779926,41.807296,7,"1;2;3;4;5;6;7"
Root_7937,131.683734,26.859136,7,"0;2;3;4;5;6;7"
Root_7938,351.735126,46.436896,6,"2;3;4;5;6;7"
Root_7939,84.648278,22.455456,7,"0;1;3;4;5;6;7"
Root_7940,310.790966,42.733216,6,"1;3;4;5;6;7"
Root_7941,136.842934,27.785056,6,"0;3;4;5;6;7"
Root_7942,358.746166,47.362816,5,"3;4;5;6;7"
Root_7943,91.523414,23.443104,7,"0;1;2;4;5;6;7"
Root_7944,319.842742,43.720864,6,"1;2;4;5;6;7"
Root_7945,143.919414,28.772704,6,"0;2;4;5;6;7"
Root_7946,367.797942,48.350464,5,"2;4;5;6;7"
Root_7947,96.682614,24.369024,6,"0;1;4;5;6;7"
Root_7948,326.853782,44.646784,5,"1;4;5;6;7"
Root_7949,149.777238,29.698624,5,"0;4;5;6;7"
Root_7950,374.808982,49.276384,4,"4;5;6;7"
Root_7951,96.009814,23.751744,7,"0;1;2;3;5;6;7"
Root_7952,324.946422,44.029504,6,"1;2;3;5;6;7"
Root_7953,148.487158,29.081344,6,"0;2;3;5;6;7"
Root_7954,372.901622,48.659104,5,"2;3;5;6;7"
Root_7955,101.169014,24.677664,6,"0;1;3;5;6;7"
Root_7956,331.957462,44.955424,5,"1;3;5;6;7"
Root_7957,154.572278,30.007264,5,"0;3;5;6;7"
Root_7958,379.912662,49.585024,4,"3;5;6;7"
Root_7959,108.245494,25.665312,6,"0;1;2;5;6;7"
Root_7960,341.009238,45.943072,5,"1;2;5;6;7"
Root_7961,162.636406,30.994912,5,"0;2;5;6;7"
Root_7962,388.964438,50.572672,4,"2;5;6;7"
Root_7963,113.995926,26.591232,5,"0;1;5;6;7"
Root_7964,348.020278,46.868992,4,"1;5;6;7"
Root_7965,168.721526,31.920832,4,"0;5;6;7"
Root_7966,395.975478,51.498592,3,"5;6;7"
Root_7967,95.846998,23.072736,7,"0;1;2;3;4;6;7"
Root_7968,317.498326,43.350496,6,"1;2;3;4;6;7"
Root_7969,142.913398,28.402336,6,"0;2;3;4;6;7"
Root_7970,365.453526,47.980096,5,"2;3;4;6;7"
Root_7971,100.080278,23.998656,6,"0;1;3;4;6;7"
Root_7972,324.509366,44.276416,5,"1;3;4;6;7"
Root_7973,147.803190,29.328256,5,"0;3;4;6;7"
Root_7974,372.464566,48.906016,4,"3;4;6;7"
Root_7975,106.169110,24.986304,6,"0;1;2;4;6;7"
Root_7976,333.561142,45.264064,5,"1;2;4;6;7"
Root_7977,155.867318,30.315904,5,"0;2;4;6;7"
Root_7978,381.516342,49.893664,4,"2;4;6;7"
Root_7979,110.402390,25.912224,5,"0;1;4;6;7"
Root_7980,340.572182,46.189984,4,"1;4;6;7"
Root_7981,161.952438,31.241824,4,"0;4;6;7"
Root_7982,388.527382,50.819584,3,"4;6;7"
Root_7983,110.346870,25.294944,6,"0;1;2;3;6;7"
Root_7984,338.664822,45.572704,5,"1;2;3;6;7"
Root_7985,160.662358,30.624544,5,"0;2;3;6;7"
Root_7986,386.620022,50.202304,4,"2;3;6;7"
Root_7987,114.801014,26.220864,5,"0;1;3;6;7"
Root_7988,345.675862,46.498624,4,"1;3;6;7"
Root_7989,166.747478,31.550464,4,"0;3;6;7"
Root_7990,393.631062,51.128224,3,"3;6;7"
Root_7991,121.877494,27.208512,5,"0;1;2;6;7"
Root_7992,354.727638,47.486272,4,"1;2;6;7"
Root_7993,175.349718,32.538112,4,"0;2;6;7"
Root_7994,402.682838,52.115872,3,"2;6;7"
Root_7995,127.036694,28.134432,4,"0;1;6;7"
Root_7996,361.738678,48.412192,3,"1;6;7"
Root_7997,182.360758,33.464032,3,"0;6;7"
Root_7998,409.693878,53.041792,2,"6;7"
Root_7999,102.791392,23.955446,7,"0;1;2;3;4;5;7"
Root_8000,328.090851,44.233206,6,"1;2;3;4;5;7"
Root_8001,151.427885,29.285046,6,"0;2;3;4;5;7"
Root_8002,376.046051,48.862806,5,"2;3;4;5;7"
Root_8003,107.024672,24.881366,6,"0;1;3;4;5;7"
Root_8004,335.101891,45.159126,5,"1;3;4;5;7"
Root_8005,157.513005,30.210966,5,"0;3;4;5;7"
Root_8006,383.057091,49.788726,4,"3;4;5;7"
Root_8007,113.113504,25.869014,6,"0;1;2;4;5;7"
Root_8008,344.153667,46.146774,5,"1;2;4;5;7"
Root_8009,165.577133,31.198614,5,"0;2;4;5;7"
Root_8010,392.108867,50.776374,4,"2;4;5;7"
Root_8011,118.141718,26.794934,5,"0;1;4;5;7"
Root_8012,351.164707,47.072694,4,"1;4;5;7"
Root_8013,171.786787,32.124534,4,"0;4;5;7"
Root_8014,399.119907,51.702294,3,"4;5;7"
Root_8015,117.468918,26.177654,6,"0;1;2;3;5;7"
Root_8016,349.257347,46.455414,5,"1;2;3;5;7"
Root_8017,170.372173,31.507254,5,"0;2;3;5;7"
Root_8018,397.212547,51.085014,4,"2;3;5;7"
Root_8019,122.628118,27.103574,5,"0;1;3;5;7"
Root_8020,356.268387,47.381334,4,"1;3;5;7"
Root_8021,176.890467,32.433174,4,"0;3;5;7"
Root_8022,404.223587,52.010934,3,"3;5;7"
Root_8023,129.795821,28.091222,5,"0;1;2;5;7"
Root_8024,365.320163,48.368982,4,"1;2;5;7"
Root_8025,185.942243,33.420822,4,"0;2;5;7"
Root_8026,413.275363,52.998582,3,"2;5;7"
Root_8027,135.898083,29.017142,4,"0;1;5;7"
Root_8028,372.331203,49.294902,3,"1;5;7"
Root_8029,192.953283,34.346742,3,"0;5;7"
Root_8030,420.286403,53.924502,2,"5;7"
Root_8031,115.381546,25.498646,6,"0;1;2;3;4;7"
Root_8032,341.809251,45.776406,5,"1;2;3;4;7"
Root_8033,163.603085,30.828246,5,"0;2;3;4;7"
Root_8034,389.764451,50.406006,4,"2;3;4;7"
Root_8035,119.113472,26.424566,5,"0;1;3;4;7"
Root_8036,348.820291,46.702326,4,"1;3;4;7"
Root_8037,169.688205,31.754166,4,"0;3;4;7"
Root_8038,396.775491,51.331926,3,"3;4;7"
Root_8039,125.202304,27.412214,5,"0;1;2;4;7"
Root_8040,357.872067,47.689974,4,"1;2;4;7"
Root_8041,178.494147,32.741814,4,"0;2;4;7"
Root_8042,405.827267,52.319574,3,"2;4;7"
Root_8043,129.773718,28.338134,4,"0;1;4;7"
Root_8044,364.883107,48.615894,3,"1;4;7"
Root_8045,185.505187,33.667734,3,"0;4;7"
Root_8046,412.838307,53.245494,2,"4;7"
Root_8047,129.380064,27.720854,5,"0;1;2;3;7"
Root_8048,362.975747,47.998614,4,"1;2;3;7"
Root_8049,183.597827,33.050454,4,"0;2;3;7"
Root_8050,410.930947,52.628214,3,"2;3;7"
Root_8051,134.260118,28.646774,4,"0;1;3;7"
Root_8052,369.986787,48.924534,3,"1;3;7"
Root_8053,190.608867,33.976374,3,"0;3;7"
Root_8054,417.941987,53.554134,2,"3;7"
Root_8055,142.605443,29.634422,4,"0;1;2;7"
Root_8056,379.038563,49.912182,3,"1;2;7"
Root_8057,199.660643,34.964022,3,"0;2;7"
Root_8058,426.993763,54.541782,2,"2;7"
Root_8059,149.616483,30.560342,3,"0;1;7"
Root_8060,386.049603,50.838102,2,"1;7"
Root_8061,206.671683,35.889942,2,"0;7"
Root_8062,434.004803,55.467702,1,"7"
Root_8063,107.080246,24.554208,7,"0;1;2;3;4;5;6"
Root_8064,333.175990,44.831968,6,"1;2;3;4;5;6"
Root_8065,155.914262,29.883808,6,"0;2;3;4;5;6"
Root_8066,381.131190,49.461568,5,"2;3;4;5;6"
Root_8067,111.313526,25.480128,6,"0;1;3;4;5;6"
Root_8068,340.187030,45.757888,5,"1;3;4;5;6"
Root_8069,161.999382,30.809728,5,"0;3;4;5;6"
Root_8070,388.142230,50.387488,4,"3;4;5;6"
Root_8071,117.870134,26.467776,6,"0;1;2;4;5;6"
Root_8072,349.238806,46.745536,5,"1;2;4;5;6"
Root_8073,170.063510,31.797376,5,"0;2;4;5;6"
Root_8074,397.194006,51.375136,4,"2;4;5;6"
Root_8075,123.029334,27.393696,5,"0;1;4;5;6"
Root_8076,356.249846,47.671456,4,"1;4;5;6"
Root_8077,176.871926,32.723296,4,"0;4;5;6"
Root_8078,404.205046,52.301056,3,"4;5;6"
Root_8079,122.356534,26.776416,6,"0;1;2;3;5;6"
Root_8080,354.342486,47.054176,5,"1;2;3;5;6"
Root_8081,174.964566,32.106016,5,"0;2;3;5;6"
Root_8082,402.297686,51.683776,4,"2;3;5;6"
Root_8083,127.515734,27.702336,5,"0;1;3;5;6"
Root_8084,361.353526,47.980096,4,"1;3;5;6"
Root_8085,181.975606,33.031936,4,"0;3;5;6"
Root_8086,409.308726,52.609696,3,"3;5;6"
Root_8087,134.592214,28.689984,5,"0;1;2;5;6"
Root_8088,370.405302,48.967744,4,"1;2;5;6"
Root_8089,191.027382,34.019584,4,"0;2;5;6"
Root_8090,418.360502,53.597344,3,"2;5;6"
Root_8091,140.983222,29.615904,4,"0;1;5;6"
Root_8092,377.416342,49.893664,3,"1;5;6"
Root_8093,198.038422,34.945504,3,"0;5;6"
Root_8094,425.371542,54.523264,2,"5;6"
Root_8095,119.169046,26.097408,6,"0;1;2;3;4;6"
Root_8096,346.894390,46.375168,5,"1;2;3;4;6"
Root_8097,168.089462,31.427008,5,"0;2;3;4;6"
Root_8098,394.849590,51.004768,4,"2;3;4;6"
Root_8099,123.402326,27.023328,5,"0;1;3;4;6"
Root_8100,353.905430,47.301088,4,"1;3;4;6"
Root_8101,174.527510,32.352928,4,"0;3;4;6"
Root_8102,401.860630,51.930688,3,"3;4;6"
Root_8103,129.491158,28.010976,5,"0;1;2;4;6"
Root_8104,362.957206,48.288736,4,"1;2;4;6"
Root_8105,183.579286,33.340576,4,"0;2;4;6"
Root_8106,410.912406,52.918336,3,"2;4;6"
Root_8107,133.724438,28.936896,4,"0;1;4;6"
Root_8108,369.968246,49.214656,3,"1;4;6"
Root_8109,190.590326,34.266496,3,"0;4;6"
Root_8110,417.923446,53.844256,2,"4;6"
Root_8111,133.668918,28.319616,5,"0;1;2;3;6"
Root_8112,368.060886,48.597376,4,"1;2;3;6"
Root_8113,188.682966,33.649216,4,"0;2;3;6"
Root_8114,416.016086,53.226976,3,"2;3;6"
Root_8115,138.638806,29.245536,4,"0;1;3;6"
Root_8116,375.071926,49.523296,3,"1;3;6"
Root_8117,195.694006,34.575136,3,"0;3;6"
Root_8118,423.027126,54.152896,2,"3;6"
Root_8119,147.690582,30.233184,4,"0;1;2;6"
Root_8120,384.123702,50.510944,3,"1;2;6"
Root_8121,204.745782,35.562784,3,"0;2;6"
Root_8122,432.078902,55.140544,2,"2;6"
Root_8123,154.701622,31.159104,3,"0;1;6"
Root_8124,391.134742,51.436864,2,"1;6"
Root_8125,211.756822,36.488704,2,"0;6"
Root_8126,439.089942,56.066464,1,"6"
Root_8127,126.113440,26.980118,6,"0;1;2;3;4;5"
Root_8128,357.486915,47.257878,5,"1;2;3;4;5"
Root_8129,178.108995,32.309718,5,"0;2;3;4;5"
Root_8130,405.442115,51.887478,4,"2;3;4;5"
Root_8131,130.346720,27.906038,5,"0;1;3;4;5"
Root_8132,364.497955,48.183798,4,"1;3;4;5"
Root_8133,185.120035,33.235638,4,"0;3;4;5"
Root_8134,412.453155,52.813398,3,"3;4;5"
Root_8135,137.329238,28.893686,5,"0;1;2;4;5"
Root_8136,373.549731,49.171446,4,"1;2;4;5"
Root_8137,194.171811,34.223286,4,"0;2;4;5"
Root_8138,421.504931,53.801046,3,"2;4;5"
Root_8139,144.127651,29.819606,4,"0;1;4;5"
Root_8140,380.560771,50.097366,3,"1;4;5"
Root_8141,201.182851,35.149206,3,"0;4;5"
Root_8142,428.515971,54.726966,2,"4;5"
Root_8143,142.220291,29.202326,5,"0;1;2;3;5"
Root_8144,378.653411,49.480086,4,"1;2;3;5"
Root_8145,199.275491,34.531926,4,"0;2;3;5"
Root_8146,426.608611,54.109686,3,"2;3;5"
Root_8147,149.231331,30.128246,4,"0;1;3;5"
Root_8148,385.664451,50.406006,3,"1;3;5"
Root_8149,206.286531,35.457846,3,"0;3;5"
Root_8150,433.619651,55.035606,2,"3;5"
Root_8151,158.283107,31.115894,4,"0;1;2;5"
Root_8152,394.716227,51.393654,3,"1;2;5"
Root_8153,215.338307,36.445494,3,"0;2;5"
Root_8154,442.671427,56.023254,2,"2;5"
Root_8155,165.294147,32.041814,3,"0;1;5"
Root_8156,401.727267,52.319574,2,"1;5"
Root_8157,222.349347,37.371414,2,"0;5"
Root_8158,449.682467,56.949174,1,"5"
Root_8159,136.202240,28.523318,5,"0;1;2;3;4"
Root_8160,371.205315,48.801078,4,"1;2;3;4"
Root_8161,191.827395,33.852918,4,"0;2;3;4"
Root_8162,419.160515,53.430678,3,"2;3;4"
Root_8163,141.783235,29.449238,4,"0;1;3;4"
Root_8164,378.216355,49.726998,3,"1;3;4"
Root_8165,198.838435,34.778838,3,"0;3;4"
Root_8166,426.171555,54.356598,2,"3;4"
Root_8167,150.835011,30.436886,4,"0;1;2;4"
Root_8168,387.268131,50.714646,3,"1;2;4"
Root_8169,207.890211,35.766486,3,"0;2;4"
Root_8170,435.223331,55.344246,2,"2;4"
Root_8171,157.846051,31.362806,3,"0;1;4"
Root_8172,394.279171,51.640566,2,"1;4"
Root_8173,214.901251,36.692406,2,"0;4"
Root_8174,442.234371,56.270166,1,"4"
Root_8175,155.938691,30.745526,4,"0;1;2;3"
Root_8176,392.371811,51.023286,3,"1;2;3"
Root_8177,212.993891,36.075126,3,"0;2;3"
Root_8178,440.327011,55.652886,2,"2;3"
Root_8179,162.949731,31.671446,3,"0;1;3"
Root_8180,399.382851,51.949206,2,"1;3"
Root_8181,220.004931,37.001046,2,"0;3"
Root_8182,447.338051,56.578806,1,"3"
Root_8183,172.001507,32.659094,3,"0;1;2"
Root_8184,408.434627,52.936854,2,"1;2"
Root_8185,229.056707,37.988694,2,"0;2"
Root_8186,456.389827,57.566454,1,"2"
Root_8187,179.012547,33.585014,2,"0;1"
Root_8188,415.445667,53.862774,1,"1"
Root_8189,236.067747,38.914614,1,"0"
Root_8190,463.400867,58.492374,0,""
