Time,UB,LB
0.000000,431.919229,5.177760
0.100737,431.919229,9.503680
0.100987,227.093149,9.503680
0.101223,215.115389,9.503680
0.102111,205.597179,9.503680
0.103414,202.202139,9.503680
0.104644,197.518267,9.503680
0.114070,195.481243,9.503680
0.116121,192.394843,9.503680
0.116425,189.935643,9.503680
0.125407,187.180474,9.503680
0.133588,186.407227,9.503680
0.147423,184.370203,9.503680
0.152808,183.810170,9.503680
0.154032,182.990426,9.503680
0.160772,182.948262,9.503680
0.168753,181.396773,9.503680
0.179279,171.789789,9.503680
0.180119,170.404669,9.503680
0.181063,170.133559,9.503680
0.181702,169.074359,9.503680
0.183389,167.817685,9.503680
0.183695,165.358485,9.503680
0.199455,160.775620,9.503680
0.211249,158.928582,9.503680
0.258961,156.020303,9.503680
0.283248,154.234993,9.503680
2.779118,148.526579,9.503680
2.779391,140.467379,9.503680
2.806535,140.210479,9.503680
2.831265,139.861189,9.503680
2.879571,138.298165,9.503680
2.934949,137.739034,9.503680
19.759714,134.066064,9.503680
19.835751,129.830381,9.503680
35.398468,129.830381,10.203680
35.429018,129.830381,11.129600
35.443806,129.830381,11.520960
35.472799,129.830381,12.403670
35.501585,129.830381,12.446880
35.531368,129.830381,12.899968
35.560124,129.830381,13.329590
35.588313,129.830381,13.372800
35.595201,129.830381,13.825888
35.623236,129.830381,13.907360
35.651781,129.830381,13.946870
35.666341,129.830381,13.991328
35.695525,129.830381,14.255510
35.702675,129.830381,14.522144
35.716884,129.830381,14.976480
35.745546,129.830381,15.139424
35.753064,129.830381,15.302368
35.780654,129.830381,15.381389
35.795146,129.830381,15.470304
35.823742,129.830381,15.840672
35.853118,129.830381,16.287565
35.867503,129.830381,16.373984
35.880703,129.830381,16.704864
35.895700,129.830381,16.828320
35.923925,129.830381,17.154208
35.930799,129.830381,17.233229
35.934022,129.830381,17.322144
35.940224,129.830381,17.692512
35.967349,129.830381,17.936928
35.980556,129.830381,18.062880
36.007892,129.830381,18.139405
36.021213,129.830381,18.225824
36.024542,129.830381,18.470285
36.038880,129.830381,18.556704
36.052089,129.830381,18.680160
36.058426,129.830381,18.803616
36.071892,129.830381,18.927072
36.084923,129.830381,19.373965
36.091520,129.830381,19.420896
36.105139,129.830381,19.544352
36.111565,129.830381,19.667808
36.125332,129.830381,19.702349
36.139009,129.830381,19.788768
36.151962,129.830381,19.828301
36.165994,129.830381,19.914720
36.191897,129.830381,19.991245
36.195228,129.830381,20.285088
36.208843,129.830381,20.322125
36.221946,129.830381,20.408544
36.225106,129.830381,20.450528
36.255132,129.830381,20.655456
36.268348,129.830381,20.692493
36.281635,129.830381,20.694944
36.295599,129.830381,20.778912
36.309276,129.830381,21.025824
36.323388,129.830381,21.149280
36.330016,129.830381,21.225805
36.336618,129.830381,21.272736
36.349175,129.830381,21.519648
36.361936,129.830381,21.554189
36.374297,129.830381,21.556685
36.380204,129.830381,21.640608
36.383359,129.830381,21.680141
36.396074,129.830381,21.766560
36.402620,129.830381,21.891200
36.409007,129.830381,22.261568
36.422668,129.830381,22.317123
36.425808,129.830381,22.509728
36.453765,129.830381,22.817120
36.463613,129.830381,22.872675
36.475969,129.830381,22.876352
36.489028,129.830381,23.044224
36.492129,129.830381,23.291136
36.498585,129.830381,23.360218
36.504804,129.830381,23.428227
36.510979,129.830381,23.538048
36.538366,129.830381,23.557856
36.544714,129.830381,23.612122
36.551053,129.830381,23.672643
36.552904,129.830381,23.743040
36.556045,129.830381,23.928224
36.562438,129.830381,24.113408
36.568588,129.830381,24.525696
36.571672,129.830381,24.594778
36.574804,129.830381,24.599770
36.580606,129.830381,24.728192
36.587172,129.830381,24.846682
36.590315,129.830381,24.856576
36.604083,129.830381,25.039328
36.607272,129.830381,25.093594
36.613586,129.830381,25.224512
36.620079,129.830381,25.266432
36.626287,129.830381,25.340506
36.632473,129.830381,25.465251
36.638563,129.830381,25.594880
36.644384,129.830381,25.654112
36.647375,129.830381,26.007168
36.653653,129.830381,26.091136
36.659850,129.830381,26.205987
36.665964,129.830381,26.254080
36.679045,129.830381,26.335616
36.680609,129.830381,26.338048
36.695254,129.830381,26.398592
36.709067,129.830381,26.575066
36.712207,129.830381,26.705984
36.718535,129.830381,26.761539
36.725242,129.830381,26.821978
36.731949,129.830381,26.891168
36.738164,129.830381,26.994816
36.743973,129.830381,27.063898
36.750120,129.830381,27.241728
36.766036,129.830381,27.261536
36.772068,129.830381,27.315802
36.777854,129.830381,27.376323
36.784182,129.830381,27.488640
36.790767,129.830381,27.505952
36.797239,129.830381,27.982464
36.810722,129.830381,28.002272
36.813877,129.830381,28.014560
36.817119,129.830381,28.088634
36.820320,129.830381,28.243011
36.823449,129.830381,28.303450
36.825066,129.830381,28.335546
36.828190,129.830381,28.372640
36.829696,129.830381,28.387418
36.843664,129.830381,28.560256
36.857932,129.830381,28.755296
36.861418,129.830381,28.797274
36.867903,129.830381,28.970112
36.869386,129.830381,28.983747
36.870927,129.830381,29.044186
36.877144,129.830381,29.054080
36.891261,129.830381,29.176352
36.897972,129.830381,29.483744
36.899570,129.830381,29.538010
36.906224,129.830381,29.539299
36.909332,129.830381,29.580000
36.915843,129.830381,29.668928
36.917487,129.830381,29.710848
36.920947,129.830381,29.723136
36.930635,129.830381,29.957760
36.936905,129.830381,30.031776
36.942945,129.830381,30.039296
36.945955,129.830381,30.041728
36.952419,129.830381,30.063930
36.955673,129.830381,30.136736
36.962014,129.830381,30.154083
36.965115,129.830381,30.283712
36.966674,129.830381,30.483680
36.969674,129.830381,30.525658
36.972620,129.830381,30.698496
36.974068,129.830381,30.730592
36.983293,129.830381,30.741648
36.986540,129.830381,30.767578
36.988173,129.830381,30.780032
36.989636,129.830381,30.804666
36.992636,129.830381,30.835587
36.994132,129.830381,30.883642
36.997137,129.830381,30.945408
37.000139,129.830381,31.019482
37.001582,129.830381,31.020771
37.003025,129.830381,31.062656
37.016659,129.830381,31.192320
37.020082,129.830381,31.335584
37.021644,129.830381,31.574976
37.024667,129.830381,31.667568
37.027770,129.830381,31.686144
37.034186,129.830381,31.792314
37.035741,129.830381,31.954112
37.038872,129.830381,32.049120
37.045558,129.830381,32.091098
37.052344,129.830381,32.192256
37.058855,129.830381,32.263936
37.062091,129.830381,32.286138
37.065266,129.830381,32.317059
37.066788,129.830381,32.458976
37.068281,129.830381,32.500954
37.069782,129.830381,32.533050
37.072771,129.830381,32.631872
37.074201,129.830381,32.698448
37.080251,129.830381,32.747866
37.081712,129.830381,32.757760
37.088169,129.830381,32.817056
37.092756,129.830381,32.872611
37.094329,129.830381,32.931843
37.095839,129.830381,33.118176
37.101937,129.830381,33.199712
37.104946,129.830381,33.223136
37.111117,129.830381,33.241690
37.114151,129.830381,33.352762
37.117318,129.830381,33.414528
37.121912,129.830381,33.446624
37.128258,129.830381,33.530592
37.134722,129.830381,33.531776
37.140711,129.830381,33.613347
37.141497,129.830381,33.661440
37.144470,129.830381,33.745408
37.147393,129.830381,33.805952
37.150331,129.830381,33.828048
37.153558,129.830381,33.983715
37.155088,129.830381,34.014522
37.158128,129.830381,34.113344
37.158848,129.830381,34.136688
37.168237,129.830381,34.168899
37.169757,129.830381,34.187360
37.171242,129.830381,34.229338
37.172703,129.830381,34.352736
37.175762,129.830381,34.434272
37.178730,129.830381,34.486144
37.185110,129.830381,34.508346
37.186793,129.830381,34.661376
37.189943,129.830381,34.681184
37.192943,129.830381,34.691040
37.194455,129.830381,34.844090
37.195994,129.830381,34.896000
37.197437,129.830381,34.917056
37.200467,129.830381,34.937952
37.203488,129.830381,34.970016
37.209942,129.830381,34.970074
37.211489,129.830381,35.175008
37.217933,129.830381,35.278656
37.224427,129.830381,35.280003
37.225958,129.830381,35.389824
37.229120,129.830381,35.409632
37.229900,129.830381,35.579962
37.236955,129.830381,35.594816
37.238674,129.830381,35.692256
37.245338,129.830381,35.752800
37.248456,129.830381,35.780000
37.250016,129.830381,35.784848
37.256764,129.830381,35.794778
37.259936,129.830381,35.989818
37.261466,129.830381,35.999674
37.262248,129.830381,36.130560
37.265408,129.830381,36.214528
37.268486,129.830381,36.236730
37.269969,129.830381,36.246624
37.276260,129.830381,36.297168
37.277763,129.830381,36.461440
37.280736,129.830381,36.618176
37.287171,129.830381,36.666336
37.290224,129.830381,36.698458
37.291705,129.830381,36.730554
37.294793,129.830381,36.761475
37.295531,129.830381,36.903392
37.298518,129.830381,36.925536
37.299919,129.830381,36.945370
37.304365,129.830381,37.071290
37.307260,129.830381,37.116848
37.308760,129.830381,37.118208
37.310220,129.830381,37.130496
37.316478,129.830381,37.223088
37.319919,129.830381,37.234176
37.323076,129.830381,37.234272
37.326233,129.830381,37.244128
37.327773,129.830381,37.365120
37.329290,129.830381,37.446656
37.330790,129.830381,37.531728
37.337046,129.830381,37.612032
37.340074,129.830381,37.636688
37.346198,129.830381,37.694816
37.347670,129.830381,37.718202
37.349269,129.830381,37.728058
37.350109,129.830381,37.737952
37.353454,129.830381,37.747776
37.356547,129.830381,37.852736
37.359668,129.830381,37.858944
37.362805,129.830381,38.057763
37.363592,129.830381,38.189824
37.367152,129.830381,38.221882
37.369042,129.830381,38.263898
37.372257,129.830381,38.265056
37.378926,129.830381,38.384864
37.380817,129.830381,38.394720
37.381572,129.830381,38.457648
37.383362,129.830381,38.458938
37.384943,129.830381,38.470016
37.391515,129.830381,38.547770
37.392340,129.830381,38.557760
37.393078,129.830381,38.613315
37.393838,129.830381,38.641632
37.395391,129.830381,38.673754
37.396139,129.830381,38.766288
37.399411,129.830381,38.778656
37.405993,129.830381,39.035424
37.409158,129.830381,39.074928
37.412246,129.830381,39.087296
37.426377,129.830381,39.290976
37.428217,129.830381,39.340416
37.431598,129.830381,39.394656
37.434885,129.830381,39.466336
37.438168,129.830381,39.546656
37.439705,129.830381,39.599616
37.442843,129.830381,39.640336
37.444375,129.830381,39.692208
37.450901,129.830381,39.703392
37.454316,129.830381,39.745370
37.457404,129.830381,39.900848
37.460589,129.830381,39.908256
37.463636,129.830381,39.909603
37.464395,129.830381,39.918208
37.465861,129.830381,39.948976
37.468840,129.830381,40.094787
37.470292,129.830381,40.165024
37.471741,129.830381,40.187322
37.473156,129.830381,40.224416
37.473851,129.830381,40.320576
37.476815,129.830381,40.370016
37.478263,129.830381,40.402138
37.478972,129.830381,40.409600
37.479669,129.830381,40.412032
37.482687,129.830381,40.414448
37.485792,129.830381,40.434234
37.488890,129.830381,40.525536
37.495430,129.830381,40.594784
37.497006,129.830381,40.607072
37.498564,129.830381,40.630496
37.505018,129.830381,40.649050
37.506559,129.830381,40.734176
37.509612,129.830381,40.774970
37.511137,129.830381,40.853984
37.512664,129.830381,40.895962
37.514134,129.830381,41.068800
37.514856,129.830381,41.093382
37.521312,129.830381,41.100896
37.524385,129.830381,41.110752
37.525877,129.830381,41.195904
37.528965,129.830381,41.315712
37.530423,129.830381,41.339088
37.531900,129.830381,41.352640
37.534885,129.830381,41.391075
37.535289,129.830381,41.441632
37.536746,129.830381,41.504544
37.543540,129.830381,41.760096
37.546790,129.830381,41.852688
37.550028,129.830381,41.891072
37.551631,129.830381,41.925562
37.552469,129.830381,42.078534
37.554080,129.830381,42.109456
37.557317,129.830381,42.140416
37.560813,129.830381,42.162618
37.561626,129.830381,42.237914
37.563282,129.830381,42.266288
37.566686,129.830381,42.324416
37.567457,129.830381,42.325504
37.569048,129.830381,42.448902
37.572389,129.830381,42.481056
37.575740,129.830381,42.686016
37.579008,129.830381,42.687363
37.579430,129.830381,42.829280
37.582860,129.830381,42.831696
37.584617,129.830381,42.839136
37.586334,129.830381,42.872547
37.587186,129.830381,42.894656
37.590581,129.830381,42.904576
37.592328,129.830381,42.942784
37.595736,129.830381,42.987248
37.599198,129.830381,43.044096
37.600836,129.830381,43.099616
37.604268,129.830381,43.118170
37.605974,129.830381,43.170016
37.607716,129.830381,43.234234
37.611261,129.830381,43.235424
37.611706,129.830381,43.244090
37.613428,129.830381,43.393360
37.614294,129.830381,43.407072
37.616095,129.830381,43.448976
37.619764,129.830381,43.449050
37.621672,129.830381,43.482336
37.622537,129.830381,43.665024
37.624293,129.830381,43.685958
37.631798,129.830381,43.704528
37.633556,129.830381,43.784832
37.635254,129.830381,43.820576
37.638752,129.830381,43.891002
37.639584,129.830381,43.900896
37.643069,129.830381,43.910752
37.644806,129.830381,43.945216
37.648244,129.830381,44.115712
37.649971,129.830381,44.137914
37.651726,129.830381,44.269936
37.652611,129.830381,44.315584
37.659954,129.830381,44.384826
37.661797,129.830381,44.394682
37.662664,129.830381,44.425488
37.664365,129.830381,44.557664
37.665220,129.830381,44.578576
37.666978,129.830381,44.599642
37.667813,129.830381,44.663728
37.669506,129.830381,44.685952
37.676707,129.830381,44.734128
37.680208,129.830381,44.804576
37.681933,129.830381,44.814432
37.682728,129.830381,44.846496
37.686467,129.830381,44.948928
37.688284,129.830381,44.950176
37.689965,129.830381,45.041478
37.693422,129.830381,45.245184
37.694225,129.830381,45.260096
37.697681,129.830381,45.352688
37.701043,129.830381,45.513216
37.702675,129.830381,45.609456
37.705954,129.830381,45.629280
37.709139,129.830381,45.751376
37.709933,129.830381,45.825504
37.711455,129.830381,45.844096
37.712991,129.830381,45.910656
37.714560,129.830381,45.918170
37.716124,129.830381,45.981056
37.719443,129.830381,46.041472
37.722699,129.830381,46.134144
37.725868,129.830381,46.152582
37.729015,129.830381,46.186016
37.732186,129.830381,46.224102
37.732929,129.830381,46.226624
37.736089,129.830381,46.282336
37.736854,129.830381,46.289696
37.743552,129.830381,46.442784
37.746875,129.830381,46.482288
37.748546,129.830381,46.532960
37.750250,129.830381,46.584832
37.751921,129.830381,46.607034
37.753651,129.830381,46.648902
37.756918,129.830381,46.714336
37.757710,129.830381,46.739056
37.759350,129.830381,46.766266
37.759755,129.830381,46.790928
37.761309,129.830381,46.821850
37.762120,129.830381,46.894608
37.765268,129.830381,46.937914
37.766842,129.830381,46.952518
37.768315,129.830381,47.004448
37.769038,129.830381,47.068762
37.769778,129.830381,47.099568
37.772797,129.830381,47.110656
37.774281,129.830381,47.220528
37.775005,129.830381,47.315616
37.776455,129.830381,47.315674
37.777923,129.830381,47.400768
37.779379,129.830381,47.488512
37.780030,129.830381,47.572384
37.781509,129.830381,47.604576
37.783014,129.830381,47.616848
37.784535,129.830381,47.664976
37.786163,129.830381,47.727936
37.789306,129.830381,47.952512
37.790740,129.830381,48.019264
37.797471,129.830381,48.053856
37.798281,129.830381,48.078576
37.799843,129.830381,48.088506
37.800591,129.830381,48.234128
37.803719,129.830381,48.313216
37.805257,129.830381,48.346496
37.808382,129.830381,48.450176
37.809915,129.830381,48.559942
37.811441,129.830381,48.584736
37.814599,129.830381,48.655136
37.821251,129.830381,48.658768
37.821661,129.830381,48.745158
37.824824,129.830381,48.967408
37.825580,129.830381,48.987072
37.826402,129.830381,49.055088
37.827158,129.830381,49.189648
37.828737,129.830381,49.216896
37.829488,129.830381,49.220544
37.832470,129.830381,49.241478
37.835605,129.830381,49.260048
37.838700,129.830381,49.332960
37.840259,129.830381,49.363728
37.841777,129.830381,49.476096
37.843285,129.830381,49.561248
37.844733,129.830381,49.621850
37.845473,129.830381,49.745152
37.848541,129.830381,49.825456
37.850136,129.830381,49.975840
37.850835,129.830381,49.982288
37.852484,129.830381,50.022976
37.854004,129.830381,50.067440
37.855522,129.830381,50.093376
37.858550,129.830381,50.239056
37.860150,129.830381,50.241472
37.863228,129.830381,50.308128
37.863603,129.830381,50.352582
37.866568,129.830381,50.363696
37.867299,129.830381,50.419296
37.868041,129.830381,50.453702
37.868391,129.830381,50.578432
37.869111,129.830381,50.599568
37.872206,129.830381,50.610656
37.873790,129.830381,50.616742
37.875373,129.830381,50.622918
37.878654,129.830381,50.658784
37.880224,129.830381,50.684509
37.880946,129.830381,50.815616
37.882547,129.830381,50.900768
37.884167,129.830381,50.919296
37.887634,129.830381,50.931520
37.888374,129.830381,50.948800
37.889908,129.830381,50.977376
37.890669,129.830381,51.024208
37.891058,129.830381,51.072384
37.892669,129.830381,51.208102
37.894245,129.830381,51.332848
37.895012,129.830381,51.420528
37.895775,129.830381,51.473405
37.897369,129.830381,51.505680
37.898128,129.830381,51.524208
37.899730,129.830381,51.622912
37.903080,129.830381,51.657414
37.903483,129.830381,51.708102
37.905374,129.830381,51.728925
37.906249,129.830381,51.729168
37.908094,129.830381,51.814320
37.909713,129.830381,52.027782
37.910462,129.830381,52.152512
37.912195,129.830381,52.182112
37.913046,129.830381,52.294576
37.913893,129.830381,52.357536
37.915640,129.830381,52.635232
37.916439,129.830381,52.760048
37.919717,129.830381,52.789542
37.920537,129.830381,52.863728
37.922159,129.830381,52.945158
37.925460,129.830381,52.976096
37.926976,129.830381,53.005600
37.928490,129.830381,53.089542
37.929976,129.830381,53.221565
37.931451,129.830381,53.284736
37.934777,129.830381,53.315526
37.941042,129.830381,53.435404
37.941513,129.830381,53.487072
37.943061,129.830381,53.516672
37.943829,129.830381,53.574784
37.946949,129.830381,53.679712
37.950242,129.830381,53.731494
37.951054,129.830381,53.808128
37.951554,129.830381,53.857440
37.955112,129.830381,53.858557
37.955901,129.830381,53.889648
37.957483,129.830381,53.945152
37.960850,129.830381,53.949981
37.962368,129.830381,54.046272
37.962799,129.830381,54.104384
37.964290,129.830381,54.116780
37.965187,129.830381,54.124102
37.965963,129.830381,54.204448
37.966709,129.830381,54.209312
37.968237,129.830381,54.300678
37.969744,129.830381,54.315520
37.976038,129.830381,54.326656
37.976799,129.830381,54.382077
37.979876,129.830381,54.413040
37.980094,129.830381,54.653702
37.980457,129.830381,54.699293
37.981946,129.830381,54.721680
37.982323,129.830381,54.722976
37.983825,129.830381,54.809360
37.984203,129.830381,54.830278
37.984996,129.830381,54.832848
37.985782,129.830381,54.875840
37.986612,129.830381,55.041414
37.989671,129.830381,55.073408
37.992815,129.830381,55.090752
37.994322,129.830381,55.116640
37.995904,129.830381,55.118000
37.996639,129.830381,55.146342
37.998168,129.830381,55.229168
37.999659,129.830381,55.300672
38.001102,129.830381,55.307936
38.002570,129.830381,55.345094
38.004063,129.830381,55.548736
38.007047,129.830381,55.620352
38.007744,129.830381,55.675942
38.008443,129.830381,55.698182
38.009894,129.830381,55.830272
38.010598,129.830381,55.857536
38.012027,129.830381,55.908102
38.013487,129.830381,55.920285
38.015222,129.830381,56.154813
38.015968,129.830381,56.227782
38.016683,129.830381,56.382112
38.017441,129.830381,56.395613
38.019079,129.830381,56.437702
38.019918,129.830381,56.628925
38.020649,129.830381,56.682112
38.022239,129.830381,57.013024
38.025424,129.830381,57.079456
38.027014,129.830381,57.117888
38.033582,129.830381,57.303037
38.035193,129.830381,57.319142
38.035948,129.830381,57.401894
38.037526,129.830381,57.715488
38.037916,129.830381,57.716672
38.038660,129.830381,57.738918
38.040178,129.830381,57.826572
38.041047,129.830381,57.826656
38.041805,129.830381,57.848742
38.042190,129.830381,57.922623
38.042611,129.830381,57.931494
38.043342,129.830381,58.047315
38.044075,129.830381,58.049888
38.044809,129.830381,58.056172
38.045691,129.830381,58.087040
38.047218,129.830381,58.111808
38.047924,129.830381,58.194570
38.048844,129.830381,58.222976
38.050442,129.830381,58.246272
38.050820,129.830381,58.277088
38.052479,129.830381,58.382054
38.052852,129.830381,58.500678
38.054443,129.830381,58.616640
38.055196,129.830381,58.618000
38.055943,129.830381,58.738912
38.057495,129.830381,58.758557
38.058271,129.830381,58.812934
38.059027,129.830381,58.871046
38.062319,129.830381,58.875776
38.065546,129.830381,58.963532
38.066067,129.830381,59.016652
38.066946,129.830381,59.042682
38.067428,129.830381,59.048848
38.067816,129.830381,59.123965
38.068540,129.830381,59.268512
38.069269,129.830381,59.290752
38.070813,129.830381,59.342534
38.071176,129.830381,59.346342
38.072665,129.830381,59.445168
38.073365,129.830381,59.469613
38.073818,129.830381,59.500672
38.075299,129.830381,59.598077
38.076011,129.830381,59.599293
38.077501,129.830381,59.820352
38.078239,129.830381,59.840093
38.081391,129.830381,59.871040
38.084727,129.830381,59.875942
38.085606,129.830381,60.030173
38.087284,129.830381,60.030272
38.088056,129.830381,60.228928
38.089687,129.830381,60.362280
38.090616,129.830381,60.393189
38.091595,129.830381,60.400640
38.093232,129.830381,60.493306
38.094216,129.830381,60.596934
38.095767,129.830381,60.757382
38.096555,129.830381,60.764706
38.097023,129.830381,60.857340
38.097506,129.830381,60.911712
38.098296,129.830381,61.054813
38.099113,129.830381,61.075805
38.099894,129.830381,61.126534
38.100704,129.830381,61.265875
38.102384,129.830381,61.295613
38.104033,129.830381,61.364637
38.104434,129.830381,61.441312
38.104814,129.830381,61.494368
38.106494,129.830381,61.519142
38.107315,129.830381,61.611808
38.108175,129.830381,61.649932
38.108609,129.830381,61.684448
38.109472,129.830381,61.735200
38.111180,129.830381,61.759699
38.114772,129.830381,61.926464
38.118395,129.830381,61.962183
38.119020,129.830381,62.042656
38.119445,129.830381,62.048742
38.119841,129.830381,62.264800
38.120704,129.830381,62.417932
38.121625,129.830381,62.438976
38.122455,129.830381,62.448754
38.122925,129.830381,62.461094
38.123710,129.830381,62.531325
38.124115,129.830381,62.548848
38.124504,129.830381,62.568445
38.126341,129.830381,62.765984
38.129816,129.830381,62.773341
38.131482,129.830381,62.911654
38.131908,129.830381,62.938912
38.133580,129.830381,62.945168
38.134390,129.830381,62.949888
38.135189,129.830381,62.990694
38.135611,129.830381,63.000541
38.139090,129.830381,63.012934
38.139929,129.830381,63.133989
38.142053,129.830381,63.164812
38.143125,129.830381,63.309280
38.146599,129.830381,63.378412
38.147590,129.830381,63.381984
38.149340,129.830381,63.468512
38.150199,129.830381,63.588140
38.151261,129.830381,63.647315
38.152271,129.830381,63.674508
38.153326,129.830381,63.788063
38.154297,129.830381,63.810312
38.154759,129.830381,63.825292
38.155255,129.830381,63.838880
38.156968,129.830381,64.023965
38.157798,129.830381,64.035174
38.159463,129.830381,64.049843
38.163023,129.830381,64.124012
38.163590,129.830381,64.136295
38.164627,129.830381,64.141139
38.166349,129.830381,64.221504
38.168016,129.830381,64.228861
38.168801,129.830381,64.349952
38.169592,129.830381,64.456061
38.171178,129.830381,64.474732
38.172089,129.830381,64.507541
38.172309,129.830381,64.564774
38.173085,129.830381,64.583272
38.173990,129.830381,64.624188
38.174438,129.830381,64.654816
38.176021,129.830381,64.796934
38.177601,129.830381,64.895616
38.180754,129.830381,64.953491
38.181703,129.830381,64.957382
38.182558,129.830381,65.062189
38.183032,129.830381,65.111712
38.183790,129.830381,65.231276
38.184161,129.830381,65.263589
38.185125,129.830381,65.326534
38.185954,129.830381,65.482080
38.187497,129.830381,65.501693
38.188263,129.830381,65.542656
38.188672,129.830381,65.562248
38.189540,129.830381,65.570994
38.190400,129.830381,65.664706
38.190877,129.830381,65.705388
38.191243,129.830381,65.742493
38.192751,129.830381,65.938976
38.193495,129.830381,65.956930
38.193915,129.830381,65.975805
38.194650,129.830381,65.986994
38.195108,129.830381,65.993152
38.195833,129.830381,66.179532
38.196207,129.830381,66.222789
38.196664,129.830381,66.247616
38.198163,129.830381,66.351136
38.199652,129.830381,66.407901
38.201119,129.830381,66.428913
38.202966,129.830381,66.431283
38.204451,129.830381,66.456208
38.204865,129.830381,66.549792
38.207887,129.830381,66.563180
38.208643,129.830381,66.587980
38.209353,129.830381,66.661094
38.210040,129.830381,66.717599
38.210369,129.830381,66.852528
38.211099,129.830381,66.957265
38.211558,129.830381,66.965826
38.212465,129.830381,67.031462
38.213955,129.830381,67.142271
38.214357,129.830381,67.190694
38.214728,129.830381,67.191872
38.217979,129.830381,67.198013
38.218775,129.830381,67.246257
38.220895,129.830381,67.431325
38.221288,129.830381,67.522498
38.222141,129.830381,67.526572
38.223065,129.830381,67.561062
38.223797,129.830381,67.564616
38.224197,129.830381,67.590874
38.225146,129.830381,67.673341
38.226712,129.830381,67.678060
38.227544,129.830381,67.799084
38.228303,129.830381,67.851052
38.229139,129.830381,68.080652
38.230035,129.830381,68.116493
38.230485,129.830381,68.147251
38.231208,129.830381,68.222732
38.231453,129.830381,68.235174
38.232917,129.830381,68.257192
38.233291,129.830381,68.279589
38.233739,129.830381,68.294274
38.234181,129.830381,68.336147
38.235087,129.830381,68.385829
38.236991,129.830381,68.556940
38.237419,129.830381,68.631266
38.238241,129.830381,68.647392
38.239680,129.830381,68.665928
38.240570,129.830381,68.674732
38.241463,129.830381,68.675756
38.242191,129.830381,68.701324
38.242392,129.830381,68.705425
38.242834,129.830381,68.764774
38.243565,129.830381,68.786920
38.244023,129.830381,68.822604
38.244857,129.830381,68.839936
38.248104,129.830381,68.931232
38.249811,129.830381,69.117663
38.250711,129.830381,69.130240
38.252488,129.830381,69.131377
38.253499,129.830381,69.132350
38.254509,129.830381,69.149727
38.255328,129.830381,69.283181
38.255811,129.830381,69.284277
38.256691,129.830381,69.377053
38.258330,129.830381,69.578204
38.259366,129.830381,69.604047
38.260342,129.830381,69.610124
38.262238,129.830381,69.620076
38.263888,129.830381,69.621340
38.264915,129.830381,69.635212
38.265836,129.830381,69.659840
38.266649,129.830381,69.776866
38.267127,129.830381,69.777068
38.269156,129.830381,69.850991
38.269663,129.830381,69.891880
38.270572,129.830381,69.899167
38.271508,129.830381,69.901644
38.273319,129.830381,69.954728
38.274090,129.830381,70.047266
38.274558,129.830381,70.062193
38.275504,129.830381,70.124876
38.276363,129.830381,70.164604
38.276618,129.830381,70.272013
38.276841,129.830381,70.289173
38.277693,129.830381,70.307541
38.277899,129.830381,70.312620
38.278266,129.830381,70.352528
38.279042,129.830381,70.401693
38.279799,129.830381,70.415157
38.280667,129.830381,70.428840
38.281424,129.830381,70.462248
38.282387,129.830381,70.549756
38.283321,129.830381,70.557183
38.284249,129.830381,70.599232
38.285918,129.830381,70.609063
38.286364,129.830381,70.617768
38.286830,129.830381,70.624032
38.288330,129.830381,70.632520
38.288705,129.830381,70.642493
38.290249,129.830381,70.690156
38.290641,129.830381,70.828913
38.292768,129.830381,70.832573
38.293559,129.830381,70.979468
38.295360,129.830381,70.980717
38.296333,129.830381,71.011749
38.297265,129.830381,71.012620
38.297658,129.830381,71.042572
38.298117,129.830381,71.074589
38.301266,129.830381,71.158498
38.302229,129.830381,71.200213
38.303772,129.830381,71.204908
38.303978,129.830381,71.221376
38.305505,129.830381,71.252255
38.306363,129.830381,71.394280
38.306832,129.830381,71.401410
38.307253,129.830381,71.402892
38.307957,129.830381,71.519052
38.308417,129.830381,71.529858
38.308832,129.830381,71.928691
38.309271,129.830381,71.938760
38.309697,129.830381,72.001666
38.310568,129.830381,72.053468
38.312388,129.830381,72.058508
38.319796,129.830381,72.098013
38.320585,129.830381,72.208994
38.321490,129.830381,72.210343
38.322405,129.830381,72.244588
38.323120,129.830381,72.252290
38.323933,129.830381,72.307573
38.324293,129.830381,72.331295
38.327838,129.830381,72.415087
38.328297,129.830381,72.530109
38.329766,129.830381,72.568480
38.331258,129.830381,72.585829
38.333119,129.830381,72.611634
38.333562,129.830381,72.612652
38.334272,129.830381,72.638357
38.334629,129.830381,72.709007
38.335519,129.830381,72.710207
38.335933,129.830381,72.728877
38.336802,129.830381,72.756949
38.337160,129.830381,72.764583
38.337382,129.830381,72.816493
38.337815,129.830381,72.870720
38.339237,129.830381,72.928968
38.340897,129.830381,72.944588
38.341600,129.830381,72.974370
38.342406,129.830381,72.990498
38.343269,129.830381,73.001740
38.344082,129.830381,73.004962
38.344485,129.830381,73.091816
38.345329,129.830381,73.136237
38.345764,129.830381,73.187825
38.346204,129.830381,73.194274
38.346666,129.830381,73.294374
38.347361,129.830381,73.383212
38.347608,129.830381,73.456949
38.347962,129.830381,73.529890
38.348776,129.830381,73.558447
38.350580,129.830381,73.568384
38.352101,129.830381,73.575741
38.352852,129.830381,73.575852
38.353395,129.830381,73.589086
38.353853,129.830381,73.648514
38.354778,129.830381,73.706547
38.355665,129.830381,73.709069
38.356099,129.830381,73.749683
38.356973,129.830381,73.769649
38.358811,129.830381,73.802941
38.360322,129.830381,73.822498
38.361149,129.830381,73.878082
38.362039,129.830381,73.886850
38.362485,129.830381,73.949747
38.363385,129.830381,73.958503
38.364280,129.830381,73.979266
38.365097,129.830381,73.997634
38.365302,129.830381,74.001420
38.365703,129.830381,74.056134
38.366404,129.830381,74.105299
38.367836,129.830381,74.217651
38.368665,129.830381,74.227692
38.369547,129.830381,74.258504
38.370430,129.830381,74.284115
38.370870,129.830381,74.291660
38.371574,129.830381,74.296533
38.371985,129.830381,74.321340
38.372853,129.830381,74.360819
38.373710,129.830381,74.365858
38.375501,129.830381,74.426502
38.376941,129.830381,74.448607
38.377755,129.830381,74.460866
38.377994,129.830381,74.531199
38.378883,129.830381,74.553585
38.380009,129.830381,74.564447
38.380378,129.830381,74.583980
38.381085,129.830381,74.697826
38.381969,129.830381,74.717663
38.382870,129.830381,74.814088
38.383762,129.830381,74.830092
38.385593,129.830381,74.853512
38.386012,129.830381,74.884397
38.386559,129.830381,74.935007
38.387449,129.830381,74.938695
38.387956,129.830381,74.962146
38.388408,129.830381,74.976936
38.388831,129.830381,74.992863
38.389567,129.830381,75.023904
38.390283,129.830381,75.083106
38.390732,129.830381,75.102879
38.391543,129.830381,75.128706
38.393403,129.830381,75.142335
38.394322,129.830381,75.146067
38.395239,129.830381,75.157196
38.395976,129.830381,75.173389
38.397815,129.830381,75.185631
38.398690,129.830381,75.246194
38.398921,129.830381,75.247336
38.399354,129.830381,75.265920
38.402381,129.830381,75.283980
38.403126,129.830381,75.309063
38.403600,129.830381,75.310349
38.404494,129.830381,75.376866
38.404925,129.830381,75.528913
38.406730,129.830381,75.584386
38.407628,129.830381,75.589118
38.408498,129.830381,75.644748
38.409938,129.830381,75.680717
38.411304,129.830381,75.741045
38.412452,129.830381,75.800339
38.413343,129.830381,75.801538
38.413769,129.830381,75.864589
38.413998,129.830381,75.901619
38.417195,129.830381,75.937474
38.419188,129.830381,75.939807
38.420083,129.830381,75.995244
38.420886,129.830381,76.071938
38.421429,129.830381,76.118709
38.422204,129.830381,76.226174
38.424224,129.830381,76.309068
38.426207,129.830381,76.364648
38.426684,129.830381,76.389013
38.427122,129.830381,76.581855
38.428306,129.830381,76.589173
38.429406,129.830381,76.610300
38.431532,129.830381,76.636231
38.432710,129.830381,76.639887
38.433667,129.830381,76.649779
38.435618,129.830381,76.683023
38.436562,129.830381,76.695244
38.437330,129.830381,76.719998
38.438272,129.830381,76.723788
38.439776,129.830381,76.764309
38.439985,129.830381,76.838760
38.440453,129.830381,76.871925
38.441300,129.830381,76.883087
38.442271,129.830381,76.884094
38.442725,129.830381,76.917250
38.443115,129.830381,76.944743
38.443571,129.830381,76.944898
38.445463,129.830381,77.006623
38.447363,129.830381,77.058509
38.448357,129.830381,77.065700
38.448594,129.830381,77.068465
38.450666,129.830381,77.150911
38.451442,129.830381,77.220269
38.452358,129.830381,77.221357
38.452821,129.830381,77.299091
38.453243,129.830381,77.306658
38.454156,129.830381,77.374303
38.454527,129.830381,77.490536
38.454970,129.830381,77.612639
38.455377,129.830381,77.622530
38.456239,129.830381,77.665826
38.457107,129.830381,77.690498
38.458055,129.830381,77.761041
38.459944,129.830381,77.791816
38.460888,129.830381,77.802919
38.461813,129.830381,77.823880
38.462560,129.830381,77.852290
38.463490,129.830381,77.863084
38.463883,129.830381,77.964268
38.464642,129.830381,77.965928
38.465514,129.830381,77.986626
38.465995,129.830381,77.994272
38.467627,129.830381,78.021420
38.469183,129.830381,78.047170
38.469652,129.830381,78.074303
38.470033,129.830381,78.079407
38.470996,129.830381,78.111426
38.471941,129.830381,78.169649
38.473943,129.830381,78.183112
38.474426,129.830381,78.258447
38.476438,129.830381,78.273228
38.477395,129.830381,78.276962
38.478266,129.830381,78.283059
38.479799,129.830381,78.310207
38.480281,129.830381,78.317570
38.480734,129.830381,78.359596
38.481578,129.830381,78.404066
38.482011,129.830381,78.409069
38.482469,129.830381,78.449683
38.483364,129.830381,78.516540
38.483607,129.830381,78.520168
38.483846,129.830381,78.589205
38.485670,129.830381,78.651023
38.487613,129.830381,78.652223
38.488565,129.830381,78.679266
38.489455,129.830381,78.684392
38.490408,129.830381,78.687829
38.491137,129.830381,78.786850
38.491597,129.830381,78.870815
38.493346,129.830381,78.872834
38.494062,129.830381,78.907426
38.494495,129.830381,78.917651
38.495393,129.830381,78.971903
38.496862,129.830381,78.992849
38.498692,129.830381,78.996691
38.499605,129.830381,79.013790
38.500515,129.830381,79.105389
38.500959,129.830381,79.113887
38.501680,129.830381,79.118991
38.503527,129.830381,79.144652
38.504967,129.830381,79.231199
38.505844,129.830381,79.468328
38.506364,129.830381,79.511490
38.508178,129.830381,79.517260
38.508540,129.830381,79.544723
38.508969,129.830381,79.551079
38.509858,129.830381,79.572834
38.510583,129.830381,79.657292
38.511024,129.830381,79.664447
38.511381,129.830381,79.721237
38.512193,129.830381,79.731219
38.513098,129.830381,79.736237
38.513938,129.830381,79.747357
38.515353,129.830381,79.760968
38.515798,129.830381,79.764463
38.516272,129.830381,79.774355
38.517147,129.830381,79.778207
38.518030,129.830381,79.779394
38.519972,129.830381,79.813886
38.520854,129.830381,79.863116
38.521656,129.830381,79.878084
38.522087,129.830381,80.043567
38.522510,129.830381,80.106605
38.523398,129.830381,80.131199
38.524235,129.830381,80.144670
38.525118,129.830381,80.178082
38.526011,129.830381,80.204034
38.526950,129.830381,80.279266
38.527781,129.830381,80.284386
38.528695,129.830381,80.316332
38.529402,129.830381,80.317663
38.530315,129.830381,80.349570
38.531129,129.830381,80.364447
38.531500,129.830381,80.406664
38.532393,129.830381,80.409063
38.532826,129.830381,80.425052
38.533725,129.830381,80.449388
38.534093,129.830381,80.480520
38.535914,129.830381,80.513932
38.537840,129.830381,80.543436
38.539485,129.830381,80.555839
38.539920,129.830381,80.555871
38.540733,129.830381,80.562188
38.542490,129.830381,80.599167
38.543313,129.830381,80.623714
38.545003,129.830381,80.632277
38.546425,129.830381,80.681747
38.546870,129.830381,80.694280
38.547277,129.830381,80.716117
38.547469,129.830381,80.738643
38.549264,129.830381,80.740883
38.549708,129.830381,80.742335
38.550566,129.830381,80.747266
38.550986,129.830381,80.785631
38.551917,129.830381,80.827404
38.552780,129.830381,80.852117
38.553799,129.830381,80.907701
38.554707,129.830381,80.974344
38.555588,129.830381,80.980511
38.556055,129.830381,81.016332
38.556800,129.830381,81.058188
38.557654,129.830381,81.064648
38.558121,129.830381,81.096162
38.558494,129.830381,81.170739
38.559448,129.830381,81.250911
38.559977,129.830381,81.281634
38.560403,129.830381,81.336231
38.561379,129.830381,81.338658
38.561642,129.830381,81.349779
38.563596,129.830381,81.383023
38.564553,129.830381,81.401538
38.565032,129.830381,81.420168
38.565281,129.830381,81.462063
38.566220,129.830381,81.463263
38.566677,129.830381,81.529890
38.568611,129.830381,81.733663
38.569095,129.830381,81.743554
38.570070,129.830381,81.783117
38.570535,129.830381,81.800117
38.571314,129.830381,81.870834
38.571553,129.830381,81.930031
38.572501,129.830381,81.930092
38.572752,129.830381,81.960898
38.573203,129.830381,82.121267
38.573664,129.830381,82.122530
38.575412,129.830381,82.126101
38.576153,129.830381,82.129858
38.576604,129.830381,82.189013
38.576981,129.830381,82.243413
38.578472,129.830381,82.246044
38.580292,129.830381,82.312703
38.580719,129.830381,82.322530
38.581587,129.830381,82.365826
38.582457,129.830381,82.444831
38.584332,129.830381,82.458380
38.588128,129.830381,82.461969
38.589075,129.830381,82.478063
38.589533,129.830381,82.500117
38.590273,129.830381,82.544866
38.591162,129.830381,82.566924
38.592625,129.830381,82.580561
38.593576,129.830381,82.606623
38.595304,129.830381,82.682942
38.597122,129.830381,82.700328
38.597533,129.830381,82.714012
38.599360,129.830381,82.745887
38.599559,129.830381,82.756812
38.600288,129.830381,82.803923
38.601154,129.830381,82.844799
38.601962,129.830381,82.852149
38.603631,129.830381,82.869538
38.604496,129.830381,82.880450
38.605394,129.830381,82.889013
38.605775,129.830381,82.902783
38.606216,129.830381,82.906306
38.607930,129.830381,82.911345
38.608811,129.830381,82.949580
38.609627,129.830381,82.970707
38.610507,129.830381,82.991839
38.612208,129.830381,83.021150
38.612639,129.830381,83.031263
38.613495,129.830381,83.031295
38.615142,129.830381,83.083112
38.615590,129.830381,83.086818
38.615817,129.830381,83.150850
38.617292,129.830381,83.182690
38.618045,129.830381,83.211303
38.618577,129.830381,83.219797
38.618983,129.830381,83.340862
38.619458,129.830381,83.352223
38.620453,129.830381,83.384392
38.621395,129.830381,83.390389
38.623160,129.830381,83.411330
38.623992,129.830381,83.452167
38.624452,129.830381,83.456812
38.625193,129.830381,83.473090
38.626077,129.830381,83.529506
38.626555,129.830381,83.531277
38.627007,129.830381,83.558504
38.627877,129.830381,83.671983
38.629830,129.830381,83.680607
38.630253,129.830381,83.709058
38.630704,129.830381,83.713790
38.631613,129.830381,83.728597
38.632036,129.830381,83.751023
38.634000,129.830381,83.806114
38.634370,129.830381,83.812706
38.634592,129.830381,83.876962
38.635503,129.830381,83.891541
38.635964,129.830381,83.894216
38.636385,129.830381,83.938637
38.636614,129.830381,84.006466
38.637422,129.830381,84.048309
38.637832,129.830381,84.152030
38.638260,129.830381,84.192898
38.639068,129.830381,84.286626
38.639484,129.830381,84.320086
38.639609,129.830381,84.347266
38.640029,129.830381,84.410227
38.640893,129.830381,84.421237
38.641754,129.830381,84.436237
38.642642,129.830381,84.474355
38.643499,129.830381,84.479394
38.645348,129.830381,84.517608
38.649338,129.830381,84.542210
38.650222,129.830381,84.553395
38.651138,129.830381,84.554594
38.651655,129.830381,84.670626
38.652081,129.830381,84.676895
38.653109,129.830381,84.695052
38.653860,129.830381,84.705325
38.654309,129.830381,84.738242
38.654723,129.830381,84.738695
38.655162,129.830381,84.761996
38.658620,129.830381,84.824994
38.659064,129.830381,84.826060
38.660590,129.830381,84.831199
38.661468,129.830381,84.889205
38.663178,129.830381,84.891687
38.663633,129.830381,84.896533
38.664068,129.830381,84.911377
38.665915,129.830381,84.979266
38.666782,129.830381,84.996575
38.668239,129.830381,85.021363
38.669134,129.830381,85.054607
38.669576,129.830381,85.060904
38.670008,129.830381,85.132557
38.670894,129.830381,85.141180
38.671140,129.830381,85.191743
38.671953,129.830381,85.228674
38.675378,129.830381,85.255871
38.676244,129.830381,85.280546
38.677918,129.830381,85.299167
38.678798,129.830381,85.334911
38.679661,129.830381,85.395052
38.680647,129.830381,85.417651
38.681531,129.830381,85.436079
38.682516,129.830381,85.470558
38.683382,129.830381,85.478207
38.684227,129.830381,85.490210
38.685030,129.830381,85.627180
38.685825,129.830381,85.636143
38.686717,129.830381,85.686797
38.686992,129.830381,85.691650
38.688771,129.830381,85.697954
38.690482,129.830381,85.776830
38.692332,129.830381,85.779336
38.692555,129.830381,85.782700
38.693254,129.830381,85.802879
38.694169,129.830381,85.807477
38.694527,129.830381,85.827266
38.695327,129.830381,85.885363
38.695756,129.830381,85.904047
38.696649,129.830381,85.926239
38.697067,129.830381,85.994114
38.697498,129.830381,86.021237
38.698325,129.830381,86.049736
38.698550,129.830381,86.052147
38.698966,129.830381,86.070834
38.699196,129.830381,86.122594
38.700062,129.830381,86.152062
38.700930,129.830381,86.178005
38.701737,129.830381,86.190210
38.702456,129.830381,86.196373
38.702660,129.830381,86.229890
38.704423,129.830381,86.257160
38.704852,129.830381,86.270654
38.705741,129.830381,86.273183
38.706184,129.830381,86.312600
38.706404,129.830381,86.327180
38.707103,129.830381,86.340949
38.707919,129.830381,86.342335
38.708785,129.830381,86.385508
38.709223,129.830381,86.386786
38.709641,129.830381,86.443554
38.710508,129.830381,86.482854
38.710957,129.830381,86.483117
38.711389,129.830381,86.549570
38.711824,129.830381,86.580511
38.712270,129.830381,86.601438
38.713157,129.830381,86.641026
38.714026,129.830381,86.660674
38.715700,129.830381,86.687948
38.717155,129.830381,86.704812
38.717352,129.830381,86.711458
38.718283,129.830381,86.763315
38.720285,129.830381,86.809064
38.720741,129.830381,86.822355
38.721209,129.830381,86.832463
38.722094,129.830381,86.842355
38.723912,129.830381,86.860898
38.724368,129.830381,86.875599
38.725231,129.830381,86.876799
38.725636,129.830381,86.877939
38.726062,129.830381,86.918705
38.726531,129.830381,86.922527
38.727397,129.830381,86.959573
38.728255,129.830381,87.031314
38.728482,129.830381,87.063263
38.728918,129.830381,87.082858
38.730761,129.830381,87.087906
38.731174,129.830381,87.120159
38.732870,129.830381,87.187955
38.733745,129.830381,87.229735
38.733973,129.830381,87.238434
38.734798,129.830381,87.280607
38.735227,129.830381,87.293964
38.736042,129.830381,87.308885
38.736857,129.830381,87.338463
38.737216,129.830381,87.343554
38.738080,129.830381,87.343567
38.738942,129.830381,87.350636
38.740378,129.830381,87.418690
38.740791,129.830381,87.472642
38.741138,129.830381,87.482914
38.742828,129.830381,87.486735
38.743723,129.830381,87.487935
38.744146,129.830381,87.491667
38.744569,129.830381,87.542200
38.744688,129.830381,87.544799
38.745496,129.830381,87.613734
38.745930,129.830381,87.623871
38.747598,129.830381,87.625127
38.748474,129.830381,87.670707
38.749372,129.830381,87.728706
38.751176,129.830381,87.750878
38.753177,129.830381,87.758335
38.753617,129.830381,87.860909
38.754049,129.830381,87.949768
38.754268,129.830381,88.005320
38.754723,129.830381,88.111330
38.755572,129.830381,88.145939
38.756016,129.830381,88.150978
38.756881,129.830381,88.171906
38.757106,129.830381,88.172642
38.757454,129.830381,88.191541
38.757889,129.830381,88.256885
38.758592,129.830381,88.319970
38.758812,129.830381,88.347164
38.759031,129.830381,88.390498
38.759876,129.830381,88.407852
38.760121,129.830381,88.417122
38.760470,129.830381,88.424913
38.762306,129.830381,88.458325
38.764079,129.830381,88.480712
38.764954,129.830381,88.498943
38.765180,129.830381,88.506600
38.766032,129.830381,88.542306
38.766256,129.830381,88.543505
38.768059,129.830381,88.545894
38.768974,129.830381,88.569538
38.769886,129.830381,88.575554
38.771731,129.830381,88.586626
38.772190,129.830381,88.594216
38.772646,129.830381,88.609058
38.773103,129.830381,88.612610
38.773954,129.830381,88.631295
38.775832,129.830381,88.700181
38.777244,129.830381,88.765759
38.778140,129.830381,88.768328
38.778587,129.830381,88.918737
38.779501,129.830381,88.927455
38.779936,129.830381,88.953274
38.780399,129.830381,88.956885
38.781160,129.830381,88.957090
38.782059,129.830381,88.966888
38.782473,129.830381,88.983906
38.783270,129.830381,88.985487
38.783714,129.830381,88.995379
38.784622,129.830381,89.017506
38.785604,129.830381,89.034957
38.786102,129.830381,89.049645
38.786240,129.830381,89.050850
38.789844,129.830381,89.055935
38.790785,129.830381,89.060542
38.791672,129.830381,89.061898
38.793517,129.830381,89.082833
38.793988,129.830381,89.120013
38.794224,129.830381,89.185439
38.795052,129.830381,89.287906
38.795884,129.830381,89.292775
38.796320,129.830381,89.316245
38.796777,129.830381,89.352223
38.797592,129.830381,89.364514
38.798038,129.830381,89.376895
38.798933,129.830381,89.464546
38.799167,129.830381,89.473013
38.799987,129.830381,89.476839
38.800428,129.830381,89.477918
38.800852,129.830381,89.486792
38.801254,129.830381,89.526239
38.801685,129.830381,89.589030
38.802108,129.830381,89.628332
38.802495,129.830381,89.676774
38.803372,129.830381,89.683906
38.804081,129.830381,89.690389
38.805741,129.830381,89.711330
38.806580,129.830381,89.733567
38.807009,129.830381,89.739426
38.807358,129.830381,89.775695
38.809161,129.830381,89.823751
38.809400,129.830381,89.903795
38.809598,129.830381,89.916034
38.810291,129.830381,89.923795
38.811148,129.830381,89.958239
38.811364,129.830381,89.966931
38.812210,129.830381,89.968130
38.812612,129.830381,89.971970
38.814378,129.830381,89.980546
38.816212,129.830381,89.996410
38.816449,129.830381,90.003967
38.816936,129.830381,90.015980
38.817289,129.830381,90.028597
38.817707,129.830381,90.070660
38.818181,129.830381,90.071554
38.818906,129.830381,90.114974
38.819870,129.830381,90.136079
38.820774,129.830381,90.148386
38.821641,129.830381,90.154594
38.822082,129.830381,90.170558
38.822938,129.830381,90.185365
38.823348,129.830381,90.213713
38.823778,129.830381,90.254581
38.824605,129.830381,90.348309
38.825019,129.830381,90.371938
38.825444,129.830381,90.393843
38.825915,129.830381,90.396610
38.826772,129.830381,90.416194
38.827640,129.830381,90.416327
38.827886,129.830381,90.425007
38.828302,129.830381,90.434899
38.829151,129.830381,90.516488
38.829598,129.830381,90.560460
38.829954,129.830381,90.596623
38.830812,129.830381,90.597557
38.831003,129.830381,90.604047
38.831882,129.830381,90.608798
38.832326,129.830381,90.616034
38.833033,129.830381,90.649666
38.833865,129.830381,90.679336
38.834086,129.830381,90.687903
38.834492,129.830381,90.715980
38.834837,129.830381,90.716418
38.835244,129.830381,90.721237
38.836093,129.830381,90.725133
38.836953,129.830381,90.748447
38.837812,129.830381,90.783884
38.838531,129.830381,90.795283
38.838968,129.830381,90.822421
38.839758,129.830381,90.878005
38.840624,129.830381,90.889128
38.840840,129.830381,90.909005
38.841263,129.830381,90.916359
38.841690,129.830381,91.005058
38.843376,129.830381,91.040949
38.844220,129.830381,91.064648
38.844635,129.830381,91.086786
38.845055,129.830381,91.157160
38.845479,129.830381,91.173087
38.845892,129.830381,91.197887
38.847628,129.830381,91.260693
38.848422,129.830381,91.271912
38.848667,129.830381,91.280504
38.848882,129.830381,91.286786
38.849309,129.830381,91.297557
38.849501,129.830381,91.303827
38.849941,129.830381,91.360674
38.851821,129.830381,91.371912
38.852037,129.830381,91.379285
38.852931,129.830381,91.448295
38.853150,129.830381,91.465791
38.854891,129.830381,91.576799
38.855312,129.830381,91.580546
38.856987,129.830381,91.582818
38.857815,129.830381,91.583916
38.858517,129.830381,91.593954
38.859332,129.830381,91.594114
38.859828,129.830381,91.622527
38.860687,129.830381,91.627334
38.861118,129.830381,91.642312
38.861340,129.830381,91.660552
38.862219,129.830381,91.857090
38.863089,129.830381,91.881634
38.863532,129.830381,91.890431
38.864392,129.830381,91.924994
38.868143,129.830381,92.047027
38.868392,129.830381,92.059450
38.868826,129.830381,92.076819
38.869253,129.830381,92.081666
38.869724,129.830381,92.092834
38.871493,129.830381,92.115006
38.873292,129.830381,92.124994
38.874134,129.830381,92.148418
38.875960,129.830381,92.176866
38.876405,129.830381,92.233598
38.878251,129.830381,92.234893
38.878718,129.830381,92.235987
38.879599,129.830381,92.266879
38.880020,129.830381,92.283916
38.880726,129.830381,92.294274
38.881162,129.830381,92.297855
38.881594,129.830381,92.311458
38.882496,129.830381,92.312514
38.883355,129.830381,92.321237
38.884163,129.830381,92.339436
38.884513,129.830381,92.343409
38.885522,129.830381,92.381557
38.886242,129.830381,92.425039
38.888199,129.830381,92.433663
38.888611,129.830381,92.468168
38.888834,129.830381,92.476799
38.889238,129.830381,92.478005
38.890079,129.830381,92.484098
38.891790,129.830381,92.516044
38.892498,129.830381,92.522527
38.893410,129.830381,92.565703
38.893862,129.830381,92.582914
38.894750,129.830381,92.611253
38.895187,129.830381,92.643367
38.895618,129.830381,92.663263
38.896047,129.830381,92.670470
38.896268,129.830381,92.681634
38.897121,129.830381,92.722498
38.897963,129.830381,92.758214
38.898407,129.830381,92.784277
38.900086,129.830381,92.812743
38.900517,129.830381,92.822453
38.902253,129.830381,92.849679
38.903087,129.830381,92.857135
38.903984,129.830381,92.881649
38.904860,129.830381,92.887810
38.905315,129.830381,92.894125
38.905539,129.830381,92.900271
38.906412,129.830381,92.901471
38.906822,129.830381,92.905311
38.908561,129.830381,92.905320
38.909033,129.830381,92.923757
38.909265,129.830381,92.991458
38.909705,129.830381,92.993852
38.910142,129.830381,93.028510
38.911978,129.830381,93.049570
38.912200,129.830381,93.064525
38.912408,129.830381,93.067902
38.912828,129.830381,93.084243
38.913692,129.830381,93.087935
38.914122,129.830381,93.144831
38.915829,129.830381,93.161991
38.916284,129.830381,93.171906
38.916507,129.830381,93.194216
38.916901,129.830381,93.216044
38.917687,129.830381,93.233397
38.917903,129.830381,93.275554
38.919848,129.830381,93.291418
38.920080,129.830381,93.329951
38.920989,129.830381,93.331842
38.921182,129.830381,93.366867
38.922059,129.830381,93.428578
38.925659,129.830381,93.438291
38.926146,129.830381,93.438530
38.926961,129.830381,93.443394
38.927844,129.830381,93.465566
38.928709,129.830381,93.480373
38.929130,129.830381,93.493820
38.929558,129.830381,93.498943
38.929765,129.830381,93.516339
38.930199,129.830381,93.569471
38.931022,129.830381,93.660674
38.932779,129.830381,93.668328
38.933272,129.830381,93.686503
38.933511,129.830381,93.695379
38.934425,129.830381,93.718690
38.934862,129.830381,93.728623
38.935309,129.830381,93.728629
38.937016,129.830381,93.750978
38.937940,129.830381,93.807663
38.938388,129.830381,93.903806
38.938815,129.830381,93.917186
38.939171,129.830381,93.944674
38.940012,129.830381,94.052223
38.940872,129.830381,94.070502
38.941347,129.830381,94.091418
38.941577,129.830381,94.102690
38.941966,129.830381,94.120013
38.942193,129.830381,94.152062
38.944040,129.830381,94.170707
38.944912,129.830381,94.173013
38.945768,129.830381,94.182828
38.946591,129.830381,94.186792
38.947029,129.830381,94.214970
38.947251,129.830381,94.360904
38.947667,129.830381,94.370626
38.948566,129.830381,94.381589
38.950128,129.830381,94.411330
38.951052,129.830381,94.465826
38.951875,129.830381,94.486503
38.952201,129.830381,94.512514
38.953012,129.830381,94.527455
38.953483,129.830381,94.543487
38.953924,129.830381,94.560903
38.954358,129.830381,94.604917
38.954468,129.830381,94.648309
38.954906,129.830381,94.668130
38.955314,129.830381,94.674293
38.956132,129.830381,94.691669
38.959880,129.830381,94.760578
38.960771,129.830381,94.790431
38.961645,129.830381,94.793602
38.961996,129.830381,94.849314
38.962354,129.830381,94.859509
38.964033,129.830381,94.881681
38.965940,129.830381,94.936034
38.966375,129.830381,94.952223
38.967202,129.830381,94.965587
38.967900,129.830381,94.980367
38.968150,129.830381,94.981762
38.969390,129.830381,95.002662
38.970345,129.830381,95.006367
38.970579,129.830381,95.032322
38.972451,129.830381,95.072738
38.973194,129.830381,95.079189
38.974106,129.830381,95.084108
38.975882,129.830381,95.151957
38.976311,129.830381,95.206434
38.976735,129.830381,95.286515
38.976966,129.830381,95.299746
38.977310,129.830381,95.304990
38.978300,129.830381,95.317427
38.978738,129.830381,95.317506
38.979723,129.830381,95.333567
38.980163,129.830381,95.349589
38.981088,129.830381,95.354458
38.981536,129.830381,95.376895
38.982564,129.830381,95.383048
38.983015,129.830381,95.394280
38.983455,129.830381,95.395210
38.987486,129.830381,95.410042
38.987958,129.830381,95.416327
38.988200,129.830381,95.418690
38.989112,129.830381,95.447170
38.989593,129.830381,95.493602
38.990000,129.830381,95.499044
38.990448,129.830381,95.528606
38.992380,129.830381,95.550911
38.992840,129.830381,95.558239
38.993080,129.830381,95.568130
38.993499,129.830381,95.610227
38.994416,129.830381,95.616418
38.994875,129.830381,95.658239
38.995343,129.830381,95.667912
38.995770,129.830381,95.705058
38.997446,129.830381,95.747103
38.997890,129.830381,95.749543
38.998325,129.830381,95.754594
38.999022,129.830381,95.758133
38.999475,129.830381,95.764648
38.999931,129.830381,95.765186
39.000120,129.830381,95.773013
39.000943,129.830381,95.893772
39.001652,129.830381,95.938338
39.002477,129.830381,95.941011
39.003337,129.830381,95.949292
39.003695,129.830381,95.982911
39.003905,129.830381,95.986786
39.004334,129.830381,95.997805
39.004561,129.830381,95.999746
39.004898,129.830381,96.011330
39.005687,129.830381,96.017583
39.006569,129.830381,96.028588
39.010002,129.830381,96.033502
39.010889,129.830381,96.071650
39.011648,129.830381,96.095332
39.012104,129.830381,96.096623
39.012975,129.830381,96.109064
39.013416,129.830381,96.127230
39.014331,129.830381,96.133542
39.015136,129.830381,96.160898
39.015561,129.830381,96.163202
39.017286,129.830381,96.165683
39.017715,129.830381,96.165791
39.019741,129.830381,96.176657
39.020620,129.830381,96.210069
39.021518,129.830381,96.232241
39.022387,129.830381,96.271912
39.022608,129.830381,96.314882
39.024297,129.830381,96.350769
39.024724,129.830381,96.381730
39.026457,129.830381,96.421282
39.027351,129.830381,96.448307
39.027814,129.830381,96.448386
39.028675,129.830381,96.474370
39.030352,129.830381,96.485365
39.030786,129.830381,96.517196
39.031143,129.830381,96.519731
39.031354,129.830381,96.519970
39.031747,129.830381,96.571742
39.032616,129.830381,96.575260
39.032834,129.830381,96.578084
39.033270,129.830381,96.579213
39.033397,129.830381,96.584038
39.033817,129.830381,96.649292
39.034171,129.830381,96.670481
39.034595,129.830381,96.711349
39.035401,129.830381,96.734920
39.035617,129.830381,96.740949
39.036411,129.830381,96.773087
39.036837,129.830381,96.816415
39.037638,129.830381,96.824994
39.038493,129.830381,96.874255
39.038921,129.830381,96.903893
39.039709,129.830381,96.979123
39.040134,129.830381,96.981511
39.040354,129.830381,97.021237
39.041209,129.830381,97.036063
39.042054,129.830381,97.047027
39.042292,129.830381,97.122421
39.043139,129.830381,97.143554
39.043964,129.830381,97.155688
39.044179,129.830381,97.160719
39.044622,129.830381,97.176799
39.045037,129.830381,97.178005
39.045894,129.830381,97.279189
39.046693,129.830381,97.303967
39.047502,129.830381,97.355839
39.047948,129.830381,97.360588
39.048810,129.830381,97.395283
39.049186,129.830381,97.399167
39.049895,129.830381,97.410063
39.050096,129.830381,97.440883
39.050523,129.830381,97.449324
39.050938,129.830381,97.455839
39.051338,129.830381,97.457090
39.052251,129.830381,97.468168
39.052542,129.830381,97.490431
39.053423,129.830381,97.560840
39.053826,129.830381,97.591541
39.054286,129.830381,97.593986
39.055948,129.830381,97.601471
39.056359,129.830381,97.642229
39.057998,129.830381,97.672748
39.058732,129.830381,97.680511
39.059108,129.830381,97.688949
39.059845,129.830381,97.721058
39.060298,129.830381,97.721182
39.062089,129.830381,97.724994
39.062889,129.830381,97.744676
39.063320,129.830381,97.771743
39.063439,129.830381,97.782675
39.063853,129.830381,97.827266
39.064686,129.830381,97.859692
39.064917,129.830381,97.893922
39.066534,129.830381,97.894216
39.066944,129.830381,97.898927
39.067386,129.830381,97.912298
39.068223,129.830381,97.991458
39.068645,129.830381,98.019731
39.068855,129.830381,98.023794
39.068976,129.830381,98.033663
39.069368,129.830381,98.043554
39.070193,129.830381,98.075260
39.070405,129.830381,98.084102
39.070825,129.830381,98.103967
39.071250,129.830381,98.106338
39.071692,129.830381,98.201538
39.072114,129.830381,98.215955
39.072346,129.830381,98.233397
39.072549,129.830381,98.301538
39.072970,129.830381,98.360674
39.074899,129.830381,98.381762
39.078775,129.830381,98.388949
39.079521,129.830381,98.398952
39.079937,129.830381,98.405319
39.080390,129.830381,98.428629
39.082359,129.830381,98.449711
39.084260,129.830381,98.458335
39.084686,129.830381,98.501471
39.085205,129.830381,98.538348
39.086041,129.830381,98.554451
39.086291,129.830381,98.590375
39.086775,129.830381,98.593954
39.087620,129.830381,98.617503
39.088441,129.830381,98.647078
39.089338,129.830381,98.649570
39.089559,129.830381,98.687935
39.090025,129.830381,98.713698
39.090906,129.830381,98.716162
39.092680,129.830381,98.727210
39.093618,129.830381,98.749506
39.095315,129.830381,98.769282
39.096208,129.830381,98.778005
39.097025,129.830381,98.784181
39.097856,129.830381,98.800177
39.098736,129.830381,98.838325
39.099438,129.830381,98.857165
39.099886,129.830381,98.870707
39.100768,129.830381,98.874351
39.101625,129.830381,98.917576
39.102022,129.830381,98.929951
39.102896,129.830381,99.039682
39.103752,129.830381,99.070626
39.104606,129.830381,99.084277
39.106274,129.830381,99.099023
39.106698,129.830381,99.102760
39.107090,129.830381,99.108915
39.107951,129.830381,99.119847
39.108085,129.830381,99.122453
39.109734,129.830381,99.158239
39.109962,129.830381,99.165826
39.110832,129.830381,99.178063
39.111273,129.830381,99.179266
39.112100,129.830381,99.214982
39.112521,129.830381,99.229890
39.112935,129.830381,99.240834
39.113135,129.830381,99.241045
39.114775,129.830381,99.260508
39.115207,129.830381,99.260904
39.115629,129.830381,99.282675
39.116054,129.830381,99.283112
39.116480,129.830381,99.309000
39.116877,129.830381,99.345960
39.117096,129.830381,99.349679
39.117970,129.830381,99.426050
39.118445,129.830381,99.428474
39.118664,129.830381,99.465759
39.119501,129.830381,99.503923
39.120474,129.830381,99.537141
39.120709,129.830381,99.539522
39.122429,129.830381,99.560618
39.124153,129.830381,99.580450
39.125019,129.830381,99.644799
39.125830,129.830381,99.652223
39.126798,129.830381,99.669415
39.127232,129.830381,99.676738
39.129031,129.830381,99.690114
39.129459,129.830381,99.702660
39.129676,129.830381,99.732322
39.131432,129.830381,99.735967
39.131647,129.830381,99.748186
39.131899,129.830381,99.748383
39.132696,129.830381,99.780373
39.133121,129.830381,99.847103
39.133524,129.830381,99.900162
39.134367,129.830381,99.916386
39.134592,129.830381,99.965587
39.135013,129.830381,99.969471
39.135822,129.830381,99.980367
39.136052,129.830381,100.006367
39.136248,129.830381,100.018690
39.136638,129.830381,100.040862
39.137067,129.830381,100.076895
39.137890,129.830381,100.080286
39.138335,129.830381,100.118690
39.139165,129.830381,100.127052
39.139514,129.830381,100.149374
39.140357,129.830381,100.151974
39.140780,129.830381,100.153479
39.141211,129.830381,100.182626
39.141888,129.830381,100.184017
39.142303,129.830381,100.187362
39.142637,129.830381,100.193996
39.144261,129.830381,100.195379
39.145130,129.830381,100.207558
39.145558,129.830381,100.228474
39.145776,129.830381,100.238146
39.146118,129.830381,100.238535
39.146340,129.830381,100.268130
39.146754,129.830381,100.274131
39.147160,129.830381,100.317442
39.150748,129.830381,100.338637
39.151200,129.830381,100.382684
39.151694,129.830381,100.447103
39.152174,129.830381,100.447170
39.152609,129.830381,100.465487
39.152971,129.830381,100.473013
39.153827,129.830381,100.481634
39.154308,129.830381,100.487733
39.154718,129.830381,100.490498
39.155549,129.830381,100.503874
39.155959,129.830381,100.536034
39.156384,129.830381,100.547170
39.156798,129.830381,100.574197
39.157585,129.830381,100.605068
39.159262,129.830381,100.652802
39.159455,129.830381,100.660674
39.161189,129.830381,100.669410
39.161623,129.830381,100.701474
39.161850,129.830381,100.711266
39.162709,129.830381,100.711330
39.163569,129.830381,100.715007
39.164004,129.830381,100.729781
39.164397,129.830381,100.747103
39.164783,129.830381,100.758133
39.165163,129.830381,100.789199
39.166041,129.830381,100.812514
39.166834,129.830381,100.815964
39.167053,129.830381,100.827052
39.167400,129.830381,100.829694
39.167607,129.830381,100.864115
39.167809,129.830381,100.876655
39.168016,129.830381,100.878050
39.168856,129.830381,100.882572
39.169069,129.830381,100.887362
39.169417,129.830381,100.933567
39.169839,129.830381,100.938146
39.170184,129.830381,100.967957
39.170387,129.830381,100.976895
39.171210,129.830381,100.997805
39.171436,129.830381,101.033567
39.171865,129.830381,101.074131
39.172290,129.830381,101.094120
39.172517,129.830381,101.124994
39.172917,129.830381,101.158946
39.173097,129.830381,101.281634
39.173518,129.830381,101.379189
39.174364,129.830381,101.427308
39.176072,129.830381,101.445887
39.176281,129.830381,101.480373
39.177050,129.830381,101.491514
39.177475,129.830381,101.529781
39.177865,129.830381,101.579213
39.177986,129.830381,101.582911
39.178188,129.830381,101.590381
39.178406,129.830381,101.605255
39.178826,129.830381,101.617506
39.179672,129.830381,101.634899
39.180548,129.830381,101.649442
39.181420,129.830381,101.654527
39.181832,129.830381,101.698943
39.182223,129.830381,101.718690
39.183010,129.830381,101.728518
39.183435,129.830381,101.793708
39.183782,129.830381,101.882684
39.184188,129.830381,101.893918
39.185170,129.830381,101.985171
39.185398,129.830381,101.991620
39.185858,129.830381,101.998879
39.186064,129.830381,102.003967
39.187010,129.830381,102.073013
39.187805,129.830381,102.095283
39.188281,129.830381,102.099167
39.189150,129.830381,102.122451
39.190004,129.830381,102.163231
39.190430,129.830381,102.171789
39.190556,129.830381,102.190355
39.190962,129.830381,102.260840
39.191368,129.830381,102.270598
39.192245,129.830381,102.295330
39.192647,129.830381,102.313713
39.193544,129.830381,102.317570
39.194417,129.830381,102.322527
39.195318,129.830381,102.337171
39.196193,129.830381,102.341948
39.196405,129.830381,102.347125
39.197244,129.830381,102.424994
39.198096,129.830381,102.427234
39.198332,129.830381,102.443413
39.200003,129.830381,102.460840
39.200428,129.830381,102.474274
39.201269,129.830381,102.510069
39.202131,129.830381,102.536053
39.203767,129.830381,102.585363
39.204192,129.830381,102.593864
39.205040,129.830381,102.593922
39.206809,129.830381,102.602756
39.207241,129.830381,102.620706
39.207574,129.830381,102.636063
39.208410,129.830381,102.721058
39.208820,129.830381,102.721094
39.209237,129.830381,102.743554
39.210083,129.830381,102.745965
39.210315,129.830381,102.749384
39.211168,129.830381,102.771743
39.211284,129.830381,102.774370
39.212939,129.830381,102.782636
39.213628,129.830381,102.785365
39.214029,129.830381,102.793991
39.214241,129.830381,102.798558
39.214448,129.830381,102.807537
39.214848,129.830381,102.827202
39.215665,129.830381,102.838156
39.216011,129.830381,102.871906
39.216234,129.830381,102.884017
39.216724,129.830381,102.893991
39.216943,129.830381,102.898927
39.217353,129.830381,102.903967
39.218195,129.830381,102.949260
39.218896,129.830381,103.023794
39.219105,129.830381,103.028588
39.222761,129.830381,103.040806
39.223195,129.830381,103.093890
39.224866,129.830381,103.094047
39.225276,129.830381,103.118567
39.225504,129.830381,103.123477
39.225612,129.830381,103.185391
39.226093,129.830381,103.201471
39.226530,129.830381,103.222527
39.227358,129.830381,103.227234
39.227585,129.830381,103.233414
39.227791,129.830381,103.274274
39.228583,129.830381,103.320706
39.228932,129.830381,103.338541
39.229161,129.830381,103.353415
39.229590,129.830381,103.380511
39.230010,129.830381,103.413698
39.230839,129.830381,103.464124
39.231065,129.830381,103.478005
39.231937,129.830381,103.480511
39.232363,129.830381,103.484181
39.233274,129.830381,103.486792
39.233692,129.830381,103.502566
39.234113,129.830381,103.537096
39.234311,129.830381,103.538156
39.234652,129.830381,103.539714
39.235443,129.830381,103.543487
39.236273,129.830381,103.549363
39.236684,129.830381,103.554451
39.236895,129.830381,103.566658
39.237093,129.830381,103.579189
39.237887,129.830381,103.614718
39.238737,129.830381,103.638632
39.239168,129.830381,103.733423
39.239390,129.830381,103.735923
39.239796,129.830381,103.768063
39.240214,129.830381,103.771848
39.240421,129.830381,103.801480
39.240624,129.830381,103.807458
39.240829,129.830381,103.811391
39.241662,129.830381,103.828543
39.241870,129.830381,103.840806
39.242283,129.830381,103.841948
39.242486,129.830381,103.842067
39.242896,129.830381,103.879266
39.243756,129.830381,103.915921
39.243876,129.830381,103.921199
39.244297,129.830381,103.959490
39.244716,129.830381,103.967987
39.244936,129.830381,103.982643
39.245153,129.830381,104.002626
39.245577,129.830381,104.027123
39.246003,129.830381,104.049679
39.246876,129.830381,104.058335
39.247274,129.830381,104.119847
39.247392,129.830381,104.119903
39.247590,129.830381,104.128514
39.247989,129.830381,104.147140
39.248195,129.830381,104.156734
39.248610,129.830381,104.175487
39.248829,129.830381,104.252100
39.249316,129.830381,104.275487
39.249763,129.830381,104.282698
39.251612,129.830381,104.284243
39.252628,129.830381,104.289090
39.253071,129.830381,104.298820
39.253197,129.830381,104.344799
39.254096,129.830381,104.345960
39.254312,129.830381,104.415906
39.254654,129.830381,104.419874
39.255045,129.830381,104.482850
39.256726,129.830381,104.493794
39.257149,129.830381,104.493898
39.257995,129.830381,104.538380
39.259672,129.830381,104.543391
39.259898,129.830381,104.613762
39.260354,129.830381,104.624911
39.260780,129.830381,104.690114
39.261174,129.830381,104.705261
39.261598,129.830381,104.735967
39.261802,129.830381,104.779336
39.262005,129.830381,104.784134
39.262836,129.830381,104.787202
39.293350,129.830381,104.848388
39.293917,129.830381,104.850754
39.294859,129.830381,104.895379
39.295850,129.830381,104.912514
39.296830,129.830381,104.997736
39.297067,129.830381,105.005058
39.298861,129.830381,105.060332
39.299061,129.830381,105.060522
39.300984,129.830381,105.060845
39.301464,129.830381,105.080286
39.301911,129.830381,105.082951
39.302359,129.830381,105.095298
39.303271,129.830381,105.103846
39.304171,129.830381,105.115906
39.304531,129.830381,105.149493
39.304944,129.830381,105.171426
39.305129,129.830381,105.172943
39.305355,129.830381,105.181607
39.305772,129.830381,105.182911
39.306005,129.830381,105.190498
39.306900,129.830381,105.207583
39.307350,129.830381,105.219874
39.307776,129.830381,105.231902
39.307989,129.830381,105.238535
39.308204,129.830381,105.240949
39.309014,129.830381,105.250911
39.309902,129.830381,105.259394
39.310329,129.830381,105.282911
39.310551,129.830381,105.305068
39.312360,129.830381,105.352038
39.312799,129.830381,105.360674
39.314558,129.830381,105.374351
39.315464,129.830381,105.402783
39.315900,129.830381,105.415921
39.316009,129.830381,105.447103
39.316421,129.830381,105.486434
39.317228,129.830381,105.487733
39.317622,129.830381,105.490431
39.318494,129.830381,105.512332
39.318969,129.830381,105.538348
39.319884,129.830381,105.541045
39.321624,129.830381,105.547221
39.323343,129.830381,105.565606
39.324210,129.830381,105.576655
39.324440,129.830381,105.578050
39.325305,129.830381,105.585282
39.325727,129.830381,105.601474
39.325947,129.830381,105.642133
39.326850,129.830381,105.656734
39.327288,129.830381,105.664191
39.327697,129.830381,105.676895
39.328555,129.830381,105.693900
39.330206,129.830381,105.715007
39.330627,129.830381,105.726050
39.331023,129.830381,105.727332
39.331244,129.830381,105.728610
39.331669,129.830381,105.749506
39.333365,129.830381,105.811266
39.333587,129.830381,105.813794
39.335344,129.830381,105.827332
39.335571,129.830381,105.829658
39.335777,129.830381,105.876655
39.335972,129.830381,105.885242
39.336183,129.830381,105.956770
39.336566,129.830381,105.967957
39.336763,129.830381,105.981634
39.337564,129.830381,106.003806
39.338409,129.830381,106.037218
39.339277,129.830381,106.040949
39.340084,129.830381,106.046562
39.340271,129.830381,106.060620
39.341897,129.830381,106.080373
39.342306,129.830381,106.094120
39.342515,129.830381,106.133506
39.344252,129.830381,106.149372
39.344675,129.830381,106.163119
39.344908,129.830381,106.180373
39.345754,129.830381,106.215884
39.346105,129.830381,106.238302
39.346972,129.830381,106.294050
39.347191,129.830381,106.321073
39.347594,129.830381,106.321077
39.348020,129.830381,106.354527
39.348413,129.830381,106.358239
39.348632,129.830381,106.393822
39.349481,129.830381,106.411187
39.349903,129.830381,106.418690
39.350816,129.830381,106.440915
39.351269,129.830381,106.453237
39.352173,129.830381,106.458239
39.352481,129.830381,106.464447
39.353272,129.830381,106.473011
39.353680,129.830381,106.478050
39.354549,129.830381,106.574133
39.354756,129.830381,106.587752
39.354956,129.830381,106.590381
39.355169,129.830381,106.601224
39.355572,129.830381,106.608742
39.355989,129.830381,106.630803
39.356191,129.830381,106.672849
39.356601,129.830381,106.685242
39.356821,129.830381,106.711253
39.357621,129.830381,106.716042
39.359519,129.830381,106.716162
39.359962,129.830381,106.732351
39.360383,129.830381,106.756744
39.360801,129.830381,106.768063
39.361213,129.830381,106.773013
39.362070,129.830381,106.813871
39.362930,129.830381,106.859394
39.363371,129.830381,106.874197
39.364186,129.830381,106.880373
39.364601,129.830381,106.892831
39.365017,129.830381,106.895189
39.365414,129.830381,106.901327
39.365627,129.830381,106.902722
39.366479,129.830381,106.923507
39.366689,129.830381,106.935967
39.367102,129.830381,106.967880
39.367522,129.830381,107.012531
39.367939,129.830381,107.015916
39.368274,129.830381,107.072926
39.369122,129.830381,107.082620
39.369329,129.830381,107.106376
39.369526,129.830381,107.127020
39.370196,129.830381,107.164143
39.370418,129.830381,107.168168
39.370623,129.830381,107.171789
39.370745,129.830381,107.174274
39.371600,129.830381,107.182540
39.371949,129.830381,107.186549
39.372354,129.830381,107.222431
39.372782,129.830381,107.254527
39.373175,129.830381,107.271906
39.373386,129.830381,107.343431
39.373821,129.830381,107.349538
39.375481,129.830381,107.376676
39.375703,129.830381,107.455647
39.376088,129.830381,107.467887
39.376213,129.830381,107.490306
39.376416,129.830381,107.553415
39.376827,129.830381,107.584017
39.377241,129.830381,107.584117
39.378079,129.830381,107.602430
39.378313,129.830381,107.602639
39.378527,129.830381,107.603967
39.379379,129.830381,107.605068
39.381053,129.830381,107.617429
39.381852,129.830381,107.622078
39.382282,129.830381,107.628543
39.382568,129.830381,107.679189
39.383396,129.830381,107.715916
39.383744,129.830381,107.723507
39.383955,129.830381,107.735967
39.384177,129.830381,107.771436
39.384392,129.830381,107.780373
39.385170,129.830381,107.835967
39.385485,129.830381,107.865574
39.385898,129.830381,107.871906
39.386106,129.830381,107.880435
39.386541,129.830381,107.882540
39.386922,129.830381,107.912531
39.387339,129.830381,107.916098
39.388145,129.830381,107.917570
39.388990,129.830381,107.922527
39.389847,129.830381,107.929638
39.390070,129.830381,107.945762
39.393792,129.830381,107.948282
39.394250,129.830381,107.972964
39.394479,129.830381,107.974274
39.395353,129.830381,107.986549
39.395774,129.830381,107.988994
39.396203,129.830381,108.016292
39.396609,129.830381,108.061951
39.397000,129.830381,108.080450
39.397870,129.830381,108.091503
39.398305,129.830381,108.101480
39.398525,129.830381,108.119955
39.398946,129.830381,108.123477
39.399054,129.830381,108.194878
39.399254,129.830381,108.204775
39.399357,129.830381,108.256744
39.399763,129.830381,108.270389
39.400446,129.830381,108.298914
39.400870,129.830381,108.338541
39.401089,129.830381,108.342242
39.401924,129.830381,108.349503
39.402330,129.830381,108.394114
39.402752,129.830381,108.471848
39.402965,129.830381,108.474227
39.403809,129.830381,108.479906
39.403990,129.830381,108.488917
39.404200,129.830381,108.494114
39.404604,129.830381,108.511391
39.405454,129.830381,108.549570
39.405873,129.830381,108.556780
39.406261,129.830381,108.580469
39.408065,129.830381,108.629875
39.408988,129.830381,108.647046
39.409429,129.830381,108.661951
39.409865,129.830381,108.664060
39.409977,129.830381,108.667987
39.410226,129.830381,108.694047
39.410636,129.830381,108.718687
39.411472,129.830381,108.733423
39.411700,129.830381,108.745631
39.411893,129.830381,108.748309
39.412712,129.830381,108.749276
39.412929,129.830381,108.770481
39.413788,129.830381,108.771848
39.413997,129.830381,108.802530
39.414875,129.830381,108.807458
39.415088,129.830381,108.827234
39.416888,129.830381,108.836053
39.418702,129.830381,108.838312
39.419611,129.830381,108.858114
39.420015,129.830381,108.860578
39.421715,129.830381,108.893986
39.423432,129.830381,108.935891
39.423689,129.830381,108.967987
39.423895,129.830381,108.996296
39.424001,129.830381,109.011038
39.424852,129.830381,109.018613
39.425310,129.830381,109.038210
39.425516,129.830381,109.081679
39.425939,129.830381,109.119903
39.426139,129.830381,109.122278
39.426586,129.830381,109.149503
39.426789,129.830381,109.151814
39.426996,129.830381,109.177862
39.427408,129.830381,109.181599
39.427823,129.830381,109.215978
39.428705,129.830381,109.229698
39.429146,129.830381,109.230812
39.429353,129.830381,109.237314
39.431090,129.830381,109.282750
39.432013,129.830381,109.288917
39.432252,129.830381,109.289090
39.432699,129.830381,109.298820
39.432820,129.830381,109.329781
39.433227,129.830381,109.332226
39.434117,129.830381,109.349186
39.434307,129.830381,109.376799
39.434720,129.830381,109.406351
39.435150,129.830381,109.411391
39.436002,129.830381,109.448243
39.436449,129.830381,109.449570
39.436669,129.830381,109.468063
39.437098,129.830381,109.480383
39.437523,129.830381,109.493794
39.437932,129.830381,109.512350
39.438370,129.830381,109.549570
39.438578,129.830381,109.550754
39.439450,129.830381,109.576657
39.440358,129.830381,109.648434
39.440476,129.830381,109.656753
39.440903,129.830381,109.690182
39.441114,129.830381,109.702626
39.441550,129.830381,109.704775
39.441656,129.830381,109.705058
39.443481,129.830381,109.792735
39.443933,129.830381,109.793811
39.444353,129.830381,109.801186
39.444774,129.830381,109.849503
39.444986,129.830381,109.869141
39.445191,129.830381,109.870466
39.446057,129.830381,109.871475
39.446274,129.830381,109.897736
39.446496,129.830381,109.903750
39.446912,129.830381,109.922278
39.447328,129.830381,109.935967
39.447542,129.830381,109.938338
39.448338,129.830381,109.940949
39.449217,129.830381,109.945871
39.449641,129.830381,109.949548
39.451379,129.830381,109.982754
39.453180,129.830381,109.993802
39.454079,129.830381,110.011166
39.454555,129.830381,110.011170
39.454977,129.830381,110.024927
39.455375,129.830381,110.026050
39.455780,129.830381,110.027298
39.456189,129.830381,110.035967
39.456402,129.830381,110.074351
39.457273,129.830381,110.129781
39.457668,129.830381,110.158114
39.458076,129.830381,110.164060
39.458179,129.830381,110.172943
39.458390,129.830381,110.264226
39.458587,129.830381,110.276772
39.459004,129.830381,110.308915
39.459901,129.830381,110.313762
39.460327,129.830381,110.314882
39.460727,129.830381,110.316012
39.461151,129.830381,110.335967
39.461354,129.830381,110.371912
39.461553,129.830381,110.379106
39.465147,129.830381,110.449164
39.465337,129.830381,110.482911
39.465543,129.830381,110.490182
39.465740,129.830381,110.493756
39.466149,129.830381,110.504738
39.466500,129.830381,110.512332
39.466904,129.830381,110.516108
39.467726,129.830381,110.521199
39.468172,129.830381,110.576655
39.468387,129.830381,110.585282
39.468778,129.830381,110.590312
39.468979,129.830381,110.597506
39.469822,129.830381,110.616012
39.470219,129.830381,110.643230
39.470684,129.830381,110.653421
39.471121,129.830381,110.683074
39.471926,129.830381,110.703750
39.472340,129.830381,110.728610
39.472759,129.830381,110.730812
39.472963,129.830381,110.740949
39.473843,129.830381,110.755669
39.474271,129.830381,110.757023
39.475122,129.830381,110.772831
39.475328,129.830381,110.804785
39.475437,129.830381,110.806244
39.475553,129.830381,110.811266
39.475747,129.830381,110.819731
39.475948,129.830381,110.827210
39.477750,129.830381,110.907583
39.478177,129.830381,110.927368
39.478288,129.830381,110.956770
39.478678,129.830381,110.971912
39.478880,129.830381,110.982786
39.479658,129.830381,110.991586
39.480521,129.830381,111.149164
39.480705,129.830381,111.150754
39.481490,129.830381,111.178050
39.482337,129.830381,111.194050
39.482577,129.830381,111.232255
39.483004,129.830381,111.240902
39.483846,129.830381,111.273843
39.484062,129.830381,111.307522
39.484943,129.830381,111.308652
39.485774,129.830381,111.321077
39.486178,129.830381,111.327455
39.486755,129.830381,111.360300
39.487094,129.830381,111.369282
39.487980,129.830381,111.371475
39.488195,129.830381,111.372849
39.488616,129.830381,111.419746
39.489444,129.830381,111.427244
39.491097,129.830381,111.427455
39.491539,129.830381,111.430943
39.491735,129.830381,111.440915
39.492163,129.830381,111.460588
39.493888,129.830381,111.504990
39.494823,129.830381,111.555667
39.495260,129.830381,111.569205
39.496149,129.830381,111.574133
39.496362,129.830381,111.576655
39.496576,129.830381,111.577749
39.496942,129.830381,111.601327
39.497173,129.830381,111.602722
39.498073,129.830381,111.603658
39.499950,129.830381,111.624789
39.500367,129.830381,111.638220
39.500569,129.830381,111.649322
39.501457,129.830381,111.672849
39.501920,129.830381,111.712350
39.502372,129.830381,111.716162
39.502780,129.830381,111.728543
39.502991,129.830381,111.753282
39.503419,129.830381,111.768063
39.503815,129.830381,111.775194
39.503887,129.830381,111.787733
39.504299,129.830381,111.858114
39.504725,129.830381,111.875477
39.506910,129.830381,111.875528
39.507145,129.830381,111.893922
39.509141,129.830381,111.901327
39.509361,129.830381,111.949196
39.509541,129.830381,111.954527
39.509975,129.830381,111.991315
39.510202,129.830381,111.996373
39.510625,129.830381,111.997570
39.510746,129.830381,112.003989
39.512607,129.830381,112.014622
39.513076,129.830381,112.054527
39.513483,129.830381,112.071475
39.513791,129.830381,112.077826
39.514000,129.830381,112.093858
39.514846,129.830381,112.096243
39.515059,129.830381,112.098901
39.516090,129.830381,112.113794
39.517897,129.830381,112.115820
39.518085,129.830381,112.116012
39.518506,129.830381,112.130892
39.519328,129.830381,112.160510
39.520248,129.830381,112.168168
39.520460,129.830381,112.187791
39.520677,129.830381,112.191503
39.521091,129.830381,112.196543
39.521956,129.830381,112.203718
39.522206,129.830381,112.212437
39.523070,129.830381,112.222431
39.523497,129.830381,112.245764
39.523619,129.830381,112.270562
39.525456,129.830381,112.272930
39.525894,129.830381,112.279025
39.526319,129.830381,112.281634
39.527135,129.830381,112.291503
39.527593,129.830381,112.304785
39.527700,129.830381,112.305068
39.529481,129.830381,112.306227
39.529712,129.830381,112.317429
39.530537,129.830381,112.365397
39.530661,129.830381,112.368063
39.531080,129.830381,112.368130
39.531484,129.830381,112.401196
39.531898,129.830381,112.438402
39.532924,129.830381,112.468130
39.533331,129.830381,112.471484
39.533533,129.830381,112.480373
39.534341,129.830381,112.538348
39.535160,129.830381,112.571573
39.535398,129.830381,112.607522
39.536235,129.830381,112.618526
39.536650,129.830381,112.628543
39.536848,129.830381,112.635870
39.537712,129.830381,112.635967
39.538109,129.830381,112.693900
39.539750,129.830381,112.724162
39.553740,129.830381,112.740862
39.554783,129.830381,112.743251
39.555240,129.830381,112.777841
39.555690,129.830381,112.777845
39.556135,129.830381,112.784066
39.556353,129.830381,112.812371
39.556792,129.830381,112.845634
39.557202,129.830381,112.854527
39.557617,129.830381,112.860456
39.558510,129.830381,112.880435
39.558962,129.830381,112.888917
39.559179,129.830381,112.901164
39.559584,129.830381,112.952915
39.559738,129.830381,112.985190
39.559939,129.830381,112.988936
39.560132,129.830381,113.011253
39.561002,129.830381,113.018398
39.561429,129.830381,113.019874
39.561881,129.830381,113.042242
39.562773,129.830381,113.091503
39.563201,129.830381,113.101480
39.563413,129.830381,113.103967
39.564301,129.830381,113.104748
39.564656,129.830381,113.127166
39.565541,129.830381,113.197516
39.566471,129.830381,113.209982
39.567336,129.830381,113.290110
39.567749,129.830381,113.293736
39.568183,129.830381,113.343317
39.569015,129.830381,113.409905
39.569457,129.830381,113.418613
39.569880,129.830381,113.424162
39.583408,129.830381,113.456680
39.583736,129.830381,113.471848
39.583960,129.830381,113.494047
39.584397,129.830381,113.556780
39.584872,129.830381,113.559234
39.585118,129.830381,113.573087
39.585560,129.830381,113.586406
39.585869,129.830381,113.593986
39.587901,129.830381,113.616415
39.588783,129.830381,113.623688
39.589016,129.830381,113.627134
39.589939,129.830381,113.627311
39.590170,129.830381,113.634517
39.590282,129.830381,113.661951
39.590706,129.830381,113.667987
39.590937,129.830381,113.673087
39.591363,129.830381,113.706142
39.591808,129.830381,113.738174
39.592222,129.830381,113.760514
39.593124,129.830381,113.781679
39.593583,129.830381,113.811253
39.594070,129.830381,113.819874
39.594477,129.830381,113.846959
39.594712,129.830381,113.881599
39.595139,129.830381,113.917429
39.595972,129.830381,113.924927
39.596873,129.830381,113.935891
39.597097,129.830381,113.942242
39.597987,129.830381,113.971484
39.598194,129.830381,114.029781
39.598622,129.830381,114.038210
39.598836,129.830381,114.040785
39.599264,129.830381,114.040885
39.600138,129.830381,114.045960
39.600364,129.830381,114.050677
39.600795,129.830381,114.076799
39.601201,129.830381,114.149503
39.601395,129.830381,114.151814
39.601594,129.830381,114.229698
39.601990,129.830381,114.243487
39.602793,129.830381,114.259298
39.603205,129.830381,114.260450
39.603619,129.830381,114.263998
39.604027,129.830381,114.271665
39.604905,129.830381,114.302530
39.605764,129.830381,114.322342
39.606173,129.830381,114.368098
39.606374,129.830381,114.377521
39.606484,129.830381,114.402626
39.606902,129.830381,114.404798
39.607753,129.830381,114.408706
39.608620,129.830381,114.423336
39.608831,129.830381,114.445762
39.609250,129.830381,114.452915
39.609352,129.830381,114.468063
39.609744,129.830381,114.470466
39.610572,129.830381,114.512350
39.610991,129.830381,114.519887
39.611408,129.830381,114.528382
39.611803,129.830381,114.535910
39.612641,129.830381,114.581666
39.613151,129.830381,114.604866
39.613547,129.830381,114.611253
39.613957,129.830381,114.624789
39.614367,129.830381,114.628543
39.614564,129.830381,114.634517
39.614666,129.830381,114.671484
39.614878,129.830381,114.702626
39.615282,129.830381,114.727298
39.615697,129.830381,114.738018
39.615936,129.830381,114.757990
39.616146,129.830381,114.780392
39.616335,129.830381,114.801186
39.616728,129.830381,114.804962
39.617528,129.830381,114.829781
39.617987,129.830381,114.848166
39.618205,129.830381,114.849503
39.618392,129.830381,114.860492
39.619273,129.830381,114.865439
39.619384,129.830381,114.869141
39.619570,129.830381,114.881599
39.619979,129.830381,114.888917
39.620173,129.830381,114.959298
39.620605,129.830381,115.011170
39.620999,129.830381,115.048309
39.621779,129.830381,115.049512
39.621893,129.830381,115.088917
39.622097,129.830381,115.138274
39.623773,129.830381,115.158114
39.624180,129.830381,115.206271
39.624589,129.830381,115.264226
39.624778,129.830381,115.266722
39.628556,129.830381,115.291381
39.629119,129.830381,115.301471
39.629535,129.830381,115.313762
39.629939,129.830381,115.314882
39.630281,129.830381,115.316012
39.630662,129.830381,115.340642
39.631429,129.830381,115.348386
39.632299,129.830381,115.371640
39.632368,129.830381,115.382444
39.632461,129.830381,115.401471
39.632862,129.830381,115.402545
39.633767,129.830381,115.418355
39.633888,129.830381,115.433410
39.634753,129.830381,115.434517
39.634873,129.830381,115.438018
39.635041,129.830381,115.458114
39.635449,129.830381,115.477841
39.635878,129.830381,115.492735
39.636297,129.830381,115.509926
39.636717,129.830381,115.539586
39.637562,129.830381,115.552924
39.637672,129.830381,115.565570
39.639434,129.830381,115.579046
39.639859,129.830381,115.580383
39.640059,129.830381,115.597506
39.640863,129.830381,115.612437
39.641695,129.830381,115.643230
39.642133,129.830381,115.654383
39.642350,129.830381,115.686466
39.642758,129.830381,115.689023
39.643166,129.830381,115.748031
39.643268,129.830381,115.749442
39.644947,129.830381,115.760490
39.645815,129.830381,115.772831
39.646019,129.830381,115.803893
39.646822,129.830381,115.804972
39.648530,129.830381,115.806244
39.648651,129.830381,115.845578
39.650457,129.830381,115.850754
39.651298,129.830381,115.860578
39.653060,129.830381,115.865439
39.653176,129.830381,115.887711
39.653395,129.830381,115.907583
39.653844,129.830381,115.913534
39.654269,129.830381,115.927074
39.654469,129.830381,115.951938
39.655235,129.830381,115.969118
39.655676,129.830381,115.982604
39.655875,129.830381,116.006197
39.656070,129.830381,116.007522
39.656889,129.830381,116.021982
39.657091,129.830381,116.022421
39.657876,129.830381,116.027368
39.657986,129.830381,116.033425
39.658841,129.830381,116.035870
39.659731,129.830381,116.040806
39.660155,129.830381,116.043266
39.660614,129.830381,116.049292
39.660822,129.830381,116.087733
39.661262,129.830381,116.116258
39.661478,129.830381,116.195298
39.662332,129.830381,116.204990
39.663206,129.830381,116.227144
39.664068,129.830381,116.234517
39.664300,129.830381,116.245534
39.664503,129.830381,116.276655
39.664711,129.830381,116.301416
39.664903,129.830381,116.325909
39.665103,129.830381,116.360524
39.665914,129.830381,116.372849
39.666342,129.830381,116.379046
39.666755,129.830381,116.419746
39.667554,129.830381,116.430943
39.667669,129.830381,116.440693
39.667781,129.830381,116.470463
39.667992,129.830381,116.504894
39.668827,129.830381,116.504990
39.669665,129.830381,116.505939
39.669873,129.830381,116.536938
39.670700,129.830381,116.580373
39.671542,129.830381,116.593922
39.673299,129.830381,116.601327
39.673524,129.830381,116.603893
39.674326,129.830381,116.608721
39.674743,129.830381,116.614882
39.675172,129.830381,116.616140
39.675968,129.830381,116.638220
39.676172,129.830381,116.678933
39.676532,129.830381,116.712350
39.676939,129.830381,116.738204
39.677363,129.830381,116.743317
39.678216,129.830381,116.753282
39.678640,129.830381,116.815007
39.679066,129.830381,116.815868
39.679275,129.830381,116.822421
39.680062,129.830381,116.827202
39.680845,129.830381,116.834517
39.680994,129.830381,116.838142
39.681855,129.830381,116.840806
39.682269,129.830381,116.909543
39.682445,129.830381,116.912437
39.683301,129.830381,116.932255
39.683740,129.830381,116.972930
39.684158,129.830381,116.991315
39.684364,129.830381,116.996373
39.684797,129.830381,117.025973
39.685199,129.830381,117.034517
39.685309,129.830381,117.052924
39.685473,129.830381,117.068130
39.685899,129.830381,117.069205
39.686747,129.830381,117.077826
39.686982,129.830381,117.093903
39.687182,129.830381,117.099998
39.687595,129.830381,117.128543
39.688001,129.830381,117.138092
39.688105,129.830381,117.138402
39.688928,129.830381,117.168130
39.689351,129.830381,117.176543
39.689460,129.830381,117.190018
39.689864,129.830381,117.204876
39.690260,129.830381,117.212437
39.691038,129.830381,117.237141
39.691885,129.830381,117.240834
39.692348,129.830381,117.245468
39.692463,129.830381,117.245764
39.692571,129.830381,117.246718
39.692970,129.830381,117.251938
39.693821,129.830381,117.279025
39.694242,129.830381,117.307522
39.695112,129.830381,117.318526
39.695530,129.830381,117.335967
39.695943,129.830381,117.336034
39.696340,129.830381,117.338028
39.696506,129.830381,117.368063
39.696885,129.830381,117.397484
39.697724,129.830381,117.401196
39.698110,129.830381,117.408706
39.698933,129.830381,117.411166
39.699355,129.830381,117.425973
39.699549,129.830381,117.449132
39.699876,129.830381,117.450754
39.700648,129.830381,117.468104
39.700852,129.830381,117.523345
39.701054,129.830381,117.547103
39.701440,129.830381,117.554527
39.701847,129.830381,117.568885
39.702046,129.830381,117.607522
39.702847,129.830381,117.618526
39.703240,129.830381,117.622001
39.703454,129.830381,117.630943
39.703557,129.830381,117.634494
39.703953,129.830381,117.635870
39.704780,129.830381,117.635967
39.705173,129.830381,117.647103
39.705562,129.830381,117.713502
39.705762,129.830381,117.719874
39.706177,129.830381,117.725973
39.706578,129.830381,117.730943
39.706681,129.830381,117.745534
39.706873,129.830381,117.774033
39.707290,129.830381,117.777845
39.707684,129.830381,117.784066
39.707876,129.830381,117.822431
39.708334,129.830381,117.845634
39.708734,129.830381,117.881557
39.709145,129.830381,117.901164
39.709520,129.830381,117.923688
39.709732,129.830381,117.924789
39.710115,129.830381,117.927180
39.710893,129.830381,117.956770
39.711003,129.830381,117.971532
39.711410,129.830381,117.983733
39.711514,129.830381,118.038028
39.711687,129.830381,118.082626
39.712095,129.830381,118.118613
39.712498,129.830381,118.128371
39.712712,129.830381,118.138092
39.712812,129.830381,118.175477
39.714584,129.830381,118.180373
39.715404,129.830381,118.193644
39.715512,129.830381,118.197516
39.716322,129.830381,118.202353
39.716535,129.830381,118.221215
39.717376,129.830381,118.278922
39.719336,129.830381,118.293738
39.720274,129.830381,118.314882
39.720709,129.830381,118.315868
39.720951,129.830381,118.332245
39.722685,129.830381,118.343317
39.723463,129.830381,118.388682
39.723872,129.830381,118.409905
39.724328,129.830381,118.441666
39.724448,129.830381,118.445960
39.724646,129.830381,118.450687
39.725032,129.830381,118.460588
39.726718,129.830381,118.482622
39.727146,129.830381,118.519874
39.727567,129.830381,118.537962
39.727981,129.830381,118.559234
39.728173,129.830381,118.570562
39.729955,129.830381,118.617429
39.730778,129.830381,118.628341
39.730984,129.830381,118.630943
39.731089,129.830381,118.643394
39.731938,129.830381,118.656730
39.732047,129.830381,118.664360
39.732263,129.830381,118.667852
39.732645,129.830381,118.669205
39.733462,129.830381,118.671714
39.733670,129.830381,118.680209
39.734056,129.830381,118.704812
39.734257,129.830381,118.718613
39.735021,129.830381,118.730943
39.735128,129.830381,118.738402
39.735918,129.830381,118.760578
39.736759,129.830381,118.780354
39.737167,129.830381,118.793986
39.737359,129.830381,118.802545
39.738210,129.830381,118.845544
39.738413,129.830381,118.846959
39.738613,129.830381,118.859317
39.739005,129.830381,118.861438
39.739235,129.830381,118.880307
39.739653,129.830381,118.971665
39.740493,129.830381,118.981474
39.740900,129.830381,118.982722
39.741684,129.830381,119.015868
39.741893,129.830381,119.019756
39.742672,129.830381,119.038252
39.743465,129.830381,119.045960
39.743665,129.830381,119.081557
39.744042,129.830381,119.104904
39.744876,129.830381,119.115978
39.745742,129.830381,119.124706
39.745943,129.830381,119.128639
39.746778,129.830381,119.135967
39.746995,129.830381,119.149346
39.747776,129.830381,119.182568
39.748195,129.830381,119.216264
39.748400,129.830381,119.235967
39.748607,129.830381,119.259251
39.748813,129.830381,119.259298
39.749189,129.830381,119.268098
39.749396,129.830381,119.271665
39.750316,129.830381,119.302530
39.751147,129.830381,119.311166
39.752059,129.830381,119.311253
39.752929,129.830381,119.393822
39.753785,129.830381,119.402626
39.754340,129.830381,119.403806
39.755172,129.830381,119.449278
39.755580,129.830381,119.485075
39.755775,129.830381,119.519887
39.756173,129.830381,119.549342
39.757001,129.830381,119.581599
39.757437,129.830381,119.581666
39.757850,129.830381,119.604866
39.758221,129.830381,119.634517
39.758322,129.830381,119.678562
39.758409,129.830381,119.696290
39.758602,129.830381,119.712514
39.759447,129.830381,119.749503
39.759650,129.830381,119.757990
39.759856,129.830381,119.767825
39.760267,129.830381,119.777826
39.760683,129.830381,119.790028
39.761113,129.830381,119.800085
39.761978,129.830381,119.827298
39.763719,129.830381,119.881557
39.764127,129.830381,119.881599
39.764502,129.830381,119.903714
39.765370,129.830381,119.906271
39.765803,129.830381,119.906338
39.766222,129.830381,119.959298
39.766599,129.830381,119.985311
39.767005,129.830381,119.986293
39.767178,129.830381,120.001471
39.767590,129.830381,120.027106
39.768453,129.830381,120.093826
39.770142,129.830381,120.101471
39.770561,129.830381,120.111253
39.771382,129.830381,120.116012
39.771785,129.830381,120.122257
39.772213,129.830381,120.177841
39.772630,129.830381,120.190024
39.772839,129.830381,120.194120
39.773032,129.830381,120.217429
39.773857,129.830381,120.219874
39.774280,129.830381,120.234504
39.774711,129.830381,120.270466
39.775563,129.830381,120.271458
39.775801,129.830381,120.291381
39.776230,129.830381,120.345544
39.776428,129.830381,120.354383
39.776641,129.830381,120.389023
39.777059,129.830381,120.397414
39.777169,129.830381,120.402545
39.778038,129.830381,120.412520
39.778253,129.830381,120.412583
39.778489,129.830381,120.427298
39.778911,129.830381,120.433410
39.779758,129.830381,120.434517
39.779863,129.830381,120.449350
39.780076,129.830381,120.492735
39.780482,129.830381,120.507445
39.780891,129.830381,120.512514
39.781708,129.830381,120.515998
39.782567,129.830381,120.532149
39.783427,129.830381,120.548053
39.783768,129.830381,120.580383
39.783959,129.830381,120.584066
39.784156,129.830381,120.590065
39.784564,129.830381,120.600332
39.784772,129.830381,120.613534
39.785194,129.830381,120.618690
39.786083,129.830381,120.654383
39.786303,129.830381,120.675487
39.786527,129.830381,120.682568
39.786881,129.830381,120.686466
39.787224,129.830381,120.704844
39.787636,129.830381,120.716066
39.788086,129.830381,120.717407
39.788278,129.830381,120.778858
39.789132,129.830381,120.794120
39.789345,129.830381,120.809890
39.790154,129.830381,120.832127
39.790346,129.830381,120.845502
39.790752,129.830381,120.889907
39.790860,129.830381,120.890111
39.790962,129.830381,120.895046
39.791170,129.830381,120.913534
39.791576,129.830381,120.913762
39.791993,129.830381,120.927074
39.792174,129.830381,120.938338
39.792972,129.830381,120.969118
39.793447,129.830381,120.982604
39.793650,129.830381,121.001416
39.793848,129.830381,121.006197
39.794035,129.830381,121.016258
39.794236,129.830381,121.027157
39.794424,129.830381,121.043266
39.794816,129.830381,121.201416
39.795016,129.830381,121.204990
39.795886,129.830381,121.219797
39.796293,129.830381,121.249350
39.796496,129.830381,121.254078
39.796694,129.830381,121.276531
39.796895,129.830381,121.325909
39.797084,129.830381,121.349250
39.797287,129.830381,121.361122
39.804393,129.830381,121.374271
39.805323,129.830381,121.389023
39.805788,129.830381,121.393717
39.806234,129.830381,121.397308
39.806341,129.830381,121.404844
39.806770,129.830381,121.410069
39.807692,129.830381,121.416066
39.808132,129.830381,121.428437
39.808546,129.830381,121.470463
39.808745,129.830381,121.509890
39.808945,129.830381,121.519797
39.809368,129.830381,121.532127
39.809568,129.830381,121.584958
39.809998,129.830381,121.597327
39.810106,129.830381,121.605055
39.810307,129.830381,121.614882
39.810692,129.830381,121.634517
39.810795,129.830381,121.646982
39.811231,129.830381,121.682412
39.811410,129.830381,121.686338
39.812297,129.830381,121.713695
39.812735,129.830381,121.725758
39.813631,129.830381,121.748149
39.814040,129.830381,121.749292
39.814234,129.830381,121.749356
39.815056,129.830381,121.767834
39.815170,129.830381,121.775231
39.815273,129.830381,121.819743
39.815329,129.830381,121.827157
39.815520,129.830381,121.870466
39.816327,129.830381,121.890111
39.816433,129.830381,121.893992
39.816632,129.830381,121.899699
39.816862,129.830381,121.912437
39.817771,129.830381,121.921058
39.818229,129.830381,121.928543
39.818677,129.830381,121.932255
39.819072,129.830381,121.949350
39.819280,129.830381,121.993832
39.820253,129.830381,122.025973
39.820650,129.830381,122.027138
39.821072,129.830381,122.028514
39.821270,129.830381,122.050590
39.821675,129.830381,122.061807
39.821881,129.830381,122.069205
39.822726,129.830381,122.093903
39.822939,129.830381,122.099998
39.823355,129.830381,122.150754
39.824195,129.830381,122.187733
39.824583,129.830381,122.190018
39.824962,129.830381,122.204812
39.825174,129.830381,122.204876
39.825548,129.830381,122.216034
39.826380,129.830381,122.247103
39.826804,129.830381,122.251938
39.827589,129.830381,122.260386
39.828001,129.830381,122.271308
39.828097,129.830381,122.307522
39.828918,129.830381,122.318526
39.829333,129.830381,122.335967
39.829726,129.830381,122.347103
39.830130,129.830381,122.368104
39.830340,129.830381,122.397484
39.831117,129.830381,122.407381
39.831309,129.830381,122.408706
39.832085,129.830381,122.415857
39.832188,129.830381,122.427308
39.833987,129.830381,122.434517
39.834117,129.830381,122.449164
39.834315,129.830381,122.462965
39.834515,129.830381,122.471487
39.834704,129.830381,122.479189
39.835500,129.830381,122.482498
39.835608,129.830381,122.492638
39.836477,129.830381,122.495135
39.836690,129.830381,122.515007
39.837078,129.830381,122.542204
39.837201,129.830381,122.549410
39.837588,129.830381,122.575487
39.837791,129.830381,122.581557
39.838194,129.830381,122.582556
39.838399,129.830381,122.586385
39.838600,129.830381,122.627116
39.839440,129.830381,122.634517
39.839548,129.830381,122.640478
39.839962,129.830381,122.670389
39.840791,129.830381,122.675487
39.840995,129.830381,122.685141
39.841093,129.830381,122.686270
39.841507,129.830381,122.687733
39.841905,129.830381,122.693836
39.843579,129.830381,122.725973
39.843992,129.830381,122.749442
39.845617,129.830381,122.763586
39.860080,129.830381,122.774033
39.860564,129.830381,122.804972
39.862380,129.830381,122.828543
39.862846,129.830381,122.839679
39.863293,129.830381,122.860578
39.865130,129.830381,122.871468
39.865353,129.830381,122.923688
39.865542,129.830381,122.956706
39.865949,129.830381,122.993738
39.866813,129.830381,123.033333
39.867030,129.830381,123.037141
39.867897,129.830381,123.043317
39.868754,129.830381,123.128371
39.868977,129.830381,123.153215
39.869399,129.830381,123.156853
39.869611,129.830381,123.164172
39.870467,129.830381,123.166538
39.872319,129.830381,123.181470
39.872770,129.830381,123.200085
39.873629,129.830381,123.212202
39.874500,129.830381,123.243234
39.874710,129.830381,123.254399
39.874907,129.830381,123.279189
39.875711,129.830381,123.293738
39.876592,129.830381,123.313621
39.877486,129.830381,123.327106
39.878264,129.830381,123.340478
39.878684,129.830381,123.369205
39.879515,129.830381,123.380209
39.879969,129.830381,123.393758
39.880798,129.830381,123.401182
39.881206,129.830381,123.404812
39.881414,129.830381,123.426954
39.881615,129.830381,123.434517
39.881713,129.830381,123.438402
39.882548,129.830381,123.459157
39.882759,129.830381,123.472849
39.883167,129.830381,123.480354
39.883590,129.830381,123.489916
39.883700,129.830381,123.493706
39.884569,129.830381,123.493986
39.884843,129.830381,123.620778
39.885243,129.830381,123.627157
39.885433,129.830381,123.628341
39.885661,129.830381,123.638092
39.885760,129.830381,123.649503
39.885944,129.830381,123.667852
39.886348,129.830381,123.669205
39.887174,129.830381,123.671714
39.887367,129.830381,123.680209
39.887749,129.830381,123.683967
39.887892,129.830381,123.689971
39.888088,129.830381,123.708706
39.888927,129.830381,123.748258
39.889359,129.830381,123.771586
39.891144,129.830381,123.781557
39.891579,129.830381,123.855413
39.891750,129.830381,123.859317
39.892138,129.830381,123.866658
39.892347,129.830381,123.888853
39.892544,129.830381,123.907522
39.893375,129.830381,123.911089
39.893789,129.830381,123.913698
39.894612,129.830381,123.934655
39.894827,129.830381,123.959327
39.895232,129.830381,123.971665
39.896123,129.830381,123.981474
39.896530,129.830381,124.038252
39.897306,129.830381,124.049235
39.897509,129.830381,124.056674
39.897701,129.830381,124.081258
39.898525,129.830381,124.082556
39.898725,129.830381,124.112463
39.899129,129.830381,124.115978
39.899999,129.830381,124.124706
39.900191,129.830381,124.135743
39.900294,129.830381,124.154527
39.900682,129.830381,124.224789
39.901064,129.830381,124.259251
39.901265,129.830381,124.286348
39.902110,129.830381,124.311166
39.902955,129.830381,124.317407
39.903149,129.830381,124.327842
39.916781,129.830381,124.330790
39.916905,129.830381,124.333043
39.917123,129.830381,124.376565
39.917567,129.830381,124.380354
39.918002,129.830381,124.427157
39.918286,129.830381,124.541969
39.918706,129.830381,124.581557
39.919169,129.830381,124.581599
39.919615,129.830381,124.585139
39.919890,129.830381,124.596277
39.920109,129.830381,124.607335
39.920219,129.830381,124.627157
39.920418,129.830381,124.633333
39.920617,129.830381,124.637141
39.921512,129.830381,124.689928
39.921720,129.830381,124.693836
39.923534,129.830381,124.696290
39.923746,129.830381,124.701474
39.923942,129.830381,124.704812
39.924132,129.830381,124.717173
39.924337,129.830381,124.725698
39.924439,129.830381,124.763902
39.924650,129.830381,124.772618
39.925084,129.830381,124.782556
39.925303,129.830381,124.790028
39.925699,129.830381,124.794974
39.926111,129.830381,124.800085
39.926986,129.830381,124.816012
39.927412,129.830381,124.817265
39.927859,129.830381,124.917429
39.928731,129.830381,124.919780
39.928845,129.830381,124.971650
39.929719,129.830381,124.993698
39.930132,129.830381,125.011110
39.930552,129.830381,125.018613
39.931361,129.830381,125.019874
39.931775,129.830381,125.027106
39.932555,129.830381,125.068945
39.932663,129.830381,125.071404
39.932761,129.830381,125.073822
39.933171,129.830381,125.082508
39.933270,129.830381,125.100162
39.934102,129.830381,125.114485
39.934203,129.830381,125.118530
39.934609,129.830381,125.123487
39.934711,129.830381,125.138092
39.934806,129.830381,125.167601
39.934911,129.830381,125.187778
39.935332,129.830381,125.209890
39.935758,129.830381,125.271458
39.935941,129.830381,125.271496
39.936353,129.830381,125.313278
39.936550,129.830381,125.316085
39.936933,129.830381,125.318690
39.937778,129.830381,125.320934
39.937985,129.830381,125.327170
39.938776,129.830381,125.337075
39.939187,129.830381,125.354383
39.939389,129.830381,125.398847
39.939788,129.830381,125.427157
39.939977,129.830381,125.427298
39.940367,129.830381,125.460588
39.942048,129.830381,125.475330
39.942480,129.830381,125.494047
39.942969,129.830381,125.498476
39.943178,129.830381,125.509890
39.944052,129.830381,125.556716
39.944448,129.830381,125.576286
39.944553,129.830381,125.584066
39.944755,129.830381,125.594047
39.945138,129.830381,125.606338
39.945535,129.830381,125.613534
39.945948,129.830381,125.685311
39.946378,129.830381,125.693698
39.946811,129.830381,125.704844
39.947208,129.830381,125.715934
39.947623,129.830381,125.716019
39.947840,129.830381,125.716066
39.948235,129.830381,125.760812
39.948363,129.830381,125.763039
39.948552,129.830381,125.767919
39.948754,129.830381,125.773822
39.949259,129.830381,125.774197
39.950133,129.830381,125.777749
39.950600,129.830381,125.802559
39.951007,129.830381,125.877826
39.951404,129.830381,125.895046
39.951638,129.830381,125.901416
39.951836,129.830381,125.927116
39.952741,129.830381,125.939509
39.953165,129.830381,125.948145
39.953616,129.830381,125.960435
39.954502,129.830381,125.993890
39.954921,129.830381,125.998481
39.955118,129.830381,126.001192
39.955532,129.830381,126.038146
39.955722,129.830381,126.080287
39.955927,129.830381,126.089023
39.956349,129.830381,126.089090
39.956749,129.830381,126.092735
39.957162,129.830381,126.093715
39.958037,129.830381,126.137989
39.958096,129.830381,126.181186
39.958736,129.830381,126.204812
39.958974,129.830381,126.259298
39.959384,129.830381,126.268063
39.959837,129.830381,126.278818
39.960029,129.830381,126.282686
39.960912,129.830381,126.291018
39.961350,129.830381,126.298658
39.961546,129.830381,126.304689
39.961646,129.830381,126.332149
39.962495,129.830381,126.338216
39.963374,129.830381,126.349493
39.963763,129.830381,126.371596
39.965591,129.830381,126.375234
39.965704,129.830381,126.382732
39.966525,129.830381,126.389023
39.966922,129.830381,126.393717
39.967303,129.830381,126.404844
39.967677,129.830381,126.413695
39.968083,129.830381,126.416066
39.968463,129.830381,126.428437
39.968847,129.830381,126.449256
39.969243,129.830381,126.509890
39.969432,129.830381,126.514602
39.970275,129.830381,126.527157
39.970501,129.830381,126.535743
39.970556,129.830381,126.540597
39.970650,129.830381,126.574197
39.971429,129.830381,126.579025
39.971850,129.830381,126.581470
39.972284,129.830381,126.593992
39.972482,129.830381,126.605055
39.972668,129.830381,126.606210
39.973068,129.830381,126.647838
39.973257,129.830381,126.649244
39.973453,129.830381,126.653032
39.973504,129.830381,126.680373
39.974287,129.830381,126.686338
39.975107,129.830381,126.704812
39.975296,129.830381,126.716162
39.976953,129.830381,126.723426
39.977161,129.830381,126.748149
39.977542,129.830381,126.749292
39.977732,129.830381,126.749506
39.979385,129.830381,126.750590
39.979816,129.830381,126.823349
39.980020,129.830381,126.838466
39.980136,129.830381,126.904812
39.980331,129.830381,126.916034
39.981209,129.830381,126.928543
39.981619,129.830381,126.946946
39.982492,129.830381,126.949292
39.982882,129.830381,126.978818
39.983084,129.830381,127.028514
39.983269,129.830381,127.050590
39.983668,129.830381,127.061807
39.983873,129.830381,127.070302
39.984279,129.830381,127.149164
39.984521,129.830381,127.149493
39.984899,129.830381,127.163996
39.984995,129.830381,127.166581
39.985175,129.830381,127.171532
39.985659,129.830381,127.290312
39.985862,129.830381,127.296019
39.986056,129.830381,127.374010
39.986156,129.830381,127.407381
39.986336,129.830381,127.408738
39.986528,129.830381,127.413695
39.986968,129.830381,127.415970
39.987341,129.830381,127.433410
39.987748,129.830381,127.453026
39.988582,129.830381,127.462965
39.988770,129.830381,127.495135
39.988948,129.830381,127.528610
39.989335,129.830381,127.549410
39.989713,129.830381,127.593708
39.990106,129.830381,127.599727
39.990162,129.830381,127.627116
39.990952,129.830381,127.676565
39.991329,129.830381,127.686270
39.991734,129.830381,127.704812
39.991925,129.830381,127.707583
39.992379,129.830381,127.746622
39.992574,129.830381,127.771640
39.992639,129.830381,127.778771
39.992745,129.830381,127.782466
39.992926,129.830381,127.789937
39.993126,129.830381,127.801480
39.993337,129.830381,127.804689
39.993432,129.830381,127.828543
39.993802,129.830381,127.829621
39.994174,129.830381,127.834300
39.994277,129.830381,127.871468
39.994460,129.830381,127.882732
39.995236,129.830381,127.885205
39.995630,129.830381,127.914882
39.996003,129.830381,127.918434
39.996097,129.830381,127.932149
39.996871,129.830381,127.953215
39.997280,129.830381,127.956706
39.997655,129.830381,127.968086
39.997718,129.830381,127.993738
39.998552,129.830381,128.036798
39.998944,129.830381,128.077826
39.999717,129.830381,128.099818
40.000532,129.830381,128.119903
40.000722,129.830381,128.154303
40.000911,129.830381,128.164172
40.001670,129.830381,128.181470
40.002065,129.830381,128.204812
40.002271,129.830381,128.254399
40.002456,129.830381,128.260309
40.002644,129.830381,128.286370
40.002842,129.830381,128.293644
40.003037,129.830381,128.293708
40.003436,129.830381,128.305474
40.018388,129.830381,128.313425
40.018649,129.830381,128.313621
40.019621,129.830381,128.315944
40.020185,129.830381,128.325973
40.020599,129.830381,128.327106
40.021549,129.830381,128.327157
40.021783,129.830381,128.349503
40.021982,129.830381,128.357950
40.022194,129.830381,128.358965
40.022388,129.830381,128.369205
40.023298,129.830381,128.380209
40.023743,129.830381,128.465397
40.023952,129.830381,128.473887
40.024051,129.830381,128.493706
40.024934,129.830381,128.504689
40.025035,129.830381,128.507358
40.025471,129.830381,128.508488
40.025890,129.830381,128.517407
40.026085,129.830381,128.556770
40.026278,129.830381,128.574110
40.027201,129.830381,128.584066
40.027400,129.830381,128.586206
40.027608,129.830381,128.593715
40.027708,129.830381,128.607522
40.028573,129.830381,128.611093
40.028993,129.830381,128.613698
40.029826,129.830381,128.625973
40.030208,129.830381,128.644501
40.030618,129.830381,128.659327
40.031040,129.830381,128.708706
40.031850,129.830381,128.736798
40.032271,129.830381,128.738252
40.033140,129.830381,128.756674
40.033347,129.830381,128.765439
40.033445,129.830381,128.853215
40.033864,129.830381,128.854370
40.034065,129.830381,128.854527
40.034472,129.830381,128.878828
40.034667,129.830381,128.888853
40.034855,129.830381,128.893890
40.035247,129.830381,128.911089
40.035636,129.830381,128.927231
40.036041,129.830381,128.934655
40.036232,129.830381,128.971532
40.036597,129.830381,128.997736
40.036783,129.830381,129.014538
40.037161,129.830381,129.025973
40.037527,129.830381,129.065333
40.037712,129.830381,129.070463
40.037949,129.830381,129.081182
40.038139,129.830381,129.127157
40.038323,129.830381,129.135665
40.038522,129.830381,129.141909
40.038612,129.830381,129.161794
40.039001,129.830381,129.180354
40.039409,129.830381,129.188994
40.039820,129.830381,129.204812
40.040225,129.830381,129.220659
40.040441,129.830381,129.260394
40.041304,129.830381,129.286348
40.042422,129.830381,129.327157
40.042615,129.830381,129.330728
40.043068,129.830381,129.334655
40.043270,129.830381,129.348145
40.043681,129.830381,129.348258
40.044093,129.830381,129.360258
40.044248,129.830381,129.404812
40.044453,129.830381,129.419654
40.044656,129.830381,129.450677
40.045583,129.830381,129.466658
40.045790,129.830381,129.500085
40.046703,129.830381,129.512188
40.046965,129.830381,129.517265
40.047392,129.830381,129.517407
40.047584,129.830381,129.537932
40.047753,129.830381,129.552862
40.047970,129.830381,129.562901
40.048061,129.830381,129.578828
40.048287,129.830381,129.585139
40.048485,129.830381,129.638238
40.049012,129.830381,129.643167
40.049110,129.830381,129.645557
40.049205,129.830381,129.651518
40.049405,129.830381,129.653996
40.049589,129.830381,129.660414
40.050421,129.830381,129.662850
40.050617,129.830381,129.673762
40.050836,129.830381,129.687266
40.050941,129.830381,129.693836
40.052600,129.830381,129.709813
40.053021,129.830381,129.723294
40.053220,129.830381,129.729363
40.053416,129.830381,129.749442
40.055118,129.830381,129.765397
40.055320,129.830381,129.770389
40.056162,129.830381,129.804972
40.057825,129.830381,129.817265
40.058242,129.830381,129.830381
