Time,UB,LB
0.000000,706.664632,0.000000
0.236057,706.664632,4.376458
0.236641,525.805502,4.376458
0.237310,479.074878,4.376458
0.241748,471.461358,4.376458
0.252629,456.852798,4.376458
0.257793,453.149118,4.376458
0.264750,452.600438,4.376458
0.313149,450.186174,4.376458
0.318918,449.390582,4.376458
0.337240,427.964094,4.376458
0.423743,345.918138,4.376458
0.424115,310.804858,4.376458
0.430629,293.933114,4.376458
0.430975,271.281402,4.376458
0.431297,264.316090,4.376458
0.441312,259.391638,4.376458
0.497514,258.910166,4.376458
0.662466,252.477563,4.376458
0.669191,252.347408,4.376458
0.669517,245.382096,4.376458
0.682557,239.970078,4.376458
0.856124,239.735518,4.376458
0.878533,237.933118,4.376458
19.837797,234.090024,4.376458
20.020621,222.992190,4.376458
20.020945,216.026878,4.376458
20.063945,215.661659,4.376458
20.228159,214.189035,4.376458
246.992711,214.189035,4.765344
247.073845,214.189035,5.382624
247.155222,214.189035,5.611018
247.196018,214.189035,6.228298
247.239931,214.189035,6.617184
247.281510,214.189035,7.462858
247.304544,214.189035,13.497408
247.382542,214.189035,14.112192
247.456610,214.189035,14.765918
247.497782,214.189035,15.349248
247.540097,214.189035,15.380702
247.579820,214.189035,15.964032
247.618240,214.189035,16.275168
247.658571,214.189035,16.617758
247.679127,214.189035,16.889952
247.718726,214.189035,17.015904
247.804599,214.189035,17.232542
247.824323,214.189035,17.543678
247.845738,214.189035,18.127008
247.866919,214.189035,18.158462
247.886275,214.189035,18.284414
247.930280,214.189035,18.741792
247.949830,214.189035,18.867744
247.996083,214.189035,19.052928
248.070841,214.189035,19.162200
248.173823,214.189035,19.793664
248.220280,214.189035,20.010302
248.230329,214.189035,20.136254
248.252693,214.189035,20.321438
248.290194,214.189035,20.430710
248.342102,214.189035,20.534400
248.393182,214.189035,20.904768
248.431227,214.189035,21.014040
248.483378,214.189035,21.062174
248.506299,214.189035,21.645504
248.529092,214.189035,21.830688
248.615218,214.189035,21.939960
248.668033,214.189035,22.173278
248.687360,214.189035,22.282550
248.713283,214.189035,22.386240
248.738720,214.189035,22.680696
248.791954,214.189035,22.914014
248.803019,214.189035,23.099198
248.821759,214.189035,23.208470
248.847585,214.189035,23.312160
248.871824,214.189035,23.682528
248.913235,214.189035,23.791800
248.938685,214.189035,23.949206
248.964896,214.189035,24.532536
248.992296,214.189035,24.608448
249.012359,214.189035,24.951038
249.021656,214.189035,25.060310
249.034081,214.189035,25.164000
249.045245,214.189035,25.349184
249.091286,214.189035,25.458456
249.118529,214.189035,25.801046
249.131667,214.189035,25.967712
249.211120,214.189035,26.089920
249.256530,214.189035,26.199192
249.313827,214.189035,26.460288
249.324075,214.189035,26.617694
249.346039,214.189035,27.201024
249.368676,214.189035,27.236222
249.410996,214.189035,27.310296
249.424010,214.189035,27.358430
249.445604,214.189035,27.386208
249.484026,214.189035,27.467702
249.512113,214.189035,27.495480
249.566989,214.189035,27.892342
249.610413,214.189035,28.055286
249.633234,214.189035,28.200982
249.663111,214.189035,28.302198
249.686004,214.189035,28.447894
249.738284,214.189035,28.758986
249.749832,214.189035,29.005898
249.769653,214.189035,29.126902
249.811430,214.189035,29.151594
249.837289,214.189035,29.289846
249.884588,214.189035,29.435542
249.914280,214.189035,29.583690
249.937712,214.189035,29.746634
249.949936,214.189035,29.783670
249.971416,214.189035,29.892330
249.986196,214.189035,29.929366
250.014082,214.189035,29.993546
250.026248,214.189035,30.139242
250.054068,214.189035,30.423190
250.083904,214.189035,30.771318
250.095241,214.189035,30.818250
250.116522,214.189035,30.917014
250.143618,214.189035,30.981194
250.155177,214.189035,31.018230
250.175668,214.189035,31.126890
250.189135,214.189035,31.163926
250.215190,214.189035,31.475018
250.224831,214.189035,31.614486
250.245984,214.189035,31.645350
250.258376,214.189035,31.758966
250.280146,214.189035,31.904662
250.293917,214.189035,32.308926
250.347663,214.189035,32.462666
250.353301,214.189035,32.879910
250.365413,214.189035,32.892310
250.378182,214.189035,32.993526
250.391940,214.189035,33.006430
250.401647,214.189035,33.188550
250.413815,214.189035,33.450314
250.419014,214.189035,33.596010
250.424739,214.189035,33.728670
250.435222,214.189035,33.978646
250.444672,214.189035,34.126870
250.457319,214.189035,34.160766
250.469647,214.189035,34.423110
250.481291,214.189035,34.805878
250.530602,214.189035,35.395326
250.555246,214.189035,35.462646
250.560749,214.189035,35.703966
250.615454,214.189035,36.092830
250.620545,214.189035,36.274950
250.626719,214.189035,36.497226
250.651942,214.189035,36.595990
250.658254,214.189035,36.697206
250.680426,214.189035,36.842902
250.709825,214.189035,36.938526
250.722512,214.189035,37.274998
250.747103,214.189035,37.509510
250.753233,214.189035,37.787286
250.795061,214.189035,37.818150
250.825753,214.189035,37.830550
250.854047,214.189035,38.388554
250.865048,214.189035,38.509558
250.888967,214.189035,38.534250
250.902590,214.189035,38.790366
250.929693,214.189035,38.966346
250.941331,214.189035,39.021846
250.986468,214.189035,39.166326
250.997704,214.189035,39.312022
251.010330,214.189035,39.521898
251.022893,214.189035,39.901470
251.042936,214.189035,40.024926
251.049226,214.189035,40.200906
251.060520,214.189035,40.299670
251.073163,214.189035,40.333566
251.101034,214.189035,40.400886
251.112438,214.189035,40.546582
251.125061,214.189035,40.857674
251.130751,214.189035,40.873686
251.152449,214.189035,40.904550
251.166061,214.189035,40.978678
251.177792,214.189035,41.003370
251.183832,214.189035,41.136030
251.208760,214.189035,41.534230
251.234758,214.189035,41.568126
251.260172,214.189035,41.991018
251.266479,214.189035,42.092234
251.271504,214.189035,42.108246
251.292041,214.189035,42.237930
251.298499,214.189035,42.416886
251.322069,214.189035,42.447750
251.335754,214.189035,42.670026
251.341216,214.189035,42.870006
251.346414,214.189035,42.987870
251.356107,214.189035,43.015702
251.362105,214.189035,43.225578
251.367874,214.189035,43.419966
251.380067,214.189035,43.651446
251.401192,214.189035,43.682310
251.413573,214.189035,44.003350
251.425880,214.189035,44.222430
251.435693,214.189035,44.250262
251.465358,214.189035,44.531070
251.475971,214.189035,44.561354
251.478603,214.189035,44.654526
251.490736,214.189035,44.709446
251.493625,214.189035,45.451334
251.499605,214.189035,45.503286
251.509387,214.189035,45.534150
251.515042,214.189035,45.765630
251.524697,214.189035,46.136515
251.527518,214.189035,46.197726
251.539479,214.189035,46.469846
251.564777,214.189035,46.506883
251.578137,214.189035,46.737846
251.588068,214.189035,46.768710
251.593717,214.189035,47.617470
251.598662,214.189035,47.673542
251.611918,214.189035,47.951318
251.636866,214.189035,48.383360
251.643225,214.189035,49.108648
251.654528,214.189035,49.139528
251.660115,214.189035,49.155014
251.664366,214.189035,49.525382
251.679541,214.189035,49.744462
251.685356,214.189035,50.176558
251.714553,214.189035,50.469750
251.726527,214.189035,50.512960
251.732637,214.189035,50.837032
251.744093,214.189035,51.441966
251.756705,214.189035,51.904942
251.783469,214.189035,52.025366
251.795048,214.189035,52.062403
251.801253,214.189035,52.198134
251.812589,214.189035,52.704320
251.815419,214.189035,53.229062
251.823759,214.189035,53.253629
251.837655,214.189035,53.429608
251.843131,214.189035,53.506838
251.854145,214.189035,54.401824
251.859919,214.189035,54.562387
251.865171,214.189035,54.809174
251.877288,214.189035,55.157992
251.882622,214.189035,55.179542
251.903587,214.189035,55.228925
251.916331,214.189035,55.729046
251.921921,214.189035,55.762926
251.928015,214.189035,55.766083
251.930893,214.189035,56.043859
251.936243,214.189035,56.562374
251.941994,214.189035,56.657998
251.954213,214.189035,56.784470
251.968454,214.189035,57.210518
251.974160,214.189035,58.191869
251.980096,214.189035,58.266067
251.982654,214.189035,58.386382
251.995329,214.189035,58.562237
252.005027,214.189035,58.722784
252.009064,214.189035,59.099395
252.012791,214.189035,59.617856
252.018512,214.189035,59.747539
252.021165,214.189035,60.117782
252.031088,214.189035,60.167165
252.036771,214.189035,60.266054
252.039633,214.189035,60.978958
252.045227,214.189035,61.303030
252.054789,214.189035,61.346240
252.060539,214.189035,62.019222
252.144261,214.189035,62.676462
252.159011,214.189035,62.707342
252.165715,214.189035,62.803075
252.167240,214.189035,63.500477
252.172084,214.189035,63.938816
252.174889,214.189035,64.262888
252.179681,214.189035,64.404846
252.192962,214.189035,64.769718
252.237600,214.189035,65.070973
252.281858,214.189035,65.623990
252.287062,214.189035,65.636320
252.293300,214.189035,65.667200
252.296117,214.189035,66.191942
252.301912,214.189035,66.626518
252.346966,214.189035,66.997422
252.353457,214.189035,67.321494
252.364807,214.189035,67.364704
252.370850,214.189035,67.673414
252.377113,214.189035,68.152413
252.399342,214.189035,68.583848
252.401910,214.189035,68.725806
252.408404,214.189035,68.728963
252.411385,214.189035,69.707958
252.433461,214.189035,69.895622
252.436613,214.189035,69.957280
252.439541,214.189035,70.009213
252.461521,214.189035,70.173398
252.468017,214.189035,70.210435
252.471124,214.189035,70.281352
252.476634,214.189035,71.070934
252.522474,214.189035,71.207926
252.572833,214.189035,71.377094
252.576113,214.189035,71.642454
252.581646,214.189035,71.685664
252.584474,214.189035,72.599200
252.585894,214.189035,72.923272
252.588420,214.189035,73.090653
252.598812,214.189035,74.068310
252.611079,214.189035,74.152374
252.634502,214.189035,74.284374
252.637399,214.189035,74.327584
252.638869,214.189035,74.453629
252.662665,214.189035,74.602312
252.665709,214.189035,74.614610
252.692545,214.189035,75.649590
252.719186,214.189035,76.009174
252.744040,214.189035,76.580470
252.769364,214.189035,77.451005
252.775492,214.189035,77.535069
252.786743,214.189035,77.587965
252.788132,214.189035,77.830702
252.794010,214.189035,79.006550
252.799708,214.189035,79.090614
252.810270,214.189035,79.391869
252.820931,214.189035,80.132534
252.822698,214.189035,80.300795
252.834385,214.189035,80.577046
252.891635,214.189035,81.018845
252.894816,214.189035,81.231675
252.906952,214.189035,81.917558
252.933404,214.189035,82.389245
252.936499,214.189035,82.439670
252.948616,214.189035,82.574390
252.951525,214.189035,83.515229
252.952431,214.189035,83.625014
252.955899,214.189035,83.943606
253.000640,214.189035,83.999162
253.028868,214.189035,84.109078
253.032512,214.189035,85.065006
253.060186,214.189035,85.074358
253.066390,214.189035,85.995886
253.094543,214.189035,86.316250
253.096088,214.189035,86.373142
253.140777,214.189035,86.850838
253.153445,214.189035,87.090875
253.159095,214.189035,87.491773
253.160830,214.189035,88.090358
253.172924,214.189035,88.440315
253.196097,214.189035,88.618682
253.199359,214.189035,88.820510
253.202581,214.189035,89.047318
253.204415,214.189035,89.484310
253.206201,214.189035,89.648310
253.228357,214.189035,89.716211
253.241147,214.189035,90.368670
253.245138,214.189035,90.579190
253.270162,214.189035,90.601510
253.291276,214.189035,90.647091
253.303890,214.189035,91.306422
253.325433,214.189035,91.317542
253.353728,214.189035,91.855086
253.366429,214.189035,92.545942
253.389941,214.189035,92.678674
253.390892,214.189035,92.786422
253.392422,214.189035,92.867005
253.393252,214.189035,93.616750
253.399214,214.189035,94.174202
253.400719,214.189035,94.299515
253.410953,214.189035,94.422550
253.411802,214.189035,94.730854
253.413281,214.189035,95.230395
253.423926,214.189035,95.484182
253.446462,214.189035,95.534790
253.457067,214.189035,95.545910
253.469599,214.189035,95.670078
253.493888,214.189035,96.000622
253.523914,214.189035,96.250822
253.537011,214.189035,96.438390
253.548132,214.189035,96.506291
253.554226,214.189035,96.774310
253.564555,214.189035,97.490342
253.577010,214.189035,97.578510
253.586932,214.189035,97.614510
253.611412,214.189035,97.805245
253.611906,214.189035,98.131510
253.617375,214.189035,100.757334
253.620717,214.189035,100.825390
253.631909,214.189035,100.844992
253.634645,214.189035,101.000590
253.659518,214.189035,101.074664
253.672836,214.189035,101.364808
253.678052,214.189035,101.485870
253.703875,214.189035,101.756270
253.715054,214.189035,101.824171
253.721473,214.189035,101.842878
253.733846,214.189035,102.229715
253.738909,214.189035,102.731286
253.740613,214.189035,102.878838
253.755658,214.189035,102.953290
253.758374,214.189035,103.032166
253.765026,214.189035,103.407982
253.778000,214.189035,103.477694
253.781135,214.189035,103.680694
253.784077,214.189035,103.730077
253.785678,214.189035,104.320366
253.833205,214.189035,104.581230
253.845325,214.189035,105.691144
253.846210,214.189035,105.776158
253.858927,214.189035,106.074632
253.870384,214.189035,106.387246
253.876422,214.189035,106.390664
253.889102,214.189035,106.437552
253.890666,214.189035,106.996435
253.919292,214.189035,107.063389
253.920864,214.189035,107.279534
253.934259,214.189035,107.615470
253.940412,214.189035,107.720590
253.953773,214.189035,107.785710
253.965448,214.189035,108.051774
253.968402,214.189035,108.101742
253.979680,214.189035,108.375717
253.985611,214.189035,108.402934
253.997199,214.189035,108.407950
254.012481,214.189035,108.646558
254.018374,214.189035,108.689317
254.024391,214.189035,108.723982
254.037732,214.189035,109.135310
254.066325,214.189035,109.394408
254.089719,214.189035,109.462070
254.096710,214.189035,109.510750
254.103306,214.189035,109.629814
254.106719,214.189035,109.927350
254.109996,214.189035,110.368606
254.112852,214.189035,110.431438
254.140977,214.189035,110.901286
254.169088,214.189035,110.903478
254.175638,214.189035,111.011632
254.177189,214.189035,111.084638
254.180640,214.189035,111.119926
254.183844,214.189035,111.121422
254.208824,214.189035,111.157808
254.222481,214.189035,111.460854
254.229562,214.189035,111.522830
254.241933,214.189035,111.727726
254.266171,214.189035,111.871310
254.272785,214.189035,111.948958
254.279929,214.189035,112.023818
254.286141,214.189035,112.372734
254.287717,214.189035,112.653430
254.295216,214.189035,112.801590
254.302360,214.189035,112.859752
254.308650,214.189035,113.212046
254.314404,214.189035,113.266870
254.318209,214.189035,113.307133
254.324372,214.189035,113.351438
254.330819,214.189035,113.481992
254.337220,214.189035,113.491126
254.352361,214.189035,113.561326
254.356009,214.189035,113.677326
254.359172,214.189035,113.732882
254.360967,214.189035,113.739118
254.364519,214.189035,113.773806
254.370613,214.189035,113.796358
254.372405,214.189035,113.798024
254.378554,214.189035,113.984552
254.393758,214.189035,114.282422
254.400835,214.189035,114.459446
254.404615,214.189035,114.686894
254.411330,214.189035,114.869902
254.414471,214.189035,115.097006
254.416192,214.189035,115.135214
254.417903,214.189035,115.193014
254.424286,214.189035,115.210830
254.430511,214.189035,115.266386
254.433945,214.189035,115.271950
254.439650,214.189035,115.313006
254.441340,214.189035,115.332592
254.442196,214.189035,115.484590
254.464788,214.189035,115.505480
254.477844,214.189035,115.821512
254.490341,214.189035,115.892182
254.496234,214.189035,116.029910
254.499608,214.189035,116.061518
254.505473,214.189035,116.063158
254.508661,214.189035,116.403406
254.514874,214.189035,116.454614
254.518375,214.189035,116.458962
254.521831,214.189035,116.485410
254.524936,214.189035,116.607122
254.528200,214.189035,116.618301
254.539505,214.189035,116.931901
254.550552,214.189035,117.016374
254.554048,214.189035,117.017578
254.556797,214.189035,117.072402
254.558481,214.189035,117.216558
254.571271,214.189035,117.222486
254.574704,214.189035,117.482858
254.576243,214.189035,117.532590
254.589044,214.189035,117.579338
254.591930,214.189035,117.579806
254.594796,214.189035,117.647190
254.598160,214.189035,117.687766
254.599810,214.189035,117.838798
254.612869,214.189035,118.112470
254.614666,214.189035,118.154830
254.627735,214.189035,118.208950
254.631175,214.189035,118.264978
254.632876,214.189035,118.357110
254.636161,214.189035,118.382390
254.641977,214.189035,118.413424
254.656868,214.189035,118.565168
254.663492,214.189035,118.591658
254.666713,214.189035,118.675434
254.668218,214.189035,118.695990
254.674202,214.189035,118.731726
254.677025,214.189035,118.822390
254.678742,214.189035,119.016362
254.681901,214.189035,119.146062
254.693040,214.189035,119.201902
254.696558,214.189035,119.221270
254.700087,214.189035,119.267062
254.703525,214.189035,119.631726
254.706475,214.189035,119.784234
254.709221,214.189035,119.929766
254.710779,214.189035,120.014966
254.712479,214.189035,120.063118
254.787773,214.189035,120.068022
254.790751,214.189035,120.135566
254.794510,214.189035,120.135795
254.805443,214.189035,120.208938
254.808470,214.189035,120.260146
254.810152,214.189035,120.341646
254.813141,214.189035,120.385398
254.814637,214.189035,120.746742
254.829866,214.189035,120.766350
254.832998,214.189035,120.821906
254.834680,214.189035,120.938246
254.853003,214.189035,120.963678
254.887078,214.189035,120.977058
254.889592,214.189035,121.002042
254.893437,214.189035,121.008886
254.895875,214.189035,121.146334
254.900332,214.189035,121.446414
254.902798,214.189035,121.484398
254.918860,214.189035,121.493298
254.920335,214.189035,121.534222
254.924611,214.189035,121.624206
254.926825,214.189035,121.625125
254.935767,214.189035,121.780598
254.940256,214.189035,121.811898
254.944008,214.189035,121.853290
254.946324,214.189035,121.918002
254.947374,214.189035,121.958926
254.951092,214.189035,122.162642
254.953697,214.189035,122.274670
254.971087,214.189035,122.290600
254.981271,214.189035,122.308206
254.984112,214.189035,122.452214
254.988938,214.189035,122.583438
255.030823,214.189035,122.627922
255.031972,214.189035,122.649757
255.033945,214.189035,122.727046
255.036008,214.189035,122.742166
255.038338,214.189035,122.753413
255.046392,214.189035,122.779742
255.048252,214.189035,122.912840
255.056335,214.189035,123.026802
255.059166,214.189035,123.166870
255.061226,214.189035,123.227547
255.069917,214.189035,123.228872
255.077845,214.189035,123.518261
255.079944,214.189035,123.679742
255.081835,214.189035,123.820498
255.082837,214.189035,123.926610
255.083722,214.189035,124.147178
255.085582,214.189035,124.201928
255.117167,214.189035,124.204184
255.135693,214.189035,124.205302
255.138026,214.189035,124.296390
255.139729,214.189035,124.391581
255.140780,214.189035,124.571882
255.142552,214.189035,124.642941
255.149687,214.189035,124.718230
255.157761,214.189035,124.725288
255.190244,214.189035,124.776790
255.192568,214.189035,124.777366
255.231965,214.189035,124.806486
255.234794,214.189035,125.073806
255.237660,214.189035,125.132182
255.240832,214.189035,125.163293
255.243710,214.189035,125.175478
255.245541,214.189035,125.281174
255.256433,214.189035,125.337725
255.313924,214.189035,125.339754
255.315974,214.189035,125.366422
255.328488,214.189035,125.374702
255.331722,214.189035,125.764458
255.333993,214.189035,125.820784
255.343151,214.189035,125.834909
255.344880,214.189035,125.947126
255.345872,214.189035,126.037720
255.363777,214.189035,126.324758
255.365992,214.189035,126.407030
255.370976,214.189035,126.532578
255.372040,214.189035,126.535246
255.405295,214.189035,126.537502
255.422656,214.189035,126.547698
255.423748,214.189035,126.785398
255.425674,214.189035,126.853381
255.431505,214.189035,126.972402
255.432429,214.189035,127.063118
255.516304,214.189035,127.180680
255.522999,214.189035,127.244310
255.570761,214.189035,127.390454
255.572724,214.189035,127.447310
255.581462,214.189035,127.682322
255.583270,214.189035,127.870949
255.607885,214.189035,128.069550
255.621368,214.189035,128.157398
255.683706,214.189035,128.189181
255.685435,214.189035,128.371038
255.708738,214.189035,128.461078
255.768487,214.189035,128.582322
255.769598,214.189035,128.720816
255.788387,214.189035,128.790198
255.795774,214.189035,128.874898
255.797510,214.189035,128.937714
255.799229,214.189035,128.981010
255.800947,214.189035,129.307982
255.802017,214.189035,129.329821
255.803077,214.189035,129.381142
255.810927,214.189035,129.504966
255.822790,214.189035,129.530672
255.841501,214.189035,129.744726
255.842690,214.189035,129.751198
255.848729,214.189035,129.871766
255.850551,214.189035,130.017627
255.856470,214.189035,130.130290
255.857594,214.189035,130.186582
255.859657,214.189035,130.191950
255.877403,214.189035,130.205502
255.895749,214.189035,130.215109
255.899398,214.189035,130.220261
255.920543,214.189035,130.228566
255.923597,214.189035,130.230518
255.942814,214.189035,130.507494
255.959112,214.189035,130.573598
255.967288,214.189035,130.590930
255.968235,214.189035,130.687702
255.969383,214.189035,130.697082
255.984742,214.189035,130.751390
255.993010,214.189035,130.754006
256.010428,214.189035,130.778053
256.014028,214.189035,130.793462
256.029166,214.189035,131.015634
256.030152,214.189035,131.054134
256.043074,214.189035,131.197456
256.062133,214.189035,131.379158
256.064134,214.189035,131.611544
256.072186,214.189035,131.612416
256.075636,214.189035,131.696886
256.121763,214.189035,131.710462
256.138920,214.189035,131.790208
256.143178,214.189035,131.863990
256.157329,214.189035,131.880278
256.158298,214.189035,131.944598
256.160107,214.189035,131.970917
256.174011,214.189035,132.026494
256.189239,214.189035,132.185078
256.201941,214.189035,132.337725
256.242904,214.189035,132.369302
256.245300,214.189035,132.370294
256.259730,214.189035,132.741189
256.274743,214.189035,132.748022
256.288642,214.189035,132.771606
256.294933,214.189035,132.840726
256.301296,214.189035,132.928554
256.303458,214.189035,133.095190
256.305352,214.189035,133.127421
256.305804,214.189035,133.190259
256.306738,214.189035,133.254461
256.307208,214.189035,133.414326
256.322204,214.189035,133.419286
256.337067,214.189035,133.423574
256.343308,214.189035,133.445080
256.350812,214.189035,133.519894
256.352846,214.189035,133.530774
256.370826,214.189035,133.581989
256.379042,214.189035,133.669366
256.380065,214.189035,133.742102
256.384080,214.189035,133.828554
256.386092,214.189035,133.875254
256.400017,214.189035,133.979566
256.402046,214.189035,134.104630
256.433645,214.189035,134.121130
256.435705,214.189035,134.156171
256.439315,214.189035,134.191286
256.453646,214.189035,134.326134
256.454578,214.189035,134.493234
256.455040,214.189035,134.499950
256.475906,214.189035,134.500606
256.508833,214.189035,134.607478
256.510010,214.189035,134.801966
256.513851,214.189035,134.803630
256.533964,214.189035,134.810006
256.534462,214.189035,134.854670
256.537893,214.189035,134.878021
256.540624,214.189035,134.893430
256.553415,214.189035,134.927190
256.555288,214.189035,134.979758
256.558862,214.189035,134.987030
256.598383,214.189035,134.991990
256.642616,214.189035,135.032182
256.643741,214.189035,135.085659
256.652549,214.189035,135.158699
256.659642,214.189035,135.184690
256.660552,214.189035,135.265992
256.668336,214.189035,135.279544
256.675293,214.189035,135.297424
256.690653,214.189035,135.412811
256.691656,214.189035,135.445750
256.695680,214.189035,135.658118
256.697387,214.189035,135.685810
256.697800,214.189035,135.727397
256.704683,214.189035,135.750130
256.705581,214.189035,135.828048
256.713931,214.189035,135.837162
256.715660,214.189035,136.035990
256.719308,214.189035,136.062398
256.722668,214.189035,136.119766
256.724348,214.189035,136.128176
256.730643,214.189035,136.137046
256.738584,214.189035,136.261866
256.740221,214.189035,136.290341
256.747696,214.189035,136.317126
256.763422,214.189035,136.460694
256.767279,214.189035,136.572954
256.767789,214.189035,136.734085
256.768831,214.189035,136.746398
256.772415,214.189035,136.900722
256.773417,214.189035,136.924190
256.777157,214.189035,136.934678
256.778019,214.189035,136.938032
256.784822,214.189035,136.962398
256.788728,214.189035,136.987859
256.789700,214.189035,137.052061
256.790184,214.189035,137.100536
256.796790,214.189035,137.224534
256.804788,214.189035,137.228566
256.808351,214.189035,137.297574
256.815440,214.189035,137.325426
256.816310,214.189035,137.422811
256.819375,214.189035,137.444336
256.826115,214.189035,137.491931
256.828969,214.189035,137.547634
256.830745,214.189035,137.590086
256.837566,214.189035,137.599310
256.845180,214.189035,137.612862
256.851912,214.189035,137.630742
256.866030,214.189035,137.634085
256.866930,214.189035,137.651942
256.870211,214.189035,137.653270
256.873717,214.189035,137.681957
256.880106,214.189035,137.708829
256.880574,214.189035,137.720278
256.900352,214.189035,137.926661
256.901336,214.189035,137.941558
256.908040,214.189035,138.117934
256.911357,214.189035,138.128499
256.911845,214.189035,138.161366
256.919503,214.189035,138.192701
256.919765,214.189035,138.204598
256.944541,214.189035,138.244901
256.951228,214.189035,138.255158
256.957973,214.189035,138.295726
256.961025,214.189035,138.469302
256.964018,214.189035,138.504502
256.970442,214.189035,138.604816
256.978350,214.189035,138.607606
256.978830,214.189035,138.650710
256.980744,214.189035,138.732722
256.981723,214.189035,138.767542
257.007193,214.189035,138.818102
257.014287,214.189035,138.949296
257.020893,214.189035,139.075414
257.021780,214.189035,139.160856
257.037818,214.189035,139.264374
257.038318,214.189035,139.265328
257.045245,214.189035,139.274166
257.046197,214.189035,139.297622
257.047963,214.189035,139.334042
257.054148,214.189035,139.339002
257.060082,214.189035,139.403686
257.066710,214.189035,139.472806
257.073392,214.189035,139.564494
257.080871,214.189035,139.574648
257.096580,214.189035,139.596374
257.099701,214.189035,139.601509
257.115197,214.189035,139.634582
257.118692,214.189035,139.642693
257.119627,214.189035,139.661878
257.122913,214.189035,139.674118
257.124954,214.189035,139.676650
257.125980,214.189035,139.777654
257.133325,214.189035,139.812374
257.139241,214.189035,139.841522
257.141460,214.189035,139.925298
257.142488,214.189035,139.928470
257.172617,214.189035,139.981590
257.174611,214.189035,140.067397
257.175509,214.189035,140.201902
257.179872,214.189035,140.266226
257.181889,214.189035,140.290766
257.183573,214.189035,140.333846
257.206510,214.189035,140.338806
257.229794,214.189035,140.370554
257.230361,214.189035,140.390309
257.237084,214.189035,140.669366
257.239038,214.189035,140.788251
257.243088,214.189035,140.881590
257.245025,214.189035,140.901302
257.245989,214.189035,140.906746
257.267073,214.189035,140.911706
257.289410,214.189035,140.968331
257.297534,214.189035,140.974766
257.299524,214.189035,141.034098
257.301329,214.189035,141.152558
257.303285,214.189035,141.174166
257.305052,214.189035,141.190766
257.306720,214.189035,141.282614
257.314082,214.189035,141.340982
257.316091,214.189035,141.392682
257.316962,214.189035,141.458802
257.318716,214.189035,141.494174
257.337178,214.189035,141.511194
257.337490,214.189035,141.591510
257.339523,214.189035,141.598646
257.347518,214.189035,141.815670
257.361579,214.189035,141.817386
257.362486,214.189035,141.875739
257.366308,214.189035,141.907966
257.383166,214.189035,141.926099
257.383639,214.189035,141.948779
257.387193,214.189035,141.990301
257.387437,214.189035,142.016214
257.389208,214.189035,142.056246
257.395596,214.189035,142.093878
257.396489,214.189035,142.129270
257.410609,214.189035,142.146334
257.414939,214.189035,142.241291
257.418522,214.189035,142.274834
257.420192,214.189035,142.346302
257.421820,214.189035,142.524094
257.423448,214.189035,142.604470
257.429785,214.189035,142.647069
257.430055,214.189035,142.656861
257.430502,214.189035,142.673352
257.434397,214.189035,142.686014
257.436226,214.189035,142.704784
257.443547,214.189035,142.784086
257.445479,214.189035,142.875734
257.486589,214.189035,142.890198
257.488559,214.189035,142.918070
257.495192,214.189035,142.927126
257.499187,214.189035,143.032430
257.514277,214.189035,143.071766
257.515246,214.189035,143.103154
257.516207,214.189035,143.107206
257.524487,214.189035,143.140158
257.528227,214.189035,143.208790
257.529948,214.189035,143.235408
257.533550,214.189035,143.314902
257.535220,214.189035,143.317950
257.538985,214.189035,143.325830
257.556495,214.189035,143.438437
257.559682,214.189035,143.467410
257.561184,214.189035,143.628950
257.581708,214.189035,143.677488
257.596637,214.189035,143.701477
257.608885,214.189035,143.752037
257.612626,214.189035,143.787122
257.613658,214.189035,143.824742
257.615300,214.189035,143.862950
257.616910,214.189035,143.974979
257.624688,214.189035,144.001381
257.627729,214.189035,144.024822
257.629462,214.189035,144.040742
257.631028,214.189035,144.052061
257.631999,214.189035,144.054891
257.636110,214.189035,144.062830
257.648536,214.189035,144.124011
257.653337,214.189035,144.212406
257.654018,214.189035,144.264421
257.670113,214.189035,144.290734
257.672381,214.189035,144.314981
257.676833,214.189035,144.380166
257.681324,214.189035,144.468526
257.683272,214.189035,144.487344
257.702521,214.189035,144.687122
257.704059,214.189035,144.688110
257.715658,214.189035,144.723677
257.716834,214.189035,144.734662
257.736210,214.189035,144.768781
257.756413,214.189035,144.784574
257.760897,214.189035,144.793866
257.762009,214.189035,144.837494
257.822895,214.189035,144.962366
257.827292,214.189035,144.979698
257.828628,214.189035,145.002512
257.848948,214.189035,145.182678
257.883199,214.189035,145.198213
257.883747,214.189035,145.217398
257.885842,214.189035,145.308794
257.886162,214.189035,145.345947
257.890869,214.189035,145.397042
257.891964,214.189035,145.537110
257.892987,214.189035,145.607606
257.893974,214.189035,145.807382
257.895703,214.189035,145.821746
257.896757,214.189035,145.899410
257.897311,214.189035,145.915638
257.912281,214.189035,145.966198
257.915854,214.189035,145.975707
257.919595,214.189035,145.985174
257.921890,214.189035,145.986442
257.922805,214.189035,145.990134
257.926153,214.189035,146.010806
257.942978,214.189035,146.068709
257.944011,214.189035,146.113854
257.952302,214.189035,146.193766
257.956720,214.189035,146.229238
257.969911,214.189035,146.262886
257.974634,214.189035,146.279222
257.975676,214.189035,146.342102
257.979605,214.189035,146.356656
257.983097,214.189035,146.374702
257.984977,214.189035,146.401120
257.985562,214.189035,146.437110
257.986525,214.189035,146.454461
257.987117,214.189035,146.478582
258.000209,214.189035,146.529142
258.004218,214.189035,146.568216
258.012703,214.189035,146.589618
258.013687,214.189035,146.695730
258.014633,214.189035,146.729686
258.015556,214.189035,146.750710
258.017422,214.189035,146.792182
258.030757,214.189035,146.820662
258.047262,214.189035,146.982008
258.056105,214.189035,147.014322
258.057052,214.189035,147.120434
258.057906,214.189035,147.175414
258.059816,214.189035,147.312549
258.066501,214.189035,147.335830
258.081676,214.189035,147.368526
258.083598,214.189035,147.484822
258.088030,214.189035,147.546318
258.089930,214.189035,147.578331
258.091848,214.189035,147.595101
258.092109,214.189035,147.606792
258.096004,214.189035,147.624254
258.096921,214.189035,147.626149
258.103869,214.189035,147.634550
258.107902,214.189035,147.649398
258.108442,214.189035,147.758411
258.112221,214.189035,147.784584
258.115924,214.189035,147.830354
258.116744,214.189035,147.901302
258.118603,214.189035,147.943286
258.120782,214.189035,147.975962
258.124454,214.189035,147.977035
258.133356,214.189035,148.029526
258.133868,214.189035,148.101349
258.138003,214.189035,148.106472
258.145429,214.189035,148.326006
258.147397,214.189035,148.367990
258.149246,214.189035,148.414949
258.152468,214.189035,148.442038
258.190914,214.189035,148.445718
258.191783,214.189035,148.462526
258.199648,214.189035,148.491611
258.208025,214.189035,148.618416
258.208542,214.189035,148.622587
258.216456,214.189035,148.795450
258.237394,214.189035,148.870422
258.238820,214.189035,148.975766
258.249841,214.189035,148.990301
258.250341,214.189035,149.012942
258.252395,214.189035,149.022930
258.253350,214.189035,149.031371
258.255468,214.189035,149.093878
258.257342,214.189035,149.184022
258.259067,214.189035,149.190734
258.260872,214.189035,149.282518
258.292927,214.189035,149.301467
258.300443,214.189035,149.312958
258.302702,214.189035,149.315147
258.307276,214.189035,149.342642
258.307782,214.189035,149.348070
258.326188,214.189035,149.385867
258.334407,214.189035,149.490750
258.336733,214.189035,149.518582
258.339037,214.189035,149.532246
258.339997,214.189035,149.548666
258.350784,214.189035,149.656726
258.353027,214.189035,149.661917
258.353745,214.189035,149.783942
258.369732,214.189035,149.817550
258.377157,214.189035,149.840310
258.384119,214.189035,149.842822
258.392299,214.189035,149.943702
258.442419,214.189035,150.035750
258.443265,214.189035,150.115910
258.451422,214.189035,150.135064
258.452033,214.189035,150.147634
258.454219,214.189035,150.203862
258.455204,214.189035,150.218502
258.456787,214.189035,150.242642
258.457223,214.189035,150.256720
258.470766,214.189035,150.334614
258.472894,214.189035,150.376598
258.474678,214.189035,150.439790
258.481619,214.189035,150.456768
258.484912,214.189035,150.535218
258.485487,214.189035,150.556242
258.486711,214.189035,150.562848
258.487217,214.189035,150.629110
258.490251,214.189035,150.630486
258.497215,214.189035,150.643274
258.498996,214.189035,150.741198
258.517102,214.189035,150.761462
258.525941,214.189035,150.765059
258.529807,214.189035,150.844971
258.531568,214.189035,150.880613
258.562908,214.189035,150.914091
258.564719,214.189035,150.957374
258.566604,214.189035,150.980946
258.567551,214.189035,151.006949
258.568001,214.189035,151.067978
258.569913,214.189035,151.084848
258.577626,214.189035,151.135166
258.579443,214.189035,151.173374
258.581281,214.189035,151.180046
258.606705,214.189035,151.246277
258.633835,214.189035,151.412517
258.641569,214.189035,151.440342
258.649985,214.189035,151.454022
258.655032,214.189035,151.512694
258.678431,214.189035,151.517654
258.701328,214.189035,151.524742
258.710608,214.189035,151.527190
258.712529,214.189035,151.706834
258.713466,214.189035,151.726117
258.720586,214.189035,151.739286
258.721611,214.189035,151.748818
258.722639,214.189035,151.784462
258.723508,214.189035,151.835160
258.725438,214.189035,151.835850
258.727349,214.189035,151.862918
258.729066,214.189035,151.894704
258.737955,214.189035,151.897622
258.740253,214.189035,151.975461
258.746893,214.189035,152.012952
258.748970,214.189035,152.024397
258.767678,214.189035,152.079496
258.768226,214.189035,152.131538
258.769427,214.189035,152.136027
258.771932,214.189035,152.162934
258.773772,214.189035,152.173522
258.774839,214.189035,152.176141
258.783527,214.189035,152.246158
258.802068,214.189035,152.251250
258.802609,214.189035,152.257894
258.802852,214.189035,152.260554
258.805349,214.189035,152.289061
258.811857,214.189035,152.296502
258.815915,214.189035,152.306230
258.816884,214.189035,152.409872
258.824528,214.189035,152.444318
258.886848,214.189035,152.510790
258.891352,214.189035,152.562190
258.909765,214.189035,152.590038
258.924774,214.189035,152.648702
258.957632,214.189035,152.675954
258.958172,214.189035,152.690894
258.962599,214.189035,152.722555
258.971992,214.189035,152.730934
258.973071,214.189035,152.797494
258.990929,214.189035,152.899410
258.992008,214.189035,152.989554
258.992949,214.189035,153.076586
258.994775,214.189035,153.162854
258.995276,214.189035,153.324114
258.996270,214.189035,153.353336
259.000589,214.189035,153.401120
259.001931,214.189035,153.408374
259.041456,214.189035,153.428878
259.042553,214.189035,153.456822
259.043681,214.189035,153.465398
259.092229,214.189035,153.498806
259.093791,214.189035,153.516080
259.116342,214.189035,153.578912
259.117714,214.189035,153.586557
259.118245,214.189035,153.774038
259.156447,214.189035,153.779592
259.160369,214.189035,153.807350
259.162434,214.189035,153.881526
259.163481,214.189035,153.885094
259.164491,214.189035,153.923510
259.165487,214.189035,153.940278
259.176920,214.189035,153.957384
259.179403,214.189035,153.999275
259.190770,214.189035,154.010982
259.211101,214.189035,154.084918
259.230960,214.189035,154.096694
259.261110,214.189035,154.140146
259.262238,214.189035,154.168296
259.266953,214.189035,154.182130
259.268051,214.189035,154.201902
259.272822,214.189035,154.269162
259.274729,214.189035,154.290134
259.310550,214.189035,154.400374
259.337506,214.189035,154.424502
259.352841,214.189035,154.435147
259.360392,214.189035,154.448805
259.361377,214.189035,154.455222
259.365350,214.189035,154.467990
259.369343,214.189035,154.503222
259.375661,214.189035,154.635326
259.380065,214.189035,154.649398
259.381068,214.189035,154.685136
259.383813,214.189035,154.729814
259.389176,214.189035,154.739542
259.390498,214.189035,154.740534
259.408794,214.189035,154.772726
259.417134,214.189035,154.779397
259.435323,214.189035,154.856592
259.454305,214.189035,154.857144
259.458944,214.189035,154.861430
259.468849,214.189035,154.873509
259.469974,214.189035,154.891592
259.474358,214.189035,154.980702
259.490833,214.189035,155.074102
259.491914,214.189035,155.107286
259.492428,214.189035,155.185742
259.493380,214.189035,155.281691
259.497199,214.189035,155.285078
259.497662,214.189035,155.290518
259.525268,214.189035,155.337189
259.528986,214.189035,155.352598
259.546491,214.189035,155.363534
259.547634,214.189035,155.412667
259.552015,214.189035,155.419536
259.571302,214.189035,155.513832
259.574845,214.189035,155.518406
259.575797,214.189035,155.541131
259.576988,214.189035,155.628958
259.580811,214.189035,155.641381
259.581799,214.189035,155.703154
259.582737,214.189035,155.785094
259.591406,214.189035,155.806750
259.595435,214.189035,155.815240
259.604344,214.189035,155.839286
259.605584,214.189035,155.849398
259.625271,214.189035,155.863418
259.653703,214.189035,155.932118
259.654727,214.189035,155.946190
259.655703,214.189035,156.012830
259.656123,214.189035,156.066085
259.657036,214.189035,156.091547
259.660996,214.189035,156.094430
259.681833,214.189035,156.105227
259.683989,214.189035,156.111762
259.684472,214.189035,156.125989
259.686569,214.189035,156.138150
259.695255,214.189035,156.146334
259.699417,214.189035,156.146742
259.716844,214.189035,156.198794
259.717962,214.189035,156.245494
259.733004,214.189035,156.251096
259.733988,214.189035,156.303862
259.736275,214.189035,156.316517
259.740488,214.189035,156.390491
259.741023,214.189035,156.391302
259.741961,214.189035,156.507062
259.745919,214.189035,156.530790
259.754470,214.189035,156.536466
259.755031,214.189035,156.574022
259.762446,214.189035,156.586326
259.771368,214.189035,156.610758
259.775686,214.189035,156.623498
259.776693,214.189035,156.629568
259.778388,214.189035,156.655446
259.789659,214.189035,156.742350
259.798407,214.189035,156.779990
259.799321,214.189035,156.882117
259.800163,214.189035,156.960950
259.844800,214.189035,157.145494
259.862130,214.189035,157.172366
259.864164,214.189035,157.189910
259.882566,214.189035,157.224910
259.886490,214.189035,157.250182
259.890640,214.189035,157.304338
259.891173,214.189035,157.307158
259.907862,214.189035,157.320200
259.915990,214.189035,157.324582
259.916527,214.189035,157.432410
259.927477,214.189035,157.435080
259.928395,214.189035,157.437370
259.939537,214.189035,157.448699
259.947822,214.189035,157.462838
259.948871,214.189035,157.528926
259.951219,214.189035,157.535094
260.011509,214.189035,157.629488
260.012040,214.189035,157.636232
260.020157,214.189035,157.657246
260.020678,214.189035,157.664080
260.027574,214.189035,157.680006
260.028493,214.189035,157.687058
260.028949,214.189035,157.722744
260.044879,214.189035,157.729042
260.045412,214.189035,157.751670
260.062945,214.189035,157.752854
260.080257,214.189035,157.767798
260.082373,214.189035,157.770806
260.125799,214.189035,157.807280
260.126351,214.189035,157.816074
260.127298,214.189035,157.852022
260.129469,214.189035,157.869968
260.133213,214.189035,157.921278
260.143953,214.189035,157.957262
260.144470,214.189035,158.007960
260.145479,214.189035,158.035718
260.146363,214.189035,158.121014
260.148165,214.189035,158.148558
260.156706,214.189035,158.185752
260.157601,214.189035,158.240726
260.158622,214.189035,158.260862
260.165931,214.189035,158.273522
260.167750,214.189035,158.290814
260.169858,214.189035,158.340624
260.170772,214.189035,158.364034
260.201420,214.189035,158.427046
260.211428,214.189035,158.478934
260.214763,214.189035,158.545074
260.215219,214.189035,158.555190
260.219344,214.189035,158.563342
260.228172,214.189035,158.563429
260.246679,214.189035,158.576894
260.256670,214.189035,158.580662
260.287998,214.189035,158.585622
260.317225,214.189035,158.607126
260.335390,214.189035,158.662187
260.343506,214.189035,158.679824
260.347194,214.189035,158.683590
260.348996,214.189035,158.719606
260.382801,214.189035,158.768408
260.383754,214.189035,158.841230
260.384278,214.189035,158.863694
260.386424,214.189035,158.905253
260.402909,214.189035,159.019022
260.403600,214.189035,159.158960
260.411774,214.189035,159.270917
260.426899,214.189035,159.284446
260.428869,214.189035,159.335654
260.429145,214.189035,159.364176
260.445725,214.189035,159.437157
260.448908,214.189035,159.452566
260.463381,214.189035,159.462238
260.465390,214.189035,159.498544
260.473135,214.189035,159.512635
260.477122,214.189035,159.513446
260.477401,214.189035,159.519504
260.493049,214.189035,159.573920
260.493612,214.189035,159.587574
260.501298,214.189035,159.601678
260.501890,214.189035,159.651600
260.506285,214.189035,159.653518
260.514103,214.189035,159.686557
260.514984,214.189035,159.751712
260.515454,214.189035,159.814576
260.522678,214.189035,159.857326
260.524543,214.189035,159.969550
260.532505,214.189035,160.000101
260.535777,214.189035,160.015510
260.551516,214.189035,160.023510
260.554085,214.189035,160.035118
260.555887,214.189035,160.046790
260.556420,214.189035,160.054744
260.564086,214.189035,160.056062
260.580630,214.189035,160.081854
260.589160,214.189035,160.146800
260.589699,214.189035,160.154614
260.600253,214.189035,160.174558
260.600785,214.189035,160.201110
260.603371,214.189035,160.225526
260.607942,214.189035,160.285056
260.608894,214.189035,160.285334
260.610659,214.189035,160.374702
260.612438,214.189035,160.425654
260.619832,214.189035,160.429029
260.620444,214.189035,160.436299
260.624042,214.189035,160.439246
260.636187,214.189035,160.479464
260.636778,214.189035,160.578710
260.641105,214.189035,160.617774
260.642867,214.189035,160.741686
260.650136,214.189035,160.742926
260.662891,214.189035,160.745635
260.671591,214.189035,160.756178
260.672712,214.189035,160.789355
260.676820,214.189035,160.849477
260.683503,214.189035,160.857936
260.684381,214.189035,160.900350
260.691916,214.189035,160.923440
260.700285,214.189035,161.081278
260.730846,214.189035,161.086238
260.761553,214.189035,161.091190
260.779817,214.189035,161.141622
260.788634,214.189035,161.173259
260.792593,214.189035,161.220784
260.800047,214.189035,161.237531
260.804561,214.189035,161.271867
260.806828,214.189035,161.313590
260.807807,214.189035,161.319536
260.814381,214.189035,161.423286
260.815335,214.189035,161.472592
260.819338,214.189035,161.492278
260.827496,214.189035,161.500440
260.830973,214.189035,161.594726
260.839360,214.189035,161.601078
260.840354,214.189035,161.635062
260.882801,214.189035,161.663448
260.883308,214.189035,161.691206
260.883730,214.189035,161.697494
260.899794,214.189035,161.709078
260.931208,214.189035,161.757294
260.932186,214.189035,161.801758
260.933924,214.189035,161.816392
260.937911,214.189035,161.817768
260.940054,214.189035,161.831862
260.946971,214.189035,161.841240
260.947470,214.189035,161.852822
260.960816,214.189035,161.934734
260.967637,214.189035,161.979550
260.969581,214.189035,161.984918
260.973929,214.189035,161.995560
260.975860,214.189035,161.996166
260.976768,214.189035,162.003941
260.978686,214.189035,162.046258
260.979123,214.189035,162.079182
260.983068,214.189035,162.083670
260.987261,214.189035,162.134422
260.988830,214.189035,162.147894
260.995367,214.189035,162.173958
260.996348,214.189035,162.198006
261.036959,214.189035,162.219536
261.044633,214.189035,162.246646
261.052176,214.189035,162.263952
261.059953,214.189035,162.298710
261.090806,214.189035,162.298952
261.092887,214.189035,162.312192
261.093936,214.189035,162.388062
261.107880,214.189035,162.399702
261.112615,214.189035,162.423896
261.113145,214.189035,162.489984
261.114109,214.189035,162.506166
261.114972,214.189035,162.555966
261.132651,214.189035,162.707302
261.134281,214.189035,162.713395
261.144684,214.189035,162.783558
261.146517,214.189035,162.804037
261.153309,214.189035,162.826896
261.161142,214.189035,162.880666
261.183116,214.189035,162.884510
261.191962,214.189035,162.933046
261.228018,214.189035,162.995320
261.231927,214.189035,162.996776
261.232426,214.189035,163.023328
261.234136,214.189035,163.031973
261.265389,214.189035,163.063638
261.273817,214.189035,163.123174
261.292459,214.189035,163.129206
261.309565,214.189035,163.195730
261.311759,214.189035,163.222600
261.315854,214.189035,163.248549
261.325029,214.189035,163.258331
261.332145,214.189035,163.312134
261.336355,214.189035,163.321352
261.340615,214.189035,163.334904
261.343979,214.189035,163.489878
261.347938,214.189035,163.512814
261.348792,214.189035,163.637384
261.352639,214.189035,163.650936
261.356457,214.189035,163.652854
261.363420,214.189035,163.659574
261.376559,214.189035,163.690522
261.397924,214.189035,163.690606
261.398848,214.189035,163.701726
261.399844,214.189035,163.793648
261.417268,214.189035,163.796246
261.417817,214.189035,163.802288
261.418070,214.189035,163.805910
261.422678,214.189035,163.828840
261.423711,214.189035,163.829042
261.424689,214.189035,163.927478
261.439158,214.189035,163.932438
261.453711,214.189035,163.940598
261.454727,214.189035,163.980080
261.455003,214.189035,164.006632
261.456088,214.189035,164.118390
261.457054,214.189035,164.149710
261.461109,214.189035,164.238779
261.464962,214.189035,164.262014
261.469303,214.189035,164.273262
261.470437,214.189035,164.412501
261.474783,214.189035,164.500378
261.488105,214.189035,164.505338
261.500922,214.189035,164.512342
261.559841,214.189035,164.513424
261.560372,214.189035,164.552854
261.570012,214.189035,164.578046
261.574507,214.189035,164.651734
261.576227,214.189035,164.667744
261.577968,214.189035,164.727560
261.581935,214.189035,164.846142
261.582738,214.189035,164.852270
261.591065,214.189035,164.876731
261.593086,214.189035,164.945718
261.595329,214.189035,164.949445
261.602510,214.189035,165.043592
261.606622,214.189035,165.049110
261.614580,214.189035,165.119122
261.615047,214.189035,165.129558
261.623053,214.189035,165.130104
261.630478,214.189035,165.155896
261.634155,214.189035,165.182710
261.636368,214.189035,165.246134
261.666051,214.189035,165.328638
261.670500,214.189035,165.397206
261.679243,214.189035,165.411374
261.688166,214.189035,165.457246
261.689156,214.189035,165.499696
261.692580,214.189035,165.504726
261.709526,214.189035,165.512389
261.717092,214.189035,165.559734
261.748209,214.189035,165.597910
261.772131,214.189035,165.602870
261.794954,214.189035,165.615830
261.813274,214.189035,165.635038
261.814309,214.189035,165.651654
261.814779,214.189035,165.652752
261.816644,214.189035,165.654670
261.820700,214.189035,165.668222
261.824305,214.189035,165.776310
261.833455,214.189035,165.809046
261.860098,214.189035,165.815728
261.864271,214.189035,165.829446
261.864795,214.189035,165.970702
261.869266,214.189035,165.974392
261.873435,214.189035,165.984254
261.877317,214.189035,165.986638
261.894552,214.189035,166.030126
261.895601,214.189035,166.074330
261.901246,214.189035,166.083006
261.905787,214.189035,166.089782
261.916333,214.189035,166.126966
261.933756,214.189035,166.207918
261.934736,214.189035,166.223928
261.935914,214.189035,166.245931
261.941722,214.189035,166.302670
261.958701,214.189035,166.311698
261.959234,214.189035,166.333302
261.961218,214.189035,166.362790
261.962024,214.189035,166.407766
261.986229,214.189035,166.412726
262.010901,214.189035,166.469366
262.038308,214.189035,166.472790
262.039511,214.189035,166.512510
262.043593,214.189035,166.540560
262.044098,214.189035,166.566320
262.048197,214.189035,166.588069
262.057523,214.189035,166.638501
262.061511,214.189035,166.699374
262.099838,214.189035,166.718352
262.100382,214.189035,166.771536
262.109746,214.189035,166.790574
262.110686,214.189035,166.905904
262.114295,214.189035,166.926864
262.121620,214.189035,166.965566
262.129728,214.189035,167.000994
262.145537,214.189035,167.005954
262.161535,214.189035,167.008776
262.165320,214.189035,167.011438
262.176962,214.189035,167.058960
262.178852,214.189035,167.131294
262.198333,214.189035,167.131941
262.224734,214.189035,167.157712
262.227390,214.189035,167.163606
262.234883,214.189035,167.221936
262.239120,214.189035,167.222582
262.252831,214.189035,167.320688
262.257030,214.189035,167.372752
262.272609,214.189035,167.406830
262.311749,214.189035,167.473744
262.313652,214.189035,167.477206
262.321556,214.189035,167.489157
262.325509,214.189035,167.489214
262.329027,214.189035,167.596086
262.329529,214.189035,167.601778
262.329776,214.189035,167.630008
262.338816,214.189035,167.641176
262.343268,214.189035,167.665366
262.344283,214.189035,167.694885
262.366833,214.189035,167.726550
262.375123,214.189035,167.773878
262.375665,214.189035,167.833014
262.379214,214.189035,167.930094
262.379772,214.189035,167.963339
262.381807,214.189035,167.983830
262.398083,214.189035,167.986070
262.400158,214.189035,168.040150
262.408409,214.189035,168.057208
262.408937,214.189035,168.149046
262.412482,214.189035,168.168360
262.413412,214.189035,168.168966
262.413865,214.189035,168.195518
262.415792,214.189035,168.197216
262.425475,214.189035,168.203248
262.433979,214.189035,168.235000
262.434514,214.189035,168.266614
262.451226,214.189035,168.299862
262.466646,214.189035,168.307222
262.467543,214.189035,168.346758
262.468012,214.189035,168.373310
262.470899,214.189035,168.384806
262.475368,214.189035,168.429925
262.493470,214.189035,168.449662
262.511555,214.189035,168.484992
262.512090,214.189035,168.516398
262.521516,214.189035,168.563920
262.523519,214.189035,168.585451
262.523980,214.189035,168.616125
262.524499,214.189035,168.662784
262.524932,214.189035,168.719854
262.528316,214.189035,168.726896
262.531612,214.189035,168.751250
262.532551,214.189035,168.832430
262.541544,214.189035,168.879952
262.543428,214.189035,168.880102
262.544291,214.189035,168.988242
262.545225,214.189035,169.075274
262.547155,214.189035,169.111222
262.551036,214.189035,169.166262
262.555136,214.189035,169.223752
262.556828,214.189035,169.277478
262.560661,214.189035,169.336056
262.562246,214.189035,169.342094
262.565389,214.189035,169.346102
262.587366,214.189035,169.419310
262.589458,214.189035,169.428094
262.605393,214.189035,169.491030
262.607625,214.189035,169.503475
262.611562,214.189035,169.535926
262.615406,214.189035,169.587030
262.662879,214.189035,169.643502
262.672923,214.189035,169.654006
262.676966,214.189035,169.659702
262.699440,214.189035,169.685614
262.699928,214.189035,169.706070
262.714658,214.189035,169.716165
262.716556,214.189035,169.723198
262.730508,214.189035,169.733718
262.745367,214.189035,169.807062
262.747365,214.189035,169.839934
262.749124,214.189035,169.863406
262.749577,214.189035,169.909046
262.770752,214.189035,169.978021
262.775056,214.189035,169.985974
262.788032,214.189035,170.001640
262.788589,214.189035,170.002126
262.794597,214.189035,170.009221
262.824010,214.189035,170.017726
262.825856,214.189035,170.048411
262.829519,214.189035,170.058982
262.839649,214.189035,170.062579
262.843922,214.189035,170.126742
262.852510,214.189035,170.138834
262.853800,214.189035,170.179432
262.854325,214.189035,170.222646
262.878115,214.189035,170.267035
262.887331,214.189035,170.278322
262.887969,214.189035,170.365354
262.888952,214.189035,170.384822
262.908159,214.189035,170.402680
262.910258,214.189035,170.530486
262.929061,214.189035,170.530534
262.939234,214.189035,170.536566
262.947933,214.189035,170.578768
262.956028,214.189035,170.651408
262.976322,214.189035,170.694742
262.984398,214.189035,170.728712
262.986935,214.189035,170.737862
262.995498,214.189035,170.738230
262.996544,214.189035,170.740987
263.000592,214.189035,170.742264
263.002513,214.189035,170.743013
263.020011,214.189035,170.912630
263.051372,214.189035,170.957686
263.069804,214.189035,170.967654
263.078709,214.189035,171.010774
263.085765,214.189035,171.018942
263.086248,214.189035,171.044744
263.088111,214.189035,171.045494
263.089636,214.189035,171.056613
263.103510,214.189035,171.058296
263.105404,214.189035,171.060680
263.113037,214.189035,171.123382
263.146079,214.189035,171.148462
263.154507,214.189035,171.157048
263.156345,214.189035,171.201008
263.163879,214.189035,171.221910
263.167644,214.189035,171.376712
263.174793,214.189035,171.406166
263.207126,214.189035,171.421262
263.211629,214.189035,171.464494
263.219795,214.189035,171.475030
263.227634,214.189035,171.517626
263.238059,214.189035,171.522586
263.249154,214.189035,171.523854
263.249678,214.189035,171.544534
263.253602,214.189035,171.638070
263.271494,214.189035,171.686326
263.303415,214.189035,171.762120
263.304459,214.189035,171.773416
263.322356,214.189035,171.888822
263.323341,214.189035,172.018582
263.325330,214.189035,172.028310
263.325766,214.189035,172.201454
263.329942,214.189035,172.205336
263.337782,214.189035,172.243155
263.349364,214.189035,172.281723
263.357389,214.189035,172.327482
263.368021,214.189035,172.332442
263.390590,214.189035,172.389082
263.418105,214.189035,172.396728
263.419836,214.189035,172.405910
263.435820,214.189035,172.423886
263.437093,214.189035,172.515734
263.445192,214.189035,172.520293
263.462417,214.189035,172.535590
263.462861,214.189035,172.536982
263.492755,214.189035,172.563256
263.494667,214.189035,172.626213
263.503596,214.189035,172.630854
263.522796,214.189035,172.660485
263.526104,214.189035,172.661038
263.563825,214.189035,172.662152
263.565841,214.189035,172.689910
263.567496,214.189035,172.700526
263.585855,214.189035,172.712982
263.634079,214.189035,172.771758
263.641420,214.189035,172.771829
263.660622,214.189035,172.839944
263.662565,214.189035,172.844667
263.671010,214.189035,172.879862
263.675162,214.189035,172.880805
263.676070,214.189035,172.907056
263.678043,214.189035,172.912086
263.685976,214.189035,172.916754
263.687873,214.189035,172.917819
263.695298,214.189035,172.974085
263.698765,214.189035,172.984726
263.716227,214.189035,173.012942
263.718222,214.189035,173.057872
263.724994,214.189035,173.087790
263.732041,214.189035,173.142298
263.737575,214.189035,173.179222
263.743707,214.189035,173.223088
263.745530,214.189035,173.223429
263.748757,214.189035,173.270774
263.762412,214.189035,173.326806
263.769521,214.189035,173.341458
263.771416,214.189035,173.373904
263.778038,214.189035,173.393998
263.784770,214.189035,173.468286
263.785222,214.189035,173.490366
263.787172,214.189035,173.523704
263.794544,214.189035,173.537029
263.797614,214.189035,173.593443
263.814642,214.189035,173.642838
263.822503,214.189035,173.710030
263.829113,214.189035,173.944726
263.839483,214.189035,173.949686
263.851190,214.189035,174.068302
263.852202,214.189035,174.106734
263.868388,214.189035,174.131173
263.876394,214.189035,174.239830
263.886828,214.189035,174.246094
263.887814,214.189035,174.382030
263.896627,214.189035,174.420598
263.904388,214.189035,174.421499
263.912460,214.189035,174.447205
263.920579,214.189035,174.455158
263.935318,214.189035,174.473840
263.935795,214.189035,174.538654
263.944533,214.189035,174.543762
263.945205,214.189035,174.574102
263.946291,214.189035,174.625670
263.955664,214.189035,174.630794
263.956699,214.189035,174.666742
263.958597,214.189035,174.710187
263.962750,214.189035,174.717544
263.966366,214.189035,174.728048
263.968182,214.189035,174.777947
263.972212,214.189035,174.780112
263.979226,214.189035,174.790654
263.980198,214.189035,174.842981
263.990777,214.189035,174.957374
263.992801,214.189035,174.983542
264.000920,214.189035,174.984822
264.004948,214.189035,175.012598
264.027143,214.189035,175.048054
264.044681,214.189035,175.049686
264.055901,214.189035,175.056694
264.063708,214.189035,175.060016
264.069912,214.189035,175.091446
264.071922,214.189035,175.106326
264.085042,214.189035,175.111286
264.097971,214.189035,175.120910
264.125029,214.189035,175.147798
264.132189,214.189035,175.156581
264.143215,214.189035,175.188246
264.146974,214.189035,175.273862
264.147867,214.189035,175.350066
264.149731,214.189035,175.389067
264.153789,214.189035,175.389622
264.157638,214.189035,175.391190
264.164360,214.189035,175.405925
264.174489,214.189035,175.450278
264.176484,214.189035,175.458864
264.184912,214.189035,175.465531
264.192777,214.189035,175.506746
264.217656,214.189035,175.516398
264.234543,214.189035,175.575542
264.254702,214.189035,175.577430
264.256407,214.189035,175.591990
264.303583,214.189035,175.604576
264.307720,214.189035,175.610608
264.311432,214.189035,175.642914
264.318185,214.189035,175.649630
264.320087,214.189035,175.694354
264.320616,214.189035,175.707222
264.327388,214.189035,175.719525
264.337292,214.189035,175.751190
264.340579,214.189035,175.768784
264.343977,214.189035,175.806830
264.382674,214.189035,175.818454
264.387043,214.189035,175.835638
264.421899,214.189035,175.857022
264.430727,214.189035,175.918182
264.434862,214.189035,175.990488
264.435368,214.189035,176.027365
264.442818,214.189035,176.037950
264.477526,214.189035,176.084816
264.481723,214.189035,176.093102
264.500480,214.189035,176.123414
264.540893,214.189035,176.128798
264.542873,214.189035,176.169926
264.547305,214.189035,176.180006
264.547604,214.189035,176.222504
264.551944,214.189035,176.242491
264.561418,214.189035,176.289275
264.569857,214.189035,176.300982
264.586314,214.189035,176.309517
264.593886,214.189035,176.309846
264.598582,214.189035,176.409509
264.613389,214.189035,176.418272
264.613932,214.189035,176.480208
264.629583,214.189035,176.538536
264.633370,214.189035,176.560374
264.641750,214.189035,176.620261
264.658716,214.189035,176.671107
264.665920,214.189035,176.771094
264.672960,214.189035,176.849062
264.677143,214.189035,176.852659
264.679069,214.189035,176.867702
264.710747,214.189035,176.891790
264.719423,214.189035,176.916822
264.724095,214.189035,176.944635
264.731727,214.189035,176.961995
264.732722,214.189035,176.974070
264.770229,214.189035,177.057115
264.774663,214.189035,177.062726
264.782729,214.189035,177.068312
264.783732,214.189035,177.100054
264.785876,214.189035,177.131846
264.793488,214.189035,177.149614
264.797295,214.189035,177.183205
264.812966,214.189035,177.282059
264.822246,214.189035,177.288461
264.838951,214.189035,177.326171
264.840032,214.189035,177.368854
264.871795,214.189035,177.370742
264.882759,214.189035,177.393334
264.888715,214.189035,177.398102
264.914672,214.189035,177.527942
264.918807,214.189035,177.531067
264.920839,214.189035,177.589776
264.924294,214.189035,177.594062
264.926147,214.189035,177.604406
264.933530,214.189035,177.694742
264.949414,214.189035,177.696654
264.949717,214.189035,177.700254
264.953831,214.189035,177.701174
264.957827,214.189035,177.735080
264.975293,214.189035,177.762886
264.979951,214.189035,177.774568
264.988051,214.189035,177.792182
264.995793,214.189035,177.792862
264.999508,214.189035,177.845800
265.002752,214.189035,177.878486
265.006370,214.189035,177.933686
265.016639,214.189035,177.933846
265.041833,214.189035,177.934920
265.042342,214.189035,177.986128
265.046319,214.189035,178.007206
265.047301,214.189035,178.011222
265.051534,214.189035,178.033861
265.065166,214.189035,178.058768
265.073497,214.189035,178.070014
265.080636,214.189035,178.098317
265.097749,214.189035,178.114358
265.101999,214.189035,178.130509
265.109095,214.189035,178.161832
265.112618,214.189035,178.209861
265.135817,214.189035,178.228950
265.161104,214.189035,178.265110
265.165250,214.189035,178.267638
265.166221,214.189035,178.271446
265.184273,214.189035,178.381366
265.193018,214.189035,178.384430
265.211857,214.189035,178.400848
265.215549,214.189035,178.428150
265.223974,214.189035,178.440486
265.241616,214.189035,178.468040
265.245125,214.189035,178.472274
265.246126,214.189035,178.483997
265.247086,214.189035,178.507800
265.247544,214.189035,178.555126
265.255464,214.189035,178.555822
265.258967,214.189035,178.623670
265.273104,214.189035,178.677302
265.277186,214.189035,178.767653
265.283794,214.189035,178.783062
265.317953,214.189035,178.784072
265.321723,214.189035,178.813526
265.337365,214.189035,178.830486
265.346393,214.189035,178.871854
265.350474,214.189035,178.896978
265.351486,214.189035,178.937270
265.365868,214.189035,178.945446
265.374333,214.189035,179.033235
265.379127,214.189035,179.071803
265.382897,214.189035,179.083510
265.390331,214.189035,179.105029
265.393834,214.189035,179.140278
265.401240,214.189035,179.148022
265.416524,214.189035,179.180776
265.424385,214.189035,179.185742
265.425330,214.189035,179.190106
265.427546,214.189035,179.199702
265.441810,214.189035,179.205214
265.445998,214.189035,179.206086
265.454542,214.189035,179.352758
265.463020,214.189035,179.420934
265.471006,214.189035,179.515734
265.485222,214.189035,179.521246
265.489491,214.189035,179.529200
265.496668,214.189035,179.612696
265.500428,214.189035,179.634747
265.504058,214.189035,179.645606
265.507877,214.189035,179.676573
265.508830,214.189035,179.710966
265.523342,214.189035,179.737294
265.527023,214.189035,179.776406
265.541281,214.189035,179.886966
265.566474,214.189035,179.954096
265.570354,214.189035,179.978672
265.588163,214.189035,180.039542
265.589208,214.189035,180.050326
265.592924,214.189035,180.058864
265.594611,214.189035,180.068398
265.609803,214.189035,180.092438
265.624530,214.189035,180.107886
265.631890,214.189035,180.130926
265.632748,214.189035,180.159546
265.637486,214.189035,180.179118
265.640446,214.189035,180.228635
265.641224,214.189035,180.236302
265.675505,214.189035,180.301349
265.679220,214.189035,180.357166
265.680126,214.189035,180.423062
265.687778,214.189035,180.456310
265.695381,214.189035,180.465232
265.698570,214.189035,180.471350
265.713304,214.189035,180.495150
265.716675,214.189035,180.509477
265.727035,214.189035,180.538214
265.729341,214.189035,180.544933
265.737199,214.189035,180.554582
265.763296,214.189035,180.569387
265.765418,214.189035,180.590440
265.773625,214.189035,180.646640
265.773888,214.189035,180.673192
265.774813,214.189035,180.685125
265.776336,214.189035,180.734166
265.780098,214.189035,180.737622
265.804502,214.189035,180.795894
265.811038,214.189035,180.880872
265.828704,214.189035,180.909680
265.842465,214.189035,180.940094
265.844753,214.189035,180.948950
265.848748,214.189035,180.952187
265.855321,214.189035,180.969402
265.859945,214.189035,181.026042
265.865169,214.189035,181.027461
265.868506,214.189035,181.031002
265.873696,214.189035,181.035718
265.874490,214.189035,181.040626
265.887112,214.189035,181.120158
265.890963,214.189035,181.165851
265.891789,214.189035,181.167144
265.899000,214.189035,181.211579
265.902550,214.189035,181.216186
265.911290,214.189035,181.232118
265.912374,214.189035,181.248069
265.913917,214.189035,181.272598
265.921001,214.189035,181.364438
265.943828,214.189035,181.383558
265.947480,214.189035,181.393765
265.973847,214.189035,181.500267
265.975803,214.189035,181.511706
265.999626,214.189035,181.517550
266.007309,214.189035,181.520758
266.023016,214.189035,181.531102
266.029801,214.189035,181.568027
266.031557,214.189035,181.620293
266.049561,214.189035,181.710774
266.066718,214.189035,181.713931
266.070536,214.189035,181.822430
266.071452,214.189035,181.845136
266.074411,214.189035,181.862518
266.082247,214.189035,181.891046
266.086084,214.189035,181.941744
266.100330,214.189035,181.957666
266.115420,214.189035,181.991254
266.117589,214.189035,182.087966
266.135383,214.189035,182.094254
266.143490,214.189035,182.167986
266.147185,214.189035,182.186632
266.150998,214.189035,182.223656
266.152926,214.189035,182.255611
266.156871,214.189035,182.301598
266.157763,214.189035,182.311990
266.175128,214.189035,182.342726
266.177034,214.189035,182.392182
266.179078,214.189035,182.453910
266.183160,214.189035,182.462614
266.199842,214.189035,182.467376
266.203062,214.189035,182.470949
266.220266,214.189035,182.472726
266.228283,214.189035,182.586638
266.236118,214.189035,182.586646
266.241359,214.189035,182.708262
266.243276,214.189035,182.723638
266.253839,214.189035,182.768784
266.261420,214.189035,182.777270
266.264831,214.189035,182.777558
266.272563,214.189035,182.829110
266.275937,214.189035,182.865733
266.291646,214.189035,182.866224
266.295543,214.189035,182.867621
266.300489,214.189035,182.883030
266.324809,214.189035,182.894981
266.336706,214.189035,182.905670
266.338477,214.189035,182.916478
266.342553,214.189035,182.923758
266.350134,214.189035,182.930454
266.357330,214.189035,183.032571
266.361033,214.189035,183.035635
266.368410,214.189035,183.036062
266.374979,214.189035,183.037238
266.384635,214.189035,183.040176
266.385078,214.189035,183.064590
266.388532,214.189035,183.079355
266.391961,214.189035,183.091062
266.398008,214.189035,183.091691
266.404877,214.189035,183.199134
266.412298,214.189035,183.214190
266.429340,214.189035,183.267318
266.432932,214.189035,183.268806
266.440201,214.189035,183.313270
266.454791,214.189035,183.345488
266.461915,214.189035,183.363702
266.468595,214.189035,183.364306
266.472191,214.189035,183.422237
266.472704,214.189035,183.430565
266.477612,214.189035,183.445974
266.501793,214.189035,183.467726
266.516709,214.189035,183.481691
266.521233,214.189035,183.500462
266.529338,214.189035,183.566742
266.531373,214.189035,183.629864
266.533176,214.189035,183.691592
266.537358,214.189035,183.695894
266.545133,214.189035,183.716877
266.548970,214.189035,183.734715
266.553053,214.189035,183.748246
266.558789,214.189035,183.762830
266.571650,214.189035,183.852806
266.575506,214.189035,183.853562
266.588539,214.189035,183.873974
266.590688,214.189035,183.887568
266.597909,214.189035,183.921526
266.624949,214.189035,183.933430
266.634769,214.189035,183.934870
266.681204,214.189035,183.938390
266.692068,214.189035,183.965662
266.693983,214.189035,184.052005
266.697782,214.189035,184.072139
266.701616,214.189035,184.078640
266.717415,214.189035,184.091598
266.725689,214.189035,184.120549
266.731957,214.189035,184.148054
266.749230,214.189035,184.148666
266.761078,214.189035,184.178454
266.764146,214.189035,184.214320
266.767943,214.189035,184.226021
266.769746,214.189035,184.273744
266.776438,214.189035,184.275062
266.790692,214.189035,184.279941
266.805005,214.189035,184.384766
266.820011,214.189035,184.426800
266.824122,214.189035,184.434149
266.830674,214.189035,184.477382
266.834560,214.189035,184.519950
266.838330,214.189035,184.522998
266.853717,214.189035,184.556974
266.855709,214.189035,184.572086
266.869113,214.189035,184.589776
266.875832,214.189035,184.614813
266.876411,214.189035,184.618702
266.880672,214.189035,184.641584
266.895408,214.189035,184.644901
266.902223,214.189035,184.674910
266.916105,214.189035,184.679870
266.929812,214.189035,184.697014
266.937491,214.189035,184.701374
266.944707,214.189035,184.712389
266.946570,214.189035,184.745626
266.947546,214.189035,184.850448
266.953937,214.189035,184.860910
266.958033,214.189035,184.886070
266.965124,214.189035,184.888942
266.971093,214.189035,185.000584
266.971634,214.189035,185.074267
266.975047,214.189035,185.083635
266.982867,214.189035,185.102102
266.989814,214.189035,185.124590
266.993068,214.189035,185.142440
267.000050,214.189035,185.166480
267.007121,214.189035,185.174510
267.015242,214.189035,185.174998
267.033020,214.189035,185.181928
267.036957,214.189035,185.200854
267.044324,214.189035,185.204974
267.051350,214.189035,185.207845
267.058439,214.189035,185.230566
267.065974,214.189035,185.253160
267.067562,214.189035,185.310344
267.085364,214.189035,185.353910
267.089592,214.189035,185.368214
267.118572,214.189035,185.383845
267.131201,214.189035,185.393494
267.146844,214.189035,185.422742
267.159835,214.189035,185.449190
267.178393,214.189035,185.530352
267.182694,214.189035,185.569192
267.184356,214.189035,185.620566
267.188145,214.189035,185.736726
267.195628,214.189035,185.833302
267.197639,214.189035,185.852566
267.204958,214.189035,185.869936
267.208324,214.189035,185.931158
267.239401,214.189035,185.968229
267.247804,214.189035,185.996166
267.251539,214.189035,186.024910
267.255185,214.189035,186.082390
267.262834,214.189035,186.112694
267.286452,214.189035,186.234501
267.298972,214.189035,186.237454
267.317202,214.189035,186.269942
267.324130,214.189035,186.275333
267.325929,214.189035,186.361686
267.326424,214.189035,186.411958
267.341605,214.189035,186.474298
267.353520,214.189035,186.494102
267.367595,214.189035,186.547638
267.371558,214.189035,186.575766
267.384068,214.189035,186.591592
267.387910,214.189035,186.605144
267.391603,214.189035,186.607062
267.398527,214.189035,186.611176
267.398978,214.189035,186.648310
267.405222,214.189035,186.757142
267.450866,214.189035,186.760118
267.455028,214.189035,186.784816
267.463227,214.189035,186.807702
267.477585,214.189035,186.923094
267.485845,214.189035,186.936560
267.489889,214.189035,186.974902
267.505877,214.189035,187.005638
267.507904,214.189035,187.101381
267.512353,214.189035,187.162008
267.520968,214.189035,187.183766
267.528221,214.189035,187.201253
267.529974,214.189035,187.213142
267.533815,214.189035,187.222510
267.541905,214.189035,187.240150
267.543820,214.189035,187.284154
267.556624,214.189035,187.284414
267.558825,214.189035,187.292958
267.560856,214.189035,187.359467
267.561794,214.189035,187.386032
267.570590,214.189035,187.427502
267.575136,214.189035,187.499798
267.582800,214.189035,187.501534
267.600148,214.189035,187.527952
267.602327,214.189035,187.615350
267.609169,214.189035,187.643662
267.627117,214.189035,187.660680
267.630857,214.189035,187.681230
267.660327,214.189035,187.742267
267.663639,214.189035,187.755061
267.664620,214.189035,187.863670
267.668855,214.189035,187.911606
267.682352,214.189035,187.920011
267.686886,214.189035,187.937526
267.690644,214.189035,187.997262
267.720720,214.189035,187.997800
267.724810,214.189035,188.110104
267.728360,214.189035,188.184566
267.735706,214.189035,188.220517
267.740692,214.189035,188.232630
267.744022,214.189035,188.284414
267.746276,214.189035,188.288232
267.755112,214.189035,188.325989
267.756977,214.189035,188.354070
267.771222,214.189035,188.379909
267.783775,214.189035,188.442102
267.785048,214.189035,188.495990
267.792493,214.189035,188.504011
267.794407,214.189035,188.534117
267.799620,214.189035,188.574504
267.803281,214.189035,188.679958
267.807256,214.189035,188.764197
267.809025,214.189035,188.769936
267.812632,214.189035,188.782262
267.816714,214.189035,188.796982
267.823650,214.189035,188.803094
267.825671,214.189035,188.810149
267.832787,214.189035,188.860581
267.836490,214.189035,188.888278
267.843425,214.189035,188.898942
267.844377,214.189035,188.901398
267.856323,214.189035,188.924910
267.860170,214.189035,188.928118
267.867445,214.189035,188.938462
267.870827,214.189035,188.942853
267.882256,214.189035,189.037214
267.885844,214.189035,189.089278
267.888056,214.189035,189.102438
267.889927,214.189035,189.118134
267.897879,214.189035,189.128587
267.899833,214.189035,189.165640
267.903472,214.189035,189.191542
267.915345,214.189035,189.196502
267.927026,214.189035,189.252496
267.928446,214.189035,189.262806
267.932029,214.189035,189.310606
267.932975,214.189035,189.321544
267.933187,214.189035,189.348982
267.940705,214.189035,189.349104
267.947770,214.189035,189.352579
267.951479,214.189035,189.371934
267.955368,214.189035,189.387442
267.962198,214.189035,189.418405
267.976156,214.189035,189.495326
267.985930,214.189035,189.501614
267.990043,214.189035,189.518086
267.994193,214.189035,189.560950
268.022447,214.189035,189.614853
268.024363,214.189035,189.629142
268.028463,214.189035,189.638834
268.029508,214.189035,189.644933
268.038260,214.189035,189.675918
268.041193,214.189035,189.682546
268.048185,214.189035,189.729014
268.050054,214.189035,189.735526
268.052257,214.189035,189.777070
268.088014,214.189035,189.825715
268.092472,214.189035,189.826203
268.100696,214.189035,189.837061
268.101610,214.189035,189.837910
268.118717,214.189035,189.854586
268.141885,214.189035,189.858106
268.147362,214.189035,189.881771
268.151213,214.189035,189.922830
268.156054,214.189035,189.960517
268.157933,214.189035,189.993998
268.161622,214.189035,189.999414
268.163467,214.189035,190.001398
268.175209,214.189035,190.006358
268.187425,214.189035,190.019877
268.194937,214.189035,190.027862
268.201908,214.189035,190.031126
268.223078,214.189035,190.058886
268.227123,214.189035,190.068965
268.233623,214.189035,190.100395
268.242361,214.189035,190.176144
268.246127,214.189035,190.184918
268.250370,214.189035,190.193893
268.254036,214.189035,190.271771
268.255813,214.189035,190.274896
268.259425,214.189035,190.400014
268.260290,214.189035,190.427952
268.262003,214.189035,190.443422
268.265468,214.189035,190.487254
268.273008,214.189035,190.594070
268.285252,214.189035,190.594626
268.292175,214.189035,190.599586
268.299056,214.189035,190.782710
268.304039,214.189035,190.835062
268.331852,214.189035,190.865093
268.346119,214.189035,190.874174
268.354758,214.189035,190.907670
268.367039,214.189035,190.919621
268.373315,214.189035,190.921102
268.375314,214.189035,191.098952
268.377251,214.189035,191.117942
268.381212,214.189035,191.127294
268.389271,214.189035,191.132254
268.407412,214.189035,191.157014
268.419729,214.189035,191.233605
268.423659,214.189035,191.267462
268.425693,214.189035,191.349445
268.429237,214.189035,191.388342
268.432725,214.189035,191.388822
268.433669,214.189035,191.428037
268.448180,214.189035,191.470614
268.462191,214.189035,191.486000
268.470397,214.189035,191.491454
268.474912,214.189035,191.498958
268.479403,214.189035,191.512782
268.480362,214.189035,191.646574
268.494501,214.189035,191.680566
268.516651,214.189035,191.681104
268.521082,214.189035,191.725210
268.524555,214.189035,191.786638
268.533379,214.189035,191.824797
268.533939,214.189035,191.834160
268.536319,214.189035,191.864347
268.538413,214.189035,191.873715
268.542541,214.189035,191.907302
268.560884,214.189035,191.965078
268.569186,214.189035,191.990981
268.576783,214.189035,192.032410
268.589379,214.189035,192.048944
268.597044,214.189035,192.167115
268.601314,214.189035,192.168578
268.604726,214.189035,192.186654
268.613279,214.189035,192.200101
268.616957,214.189035,192.239270
268.625280,214.189035,192.254021
268.647730,214.189035,192.257808
268.651460,214.189035,192.281174
268.659976,214.189035,192.304581
268.666850,214.189035,192.336582
268.670835,214.189035,192.382246
268.677323,214.189035,192.404342
268.681752,214.189035,192.429925
268.685413,214.189035,192.488278
268.687253,214.189035,192.495482
268.693561,214.189035,192.512782
268.694535,214.189035,192.528054
268.701329,214.189035,192.542198
268.715819,214.189035,192.547638
268.723273,214.189035,192.563614
268.737850,214.189035,192.571830
268.762083,214.189035,192.572613
268.786415,214.189035,192.573840
268.790227,214.189035,192.575576
268.797435,214.189035,192.576790
268.820506,214.189035,192.596726
268.826896,214.189035,192.608214
268.830349,214.189035,192.652470
268.834182,214.189035,192.693301
268.834668,214.189035,192.717704
268.841822,214.189035,192.755272
268.855087,214.189035,192.761270
268.857136,214.189035,192.792403
268.865467,214.189035,192.839478
268.870102,214.189035,192.937712
268.871746,214.189035,193.001094
268.875575,214.189035,193.010630
268.877250,214.189035,193.021726
268.883803,214.189035,193.026686
268.889940,214.189035,193.070766
268.904852,214.189035,193.071304
268.917604,214.189035,193.079254
268.929905,214.189035,193.131054
268.933745,214.189035,193.180662
268.959668,214.189035,193.258608
268.963203,214.189035,193.316830
268.969688,214.189035,193.392854
268.982777,214.189035,193.408485
268.988960,214.189035,193.426139
268.990908,214.189035,193.452483
268.994688,214.189035,193.457214
268.995682,214.189035,193.460374
269.024268,214.189035,193.502686
269.032531,214.189035,193.535066
269.036025,214.189035,193.575947
269.040165,214.189035,193.600302
269.042182,214.189035,193.642198
269.057321,214.189035,193.644814
269.066012,214.189035,193.652918
269.098391,214.189035,193.661957
269.105041,214.189035,193.877206
269.108672,214.189035,193.955798
269.123319,214.189035,193.960950
269.152231,214.189035,193.992869
269.156282,214.189035,193.998952
269.158209,214.189035,194.000187
269.162244,214.189035,194.013462
269.166621,214.189035,194.041398
269.174511,214.189035,194.107030
269.178471,214.189035,194.125957
269.180514,214.189035,194.152346
269.182286,214.189035,194.169291
269.184409,214.189035,194.192176
269.188730,214.189035,194.215414
269.192586,214.189035,194.337782
269.196710,214.189035,194.345509
269.199983,214.189035,194.386731
269.200952,214.189035,194.418702
269.209546,214.189035,194.422746
269.213281,214.189035,194.447414
269.216863,214.189035,194.457214
269.217834,214.189035,194.459510
269.230436,214.189035,194.466350
269.245089,214.189035,194.468182
269.269539,214.189035,194.494806
269.287937,214.189035,194.518742
269.294987,214.189035,194.534373
269.324258,214.189035,194.569368
269.328560,214.189035,194.613395
269.337943,214.189035,194.679067
269.341423,214.189035,194.710091
269.343324,214.189035,194.742704
269.351517,214.189035,194.754614
269.363144,214.189035,194.781782
269.385756,214.189035,194.782382
269.399723,214.189035,194.851112
269.416614,214.189035,194.883814
269.420957,214.189035,194.908454
269.428812,214.189035,194.908894
269.435844,214.189035,194.931278
269.444585,214.189035,194.945526
269.449027,214.189035,194.955062
269.450709,214.189035,194.970718
269.454828,214.189035,194.984242
269.456753,214.189035,195.088590
269.469971,214.189035,195.100374
269.493198,214.189035,195.111258
269.498963,214.189035,195.116218
269.504558,214.189035,195.126021
269.506370,214.189035,195.149470
269.507195,214.189035,195.156560
269.524531,214.189035,195.194354
269.525004,214.189035,195.208182
269.528728,214.189035,195.351134
269.532448,214.189035,195.404622
269.545934,214.189035,195.411734
269.550316,214.189035,195.462190
269.567566,214.189035,195.469942
269.575913,214.189035,195.480666
269.589144,214.189035,195.517464
269.590982,214.189035,195.520182
269.604042,214.189035,195.521782
269.612590,214.189035,195.525379
269.616899,214.189035,195.528005
269.627773,214.189035,195.591926
269.631505,214.189035,195.622998
269.635427,214.189035,195.663077
269.637270,214.189035,195.778358
269.640954,214.189035,195.876326
269.644853,214.189035,195.918667
269.645840,214.189035,195.926074
269.651560,214.189035,195.957894
269.655693,214.189035,195.977574
269.663862,214.189035,196.090949
269.669563,214.189035,196.136123
269.678456,214.189035,196.139062
269.682413,214.189035,196.142659
269.684016,214.189035,196.149646
269.688022,214.189035,196.188334
269.693722,214.189035,196.189718
269.700069,214.189035,196.200662
269.707200,214.189035,196.201336
269.710740,214.189035,196.206296
269.718444,214.189035,196.308166
269.720252,214.189035,196.323866
269.745344,214.189035,196.331941
269.757726,214.189035,196.404549
269.763152,214.189035,196.419478
269.779754,214.189035,196.446134
269.810708,214.189035,196.458742
269.827428,214.189035,196.476622
269.829403,214.189035,196.506146
269.831426,214.189035,196.525606
269.832387,214.189035,196.559670
269.835623,214.189035,196.614821
269.837346,214.189035,196.734230
269.839485,214.189035,196.752270
269.849056,214.189035,196.754608
269.859183,214.189035,196.791710
269.863743,214.189035,196.791739
269.873617,214.189035,196.800662
269.881413,214.189035,196.805234
269.883534,214.189035,196.805262
269.887278,214.189035,196.817942
269.890837,214.189035,196.823576
269.894468,214.189035,196.828246
269.898743,214.189035,196.828776
269.906053,214.189035,196.860680
269.909692,214.189035,196.873270
269.912998,214.189035,196.885221
269.914795,214.189035,196.890475
269.918423,214.189035,196.915150
269.922740,214.189035,196.921114
269.928194,214.189035,196.932379
269.931910,214.189035,196.967493
269.937086,214.189035,196.987787
269.938863,214.189035,197.023907
269.964018,214.189035,197.031907
269.972266,214.189035,197.055547
269.974064,214.189035,197.062134
270.002454,214.189035,197.076022
270.010393,214.189035,197.093902
270.011386,214.189035,197.125262
270.014185,214.189035,197.167286
270.022208,214.189035,197.210990
270.055426,214.189035,197.270134
270.072719,214.189035,197.315894
270.089142,214.189035,197.341302
270.093103,214.189035,197.359422
270.095088,214.189035,197.401413
270.103210,214.189035,197.403803
270.111482,214.189035,197.432072
270.115021,214.189035,197.489878
270.133091,214.189035,197.519446
270.149624,214.189035,197.538358
270.156816,214.189035,197.543318
270.162887,214.189035,197.566290
270.169238,214.189035,197.602096
270.173283,214.189035,197.664254
270.177473,214.189035,197.685582
270.178030,214.189035,197.755886
270.186168,214.189035,197.787790
270.189826,214.189035,197.811141
270.191371,214.189035,197.833462
270.196603,214.189035,197.835312
270.197548,214.189035,197.861038
270.236766,214.189035,197.899926
270.250529,214.189035,198.009046
270.264716,214.189035,198.018646
270.276464,214.189035,198.055766
270.287365,214.189035,198.093605
270.290619,214.189035,198.094078
270.294744,214.189035,198.144808
270.302947,214.189035,198.149349
270.304732,214.189035,198.171478
270.367310,214.189035,198.195782
270.369383,214.189035,198.202870
270.383023,214.189035,198.274998
270.391967,214.189035,198.345494
270.427387,214.189035,198.363606
270.434886,214.189035,198.483330
270.441254,214.189035,198.491546
270.452531,214.189035,198.496506
270.463543,214.189035,198.509382
270.467531,214.189035,198.534654
270.471341,214.189035,198.537622
270.474892,214.189035,198.539614
270.483321,214.189035,198.555222
270.485470,214.189035,198.566150
270.487324,214.189035,198.576133
270.493609,214.189035,198.618710
270.499917,214.189035,198.625227
270.504058,214.189035,198.685582
270.504578,214.189035,198.714542
270.521082,214.189035,198.726960
270.535609,214.189035,198.736142
270.540121,214.189035,198.742166
270.550437,214.189035,198.749694
270.554294,214.189035,198.817758
270.558236,214.189035,198.841315
270.562234,214.189035,198.842341
270.575799,214.189035,198.859702
270.590259,214.189035,198.889733
270.596952,214.189035,198.930614
270.604856,214.189035,198.970054
270.609006,214.189035,198.983578
270.611055,214.189035,199.066798
270.619740,214.189035,199.071254
270.624256,214.189035,199.087926
270.634235,214.189035,199.100378
270.648479,214.189035,199.104982
270.655544,214.189035,199.126662
270.657669,214.189035,199.143150
270.661096,214.189035,199.162094
270.668996,214.189035,199.170782
270.678160,214.189035,199.173894
270.680426,214.189035,199.182030
270.683023,214.189035,199.183430
270.684027,214.189035,199.193998
270.688474,214.189035,199.194422
270.690411,214.189035,199.196699
270.698831,214.189035,199.236546
270.702646,214.189035,199.303854
270.704873,214.189035,199.339440
270.725105,214.189035,199.349782
270.750563,214.189035,199.369990
270.755368,214.189035,199.389334
270.778457,214.189035,199.421730
270.785579,214.189035,199.452677
270.792249,214.189035,199.457829
270.805334,214.189035,199.492744
270.808943,214.189035,199.510518
270.816588,214.189035,199.538277
270.820400,214.189035,199.540392
270.826980,214.189035,199.542678
270.834964,214.189035,199.559659
270.838922,214.189035,199.568848
270.846978,214.189035,199.579502
270.849045,214.189035,199.580862
270.862788,214.189035,199.582483
270.867189,214.189035,199.594014
270.871171,214.189035,199.640581
270.900915,214.189035,199.643318
270.906900,214.189035,199.643502
270.915583,214.189035,199.654070
270.930097,214.189035,199.655366
270.937734,214.189035,199.670086
270.941501,214.189035,199.724486
270.948956,214.189035,199.765390
270.952046,214.189035,199.802875
270.960391,214.189035,199.823094
270.964395,214.189035,199.859387
270.966052,214.189035,199.926550
270.972994,214.189035,199.935414
270.976338,214.189035,199.956694
270.987635,214.189035,199.965061
270.998059,214.189035,199.982936
271.001527,214.189035,200.015621
271.004841,214.189035,200.139077
271.010688,214.189035,200.162632
271.017211,214.189035,200.163102
271.021268,214.189035,200.172987
271.024962,214.189035,200.186262
271.026942,214.189035,200.230243
271.033834,214.189035,200.253238
271.040552,214.189035,200.278661
271.051768,214.189035,200.288494
271.058091,214.189035,200.379226
271.063998,214.189035,200.404259
271.067929,214.189035,200.460534
271.090129,214.189035,200.478126
271.098134,214.189035,200.478664
271.104726,214.189035,200.510582
271.106703,214.189035,200.527531
271.108771,214.189035,200.536232
271.116741,214.189035,200.539762
271.117817,214.189035,200.546102
271.141558,214.189035,200.566838
271.148271,214.189035,200.571758
271.156726,214.189035,200.597253
271.169436,214.189035,200.628779
271.173837,214.189035,200.665968
271.175832,214.189035,200.674330
271.181999,214.189035,200.697040
271.184040,214.189035,200.704990
271.185199,214.189035,200.718086
271.193376,214.189035,200.733566
271.195421,214.189035,200.734597
271.199088,214.189035,200.754670
271.217186,214.189035,200.790267
271.219487,214.189035,200.851867
271.223421,214.189035,200.862190
271.241070,214.189035,200.876054
271.256260,214.189035,200.894294
271.280994,214.189035,200.910046
271.285054,214.189035,200.914486
271.289229,214.189035,200.959371
271.290158,214.189035,201.017061
271.296602,214.189035,201.056614
271.298792,214.189035,201.060278
271.313064,214.189035,201.103894
271.319430,214.189035,201.131254
271.352649,214.189035,201.143518
271.354970,214.189035,201.148462
271.362761,214.189035,201.164560
271.377572,214.189035,201.176811
271.378248,214.189035,201.200574
271.385669,214.189035,201.205534
271.392510,214.189035,201.213750
271.403490,214.189035,201.237773
271.407408,214.189035,201.275237
271.409266,214.189035,201.314422
271.413602,214.189035,201.322270
271.414066,214.189035,201.335574
271.422621,214.189035,201.370102
271.436110,214.189035,201.390718
271.449473,214.189035,201.403475
271.453995,214.189035,201.426563
271.461681,214.189035,201.426838
271.493448,214.189035,201.469147
271.495650,214.189035,201.483686
271.499994,214.189035,201.503771
271.508568,214.189035,201.523934
271.510729,214.189035,201.527478
271.526616,214.189035,201.532784
271.534305,214.189035,201.600579
271.538423,214.189035,201.663646
271.541948,214.189035,201.672758
271.561291,214.189035,201.686597
271.564770,214.189035,201.698534
271.568819,214.189035,201.767526
271.573008,214.189035,201.787206
271.581246,214.189035,201.822582
271.594804,214.189035,201.826062
271.598658,214.189035,201.857746
271.611880,214.189035,201.873710
271.618235,214.189035,201.887790
271.626136,214.189035,201.902166
271.634038,214.189035,201.941750
271.642880,214.189035,201.943013
271.658492,214.189035,201.967099
271.665933,214.189035,201.985590
271.679243,214.189035,201.998262
271.681414,214.189035,202.007766
271.704358,214.189035,202.066038
271.708158,214.189035,202.066715
271.716537,214.189035,202.107534
271.720320,214.189035,202.109046
271.741705,214.189035,202.141197
271.773429,214.189035,202.143934
271.779981,214.189035,202.150064
271.783582,214.189035,202.168342
271.809490,214.189035,202.178222
271.827252,214.189035,202.243581
271.839147,214.189035,202.285032
271.854120,214.189035,202.297541
271.857856,214.189035,202.311862
271.861980,214.189035,202.315459
271.863817,214.189035,202.322446
271.865966,214.189035,202.360754
271.866947,214.189035,202.365658
271.868448,214.189035,202.370618
271.869967,214.189035,202.458206
271.887453,214.189035,202.464494
271.895703,214.189035,202.475454
271.899781,214.189035,202.492822
271.910893,214.189035,202.520786
271.923930,214.189035,202.559013
271.937172,214.189035,202.563920
271.945733,214.189035,202.649422
271.946670,214.189035,202.664165
271.950478,214.189035,202.666406
271.952512,214.189035,202.666838
271.958679,214.189035,202.760374
271.990309,214.189035,202.767013
271.997669,214.189035,202.767654
272.001635,214.189035,202.829928
272.005306,214.189035,202.846987
272.006222,214.189035,202.861832
272.007922,214.189035,202.881174
272.015306,214.189035,202.903158
272.019219,214.189035,202.926203
272.023481,214.189035,202.935080
272.039110,214.189035,202.936726
272.043032,214.189035,202.964510
272.045027,214.189035,202.978062
272.046789,214.189035,202.989507
272.054118,214.189035,202.990742
272.057520,214.189035,202.991126
272.063743,214.189035,203.030358
272.065580,214.189035,203.046646
272.081741,214.189035,203.052566
272.089795,214.189035,203.064902
272.093380,214.189035,203.072694
272.121617,214.189035,203.101430
272.127717,214.189035,203.121750
272.143528,214.189035,203.125386
272.145581,214.189035,203.125526
272.162718,214.189035,203.160587
272.164722,214.189035,203.262358
272.168646,214.189035,203.402565
272.172973,214.189035,203.497878
272.188666,214.189035,203.532222
272.189668,214.189035,203.581819
272.193580,214.189035,203.608696
272.195312,214.189035,203.613656
272.199038,214.189035,203.620118
272.231831,214.189035,203.642646
272.239214,214.189035,203.642838
272.247352,214.189035,203.668357
272.278622,214.189035,203.722459
272.280805,214.189035,203.736750
272.288104,214.189035,203.752438
272.295663,214.189035,203.753178
272.298610,214.189035,203.767382
272.302826,214.189035,203.777867
272.303766,214.189035,203.821987
272.308023,214.189035,203.827482
272.314536,214.189035,203.842373
272.331111,214.189035,203.845627
272.332125,214.189035,203.860485
272.335780,214.189035,203.866102
272.344261,214.189035,203.891126
272.353108,214.189035,203.926454
272.357418,214.189035,203.938362
272.362624,214.189035,203.943322
272.368069,214.189035,203.956534
272.387483,214.189035,204.034501
272.389524,214.189035,204.105974
272.397758,214.189035,204.115589
272.400854,214.189035,204.134022
272.405076,214.189035,204.140840
272.409087,214.189035,204.193883
272.413632,214.189035,204.205590
272.422357,214.189035,204.236136
272.426046,214.189035,204.239045
272.431086,214.189035,204.242478
272.436853,214.189035,204.268040
272.438646,214.189035,204.306571
272.442573,214.189035,204.356581
272.449383,214.189035,204.375691
272.453395,214.189035,204.408118
272.457634,214.189035,204.470774
272.474061,214.189035,204.539098
272.475169,214.189035,204.541733
272.476848,214.189035,204.552645
272.482606,214.189035,204.584560
272.486193,214.189035,204.597688
272.490354,214.189035,204.607171
272.499424,214.189035,204.618350
272.515873,214.189035,204.634258
272.523109,214.189035,204.668958
272.555120,214.189035,204.670682
272.568052,214.189035,204.685339
272.571781,214.189035,204.717544
272.575532,214.189035,204.728112
272.582768,214.189035,204.738950
272.583740,214.189035,204.808773
272.587468,214.189035,204.844110
272.612337,214.189035,204.855333
272.614283,214.189035,204.875374
272.616324,214.189035,204.965786
272.630201,214.189035,204.985862
272.631274,214.189035,204.988027
272.635477,214.189035,205.009456
272.637681,214.189035,205.048547
272.650943,214.189035,205.067950
272.655092,214.189035,205.087862
272.656633,214.189035,205.142854
272.658491,214.189035,205.147798
272.665551,214.189035,205.163246
272.669438,214.189035,205.191926
272.673219,214.189035,205.195150
272.675034,214.189035,205.229946
272.699424,214.189035,205.268398
272.716039,214.189035,205.273766
272.718258,214.189035,205.291662
272.735079,214.189035,205.315382
272.742152,214.189035,205.345462
272.774740,214.189035,205.369291
272.778950,214.189035,205.423429
272.783013,214.189035,205.447534
272.785749,214.189035,205.500578
272.791893,214.189035,205.542790
272.794058,214.189035,205.552168
272.797754,214.189035,205.563034
272.800531,214.189035,205.577190
272.801463,214.189035,205.615670
272.809457,214.189035,205.644654
272.813656,214.189035,205.645800
272.817415,214.189035,205.674896
272.825404,214.189035,205.724150
272.829262,214.189035,205.727122
272.832851,214.189035,205.731790
272.858718,214.189035,205.752302
272.859741,214.189035,205.770966
272.867618,214.189035,205.815456
272.869538,214.189035,205.818102
272.877535,214.189035,205.936232
272.885878,214.189035,205.950096
272.892968,214.189035,205.978683
272.899563,214.189035,205.986779
272.903462,214.189035,205.995894
272.906123,214.189035,206.086614
272.918610,214.189035,206.117626
272.942318,214.189035,206.134320
272.949012,214.189035,206.147798
272.957336,214.189035,206.196118
272.988148,214.189035,206.222504
272.992062,214.189035,206.299246
272.997710,214.189035,206.311814
272.999662,214.189035,206.335902
273.001521,214.189035,206.349739
273.003406,214.189035,206.370134
273.020778,214.189035,206.380250
273.031618,214.189035,206.388246
273.035609,214.189035,206.438411
273.039550,214.189035,206.445446
273.043206,214.189035,206.474158
273.046839,214.189035,206.500880
273.061970,214.189035,206.511702
273.068915,214.189035,206.514566
273.072714,214.189035,206.549686
273.079050,214.189035,206.562262
273.081005,214.189035,206.567862
273.083964,214.189035,206.572910
273.088231,214.189035,206.592955
273.092214,214.189035,206.600773
273.095222,214.189035,206.607694
273.112552,214.189035,206.628133
273.127495,214.189035,206.648830
273.159710,214.189035,206.649467
273.160693,214.189035,206.651702
273.175476,214.189035,206.657829
273.200182,214.189035,206.660566
273.205716,214.189035,206.746046
273.214834,214.189035,206.746800
273.224519,214.189035,206.754982
273.226394,214.189035,206.766134
273.233884,214.189035,206.766806
273.239101,214.189035,206.824214
273.243035,214.189035,206.866981
273.249312,214.189035,206.877790
273.249796,214.189035,206.900104
273.251865,214.189035,206.917878
273.255269,214.189035,206.923442
273.258656,214.189035,206.947752
273.261632,214.189035,206.961832
273.264898,214.189035,206.963067
273.266792,214.189035,206.976208
273.270558,214.189035,207.050862
273.274212,214.189035,207.052014
273.276020,214.189035,207.061430
273.283154,214.189035,207.069494
273.284901,214.189035,207.120290
273.288349,214.189035,207.125250
273.291644,214.189035,207.133466
273.296740,214.189035,207.143326
273.304716,214.189035,207.149614
273.308366,214.189035,207.152534
273.316423,214.189035,207.159126
273.322266,214.189035,207.189846
273.357926,214.189035,207.310434
273.364634,214.189035,207.356462
273.371971,214.189035,207.361838
273.379871,214.189035,207.406038
273.389885,214.189035,207.418859
273.391851,214.189035,207.447194
273.405146,214.189035,207.462806
273.410133,214.189035,207.467685
273.434555,214.189035,207.508166
273.438518,214.189035,207.521622
273.439469,214.189035,207.528502
273.465951,214.189035,207.532248
273.474033,214.189035,207.538536
273.477998,214.189035,207.541646
273.503075,214.189035,207.577238
273.511367,214.189035,207.583120
273.528104,214.189035,207.641947
273.529891,214.189035,207.642331
273.533256,214.189035,207.657046
273.558976,214.189035,207.665221
273.574134,214.189035,207.681776
273.581156,214.189035,207.716107
273.583307,214.189035,207.726790
273.591689,214.189035,207.742298
273.604599,214.189035,207.776731
273.612706,214.189035,207.777461
273.619605,214.189035,207.834416
273.635325,214.189035,207.871870
273.639631,214.189035,207.888942
273.643288,214.189035,207.899350
273.647024,214.189035,207.927482
273.669684,214.189035,207.951190
273.673385,214.189035,207.952150
273.695859,214.189035,207.953846
273.703267,214.189035,207.977200
273.705089,214.189035,207.979118
273.708493,214.189035,207.989701
273.713571,214.189035,208.005110
273.738381,214.189035,208.008214
273.746120,214.189035,208.037843
273.754008,214.189035,208.063650
273.757005,214.189035,208.117558
273.763758,214.189035,208.120688
273.772658,214.189035,208.163717
273.776291,214.189035,208.217822
273.783944,214.189035,208.222550
273.834698,214.189035,208.222782
273.841321,214.189035,208.253078
273.897298,214.189035,208.254883
273.900812,214.189035,208.269550
273.909162,214.189035,208.283414
273.916201,214.189035,208.293851
273.920008,214.189035,208.304470
273.927008,214.189035,208.305238
273.942029,214.189035,208.353875
273.950267,214.189035,208.378053
273.954374,214.189035,208.418587
273.956276,214.189035,208.437558
273.959612,214.189035,208.458686
273.988888,214.189035,208.459358
273.997337,214.189035,208.476606
273.999272,214.189035,208.486386
274.003414,214.189035,208.544726
274.030018,214.189035,208.555822
274.033884,214.189035,208.556974
274.035905,214.189035,208.569573
274.050383,214.189035,208.571920
274.058797,214.189035,208.618629
274.066267,214.189035,208.634574
274.070490,214.189035,208.645133
274.072574,214.189035,208.680894
274.076240,214.189035,208.680906
274.077118,214.189035,208.716880
274.080866,214.189035,208.757179
274.084850,214.189035,208.785227
274.086615,214.189035,208.795910
274.094350,214.189035,208.807088
274.111007,214.189035,208.808086
274.115316,214.189035,208.826056
274.117233,214.189035,208.833923
274.124703,214.189035,208.834198
274.139246,214.189035,208.839830
274.162339,214.189035,208.856795
274.166133,214.189035,208.904310
274.167985,214.189035,208.935184
274.169802,214.189035,208.940144
274.173369,214.189035,209.047798
274.181649,214.189035,209.097494
274.192517,214.189035,209.102454
274.203212,214.189035,209.116997
274.219034,214.189035,209.155894
274.234178,214.189035,209.185590
274.259582,214.189035,209.215894
274.265567,214.189035,209.249317
274.269012,214.189035,209.295150
274.273042,214.189035,209.451203
274.276754,214.189035,209.482160
274.278782,214.189035,209.519574
274.284476,214.189035,209.637067
274.285001,214.189035,209.656466
274.288366,214.189035,209.692862
274.292713,214.189035,209.706326
274.306375,214.189035,209.726806
274.308356,214.189035,209.770870
274.312286,214.189035,209.781206
274.316018,214.189035,209.795154
274.318274,214.189035,209.816302
274.322599,214.189035,209.823670
274.337768,214.189035,209.842494
274.340941,214.189035,209.844038
274.344881,214.189035,209.854982
274.346866,214.189035,209.865566
274.354603,214.189035,209.871854
274.358028,214.189035,209.882814
274.359696,214.189035,209.915606
274.366674,214.189035,209.916438
274.383356,214.189035,209.967653
274.398282,214.189035,209.995446
274.421957,214.189035,210.027678
274.428024,214.189035,210.032638
274.433846,214.189035,210.035035
274.441053,214.189035,210.043824
274.441917,214.189035,210.134230
274.458608,214.189035,210.141992
274.460431,214.189035,210.165837
274.475408,214.189035,210.167734
274.491287,214.189035,210.169398
274.504431,214.189035,210.176718
274.512252,214.189035,210.221840
274.515644,214.189035,210.310518
274.517519,214.189035,210.342440
274.524727,214.189035,210.354582
274.547867,214.189035,210.365704
274.555317,214.189035,210.454006
274.563202,214.189035,210.469307
274.567175,214.189035,210.490294
274.598989,214.189035,210.492750
274.607943,214.189035,210.499666
274.614620,214.189035,210.557462
274.616711,214.189035,210.590397
274.623944,214.189035,210.649686
274.646799,214.189035,210.681206
274.650705,214.189035,210.707883
274.651978,214.189035,210.763826
274.664609,214.189035,210.770488
274.666594,214.189035,210.798192
274.668730,214.189035,210.809925
274.670938,214.189035,210.812261
274.674643,214.189035,210.865800
274.683240,214.189035,210.885501
274.696699,214.189035,210.924102
274.698862,214.189035,210.926422
274.702677,214.189035,210.951470
274.733525,214.189035,211.007578
274.734424,214.189035,211.050198
274.738242,214.189035,211.096651
274.740058,214.189035,211.097334
274.753336,214.189035,211.140406
274.770663,214.189035,211.146390
274.777904,214.189035,211.159798
274.784633,214.189035,211.165771
274.786489,214.189035,211.196822
274.789967,214.189035,211.198198
274.793644,214.189035,211.221840
274.797048,214.189035,211.269182
274.797838,214.189035,211.292814
274.805204,214.189035,211.397251
274.809446,214.189035,211.406187
274.810401,214.189035,211.475419
274.812361,214.189035,211.505586
274.813411,214.189035,211.545142
274.815757,214.189035,211.548200
274.817670,214.189035,211.564774
274.819525,214.189035,211.637294
274.824064,214.189035,211.644758
274.838835,214.189035,211.646952
274.840631,214.189035,211.651506
274.853033,214.189035,211.681736
274.860659,214.189035,211.683088
274.873682,214.189035,211.692997
274.889715,214.189035,211.725744
274.896818,214.189035,211.749990
274.897322,214.189035,211.777078
274.900716,214.189035,211.788470
274.904598,214.189035,211.795686
274.906510,214.189035,211.815478
274.908307,214.189035,211.840176
274.912461,214.189035,211.867013
274.920777,214.189035,211.871206
274.924976,214.189035,211.885125
274.926783,214.189035,211.970491
274.930912,214.189035,211.988256
274.931838,214.189035,211.991920
274.933444,214.189035,212.006330
274.939444,214.189035,212.008581
274.942894,214.189035,212.037179
274.950200,214.189035,212.059141
274.951111,214.189035,212.124904
274.952940,214.189035,212.127718
274.954809,214.189035,212.173910
274.962606,214.189035,212.263888
274.979534,214.189035,212.284018
274.982145,214.189035,212.343408
274.995920,214.189035,212.356118
275.003092,214.189035,212.377995
275.006981,214.189035,212.392584
275.008751,214.189035,212.435880
275.012547,214.189035,212.436027
275.021907,214.189035,212.469402
275.025017,214.189035,212.475310
275.026868,214.189035,212.555158
275.030573,214.189035,212.556894
275.038440,214.189035,212.568546
275.052862,214.189035,212.581691
275.061495,214.189035,212.608182
275.065462,214.189035,212.699022
275.072789,214.189035,212.760517
275.076704,214.189035,212.768763
275.080522,214.189035,212.849530
275.092712,214.189035,212.896878
275.097667,214.189035,212.962984
275.099455,214.189035,213.004342
275.103007,214.189035,213.053160
275.104705,214.189035,213.074117
275.108294,214.189035,213.082256
275.112118,214.189035,213.151774
275.115831,214.189035,213.154582
275.148912,214.189035,213.190926
275.155324,214.189035,213.190998
275.172261,214.189035,213.276178
275.175850,214.189035,213.312602
275.182843,214.189035,213.325702
275.200126,214.189035,213.340022
275.203648,214.189035,213.343592
275.207883,214.189035,213.357456
275.211531,214.189035,213.362990
275.215506,214.189035,213.448069
275.217276,214.189035,213.448218
275.230155,214.189035,213.454750
275.238099,214.189035,213.459291
275.239964,214.189035,213.461362
275.252068,214.189035,213.486030
275.263854,214.189035,213.501678
275.266551,214.189035,213.501989
275.279642,214.189035,213.545062
275.280761,214.189035,213.555158
275.284756,214.189035,213.556872
275.288717,214.189035,213.571062
275.295926,214.189035,213.576762
275.307645,214.189035,213.629864
275.309376,214.189035,213.634166
275.325808,214.189035,213.671542
275.350468,214.189035,213.671653
275.354419,214.189035,213.708616
275.356335,214.189035,213.748590
275.361183,214.189035,213.756430
275.388133,214.189035,213.801349
275.391803,214.189035,213.802117
275.395644,214.189035,213.805358
275.398390,214.189035,213.815638
275.402582,214.189035,213.837622
275.404408,214.189035,213.841850
275.434099,214.189035,213.871866
275.446973,214.189035,213.919062
275.454904,214.189035,213.980270
275.456642,214.189035,214.015054
275.464466,214.189035,214.016406
275.477854,214.189035,214.034006
275.479955,214.189035,214.038373
275.487704,214.189035,214.044670
275.489960,214.189035,214.059062
275.497035,214.189035,214.078606
275.503325,214.189035,214.137538
275.506435,214.189035,214.142266
275.533808,214.189035,214.142498
275.537721,214.189035,214.173494
275.541909,214.189035,214.176054
275.549165,214.189035,214.189035
