Time,UB,LB
0.000000,393.353293,10.177760
0.453887,393.353293,32.172077
0.468423,393.353293,34.708973
0.470925,393.353293,37.079437
0.515532,393.353293,39.079651
0.518104,393.353293,39.696931
0.540498,375.627744,39.696931
0.540498,375.627744,39.752205
0.540528,341.561344,39.752205
0.540552,338.482400,39.752205
0.540575,336.013280,39.752205
0.540589,334.783680,39.752205
0.540645,333.310912,39.752205
0.540752,331.703488,39.752205
0.541047,325.524515,39.752205
0.542647,324.107267,39.752205
0.542911,323.124602,39.752205
0.545364,316.754144,39.752205
0.545381,312.724544,39.752205
0.545494,310.098688,39.752205
0.546523,306.572771,39.752205
0.552214,306.460506,39.752205
0.684456,291.948157,39.752205
0.684477,276.400157,39.752205
0.684497,225.133437,39.752205
0.689797,185.597933,39.752205
0.689820,158.079693,39.752205
0.689833,146.101933,39.752205
0.689952,143.983882,39.752205
0.690151,141.132042,39.752205
0.693259,139.909827,39.752205
0.694064,137.995098,39.752205
0.697658,137.734512,39.752205
0.718923,136.482726,39.752205
0.732372,131.036061,39.752205
0.741138,129.258234,39.752205
1.992568,129.258234,40.845072
1.995760,129.258234,40.931491
2.008118,129.258234,43.100582
2.016686,129.258234,44.121539
2.019608,129.258234,45.083235
2.028573,129.258234,46.133789
2.040023,129.258234,46.689475
2.046169,129.258234,47.490659
2.054902,129.258234,47.636323
2.061841,129.258234,47.802851
2.072243,129.258234,48.315331
2.078456,129.258234,48.581907
2.083850,129.258234,48.846067
2.087216,129.258234,49.570915
2.105116,129.258234,50.414083
2.112465,129.258234,50.649795
2.118412,129.258234,50.889251
2.127572,129.258234,51.093091
2.133617,129.258234,51.359667
2.139800,129.258234,51.422755
2.148997,129.258234,53.010307
2.155654,129.258234,53.170787
2.160414,129.258234,53.427555
2.163506,129.258234,53.541059
2.166069,129.258234,53.562179
2.169728,129.258234,53.849795
2.173730,129.258234,54.509155
2.175595,129.258234,54.689309
2.183883,129.258234,55.043683
2.186236,129.258234,55.701539
2.190073,129.258234,55.722691
2.192012,129.258234,55.723779
2.194053,129.258234,55.989155
2.221251,129.258234,56.063347
2.227311,129.258234,56.252259
2.229815,129.258234,56.318819
2.232804,129.258234,56.376842
2.236465,129.258234,56.541149
2.240453,129.258234,56.546179
2.247793,129.258234,56.560931
2.248807,129.258234,56.627459
2.250621,129.258234,56.668163
2.254662,129.258234,56.720051
2.256071,129.258234,56.812771
2.258923,129.258234,56.931267
2.261023,129.258234,57.211370
2.262813,129.258234,57.472099
2.265338,129.258234,57.486851
2.265835,129.258234,57.636259
2.269445,129.258234,57.645971
2.269922,129.258234,57.840995
2.271373,129.258234,57.890378
2.273055,129.258234,57.963299
2.279206,129.258234,58.104099
2.280269,129.258234,58.315267
2.284381,129.258234,58.520003
2.285886,129.258234,58.783107
2.286918,129.258234,58.841107
2.290037,129.258234,59.063210
2.291202,129.258234,59.075667
2.292316,129.258234,59.413763
2.297640,129.258234,59.488099
2.299806,129.258234,59.590531
2.301731,129.258234,59.742218
2.302746,129.258234,59.815139
2.304084,129.258234,60.044739
2.306361,129.258234,60.167107
2.309038,129.258234,60.528707
2.310537,129.258234,60.558499
2.311903,129.258234,60.586819
2.321040,129.258234,61.190531
2.321448,129.258234,61.265603
2.323936,129.258234,61.265827
2.333023,129.258234,61.300259
2.333678,129.258234,61.352147
2.334710,129.258234,61.454627
2.337524,129.258234,61.512739
2.344389,129.258234,61.547219
2.345375,129.258234,61.755555
2.352964,129.258234,61.881667
2.370373,129.258234,62.116451
2.370887,129.258234,62.191747
2.377435,129.258234,62.358371
2.378042,129.258234,62.359523
2.379182,129.258234,62.425059
2.380082,129.258234,62.522474
2.380405,129.258234,62.560675
2.394586,129.258234,62.713949
2.395753,129.258234,62.876675
2.401056,129.258234,63.038531
2.402125,129.258234,63.104067
2.402979,129.258234,63.191779
2.404258,129.258234,63.363107
2.414832,129.258234,63.374307
2.417411,129.258234,63.523939
2.417802,129.258234,63.527613
2.421208,129.258234,63.581738
2.421913,129.258234,63.657155
2.424073,129.258234,63.749853
2.425249,129.258234,63.826362
2.425618,129.258234,63.862051
2.426293,129.258234,63.870787
2.427631,129.258234,63.911491
2.429482,129.258234,64.089251
2.429839,129.258234,64.117699
2.430422,129.258234,64.234691
2.435335,129.258234,64.260746
2.436232,129.258234,64.276899
2.436671,129.258234,64.320250
2.436877,129.258234,64.437469
2.437209,129.258234,64.471651
2.440184,129.258234,64.541059
2.440810,129.258234,64.727654
2.441003,129.258234,64.779168
2.442161,129.258234,64.796707
2.442878,129.258234,64.880563
2.443285,129.258234,64.922653
2.446875,129.258234,64.955907
2.447372,129.258234,65.040963
2.447984,129.258234,65.214947
2.453227,129.258234,65.226147
2.453828,129.258234,65.379453
2.455463,129.258234,65.380547
2.460180,129.258234,65.559571
2.460530,129.258234,65.601693
2.460954,129.258234,65.739898
2.461786,129.258234,65.763331
2.462799,129.258234,65.958493
2.465774,129.258234,65.987939
2.466150,129.258234,66.059555
2.469013,129.258234,66.142339
2.470138,129.258234,66.155811
2.471626,129.258234,66.239939
2.472368,129.258234,66.306467
2.473561,129.258234,66.354854
2.474252,129.258234,66.399059
2.475043,129.258234,66.418906
2.475878,129.258234,66.448362
2.476249,129.258234,66.554707
2.477082,129.258234,66.738563
2.478872,129.258234,66.779267
2.480992,129.258234,66.918947
2.481693,129.258234,66.985475
2.483136,129.258234,67.033862
2.483761,129.258234,67.042371
2.485322,129.258234,67.081731
2.486970,129.258234,67.159706
2.487447,129.258234,67.165859
2.487884,129.258234,67.198986
2.488895,129.258234,67.233715
2.489668,129.258234,67.280774
2.489994,129.258234,67.324979
2.490486,129.258234,67.412643
2.491377,129.258234,67.496579
2.491988,129.258234,67.724986
2.492234,129.258234,67.770813
2.492546,129.258234,67.810333
2.494909,129.258234,67.827299
2.498254,129.258234,67.838714
2.498917,129.258234,67.844867
2.499417,129.258234,67.885530
2.499869,129.258234,67.959782
2.500305,129.258234,68.001482
2.502099,129.258234,68.003987
2.502817,129.258234,68.449821
2.503162,129.258234,68.531258
2.505799,129.258234,68.532483
2.509645,129.258234,68.631107
2.510673,129.258234,68.743498
2.510884,129.258234,68.870682
2.511397,129.258234,68.894211
2.512282,129.258234,69.021446
2.513485,129.258234,69.169501
2.516316,129.258234,69.205338
2.517126,129.258234,69.322522
2.517568,129.258234,69.336067
2.517797,129.258234,69.427299
2.518800,129.258234,69.453434
2.518963,129.258234,69.458403
2.520341,129.258234,69.495450
2.522556,129.258234,69.542394
2.523334,129.258234,69.612483
2.525661,129.258234,69.637434
2.528328,129.258234,69.685491
2.528992,129.258234,69.816445
2.529716,129.258234,69.853322
2.530755,129.258234,69.986627
2.531513,129.258234,70.095421
2.533636,129.258234,70.107805
2.534211,129.258234,70.137331
2.534472,129.258234,70.165571
2.537065,129.258234,70.248541
2.538334,129.258234,70.262051
2.538492,129.258234,70.268243
2.538608,129.258234,70.363267
2.541290,129.258234,70.378051
2.541737,129.258234,70.544794
2.544894,129.258234,70.563354
2.545673,129.258234,70.639811
2.546718,129.258234,70.780291
2.548046,129.258234,70.795386
2.549249,129.258234,70.816419
2.550529,129.258234,70.846035
2.551225,129.258234,70.863386
2.551571,129.258234,70.900410
2.552374,129.258234,70.917507
2.552966,129.258234,71.032477
2.554016,129.258234,71.054659
2.554376,129.258234,71.153283
2.555985,129.258234,71.167101
2.556457,129.258234,71.174461
2.556879,129.258234,71.247203
2.557153,129.258234,71.313891
2.557680,129.258234,71.359603
2.559044,129.258234,71.464323
2.559880,129.258234,71.474493
2.560215,129.258234,71.599133
2.561018,129.258234,71.604058
2.561430,129.258234,71.721306
2.562198,129.258234,71.745987
2.563234,129.258234,71.774493
2.563408,129.258234,71.789306
2.563660,129.258234,71.795459
2.563916,129.258234,71.870755
2.565925,129.258234,71.910374
2.566237,129.258234,71.953187
2.566637,129.258234,72.139722
2.567167,129.258234,72.153402
2.568346,129.258234,72.265715
2.568568,129.258234,72.332403
2.568916,129.258234,72.396634
2.569655,129.258234,72.400413
2.569873,129.258234,72.412675
2.570250,129.258234,72.418867
2.570582,129.258234,72.452026
2.571465,129.258234,72.468314
2.571691,129.258234,72.474467
2.571898,129.258234,72.517690
2.576384,129.258234,72.525117
2.577176,129.258234,72.539859
2.578786,129.258234,72.554618
2.579052,129.258234,72.671907
2.579453,129.258234,72.764499
2.580259,129.258234,72.796675
2.581264,129.258234,72.952122
2.583965,129.258234,72.982755
2.589669,129.258234,73.079421
2.589902,129.258234,73.128797
2.592409,129.258234,73.138538
2.592637,129.258234,73.144794
2.592824,129.258234,73.199197
2.593284,129.258234,73.211443
2.593895,129.258234,73.307866
2.594325,129.258234,73.391770
2.594460,129.258234,73.400291
2.595389,129.258234,73.443514
2.595826,129.258234,73.542202
2.596101,129.258234,73.581731
2.596986,129.258234,73.690419
2.597362,129.258234,73.753338
2.598111,129.258234,73.806694
2.599136,129.258234,73.821338
2.601035,129.258234,73.833658
2.602593,129.258234,73.834938
2.602895,129.258234,73.959603
2.603100,129.258234,73.970634
2.604554,129.258234,73.983133
2.605665,129.258234,73.984275
2.605779,129.258234,74.002877
2.605884,129.258234,74.058330
2.606110,129.258234,74.088003
2.606428,129.258234,74.184378
2.606773,129.258234,74.246170
2.606971,129.258234,74.258323
2.607428,129.258234,74.340835
2.608357,129.258234,74.345731
2.614826,129.258234,74.428634
2.616364,129.258234,74.433658
2.617202,129.258234,74.446045
2.617437,129.258234,74.499043
2.618066,129.258234,74.636147
2.619469,129.258234,74.652163
2.619956,129.258234,74.653574
2.620286,129.258234,74.665926
2.620523,129.258234,74.720198
2.623036,129.258234,74.726298
2.623598,129.258234,74.732614
2.624008,129.258234,74.744755
2.624931,129.258234,74.759578
2.625740,129.258234,74.769565
2.625958,129.258234,74.776883
2.626285,129.258234,74.823738
2.627434,129.258234,74.922522
2.627978,129.258234,74.925178
2.628386,129.258234,75.067011
2.628820,129.258234,75.192954
2.629122,129.258234,75.195386
2.629545,129.258234,75.218941
2.629948,129.258234,75.248467
2.630510,129.258234,75.321370
2.631953,129.258234,75.332582
2.632278,129.258234,75.405306
2.632649,129.258234,75.437437
2.632856,129.258234,75.447146
2.633685,129.258234,75.480538
2.634167,129.258234,75.495322
2.634337,129.258234,75.516474
2.634540,129.258234,75.655997
2.635234,129.258234,75.670675
2.635701,129.258234,75.698787
2.640169,129.258234,75.737331
2.640407,129.258234,75.765539
2.642323,129.258234,75.821267
2.642568,129.258234,75.844634
2.642877,129.258234,76.061987
2.643207,129.258234,76.090630
2.643538,129.258234,76.116445
2.644100,129.258234,76.127581
2.644282,129.258234,76.295347
2.644769,129.258234,76.310131
2.644930,129.258234,76.377859
2.646075,129.258234,76.479226
2.646425,129.258234,76.536067
2.646906,129.258234,76.675482
2.647420,129.258234,76.863146
2.647665,129.258234,76.866723
2.648992,129.258234,77.080387
2.649163,129.258234,77.113946
2.649564,129.258234,77.144966
2.650464,129.258234,77.175299
2.652555,129.258234,77.209018
2.653498,129.258234,77.426275
2.655007,129.258234,77.497738
2.655448,129.258234,77.500275
2.655688,129.258234,77.563066
2.655877,129.258234,77.588026
2.656705,129.258234,77.615002
2.656857,129.258234,77.702627
2.657120,129.258234,77.725053
2.657366,129.258234,77.881917
2.658241,129.258234,77.889114
2.658507,129.258234,77.936090
2.658865,129.258234,77.952090
2.659634,129.258234,77.974355
2.660267,129.258234,78.021370
2.660365,129.258234,78.070886
2.660829,129.258234,78.196730
2.661209,129.258234,78.199133
2.661764,129.258234,78.417626
2.661990,129.258234,78.516250
2.662357,129.258234,78.569434
2.662665,129.258234,78.611558
2.664271,129.258234,78.632477
2.664363,129.258234,78.650906
2.664586,129.258234,78.785280
2.664770,129.258234,78.788058
2.664890,129.258234,78.807837
2.665367,129.258234,78.888134
2.665587,129.258234,78.970602
2.666261,129.258234,78.978173
2.666339,129.258234,79.039738
2.667399,129.258234,79.068218
2.668759,129.258234,79.232435
2.668943,129.258234,79.317594
2.669065,129.258234,79.362214
2.669273,129.258234,79.384243
2.669602,129.258234,79.391514
2.670016,129.258234,79.399165
2.670131,129.258234,79.423587
2.670504,129.258234,79.534762
2.670850,129.258234,79.537299
2.671093,129.258234,79.675635
2.671202,129.258234,79.715002
2.671352,129.258234,79.744861
2.671462,129.258234,79.791773
2.671843,129.258234,79.836250
2.672584,129.258234,79.843581
2.672725,129.258234,79.883027
2.673937,129.258234,79.926138
2.674203,129.258234,79.938650
2.675066,129.258234,79.950970
2.675378,129.258234,79.994138
2.676119,129.258234,80.008922
2.676344,129.258234,80.011379
2.676966,129.258234,80.013818
2.677361,129.258234,80.013850
2.677727,129.258234,80.132403
2.677833,129.258234,80.146074
2.677948,129.258234,80.168026
2.678204,129.258234,80.198970
2.678973,129.258234,80.223523
2.679202,129.258234,80.243654
2.679616,129.258234,80.266723
2.680106,129.258234,80.374243
2.680460,129.258234,80.454650
2.680652,129.258234,80.549757
2.681393,129.258234,80.562077
2.681814,129.258234,80.606458
2.682154,129.258234,80.635946
2.682303,129.258234,80.636026
2.683918,129.258234,80.645802
2.684171,129.258234,80.668122
2.684741,129.258234,80.720230
2.684948,129.258234,80.757181
2.685052,129.258234,80.808947
2.685533,129.258234,80.812691
2.685759,129.258234,80.865594
2.686725,129.258234,81.070522
2.687089,129.258234,81.102877
2.687207,129.258234,81.244451
2.687375,129.258234,81.258186
2.687643,129.258234,81.269459
2.687818,129.258234,81.302650
2.693197,129.258234,81.317434
2.694000,129.258234,81.331034
2.694134,129.258234,81.391741
2.694386,129.258234,81.421267
2.694701,129.258234,81.438554
2.695486,129.258234,81.480602
2.696251,129.258234,81.522394
2.696469,129.258234,81.605146
2.696663,129.258234,81.642330
2.696879,129.258234,81.669501
2.696962,129.258234,81.686634
2.697495,129.258234,81.687930
2.697708,129.258234,81.692640
2.698173,129.258234,81.828797
2.698552,129.258234,81.866691
2.698812,129.258234,81.902714
2.698985,129.258234,81.957034
2.699308,129.258234,82.043450
2.701645,129.258234,82.047194
2.701870,129.258234,82.069283
2.702250,129.258234,82.144634
2.702602,129.258234,82.161882
2.703211,129.258234,82.167037
2.703390,129.258234,82.268253
2.703526,129.258234,82.287955
2.703706,129.258234,82.349546
2.703814,129.258234,82.362010
2.704028,129.258234,82.394170
2.704499,129.258234,82.436189
2.704625,129.258234,82.538653
2.704935,129.258234,82.540906
2.705144,129.258234,82.565690
2.705420,129.258234,82.629850
2.705861,129.258234,82.670368
2.706019,129.258234,82.700486
2.706759,129.258234,82.717523
2.706915,129.258234,82.803930
2.707774,129.258234,82.804019
2.708375,129.258234,82.811558
2.708824,129.258234,82.826330
2.709018,129.258234,82.862003
2.709185,129.258234,82.880387
2.709309,129.258234,82.933411
2.709876,129.258234,82.948467
2.710069,129.258234,82.970717
2.710869,129.258234,83.026010
2.712096,129.258234,83.045946
2.712334,129.258234,83.163146
2.712689,129.258234,83.168250
2.712993,129.258234,83.180394
2.713298,129.258234,83.208979
2.713770,129.258234,83.241075
2.715068,129.258234,83.292608
2.715333,129.258234,83.376819
2.715559,129.258234,83.431034
2.715685,129.258234,83.437437
2.715954,129.258234,83.450874
2.716203,129.258234,83.463066
2.718298,129.258234,83.486739
2.719126,129.258234,83.586586
2.720229,129.258234,83.642170
2.720440,129.258234,83.729850
2.720894,129.258234,83.731107
2.721178,129.258234,83.766906
2.721949,129.258234,83.779357
2.722240,129.258234,83.786554
2.722584,129.258234,83.787683
2.722916,129.258234,83.794205
2.723025,129.258234,83.848435
2.723124,129.258234,83.860755
2.723297,129.258234,83.963357
2.723914,129.258234,84.084218
2.724111,129.258234,84.248224
2.724767,129.258234,84.265683
2.725010,129.258234,84.409923
2.725324,129.258234,84.412659
2.725670,129.258234,84.463040
2.725775,129.258234,84.486714
2.726152,129.258234,84.544691
2.726294,129.258234,84.563066
2.726482,129.258234,84.568250
2.727142,129.258234,84.605098
2.727663,129.258234,84.660682
2.727839,129.258234,84.674234
2.727958,129.258234,84.685280
2.729004,129.258234,84.737434
2.729203,129.258234,84.801347
2.729405,129.258234,84.841827
2.730601,129.258234,84.841891
2.731185,129.258234,84.884106
2.731584,129.258234,84.906448
2.731711,129.258234,84.916234
2.731877,129.258234,84.985491
2.732150,129.258234,85.008768
2.732564,129.258234,85.129795
2.732830,129.258234,85.177018
2.733022,129.258234,85.179357
2.733588,129.258234,85.545866
2.733784,129.258234,85.591610
2.733913,129.258234,85.592643
2.734128,129.258234,85.616314
2.734603,129.258234,85.639974
2.734692,129.258234,85.692746
2.734793,129.258234,85.723587
2.735329,129.258234,85.755715
2.735549,129.258234,85.785280
2.735713,129.258234,85.826010
2.736726,129.258234,85.828480
2.737423,129.258234,86.023562
2.737629,129.258234,86.076643
2.738224,129.258234,86.092851
2.738523,129.258234,86.139837
2.738680,129.258234,86.218682
2.738863,129.258234,86.306448
2.738973,129.258234,86.347261
2.739039,129.258234,86.349507
2.739273,129.258234,86.380602
2.739695,129.258234,86.474461
2.740359,129.258234,86.522662
2.740656,129.258234,86.528880
2.740853,129.258234,86.532227
2.740973,129.258234,86.732582
2.741161,129.258234,86.806208
2.741409,129.258234,86.851994
2.741486,129.258234,86.914883
2.741777,129.258234,86.917555
2.741901,129.258234,86.947123
2.741979,129.258234,86.991610
2.742090,129.258234,86.997990
2.742165,129.258234,87.001370
2.742888,129.258234,87.110138
2.743020,129.258234,87.144480
2.743340,129.258234,87.237194
2.743513,129.258234,87.265507
2.743604,129.258234,87.266723
2.744584,129.258234,87.315024
2.744776,129.258234,87.428448
2.745072,129.258234,87.428659
2.745236,129.258234,87.475450
2.746484,129.258234,87.539642
2.746723,129.258234,87.569363
2.746856,129.258234,87.571722
2.747084,129.258234,87.649744
2.747195,129.258234,87.687997
2.747455,129.258234,87.695453
2.747567,129.258234,87.732122
2.747796,129.258234,87.887747
2.747962,129.258234,87.902810
2.748071,129.258234,88.105178
2.748387,129.258234,88.125053
2.748916,129.258234,88.129834
2.749096,129.258234,88.165667
2.749214,129.258234,88.244451
2.749598,129.258234,88.260851
2.749735,129.258234,88.354362
2.750193,129.258234,88.355363
2.750734,129.258234,88.431152
2.750934,129.258234,88.434906
2.751050,129.258234,88.452080
2.751480,129.258234,88.475520
2.751689,129.258234,88.487722
2.751788,129.258234,88.510138
2.751897,129.258234,88.554579
2.751995,129.258234,88.558154
2.752195,129.258234,88.592957
2.752439,129.258234,88.595421
2.752537,129.258234,88.653338
2.753062,129.258234,88.659043
2.753367,129.258234,88.692640
2.753893,129.258234,88.709987
2.753976,129.258234,88.802650
2.754174,129.258234,88.841018
2.754375,129.258234,88.866691
2.755045,129.258234,88.919987
2.755365,129.258234,88.940906
2.755561,129.258234,88.976819
2.755894,129.258234,89.042259
2.756094,129.258234,89.087802
2.756436,129.258234,89.109962
2.756585,129.258234,89.116314
2.756812,129.258234,89.134803
2.756922,129.258234,89.266890
2.757280,129.258234,89.324947
2.757408,129.258234,89.377018
2.757599,129.258234,89.413875
2.758101,129.258234,89.467002
2.758378,129.258234,89.468147
2.758767,129.258234,89.524858
2.759341,129.258234,89.607651
2.759522,129.258234,89.614922
2.759700,129.258234,89.637434
2.759888,129.258234,89.651994
2.759972,129.258234,89.678246
2.760140,129.258234,89.717555
2.760280,129.258234,89.725043
2.760468,129.258234,89.732477
2.760575,129.258234,89.779146
2.760676,129.258234,89.807555
2.760791,129.258234,89.939706
2.761190,129.258234,89.954579
2.761296,129.258234,89.984218
2.761489,129.258234,90.076794
2.761595,129.258234,90.076954
2.761780,129.258234,90.106314
2.762107,129.258234,90.109962
2.762239,129.258234,90.197722
2.762416,129.258234,90.237162
2.762693,129.258234,90.261866
2.762899,129.258234,90.280573
2.763068,129.258234,90.428794
2.763255,129.258234,90.543370
2.763802,129.258234,90.544666
2.764755,129.258234,90.618627
2.764868,129.258234,90.631194
2.764982,129.258234,90.670506
2.765065,129.258234,90.691546
2.766059,129.258234,90.693962
2.766249,129.258234,90.728880
2.766437,129.258234,90.746077
2.766635,129.258234,90.769437
2.766714,129.258234,90.932582
2.766932,129.258234,90.974234
2.767043,129.258234,90.978192
2.767227,129.258234,90.980394
2.767323,129.258234,90.981722
2.767718,129.258234,90.996637
2.767853,129.258234,91.033757
2.768065,129.258234,91.039933
2.768172,129.258234,91.080710
2.768340,129.258234,91.100154
2.769619,129.258234,91.101347
2.769798,129.258234,91.216234
2.769970,129.258234,91.228794
2.770080,129.258234,91.280499
2.770186,129.258234,91.287610
2.770588,129.258234,91.354554
2.770702,129.258234,91.365546
2.771212,129.258234,91.370506
2.771287,129.258234,91.385597
2.771472,129.258234,91.423587
2.771583,129.258234,91.446003
2.771686,129.258234,91.509987
2.771793,129.258234,91.606557
2.771980,129.258234,91.631290
2.772212,129.258234,91.658122
2.772459,129.258234,91.725978
2.773169,129.258234,91.762851
2.773382,129.258234,91.778192
2.773491,129.258234,91.810026
2.773764,129.258234,91.840842
2.773866,129.258234,91.845866
2.774040,129.258234,91.895283
2.774365,129.258234,91.954426
2.774584,129.258234,91.956906
2.774653,129.258234,91.959610
2.774852,129.258234,91.992746
2.774948,129.258234,92.055715
2.775157,129.258234,92.065757
2.775371,129.258234,92.079283
2.775577,129.258234,92.124736
2.776398,129.258234,92.124947
2.776509,129.258234,92.169363
2.776607,129.258234,92.176890
2.776792,129.258234,92.185597
2.776902,129.258234,92.317597
2.777058,129.258234,92.323562
2.777224,129.258234,92.324954
2.777395,129.258234,92.335914
2.777598,129.258234,92.385091
2.778039,129.258234,92.491610
2.778261,129.258234,92.576666
2.778716,129.258234,92.579568
2.779079,129.258234,92.597779
2.779244,129.258234,92.606394
2.779319,129.258234,92.645802
2.779416,129.258234,92.645978
2.779599,129.258234,92.649507
2.780000,129.258234,92.718771
2.780102,129.258234,92.726026
2.780242,129.258234,92.754653
2.780552,129.258234,92.787997
2.780741,129.258234,92.796387
2.780811,129.258234,92.832227
2.781026,129.258234,92.842211
2.781224,129.258234,92.915034
2.781395,129.258234,92.982922
2.781808,129.258234,93.040736
2.782140,129.258234,93.099002
2.782329,129.258234,93.167875
2.783280,129.258234,93.169530
2.783356,129.258234,93.189203
2.783548,129.258234,93.228554
2.783716,129.258234,93.253130
2.783815,129.258234,93.276762
2.784012,129.258234,93.306419
2.784236,129.258234,93.338426
2.784428,129.258234,93.348266
2.784661,129.258234,93.359750
2.784851,129.258234,93.423750
2.785113,129.258234,93.462010
2.785503,129.258234,93.523587
2.785622,129.258234,93.565507
2.785771,129.258234,93.594195
2.785961,129.258234,93.662976
2.786403,129.258234,93.773098
2.786520,129.258234,93.780637
2.786585,129.258234,93.784218
2.786773,129.258234,93.831194
2.786883,129.258234,93.871722
2.787179,129.258234,93.875370
2.787335,129.258234,93.884074
2.787651,129.258234,93.933546
2.787826,129.258234,93.996531
2.787930,129.258234,94.018602
2.788002,129.258234,94.063162
2.788376,129.258234,94.075475
2.788472,129.258234,94.126333
2.788537,129.258234,94.128944
2.788686,129.258234,94.157200
2.788845,129.258234,94.187747
2.789077,129.258234,94.197674
2.789634,129.258234,94.206557
2.789746,129.258234,94.237251
2.789852,129.258234,94.297958
2.790098,129.258234,94.303882
2.790402,129.258234,94.343498
2.790520,129.258234,94.346010
2.790636,129.258234,94.502938
2.790749,129.258234,94.525827
2.792298,129.258234,94.547366
2.792523,129.258234,94.557200
2.792626,129.258234,94.584218
2.792744,129.258234,94.606544
2.794267,129.258234,94.632339
2.794364,129.258234,94.706394
2.794450,129.258234,94.745802
2.794550,129.258234,94.756906
2.794614,129.258234,94.773027
2.794820,129.258234,94.773043
2.794889,129.258234,94.787722
2.795045,129.258234,94.802730
2.795226,129.258234,94.873306
2.795390,129.258234,94.899312
2.795485,129.258234,94.901498
2.795587,129.258234,94.902950
2.795694,129.258234,94.928880
2.795873,129.258234,94.937245
2.796157,129.258234,94.964314
2.796331,129.258234,94.966931
2.796555,129.258234,95.013763
2.796626,129.258234,95.027514
2.796811,129.258234,95.046010
2.796955,129.258234,95.275571
2.797165,129.258234,95.409962
2.797386,129.258234,95.489091
2.797453,129.258234,95.503555
2.797676,129.258234,95.521203
2.797775,129.258234,95.570717
2.797873,129.258234,95.576755
2.797976,129.258234,95.596387
2.798093,129.258234,95.601552
2.798441,129.258234,95.602730
2.798550,129.258234,95.611322
2.798726,129.258234,95.623635
2.798870,129.258234,95.643235
2.799195,129.258234,95.648250
2.799559,129.258234,95.724794
2.799827,129.258234,95.729843
2.799992,129.258234,95.732339
2.800107,129.258234,95.732378
2.800210,129.258234,95.771747
2.800387,129.258234,95.822586
2.801707,129.258234,95.836899
2.801999,129.258234,95.854800
2.802110,129.258234,95.873306
2.802292,129.258234,95.928547
2.802471,129.258234,96.045875
2.802664,129.258234,96.058502
2.802770,129.258234,96.079146
2.802960,129.258234,96.079568
2.803057,129.258234,96.125795
2.803457,129.258234,96.128794
2.803567,129.258234,96.140579
2.803741,129.258234,96.164410
2.804062,129.258234,96.237437
2.804251,129.258234,96.272979
2.804434,129.258234,96.280435
2.804547,129.258234,96.280710
2.804703,129.258234,96.287974
2.804877,129.258234,96.302685
2.804986,129.258234,96.322490
2.805331,129.258234,96.415088
2.805680,129.258234,96.428870
2.805789,129.258234,96.491523
2.805842,129.258234,96.499002
2.806189,129.258234,96.509021
2.806254,129.258234,96.528259
2.806475,129.258234,96.547162
2.806581,129.258234,96.589203
2.806930,129.258234,96.639984
2.807118,129.258234,96.646013
2.807341,129.258234,96.678192
2.807447,129.258234,96.743306
2.807687,129.258234,96.759750
2.808042,129.258234,96.818602
2.808139,129.258234,96.828595
2.808202,129.258234,96.836112
2.808539,129.258234,96.843686
2.808722,129.258234,96.852253
2.808908,129.258234,96.864346
2.809089,129.258234,96.880499
2.809222,129.258234,96.918627
2.809382,129.258234,96.921203
2.809447,129.258234,96.934842
2.809800,129.258234,96.954554
2.809949,129.258234,96.993962
2.810118,129.258234,97.026195
2.810462,129.258234,97.083130
2.810570,129.258234,97.085597
2.810677,129.258234,97.107450
2.811126,129.258234,97.148250
2.811315,129.258234,97.150499
2.811703,129.258234,97.169501
2.811751,129.258234,97.216346
2.811970,129.258234,97.238426
2.812151,129.258234,97.272954
2.812663,129.258234,97.312506
2.812853,129.258234,97.318694
2.813048,129.258234,97.330086
2.813224,129.258234,97.337242
2.813325,129.258234,97.348371
2.813406,129.258234,97.354714
2.813590,129.258234,97.361971
2.813699,129.258234,97.369363
2.813826,129.258234,97.425242
2.813984,129.258234,97.428870
2.814090,129.258234,97.465530
2.814275,129.258234,97.589091
2.814366,129.258234,97.594035
2.814703,129.258234,97.602691
2.814812,129.258234,97.606557
2.814999,129.258234,97.620090
2.815103,129.258234,97.653414
2.815169,129.258234,97.685414
2.815458,129.258234,97.749651
2.815805,129.258234,97.769363
2.815911,129.258234,97.773050
2.816283,129.258234,97.828595
2.816480,129.258234,97.865754
2.816580,129.258234,97.873155
2.816776,129.258234,97.883962
2.816985,129.258234,97.952250
2.817168,129.258234,97.965754
2.817231,129.258234,97.965821
2.817411,129.258234,98.017555
2.817578,129.258234,98.019946
2.817753,129.258234,98.027472
2.818456,129.258234,98.065658
2.818838,129.258234,98.076890
2.819030,129.258234,98.091610
2.819238,129.258234,98.095472
2.819338,129.258234,98.127226
2.819464,129.258234,98.140842
2.819595,129.258234,98.157878
2.819812,129.258234,98.180710
2.819881,129.258234,98.196371
2.820038,129.258234,98.201491
2.820215,129.258234,98.203923
2.820495,129.258234,98.223795
2.820599,129.258234,98.231197
2.820703,129.258234,98.240989
2.820809,129.258234,98.291466
2.821253,129.258234,98.301498
2.821442,129.258234,98.302950
2.821623,129.258234,98.323795
2.821687,129.258234,98.332435
2.821868,129.258234,98.339530
2.821971,129.258234,98.402627
2.822314,129.258234,98.495450
2.822422,129.258234,98.502877
2.822523,129.258234,98.545635
2.822786,129.258234,98.595357
2.822857,129.258234,98.607603
2.822922,129.258234,98.643210
2.822985,129.258234,98.644634
2.823086,129.258234,98.650499
2.823286,129.258234,98.657200
2.823386,129.258234,98.680563
2.823484,129.258234,98.749466
2.823705,129.258234,98.769363
2.823838,129.258234,98.780118
2.824348,129.258234,98.780563
2.824416,129.258234,98.785414
2.824631,129.258234,98.789277
2.824735,129.258234,98.859427
2.824939,129.258234,98.891699
2.825119,129.258234,98.906419
2.825280,129.258234,98.916445
2.825455,129.258234,98.928595
2.825523,129.258234,98.962022
2.825591,129.258234,98.971795
2.825689,129.258234,98.979334
2.825737,129.258234,98.999312
2.825892,129.258234,99.018714
2.826072,129.258234,99.021242
2.826252,129.258234,99.050803
2.826320,129.258234,99.079354
2.826386,129.258234,99.134973
2.826488,129.258234,99.145738
2.826658,129.258234,99.157117
2.826799,129.258234,99.167811
2.826964,129.258234,99.168122
2.827308,129.258234,99.226138
2.827493,129.258234,99.241018
2.827679,129.258234,99.288134
2.827781,129.258234,99.300240
2.827959,129.258234,99.328870
2.828029,129.258234,99.452253
2.828133,129.258234,99.453434
2.828234,129.258234,99.487834
2.828578,129.258234,99.521331
2.828763,129.258234,99.532339
2.828830,129.258234,99.579568
2.828896,129.258234,99.596531
2.829072,129.258234,99.613843
2.829176,129.258234,99.620154
2.829274,129.258234,99.663146
2.829371,129.258234,99.669187
2.829440,129.258234,99.672979
2.829912,129.258234,99.673126
2.830184,129.258234,99.675475
2.830294,129.258234,99.687962
2.830389,129.258234,99.702685
2.830646,129.258234,99.720061
2.830713,129.258234,99.732413
2.830849,129.258234,99.767978
2.831063,129.258234,99.836051
2.831246,129.258234,99.837251
2.831364,129.258234,99.854563
2.831488,129.258234,99.887584
2.831632,129.258234,99.898909
2.831903,129.258234,99.950800
2.832250,129.258234,100.037226
2.832432,129.258234,100.054800
2.832536,129.258234,100.073306
2.832638,129.258234,100.076771
2.832956,129.258234,100.081642
2.833116,129.258234,100.093795
2.833514,129.258234,100.101414
2.833686,129.258234,100.135837
2.833826,129.258234,100.175370
2.834019,129.258234,100.186634
2.834361,129.258234,100.223635
2.834434,129.258234,100.228794
2.834618,129.258234,100.231261
2.834717,129.258234,100.338429
2.834823,129.258234,100.373043
2.834926,129.258234,100.421242
2.835006,129.258234,100.448077
2.835274,129.258234,100.491578
2.836056,129.258234,100.502627
2.836167,129.258234,100.505050
2.836444,129.258234,100.552253
2.836544,129.258234,100.576957
2.836644,129.258234,100.591578
2.836747,129.258234,100.595421
2.836813,129.258234,100.613763
2.836906,129.258234,100.743491
2.837005,129.258234,100.744634
2.837105,129.258234,100.761696
2.837314,129.258234,100.761722
2.837406,129.258234,100.778192
2.837589,129.258234,100.839984
2.837771,129.258234,100.855763
2.837872,129.258234,100.865530
2.838225,129.258234,100.873075
2.838361,129.258234,100.877888
2.838467,129.258234,100.891402
2.838528,129.258234,100.932275
2.838594,129.258234,100.937123
2.838775,129.258234,100.958298
2.838956,129.258234,100.959581
2.839062,129.258234,100.969312
2.839401,129.258234,101.008723
2.839590,129.258234,101.009795
2.839725,129.258234,101.022512
2.840074,129.258234,101.043686
2.840266,129.258234,101.045978
2.840420,129.258234,101.053414
2.840581,129.258234,101.058170
2.840767,129.258234,101.070317
2.841142,129.258234,101.075664
2.841330,129.258234,101.107642
2.841574,129.258234,101.118832
2.841913,129.258234,101.132122
2.842463,129.258234,101.137437
2.842651,129.258234,101.169552
2.842836,129.258234,101.176755
2.842936,129.258234,101.185597
2.843120,129.258234,101.190266
2.843295,129.258234,101.223635
2.843481,129.258234,101.281315
2.843775,129.258234,101.352250
2.844124,129.258234,101.365786
2.844489,129.258234,101.408922
2.844848,129.258234,101.416349
2.845111,129.258234,101.458195
2.845184,129.258234,101.458333
2.845259,129.258234,101.462032
2.845600,129.258234,101.478010
2.845872,129.258234,101.502810
2.846018,129.258234,101.521392
2.846220,129.258234,101.536134
2.846290,129.258234,101.576957
2.846484,129.258234,101.578192
2.846609,129.258234,101.584995
2.846870,129.258234,101.628870
2.846991,129.258234,101.632035
2.847265,129.258234,101.632275
2.847400,129.258234,101.640989
2.847750,129.258234,101.714054
2.847820,129.258234,101.732435
2.848215,129.258234,101.755875
2.848385,129.258234,101.757082
2.848780,129.258234,101.763146
2.848897,129.258234,101.800240
2.849286,129.258234,101.816035
2.849490,129.258234,101.816346
2.849700,129.258234,101.834941
2.849810,129.258234,101.850803
2.849862,129.258234,101.867056
2.850032,129.258234,101.871888
2.850402,129.258234,101.871994
2.850601,129.258234,101.873286
2.850651,129.258234,101.874298
2.850844,129.258234,101.895450
2.851034,129.258234,101.928797
2.851215,129.258234,101.943443
2.851385,129.258234,101.970362
2.851544,129.258234,101.973306
2.851611,129.258234,101.984218
2.851713,129.258234,101.990266
2.851813,129.258234,101.995130
2.852187,129.258234,102.006307
2.852290,129.258234,102.028624
2.852497,129.258234,102.087955
2.852621,129.258234,102.113917
2.852749,129.258234,102.147162
2.852866,129.258234,102.157955
2.853042,129.258234,102.236157
2.853414,129.258234,102.248371
2.853492,129.258234,102.254714
2.853687,129.258234,102.260666
2.853795,129.258234,102.265546
2.854176,129.258234,102.280710
2.854354,129.258234,102.296474
2.854455,129.258234,102.309856
2.854860,129.258234,102.316131
2.854976,129.258234,102.321392
2.855080,129.258234,102.323635
2.855151,129.258234,102.324922
2.855398,129.258234,102.339974
2.855509,129.258234,102.364349
2.855578,129.258234,102.389318
2.855764,129.258234,102.410237
2.856129,129.258234,102.424922
2.856242,129.258234,102.454179
2.856388,129.258234,102.483101
2.856581,129.258234,102.495453
2.856766,129.258234,102.519907
2.856898,129.258234,102.520090
2.857002,129.258234,102.578010
2.857147,129.258234,102.589277
2.857245,129.258234,102.602627
2.857340,129.258234,102.632035
2.857577,129.258234,102.716250
2.857991,129.258234,102.722490
2.858225,129.258234,102.728797
2.858340,129.258234,102.771910
2.858546,129.258234,102.776912
2.858730,129.258234,102.780195
2.859008,129.258234,102.791642
2.859072,129.258234,102.805360
2.859245,129.258234,102.822525
2.859516,129.258234,102.823750
2.859675,129.258234,102.831155
2.860033,129.258234,102.843434
2.860219,129.258234,102.852253
2.860404,129.258234,102.865821
2.860632,129.258234,102.880570
2.860841,129.258234,102.883002
2.861046,129.258234,102.885414
2.861333,129.258234,102.889277
2.861538,129.258234,102.910934
2.861848,129.258234,102.917562
2.862312,129.258234,102.948314
2.862383,129.258234,102.961971
2.862491,129.258234,102.980483
2.862557,129.258234,102.986682
2.862738,129.258234,103.028794
2.862920,129.258234,103.037328
2.863101,129.258234,103.060723
2.863453,129.258234,103.072070
2.863531,129.258234,103.078170
2.863650,129.258234,103.179354
2.863822,129.258234,103.192576
2.864006,129.258234,103.202691
2.864136,129.258234,103.203866
2.864523,129.258234,103.214614
2.864722,129.258234,103.234973
2.864909,129.258234,103.241222
2.865093,129.258234,103.282938
2.865438,129.258234,103.300240
2.865655,129.258234,103.314986
2.865770,129.258234,103.328730
2.865974,129.258234,103.344531
2.866186,129.258234,103.350982
2.866358,129.258234,103.351968
2.866648,129.258234,103.399075
2.866760,129.258234,103.428870
2.866915,129.258234,103.437382
2.867074,129.258234,103.488134
2.867176,129.258234,103.495357
2.867264,129.258234,103.516250
2.867441,129.258234,103.528870
2.867512,129.258234,103.535994
2.867694,129.258234,103.542074
2.867936,129.258234,103.581821
2.868130,129.258234,103.583872
2.868290,129.258234,103.626138
2.868641,129.258234,103.648435
2.868831,129.258234,103.651037
2.869015,129.258234,103.686682
2.869198,129.258234,103.693018
2.869263,129.258234,103.695379
2.869442,129.258234,103.697990
2.869563,129.258234,103.707731
2.869771,129.258234,103.722490
2.869976,129.258234,103.738429
2.870557,129.258234,103.742048
2.870679,129.258234,103.743581
2.870744,129.258234,103.799027
2.871136,129.258234,103.858035
2.871297,129.258234,103.863146
2.871705,129.258234,103.879050
2.871959,129.258234,103.904864
2.872126,129.258234,103.910163
2.872267,129.258234,103.916035
2.872786,129.258234,103.920090
2.872919,129.258234,103.931069
2.873038,129.258234,103.934790
2.873373,129.258234,103.944634
2.873511,129.258234,103.947366
2.873806,129.258234,103.966826
2.873881,129.258234,103.991578
2.874195,129.258234,104.002771
2.874280,129.258234,104.002877
2.874468,129.258234,104.014986
2.874532,129.258234,104.034973
2.874635,129.258234,104.076755
2.874706,129.258234,104.111322
2.875066,129.258234,104.120112
2.875255,129.258234,104.128730
2.875358,129.258234,104.143539
2.875570,129.258234,104.150883
2.875725,129.258234,104.154467
2.875833,129.258234,104.173155
2.875991,129.258234,104.180195
2.876970,129.258234,104.187802
2.877300,129.258234,104.202810
2.877415,129.258234,104.206112
2.877649,129.258234,104.220093
2.877751,129.258234,104.221027
2.877884,129.258234,104.224954
2.877983,129.258234,104.246010
2.878050,129.258234,104.271677
2.878169,129.258234,104.273043
2.878234,129.258234,104.286634
2.878590,129.258234,104.295450
2.878700,129.258234,104.301594
2.878882,129.258234,104.320112
2.878982,129.258234,104.353434
2.879084,129.258234,104.365712
2.879211,129.258234,104.408723
2.879696,129.258234,104.430086
2.879770,129.258234,104.458170
2.880125,129.258234,104.464531
2.880312,129.258234,104.494109
2.880497,129.258234,104.499075
2.880567,129.258234,104.501491
2.880749,129.258234,104.506115
2.880874,129.258234,104.527104
2.881093,129.258234,104.527517
2.881278,129.258234,104.531197
2.881428,129.258234,104.532477
2.881636,129.258234,104.569206
2.882034,129.258234,104.571795
2.882213,129.258234,104.621242
2.882416,129.258234,104.627322
2.882531,129.258234,104.632413
2.882631,129.258234,104.639530
2.882803,129.258234,104.693795
2.882895,129.258234,104.697536
2.883092,129.258234,104.710045
2.883333,129.258234,104.712602
2.883437,129.258234,104.736051
2.883517,129.258234,104.739674
2.883880,129.258234,104.742211
2.884098,129.258234,104.747197
2.884154,129.258234,104.754608
2.884355,129.258234,104.790211
2.884657,129.258234,104.802877
2.884774,129.258234,104.806307
2.884845,129.258234,104.848122
2.884949,129.258234,104.853235
2.885006,129.258234,104.854467
2.885076,129.258234,104.854608
2.885184,129.258234,104.862032
2.886033,129.258234,104.894000
2.886444,129.258234,104.906557
2.886557,129.258234,104.911322
2.886736,129.258234,104.921149
2.886850,129.258234,104.943210
2.886938,129.258234,104.943539
2.887041,129.258234,104.959475
2.887158,129.258234,104.985405
2.887417,129.258234,104.999312
2.887597,129.258234,105.014858
2.887761,129.258234,105.039763
2.887872,129.258234,105.044634
2.887998,129.258234,105.047366
2.888071,129.258234,105.061891
2.888144,129.258234,105.062915
2.888377,129.258234,105.073034
2.888782,129.258234,105.078170
2.888998,129.258234,105.085405
2.889115,129.258234,105.095453
2.889230,129.258234,105.129834
2.889636,129.258234,105.154534
2.889713,129.258234,105.165629
2.890093,129.258234,105.169395
2.890202,129.258234,105.229917
2.890493,129.258234,105.234941
2.890848,129.258234,105.241018
2.891051,129.258234,105.247312
2.891257,129.258234,105.253226
2.891361,129.258234,105.264531
2.891470,129.258234,105.276666
2.891667,129.258234,105.296547
2.891866,129.258234,105.365715
2.892066,129.258234,105.382973
2.892263,129.258234,105.388006
2.892429,129.258234,105.427210
2.893066,129.258234,105.436051
2.893284,129.258234,105.439770
2.893490,129.258234,105.465715
2.893604,129.258234,105.501539
2.893830,129.258234,105.506195
2.893989,129.258234,105.513763
2.894051,129.258234,105.523517
2.894106,129.258234,105.527411
2.894207,129.258234,105.539770
2.894302,129.258234,105.546701
2.894571,129.258234,105.591635
2.894757,129.258234,105.620877
2.894909,129.258234,105.636134
2.895068,129.258234,105.656810
2.895130,129.258234,105.661699
2.895445,129.258234,105.671910
2.895517,129.258234,105.676771
2.895697,129.258234,105.678192
2.895879,129.258234,105.689277
2.896056,129.258234,105.742109
2.896208,129.258234,105.758576
2.896275,129.258234,105.768131
2.896375,129.258234,105.775203
2.896512,129.258234,105.782982
2.896640,129.258234,105.793914
2.896824,129.258234,105.832163
2.897016,129.258234,105.843475
2.897079,129.258234,105.844774
2.897274,129.258234,105.844794
2.897383,129.258234,105.859581
2.897501,129.258234,105.868154
2.897609,129.258234,105.876634
2.897849,129.258234,105.901277
2.898004,129.258234,105.912512
2.898378,129.258234,105.926026
2.898450,129.258234,105.927293
2.898568,129.258234,105.929834
2.898750,129.258234,105.965904
2.898857,129.258234,105.968208
2.899038,129.258234,105.969315
2.899412,129.258234,105.975664
2.899616,129.258234,106.035795
2.899683,129.258234,106.037437
2.899871,129.258234,106.045789
2.899917,129.258234,106.052144
2.900272,129.258234,106.053130
2.900372,129.258234,106.055827
2.900552,129.258234,106.070336
2.900645,129.258234,106.073306
2.900801,129.258234,106.076666
2.900896,129.258234,106.076682
2.900956,129.258234,106.076771
2.901135,129.258234,106.080435
2.901200,129.258234,106.092707
2.901282,129.258234,106.107654
2.901573,129.258234,106.117498
2.901638,129.258234,106.147123
2.902002,129.258234,106.149798
2.902072,129.258234,106.166317
2.902238,129.258234,106.169606
2.902344,129.258234,106.211075
2.902512,129.258234,106.211389
2.902601,129.258234,106.216128
2.902859,129.258234,106.239674
2.903046,129.258234,106.243117
2.903255,129.258234,106.280570
2.903633,129.258234,106.286435
2.903803,129.258234,106.296547
2.903985,129.258234,106.360666
2.904239,129.258234,106.369363
2.904346,129.258234,106.373306
2.904410,129.258234,106.385616
2.904600,129.258234,106.393946
2.904698,129.258234,106.394000
2.904873,129.258234,106.397443
2.905109,129.258234,106.399027
2.905293,129.258234,106.401414
2.905457,129.258234,106.420112
2.905846,129.258234,106.423763
2.906042,129.258234,106.437584
2.906108,129.258234,106.465507
2.906162,129.258234,106.489066
2.906344,129.258234,106.498880
2.906533,129.258234,106.537117
2.906684,129.258234,106.539974
2.906790,129.258234,106.542278
2.906972,129.258234,106.558298
2.907154,129.258234,106.558320
2.907955,129.258234,106.563018
2.908241,129.258234,106.564506
2.908446,129.258234,106.567875
2.908685,129.258234,106.571747
2.908739,129.258234,106.616346
2.908895,129.258234,106.653146
2.908988,129.258234,106.653242
2.909054,129.258234,106.673043
2.909117,129.258234,106.678010
2.909316,129.258234,106.713827
2.909413,129.258234,106.720019
2.909609,129.258234,106.750864
2.909787,129.258234,106.769315
2.909965,129.258234,106.771994
2.910150,129.258234,106.780710
2.910214,129.258234,106.794099
2.910308,129.258234,106.798995
2.910372,129.258234,106.808922
2.910513,129.258234,106.811578
2.910610,129.258234,106.828634
2.910665,129.258234,106.832157
2.910958,129.258234,106.858406
2.911077,129.258234,106.866931
2.911173,129.258234,106.868154
2.911267,129.258234,106.875485
2.911556,129.258234,106.895146
2.911726,129.258234,106.902627
2.911856,129.258234,106.923517
2.911914,129.258234,106.932477
2.911977,129.258234,106.944752
2.912157,129.258234,106.950682
2.913049,129.258234,106.958298
2.913239,129.258234,106.959686
2.913344,129.258234,106.987677
2.913411,129.258234,107.013917
2.913518,129.258234,107.026138
2.914293,129.258234,107.058298
2.914397,129.258234,107.058333
2.914462,129.258234,107.095283
2.914647,129.258234,107.095379
2.915014,129.258234,107.102938
2.915126,129.258234,107.107651
2.915236,129.258234,107.107731
2.915613,129.258234,107.120093
2.915718,129.258234,107.128538
2.916916,129.258234,107.132477
2.917031,129.258234,107.135837
2.917183,129.258234,107.157923
2.917359,129.258234,107.169427
2.918067,129.258234,107.169533
2.918172,129.258234,107.178170
2.918356,129.258234,107.180563
2.918542,129.258234,107.184090
2.918910,129.258234,107.210141
2.919100,129.258234,107.218982
2.919205,129.258234,107.221392
2.919305,129.258234,107.228774
2.919496,129.258234,107.229978
2.919653,129.258234,107.291530
2.919717,129.258234,107.298880
2.919812,129.258234,107.314922
2.919883,129.258234,107.315120
2.920141,129.258234,107.328547
2.920348,129.258234,107.331069
2.920627,129.258234,107.350390
2.920766,129.258234,107.368106
2.920870,129.258234,107.373034
2.921222,129.258234,107.395453
2.921408,129.258234,107.401386
2.921506,129.258234,107.412512
2.921685,129.258234,107.416250
2.921861,129.258234,107.431142
2.922064,129.258234,107.443229
2.922210,129.258234,107.457181
2.922393,129.258234,107.461603
2.922507,129.258234,107.497514
2.922648,129.258234,107.508650
2.922802,129.258234,107.520112
2.923168,129.258234,107.539974
2.923283,129.258234,107.593981
2.923328,129.258234,107.600422
2.923394,129.258234,107.609795
2.923474,129.258234,107.628595
2.923584,129.258234,107.628797
2.923689,129.258234,107.628870
2.923791,129.258234,107.634941
2.923895,129.258234,107.636992
2.924066,129.258234,107.655952
2.924176,129.258234,107.671658
2.924269,129.258234,107.674333
2.924372,129.258234,107.682963
2.924468,129.258234,107.686634
2.925242,129.258234,107.688134
2.925356,129.258234,107.694026
2.925420,129.258234,107.728797
2.925611,129.258234,107.746909
2.925655,129.258234,107.773107
2.925832,129.258234,107.808922
2.926017,129.258234,107.823360
2.926341,129.258234,107.828474
2.926435,129.258234,107.828541
2.926483,129.258234,107.834595
2.926765,129.258234,107.870714
2.926951,129.258234,107.873107
2.927049,129.258234,107.893018
2.927113,129.258234,107.897990
2.927217,129.258234,107.924867
2.927319,129.258234,107.927517
2.927685,129.258234,107.933530
2.928046,129.258234,107.937123
2.928234,129.258234,107.940675
2.928331,129.258234,107.963248
2.928524,129.258234,107.966813
2.928635,129.258234,107.999027
2.928827,129.258234,108.013827
2.929008,129.258234,108.021235
2.929054,129.258234,108.027322
2.929529,129.258234,108.046010
2.929598,129.258234,108.049616
2.929956,129.258234,108.052179
2.930148,129.258234,108.053226
2.930243,129.258234,108.065757
2.930302,129.258234,108.076723
2.930484,129.258234,108.085395
2.930552,129.258234,108.094099
2.930726,129.258234,108.113827
2.930827,129.258234,108.117315
2.930976,129.258234,108.126163
2.931074,129.258234,108.134973
2.931261,129.258234,108.166723
2.931553,129.258234,108.168154
2.931731,129.258234,108.194099
2.931827,129.258234,108.194141
2.931929,129.258234,108.207587
2.932084,129.258234,108.213872
2.932274,129.258234,108.219811
2.932339,129.258234,108.221203
2.932444,129.258234,108.240867
2.932546,129.258234,108.262003
2.932634,129.258234,108.268154
2.932729,129.258234,108.272867
2.932771,129.258234,108.275203
2.932958,129.258234,108.317702
2.933110,129.258234,108.324934
2.933270,129.258234,108.328774
2.933376,129.258234,108.339763
2.933438,129.258234,108.344861
2.933544,129.258234,108.357117
2.933610,129.258234,108.367142
2.933713,129.258234,108.385405
2.933982,129.258234,108.387677
2.934051,129.258234,108.404938
2.934142,129.258234,108.417520
2.934515,129.258234,108.419866
2.934582,129.258234,108.447155
2.934679,129.258234,108.455706
2.935049,129.258234,108.463110
2.935261,129.258234,108.469373
2.935442,129.258234,108.473034
2.936197,129.258234,108.495453
2.936399,129.258234,108.502723
2.936527,129.258234,108.528394
2.936596,129.258234,108.530086
2.936767,129.258234,108.531142
2.936893,129.258234,108.532317
2.937011,129.258234,108.533507
2.937074,129.258234,108.550762
2.937227,129.258234,108.566845
2.937273,129.258234,108.574355
2.937463,129.258234,108.583840
2.937636,129.258234,108.584218
2.937999,129.258234,108.586790
2.938169,129.258234,108.587773
2.938214,129.258234,108.595386
2.938318,129.258234,108.596474
2.938411,129.258234,108.613523
2.938528,129.258234,108.650909
2.938630,129.258234,108.657920
2.938824,129.258234,108.684090
2.939007,129.258234,108.687722
2.939071,129.258234,108.710035
2.939115,129.258234,108.722525
2.939373,129.258234,108.746074
2.939477,129.258234,108.750851
2.939571,129.258234,108.774131
2.939632,129.258234,108.787907
2.939673,129.258234,108.802813
2.939856,129.258234,108.811322
2.940034,129.258234,108.820090
2.940137,129.258234,108.830086
2.940199,129.258234,108.830906
2.940284,129.258234,108.839802
2.940465,129.258234,108.843443
2.940682,129.258234,108.854579
2.940749,129.258234,108.865555
2.940835,129.258234,108.878170
2.940948,129.258234,108.879171
2.940997,129.258234,108.887520
2.941167,129.258234,108.892707
2.941228,129.258234,108.897990
2.941527,129.258234,108.906307
2.941570,129.258234,108.927517
2.941667,129.258234,108.928634
2.941722,129.258234,108.928794
2.941908,129.258234,108.943235
2.942004,129.258234,108.982963
2.942180,129.258234,108.991635
2.942676,129.258234,108.995283
2.942737,129.258234,108.997597
2.942992,129.258234,109.001370
2.943168,129.258234,109.021149
2.943423,129.258234,109.021286
2.943724,129.258234,109.027178
2.943843,129.258234,109.056810
2.944126,129.258234,109.073155
2.944231,129.258234,109.074195
2.944291,129.258234,109.082963
2.944383,129.258234,109.088835
2.944475,129.258234,109.113731
2.944520,129.258234,109.116250
2.944700,129.258234,109.126026
2.944752,129.258234,109.146010
2.944815,129.258234,109.146899
2.944871,129.258234,109.193914
2.945357,129.258234,109.206493
2.945467,129.258234,109.206557
2.945568,129.258234,109.210042
2.945670,129.258234,109.232330
2.946027,129.258234,109.236003
2.946086,129.258234,109.258310
2.946242,129.258234,109.258576
2.946306,129.258234,109.263184
2.946488,129.258234,109.265702
2.946692,129.258234,109.267078
2.946759,129.258234,109.271523
2.946890,129.258234,109.272810
2.946931,129.258234,109.274298
2.947182,129.258234,109.280160
2.947415,129.258234,109.285414
2.947483,129.258234,109.317594
2.947590,129.258234,109.357181
2.947695,129.258234,109.374298
2.947804,129.258234,109.374490
2.947990,129.258234,109.389178
2.948352,129.258234,109.401277
2.948496,129.258234,109.429802
2.948681,129.258234,109.431197
2.948780,129.258234,109.433258
2.948846,129.258234,109.439974
2.948905,129.258234,109.463082
2.948996,129.258234,109.474320
2.949345,129.258234,109.480435
2.949453,129.258234,109.489277
2.949559,129.258234,109.501501
2.949657,129.258234,109.510131
2.949752,129.258234,109.518810
2.950004,129.258234,109.524762
2.950267,129.258234,109.576682
2.950356,129.258234,109.576861
2.950393,129.258234,109.614986
2.950487,129.258234,109.618675
2.950553,129.258234,109.654531
2.950614,129.258234,109.671866
2.950792,129.258234,109.673997
2.950998,129.258234,109.677920
2.951371,129.258234,109.678173
2.951481,129.258234,109.680282
2.951819,129.258234,109.686758
2.952056,129.258234,109.702877
2.952157,129.258234,109.705213
2.952379,129.258234,109.711331
2.952435,129.258234,109.733437
2.952530,129.258234,109.743443
2.952584,129.258234,109.750845
2.952680,129.258234,109.750851
2.952773,129.258234,109.755722
2.952834,129.258234,109.767971
2.953037,129.258234,109.771824
2.953388,129.258234,109.771843
2.953578,129.258234,109.771901
2.953849,129.258234,109.780435
2.954036,129.258234,109.781894
2.954223,129.258234,109.793946
2.954401,129.258234,109.793949
2.954443,129.258234,109.799027
2.954779,129.258234,109.823763
2.955144,129.258234,109.828659
2.955255,129.258234,109.900250
2.955489,129.258234,109.902714
2.955583,129.258234,109.905146
2.955952,129.258234,109.926019
2.956076,129.258234,109.937584
2.956141,129.258234,109.954640
2.956183,129.258234,109.955706
2.956364,129.258234,109.965507
2.956400,129.258234,109.986467
2.956461,129.258234,110.001341
2.956576,129.258234,110.002675
2.956604,129.258234,110.022179
2.956799,129.258234,110.050771
2.956980,129.258234,110.055498
2.957218,129.258234,110.063184
2.957313,129.258234,110.076733
2.957579,129.258234,110.077994
2.957750,129.258234,110.101491
2.957926,129.258234,110.102675
2.958105,129.258234,110.108922
2.958285,129.258234,110.114922
2.958365,129.258234,110.118563
2.958454,129.258234,110.120019
2.958801,129.258234,110.132403
2.958907,129.258234,110.150864
2.959271,129.258234,110.165904
2.959376,129.258234,110.168208
2.959513,129.258234,110.214851
2.959630,129.258234,110.220061
2.959690,129.258234,110.221242
2.959870,129.258234,110.224925
2.959929,129.258234,110.250803
2.959972,129.258234,110.254515
2.960029,129.258234,110.272986
2.960207,129.258234,110.289130
2.960549,129.258234,110.358310
2.960660,129.258234,110.395210
2.960709,129.258234,110.428634
2.960886,129.258234,110.432275
2.960951,129.258234,110.454467
2.961050,129.258234,110.456906
2.961114,129.258234,110.464138
2.961179,129.258234,110.487722
2.961230,129.258234,110.491523
2.961273,129.258234,110.511322
2.961458,129.258234,110.514752
2.961553,129.258234,110.518810
2.961909,129.258234,110.520093
2.962094,129.258234,110.532477
2.962270,129.258234,110.553437
2.962372,129.258234,110.565786
2.962431,129.258234,110.580528
2.962607,129.258234,110.583066
2.962729,129.258234,110.585350
2.962927,129.258234,110.592771
2.962986,129.258234,110.611178
2.963147,129.258234,110.661923
2.963209,129.258234,110.669315
2.963382,129.258234,110.673107
2.963474,129.258234,110.697440
2.963600,129.258234,110.717523
2.963690,129.258234,110.749283
2.964247,129.258234,110.750810
2.964427,129.258234,110.760733
2.964532,129.258234,110.769363
2.964626,129.258234,110.773034
2.965355,129.258234,110.781789
2.965418,129.258234,110.795059
2.965475,129.258234,110.797990
2.965533,129.258234,110.799075
2.965629,129.258234,110.810131
2.965803,129.258234,110.839837
2.965981,129.258234,110.843440
2.966713,129.258234,110.853370
2.966863,129.258234,110.854704
2.967045,129.258234,110.861603
2.967182,129.258234,110.874355
2.967360,129.258234,110.875664
2.967545,129.258234,110.877994
2.967638,129.258234,110.882755
2.968180,129.258234,110.910131
2.968281,129.258234,110.963098
2.968630,129.258234,110.967997
2.968822,129.258234,111.011578
2.968924,129.258234,111.050835
2.968977,129.258234,111.059421
2.969197,129.258234,111.059610
2.969295,129.258234,111.074333
2.969563,129.258234,111.080435
2.969625,129.258234,111.116163
2.969992,129.258234,111.129917
2.970247,129.258234,111.143443
2.970303,129.258234,111.150851
2.970394,129.258234,111.157117
2.970504,129.258234,111.165283
2.970583,129.258234,111.165539
2.970764,129.258234,111.176912
2.970865,129.258234,111.177920
2.971056,129.258234,111.186595
2.971405,129.258234,111.187722
2.971442,129.258234,111.212454
2.971501,129.258234,111.221027
2.971618,129.258234,111.232413
2.971718,129.258234,111.243171
2.971920,129.258234,111.243443
2.972112,129.258234,111.302810
2.972231,129.258234,111.305232
2.972402,129.258234,111.313475
2.972482,129.258234,111.317165
2.972719,129.258234,111.319501
2.972843,129.258234,111.321392
2.973027,129.258234,111.324659
2.973067,129.258234,111.366813
2.973534,129.258234,111.399027
2.973976,129.258234,111.419907
2.974155,129.258234,111.437066
2.974267,129.258234,111.442173
2.974367,129.258234,111.461802
2.974480,129.258234,111.465555
2.974524,129.258234,111.468154
2.974618,129.258234,111.476723
2.974973,129.258234,111.495069
2.975022,129.258234,111.513872
2.975211,129.258234,111.529834
2.975393,129.258234,111.537382
2.975512,129.258234,111.554061
2.975678,129.258234,111.570611
2.975731,129.258234,111.582906
2.975931,129.258234,111.613885
2.976040,129.258234,111.652144
2.976383,129.258234,111.658250
2.977118,129.258234,111.715197
2.977230,129.258234,111.719811
2.977292,129.258234,111.719974
2.977453,129.258234,111.728797
2.977646,129.258234,111.739974
2.977752,129.258234,111.742278
2.977895,129.258234,111.746074
2.978089,129.258234,111.747123
2.978142,129.258234,111.758058
2.978243,129.258234,111.771814
2.978273,129.258234,111.780445
2.978544,129.258234,111.790438
2.978603,129.258234,111.791674
2.978785,129.258234,111.811331
2.978844,129.258234,111.829978
2.978965,129.258234,111.842131
2.979154,129.258234,111.842195
2.979246,129.258234,111.876784
2.979343,129.258234,111.880570
2.979704,129.258234,111.882755
2.979948,129.258234,111.888134
2.980053,129.258234,111.916339
2.980229,129.258234,111.934877
2.980327,129.258234,111.957114
2.980674,129.258234,111.963226
2.980777,129.258234,111.969363
2.980875,129.258234,111.990394
2.981056,129.258234,112.006374
2.981088,129.258234,112.015133
2.981272,129.258234,112.020093
2.981374,129.258234,112.091706
2.981558,129.258234,112.101373
2.981599,129.258234,112.145882
2.981780,129.258234,112.154362
2.983401,129.258234,112.157136
2.983530,129.258234,112.159581
2.983638,129.258234,112.187722
2.983707,129.258234,112.210083
2.983811,129.258234,112.227293
2.983924,129.258234,112.241018
2.984310,129.258234,112.270435
2.984470,129.258234,112.274019
2.984568,129.258234,112.281821
2.984670,129.258234,112.287520
2.984806,129.258234,112.313872
2.985170,129.258234,112.321370
2.985236,129.258234,112.323779
2.985338,129.258234,112.324723
2.985400,129.258234,112.328442
2.985588,129.258234,112.333411
2.985796,129.258234,112.357030
2.986099,129.258234,112.361600
2.986289,129.258234,112.366874
2.986445,129.258234,112.368042
2.986541,129.258234,112.371898
2.986669,129.258234,112.375203
2.986749,129.258234,112.379386
2.986912,129.258234,112.392611
2.986982,129.258234,112.401370
2.987360,129.258234,112.420112
2.987731,129.258234,112.428774
2.987926,129.258234,112.453130
2.987962,129.258234,112.454403
2.988184,129.258234,112.460547
2.988394,129.258234,112.472867
2.988459,129.258234,112.478106
2.988557,129.258234,112.478986
2.988653,129.258234,112.485501
2.988718,129.258234,112.487933
2.988993,129.258234,112.501450
2.989749,129.258234,112.536938
2.989799,129.258234,112.543325
2.989922,129.258234,112.544563
2.990125,129.258234,112.544691
2.990224,129.258234,112.551757
2.990343,129.258234,112.553139
2.990444,129.258234,112.554563
2.990631,129.258234,112.563018
2.990726,129.258234,112.567142
2.990831,129.258234,112.568154
2.990923,129.258234,112.585338
2.991732,129.258234,112.591200
2.991849,129.258234,112.606483
2.992043,129.258234,112.608922
2.992418,129.258234,112.616163
2.992605,129.258234,112.616349
2.992713,129.258234,112.631142
2.992907,129.258234,112.642122
2.993088,129.258234,112.643235
2.993170,129.258234,112.646899
2.993264,129.258234,112.653437
2.993449,129.258234,112.680435
2.993484,129.258234,112.685434
2.993659,129.258234,112.701594
2.993755,129.258234,112.707731
2.994107,129.258234,112.750982
2.994207,129.258234,112.769475
2.994263,129.258234,112.771923
2.994606,129.258234,112.783661
2.994718,129.258234,112.784218
2.994904,129.258234,112.785411
2.995001,129.258234,112.829843
2.995054,129.258234,112.837382
2.995171,129.258234,112.844563
2.995392,129.258234,112.846074
2.995570,129.258234,112.875309
2.995686,129.258234,112.882723
2.995836,129.258234,112.893914
2.995929,129.258234,112.901501
2.996212,129.258234,112.904931
2.996291,129.258234,112.920093
2.996390,129.258234,112.928522
2.996427,129.258234,112.933258
2.996519,129.258234,112.933443
2.996697,129.258234,112.946784
2.996922,129.258234,112.954659
2.997020,129.258234,112.969274
2.997285,129.258234,113.029635
2.997409,129.258234,113.046986
2.997526,129.258234,113.050381
2.997638,129.258234,113.061923
2.997737,129.258234,113.070611
2.997913,129.258234,113.082787
2.998174,129.258234,113.084243
2.998236,129.258234,113.089213
2.998335,129.258234,113.094141
2.998439,129.258234,113.097990
2.998539,129.258234,113.101226
2.998715,129.258234,113.104970
2.998879,129.258234,113.133437
2.999156,129.258234,113.145885
2.999256,129.258234,113.148243
2.999314,129.258234,113.150835
2.999364,129.258234,113.150845
2.999624,129.258234,113.152822
2.999805,129.258234,113.164394
2.999980,129.258234,113.171824
3.000753,129.258234,113.180435
3.001143,129.258234,113.195011
3.001264,129.258234,113.197571
3.001304,129.258234,113.215120
3.001491,129.258234,113.218602
3.001555,129.258234,113.238419
3.001676,129.258234,113.257117
3.001736,129.258234,113.281747
3.001924,129.258234,113.283034
3.002032,129.258234,113.310042
3.002291,129.258234,113.316170
3.002393,129.258234,113.328701
3.002434,129.258234,113.346032
3.002618,129.258234,113.349418
3.002674,129.258234,113.350851
3.002775,129.258234,113.351923
3.002874,129.258234,113.364410
3.002972,129.258234,113.374355
3.003356,129.258234,113.395453
3.003544,129.258234,113.408922
3.003732,129.258234,113.427427
3.003881,129.258234,113.428595
3.003971,129.258234,113.446032
3.004091,129.258234,113.448083
3.004356,129.258234,113.450771
3.004935,129.258234,113.451850
3.005188,129.258234,113.456835
3.005440,129.258234,113.457181
3.005634,129.258234,113.468093
3.005692,129.258234,113.479133
3.005750,129.258234,113.479315
3.006113,129.258234,113.485386
3.006298,129.258234,113.486467
3.006407,129.258234,113.539795
3.006506,129.258234,113.539974
3.006607,129.258234,113.543203
3.006695,129.258234,113.579008
3.006754,129.258234,113.593987
3.006932,129.258234,113.611162
3.007200,129.258234,113.612355
3.007576,129.258234,113.613798
3.007609,129.258234,113.619965
3.007665,129.258234,113.639792
3.008010,129.258234,113.644451
3.008066,129.258234,113.666826
3.008104,129.258234,113.672986
3.008471,129.258234,113.696570
3.008666,129.258234,113.701386
3.008760,129.258234,113.711462
3.008963,129.258234,113.720090
3.009064,129.258234,113.736112
3.009430,129.258234,113.743517
3.009485,129.258234,113.751763
3.009579,129.258234,113.753437
3.009768,129.258234,113.754515
3.009804,129.258234,113.754522
3.010529,129.258234,113.765507
3.010600,129.258234,113.778173
3.010792,129.258234,113.796570
3.010892,129.258234,113.801120
3.010978,129.258234,113.802877
3.011160,129.258234,113.803923
3.011252,129.258234,113.820090
3.011348,129.258234,113.821203
3.011452,129.258234,113.823549
3.011482,129.258234,113.834595
3.011573,129.258234,113.842141
3.011833,129.258234,113.859485
3.012047,129.258234,113.868179
3.012393,129.258234,113.872883
3.012668,129.258234,113.905277
3.012726,129.258234,113.911235
3.012821,129.258234,113.920019
3.013002,129.258234,113.924934
3.013211,129.258234,113.935818
3.013289,129.258234,113.944774
3.013395,129.258234,113.959686
3.013530,129.258234,113.970371
3.013578,129.258234,113.980528
3.013920,129.258234,114.003875
3.014097,129.258234,114.014931
3.014170,129.258234,114.028256
3.014376,129.258234,114.057117
3.014474,129.258234,114.079312
3.014807,129.258234,114.097843
3.014906,129.258234,114.124819
3.015081,129.258234,114.124915
3.015175,129.258234,114.127146
3.015250,129.258234,114.158202
3.015435,129.258234,114.160733
3.015694,129.258234,114.164275
3.015907,129.258234,114.171603
3.015946,129.258234,114.174243
3.016121,129.258234,114.174355
3.016311,129.258234,114.180336
3.016349,129.258234,114.194173
3.016401,129.258234,114.199002
3.016458,129.258234,114.208922
3.016811,129.258234,114.222355
3.016936,129.258234,114.229843
3.016988,129.258234,114.236218
3.017046,129.258234,114.250899
3.017386,129.258234,114.254403
3.017602,129.258234,114.274355
3.017775,129.258234,114.308640
3.017923,129.258234,114.311110
3.017948,129.258234,114.331936
3.018063,129.258234,114.333565
3.018162,129.258234,114.342090
3.018261,129.258234,114.348410
3.018439,129.258234,114.361683
3.018680,129.258234,114.365626
3.018854,129.258234,114.365904
3.019037,129.258234,114.375370
3.019088,129.258234,114.381821
3.019271,129.258234,114.387747
3.019395,129.258234,114.396368
3.019431,129.258234,114.401120
3.019563,129.258234,114.443229
3.019682,129.258234,114.443443
3.019865,129.258234,114.445875
3.019916,129.258234,114.458310
3.020092,129.258234,114.465798
3.020270,129.258234,114.467955
3.020385,129.258234,114.475475
3.020442,129.258234,114.492733
3.020548,129.258234,114.520090
3.020639,129.258234,114.540867
3.020729,129.258234,114.561859
3.020826,129.258234,114.569606
3.021015,129.258234,114.584218
3.021359,129.258234,114.595283
3.021413,129.258234,114.596435
3.021454,129.258234,114.627386
3.021894,129.258234,114.650909
3.021996,129.258234,114.653437
3.022246,129.258234,114.660902
3.022344,129.258234,114.676893
3.022399,129.258234,114.681795
3.022493,129.258234,114.684163
3.022679,129.258234,114.689027
3.022774,129.258234,114.726160
3.023124,129.258234,114.739530
3.023159,129.258234,114.744422
3.023216,129.258234,114.746909
3.023284,129.258234,114.748099
3.023532,129.258234,114.759482
3.023631,129.258234,114.783939
3.024062,129.258234,114.785616
3.024167,129.258234,114.788006
3.024313,129.258234,114.792810
3.024668,129.258234,114.793843
3.024796,129.258234,114.802522
3.025291,129.258234,114.816202
3.025491,129.258234,114.823654
3.025695,129.258234,114.833376
3.025962,129.258234,114.836003
3.026015,129.258234,114.842173
3.026391,129.258234,114.850803
3.026434,129.258234,114.869501
3.026534,129.258234,114.878883
3.026632,129.258234,114.886682
3.026811,129.258234,114.889277
3.027151,129.258234,114.893946
3.027305,129.258234,114.895386
3.027399,129.258234,114.897990
3.027497,129.258234,114.928794
3.027681,129.258234,114.929747
3.027773,129.258234,114.946013
3.027830,129.258234,114.954534
3.027878,129.258234,114.969120
3.027934,129.258234,114.974355
3.028278,129.258234,114.989318
3.028384,129.258234,115.013763
3.028444,129.258234,115.036051
3.028622,129.258234,115.039837
3.028716,129.258234,115.044797
3.028805,129.258234,115.046032
3.028899,129.258234,115.056810
3.028989,129.258234,115.122426
3.029340,129.258234,115.131197
3.029436,129.258234,115.137194
3.029613,129.258234,115.161958
3.029670,129.258234,115.163219
3.029844,129.258234,115.171805
3.029901,129.258234,115.176714
3.030073,129.258234,115.182787
3.030264,129.258234,115.215098
3.030450,129.258234,115.242131
3.030802,129.258234,115.244774
3.030940,129.258234,115.270483
3.031054,129.258234,115.296262
3.031078,129.258234,115.299923
3.031217,129.258234,115.302717
3.031325,129.258234,115.308611
3.031376,129.258234,115.315098
3.031472,129.258234,115.324710
3.031538,129.258234,115.348083
3.031777,129.258234,115.363226
3.031953,129.258234,115.391635
3.032050,129.258234,115.396531
3.032152,129.258234,115.418810
3.032397,129.258234,115.420093
3.032669,129.258234,115.426026
3.032727,129.258234,115.428659
3.032817,129.258234,115.432477
3.032998,129.258234,115.474019
3.033057,129.258234,115.481821
3.033233,129.258234,115.495450
3.033336,129.258234,115.496605
3.033430,129.258234,115.502714
3.033520,129.258234,115.506493
3.033612,129.258234,115.526266
3.033702,129.258234,115.540970
3.034049,129.258234,115.569437
3.034084,129.258234,115.579133
3.034151,129.258234,115.587683
3.034307,129.258234,115.628442
3.034673,129.258234,115.631290
3.034774,129.258234,115.640890
3.035786,129.258234,115.641018
3.036579,129.258234,115.646074
3.036773,129.258234,115.660861
3.036835,129.258234,115.662086
3.037016,129.258234,115.664195
3.037086,129.258234,115.664656
3.037162,129.258234,115.680435
3.037218,129.258234,115.695069
3.037253,129.258234,115.699075
3.037358,129.258234,115.714947
3.037445,129.258234,115.717542
3.037608,129.258234,115.719898
3.037961,129.258234,115.720019
3.038318,129.258234,115.740746
3.038420,129.258234,115.748445
3.038597,129.258234,115.749459
3.038695,129.258234,115.751680
3.038784,129.258234,115.763082
3.038876,129.258234,115.766781
3.038987,129.258234,115.780230
3.039011,129.258234,115.781325
3.039132,129.258234,115.781747
3.039492,129.258234,115.786557
3.039530,129.258234,115.795453
3.039634,129.258234,115.802813
3.039818,129.258234,115.809859
3.039919,129.258234,115.815197
3.040102,129.258234,115.824723
3.040235,129.258234,115.832106
3.040377,129.258234,115.845789
3.040413,129.258234,115.863248
3.040594,129.258234,115.890438
3.040770,129.258234,115.902813
3.040870,129.258234,115.909962
3.040922,129.258234,115.912458
3.041066,129.258234,115.924557
3.041135,129.258234,115.937187
3.041317,129.258234,115.944563
3.041852,129.258234,115.954362
3.042036,129.258234,115.976784
3.042279,129.258234,115.983942
3.042410,129.258234,115.997597
3.042661,129.258234,116.002691
3.042761,129.258234,116.013875
3.042950,129.258234,116.021117
3.042988,129.258234,116.024893
3.043083,129.258234,116.024925
3.043255,129.258234,116.037251
3.043368,129.258234,116.038694
3.043519,129.258234,116.046010
3.043700,129.258234,116.075475
3.043732,129.258234,116.078883
3.043808,129.258234,116.080349
3.043843,129.258234,116.086435
3.045291,129.258234,116.090234
3.045436,129.258234,116.106557
3.045542,129.258234,116.116115
3.045663,129.258234,116.118854
3.045903,129.258234,116.130973
3.045933,129.258234,116.176515
3.046012,129.258234,116.184218
3.046490,129.258234,116.213786
3.046897,129.258234,116.221392
3.047106,129.258234,116.222339
3.047430,129.258234,116.224669
3.047458,129.258234,116.226160
3.047645,129.258234,116.249443
3.047743,129.258234,116.252781
3.047846,129.258234,116.257181
3.048051,129.258234,116.261914
3.048430,129.258234,116.269043
3.048559,129.258234,116.270627
3.048747,129.258234,116.287584
3.048780,129.258234,116.295283
3.049161,129.258234,116.298995
3.049260,129.258234,116.301341
3.049387,129.258234,116.309862
3.049453,129.258234,116.313523
3.049585,129.258234,116.317523
3.049676,129.258234,116.320093
3.049946,129.258234,116.324995
3.050006,129.258234,116.333443
3.050377,129.258234,116.345645
3.050524,129.258234,116.357053
3.050707,129.258234,116.359686
3.050812,129.258234,116.365533
3.050840,129.258234,116.370627
3.050938,129.258234,116.372810
3.051064,129.258234,116.381821
3.051319,129.258234,116.423738
3.051555,129.258234,116.427043
3.051890,129.258234,116.457053
3.051994,129.258234,116.459549
3.052048,129.258234,116.470611
3.052100,129.258234,116.512467
3.052392,129.258234,116.539555
3.052498,129.258234,116.543203
3.052555,129.258234,116.545875
3.052608,129.258234,116.545885
3.052937,129.258234,116.570714
3.053035,129.258234,116.578173
3.053230,129.258234,116.581747
3.053423,129.258234,116.606493
3.053475,129.258234,116.617475
3.053572,129.258234,116.621309
3.053665,129.258234,116.625891
3.053848,129.258234,116.629978
3.053944,129.258234,116.636051
3.054128,129.258234,116.637309
3.054306,129.258234,116.645715
3.054342,129.258234,116.657117
3.054518,129.258234,116.669123
3.054556,129.258234,116.692998
3.054611,129.258234,116.700253
3.054666,129.258234,116.701539
3.054766,129.258234,116.703715
3.055039,129.258234,116.779302
3.055280,129.258234,116.780218
3.055458,129.258234,116.789213
3.055551,129.258234,116.791530
3.055610,129.258234,116.791677
3.055648,129.258234,116.827203
3.055836,129.258234,116.834877
3.055951,129.258234,116.855594
3.056178,129.258234,116.865690
3.056366,129.258234,116.880426
3.056549,129.258234,116.885350
3.056798,129.258234,116.971603
3.056840,129.258234,116.978170
3.057035,129.258234,116.988979
3.057221,129.258234,117.006125
3.057307,129.258234,117.022672
3.057386,129.258234,117.040970
3.057565,129.258234,117.051875
3.057745,129.258234,117.059581
3.057848,129.258234,117.079008
3.057905,129.258234,117.079981
3.057978,129.258234,117.084285
3.058031,129.258234,117.114826
3.058085,129.258234,117.134627
3.058169,129.258234,117.146032
3.058359,129.258234,117.182874
3.058460,129.258234,117.184035
3.058601,129.258234,117.243210
3.058645,129.258234,117.252144
3.059041,129.258234,117.265507
3.059108,129.258234,117.276861
3.059132,129.258234,117.279203
3.059230,129.258234,117.299923
3.059355,129.258234,117.302483
3.059391,129.258234,117.320019
3.059898,129.258234,117.324890
3.060269,129.258234,117.329754
3.060456,129.258234,117.354554
3.060554,129.258234,117.381731
3.060654,129.258234,117.381747
3.061141,129.258234,117.391402
3.061184,129.258234,117.398730
3.061263,129.258234,117.408643
3.061322,129.258234,117.409971
3.061394,129.258234,117.410944
3.061557,129.258234,117.415034
3.061654,129.258234,117.424525
3.061723,129.258234,117.429706
3.061763,129.258234,117.457117
3.062042,129.258234,117.458042
3.062179,129.258234,117.464410
3.062432,129.258234,117.479312
3.063220,129.258234,117.489146
3.063284,129.258234,117.489213
3.063383,129.258234,117.492608
3.063443,129.258234,117.498854
3.063475,129.258234,117.502813
3.063576,129.258234,117.504058
3.063725,129.258234,117.504800
3.063803,129.258234,117.519955
3.063897,129.258234,117.521194
3.064249,129.258234,117.524819
3.064782,129.258234,117.539523
3.064849,129.258234,117.540861
3.065074,129.258234,117.546909
3.065109,129.258234,117.547162
3.065204,129.258234,117.551994
3.065396,129.258234,117.553181
3.065452,129.258234,117.589277
3.065636,129.258234,117.637309
3.066002,129.258234,117.639837
3.066061,129.258234,117.648410
3.066431,129.258234,117.654640
3.066458,129.258234,117.674115
3.066810,129.258234,117.677485
3.067046,129.258234,117.713786
3.067261,129.258234,117.717702
3.067392,129.258234,117.718435
3.067486,129.258234,117.719907
3.067666,129.258234,117.725859
3.067724,129.258234,117.728605
3.067825,129.258234,117.731936
3.067975,129.258234,117.739974
3.068075,129.258234,117.746074
3.068262,129.258234,117.761747
3.068484,129.258234,117.765514
3.068541,129.258234,117.774490
3.068640,129.258234,117.786800
3.068675,129.258234,117.832477
3.068770,129.258234,117.851875
3.069030,129.258234,117.894925
3.069159,129.258234,117.927331
3.069335,129.258234,117.942074
3.069515,129.258234,117.961958
3.069549,129.258234,117.971642
3.069697,129.258234,117.976771
3.069878,129.258234,117.983046
3.070073,129.258234,117.986640
3.070792,129.258234,117.995075
3.071021,129.258234,118.009866
3.071079,129.258234,118.029571
3.071224,129.258234,118.035616
3.071407,129.258234,118.039974
3.071464,129.258234,118.053437
3.071561,129.258234,118.066938
3.071741,129.258234,118.075517
3.071858,129.258234,118.079040
3.071912,129.258234,118.086102
3.072007,129.258234,118.087795
3.072063,129.258234,118.099011
3.072208,129.258234,118.128912
3.072244,129.258234,118.129706
3.072281,129.258234,118.143622
3.072336,129.258234,118.144691
3.072425,129.258234,118.159686
3.072571,129.258234,118.169098
3.072624,129.258234,118.169363
3.072715,129.258234,118.184157
3.072750,129.258234,118.184221
3.072939,129.258234,118.192810
3.073664,129.258234,118.206134
3.073853,129.258234,118.224579
3.073981,129.258234,118.232413
3.074039,129.258234,118.239584
3.074100,129.258234,118.245923
3.074365,129.258234,118.246032
3.074554,129.258234,118.248410
3.074732,129.258234,118.284221
3.074837,129.258234,118.296387
3.074894,129.258234,118.296403
3.074948,129.258234,118.298755
3.075004,129.258234,118.327162
3.075057,129.258234,118.333251
3.075145,129.258234,118.357117
3.075474,129.258234,118.359686
3.075640,129.258234,118.361971
3.075736,129.258234,118.363248
3.076116,129.258234,118.385411
3.076214,129.258234,118.387773
3.076249,129.258234,118.400243
3.076340,129.258234,118.413722
3.076438,129.258234,118.433565
3.076684,129.258234,118.434813
3.076866,129.258234,118.436051
3.077219,129.258234,118.436218
3.077280,129.258234,118.440954
3.077336,129.258234,118.455651
3.077477,129.258234,118.515005
3.077531,129.258234,118.517555
3.077707,129.258234,118.534778
3.077889,129.258234,118.553123
3.078018,129.258234,118.565904
3.078117,129.258234,118.566781
3.078229,129.258234,118.573360
3.078284,129.258234,118.577994
3.078638,129.258234,118.587907
3.078676,129.258234,118.606470
3.078893,129.258234,118.607581
3.079241,129.258234,118.615197
3.079430,129.258234,118.631197
3.079522,129.258234,118.643517
3.079572,129.258234,118.670714
3.079752,129.258234,118.675482
3.079931,129.258234,118.678173
3.080118,129.258234,118.702717
3.080403,129.258234,118.702877
3.080586,129.258234,118.713763
3.080645,129.258234,118.721235
3.080738,129.258234,118.746819
3.080967,129.258234,118.753130
3.081024,129.258234,118.769606
3.081122,129.258234,118.798886
3.081175,129.258234,118.833667
3.081318,129.258234,118.834560
3.081374,129.258234,118.834941
3.081468,129.258234,118.843174
3.081517,129.258234,118.843325
3.081622,129.258234,118.857072
3.081973,129.258234,118.859482
3.082220,129.258234,118.860902
3.082315,129.258234,118.874234
3.082412,129.258234,118.875475
3.082443,129.258234,118.892554
3.082527,129.258234,118.899923
3.082610,129.258234,118.906202
3.082791,129.258234,118.907085
3.082927,129.258234,118.911331
3.083117,129.258234,118.917331
3.083355,129.258234,118.942122
3.083532,129.258234,118.943171
3.083718,129.258234,118.994883
3.083765,129.258234,118.995283
3.083949,129.258234,119.013587
3.084047,129.258234,119.021306
3.084109,129.258234,119.032413
3.084208,129.258234,119.075475
3.084262,129.258234,119.078883
3.084421,129.258234,119.097990
3.084517,129.258234,119.099971
3.085006,129.258234,119.103690
3.085101,129.258234,119.116138
3.085182,129.258234,119.117491
3.085532,129.258234,119.119898
3.086428,129.258234,119.131066
3.086803,129.258234,119.143622
3.086843,129.258234,119.146032
3.087104,129.258234,119.169437
3.087202,129.258234,119.187498
3.087304,129.258234,119.191475
3.087358,129.258234,119.199014
3.087392,129.258234,119.206493
3.087482,129.258234,119.211242
3.087655,129.258234,119.217523
3.087833,129.258234,119.221011
3.087893,129.258234,119.250810
3.088272,129.258234,119.254298
3.088759,129.258234,119.273027
3.088861,129.258234,119.277792
3.089128,129.258234,119.306435
3.089274,129.258234,119.317267
3.089329,129.258234,119.317498
3.089694,129.258234,119.348054
3.089791,129.258234,119.375370
3.089896,129.258234,119.397990
3.089952,129.258234,119.403923
3.090044,129.258234,119.410083
3.090137,129.258234,119.419866
3.090217,129.258234,119.432234
3.090312,129.258234,119.439747
3.090494,129.258234,119.443453
3.090775,129.258234,119.446074
3.090875,129.258234,119.475686
3.090996,129.258234,119.481594
3.091447,129.258234,119.499002
3.091507,129.258234,119.507709
3.091539,129.258234,119.510806
3.091732,129.258234,119.517120
3.091772,129.258234,119.517702
3.091876,129.258234,119.524544
3.092004,129.258234,119.539837
3.092102,129.258234,119.543453
3.092199,129.258234,119.554314
3.092298,129.258234,119.558163
3.092383,129.258234,119.562032
3.092568,129.258234,119.562086
3.092679,129.258234,119.590480
3.092721,129.258234,119.591450
3.092934,129.258234,119.591709
3.093458,129.258234,119.594074
3.093643,129.258234,119.602691
3.093747,129.258234,119.606202
3.093840,129.258234,119.623635
3.093894,129.258234,119.628595
3.093988,129.258234,119.651955
3.094021,129.258234,119.653181
3.094069,129.258234,119.660691
3.094246,129.258234,119.677866
3.094382,129.258234,119.683971
3.094473,129.258234,119.694035
3.094563,129.258234,119.703715
3.094661,129.258234,119.713587
3.094746,129.258234,119.724915
3.094836,129.258234,119.732275
3.094890,129.258234,119.733354
3.094945,129.258234,119.753434
3.095038,129.258234,119.761891
3.095091,129.258234,119.764234
3.095126,129.258234,119.765405
3.095216,129.258234,119.766845
3.095250,129.258234,119.770714
3.095438,129.258234,119.781821
3.095530,129.258234,119.784218
3.095626,129.258234,119.786653
3.095679,129.258234,119.786682
3.095860,129.258234,119.789021
3.096142,129.258234,119.790301
3.096236,129.258234,119.795386
3.096331,129.258234,119.823619
3.096710,129.258234,119.843664
3.096769,129.258234,119.858397
3.096824,129.258234,119.860605
3.096856,129.258234,119.870714
3.096949,129.258234,119.872006
3.097004,129.258234,119.876765
3.097037,129.258234,119.886435
3.097214,129.258234,119.886554
3.097472,129.258234,119.892746
3.097573,129.258234,119.899059
3.097945,129.258234,119.913798
3.097973,129.258234,119.917702
3.098029,129.258234,119.927386
3.098245,129.258234,119.929843
3.098429,129.258234,119.946915
3.098483,129.258234,119.950669
3.098517,129.258234,119.960838
3.098748,129.258234,119.963248
3.099118,129.258234,119.964294
3.099159,129.258234,119.980646
3.099194,129.258234,119.982979
3.099228,129.258234,119.992682
3.099327,129.258234,119.998858
3.099483,129.258234,120.006125
3.099536,129.258234,120.008691
3.099710,129.258234,120.012291
3.100097,129.258234,120.015133
3.100199,129.258234,120.022330
3.100412,129.258234,120.036051
3.100915,129.258234,120.045923
3.101091,129.258234,120.057181
3.101190,129.258234,120.064387
3.101244,129.258234,120.069085
3.101276,129.258234,120.077994
3.101460,129.258234,120.082787
3.101857,129.258234,120.085114
3.102007,129.258234,120.095165
3.102038,129.258234,120.124893
3.102309,129.258234,120.127517
3.102362,129.258234,120.132045
3.102391,129.258234,120.138275
3.102743,129.258234,120.140579
3.102817,129.258234,120.157117
3.103026,129.258234,120.185162
3.103169,129.258234,120.186586
3.103387,129.258234,120.192515
3.103648,129.258234,120.222467
3.104034,129.258234,120.230381
3.104101,129.258234,120.247194
3.104290,129.258234,120.250570
3.104370,129.258234,120.250835
3.104547,129.258234,120.265555
3.104580,129.258234,120.269322
3.104963,129.258234,120.270717
3.105148,129.258234,120.276829
3.105204,129.258234,120.277875
3.105461,129.258234,120.278000
3.105836,129.258234,120.298947
3.105891,129.258234,120.313786
3.105982,129.258234,120.313811
3.106035,129.258234,120.320989
3.106066,129.258234,120.359686
3.106116,129.258234,120.369123
3.106202,129.258234,120.378173
3.106294,129.258234,120.386410
3.106363,129.258234,120.387715
3.106444,129.258234,120.388979
3.106951,129.258234,120.396605
3.107052,129.258234,120.406493
3.107150,129.258234,120.407581
3.107364,129.258234,120.408883
3.107545,129.258234,120.413536
3.107634,129.258234,120.416154
3.108007,129.258234,120.428797
3.108204,129.258234,120.435939
3.108336,129.258234,120.476515
3.108369,129.258234,120.489091
3.108421,129.258234,120.493882
3.108794,129.258234,120.518627
3.108889,129.258234,120.566938
3.109250,129.258234,120.576701
3.109307,129.258234,120.580435
3.109358,129.258234,120.585005
3.109431,129.258234,120.590266
3.109568,129.258234,120.595043
3.109599,129.258234,120.601491
3.109783,129.258234,120.635779
3.109960,129.258234,120.639805
3.110012,129.258234,120.645946
3.110181,129.258234,120.670714
3.110415,129.258234,120.675235
3.110582,129.258234,120.675370
3.110629,129.258234,120.680214
3.111129,129.258234,120.702813
3.111316,129.258234,120.709891
3.111367,129.258234,120.715197
3.111549,129.258234,120.717475
3.111777,129.258234,120.719955
3.111826,129.258234,120.721050
3.112620,129.258234,120.729754
3.113003,129.258234,120.735658
3.113342,129.258234,120.740406
3.113450,129.258234,120.745946
3.113539,129.258234,120.753187
3.113584,129.258234,120.779171
3.113616,129.258234,120.782810
3.113710,129.258234,120.802813
3.113804,129.258234,120.805021
3.113853,129.258234,120.805059
3.114129,129.258234,120.816314
3.114276,129.258234,120.828416
3.114361,129.258234,120.828547
3.114449,129.258234,120.831152
3.114618,129.258234,120.842211
3.114813,129.258234,120.869171
3.114926,129.258234,120.871565
3.114978,129.258234,120.880435
3.115027,129.258234,120.891635
3.115192,129.258234,120.893917
3.115273,129.258234,120.895011
3.115372,129.258234,120.895040
3.115406,129.258234,120.902477
3.115428,129.258234,120.912474
3.115517,129.258234,120.921194
3.116272,129.258234,120.926202
3.116455,129.258234,120.931066
3.116646,129.258234,120.965427
3.116709,129.258234,120.965690
3.116882,129.258234,120.998605
3.116952,129.258234,121.013731
3.116985,129.258234,121.022234
3.117078,129.258234,121.034378
3.117132,129.258234,121.035930
3.117478,129.258234,121.039530
3.117510,129.258234,121.059235
3.117606,129.258234,121.064195
3.117697,129.258234,121.068134
3.117901,129.258234,121.073043
3.117954,129.258234,121.092691
3.117989,129.258234,121.112605
3.118156,129.258234,121.116109
3.118284,129.258234,121.156963
3.118336,129.258234,121.172829
3.118368,129.258234,121.193843
3.118508,129.258234,121.195139
3.118679,129.258234,121.202435
3.118808,129.258234,121.202477
3.118853,129.258234,121.207514
3.119017,129.258234,121.213699
3.119244,129.258234,121.217533
3.119415,129.258234,121.256643
3.119469,129.258234,121.260698
3.119609,129.258234,121.263162
3.119871,129.258234,121.270435
3.120015,129.258234,121.270717
3.120352,129.258234,121.281450
3.120431,129.258234,121.291331
3.120605,129.258234,121.296234
3.120653,129.258234,121.297658
3.120917,129.258234,121.308870
3.120941,129.258234,121.313683
3.121034,129.258234,121.314797
3.121270,129.258234,121.356998
3.121325,129.258234,121.360490
3.121579,129.258234,121.365450
3.121600,129.258234,121.376890
3.121686,129.258234,121.390115
3.121800,129.258234,121.398771
3.121830,129.258234,121.401194
3.121879,129.258234,121.442259
3.122050,129.258234,121.454531
3.122106,129.258234,121.490259
3.122169,129.258234,121.495027
3.122202,129.258234,121.497523
3.122253,129.258234,121.499075
3.122307,129.258234,121.529523
3.122337,129.258234,121.539181
3.122378,129.258234,121.544442
3.122514,129.258234,121.546074
3.122699,129.258234,121.554531
3.122751,129.258234,121.570467
3.122921,129.258234,121.593981
3.122955,129.258234,121.602691
3.123055,129.258234,121.602813
3.123312,129.258234,121.606179
3.123345,129.258234,121.608650
3.123434,129.258234,121.608778
3.123574,129.258234,121.609930
3.123652,129.258234,121.648445
3.123824,129.258234,121.656618
3.123969,129.258234,121.658195
3.124001,129.258234,121.699939
3.124171,129.258234,121.709955
3.124228,129.258234,121.716096
3.124582,129.258234,121.723635
3.124635,129.258234,121.739296
3.124769,129.258234,121.740842
3.124867,129.258234,121.751994
3.124921,129.258234,121.753187
3.124974,129.258234,121.769363
3.125074,129.258234,121.770586
3.125249,129.258234,121.780499
3.125417,129.258234,121.792771
3.125468,129.258234,121.801322
3.125561,129.258234,121.802810
3.125655,129.258234,121.822134
3.125913,129.258234,121.828541
3.125946,129.258234,121.828605
3.126194,129.258234,121.839530
3.126244,129.258234,121.847059
3.126330,129.258234,121.871805
3.126555,129.258234,121.917555
3.126893,129.258234,121.918435
3.126992,129.258234,121.929702
3.127047,129.258234,121.932061
3.127077,129.258234,121.954534
3.127108,129.258234,121.960531
3.127212,129.258234,121.961917
3.127242,129.258234,121.965514
3.127294,129.258234,121.969123
3.127432,129.258234,121.975427
3.127524,129.258234,121.999075
3.127609,129.258234,122.003811
3.127786,129.258234,122.010083
3.127878,129.258234,122.014973
3.128165,129.258234,122.023434
3.128373,129.258234,122.035930
3.128744,129.258234,122.062086
3.128801,129.258234,122.077971
3.129074,129.258234,122.080282
3.129340,129.258234,122.097757
3.129736,129.258234,122.116275
3.129828,129.258234,122.127226
3.129905,129.258234,122.134643
3.130122,129.258234,122.147034
3.130293,129.258234,122.154522
3.130639,129.258234,122.154650
3.131077,129.258234,122.157181
3.131293,129.258234,122.164138
3.131376,129.258234,122.166938
3.131787,129.258234,122.168051
3.131894,129.258234,122.195165
3.131931,129.258234,122.198813
3.131965,129.258234,122.206493
3.132018,129.258234,122.212355
3.132121,129.258234,122.213859
3.132158,129.258234,122.223475
3.132529,129.258234,122.237187
3.132713,129.258234,122.253130
3.132768,129.258234,122.283933
3.132868,129.258234,122.296394
3.132922,129.258234,122.306291
3.133016,129.258234,122.313763
3.133076,129.258234,122.357117
3.133178,129.258234,122.359686
3.133234,129.258234,122.367978
3.133413,129.258234,122.381894
3.133509,129.258234,122.403667
3.133562,129.258234,122.408803
3.133593,129.258234,122.413917
3.133697,129.258234,122.415197
3.133797,129.258234,122.432074
3.133848,129.258234,122.438163
3.133948,129.258234,122.450541
3.134055,129.258234,122.453210
3.134264,129.258234,122.458019
3.134301,129.258234,122.470557
3.134766,129.258234,122.476771
3.134972,129.258234,122.487619
3.135276,129.258234,122.492650
3.135451,129.258234,122.509798
3.135505,129.258234,122.517491
3.136335,129.258234,122.517702
3.136393,129.258234,122.518634
3.136485,129.258234,122.537309
3.136661,129.258234,122.555782
3.136702,129.258234,122.568131
3.136797,129.258234,122.587824
3.136868,129.258234,122.587869
3.137014,129.258234,122.607581
3.137064,129.258234,122.628224
3.137133,129.258234,122.628394
3.137166,129.258234,122.635878
3.137194,129.258234,122.734659
3.137639,129.258234,122.739837
3.137828,129.258234,122.766656
3.137964,129.258234,122.770506
3.138015,129.258234,122.776707
3.138047,129.258234,122.790115
3.138135,129.258234,122.805027
3.138478,129.258234,122.806394
3.138533,129.258234,122.813885
3.138620,129.258234,122.838275
3.138790,129.258234,122.839837
3.138880,129.258234,122.862925
3.138909,129.258234,122.868941
3.138980,129.258234,122.880355
3.139115,129.258234,122.901402
3.139166,129.258234,122.906173
3.139375,129.258234,122.928397
3.139394,129.258234,122.969459
3.139790,129.258234,122.979146
3.139908,129.258234,122.981571
3.139982,129.258234,122.992602
3.140165,129.258234,122.995043
3.140219,129.258234,123.028595
3.140312,129.258234,123.028669
3.140344,129.258234,123.030381
3.140388,129.258234,123.043325
3.140436,129.258234,123.048083
3.140652,129.258234,123.053210
3.141019,129.258234,123.060691
3.141369,129.258234,123.109859
3.141860,129.258234,123.119955
3.141956,129.258234,123.130970
3.142206,129.258234,123.134877
3.142299,129.258234,123.139456
3.142394,129.258234,123.148259
3.142515,129.258234,123.149315
3.142994,129.258234,123.161802
3.143091,129.258234,123.164000
3.143233,129.258234,123.165546
3.143410,129.258234,123.165936
3.143444,129.258234,123.170275
3.143495,129.258234,123.170717
3.143586,129.258234,123.190186
3.143665,129.258234,123.190192
3.143693,129.258234,123.195453
3.143874,129.258234,123.197642
3.143963,129.258234,123.220800
3.143998,129.258234,123.242170
3.144352,129.258234,123.243331
3.144721,129.258234,123.246883
3.144774,129.258234,123.250803
3.144806,129.258234,123.265523
3.144855,129.258234,123.271805
3.144884,129.258234,123.273094
3.145088,129.258234,123.277834
3.145121,129.258234,123.285414
3.145150,129.258234,123.287773
3.145182,129.258234,123.290451
3.145547,129.258234,123.297958
3.145640,129.258234,123.302496
3.145912,129.258234,123.307315
3.146055,129.258234,123.311011
3.146085,129.258234,123.319779
3.146133,129.258234,123.329558
3.146309,129.258234,123.332275
3.146364,129.258234,123.339530
3.146573,129.258234,123.354682
3.146660,129.258234,123.383469
3.146804,129.258234,123.383898
3.146908,129.258234,123.387498
3.147055,129.258234,123.387709
3.147156,129.258234,123.395040
3.147294,129.258234,123.423482
3.147344,129.258234,123.432029
3.147427,129.258234,123.458531
3.147460,129.258234,123.463302
3.147547,129.258234,123.479155
3.147595,129.258234,123.481411
3.147643,129.258234,123.487718
3.147672,129.258234,123.495283
3.147847,129.258234,123.504995
3.148073,129.258234,123.511389
3.148160,129.258234,123.513635
3.148188,129.258234,123.528643
3.148358,129.258234,123.535773
3.148388,129.258234,123.539456
3.148416,129.258234,123.548054
3.148548,129.258234,123.554531
3.148600,129.258234,123.568653
3.148723,129.258234,123.574355
3.149109,129.258234,123.586435
3.149476,129.258234,123.610995
3.149561,129.258234,123.622115
3.149609,129.258234,123.639837
3.150013,129.258234,123.645875
3.150197,129.258234,123.659322
3.150446,129.258234,123.660570
3.150497,129.258234,123.669219
3.150973,129.258234,123.678000
3.151754,129.258234,123.691523
3.151792,129.258234,123.716211
3.151844,129.258234,123.717702
3.151896,129.258234,123.721203
3.151948,129.258234,123.726003
3.151977,129.258234,123.732227
3.152078,129.258234,123.733386
3.152127,129.258234,123.735709
3.152156,129.258234,123.750739
3.152207,129.258234,123.754314
3.152413,129.258234,123.798854
3.152477,129.258234,123.800275
3.152657,129.258234,123.817245
3.152687,129.258234,123.817498
3.152864,129.258234,123.818675
3.152915,129.258234,123.875491
3.153006,129.258234,123.885331
3.153028,129.258234,123.890301
3.153357,129.258234,123.895325
3.153531,129.258234,123.932093
3.153627,129.258234,123.936995
3.153679,129.258234,123.938378
3.153755,129.258234,123.945779
3.153805,129.258234,123.954352
3.153831,129.258234,123.961923
3.153880,129.258234,123.969043
3.153997,129.258234,123.999059
3.154767,129.258234,124.001373
3.154802,129.258234,124.002650
3.154975,129.258234,124.012330
3.155067,129.258234,124.028730
3.155155,129.258234,124.037187
3.155248,129.258234,124.057965
3.155275,129.258234,124.060902
3.155409,129.258234,124.072906
3.155559,129.258234,124.080160
3.155640,129.258234,124.084304
3.155813,129.258234,124.101997
3.155853,129.258234,124.106493
3.155940,129.258234,124.117555
3.156114,129.258234,124.131002
3.156467,129.258234,124.149482
3.156560,129.258234,124.151971
3.156692,129.258234,124.168131
3.156782,129.258234,124.174019
3.157269,129.258234,124.208755
3.157626,129.258234,124.214816
3.157808,129.258234,124.219818
3.157979,129.258234,124.242106
3.158114,129.258234,124.251763
3.158256,129.258234,124.258131
3.158303,129.258234,124.265283
3.158392,129.258234,124.265690
3.158746,129.258234,124.275386
3.158834,129.258234,124.285043
3.158862,129.258234,124.303834
3.159032,129.258234,124.313763
3.159086,129.258234,124.342170
3.159832,129.258234,124.365514
3.159888,129.258234,124.387754
3.159978,129.258234,124.388915
3.160477,129.258234,124.413786
3.160743,129.258234,124.416102
3.160764,129.258234,124.417194
3.160897,129.258234,124.420960
3.160965,129.258234,124.428394
3.160985,129.258234,124.437123
3.161151,129.258234,124.445882
3.161324,129.258234,124.457901
3.161557,129.258234,124.460579
3.161729,129.258234,124.468090
3.162076,129.258234,124.486410
3.162128,129.258234,124.490099
3.162305,129.258234,124.490234
3.162506,129.258234,124.491523
3.162537,129.258234,124.498560
3.162605,129.258234,124.524778
3.162663,129.258234,124.530915
3.162769,129.258234,124.530973
3.162792,129.258234,124.531152
3.163209,129.258234,124.534378
3.163283,129.258234,124.546909
3.163318,129.258234,124.559686
3.163373,129.258234,124.569123
3.163584,129.258234,124.628429
3.163683,129.258234,124.636995
3.163829,129.258234,124.655651
3.163955,129.258234,124.665555
3.163993,129.258234,124.679082
3.164059,129.258234,124.682845
3.164095,129.258234,124.685242
3.164200,129.258234,124.702458
3.164219,129.258234,124.705011
3.164275,129.258234,124.716077
3.164310,129.258234,124.739507
3.164363,129.258234,124.743245
3.164384,129.258234,124.761747
3.164618,129.258234,124.765533
3.164641,129.258234,124.791482
3.164697,129.258234,124.793779
3.164751,129.258234,124.798253
3.164812,129.258234,124.799894
3.164866,129.258234,124.800186
3.165055,129.258234,124.807664
3.165088,129.258234,124.817523
3.165268,129.258234,124.824867
3.165607,129.258234,124.826026
3.165659,129.258234,124.828381
3.165688,129.258234,124.842058
3.166031,129.258234,124.861923
3.166083,129.258234,124.866771
3.166131,129.258234,124.881536
3.166378,129.258234,124.887722
3.166471,129.258234,124.901194
3.166520,129.258234,124.930915
3.166567,129.258234,124.931152
3.166907,129.258234,124.932058
3.167172,129.258234,124.943229
3.167296,129.258234,124.943411
3.167477,129.258234,124.959267
3.167741,129.258234,124.959277
3.167759,129.258234,124.967965
3.167837,129.258234,124.970467
3.168202,129.258234,124.980435
3.168252,129.258234,124.982666
3.168285,129.258234,124.986378
3.168373,129.258234,124.999923
3.168423,129.258234,125.004835
3.168554,129.258234,125.009795
3.168600,129.258234,125.010083
3.168687,129.258234,125.023523
3.168775,129.258234,125.027194
3.168981,129.258234,125.053235
3.169011,129.258234,125.058042
3.169060,129.258234,125.127146
3.169147,129.258234,125.139459
3.169241,129.258234,125.150707
3.169287,129.258234,125.170275
3.169430,129.258234,125.172835
3.169686,129.258234,125.260618
3.169817,129.258234,125.262947
3.169907,129.258234,125.293898
3.169991,129.258234,125.332275
3.170039,129.258234,125.334800
3.170399,129.258234,125.374186
3.170499,129.258234,125.380275
3.170546,129.258234,125.398749
3.170573,129.258234,125.406118
3.170617,129.258234,125.411021
3.170644,129.258234,125.420493
3.170748,129.258234,125.432045
3.170884,129.258234,125.441094
3.171019,129.258234,125.450714
3.171107,129.258234,125.453075
3.171241,129.258234,125.460013
3.171286,129.258234,125.486800
3.171312,129.258234,125.490234
3.171488,129.258234,125.510035
3.171518,129.258234,125.511149
3.171663,129.258234,125.517370
3.171775,129.258234,125.536954
3.171823,129.258234,125.542259
3.172189,129.258234,125.565258
3.172239,129.258234,125.574019
3.172684,129.258234,125.576461
3.172713,129.258234,125.579078
3.172731,129.258234,125.584995
3.172804,129.258234,125.618506
3.172855,129.258234,125.642029
3.172916,129.258234,125.675277
3.173002,129.258234,125.687686
3.173047,129.258234,125.690154
3.173064,129.258234,125.695014
3.173082,129.258234,125.785155
3.173209,129.258234,125.792518
3.173227,129.258234,125.796355
3.173302,129.258234,125.802448
3.173329,129.258234,125.803638
3.173799,129.258234,125.813443
3.174058,129.258234,125.826106
3.174150,129.258234,125.828912
3.174178,129.258234,125.841043
3.174367,129.258234,125.850909
3.174457,129.258234,125.856906
3.174507,129.258234,125.860902
3.174596,129.258234,125.870586
3.174955,129.258234,125.894989
3.174984,129.258234,125.907456
3.175081,129.258234,125.915312
3.175112,129.258234,125.942058
3.175387,129.258234,125.946899
3.175534,129.258234,125.949443
3.175763,129.258234,125.965325
3.175930,129.258234,125.965661
3.175949,129.258234,125.967843
3.176075,129.258234,126.006483
3.176450,129.258234,126.021392
3.176624,129.258234,126.046858
3.176710,129.258234,126.054346
3.176788,129.258234,126.078106
3.176874,129.258234,126.080387
3.176958,129.258234,126.085155
3.177127,129.258234,126.089021
3.177326,129.258234,126.108819
3.177412,129.258234,126.109072
3.177487,129.258234,126.112163
3.177534,129.258234,126.123603
3.177579,129.258234,126.133386
3.177754,129.258234,126.141994
3.177784,129.258234,126.146803
3.177812,129.258234,126.157955
3.177859,129.258234,126.160605
3.177877,129.258234,126.170717
3.178050,129.258234,126.171642
3.178467,129.258234,126.183821
3.178582,129.258234,126.203834
3.178775,129.258234,126.211226
3.179046,129.258234,126.242099
3.179148,129.258234,126.245738
3.179249,129.258234,126.250579
3.179297,129.258234,126.258195
3.179326,129.258234,126.260902
3.179373,129.258234,126.276490
3.179394,129.258234,126.276589
3.179457,129.258234,126.280387
3.179505,129.258234,126.302410
3.179520,129.258234,126.320995
3.179752,129.258234,126.338413
3.179782,129.258234,126.365667
3.179871,129.258234,126.370442
3.179920,129.258234,126.375338
3.180004,129.258234,126.418675
3.180053,129.258234,126.424797
3.180128,129.258234,126.428797
3.180307,129.258234,126.431152
3.180472,129.258234,126.435898
3.180520,129.258234,126.454314
3.180537,129.258234,126.457965
3.180582,129.258234,126.464909
3.180624,129.258234,126.476730
3.180965,129.258234,126.491523
3.180995,129.258234,126.494979
3.181089,129.258234,126.500115
3.181270,129.258234,126.508746
3.181438,129.258234,126.516035
3.181486,129.258234,126.544605
3.181903,129.258234,126.558026
3.181992,129.258234,126.559686
3.182039,129.258234,126.565475
3.182123,129.258234,126.583037
3.182170,129.258234,126.592682
3.182261,129.258234,126.595219
3.182291,129.258234,126.636061
3.182306,129.258234,126.638330
3.183022,129.258234,126.640915
3.183204,129.258234,126.642170
3.183913,129.258234,126.645683
3.183965,129.258234,126.645738
3.184039,129.258234,126.653203
3.184067,129.258234,126.658045
3.184086,129.258234,126.661603
3.184112,129.258234,126.665466
3.184158,129.258234,126.689213
3.184256,129.258234,126.711251
3.184286,129.258234,126.713587
3.184334,129.258234,126.724819
3.184353,129.258234,126.733322
3.184480,129.258234,126.734403
3.184618,129.258234,126.734602
3.184666,129.258234,126.751875
3.185055,129.258234,126.760515
3.185140,129.258234,126.781635
3.185270,129.258234,126.796234
3.185613,129.258234,126.818627
3.185704,129.258234,126.826202
3.185872,129.258234,126.828634
3.186046,129.258234,126.833258
3.186092,129.258234,126.881578
3.186259,129.258234,126.882771
3.186287,129.258234,126.896387
3.186337,129.258234,126.898755
3.186462,129.258234,126.899075
3.186553,129.258234,126.908893
3.186718,129.258234,126.919776
3.187433,129.258234,126.919834
3.187642,129.258234,126.933315
3.187811,129.258234,126.961882
3.187980,129.258234,126.961923
3.188026,129.258234,126.964317
3.188280,129.258234,126.974026
3.188331,129.258234,126.974355
3.189035,129.258234,126.991296
3.189131,129.258234,126.995453
3.189227,129.258234,127.018570
3.189280,129.258234,127.021242
3.189452,129.258234,127.037424
3.189483,129.258234,127.046842
3.189729,129.258234,127.048410
3.189903,129.258234,127.053187
3.189929,129.258234,127.058195
3.190012,129.258234,127.068653
3.190090,129.258234,127.070563
3.190266,129.258234,127.077709
3.190286,129.258234,127.109907
3.190445,129.258234,127.121203
3.190492,129.258234,127.122115
3.190540,129.258234,127.126669
3.190577,129.258234,127.135744
3.190715,129.258234,127.137123
3.190760,129.258234,127.168003
3.191101,129.258234,127.190416
3.191133,129.258234,127.206080
3.191159,129.258234,127.211072
3.191286,129.258234,127.214614
3.191355,129.258234,127.233315
3.191523,129.258234,127.240717
3.191631,129.258234,127.250554
3.191761,129.258234,127.261638
3.191777,129.258234,127.270717
3.191942,129.258234,127.278915
3.192030,129.258234,127.293866
3.192362,129.258234,127.298768
3.192392,129.258234,127.313517
3.192471,129.258234,127.339456
3.192558,129.258234,127.340554
3.192801,129.258234,127.353130
3.192847,129.258234,127.371683
3.192979,129.258234,127.374243
3.193245,129.258234,127.393856
3.193613,129.258234,127.399994
3.193665,129.258234,127.410042
3.193841,129.258234,127.415923
3.193869,129.258234,127.422394
3.194044,129.258234,127.429795
3.194440,129.258234,127.434666
3.194797,129.258234,127.455498
3.195028,129.258234,127.459357
3.195302,129.258234,127.471683
3.195489,129.258234,127.472899
3.195537,129.258234,127.483869
3.195563,129.258234,127.488810
3.195657,129.258234,127.510035
3.195723,129.258234,127.510934
3.195859,129.258234,127.517555
3.196226,129.258234,127.531002
3.196975,129.258234,127.535850
3.197007,129.258234,127.538640
3.197039,129.258234,127.546074
3.197228,129.258234,127.550733
3.197265,129.258234,127.570387
3.197473,129.258234,127.570394
3.197561,129.258234,127.580400
3.197592,129.258234,127.583872
3.197682,129.258234,127.583898
3.197813,129.258234,127.584122
3.198163,129.258234,127.595235
3.198922,129.258234,127.598253
3.198971,129.258234,127.611389
3.199210,129.258234,127.617197
3.199238,129.258234,127.632227
3.199327,129.258234,127.643443
3.199492,129.258234,127.649466
3.199662,129.258234,127.654490
3.199744,129.258234,127.657923
3.199790,129.258234,127.664195
3.199833,129.258234,127.672998
3.199874,129.258234,127.703786
3.199921,129.258234,127.703891
3.199948,129.258234,127.717194
3.200034,129.258234,127.727027
3.200080,129.258234,127.740803
3.200165,129.258234,127.746912
3.200394,129.258234,127.754349
3.200420,129.258234,127.765482
3.200467,129.258234,127.772810
3.200485,129.258234,127.777795
3.200576,129.258234,127.780323
3.200735,129.258234,127.800147
3.200865,129.258234,127.800282
3.200951,129.258234,127.824787
3.200992,129.258234,127.824794
3.201158,129.258234,127.832125
3.201237,129.258234,127.836051
3.201401,129.258234,127.837091
3.201489,129.258234,127.842058
3.201514,129.258234,127.845882
3.201853,129.258234,127.846845
3.201871,129.258234,127.864138
3.201917,129.258234,127.881619
3.201945,129.258234,127.900035
3.202119,129.258234,127.900275
3.202460,129.258234,127.901283
3.202507,129.258234,127.904864
3.202555,129.258234,127.917702
3.202601,129.258234,127.975491
3.202912,129.258234,127.980394
3.203081,129.258234,128.000035
3.203254,129.258234,128.034877
3.203336,129.258234,128.040842
3.203420,129.258234,128.046915
3.203510,129.258234,128.050810
3.203679,129.258234,128.062861
3.203696,129.258234,128.067904
3.203942,129.258234,128.070717
3.204027,129.258234,128.076771
3.204200,129.258234,128.077939
3.204372,129.258234,128.118602
3.204417,129.258234,128.153117
3.204498,129.258234,128.153155
3.204665,129.258234,128.155635
3.204712,129.258234,128.157181
3.204883,129.258234,128.169136
3.204895,129.258234,128.190154
3.204973,129.258234,128.206112
3.205136,129.258234,128.216102
3.205165,129.258234,128.217549
3.205180,129.258234,128.225859
3.205337,129.258234,128.254250
3.205366,129.258234,128.260902
3.205452,129.258234,128.265555
3.205479,129.258234,128.297715
3.205652,129.258234,128.303619
3.205742,129.258234,128.319923
3.206092,129.258234,128.343379
3.206273,129.258234,128.345722
3.206617,129.258234,128.353187
3.206664,129.258234,128.385168
3.206676,129.258234,128.390195
3.206720,129.258234,128.407264
3.206751,129.258234,128.428554
3.206924,129.258234,128.439405
3.207368,129.258234,128.439562
3.207417,129.258234,128.440906
3.207586,129.258234,128.456797
3.207611,129.258234,128.461802
3.207698,129.258234,128.461891
3.207724,129.258234,128.465283
3.207854,129.258234,128.467978
3.207987,129.258234,128.478173
3.208158,129.258234,128.501933
3.208207,129.258234,128.506893
3.208315,129.258234,128.511018
3.208360,129.258234,128.516074
3.208386,129.258234,128.521050
3.208742,129.258234,128.523587
3.208832,129.258234,128.546829
3.208848,129.258234,128.583037
3.208892,129.258234,128.593898
3.208976,129.258234,128.596435
3.209002,129.258234,128.598826
3.209053,129.258234,128.599875
3.209079,129.258234,128.602634
3.209417,129.258234,128.607466
3.209887,129.258234,128.613722
3.209975,129.258234,128.633222
3.210005,129.258234,128.646915
3.210167,129.258234,128.659232
3.210348,129.258234,128.668090
3.210515,129.258234,128.676688
3.210531,129.258234,128.695059
3.210657,129.258234,128.708893
3.210742,129.258234,128.739379
3.210882,129.258234,128.747162
3.210964,129.258234,128.749331
3.211088,129.258234,128.759155
3.211159,129.258234,128.765690
3.211328,129.258234,128.772947
3.211356,129.258234,128.781670
3.211393,129.258234,128.791309
3.211430,129.258234,128.796435
3.211455,129.258234,128.798755
3.211500,129.258234,128.827075
3.211732,129.258234,128.833251
3.211782,129.258234,128.839456
3.211927,129.258234,128.843306
3.212087,129.258234,128.857981
3.212103,129.258234,128.896394
3.212149,129.258234,128.917242
3.212239,129.258234,128.918589
3.212309,129.258234,128.924618
3.212354,129.258234,128.925955
3.212439,129.258234,128.936902
3.212455,129.258234,128.982755
3.212478,129.258234,128.987747
3.212558,129.258234,128.993946
3.212894,129.258234,129.032477
3.212981,129.258234,129.036970
3.213238,129.258234,129.043411
3.213587,129.258234,129.044387
3.214293,129.258234,129.046979
3.214383,129.258234,129.059306
3.214463,129.258234,129.066787
3.214629,129.258234,129.071587
3.214714,129.258234,129.074234
3.214800,129.258234,129.083840
3.214843,129.258234,129.090259
3.214916,129.258234,129.115002
3.215079,129.258234,129.123498
3.215125,129.258234,129.129821
3.215383,129.258234,129.163693
3.215405,129.258234,129.167907
3.215490,129.258234,129.171629
3.215535,129.258234,129.174106
3.215877,129.258234,129.186378
3.216086,129.258234,129.187674
3.216251,129.258234,129.201286
3.216297,129.258234,129.222490
3.216469,129.258234,129.245875
3.216636,129.258234,129.248077
3.216750,129.258234,129.249411
3.216917,129.258234,129.258234
