Node Name,Lower Bound,Completion Time,Unassigned Count,Unassigned Parts
Root_0,61.047363,27.177760,11,"1;2;3;4;5;6;7;8;9;10;11"
Root_1,0.000000,12.229600,11,"0;2;3;4;5;6;7;8;9;10;11"
Root_2,72.801562,31.807360,10,"2;3;4;5;6;7;8;9;10;11"
Root_3,0.000000,5.025920,11,"0;1;3;4;5;6;7;8;9;10;11"
Root_4,62.963459,28.103680,10,"1;3;4;5;6;7;8;9;10;11"
Root_5,0.000000,13.155520,10,"0;3;4;5;6;7;8;9;10;11"
Root_6,73.727482,32.733280,9,"3;4;5;6;7;8;9;10;11"
Root_7,0.000000,8.813568,11,"0;1;2;4;5;6;7;8;9;10;11"
Root_8,60.617763,29.091328,10,"1;2;4;5;6;7;8;9;10;11"
Root_9,0.000000,14.143168,10,"0;2;4;5;6;7;8;9;10;11"
Root_10,72.218714,33.720928,9,"2;4;5;6;7;8;9;10;11"
Root_11,0.000000,9.739488,10,"0;1;4;5;6;7;8;9;10;11"
Root_12,61.607939,30.017248,9,"1;4;5;6;7;8;9;10;11"
Root_13,0.000000,15.069088,9,"0;4;5;6;7;8;9;10;11"
Root_14,73.949626,34.646848,8,"4;5;6;7;8;9;10;11"
Root_15,0.000000,7.722208,11,"0;1;2;3;5;6;7;8;9;10;11"
Root_16,70.670778,29.399968,10,"1;2;3;5;6;7;8;9;10;11"
Root_17,0.000000,14.451808,10,"0;2;3;5;6;7;8;9;10;11"
Root_18,82.517338,34.029568,9,"2;3;5;6;7;8;9;10;11"
Root_19,0.000000,8.648128,10,"0;1;3;5;6;7;8;9;10;11"
Root_20,72.031322,30.325888,9,"1;3;5;6;7;8;9;10;11"
Root_21,0.000000,15.377728,9,"0;3;5;6;7;8;9;10;11"
Root_22,83.013690,34.955488,8,"3;5;6;7;8;9;10;11"
Root_23,0.000000,11.035776,10,"0;1;2;5;6;7;8;9;10;11"
Root_24,68.018970,31.313536,9,"1;2;5;6;7;8;9;10;11"
Root_25,0.000000,16.365376,9,"0;2;5;6;7;8;9;10;11"
Root_26,83.993850,35.943136,8,"2;5;6;7;8;9;10;11"
Root_27,0.000000,11.961696,9,"0;1;5;6;7;8;9;10;11"
Root_28,68.693050,32.239456,8,"1;5;6;7;8;9;10;11"
Root_29,0.000000,17.291296,8,"0;5;6;7;8;9;10;11"
Root_30,83.502554,36.869056,7,"5;6;7;8;9;10;11"
Root_31,0.000000,6.343200,11,"0;1;2;3;4;6;7;8;9;10;11"
Root_32,67.170755,28.720960,10,"1;2;3;4;6;7;8;9;10;11"
Root_33,0.000000,13.772800,10,"0;2;3;4;6;7;8;9;10;11"
Root_34,78.458202,33.350560,9,"2;3;4;6;7;8;9;10;11"
Root_35,0.000000,7.269120,10,"0;1;3;4;6;7;8;9;10;11"
Root_36,69.022595,29.646880,9,"1;3;4;6;7;8;9;10;11"
Root_37,0.000000,14.698720,9,"0;3;4;6;7;8;9;10;11"
Root_38,79.633562,34.276480,8,"3;4;6;7;8;9;10;11"
Root_39,0.000000,10.356768,10,"0;1;2;4;6;7;8;9;10;11"
Root_40,65.197955,30.634528,9,"1;2;4;6;7;8;9;10;11"
Root_41,0.000000,15.686368,9,"0;2;4;6;7;8;9;10;11"
Root_42,79.934714,35.264128,8,"2;4;6;7;8;9;10;11"
Root_43,0.000000,11.282688,9,"0;1;4;6;7;8;9;10;11"
Root_44,66.123875,31.560448,8,"1;4;6;7;8;9;10;11"
Root_45,0.000000,16.612288,8,"0;4;6;7;8;9;10;11"
Root_46,80.122426,36.190048,7,"4;6;7;8;9;10;11"
Root_47,0.000000,9.265408,10,"0;1;2;3;6;7;8;9;10;11"
Root_48,75.855930,30.943168,9,"1;2;3;6;7;8;9;10;11"
Root_49,0.000000,15.995008,9,"0;2;3;6;7;8;9;10;11"
Root_50,89.569242,35.572768,8,"2;3;6;7;8;9;10;11"
Root_51,0.000000,10.191328,9,"0;1;3;6;7;8;9;10;11"
Root_52,76.660922,31.869088,8,"1;3;6;7;8;9;10;11"
Root_53,0.000000,16.920928,8,"0;3;6;7;8;9;10;11"
Root_54,88.522394,36.498688,7,"3;6;7;8;9;10;11"
Root_55,0.000000,12.578976,9,"0;1;2;6;7;8;9;10;11"
Root_56,72.579386,32.856736,8,"1;2;6;7;8;9;10;11"
Root_57,0.000000,17.908576,8,"0;2;6;7;8;9;10;11"
Root_58,91.045754,37.486336,7,"2;6;7;8;9;10;11"
Root_59,0.000000,13.504896,8,"0;1;6;7;8;9;10;11"
Root_60,74.105306,33.782656,7,"1;6;7;8;9;10;11"
Root_61,0.000000,18.834496,7,"0;6;7;8;9;10;11"
Root_62,90.423514,38.412256,6,"6;7;8;9;10;11"
Root_63,0.000000,7.225910,11,"0;1;2;3;4;5;7;8;9;10;11"
Root_64,71.485587,29.603670,10,"1;2;3;4;5;7;8;9;10;11"
Root_65,0.000000,14.655510,10,"0;2;3;4;5;7;8;9;10;11"
Root_66,83.943254,34.233270,9,"2;3;4;5;7;8;9;10;11"
Root_67,0.000000,8.151830,10,"0;1;3;4;5;7;8;9;10;11"
Root_68,72.642429,30.529590,9,"1;3;4;5;7;8;9;10;11"
Root_69,0.000000,15.581430,9,"0;3;4;5;7;8;9;10;11"
Root_70,84.235904,35.159190,8,"3;4;5;7;8;9;10;11"
Root_71,0.000000,11.239478,10,"0;1;2;4;5;7;8;9;10;11"
Root_72,68.630077,31.517238,9,"1;2;4;5;7;8;9;10;11"
Root_73,0.000000,16.569078,9,"0;2;4;5;7;8;9;10;11"
Root_74,85.419766,36.146838,8,"2;4;5;7;8;9;10;11"
Root_75,0.000000,12.165398,9,"0;1;4;5;7;8;9;10;11"
Root_76,69.304157,32.443158,8,"1;4;5;7;8;9;10;11"
Root_77,0.000000,17.494998,8,"0;4;5;7;8;9;10;11"
Root_78,84.797526,37.072758,7,"4;5;7;8;9;10;11"
Root_79,0.000000,10.148118,10,"0;1;2;3;5;7;8;9;10;11"
Root_80,80.309053,31.825878,9,"1;2;3;5;7;8;9;10;11"
Root_81,0.000000,16.877718,9,"0;2;3;5;7;8;9;10;11"
Root_82,94.948330,36.455478,8,"2;3;5;7;8;9;10;11"
Root_83,0.000000,11.074038,9,"0;1;3;5;7;8;9;10;11"
Root_84,80.309053,32.751798,8,"1;3;5;7;8;9;10;11"
Root_85,0.000000,17.803638,8,"0;3;5;7;8;9;10;11"
Root_86,93.400170,37.381398,7,"3;5;7;8;9;10;11"
Root_87,0.000000,13.461686,9,"0;1;2;5;7;8;9;10;11"
Root_88,77.849674,33.739446,8,"1;2;5;7;8;9;10;11"
Root_89,0.000000,18.791286,8,"0;2;5;7;8;9;10;11"
Root_90,96.486570,38.369046,7,"2;5;7;8;9;10;11"
Root_91,0.000000,14.387606,8,"0;1;5;7;8;9;10;11"
Root_92,78.636147,34.665366,7,"1;5;7;8;9;10;11"
Root_93,0.000000,19.717206,7,"0;5;7;8;9;10;11"
Root_94,95.864330,39.294966,6,"5;7;8;9;10;11"
Root_95,0.000000,8.769110,10,"0;1;2;3;4;7;8;9;10;11"
Root_96,76.670739,31.146870,9,"1;2;3;4;7;8;9;10;11"
Root_97,0.000000,16.198710,9,"0;2;3;4;7;8;9;10;11"
Root_98,90.791456,35.776470,8,"2;3;4;7;8;9;10;11"
Root_99,0.000000,9.695030,9,"0;1;3;4;7;8;9;10;11"
Root_100,77.272029,32.072790,8,"1;3;4;7;8;9;10;11"
Root_101,0.000000,17.124630,8,"0;3;4;7;8;9;10;11"
Root_102,89.540906,36.702390,7,"3;4;7;8;9;10;11"
Root_103,0.000000,12.782678,9,"0;1;2;4;7;8;9;10;11"
Root_104,73.454634,33.060438,8,"1;2;4;7;8;9;10;11"
Root_105,0.000000,18.112278,8,"0;2;4;7;8;9;10;11"
Root_106,92.267968,37.690038,7,"2;4;7;8;9;10;11"
Root_107,0.000000,13.708598,8,"0;1;4;7;8;9;10;11"
Root_108,74.920115,33.986358,7,"1;4;7;8;9;10;11"
Root_109,0.000000,19.038198,7,"0;4;7;8;9;10;11"
Root_110,91.645728,38.615958,6,"4;7;8;9;10;11"
Root_111,0.000000,11.691318,9,"0;1;2;3;7;8;9;10;11"
Root_112,84.949747,33.369078,8,"1;2;3;7;8;9;10;11"
Root_113,0.586262,18.420918,8,"0;2;3;7;8;9;10;11"
Root_114,99.944691,37.998678,7,"2;3;7;8;9;10;11"
Root_115,0.000000,12.617238,8,"0;1;3;7;8;9;10;11"
Root_116,85.180669,34.294998,7,"1;3;7;8;9;10;11"
Root_117,1.512182,19.346838,7,"0;3;7;8;9;10;11"
Root_118,98.396531,38.924598,6,"3;7;8;9;10;11"
Root_119,0.000000,15.004886,8,"0;1;2;7;8;9;10;11"
Root_120,84.512691,35.282646,7,"1;2;7;8;9;10;11"
Root_121,0.586262,20.334486,7,"0;2;7;8;9;10;11"
Root_122,101.659370,39.912246,6,"2;7;8;9;10;11"
Root_123,0.812182,15.930806,7,"0;1;7;8;9;10;11"
Root_124,83.755965,36.208566,6,"1;7;8;9;10;11"
Root_125,1.512182,21.260406,6,"0;7;8;9;10;11"
Root_126,101.037130,40.838166,5,"7;8;9;10;11"
Root_127,0.000000,9.924672,11,"0;1;2;3;4;5;6;8;9;10;11"
Root_128,71.111555,30.202432,10,"1;2;3;4;5;6;8;9;10;11"
Root_129,0.000000,15.254272,10,"0;2;3;4;5;6;8;9;10;11"
Root_130,85.698883,34.832032,9,"2;3;4;5;6;8;9;10;11"
Root_131,0.000000,10.850592,10,"0;1;3;4;5;6;8;9;10;11"
Root_132,72.037475,31.128352,9,"1;3;4;5;6;8;9;10;11"
Root_133,0.000000,16.180192,9,"0;3;4;5;6;8;9;10;11"
Root_134,85.392771,35.757952,8,"3;4;5;6;8;9;10;11"
Root_135,0.000000,11.838240,10,"0;1;2;4;5;6;8;9;10;11"
Root_136,67.773283,32.116000,9,"1;2;4;5;6;8;9;10;11"
Root_137,0.000000,17.167840,9,"0;2;4;5;6;8;9;10;11"
Root_138,87.175395,36.745600,8,"2;4;5;6;8;9;10;11"
Root_139,0.000000,12.764160,9,"0;1;4;5;6;8;9;10;11"
Root_140,68.741123,33.041920,8,"1;4;5;6;8;9;10;11"
Root_141,0.000000,18.093760,8,"0;4;5;6;8;9;10;11"
Root_142,86.553155,37.671520,7,"4;5;6;8;9;10;11"
Root_143,0.000000,12.146880,10,"0;1;2;3;5;6;8;9;10;11"
Root_144,79.428890,32.424640,9,"1;2;3;5;6;8;9;10;11"
Root_145,0.000000,17.476480,9,"0;2;3;5;6;8;9;10;11"
Root_146,95.740995,37.054240,8,"2;3;5;6;8;9;10;11"
Root_147,0.000000,13.072800,9,"0;1;3;5;6;8;9;10;11"
Root_148,79.779450,33.350560,8,"1;3;5;6;8;9;10;11"
Root_149,0.567744,18.402400,8,"0;3;5;6;8;9;10;11"
Root_150,94.192835,37.980160,7,"3;5;6;8;9;10;11"
Root_151,0.000000,14.060448,9,"0;1;2;5;6;8;9;10;11"
Root_152,78.167034,34.338208,8,"1;2;5;6;8;9;10;11"
Root_153,0.000000,19.390048,8,"0;2;5;6;8;9;10;11"
Root_154,97.730883,38.967808,7,"2;5;6;8;9;10;11"
Root_155,0.000000,14.986368,8,"0;1;5;6;8;9;10;11"
Root_156,78.354746,35.264128,7,"1;5;6;8;9;10;11"
Root_157,0.567744,20.315968,7,"0;5;6;8;9;10;11"
Root_158,97.108643,39.893728,6,"5;6;8;9;10;11"
Root_159,0.000000,11.467872,10,"0;1;2;3;4;6;8;9;10;11"
Root_160,76.664547,31.745632,9,"1;2;3;4;6;8;9;10;11"
Root_161,0.000000,16.797472,9,"0;2;3;4;6;8;9;10;11"
Root_162,91.948323,36.375232,8,"2;3;4;6;8;9;10;11"
Root_163,0.000000,12.393792,9,"0;1;3;4;6;8;9;10;11"
Root_164,76.667075,32.671552,8,"1;3;4;6;8;9;10;11"
Root_165,0.000000,17.723392,8,"0;3;4;6;8;9;10;11"
Root_166,90.400163,37.301152,7,"3;4;6;8;9;10;11"
Root_167,0.000000,13.381440,9,"0;1;2;4;6;8;9;10;11"
Root_168,74.047203,33.659200,8,"1;2;4;6;8;9;10;11"
Root_169,0.000000,18.711040,8,"0;2;4;6;8;9;10;11"
Root_170,93.424835,38.288800,7,"2;4;6;8;9;10;11"
Root_171,0.000000,14.307360,8,"0;1;4;6;8;9;10;11"
Root_172,74.913923,34.585120,7,"1;4;6;8;9;10;11"
Root_173,0.000000,19.636960,7,"0;4;6;8;9;10;11"
Root_174,92.802595,39.214720,6,"4;6;8;9;10;11"
Root_175,0.485024,13.690080,9,"0;1;2;3;6;8;9;10;11"
Root_176,84.776890,33.967840,8,"1;2;3;6;8;9;10;11"
Root_177,1.295968,19.019680,8,"0;2;3;6;8;9;10;11"
Root_178,100.370595,38.597440,7,"2;3;6;8;9;10;11"
Root_179,1.410944,14.616000,8,"0;1;3;6;8;9;10;11"
Root_180,84.409050,34.893760,7,"1;3;6;8;9;10;11"
Root_181,2.110944,19.945600,7,"0;3;6;8;9;10;11"
Root_182,98.822435,39.523360,6,"3;6;8;9;10;11"
Root_183,0.485024,15.603648,8,"0;1;2;6;8;9;10;11"
Root_184,84.339834,35.881408,7,"1;2;6;8;9;10;11"
Root_185,1.295968,20.933248,7,"0;2;6;8;9;10;11"
Root_186,102.684035,40.511008,6,"2;6;8;9;10;11"
Root_187,1.410944,16.529568,7,"0;1;6;8;9;10;11"
Root_188,82.984346,36.807328,6,"1;6;8;9;10;11"
Root_189,2.110944,21.859168,6,"0;6;8;9;10;11"
Root_190,102.498723,41.436928,5,"6;8;9;10;11"
Root_191,0.000000,12.350582,10,"0;1;2;3;4;5;8;9;10;11"
Root_192,79.836294,32.628342,9,"1;2;3;4;5;8;9;10;11"
Root_193,0.000000,17.680182,9,"0;2;3;4;5;8;9;10;11"
Root_194,96.939552,37.257942,8,"2;3;4;5;8;9;10;11"
Root_195,0.071446,13.276502,9,"0;1;3;4;5;8;9;10;11"
Root_196,80.390557,33.554262,8,"1;3;4;5;8;9;10;11"
Root_197,0.771446,18.606102,8,"0;3;4;5;8;9;10;11"
Root_198,95.391392,38.183862,7,"3;4;5;8;9;10;11"
Root_199,0.000000,14.264150,9,"0;1;2;4;5;8;9;10;11"
Root_200,78.981843,34.541910,8,"1;2;4;5;8;9;10;11"
Root_201,0.000000,19.593750,8,"0;2;4;5;8;9;10;11"
Root_202,99.156800,39.171510,7,"2;4;5;8;9;10;11"
Root_203,0.071446,15.190070,8,"0;1;4;5;8;9;10;11"
Root_204,78.965853,35.467830,7,"1;4;5;8;9;10;11"
Root_205,0.771446,20.519670,7,"0;4;5;8;9;10;11"
Root_206,98.534560,40.097430,6,"4;5;8;9;10;11"
Root_207,1.661389,14.572790,9,"0;1;2;3;5;8;9;10;11"
Root_208,89.307731,34.850550,8,"1;2;3;5;8;9;10;11"
Root_209,2.993654,19.902390,8,"0;2;3;5;8;9;10;11"
Root_210,105.837130,39.480150,7,"2;3;5;8;9;10;11"
Root_211,2.293654,15.498710,8,"0;1;3;5;8;9;10;11"
Root_212,88.057181,35.776470,7,"1;3;5;8;9;10;11"
Root_213,3.357709,20.828310,7,"0;3;5;8;9;10;11"
Root_214,104.288970,40.406070,6,"3;5;8;9;10;11"
Root_215,1.661389,16.486358,8,"0;1;2;5;8;9;10;11"
Root_216,88.870675,36.764118,7,"1;2;5;8;9;10;11"
Root_217,2.993654,21.815958,7,"0;2;5;8;9;10;11"
Root_218,109.065376,41.393718,6,"2;5;8;9;10;11"
Root_219,2.293654,17.412278,7,"0;1;5;8;9;10;11"
Root_220,87.322515,37.690038,6,"1;5;8;9;10;11"
Root_221,3.357709,22.741878,6,"0;5;8;9;10;11"
Root_222,109.369056,42.319638,5,"5;8;9;10;11"
Root_223,0.688726,13.893782,9,"0;1;2;3;4;8;9;10;11"
Root_224,85.591699,34.171542,8,"1;2;3;4;8;9;10;11"
Root_225,1.703373,19.223382,8,"0;2;3;4;8;9;10;11"
Root_226,101.442090,38.801142,7,"2;3;4;8;9;10;11"
Root_227,1.614646,14.819702,8,"0;1;3;4;8;9;10;11"
Root_228,85.020157,35.097462,7,"1;3;4;8;9;10;11"
Root_229,2.314646,20.149302,7,"0;3;4;8;9;10;11"
Root_230,99.893930,39.727062,6,"3;4;8;9;10;11"
Root_231,0.688726,15.807350,8,"0;1;2;4;8;9;10;11"
Root_232,85.154643,36.085110,7,"1;2;4;8;9;10;11"
Root_233,1.703373,21.136950,7,"0;2;4;8;9;10;11"
Root_234,103.906250,40.714710,6,"2;4;8;9;10;11"
Root_235,1.614646,16.733270,7,"0;1;4;8;9;10;11"
Root_236,83.606483,37.011030,6,"1;4;8;9;10;11"
Root_237,2.314646,22.062870,6,"0;4;8;9;10;11"
Root_238,103.924640,41.640630,5,"4;8;9;10;11"
Root_239,4.118189,16.115990,8,"0;1;2;3;8;9;10;11"
Root_240,93.995453,36.393750,7,"1;2;3;8;9;10;11"
Root_241,5.518189,21.445590,7,"0;2;3;8;9;10;11"
Root_242,108.758090,41.023350,6,"2;3;8;9;10;11"
Root_243,5.044109,17.041910,7,"0;1;3;8;9;10;11"
Root_244,91.521373,37.319670,6,"1;3;8;9;10;11"
Root_245,6.573603,22.371510,6,"0;3;8;9;10;11"
Root_246,108.135850,41.949270,5,"3;8;9;10;11"
Root_247,4.118189,18.029558,7,"0;1;2;8;9;10;11"
Root_248,93.558397,38.307318,6,"1;2;8;9;10;11"
Root_249,5.518189,23.359158,6,"0;2;8;9;10;11"
Root_250,113.135818,42.936918,5,"2;8;9;10;11"
Root_251,5.044109,18.955478,6,"0;1;8;9;10;11"
Root_252,92.010237,39.233238,5,"1;8;9;10;11"
Root_253,7.110522,24.285078,5,"0;8;9;10;11"
Root_254,114.302336,43.862838,4,"8;9;10;11"
Root_255,0.000000,8.729600,11,"0;1;2;3;4;5;6;7;9;10;11"
Root_256,75.994202,31.807360,10,"1;2;3;4;5;6;7;9;10;11"
Root_257,0.000000,16.859200,10,"0;2;3;4;5;6;7;9;10;11"
Root_258,96.135747,36.436960,9,"2;3;4;5;6;7;9;10;11"
Root_259,0.000000,9.655520,10,"0;1;3;4;5;6;7;9;10;11"
Root_260,75.994202,32.733280,9,"1;3;4;5;6;7;9;10;11"
Root_261,0.000000,17.785120,9,"0;3;4;5;6;7;9;10;11"
Root_262,95.513507,37.362880,8,"3;4;5;6;7;9;10;11"
Root_263,0.000000,13.443168,10,"0;1;2;4;5;6;7;9;10;11"
Root_264,73.497786,33.720928,9,"1;2;4;5;6;7;9;10;11"
Root_265,0.000000,18.772768,9,"0;2;4;5;6;7;9;10;11"
Root_266,99.587555,38.350528,8,"2;4;5;6;7;9;10;11"
Root_267,0.000000,14.369088,9,"0;1;4;5;6;7;9;10;11"
Root_268,74.302778,34.646848,8,"1;4;5;6;7;9;10;11"
Root_269,0.000000,19.698688,8,"0;4;5;6;7;9;10;11"
Root_270,99.891235,39.276448,7,"4;5;6;7;9;10;11"
Root_271,0.000000,12.351808,10,"0;1;2;3;5;6;7;9;10;11"
Root_272,83.487770,34.029568,9,"1;2;3;5;6;7;9;10;11"
Root_273,0.000000,19.081408,9,"0;2;3;5;6;7;9;10;11"
Root_274,107.088867,38.659168,8,"2;3;5;6;7;9;10;11"
Root_275,0.000000,13.277728,9,"0;1;3;5;6;7;9;10;11"
Root_276,83.058202,34.955488,8,"1;3;5;6;7;9;10;11"
Root_277,0.000000,20.007328,8,"0;3;5;6;7;9;10;11"
Root_278,106.466627,39.585088,7,"3;5;6;7;9;10;11"
Root_279,0.000000,15.665376,9,"0;1;2;5;6;7;9;10;11"
Root_280,83.993850,35.943136,8,"1;2;5;6;7;9;10;11"
Root_281,0.000000,20.994976,8,"0;2;5;6;7;9;10;11"
Root_282,111.747971,40.572736,7,"2;5;6;7;9;10;11"
Root_283,0.000000,16.591296,8,"0;1;5;6;7;9;10;11"
Root_284,83.502554,36.869056,7,"1;5;6;7;9;10;11"
Root_285,0.000000,21.920896,7,"0;5;6;7;9;10;11"
Root_286,112.051651,41.498656,6,"5;6;7;9;10;11"
Root_287,0.000000,10.972800,10,"0;1;2;3;4;6;7;9;10;11"
Root_288,80.107642,33.350560,9,"1;2;3;4;6;7;9;10;11"
Root_289,0.000000,18.402400,9,"0;2;3;4;6;7;9;10;11"
Root_290,102.693827,37.980160,8,"2;3;4;6;7;9;10;11"
Root_291,0.000000,11.898720,9,"0;1;3;4;6;7;9;10;11"
Root_292,80.357082,34.276480,8,"1;3;4;6;7;9;10;11"
Root_293,0.000000,19.328320,8,"0;3;4;6;7;9;10;11"
Root_294,102.071587,38.906080,7,"3;4;6;7;9;10;11"
Root_295,0.000000,14.986368,9,"0;1;2;4;6;7;9;10;11"
Root_296,79.934714,35.264128,8,"1;2;4;6;7;9;10;11"
Root_297,0.000000,20.315968,8,"0;2;4;6;7;9;10;11"
Root_298,106.303555,39.893728,7,"2;4;6;7;9;10;11"
Root_299,0.000000,15.912288,8,"0;1;4;6;7;9;10;11"
Root_300,80.122426,36.190048,7,"1;4;6;7;9;10;11"
Root_301,0.000000,21.241888,7,"0;4;6;7;9;10;11"
Root_302,106.607235,40.819648,6,"4;6;7;9;10;11"
Root_303,0.000000,13.895008,9,"0;1;2;3;6;7;9;10;11"
Root_304,89.569242,35.572768,8,"1;2;3;6;7;9;10;11"
Root_305,0.160352,20.624608,8,"0;2;3;6;7;9;10;11"
Root_306,112.261667,40.202368,7,"2;3;6;7;9;10;11"
Root_307,0.000000,14.820928,8,"0;1;3;6;7;9;10;11"
Root_308,88.522394,36.498688,7,"1;3;6;7;9;10;11"
Root_309,1.086272,21.550528,7,"0;3;6;7;9;10;11"
Root_310,111.639427,41.128288,6,"3;6;7;9;10;11"
Root_311,0.000000,17.208576,8,"0;1;2;6;7;9;10;11"
Root_312,91.045754,37.486336,7,"1;2;6;7;9;10;11"
Root_313,0.160352,22.538176,7,"0;2;6;7;9;10;11"
Root_314,116.639395,42.115936,6,"2;6;7;9;10;11"
Root_315,0.386272,18.134496,7,"0;1;6;7;9;10;11"
Root_316,90.423514,38.412256,6,"1;6;7;9;10;11"
Root_317,1.086272,23.464096,6,"0;6;7;9;10;11"
Root_318,116.984931,43.041856,5,"6;7;9;10;11"
Root_319,0.000000,11.855510,10,"0;1;2;3;4;5;7;9;10;11"
Root_320,84.709984,34.233270,9,"1;2;3;4;5;7;9;10;11"
Root_321,0.000000,19.285110,9,"0;2;3;4;5;7;9;10;11"
Root_322,108.629494,38.862870,8,"2;3;4;5;7;9;10;11"
Root_323,0.000000,12.781430,9,"0;1;3;4;5;7;9;10;11"
Root_324,84.235904,35.159190,8,"1;3;4;5;7;9;10;11"
Root_325,0.000000,20.211030,8,"0;3;4;5;7;9;10;11"
Root_326,108.007254,39.788790,7,"3;4;5;7;9;10;11"
Root_327,0.000000,15.869078,9,"0;1;2;4;5;7;9;10;11"
Root_328,85.419766,36.146838,8,"1;2;4;5;7;9;10;11"
Root_329,0.000000,21.198678,8,"0;2;4;5;7;9;10;11"
Root_330,113.377590,40.776438,7,"2;4;5;7;9;10;11"
Root_331,0.000000,16.794998,8,"0;1;4;5;7;9;10;11"
Root_332,84.797526,37.072758,7,"1;4;5;7;9;10;11"
Root_333,0.000000,22.124598,7,"0;4;5;7;9;10;11"
Root_334,113.681270,41.702358,6,"4;5;7;9;10;11"
Root_335,0.000000,14.777718,9,"0;1;2;3;5;7;9;10;11"
Root_336,94.948330,36.455478,8,"1;2;3;5;7;9;10;11"
Root_337,1.043062,21.507318,8,"0;2;3;5;7;9;10;11"
Root_338,118.761632,41.085078,7,"2;3;5;7;9;10;11"
Root_339,0.000000,15.703638,8,"0;1;3;5;7;9;10;11"
Root_340,93.400170,37.381398,7,"1;3;5;7;9;10;11"
Root_341,2.160205,22.433238,7,"0;3;5;7;9;10;11"
Root_342,118.139392,42.010998,6,"3;5;7;9;10;11"
Root_343,0.343062,18.091286,8,"0;1;2;5;7;9;10;11"
Root_344,96.486570,38.369046,7,"1;2;5;7;9;10;11"
Root_345,1.043062,23.420886,7,"0;2;5;7;9;10;11"
Root_346,123.509728,42.998646,6,"2;5;7;9;10;11"
Root_347,1.268982,19.017206,7,"0;1;5;7;9;10;11"
Root_348,95.864330,39.294966,6,"1;5;7;9;10;11"
Root_349,2.758851,24.346806,6,"0;5;7;9;10;11"
Root_350,123.813408,43.924566,5,"5;7;9;10;11"
Root_351,0.000000,13.398710,9,"0;1;2;3;4;7;9;10;11"
Root_352,90.791456,35.776470,8,"1;2;3;4;7;9;10;11"
Root_353,0.364054,20.828310,8,"0;2;3;4;7;9;10;11"
Root_354,113.687584,40.406070,7,"2;3;4;7;9;10;11"
Root_355,0.000000,14.324630,8,"0;1;3;4;7;9;10;11"
Root_356,89.540906,36.702390,7,"1;3;4;7;9;10;11"
Root_357,1.289974,21.754230,7,"0;3;4;7;9;10;11"
Root_358,113.065344,41.331990,6,"3;4;7;9;10;11"
Root_359,0.000000,17.412278,8,"0;1;2;4;7;9;10;11"
Root_360,92.267968,37.690038,7,"1;2;4;7;9;10;11"
Root_361,0.364054,22.741878,7,"0;2;4;7;9;10;11"
Root_362,118.065312,42.319638,6,"2;4;7;9;10;11"
Root_363,0.589974,18.338198,7,"0;1;4;7;9;10;11"
Root_364,91.645728,38.615958,6,"1;4;7;9;10;11"
Root_365,1.289974,23.667798,6,"0;4;7;9;10;11"
Root_366,118.614550,43.245558,5,"4;7;9;10;11"
Root_367,0.486262,16.320918,8,"0;1;2;3;7;9;10;11"
Root_368,99.944691,37.998678,7,"1;2;3;7;9;10;11"
Root_369,3.394765,23.050518,7,"0;2;3;7;9;10;11"
Root_370,121.597514,42.628278,6,"2;3;7;9;10;11"
Root_371,1.412182,17.246838,7,"0;1;3;7;9;10;11"
Root_372,98.396531,38.924598,6,"1;3;7;9;10;11"
Root_373,5.474883,23.976438,6,"0;3;7;9;10;11"
Root_374,121.529472,43.554198,5,"3;7;9;10;11"
Root_375,1.994765,19.634486,7,"0;1;2;7;9;10;11"
Root_376,101.659370,39.912246,6,"1;2;7;9;10;11"
Root_377,4.610691,24.964086,6,"0;2;7;9;10;11"
Root_378,128.600781,44.541846,5,"2;7;9;10;11"
Root_379,3.846605,20.560406,6,"0;1;7;9;10;11"
Root_380,101.037130,40.838166,5,"1;7;9;10;11"
Root_381,7.388451,25.890006,5,"0;7;9;10;11"
Root_382,131.682221,45.467766,4,"7;9;10;11"
Root_383,0.000000,14.554272,10,"0;1;2;3;4;5;6;9;10;11"
Root_384,85.866851,34.832032,9,"1;2;3;4;5;6;9;10;11"
Root_385,0.000000,19.883872,9,"0;2;3;4;5;6;9;10;11"
Root_386,111.450445,39.461632,8,"2;3;4;5;6;9;10;11"
Root_387,0.000000,15.480192,9,"0;1;3;4;5;6;9;10;11"
Root_388,85.392771,35.757952,8,"1;3;4;5;6;9;10;11"
Root_389,0.345536,20.809792,8,"0;3;4;5;6;9;10;11"
Root_390,110.828205,40.387552,7,"3;4;5;6;9;10;11"
Root_391,0.000000,16.467840,9,"0;1;2;4;5;6;9;10;11"
Root_392,87.175395,36.745600,8,"1;2;4;5;6;9;10;11"
Root_393,0.000000,21.797440,8,"0;2;4;5;6;9;10;11"
Root_394,116.573741,41.375200,7,"2;4;5;6;9;10;11"
Root_395,0.000000,17.393760,8,"0;1;4;5;6;9;10;11"
Root_396,86.553155,37.671520,7,"1;4;5;6;9;10;11"
Root_397,0.345536,22.723360,7,"0;4;5;6;9;10;11"
Root_398,117.803341,42.301120,6,"4;5;6;9;10;11"
Root_399,0.941824,16.776480,9,"0;1;2;3;5;6;9;10;11"
Root_400,95.740995,37.054240,8,"1;2;3;5;6;9;10;11"
Root_401,1.641824,22.106080,8,"0;2;3;5;6;9;10;11"
Root_402,121.667661,41.683840,7,"2;3;5;6;9;10;11"
Root_403,1.957728,17.702400,8,"0;1;3;5;6;9;10;11"
Root_404,94.192835,37.980160,7,"1;3;5;6;9;10;11"
Root_405,3.357728,23.032000,7,"0;3;5;6;9;10;11"
Root_406,121.971341,42.609760,6,"3;5;6;9;10;11"
Root_407,0.941824,18.690048,8,"0;1;2;5;6;9;10;11"
Root_408,97.730883,38.967808,7,"1;2;5;6;9;10;11"
Root_409,1.913312,24.019648,7,"0;2;5;6;9;10;11"
Root_410,128.329325,43.597408,6,"2;5;6;9;10;11"
Root_411,1.957728,19.615968,7,"0;1;5;6;9;10;11"
Root_412,97.108643,39.893728,6,"1;5;6;9;10;11"
Root_413,4.555136,24.945568,6,"0;5;6;9;10;11"
Root_414,130.082253,44.523328,5,"5;6;9;10;11"
Root_415,0.262816,16.097472,9,"0;1;2;3;4;6;9;10;11"
Root_416,91.948323,36.375232,8,"1;2;3;4;6;9;10;11"
Root_417,0.962816,21.427072,8,"0;2;3;4;6;9;10;11"
Root_418,115.914605,41.004832,7,"2;3;4;6;9;10;11"
Root_419,1.188736,17.023392,8,"0;1;3;4;6;9;10;11"
Root_420,90.400163,37.301152,7,"1;3;4;6;9;10;11"
Root_421,1.999712,22.352992,7,"0;3;4;6;9;10;11"
Root_422,116.218285,41.930752,6,"3;4;6;9;10;11"
Root_423,0.262816,18.011040,8,"0;1;2;4;6;9;10;11"
Root_424,93.424835,38.288800,7,"1;2;4;6;9;10;11"
Root_425,0.962816,23.340640,7,"0;2;4;6;9;10;11"
Root_426,122.205901,42.918400,6,"2;4;6;9;10;11"
Root_427,1.188736,18.936960,7,"0;1;4;6;9;10;11"
Root_428,92.802595,39.214720,6,"1;4;6;9;10;11"
Root_429,2.518112,24.266560,6,"0;4;6;9;10;11"
Root_430,124.279821,43.844320,5,"4;6;9;10;11"
Root_431,3.192288,18.319680,8,"0;1;2;3;6;9;10;11"
Root_432,100.370595,38.597440,7,"1;2;3;6;9;10;11"
Root_433,4.703232,23.649280,7,"0;2;3;6;9;10;11"
Root_434,125.675021,43.227040,6,"2;3;6;9;10;11"
Root_435,5.044128,19.245600,7,"0;1;3;6;9;10;11"
Root_436,98.822435,39.523360,6,"1;3;6;9;10;11"
Root_437,7.271168,24.575200,6,"0;3;6;9;10;11"
Root_438,127.057581,44.152960,5,"3;6;9;10;11"
Root_439,3.192288,20.233248,7,"0;1;2;6;9;10;11"
Root_440,102.684035,40.511008,6,"1;2;6;9;10;11"
Root_441,6.517920,25.562848,6,"0;2;6;9;10;11"
Root_442,135.020493,45.140608,5,"2;6;9;10;11"
Root_443,5.084736,21.159168,6,"0;1;6;9;10;11"
Root_444,102.498723,41.436928,5,"1;6;9;10;11"
Root_445,9.184736,26.488768,5,"0;6;9;10;11"
Root_446,138.101933,46.066528,4,"6;9;10;11"
Root_447,1.145526,16.980182,9,"0;1;2;3;4;5;9;10;11"
Root_448,96.939552,37.257942,8,"1;2;3;4;5;9;10;11"
Root_449,1.913293,22.309782,8,"0;2;3;4;5;9;10;11"
Root_450,123.500982,41.887542,7,"2;3;4;5;9;10;11"
Root_451,2.365133,17.906102,8,"0;1;3;4;5;9;10;11"
Root_452,95.391392,38.183862,7,"1;3;4;5;9;10;11"
Root_453,3.765133,23.235702,7,"0;3;4;5;9;10;11"
Root_454,123.804662,42.813462,6,"3;4;5;9;10;11"
Root_455,1.145526,18.893750,8,"0;1;2;4;5;9;10;11"
Root_456,99.156800,39.171510,7,"1;2;4;5;9;10;11"
Root_457,2.388483,24.223350,7,"0;2;4;5;9;10;11"
Root_458,130.162646,43.801110,6,"2;4;5;9;10;11"
Root_459,2.365133,19.819670,7,"0;1;4;5;9;10;11"
Root_460,98.534560,40.097430,6,"1;4;5;9;10;11"
Root_461,5.166243,25.149270,6,"0;4;5;9;10;11"
Root_462,132.119277,44.727030,5,"4;5;9;10;11"
Root_463,5.251363,19.202390,8,"0;1;2;3;5;9;10;11"
Root_464,105.837130,39.480150,7,"1;2;3;5;9;10;11"
Root_465,8.067459,24.531990,7,"0;2;3;5;9;10;11"
Root_466,133.050157,44.109750,6,"2;3;5;9;10;11"
Root_467,6.293654,20.128310,7,"0;1;3;5;9;10;11"
Root_468,104.288970,40.406070,6,"1;3;5;9;10;11"
Root_469,10.542618,25.457910,6,"0;3;5;9;10;11"
Root_470,135.205677,45.035670,5,"3;5;9;10;11"
Root_471,5.251363,21.115958,7,"0;1;2;5;9;10;11"
Root_472,109.065376,41.393718,6,"1;2;5;9;10;11"
Root_473,9.981027,26.445558,6,"0;2;5;9;10;11"
Root_474,143.538957,46.023318,5,"2;5;9;10;11"
Root_475,6.293654,22.041878,6,"0;1;5;9;10;11"
Root_476,109.369056,42.319638,5,"1;5;9;10;11"
Root_477,11.832867,27.371478,5,"0;5;9;10;11"
Root_478,146.620397,46.949238,4,"5;9;10;11"
Root_479,3.599693,18.523382,8,"0;1;2;3;4;9;10;11"
Root_480,101.442090,38.801142,7,"1;2;3;4;9;10;11"
Root_481,5.419162,23.852982,7,"0;2;3;4;9;10;11"
Root_482,127.508342,43.430742,6,"2;3;4;9;10;11"
Root_483,5.451533,19.449302,7,"0;1;3;4;9;10;11"
Root_484,99.893930,39.727062,6,"1;3;4;9;10;11"
Root_485,7.882275,24.778902,6,"0;3;4;9;10;11"
Root_486,129.094605,44.356662,5,"3;4;9;10;11"
Root_487,3.599693,20.436950,7,"0;1;2;4;9;10;11"
Root_488,103.906250,40.714710,6,"1;2;4;9;10;11"
Root_489,7.332730,25.766550,6,"0;2;4;9;10;11"
Root_490,137.057517,45.344310,5,"2;4;9;10;11"
Root_491,5.614646,21.362870,6,"0;1;4;9;10;11"
Root_492,103.924640,41.640630,5,"1;4;9;10;11"
Root_493,9.795843,26.692470,5,"0;4;9;10;11"
Root_494,140.138957,46.270230,4,"4;9;10;11"
Root_495,8.118189,20.745590,7,"0;1;2;3;9;10;11"
Root_496,108.758090,41.023350,6,"1;2;3;9;10;11"
Root_497,13.937658,26.075190,6,"0;2;3;9;10;11"
Root_498,140.143917,45.652950,5,"2;3;9;10;11"
Root_499,9.044109,21.671510,6,"0;1;3;9;10;11"
Root_500,108.135850,41.949270,5,"1;3;9;10;11"
Root_501,16.715418,27.001110,5,"0;3;9;10;11"
Root_502,143.225357,46.578870,4,"3;9;10;11"
Root_503,8.118189,22.659158,6,"0;1;2;9;10;11"
Root_504,113.135818,42.936918,5,"1;2;9;10;11"
Root_505,14.610627,27.988758,5,"0;2;9;10;11"
Root_506,152.175917,47.566518,4,"2;9;10;11"
Root_507,9.044109,23.585078,5,"0;1;9;10;11"
Root_508,114.302336,43.862838,4,"1;9;10;11"
Root_509,16.462467,28.914678,4,"0;9;10;11"
Root_510,156.183277,48.492438,3,"9;10;11"
Root_511,0.000000,9.492576,11,"0;1;2;3;4;5;6;7;8;10;11"
Root_512,61.296771,29.770336,10,"1;2;3;4;5;6;7;8;10;11"
Root_513,0.000000,14.822176,10,"0;2;3;4;5;6;7;8;10;11"
Root_514,75.642051,34.399936,9,"2;3;4;5;6;7;8;10;11"
Root_515,0.000000,10.418496,10,"0;1;3;4;5;6;7;8;10;11"
Root_516,62.286947,30.696256,9,"1;3;4;5;6;7;8;10;11"
Root_517,0.000000,15.748096,9,"0;3;4;5;6;7;8;10;11"
Root_518,76.693955,35.325856,8,"3;4;5;6;7;8;10;11"
Root_519,0.000000,11.406144,10,"0;1;2;4;5;6;7;8;10;11"
Root_520,58.274595,31.683904,9,"1;2;4;5;6;7;8;10;11"
Root_521,0.000000,16.735744,9,"0;2;4;5;6;7;8;10;11"
Root_522,79.032131,36.313504,8,"2;4;5;6;7;8;10;11"
Root_523,0.000000,12.332064,9,"0;1;4;5;6;7;8;10;11"
Root_524,59.558499,32.609824,8,"1;4;5;6;7;8;10;11"
Root_525,0.000000,17.661664,8,"0;4;5;6;7;8;10;11"
Root_526,79.335811,37.239424,7,"4;5;6;7;8;10;11"
Root_527,0.000000,11.714784,10,"0;1;2;3;5;6;7;8;10;11"
Root_528,69.132602,31.992544,9,"1;2;3;5;6;7;8;10;11"
Root_529,0.000000,17.044384,9,"0;2;3;5;6;7;8;10;11"
Root_530,88.570467,36.622144,8,"2;3;5;6;7;8;10;11"
Root_531,0.000000,12.640704,9,"0;1;3;5;6;7;8;10;11"
Root_532,70.051066,32.918464,8,"1;3;5;6;7;8;10;11"
Root_533,0.000000,17.970304,8,"0;3;5;6;7;8;10;11"
Root_534,87.948227,37.548064,7,"3;5;6;7;8;10;11"
Root_535,0.000000,13.628352,9,"0;1;2;5;6;7;8;10;11"
Root_536,68.912666,33.906112,8,"1;2;5;6;7;8;10;11"
Root_537,0.000000,18.957952,8,"0;2;5;6;7;8;10;11"
Root_538,92.022275,38.535712,7,"2;5;6;7;8;10;11"
Root_539,0.000000,14.554272,8,"0;1;5;6;7;8;10;11"
Root_540,70.458394,34.832032,7,"1;5;6;7;8;10;11"
Root_541,0.000000,19.883872,7,"0;5;6;7;8;10;11"
Root_542,92.325955,39.461632,6,"5;6;7;8;10;11"
Root_543,0.000000,11.035776,10,"0;1;2;3;4;6;7;8;10;11"
Root_544,66.368259,31.313536,9,"1;2;3;4;6;7;8;10;11"
Root_545,0.000000,16.365376,9,"0;2;3;4;6;7;8;10;11"
Root_546,83.866787,35.943136,8,"2;3;4;6;7;8;10;11"
Root_547,0.000000,11.961696,9,"0;1;3;4;6;7;8;10;11"
Root_548,67.042339,32.239456,8,"1;3;4;6;7;8;10;11"
Root_549,0.000000,17.291296,8,"0;3;4;6;7;8;10;11"
Root_550,83.375491,36.869056,7,"3;4;6;7;8;10;11"
Root_551,0.000000,12.949344,9,"0;1;2;4;6;7;8;10;11"
Root_552,64.545923,33.227104,8,"1;2;4;6;7;8;10;11"
Root_553,0.000000,18.278944,8,"0;2;4;6;7;8;10;11"
Root_554,87.256867,37.856704,7,"2;4;6;7;8;10;11"
Root_555,0.000000,13.875264,8,"0;1;4;6;7;8;10;11"
Root_556,66.770659,34.153024,7,"1;4;6;7;8;10;11"
Root_557,0.000000,19.204864,7,"0;4;6;7;8;10;11"
Root_558,87.560547,38.782624,6,"4;6;7;8;10;11"
Root_559,0.000000,13.257984,9,"0;1;2;3;6;7;8;10;11"
Root_560,75.152154,33.535744,8,"1;2;3;6;7;8;10;11"
Root_561,0.000000,18.587584,8,"0;2;3;6;7;8;10;11"
Root_562,94.943363,38.165344,7,"2;3;6;7;8;10;11"
Root_563,0.000000,14.183904,8,"0;1;3;6;7;8;10;11"
Root_564,76.142330,34.461664,7,"1;3;6;7;8;10;11"
Root_565,0.000000,19.513504,7,"0;3;6;7;8;10;11"
Root_566,94.321123,39.091264,6,"3;6;7;8;10;11"
Root_567,0.000000,15.171552,8,"0;1;2;6;7;8;10;11"
Root_568,76.628666,35.449312,7,"1;2;6;7;8;10;11"
Root_569,0.000000,20.501152,7,"0;2;6;7;8;10;11"
Root_570,98.738275,40.078912,6,"2;6;7;8;10;11"
Root_571,0.000000,16.097472,7,"0;1;6;7;8;10;11"
Root_572,76.631194,36.375232,6,"1;6;7;8;10;11"
Root_573,0.000000,21.427072,6,"0;6;7;8;10;11"
Root_574,99.041955,41.004832,5,"6;7;8;10;11"
Root_575,0.000000,11.918486,10,"0;1;2;3;4;5;7;8;10;11"
Root_576,69.736253,32.196246,9,"1;2;3;4;5;7;8;10;11"
Root_577,0.000000,17.248086,9,"0;2;3;4;5;7;8;10;11"
Root_578,89.992778,36.825846,8,"2;3;4;5;7;8;10;11"
Root_579,0.000000,12.844406,9,"0;1;3;4;5;7;8;10;11"
Root_580,70.784339,33.122166,8,"1;3;4;5;7;8;10;11"
Root_581,0.000000,18.174006,8,"0;3;4;5;7;8;10;11"
Root_582,89.370538,37.751766,7,"3;4;5;7;8;10;11"
Root_583,0.000000,13.832054,9,"0;1;2;4;5;7;8;10;11"
Root_584,69.931178,34.109814,8,"1;2;4;5;7;8;10;11"
Root_585,0.000000,19.161654,8,"0;2;4;5;7;8;10;11"
Root_586,93.448192,38.739414,7,"2;4;5;7;8;10;11"
Root_587,0.000000,14.757974,8,"0;1;4;5;7;8;10;11"
Root_588,71.273203,35.035734,7,"1;4;5;7;8;10;11"
Root_589,0.000000,20.087574,7,"0;4;5;7;8;10;11"
Root_590,93.751872,39.665334,6,"4;5;7;8;10;11"
Root_591,0.000000,14.140694,9,"0;1;2;3;5;7;8;10;11"
Root_592,80.565706,34.418454,8,"1;2;3;5;7;8;10;11"
Root_593,0.000000,19.470294,8,"0;2;3;5;7;8;10;11"
Root_594,100.860512,39.048054,7,"2;3;5;7;8;10;11"
Root_595,0.000000,15.066614,8,"0;1;3;5;7;8;10;11"
Root_596,80.673171,35.344374,7,"1;3;5;7;8;10;11"
Root_597,0.000000,20.396214,7,"0;3;5;7;8;10;11"
Root_598,100.238272,39.973974,6,"3;5;7;8;10;11"
Root_599,0.000000,16.054262,8,"0;1;2;5;7;8;10;11"
Root_600,82.042218,36.332022,7,"1;2;5;7;8;10;11"
Root_601,0.000000,21.383862,7,"0;2;5;7;8;10;11"
Root_602,105.608608,40.961622,6,"2;5;7;8;10;11"
Root_603,0.000000,16.980182,7,"0;1;5;7;8;10;11"
Root_604,81.419978,37.257942,6,"1;5;7;8;10;11"
Root_605,0.000000,22.309782,6,"0;5;7;8;10;11"
Root_606,105.912288,41.887542,5,"5;7;8;10;11"
Root_607,0.000000,13.461686,9,"0;1;2;3;4;7;8;10;11"
Root_608,76.170666,33.739446,8,"1;2;3;4;7;8;10;11"
Root_609,0.000000,18.791286,8,"0;2;3;4;7;8;10;11"
Root_610,96.165578,38.369046,7,"2;3;4;7;8;10;11"
Root_611,0.000000,14.387606,8,"0;1;3;4;7;8;10;11"
Root_612,76.957139,34.665366,7,"1;3;4;7;8;10;11"
Root_613,0.000000,19.717206,7,"0;3;4;7;8;10;11"
Root_614,95.543338,39.294966,6,"3;4;7;8;10;11"
Root_615,0.000000,15.375254,8,"0;1;2;4;7;8;10;11"
Root_616,77.647178,35.653014,7,"1;2;4;7;8;10;11"
Root_617,0.000000,20.704854,7,"0;2;4;7;8;10;11"
Root_618,100.164192,40.282614,6,"2;4;7;8;10;11"
Root_619,0.000000,16.301174,7,"0;1;4;7;8;10;11"
Root_620,77.446003,36.578934,6,"1;4;7;8;10;11"
Root_621,0.000000,21.630774,6,"0;4;7;8;10;11"
Root_622,100.467872,41.208534,5,"4;7;8;10;11"
Root_623,0.000000,15.683894,8,"0;1;2;3;7;8;10;11"
Root_624,87.228723,35.961654,7,"1;2;3;7;8;10;11"
Root_625,0.586262,21.013494,7,"0;2;3;7;8;10;11"
Root_626,105.733418,40.591254,6,"2;3;7;8;10;11"
Root_627,0.812182,16.609814,7,"0;1;3;7;8;10;11"
Root_628,85.792989,36.887574,6,"1;3;7;8;10;11"
Root_629,1.512182,21.939414,6,"0;3;7;8;10;11"
Root_630,105.111178,41.517174,5,"3;7;8;10;11"
Root_631,0.000000,17.597462,7,"0;1;2;7;8;10;11"
Root_632,88.705235,37.875222,6,"1;2;7;8;10;11"
Root_633,0.586262,22.927062,6,"0;2;7;8;10;11"
Root_634,110.111146,42.504822,5,"2;7;8;10;11"
Root_635,0.812182,18.523382,6,"0;1;7;8;10;11"
Root_636,88.082995,38.801142,5,"1;7;8;10;11"
Root_637,1.617005,23.852982,5,"0;7;8;10;11"
Root_638,110.845568,43.430742,4,"7;8;10;11"
Root_639,0.000000,12.517248,10,"0;1;2;3;4;5;6;8;10;11"
Root_640,69.252227,32.795008,9,"1;2;3;4;5;6;8;10;11"
Root_641,0.000000,17.846848,9,"0;2;3;4;5;6;8;10;11"
Root_642,91.697485,37.424608,8,"2;3;4;5;6;8;10;11"
Root_643,0.000000,13.443168,9,"0;1;3;4;5;6;8;10;11"
Root_644,70.778147,33.720928,8,"1;3;4;5;6;8;10;11"
Root_645,0.000000,18.772768,8,"0;3;4;5;6;8;10;11"
Root_646,91.075245,38.350528,7,"3;4;5;6;8;10;11"
Root_647,0.000000,14.430816,9,"0;1;2;4;5;6;8;10;11"
Root_648,70.523747,34.708576,8,"1;2;4;5;6;8;10;11"
Root_649,0.000000,19.760416,8,"0;2;4;5;6;8;10;11"
Root_650,95.828301,39.338176,7,"2;4;5;6;8;10;11"
Root_651,0.000000,15.356736,8,"0;1;4;5;6;8;10;11"
Root_652,71.267011,35.634496,7,"1;4;5;6;8;10;11"
Root_653,0.000000,20.686336,7,"0;4;5;6;8;10;11"
Root_654,96.131981,40.264096,6,"4;5;6;8;10;11"
Root_655,0.000000,14.739456,9,"0;1;2;3;5;6;8;10;11"
Root_656,81.049731,35.017216,8,"1;2;3;5;6;8;10;11"
Root_657,0.000000,20.069056,8,"0;2;3;5;6;8;10;11"
Root_658,102.650605,39.646816,7,"2;3;5;6;8;10;11"
Root_659,0.000000,15.665376,8,"0;1;3;5;6;8;10;11"
Root_660,80.558435,35.943136,7,"1;3;5;6;8;10;11"
Root_661,0.567744,20.994976,7,"0;3;5;6;8;10;11"
Root_662,102.028365,40.572736,6,"3;5;6;8;10;11"
Root_663,0.000000,16.653024,8,"0;1;2;5;6;8;10;11"
Root_664,82.526243,36.930784,7,"1;2;5;6;8;10;11"
Root_665,0.000000,21.982624,7,"0;2;5;6;8;10;11"
Root_666,107.959085,41.560384,6,"2;5;6;8;10;11"
Root_667,0.000000,17.578944,7,"0;1;5;6;8;10;11"
Root_668,81.904003,37.856704,6,"1;5;6;8;10;11"
Root_669,0.567744,22.908544,6,"0;5;6;8;10;11"
Root_670,109.188685,42.486304,5,"5;6;8;10;11"
Root_671,0.000000,14.060448,9,"0;1;2;3;4;6;8;10;11"
Root_672,76.763235,34.338208,8,"1;2;3;4;6;8;10;11"
Root_673,0.000000,19.390048,8,"0;2;3;4;6;8;10;11"
Root_674,97.576557,38.967808,7,"2;3;4;6;8;10;11"
Root_675,0.000000,14.986368,8,"0;1;3;4;6;8;10;11"
Root_676,76.950947,35.264128,7,"1;3;4;6;8;10;11"
Root_677,0.000000,20.315968,7,"0;3;4;6;8;10;11"
Root_678,96.954317,39.893728,6,"3;4;6;8;10;11"
Root_679,0.000000,15.974016,8,"0;1;2;4;6;8;10;11"
Root_680,78.239747,36.251776,7,"1;2;4;6;8;10;11"
Root_681,0.000000,21.303616,7,"0;2;4;6;8;10;11"
Root_682,101.954285,40.881376,6,"2;4;6;8;10;11"
Root_683,0.000000,16.899936,7,"0;1;4;6;8;10;11"
Root_684,77.617507,37.177696,6,"1;4;6;8;10;11"
Root_685,0.000000,22.229536,6,"0;4;6;8;10;11"
Root_686,103.065261,41.807296,5,"4;6;8;10;11"
Root_687,0.485024,16.282656,8,"0;1;2;3;6;8;10;11"
Root_688,87.222531,36.560416,7,"1;2;3;6;8;10;11"
Root_689,1.295968,21.612256,7,"0;2;3;6;8;10;11"
Root_690,107.114765,41.190016,6,"2;3;6;8;10;11"
Root_691,1.410944,17.208576,7,"0;1;3;6;8;10;11"
Root_692,85.674371,37.486336,6,"1;3;6;8;10;11"
Root_693,2.110944,22.538176,6,"0;3;6;8;10;11"
Root_694,107.418445,42.115936,5,"3;6;8;10;11"
Root_695,0.485024,18.196224,7,"0;1;2;6;8;10;11"
Root_696,88.699043,38.473984,6,"1;2;6;8;10;11"
Root_697,1.295968,23.525824,6,"0;2;6;8;10;11"
Root_698,113.509645,43.103584,5,"2;6;8;10;11"
Root_699,1.410944,19.122144,6,"0;1;6;8;10;11"
Root_700,88.076803,39.399904,5,"1;6;8;10;11"
Root_701,2.814528,24.451744,5,"0;6;8;10;11"
Root_702,115.694669,44.029504,4,"6;8;10;11"
Root_703,0.000000,14.943158,9,"0;1;2;3;4;5;8;10;11"
Root_704,82.068243,35.220918,8,"1;2;3;4;5;8;10;11"
Root_705,0.000000,20.272758,8,"0;2;3;4;5;8;10;11"
Root_706,104.280224,39.850518,7,"2;3;4;5;8;10;11"
Root_707,0.071446,15.869078,8,"0;1;3;4;5;8;10;11"
Root_708,81.373245,36.146838,7,"1;3;4;5;8;10;11"
Root_709,0.771446,21.198678,7,"0;3;4;5;8;10;11"
Root_710,103.657984,40.776438,6,"3;4;5;8;10;11"
Root_711,0.000000,16.856726,8,"0;1;2;4;5;8;10;11"
Root_712,83.548362,37.134486,7,"1;2;4;5;8;10;11"
Root_713,0.000000,22.186326,7,"0;2;4;5;8;10;11"
Root_714,109.792406,41.764086,6,"2;4;5;8;10;11"
Root_715,0.071446,17.782646,7,"0;1;4;5;8;10;11"
Root_716,82.926122,38.060406,6,"1;4;5;8;10;11"
Root_717,0.771446,23.112246,6,"0;4;5;8;10;11"
Root_718,111.022006,42.690006,5,"4;5;8;10;11"
Root_719,1.661389,17.165366,8,"0;1;2;3;5;8;10;11"
Root_720,92.195242,37.443126,7,"1;2;3;5;8;10;11"
Root_721,2.993654,22.494966,7,"0;2;3;5;8;10;11"
Root_722,114.497440,42.072726,6,"2;3;5;8;10;11"
Root_723,2.293654,18.091286,7,"0;1;3;5;8;10;11"
Root_724,90.647082,38.369046,6,"1;3;5;8;10;11"
Root_725,3.357709,23.420886,6,"0;3;5;8;10;11"
Root_726,114.801120,42.998646,5,"3;5;8;10;11"
Root_727,1.661389,19.078934,7,"0;1;2;5;8;10;11"
Root_728,94.412490,39.356694,6,"1;2;5;8;10;11"
Root_729,3.654029,24.408534,6,"0;2;5;8;10;11"
Root_730,121.159104,43.986294,5,"2;5;8;10;11"
Root_731,2.293654,20.004854,6,"0;1;5;8;10;11"
Root_732,93.790250,40.282614,5,"1;5;8;10;11"
Root_733,4.944003,25.334454,5,"0;5;8;10;11"
Root_734,124.213133,44.912214,4,"5;8;10;11"
Root_735,0.688726,16.486358,8,"0;1;2;3;4;8;10;11"
Root_736,88.241043,36.764118,7,"1;2;3;4;8;10;11"
Root_737,1.703373,21.815958,7,"0;2;3;4;8;10;11"
Root_738,108.744384,41.393718,6,"2;3;4;8;10;11"
Root_739,1.614646,17.412278,7,"0;1;3;4;8;10;11"
Root_740,86.692883,37.690038,6,"1;3;4;8;10;11"
Root_741,2.314646,22.741878,6,"0;3;4;8;10;11"
Root_742,109.048064,42.319638,5,"3;4;8;10;11"
Root_743,0.688726,18.399926,7,"0;1;2;4;8;10;11"
Root_744,89.717555,38.677686,6,"1;2;4;8;10;11"
Root_745,1.703373,23.729526,6,"0;2;4;8;10;11"
Root_746,115.342966,43.307286,5,"2;4;8;10;11"
Root_747,1.614646,19.325846,6,"0;1;4;8;10;11"
Root_748,89.095315,39.603606,5,"1;4;8;10;11"
Root_749,3.221933,24.655446,5,"0;4;8;10;11"
Root_750,117.731693,44.233206,4,"4;8;10;11"
Root_751,4.118189,18.708566,7,"0;1;2;3;8;10;11"
Root_752,96.512595,38.986326,6,"1;2;3;8;10;11"
Root_753,5.808195,24.038166,6,"0;2;3;8;10;11"
Root_754,118.504800,43.615926,5,"2;3;8;10;11"
Root_755,5.044109,19.634486,6,"0;1;3;8;10;11"
Root_756,94.964435,39.912246,5,"1;3;8;10;11"
Root_757,7.789530,24.964086,5,"0;3;8;10;11"
Root_758,120.818093,44.541846,4,"3;8;10;11"
Root_759,4.118189,20.622134,6,"0;1;2;8;10;11"
Root_760,98.976755,40.899894,5,"1;2;8;10;11"
Root_761,7.721763,25.951734,5,"0;2;8;10;11"
Root_762,129.768653,45.529494,4,"2;8;10;11"
Root_763,5.473603,21.548054,5,"0;1;8;10;11"
Root_764,99.180330,41.825814,4,"1;8;10;11"
Root_765,9.573603,26.877654,4,"0;8;10;11"
Root_766,133.776013,46.455414,3,"8;10;11"
Root_767,0.000000,14.122176,10,"0;1;2;3;4;5;6;7;10;11"
Root_768,76.242115,34.399936,9,"1;2;3;4;5;6;7;10;11"
Root_769,0.000000,19.451776,9,"0;2;3;4;5;6;7;10;11"
Root_770,105.159021,39.029536,8,"2;3;4;5;6;7;10;11"
Root_771,0.000000,15.048096,9,"0;1;3;4;5;6;7;10;11"
Root_772,76.693955,35.325856,8,"1;3;4;5;6;7;10;11"
Root_773,0.000000,20.377696,8,"0;3;4;5;6;7;10;11"
Root_774,105.462701,39.955456,7,"3;4;5;6;7;10;11"
Root_775,0.000000,16.035744,9,"0;1;2;4;5;6;7;10;11"
Root_776,79.032131,36.313504,8,"1;2;4;5;6;7;10;11"
Root_777,0.000000,21.365344,8,"0;2;4;5;6;7;10;11"
Root_778,111.820685,40.943104,7,"2;4;5;6;7;10;11"
Root_779,0.000000,16.961664,8,"0;1;4;5;6;7;10;11"
Root_780,79.335811,37.239424,7,"1;4;5;6;7;10;11"
Root_781,0.000000,22.291264,7,"0;4;5;6;7;10;11"
Root_782,113.050285,41.869024,6,"4;5;6;7;10;11"
Root_783,0.000000,16.344384,9,"0;1;2;3;5;6;7;10;11"
Root_784,88.570467,36.622144,8,"1;2;3;5;6;7;10;11"
Root_785,0.000000,21.673984,8,"0;2;3;5;6;7;10;11"
Root_786,117.346701,41.251744,7,"2;3;5;6;7;10;11"
Root_787,0.000000,17.270304,8,"0;1;3;5;6;7;10;11"
Root_788,87.948227,37.548064,7,"1;3;5;6;7;10;11"
Root_789,0.000000,22.599904,7,"0;3;5;6;7;10;11"
Root_790,117.650381,42.177664,6,"3;5;6;7;10;11"
Root_791,0.000000,18.257952,8,"0;1;2;5;6;7;10;11"
Root_792,92.022275,38.535712,7,"1;2;5;6;7;10;11"
Root_793,0.000000,23.587552,7,"0;2;5;6;7;10;11"
Root_794,124.008365,43.165312,6,"2;5;6;7;10;11"
Root_795,0.000000,19.183872,7,"0;1;5;6;7;10;11"
Root_796,92.325955,39.461632,6,"1;5;6;7;10;11"
Root_797,0.765312,24.513472,6,"0;5;6;7;10;11"
Root_798,125.329197,44.091232,5,"5;6;7;10;11"
Root_799,0.000000,15.665376,9,"0;1;2;3;4;6;7;10;11"
Root_800,83.866787,35.943136,8,"1;2;3;4;6;7;10;11"
Root_801,0.000000,20.994976,8,"0;2;3;4;6;7;10;11"
Root_802,111.593645,40.572736,7,"2;3;4;6;7;10;11"
Root_803,0.000000,16.591296,8,"0;1;3;4;6;7;10;11"
Root_804,83.375491,36.869056,7,"1;3;4;6;7;10;11"
Root_805,0.000000,21.920896,7,"0;3;4;6;7;10;11"
Root_806,111.897325,41.498656,6,"3;4;6;7;10;11"
Root_807,0.000000,17.578944,8,"0;1;2;4;6;7;10;11"
Root_808,87.256867,37.856704,7,"1;2;4;6;7;10;11"
Root_809,0.000000,22.908544,7,"0;2;4;6;7;10;11"
Root_810,117.884941,42.486304,6,"2;4;6;7;10;11"
Root_811,0.000000,18.504864,7,"0;1;4;6;7;10;11"
Root_812,87.560547,38.782624,6,"1;4;6;7;10;11"
Root_813,0.086304,23.834464,6,"0;4;6;7;10;11"
Root_814,119.526765,43.412224,5,"4;6;7;10;11"
Root_815,0.000000,17.887584,8,"0;1;2;3;6;7;10;11"
Root_816,94.943363,38.165344,7,"1;2;3;6;7;10;11"
Root_817,0.160352,23.217184,7,"0;2;3;6;7;10;11"
Root_818,121.559117,42.794944,6,"2;3;6;7;10;11"
Root_819,0.386272,18.813504,7,"0;1;3;6;7;10;11"
Root_820,94.321123,39.091264,6,"1;3;6;7;10;11"
Root_821,1.481216,24.143104,6,"0;3;6;7;10;11"
Root_822,122.583661,43.720864,5,"3;6;7;10;11"
Root_823,0.000000,19.801152,7,"0;1;2;6;7;10;11"
Root_824,98.738275,40.078912,6,"1;2;6;7;10;11"
Root_825,1.542944,25.130752,6,"0;2;6;7;10;11"
Root_826,130.267437,44.708512,5,"2;6;7;10;11"
Root_827,0.386272,20.727072,6,"0;1;6;7;10;11"
Root_828,99.041955,41.004832,5,"1;6;7;10;11"
Root_829,3.394784,26.056672,5,"0;6;7;10;11"
Root_830,133.348877,45.634432,4,"6;7;10;11"
Root_831,0.000000,16.548086,9,"0;1;2;3;4;5;7;10;11"
Root_832,89.992778,36.825846,8,"1;2;3;4;5;7;10;11"
Root_833,0.000000,21.877686,8,"0;2;3;4;5;7;10;11"
Root_834,119.180022,41.455446,7,"2;3;4;5;7;10;11"
Root_835,0.000000,17.474006,8,"0;1;3;4;5;7;10;11"
Root_836,89.370538,37.751766,7,"1;3;4;5;7;10;11"
Root_837,0.000000,22.803606,7,"0;3;4;5;7;10;11"
Root_838,119.483702,42.381366,6,"3;4;5;7;10;11"
Root_839,0.000000,18.461654,8,"0;1;2;4;5;7;10;11"
Root_840,93.448192,38.739414,7,"1;2;4;5;7;10;11"
Root_841,0.043094,23.791254,7,"0;2;4;5;7;10;11"
Root_842,125.841686,43.369014,6,"2;4;5;7;10;11"
Root_843,0.000000,19.387574,7,"0;1;4;5;7;10;11"
Root_844,93.751872,39.665334,6,"1;4;5;7;10;11"
Root_845,0.969014,24.717174,6,"0;4;5;7;10;11"
Root_846,127.366221,44.294934,5,"4;5;7;10;11"
Root_847,0.343062,18.770294,8,"0;1;2;3;5;7;10;11"
Root_848,100.860512,39.048054,7,"1;2;3;5;7;10;11"
Root_849,1.394797,24.099894,7,"0;2;3;5;7;10;11"
Root_850,128.941792,43.677654,6,"2;3;5;7;10;11"
Root_851,1.268982,19.696214,7,"0;1;3;5;7;10;11"
Root_852,100.238272,39.973974,6,"1;3;5;7;10;11"
Root_853,3.437859,25.025814,6,"0;3;5;7;10;11"
Root_854,130.452621,44.603574,5,"3;5;7;10;11"
Root_855,0.343062,20.683862,7,"0;1;2;5;7;10;11"
Root_856,105.608608,40.961622,6,"1;2;5;7;10;11"
Root_857,3.308365,26.013462,6,"0;2;5;7;10;11"
Root_858,138.785901,45.591222,5,"2;5;7;10;11"
Root_859,1.760205,21.609782,6,"0;1;5;7;10;11"
Root_860,105.912288,41.887542,5,"1;5;7;10;11"
Root_861,5.160205,26.939382,5,"0;5;7;10;11"
Root_862,141.867341,46.517142,4,"5;7;10;11"
Root_863,0.000000,18.091286,8,"0;1;2;3;4;7;10;11"
Root_864,96.165578,38.369046,7,"1;2;3;4;7;10;11"
Root_865,0.364054,23.420886,7,"0;2;3;4;7;10;11"
Root_866,123.188736,42.998646,6,"2;3;4;7;10;11"
Root_867,0.589974,19.017206,7,"0;1;3;4;7;10;11"
Root_868,95.543338,39.294966,6,"1;3;4;7;10;11"
Root_869,1.888621,24.346806,6,"0;3;4;7;10;11"
Root_870,124.416982,43.924566,5,"3;4;7;10;11"
Root_871,0.000000,20.004854,7,"0;1;2;4;7;10;11"
Root_872,100.164192,40.282614,6,"1;2;4;7;10;11"
Root_873,1.950349,25.334454,6,"0;2;4;7;10;11"
Root_874,132.304461,44.912214,5,"2;4;7;10;11"
Root_875,0.589974,20.930774,6,"0;1;4;7;10;11"
Root_876,100.467872,41.208534,5,"1;4;7;10;11"
Root_877,3.802189,26.260374,5,"0;4;7;10;11"
Root_878,135.385901,45.838134,4,"4;7;10;11"
Root_879,1.994765,20.313494,7,"0;1;2;3;7;10;11"
Root_880,105.733418,40.591254,6,"1;2;3;7;10;11"
Root_881,5.289699,25.643094,6,"0;2;3;7;10;11"
Root_882,135.390861,45.220854,5,"2;3;7;10;11"
Root_883,3.967459,21.239414,6,"0;1;3;7;10;11"
Root_884,105.111178,41.517174,5,"1;3;7;10;11"
Root_885,8.067459,26.569014,5,"0;3;7;10;11"
Root_886,138.472301,46.146774,4,"3;7;10;11"
Root_887,2.994765,22.227062,6,"0;1;2;7;10;11"
Root_888,110.111146,42.504822,5,"1;2;7;10;11"
Root_889,6.394765,27.556662,5,"0;2;7;10;11"
Root_890,147.422861,47.134422,4,"2;7;10;11"
Root_891,4.812182,23.152982,5,"0;1;7;10;11"
Root_892,110.845568,43.430742,4,"1;7;10;11"
Root_893,8.246605,28.482582,4,"0;7;10;11"
Root_894,151.430221,48.060342,3,"7;10;11"
Root_895,0.000000,17.146848,9,"0;1;2;3;4;5;6;10;11"
Root_896,91.697485,37.424608,8,"1;2;3;4;5;6;10;11"
Root_897,0.000000,22.476448,8,"0;2;3;4;5;6;10;11"
Root_898,123.221846,42.054208,7,"2;3;4;5;6;10;11"
Root_899,0.000000,18.072768,8,"0;1;3;4;5;6;10;11"
Root_900,91.075245,38.350528,7,"1;3;4;5;6;10;11"
Root_901,0.345536,23.402368,7,"0;3;4;5;6;10;11"
Root_902,124.451446,42.980128,6,"3;4;5;6;10;11"
Root_903,0.000000,19.060416,8,"0;1;2;4;5;6;10;11"
Root_904,95.828301,39.338176,7,"1;2;4;5;6;10;11"
Root_905,0.641856,24.390016,7,"0;2;4;5;6;10;11"
Root_906,131.797078,43.967776,6,"2;4;5;6;10;11"
Root_907,0.000000,19.986336,7,"0;1;4;5;6;10;11"
Root_908,96.131981,40.264096,6,"1;4;5;6;10;11"
Root_909,1.913312,25.315936,6,"0;4;5;6;10;11"
Root_910,133.952598,44.893696,5,"4;5;6;10;11"
Root_911,0.941824,19.369056,8,"0;1;2;3;5;6;10;11"
Root_912,102.650605,39.646816,7,"1;2;3;5;6;10;11"
Root_913,2.592320,24.698656,7,"0;2;3;5;6;10;11"
Root_914,134.883478,44.276416,6,"2;3;5;6;10;11"
Root_915,1.957728,20.294976,7,"0;1;3;5;6;10;11"
Root_916,102.028365,40.572736,6,"1;3;5;6;10;11"
Root_917,5.234144,25.624576,6,"0;3;5;6;10;11"
Root_918,137.038998,45.202336,5,"3;5;6;10;11"
Root_919,1.105888,21.282624,7,"0;1;2;5;6;10;11"
Root_920,107.959085,41.560384,6,"1;2;5;6;10;11"
Root_921,4.505888,26.612224,6,"0;2;5;6;10;11"
Root_922,145.372278,46.189984,5,"2;5;6;10;11"
Root_923,2.957728,22.208544,6,"0;1;5;6;10;11"
Root_924,109.188685,42.486304,5,"1;5;6;10;11"
Root_925,6.357728,27.538144,5,"0;5;6;10;11"
Root_926,148.453718,47.115904,4,"5;6;10;11"
Root_927,0.262816,18.690048,8,"0;1;2;3;4;6;10;11"
Root_928,97.576557,38.967808,7,"1;2;3;4;6;10;11"
Root_929,1.234304,24.019648,7,"0;2;3;4;6;10;11"
Root_930,128.772406,43.597408,6,"2;3;4;6;10;11"
Root_931,1.188736,19.615968,7,"0;1;3;4;6;10;11"
Root_932,96.954317,39.893728,6,"1;3;4;6;10;11"
Root_933,3.197120,24.945568,6,"0;3;4;6;10;11"
Root_934,130.927926,44.523328,5,"3;4;6;10;11"
Root_935,0.262816,20.603616,7,"0;1;2;4;6;10;11"
Root_936,101.954285,40.881376,6,"1;2;4;6;10;11"
Root_937,3.147872,25.933216,6,"0;2;4;6;10;11"
Root_938,138.890838,45.510976,5,"2;4;6;10;11"
Root_939,1.599712,21.529536,6,"0;1;4;6;10;11"
Root_940,103.065261,41.807296,5,"1;4;6;10;11"
Root_941,4.999712,26.859136,5,"0;4;6;10;11"
Root_942,141.972278,46.436896,4,"4;6;10;11"
Root_943,3.192288,20.912256,7,"0;1;2;3;6;10;11"
Root_944,107.114765,41.190016,6,"1;2;3;6;10;11"
Root_945,7.196928,26.241856,6,"0;2;3;6;10;11"
Root_946,141.977238,45.819616,5,"2;3;6;10;11"
Root_947,5.410944,21.838176,6,"0;1;3;6;10;11"
Root_948,107.418445,42.115936,5,"1;3;6;10;11"
Root_949,9.863744,27.167776,5,"0;3;6;10;11"
Root_950,145.058678,46.745536,4,"3;6;10;11"
Root_951,4.192288,22.825824,6,"0;1;2;6;10;11"
Root_952,113.509645,43.103584,5,"1;2;6;10;11"
Root_953,7.703232,28.155424,5,"0;2;6;10;11"
Root_954,154.009238,47.733184,4,"2;6;10;11"
Root_955,5.414528,23.751744,5,"0;1;6;10;11"
Root_956,115.694669,44.029504,4,"1;6;10;11"
Root_957,9.444128,29.081344,4,"0;6;10;11"
Root_958,158.016598,48.659104,3,"6;10;11"
Root_959,1.145526,19.572758,8,"0;1;2;3;4;5;10;11"
Root_960,104.280224,39.850518,7,"1;2;3;4;5;10;11"
Root_961,3.067491,24.902358,7,"0;2;3;4;5;10;11"
Root_962,137.124205,44.480118,6,"2;3;4;5;10;11"
Root_963,2.365133,20.498678,7,"0;1;3;4;5;10;11"
Root_964,103.657984,40.776438,6,"1;3;4;5;10;11"
Root_965,5.845251,25.828278,6,"0;3;4;5;10;11"
Root_966,139.279725,45.406038,5,"3;4;5;10;11"
Root_967,1.513293,21.486326,7,"0;1;2;4;5;10;11"
Root_968,109.792406,41.764086,6,"1;2;4;5;10;11"
Root_969,4.913293,26.815926,6,"0;2;4;5;10;11"
Root_970,147.613005,46.393686,5,"2;4;5;10;11"
Root_971,3.365133,22.412246,6,"0;1;4;5;10;11"
Root_972,111.022006,42.690006,5,"1;4;5;10;11"
Root_973,6.765133,27.741846,5,"0;4;5;10;11"
Root_974,150.694445,47.319606,4,"4;5;10;11"
Root_975,5.661389,21.794966,7,"0;1;2;3;5;10;11"
Root_976,114.497440,42.072726,6,"1;2;3;5;10;11"
Root_977,10.660035,27.124566,6,"0;2;3;5;10;11"
Root_978,151.008045,46.702326,5,"2;3;5;10;11"
Root_979,6.293654,22.720886,6,"0;1;3;5;10;11"
Root_980,114.801120,42.998646,5,"1;3;5;10;11"
Root_981,12.511875,28.050486,5,"0;3;5;10;11"
Root_982,154.089485,47.628246,4,"3;5;10;11"
Root_983,5.661389,23.708534,6,"0;1;2;5;10;11"
Root_984,121.159104,43.986294,5,"1;2;5;10;11"
Root_985,10.283629,29.038134,5,"0;2;5;10;11"
Root_986,163.410413,48.615894,4,"2;5;10;11"
Root_987,7.179949,24.634454,5,"0;1;5;10;11"
Root_988,124.213133,44.912214,4,"1;5;10;11"
Root_989,11.209549,29.964054,4,"0;5;10;11"
Root_990,167.417773,49.541814,3,"5;10;11"
Root_991,3.599693,21.115958,7,"0;1;2;3;4;10;11"
Root_992,108.744384,41.393718,6,"1;2;3;4;10;11"
Root_993,8.011738,26.445558,6,"0;2;3;4;10;11"
Root_994,144.217965,46.023318,5,"2;3;4;10;11"
Root_995,5.614646,22.041878,6,"0;1;3;4;10;11"
Root_996,109.048064,42.319638,5,"1;3;4;10;11"
Root_997,10.474851,27.371478,5,"0;3;4;10;11"
Root_998,147.299405,46.949238,4,"3;4;10;11"
Root_999,4.599693,23.029526,6,"0;1;2;4;10;11"
Root_1000,115.342966,43.307286,5,"1;2;4;10;11"
Root_1001,8.314339,28.359126,5,"0;2;4;10;11"
Root_1002,156.249965,47.936886,4,"2;4;10;11"
Root_1003,5.821933,23.955446,5,"0;1;4;10;11"
Root_1004,117.731693,44.233206,4,"1;4;10;11"
Root_1005,9.851533,29.285046,4,"0;4;10;11"
Root_1006,160.257325,48.862806,3,"4;10;11"
Root_1007,8.118189,23.338166,6,"0;1;2;3;10;11"
Root_1008,118.504800,43.615926,5,"1;2;3;10;11"
Root_1009,15.289635,28.667766,5,"0;2;3;10;11"
Root_1010,159.645005,48.245526,4,"2;3;10;11"
Root_1011,9.560035,24.264086,5,"0;1;3;10;11"
Root_1012,120.818093,44.541846,4,"1;3;10;11"
Root_1013,17.141475,29.593686,4,"0;3;10;11"
Root_1014,163.652365,49.171446,3,"3;10;11"
Root_1015,9.621763,25.251734,5,"0;1;2;10;11"
Root_1016,129.768653,45.529494,4,"1;2;10;11"
Root_1017,13.370029,30.581334,4,"0;2;10;11"
Root_1018,173.590573,50.159094,3,"2;10;11"
Root_1019,11.473603,26.177654,4,"0;1;10;11"
Root_1020,133.776013,46.455414,3,"1;10;11"
Root_1021,14.803203,31.507254,3,"0;10;11"
Root_1022,178.523853,51.085014,2,"10;11"
Root_1023,0.000000,4.325920,11,"0;1;2;3;4;5;6;7;8;9;11"
Root_1024,71.190618,28.103680,10,"1;2;3;4;5;6;7;8;9;11"
Root_1025,0.000000,13.155520,10,"0;2;3;4;5;6;7;8;9;11"
Root_1026,81.306330,32.733280,9,"2;3;4;5;6;7;8;9;11"
Root_1027,0.000000,5.951840,10,"0;1;3;4;5;6;7;8;9;11"
Root_1028,73.042458,29.029600,9,"1;3;4;5;6;7;8;9;11"
Root_1029,0.000000,14.081440,9,"0;3;4;5;6;7;8;9;11"
Root_1030,82.132250,33.659200,8,"3;4;5;6;7;8;9;11"
Root_1031,0.000000,9.739488,10,"0;1;2;4;5;6;7;8;9;11"
Root_1032,69.135098,30.017248,9,"1;2;4;5;6;7;8;9;11"
Root_1033,0.000000,15.069088,9,"0;2;4;5;6;7;8;9;11"
Root_1034,81.816122,34.646848,8,"2;4;5;6;7;8;9;11"
Root_1035,0.000000,10.665408,9,"0;1;4;5;6;7;8;9;11"
Root_1036,70.061018,30.943168,8,"1;4;5;6;7;8;9;11"
Root_1037,0.000000,15.995008,8,"0;4;5;6;7;8;9;11"
Root_1038,81.921114,35.572768,7,"4;5;6;7;8;9;11"
Root_1039,0.000000,8.648128,10,"0;1;2;3;5;6;7;8;9;11"
Root_1040,79.239802,30.325888,9,"1;2;3;5;6;7;8;9;11"
Root_1041,0.000000,15.377728,9,"0;2;3;5;6;7;8;9;11"
Root_1042,92.712474,34.955488,8,"2;3;5;6;7;8;9;11"
Root_1043,0.000000,9.574048,9,"0;1;3;5;6;7;8;9;11"
Root_1044,79.962074,31.251808,8,"1;3;5;6;7;8;9;11"
Root_1045,0.000000,16.303648,8,"0;3;5;6;7;8;9;11"
Root_1046,91.582906,35.881408,7,"3;5;6;7;8;9;11"
Root_1047,0.000000,11.961696,9,"0;1;2;5;6;7;8;9;11"
Root_1048,75.263258,32.239456,8,"1;2;5;6;7;8;9;11"
Root_1049,0.000000,17.291296,8,"0;2;5;6;7;8;9;11"
Root_1050,93.550714,36.869056,7,"2;5;6;7;8;9;11"
Root_1051,0.000000,12.887616,8,"0;1;5;6;7;8;9;11"
Root_1052,76.089178,33.165376,7,"1;5;6;7;8;9;11"
Root_1053,0.000000,18.217216,7,"0;5;6;7;8;9;11"
Root_1054,92.228474,37.794976,6,"5;6;7;8;9;11"
Root_1055,0.000000,7.269120,10,"0;1;2;3;4;6;7;8;9;11"
Root_1056,76.746138,29.646880,9,"1;2;3;4;6;7;8;9;11"
Root_1057,0.000000,14.698720,9,"0;2;3;4;6;7;8;9;11"
Root_1058,88.687802,34.276480,8,"2;3;4;6;7;8;9;11"
Root_1059,0.000000,8.195040,9,"0;1;3;4;6;7;8;9;11"
Root_1060,77.672058,30.572800,8,"1;3;4;6;7;8;9;11"
Root_1061,0.000000,15.624640,8,"0;3;4;6;7;8;9;11"
Root_1062,88.237242,35.202400,7,"3;4;6;7;8;9;11"
Root_1063,0.000000,11.282688,9,"0;1;2;4;6;7;8;9;11"
Root_1064,73.147418,31.560448,8,"1;2;4;6;7;8;9;11"
Root_1065,0.000000,16.612288,8,"0;2;4;6;7;8;9;11"
Root_1066,89.464314,36.190048,7,"2;4;6;7;8;9;11"
Root_1067,0.000000,12.208608,8,"0;1;4;6;7;8;9;11"
Root_1068,73.633786,32.486368,7,"1;4;6;7;8;9;11"
Root_1069,0.000000,17.538208,7,"0;4;6;7;8;9;11"
Root_1070,88.142074,37.115968,6,"4;6;7;8;9;11"
Root_1071,0.000000,10.191328,9,"0;1;2;3;6;7;8;9;11"
Root_1072,84.338682,31.869088,8,"1;2;3;6;7;8;9;11"
Root_1073,0.000000,16.920928,8,"0;2;3;6;7;8;9;11"
Root_1074,98.508826,36.498688,7,"2;3;6;7;8;9;11"
Root_1075,0.000000,11.117248,8,"0;1;3;6;7;8;9;11"
Root_1076,84.338682,32.795008,7,"1;3;6;7;8;9;11"
Root_1077,0.712192,17.846848,7,"0;3;6;7;8;9;11"
Root_1078,96.260666,37.424608,6,"3;6;7;8;9;11"
Root_1079,0.000000,13.504896,8,"0;1;2;6;7;8;9;11"
Root_1080,81.965722,33.782656,7,"1;2;6;7;8;9;11"
Root_1081,0.000000,18.834496,7,"0;2;6;7;8;9;11"
Root_1082,99.285338,38.412256,6,"2;6;7;8;9;11"
Root_1083,0.012192,14.430816,7,"0;1;6;7;8;9;11"
Root_1084,82.008986,34.708576,6,"1;6;7;8;9;11"
Root_1085,0.712192,19.760416,6,"0;6;7;8;9;11"
Root_1086,97.963098,39.338176,5,"6;7;8;9;11"
Root_1087,0.000000,8.151830,10,"0;1;2;3;4;5;7;8;9;11"
Root_1088,80.258314,30.529590,9,"1;2;3;4;5;7;8;9;11"
Root_1089,0.000000,15.581430,9,"0;2;3;4;5;7;8;9;11"
Root_1090,93.934688,35.159190,8,"2;3;4;5;7;8;9;11"
Root_1091,0.000000,9.077750,9,"0;1;3;4;5;7;8;9;11"
Root_1092,80.776883,31.455510,8,"1;3;4;5;7;8;9;11"
Root_1093,0.000000,16.507350,8,"0;3;4;5;7;8;9;11"
Root_1094,92.601418,36.085110,7,"3;4;5;7;8;9;11"
Root_1095,0.000000,12.165398,9,"0;1;2;4;5;7;8;9;11"
Root_1096,76.281770,32.443158,8,"1;2;4;5;7;8;9;11"
Root_1097,0.000000,17.494998,8,"0;2;4;5;7;8;9;11"
Root_1098,94.772928,37.072758,7,"2;4;5;7;8;9;11"
Root_1099,0.000000,13.091318,8,"0;1;4;5;7;8;9;11"
Root_1100,77.107690,33.369078,7,"1;4;5;7;8;9;11"
Root_1101,0.000000,18.420918,7,"0;4;5;7;8;9;11"
Root_1102,93.450688,37.998678,6,"4;5;7;8;9;11"
Root_1103,0.000000,11.074038,9,"0;1;2;3;5;7;8;9;11"
Root_1104,87.715155,32.751798,8,"1;2;3;5;7;8;9;11"
Root_1105,0.668982,17.803638,8,"0;2;3;5;7;8;9;11"
Root_1106,103.243370,37.381398,7,"2;3;5;7;8;9;11"
Root_1107,0.000000,11.999958,8,"0;1;3;5;7;8;9;11"
Root_1108,87.615155,33.677718,7,"1;3;5;7;8;9;11"
Root_1109,1.594902,18.729558,7,"0;3;5;7;8;9;11"
Root_1110,100.995210,38.307318,6,"3;5;7;8;9;11"
Root_1111,0.000000,14.387606,8,"0;1;2;5;7;8;9;11"
Root_1112,86.329898,34.665366,7,"1;2;5;7;8;9;11"
Root_1113,0.668982,19.717206,7,"0;2;5;7;8;9;11"
Root_1114,104.390250,39.294966,6,"2;5;7;8;9;11"
Root_1115,0.894902,15.313526,7,"0;1;5;7;8;9;11"
Root_1116,85.490451,35.591286,6,"1;5;7;8;9;11"
Root_1117,1.594902,20.643126,6,"0;5;7;8;9;11"
Root_1118,103.068010,40.220886,5,"5;7;8;9;11"
Root_1119,0.000000,9.695030,9,"0;1;2;3;4;7;8;9;11"
Root_1120,85.048499,32.072790,8,"1;2;3;4;7;8;9;11"
Root_1121,0.000000,17.124630,8,"0;2;3;4;7;8;9;11"
Root_1122,99.527338,36.702390,7,"2;3;4;7;8;9;11"
Root_1123,0.000000,10.620950,8,"0;1;3;4;7;8;9;11"
Root_1124,84.949789,32.998710,7,"1;3;4;7;8;9;11"
Root_1125,0.915894,18.050550,7,"0;3;4;7;8;9;11"
Root_1126,97.279178,37.628310,6,"3;4;7;8;9;11"
Root_1127,0.000000,13.708598,8,"0;1;2;4;7;8;9;11"
Root_1128,82.984234,33.986358,7,"1;2;4;7;8;9;11"
Root_1129,0.000000,19.038198,7,"0;2;4;7;8;9;11"
Root_1130,100.303850,38.615958,6,"2;4;7;8;9;11"
Root_1131,0.215894,14.634518,7,"0;1;4;7;8;9;11"
Root_1132,82.823795,34.912278,6,"1;4;7;8;9;11"
Root_1133,0.915894,19.964118,6,"0;4;7;8;9;11"
Root_1134,98.981610,39.541878,5,"4;7;8;9;11"
Root_1135,0.112182,12.617238,8,"0;1;2;3;7;8;9;11"
Root_1136,93.553427,34.294998,7,"1;2;3;7;8;9;11"
Root_1137,3.300877,19.346838,7,"0;2;3;7;8;9;11"
Root_1138,106.922451,38.924598,6,"2;3;7;8;9;11"
Root_1139,1.038102,13.543158,7,"0;1;3;7;8;9;11"
Root_1140,92.158429,35.220918,6,"1;3;7;8;9;11"
Root_1141,3.809379,20.272758,6,"0;3;7;8;9;11"
Root_1142,104.674291,39.850518,5,"3;7;8;9;11"
Root_1143,1.950285,15.930806,7,"0;1;2;7;8;9;11"
Root_1144,92.416371,36.208566,6,"1;2;7;8;9;11"
Root_1145,3.300877,21.260406,6,"0;2;7;8;9;11"
Root_1146,107.698963,40.838166,5,"2;7;8;9;11"
Root_1147,2.438102,16.856726,6,"0;1;7;8;9;11"
Root_1148,90.168211,37.134486,5,"1;7;8;9;11"
Root_1149,3.809379,22.186326,5,"0;7;8;9;11"
Root_1150,106.376723,41.764086,4,"7;8;9;11"
Root_1151,0.000000,10.850592,10,"0;1;2;3;4;5;6;8;9;11"
Root_1152,80.770691,31.128352,9,"1;2;3;4;5;6;8;9;11"
Root_1153,0.000000,16.180192,9,"0;2;3;4;5;6;8;9;11"
Root_1154,95.558115,35.757952,8,"2;3;4;5;6;8;9;11"
Root_1155,0.000000,11.776512,9,"0;1;3;4;5;6;8;9;11"
Root_1156,80.770691,32.054272,8,"1;3;4;5;6;8;9;11"
Root_1157,0.000000,17.106112,8,"0;3;4;5;6;8;9;11"
Root_1158,93.626083,36.683872,7,"3;4;5;6;8;9;11"
Root_1159,0.000000,12.764160,9,"0;1;2;4;5;6;8;9;11"
Root_1160,76.916259,33.041920,8,"1;2;4;5;6;8;9;11"
Root_1161,0.000000,18.093760,8,"0;2;4;5;6;8;9;11"
Root_1162,96.396355,37.671520,7,"2;4;5;6;8;9;11"
Root_1163,0.000000,13.690080,8,"0;1;4;5;6;8;9;11"
Root_1164,77.700259,33.967840,7,"1;4;5;6;8;9;11"
Root_1165,0.000000,19.019680,7,"0;4;5;6;8;9;11"
Root_1166,95.074115,38.597440,6,"4;5;6;8;9;11"
Root_1167,0.567744,13.072800,9,"0;1;2;3;5;6;8;9;11"
Root_1168,87.892858,33.350560,8,"1;2;3;5;6;8;9;11"
Root_1169,1.461408,18.402400,8,"0;2;3;5;6;8;9;11"
Root_1170,104.268035,37.980160,7,"2;3;5;6;8;9;11"
Root_1171,1.493664,13.998720,8,"0;1;3;5;6;8;9;11"
Root_1172,87.442298,34.276480,7,"1;3;5;6;8;9;11"
Root_1173,2.193664,19.328320,7,"0;3;5;6;8;9;11"
Root_1174,102.019875,38.906080,6,"3;5;6;8;9;11"
Root_1175,0.567744,14.986368,8,"0;1;2;5;6;8;9;11"
Root_1176,86.755802,35.264128,7,"1;2;5;6;8;9;11"
Root_1177,1.461408,20.315968,7,"0;2;5;6;8;9;11"
Root_1178,105.414915,39.893728,6,"2;5;6;8;9;11"
Root_1179,1.493664,15.912288,7,"0;1;5;6;8;9;11"
Root_1180,85.317594,36.190048,6,"1;5;6;8;9;11"
Root_1181,2.193664,21.241888,6,"0;5;6;8;9;11"
Root_1182,104.092675,40.819648,5,"5;6;8;9;11"
Root_1183,0.000000,12.393792,9,"0;1;2;3;4;6;8;9;11"
Root_1184,84.820186,32.671552,8,"1;2;3;4;6;8;9;11"
Root_1185,0.588736,17.723392,8,"0;2;3;4;6;8;9;11"
Root_1186,100.552003,37.301152,7,"2;3;4;6;8;9;11"
Root_1187,0.814656,13.319712,8,"0;1;3;4;6;8;9;11"
Root_1188,84.720186,33.597472,7,"1;3;4;6;8;9;11"
Root_1189,1.514656,18.649312,7,"0;3;4;6;8;9;11"
Root_1190,98.303843,38.227072,6,"3;4;6;8;9;11"
Root_1191,0.000000,14.307360,8,"0;1;2;4;6;8;9;11"
Root_1192,83.354682,34.585120,7,"1;2;4;6;8;9;11"
Root_1193,0.588736,19.636960,7,"0;2;4;6;8;9;11"
Root_1194,101.328515,39.214720,6,"2;4;6;8;9;11"
Root_1195,0.814656,15.233280,7,"0;1;4;6;8;9;11"
Root_1196,82.595482,35.511040,6,"1;4;6;8;9;11"
Root_1197,1.514656,20.562880,6,"0;4;6;8;9;11"
Root_1198,100.006275,40.140640,5,"4;6;8;9;11"
Root_1199,3.036864,14.616000,8,"0;1;2;3;6;8;9;11"
Root_1200,93.380570,34.893760,7,"1;2;3;6;8;9;11"
Root_1201,3.918208,19.945600,7,"0;2;3;6;8;9;11"
Root_1202,107.348355,39.523360,6,"2;3;6;8;9;11"
Root_1203,3.444128,15.541920,7,"0;1;3;6;8;9;11"
Root_1204,91.386810,35.819680,6,"1;3;6;8;9;11"
Root_1205,4.844128,20.871520,6,"0;3;6;8;9;11"
Root_1206,105.100195,40.449280,5,"3;6;8;9;11"
Root_1207,3.036864,16.529568,7,"0;1;2;6;8;9;11"
Root_1208,92.243514,36.807328,6,"1;2;6;8;9;11"
Root_1209,3.918208,21.859168,6,"0;2;6;8;9;11"
Root_1210,108.561795,41.436928,5,"2;6;8;9;11"
Root_1211,3.444128,17.455488,6,"0;1;6;8;9;11"
Root_1212,89.995354,37.733248,5,"1;6;8;9;11"
Root_1213,4.844128,22.785088,5,"0;6;8;9;11"
Root_1214,108.165475,42.362848,4,"6;8;9;11"
Root_1215,0.771446,13.276502,9,"0;1;2;3;4;5;8;9;11"
Root_1216,88.911370,33.554262,8,"1;2;3;4;5;8;9;11"
Root_1217,1.868813,18.606102,8,"0;2;3;4;5;8;9;11"
Root_1218,105.490250,38.183862,7,"2;3;4;5;8;9;11"
Root_1219,1.697366,14.202422,8,"0;1;3;4;5;8;9;11"
Root_1220,88.257107,34.480182,7,"1;3;4;5;8;9;11"
Root_1221,2.397366,19.532022,7,"0;3;4;5;8;9;11"
Root_1222,103.242090,39.109782,6,"3;4;5;8;9;11"
Root_1223,0.771446,15.190070,8,"0;1;2;4;5;8;9;11"
Root_1224,87.774314,35.467830,7,"1;2;4;5;8;9;11"
Root_1225,1.868813,20.519670,7,"0;2;4;5;8;9;11"
Root_1226,106.637130,40.097430,6,"2;4;5;8;9;11"
Root_1227,1.697366,16.115990,7,"0;1;4;5;8;9;11"
Root_1228,86.132403,36.393750,6,"1;4;5;8;9;11"
Root_1229,2.397366,21.445590,6,"0;4;5;8;9;11"
Root_1230,105.338240,41.023350,5,"4;5;8;9;11"
Root_1231,4.283629,15.498710,8,"0;1;2;3;5;8;9;11"
Root_1232,97.541043,35.776470,7,"1;2;3;5;8;9;11"
Root_1233,5.683629,20.828310,7,"0;2;3;5;8;9;11"
Root_1234,112.082899,40.406070,6,"2;3;5;8;9;11"
Root_1235,5.209549,16.424630,7,"0;1;3;5;8;9;11"
Root_1236,94.664573,36.702390,6,"1;3;5;8;9;11"
Root_1237,6.821763,21.754230,6,"0;3;5;8;9;11"
Root_1238,110.166730,41.331990,5,"3;5;8;9;11"
Root_1239,4.283629,17.412278,7,"0;1;2;5;8;9;11"
Root_1240,96.465715,37.690038,6,"1;2;5;8;9;11"
Root_1241,5.683629,22.741878,6,"0;2;5;8;9;11"
Root_1242,114.549418,42.319638,5,"2;5;8;9;11"
Root_1243,5.209549,18.338198,6,"0;1;5;8;9;11"
Root_1244,94.217555,38.615958,5,"1;5;8;9;11"
Root_1245,7.441402,23.667798,5,"0;5;8;9;11"
Root_1246,114.153098,43.245558,4,"5;8;9;11"
Root_1247,3.240566,14.819702,8,"0;1;2;3;4;8;9;11"
Root_1248,94.195379,35.097462,7,"1;2;3;4;8;9;11"
Root_1249,4.325613,20.149302,7,"0;2;3;4;8;9;11"
Root_1250,108.366867,39.727062,6,"2;3;4;8;9;11"
Root_1251,3.851533,15.745622,7,"0;1;3;4;8;9;11"
Root_1252,91.997917,36.023382,6,"1;3;4;8;9;11"
Root_1253,5.251533,21.075222,6,"0;3;4;8;9;11"
Root_1254,106.118707,40.652982,5,"3;4;8;9;11"
Root_1255,3.240566,16.733270,7,"0;1;2;4;8;9;11"
Root_1256,93.058323,37.011030,6,"1;2;4;8;9;11"
Root_1257,4.325613,22.062870,6,"0;2;4;8;9;11"
Root_1258,109.784010,41.640630,5,"2;4;8;9;11"
Root_1259,3.851533,17.659190,6,"0;1;4;8;9;11"
Root_1260,90.810163,37.936950,5,"1;4;8;9;11"
Root_1261,5.251533,22.988790,5,"0;4;8;9;11"
Root_1262,109.387690,42.566550,4,"4;8;9;11"
Root_1263,7.499523,17.041910,7,"0;1;2;3;8;9;11"
Root_1264,100.973213,37.319670,6,"1;2;3;8;9;11"
Root_1265,9.599523,22.371510,6,"0;2;3;8;9;11"
Root_1266,113.686579,41.949270,5,"2;3;8;9;11"
Root_1267,9.351363,17.967830,6,"0;1;3;8;9;11"
Root_1268,97.799133,38.245590,5,"1;3;8;9;11"
Root_1269,11.700634,23.297430,5,"0;3;8;9;11"
Root_1270,112.364339,42.875190,4,"3;8;9;11"
Root_1271,7.499523,18.955478,6,"0;1;2;8;9;11"
Root_1272,99.836157,39.233238,5,"1;2;8;9;11"
Root_1273,10.836442,24.285078,5,"0;2;8;9;11"
Root_1274,117.239498,43.862838,4,"2;8;9;11"
Root_1275,9.351363,19.881398,5,"0;1;8;9;11"
Root_1276,97.587997,40.159158,4,"1;8;9;11"
Root_1277,13.614202,25.210998,4,"0;8;9;11"
Root_1278,120.135373,44.788758,3,"8;9;11"
Root_1279,0.000000,9.655520,10,"0;1;2;3;4;5;6;7;9;11"
Root_1280,83.573050,32.733280,9,"1;2;3;4;5;6;7;9;11"
Root_1281,0.000000,17.785120,9,"0;2;3;4;5;6;7;9;11"
Root_1282,106.056707,37.362880,8,"2;3;4;5;6;7;9;11"
Root_1283,0.000000,10.581440,9,"0;1;3;4;5;6;7;9;11"
Root_1284,89.073050,33.659200,8,"1;3;4;5;6;7;9;11"
Root_1285,0.000000,18.711040,8,"0;3;4;5;6;7;9;11"
Root_1286,109.634467,38.288800,7,"3;4;5;6;7;9;11"
Root_1287,0.000000,14.369088,9,"0;1;2;4;5;6;7;9;11"
Root_1288,82.169274,34.646848,8,"1;2;4;5;6;7;9;11"
Root_1289,0.000000,19.698688,8,"0;2;4;5;6;7;9;11"
Root_1290,109.117155,39.276448,7,"2;4;5;6;7;9;11"
Root_1291,0.000000,15.295008,8,"0;1;4;5;6;7;9;11"
Root_1292,86.821114,35.572768,7,"1;4;5;6;7;9;11"
Root_1293,0.000000,20.624608,7,"0;4;5;6;7;9;11"
Root_1294,112.920835,40.202368,6,"4;5;6;7;9;11"
Root_1295,0.000000,13.277728,9,"0;1;2;3;5;6;7;9;11"
Root_1296,92.756986,34.955488,8,"1;2;3;5;6;7;9;11"
Root_1297,0.243072,20.007328,8,"0;2;3;5;6;7;9;11"
Root_1298,115.692547,39.585088,7,"2;3;5;6;7;9;11"
Root_1299,0.000000,14.203648,8,"0;1;3;5;6;7;9;11"
Root_1300,96.482906,35.881408,7,"1;3;5;6;7;9;11"
Root_1301,1.960224,20.933248,7,"0;3;5;6;7;9;11"
Root_1302,118.570307,40.511008,6,"3;5;6;7;9;11"
Root_1303,0.000000,16.591296,8,"0;1;2;5;6;7;9;11"
Root_1304,93.550714,36.869056,7,"1;2;5;6;7;9;11"
Root_1305,0.243072,21.920896,7,"0;2;5;6;7;9;11"
Root_1306,118.752995,41.498656,6,"2;5;6;7;9;11"
Root_1307,1.168992,17.517216,7,"0;1;5;6;7;9;11"
Root_1308,96.428474,37.794976,6,"1;5;6;7;9;11"
Root_1309,2.458880,22.846816,6,"0;5;6;7;9;11"
Root_1310,121.856675,42.424576,5,"5;6;7;9;11"
Root_1311,0.000000,11.898720,9,"0;1;2;3;4;6;7;9;11"
Root_1312,89.411322,34.276480,8,"1;2;3;4;6;7;9;11"
Root_1313,0.000000,19.328320,8,"0;2;3;4;6;7;9;11"
Root_1314,111.297507,38.906080,7,"2;3;4;6;7;9;11"
Root_1315,0.000000,12.824640,8,"0;1;3;4;6;7;9;11"
Root_1316,93.137242,35.202400,7,"1;3;4;6;7;9;11"
Root_1317,1.189984,20.254240,7,"0;3;4;6;7;9;11"
Root_1318,114.175267,39.832000,6,"3;4;6;7;9;11"
Root_1319,0.000000,15.912288,8,"0;1;2;4;6;7;9;11"
Root_1320,89.464314,36.190048,7,"1;2;4;6;7;9;11"
Root_1321,0.000000,21.241888,7,"0;2;4;6;7;9;11"
Root_1322,113.987587,40.819648,6,"2;4;6;7;9;11"
Root_1323,0.489984,16.838208,7,"0;1;4;6;7;9;11"
Root_1324,92.342074,37.115968,6,"1;4;6;7;9;11"
Root_1325,1.189984,22.167808,6,"0;4;6;7;9;11"
Root_1326,117.091267,41.745568,5,"4;6;7;9;11"
Root_1327,0.000000,14.820928,8,"0;1;2;3;6;7;9;11"
Root_1328,98.508826,36.498688,7,"1;2;3;6;7;9;11"
Root_1329,1.794784,21.550528,7,"0;2;3;6;7;9;11"
Root_1330,118.711139,41.128288,6,"2;3;6;7;9;11"
Root_1331,1.312192,15.746848,7,"0;1;3;6;7;9;11"
Root_1332,100.460666,37.424608,6,"1;3;6;7;9;11"
Root_1333,5.174912,22.476448,6,"0;3;6;7;9;11"
Root_1334,120.888899,42.054208,5,"3;6;7;9;11"
Root_1335,1.086272,18.134496,7,"0;1;2;6;7;9;11"
Root_1336,99.285338,38.412256,6,"1;2;6;7;9;11"
Root_1337,2.210720,23.464096,6,"0;2;6;7;9;11"
Root_1338,121.443075,43.041856,5,"2;6;7;9;11"
Root_1339,3.646624,19.060416,6,"0;1;6;7;9;11"
Root_1340,101.463098,39.338176,5,"1;6;7;9;11"
Root_1341,7.088480,24.390016,5,"0;6;7;9;11"
Root_1342,124.772675,43.967776,4,"6;7;9;11"
Root_1343,0.000000,12.781430,9,"0;1;2;3;4;5;7;9;11"
Root_1344,93.934688,35.159190,8,"1;2;3;4;5;7;9;11"
Root_1345,0.446774,20.211030,8,"0;2;3;4;5;7;9;11"
Root_1346,117.118464,39.788790,7,"2;3;4;5;7;9;11"
Root_1347,0.000000,13.707350,8,"0;1;3;4;5;7;9;11"
Root_1348,97.501418,36.085110,7,"1;3;4;5;7;9;11"
Root_1349,2.367629,21.136950,7,"0;3;4;5;7;9;11"
Root_1350,119.996224,40.714710,6,"3;4;5;7;9;11"
Root_1351,0.000000,16.794998,8,"0;1;2;4;5;7;9;11"
Root_1352,94.772928,37.072758,7,"1;2;4;5;7;9;11"
Root_1353,0.446774,22.124598,7,"0;2;4;5;7;9;11"
Root_1354,120.178912,41.702358,6,"2;4;5;7;9;11"
Root_1355,1.372694,17.720918,7,"0;1;4;5;7;9;11"
Root_1356,97.650688,37.998678,6,"1;4;5;7;9;11"
Root_1357,3.069987,23.050518,6,"0;4;5;7;9;11"
Root_1358,123.282592,42.628278,5,"4;5;7;9;11"
Root_1359,0.568982,15.703638,8,"0;1;2;3;5;7;9;11"
Root_1360,103.243370,37.381398,7,"1;2;3;5;7;9;11"
Root_1361,3.560205,22.433238,7,"0;2;3;5;7;9;11"
Root_1362,124.328394,42.010998,6,"2;3;5;7;9;11"
Root_1363,2.612045,16.629558,7,"0;1;3;5;7;9;11"
Root_1364,105.195210,38.307318,6,"1;3;5;7;9;11"
Root_1365,7.823043,23.359158,6,"0;3;5;7;9;11"
Root_1366,126.506154,42.936918,5,"3;5;7;9;11"
Root_1367,2.160205,19.017206,7,"0;1;2;5;7;9;11"
Root_1368,104.390250,39.294966,6,"1;2;5;7;9;11"
Root_1369,4.858851,24.346806,6,"0;2;5;7;9;11"
Root_1370,127.388842,43.924566,5,"2;5;7;9;11"
Root_1371,5.594902,19.943126,6,"0;1;5;7;9;11"
Root_1372,106.568010,40.220886,5,"1;5;7;9;11"
Root_1373,9.736611,25.272726,5,"0;5;7;9;11"
Root_1374,132.343981,44.850486,4,"5;7;9;11"
Root_1375,0.000000,14.324630,8,"0;1;2;3;4;7;9;11"
Root_1376,99.527338,36.702390,7,"1;2;3;4;7;9;11"
Root_1377,2.202189,21.754230,7,"0;2;3;4;7;9;11"
Root_1378,119.933354,41.331990,6,"2;3;4;7;9;11"
Root_1379,1.515894,15.250550,7,"0;1;3;4;7;9;11"
Root_1380,105.679178,37.628310,6,"1;3;4;7;9;11"
Root_1381,7.886019,22.680150,6,"0;3;4;7;9;11"
Root_1382,125.611114,42.257910,5,"3;4;7;9;11"
Root_1383,1.289974,18.338198,7,"0;1;2;4;7;9;11"
Root_1384,100.303850,38.615958,6,"1;2;4;7;9;11"
Root_1385,2.821827,23.667798,6,"0;2;4;7;9;11"
Root_1386,122.868992,43.245558,5,"2;4;7;9;11"
Root_1387,5.615894,19.264118,6,"0;1;4;7;9;11"
Root_1388,105.981610,39.541878,5,"1;4;7;9;11"
Root_1389,9.799587,24.593718,5,"0;4;7;9;11"
Root_1390,129.341549,44.171478,4,"4;7;9;11"
Root_1391,2.446605,17.246838,7,"0;1;2;3;7;9;11"
Root_1392,106.922451,38.924598,6,"1;2;3;7;9;11"
Root_1393,8.663578,23.976438,6,"0;2;3;7;9;11"
Root_1394,125.475274,43.554198,5,"2;3;7;9;11"
Root_1395,7.809379,18.172758,6,"0;1;3;7;9;11"
Root_1396,115.174291,39.850518,5,"1;3;7;9;11"
Root_1397,21.783184,24.902358,5,"0;3;7;9;11"
Root_1398,134.919309,44.480118,4,"3;7;9;11"
Root_1399,5.826554,20.560406,6,"0;1;2;7;9;11"
Root_1400,107.698963,40.838166,5,"1;2;7;9;11"
Root_1401,10.577146,25.890006,5,"0;2;7;9;11"
Root_1402,134.482221,45.467766,4,"2;7;9;11"
Root_1403,12.678288,21.486326,5,"0;1;7;9;11"
Root_1404,114.776723,41.764086,4,"1;7;9;11"
Root_1405,20.828986,26.815926,4,"0;7;9;11"
Root_1406,144.089581,46.393686,3,"7;9;11"
Root_1407,0.345536,15.480192,9,"0;1;2;3;4;5;6;9;11"
Root_1408,95.558115,35.757952,8,"1;2;3;4;5;6;9;11"
Root_1409,1.045536,20.809792,8,"0;2;3;4;5;6;9;11"
Root_1410,119.340653,40.387552,7,"2;3;4;5;6;9;11"
Root_1411,2.165152,16.406112,8,"0;1;3;4;5;6;9;11"
Root_1412,98.217443,36.683872,7,"1;3;4;5;6;9;11"
Root_1413,3.565152,21.735712,7,"0;3;4;5;6;9;11"
Root_1414,122.531885,41.313472,6,"3;4;5;6;9;11"
Root_1415,0.345536,17.393760,8,"0;1;2;4;5;6;9;11"
Root_1416,96.396355,37.671520,7,"1;2;4;5;6;9;11"
Root_1417,1.045536,22.723360,7,"0;2;4;5;6;9;11"
Root_1418,123.702221,42.301120,6,"2;4;5;6;9;11"
Root_1419,2.165152,18.319680,7,"0;1;4;5;6;9;11"
Root_1420,99.274115,38.597440,6,"1;4;5;6;9;11"
Root_1421,4.866272,23.649280,6,"0;4;5;6;9;11"
Root_1422,127.731821,43.227040,5,"4;5;6;9;11"
Root_1423,3.357728,17.702400,8,"0;1;2;3;5;6;9;11"
Root_1424,104.268035,37.980160,7,"1;2;3;5;6;9;11"
Root_1425,4.951392,23.032000,7,"0;2;3;5;6;9;11"
Root_1426,127.561581,42.609760,6,"2;3;5;6;9;11"
Root_1427,6.193664,18.628320,7,"0;1;3;5;6;9;11"
Root_1428,106.219875,38.906080,6,"1;3;5;6;9;11"
Root_1429,10.142656,23.957920,6,"0;3;5;6;9;11"
Root_1430,130.665261,43.535680,5,"3;5;6;9;11"
Root_1431,3.357728,19.615968,7,"0;1;2;5;6;9;11"
Root_1432,105.414915,39.893728,6,"1;2;5;6;9;11"
Root_1433,6.848800,24.945568,6,"0;2;5;6;9;11"
Root_1434,133.582253,44.523328,5,"2;5;6;9;11"
Root_1435,6.193664,20.541888,6,"0;1;5;6;9;11"
Root_1436,107.592675,40.819648,5,"1;5;6;9;11"
Root_1437,11.532896,25.871488,5,"0;5;6;9;11"
Root_1438,138.763693,45.449248,4,"5;6;9;11"
Root_1439,1.999712,17.023392,8,"0;1;2;3;4;6;9;11"
Root_1440,100.552003,37.301152,7,"1;2;3;4;6;9;11"
Root_1441,3.399712,22.352992,7,"0;2;3;4;6;9;11"
Root_1442,122.487533,41.930752,6,"2;3;4;6;9;11"
Root_1443,5.251552,17.949312,7,"0;1;3;4;6;9;11"
Root_1444,102.503843,38.227072,6,"1;3;4;6;9;11"
Root_1445,7.582304,23.278912,6,"0;3;4;6;9;11"
Root_1446,125.591213,42.856672,5,"3;4;6;9;11"
Root_1447,1.999712,18.936960,7,"0;1;2;4;6;9;11"
Root_1448,101.328515,39.214720,6,"1;2;4;6;9;11"
Root_1449,4.618112,24.266560,6,"0;2;4;6;9;11"
Root_1450,127.935501,43.844320,5,"2;4;6;9;11"
Root_1451,5.395872,19.862880,6,"0;1;4;6;9;11"
Root_1452,103.506275,40.140640,5,"1;4;6;9;11"
Root_1453,9.495872,25.192480,5,"0;4;6;9;11"
Root_1454,132.961261,44.770240,4,"4;6;9;11"
Root_1455,7.036864,19.245600,7,"0;1;2;3;6;9;11"
Root_1456,107.348355,39.523360,6,"1;2;3;6;9;11"
Root_1457,10.737696,24.575200,6,"0;2;3;6;9;11"
Root_1458,130.557581,44.152960,5,"2;3;6;9;11"
Root_1459,8.844128,20.171520,6,"0;1;3;6;9;11"
Root_1460,108.600195,40.449280,5,"1;3;6;9;11"
Root_1461,16.315456,25.501120,5,"0;3;6;9;11"
Root_1462,135.739021,45.078880,4,"3;6;9;11"
Root_1463,7.036864,21.159168,6,"0;1;2;6;9;11"
Root_1464,108.561795,41.436928,5,"1;2;6;9;11"
Root_1465,12.210656,26.488768,5,"0;2;6;9;11"
Root_1466,140.901933,46.066528,4,"2;6;9;11"
Root_1467,8.844128,22.085088,5,"0;1;6;9;11"
Root_1468,110.965475,42.362848,4,"1;6;9;11"
Root_1469,16.162496,27.414688,4,"0;6;9;11"
Root_1470,146.309293,46.992448,3,"6;9;11"
Root_1471,3.765133,17.906102,8,"0;1;2;3;4;5;9;11"
Root_1472,105.490250,38.183862,7,"1;2;3;4;5;9;11"
Root_1473,5.750042,23.235702,7,"0;2;3;4;5;9;11"
Root_1474,129.191200,42.813462,6,"2;3;4;5;9;11"
Root_1475,6.397366,18.832022,7,"0;1;3;4;5;9;11"
Root_1476,107.442090,39.109782,6,"1;3;4;5;9;11"
Root_1477,10.957466,24.161622,6,"0;3;4;5;9;11"
Root_1478,132.294880,43.739382,5,"3;4;5;9;11"
Root_1479,3.765133,19.819670,7,"0;1;2;4;5;9;11"
Root_1480,106.637130,40.097430,6,"1;2;4;5;9;11"
Root_1481,7.663610,25.149270,6,"0;2;4;5;9;11"
Root_1482,135.619277,44.727030,5,"2;4;5;9;11"
Root_1483,6.397366,20.745590,6,"0;1;4;5;9;11"
Root_1484,108.838240,41.023350,5,"1;4;5;9;11"
Root_1485,12.144003,26.075190,5,"0;4;5;9;11"
Root_1486,140.800717,45.652950,4,"4;5;9;11"
Root_1487,8.283629,20.128310,7,"0;1;2;3;5;9;11"
Root_1488,112.082899,40.406070,6,"1;2;3;5;9;11"
Root_1489,14.268538,25.457910,6,"0;2;3;5;9;11"
Root_1490,138.705677,45.035670,5,"2;3;5;9;11"
Root_1491,10.821763,21.054230,6,"0;1;3;5;9;11"
Root_1492,113.666730,41.331990,5,"1;3;5;9;11"
Root_1493,19.846298,26.383830,5,"0;3;5;9;11"
Root_1494,143.887117,45.961590,4,"3;5;9;11"
Root_1495,8.283629,22.041878,6,"0;1;2;5;9;11"
Root_1496,114.549418,42.319638,5,"1;2;5;9;11"
Root_1497,14.858787,27.371478,5,"0;2;5;9;11"
Root_1498,149.420397,46.949238,4,"2;5;9;11"
Root_1499,11.441402,22.967798,5,"0;1;5;9;11"
Root_1500,116.953098,43.245558,4,"1;5;9;11"
Root_1501,18.810627,28.297398,4,"0;5;9;11"
Root_1502,154.827757,47.875158,3,"5;9;11"
Root_1503,7.240566,19.449302,7,"0;1;2;3;4;9;11"
Root_1504,108.366867,39.727062,6,"1;2;3;4;9;11"
Root_1505,11.552506,24.778902,6,"0;2;3;4;9;11"
Root_1506,132.594605,44.356662,5,"2;3;4;9;11"
Root_1507,10.884739,20.375222,6,"0;1;3;4;9;11"
Root_1508,113.118707,40.652982,5,"1;3;4;9;11"
Root_1509,19.930266,25.704822,5,"0;3;4;9;11"
Root_1510,140.576045,45.282582,4,"3;4;9;11"
Root_1511,7.240566,21.362870,6,"0;1;2;4;9;11"
Root_1512,109.784010,41.640630,5,"1;2;4;9;11"
Root_1513,12.821763,26.692470,5,"0;2;4;9;11"
Root_1514,142.938957,46.270230,4,"2;4;9;11"
Root_1515,11.525370,22.288790,5,"0;1;4;9;11"
Root_1516,114.987690,42.566550,4,"1;4;9;11"
Root_1517,18.873603,27.618390,4,"0;4;9;11"
Root_1518,150.446317,47.196150,3,"4;9;11"
Root_1519,11.499523,21.671510,6,"0;1;2;3;9;11"
Root_1520,113.686579,41.949270,5,"1;2;3;9;11"
Root_1521,21.367258,27.001110,5,"0;2;3;9;11"
Root_1522,146.025357,46.578870,4,"2;3;9;11"
Root_1523,21.863472,22.597430,5,"0;1;3;9;11"
Root_1524,120.764339,42.875190,4,"1;3;9;11"
Root_1525,31.619098,27.927030,4,"0;3;9;11"
Root_1526,155.632717,47.504790,3,"3;9;11"
Root_1527,12.036442,23.585078,5,"0;1;2;9;11"
Root_1528,117.239498,43.862838,4,"1;2;9;11"
Root_1529,20.414307,28.914678,4,"0;2;9;11"
Root_1530,158.283277,48.492438,3,"2;9;11"
Root_1531,23.214202,24.510998,4,"0;1;9;11"
Root_1532,126.435373,44.788758,3,"1;9;11"
Root_1533,27.640227,29.840598,3,"0;9;11"
Root_1534,166.716557,49.418358,2,"9;11"
Root_1535,0.000000,10.418496,10,"0;1;2;3;4;5;6;7;8;11"
Root_1536,70.388122,30.696256,9,"1;2;3;4;5;6;7;8;11"
Root_1537,0.000000,15.748096,9,"0;2;3;4;5;6;7;8;11"
Root_1538,86.427203,35.325856,8,"2;3;4;5;6;7;8;11"
Root_1539,0.000000,11.344416,9,"0;1;3;4;5;6;7;8;11"
Root_1540,70.740026,31.622176,8,"1;3;4;5;6;7;8;11"
Root_1541,0.000000,16.674016,8,"0;3;4;5;6;7;8;11"
Root_1542,85.853187,36.251776,7,"3;4;5;6;7;8;11"
Root_1543,0.000000,12.332064,9,"0;1;2;4;5;6;7;8;11"
Root_1544,67.021402,32.609824,8,"1;2;4;5;6;7;8;11"
Root_1545,0.000000,17.661664,8,"0;2;4;5;6;7;8;11"
Root_1546,89.179011,37.239424,7,"2;4;5;6;7;8;11"
Root_1547,0.000000,13.257984,8,"0;1;4;5;6;7;8;11"
Root_1548,68.773242,33.535744,7,"1;4;5;6;7;8;11"
Root_1549,0.000000,18.587584,7,"0;4;5;6;7;8;11"
Root_1550,88.782691,38.165344,6,"4;5;6;7;8;11"
Root_1551,0.000000,12.640704,9,"0;1;2;3;5;6;7;8;11"
Root_1552,77.300282,32.918464,8,"1;2;3;5;6;7;8;11"
Root_1553,0.000000,17.970304,8,"0;2;3;5;6;7;8;11"
Root_1554,97.791427,37.548064,7,"2;3;5;6;7;8;11"
Root_1555,0.000000,13.566624,8,"0;1;3;5;6;7;8;11"
Root_1556,78.126202,33.844384,7,"1;3;5;6;7;8;11"
Root_1557,0.000000,18.896224,7,"0;3;5;6;7;8;11"
Root_1558,96.469187,38.473984,6,"3;5;6;7;8;11"
Root_1559,0.000000,14.554272,8,"0;1;2;5;6;7;8;11"
Root_1560,77.995258,34.832032,7,"1;2;5;6;7;8;11"
Root_1561,0.000000,19.883872,7,"0;2;5;6;7;8;11"
Root_1562,100.851875,39.461632,6,"2;5;6;7;8;11"
Root_1563,0.000000,15.480192,7,"0;1;5;6;7;8;11"
Root_1564,77.915066,35.757952,6,"1;5;6;7;8;11"
Root_1565,0.000000,20.809792,6,"0;5;6;7;8;11"
Root_1566,100.455555,40.387552,5,"5;6;7;8;11"
Root_1567,0.000000,11.961696,9,"0;1;2;3;4;6;7;8;11"
Root_1568,74.331258,32.239456,8,"1;2;3;4;6;7;8;11"
Root_1569,0.000000,17.291296,8,"0;2;3;4;6;7;8;11"
Root_1570,93.396387,36.869056,7,"2;3;4;6;7;8;11"
Root_1571,0.000000,12.887616,8,"0;1;3;4;6;7;8;11"
Root_1572,75.157178,33.165376,7,"1;3;4;6;7;8;11"
Root_1573,0.000000,18.217216,7,"0;3;4;6;7;8;11"
Root_1574,92.074147,37.794976,6,"3;4;6;7;8;11"
Root_1575,0.000000,13.875264,8,"0;1;2;4;6;7;8;11"
Root_1576,74.347226,34.153024,7,"1;2;4;6;7;8;11"
Root_1577,0.000000,19.204864,7,"0;2;4;6;7;8;11"
Root_1578,96.086467,38.782624,6,"2;4;6;7;8;11"
Root_1579,0.000000,14.801184,7,"0;1;4;6;7;8;11"
Root_1580,74.946042,35.078944,6,"1;4;6;7;8;11"
Root_1581,0.000000,20.130784,6,"0;4;6;7;8;11"
Root_1582,95.690147,39.708544,5,"4;6;7;8;11"
Root_1583,0.000000,14.183904,8,"0;1;2;3;6;7;8;11"
Root_1584,84.681754,34.461664,7,"1;2;3;6;7;8;11"
Root_1585,0.000000,19.513504,7,"0;2;3;6;7;8;11"
Root_1586,102.847043,39.091264,6,"2;3;6;7;8;11"
Root_1587,0.012192,15.109824,7,"0;1;3;6;7;8;11"
Root_1588,84.046010,35.387584,6,"1;3;6;7;8;11"
Root_1589,0.712192,20.439424,6,"0;3;6;7;8;11"
Root_1590,101.524803,40.017184,5,"3;6;7;8;11"
Root_1591,0.000000,16.097472,7,"0;1;2;6;7;8;11"
Root_1592,85.458266,36.375232,6,"1;2;6;7;8;11"
Root_1593,0.000000,21.427072,6,"0;2;6;7;8;11"
Root_1594,105.537123,41.004832,5,"2;6;7;8;11"
Root_1595,0.012192,17.023392,6,"0;1;6;7;8;11"
Root_1596,84.136026,37.301152,5,"1;6;7;8;11"
Root_1597,0.712192,22.352992,5,"0;6;7;8;11"
Root_1598,105.140803,41.930752,4,"6;7;8;11"
Root_1599,0.000000,12.844406,9,"0;1;2;3;4;5;7;8;11"
Root_1600,78.440960,33.122166,8,"1;2;3;4;5;7;8;11"
Root_1601,0.000000,18.174006,8,"0;2;3;4;5;7;8;11"
Root_1602,99.217344,37.751766,7,"2;3;4;5;7;8;11"
Root_1603,0.000000,13.770326,8,"0;1;3;4;5;7;8;11"
Root_1604,79.144714,34.048086,7,"1;3;4;5;7;8;11"
Root_1605,0.000000,19.099926,7,"0;3;4;5;7;8;11"
Root_1606,97.895104,38.677686,6,"3;4;5;7;8;11"
Root_1607,0.000000,14.757974,8,"0;1;2;4;5;7;8;11"
Root_1608,79.217472,35.035734,7,"1;2;4;5;7;8;11"
Root_1609,0.000000,20.087574,7,"0;2;4;5;7;8;11"
Root_1610,102.277792,39.665334,6,"2;4;5;7;8;11"
Root_1611,0.000000,15.683894,7,"0;1;4;5;7;8;11"
Root_1612,78.933578,35.961654,6,"1;4;5;7;8;11"
Root_1613,0.000000,21.013494,6,"0;4;5;7;8;11"
Root_1614,101.881472,40.591254,5,"4;5;7;8;11"
Root_1615,0.000000,15.066614,8,"0;1;2;3;5;7;8;11"
Root_1616,89.724938,35.344374,7,"1;2;3;5;7;8;11"
Root_1617,0.668982,20.396214,7,"0;2;3;5;7;8;11"
Root_1618,108.464298,39.973974,6,"2;3;5;7;8;11"
Root_1619,0.894902,15.992534,7,"0;1;3;5;7;8;11"
Root_1620,88.206483,36.270294,6,"1;3;5;7;8;11"
Root_1621,1.594902,21.322134,6,"0;3;5;7;8;11"
Root_1622,107.142058,40.899894,5,"3;5;7;8;11"
Root_1623,0.000000,16.980182,7,"0;1;2;5;7;8;11"
Root_1624,90.563178,37.257942,6,"1;2;5;7;8;11"
Root_1625,0.668982,22.309782,6,"0;2;5;7;8;11"
Root_1626,111.524746,41.887542,5,"2;5;7;8;11"
Root_1627,0.894902,17.906102,6,"0;1;5;7;8;11"
Root_1628,89.240938,38.183862,5,"1;5;7;8;11"
Root_1629,1.782445,23.235702,5,"0;5;7;8;11"
Root_1630,111.128426,42.813462,4,"5;7;8;11"
Root_1631,0.000000,14.387606,8,"0;1;2;3;4;7;8;11"
Root_1632,85.700266,34.665366,7,"1;2;3;4;7;8;11"
Root_1633,0.000000,19.717206,7,"0;2;3;4;7;8;11"
Root_1634,104.069258,39.294966,6,"2;3;4;7;8;11"
Root_1635,0.215894,15.313526,7,"0;1;3;4;7;8;11"
Root_1636,84.860819,35.591286,6,"1;3;4;7;8;11"
Root_1637,0.915894,20.643126,6,"0;3;4;7;8;11"
Root_1638,102.747018,40.220886,5,"3;4;7;8;11"
Root_1639,0.000000,16.301174,7,"0;1;2;4;7;8;11"
Root_1640,86.476778,36.578934,6,"1;2;4;7;8;11"
Root_1641,0.000000,21.630774,6,"0;2;4;7;8;11"
Root_1642,106.759338,41.208534,5,"2;4;7;8;11"
Root_1643,0.215894,17.227094,6,"0;1;4;7;8;11"
Root_1644,85.154538,37.504854,5,"1;4;7;8;11"
Root_1645,0.915894,22.556694,5,"0;4;7;8;11"
Root_1646,106.363018,42.134454,4,"4;7;8;11"
Root_1647,1.950285,16.609814,7,"0;1;2;3;7;8;11"
Root_1648,95.132403,36.887574,6,"1;2;3;7;8;11"
Root_1649,3.300877,21.939414,6,"0;2;3;7;8;11"
Root_1650,111.094003,41.517174,5,"2;3;7;8;11"
Root_1651,2.438102,17.535734,6,"0;1;3;7;8;11"
Root_1652,92.884243,37.813494,5,"1;3;7;8;11"
Root_1653,3.809379,22.865334,5,"0;3;7;8;11"
Root_1654,109.771763,42.443094,4,"3;7;8;11"
Root_1655,1.950285,18.523382,6,"0;1;2;7;8;11"
Root_1656,95.908915,38.801142,5,"1;2;7;8;11"
Root_1657,4.105699,23.852982,5,"0;2;7;8;11"
Root_1658,114.214826,43.430742,4,"2;7;8;11"
Root_1659,2.438102,19.449302,5,"0;1;7;8;11"
Root_1660,94.586675,39.727062,4,"1;7;8;11"
Root_1661,5.540122,24.778902,4,"0;7;8;11"
Root_1662,115.814413,44.356662,3,"7;8;11"
Root_1663,0.000000,13.443168,9,"0;1;2;3;4;5;6;8;11"
Root_1664,79.632291,33.720928,8,"1;2;3;4;5;6;8;11"
Root_1665,0.000000,18.772768,8,"0;2;3;4;5;6;8;11"
Root_1666,101.007437,38.350528,7,"2;3;4;5;6;8;11"
Root_1667,0.000000,14.369088,8,"0;1;3;4;5;6;8;11"
Root_1668,79.737283,34.646848,7,"1;3;4;5;6;8;11"
Root_1669,0.000000,19.698688,7,"0;3;4;5;6;8;11"
Root_1670,99.685197,39.276448,6,"3;4;5;6;8;11"
Root_1671,0.000000,15.356736,8,"0;1;2;4;5;6;8;11"
Root_1672,80.408803,35.634496,7,"1;2;4;5;6;8;11"
Root_1673,0.000000,20.686336,7,"0;2;4;5;6;8;11"
Root_1674,104.067885,40.264096,6,"2;4;5;6;8;11"
Root_1675,0.000000,16.282656,7,"0;1;4;5;6;8;11"
Root_1676,79.526147,36.560416,6,"1;4;5;6;8;11"
Root_1677,0.000000,21.612256,6,"0;4;5;6;8;11"
Root_1678,103.861581,41.190016,5,"4;5;6;8;11"
Root_1679,0.567744,15.665376,8,"0;1;2;3;5;6;8;11"
Root_1680,90.317507,35.943136,7,"1;2;3;5;6;8;11"
Root_1681,1.461408,20.994976,7,"0;2;3;5;6;8;11"
Root_1682,109.655629,40.572736,6,"2;3;5;6;8;11"
Root_1683,1.493664,16.591296,7,"0;1;3;5;6;8;11"
Root_1684,88.200291,36.869056,6,"1;3;5;6;8;11"
Root_1685,2.193664,21.920896,6,"0;3;5;6;8;11"
Root_1686,108.832045,41.498656,5,"3;5;6;8;11"
Root_1687,0.567744,17.578944,7,"0;1;2;5;6;8;11"
Root_1688,91.155747,37.856704,6,"1;2;5;6;8;11"
Root_1689,1.461408,22.908544,6,"0;2;5;6;8;11"
Root_1690,114.202381,42.486304,5,"2;5;6;8;11"
Root_1691,1.493664,18.504864,6,"0;1;5;6;8;11"
Root_1692,89.833507,38.782624,5,"1;5;6;8;11"
Root_1693,2.979968,23.834464,5,"0;5;6;8;11"
Root_1694,114.731981,43.412224,4,"5;6;8;11"
Root_1695,0.000000,14.986368,8,"0;1;2;3;4;6;8;11"
Root_1696,86.292835,35.264128,7,"1;2;3;4;6;8;11"
Root_1697,0.588736,20.315968,7,"0;2;3;4;6;8;11"
Root_1698,105.260589,39.893728,6,"2;3;4;6;8;11"
Root_1699,0.814656,15.912288,7,"0;1;3;4;6;8;11"
Root_1700,84.854627,36.190048,6,"1;3;4;6;8;11"
Root_1701,1.514656,21.241888,6,"0;3;4;6;8;11"
Root_1702,103.938349,40.819648,5,"3;4;6;8;11"
Root_1703,0.000000,16.899936,7,"0;1;2;4;6;8;11"
Root_1704,87.069347,37.177696,6,"1;2;4;6;8;11"
Root_1705,0.588736,22.229536,6,"0;2;4;6;8;11"
Root_1706,108.757965,41.807296,5,"2;4;6;8;11"
Root_1707,0.814656,17.825856,6,"0;1;4;6;8;11"
Root_1708,85.747107,38.103616,5,"1;4;6;8;11"
Root_1709,1.621952,23.155456,5,"0;4;6;8;11"
Root_1710,109.287565,42.733216,4,"4;6;8;11"
Root_1711,3.036864,17.208576,7,"0;1;2;3;6;8;11"
Root_1712,95.126211,37.486336,6,"1;2;3;6;8;11"
Root_1713,3.918208,22.538176,6,"0;2;3;6;8;11"
Root_1714,112.802509,42.115936,5,"2;3;6;8;11"
Root_1715,3.444128,18.134496,6,"0;1;3;6;8;11"
Root_1716,92.878051,38.412256,5,"1;3;6;8;11"
Root_1717,5.260064,23.464096,5,"0;3;6;8;11"
Root_1718,112.448045,43.041856,4,"3;6;8;11"
Root_1719,3.036864,19.122144,6,"0;1;2;6;8;11"
Root_1720,95.902723,39.399904,5,"1;2;6;8;11"
Root_1721,5.321792,24.451744,5,"0;2;6;8;11"
Root_1722,118.494669,44.029504,4,"2;6;8;11"
Root_1723,3.444128,20.048064,5,"0;1;6;8;11"
Root_1724,94.580483,40.325824,4,"1;6;8;11"
Root_1725,7.173632,25.377664,4,"0;6;8;11"
Root_1726,121.802029,44.955424,3,"6;8;11"
Root_1727,0.771446,15.869078,8,"0;1;2;3;4;5;8;11"
Root_1728,91.515123,36.146838,7,"1;2;3;4;5;8;11"
Root_1729,1.868813,21.198678,7,"0;2;3;4;5;8;11"
Root_1730,111.081546,40.776438,6,"2;3;4;5;8;11"
Root_1731,1.697366,16.794998,7,"0;1;3;4;5;8;11"
Root_1732,89.266963,37.072758,6,"1;3;4;5;8;11"
Root_1733,2.397366,22.124598,6,"0;3;4;5;8;11"
Root_1734,110.461664,41.702358,5,"3;4;5;8;11"
Root_1735,0.771446,17.782646,7,"0;1;2;4;5;8;11"
Root_1736,92.377962,38.060406,6,"1;2;4;5;8;11"
Root_1737,1.932899,23.112246,6,"0;2;4;5;8;11"
Root_1738,115.832000,42.690006,5,"2;4;5;8;11"
Root_1739,1.697366,18.708566,6,"0;1;4;5;8;11"
Root_1740,91.055722,38.986326,5,"1;4;5;8;11"
Root_1741,3.387373,24.038166,5,"0;4;5;8;11"
Root_1742,116.361600,43.615926,4,"4;5;8;11"
Root_1743,4.283629,18.091286,7,"0;1;2;3;5;8;11"
Root_1744,99.860755,38.369046,6,"1;2;3;5;8;11"
Root_1745,6.056355,23.420886,6,"0;2;3;5;8;11"
Root_1746,119.302474,42.998646,5,"2;3;5;8;11"
Root_1747,5.209549,19.017206,6,"0;1;3;5;8;11"
Root_1748,97.612595,39.294966,5,"1;3;5;8;11"
Root_1749,8.120410,24.346806,5,"0;3;5;8;11"
Root_1750,118.906154,43.924566,4,"3;5;8;11"
Root_1751,4.283629,20.004854,6,"0;1;2;5;8;11"
Root_1752,101.007635,40.282614,5,"1;2;5;8;11"
Root_1753,7.969923,25.334454,5,"0;2;5;8;11"
Root_1754,127.013133,44.912214,4,"2;5;8;11"
Root_1755,5.721763,20.930774,5,"0;1;5;8;11"
Root_1756,99.893930,41.208534,4,"1;5;8;11"
Root_1757,9.821763,26.260374,4,"0;5;8;11"
Root_1758,130.320493,45.838134,3,"5;8;11"
Root_1759,3.240566,17.412278,7,"0;1;2;3;4;8;11"
Root_1760,96.144723,37.690038,6,"1;2;3;4;8;11"
Root_1761,4.325613,22.741878,6,"0;2;3;4;8;11"
Root_1762,114.228426,42.319638,5,"2;3;4;8;11"
Root_1763,3.851533,18.338198,6,"0;1;3;4;8;11"
Root_1764,93.896563,38.615958,5,"1;3;4;8;11"
Root_1765,5.871171,23.667798,5,"0;3;4;8;11"
Root_1766,114.077664,43.245558,4,"3;4;8;11"
Root_1767,3.240566,19.325846,6,"0;1;2;4;8;11"
Root_1768,96.921235,39.603606,5,"1;2;4;8;11"
Root_1769,5.932899,24.655446,5,"0;2;4;8;11"
Root_1770,120.531693,44.233206,4,"2;4;8;11"
Root_1771,3.851533,20.251766,5,"0;1;4;8;11"
Root_1772,95.598995,40.529526,4,"1;4;8;11"
Root_1773,7.784739,25.581366,4,"0;4;8;11"
Root_1774,123.839053,45.159126,3,"4;8;11"
Root_1775,7.499523,19.634486,6,"0;1;2;3;8;11"
Root_1776,102.552189,39.912246,5,"1;2;3;8;11"
Root_1777,11.515450,24.964086,5,"0;2;3;8;11"
Root_1778,123.618093,44.541846,4,"2;3;8;11"
Root_1779,9.493210,20.560406,5,"0;1;3;8;11"
Root_1780,100.304029,40.838166,4,"1;3;8;11"
Root_1781,14.293210,25.890006,4,"0;3;8;11"
Root_1782,126.925453,45.467766,3,"3;8;11"
Root_1783,8.499523,21.548054,5,"0;1;2;8;11"
Root_1784,104.154515,41.825814,4,"1;2;8;11"
Root_1785,12.599523,26.877654,4,"0;2;8;11"
Root_1786,135.876013,46.455414,3,"2;8;11"
Root_1787,10.295949,22.473974,4,"0;1;8;11"
Root_1788,103.758195,42.751734,3,"1;8;11"
Root_1789,14.451363,27.803574,3,"0;8;11"
Root_1790,140.109293,47.381334,2,"8;11"
Root_1791,0.000000,15.048096,9,"0;1;2;3;4;5;6;7;11"
Root_1792,86.427203,35.325856,8,"1;2;3;4;5;6;7;11"
Root_1793,0.000000,20.377696,8,"0;2;3;4;5;6;7;11"
Root_1794,114.407245,39.955456,7,"2;3;4;5;6;7;11"
Root_1795,0.000000,15.974016,8,"0;1;3;4;5;6;7;11"
Root_1796,90.753187,36.251776,7,"1;3;4;5;6;7;11"
Root_1797,0.000000,21.303616,7,"0;3;4;5;6;7;11"
Root_1798,118.210925,40.881376,6,"3;4;5;6;7;11"
Root_1799,0.000000,16.961664,8,"0;1;2;4;5;6;7;11"
Root_1800,89.179011,37.239424,7,"1;2;4;5;6;7;11"
Root_1801,0.000000,22.291264,7,"0;2;4;5;6;7;11"
Root_1802,119.381261,41.869024,6,"2;4;5;6;7;11"
Root_1803,0.000000,17.887584,7,"0;1;4;5;6;7;11"
Root_1804,92.982691,38.165344,6,"1;4;5;6;7;11"
Root_1805,0.869024,23.217184,6,"0;4;5;6;7;11"
Root_1806,123.410861,42.794944,5,"4;5;6;7;11"
Root_1807,0.000000,17.270304,8,"0;1;2;3;5;6;7;11"
Root_1808,97.791427,37.548064,7,"1;2;3;5;6;7;11"
Root_1809,0.243072,22.599904,7,"0;2;3;5;6;7;11"
Root_1810,123.672717,42.177664,6,"2;3;5;6;7;11"
Root_1811,1.168992,18.196224,7,"0;1;3;5;6;7;11"
Root_1812,100.669187,38.473984,6,"1;3;5;6;7;11"
Root_1813,3.137888,23.525824,6,"0;3;5;6;7;11"
Root_1814,126.776397,43.103584,5,"3;5;6;7;11"
Root_1815,0.000000,19.183872,7,"0;1;2;5;6;7;11"
Root_1816,100.851875,39.461632,6,"1;2;5;6;7;11"
Root_1817,1.708384,24.513472,6,"0;2;5;6;7;11"
Root_1818,128.829197,44.091232,5,"2;5;6;7;11"
Root_1819,1.560224,20.109792,6,"0;1;5;6;7;11"
Root_1820,103.955555,40.387552,5,"1;5;6;7;11"
Root_1821,4.960224,25.439392,5,"0;5;6;7;11"
Root_1822,134.010637,45.017152,4,"5;6;7;11"
Root_1823,0.000000,16.591296,8,"0;1;2;3;4;6;7;11"
Root_1824,93.396387,36.869056,7,"1;2;3;4;6;7;11"
Root_1825,0.000000,21.920896,7,"0;2;3;4;6;7;11"
Root_1826,118.598669,41.498656,6,"2;3;4;6;7;11"
Root_1827,0.489984,17.517216,7,"0;1;3;4;6;7;11"
Root_1828,96.274147,37.794976,6,"1;3;4;6;7;11"
Root_1829,1.688640,22.846816,6,"0;3;4;6;7;11"
Root_1830,121.702349,42.424576,5,"3;4;6;7;11"
Root_1831,0.000000,18.504864,7,"0;1;2;4;6;7;11"
Root_1832,96.086467,38.782624,6,"1;2;4;6;7;11"
Root_1833,0.786304,23.834464,6,"0;2;4;6;7;11"
Root_1834,123.614541,43.412224,5,"2;4;6;7;11"
Root_1835,0.489984,19.430784,6,"0;1;4;6;7;11"
Root_1836,99.190147,39.708544,5,"1;4;6;7;11"
Root_1837,3.602208,24.760384,5,"0;4;6;7;11"
Root_1838,128.208205,44.338144,4,"4;6;7;11"
Root_1839,1.086272,18.813504,7,"0;1;2;3;6;7;11"
Root_1840,102.847043,39.091264,6,"1;2;3;6;7;11"
Root_1841,2.889728,24.143104,6,"0;2;3;6;7;11"
Root_1842,126.362797,43.720864,5,"2;3;6;7;11"
Root_1843,3.667488,19.739424,6,"0;1;3;6;7;11"
Root_1844,105.024803,40.017184,5,"1;3;6;7;11"
Root_1845,7.767488,25.069024,5,"0;3;6;7;11"
Root_1846,130.985965,44.646784,4,"3;6;7;11"
Root_1847,1.394784,20.727072,6,"0;1;2;6;7;11"
Root_1848,105.537123,41.004832,5,"1;2;6;7;11"
Root_1849,4.794784,26.056672,5,"0;2;6;7;11"
Root_1850,136.148877,45.634432,4,"2;6;7;11"
Root_1851,4.646624,21.652992,5,"0;1;6;7;11"
Root_1852,107.940803,41.930752,4,"1;6;7;11"
Root_1853,8.046624,26.982592,4,"0;6;7;11"
Root_1854,141.556237,46.560352,3,"6;7;11"
Root_1855,0.000000,17.474006,8,"0;1;2;3;4;5;7;11"
Root_1856,99.217344,37.751766,7,"1;2;3;4;5;7;11"
Root_1857,0.446774,22.803606,7,"0;2;3;4;5;7;11"
Root_1858,125.302336,42.381366,6,"2;3;4;5;7;11"
Root_1859,1.372694,18.399926,7,"0;1;3;4;5;7;11"
Root_1860,102.095104,38.677686,6,"1;3;4;5;7;11"
Root_1861,3.748995,23.729526,6,"0;3;4;5;7;11"
Root_1862,128.406016,43.307286,5,"3;4;5;7;11"
Root_1863,0.000000,19.387574,7,"0;1;2;4;5;7;11"
Root_1864,102.277792,39.665334,6,"1;2;4;5;7;11"
Root_1865,2.115789,24.717174,6,"0;2;4;5;7;11"
Root_1866,130.866221,44.294934,5,"2;4;5;7;11"
Root_1867,1.967629,20.313494,6,"0;1;4;5;7;11"
Root_1868,105.381472,40.591254,5,"1;4;5;7;11"
Root_1869,5.367629,25.643094,5,"0;4;5;7;11"
Root_1870,136.047661,45.220854,4,"4;5;7;11"
Root_1871,2.160205,19.696214,7,"0;1;2;3;5;7;11"
Root_1872,108.464298,39.973974,6,"1;2;3;5;7;11"
Root_1873,5.537859,25.025814,6,"0;2;3;5;7;11"
Root_1874,133.952621,44.603574,5,"2;3;5;7;11"
Root_1875,5.594902,20.622134,6,"0;1;3;5;7;11"
Root_1876,110.642058,40.899894,5,"1;3;5;7;11"
Root_1877,10.415619,25.951734,5,"0;3;5;7;11"
Root_1878,139.134061,45.529494,4,"3;5;7;11"
Root_1879,3.160205,21.609782,6,"0;1;2;5;7;11"
Root_1880,111.524746,41.887542,5,"1;2;5;7;11"
Root_1881,6.560205,26.939382,5,"0;2;5;7;11"
Root_1882,144.667341,46.517142,4,"2;5;7;11"
Root_1883,5.782445,22.535702,5,"0;1;5;7;11"
Root_1884,113.928426,42.813462,4,"1;5;7;11"
Root_1885,9.812045,27.865302,4,"0;5;7;11"
Root_1886,150.074701,47.443062,3,"5;7;11"
Root_1887,1.289974,19.017206,7,"0;1;2;3;4;7;11"
Root_1888,104.069258,39.294966,6,"1;2;3;4;7;11"
Root_1889,3.500835,24.346806,6,"0;2;3;4;7;11"
Root_1890,127.992416,43.924566,5,"2;3;4;7;11"
Root_1891,5.615894,19.943126,6,"0;1;3;4;7;11"
Root_1892,109.747018,40.220886,5,"1;3;4;7;11"
Root_1893,10.478595,25.272726,5,"0;3;4;7;11"
Root_1894,135.822989,44.850486,4,"3;4;7;11"
Root_1895,1.802189,20.930774,6,"0;1;2;4;7;11"
Root_1896,106.759338,41.208534,5,"1;2;4;7;11"
Root_1897,5.202189,26.260374,5,"0;2;4;7;11"
Root_1898,138.185901,45.838134,4,"2;4;7;11"
Root_1899,5.824429,21.856694,5,"0;1;4;7;11"
Root_1900,111.963018,42.134454,4,"1;4;7;11"
Root_1901,9.854029,27.186294,4,"0;4;7;11"
Root_1902,145.693261,46.764054,3,"4;7;11"
Root_1903,5.950285,21.239414,6,"0;1;2;3;7;11"
Root_1904,111.094003,41.517174,5,"1;2;3;7;11"
Root_1905,11.256154,26.569014,5,"0;2;3;7;11"
Root_1906,141.272301,46.146774,4,"2;3;7;11"
Root_1907,13.357296,22.165334,5,"0;1;3;7;11"
Root_1908,118.171763,42.443094,4,"1;3;7;11"
Root_1909,21.507994,27.494934,4,"0;3;7;11"
Root_1910,150.879661,47.072694,3,"3;7;11"
Root_1911,6.055107,23.152982,5,"0;1;2;7;11"
Root_1912,114.214826,43.430742,4,"1;2;7;11"
Root_1913,10.735299,28.482582,4,"0;2;7;11"
Root_1914,153.530221,48.060342,3,"2;7;11"
Root_1915,15.140122,24.078902,4,"0;1;7;11"
Root_1916,122.114413,44.356662,3,"1;7;11"
Root_1917,17.961219,29.408502,3,"0;7;11"
Root_1918,161.963501,48.986262,2,"7;11"
Root_1919,0.345536,18.072768,8,"0;1;2;3;4;5;6;11"
Root_1920,101.007437,38.350528,7,"1;2;3;4;5;6;11"
Root_1921,1.399744,23.402368,7,"0;2;3;4;5;6;11"
Root_1922,129.671318,42.980128,6,"2;3;4;5;6;11"
Root_1923,2.165152,18.998688,7,"0;1;3;4;5;6;11"
Root_1924,103.885197,39.276448,6,"1;3;4;5;6;11"
Root_1925,5.545280,24.328288,6,"0;3;4;5;6;11"
Root_1926,133.700918,43.906048,5,"3;4;5;6;11"
Root_1927,0.345536,19.986336,7,"0;1;2;4;5;6;11"
Root_1928,104.067885,40.264096,6,"1;2;4;5;6;11"
Root_1929,3.313312,25.315936,6,"0;2;4;5;6;11"
Root_1930,137.452598,44.893696,5,"2;4;5;6;11"
Root_1931,3.165152,20.912256,6,"0;1;4;5;6;11"
Root_1932,107.361581,41.190016,5,"1;4;5;6;11"
Root_1933,6.565152,26.241856,5,"0;4;5;6;11"
Root_1934,142.634038,45.819616,4,"4;5;6;11"
Root_1935,3.357728,20.294976,7,"0;1;2;3;5;6;11"
Root_1936,109.655629,40.572736,6,"1;2;3;5;6;11"
Root_1937,7.527808,25.624576,6,"0;2;3;5;6;11"
Root_1938,140.538998,45.202336,5,"2;3;5;6;11"
Root_1939,6.193664,21.220896,6,"0;1;3;5;6;11"
Root_1940,112.332045,41.498656,5,"1;3;5;6;11"
Root_1941,12.211904,26.550496,5,"0;3;5;6;11"
Root_1942,145.720438,46.128256,4,"3;5;6;11"
Root_1943,4.357728,22.208544,6,"0;1;2;5;6;11"
Root_1944,114.202381,42.486304,5,"1;2;5;6;11"
Root_1945,7.951392,27.538144,5,"0;2;5;6;11"
Root_1946,151.253718,47.115904,4,"2;5;6;11"
Root_1947,6.979968,23.134464,5,"0;1;5;6;11"
Root_1948,117.531981,43.412224,4,"1;5;6;11"
Root_1949,11.009568,28.464064,4,"0;5;6;11"
Root_1950,156.661078,48.041824,3,"5;6;11"
Root_1951,1.999712,19.615968,7,"0;1;2;3;4;6;11"
Root_1952,105.260589,39.893728,6,"1;2;3;4;6;11"
Root_1953,5.297120,24.945568,6,"0;2;3;4;6;11"
Root_1954,134.427926,44.523328,5,"2;3;4;6;11"
Root_1955,5.514656,20.541888,6,"0;1;3;4;6;11"
Root_1956,107.438349,40.819648,5,"1;3;4;6;11"
Root_1957,10.174880,25.871488,5,"0;3;4;6;11"
Root_1958,139.609366,45.449248,4,"3;4;6;11"
Root_1959,2.999712,21.529536,6,"0;1;2;4;6;11"
Root_1960,108.757965,41.807296,5,"1;2;4;6;11"
Root_1961,6.399712,26.859136,5,"0;2;4;6;11"
Root_1962,144.772278,46.436896,4,"2;4;6;11"
Root_1963,5.621952,22.455456,5,"0;1;4;6;11"
Root_1964,112.087565,42.733216,4,"1;4;6;11"
Root_1965,9.651552,27.785056,4,"0;4;6;11"
Root_1966,150.179638,47.362816,3,"4;6;11"
Root_1967,7.036864,21.838176,6,"0;1;2;3;6;11"
Root_1968,112.802509,42.115936,5,"1;2;3;6;11"
Root_1969,12.889664,27.167776,5,"0;2;3;6;11"
Root_1970,147.858678,46.745536,4,"2;3;6;11"
Root_1971,9.260064,22.764096,5,"0;1;3;6;11"
Root_1972,115.248045,43.041856,4,"1;3;6;11"
Root_1973,16.841504,28.093696,4,"0;3;6;11"
Root_1974,153.266038,47.671456,3,"3;6;11"
Root_1975,7.740448,23.751744,5,"0;1;2;6;11"
Root_1976,118.494669,44.029504,4,"1;2;6;11"
Root_1977,11.770048,29.081344,4,"0;2;6;11"
Root_1978,160.116598,48.659104,3,"2;6;11"
Root_1979,11.173632,24.677664,4,"0;1;6;11"
Root_1980,123.902029,44.955424,3,"1;6;11"
Root_1981,14.095968,30.007264,3,"0;6;11"
Root_1982,165.749878,49.585024,2,"6;11"
Root_1983,3.845251,20.498678,7,"0;1;2;3;4;5;11"
Root_1984,111.081546,40.776438,6,"1;2;3;4;5;11"
Root_1985,8.342618,25.828278,6,"0;2;3;4;5;11"
Root_1986,142.779725,45.406038,5,"2;3;4;5;11"
Root_1987,6.397366,21.424598,6,"0;1;3;4;5;11"
Root_1988,113.961664,41.702358,5,"1;3;4;5;11"
Root_1989,12.823011,26.754198,5,"0;3;4;5;11"
Root_1990,147.961165,46.331958,4,"3;4;5;11"
Root_1991,4.765133,22.412246,6,"0;1;2;4;5;11"
Root_1992,115.832000,42.690006,5,"1;2;4;5;11"
Root_1993,8.562499,27.741846,5,"0;2;4;5;11"
Root_1994,153.494445,47.319606,4,"2;4;5;11"
Root_1995,7.387373,23.338166,5,"0;1;4;5;11"
Root_1996,119.161600,43.615926,4,"1;4;5;11"
Root_1997,11.416973,28.667766,4,"0;4;5;11"
Root_1998,158.901805,48.245526,3,"4;5;11"
Root_1999,8.283629,22.720886,6,"0;1;2;3;5;11"
Root_2000,119.302474,42.998646,5,"1;2;3;5;11"
Root_2001,15.537795,28.050486,5,"0;2;3;5;11"
Root_2002,156.889485,47.628246,4,"2;3;5;11"
Root_2003,12.120410,23.646806,5,"0;1;3;5;11"
Root_2004,121.706154,43.924566,4,"1;3;5;11"
Root_2005,19.489635,28.976406,4,"0;3;5;11"
Root_2006,162.296845,48.554166,3,"3;5;11"
Root_2007,9.869923,24.634454,5,"0;1;2;5;11"
Root_2008,127.013133,44.912214,4,"1;2;5;11"
Root_2009,13.535469,29.964054,4,"0;2;5;11"
Root_2010,169.517773,49.541814,3,"2;5;11"
Root_2011,13.821763,25.560374,4,"0;1;5;11"
Root_2012,132.420493,45.838134,3,"1;5;11"
Root_2013,15.861389,30.889974,3,"0;5;11"
Root_2014,175.151053,50.467734,2,"5;11"
Root_2015,7.240566,22.041878,6,"0;1;2;3;4;11"
Root_2016,114.228426,42.319638,5,"1;2;3;4;11"
Root_2017,13.500771,27.371478,5,"0;2;3;4;11"
Root_2018,150.099405,46.949238,4,"2;3;4;11"
Root_2019,12.204378,22.967798,5,"0;1;3;4;11"
Root_2020,119.677664,43.245558,4,"1;3;4;11"
Root_2021,19.552611,28.297398,4,"0;3;4;11"
Root_2022,157.606765,47.875158,3,"3;4;11"
Root_2023,8.147853,23.955446,5,"0;1;2;4;11"
Root_2024,120.531693,44.233206,4,"1;2;4;11"
Root_2025,12.177453,29.285046,4,"0;2;4;11"
Root_2026,162.357325,48.862806,3,"2;4;11"
Root_2027,13.884739,24.881366,4,"0;1;4;11"
Root_2028,128.039053,45.159126,3,"1;4;11"
Root_2029,15.903373,30.210966,3,"0;4;11"
Root_2030,169.390605,49.788726,2,"4;11"
Root_2031,12.715450,24.264086,5,"0;1;2;3;11"
Root_2032,123.618093,44.541846,4,"1;2;3;11"
Root_2033,21.093315,29.593686,4,"0;2;3;11"
Root_2034,165.752365,49.171446,3,"2;3;11"
Root_2035,23.893210,25.190006,4,"0;1;3;11"
Root_2036,133.225453,45.467766,3,"1;3;11"
Root_2037,28.319235,30.519606,3,"0;3;11"
Root_2038,174.185645,50.097366,2,"3;11"
Root_2039,14.499523,26.177654,4,"0;1;2;11"
Root_2040,135.876013,46.455414,3,"1;2;11"
Root_2041,18.055043,31.507254,3,"0;2;11"
Root_2042,179.923853,51.085014,2,"2;11"
Root_2043,22.651363,27.103574,3,"0;1;11"
Root_2044,144.309293,47.381334,2,"1;11"
Root_2045,24.047312,32.433174,2,"0;11"
Root_2046,187.183053,52.010934,1,"11"
Root_2047,0.000000,8.051840,11,"0;1;2;3;4;5;6;7;8;9;10"
Root_2048,57.647363,29.029600,10,"1;2;3;4;5;6;7;8;9;10"
Root_2049,0.000000,14.081440,10,"0;2;3;4;5;6;7;8;9;10"
Root_2050,71.971802,33.659200,9,"2;3;4;5;6;7;8;9;10"
Root_2051,0.000000,8.977760,10,"0;1;3;4;5;6;7;8;9;10"
Root_2052,59.563459,29.955520,9,"1;3;4;5;6;7;8;9;10"
Root_2053,0.000000,15.007360,9,"0;3;4;5;6;7;8;9;10"
Root_2054,73.764442,34.585120,8,"3;4;5;6;7;8;9;10"
Root_2055,0.000000,10.665408,10,"0;1;2;4;5;6;7;8;9;10"
Root_2056,57.217763,30.943168,9,"1;2;4;5;6;7;8;9;10"
Root_2057,0.000000,15.995008,9,"0;2;4;5;6;7;8;9;10"
Root_2058,75.300154,35.572768,8,"2;4;5;6;7;8;9;10"
Root_2059,0.000000,11.591328,9,"0;1;4;5;6;7;8;9;10"
Root_2060,58.207939,31.869088,8,"1;4;5;6;7;8;9;10"
Root_2061,0.000000,16.920928,8,"0;4;5;6;7;8;9;10"
Root_2062,76.105146,36.498688,7,"4;5;6;7;8;9;10"
Root_2063,0.000000,10.274048,10,"0;1;2;3;5;6;7;8;9;10"
Root_2064,67.270778,31.251808,9,"1;2;3;5;6;7;8;9;10"
Root_2065,0.000000,16.303648,9,"0;2;3;5;6;7;8;9;10"
Root_2066,83.746938,35.881408,8,"2;3;5;6;7;8;9;10"
Root_2067,0.000000,11.199968,9,"0;1;3;5;6;7;8;9;10"
Root_2068,68.631322,32.177728,8,"1;3;5;6;7;8;9;10"
Root_2069,0.000000,17.229568,8,"0;3;5;6;7;8;9;10"
Root_2070,83.317370,36.807328,7,"3;5;6;7;8;9;10"
Root_2071,0.000000,12.887616,9,"0;1;2;5;6;7;8;9;10"
Root_2072,65.949722,33.165376,8,"1;2;5;6;7;8;9;10"
Root_2073,0.000000,18.217216,8,"0;2;5;6;7;8;9;10"
Root_2074,87.075290,37.794976,7,"2;5;6;7;8;9;10"
Root_2075,0.000000,13.813536,8,"0;1;5;6;7;8;9;10"
Root_2076,68.236186,34.091296,7,"1;5;6;7;8;9;10"
Root_2077,0.000000,19.143136,7,"0;5;6;7;8;9;10"
Root_2078,87.378970,38.720896,6,"5;6;7;8;9;10"
Root_2079,0.000000,9.595040,10,"0;1;2;3;4;6;7;8;9;10"
Root_2080,63.770755,30.572800,9,"1;2;3;4;6;7;8;9;10"
Root_2081,0.000000,15.624640,9,"0;2;3;4;6;7;8;9;10"
Root_2082,79.687802,35.202400,8,"2;3;4;6;7;8;9;10"
Root_2083,0.000000,10.520960,9,"0;1;3;4;6;7;8;9;10"
Root_2084,65.622595,31.498720,8,"1;3;4;6;7;8;9;10"
Root_2085,0.000000,16.550560,8,"0;3;4;6;7;8;9;10"
Root_2086,79.937242,36.128320,7,"3;4;6;7;8;9;10"
Root_2087,0.000000,12.208608,9,"0;1;2;4;6;7;8;9;10"
Root_2088,62.284323,32.486368,8,"1;2;4;6;7;8;9;10"
Root_2089,0.000000,17.538208,8,"0;2;4;6;7;8;9;10"
Root_2090,83.016154,37.115968,7,"2;4;6;7;8;9;10"
Root_2091,0.000000,13.134528,8,"0;1;4;6;7;8;9;10"
Root_2092,64.548451,33.412288,7,"1;4;6;7;8;9;10"
Root_2093,0.000000,18.464128,7,"0;4;6;7;8;9;10"
Root_2094,83.319834,38.041888,6,"4;6;7;8;9;10"
Root_2095,0.000000,11.817248,9,"0;1;2;3;6;7;8;9;10"
Root_2096,72.455930,32.795008,8,"1;2;3;6;7;8;9;10"
Root_2097,0.000000,17.846848,8,"0;2;3;6;7;8;9;10"
Root_2098,90.798842,37.424608,7,"2;3;6;7;8;9;10"
Root_2099,0.000000,12.743168,8,"0;1;3;6;7;8;9;10"
Root_2100,73.981850,33.720928,7,"1;3;6;7;8;9;10"
Root_2101,0.000000,18.772768,7,"0;3;6;7;8;9;10"
Root_2102,90.176602,38.350528,6,"3;6;7;8;9;10"
Root_2103,0.000000,14.430816,8,"0;1;2;6;7;8;9;10"
Root_2104,73.665722,34.708576,7,"1;2;6;7;8;9;10"
Root_2105,0.000000,19.760416,7,"0;2;6;7;8;9;10"
Root_2106,94.127194,39.338176,6,"2;6;7;8;9;10"
Root_2107,0.000000,15.356736,7,"0;1;6;7;8;9;10"
Root_2108,74.408986,35.634496,6,"1;6;7;8;9;10"
Root_2109,0.000000,20.686336,6,"0;6;7;8;9;10"
Root_2110,94.430874,40.264096,5,"6;7;8;9;10"
Root_2111,0.000000,10.477750,10,"0;1;2;3;4;5;7;8;9;10"
Root_2112,68.085587,31.455510,9,"1;2;3;4;5;7;8;9;10"
Root_2113,0.000000,16.507350,9,"0;2;3;4;5;7;8;9;10"
Root_2114,85.172854,36.085110,8,"2;3;4;5;7;8;9;10"
Root_2115,0.000000,11.403670,9,"0;1;3;4;5;7;8;9;10"
Root_2116,69.242429,32.381430,8,"1;3;4;5;7;8;9;10"
Root_2117,0.000000,17.433270,8,"0;3;4;5;7;8;9;10"
Root_2118,84.550614,37.011030,7,"3;4;5;7;8;9;10"
Root_2119,0.000000,13.091318,9,"0;1;2;4;5;7;8;9;10"
Root_2120,66.968234,33.369078,8,"1;2;4;5;7;8;9;10"
Root_2121,0.000000,18.420918,8,"0;2;4;5;7;8;9;10"
Root_2122,88.501206,37.998678,7,"2;4;5;7;8;9;10"
Root_2123,0.000000,14.017238,8,"0;1;4;5;7;8;9;10"
Root_2124,69.050995,34.294998,7,"1;4;5;7;8;9;10"
Root_2125,0.000000,19.346838,7,"0;4;5;7;8;9;10"
Root_2126,88.804886,38.924598,6,"4;5;7;8;9;10"
Root_2127,0.000000,12.699958,9,"0;1;2;3;5;7;8;9;10"
Root_2128,77.664490,33.677718,8,"1;2;3;5;7;8;9;10"
Root_2129,0.000000,18.729558,8,"0;2;3;5;7;8;9;10"
Root_2130,96.177930,38.307318,7,"2;3;5;7;8;9;10"
Root_2131,0.000000,13.625878,8,"0;1;3;5;7;8;9;10"
Root_2132,78.512691,34.603638,7,"1;3;5;7;8;9;10"
Root_2133,0.000000,19.655478,7,"0;3;5;7;8;9;10"
Root_2134,95.555690,39.233238,6,"3;5;7;8;9;10"
Root_2135,0.000000,15.313526,8,"0;1;2;5;7;8;9;10"
Root_2136,79.079274,35.591286,7,"1;2;5;7;8;9;10"
Root_2137,0.000000,20.643126,7,"0;2;5;7;8;9;10"
Root_2138,100.423456,40.220886,6,"2;5;7;8;9;10"
Root_2139,0.000000,16.239446,7,"0;1;5;7;8;9;10"
Root_2140,78.939827,36.517206,6,"1;5;7;8;9;10"
Root_2141,0.000000,21.569046,6,"0;5;7;8;9;10"
Root_2142,100.727136,41.146806,5,"5;7;8;9;10"
Root_2143,0.000000,12.020950,9,"0;1;2;3;4;7;8;9;10"
Root_2144,73.270739,32.998710,8,"1;2;3;4;7;8;9;10"
Root_2145,0.000000,18.050550,8,"0;2;3;4;7;8;9;10"
Root_2146,92.021056,37.628310,7,"2;3;4;7;8;9;10"
Root_2147,0.000000,12.946870,8,"0;1;3;4;7;8;9;10"
Root_2148,74.796659,33.924630,7,"1;3;4;7;8;9;10"
Root_2149,0.000000,18.976470,7,"0;3;4;7;8;9;10"
Root_2150,91.398816,38.554230,6,"3;4;7;8;9;10"
Root_2151,0.000000,14.634518,8,"0;1;2;4;7;8;9;10"
Root_2152,74.684234,34.912278,7,"1;2;4;7;8;9;10"
Root_2153,0.000000,19.964118,7,"0;2;4;7;8;9;10"
Root_2154,95.349408,39.541878,6,"2;4;7;8;9;10"
Root_2155,0.000000,15.560438,7,"0;1;4;7;8;9;10"
Root_2156,75.223795,35.838198,6,"1;4;7;8;9;10"
Root_2157,0.000000,20.890038,6,"0;4;7;8;9;10"
Root_2158,95.653088,40.467798,5,"4;7;8;9;10"
Root_2159,0.000000,14.243158,8,"0;1;2;3;7;8;9;10"
Root_2160,84.327507,35.220918,7,"1;2;3;7;8;9;10"
Root_2161,0.586262,20.272758,7,"0;2;3;7;8;9;10"
Root_2162,101.350730,39.850518,6,"2;3;7;8;9;10"
Root_2163,0.112182,15.169078,7,"0;1;3;7;8;9;10"
Root_2164,83.632509,36.146838,6,"1;3;7;8;9;10"
Root_2165,1.512182,21.198678,6,"0;3;7;8;9;10"
Root_2166,100.728490,40.776438,5,"3;7;8;9;10"
Root_2167,0.000000,16.856726,7,"0;1;2;7;8;9;10"
Root_2168,85.742291,37.134486,6,"1;2;7;8;9;10"
Root_2169,0.586262,22.186326,6,"0;2;7;8;9;10"
Root_2170,105.666730,41.764086,5,"2;7;8;9;10"
Root_2171,0.812182,17.782646,6,"0;1;7;8;9;10"
Root_2172,85.120051,38.060406,5,"1;7;8;9;10"
Root_2173,1.512182,23.112246,5,"0;7;8;9;10"
Root_2174,105.970410,42.690006,4,"7;8;9;10"
Root_2175,0.000000,11.776512,10,"0;1;2;3;4;5;6;8;9;10"
Root_2176,67.711555,32.054272,9,"1;2;3;4;5;6;8;9;10"
Root_2177,0.000000,17.106112,9,"0;2;3;4;5;6;8;9;10"
Root_2178,86.928483,36.683872,8,"2;3;4;5;6;8;9;10"
Root_2179,0.000000,12.702432,9,"0;1;3;4;5;6;8;9;10"
Root_2180,68.637475,32.980192,8,"1;3;4;5;6;8;9;10"
Root_2181,0.000000,18.032032,8,"0;3;4;5;6;8;9;10"
Root_2182,86.306243,37.609792,7,"3;4;5;6;8;9;10"
Root_2183,0.000000,13.690080,9,"0;1;2;4;5;6;8;9;10"
Root_2184,67.560803,33.967840,8,"1;2;4;5;6;8;9;10"
Root_2185,0.000000,19.019680,8,"0;2;4;5;6;8;9;10"
Root_2186,90.256835,38.597440,7,"2;4;5;6;8;9;10"
Root_2187,0.000000,14.616000,8,"0;1;4;5;6;8;9;10"
Root_2188,69.044803,34.893760,7,"1;4;5;6;8;9;10"
Root_2189,0.000000,19.945600,7,"0;4;5;6;8;9;10"
Root_2190,90.560515,39.523360,6,"4;5;6;8;9;10"
Root_2191,0.000000,13.998720,9,"0;1;2;3;5;6;8;9;10"
Root_2192,77.981850,34.276480,8,"1;2;3;5;6;8;9;10"
Root_2193,0.000000,19.328320,8,"0;2;3;5;6;8;9;10"
Root_2194,97.360515,38.906080,7,"2;3;5;6;8;9;10"
Root_2195,0.000000,14.924640,8,"0;1;3;5;6;8;9;10"
Root_2196,78.231290,35.202400,7,"1;3;5;6;8;9;10"
Root_2197,0.567744,20.254240,7,"0;3;5;6;8;9;10"
Root_2198,96.738275,39.832000,6,"3;5;6;8;9;10"
Root_2199,0.000000,15.912288,8,"0;1;2;5;6;8;9;10"
Root_2200,79.396634,36.190048,7,"1;2;5;6;8;9;10"
Root_2201,0.000000,21.241888,7,"0;2;5;6;8;9;10"
Root_2202,102.046883,40.819648,6,"2;5;6;8;9;10"
Root_2203,0.000000,16.838208,7,"0;1;5;6;8;9;10"
Root_2204,78.774394,37.115968,6,"1;5;6;8;9;10"
Root_2205,0.567744,22.167808,6,"0;5;6;8;9;10"
Root_2206,103.096131,41.745568,5,"5;6;8;9;10"
Root_2207,0.000000,13.319712,9,"0;1;2;3;4;6;8;9;10"
Root_2208,73.862019,33.597472,8,"1;2;3;4;6;8;9;10"
Root_2209,0.000000,18.649312,8,"0;2;3;4;6;8;9;10"
Root_2210,93.177923,38.227072,7,"2;3;4;6;8;9;10"
Root_2211,0.000000,14.245632,8,"0;1;3;4;6;8;9;10"
Root_2212,74.790467,34.523392,7,"1;3;4;6;8;9;10"
Root_2213,0.000000,19.575232,7,"0;3;4;6;8;9;10"
Root_2214,92.555683,39.152992,6,"3;4;6;8;9;10"
Root_2215,0.000000,15.233280,8,"0;1;2;4;6;8;9;10"
Root_2216,75.276803,35.511040,7,"1;2;4;6;8;9;10"
Root_2217,0.000000,20.562880,7,"0;2;4;6;8;9;10"
Root_2218,96.972835,40.140640,6,"2;4;6;8;9;10"
Root_2219,0.000000,16.159200,7,"0;1;4;6;8;9;10"
Root_2220,75.217603,36.436960,6,"1;4;6;8;9;10"
Root_2221,0.000000,21.488800,6,"0;4;6;8;9;10"
Root_2222,97.343075,41.066560,5,"4;6;8;9;10"
Root_2223,0.485024,15.541920,8,"0;1;2;3;6;8;9;10"
Root_2224,84.154650,35.819680,7,"1;2;3;6;8;9;10"
Root_2225,1.295968,20.871520,7,"0;2;3;6;8;9;10"
Root_2226,102.375395,40.449280,6,"2;3;6;8;9;10"
Root_2227,1.410944,16.467840,7,"0;1;3;6;8;9;10"
Root_2228,82.860890,36.745600,6,"1;3;6;8;9;10"
Root_2229,2.110944,21.797440,6,"0;3;6;8;9;10"
Root_2230,102.128355,41.375200,5,"3;6;8;9;10"
Root_2231,0.485024,17.455488,7,"0;1;2;6;8;9;10"
Root_2232,85.569434,37.733248,6,"1;2;6;8;9;10"
Root_2233,1.295968,22.785088,6,"0;2;6;8;9;10"
Root_2234,108.054243,42.362848,5,"2;6;8;9;10"
Root_2235,1.410944,18.381408,6,"0;1;6;8;9;10"
Root_2236,84.947194,38.659168,5,"1;6;8;9;10"
Root_2237,2.110944,23.711008,5,"0;6;8;9;10"
Root_2238,109.572611,43.288768,4,"6;8;9;10"
Root_2239,0.000000,14.202422,9,"0;1;2;3;4;5;8;9;10"
Root_2240,78.796659,34.480182,8,"1;2;3;4;5;8;9;10"
Root_2241,0.000000,19.532022,8,"0;2;3;4;5;8;9;10"
Root_2242,98.786432,39.109782,7,"2;3;4;5;8;9;10"
Root_2243,0.071446,15.128342,8,"0;1;3;4;5;8;9;10"
Root_2244,78.842397,35.406102,7,"1;3;4;5;8;9;10"
Root_2245,0.771446,20.457942,7,"0;3;4;5;8;9;10"
Root_2246,98.164192,40.035702,6,"3;4;5;8;9;10"
Root_2247,0.000000,16.115990,8,"0;1;2;4;5;8;9;10"
Root_2248,80.211443,36.393750,7,"1;2;4;5;8;9;10"
Root_2249,0.000000,21.445590,7,"0;2;4;5;8;9;10"
Root_2250,103.496150,41.023350,6,"2;4;5;8;9;10"
Root_2251,0.071446,17.041910,7,"0;1;4;5;8;9;10"
Root_2252,79.589203,37.319670,6,"1;4;5;8;9;10"
Root_2253,0.771446,22.371510,6,"0;4;5;8;9;10"
Root_2254,104.725750,41.949270,5,"4;5;8;9;10"
Root_2255,1.661389,16.424630,8,"0;1;2;3;5;8;9;10"
Root_2256,88.685491,36.702390,7,"1;2;3;5;8;9;10"
Root_2257,2.993654,21.754230,7,"0;2;3;5;8;9;10"
Root_2258,108.633280,41.331990,6,"2;3;5;8;9;10"
Root_2259,2.293654,17.350550,7,"0;1;3;5;8;9;10"
Root_2260,87.137331,37.628310,6,"1;3;5;8;9;10"
Root_2261,3.357709,22.680150,6,"0;3;5;8;9;10"
Root_2262,108.936960,42.257910,5,"3;5;8;9;10"
Root_2263,1.661389,18.338198,7,"0;1;2;5;8;9;10"
Root_2264,90.100275,38.615958,6,"1;2;5;8;9;10"
Root_2265,2.993654,23.667798,6,"0;2;5;8;9;10"
Root_2266,115.233216,43.245558,5,"2;5;8;9;10"
Root_2267,2.293654,19.264118,6,"0;1;5;8;9;10"
Root_2268,89.478035,39.541878,5,"1;5;8;9;10"
Root_2269,3.357709,24.593718,5,"0;5;8;9;10"
Root_2270,116.805773,44.171478,4,"5;8;9;10"
Root_2271,0.688726,15.745622,8,"0;1;2;3;4;8;9;10"
Root_2272,84.969459,36.023382,7,"1;2;3;4;8;9;10"
Root_2273,1.703373,21.075222,7,"0;2;3;4;8;9;10"
Root_2274,103.597610,40.652982,6,"2;3;4;8;9;10"
Root_2275,1.614646,16.671542,7,"0;1;3;4;8;9;10"
Root_2276,83.471997,36.949302,6,"1;3;4;8;9;10"
Root_2277,2.314646,22.001142,6,"0;3;4;8;9;10"
Root_2278,103.554272,41.578902,5,"3;4;8;9;10"
Root_2279,0.688726,17.659190,7,"0;1;2;4;8;9;10"
Root_2280,86.384243,37.936950,6,"1;2;4;8;9;10"
Root_2281,1.703373,22.988790,6,"0;2;4;8;9;10"
Root_2282,109.480160,42.566550,5,"2;4;8;9;10"
Root_2283,1.614646,18.585110,6,"0;1;4;8;9;10"
Root_2284,85.762003,38.862870,5,"1;4;8;9;10"
Root_2285,2.314646,23.914710,5,"0;4;8;9;10"
Root_2286,111.202230,43.492470,4,"4;8;9;10"
Root_2287,4.118189,17.967830,7,"0;1;2;3;8;9;10"
Root_2288,93.373213,38.245590,6,"1;2;3;8;9;10"
Root_2289,5.518189,23.297430,6,"0;2;3;8;9;10"
Root_2290,112.765450,42.875190,5,"2;3;8;9;10"
Root_2291,5.044109,18.893750,6,"0;1;3;8;9;10"
Root_2292,91.825053,39.171510,5,"1;3;8;9;10"
Root_2293,6.573603,24.223350,5,"0;3;8;9;10"
Root_2294,113.870240,43.801110,4,"3;8;9;10"
Root_2295,4.118189,19.881398,6,"0;1;2;8;9;10"
Root_2296,95.273075,40.159158,5,"1;2;8;9;10"
Root_2297,5.518189,25.210998,5,"0;2;8;9;10"
Root_2298,122.361293,44.788758,4,"2;8;9;10"
Root_2299,5.044109,20.807318,5,"0;1;8;9;10"
Root_2300,94.735914,41.085078,4,"1;8;9;10"
Root_2301,6.573603,26.136918,4,"0;8;9;10"
Root_2302,126.368653,45.714678,3,"8;9;10"
Root_2303,0.000000,12.681440,10,"0;1;2;3;4;5;6;7;9;10"
Root_2304,73.312602,33.659200,9,"1;2;3;4;5;6;7;9;10"
Root_2305,0.000000,18.711040,9,"0;2;3;4;5;6;7;9;10"
Root_2306,99.217187,38.288800,8,"2;3;4;5;6;7;9;10"
Root_2307,0.000000,13.607360,9,"0;1;3;4;5;6;7;9;10"
Root_2308,74.179322,34.585120,8,"1;3;4;5;6;7;9;10"
Root_2309,0.000000,19.636960,8,"0;3;4;5;6;7;9;10"
Root_2310,99.520867,39.214720,7,"3;4;5;6;7;9;10"
Root_2311,0.000000,15.295008,9,"0;1;2;4;5;6;7;9;10"
Root_2312,75.300154,35.572768,8,"1;2;4;5;6;7;9;10"
Root_2313,0.000000,20.624608,8,"0;2;4;5;6;7;9;10"
Root_2314,105.357763,40.202368,7,"2;4;5;6;7;9;10"
Root_2315,0.000000,16.220928,8,"0;1;4;5;6;7;9;10"
Root_2316,76.105146,36.498688,7,"1;4;5;6;7;9;10"
Root_2317,0.000000,21.550528,7,"0;4;5;6;7;9;10"
Root_2318,106.587363,41.128288,6,"4;5;6;7;9;10"
Root_2319,0.000000,14.903648,9,"0;1;2;3;5;6;7;9;10"
Root_2320,83.746938,35.881408,8,"1;2;3;5;6;7;9;10"
Root_2321,0.000000,20.933248,8,"0;2;3;5;6;7;9;10"
Root_2322,111.315875,40.511008,7,"2;3;5;6;7;9;10"
Root_2323,0.000000,15.829568,8,"0;1;3;5;6;7;9;10"
Root_2324,83.317370,36.807328,7,"1;3;5;6;7;9;10"
Root_2325,0.000000,21.859168,7,"0;3;5;6;7;9;10"
Root_2326,111.619555,41.436928,6,"3;5;6;7;9;10"
Root_2327,0.000000,17.517216,8,"0;1;2;5;6;7;9;10"
Root_2328,87.075290,37.794976,7,"1;2;5;6;7;9;10"
Root_2329,0.000000,22.846816,7,"0;2;5;6;7;9;10"
Root_2330,117.915811,42.424576,6,"2;5;6;7;9;10"
Root_2331,0.000000,18.443136,7,"0;1;5;6;7;9;10"
Root_2332,87.378970,38.720896,6,"1;5;6;7;9;10"
Root_2333,0.000000,23.772736,6,"0;5;6;7;9;10"
Root_2334,119.145411,43.350496,5,"5;6;7;9;10"
Root_2335,0.000000,14.224640,9,"0;1;2;3;4;6;7;9;10"
Root_2336,79.687802,35.202400,8,"1;2;3;4;6;7;9;10"
Root_2337,0.000000,20.254240,8,"0;2;3;4;6;7;9;10"
Root_2338,105.933187,39.832000,7,"2;3;4;6;7;9;10"
Root_2339,0.000000,15.150560,8,"0;1;3;4;6;7;9;10"
Root_2340,79.937242,36.128320,7,"1;3;4;6;7;9;10"
Root_2341,0.000000,21.180160,7,"0;3;4;6;7;9;10"
Root_2342,106.236867,40.757920,6,"3;4;6;7;9;10"
Root_2343,0.000000,16.838208,8,"0;1;2;4;6;7;9;10"
Root_2344,83.016154,37.115968,7,"1;2;4;6;7;9;10"
Root_2345,0.000000,22.167808,7,"0;2;4;6;7;9;10"
Root_2346,112.162755,41.745568,6,"2;4;6;7;9;10"
Root_2347,0.000000,17.764128,7,"0;1;4;6;7;9;10"
Root_2348,83.319834,38.041888,6,"1;4;6;7;9;10"
Root_2349,0.000000,23.093728,6,"0;4;6;7;9;10"
Root_2350,113.392355,42.671488,5,"4;6;7;9;10"
Root_2351,0.000000,16.446848,8,"0;1;2;3;6;7;9;10"
Root_2352,90.798842,37.424608,7,"1;2;3;6;7;9;10"
Root_2353,0.160352,22.476448,7,"0;2;3;6;7;9;10"
Root_2354,116.269027,42.054208,6,"2;3;6;7;9;10"
Root_2355,0.000000,17.372768,7,"0;1;3;6;7;9;10"
Root_2356,90.176602,38.350528,6,"1;3;6;7;9;10"
Root_2357,1.086272,23.402368,6,"0;3;6;7;9;10"
Root_2358,116.572707,42.980128,5,"3;6;7;9;10"
Root_2359,0.000000,19.060416,7,"0;1;2;6;7;9;10"
Root_2360,94.127194,39.338176,6,"1;2;6;7;9;10"
Root_2361,0.160352,24.390016,6,"0;2;6;7;9;10"
Root_2362,123.466371,43.967776,5,"2;6;7;9;10"
Root_2363,0.386272,19.986336,6,"0;1;6;7;9;10"
Root_2364,94.430874,40.264096,5,"1;6;7;9;10"
Root_2365,1.086272,25.315936,5,"0;6;7;9;10"
Root_2366,126.515587,44.893696,4,"6;7;9;10"
Root_2367,0.000000,15.107350,9,"0;1;2;3;4;5;7;9;10"
Root_2368,85.172854,36.085110,8,"1;2;3;4;5;7;9;10"
Root_2369,0.000000,21.136950,8,"0;2;3;4;5;7;9;10"
Root_2370,112.945494,40.714710,7,"2;3;4;5;7;9;10"
Root_2371,0.000000,16.033270,8,"0;1;3;4;5;7;9;10"
Root_2372,84.550614,37.011030,7,"1;3;4;5;7;9;10"
Root_2373,0.000000,22.062870,7,"0;3;4;5;7;9;10"
Root_2374,113.249174,41.640630,6,"3;4;5;7;9;10"
Root_2375,0.000000,17.720918,8,"0;1;2;4;5;7;9;10"
Root_2376,88.501206,37.998678,7,"1;2;4;5;7;9;10"
Root_2377,0.000000,23.050518,7,"0;2;4;5;7;9;10"
Root_2378,119.545430,42.628278,6,"2;4;5;7;9;10"
Root_2379,0.000000,18.646838,7,"0;1;4;5;7;9;10"
Root_2380,88.804886,38.924598,6,"1;4;5;7;9;10"
Root_2381,0.000000,23.976438,6,"0;4;5;7;9;10"
Root_2382,120.775030,43.554198,5,"4;5;7;9;10"
Root_2383,0.000000,17.329558,8,"0;1;2;3;5;7;9;10"
Root_2384,96.177930,38.307318,7,"1;2;3;5;7;9;10"
Root_2385,1.043062,23.359158,7,"0;2;3;5;7;9;10"
Root_2386,123.077632,42.936918,6,"2;3;5;7;9;10"
Root_2387,0.568982,18.255478,7,"0;1;3;5;7;9;10"
Root_2388,95.555690,39.233238,6,"1;3;5;7;9;10"
Root_2389,2.160205,24.285078,6,"0;3;5;7;9;10"
Root_2390,123.381312,43.862838,5,"3;5;7;9;10"
Root_2391,0.343062,19.943126,7,"0;1;2;5;7;9;10"
Root_2392,100.423456,40.220886,6,"1;2;5;7;9;10"
Root_2393,1.043062,25.272726,6,"0;2;5;7;9;10"
Root_2394,131.378541,44.850486,5,"2;5;7;9;10"
Root_2395,1.268982,20.869046,6,"0;1;5;7;9;10"
Root_2396,100.727136,41.146806,5,"1;5;7;9;10"
Root_2397,2.160205,26.198646,5,"0;5;7;9;10"
Root_2398,134.459981,45.776406,4,"5;7;9;10"
Root_2399,0.000000,16.650550,8,"0;1;2;3;4;7;9;10"
Root_2400,92.021056,37.628310,7,"1;2;3;4;7;9;10"
Root_2401,0.364054,22.680150,7,"0;2;3;4;7;9;10"
Root_2402,117.694944,42.257910,6,"2;3;4;7;9;10"
Root_2403,0.000000,17.576470,7,"0;1;3;4;7;9;10"
Root_2404,91.398816,38.554230,6,"1;3;4;7;9;10"
Root_2405,1.289974,23.606070,6,"0;3;4;7;9;10"
Root_2406,118.182454,43.183830,5,"3;4;7;9;10"
Root_2407,0.000000,19.264118,7,"0;1;2;4;7;9;10"
Root_2408,95.349408,39.541878,6,"1;2;4;7;9;10"
Root_2409,0.364054,24.593718,6,"0;2;4;7;9;10"
Root_2410,125.267469,44.171478,5,"2;4;7;9;10"
Root_2411,0.589974,20.190038,6,"0;1;4;7;9;10"
Root_2412,95.653088,40.467798,5,"1;4;7;9;10"
Root_2413,1.289974,25.519638,5,"0;4;7;9;10"
Root_2414,128.348909,45.097398,4,"4;7;9;10"
Root_2415,1.186262,18.872758,7,"0;1;2;3;7;9;10"
Root_2416,101.350730,39.850518,6,"1;2;3;7;9;10"
Root_2417,3.394765,24.902358,6,"0;2;3;7;9;10"
Root_2418,128.045229,44.480118,5,"2;3;7;9;10"
Root_2419,2.446605,19.798678,6,"0;1;3;7;9;10"
Root_2420,100.728490,40.776438,5,"1;3;7;9;10"
Root_2421,5.246605,25.828278,5,"0;3;7;9;10"
Root_2422,131.126669,45.406038,4,"3;7;9;10"
Root_2423,1.994765,21.486326,6,"0;1;2;7;9;10"
Root_2424,105.666730,41.764086,5,"1;2;7;9;10"
Root_2425,3.394765,26.815926,5,"0;2;7;9;10"
Root_2426,140.015501,46.393686,4,"2;7;9;10"
Root_2427,3.846605,22.412246,5,"0;1;7;9;10"
Root_2428,105.970410,42.690006,4,"1;7;9;10"
Root_2429,5.246605,27.741846,4,"0;7;9;10"
Root_2430,144.022861,47.319606,3,"7;9;10"
Root_2431,0.000000,16.406112,9,"0;1;2;3;4;5;6;9;10"
Root_2432,86.928483,36.683872,8,"1;2;3;4;5;6;9;10"
Root_2433,0.000000,21.735712,8,"0;2;3;4;5;6;9;10"
Root_2434,116.079917,41.313472,7,"2;3;4;5;6;9;10"
Root_2435,0.000000,17.332032,8,"0;1;3;4;5;6;9;10"
Root_2436,86.306243,37.609792,7,"1;3;4;5;6;9;10"
Root_2437,0.345536,22.661632,7,"0;3;4;5;6;9;10"
Root_2438,117.309517,42.239392,6,"3;4;5;6;9;10"
Root_2439,0.000000,18.319680,8,"0;1;2;4;5;6;9;10"
Root_2440,90.256835,38.597440,7,"1;2;4;5;6;9;10"
Root_2441,0.000000,23.649280,7,"0;2;4;5;6;9;10"
Root_2442,124.593421,43.227040,6,"2;4;5;6;9;10"
Root_2443,0.000000,19.245600,7,"0;1;4;5;6;9;10"
Root_2444,90.560515,39.523360,6,"1;4;5;6;9;10"
Root_2445,0.345536,24.575200,6,"0;4;5;6;9;10"
Root_2446,126.748941,44.152960,5,"4;5;6;9;10"
Root_2447,0.941824,18.628320,8,"0;1;2;3;5;6;9;10"
Root_2448,97.360515,38.906080,7,"1;2;3;5;6;9;10"
Root_2449,1.641824,23.957920,7,"0;2;3;5;6;9;10"
Root_2450,127.835501,43.535680,6,"2;3;5;6;9;10"
Root_2451,1.957728,19.554240,7,"0;1;3;5;6;9;10"
Root_2452,96.738275,39.832000,6,"1;3;5;6;9;10"
Root_2453,3.357728,24.883840,6,"0;3;5;6;9;10"
Root_2454,129.526701,44.461600,5,"3;5;6;9;10"
Root_2455,0.941824,20.541888,7,"0;1;2;5;6;9;10"
Root_2456,102.046883,40.819648,6,"1;2;5;6;9;10"
Root_2457,1.641824,25.871488,6,"0;2;5;6;9;10"
Root_2458,137.798253,45.449248,5,"2;5;6;9;10"
Root_2459,1.957728,21.467808,6,"0;1;5;6;9;10"
Root_2460,103.096131,41.745568,5,"1;5;6;9;10"
Root_2461,3.357728,26.797408,5,"0;5;6;9;10"
Root_2462,140.879693,46.375168,4,"5;6;9;10"
Root_2463,0.262816,17.949312,8,"0;1;2;3;4;6;9;10"
Root_2464,93.177923,38.227072,7,"1;2;3;4;6;9;10"
Root_2465,0.962816,23.278912,7,"0;2;3;4;6;9;10"
Root_2466,121.773805,42.856672,6,"2;3;4;6;9;10"
Root_2467,1.188736,18.875232,7,"0;1;3;4;6;9;10"
Root_2468,92.555683,39.152992,6,"1;3;4;6;9;10"
Root_2469,1.999712,24.204832,6,"0;3;4;6;9;10"
Root_2470,123.785997,43.782592,5,"3;4;6;9;10"
Root_2471,0.262816,19.862880,7,"0;1;2;4;6;9;10"
Root_2472,96.972835,40.140640,6,"1;2;4;6;9;10"
Root_2473,0.962816,25.192480,6,"0;2;4;6;9;10"
Root_2474,131.687181,44.770240,5,"2;4;6;9;10"
Root_2475,1.188736,20.788800,6,"0;1;4;6;9;10"
Root_2476,97.343075,41.066560,5,"1;4;6;9;10"
Root_2477,1.999712,26.118400,5,"0;4;6;9;10"
Root_2478,134.768621,45.696160,4,"4;6;9;10"
Root_2479,3.192288,20.171520,7,"0;1;2;3;6;9;10"
Root_2480,102.375395,40.449280,6,"1;2;3;6;9;10"
Root_2481,4.703232,25.501120,6,"0;2;3;6;9;10"
Root_2482,134.464941,45.078880,5,"2;3;6;9;10"
Root_2483,5.044128,21.097440,6,"0;1;3;6;9;10"
Root_2484,102.128355,41.375200,5,"1;3;6;9;10"
Root_2485,6.444128,26.427040,5,"0;3;6;9;10"
Root_2486,137.546381,46.004800,4,"3;6;9;10"
Root_2487,3.192288,22.085088,6,"0;1;2;6;9;10"
Root_2488,108.054243,42.362848,5,"1;2;6;9;10"
Root_2489,4.703232,27.414688,5,"0;2;6;9;10"
Root_2490,146.435213,46.992448,4,"2;6;9;10"
Root_2491,5.084736,23.011008,5,"0;1;6;9;10"
Root_2492,109.572611,43.288768,4,"1;6;9;10"
Root_2493,6.444128,28.340608,4,"0;6;9;10"
Root_2494,150.442573,47.918368,3,"6;9;10"
Root_2495,1.145526,18.832022,8,"0;1;2;3;4;5;9;10"
Root_2496,98.786432,39.109782,7,"1;2;3;4;5;9;10"
Root_2497,1.913293,24.161622,7,"0;2;3;4;5;9;10"
Root_2498,129.668822,43.739382,6,"2;3;4;5;9;10"
Root_2499,2.365133,19.757942,7,"0;1;3;4;5;9;10"
Root_2500,98.164192,40.035702,6,"1;3;4;5;9;10"
Root_2501,3.765133,25.087542,6,"0;3;4;5;9;10"
Root_2502,131.563725,44.665302,5,"3;4;5;9;10"
Root_2503,1.145526,20.745590,7,"0;1;2;4;5;9;10"
Root_2504,103.496150,41.023350,6,"1;2;4;5;9;10"
Root_2505,1.913293,26.075190,6,"0;2;4;5;9;10"
Root_2506,139.835277,45.652950,5,"2;4;5;9;10"
Root_2507,2.365133,21.671510,6,"0;1;4;5;9;10"
Root_2508,104.725750,41.949270,5,"1;4;5;9;10"
Root_2509,3.765133,27.001110,5,"0;4;5;9;10"
Root_2510,142.916717,46.578870,4,"4;5;9;10"
Root_2511,5.251363,21.054230,7,"0;1;2;3;5;9;10"
Root_2512,108.633280,41.331990,6,"1;2;3;5;9;10"
Root_2513,7.283629,26.383830,6,"0;2;3;5;9;10"
Root_2514,142.921677,45.961590,5,"2;3;5;9;10"
Root_2515,6.293654,21.980150,6,"0;1;3;5;9;10"
Root_2516,108.936960,42.257910,5,"1;3;5;9;10"
Root_2517,8.832867,27.309750,5,"0;3;5;9;10"
Root_2518,146.003117,46.887510,4,"3;5;9;10"
Root_2519,5.251363,22.967798,6,"0;1;2;5;9;10"
Root_2520,115.233216,43.245558,5,"1;2;5;9;10"
Root_2521,7.283629,28.297398,5,"0;2;5;9;10"
Root_2522,155.262317,47.875158,4,"2;5;9;10"
Root_2523,6.293654,23.893718,5,"0;1;5;9;10"
Root_2524,116.805773,44.171478,4,"1;5;9;10"
Root_2525,8.432867,29.223318,4,"0;5;9;10"
Root_2526,159.269677,48.801078,3,"5;9;10"
Root_2527,3.599693,20.375222,7,"0;1;2;3;4;9;10"
Root_2528,103.597610,40.652982,6,"1;2;3;4;9;10"
Root_2529,5.314339,25.704822,6,"0;2;3;4;9;10"
Root_2530,136.501965,45.282582,5,"2;3;4;9;10"
Root_2531,5.451533,21.301142,6,"0;1;3;4;9;10"
Root_2532,103.554272,41.578902,5,"1;3;4;9;10"
Root_2533,6.851533,26.630742,5,"0;3;4;9;10"
Root_2534,139.583405,46.208502,4,"3;4;9;10"
Root_2535,3.599693,22.288790,6,"0;1;2;4;9;10"
Root_2536,109.480160,42.566550,5,"1;2;4;9;10"
Root_2537,5.314339,27.618390,5,"0;2;4;9;10"
Root_2538,148.472237,47.196150,4,"2;4;9;10"
Root_2539,5.614646,23.214710,5,"0;1;4;9;10"
Root_2540,111.202230,43.492470,4,"1;4;9;10"
Root_2541,6.851533,28.544310,4,"0;4;9;10"
Root_2542,152.479597,48.122070,3,"4;9;10"
Root_2543,8.118189,22.597430,6,"0;1;2;3;9;10"
Root_2544,112.765450,42.875190,5,"1;2;3;9;10"
Root_2545,11.610627,27.927030,5,"0;2;3;9;10"
Root_2546,151.558637,47.504790,4,"2;3;9;10"
Root_2547,9.044109,23.523350,5,"0;1;3;9;10"
Root_2548,113.870240,43.801110,4,"1;3;9;10"
Root_2549,13.462467,28.852950,4,"0;3;9;10"
Root_2550,155.565997,48.430710,3,"3;9;10"
Root_2551,8.118189,24.510998,5,"0;1;2;9;10"
Root_2552,122.361293,44.788758,4,"1;2;9;10"
Root_2553,11.210627,29.840598,4,"0;2;9;10"
Root_2554,165.442477,49.418358,3,"2;9;10"
Root_2555,9.044109,25.436918,4,"0;1;9;10"
Root_2556,126.368653,45.714678,3,"1;9;10"
Root_2557,13.062467,30.766518,3,"0;9;10"
Root_2558,170.375757,50.344278,2,"9;10"
Root_2559,0.000000,11.344416,10,"0;1;2;3;4;5;6;7;8;10"
Root_2560,57.896771,31.622176,9,"1;2;3;4;5;6;7;8;10"
Root_2561,0.000000,16.674016,9,"0;2;3;4;5;6;7;8;10"
Root_2562,78.723491,36.251776,8,"2;3;4;5;6;7;8;10"
Root_2563,0.000000,12.270336,9,"0;1;3;4;5;6;7;8;10"
Root_2564,59.435043,32.548096,8,"1;3;4;5;6;7;8;10"
Root_2565,0.000000,17.599936,8,"0;3;4;5;6;7;8;10"
Root_2566,79.027171,37.177696,7,"3;4;5;6;7;8;10"
Root_2567,0.000000,13.257984,9,"0;1;2;4;5;6;7;8;10"
Root_2568,58.481827,33.535744,8,"1;2;4;5;6;7;8;10"
Root_2569,0.000000,18.587584,8,"0;2;4;5;6;7;8;10"
Root_2570,83.965411,38.165344,7,"2;4;5;6;7;8;10"
Root_2571,0.000000,14.183904,8,"0;1;4;5;6;7;8;10"
Root_2572,61.323843,34.461664,7,"1;4;5;6;7;8;10"
Root_2573,0.000000,19.513504,7,"0;4;5;6;7;8;10"
Root_2574,85.195011,39.091264,6,"4;5;6;7;8;10"
Root_2575,0.000000,13.566624,9,"0;1;2;3;5;6;7;8;10"
Root_2576,68.665754,33.844384,8,"1;2;3;5;6;7;8;10"
Root_2577,0.000000,18.896224,8,"0;2;3;5;6;7;8;10"
Root_2578,91.651907,38.473984,7,"2;3;5;6;7;8;10"
Root_2579,0.000000,14.492544,8,"0;1;3;5;6;7;8;10"
Root_2580,70.273210,34.770304,7,"1;3;5;6;7;8;10"
Root_2581,0.000000,19.822144,7,"0;3;5;6;7;8;10"
Root_2582,91.955587,39.399904,6,"3;5;6;7;8;10"
Root_2583,0.000000,15.480192,8,"0;1;2;5;6;7;8;10"
Root_2584,71.994106,35.757952,7,"1;2;5;6;7;8;10"
Root_2585,0.000000,20.809792,7,"0;2;5;6;7;8;10"
Root_2586,97.977667,40.387552,6,"2;5;6;7;8;10"
Root_2587,0.000000,16.406112,7,"0;1;5;6;7;8;10"
Root_2588,72.613914,36.683872,6,"1;5;6;7;8;10"
Root_2589,0.000000,21.735712,6,"0;5;6;7;8;10"
Root_2590,99.207267,41.313472,5,"5;6;7;8;10"
Root_2591,0.000000,12.887616,9,"0;1;2;3;4;6;7;8;10"
Root_2592,64.299011,33.165376,8,"1;2;3;4;6;7;8;10"
Root_2593,0.000000,18.217216,8,"0;2;3;4;6;7;8;10"
Root_2594,86.948227,37.794976,7,"2;3;4;6;7;8;10"
Root_2595,0.000000,13.813536,8,"0;1;3;4;6;7;8;10"
Root_2596,66.585475,34.091296,7,"1;3;4;6;7;8;10"
Root_2597,0.000000,19.143136,7,"0;3;4;6;7;8;10"
Root_2598,87.251907,38.720896,6,"3;4;6;7;8;10"
Root_2599,0.000000,14.801184,8,"0;1;2;4;6;7;8;10"
Root_2600,67.627363,35.078944,7,"1;2;4;6;7;8;10"
Root_2601,0.000000,20.130784,7,"0;2;4;6;7;8;10"
Root_2602,92.224611,39.708544,6,"2;4;6;7;8;10"
Root_2603,0.000000,15.727104,7,"0;1;4;6;7;8;10"
Root_2604,68.926179,36.004864,6,"1;4;6;7;8;10"
Root_2605,0.000000,21.056704,6,"0;4;6;7;8;10"
Root_2606,93.454211,40.634464,5,"4;6;7;8;10"
Root_2607,0.000000,15.109824,8,"0;1;2;3;6;7;8;10"
Root_2608,76.381754,35.387584,7,"1;2;3;6;7;8;10"
Root_2609,0.000000,20.439424,7,"0;2;3;6;7;8;10"
Root_2610,98.367907,40.017184,6,"2;3;6;7;8;10"
Root_2611,0.000000,16.035744,7,"0;1;3;6;7;8;10"
Root_2612,76.446010,36.313504,6,"1;3;6;7;8;10"
Root_2613,0.000000,21.365344,6,"0;3;6;7;8;10"
Root_2614,98.671587,40.943104,5,"3;6;7;8;10"
Root_2615,0.000000,17.023392,7,"0;1;2;6;7;8;10"
Root_2616,79.710106,37.301152,6,"1;2;6;7;8;10"
Root_2617,0.000000,22.352992,6,"0;2;6;7;8;10"
Root_2618,104.597475,41.930752,5,"2;6;7;8;10"
Root_2619,0.000000,17.949312,6,"0;1;6;7;8;10"
Root_2620,80.013786,38.227072,5,"1;6;7;8;10"
Root_2621,0.000000,23.278912,5,"0;6;7;8;10"
Root_2622,105.827075,42.856672,4,"6;7;8;10"
Root_2623,0.000000,13.770326,9,"0;1;2;3;4;5;7;8;10"
Root_2624,69.684266,34.048086,8,"1;2;3;4;5;7;8;10"
Root_2625,0.000000,19.099926,8,"0;2;3;4;5;7;8;10"
Root_2626,93.077824,38.677686,7,"2;3;4;5;7;8;10"
Root_2627,0.000000,14.696246,8,"0;1;3;4;5;7;8;10"
Root_2628,71.088019,34.974006,7,"1;3;4;5;7;8;10"
Root_2629,0.000000,20.025846,7,"0;3;4;5;7;8;10"
Root_2630,93.381504,39.603606,6,"3;4;5;7;8;10"
Root_2631,0.000000,15.683894,8,"0;1;2;4;5;7;8;10"
Root_2632,73.012618,35.961654,7,"1;2;4;5;7;8;10"
Root_2633,0.000000,21.013494,7,"0;2;4;5;7;8;10"
Root_2634,99.607286,40.591254,6,"2;4;5;7;8;10"
Root_2635,0.000000,16.609814,7,"0;1;4;5;7;8;10"
Root_2636,73.428723,36.887574,6,"1;4;5;7;8;10"
Root_2637,0.000000,21.939414,6,"0;4;5;7;8;10"
Root_2638,100.836886,41.517174,5,"4;5;7;8;10"
Root_2639,0.000000,15.992534,8,"0;1;2;3;5;7;8;10"
Root_2640,81.795306,36.270294,7,"1;2;3;5;7;8;10"
Root_2641,0.000000,21.322134,7,"0;2;3;5;7;8;10"
Root_2642,105.176512,40.899894,6,"2;3;5;7;8;10"
Root_2643,0.000000,16.918454,7,"0;1;3;5;7;8;10"
Root_2644,81.173066,37.196214,6,"1;3;5;7;8;10"
Root_2645,0.000000,22.248054,6,"0;3;5;7;8;10"
Root_2646,105.480192,41.825814,5,"3;5;7;8;10"
Root_2647,0.000000,17.906102,7,"0;1;2;5;7;8;10"
Root_2648,85.123658,38.183862,6,"1;2;5;7;8;10"
Root_2649,0.000000,23.235702,6,"0;2;5;7;8;10"
Root_2650,111.776448,42.813462,5,"2;5;7;8;10"
Root_2651,0.000000,18.832022,6,"0;1;5;7;8;10"
Root_2652,85.427338,39.109782,5,"1;5;7;8;10"
Root_2653,0.000000,24.161622,5,"0;5;7;8;10"
Root_2654,113.006048,43.739382,4,"5;7;8;10"
Root_2655,0.000000,15.313526,8,"0;1;2;3;4;7;8;10"
Root_2656,77.400266,35.591286,7,"1;2;3;4;7;8;10"
Root_2657,0.000000,20.643126,7,"0;2;3;4;7;8;10"
Root_2658,99.793824,40.220886,6,"2;3;4;7;8;10"
Root_2659,0.000000,16.239446,7,"0;1;3;4;7;8;10"
Root_2660,77.260819,36.517206,6,"1;3;4;7;8;10"
Root_2661,0.000000,21.569046,6,"0;3;4;7;8;10"
Root_2662,100.097504,41.146806,5,"3;4;7;8;10"
Root_2663,0.000000,17.227094,7,"0;1;2;4;7;8;10"
Root_2664,80.728618,37.504854,6,"1;2;4;7;8;10"
Root_2665,0.000000,22.556694,6,"0;2;4;7;8;10"
Root_2666,106.023392,42.134454,5,"2;4;7;8;10"
Root_2667,0.000000,18.153014,6,"0;1;4;7;8;10"
Root_2668,81.032298,38.430774,5,"1;4;7;8;10"
Root_2669,0.000000,23.482614,5,"0;4;7;8;10"
Root_2670,107.313366,43.060374,4,"4;7;8;10"
Root_2671,0.000000,17.535734,7,"0;1;2;3;7;8;10"
Root_2672,88.458323,37.813494,6,"1;2;3;7;8;10"
Root_2673,0.586262,22.865334,6,"0;2;3;7;8;10"
Root_2674,109.740778,42.443094,5,"2;3;7;8;10"
Root_2675,0.812182,18.461654,6,"0;1;3;7;8;10"
Root_2676,87.836083,38.739414,5,"1;3;7;8;10"
Root_2677,1.512182,23.791254,5,"0;3;7;8;10"
Root_2678,110.413472,43.369014,4,"3;7;8;10"
Root_2679,0.000000,19.449302,6,"0;1;2;7;8;10"
Root_2680,91.839658,39.727062,5,"1;2;7;8;10"
Root_2681,0.586262,24.778902,5,"0;2;7;8;10"
Root_2682,118.040333,44.356662,4,"2;7;8;10"
Root_2683,0.812182,20.375222,5,"0;1;7;8;10"
Root_2684,92.143338,40.652982,4,"1;7;8;10"
Root_2685,1.512182,25.704822,4,"0;7;8;10"
Root_2686,122.047693,45.282582,3,"7;8;10"
Root_2687,0.000000,14.369088,9,"0;1;2;3;4;5;6;8;10"
Root_2688,70.276835,34.646848,8,"1;2;3;4;5;6;8;10"
Root_2689,0.000000,19.698688,8,"0;2;3;4;5;6;8;10"
Root_2690,95.396205,39.276448,7,"2;3;4;5;6;8;10"
Root_2691,0.000000,15.295008,8,"0;1;3;4;5;6;8;10"
Root_2692,71.081827,35.572768,7,"1;3;4;5;6;8;10"
Root_2693,0.000000,20.624608,7,"0;3;4;5;6;8;10"
Root_2694,95.699885,40.202368,6,"3;4;5;6;8;10"
Root_2695,0.000000,16.282656,8,"0;1;2;4;5;6;8;10"
Root_2696,73.605187,36.560416,7,"1;2;4;5;6;8;10"
Root_2697,0.000000,21.612256,7,"0;2;4;5;6;8;10"
Root_2698,102.186157,41.190016,6,"2;4;5;6;8;10"
Root_2699,0.000000,17.208576,7,"0;1;4;5;6;8;10"
Root_2700,73.908867,37.486336,6,"1;4;5;6;8;10"
Root_2701,0.000000,22.538176,6,"0;4;5;6;8;10"
Root_2702,104.341677,42.115936,5,"4;5;6;8;10"
Root_2703,0.000000,16.591296,8,"0;1;2;3;5;6;8;10"
Root_2704,82.279331,36.869056,7,"1;2;3;5;6;8;10"
Root_2705,0.000000,21.920896,7,"0;2;3;5;6;8;10"
Root_2706,107.465261,41.498656,6,"2;3;5;6;8;10"
Root_2707,0.000000,17.517216,7,"0;1;3;5;6;8;10"
Root_2708,81.657091,37.794976,6,"1;3;5;6;8;10"
Root_2709,0.567744,22.846816,6,"0;3;5;6;8;10"
Root_2710,108.694861,42.424576,5,"3;5;6;8;10"
Root_2711,0.000000,18.504864,7,"0;1;2;5;6;8;10"
Root_2712,85.750691,38.782624,6,"1;2;5;6;8;10"
Root_2713,0.000000,23.834464,6,"0;2;5;6;8;10"
Root_2714,115.978765,43.412224,5,"2;5;6;8;10"
Root_2715,0.000000,19.430784,6,"0;1;5;6;8;10"
Root_2716,86.054371,39.708544,5,"1;5;6;8;10"
Root_2717,0.567744,24.760384,5,"0;5;6;8;10"
Root_2718,118.472429,44.338144,4,"5;6;8;10"
Root_2719,0.000000,15.912288,8,"0;1;2;3;4;6;8;10"
Root_2720,77.992835,36.190048,7,"1;2;3;4;6;8;10"
Root_2721,0.000000,21.241888,7,"0;2;3;4;6;8;10"
Root_2722,101.583917,40.819648,6,"2;3;4;6;8;10"
Root_2723,0.000000,16.838208,7,"0;1;3;4;6;8;10"
Root_2724,77.370595,37.115968,6,"1;3;4;6;8;10"
Root_2725,0.000000,22.167808,6,"0;3;4;6;8;10"
Root_2726,102.633165,41.745568,5,"3;4;6;8;10"
Root_2727,0.000000,17.825856,7,"0;1;2;4;6;8;10"
Root_2728,81.321187,38.103616,6,"1;2;4;6;8;10"
Root_2729,0.000000,23.155456,6,"0;2;4;6;8;10"
Root_2730,109.546701,42.733216,5,"2;4;6;8;10"
Root_2731,0.000000,18.751776,6,"0;1;4;6;8;10"
Root_2732,81.624867,39.029536,5,"1;4;6;8;10"
Root_2733,0.000000,24.081376,5,"0;4;6;8;10"
Root_2734,112.361357,43.659136,4,"4;6;8;10"
Root_2735,0.485024,18.134496,7,"0;1;2;3;6;8;10"
Root_2736,88.452131,38.412256,6,"1;2;3;6;8;10"
Root_2737,1.295968,23.464096,6,"0;2;3;6;8;10"
Root_2738,113.015821,43.041856,5,"2;3;6;8;10"
Root_2739,1.410944,19.060416,6,"0;1;3;6;8;10"
Root_2740,87.829891,39.338176,5,"1;3;6;8;10"
Root_2741,2.110944,24.390016,5,"0;3;6;8;10"
Root_2742,115.171341,43.967776,4,"3;6;8;10"
Root_2743,0.485024,20.048064,6,"0;1;2;6;8;10"
Root_2744,92.432227,40.325824,5,"1;2;6;8;10"
Root_2745,1.295968,25.377664,5,"0;2;6;8;10"
Root_2746,124.027949,44.955424,4,"2;6;8;10"
Root_2747,1.410944,20.973984,5,"0;1;6;8;10"
Root_2748,92.987651,41.251744,4,"1;6;8;10"
Root_2749,2.110944,26.303584,4,"0;6;8;10"
Root_2750,128.035309,45.881344,3,"6;8;10"
Root_2751,0.000000,16.794998,8,"0;1;2;3;4;5;8;10"
Root_2752,83.297843,37.072758,7,"1;2;3;4;5;8;10"
Root_2753,0.000000,22.124598,7,"0;2;3;4;5;8;10"
Root_2754,109.298582,41.702358,6,"2;3;4;5;8;10"
Root_2755,0.071446,17.720918,7,"0;1;3;4;5;8;10"
Root_2756,82.675603,37.998678,6,"1;3;4;5;8;10"
Root_2757,0.771446,23.050518,6,"0;3;4;5;8;10"
Root_2758,110.528182,42.628278,5,"3;4;5;8;10"
Root_2759,0.000000,18.708566,7,"0;1;2;4;5;8;10"
Root_2760,87.176608,38.986326,6,"1;2;4;5;8;10"
Root_2761,0.000000,24.038166,6,"0;2;4;5;8;10"
Root_2762,117.812086,43.615926,5,"2;4;5;8;10"
Root_2763,0.071446,19.634486,6,"0;1;4;5;8;10"
Root_2764,87.480288,39.912246,5,"1;4;5;8;10"
Root_2765,0.771446,24.964086,5,"0;4;5;8;10"
Root_2766,120.509453,44.541846,4,"4;5;8;10"
Root_2767,1.661389,19.017206,7,"0;1;2;3;5;8;10"
Root_2768,94.042122,39.294966,6,"1;2;3;5;8;10"
Root_2769,2.993654,24.346806,6,"0;2;3;5;8;10"
Root_2770,120.665280,43.924566,5,"2;3;5;8;10"
Root_2771,2.293654,19.943126,6,"0;1;3;5;8;10"
Root_2772,93.419882,40.220886,5,"1;3;5;8;10"
Root_2773,3.357709,25.272726,5,"0;3;5;8;10"
Root_2774,123.595853,44.850486,4,"3;5;8;10"
Root_2775,1.661389,20.930774,6,"0;1;2;5;8;10"
Root_2776,98.937024,41.208534,5,"1;2;5;8;10"
Root_2777,2.993654,26.260374,5,"0;2;5;8;10"
Root_2778,132.855053,45.838134,4,"2;5;8;10"
Root_2779,2.293654,21.856694,5,"0;1;5;8;10"
Root_2780,100.166624,42.134454,4,"1;5;8;10"
Root_2781,3.357709,27.186294,4,"0;5;8;10"
Root_2782,136.862413,46.764054,3,"5;8;10"
Root_2783,0.688726,18.338198,7,"0;1;2;3;4;8;10"
Root_2784,89.470643,38.615958,6,"1;2;3;4;8;10"
Root_2785,1.703373,23.667798,6,"0;2;3;4;8;10"
Root_2786,114.849142,43.245558,5,"2;3;4;8;10"
Root_2787,1.614646,19.264118,6,"0;1;3;4;8;10"
Root_2788,88.848403,39.541878,5,"1;3;4;8;10"
Root_2789,2.314646,24.593718,5,"0;3;4;8;10"
Root_2790,117.176141,44.171478,4,"3;4;8;10"
Root_2791,0.688726,20.251766,6,"0;1;2;4;8;10"
Root_2792,93.654442,40.529526,5,"1;2;4;8;10"
Root_2793,1.703373,25.581366,5,"0;2;4;8;10"
Root_2794,126.064973,45.159126,4,"2;4;8;10"
Root_2795,1.614646,21.177686,5,"0;1;4;8;10"
Root_2796,94.413568,41.455446,4,"1;4;8;10"
Root_2797,2.314646,26.507286,4,"0;4;8;10"
Root_2798,130.072333,46.085046,3,"4;8;10"
Root_2799,4.118189,20.560406,6,"0;1;2;3;8;10"
Root_2800,98.668115,40.838166,5,"1;2;3;8;10"
Root_2801,5.518189,25.890006,5,"0;2;3;8;10"
Root_2802,129.151373,45.467766,4,"2;3;8;10"
Root_2803,5.044109,21.486326,5,"0;1;3;8;10"
Root_2804,98.809962,41.764086,4,"1;3;8;10"
Root_2805,6.573603,26.815926,4,"0;3;8;10"
Root_2806,133.158733,46.393686,3,"3;8;10"
Root_2807,4.118189,22.473974,5,"0;1;2;8;10"
Root_2808,104.735850,42.751734,4,"1;2;8;10"
Root_2809,5.518189,27.803574,4,"0;2;8;10"
Root_2810,143.035213,47.381334,3,"2;8;10"
Root_2811,5.473603,23.399894,4,"0;1;8;10"
Root_2812,106.643104,43.677654,3,"1;8;10"
Root_2813,6.444109,28.729494,3,"0;8;10"
Root_2814,147.968493,48.307254,2,"8;10"
Root_2815,0.000000,15.974016,9,"0;1;2;3;4;5;6;7;10"
Root_2816,78.723491,36.251776,8,"1;2;3;4;5;6;7;10"
Root_2817,0.000000,21.303616,8,"0;2;3;4;5;6;7;10"
Root_2818,111.326861,40.881376,7,"2;3;4;5;6;7;10"
Root_2819,0.000000,16.899936,8,"0;1;3;4;5;6;7;10"
Root_2820,79.027171,37.177696,7,"1;3;4;5;6;7;10"
Root_2821,0.000000,22.229536,7,"0;3;4;5;6;7;10"
Root_2822,112.556461,41.807296,6,"3;4;5;6;7;10"
Root_2823,0.000000,17.887584,8,"0;1;2;4;5;6;7;10"
Root_2824,83.965411,38.165344,7,"1;2;4;5;6;7;10"
Root_2825,0.000000,23.217184,7,"0;2;4;5;6;7;10"
Root_2826,119.840365,42.794944,6,"2;4;5;6;7;10"
Root_2827,0.000000,18.813504,7,"0;1;4;5;6;7;10"
Root_2828,85.195011,39.091264,6,"1;4;5;6;7;10"
Root_2829,0.000000,24.143104,6,"0;4;5;6;7;10"
Root_2830,121.995885,43.720864,5,"4;5;6;7;10"
Root_2831,0.000000,18.196224,8,"0;1;2;3;5;6;7;10"
Root_2832,91.651907,38.473984,7,"1;2;3;5;6;7;10"
Root_2833,0.000000,23.525824,7,"0;2;3;5;6;7;10"
Root_2834,123.514541,43.103584,6,"2;3;5;6;7;10"
Root_2835,0.000000,19.122144,7,"0;1;3;5;6;7;10"
Root_2836,91.955587,39.399904,6,"1;3;5;6;7;10"
Root_2837,0.000000,24.451744,6,"0;3;5;6;7;10"
Root_2838,124.773645,44.029504,5,"3;5;6;7;10"
Root_2839,0.000000,20.109792,7,"0;1;2;5;6;7;10"
Root_2840,97.977667,40.387552,6,"1;2;5;6;7;10"
Root_2841,0.000000,25.439392,6,"0;2;5;6;7;10"
Root_2842,133.045197,45.017152,5,"2;5;6;7;10"
Root_2843,0.000000,21.035712,6,"0;1;5;6;7;10"
Root_2844,99.207267,41.313472,5,"1;5;6;7;10"
Root_2845,0.000000,26.365312,5,"0;5;6;7;10"
Root_2846,136.126637,45.943072,4,"5;6;7;10"
Root_2847,0.000000,17.517216,8,"0;1;2;3;4;6;7;10"
Root_2848,86.948227,37.794976,7,"1;2;3;4;6;7;10"
Root_2849,0.000000,22.846816,7,"0;2;3;4;6;7;10"
Root_2850,117.452845,42.424576,6,"2;3;4;6;7;10"
Root_2851,0.000000,18.443136,7,"0;1;3;4;6;7;10"
Root_2852,87.251907,38.720896,6,"1;3;4;6;7;10"
Root_2853,0.000000,23.772736,6,"0;3;4;6;7;10"
Root_2854,119.032941,43.350496,5,"3;4;6;7;10"
Root_2855,0.000000,19.430784,7,"0;1;2;4;6;7;10"
Root_2856,92.224611,39.708544,6,"1;2;4;6;7;10"
Root_2857,0.000000,24.760384,6,"0;2;4;6;7;10"
Root_2858,126.934125,44.338144,5,"2;4;6;7;10"
Root_2859,0.000000,20.356704,6,"0;1;4;6;7;10"
Root_2860,93.454211,40.634464,5,"1;4;6;7;10"
Root_2861,0.000000,25.686304,5,"0;4;6;7;10"
Root_2862,130.015565,45.264064,4,"4;6;7;10"
Root_2863,0.000000,19.739424,7,"0;1;2;3;6;7;10"
Root_2864,98.367907,40.017184,6,"1;2;3;6;7;10"
Root_2865,0.160352,25.069024,6,"0;2;3;6;7;10"
Root_2866,129.711885,44.646784,5,"2;3;6;7;10"
Root_2867,0.386272,20.665344,6,"0;1;3;6;7;10"
Root_2868,98.671587,40.943104,5,"1;3;6;7;10"
Root_2869,1.086272,25.994944,5,"0;3;6;7;10"
Root_2870,132.793325,45.572704,4,"3;6;7;10"
Root_2871,0.000000,21.652992,6,"0;1;2;6;7;10"
Root_2872,104.597475,41.930752,5,"1;2;6;7;10"
Root_2873,0.160352,26.982592,5,"0;2;6;7;10"
Root_2874,141.682157,46.560352,4,"2;6;7;10"
Root_2875,0.386272,22.578912,5,"0;1;6;7;10"
Root_2876,105.827075,42.856672,4,"1;6;7;10"
Root_2877,1.086272,27.908512,4,"0;6;7;10"
Root_2878,145.689517,47.486272,3,"6;7;10"
Root_2879,0.000000,18.399926,8,"0;1;2;3;4;5;7;10"
Root_2880,93.077824,38.677686,7,"1;2;3;4;5;7;10"
Root_2881,0.000000,23.729526,7,"0;2;3;4;5;7;10"
Root_2882,125.347862,43.307286,6,"2;3;4;5;7;10"
Root_2883,0.000000,19.325846,7,"0;1;3;4;5;7;10"
Root_2884,93.381504,39.603606,6,"1;3;4;5;7;10"
Root_2885,0.000000,24.655446,6,"0;3;4;5;7;10"
Root_2886,126.810669,44.233206,5,"3;4;5;7;10"
Root_2887,0.000000,20.313494,7,"0;1;2;4;5;7;10"
Root_2888,99.607286,40.591254,6,"1;2;4;5;7;10"
Root_2889,0.000000,25.643094,6,"0;2;4;5;7;10"
Root_2890,135.082221,45.220854,5,"2;4;5;7;10"
Root_2891,0.000000,21.239414,6,"0;1;4;5;7;10"
Root_2892,100.836886,41.517174,5,"1;4;5;7;10"
Root_2893,0.000000,26.569014,5,"0;4;5;7;10"
Root_2894,138.163661,46.146774,4,"4;5;7;10"
Root_2895,0.343062,20.622134,7,"0;1;2;3;5;7;10"
Root_2896,105.176512,40.899894,6,"1;2;3;5;7;10"
Root_2897,1.043062,25.951734,6,"0;2;3;5;7;10"
Root_2898,138.168621,45.529494,5,"2;3;5;7;10"
Root_2899,1.268982,21.548054,6,"0;1;3;5;7;10"
Root_2900,105.480192,41.825814,5,"1;3;5;7;10"
Root_2901,2.160205,26.877654,5,"0;3;5;7;10"
Root_2902,141.250061,46.455414,4,"3;5;7;10"
Root_2903,0.343062,22.535702,6,"0;1;2;5;7;10"
Root_2904,111.776448,42.813462,5,"1;2;5;7;10"
Root_2905,1.043062,27.865302,5,"0;2;5;7;10"
Root_2906,150.509261,47.443062,4,"2;5;7;10"
Root_2907,1.760205,23.461622,5,"0;1;5;7;10"
Root_2908,113.006048,43.739382,4,"1;5;7;10"
Root_2909,1.968982,28.791222,4,"0;5;7;10"
Root_2910,154.516621,48.368982,3,"5;7;10"
Root_2911,0.000000,19.943126,7,"0;1;2;3;4;7;10"
Root_2912,99.793824,40.220886,6,"1;2;3;4;7;10"
Root_2913,0.364054,25.272726,6,"0;2;3;4;7;10"
Root_2914,131.748909,44.850486,5,"2;3;4;7;10"
Root_2915,0.589974,20.869046,6,"0;1;3;4;7;10"
Root_2916,100.097504,41.146806,5,"1;3;4;7;10"
Root_2917,1.289974,26.198646,5,"0;3;4;7;10"
Root_2918,134.830349,45.776406,4,"3;4;7;10"
Root_2919,0.000000,21.856694,6,"0;1;2;4;7;10"
Root_2920,106.023392,42.134454,5,"1;2;4;7;10"
Root_2921,0.364054,27.186294,5,"0;2;4;7;10"
Root_2922,143.719181,46.764054,4,"2;4;7;10"
Root_2923,0.589974,22.782614,5,"0;1;4;7;10"
Root_2924,107.313366,43.060374,4,"1;4;7;10"
Root_2925,1.289974,28.112214,4,"0;4;7;10"
Root_2926,147.726541,47.689974,3,"4;7;10"
Root_2927,1.994765,22.165334,6,"0;1;2;3;7;10"
Root_2928,109.740778,42.443094,5,"1;2;3;7;10"
Root_2929,3.394765,27.494934,5,"0;2;3;7;10"
Root_2930,146.805581,47.072694,4,"2;3;7;10"
Root_2931,3.967459,23.091254,5,"0;1;3;7;10"
Root_2932,110.413472,43.369014,4,"1;3;7;10"
Root_2933,5.246605,28.420854,4,"0;3;7;10"
Root_2934,150.812941,47.998614,3,"3;7;10"
Root_2935,2.994765,24.078902,5,"0;1;2;7;10"
Root_2936,118.040333,44.356662,4,"1;2;7;10"
Root_2937,2.994765,29.408502,4,"0;2;7;10"
Root_2938,160.689421,48.986262,3,"2;7;10"
Root_2939,4.812182,25.004822,4,"0;1;7;10"
Root_2940,122.047693,45.282582,3,"1;7;10"
Root_2941,4.846605,30.334422,3,"0;7;10"
Root_2942,165.622701,49.912182,2,"7;10"
Root_2943,0.000000,18.998688,8,"0;1;2;3;4;5;6;10"
Root_2944,95.396205,39.276448,7,"1;2;3;4;5;6;10"
Root_2945,0.000000,24.328288,7,"0;2;3;4;5;6;10"
Root_2946,131.241526,43.906048,6,"2;3;4;5;6;10"
Root_2947,0.000000,19.924608,7,"0;1;3;4;5;6;10"
Root_2948,95.699885,40.202368,6,"1;3;4;5;6;10"
Root_2949,0.345536,25.254208,6,"0;3;4;5;6;10"
Root_2950,133.397046,44.831968,5,"3;4;5;6;10"
Root_2951,0.000000,20.912256,7,"0;1;2;4;5;6;10"
Root_2952,102.186157,41.190016,6,"1;2;4;5;6;10"
Root_2953,0.000000,26.241856,6,"0;2;4;5;6;10"
Root_2954,141.668598,45.819616,5,"2;4;5;6;10"
Root_2955,0.000000,21.838176,6,"0;1;4;5;6;10"
Root_2956,104.341677,42.115936,5,"1;4;5;6;10"
Root_2957,0.345536,27.167776,5,"0;4;5;6;10"
Root_2958,144.750038,46.745536,4,"4;5;6;10"
Root_2959,0.941824,21.220896,7,"0;1;2;3;5;6;10"
Root_2960,107.465261,41.498656,6,"1;2;3;5;6;10"
Root_2961,1.641824,26.550496,6,"0;2;3;5;6;10"
Root_2962,144.754998,46.128256,5,"2;3;5;6;10"
Root_2963,1.957728,22.146816,6,"0;1;3;5;6;10"
Root_2964,108.694861,42.424576,5,"1;3;5;6;10"
Root_2965,3.357728,27.476416,5,"0;3;5;6;10"
Root_2966,147.836438,47.054176,4,"3;5;6;10"
Root_2967,1.105888,23.134464,6,"0;1;2;5;6;10"
Root_2968,115.978765,43.412224,5,"1;2;5;6;10"
Root_2969,1.641824,28.464064,5,"0;2;5;6;10"
Root_2970,157.095638,48.041824,4,"2;5;6;10"
Root_2971,2.957728,24.060384,5,"0;1;5;6;10"
Root_2972,118.472429,44.338144,4,"1;5;6;10"
Root_2973,2.957728,29.389984,4,"0;5;6;10"
Root_2974,161.102998,48.967744,3,"5;6;10"
Root_2975,0.262816,20.541888,7,"0;1;2;3;4;6;10"
Root_2976,101.583917,40.819648,6,"1;2;3;4;6;10"
Root_2977,0.962816,25.871488,6,"0;2;3;4;6;10"
Root_2978,138.335286,45.449248,5,"2;3;4;6;10"
Root_2979,1.188736,21.467808,6,"0;1;3;4;6;10"
Root_2980,102.633165,41.745568,5,"1;3;4;6;10"
Root_2981,1.999712,26.797408,5,"0;3;4;6;10"
Root_2982,141.416726,46.375168,4,"3;4;6;10"
Root_2983,0.262816,22.455456,6,"0;1;2;4;6;10"
Root_2984,109.546701,42.733216,5,"1;2;4;6;10"
Root_2985,0.962816,27.785056,5,"0;2;4;6;10"
Root_2986,150.305558,47.362816,4,"2;4;6;10"
Root_2987,1.599712,23.381376,5,"0;1;4;6;10"
Root_2988,112.361357,43.659136,4,"1;4;6;10"
Root_2989,1.888736,28.710976,4,"0;4;6;10"
Root_2990,154.312918,48.288736,3,"4;6;10"
Root_2991,3.192288,22.764096,6,"0;1;2;3;6;10"
Root_2992,113.015821,43.041856,5,"1;2;3;6;10"
Root_2993,4.703232,28.093696,5,"0;2;3;6;10"
Root_2994,153.391958,47.671456,4,"2;3;6;10"
Root_2995,5.410944,23.690016,5,"0;1;3;6;10"
Root_2996,115.171341,43.967776,4,"1;3;6;10"
Root_2997,6.463744,29.019616,4,"0;3;6;10"
Root_2998,157.399318,48.597376,3,"3;6;10"
Root_2999,4.192288,24.677664,5,"0;1;2;6;10"
Root_3000,124.027949,44.955424,4,"1;2;6;10"
Root_3001,4.303232,30.007264,4,"0;2;6;10"
Root_3002,167.275798,49.585024,3,"2;6;10"
Root_3003,5.410944,25.603584,4,"0;1;6;10"
Root_3004,128.035309,45.881344,3,"1;6;10"
Root_3005,6.044128,30.933184,3,"0;6;10"
Root_3006,172.209078,50.510944,2,"6;10"
Root_3007,1.145526,21.424598,7,"0;1;2;3;4;5;10"
Root_3008,109.298582,41.702358,6,"1;2;3;4;5;10"
Root_3009,1.913293,26.754198,6,"0;2;3;4;5;10"
Root_3010,146.995725,46.331958,5,"2;3;4;5;10"
Root_3011,2.365133,22.350518,6,"0;1;3;4;5;10"
Root_3012,110.528182,42.628278,5,"1;3;4;5;10"
Root_3013,3.765133,27.680118,5,"0;3;4;5;10"
Root_3014,150.077165,47.257878,4,"3;4;5;10"
Root_3015,1.513293,23.338166,6,"0;1;2;4;5;10"
Root_3016,117.812086,43.615926,5,"1;2;4;5;10"
Root_3017,1.845526,28.667766,5,"0;2;4;5;10"
Root_3018,159.336365,48.245526,4,"2;4;5;10"
Root_3019,3.365133,24.264086,5,"0;1;4;5;10"
Root_3020,120.509453,44.541846,4,"1;4;5;10"
Root_3021,3.365133,29.593686,4,"0;4;5;10"
Root_3022,163.343725,49.171446,3,"4;5;10"
Root_3023,5.661389,23.646806,6,"0;1;2;3;5;10"
Root_3024,120.665280,43.924566,5,"1;2;3;5;10"
Root_3025,7.283629,28.976406,5,"0;2;3;5;10"
Root_3026,162.731405,48.554166,4,"2;3;5;10"
Root_3027,6.293654,24.572726,5,"0;1;3;5;10"
Root_3028,123.595853,44.850486,4,"1;3;5;10"
Root_3029,9.111875,29.902326,4,"0;3;5;10"
Root_3030,166.738765,49.480086,3,"3;5;10"
Root_3031,5.661389,25.560374,5,"0;1;2;5;10"
Root_3032,132.855053,45.838134,4,"1;2;5;10"
Root_3033,6.883629,30.889974,4,"0;2;5;10"
Root_3034,176.985613,50.467734,3,"2;5;10"
Root_3035,6.293654,26.486294,4,"0;1;5;10"
Root_3036,136.862413,46.764054,3,"1;5;10"
Root_3037,8.625443,31.815894,3,"0;5;10"
Root_3038,181.918893,51.393654,2,"5;10"
Root_3039,3.599693,22.967798,6,"0;1;2;3;4;10"
Root_3040,114.849142,43.245558,5,"1;2;3;4;10"
Root_3041,5.314339,28.297398,5,"0;2;3;4;10"
Root_3042,155.632685,47.875158,4,"2;3;4;10"
Root_3043,5.614646,23.893718,5,"0;1;3;4;10"
Root_3044,117.176141,44.171478,4,"1;3;4;10"
Root_3045,7.074851,29.223318,4,"0;3;4;10"
Root_3046,159.640045,48.801078,3,"3;4;10"
Root_3047,4.599693,24.881366,5,"0;1;2;4;10"
Root_3048,126.064973,45.159126,4,"1;2;4;10"
Root_3049,4.914339,30.210966,4,"0;2;4;10"
Root_3050,169.516525,49.788726,3,"2;4;10"
Root_3051,5.614646,25.807286,4,"0;1;4;10"
Root_3052,130.072333,46.085046,3,"1;4;10"
Root_3053,6.588419,31.136886,3,"0;4;10"
Root_3054,174.449805,50.714646,2,"4;10"
Root_3055,8.118189,25.190006,5,"0;1;2;3;10"
Root_3056,129.151373,45.467766,4,"1;2;3;10"
Root_3057,11.889635,30.519606,4,"0;2;3;10"
Root_3058,172.911565,50.097366,3,"2;3;10"
Root_3059,9.044109,26.115926,4,"0;1;3;10"
Root_3060,133.158733,46.393686,3,"1;3;10"
Root_3061,14.187002,31.445526,3,"0;3;10"
Root_3062,177.844845,51.023286,2,"3;10"
Root_3063,8.118189,27.103574,4,"0;1;2;10"
Root_3064,143.035213,47.381334,3,"1;2;10"
Root_3065,12.269552,32.433174,3,"0;2;10"
Root_3066,188.708973,52.010934,2,"2;10"
Root_3067,9.044109,28.029494,3,"0;1;10"
Root_3068,147.968493,48.307254,2,"1;10"
Root_3069,15.973232,33.359094,2,"0;10"
Root_3070,194.568173,52.936854,1,"10"
Root_3071,0.000000,8.977760,10,"0;1;2;3;4;5;6;7;8;9"
Root_3072,67.090618,29.955520,9,"1;2;3;4;5;6;7;8;9"
Root_3073,0.000000,15.007360,9,"0;2;3;4;5;6;7;8;9"
Root_3074,81.569210,34.585120,8,"2;3;4;5;6;7;8;9"
Root_3075,0.000000,9.903680,9,"0;1;3;4;5;6;7;8;9"
Root_3076,68.942458,30.881440,8,"1;3;4;5;6;7;8;9"
Root_3077,0.000000,15.933280,8,"0;3;4;5;6;7;8;9"
Root_3078,81.735930,35.511040,7,"3;4;5;6;7;8;9"
Root_3079,0.000000,11.591328,9,"0;1;2;4;5;6;7;8;9"
Root_3080,65.035098,31.869088,8,"1;2;4;5;6;7;8;9"
Root_3081,0.000000,16.920928,8,"0;2;4;5;6;7;8;9"
Root_3082,84.197562,36.498688,7,"2;4;5;6;7;8;9"
Root_3083,0.000000,12.517248,8,"0;1;4;5;6;7;8;9"
Root_3084,66.756026,32.795008,7,"1;4;5;6;7;8;9"
Root_3085,0.000000,17.846848,7,"0;4;5;6;7;8;9"
Root_3086,83.801242,37.424608,6,"4;5;6;7;8;9"
Root_3087,0.000000,11.199968,9,"0;1;2;3;5;6;7;8;9"
Root_3088,75.139802,32.177728,8,"1;2;3;5;6;7;8;9"
Root_3089,0.000000,17.229568,8,"0;2;3;5;6;7;8;9"
Root_3090,93.242074,36.807328,7,"2;3;5;6;7;8;9"
Root_3091,0.000000,12.125888,8,"0;1;3;5;6;7;8;9"
Root_3092,75.965722,33.103648,7,"1;3;5;6;7;8;9"
Root_3093,0.000000,18.155488,7,"0;3;5;6;7;8;9"
Root_3094,91.919834,37.733248,6,"3;5;6;7;8;9"
Root_3095,0.000000,13.813536,8,"0;1;2;5;6;7;8;9"
Root_3096,75.032314,34.091296,7,"1;2;5;6;7;8;9"
Root_3097,0.000000,19.143136,7,"0;2;5;6;7;8;9"
Root_3098,96.240794,38.720896,6,"2;5;6;7;8;9"
Root_3099,0.000000,14.739456,7,"0;1;5;6;7;8;9"
Root_3100,75.692858,35.017216,6,"1;5;6;7;8;9"
Root_3101,0.000000,20.069056,6,"0;5;6;7;8;9"
Root_3102,95.844474,39.646816,5,"5;6;7;8;9"
Root_3103,0.000000,10.520960,9,"0;1;2;3;4;6;7;8;9"
Root_3104,72.646138,31.498720,8,"1;2;3;4;6;7;8;9"
Root_3105,0.000000,16.550560,8,"0;2;3;4;6;7;8;9"
Root_3106,89.217402,36.128320,7,"2;3;4;6;7;8;9"
Root_3107,0.000000,11.446880,8,"0;1;3;4;6;7;8;9"
Root_3108,73.572058,32.424640,7,"1;3;4;6;7;8;9"
Root_3109,0.000000,17.476480,7,"0;3;4;6;7;8;9"
Root_3110,87.895162,37.054240,6,"3;4;6;7;8;9"
Root_3111,0.000000,13.134528,8,"0;1;2;4;6;7;8;9"
Root_3112,71.384282,33.412288,7,"1;2;4;6;7;8;9"
Root_3113,0.000000,18.464128,7,"0;2;4;6;7;8;9"
Root_3114,91.845754,38.041888,6,"2;4;6;7;8;9"
Root_3115,0.000000,14.060448,7,"0;1;4;6;7;8;9"
Root_3116,72.723834,34.338208,6,"1;4;6;7;8;9"
Root_3117,0.000000,19.390048,6,"0;4;6;7;8;9"
Root_3118,91.449434,38.967808,5,"4;6;7;8;9"
Root_3119,0.000000,12.743168,8,"0;1;2;3;6;7;8;9"
Root_3120,81.780538,33.720928,7,"1;2;3;6;7;8;9"
Root_3121,0.000000,18.772768,7,"0;2;3;6;7;8;9"
Root_3122,99.038426,38.350528,6,"2;3;6;7;8;9"
Root_3123,0.000000,13.669088,7,"0;1;3;6;7;8;9"
Root_3124,81.885530,34.646848,6,"1;3;6;7;8;9"
Root_3125,0.712192,19.698688,6,"0;3;6;7;8;9"
Root_3126,97.716186,39.276448,5,"3;6;7;8;9"
Root_3127,0.000000,15.356736,7,"0;1;2;6;7;8;9"
Root_3128,82.495322,35.634496,6,"1;2;6;7;8;9"
Root_3129,0.000000,20.686336,6,"0;2;6;7;8;9"
Root_3130,101.666778,40.264096,5,"2;6;7;8;9"
Root_3131,0.012192,16.282656,6,"0;1;6;7;8;9"
Root_3132,81.612666,36.560416,5,"1;6;7;8;9"
Root_3133,0.712192,21.612256,5,"0;6;7;8;9"
Root_3134,101.270458,41.190016,4,"6;7;8;9"
Root_3135,0.000000,11.403670,9,"0;1;2;3;4;5;7;8;9"
Root_3136,76.158314,32.381430,8,"1;2;3;4;5;7;8;9"
Root_3137,0.000000,17.433270,8,"0;2;3;4;5;7;8;9"
Root_3138,94.464288,37.011030,7,"2;3;4;5;7;8;9"
Root_3139,0.000000,12.329590,8,"0;1;3;4;5;7;8;9"
Root_3140,76.984234,33.307350,7,"1;3;4;5;7;8;9"
Root_3141,0.000000,18.359190,7,"0;3;4;5;7;8;9"
Root_3142,93.142048,37.936950,6,"3;4;5;7;8;9"
Root_3143,0.000000,14.017238,8,"0;1;2;4;5;7;8;9"
Root_3144,76.254528,34.294998,7,"1;2;4;5;7;8;9"
Root_3145,0.000000,19.346838,7,"0;2;4;5;7;8;9"
Root_3146,97.463008,38.924598,6,"2;4;5;7;8;9"
Root_3147,0.000000,14.943158,7,"0;1;4;5;7;8;9"
Root_3148,76.711370,35.220918,6,"1;4;5;7;8;9"
Root_3149,0.000000,20.272758,6,"0;4;5;7;8;9"
Root_3150,97.066688,39.850518,5,"4;5;7;8;9"
Root_3151,0.000000,13.625878,8,"0;1;2;3;5;7;8;9"
Root_3152,86.144714,34.603638,7,"1;2;3;5;7;8;9"
Root_3153,0.668982,19.655478,7,"0;2;3;5;7;8;9"
Root_3154,104.081610,39.233238,6,"2;3;5;7;8;9"
Root_3155,0.194902,14.551798,7,"0;1;3;5;7;8;9"
Root_3156,85.366995,35.529558,6,"1;3;5;7;8;9"
Root_3157,1.594902,20.581398,6,"0;3;5;7;8;9"
Root_3158,102.759370,40.159158,5,"3;5;7;8;9"
Root_3159,0.000000,16.239446,7,"0;1;2;5;7;8;9"
Root_3160,86.859498,36.517206,6,"1;2;5;7;8;9"
Root_3161,0.668982,21.569046,6,"0;2;5;7;8;9"
Root_3162,107.080330,41.146806,5,"2;5;7;8;9"
Root_3163,0.894902,17.165366,6,"0;1;5;7;8;9"
Root_3164,85.537258,37.443126,5,"1;5;7;8;9"
Root_3165,1.594902,22.494966,5,"0;5;7;8;9"
Root_3166,106.684010,42.072726,4,"5;7;8;9"
Root_3167,0.000000,12.946870,8,"0;1;2;3;4;7;8;9"
Root_3168,82.799050,33.924630,7,"1;2;3;4;7;8;9"
Root_3169,0.000000,18.976470,7,"0;2;3;4;7;8;9"
Root_3170,100.056938,38.554230,6,"2;3;4;7;8;9"
Root_3171,0.000000,13.872790,7,"0;1;3;4;7;8;9"
Root_3172,82.700339,34.850550,6,"1;3;4;7;8;9"
Root_3173,0.915894,19.902390,6,"0;3;4;7;8;9"
Root_3174,98.734698,39.480150,5,"3;4;7;8;9"
Root_3175,0.000000,15.560438,7,"0;1;2;4;7;8;9"
Root_3176,83.513834,35.838198,6,"1;2;4;7;8;9"
Root_3177,0.000000,20.890038,6,"0;2;4;7;8;9"
Root_3178,102.685290,40.467798,5,"2;4;7;8;9"
Root_3179,0.215894,16.486358,6,"0;1;4;7;8;9"
Root_3180,82.427475,36.764118,5,"1;4;7;8;9"
Root_3181,0.915894,21.815958,5,"0;4;7;8;9"
Root_3182,102.288970,41.393718,4,"4;7;8;9"
Root_3183,0.812182,15.169078,7,"0;1;2;3;7;8;9"
Root_3184,92.231187,36.146838,6,"1;2;3;7;8;9"
Root_3185,3.300877,21.198678,6,"0;2;3;7;8;9"
Root_3186,107.452051,40.776438,5,"2;3;7;8;9"
Root_3187,1.738102,16.094998,6,"0;1;3;7;8;9"
Root_3188,89.983027,37.072758,5,"1;3;7;8;9"
Root_3189,3.809379,22.124598,5,"0;3;7;8;9"
Root_3190,106.129811,41.702358,4,"3;7;8;9"
Root_3191,1.950285,17.782646,6,"0;1;2;7;8;9"
Root_3192,92.945971,38.060406,5,"1;2;7;8;9"
Root_3193,3.300877,23.112246,5,"0;2;7;8;9"
Root_3194,110.080403,42.690006,4,"2;7;8;9"
Root_3195,2.438102,18.708566,5,"0;1;7;8;9"
Root_3196,91.623731,38.986326,4,"1;7;8;9"
Root_3197,3.809379,24.038166,4,"0;7;8;9"
Root_3198,110.300010,43.615926,3,"7;8;9"
Root_3199,0.000000,12.702432,9,"0;1;2;3;4;5;6;8;9"
Root_3200,76.750883,32.980192,8,"1;2;3;4;5;6;8;9"
Root_3201,0.000000,18.032032,8,"0;2;3;4;5;6;8;9"
Root_3202,96.087715,37.609792,7,"2;3;4;5;6;8;9"
Root_3203,0.000000,13.628352,8,"0;1;3;4;5;6;8;9"
Root_3204,77.576803,33.906112,7,"1;3;4;5;6;8;9"
Root_3205,0.000000,18.957952,7,"0;3;4;5;6;8;9"
Root_3206,94.765475,38.535712,6,"3;4;5;6;8;9"
Root_3207,0.000000,14.616000,8,"0;1;2;4;5;6;8;9"
Root_3208,77.445859,34.893760,7,"1;2;4;5;6;8;9"
Root_3209,0.000000,19.945600,7,"0;2;4;5;6;8;9"
Root_3210,99.086435,39.523360,6,"2;4;5;6;8;9"
Root_3211,0.000000,15.541920,7,"0;1;4;5;6;8;9"
Root_3212,77.303939,35.819680,6,"1;4;5;6;8;9"
Root_3213,0.000000,20.871520,6,"0;4;5;6;8;9"
Root_3214,98.690115,40.449280,5,"4;5;6;8;9"
Root_3215,0.567744,14.924640,8,"0;1;2;3;5;6;8;9"
Root_3216,86.570618,35.202400,7,"1;2;3;5;6;8;9"
Root_3217,1.461408,20.254240,7,"0;2;3;5;6;8;9"
Root_3218,105.106275,39.832000,6,"2;3;5;6;8;9"
Root_3219,1.493664,15.850560,7,"0;1;3;5;6;8;9"
Root_3220,85.194138,36.128320,6,"1;3;5;6;8;9"
Root_3221,2.193664,21.180160,6,"0;3;5;6;8;9"
Root_3222,103.784035,40.757920,5,"3;5;6;8;9"
Root_3223,0.567744,16.838208,7,"0;1;2;5;6;8;9"
Root_3224,87.285402,37.115968,6,"1;2;5;6;8;9"
Root_3225,1.461408,22.167808,6,"0;2;5;6;8;9"
Root_3226,108.850563,41.745568,5,"2;5;6;8;9"
Root_3227,1.493664,17.764128,6,"0;1;5;6;8;9"
Root_3228,85.963162,38.041888,5,"1;5;6;8;9"
Root_3229,2.193664,23.093728,5,"0;5;6;8;9"
Root_3230,109.380163,42.671488,4,"5;6;8;9"
Root_3231,0.000000,14.245632,8,"0;1;2;3;4;6;8;9"
Root_3232,83.169498,34.523392,7,"1;2;3;4;6;8;9"
Root_3233,0.588736,19.575232,7,"0;2;3;4;6;8;9"
Root_3234,101.081603,39.152992,6,"2;3;4;6;8;9"
Root_3235,0.814656,15.171552,7,"0;1;3;4;6;8;9"
Root_3236,82.472026,35.449312,6,"1;3;4;6;8;9"
Root_3237,1.514656,20.501152,6,"0;3;4;6;8;9"
Root_3238,99.759363,40.078912,5,"3;4;6;8;9"
Root_3239,0.000000,16.159200,7,"0;1;2;4;6;8;9"
Root_3240,83.884282,36.436960,6,"1;2;4;6;8;9"
Root_3241,0.588736,21.488800,6,"0;2;4;6;8;9"
Root_3242,103.776515,41.066560,5,"2;4;6;8;9"
Root_3243,0.814656,17.085120,6,"0;1;4;6;8;9"
Root_3244,82.562042,37.362880,5,"1;4;6;8;9"
Root_3245,1.514656,22.414720,5,"0;4;6;8;9"
Root_3246,104.306115,41.992480,4,"4;6;8;9"
Root_3247,3.036864,16.467840,7,"0;1;2;3;6;8;9"
Root_3248,92.058330,36.745600,6,"1;2;3;6;8;9"
Root_3249,3.918208,21.797440,6,"0;2;3;6;8;9"
Root_3250,108.253155,41.375200,5,"2;3;6;8;9"
Root_3251,3.444128,17.393760,6,"0;1;3;6;8;9"
Root_3252,89.810170,37.671520,5,"1;3;6;8;9"
Root_3253,4.844128,22.723360,5,"0;3;6;8;9"
Root_3254,107.856835,42.301120,4,"3;6;8;9"
Root_3255,3.036864,18.381408,6,"0;1;2;6;8;9"
Root_3256,92.773114,38.659168,5,"1;2;6;8;9"
Root_3257,3.918208,23.711008,5,"0;2;6;8;9"
Root_3258,113.083843,43.288768,4,"2;6;8;9"
Root_3259,3.444128,19.307328,5,"0;1;6;8;9"
Root_3260,91.450874,39.585088,4,"1;6;8;9"
Root_3261,4.844128,24.636928,4,"0;6;8;9"
Root_3262,114.968739,44.214688,3,"6;8;9"
Root_3263,0.771446,15.128342,8,"0;1;2;3;4;5;8;9"
Root_3264,87.589130,35.406102,7,"1;2;3;4;5;8;9"
Root_3265,1.868813,20.457942,7,"0;2;3;4;5;8;9"
Root_3266,106.328490,40.035702,6,"2;3;4;5;8;9"
Root_3267,1.697366,16.054262,7,"0;1;3;4;5;8;9"
Root_3268,86.008947,36.332022,6,"1;3;4;5;8;9"
Root_3269,2.397366,21.383862,6,"0;3;4;5;8;9"
Root_3270,105.006250,40.961622,5,"3;4;5;8;9"
Root_3271,0.771446,17.041910,7,"0;1;2;4;5;8;9"
Root_3272,88.303914,37.319670,6,"1;2;4;5;8;9"
Root_3273,1.868813,22.371510,6,"0;2;4;5;8;9"
Root_3274,110.276480,41.949270,5,"2;4;5;8;9"
Root_3275,1.697366,17.967830,6,"0;1;4;5;8;9"
Root_3276,86.981674,38.245590,5,"1;4;5;8;9"
Root_3277,2.397366,23.297430,5,"0;4;5;8;9"
Root_3278,110.806080,42.875190,4,"4;5;8;9"
Root_3279,4.283629,17.350550,7,"0;1;2;3;5;8;9"
Root_3280,96.218803,37.628310,6,"1;2;3;5;8;9"
Root_3281,5.683629,22.680150,6,"0;2;3;5;8;9"
Root_3282,114.179050,42.257910,5,"2;3;5;8;9"
Root_3283,5.209549,18.276470,6,"0;1;3;5;8;9"
Root_3284,93.970643,38.554230,5,"1;3;5;8;9"
Root_3285,6.821763,23.606070,5,"0;3;5;8;9"
Root_3286,113.782730,43.183830,4,"3;5;8;9"
Root_3287,4.283629,19.264118,6,"0;1;2;5;8;9"
Root_3288,97.303955,39.541878,5,"1;2;5;8;9"
Root_3289,5.683629,24.593718,5,"0;2;5;8;9"
Root_3290,119.605773,44.171478,4,"2;5;8;9"
Root_3291,5.209549,20.190038,5,"0;1;5;8;9"
Root_3292,95.981715,40.467798,4,"1;5;8;9"
Root_3293,6.821763,25.519638,4,"0;5;8;9"
Root_3294,122.913133,45.097398,3,"5;8;9"
Root_3295,3.240566,16.671542,7,"0;1;2;3;4;8;9"
Root_3296,92.873139,36.949302,6,"1;2;3;4;8;9"
Root_3297,4.325613,22.001142,6,"0;2;3;4;8;9"
Root_3298,109.475370,41.578902,5,"2;3;4;8;9"
Root_3299,3.851533,17.597462,6,"0;1;3;4;8;9"
Root_3300,90.624979,37.875222,5,"1;3;4;8;9"
Root_3301,5.251533,22.927062,5,"0;3;4;8;9"
Root_3302,109.079050,42.504822,4,"3;4;8;9"
Root_3303,3.240566,18.585110,6,"0;1;2;4;8;9"
Root_3304,93.587923,38.862870,5,"1;2;4;8;9"
Root_3305,4.325613,23.914710,5,"0;2;4;8;9"
Root_3306,114.509760,43.492470,4,"2;4;8;9"
Root_3307,3.851533,19.511030,5,"0;1;4;8;9"
Root_3308,92.265683,39.788790,4,"1;4;8;9"
Root_3309,5.251533,24.840630,4,"0;4;8;9"
Root_3310,116.802061,44.418390,3,"4;8;9"
Root_3311,7.499523,18.893750,6,"0;1;2;3;8;9"
Root_3312,99.650973,39.171510,5,"1;2;3;8;9"
Root_3313,9.599523,24.223350,5,"0;2;3;8;9"
Root_3314,116.869130,43.801110,4,"2;3;8;9"
Root_3315,9.351363,19.819670,5,"0;1;3;8;9"
Root_3316,97.402813,40.097430,4,"1;3;8;9"
Root_3317,11.451363,25.149270,4,"0;3;8;9"
Root_3318,119.579821,44.727030,3,"3;8;9"
Root_3319,7.499523,20.807318,5,"0;1;2;8;9"
Root_3320,100.450835,41.085078,4,"1;2;8;9"
Root_3321,9.599523,26.136918,4,"0;2;8;9"
Root_3322,128.468653,45.714678,3,"2;8;9"
Root_3323,9.351363,21.733238,4,"0;1;8;9"
Root_3324,100.054515,42.010998,3,"1;8;9"
Root_3325,11.451363,27.062838,3,"0;8;9"
Root_3326,132.701933,46.640598,2,"8;9"
Root_3327,0.000000,13.607360,9,"0;1;2;3;4;5;6;7;9"
Root_3328,81.984090,34.585120,8,"1;2;3;4;5;6;7;9"
Root_3329,0.000000,19.636960,8,"0;2;3;4;5;6;7;9"
Root_3330,108.746787,39.214720,7,"2;3;4;5;6;7;9"
Root_3331,0.000000,14.533280,8,"0;1;3;4;5;6;7;9"
Root_3332,86.635930,35.511040,7,"1;3;4;5;6;7;9"
Root_3333,0.000000,20.562880,7,"0;3;4;5;6;7;9"
Root_3334,112.550467,40.140640,6,"3;4;5;6;7;9"
Root_3335,0.000000,16.220928,8,"0;1;2;4;5;6;7;9"
Root_3336,84.197562,36.498688,7,"1;2;4;5;6;7;9"
Root_3337,0.000000,21.550528,7,"0;2;4;5;6;7;9"
Root_3338,113.659075,41.128288,6,"2;4;5;6;7;9"
Root_3339,0.000000,17.146848,7,"0;1;4;5;6;7;9"
Root_3340,88.001242,37.424608,6,"1;4;5;6;7;9"
Root_3341,0.000000,22.476448,6,"0;4;5;6;7;9"
Root_3342,117.688675,42.054208,5,"4;5;6;7;9"
Root_3343,0.000000,15.829568,8,"0;1;2;3;5;6;7;9"
Root_3344,93.242074,36.807328,7,"1;2;3;5;6;7;9"
Root_3345,0.243072,21.859168,7,"0;2;3;5;6;7;9"
Root_3346,118.382627,41.436928,6,"2;3;5;6;7;9"
Root_3347,0.468992,16.755488,7,"0;1;3;5;6;7;9"
Root_3348,96.119834,37.733248,6,"1;3;5;6;7;9"
Root_3349,1.960224,22.785088,6,"0;3;5;6;7;9"
Root_3350,121.486307,42.362848,5,"3;5;6;7;9"
Root_3351,0.000000,18.443136,7,"0;1;2;5;6;7;9"
Root_3352,96.240794,38.720896,6,"1;2;5;6;7;9"
Root_3353,0.243072,23.772736,6,"0;2;5;6;7;9"
Root_3354,123.294915,43.350496,5,"2;5;6;7;9"
Root_3355,1.168992,19.369056,6,"0;1;5;6;7;9"
Root_3356,99.344474,39.646816,5,"1;5;6;7;9"
Root_3357,1.960224,24.698656,5,"0;5;6;7;9"
Root_3358,127.177347,44.276416,4,"5;6;7;9"
Root_3359,0.000000,15.150560,8,"0;1;2;3;4;6;7;9"
Root_3360,89.217402,36.128320,7,"1;2;3;4;6;7;9"
Root_3361,0.000000,21.180160,7,"0;2;3;4;6;7;9"
Root_3362,113.678947,40.757920,6,"2;3;4;6;7;9"
Root_3363,0.000000,16.076480,7,"0;1;3;4;6;7;9"
Root_3364,92.095162,37.054240,6,"1;3;4;6;7;9"
Root_3365,1.189984,22.106080,6,"0;3;4;6;7;9"
Root_3366,116.782627,41.683840,5,"3;4;6;7;9"
Root_3367,0.000000,17.764128,7,"0;1;2;4;6;7;9"
Root_3368,91.845754,38.041888,6,"1;2;4;6;7;9"
Root_3369,0.000000,23.093728,6,"0;2;4;6;7;9"
Root_3370,118.220867,42.671488,5,"2;4;6;7;9"
Root_3371,0.489984,18.690048,6,"0;1;4;6;7;9"
Root_3372,94.949434,38.967808,5,"1;4;6;7;9"
Root_3373,1.189984,24.019648,5,"0;4;6;7;9"
Root_3374,122.147875,43.597408,4,"4;6;7;9"
Root_3375,0.386272,17.372768,7,"0;1;2;3;6;7;9"
Root_3376,99.038426,38.350528,6,"1;2;3;6;7;9"
Root_3377,1.794784,23.402368,6,"0;2;3;6;7;9"
Root_3378,121.092579,42.980128,5,"2;3;6;7;9"
Root_3379,2.246624,18.298688,6,"0;1;3;6;7;9"
Root_3380,101.216186,39.276448,5,"1;3;6;7;9"
Root_3381,5.046624,24.328288,5,"0;3;6;7;9"
Root_3382,124.402307,43.906048,4,"3;6;7;9"
Root_3383,1.086272,19.986336,6,"0;1;2;6;7;9"
Root_3384,101.666778,40.264096,5,"1;2;6;7;9"
Root_3385,1.794784,25.315936,5,"0;2;6;7;9"
Root_3386,129.315587,44.893696,4,"2;6;7;9"
Root_3387,3.646624,20.912256,5,"0;1;6;7;9"
Root_3388,104.070458,41.190016,4,"1;6;7;9"
Root_3389,5.046624,26.241856,4,"0;6;7;9"
Root_3390,134.722947,45.819616,3,"6;7;9"
Root_3391,0.000000,16.033270,8,"0;1;2;3;4;5;7;9"
Root_3392,94.464288,37.011030,7,"1;2;3;4;5;7;9"
Root_3393,0.446774,22.062870,7,"0;2;3;4;5;7;9"
Root_3394,119.808544,41.640630,6,"2;3;4;5;7;9"
Root_3395,0.672694,16.959190,7,"0;1;3;4;5;7;9"
Root_3396,97.342048,37.936950,6,"1;3;4;5;7;9"
Root_3397,2.367629,22.988790,6,"0;3;4;5;7;9"
Root_3398,122.912224,42.566550,5,"3;4;5;7;9"
Root_3399,0.000000,18.646838,7,"0;1;2;4;5;7;9"
Root_3400,97.463008,38.924598,6,"1;2;4;5;7;9"
Root_3401,0.446774,23.976438,6,"0;2;4;5;7;9"
Root_3402,124.720832,43.554198,5,"2;4;5;7;9"
Root_3403,1.372694,19.572758,6,"0;1;4;5;7;9"
Root_3404,100.566688,39.850518,5,"1;4;5;7;9"
Root_3405,2.367629,24.902358,5,"0;4;5;7;9"
Root_3406,129.010669,44.480118,4,"4;5;7;9"
Root_3407,1.268982,18.255478,7,"0;1;2;3;5;7;9"
Root_3408,104.081610,39.233238,6,"1;2;3;5;7;9"
Root_3409,3.560205,24.285078,6,"0;2;3;5;7;9"
Root_3410,127.018474,43.862838,5,"2;3;5;7;9"
Root_3411,4.012045,19.181398,6,"0;1;3;5;7;9"
Root_3412,106.259370,40.159158,5,"1;3;5;7;9"
Root_3413,6.812045,25.210998,5,"0;3;5;7;9"
Root_3414,131.788429,44.788758,4,"3;5;7;9"
Root_3415,2.160205,20.869046,6,"0;1;2;5;7;9"
Root_3416,107.080330,41.146806,5,"1;2;5;7;9"
Root_3417,3.560205,26.198646,5,"0;2;5;7;9"
Root_3418,137.259981,45.776406,4,"2;5;7;9"
Root_3419,5.594902,21.794966,5,"0;1;5;7;9"
Root_3420,109.484010,42.072726,4,"1;5;7;9"
Root_3421,6.812045,27.124566,4,"0;5;7;9"
Root_3422,142.667341,46.702326,3,"5;7;9"
Root_3423,0.589974,17.576470,7,"0;1;2;3;4;7;9"
Root_3424,100.056938,38.554230,6,"1;2;3;4;7;9"
Root_3425,2.202189,23.606070,6,"0;2;3;4;7;9"
Root_3426,122.498624,43.183830,5,"2;3;4;7;9"
Root_3427,4.054029,18.502390,6,"0;1;3;4;7;9"
Root_3428,105.734698,39.480150,5,"1;3;4;7;9"
Root_3429,6.854029,24.531990,5,"0;3;4;7;9"
Root_3430,128.847725,44.109750,4,"3;4;7;9"
Root_3431,1.289974,20.190038,6,"0;1;2;4;7;9"
Root_3432,102.685290,40.467798,5,"1;2;4;7;9"
Root_3433,2.202189,25.519638,5,"0;2;4;7;9"
Root_3434,131.148909,45.097398,4,"2;4;7;9"
Root_3435,5.615894,21.115958,5,"0;1;4;7;9"
Root_3436,107.888970,41.393718,4,"1;4;7;9"
Root_3437,6.854029,26.445558,4,"0;4;7;9"
Root_3438,138.656269,46.023318,3,"4;7;9"
Root_3439,3.846605,19.798678,6,"0;1;2;3;7;9"
Root_3440,107.452051,40.776438,5,"1;2;3;7;9"
Root_3441,7.735299,25.828278,5,"0;2;3;7;9"
Root_3442,133.926669,45.406038,4,"2;3;7;9"
Root_3443,12.140122,20.724598,5,"0;1;3;7;9"
Root_3444,117.329811,41.702358,4,"1;3;7;9"
Root_3445,20.628986,26.754198,4,"0;3;7;9"
Root_3446,145.634029,46.331958,3,"3;7;9"
Root_3447,5.826554,22.412246,5,"0;1;2;7;9"
Root_3448,110.080403,42.690006,4,"1;2;7;9"
Root_3449,7.735299,27.741846,4,"0;2;7;9"
Root_3450,146.122861,47.319606,3,"2;7;9"
Root_3451,14.940122,23.338166,4,"0;1;7;9"
Root_3452,118.700010,43.615926,3,"1;7;9"
Root_3453,17.061219,28.667766,3,"0;7;9"
Root_3454,155.956141,48.245526,2,"7;9"
Root_3455,0.345536,17.332032,8,"0;1;2;3;4;5;6;9"
Root_3456,96.087715,37.609792,7,"1;2;3;4;5;6;9"
Root_3457,1.045536,22.661632,7,"0;2;3;4;5;6;9"
Root_3458,123.270125,42.239392,6,"2;3;4;5;6;9"
Root_3459,2.165152,18.257952,7,"0;1;3;4;5;6;9"
Root_3460,98.965475,38.535712,6,"1;3;4;5;6;9"
Root_3461,3.565152,23.587552,6,"0;3;4;5;6;9"
Root_3462,127.299725,43.165312,5,"3;4;5;6;9"
Root_3463,0.345536,19.245600,7,"0;1;2;4;5;6;9"
Root_3464,99.086435,39.523360,6,"1;2;4;5;6;9"
Root_3465,1.045536,24.575200,6,"0;2;4;5;6;9"
Root_3466,130.248941,44.152960,5,"2;4;5;6;9"
Root_3467,2.165152,20.171520,6,"0;1;4;5;6;9"
Root_3468,102.190115,40.449280,5,"1;4;5;6;9"
Root_3469,3.565152,25.501120,5,"0;4;5;6;9"
Root_3470,135.430381,45.078880,4,"4;5;6;9"
Root_3471,3.357728,19.554240,7,"0;1;2;3;5;6;9"
Root_3472,105.106275,39.832000,6,"1;2;3;5;6;9"
Root_3473,4.951392,24.883840,6,"0;2;3;5;6;9"
Root_3474,133.026701,44.461600,5,"2;3;5;6;9"
Root_3475,6.193664,20.480160,6,"0;1;3;5;6;9"
Root_3476,107.284035,40.757920,5,"1;3;5;6;9"
Root_3477,8.532896,25.809760,5,"0;3;5;6;9"
Root_3478,138.208141,45.387520,4,"3;5;6;9"
Root_3479,3.357728,21.467808,6,"0;1;2;5;6;9"
Root_3480,108.850563,41.745568,5,"1;2;5;6;9"
Root_3481,4.951392,26.797408,5,"0;2;5;6;9"
Root_3482,143.679693,46.375168,4,"2;5;6;9"
Root_3483,6.193664,22.393728,5,"0;1;5;6;9"
Root_3484,112.180163,42.671488,4,"1;5;6;9"
Root_3485,8.009568,27.723328,4,"0;5;6;9"
Root_3486,149.087053,47.301088,3,"5;6;9"
Root_3487,1.999712,18.875232,7,"0;1;2;3;4;6;9"
Root_3488,101.081603,39.152992,6,"1;2;3;4;6;9"
Root_3489,3.399712,24.204832,6,"0;2;3;4;6;9"
Root_3490,127.503405,43.782592,5,"2;3;4;6;9"
Root_3491,5.251552,19.801152,6,"0;1;3;4;6;9"
Root_3492,103.259363,40.078912,5,"1;3;4;6;9"
Root_3493,6.651552,25.130752,5,"0;3;4;6;9"
Root_3494,132.467437,44.708512,4,"3;4;6;9"
Root_3495,1.999712,20.788800,6,"0;1;2;4;6;9"
Root_3496,103.776515,41.066560,5,"1;2;4;6;9"
Root_3497,3.399712,26.118400,5,"0;2;4;6;9"
Root_3498,137.568621,45.696160,4,"2;4;6;9"
Root_3499,5.395872,21.714720,5,"0;1;4;6;9"
Root_3500,107.106115,41.992480,4,"1;4;6;9"
Root_3501,6.651552,27.044320,4,"0;4;6;9"
Root_3502,142.975981,46.622080,3,"4;6;9"
Root_3503,7.036864,21.097440,6,"0;1;2;3;6;9"
Root_3504,108.253155,41.375200,5,"1;2;3;6;9"
Root_3505,9.210656,26.427040,5,"0;2;3;6;9"
Root_3506,140.346381,46.004800,4,"2;3;6;9"
Root_3507,8.844128,22.023360,5,"0;1;3;6;9"
Root_3508,110.656835,42.301120,4,"1;3;6;9"
Root_3509,13.162496,27.352960,4,"0;3;6;9"
Root_3510,145.753741,46.930720,3,"3;6;9"
Root_3511,7.036864,23.011008,5,"0;1;2;6;9"
Root_3512,113.083843,43.288768,4,"1;2;6;9"
Root_3513,8.770048,28.340608,4,"0;2;6;9"
Root_3514,152.542573,47.918368,3,"2;6;9"
Root_3515,8.844128,23.936928,4,"0;1;6;9"
Root_3516,117.068739,44.214688,3,"1;6;9"
Root_3517,11.362496,29.266528,3,"0;6;9"
Root_3518,158.175853,48.844288,2,"6;9"
Root_3519,3.765133,19.757942,7,"0;1;2;3;4;5;9"
Root_3520,106.328490,40.035702,6,"1;2;3;4;5;9"
Root_3521,5.562499,25.087542,6,"0;2;3;4;5;9"
Root_3522,135.063725,44.665302,5,"2;3;4;5;9"
Root_3523,6.397366,20.683862,6,"0;1;3;4;5;9"
Root_3524,108.506250,40.961622,5,"1;3;4;5;9"
Root_3525,9.144003,26.013462,5,"0;3;4;5;9"
Root_3526,140.245165,45.591222,4,"3;4;5;9"
Root_3527,3.765133,21.671510,6,"0;1;2;4;5;9"
Root_3528,110.276480,41.949270,5,"1;2;4;5;9"
Root_3529,5.562499,27.001110,5,"0;2;4;5;9"
Root_3530,145.716717,46.578870,4,"2;4;5;9"
Root_3531,6.397366,22.597430,5,"0;1;4;5;9"
Root_3532,113.606080,42.875190,4,"1;4;5;9"
Root_3533,8.416973,27.927030,4,"0;4;5;9"
Root_3534,151.124077,47.504790,3,"4;5;9"
Root_3535,8.283629,21.980150,6,"0;1;2;3;5;9"
Root_3536,114.179050,42.257910,5,"1;2;3;5;9"
Root_3537,11.858787,27.309750,5,"0;2;3;5;9"
Root_3538,148.803117,46.887510,4,"2;3;5;9"
Root_3539,10.821763,22.906070,5,"0;1;3;5;9"
Root_3540,116.582730,43.183830,4,"1;3;5;9"
Root_3541,15.810627,28.235670,4,"0;3;5;9"
Root_3542,154.210477,47.813430,3,"3;5;9"
Root_3543,8.283629,23.893718,5,"0;1;2;5;9"
Root_3544,119.605773,44.171478,4,"1;2;5;9"
Root_3545,10.758787,29.223318,4,"0;2;5;9"
Root_3546,161.369677,48.801078,3,"2;5;9"
Root_3547,10.821763,24.819638,4,"0;1;5;9"
Root_3548,125.013133,45.097398,3,"1;5;9"
Root_3549,14.010627,30.149238,3,"0;5;9"
Root_3550,167.002957,49.726998,2,"5;9"
Root_3551,7.240566,21.301142,6,"0;1;2;3;4;9"
Root_3552,109.475370,41.578902,5,"1;2;3;4;9"
Root_3553,9.821763,26.630742,5,"0;2;3;4;9"
Root_3554,142.383405,46.208502,4,"2;3;4;9"
Root_3555,10.884739,22.227062,5,"0;1;3;4;9"
Root_3556,114.679050,42.504822,4,"1;3;4;9"
Root_3557,15.873603,27.556662,4,"0;3;4;9"
Root_3558,149.890765,47.134422,3,"3;4;9"
Root_3559,7.240566,23.214710,5,"0;1;2;4;9"
Root_3560,114.509760,43.492470,4,"1;2;4;9"
Root_3561,9.177453,28.544310,4,"0;2;4;9"
Root_3562,154.579597,48.122070,3,"2;4;9"
Root_3563,10.884739,24.140630,4,"0;1;4;9"
Root_3564,121.002061,44.418390,3,"1;4;9"
Root_3565,13.373603,29.470230,3,"0;4;9"
Root_3566,161.612877,49.047990,2,"4;9"
Root_3567,11.499523,23.523350,5,"0;1;2;3;9"
Root_3568,116.869130,43.801110,4,"1;2;3;9"
Root_3569,17.414307,28.852950,4,"0;2;3;9"
Root_3570,157.665997,48.430710,3,"2;3;9"
Root_3571,23.014202,24.449270,4,"0;1;3;9"
Root_3572,127.979821,44.727030,3,"1;3;9"
Root_3573,27.519098,29.778870,3,"0;3;9"
Root_3574,167.499277,49.356630,2,"3;9"
Root_3575,11.499523,25.436918,4,"0;1;2;9"
Root_3576,128.468653,45.714678,3,"1;2;9"
Root_3577,16.314307,30.766518,3,"0;2;9"
Root_3578,171.775757,50.344278,2,"2;9"
Root_3579,21.751363,26.362838,3,"0;1;9"
Root_3580,138.301933,46.640598,2,"1;9"
Root_3581,23.532666,31.692438,2,"0;9"
Root_3582,179.734957,51.270198,1,"9"
Root_3583,0.000000,12.270336,9,"0;1;2;3;4;5;6;7;8"
Root_3584,66.836218,32.548096,8,"1;2;3;4;5;6;7;8"
Root_3585,0.000000,17.599936,8,"0;2;3;4;5;6;7;8"
Root_3586,88.808643,37.177696,7,"2;3;4;5;6;7;8"
Root_3587,0.000000,13.196256,8,"0;1;3;4;5;6;7;8"
Root_3588,68.588058,33.474016,7,"1;3;4;5;6;7;8"
Root_3589,0.000000,18.525856,7,"0;3;4;5;6;7;8"
Root_3590,88.412323,38.103616,6,"3;4;5;6;7;8"
Root_3591,0.000000,14.183904,8,"0;1;2;4;5;6;7;8"
Root_3592,69.012666,34.461664,7,"1;2;4;5;6;7;8"
Root_3593,0.000000,19.513504,7,"0;2;4;5;6;7;8"
Root_3594,93.720931,39.091264,6,"2;4;5;6;7;8"
Root_3595,0.000000,15.109824,7,"0;1;4;5;6;7;8"
Root_3596,70.228762,35.387584,6,"1;4;5;6;7;8"
Root_3597,0.000000,20.439424,6,"0;4;5;6;7;8"
Root_3598,94.250531,40.017184,5,"4;5;6;7;8"
Root_3599,0.000000,14.492544,8,"0;1;2;3;5;6;7;8"
Root_3600,77.748346,34.770304,7,"1;2;3;5;6;7;8"
Root_3601,0.000000,19.822144,7,"0;2;3;5;6;7;8"
Root_3602,100.481507,39.399904,6,"2;3;5;6;7;8"
Root_3603,0.000000,15.418464,7,"0;1;3;5;6;7;8"
Root_3604,77.729882,35.696224,6,"1;3;5;6;7;8"
Root_3605,0.000000,20.748064,6,"0;3;5;6;7;8"
Root_3606,100.085187,40.325824,5,"3;5;6;7;8"
Root_3607,0.000000,16.406112,7,"0;1;2;5;6;7;8"
Root_3608,80.376698,36.683872,6,"1;2;5;6;7;8"
Root_3609,0.000000,21.735712,6,"0;2;5;6;7;8"
Root_3610,105.393795,41.313472,5,"2;5;6;7;8"
Root_3611,0.000000,17.332032,6,"0;1;5;6;7;8"
Root_3612,79.980378,37.609792,5,"1;5;6;7;8"
Root_3613,0.000000,22.661632,5,"0;5;6;7;8"
Root_3614,105.923395,42.239392,4,"5;6;7;8"
Root_3615,0.000000,13.813536,8,"0;1;2;3;4;6;7;8"
Root_3616,74.100314,34.091296,7,"1;2;3;4;6;7;8"
Root_3617,0.000000,19.143136,7,"0;2;3;4;6;7;8"
Root_3618,95.777827,38.720896,6,"2;3;4;6;7;8"
Root_3619,0.000000,14.739456,7,"0;1;3;4;6;7;8"
Root_3620,74.760858,35.017216,6,"1;3;4;6;7;8"
Root_3621,0.000000,20.069056,6,"0;3;4;6;7;8"
Root_3622,95.381507,39.646816,5,"3;4;6;7;8"
Root_3623,0.000000,15.727104,7,"0;1;2;4;6;7;8"
Root_3624,76.728666,36.004864,6,"1;2;4;6;7;8"
Root_3625,0.000000,21.056704,6,"0;2;4;6;7;8"
Root_3626,100.319747,40.634464,5,"2;4;6;7;8"
Root_3627,0.000000,16.653024,6,"0;1;4;6;7;8"
Root_3628,76.401562,36.930784,5,"1;4;6;7;8"
Root_3629,0.000000,21.982624,5,"0;4;6;7;8"
Root_3630,100.849347,41.560384,4,"4;6;7;8"
Root_3631,0.000000,16.035744,7,"0;1;2;3;6;7;8"
Root_3632,85.211354,36.313504,6,"1;2;3;6;7;8"
Root_3633,0.000000,21.365344,6,"0;2;3;6;7;8"
Root_3634,105.228483,40.943104,5,"2;3;6;7;8"
Root_3635,0.012192,16.961664,6,"0;1;3;6;7;8"
Root_3636,83.889114,37.239424,5,"1;3;6;7;8"
Root_3637,0.712192,22.291264,5,"0;3;6;7;8"
Root_3638,104.832163,41.869024,4,"3;6;7;8"
Root_3639,0.000000,17.949312,6,"0;1;2;6;7;8"
Root_3640,87.839706,38.227072,5,"1;2;6;7;8"
Root_3641,0.000000,23.278912,5,"0;2;6;7;8"
Root_3642,109.770403,42.856672,4,"2;6;7;8"
Root_3643,0.012192,18.875232,5,"0;1;6;7;8"
Root_3644,87.443386,39.152992,4,"1;6;7;8"
Root_3645,0.712192,24.204832,4,"0;6;7;8"
Root_3646,111.082595,43.782592,3,"6;7;8"
Root_3647,0.000000,14.696246,8,"0;1;2;3;4;5;7;8"
Root_3648,78.970560,34.974006,7,"1;2;3;4;5;7;8"
Root_3649,0.000000,20.025846,7,"0;2;3;4;5;7;8"
Root_3650,101.907424,39.603606,6,"2;3;4;5;7;8"
Root_3651,0.000000,15.622166,7,"0;1;3;4;5;7;8"
Root_3652,78.748394,35.899926,6,"1;3;4;5;7;8"
Root_3653,0.000000,20.951766,6,"0;3;4;5;7;8"
Root_3654,101.511104,40.529526,5,"3;4;5;7;8"
Root_3655,0.000000,16.609814,7,"0;1;2;4;5;7;8"
Root_3656,81.598912,36.887574,6,"1;2;4;5;7;8"
Root_3657,0.000000,21.939414,6,"0;2;4;5;7;8"
Root_3658,106.819712,41.517174,5,"2;4;5;7;8"
Root_3659,0.000000,17.535734,6,"0;1;4;5;7;8"
Root_3660,81.202592,37.813494,5,"1;4;5;7;8"
Root_3661,0.000000,22.865334,5,"0;4;5;7;8"
Root_3662,107.349312,42.443094,4,"4;5;7;8"
Root_3663,0.000000,16.918454,7,"0;1;2;3;5;7;8"
Root_3664,90.254538,37.196214,6,"1;2;3;5;7;8"
Root_3665,0.668982,22.248054,6,"0;2;3;5;7;8"
Root_3666,111.154378,41.825814,5,"2;3;5;7;8"
Root_3667,0.894902,17.844374,6,"0;1;3;5;7;8"
Root_3668,88.932298,38.122134,5,"1;3;5;7;8"
Root_3669,1.594902,23.173974,5,"0;3;5;7;8"
Root_3670,110.758058,42.751734,4,"3;5;7;8"
Root_3671,0.000000,18.832022,6,"0;1;2;5;7;8"
Root_3672,93.253258,39.109782,5,"1;2;5;7;8"
Root_3673,0.668982,24.161622,5,"0;2;5;7;8"
Root_3674,116.066666,43.739382,4,"2;5;7;8"
Root_3675,0.894902,19.757942,5,"0;1;5;7;8"
Root_3676,92.856938,40.035702,4,"1;5;7;8"
Root_3677,1.594902,25.087542,4,"0;5;7;8"
Root_3678,118.592173,44.665302,3,"5;7;8"
Root_3679,0.000000,16.239446,7,"0;1;2;3;4;7;8"
Root_3680,86.229866,36.517206,6,"1;2;3;4;7;8"
Root_3681,0.000000,21.569046,6,"0;2;3;4;7;8"
Root_3682,106.450698,41.146806,5,"2;3;4;7;8"
Root_3683,0.215894,17.165366,6,"0;1;3;4;7;8"
Root_3684,84.907626,37.443126,5,"1;3;4;7;8"
Root_3685,0.915894,22.494966,5,"0;3;4;7;8"
Root_3686,106.054378,42.072726,4,"3;4;7;8"
Root_3687,0.000000,18.153014,6,"0;1;2;4;7;8"
Root_3688,88.858218,38.430774,5,"1;2;4;7;8"
Root_3689,0.000000,23.482614,5,"0;2;4;7;8"
Root_3690,111.052992,43.060374,4,"2;4;7;8"
Root_3691,0.215894,19.078934,5,"0;1;4;7;8"
Root_3692,88.461898,39.356694,4,"1;4;7;8"
Root_3693,0.915894,24.408534,4,"0;4;7;8"
Root_3694,112.508512,43.986294,3,"4;7;8"
Root_3695,1.950285,18.461654,6,"0;1;2;3;7;8"
Root_3696,95.662003,38.739414,5,"1;2;3;7;8"
Root_3697,3.300877,23.791254,5,"0;2;3;7;8"
Root_3698,113.844458,43.369014,4,"2;3;7;8"
Root_3699,2.438102,19.387574,5,"0;1;3;7;8"
Root_3700,94.339763,39.665334,4,"1;3;7;8"
Root_3701,3.809379,24.717174,4,"0;3;7;8"
Root_3702,115.258861,44.294934,3,"3;7;8"
Root_3703,1.950285,20.375222,5,"0;1;2;7;8"
Root_3704,98.290355,40.652982,4,"1;2;7;8"
Root_3705,3.300877,25.704822,4,"0;2;7;8"
Root_3706,124.147693,45.282582,3,"2;7;8"
Root_3707,2.438102,21.301142,4,"0;1;7;8"
Root_3708,97.894035,41.578902,3,"1;7;8"
Root_3709,3.809379,26.630742,3,"0;7;8"
Root_3710,128.380973,46.208502,2,"7;8"
Root_3711,0.000000,15.295008,8,"0;1;2;3;4;5;6;8"
Root_3712,80.161891,35.572768,7,"1;2;3;4;5;6;8"
Root_3713,0.000000,20.624608,7,"0;2;3;4;5;6;8"
Root_3714,103.697517,40.202368,6,"2;3;4;5;6;8"
Root_3715,0.000000,16.220928,7,"0;1;3;4;5;6;8"
Root_3716,79.340963,36.498688,6,"1;3;4;5;6;8"
Root_3717,0.000000,21.550528,6,"0;3;4;5;6;8"
Root_3718,103.429485,41.128288,5,"3;4;5;6;8"
Root_3719,0.000000,17.208576,7,"0;1;2;4;5;6;8"
Root_3720,82.790243,37.486336,6,"1;2;4;5;6;8"
Root_3721,0.000000,22.538176,6,"0;2;4;5;6;8"
Root_3722,109.725741,42.115936,5,"2;4;5;6;8"
Root_3723,0.000000,18.134496,6,"0;1;4;5;6;8"
Root_3724,82.393923,38.412256,5,"1;4;5;6;8"
Root_3725,0.000000,23.464096,5,"0;4;5;6;8"
Root_3726,111.181261,43.041856,4,"4;5;6;8"
Root_3727,0.567744,17.517216,7,"0;1;2;3;5;6;8"
Root_3728,90.847107,37.794976,6,"1;2;3;5;6;8"
Root_3729,1.461408,22.846816,6,"0;2;3;5;6;8"
Root_3730,113.770285,42.424576,5,"2;3;5;6;8"
Root_3731,1.493664,18.443136,6,"0;1;3;5;6;8"
Root_3732,89.524867,38.720896,5,"1;3;5;6;8"
Root_3733,2.193664,23.772736,5,"0;3;5;6;8"
Root_3734,114.299885,43.350496,4,"3;5;6;8"
Root_3735,0.567744,19.430784,6,"0;1;2;5;6;8"
Root_3736,93.845827,39.708544,5,"1;2;5;6;8"
Root_3737,1.461408,24.760384,5,"0;2;5;6;8"
Root_3738,121.272429,44.338144,4,"2;5;6;8"
Root_3739,1.493664,20.356704,5,"0;1;5;6;8"
Root_3740,93.449507,40.634464,4,"1;5;6;8"
Root_3741,2.193664,25.686304,4,"0;5;6;8"
Root_3742,124.579789,45.264064,3,"5;6;8"
Root_3743,0.000000,16.838208,7,"0;1;2;3;4;6;8"
Root_3744,86.822435,37.115968,6,"1;2;3;4;6;8"
Root_3745,0.588736,22.167808,6,"0;2;3;4;6;8"
Root_3746,108.387597,41.745568,5,"2;3;4;6;8"
Root_3747,0.814656,17.764128,6,"0;1;3;4;6;8"
Root_3748,85.500195,38.041888,5,"1;3;4;6;8"
Root_3749,1.514656,23.093728,5,"0;3;4;6;8"
Root_3750,108.917197,42.671488,4,"3;4;6;8"
Root_3751,0.000000,18.751776,6,"0;1;2;4;6;8"
Root_3752,89.450787,39.029536,5,"1;2;4;6;8"
Root_3753,0.588736,24.081376,5,"0;2;4;6;8"
Root_3754,115.502221,43.659136,4,"2;4;6;8"
Root_3755,0.814656,19.677696,5,"0;1;4;6;8"
Root_3756,89.054467,39.955456,4,"1;4;6;8"
Root_3757,1.514656,25.007296,4,"0;4;6;8"
Root_3758,118.468717,44.585056,3,"4;6;8"
Root_3759,3.036864,19.060416,6,"0;1;2;3;6;8"
Root_3760,95.655811,39.338176,5,"1;2;3;6;8"
Root_3761,3.918208,24.390016,5,"0;2;3;6;8"
Root_3762,118.003565,43.967776,4,"2;3;6;8"
Root_3763,3.444128,19.986336,5,"0;1;3;6;8"
Root_3764,94.333571,40.264096,4,"1;3;6;8"
Root_3765,4.844128,25.315936,4,"0;3;6;8"
Root_3766,121.246477,44.893696,3,"3;6;8"
Root_3767,3.036864,20.973984,5,"0;1;2;6;8"
Root_3768,98.535907,41.251744,4,"1;2;6;8"
Root_3769,3.918208,26.303584,4,"0;2;6;8"
Root_3770,130.135309,45.881344,3,"2;6;8"
Root_3771,3.444128,21.899904,4,"0;1;6;8"
Root_3772,99.065507,42.177664,3,"1;6;8"
Root_3773,4.844128,27.229504,3,"0;6;8"
Root_3774,134.368589,46.807264,2,"6;8"
Root_3775,0.771446,17.720918,7,"0;1;2;3;4;5;8"
Root_3776,92.069322,37.998678,6,"1;2;3;4;5;8"
Root_3777,1.868813,23.050518,6,"0;2;3;4;5;8"
Root_3778,115.399904,42.628278,5,"2;3;4;5;8"
Root_3779,1.697366,18.646838,6,"0;1;3;4;5;8"
Root_3780,90.747082,38.924598,5,"1;3;4;5;8"
Root_3781,2.397366,23.976438,5,"0;3;4;5;8"
Root_3782,115.929504,43.554198,4,"3;4;5;8"
Root_3783,0.771446,19.634486,6,"0;1;2;4;5;8"
Root_3784,95.068042,39.912246,5,"1;2;4;5;8"
Root_3785,1.868813,24.964086,5,"0;2;4;5;8"
Root_3786,123.309453,44.541846,4,"2;4;5;8"
Root_3787,1.697366,20.560406,5,"0;1;4;5;8"
Root_3788,94.671722,40.838166,4,"1;4;5;8"
Root_3789,2.397366,25.890006,4,"0;4;5;8"
Root_3790,126.616813,45.467766,3,"4;5;8"
Root_3791,4.283629,19.943126,6,"0;1;2;3;5;8"
Root_3792,100.698995,40.220886,5,"1;2;3;5;8"
Root_3793,5.683629,25.272726,5,"0;2;3;5;8"
Root_3794,126.395853,44.850486,4,"2;3;5;8"
Root_3795,5.209549,20.869046,5,"0;1;3;5;8"
Root_3796,99.523562,41.146806,4,"1;3;5;8"
Root_3797,6.821763,26.198646,4,"0;3;5;8"
Root_3798,129.703213,45.776406,3,"3;5;8"
Root_3799,4.283629,21.856694,5,"0;1;2;5;8"
Root_3800,104.832170,42.134454,4,"1;2;5;8"
Root_3801,5.683629,27.186294,4,"0;2;5;8"
Root_3802,138.962413,46.764054,3,"2;5;8"
Root_3803,5.721763,22.782614,4,"0;1;5;8"
Root_3804,105.361770,43.060374,3,"1;5;8"
Root_3805,6.609549,28.112214,3,"0;5;8"
Root_3806,143.195693,47.689974,2,"5;8"
Root_3807,3.240566,19.264118,6,"0;1;2;3;4;8"
Root_3808,96.674323,39.541878,5,"1;2;3;4;8"
Root_3809,4.325613,24.593718,5,"0;2;3;4;8"
Root_3810,119.976141,44.171478,4,"2;3;4;8"
Root_3811,3.851533,20.190038,5,"0;1;3;4;8"
Root_3812,95.352083,40.467798,4,"1;3;4;8"
Root_3813,5.251533,25.519638,4,"0;3;4;8"
Root_3814,123.283501,45.097398,3,"3;4;8"
Root_3815,3.240566,21.177686,5,"0;1;2;4;8"
Root_3816,99.758122,41.455446,4,"1;2;4;8"
Root_3817,4.325613,26.507286,4,"0;2;4;8"
Root_3818,132.172333,46.085046,3,"2;4;8"
Root_3819,3.851533,22.103606,4,"0;1;4;8"
Root_3820,100.287722,42.381366,3,"1;4;8"
Root_3821,5.251533,27.433206,3,"0;4;8"
Root_3822,136.405613,47.010966,2,"4;8"
Root_3823,7.499523,21.486326,5,"0;1;2;3;8"
Root_3824,103.845875,41.764086,4,"1;2;3;8"
Root_3825,9.599523,26.815926,4,"0;2;3;8"
Root_3826,135.258733,46.393686,3,"2;3;8"
Root_3827,9.493210,22.412246,4,"0;1;3;8"
Root_3828,103.449555,42.690006,3,"1;3;8"
Root_3829,11.451363,27.741846,3,"0;3;8"
Root_3830,139.492013,47.319606,2,"3;8"
Root_3831,8.499523,23.399894,4,"0;1;2;8"
Root_3832,109.065450,43.677654,3,"1;2;8"
Root_3833,8.770029,28.729494,3,"0;2;8"
Root_3834,149.368493,48.307254,2,"2;8"
Root_3835,10.295949,24.325814,3,"0;1;8"
Root_3836,112.331693,44.603574,2,"1;8"
Root_3837,10.351363,29.655414,2,"0;8"
Root_3838,154.527693,49.233174,1,"8"
Root_3839,0.000000,16.899936,8,"0;1;2;3;4;5;6;7"
Root_3840,88.808643,37.177696,7,"1;2;3;4;5;6;7"
Root_3841,0.000000,22.229536,7,"0;2;3;4;5;6;7"
Root_3842,118.949165,41.807296,6,"2;3;4;5;6;7"
Root_3843,0.000000,17.825856,7,"0;1;3;4;5;6;7"
Root_3844,92.612323,38.103616,6,"1;3;4;5;6;7"
Root_3845,0.000000,23.155456,6,"0;3;4;5;6;7"
Root_3846,122.978765,42.733216,5,"3;4;5;6;7"
Root_3847,0.000000,18.813504,7,"0;1;2;4;5;6;7"
Root_3848,93.720931,39.091264,6,"1;2;4;5;6;7"
Root_3849,0.000000,24.143104,6,"0;2;4;5;6;7"
Root_3850,125.775021,43.720864,5,"2;4;5;6;7"
Root_3851,0.000000,19.739424,6,"0;1;4;5;6;7"
Root_3852,97.750531,40.017184,5,"1;4;5;6;7"
Root_3853,0.000000,25.069024,5,"0;4;5;6;7"
Root_3854,130.677325,44.646784,4,"4;5;6;7"
Root_3855,0.000000,19.122144,7,"0;1;2;3;5;6;7"
Root_3856,100.481507,39.399904,6,"1;2;3;5;6;7"
Root_3857,0.243072,24.451744,6,"0;2;3;5;6;7"
Root_3858,128.273645,44.029504,5,"2;3;5;6;7"
Root_3859,1.168992,20.048064,6,"0;1;3;5;6;7"
Root_3860,103.585187,40.325824,5,"1;3;5;6;7"
Root_3861,1.960224,25.377664,5,"0;3;5;6;7"
Root_3862,133.455085,44.955424,4,"3;5;6;7"
Root_3863,0.000000,21.035712,6,"0;1;2;5;6;7"
Root_3864,105.393795,41.313472,5,"1;2;5;6;7"
Root_3865,0.243072,26.365312,5,"0;2;5;6;7"
Root_3866,138.926637,45.943072,4,"2;5;6;7"
Root_3867,1.560224,21.961632,5,"0;1;5;6;7"
Root_3868,108.723395,42.239392,4,"1;5;6;7"
Root_3869,1.868992,27.291232,4,"0;5;6;7"
Root_3870,144.333997,46.868992,3,"5;6;7"
Root_3871,0.000000,18.443136,7,"0;1;2;3;4;6;7"
Root_3872,95.777827,38.720896,6,"1;2;3;4;6;7"
Root_3873,0.000000,23.772736,6,"0;2;3;4;6;7"
Root_3874,123.182445,43.350496,5,"2;3;4;6;7"
Root_3875,0.489984,19.369056,6,"0;1;3;4;6;7"
Root_3876,98.881507,39.646816,5,"1;3;4;6;7"
Root_3877,1.189984,24.698656,5,"0;3;4;6;7"
Root_3878,127.714381,44.276416,4,"3;4;6;7"
Root_3879,0.000000,20.356704,6,"0;1;2;4;6;7"
Root_3880,100.319747,40.634464,5,"1;2;4;6;7"
Root_3881,0.000000,25.686304,5,"0;2;4;6;7"
Root_3882,132.815565,45.264064,4,"2;4;6;7"
Root_3883,0.489984,21.282624,5,"0;1;4;6;7"
Root_3884,103.649347,41.560384,4,"1;4;6;7"
Root_3885,1.189984,26.612224,4,"0;4;6;7"
Root_3886,138.222925,46.189984,3,"4;6;7"
Root_3887,1.086272,20.665344,6,"0;1;2;3;6;7"
Root_3888,105.228483,40.943104,5,"1;2;3;6;7"
Root_3889,1.794784,25.994944,5,"0;2;3;6;7"
Root_3890,135.593325,45.572704,4,"2;3;6;7"
Root_3891,3.667488,21.591264,5,"0;1;3;6;7"
Root_3892,107.632163,41.869024,4,"1;3;6;7"
Root_3893,5.046624,26.920864,4,"0;3;6;7"
Root_3894,141.000685,46.498624,3,"3;6;7"
Root_3895,1.394784,22.578912,5,"0;1;2;6;7"
Root_3896,109.770403,42.856672,4,"1;2;6;7"
Root_3897,1.786272,27.908512,4,"0;2;6;7"
Root_3898,147.789517,47.486272,3,"2;6;7"
Root_3899,4.646624,23.504832,4,"0;1;6;7"
Root_3900,113.182595,43.782592,3,"1;6;7"
Root_3901,3.412192,28.834432,3,"0;6;7"
Root_3902,153.422797,48.412192,2,"6;7"
Root_3903,0.000000,19.325846,7,"0;1;2;3;4;5;7"
Root_3904,101.907424,39.603606,6,"1;2;3;4;5;7"
Root_3905,0.446774,24.655446,6,"0;2;3;4;5;7"
Root_3906,130.310669,44.233206,5,"2;3;4;5;7"
Root_3907,1.372694,20.251766,6,"0;1;3;4;5;7"
Root_3908,105.011104,40.529526,5,"1;3;4;5;7"
Root_3909,2.367629,25.581366,5,"0;3;4;5;7"
Root_3910,135.492109,45.159126,4,"3;4;5;7"
Root_3911,0.000000,21.239414,6,"0;1;2;4;5;7"
Root_3912,106.819712,41.517174,5,"1;2;4;5;7"
Root_3913,0.446774,26.569014,5,"0;2;4;5;7"
Root_3914,140.963661,46.146774,4,"2;4;5;7"
Root_3915,1.967629,22.165334,5,"0;1;4;5;7"
Root_3916,110.149312,42.443094,4,"1;4;5;7"
Root_3917,2.072694,27.494934,4,"0;4;5;7"
Root_3918,146.371021,47.072694,3,"4;5;7"
Root_3919,2.160205,21.548054,6,"0;1;2;3;5;7"
Root_3920,111.154378,41.825814,5,"1;2;3;5;7"
Root_3921,3.560205,26.877654,5,"0;2;3;5;7"
Root_3922,144.050061,46.455414,4,"2;3;5;7"
Root_3923,5.594902,22.473974,5,"0;1;3;5;7"
Root_3924,113.558058,42.751734,4,"1;3;5;7"
Root_3925,6.812045,27.803574,4,"0;3;5;7"
Root_3926,149.457421,47.381334,3,"3;5;7"
Root_3927,3.160205,23.461622,5,"0;1;2;5;7"
Root_3928,116.066666,43.739382,4,"1;2;5;7"
Root_3929,2.668982,28.791222,4,"0;2;5;7"
Root_3930,156.616621,48.368982,3,"2;5;7"
Root_3931,5.594902,24.387542,4,"0;1;5;7"
Root_3932,120.692173,44.665302,3,"1;5;7"
Root_3933,5.012045,29.717142,3,"0;5;7"
Root_3934,162.249901,49.294902,2,"5;7"
Root_3935,1.289974,20.869046,6,"0;1;2;3;4;7"
Root_3936,106.450698,41.146806,5,"1;2;3;4;7"
Root_3937,2.202189,26.198646,5,"0;2;3;4;7"
Root_3938,137.630349,45.776406,4,"2;3;4;7"
Root_3939,5.615894,21.794966,5,"0;1;3;4;7"
Root_3940,111.654378,42.072726,4,"1;3;4;7"
Root_3941,6.854029,27.124566,4,"0;3;4;7"
Root_3942,145.137709,46.702326,3,"3;4;7"
Root_3943,1.802189,22.782614,5,"0;1;2;4;7"
Root_3944,111.052992,43.060374,4,"1;2;4;7"
Root_3945,1.989974,28.112214,4,"0;2;4;7"
Root_3946,149.826541,47.689974,3,"2;4;7"
Root_3947,5.615894,23.708534,4,"0;1;4;7"
Root_3948,116.708512,43.986294,3,"1;4;7"
Root_3949,4.354029,29.038134,3,"0;4;7"
Root_3950,156.859821,48.615894,2,"4;7"
Root_3951,5.950285,23.091254,5,"0;1;2;3;7"
Root_3952,113.844458,43.369014,4,"1;2;3;7"
Root_3953,7.735299,28.420854,4,"0;2;3;7"
Root_3954,152.912941,47.998614,3,"2;3;7"
Root_3955,14.940122,24.017174,4,"0;1;3;7"
Root_3956,123.658861,44.294934,3,"1;3;7"
Root_3957,17.407994,29.346774,3,"0;3;7"
Root_3958,162.746221,48.924534,2,"3;7"
Root_3959,5.950285,25.004822,4,"0;1;2;7"
Root_3960,124.147693,45.282582,3,"1;2;7"
Root_3961,6.635299,30.334422,3,"0;2;7"
Root_3962,167.022701,49.912182,2,"2;7"
Root_3963,14.109379,25.930742,3,"0;1;7"
Root_3964,133.980973,46.208502,2,"1;7"
Root_3965,13.421562,31.260342,2,"0;7"
Root_3966,174.981901,50.838102,1,"7"
Root_3967,0.345536,19.924608,7,"0;1;2;3;4;5;6"
Root_3968,103.697517,40.202368,6,"1;2;3;4;5;6"
Root_3969,1.045536,25.254208,6,"0;2;3;4;5;6"
Root_3970,136.897046,44.831968,5,"2;3;4;5;6"
Root_3971,2.165152,20.850528,6,"0;1;3;4;5;6"
Root_3972,106.929485,41.128288,5,"1;3;4;5;6"
Root_3973,3.565152,26.180128,5,"0;3;4;5;6"
Root_3974,142.078486,45.757888,4,"3;4;5;6"
Root_3975,0.345536,21.838176,6,"0;1;2;4;5;6"
Root_3976,109.725741,42.115936,5,"1;2;4;5;6"
Root_3977,1.045536,27.167776,5,"0;2;4;5;6"
Root_3978,147.550038,46.745536,4,"2;4;5;6"
Root_3979,3.165152,22.764096,5,"0;1;4;5;6"
Root_3980,113.981261,43.041856,4,"1;4;5;6"
Root_3981,2.671456,28.093696,4,"0;4;5;6"
Root_3982,152.957398,47.671456,3,"4;5;6"
Root_3983,3.357728,22.146816,6,"0;1;2;3;5;6"
Root_3984,113.770285,42.424576,5,"1;2;3;5;6"
Root_3985,4.951392,27.476416,5,"0;2;3;5;6"
Root_3986,150.636438,47.054176,4,"2;3;5;6"
Root_3987,6.193664,23.072736,5,"0;1;3;5;6"
Root_3988,117.099885,43.350496,4,"1;3;5;6"
Root_3989,8.009568,28.402336,4,"0;3;5;6"
Root_3990,156.043798,47.980096,3,"3;5;6"
Root_3991,4.357728,24.060384,5,"0;1;2;5;6"
Root_3992,121.272429,44.338144,4,"1;2;5;6"
Root_3993,3.851392,29.389984,4,"0;2;5;6"
Root_3994,163.202998,48.967744,3,"2;5;6"
Root_3995,6.193664,24.986304,4,"0;1;5;6"
Root_3996,126.679789,45.264064,3,"1;5;6"
Root_3997,6.209568,30.315904,3,"0;5;6"
Root_3998,168.836278,49.893664,2,"5;6"
Root_3999,1.999712,21.467808,6,"0;1;2;3;4;6"
Root_4000,108.387597,41.745568,5,"1;2;3;4;6"
Root_4001,3.399712,26.797408,5,"0;2;3;4;6"
Root_4002,144.216726,46.375168,4,"2;3;4;6"
Root_4003,5.514656,22.393728,5,"0;1;3;4;6"
Root_4004,111.717197,42.671488,4,"1;3;4;6"
Root_4005,6.651552,27.723328,4,"0;3;4;6"
Root_4006,149.624086,47.301088,3,"3;4;6"
Root_4007,2.999712,23.381376,5,"0;1;2;4;6"
Root_4008,115.502221,43.659136,4,"1;2;4;6"
Root_4009,2.588736,28.710976,4,"0;2;4;6"
Root_4010,156.412918,48.288736,3,"2;4;6"
Root_4011,5.514656,24.307296,4,"0;1;4;6"
Root_4012,120.568717,44.585056,3,"1;4;6"
Root_4013,4.851552,29.636896,3,"0;4;6"
Root_4014,162.046198,49.214656,2,"4;6"
Root_4015,7.036864,23.690016,5,"0;1;2;3;6"
Root_4016,118.003565,43.967776,4,"1;2;3;6"
Root_4017,8.789664,29.019616,4,"0;2;3;6"
Root_4018,159.499318,48.597376,3,"2;3;6"
Root_4019,8.844128,24.615936,4,"0;1;3;6"
Root_4020,123.346477,44.893696,3,"1;3;6"
Root_4021,12.041504,29.945536,3,"0;3;6"
Root_4022,165.132598,49.523296,2,"3;6"
Root_4023,7.036864,25.603584,4,"0;1;2;6"
Root_4024,130.135309,45.881344,3,"1;2;6"
Root_4025,7.670048,30.933184,3,"0;2;6"
Root_4026,173.609078,50.510944,2,"2;6"
Root_4027,8.844128,26.529504,3,"0;1;6"
Root_4028,135.768589,46.807264,2,"1;6"
Root_4029,10.155072,31.859104,2,"0;6"
Root_4030,179.468278,51.436864,1,"6"
Root_4031,3.845251,22.350518,6,"0;1;2;3;4;5"
Root_4032,115.399904,42.628278,5,"1;2;3;4;5"
Root_4033,5.562499,27.680118,5,"0;2;3;4;5"
Root_4034,152.877165,47.257878,4,"2;3;4;5"
Root_4035,6.397366,23.276438,5,"0;1;3;4;5"
Root_4036,118.729504,43.554198,4,"1;3;4;5"
Root_4037,8.416973,28.606038,4,"0;3;4;5"
Root_4038,158.284525,48.183798,3,"3;4;5"
Root_4039,4.765133,24.264086,5,"0;1;2;4;5"
Root_4040,123.309453,44.541846,4,"1;2;4;5"
Root_4041,4.462499,29.593686,4,"0;2;4;5"
Root_4042,165.443725,49.171446,3,"2;4;5"
Root_4043,6.397366,25.190006,4,"0;1;4;5"
Root_4044,128.716813,45.467766,3,"1;4;5"
Root_4045,6.616973,30.519606,3,"0;4;5"
Root_4046,171.077005,50.097366,2,"4;5"
Root_4047,8.283629,24.572726,5,"0;1;2;3;5"
Root_4048,126.395853,44.850486,4,"1;2;3;5"
Root_4049,11.437795,29.902326,4,"0;2;3;5"
Root_4050,168.838765,49.480086,3,"2;3;5"
Root_4051,10.821763,25.498646,4,"0;1;3;5"
Root_4052,131.803213,45.776406,3,"1;3;5"
Root_4053,14.689635,30.828246,3,"0;3;5"
Root_4054,174.472045,50.406006,2,"3;5"
Root_4055,8.283629,26.486294,4,"0;1;2;5"
Root_4056,138.962413,46.764054,3,"1;2;5"
Root_4057,10.251363,31.815894,3,"0;2;5"
Root_4058,183.318893,51.393654,2,"2;5"
Root_4059,10.609549,27.412214,3,"0;1;5"
Root_4060,144.595693,47.689974,2,"1;5"
Root_4061,14.286832,32.741814,2,"0;5"
Root_4062,189.178093,52.319574,1,"5"
Root_4063,7.240566,23.893718,5,"0;1;2;3;4"
Root_4064,119.976141,44.171478,4,"1;2;3;4"
Root_4065,9.400771,29.223318,4,"0;2;3;4"
Root_4066,161.740045,48.801078,3,"2;3;4"
Root_4067,10.884739,24.819638,4,"0;1;3;4"
Root_4068,127.483501,45.097398,3,"1;3;4"
Root_4069,14.052611,30.149238,3,"0;3;4"
Root_4070,168.773325,49.726998,2,"3;4"
Root_4071,7.240566,25.807286,4,"0;1;2;4"
Root_4072,132.172333,46.085046,3,"1;2;4"
Root_4073,8.214339,31.136886,3,"0;2;4"
Root_4074,175.849805,50.714646,2,"2;4"
Root_4075,10.651533,26.733206,3,"0;1;4"
Root_4076,139.205613,47.010966,2,"1;4"
Root_4077,11.591792,32.062806,2,"0;4"
Root_4078,182.409005,51.640566,1,"4"
Root_4079,11.499523,26.115926,4,"0;1;2;3"
Root_4080,135.258733,46.393686,3,"1;2;3"
Root_4081,17.438842,31.445526,3,"0;2;3"
Root_4082,179.244845,51.023286,2,"2;3"
Root_4083,21.751363,27.041846,3,"0;1;3"
Root_4084,145.092013,47.319606,2,"1;3"
Root_4085,25.262128,32.371446,2,"0;3"
Root_4086,187.204045,51.949206,1,"3"
Root_4087,11.370029,28.029494,3,"0;1;2"
Root_4088,149.368493,48.307254,2,"1;2"
Root_4089,18.984166,33.359094,2,"0;2"
Root_4090,195.268173,52.936854,1,"2"
Root_4091,19.295949,28.955414,2,"0;1"
Root_4092,158.027693,49.233174,1,"1"
Root_4093,41.602832,34.285014,1,"0"
Root_4094,201.353293,53.862774,0,""
