Node Name,Lower Bound,Completion Time,Unassigned Count,Unassigned Parts
Root_0,259.482790,27.177760,12,"1;2;3;4;5;6;7;8;9;10;11;12"
Root_1,85.265965,12.229600,12,"0;2;3;4;5;6;7;8;9;10;11;12"
Root_2,283.234416,31.807360,11,"2;3;4;5;6;7;8;9;10;11;12"
Root_3,49.227469,5.025920,12,"0;1;3;4;5;6;7;8;9;10;11;12"
Root_4,257.008710,28.103680,11,"1;3;4;5;6;7;8;9;10;11;12"
Root_5,88.043725,13.155520,11,"0;3;4;5;6;7;8;9;10;11;12"
Root_6,281.686256,32.733280,10,"3;4;5;6;7;8;9;10;11;12"
Root_7,73.305549,8.813568,12,"0;1;2;4;5;6;7;8;9;10;11;12"
Root_8,259.416102,29.091328,11,"1;2;4;5;6;7;8;9;10;11;12"
Root_9,83.841261,14.143168,11,"0;2;4;5;6;7;8;9;10;11;12"
Root_10,286.068944,33.720928,10,"2;4;5;6;7;8;9;10;11;12"
Root_11,76.083309,9.739488,11,"0;1;4;5;6;7;8;9;10;11;12"
Root_12,257.867942,30.017248,10,"1;4;5;6;7;8;9;10;11;12"
Root_13,86.619021,15.069088,10,"0;4;5;6;7;8;9;10;11;12"
Root_14,285.446704,34.646848,9,"4;5;6;7;8;9;10;11;12"
Root_15,74.952301,7.722208,12,"0;1;2;3;5;6;7;8;9;10;11;12"
Root_16,267.754342,29.399968,11,"1;2;3;5;6;7;8;9;10;11;12"
Root_17,99.241069,14.451808,11,"0;2;3;5;6;7;8;9;10;11;12"
Root_18,290.199856,34.029568,10,"2;3;5;6;7;8;9;10;11;12"
Root_19,78.472109,8.648128,11,"0;1;3;5;6;7;8;9;10;11;12"
Root_20,265.280262,30.325888,10,"1;3;5;6;7;8;9;10;11;12"
Root_21,101.092909,15.377728,10,"0;3;5;6;7;8;9;10;11;12"
Root_22,288.651696,34.955488,9,"3;5;6;7;8;9;10;11;12"
Root_23,84.358445,11.035776,11,"0;1;2;5;6;7;8;9;10;11;12"
Root_24,268.058022,31.313536,10,"1;2;5;6;7;8;9;10;11;12"
Root_25,97.816365,16.365376,10,"0;2;5;6;7;8;9;10;11;12"
Root_26,293.034384,35.943136,9,"2;5;6;7;8;9;10;11;12"
Root_27,86.210285,11.961696,10,"0;1;5;6;7;8;9;10;11;12"
Root_28,266.509862,32.239456,9,"1;5;6;7;8;9;10;11;12"
Root_29,99.668205,17.291296,9,"0;5;6;7;8;9;10;11;12"
Root_30,293.281200,36.869056,8,"5;6;7;8;9;10;11;12"
Root_31,62.562125,6.343200,12,"0;1;2;3;4;6;7;8;9;10;11;12"
Root_32,262.522310,28.720960,11,"1;2;3;4;6;7;8;9;10;11;12"
Root_33,95.105229,13.772800,11,"0;2;3;4;6;7;8;9;10;11;12"
Root_34,284.155376,33.350560,10,"2;3;4;6;7;8;9;10;11;12"
Root_35,66.265805,7.269120,11,"0;1;3;4;6;7;8;9;10;11;12"
Root_36,260.048230,29.646880,10,"1;3;4;6;7;8;9;10;11;12"
Root_37,97.018861,14.698720,10,"0;3;4;6;7;8;9;10;11;12"
Root_38,283.533136,34.276480,9,"3;4;6;7;8;9;10;11;12"
Root_39,80.942349,10.356768,11,"0;1;2;4;6;7;8;9;10;11;12"
Root_40,262.085254,30.634528,10,"1;2;4;6;7;8;9;10;11;12"
Root_41,93.680525,15.686368,10,"0;2;4;6;7;8;9;10;11;12"
Root_42,288.533104,35.264128,9,"2;4;6;7;8;9;10;11;12"
Root_43,82.815245,11.282688,10,"0;1;4;6;7;8;9;10;11;12"
Root_44,260.537094,31.560448,9,"1;4;6;7;8;9;10;11;12"
Root_45,95.594157,16.612288,9,"0;4;6;7;8;9;10;11;12"
Root_46,288.836784,36.190048,8,"4;6;7;8;9;10;11;12"
Root_47,84.791693,9.265408,11,"0;1;2;3;6;7;8;9;10;11;12"
Root_48,268.571654,30.943168,10,"1;2;3;6;7;8;9;10;11;12"
Root_49,109.426189,15.995008,10,"0;2;3;6;7;8;9;10;11;12"
Root_50,291.120816,35.572768,9,"2;3;6;7;8;9;10;11;12"
Root_51,87.569453,10.191328,10,"0;1;3;6;7;8;9;10;11;12"
Root_52,266.097574,31.869088,9,"1;3;6;7;8;9;10;11;12"
Root_53,110.352109,16.920928,9,"0;3;6;7;8;9;10;11;12"
Root_54,290.997264,36.498688,8,"3;6;7;8;9;10;11;12"
Root_55,93.002733,12.578976,10,"0;1;2;6;7;8;9;10;11;12"
Root_56,269.122246,32.856736,9,"1;2;6;7;8;9;10;11;12"
Root_57,108.310061,17.908576,9,"0;2;6;7;8;9;10;11;12"
Root_58,296.984880,37.486336,8,"2;6;7;8;9;10;11;12"
Root_59,95.431181,13.504896,9,"0;1;6;7;8;9;10;11;12"
Root_60,268.356742,33.782656,8,"1;6;7;8;9;10;11;12"
Root_61,108.927405,18.834496,8,"0;6;7;8;9;10;11;12"
Root_62,298.214480,38.412256,7,"6;7;8;9;10;11;12"
Root_63,69.373034,7.225910,12,"0;1;2;3;4;5;7;8;9;10;11;12"
Root_64,267.976557,29.603670,11,"1;2;3;4;5;7;8;9;10;11;12"
Root_65,100.463283,14.655510,11,"0;2;3;4;5;7;8;9;10;11;12"
Root_66,290.625773,34.233270,10,"2;3;4;5;7;8;9;10;11;12"
Root_67,73.076714,8.151830,11,"0;1;3;4;5;7;8;9;10;11;12"
Root_68,265.502477,30.529590,10,"1;3;4;5;7;8;9;10;11;12"
Root_69,102.315123,15.581430,10,"0;3;4;5;7;8;9;10;11;12"
Root_70,289.236803,35.159190,9,"3;4;5;7;8;9;10;11;12"
Root_71,85.376957,11.239478,11,"0;1;2;4;5;7;8;9;10;11;12"
Root_72,268.280237,31.517238,10,"1;2;4;5;7;8;9;10;11;12"
Root_73,99.038579,16.569078,10,"0;2;4;5;7;8;9;10;11;12"
Root_74,294.607139,36.146838,9,"2;4;5;7;8;9;10;11;12"
Root_75,87.394195,12.165398,10,"0;1;4;5;7;8;9;10;11;12"
Root_76,266.732077,32.443158,9,"1;4;5;7;8;9;10;11;12"
Root_77,100.890419,17.494998,9,"0;4;5;7;8;9;10;11;12"
Root_78,294.910819,37.072758,8,"4;5;7;8;9;10;11;12"
Root_79,90.087955,10.148118,11,"0;1;2;3;5;7;8;9;10;11;12"
Root_80,274.306198,31.825878,10,"1;2;3;5;7;8;9;10;11;12"
Root_81,116.469290,16.877718,10,"0;2;3;5;7;8;9;10;11;12"
Root_82,297.076259,36.455478,9,"2;3;5;7;8;9;10;11;12"
Root_83,92.865715,11.074038,10,"0;1;3;5;7;8;9;10;11;12"
Root_84,271.832118,32.751798,9,"1;3;5;7;8;9;10;11;12"
Root_85,117.191571,17.803638,9,"0;3;5;7;8;9;10;11;12"
Root_86,297.379939,37.381398,8,"3;5;7;8;9;10;11;12"
Root_87,99.443475,13.461686,10,"0;1;2;5;7;8;9;10;11;12"
Root_88,275.227158,33.739446,9,"1;2;5;7;8;9;10;11;12"
Root_89,116.032234,18.791286,9,"0;2;5;7;8;9;10;11;12"
Root_90,303.737923,38.369046,8,"2;5;7;8;9;10;11;12"
Root_91,101.295315,14.387606,9,"0;1;5;7;8;9;10;11;12"
Root_92,273.678998,34.665366,8,"1;5;7;8;9;10;11;12"
Root_93,115.766867,19.717206,8,"0;5;7;8;9;10;11;12"
Root_94,304.967523,39.294966,7,"5;7;8;9;10;11;12"
Root_95,78.928554,8.769110,11,"0;1;2;3;4;7;8;9;10;11;12"
Root_96,268.590166,31.146870,10,"1;2;3;4;7;8;9;10;11;12"
Root_97,110.648403,16.198710,10,"0;2;3;4;7;8;9;10;11;12"
Root_98,292.323203,35.776470,9,"2;3;4;7;8;9;10;11;12"
Root_99,81.706314,9.695030,10,"0;1;3;4;7;8;9;10;11;12"
Root_100,266.116086,32.072790,9,"1;3;4;7;8;9;10;11;12"
Root_101,111.574323,17.124630,9,"0;3;4;7;8;9;10;11;12"
Root_102,292.626883,36.702390,8,"3;4;7;8;9;10;11;12"
Root_103,94.428650,12.782678,10,"0;1;2;4;7;8;9;10;11;12"
Root_104,269.201197,33.060438,9,"1;2;4;7;8;9;10;11;12"
Root_105,109.735978,18.112278,9,"0;2;4;7;8;9;10;11;12"
Root_106,298.614499,37.690038,8,"2;4;7;8;9;10;11;12"
Root_107,96.653395,13.708598,9,"0;1;4;7;8;9;10;11;12"
Root_108,268.578957,33.986358,8,"1;4;7;8;9;10;11;12"
Root_109,110.149619,19.038198,8,"0;4;7;8;9;10;11;12"
Root_110,299.844099,38.615958,7,"4;7;8;9;10;11;12"
Root_111,99.490493,11.691318,10,"0;1;2;3;7;8;9;10;11;12"
Root_112,273.683958,33.369078,9,"1;2;3;7;8;9;10;11;12"
Root_113,125.728490,18.420918,9,"0;2;3;7;8;9;10;11;12"
Root_114,301.083619,37.998678,8,"2;3;7;8;9;10;11;12"
Root_115,101.342333,12.617238,9,"0;1;3;7;8;9;10;11;12"
Root_116,272.135798,34.294998,8,"1;3;7;8;9;10;11;12"
Root_117,124.907571,19.346838,8,"0;3;7;8;9;10;11;12"
Root_118,302.313219,38.924598,7,"3;7;8;9;10;11;12"
Root_119,106.712522,15.004886,9,"0;1;2;7;8;9;10;11;12"
Root_120,276.430765,35.282646,8,"1;2;7;8;9;10;11;12"
Root_121,125.291434,20.334486,8,"0;2;7;8;9;10;11;12"
Root_122,309.288483,39.912246,7,"2;7;8;9;10;11;12"
Root_123,108.381715,15.930806,8,"0;1;7;8;9;10;11;12"
Root_124,276.943011,36.208566,7,"1;7;8;9;10;11;12"
Root_125,123.743274,21.260406,7,"0;7;8;9;10;11;12"
Root_126,311.444003,40.838166,6,"7;8;9;10;11;12"
Root_127,89.506669,9.924672,12,"0;1;2;3;4;5;6;8;9;10;11;12"
Root_128,267.730864,30.202432,11,"1;2;3;4;5;6;8;9;10;11;12"
Root_129,101.747277,15.254272,11,"0;2;3;4;5;6;8;9;10;11;12"
Root_130,295.679994,34.832032,10,"2;3;4;5;6;8;9;10;11;12"
Root_131,92.284429,10.850592,11,"0;1;3;4;5;6;8;9;10;11;12"
Root_132,266.182704,31.128352,10,"1;3;4;5;6;8;9;10;11;12"
Root_133,103.167085,16.180192,10,"0;3;4;5;6;8;9;10;11;12"
Root_134,295.057754,35.757952,9,"3;4;5;6;8;9;10;11;12"
Root_135,86.330157,11.838240,11,"0;1;2;4;5;6;8;9;10;11;12"
Root_136,270.019664,32.116000,10,"1;2;4;5;6;8;9;10;11;12"
Root_137,100.384301,17.167840,10,"0;2;4;5;6;8;9;10;11;12"
Root_138,300.428090,36.745600,9,"2;4;5;6;8;9;10;11;12"
Root_139,88.946157,12.764160,10,"0;1;4;5;6;8;9;10;11;12"
Root_140,269.397424,33.041920,9,"1;4;5;6;8;9;10;11;12"
Root_141,101.742381,18.093760,9,"0;4;5;6;8;9;10;11;12"
Root_142,300.731770,37.671520,8,"4;5;6;8;9;10;11;12"
Root_143,101.543629,12.146880,11,"0;1;2;3;5;6;8;9;10;11;12"
Root_144,275.755504,32.424640,10,"1;2;3;5;6;8;9;10;11;12"
Root_145,114.154605,17.476480,10,"0;2;3;5;6;8;9;10;11;12"
Root_146,302.897210,37.054240,9,"2;3;5;6;8;9;10;11;12"
Root_147,103.395469,13.072800,10,"0;1;3;5;6;8;9;10;11;12"
Root_148,274.207344,33.350560,9,"1;3;5;6;8;9;10;11;12"
Root_149,114.278125,18.402400,9,"0;3;5;6;8;9;10;11;12"
Root_150,303.200890,37.980160,8,"3;5;6;8;9;10;11;12"
Root_151,98.205357,14.060448,10,"0;1;2;5;6;8;9;10;11;12"
Root_152,278.590032,34.338208,9,"1;2;5;6;8;9;10;11;12"
Root_153,113.717549,19.390048,9,"0;2;5;6;8;9;10;11;12"
Root_154,309.558874,38.967808,8,"2;5;6;8;9;10;11;12"
Root_155,100.057197,14.986368,9,"0;1;5;6;8;9;10;11;12"
Root_156,277.967792,35.264128,8,"1;5;6;8;9;10;11;12"
Root_157,112.853421,20.315968,8,"0;5;6;8;9;10;11;12"
Root_158,310.788474,39.893728,7,"5;6;8;9;10;11;12"
Root_159,98.148589,11.467872,11,"0;1;2;3;4;6;8;9;10;11;12"
Root_160,269.360464,31.745632,10,"1;2;3;4;6;8;9;10;11;12"
Root_161,110.080557,16.797472,10,"0;2;3;4;6;8;9;10;11;12"
Root_162,298.144154,36.375232,9,"2;3;4;6;8;9;10;11;12"
Root_163,100.000429,12.393792,10,"0;1;3;4;6;8;9;10;11;12"
Root_164,267.812304,32.671552,9,"1;3;4;6;8;9;10;11;12"
Root_165,110.883085,17.723392,9,"0;3;4;6;8;9;10;11;12"
Root_166,298.447834,37.301152,8,"3;4;6;8;9;10;11;12"
Root_167,94.810317,13.381440,10,"0;1;2;4;6;8;9;10;11;12"
Root_168,272.483824,33.659200,9,"1;2;4;6;8;9;10;11;12"
Root_169,109.643501,18.711040,9,"0;2;4;6;8;9;10;11;12"
Root_170,304.435450,38.288800,8,"2;4;6;8;9;10;11;12"
Root_171,96.662157,14.307360,9,"0;1;4;6;8;9;10;11;12"
Root_172,272.787504,34.585120,8,"1;4;6;8;9;10;11;12"
Root_173,109.458381,19.636960,8,"0;4;6;8;9;10;11;12"
Root_174,305.665050,39.214720,7,"4;6;8;9;10;11;12"
Root_175,110.041037,13.690080,10,"0;1;2;3;6;8;9;10;11;12"
Root_176,276.676464,33.967840,9,"1;2;3;6;8;9;10;11;12"
Root_177,123.413805,19.019680,9,"0;2;3;6;8;9;10;11;12"
Root_178,306.904570,38.597440,8,"2;3;6;8;9;10;11;12"
Root_179,111.111469,14.616000,9,"0;1;3;6;8;9;10;11;12"
Root_180,276.054224,34.893760,8,"1;3;6;8;9;10;11;12"
Root_181,121.994125,19.945600,8,"0;3;6;8;9;10;11;12"
Root_182,308.134170,39.523360,7,"3;6;8;9;10;11;12"
Root_183,106.702765,15.603648,9,"0;1;2;6;8;9;10;11;12"
Root_184,281.054192,35.881408,8,"1;2;6;8;9;10;11;12"
Root_185,122.976749,20.933248,8,"0;2;6;8;9;10;11;12"
Root_186,315.109434,40.511008,7,"2;6;8;9;10;11;12"
Root_187,107.773197,16.529568,8,"0;1;6;8;9;10;11;12"
Root_188,282.165200,36.807328,7,"1;6;8;9;10;11;12"
Root_189,121.428589,21.859168,7,"0;6;8;9;10;11;12"
Root_190,317.264954,41.436928,6,"6;8;9;10;11;12"
Root_191,102.562141,12.350582,11,"0;1;2;3;4;5;8;9;10;11;12"
Root_192,276.181421,32.628342,10,"1;2;3;4;5;8;9;10;11;12"
Root_193,115.376819,17.680182,10,"0;2;3;4;5;8;9;10;11;12"
Root_194,304.730531,37.257942,9,"2;3;4;5;8;9;10;11;12"
Root_195,104.413981,13.276502,10,"0;1;3;4;5;8;9;10;11;12"
Root_196,274.633261,33.554262,9,"1;3;4;5;8;9;10;11;12"
Root_197,115.296637,18.606102,9,"0;3;4;5;8;9;10;11;12"
Root_198,305.034211,38.183862,8,"3;4;5;8;9;10;11;12"
Root_199,99.223869,14.264150,10,"0;1;2;4;5;8;9;10;11;12"
Root_200,279.015949,34.541910,9,"1;2;4;5;8;9;10;11;12"
Root_201,114.939763,19.593750,9,"0;2;4;5;8;9;10;11;12"
Root_202,311.392195,39.171510,8,"2;4;5;8;9;10;11;12"
Root_203,101.075709,15.190070,9,"0;1;4;5;8;9;10;11;12"
Root_204,278.861539,35.467830,8,"1;4;5;8;9;10;11;12"
Root_205,113.871933,20.519670,8,"0;4;5;8;9;10;11;12"
Root_206,312.621795,40.097430,7,"4;5;8;9;10;11;12"
Root_207,115.806355,14.572790,10,"0;1;2;3;5;8;9;10;11;12"
Root_208,282.325878,34.850550,9,"1;2;3;5;8;9;10;11;12"
Root_209,130.253267,19.902390,9,"0;2;3;5;8;9;10;11;12"
Root_210,314.169955,39.480150,8,"2;3;5;8;9;10;11;12"
Root_211,116.732275,15.498710,9,"0;1;3;5;8;9;10;11;12"
Root_212,281.554189,35.776470,8,"1;3;5;8;9;10;11;12"
Root_213,127.950877,20.828310,8,"0;3;5;8;9;10;11;12"
Root_214,315.399555,40.406070,7,"3;5;8;9;10;11;12"
Root_215,112.468083,16.486358,9,"0;1;2;5;8;9;10;11;12"
Root_216,287.688643,36.764118,8,"1;2;5;8;9;10;11;12"
Root_217,129.816211,21.815958,8,"0;2;5;8;9;10;11;12"
Root_218,322.745187,41.393718,7,"2;5;8;9;10;11;12"
Root_219,113.394003,17.412278,8,"0;1;5;8;9;10;11;12"
Root_220,288.918243,37.690038,7,"1;5;8;9;10;11;12"
Root_221,128.268051,22.741878,7,"0;5;8;9;10;11;12"
Root_222,324.900707,42.319638,6,"5;8;9;10;11;12"
Root_223,111.204061,13.893782,10,"0;1;2;3;4;8;9;10;11;12"
Root_224,277.102381,34.171542,9,"1;2;3;4;8;9;10;11;12"
Root_225,124.636019,19.223382,9,"0;2;3;4;8;9;10;11;12"
Root_226,308.737891,38.801142,8,"2;3;4;8;9;10;11;12"
Root_227,112.129981,14.819702,9,"0;1;3;4;8;9;10;11;12"
Root_228,276.577603,35.097462,8,"1;3;4;8;9;10;11;12"
Root_229,123.012637,20.149302,8,"0;3;4;8;9;10;11;12"
Root_230,309.967491,39.727062,7,"3;4;8;9;10;11;12"
Root_231,107.865789,15.807350,9,"0;1;2;4;8;9;10;11;12"
Root_232,282.565219,36.085110,8,"1;2;4;8;9;10;11;12"
Root_233,124.198963,21.136950,8,"0;2;4;8;9;10;11;12"
Root_234,316.942755,40.714710,7,"2;4;8;9;10;11;12"
Root_235,108.791709,16.733270,8,"0;1;4;8;9;10;11;12"
Root_236,283.794819,37.011030,7,"1;4;8;9;10;11;12"
Root_237,122.650803,22.062870,7,"0;4;8;9;10;11;12"
Root_238,319.098275,41.640630,6,"4;8;9;10;11;12"
Root_239,123.241021,16.115990,9,"0;1;2;3;8;9;10;11;12"
Root_240,285.034339,36.393750,8,"1;2;3;8;9;10;11;12"
Root_241,137.969267,21.445590,8,"0;2;3;8;9;10;11;12"
Root_242,319.720515,41.023350,7,"2;3;8;9;10;11;12"
Root_243,123.241021,17.041910,8,"0;1;3;8;9;10;11;12"
Root_244,286.263939,37.319670,7,"1;3;8;9;10;11;12"
Root_245,135.495187,22.371510,7,"0;3;8;9;10;11;12"
Root_246,321.876035,41.949270,6,"3;8;9;10;11;12"
Root_247,120.332307,18.029558,8,"0;1;2;8;9;10;11;12"
Root_248,293.239203,38.307318,7,"1;2;8;9;10;11;12"
Root_249,137.532211,23.359158,7,"0;2;8;9;10;11;12"
Root_250,329.838947,42.936918,6,"2;8;9;10;11;12"
Root_251,119.902749,18.955478,7,"0;1;8;9;10;11;12"
Root_252,295.394723,39.233238,6,"1;8;9;10;11;12"
Root_253,135.984051,24.285078,6,"0;8;9;10;11;12"
Root_254,332.920387,43.862838,5,"8;9;10;11;12"
Root_255,60.776845,8.729600,12,"0;1;2;3;4;5;6;7;9;10;11;12"
Root_256,283.234416,31.807360,11,"1;2;3;4;5;6;7;9;10;11;12"
Root_257,100.889027,16.859200,11,"0;2;3;4;5;6;7;9;10;11;12"
Root_258,313.334202,36.436960,10,"2;3;4;5;6;7;9;10;11;12"
Root_259,63.554605,9.655520,11,"0;1;3;4;5;6;7;9;10;11;12"
Root_260,281.686256,32.733280,10,"1;3;4;5;6;7;9;10;11;12"
Root_261,101.629827,17.785120,10,"0;3;4;5;6;7;9;10;11;12"
Root_262,312.711962,37.362880,9,"3;4;5;6;7;9;10;11;12"
Root_263,83.498093,13.443168,11,"0;1;2;4;5;6;7;9;10;11;12"
Root_264,286.068944,33.720928,10,"1;2;4;5;6;7;9;10;11;12"
Root_265,101.224739,18.772768,10,"0;2;4;5;6;7;9;10;11;12"
Root_266,318.082298,38.350528,9,"2;4;5;6;7;9;10;11;12"
Root_267,85.349933,14.369088,10,"0;1;4;5;6;7;9;10;11;12"
Root_268,285.446704,34.646848,9,"1;4;5;6;7;9;10;11;12"
Root_269,101.903811,19.698688,9,"0;4;5;6;7;9;10;11;12"
Root_270,318.385978,39.276448,8,"4;5;6;7;9;10;11;12"
Root_271,87.325197,12.351808,11,"0;1;2;3;5;6;7;9;10;11;12"
Root_272,290.199856,34.029568,10,"1;2;3;5;6;7;9;10;11;12"
Root_273,117.389955,19.081408,10,"0;2;3;5;6;7;9;10;11;12"
Root_274,320.551418,38.659168,9,"2;3;5;6;7;9;10;11;12"
Root_275,89.177037,13.277728,10,"0;1;3;5;6;7;9;10;11;12"
Root_276,288.651696,34.955488,9,"1;3;5;6;7;9;10;11;12"
Root_277,116.834467,20.007328,9,"0;3;5;6;7;9;10;11;12"
Root_278,320.855098,39.585088,8,"3;5;6;7;9;10;11;12"
Root_279,94.468205,15.665376,10,"0;1;2;5;6;7;9;10;11;12"
Root_280,293.034384,35.943136,9,"1;2;5;6;7;9;10;11;12"
Root_281,118.866467,20.994976,9,"0;2;5;6;7;9;10;11;12"
Root_282,327.213082,40.572736,8,"2;5;6;7;9;10;11;12"
Root_283,95.476909,16.591296,9,"0;1;5;6;7;9;10;11;12"
Root_284,293.281200,36.869056,8,"1;5;6;7;9;10;11;12"
Root_285,118.244227,21.920896,8,"0;5;6;7;9;10;11;12"
Root_286,328.442682,41.498656,7,"5;6;7;9;10;11;12"
Root_287,76.228685,10.972800,11,"0;1;2;3;4;6;7;9;10;11;12"
Root_288,284.155376,33.350560,10,"1;2;3;4;6;7;9;10;11;12"
Root_289,110.550627,18.402400,10,"0;2;3;4;6;7;9;10;11;12"
Root_290,315.798362,37.980160,9,"2;3;4;6;7;9;10;11;12"
Root_291,78.349741,11.898720,10,"0;1;3;4;6;7;9;10;11;12"
Root_292,283.533136,34.276480,9,"1;3;4;6;7;9;10;11;12"
Root_293,110.674147,19.328320,9,"0;3;4;6;7;9;10;11;12"
Root_294,316.102042,38.906080,8,"3;4;6;7;9;10;11;12"
Root_295,90.394157,14.986368,10,"0;1;2;4;6;7;9;10;11;12"
Root_296,288.533104,35.264128,9,"1;2;4;6;7;9;10;11;12"
Root_297,112.027139,20.315968,9,"0;2;4;6;7;9;10;11;12"
Root_298,322.089658,39.893728,8,"2;4;6;7;9;10;11;12"
Root_299,92.081869,15.912288,9,"0;1;4;6;7;9;10;11;12"
Root_300,288.836784,36.190048,8,"1;4;6;7;9;10;11;12"
Root_301,111.404899,21.241888,8,"0;4;6;7;9;10;11;12"
Root_302,323.319258,40.819648,7,"4;6;7;9;10;11;12"
Root_303,95.805261,13.895008,10,"0;1;2;3;6;7;9;10;11;12"
Root_304,291.120816,35.572768,9,"1;2;3;6;7;9;10;11;12"
Root_305,127.106083,20.624608,9,"0;2;3;6;7;9;10;11;12"
Root_306,324.558778,40.202368,8,"2;3;6;7;9;10;11;12"
Root_307,96.731181,14.820928,9,"0;1;3;6;7;9;10;11;12"
Root_308,290.997264,36.498688,8,"1;3;6;7;9;10;11;12"
Root_309,125.557923,21.550528,8,"0;3;6;7;9;10;11;12"
Root_310,325.788378,41.128288,7,"3;6;7;9;10;11;12"
Root_311,102.801485,17.208576,9,"0;1;2;6;7;9;10;11;12"
Root_312,296.984880,37.486336,8,"1;2;6;7;9;10;11;12"
Root_313,128.582595,22.538176,8,"0;2;6;7;9;10;11;12"
Root_314,332.763642,42.115936,7,"2;6;7;9;10;11;12"
Root_315,103.327405,18.134496,8,"0;1;6;7;9;10;11;12"
Root_316,298.214480,38.412256,7,"1;6;7;9;10;11;12"
Root_317,127.960355,23.464096,7,"0;6;7;9;10;11;12"
Root_318,334.919162,43.041856,6,"6;7;9;10;11;12"
Root_319,82.426099,11.855510,11,"0;1;2;3;4;5;7;9;10;11;12"
Root_320,290.625773,34.233270,10,"1;2;3;4;5;7;9;10;11;12"
Root_321,118.019574,19.285110,10,"0;2;3;4;5;7;9;10;11;12"
Root_322,322.384739,38.862870,9,"2;3;4;5;7;9;10;11;12"
Root_323,84.277939,12.781430,10,"0;1;3;4;5;7;9;10;11;12"
Root_324,289.236803,35.159190,9,"1;3;4;5;7;9;10;11;12"
Root_325,117.260384,20.211030,9,"0;3;4;5;7;9;10;11;12"
Root_326,322.688419,39.788790,8,"3;4;5;7;9;10;11;12"
Root_327,95.569501,15.869078,10,"0;1;2;4;5;7;9;10;11;12"
Root_328,294.607139,36.146838,9,"1;2;4;5;7;9;10;11;12"
Root_329,119.496086,21.198678,9,"0;2;4;5;7;9;10;11;12"
Root_330,329.046403,40.776438,8,"2;4;5;7;9;10;11;12"
Root_331,96.495421,16.794998,9,"0;1;4;5;7;9;10;11;12"
Root_332,294.910819,37.072758,8,"1;4;5;7;9;10;11;12"
Root_333,118.873846,22.124598,8,"0;4;5;7;9;10;11;12"
Root_334,330.276003,41.702358,7,"4;5;7;9;10;11;12"
Root_335,100.218813,14.777718,10,"0;1;2;3;5;7;9;10;11;12"
Root_336,297.076259,36.455478,9,"1;2;3;5;7;9;10;11;12"
Root_337,134.050496,21.507318,9,"0;2;3;5;7;9;10;11;12"
Root_338,331.824163,41.085078,8,"2;3;5;7;9;10;11;12"
Root_339,101.144733,15.703638,9,"0;1;3;5;7;9;10;11;12"
Root_340,297.379939,37.381398,8,"1;3;5;7;9;10;11;12"
Root_341,132.502336,22.433238,8,"0;3;5;7;9;10;11;12"
Root_342,333.053763,42.010998,7,"3;5;7;9;10;11;12"
Root_343,109.396288,18.091286,9,"0;1;2;5;7;9;10;11;12"
Root_344,303.737923,38.369046,8,"1;2;5;7;9;10;11;12"
Root_345,135.527008,23.420886,8,"0;2;5;7;9;10;11;12"
Root_346,340.399395,42.998646,7,"2;5;7;9;10;11;12"
Root_347,109.830922,19.017206,8,"0;1;5;7;9;10;11;12"
Root_348,304.967523,39.294966,7,"1;5;7;9;10;11;12"
Root_349,134.904768,24.346806,7,"0;5;7;9;10;11;12"
Root_350,342.554915,43.924566,6,"5;7;9;10;11;12"
Root_351,90.002538,13.398710,10,"0;1;2;3;4;7;9;10;11;12"
Root_352,292.323203,35.776470,9,"1;2;3;4;7;9;10;11;12"
Root_353,127.532000,20.828310,9,"0;2;3;4;7;9;10;11;12"
Root_354,326.392099,40.406070,8,"2;3;4;7;9;10;11;12"
Root_355,91.364339,14.324630,9,"0;1;3;4;7;9;10;11;12"
Root_356,292.626883,36.702390,8,"1;3;4;7;9;10;11;12"
Root_357,125.983840,21.754230,8,"0;3;4;7;9;10;11;12"
Root_358,327.621699,41.331990,7,"3;4;7;9;10;11;12"
Root_359,104.023699,17.412278,9,"0;1;2;4;7;9;10;11;12"
Root_360,298.614499,37.690038,8,"1;2;4;7;9;10;11;12"
Root_361,129.008512,22.741878,8,"0;2;4;7;9;10;11;12"
Root_362,334.596963,42.319638,7,"2;4;7;9;10;11;12"
Root_363,104.549619,18.338198,8,"0;1;4;7;9;10;11;12"
Root_364,299.844099,38.615958,7,"1;4;7;9;10;11;12"
Root_365,128.386272,23.667798,7,"0;4;7;9;10;11;12"
Root_366,336.752483,43.245558,6,"4;7;9;10;11;12"
Root_367,108.860733,16.320918,9,"0;1;2;3;7;9;10;11;12"
Root_368,301.083619,37.998678,8,"1;2;3;7;9;10;11;12"
Root_369,142.575274,23.050518,8,"0;2;3;7;9;10;11;12"
Root_370,337.374723,42.628278,7,"2;3;7;9;10;11;12"
Root_371,108.860733,17.246838,8,"0;1;3;7;9;10;11;12"
Root_372,302.313219,38.924598,7,"1;3;7;9;10;11;12"
Root_373,141.027114,23.976438,7,"0;3;7;9;10;11;12"
Root_374,339.530243,43.554198,6,"3;7;9;10;11;12"
Root_375,118.991434,19.634486,8,"0;1;2;7;9;10;11;12"
Root_376,309.288483,39.912246,7,"1;2;7;9;10;11;12"
Root_377,144.051786,24.964086,7,"0;2;7;9;10;11;12"
Root_378,347.493155,44.541846,6,"2;7;9;10;11;12"
Root_379,117.882867,20.560406,7,"0;1;7;9;10;11;12"
Root_380,311.444003,40.838166,6,"1;7;9;10;11;12"
Root_381,143.429546,25.890006,6,"0;7;9;10;11;12"
Root_382,350.574595,45.467766,5,"7;9;10;11;12"
Root_383,99.860973,14.554272,11,"0;1;2;3;4;5;6;9;10;11;12"
Root_384,295.679994,34.832032,10,"1;2;3;4;5;6;9;10;11;12"
Root_385,116.822307,19.883872,10,"0;2;3;4;5;6;9;10;11;12"
Root_386,328.804451,39.461632,9,"2;3;4;5;6;9;10;11;12"
Root_387,100.786893,15.480192,10,"0;1;3;4;5;6;9;10;11;12"
Root_388,295.057754,35.757952,9,"1;3;4;5;6;9;10;11;12"
Root_389,115.464355,20.809792,9,"0;3;4;5;6;9;10;11;12"
Root_390,329.108131,40.387552,8,"3;4;5;6;9;10;11;12"
Root_391,96.522701,16.467840,10,"0;1;2;4;5;6;9;10;11;12"
Root_392,300.428090,36.745600,9,"1;2;4;5;6;9;10;11;12"
Root_393,118.298819,21.797440,9,"0;2;4;5;6;9;10;11;12"
Root_394,335.466115,41.375200,8,"2;4;5;6;9;10;11;12"
Root_395,97.448621,17.393760,9,"0;1;4;5;6;9;10;11;12"
Root_396,300.731770,37.671520,8,"1;4;5;6;9;10;11;12"
Root_397,117.676579,22.723360,8,"0;4;5;6;9;10;11;12"
Root_398,336.695715,42.301120,7,"4;5;6;9;10;11;12"
Root_399,109.778125,16.776480,10,"0;1;2;3;5;6;9;10;11;12"
Root_400,302.897210,37.054240,9,"1;2;3;5;6;9;10;11;12"
Root_401,132.488739,22.106080,9,"0;2;3;5;6;9;10;11;12"
Root_402,338.243875,41.683840,8,"2;3;5;6;9;10;11;12"
Root_403,109.675725,17.702400,9,"0;1;3;5;6;9;10;11;12"
Root_404,303.200890,37.980160,8,"1;3;5;6;9;10;11;12"
Root_405,130.940579,23.032000,8,"0;3;5;6;9;10;11;12"
Root_406,339.473475,42.609760,7,"3;5;6;9;10;11;12"
Root_407,108.117549,18.690048,9,"0;1;2;5;6;9;10;11;12"
Root_408,309.558874,38.967808,8,"1;2;5;6;9;10;11;12"
Root_409,133.965251,24.019648,8,"0;2;5;6;9;10;11;12"
Root_410,346.819107,43.597408,7,"2;5;6;9;10;11;12"
Root_411,107.953421,19.615968,8,"0;1;5;6;9;10;11;12"
Root_412,310.788474,39.893728,7,"1;5;6;9;10;11;12"
Root_413,133.343011,24.945568,7,"0;5;6;9;10;11;12"
Root_414,348.974627,44.523328,6,"5;6;9;10;11;12"
Root_415,106.959693,16.097472,10,"0;1;2;3;4;6;9;10;11;12"
Root_416,298.144154,36.375232,9,"1;2;3;4;6;9;10;11;12"
Root_417,126.081507,21.427072,9,"0;2;3;4;6;9;10;11;12"
Root_418,332.811811,41.004832,8,"2;3;4;6;9;10;11;12"
Root_419,106.959693,17.023392,9,"0;1;3;4;6;9;10;11;12"
Root_420,298.447834,37.301152,8,"1;3;4;6;9;10;11;12"
Root_421,124.533347,22.352992,8,"0;3;4;6;9;10;11;12"
Root_422,334.041411,41.930752,7,"3;4;6;9;10;11;12"
Root_423,104.043501,18.011040,9,"0;1;2;4;6;9;10;11;12"
Root_424,304.435450,38.288800,8,"1;2;4;6;9;10;11;12"
Root_425,127.558019,23.340640,8,"0;2;4;6;9;10;11;12"
Root_426,341.016675,42.918400,7,"2;4;6;9;10;11;12"
Root_427,104.558381,18.936960,8,"0;1;4;6;9;10;11;12"
Root_428,305.665050,39.214720,7,"1;4;6;9;10;11;12"
Root_429,126.935779,24.266560,7,"0;4;6;9;10;11;12"
Root_430,343.172195,43.844320,6,"4;6;9;10;11;12"
Root_431,117.813805,18.319680,9,"0;1;2;3;6;9;10;11;12"
Root_432,306.904570,38.597440,8,"1;2;3;6;9;10;11;12"
Root_433,140.414755,23.649280,8,"0;2;3;6;9;10;11;12"
Root_434,343.794435,43.227040,7,"2;3;6;9;10;11;12"
Root_435,117.094125,19.245600,8,"0;1;3;6;9;10;11;12"
Root_436,308.134170,39.523360,7,"1;3;6;9;10;11;12"
Root_437,138.866595,24.575200,7,"0;3;6;9;10;11;12"
Root_438,345.949955,44.152960,6,"3;6;9;10;11;12"
Root_439,117.376749,20.233248,8,"0;1;2;6;9;10;11;12"
Root_440,315.109434,40.511008,7,"1;2;6;9;10;11;12"
Root_441,141.891267,25.562848,7,"0;2;6;9;10;11;12"
Root_442,353.912867,45.140608,6,"2;6;9;10;11;12"
Root_443,115.828589,21.159168,7,"0;1;6;9;10;11;12"
Root_444,317.264954,41.436928,6,"1;6;9;10;11;12"
Root_445,141.269027,26.488768,6,"0;6;9;10;11;12"
Root_446,356.994307,46.066528,5,"6;9;10;11;12"
Root_447,110.796637,16.980182,10,"0;1;2;3;4;5;9;10;11;12"
Root_448,304.730531,37.257942,9,"1;2;3;4;5;9;10;11;12"
Root_449,132.914656,22.309782,9,"0;2;3;4;5;9;10;11;12"
Root_450,340.280899,41.887542,8,"2;3;4;5;9;10;11;12"
Root_451,110.490534,17.906102,9,"0;1;3;4;5;9;10;11;12"
Root_452,305.034211,38.183862,8,"1;3;4;5;9;10;11;12"
Root_453,131.366496,23.235702,8,"0;3;4;5;9;10;11;12"
Root_454,341.510499,42.813462,7,"3;4;5;9;10;11;12"
Root_455,109.339763,18.893750,9,"0;1;2;4;5;9;10;11;12"
Root_456,311.392195,39.171510,8,"1;2;4;5;9;10;11;12"
Root_457,134.391168,24.223350,8,"0;2;4;5;9;10;11;12"
Root_458,348.856131,43.801110,7,"2;4;5;9;10;11;12"
Root_459,108.971933,19.819670,8,"0;1;4;5;9;10;11;12"
Root_460,312.621795,40.097430,7,"1;4;5;9;10;11;12"
Root_461,133.768928,25.149270,7,"0;4;5;9;10;11;12"
Root_462,351.011651,44.727030,6,"4;5;9;10;11;12"
Root_463,124.317322,19.202390,9,"0;1;2;3;5;9;10;11;12"
Root_464,314.169955,39.480150,8,"1;2;3;5;9;10;11;12"
Root_465,146.661642,24.531990,8,"0;2;3;5;9;10;11;12"
Root_466,351.942531,44.109750,7,"2;3;5;9;10;11;12"
Root_467,122.714931,20.128310,8,"0;1;3;5;9;10;11;12"
Root_468,315.399555,40.406070,7,"1;3;5;9;10;11;12"
Root_469,145.113482,25.457910,7,"0;3;5;9;10;11;12"
Root_470,354.098051,45.035670,6,"3;5;9;10;11;12"
Root_471,123.880266,21.115958,8,"0;1;2;5;9;10;11;12"
Root_472,322.745187,41.393718,7,"1;2;5;9;10;11;12"
Root_473,148.138154,26.445558,7,"0;2;5;9;10;11;12"
Root_474,362.431331,46.023318,6,"2;5;9;10;11;12"
Root_475,122.332106,22.041878,7,"0;1;5;9;10;11;12"
Root_476,324.900707,42.319638,6,"1;5;9;10;11;12"
Root_477,147.515914,27.371478,6,"0;5;9;10;11;12"
Root_478,365.512771,46.949238,5,"5;9;10;11;12"
Root_479,119.036019,18.523382,9,"0;1;2;3;4;9;10;11;12"
Root_480,308.737891,38.801142,8,"1;2;3;4;9;10;11;12"
Root_481,140.636970,23.852982,8,"0;2;3;4;9;10;11;12"
Root_482,345.831459,43.430742,7,"2;3;4;9;10;11;12"
Root_483,118.112637,19.449302,8,"0;1;3;4;9;10;11;12"
Root_484,309.967491,39.727062,7,"1;3;4;9;10;11;12"
Root_485,139.088810,24.778902,7,"0;3;4;9;10;11;12"
Root_486,347.986979,44.356662,6,"3;4;9;10;11;12"
Root_487,118.598963,20.436950,8,"0;1;2;4;9;10;11;12"
Root_488,316.942755,40.714710,7,"1;2;4;9;10;11;12"
Root_489,142.113482,25.766550,7,"0;2;4;9;10;11;12"
Root_490,355.949891,45.344310,6,"2;4;9;10;11;12"
Root_491,117.050803,21.362870,7,"0;1;4;9;10;11;12"
Root_492,319.098275,41.640630,6,"1;4;9;10;11;12"
Root_493,141.491242,26.692470,6,"0;4;9;10;11;12"
Root_494,359.031331,46.270230,5,"4;9;10;11;12"
Root_495,132.369267,20.745590,8,"0;1;2;3;9;10;11;12"
Root_496,319.720515,41.023350,7,"1;2;3;9;10;11;12"
Root_497,153.211123,26.075190,7,"0;2;3;9;10;11;12"
Root_498,359.036291,45.652950,6,"2;3;9;10;11;12"
Root_499,129.895187,21.671510,7,"0;1;3;9;10;11;12"
Root_500,321.876035,41.949270,6,"1;3;9;10;11;12"
Root_501,151.662963,27.001110,6,"0;3;9;10;11;12"
Root_502,362.117731,46.578870,5,"3;9;10;11;12"
Root_503,131.932211,22.659158,7,"0;1;2;9;10;11;12"
Root_504,329.838947,42.936918,6,"1;2;9;10;11;12"
Root_505,154.687635,27.988758,6,"0;2;9;10;11;12"
Root_506,371.068291,47.566518,5,"2;9;10;11;12"
Root_507,130.384051,23.585078,6,"0;1;9;10;11;12"
Root_508,332.920387,43.862838,5,"1;9;10;11;12"
Root_509,154.065395,28.914678,5,"0;9;10;11;12"
Root_510,375.075651,48.492438,4,"9;10;11;12"
Root_511,72.984557,9.492576,12,"0;1;2;3;4;5;6;7;8;10;11;12"
Root_512,263.913552,29.770336,11,"1;2;3;4;5;6;7;8;10;11;12"
Root_513,85.878285,14.822176,11,"0;2;3;4;5;6;7;8;10;11;12"
Root_514,291.359034,34.399936,10,"2;3;4;5;6;7;8;10;11;12"
Root_515,75.762317,10.418496,11,"0;1;3;4;5;6;7;8;10;11;12"
Root_516,262.365392,30.696256,10,"1;3;4;5;6;7;8;10;11;12"
Root_517,88.656045,15.748096,10,"0;3;4;5;6;7;8;10;11;12"
Root_518,290.736794,35.325856,9,"3;4;5;6;7;8;10;11;12"
Root_519,70.646285,11.406144,11,"0;1;2;4;5;6;7;8;10;11;12"
Root_520,266.130800,31.683904,10,"1;2;4;5;6;7;8;10;11;12"
Root_521,86.428813,16.735744,10,"0;2;4;5;6;7;8;10;11;12"
Root_522,296.107130,36.313504,9,"2;4;5;6;7;8;10;11;12"
Root_523,73.756109,12.332064,10,"0;1;4;5;6;7;8;10;11;12"
Root_524,265.508560,32.609824,9,"1;4;5;6;7;8;10;11;12"
Root_525,89.144909,17.661664,9,"0;4;5;6;7;8;10;11;12"
Root_526,296.410810,37.239424,8,"4;5;6;7;8;10;11;12"
Root_527,84.752237,11.714784,11,"0;1;2;3;5;6;7;8;10;11;12"
Root_528,272.298736,31.992544,10,"1;2;3;5;6;7;8;10;11;12"
Root_529,100.223693,17.044384,10,"0;2;3;5;6;7;8;10;11;12"
Root_530,298.576250,36.622144,9,"2;3;5;6;7;8;10;11;12"
Root_531,87.529997,12.640704,10,"0;1;3;5;6;7;8;10;11;12"
Root_532,270.750576,32.918464,9,"1;3;5;6;7;8;10;11;12"
Root_533,101.705229,17.970304,9,"0;3;5;6;7;8;10;11;12"
Root_534,298.879930,37.548064,8,"3;5;6;7;8;10;11;12"
Root_535,83.327533,13.628352,10,"0;1;2;5;6;7;8;10;11;12"
Root_536,275.133264,33.906112,9,"1;2;5;6;7;8;10;11;12"
Root_537,101.700205,18.957952,9,"0;2;5;6;7;8;10;11;12"
Root_538,305.237914,38.535712,8,"2;5;6;7;8;10;11;12"
Root_539,86.105293,14.554272,9,"0;1;5;6;7;8;10;11;12"
Root_540,274.511024,34.832032,8,"1;5;6;7;8;10;11;12"
Root_541,102.194093,19.883872,8,"0;5;6;7;8;10;11;12"
Root_542,306.467514,39.461632,7,"5;6;7;8;10;11;12"
Root_543,80.657133,11.035776,11,"0;1;2;3;4;6;7;8;10;11;12"
Root_544,265.903696,31.313536,10,"1;2;3;4;6;7;8;10;11;12"
Root_545,95.779341,16.365376,10,"0;2;3;4;6;7;8;10;11;12"
Root_546,293.823194,35.943136,9,"2;3;4;6;7;8;10;11;12"
Root_547,83.455949,11.961696,10,"0;1;3;4;6;7;8;10;11;12"
Root_548,264.355536,32.239456,9,"1;3;4;6;7;8;10;11;12"
Root_549,97.631181,17.291296,9,"0;3;4;6;7;8;10;11;12"
Root_550,294.126874,36.869056,8,"3;4;6;7;8;10;11;12"
Root_551,79.232429,12.949344,10,"0;1;2;4;6;7;8;10;11;12"
Root_552,268.594960,33.227104,9,"1;2;4;6;7;8;10;11;12"
Root_553,96.947149,18.278944,9,"0;2;4;6;7;8;10;11;12"
Root_554,300.114490,37.856704,8,"2;4;6;7;8;10;11;12"
Root_555,82.031245,13.875264,9,"0;1;4;6;7;8;10;11;12"
Root_556,268.898640,34.153024,8,"1;4;6;7;8;10;11;12"
Root_557,98.120045,19.204864,8,"0;4;6;7;8;10;11;12"
Root_558,301.344090,38.782624,7,"4;6;7;8;10;11;12"
Root_559,94.360749,13.257984,10,"0;1;2;3;6;7;8;10;11;12"
Root_560,273.219696,33.535744,9,"1;2;3;6;7;8;10;11;12"
Root_561,111.026093,18.587584,9,"0;2;3;6;7;8;10;11;12"
Root_562,302.583610,38.165344,8,"2;3;6;7;8;10;11;12"
Root_563,96.789197,14.183904,9,"0;1;3;6;7;8;10;11;12"
Root_564,272.597456,34.461664,8,"1;3;6;7;8;10;11;12"
Root_565,110.964429,19.513504,8,"0;3;6;7;8;10;11;12"
Root_566,303.813210,39.091264,7,"3;6;7;8;10;11;12"
Root_567,92.936045,15.171552,9,"0;1;2;6;7;8;10;11;12"
Root_568,277.597424,35.449312,8,"1;2;6;7;8;10;11;12"
Root_569,112.502605,20.501152,8,"0;2;6;7;8;10;11;12"
Root_570,310.788474,40.078912,7,"2;6;7;8;10;11;12"
Root_571,95.364493,16.097472,8,"0;1;6;7;8;10;11;12"
Root_572,278.276336,36.375232,7,"1;6;7;8;10;11;12"
Root_573,111.880365,21.427072,7,"0;6;7;8;10;11;12"
Root_574,312.943994,41.004832,6,"6;7;8;10;11;12"
Root_575,85.974451,11.918486,11,"0;1;2;3;4;5;7;8;10;11;12"
Root_576,272.724653,32.196246,10,"1;2;3;4;5;7;8;10;11;12"
Root_577,101.649610,17.248086,10,"0;2;3;4;5;7;8;10;11;12"
Root_578,300.409571,36.825846,9,"2;3;4;5;7;8;10;11;12"
Root_579,88.752211,12.844406,10,"0;1;3;4;5;7;8;10;11;12"
Root_580,271.176493,33.122166,9,"1;3;4;5;7;8;10;11;12"
Root_581,102.927443,18.174006,9,"0;3;4;5;7;8;10;11;12"
Root_582,300.713251,37.751766,8,"3;4;5;7;8;10;11;12"
Root_583,84.549747,13.832054,10,"0;1;2;4;5;7;8;10;11;12"
Root_584,275.559181,34.109814,9,"1;2;4;5;7;8;10;11;12"
Root_585,103.126122,19.161654,9,"0;2;4;5;7;8;10;11;12"
Root_586,307.071235,38.739414,8,"2;4;5;7;8;10;11;12"
Root_587,87.327507,14.757974,9,"0;1;4;5;7;8;10;11;12"
Root_588,274.972675,35.035734,8,"1;4;5;7;8;10;11;12"
Root_589,103.416307,20.087574,8,"0;4;5;7;8;10;11;12"
Root_590,308.300835,39.665334,7,"4;5;7;8;10;11;12"
Root_591,100.801491,14.140694,10,"0;1;2;3;5;7;8;10;11;12"
Root_592,279.301206,34.418454,9,"1;2;3;5;7;8;10;11;12"
Root_593,118.748266,19.470294,9,"0;2;3;5;7;8;10;11;12"
Root_594,309.848995,39.048054,8,"2;3;5;7;8;10;11;12"
Root_595,102.653331,15.066614,9,"0;1;3;5;7;8;10;11;12"
Root_596,278.097421,35.344374,8,"1;3;5;7;8;10;11;12"
Root_597,117.803891,20.396214,8,"0;3;5;7;8;10;11;12"
Root_598,311.078595,39.973974,7,"3;5;7;8;10;11;12"
Root_599,99.376787,16.054262,9,"0;1;2;5;7;8;10;11;12"
Root_600,283.799779,36.332022,8,"1;2;5;7;8;10;11;12"
Root_601,120.224778,21.383862,8,"0;2;5;7;8;10;11;12"
Root_602,318.424227,40.961622,7,"2;5;7;8;10;11;12"
Root_603,101.228627,16.980182,8,"0;1;5;7;8;10;11;12"
Root_604,285.029379,37.257942,7,"1;5;7;8;10;11;12"
Root_605,119.602538,22.309782,7,"0;5;7;8;10;11;12"
Root_606,320.579747,41.887542,6,"5;7;8;10;11;12"
Root_607,95.786666,13.461686,10,"0;1;2;3;4;7;8;10;11;12"
Root_608,273.645613,33.739446,9,"1;2;3;4;7;8;10;11;12"
Root_609,112.452010,18.791286,9,"0;2;3;4;7;8;10;11;12"
Root_610,304.416931,38.369046,8,"2;3;4;7;8;10;11;12"
Root_611,98.011411,14.387606,9,"0;1;3;4;7;8;10;11;12"
Root_612,273.023373,34.665366,8,"1;3;4;7;8;10;11;12"
Root_613,112.186643,19.717206,8,"0;3;4;7;8;10;11;12"
Root_614,305.646531,39.294966,7,"3;4;7;8;10;11;12"
Root_615,94.361962,15.375254,9,"0;1;2;4;7;8;10;11;12"
Root_616,278.676355,35.653014,8,"1;2;4;7;8;10;11;12"
Root_617,113.928522,20.704854,8,"0;2;4;7;8;10;11;12"
Root_618,312.621795,40.282614,7,"2;4;7;8;10;11;12"
Root_619,96.586707,16.301174,8,"0;1;4;7;8;10;11;12"
Root_620,279.905955,36.578934,7,"1;4;7;8;10;11;12"
Root_621,113.306282,21.630774,7,"0;4;7;8;10;11;12"
Root_622,314.777315,41.208534,6,"4;7;8;10;11;12"
Root_623,108.749546,15.683894,9,"0;1;2;3;7;8;10;11;12"
Root_624,281.183821,35.961654,8,"1;2;3;7;8;10;11;12"
Root_625,128.007466,21.013494,8,"0;2;3;7;8;10;11;12"
Root_626,315.399555,40.591254,7,"2;3;7;8;10;11;12"
Root_627,109.739731,16.609814,8,"0;1;3;7;8;10;11;12"
Root_628,282.375075,36.887574,7,"1;3;7;8;10;11;12"
Root_629,126.459306,21.939414,7,"0;3;7;8;10;11;12"
Root_630,317.555075,41.517174,6,"3;7;8;10;11;12"
Root_631,107.386570,17.597462,8,"0;1;2;7;8;10;11;12"
Root_632,289.350339,37.875222,7,"1;2;7;8;10;11;12"
Root_633,129.483978,22.927062,7,"0;2;7;8;10;11;12"
Root_634,325.517987,42.504822,6,"2;7;8;10;11;12"
Root_635,108.315027,18.523382,7,"0;1;7;8;10;11;12"
Root_636,291.505859,38.801142,6,"1;7;8;10;11;12"
Root_637,128.861738,23.852982,6,"0;7;8;10;11;12"
Root_638,328.599427,43.430742,5,"7;8;10;11;12"
Root_639,87.526413,12.517248,11,"0;1;2;3;4;5;6;8;10;11;12"
Root_640,275.309754,32.795008,10,"1;2;3;4;5;6;8;10;11;12"
Root_641,103.100333,17.846848,10,"0;2;3;4;5;6;8;10;11;12"
Root_642,306.397187,37.424608,9,"2;3;4;5;6;8;10;11;12"
Root_643,90.304173,13.443168,10,"0;1;3;4;5;6;8;10;11;12"
Root_644,274.687514,33.720928,9,"1;3;4;5;6;8;10;11;12"
Root_645,103.779405,18.772768,9,"0;3;4;5;6;8;10;11;12"
Root_646,306.700867,38.350528,8,"3;4;5;6;8;10;11;12"
Root_647,86.101709,14.430816,10,"0;1;2;4;5;6;8;10;11;12"
Root_648,280.057850,34.708576,9,"1;2;4;5;6;8;10;11;12"
Root_649,104.576845,19.760416,9,"0;2;4;5;6;8;10;11;12"
Root_650,313.058851,39.338176,8,"2;4;5;6;8;10;11;12"
Root_651,88.879469,15.356736,9,"0;1;4;5;6;8;10;11;12"
Root_652,280.361530,35.634496,8,"1;4;5;6;8;10;11;12"
Root_653,104.268269,20.686336,8,"0;4;5;6;8;10;11;12"
Root_654,314.288451,40.264096,7,"4;5;6;8;10;11;12"
Root_655,99.563373,14.739456,10,"0;1;2;3;5;6;8;10;11;12"
Root_656,283.509754,35.017216,9,"1;2;3;5;6;8;10;11;12"
Root_657,116.433581,20.069056,9,"0;2;3;5;6;8;10;11;12"
Root_658,315.836611,39.646816,8,"2;3;5;6;8;10;11;12"
Root_659,101.415213,15.665376,9,"0;1;3;5;6;8;10;11;12"
Root_660,282.887514,35.943136,8,"1;3;5;6;8;10;11;12"
Root_661,114.890445,20.994976,8,"0;3;5;6;8;10;11;12"
Root_662,317.066211,40.572736,7,"3;5;6;8;10;11;12"
Root_663,98.138669,16.653024,9,"0;1;2;5;6;8;10;11;12"
Root_664,289.188634,36.930784,8,"1;2;5;6;8;10;11;12"
Root_665,117.910093,21.982624,8,"0;2;5;6;8;10;11;12"
Root_666,324.411843,41.560384,7,"2;5;6;8;10;11;12"
Root_667,99.990509,17.578944,8,"0;1;5;6;8;10;11;12"
Root_668,290.418234,37.856704,7,"1;5;6;8;10;11;12"
Root_669,117.287853,22.908544,7,"0;5;6;8;10;11;12"
Root_670,326.567363,42.486304,6,"5;6;8;10;11;12"
Root_671,96.168333,14.060448,10,"0;1;2;3;4;6;8;10;11;12"
Root_672,277.773914,34.338208,9,"1;2;3;4;6;8;10;11;12"
Root_673,112.359533,19.390048,9,"0;2;3;4;6;8;10;11;12"
Root_674,310.404547,38.967808,8,"2;3;4;6;8;10;11;12"
Root_675,98.020173,14.986368,9,"0;1;3;4;6;8;10;11;12"
Root_676,278.077594,35.264128,8,"1;3;4;6;8;10;11;12"
Root_677,111.495405,20.315968,8,"0;3;4;6;8;10;11;12"
Root_678,311.634147,39.893728,7,"3;4;6;8;10;11;12"
Root_679,94.743629,15.974016,9,"0;1;2;4;6;8;10;11;12"
Root_680,284.065210,36.251776,8,"1;2;4;6;8;10;11;12"
Root_681,113.836045,21.303616,8,"0;2;4;6;8;10;11;12"
Root_682,318.609411,40.881376,7,"2;4;6;8;10;11;12"
Root_683,96.595469,16.899936,8,"0;1;4;6;8;10;11;12"
Root_684,285.294810,37.177696,7,"1;4;6;8;10;11;12"
Root_685,113.213805,22.229536,7,"0;4;6;8;10;11;12"
Root_686,320.764931,41.807296,6,"4;6;8;10;11;12"
Root_687,108.205293,16.282656,9,"0;1;2;3;6;8;10;11;12"
Root_688,286.534330,36.560416,8,"1;2;3;6;8;10;11;12"
Root_689,125.692781,21.612256,8,"0;2;3;6;8;10;11;12"
Root_690,321.387171,41.190016,7,"2;3;6;8;10;11;12"
Root_691,109.131213,17.208576,8,"0;1;3;6;8;10;11;12"
Root_692,287.763930,37.486336,7,"1;3;6;8;10;11;12"
Root_693,124.144621,22.538176,7,"0;3;6;8;10;11;12"
Root_694,323.542691,42.115936,6,"3;6;8;10;11;12"
Root_695,107.376813,18.196224,8,"0;1;2;6;8;10;11;12"
Root_696,294.739194,38.473984,7,"1;2;6;8;10;11;12"
Root_697,127.169293,23.525824,7,"0;2;6;8;10;11;12"
Root_698,331.505603,43.103584,6,"2;6;8;10;11;12"
Root_699,107.706509,19.122144,7,"0;1;6;8;10;11;12"
Root_700,296.894714,39.399904,6,"1;6;8;10;11;12"
Root_701,126.547053,24.451744,6,"0;6;8;10;11;12"
Root_702,334.587043,44.029504,5,"6;8;10;11;12"
Root_703,100.702803,14.943158,10,"0;1;2;3;4;5;8;10;11;12"
Root_704,284.360291,35.220918,9,"1;2;3;4;5;8;10;11;12"
Root_705,117.655795,20.272758,9,"0;2;3;4;5;8;10;11;12"
Root_706,317.873635,39.850518,8,"2;3;4;5;8;10;11;12"
Root_707,102.433725,15.869078,9,"0;1;3;4;5;8;10;11;12"
Root_708,284.663971,36.146838,8,"1;3;4;5;8;10;11;12"
Root_709,116.107635,21.198678,8,"0;3;4;5;8;10;11;12"
Root_710,319.103235,40.776438,7,"3;4;5;8;10;11;12"
Root_711,99.339827,16.856726,9,"0;1;2;4;5;8;10;11;12"
Root_712,291.021955,37.134486,8,"1;2;4;5;8;10;11;12"
Root_713,119.132307,22.186326,8,"0;2;4;5;8;10;11;12"
Root_714,326.448867,41.764086,7,"2;4;5;8;10;11;12"
Root_715,101.009021,17.782646,8,"0;1;4;5;8;10;11;12"
Root_716,292.251555,38.060406,7,"1;4;5;8;10;11;12"
Root_717,118.510067,23.112246,7,"0;4;5;8;10;11;12"
Root_718,328.604387,42.690006,6,"4;5;8;10;11;12"
Root_719,114.317386,17.165366,9,"0;1;2;3;5;8;10;11;12"
Root_720,293.799715,37.443126,8,"1;2;3;5;8;10;11;12"
Root_721,132.532243,22.494966,8,"0;2;3;5;8;10;11;12"
Root_722,329.535267,42.072726,7,"2;3;5;8;10;11;12"
Root_723,114.752019,18.091286,8,"0;1;3;5;8;10;11;12"
Root_724,295.029315,38.369046,7,"1;3;5;8;10;11;12"
Root_725,130.984083,23.420886,7,"0;3;5;8;10;11;12"
Root_726,331.690787,42.998646,6,"3;5;8;10;11;12"
Root_727,113.880330,19.078934,8,"0;1;2;5;8;10;11;12"
Root_728,302.374947,39.356694,7,"1;2;5;8;10;11;12"
Root_729,134.008755,24.408534,7,"0;2;5;8;10;11;12"
Root_730,340.024067,43.986294,6,"2;5;8;10;11;12"
Root_731,113.327315,20.004854,7,"0;1;5;8;10;11;12"
Root_732,304.530467,40.282614,6,"1;5;8;10;11;12"
Root_733,133.386515,25.334454,6,"0;5;8;10;11;12"
Root_734,343.105507,44.912214,5,"5;8;10;11;12"
Root_735,109.223805,16.486358,9,"0;1;2;3;4;8;10;11;12"
Root_736,288.367651,36.764118,8,"1;2;3;4;8;10;11;12"
Root_737,126.914995,21.815958,8,"0;2;3;4;8;10;11;12"
Root_738,323.424195,41.393718,7,"2;3;4;8;10;11;12"
Root_739,110.149725,17.412278,8,"0;1;3;4;8;10;11;12"
Root_740,289.597251,37.690038,7,"1;3;4;8;10;11;12"
Root_741,125.366835,22.741878,7,"0;3;4;8;10;11;12"
Root_742,325.579715,42.319638,6,"3;4;8;10;11;12"
Root_743,108.599027,18.399926,8,"0;1;2;4;8;10;11;12"
Root_744,296.572515,38.677686,7,"1;2;4;8;10;11;12"
Root_745,128.391507,23.729526,7,"0;2;4;8;10;11;12"
Root_746,333.542627,43.307286,6,"2;4;8;10;11;12"
Root_747,108.725021,19.325846,7,"0;1;4;8;10;11;12"
Root_748,298.728035,39.603606,6,"1;4;8;10;11;12"
Root_749,127.769267,24.655446,6,"0;4;8;10;11;12"
Root_750,336.624067,44.233206,5,"4;8;10;11;12"
Root_751,122.369331,18.708566,8,"0;1;2;3;8;10;11;12"
Root_752,299.350275,38.986326,7,"1;2;3;8;10;11;12"
Root_753,140.248243,24.038166,7,"0;2;3;8;10;11;12"
Root_754,336.629027,43.615926,6,"2;3;8;10;11;12"
Root_755,121.260765,19.634486,7,"0;1;3;8;10;11;12"
Root_756,301.505795,39.912246,6,"1;3;8;10;11;12"
Root_757,138.700083,24.964086,6,"0;3;8;10;11;12"
Root_758,339.710467,44.541846,5,"3;8;10;11;12"
Root_759,121.932275,20.622134,7,"0;1;2;8;10;11;12"
Root_760,309.468707,40.899894,6,"1;2;8;10;11;12"
Root_761,141.724755,25.951734,6,"0;2;8;10;11;12"
Root_762,348.661027,45.529494,5,"2;8;10;11;12"
Root_763,120.384115,21.548054,6,"0;1;8;10;11;12"
Root_764,312.550147,41.825814,5,"1;8;10;11;12"
Root_765,141.102515,26.877654,5,"0;8;10;11;12"
Root_766,352.668387,46.455414,4,"8;10;11;12"
Root_767,84.856109,14.122176,11,"0;1;2;3;4;5;6;7;10;11;12"
Root_768,291.359034,34.399936,10,"1;2;3;4;5;6;7;10;11;12"
Root_769,104.619779,19.451776,10,"0;2;3;4;5;6;7;10;11;12"
Root_770,324.051395,39.029536,9,"2;3;4;5;6;7;10;11;12"
Root_771,86.707949,15.048096,10,"0;1;3;4;5;6;7;10;11;12"
Root_772,290.736794,35.325856,9,"1;3;4;5;6;7;10;11;12"
Root_773,104.619843,20.377696,9,"0;3;4;5;6;7;10;11;12"
Root_774,324.355075,39.955456,8,"3;4;5;6;7;10;11;12"
Root_775,83.431405,16.035744,10,"0;1;2;4;5;6;7;10;11;12"
Root_776,296.107130,36.313504,9,"1;2;4;5;6;7;10;11;12"
Root_777,108.009859,21.365344,9,"0;2;4;5;6;7;10;11;12"
Root_778,330.713059,40.943104,8,"2;4;5;6;7;10;11;12"
Root_779,85.283245,16.961664,9,"0;1;4;5;6;7;10;11;12"
Root_780,296.410810,37.239424,8,"1;4;5;6;7;10;11;12"
Root_781,108.313539,22.291264,8,"0;4;5;6;7;10;11;12"
Root_782,331.942659,41.869024,7,"4;5;6;7;10;11;12"
Root_783,95.909005,16.344384,10,"0;1;2;3;5;6;7;10;11;12"
Root_784,298.576250,36.622144,9,"1;2;3;5;6;7;10;11;12"
Root_785,122.261507,21.673984,9,"0;2;3;5;6;7;10;11;12"
Root_786,333.490819,41.251744,8,"2;3;5;6;7;10;11;12"
Root_787,96.834925,17.270304,9,"0;1;3;5;6;7;10;11;12"
Root_788,298.879930,37.548064,8,"1;3;5;6;7;10;11;12"
Root_789,121.639267,22.599904,8,"0;3;5;6;7;10;11;12"
Root_790,334.720419,42.177664,7,"3;5;6;7;10;11;12"
Root_791,95.400205,18.257952,9,"0;1;2;5;6;7;10;11;12"
Root_792,305.237914,38.535712,8,"1;2;5;6;7;10;11;12"
Root_793,125.651587,23.587552,8,"0;2;5;6;7;10;11;12"
Root_794,342.066051,43.165312,7,"2;5;6;7;10;11;12"
Root_795,96.594093,19.183872,8,"0;1;5;6;7;10;11;12"
Root_796,306.467514,39.461632,7,"1;5;6;7;10;11;12"
Root_797,125.955267,24.513472,7,"0;5;6;7;10;11;12"
Root_798,344.221571,44.091232,6,"5;6;7;10;11;12"
Root_799,92.431181,15.665376,10,"0;1;2;3;4;6;7;10;11;12"
Root_800,293.823194,35.943136,9,"1;2;3;4;6;7;10;11;12"
Root_801,115.422179,20.994976,9,"0;2;3;4;6;7;10;11;12"
Root_802,328.058755,40.572736,8,"2;3;4;6;7;10;11;12"
Root_803,93.439885,16.591296,9,"0;1;3;4;6;7;10;11;12"
Root_804,294.126874,36.869056,8,"1;3;4;6;7;10;11;12"
Root_805,114.799939,21.920896,8,"0;3;4;6;7;10;11;12"
Root_806,329.288355,41.498656,7,"3;4;6;7;10;11;12"
Root_807,91.068205,17.578944,9,"0;1;2;4;6;7;10;11;12"
Root_808,300.114490,37.856704,8,"1;2;4;6;7;10;11;12"
Root_809,118.812259,22.908544,8,"0;2;4;6;7;10;11;12"
Root_810,336.263619,42.486304,7,"2;4;6;7;10;11;12"
Root_811,92.520045,18.504864,8,"0;1;4;6;7;10;11;12"
Root_812,301.344090,38.782624,7,"1;4;6;7;10;11;12"
Root_813,119.115939,23.834464,7,"0;4;6;7;10;11;12"
Root_814,338.419139,43.412224,6,"4;6;7;10;11;12"
Root_815,104.838509,17.887584,9,"0;1;2;3;6;7;10;11;12"
Root_816,302.583610,38.165344,8,"1;2;3;6;7;10;11;12"
Root_817,131.977635,23.217184,8,"0;2;3;6;7;10;11;12"
Root_818,339.041379,42.794944,7,"2;3;6;7;10;11;12"
Root_819,105.364429,18.813504,8,"0;1;3;6;7;10;11;12"
Root_820,303.813210,39.091264,7,"1;3;6;7;10;11;12"
Root_821,131.355395,24.143104,7,"0;3;6;7;10;11;12"
Root_822,341.196899,43.720864,6,"3;6;7;10;11;12"
Root_823,106.202605,19.801152,8,"0;1;2;6;7;10;11;12"
Root_824,310.788474,40.078912,7,"1;2;6;7;10;11;12"
Root_825,135.367715,25.130752,7,"0;2;6;7;10;11;12"
Root_826,349.159811,44.708512,6,"2;6;7;10;11;12"
Root_827,105.853293,20.727072,7,"0;1;6;7;10;11;12"
Root_828,312.943994,41.004832,6,"1;6;7;10;11;12"
Root_829,135.671395,26.056672,6,"0;6;7;10;11;12"
Root_830,352.241251,45.634432,5,"6;7;10;11;12"
Root_831,96.927517,16.548086,10,"0;1;2;3;4;5;7;10;11;12"
Root_832,300.409571,36.825846,9,"1;2;3;4;5;7;10;11;12"
Root_833,122.891126,21.877686,9,"0;2;3;4;5;7;10;11;12"
Root_834,335.527843,41.455446,8,"2;3;4;5;7;10;11;12"
Root_835,97.853437,17.474006,9,"0;1;3;4;5;7;10;11;12"
Root_836,300.713251,37.751766,8,"1;3;4;5;7;10;11;12"
Root_837,122.268886,22.803606,8,"0;3;4;5;7;10;11;12"
Root_838,336.757443,42.381366,7,"3;4;5;7;10;11;12"
Root_839,96.826122,18.461654,9,"0;1;2;4;5;7;10;11;12"
Root_840,307.071235,38.739414,8,"1;2;4;5;7;10;11;12"
Root_841,126.281206,23.791254,8,"0;2;4;5;7;10;11;12"
Root_842,344.103075,43.369014,7,"2;4;5;7;10;11;12"
Root_843,97.816307,19.387574,8,"0;1;4;5;7;10;11;12"
Root_844,308.300835,39.665334,7,"1;4;5;7;10;11;12"
Root_845,126.584886,24.717174,7,"0;4;5;7;10;11;12"
Root_846,346.258595,44.294934,6,"4;5;7;10;11;12"
Root_847,112.112320,18.770294,9,"0;1;2;3;5;7;10;11;12"
Root_848,309.848995,39.048054,8,"1;2;3;5;7;10;11;12"
Root_849,138.922048,24.099894,8,"0;2;3;5;7;10;11;12"
Root_850,347.189475,43.677654,7,"2;3;5;7;10;11;12"
Root_851,111.867946,19.696214,8,"0;1;3;5;7;10;11;12"
Root_852,311.078595,39.973974,7,"1;3;5;7;10;11;12"
Root_853,138.299808,25.025814,7,"0;3;5;7;10;11;12"
Root_854,349.344995,44.603574,6,"3;5;7;10;11;12"
Root_855,113.588832,20.683862,8,"0;1;2;5;7;10;11;12"
Root_856,318.424227,40.961622,7,"1;2;5;7;10;11;12"
Root_857,142.312128,26.013462,7,"0;2;5;7;10;11;12"
Root_858,357.678275,45.591222,6,"2;5;7;10;11;12"
Root_859,112.966592,21.609782,7,"0;1;5;7;10;11;12"
Root_860,320.579747,41.887542,6,"1;5;7;10;11;12"
Root_861,142.615808,26.939382,6,"0;5;7;10;11;12"
Root_862,360.759715,46.517142,5,"5;7;10;11;12"
Root_863,106.152010,18.091286,9,"0;1;2;3;4;7;10;11;12"
Root_864,304.416931,38.369046,8,"1;2;3;4;7;10;11;12"
Root_865,132.403552,23.420886,8,"0;2;3;4;7;10;11;12"
Root_866,341.078403,42.998646,7,"2;3;4;7;10;11;12"
Root_867,106.586643,19.017206,8,"0;1;3;4;7;10;11;12"
Root_868,305.646531,39.294966,7,"1;3;4;7;10;11;12"
Root_869,131.781312,24.346806,7,"0;3;4;7;10;11;12"
Root_870,343.233923,43.924566,6,"3;4;7;10;11;12"
Root_871,107.628522,20.004854,8,"0;1;2;4;7;10;11;12"
Root_872,312.621795,40.282614,7,"1;2;4;7;10;11;12"
Root_873,135.793632,25.334454,7,"0;2;4;7;10;11;12"
Root_874,351.196835,44.912214,6,"2;4;7;10;11;12"
Root_875,107.075507,20.930774,7,"0;1;4;7;10;11;12"
Root_876,314.777315,41.208534,6,"1;4;7;10;11;12"
Root_877,136.097312,26.260374,6,"0;4;7;10;11;12"
Root_878,354.278275,45.838134,5,"4;7;10;11;12"
Root_879,121.707466,20.313494,8,"0;1;2;3;7;10;11;12"
Root_880,315.399555,40.591254,7,"1;2;3;7;10;11;12"
Root_881,147.446826,25.643094,7,"0;2;3;7;10;11;12"
Root_882,354.283235,45.220854,6,"2;3;7;10;11;12"
Root_883,120.159306,21.239414,7,"0;1;3;7;10;11;12"
Root_884,317.555075,41.517174,6,"1;3;7;10;11;12"
Root_885,146.824586,26.569014,6,"0;3;7;10;11;12"
Root_886,357.364675,46.146774,5,"3;7;10;11;12"
Root_887,123.183978,22.227062,7,"0;1;2;7;10;11;12"
Root_888,325.517987,42.504822,6,"1;2;7;10;11;12"
Root_889,150.836906,27.556662,6,"0;2;7;10;11;12"
Root_890,366.315235,47.134422,5,"2;7;10;11;12"
Root_891,122.561738,23.152982,6,"0;1;7;10;11;12"
Root_892,328.599427,43.430742,5,"1;7;10;11;12"
Root_893,151.140586,28.482582,5,"0;7;10;11;12"
Root_894,370.322595,48.060342,4,"7;10;11;12"
Root_895,98.353485,17.146848,10,"0;1;2;3;4;5;6;10;11;12"
Root_896,306.397187,37.424608,9,"1;2;3;4;5;6;10;11;12"
Root_897,121.693859,22.476448,9,"0;2;3;4;5;6;10;11;12"
Root_898,342.114221,42.054208,8,"2;3;4;5;6;10;11;12"
Root_899,98.879405,18.072768,9,"0;1;3;4;5;6;10;11;12"
Root_900,306.700867,38.350528,8,"1;3;4;5;6;10;11;12"
Root_901,121.071619,23.402368,8,"0;3;4;5;6;10;11;12"
Root_902,343.343821,42.980128,7,"3;4;5;6;10;11;12"
Root_903,98.976845,19.060416,9,"0;1;2;4;5;6;10;11;12"
Root_904,313.058851,39.338176,8,"1;2;4;5;6;10;11;12"
Root_905,125.083939,24.390016,8,"0;2;4;5;6;10;11;12"
Root_906,350.689453,43.967776,7,"2;4;5;6;10;11;12"
Root_907,99.368269,19.986336,8,"0;1;4;5;6;10;11;12"
Root_908,314.288451,40.264096,7,"1;4;5;6;10;11;12"
Root_909,125.387619,25.315936,7,"0;4;5;6;10;11;12"
Root_910,352.844973,44.893696,6,"4;5;6;10;11;12"
Root_911,110.833581,19.369056,9,"0;1;2;3;5;6;10;11;12"
Root_912,315.836611,39.646816,8,"1;2;3;5;6;10;11;12"
Root_913,137.360291,24.698656,8,"0;2;3;5;6;10;11;12"
Root_914,353.775853,44.276416,7,"2;3;5;6;10;11;12"
Root_915,109.990445,20.294976,8,"0;1;3;5;6;10;11;12"
Root_916,317.066211,40.572736,7,"1;3;5;6;10;11;12"
Root_917,136.738051,25.624576,7,"0;3;5;6;10;11;12"
Root_918,355.931373,45.202336,6,"3;5;6;10;11;12"
Root_919,112.310093,21.282624,8,"0;1;2;5;6;10;11;12"
Root_920,324.411843,41.560384,7,"1;2;5;6;10;11;12"
Root_921,140.750371,26.612224,7,"0;2;5;6;10;11;12"
Root_922,364.264653,46.189984,6,"2;5;6;10;11;12"
Root_923,111.687853,22.208544,7,"0;1;5;6;10;11;12"
Root_924,326.567363,42.486304,6,"1;5;6;10;11;12"
Root_925,141.054051,27.538144,6,"0;5;6;10;11;12"
Root_926,367.346093,47.115904,5,"5;6;10;11;12"
Root_927,106.759533,18.690048,9,"0;1;2;3;4;6;10;11;12"
Root_928,310.404547,38.967808,8,"1;2;3;4;6;10;11;12"
Root_929,130.953059,24.019648,8,"0;2;3;4;6;10;11;12"
Root_930,347.664781,43.597408,7,"2;3;4;6;10;11;12"
Root_931,106.595405,19.615968,8,"0;1;3;4;6;10;11;12"
Root_932,311.634147,39.893728,7,"1;3;4;6;10;11;12"
Root_933,130.330819,24.945568,7,"0;3;4;6;10;11;12"
Root_934,349.820301,44.523328,6,"3;4;6;10;11;12"
Root_935,108.236045,20.603616,8,"0;1;2;4;6;10;11;12"
Root_936,318.609411,40.881376,7,"1;2;4;6;10;11;12"
Root_937,134.343139,25.933216,7,"0;2;4;6;10;11;12"
Root_938,357.783213,45.510976,6,"2;4;6;10;11;12"
Root_939,107.613805,21.529536,7,"0;1;4;6;10;11;12"
Root_940,320.764931,41.807296,6,"1;4;6;10;11;12"
Root_941,134.646819,26.859136,6,"0;4;6;10;11;12"
Root_942,360.864653,46.436896,5,"4;6;10;11;12"
Root_943,120.092781,20.912256,8,"0;1;2;3;6;10;11;12"
Root_944,321.387171,41.190016,7,"1;2;3;6;10;11;12"
Root_945,145.286307,26.241856,7,"0;2;3;6;10;11;12"
Root_946,360.869613,45.819616,6,"2;3;6;10;11;12"
Root_947,118.544621,21.838176,7,"0;1;3;6;10;11;12"
Root_948,323.542691,42.115936,6,"1;3;6;10;11;12"
Root_949,144.664067,27.167776,6,"0;3;6;10;11;12"
Root_950,363.951053,46.745536,5,"3;6;10;11;12"
Root_951,121.569293,22.825824,7,"0;1;2;6;10;11;12"
Root_952,331.505603,43.103584,6,"1;2;6;10;11;12"
Root_953,148.676387,28.155424,6,"0;2;6;10;11;12"
Root_954,372.901613,47.733184,5,"2;6;10;11;12"
Root_955,120.947053,23.751744,6,"0;1;6;10;11;12"
Root_956,334.587043,44.029504,5,"1;6;10;11;12"
Root_957,149.061411,29.081344,5,"0;6;10;11;12"
Root_958,376.908973,48.659104,4,"6;10;11;12"
Root_959,112.055795,19.572758,9,"0;1;2;3;4;5;10;11;12"
Root_960,317.873635,39.850518,8,"1;2;3;4;5;10;11;12"
Root_961,137.786208,24.902358,8,"0;2;3;4;5;10;11;12"
Root_962,356.016579,44.480118,7,"2;3;4;5;10;11;12"
Root_963,111.008957,20.498678,8,"0;1;3;4;5;10;11;12"
Root_964,319.103235,40.776438,7,"1;3;4;5;10;11;12"
Root_965,137.163968,25.828278,7,"0;3;4;5;10;11;12"
Root_966,358.172099,45.406038,6,"3;4;5;10;11;12"
Root_967,113.532307,21.486326,8,"0;1;2;4;5;10;11;12"
Root_968,326.448867,41.764086,7,"1;2;4;5;10;11;12"
Root_969,141.176288,26.815926,7,"0;2;4;5;10;11;12"
Root_970,366.505379,46.393686,6,"2;4;5;10;11;12"
Root_971,112.910067,22.412246,7,"0;1;4;5;10;11;12"
Root_972,328.604387,42.690006,6,"1;4;5;10;11;12"
Root_973,141.479968,27.741846,6,"0;4;5;10;11;12"
Root_974,369.586819,47.319606,5,"4;5;10;11;12"
Root_975,126.596298,21.794966,8,"0;1;2;3;5;10;11;12"
Root_976,329.535267,42.072726,7,"1;2;3;5;10;11;12"
Root_977,151.909875,27.124566,7,"0;2;3;5;10;11;12"
Root_978,369.900419,46.702326,6,"2;3;5;10;11;12"
Root_979,125.048138,22.720886,7,"0;1;3;5;10;11;12"
Root_980,331.690787,42.998646,6,"1;3;5;10;11;12"
Root_981,151.287635,28.050486,6,"0;3;5;10;11;12"
Root_982,372.981859,47.628246,5,"3;5;10;11;12"
Root_983,128.072810,23.708534,7,"0;1;2;5;10;11;12"
Root_984,340.024067,43.986294,6,"1;2;5;10;11;12"
Root_985,155.702144,29.038134,6,"0;2;5;10;11;12"
Root_986,382.302787,48.615894,5,"2;5;10;11;12"
Root_987,127.450570,24.634454,6,"0;1;5;10;11;12"
Root_988,343.105507,44.912214,5,"1;5;10;11;12"
Root_989,156.931744,29.964054,5,"0;5;10;11;12"
Root_990,386.310147,49.541814,4,"5;10;11;12"
Root_991,121.314995,21.115958,8,"0;1;2;3;4;10;11;12"
Root_992,323.424195,41.393718,7,"1;2;3;4;10;11;12"
Root_993,145.508522,26.445558,7,"0;2;3;4;10;11;12"
Root_994,363.110339,46.023318,6,"2;3;4;10;11;12"
Root_995,119.766835,22.041878,7,"0;1;3;4;10;11;12"
Root_996,325.579715,42.319638,6,"1;3;4;10;11;12"
Root_997,144.886282,27.371478,6,"0;3;4;10;11;12"
Root_998,366.191779,46.949238,5,"3;4;10;11;12"
Root_999,122.791507,23.029526,7,"0;1;2;4;10;11;12"
Root_1000,333.542627,43.307286,6,"1;2;4;10;11;12"
Root_1001,148.898602,28.359126,6,"0;2;4;10;11;12"
Root_1002,375.142339,47.936886,5,"2;4;10;11;12"
Root_1003,122.169267,23.955446,6,"0;1;4;10;11;12"
Root_1004,336.624067,44.233206,5,"1;4;10;11;12"
Root_1005,149.487328,29.285046,5,"0;4;10;11;12"
Root_1006,379.149699,48.862806,4,"4;10;11;12"
Root_1007,134.648243,23.338166,7,"0;1;2;3;10;11;12"
Root_1008,336.629027,43.615926,6,"1;2;3;10;11;12"
Root_1009,158.082675,28.667766,6,"0;2;3;10;11;12"
Root_1010,378.537379,48.245526,5,"2;3;10;11;12"
Root_1011,133.100083,24.264086,6,"0;1;3;10;11;12"
Root_1012,339.710467,44.541846,5,"1;3;10;11;12"
Root_1013,158.054122,29.593686,5,"0;3;10;11;12"
Root_1014,382.544739,49.171446,4,"3;10;11;12"
Root_1015,136.124755,25.251734,6,"0;1;2;10;11;12"
Root_1016,348.661027,45.529494,5,"1;2;10;11;12"
Root_1017,163.054090,30.581334,5,"0;2;10;11;12"
Root_1018,392.482947,50.159094,4,"2;10;11;12"
Root_1019,135.502515,26.177654,5,"0;1;10;11;12"
Root_1020,352.668387,46.455414,4,"1;10;11;12"
Root_1021,164.283690,31.507254,4,"0;10;11;12"
Root_1022,397.416227,51.085014,3,"10;11;12"
Root_1023,52.005229,4.325920,12,"0;1;2;3;4;5;6;7;8;9;11;12"
Root_1024,270.886470,28.103680,11,"1;2;3;4;5;6;7;8;9;11;12"
Root_1025,96.896515,13.155520,11,"0;2;3;4;5;6;7;8;9;11;12"
Root_1026,291.952976,32.733280,10,"2;3;4;5;6;7;8;9;11;12"
Root_1027,62.464131,5.951840,11,"0;1;3;4;5;6;7;8;9;11;12"
Root_1028,267.712390,29.029600,10,"1;3;4;5;6;7;8;9;11;12"
Root_1029,98.748355,14.081440,10,"0;3;4;5;6;7;8;9;11;12"
Root_1030,289.704816,33.659200,9,"3;4;5;6;7;8;9;11;12"
Root_1031,82.777005,9.739488,11,"0;1;2;4;5;6;7;8;9;11;12"
Root_1032,270.119782,30.017248,10,"1;2;4;5;6;7;8;9;11;12"
Root_1033,94.771811,15.069088,10,"0;2;4;5;6;7;8;9;11;12"
Root_1034,293.099856,34.646848,9,"2;4;5;6;7;8;9;11;12"
Root_1035,84.628845,10.665408,10,"0;1;4;5;6;7;8;9;11;12"
Root_1036,267.871622,30.943168,9,"1;4;5;6;7;8;9;11;12"
Root_1037,96.623651,15.995008,9,"0;4;5;6;7;8;9;11;12"
Root_1038,291.777616,35.572768,8,"4;5;6;7;8;9;11;12"
Root_1039,86.688013,8.648128,11,"0;1;2;3;5;6;7;8;9;11;12"
Root_1040,277.337094,30.325888,10,"1;2;3;5;6;7;8;9;11;12"
Root_1041,113.262947,15.377728,10,"0;2;3;5;6;7;8;9;11;12"
Root_1042,295.996208,34.955488,9,"2;3;5;6;7;8;9;11;12"
Root_1043,89.465773,9.574048,10,"0;1;3;5;6;7;8;9;11;12"
Root_1044,274.163014,31.251808,9,"1;3;5;6;7;8;9;11;12"
Root_1045,114.188867,16.303648,9,"0;3;5;6;7;8;9;11;12"
Root_1046,293.748048,35.881408,8,"3;5;6;7;8;9;11;12"
Root_1047,95.560515,11.961696,10,"0;1;2;5;6;7;8;9;11;12"
Root_1048,276.570406,32.239456,9,"1;2;5;6;7;8;9;11;12"
Root_1049,111.529539,17.291296,9,"0;2;5;6;7;8;9;11;12"
Root_1050,298.881200,36.869056,8,"2;5;6;7;8;9;11;12"
Root_1051,97.867939,12.887616,9,"0;1;5;6;7;8;9;11;12"
Root_1052,274.322246,33.165376,8,"1;5;6;7;8;9;11;12"
Root_1053,112.064163,18.217216,8,"0;5;6;7;8;9;11;12"
Root_1054,299.410800,37.794976,7,"5;6;7;8;9;11;12"
Root_1055,75.233485,7.269120,11,"0;1;2;3;4;6;7;8;9;11;12"
Root_1056,272.300070,29.646880,10,"1;2;3;4;6;7;8;9;11;12"
Root_1057,106.732195,14.698720,10,"0;2;3;4;6;7;8;9;11;12"
Root_1058,291.556656,34.276480,9,"2;3;4;6;7;8;9;11;12"
Root_1059,78.506381,8.195040,10,"0;1;3;4;6;7;8;9;11;12"
Root_1060,269.125990,30.572800,9,"1;3;4;6;7;8;9;11;12"
Root_1061,108.007555,15.624640,9,"0;3;4;6;7;8;9;11;12"
Root_1062,290.234416,35.202400,8,"3;4;6;7;8;9;11;12"
Root_1063,90.493005,11.282688,10,"0;1;2;4;6;7;8;9;11;12"
Root_1064,271.163014,31.560448,9,"1;2;4;6;7;8;9;11;12"
Root_1065,104.669219,16.612288,9,"0;2;4;6;7;8;9;11;12"
Root_1066,294.436784,36.190048,8,"2;4;6;7;8;9;11;12"
Root_1067,92.553453,12.208608,9,"0;1;4;6;7;8;9;11;12"
Root_1068,268.914854,32.486368,8,"1;4;6;7;8;9;11;12"
Root_1069,105.882851,17.538208,8,"0;4;6;7;8;9;11;12"
Root_1070,294.966384,37.115968,7,"4;6;7;8;9;11;12"
Root_1071,96.522445,10.191328,10,"0;1;2;3;6;7;8;9;11;12"
Root_1072,276.528486,31.869088,9,"1;2;3;6;7;8;9;11;12"
Root_1073,122.361731,16.920928,9,"0;2;3;6;7;8;9;11;12"
Root_1074,296.597264,36.498688,8,"2;3;6;7;8;9;11;12"
Root_1075,98.724973,11.117248,9,"0;1;3;6;7;8;9;11;12"
Root_1076,273.354406,32.795008,8,"1;3;6;7;8;9;11;12"
Root_1077,122.340803,17.846848,8,"0;3;6;7;8;9;11;12"
Root_1078,297.126864,37.424608,7,"3;6;7;8;9;11;12"
Root_1079,103.485443,13.504896,9,"0;1;2;6;7;8;9;11;12"
Root_1080,276.174086,33.782656,8,"1;2;6;7;8;9;11;12"
Root_1081,121.224675,18.834496,8,"0;2;6;7;8;9;11;12"
Root_1082,303.114480,38.412256,7,"2;6;7;8;9;11;12"
Root_1083,105.337283,14.430816,8,"0;1;6;7;8;9;11;12"
Root_1084,274.851846,34.708576,7,"1;6;7;8;9;11;12"
Root_1085,120.216099,19.760416,7,"0;6;7;8;9;11;12"
Root_1086,304.570000,39.338176,6,"6;7;8;9;11;12"
Root_1087,82.310227,8.151830,11,"0;1;2;3;4;5;7;8;9;11;12"
Root_1088,277.355606,30.529590,10,"1;2;3;4;5;7;8;9;11;12"
Root_1089,113.688864,15.581430,10,"0;2;3;4;5;7;8;9;11;12"
Root_1090,296.377613,35.159190,9,"2;3;4;5;7;8;9;11;12"
Root_1091,85.087987,9.077750,10,"0;1;3;4;5;7;8;9;11;12"
Root_1092,274.181526,31.455510,9,"1;3;4;5;7;8;9;11;12"
Root_1093,114.614784,16.507350,9,"0;3;4;5;7;8;9;11;12"
Root_1094,295.140483,36.085110,8,"3;4;5;7;8;9;11;12"
Root_1095,96.275562,12.165398,10,"0;1;2;4;5;7;8;9;11;12"
Root_1096,276.588918,32.443158,9,"1;2;4;5;7;8;9;11;12"
Root_1097,112.159158,17.494998,9,"0;2;4;5;7;8;9;11;12"
Root_1098,300.510819,37.072758,8,"2;4;5;7;8;9;11;12"
Root_1099,98.417587,13.091318,9,"0;1;4;5;7;8;9;11;12"
Root_1100,274.340758,33.369078,8,"1;4;5;7;8;9;11;12"
Root_1101,112.490080,18.420918,8,"0;4;5;7;8;9;11;12"
Root_1102,301.040419,37.998678,7,"4;5;7;8;9;11;12"
Root_1103,102.737267,11.074038,10,"0;1;2;3;5;7;8;9;11;12"
Root_1104,281.380320,32.751798,9,"1;2;3;5;7;8;9;11;12"
Root_1105,129.059232,17.803638,9,"0;2;3;5;7;8;9;11;12"
Root_1106,302.979939,37.381398,8,"2;3;5;7;8;9;11;12"
Root_1107,104.589107,11.999958,9,"0;1;3;5;7;8;9;11;12"
Root_1108,278.206240,33.677718,8,"1;3;5;7;8;9;11;12"
Root_1109,128.155594,18.729558,8,"0;3;5;7;8;9;11;12"
Root_1110,303.509539,38.307318,7,"3;5;7;8;9;11;12"
Root_1111,109.534762,14.387606,9,"0;1;2;5;7;8;9;11;12"
Root_1112,280.613632,34.665366,8,"1;2;5;7;8;9;11;12"
Root_1113,127.922176,19.717206,8,"0;2;5;7;8;9;11;12"
Root_1114,309.867523,39.294966,7,"2;5;7;8;9;11;12"
Root_1115,111.121235,15.313526,8,"0;1;5;7;8;9;11;12"
Root_1116,278.956758,35.591286,7,"1;5;7;8;9;11;12"
Root_1117,126.030890,20.643126,7,"0;5;7;8;9;11;12"
Root_1118,311.323043,40.220886,6,"5;7;8;9;11;12"
Root_1119,91.648362,9.695030,10,"0;1;2;3;4;7;8;9;11;12"
Root_1120,276.343296,32.072790,9,"1;2;3;4;7;8;9;11;12"
Root_1121,122.787648,17.124630,9,"0;2;3;4;7;8;9;11;12"
Root_1122,298.226883,36.702390,8,"2;3;4;7;8;9;11;12"
Root_1123,94.347187,10.620950,9,"0;1;3;4;7;8;9;11;12"
Root_1124,273.169216,32.998710,8,"1;3;4;7;8;9;11;12"
Root_1125,122.563018,18.050550,8,"0;3;4;7;8;9;11;12"
Root_1126,298.756483,37.628310,7,"3;4;7;8;9;11;12"
Root_1127,103.670781,13.708598,9,"0;1;2;4;7;8;9;11;12"
Root_1128,276.192598,33.986358,8,"1;2;4;7;8;9;11;12"
Root_1129,121.650592,19.038198,8,"0;2;4;7;8;9;11;12"
Root_1130,304.744099,38.615958,7,"2;4;7;8;9;11;12"
Root_1131,105.522621,14.634518,8,"0;1;4;7;8;9;11;12"
Root_1132,274.870358,34.912278,7,"1;4;7;8;9;11;12"
Root_1133,120.438314,19.964118,7,"0;4;7;8;9;11;12"
Root_1134,306.199619,39.541878,6,"4;7;8;9;11;12"
Root_1135,110.232234,12.617238,9,"0;1;2;3;7;8;9;11;12"
Root_1136,279.440800,34.294998,8,"1;2;3;7;8;9;11;12"
Root_1137,137.809930,19.346838,8,"0;2;3;7;8;9;11;12"
Root_1138,307.213219,38.924598,7,"2;3;7;8;9;11;12"
Root_1139,111.675507,13.543158,8,"0;1;3;7;8;9;11;12"
Root_1140,277.413558,35.220918,7,"1;3;7;8;9;11;12"
Root_1141,135.363091,20.272758,7,"0;3;7;8;9;11;12"
Root_1142,308.668739,39.850518,6,"3;7;8;9;11;12"
Root_1143,117.911315,15.930806,8,"0;1;2;7;8;9;11;12"
Root_1144,281.843011,36.208566,7,"1;2;7;8;9;11;12"
Root_1145,136.672874,21.260406,7,"0;2;7;8;9;11;12"
Root_1146,315.644003,40.838166,6,"2;7;8;9;11;12"
Root_1147,118.837235,16.856726,7,"0;1;7;8;9;11;12"
Root_1148,283.298531,37.134486,6,"1;7;8;9;11;12"
Root_1149,134.424714,22.186326,6,"0;7;8;9;11;12"
Root_1150,318.025443,41.764086,5,"7;8;9;11;12"
Root_1151,99.962189,10.850592,11,"0;1;2;3;4;5;6;8;9;11;12"
Root_1152,277.508624,31.128352,10,"1;2;3;4;5;6;8;9;11;12"
Root_1153,111.810051,16.180192,10,"0;2;3;4;5;6;8;9;11;12"
Root_1154,301.599802,35.757952,9,"2;3;4;5;6;8;9;11;12"
Root_1155,101.814029,11.776512,10,"0;1;3;4;5;6;8;9;11;12"
Root_1156,275.260464,32.054272,9,"1;3;4;5;6;8;9;11;12"
Root_1157,112.529859,17.106112,9,"0;3;4;5;6;8;9;11;12"
Root_1158,300.961434,36.683872,8,"3;4;5;6;8;9;11;12"
Root_1159,95.923917,12.764160,10,"0;1;2;4;5;6;8;9;11;12"
Root_1160,278.655504,33.041920,9,"1;2;4;5;6;8;9;11;12"
Root_1161,110.672995,18.093760,9,"0;2;4;5;6;8;9;11;12"
Root_1162,306.331770,37.671520,8,"2;4;5;6;8;9;11;12"
Root_1163,97.775757,13.690080,9,"0;1;4;5;6;8;9;11;12"
Root_1164,277.333264,33.967840,8,"1;4;5;6;8;9;11;12"
Root_1165,110.405155,19.019680,8,"0;4;5;6;8;9;11;12"
Root_1166,306.861370,38.597440,7,"4;5;6;8;9;11;12"
Root_1167,113.177795,13.072800,10,"0;1;2;3;5;6;8;9;11;12"
Root_1168,283.156784,33.350560,9,"1;2;3;5;6;8;9;11;12"
Root_1169,127.250563,18.402400,9,"0;2;3;5;6;8;9;11;12"
Root_1170,308.800890,37.980160,8,"2;3;5;6;8;9;11;12"
Root_1171,114.165507,13.998720,9,"0;1;3;5;6;8;9;11;12"
Root_1172,280.908624,34.276480,8,"1;3;5;6;8;9;11;12"
Root_1173,125.748163,19.328320,8,"0;3;5;6;8;9;11;12"
Root_1174,309.330490,38.906080,7,"3;5;6;8;9;11;12"
Root_1175,109.139523,14.986368,9,"0;1;2;5;6;8;9;11;12"
Root_1176,284.303664,35.264128,8,"1;2;5;6;8;9;11;12"
Root_1177,126.113507,20.315968,8,"0;2;5;6;8;9;11;12"
Root_1178,315.688474,39.893728,7,"2;5;6;8;9;11;12"
Root_1179,110.127235,15.912288,8,"0;1;5;6;8;9;11;12"
Root_1180,283.361520,36.190048,7,"1;5;6;8;9;11;12"
Root_1181,123.865347,21.241888,7,"0;5;6;8;9;11;12"
Root_1182,317.143994,40.819648,6,"5;6;8;9;11;12"
Root_1183,107.863309,12.393792,10,"0;1;2;3;4;6;8;9;11;12"
Root_1184,277.440752,32.671552,9,"1;2;3;4;6;8;9;11;12"
Root_1185,121.069251,17.723392,9,"0;2;3;4;6;8;9;11;12"
Root_1186,304.047834,37.301152,8,"2;3;4;6;8;9;11;12"
Root_1187,109.530029,13.319712,9,"0;1;3;4;6;8;9;11;12"
Root_1188,275.790064,33.597472,8,"1;3;4;6;8;9;11;12"
Root_1189,120.245859,18.649312,8,"0;3;4;6;8;9;11;12"
Root_1190,304.577434,38.227072,7,"3;4;6;8;9;11;12"
Root_1191,103.825037,14.307360,9,"0;1;2;4;6;8;9;11;12"
Root_1192,279.802384,34.585120,8,"1;2;4;6;8;9;11;12"
Root_1193,119.932195,19.636960,8,"0;2;4;6;8;9;11;12"
Root_1194,310.565050,39.214720,7,"2;4;6;8;9;11;12"
Root_1195,105.491757,15.233280,8,"0;1;4;6;8;9;11;12"
Root_1196,279.406064,35.511040,7,"1;4;6;8;9;11;12"
Root_1197,118.121155,20.562880,7,"0;4;6;8;9;11;12"
Root_1198,312.020570,40.140640,6,"4;6;8;9;11;12"
Root_1199,121.042083,14.616000,9,"0;1;2;3;6;8;9;11;12"
Root_1200,282.760464,34.893760,8,"1;2;3;6;8;9;11;12"
Root_1201,135.402499,19.945600,8,"0;2;3;6;8;9;11;12"
Root_1202,313.034170,39.523360,7,"2;3;6;8;9;11;12"
Root_1203,121.474243,15.541920,8,"0;1;3;6;8;9;11;12"
Root_1204,281.438224,35.819680,7,"1;3;6;8;9;11;12"
Root_1205,132.356899,20.871520,7,"0;3;6;8;9;11;12"
Root_1206,314.489690,40.449280,6,"3;6;8;9;11;12"
Root_1207,117.065539,16.529568,8,"0;1;2;6;8;9;11;12"
Root_1208,287.065200,36.807328,7,"1;2;6;8;9;11;12"
Root_1209,134.265443,21.859168,7,"0;2;6;8;9;11;12"
Root_1210,321.464954,41.436928,6,"2;6;8;9;11;12"
Root_1211,117.435971,17.455488,7,"0;1;6;8;9;11;12"
Root_1212,288.520720,37.733248,6,"1;6;8;9;11;12"
Root_1213,132.017283,22.785088,6,"0;6;8;9;11;12"
Root_1214,323.846394,42.362848,5,"6;8;9;11;12"
Root_1215,113.628627,13.276502,10,"0;1;2;3;4;5;8;9;11;12"
Root_1216,283.378998,33.554262,9,"1;2;3;4;5;8;9;11;12"
Root_1217,127.676480,18.606102,9,"0;2;3;4;5;8;9;11;12"
Root_1218,310.634211,38.183862,8,"2;3;4;5;8;9;11;12"
Root_1219,114.554547,14.202422,9,"0;1;3;4;5;8;9;11;12"
Root_1220,281.130838,34.480182,8,"1;3;4;5;8;9;11;12"
Root_1221,125.970378,19.532022,8,"0;3;4;5;8;9;11;12"
Root_1222,311.163811,39.109782,7,"3;4;5;8;9;11;12"
Root_1223,109.590355,15.190070,9,"0;1;2;4;5;8;9;11;12"
Root_1224,284.993709,35.467830,8,"1;2;4;5;8;9;11;12"
Root_1225,126.539424,20.519670,8,"0;2;4;5;8;9;11;12"
Root_1226,317.521795,40.097430,7,"2;4;5;8;9;11;12"
Root_1227,110.516275,16.115990,8,"0;1;4;5;8;9;11;12"
Root_1228,284.991139,36.393750,7,"1;4;5;8;9;11;12"
Root_1229,124.291264,21.445590,7,"0;4;5;8;9;11;12"
Root_1230,318.977315,41.023350,6,"4;5;8;9;11;12"
Root_1231,126.597821,15.498710,9,"0;1;2;3;5;8;9;11;12"
Root_1232,287.377718,35.776470,8,"1;2;3;5;8;9;11;12"
Root_1233,141.464202,20.828310,8,"0;2;3;5;8;9;11;12"
Root_1234,320.299555,40.406070,7,"2;3;5;8;9;11;12"
Root_1235,126.597821,16.424630,8,"0;1;3;5;8;9;11;12"
Root_1236,287.460259,36.702390,7,"1;3;5;8;9;11;12"
Root_1237,138.290122,21.754230,7,"0;3;5;8;9;11;12"
Root_1238,321.755075,41.331990,6,"3;5;8;9;11;12"
Root_1239,123.071827,17.412278,8,"0;1;2;5;8;9;11;12"
Root_1240,293.818243,37.690038,7,"1;2;5;8;9;11;12"
Root_1241,140.327146,22.741878,7,"0;2;5;8;9;11;12"
Root_1242,329.100707,42.319638,6,"2;5;8;9;11;12"
Root_1243,122.559549,18.338198,7,"0;1;5;8;9;11;12"
Root_1244,295.273763,38.615958,6,"1;5;8;9;11;12"
Root_1245,138.078986,23.667798,6,"0;5;8;9;11;12"
Root_1246,331.482147,43.245558,5,"5;8;9;11;12"
Root_1247,121.431123,14.819702,9,"0;1;2;3;4;8;9;11;12"
Root_1248,283.080141,35.097462,8,"1;2;3;4;8;9;11;12"
Root_1249,135.624714,20.149302,8,"0;2;3;4;8;9;11;12"
Root_1250,314.867491,39.727062,7,"2;3;4;8;9;11;12"
Root_1251,121.659581,15.745622,8,"0;1;3;4;8;9;11;12"
Root_1252,282.707203,36.023382,7,"1;3;4;8;9;11;12"
Root_1253,132.450634,21.075222,7,"0;3;4;8;9;11;12"
Root_1254,316.323011,40.652982,6,"3;4;8;9;11;12"
Root_1255,117.454579,16.733270,8,"0;1;2;4;8;9;11;12"
Root_1256,288.694819,37.011030,7,"1;2;4;8;9;11;12"
Root_1257,134.487658,22.062870,7,"0;2;4;8;9;11;12"
Root_1258,323.298275,41.640630,6,"2;4;8;9;11;12"
Root_1259,117.621309,17.659190,7,"0;1;4;8;9;11;12"
Root_1260,290.150339,37.936950,6,"1;4;8;9;11;12"
Root_1261,132.239498,22.988790,6,"0;4;8;9;11;12"
Root_1262,325.679715,42.566550,5,"4;8;9;11;12"
Root_1263,133.838451,17.041910,8,"0;1;2;3;8;9;11;12"
Root_1264,291.163939,37.319670,7,"1;2;3;8;9;11;12"
Root_1265,148.424787,22.371510,7,"0;2;3;8;9;11;12"
Root_1266,326.076035,41.949270,6,"2;3;8;9;11;12"
Root_1267,132.770621,17.967830,7,"0;1;3;8;9;11;12"
Root_1268,292.619459,38.245590,6,"1;3;8;9;11;12"
Root_1269,145.250707,23.297430,6,"0;3;8;9;11;12"
Root_1270,328.457475,42.875190,5,"3;8;9;11;12"
Root_1271,130.787827,18.955478,7,"0;1;2;8;9;11;12"
Root_1272,299.594723,39.233238,6,"1;2;8;9;11;12"
Root_1273,147.287731,24.285078,6,"0;2;8;9;11;12"
Root_1274,336.420387,43.862838,5,"2;8;9;11;12"
Root_1275,128.732349,19.881398,6,"0;1;8;9;11;12"
Root_1276,301.976163,40.159158,5,"1;8;9;11;12"
Root_1277,145.039571,25.210998,5,"0;8;9;11;12"
Root_1278,339.727747,44.788758,4,"8;9;11;12"
Root_1279,72.427011,9.655520,11,"0;1;2;3;4;5;6;7;9;11;12"
Root_1280,291.952976,32.733280,10,"1;2;3;4;5;6;7;9;11;12"
Root_1281,113.450426,17.785120,10,"0;2;3;4;5;6;7;9;11;12"
Root_1282,319.011962,37.362880,9,"2;3;4;5;6;7;9;11;12"
Root_1283,75.165347,10.581440,10,"0;1;3;4;5;6;7;9;11;12"
Root_1284,289.704816,33.659200,9,"1;3;4;5;6;7;9;11;12"
Root_1285,113.276346,18.711040,9,"0;3;4;5;6;7;9;11;12"
Root_1286,318.615642,38.288800,8,"3;4;5;6;7;9;11;12"
Root_1287,91.590477,14.369088,10,"0;1;2;4;5;6;7;9;11;12"
Root_1288,293.099856,34.646848,9,"1;2;4;5;6;7;9;11;12"
Root_1289,114.012058,19.698688,9,"0;2;4;5;6;7;9;11;12"
Root_1290,323.985978,39.276448,8,"2;4;5;6;7;9;11;12"
Root_1291,93.195469,15.295008,9,"0;1;4;5;6;7;9;11;12"
Root_1292,291.777616,35.572768,8,"1;4;5;6;7;9;11;12"
Root_1293,113.065210,20.624608,8,"0;4;5;6;7;9;11;12"
Root_1294,324.515578,40.202368,7,"4;5;6;7;9;11;12"
Root_1295,97.618861,13.277728,10,"0;1;2;3;5;6;7;9;11;12"
Root_1296,295.996208,34.955488,9,"1;2;3;5;6;7;9;11;12"
Root_1297,129.576474,20.007328,9,"0;2;3;5;6;7;9;11;12"
Root_1298,326.455098,39.585088,8,"2;3;5;6;7;9;11;12"
Root_1299,98.544781,14.203648,9,"0;1;3;5;6;7;9;11;12"
Root_1300,293.748048,35.881408,8,"1;3;5;6;7;9;11;12"
Root_1301,127.395066,20.933248,8,"0;3;5;6;7;9;11;12"
Root_1302,326.984698,40.511008,7,"3;5;6;7;9;11;12"
Root_1303,105.238243,16.591296,9,"0;1;2;5;6;7;9;11;12"
Root_1304,298.881200,36.869056,8,"1;2;5;6;7;9;11;12"
Root_1305,130.352986,21.920896,8,"0;2;5;6;7;9;11;12"
Root_1306,333.342682,41.498656,7,"2;5;6;7;9;11;12"
Root_1307,105.546947,17.517216,8,"0;1;5;6;7;9;11;12"
Root_1308,299.410800,37.794976,7,"1;5;6;7;9;11;12"
Root_1309,129.030746,22.846816,7,"0;5;6;7;9;11;12"
Root_1310,334.798202,42.424576,6,"5;6;7;9;11;12"
Root_1311,87.112557,11.898720,10,"0;1;2;3;4;6;7;9;11;12"
Root_1312,291.556656,34.276480,9,"1;2;3;4;6;7;9;11;12"
Root_1313,123.547962,19.328320,9,"0;2;3;4;6;7;9;11;12"
Root_1314,321.702042,38.906080,8,"2;3;4;6;7;9;11;12"
Root_1315,88.964397,12.824640,9,"0;1;3;4;6;7;9;11;12"
Root_1316,290.234416,35.202400,8,"1;3;4;6;7;9;11;12"
Root_1317,122.045562,20.254240,8,"0;3;4;6;7;9;11;12"
Root_1318,322.231642,39.832000,7,"3;4;6;7;9;11;12"
Root_1319,99.985549,15.912288,9,"0;1;2;4;6;7;9;11;12"
Root_1320,294.436784,36.190048,8,"1;2;4;6;7;9;11;12"
Root_1321,124.324474,21.241888,8,"0;2;4;6;7;9;11;12"
Root_1322,328.219258,40.819648,7,"2;4;6;7;9;11;12"
Root_1323,100.911469,16.838208,8,"0;1;4;6;7;9;11;12"
Root_1324,294.966384,37.115968,7,"1;4;6;7;9;11;12"
Root_1325,123.002234,22.167808,7,"0;4;6;7;9;11;12"
Root_1326,329.674778,41.745568,6,"4;6;7;9;11;12"
Root_1327,106.033549,14.820928,9,"0;1;2;3;6;7;9;11;12"
Root_1328,296.597264,36.498688,8,"1;2;3;6;7;9;11;12"
Root_1329,138.835674,21.550528,8,"0;2;3;6;7;9;11;12"
Root_1330,330.688378,41.128288,7,"2;3;6;7;9;11;12"
Root_1331,106.260781,15.746848,8,"0;1;3;6;7;9;11;12"
Root_1332,297.126864,37.424608,7,"1;3;6;7;9;11;12"
Root_1333,136.587514,22.476448,7,"0;3;6;7;9;11;12"
Root_1334,332.143898,42.054208,6,"3;6;7;9;11;12"
Root_1335,114.224675,18.134496,8,"0;1;2;6;7;9;11;12"
Root_1336,303.114480,38.412256,7,"1;2;6;7;9;11;12"
Root_1337,139.612186,23.464096,7,"0;2;6;7;9;11;12"
Root_1338,339.119162,43.041856,6,"2;6;7;9;11;12"
Root_1339,113.916099,19.060416,7,"0;1;6;7;9;11;12"
Root_1340,304.570000,39.338176,6,"1;6;7;9;11;12"
Root_1341,138.289946,24.390016,6,"0;6;7;9;11;12"
Root_1342,341.500602,43.967776,5,"6;7;9;11;12"
Root_1343,93.384211,12.781430,10,"0;1;2;3;4;5;7;9;11;12"
Root_1344,296.377613,35.159190,9,"1;2;3;4;5;7;9;11;12"
Root_1345,130.492374,20.211030,9,"0;2;3;4;5;7;9;11;12"
Root_1346,328.288419,39.788790,8,"2;3;4;5;7;9;11;12"
Root_1347,94.663293,13.707350,9,"0;1;3;4;5;7;9;11;12"
Root_1348,295.140483,36.085110,8,"1;3;4;5;7;9;11;12"
Root_1349,128.244214,21.136950,8,"0;3;4;5;7;9;11;12"
Root_1350,328.818019,40.714710,7,"3;4;5;7;9;11;12"
Root_1351,105.830986,16.794998,9,"0;1;2;4;5;7;9;11;12"
Root_1352,300.510819,37.072758,8,"1;2;4;5;7;9;11;12"
Root_1353,131.268886,22.124598,8,"0;2;4;5;7;9;11;12"
Root_1354,335.176003,41.702358,7,"2;4;5;7;9;11;12"
Root_1355,105.935987,17.720918,8,"0;1;4;5;7;9;11;12"
Root_1356,301.040419,37.998678,7,"1;4;5;7;9;11;12"
Root_1357,129.946646,23.050518,7,"0;4;5;7;9;11;12"
Root_1358,336.631523,42.628278,6,"4;5;7;9;11;12"
Root_1359,112.107507,15.703638,9,"0;1;2;3;5;7;9;11;12"
Root_1360,302.979939,37.381398,8,"1;2;3;5;7;9;11;12"
Root_1361,145.314794,22.433238,8,"0;2;3;5;7;9;11;12"
Root_1362,337.953763,42.010998,7,"2;3;5;7;9;11;12"
Root_1363,112.107507,16.629558,8,"0;1;3;5;7;9;11;12"
Root_1364,303.509539,38.307318,7,"1;3;5;7;9;11;12"
Root_1365,143.066634,23.359158,7,"0;3;5;7;9;11;12"
Root_1366,339.409283,42.936918,6,"3;5;7;9;11;12"
Root_1367,121.113674,19.017206,8,"0;1;2;5;7;9;11;12"
Root_1368,309.867523,39.294966,7,"1;2;5;7;9;11;12"
Root_1369,146.091306,24.346806,7,"0;2;5;7;9;11;12"
Root_1370,346.754915,43.924566,6,"2;5;7;9;11;12"
Root_1371,119.922387,19.943126,7,"0;1;5;7;9;11;12"
Root_1372,311.323043,40.220886,6,"1;5;7;9;11;12"
Root_1373,144.769066,25.272726,6,"0;5;7;9;11;12"
Root_1374,349.136355,44.850486,5,"5;7;9;11;12"
Root_1375,101.655763,14.324630,9,"0;1;2;3;4;7;9;11;12"
Root_1376,298.226883,36.702390,8,"1;2;3;4;7;9;11;12"
Root_1377,139.613440,21.754230,8,"0;2;3;4;7;9;11;12"
Root_1378,332.521699,41.331990,7,"2;3;4;7;9;11;12"
Root_1379,102.379293,15.250550,8,"0;1;3;4;7;9;11;12"
Root_1380,298.756483,37.628310,7,"1;3;4;7;9;11;12"
Root_1381,137.365280,22.680150,7,"0;3;4;7;9;11;12"
Root_1382,333.977219,42.257910,6,"3;4;7;9;11;12"
Root_1383,114.817418,18.338198,8,"0;1;2;4;7;9;11;12"
Root_1384,304.744099,38.615958,7,"1;2;4;7;9;11;12"
Root_1385,140.389952,23.667798,7,"0;2;4;7;9;11;12"
Root_1386,340.952483,43.245558,6,"2;4;7;9;11;12"
Root_1387,114.305139,19.264118,7,"0;1;4;7;9;11;12"
Root_1388,306.199619,39.541878,6,"1;4;7;9;11;12"
Root_1389,139.067712,24.593718,6,"0;4;7;9;11;12"
Root_1390,343.333923,44.171478,5,"4;7;9;11;12"
Root_1391,119.663091,17.246838,8,"0;1;2;3;7;9;11;12"
Root_1392,307.213219,38.924598,7,"1;2;3;7;9;11;12"
Root_1393,153.030794,23.976438,7,"0;2;3;7;9;11;12"
Root_1394,343.730243,43.554198,6,"2;3;7;9;11;12"
Root_1395,118.563091,18.172758,7,"0;1;3;7;9;11;12"
Root_1396,308.668739,39.850518,6,"1;3;7;9;11;12"
Root_1397,150.782634,24.902358,6,"0;3;7;9;11;12"
Root_1398,346.111683,44.480118,5,"3;7;9;11;12"
Root_1399,130.372874,20.560406,7,"0;1;2;7;9;11;12"
Root_1400,315.644003,40.838166,6,"1;2;7;9;11;12"
Root_1401,153.807306,25.890006,6,"0;2;7;9;11;12"
Root_1402,354.074595,45.467766,5,"2;7;9;11;12"
Root_1403,128.124714,21.486326,6,"0;1;7;9;11;12"
Root_1404,318.025443,41.764086,5,"1;7;9;11;12"
Root_1405,152.485066,26.815926,5,"0;7;9;11;12"
Root_1406,357.381955,46.393686,4,"7;9;11;12"
Root_1407,108.690573,15.480192,10,"0;1;2;3;4;5;6;9;11;12"
Root_1408,301.599802,35.757952,9,"1;2;3;4;5;6;9;11;12"
Root_1409,129.014723,20.809792,9,"0;2;3;4;5;6;9;11;12"
Root_1410,334.708131,40.387552,8,"2;3;4;5;6;9;11;12"
Root_1411,108.690573,16.406112,9,"0;1;3;4;5;6;9;11;12"
Root_1412,300.961434,36.683872,8,"1;3;4;5;6;9;11;12"
Root_1413,126.766563,21.735712,8,"0;3;4;5;6;9;11;12"
Root_1414,335.237731,41.313472,7,"3;4;5;6;9;11;12"
Root_1415,105.146061,17.393760,9,"0;1;2;4;5;6;9;11;12"
Root_1416,306.331770,37.671520,8,"1;2;4;5;6;9;11;12"
Root_1417,129.791235,22.723360,8,"0;2;4;5;6;9;11;12"
Root_1418,341.595715,42.301120,7,"2;4;5;6;9;11;12"
Root_1419,104.971981,18.319680,8,"0;1;4;5;6;9;11;12"
Root_1420,306.861370,38.597440,7,"1;4;5;6;9;11;12"
Root_1421,128.468995,23.649280,7,"0;4;5;6;9;11;12"
Root_1422,343.051235,43.227040,6,"4;5;6;9;11;12"
Root_1423,120.548163,17.702400,9,"0;1;2;3;5;6;9;11;12"
Root_1424,308.800890,37.980160,8,"1;2;3;5;6;9;11;12"
Root_1425,143.354138,23.032000,8,"0;2;3;5;6;9;11;12"
Root_1426,344.373475,42.609760,7,"2;3;5;6;9;11;12"
Root_1427,119.448163,18.628320,8,"0;1;3;5;6;9;11;12"
Root_1428,309.330490,38.906080,7,"1;3;5;6;9;11;12"
Root_1429,141.105978,23.957920,7,"0;3;5;6;9;11;12"
Root_1430,345.828995,43.535680,6,"3;5;6;9;11;12"
Root_1431,119.113507,19.615968,8,"0;1;2;5;6;9;11;12"
Root_1432,315.688474,39.893728,7,"1;2;5;6;9;11;12"
Root_1433,144.130650,24.945568,7,"0;2;5;6;9;11;12"
Root_1434,353.174627,44.523328,6,"2;5;6;9;11;12"
Root_1435,117.323459,20.541888,7,"0;1;5;6;9;11;12"
Root_1436,317.143994,40.819648,6,"1;5;6;9;11;12"
Root_1437,142.808410,25.871488,6,"0;5;6;9;11;12"
Root_1438,355.556067,45.449248,5,"5;6;9;11;12"
Root_1439,115.912685,17.023392,9,"0;1;2;3;4;6;9;11;12"
Root_1440,304.047834,37.301152,8,"1;2;3;4;6;9;11;12"
Root_1441,137.537027,22.352992,8,"0;2;3;4;6;9;11;12"
Root_1442,338.941411,41.930752,7,"2;3;4;6;9;11;12"
Root_1443,114.863373,17.949312,8,"0;1;3;4;6;9;11;12"
Root_1444,304.577434,38.227072,7,"1;3;4;6;9;11;12"
Root_1445,135.288867,23.278912,7,"0;3;4;6;9;11;12"
Root_1446,340.396931,42.856672,6,"3;4;6;9;11;12"
Root_1447,113.799021,18.936960,8,"0;1;2;4;6;9;11;12"
Root_1448,310.565050,39.214720,7,"1;2;4;6;9;11;12"
Root_1449,138.313539,24.266560,7,"0;2;4;6;9;11;12"
Root_1450,347.372195,43.844320,6,"2;4;6;9;11;12"
Root_1451,112.687981,19.862880,7,"0;1;4;6;9;11;12"
Root_1452,312.020570,40.140640,6,"1;4;6;9;11;12"
Root_1453,136.991299,25.192480,6,"0;4;6;9;11;12"
Root_1454,349.753635,44.770240,5,"4;6;9;11;12"
Root_1455,129.102499,19.245600,8,"0;1;2;3;6;9;11;12"
Root_1456,313.034170,39.523360,7,"1;2;3;6;9;11;12"
Root_1457,150.703610,24.575200,7,"0;2;3;6;9;11;12"
Root_1458,350.149955,44.152960,6,"2;3;6;9;11;12"
Root_1459,126.756899,20.171520,7,"0;1;3;6;9;11;12"
Root_1460,314.489690,40.449280,6,"1;3;6;9;11;12"
Root_1461,148.455450,25.501120,6,"0;3;6;9;11;12"
Root_1462,352.531395,45.078880,5,"3;6;9;11;12"
Root_1463,127.965443,21.159168,7,"0;1;2;6;9;11;12"
Root_1464,321.464954,41.436928,6,"1;2;6;9;11;12"
Root_1465,151.480122,26.488768,6,"0;2;6;9;11;12"
Root_1466,360.494307,46.066528,5,"2;6;9;11;12"
Root_1467,125.717283,22.085088,6,"0;1;6;9;11;12"
Root_1468,323.846394,42.362848,5,"1;6;9;11;12"
Root_1469,150.157882,27.414688,5,"0;6;9;11;12"
Root_1470,363.801667,46.992448,4,"6;9;11;12"
Root_1471,120.937203,17.906102,9,"0;1;2;3;4;5;9;11;12"
Root_1472,310.634211,38.183862,8,"1;2;3;4;5;9;11;12"
Root_1473,143.783914,23.235702,8,"0;2;3;4;5;9;11;12"
Root_1474,346.410499,42.813462,7,"2;3;4;5;9;11;12"
Root_1475,119.837203,18.832022,8,"0;1;3;4;5;9;11;12"
Root_1476,311.163811,39.109782,7,"1;3;4;5;9;11;12"
Root_1477,141.535754,24.161622,7,"0;3;4;5;9;11;12"
Root_1478,347.866019,43.739382,6,"3;4;5;9;11;12"
Root_1479,119.706250,19.819670,8,"0;1;2;4;5;9;11;12"
Root_1480,317.521795,40.097430,7,"1;2;4;5;9;11;12"
Root_1481,144.560426,25.149270,7,"0;2;4;5;9;11;12"
Root_1482,355.211651,44.727030,6,"2;4;5;9;11;12"
Root_1483,117.712499,20.745590,7,"0;1;4;5;9;11;12"
Root_1484,318.977315,41.023350,6,"1;4;5;9;11;12"
Root_1485,143.238186,26.075190,6,"0;4;5;9;11;12"
Root_1486,357.593091,45.652950,5,"4;5;9;11;12"
Root_1487,135.164202,20.128310,8,"0;1;2;3;5;9;11;12"
Root_1488,320.299555,40.406070,7,"1;2;3;5;9;11;12"
Root_1489,156.746794,25.457910,7,"0;2;3;5;9;11;12"
Root_1490,358.298051,45.035670,6,"2;3;5;9;11;12"
Root_1491,131.990122,21.054230,7,"0;1;3;5;9;11;12"
Root_1492,321.755075,41.331990,6,"1;3;5;9;11;12"
Root_1493,154.498634,26.383830,6,"0;3;5;9;11;12"
Root_1494,360.679491,45.961590,5,"3;5;9;11;12"
Root_1495,134.027146,22.041878,7,"0;1;2;5;9;11;12"
Root_1496,329.100707,42.319638,6,"1;2;5;9;11;12"
Root_1497,157.585034,27.371478,6,"0;2;5;9;11;12"
Root_1498,369.012771,46.949238,5,"2;5;9;11;12"
Root_1499,131.778986,22.967798,6,"0;1;5;9;11;12"
Root_1500,331.482147,43.245558,5,"1;5;9;11;12"
Root_1501,156.262794,28.297398,5,"0;5;9;11;12"
Root_1502,372.320131,47.875158,4,"5;9;11;12"
Root_1503,129.491539,19.449302,8,"0;1;2;3;4;9;11;12"
Root_1504,314.867491,39.727062,7,"1;2;3;4;9;11;12"
Root_1505,150.929683,24.778902,7,"0;2;3;4;9;11;12"
Root_1506,352.186979,44.356662,6,"2;3;4;9;11;12"
Root_1507,126.942237,20.375222,7,"0;1;3;4;9;11;12"
Root_1508,316.323011,40.652982,6,"1;3;4;9;11;12"
Root_1509,148.681523,25.704822,6,"0;3;4;9;11;12"
Root_1510,354.568419,45.282582,5,"3;4;9;11;12"
Root_1511,128.354483,21.362870,7,"0;1;2;4;9;11;12"
Root_1512,323.298275,41.640630,6,"1;2;4;9;11;12"
Root_1513,151.706195,26.692470,6,"0;2;4;9;11;12"
Root_1514,362.531331,46.270230,5,"2;4;9;11;12"
Root_1515,126.106323,22.288790,6,"0;1;4;9;11;12"
Root_1516,325.679715,42.566550,5,"1;4;9;11;12"
Root_1517,150.383955,27.618390,5,"0;4;9;11;12"
Root_1518,365.838691,47.196150,4,"4;9;11;12"
Root_1519,142.824787,21.671510,7,"0;1;2;3;9;11;12"
Root_1520,326.076035,41.949270,6,"1;2;3;9;11;12"
Root_1521,162.040723,27.001110,6,"0;2;3;9;11;12"
Root_1522,365.617731,46.578870,5,"2;3;9;11;12"
Root_1523,139.650707,22.597430,6,"0;1;3;9;11;12"
Root_1524,328.457475,42.875190,5,"1;3;9;11;12"
Root_1525,159.792563,27.927030,5,"0;3;9;11;12"
Root_1526,368.925091,47.504790,4,"3;9;11;12"
Root_1527,141.687731,23.585078,6,"0;1;2;9;11;12"
Root_1528,336.420387,43.862838,5,"1;2;9;11;12"
Root_1529,162.817235,28.914678,5,"0;2;9;11;12"
Root_1530,377.875651,48.492438,4,"2;9;11;12"
Root_1531,139.439571,24.510998,5,"0;1;9;11;12"
Root_1532,339.727747,44.788758,4,"1;9;11;12"
Root_1533,162.335594,29.840598,4,"0;9;11;12"
Root_1534,382.108931,49.418358,3,"9;11;12"
Root_1535,82.456013,10.418496,11,"0;1;2;3;4;5;6;7;8;11;12"
Root_1536,274.051856,30.696256,10,"1;2;3;4;5;6;7;8;11;12"
Root_1537,96.808835,15.748096,10,"0;2;3;4;5;6;7;8;11;12"
Root_1538,297.710938,35.325856,9,"2;3;4;5;6;7;8;11;12"
Root_1539,84.652269,11.344416,10,"0;1;3;4;5;6;7;8;11;12"
Root_1540,271.803696,31.622176,9,"1;3;4;5;6;7;8;11;12"
Root_1541,98.660675,16.674016,9,"0;3;4;5;6;7;8;11;12"
Root_1542,296.640474,36.251776,8,"3;4;5;6;7;8;11;12"
Root_1543,79.749805,12.332064,10,"0;1;2;4;5;6;7;8;11;12"
Root_1544,275.198736,32.609824,9,"1;2;4;5;6;7;8;11;12"
Root_1545,97.359363,17.661664,9,"0;2;4;5;6;7;8;11;12"
Root_1546,302.010810,37.239424,8,"2;4;5;6;7;8;11;12"
Root_1547,82.527565,13.257984,9,"0;1;4;5;6;7;8;11;12"
Root_1548,273.876496,33.535744,8,"1;4;5;6;7;8;11;12"
Root_1549,98.449539,18.587584,8,"0;4;5;6;7;8;11;12"
Root_1550,302.540410,38.165344,7,"4;5;6;7;8;11;12"
Root_1551,96.880227,12.640704,10,"0;1;2;3;5;6;7;8;11;12"
Root_1552,280.132112,32.918464,9,"1;2;3;5;6;7;8;11;12"
Root_1553,114.245571,17.970304,9,"0;2;3;5;6;7;8;11;12"
Root_1554,304.479930,37.548064,8,"2;3;5;6;7;8;11;12"
Root_1555,99.225955,13.566624,9,"0;1;3;5;6;7;8;11;12"
Root_1556,277.883952,33.844384,8,"1;3;5;6;7;8;11;12"
Root_1557,114.101187,18.896224,8,"0;3;5;6;7;8;11;12"
Root_1558,305.009530,38.473984,7,"3;5;6;7;8;11;12"
Root_1559,94.755523,14.554272,9,"0;1;2;5;6;7;8;11;12"
Root_1560,281.278992,34.832032,8,"1;2;5;6;7;8;11;12"
Root_1561,115.022083,19.883872,8,"0;2;5;6;7;8;11;12"
Root_1562,311.367514,39.461632,7,"2;5;6;7;8;11;12"
Root_1563,97.101251,15.480192,8,"0;1;5;6;7;8;11;12"
Root_1564,279.956752,35.757952,7,"1;5;6;7;8;11;12"
Root_1565,113.890051,20.809792,7,"0;5;6;7;8;11;12"
Root_1566,312.823034,40.387552,6,"5;6;7;8;11;12"
Root_1567,91.133709,11.961696,10,"0;1;2;3;4;6;7;8;11;12"
Root_1568,274.416080,32.239456,9,"1;2;3;4;6;7;8;11;12"
Root_1569,107.385251,17.291296,9,"0;2;3;4;6;7;8;11;12"
Root_1570,299.726874,36.869056,8,"2;3;4;6;7;8;11;12"
Root_1571,93.911469,12.887616,9,"0;1;3;4;6;7;8;11;12"
Root_1572,272.333296,33.165376,8,"1;3;4;6;7;8;11;12"
Root_1573,107.919875,18.217216,8,"0;3;4;6;7;8;11;12"
Root_1574,300.256474,37.794976,7,"3;4;6;7;8;11;12"
Root_1575,89.009005,13.875264,9,"0;1;2;4;6;7;8;11;12"
Root_1576,276.345616,34.153024,8,"1;2;4;6;7;8;11;12"
Root_1577,108.161763,19.204864,8,"0;2;4;6;7;8;11;12"
Root_1578,306.244090,38.782624,7,"2;4;6;7;8;11;12"
Root_1579,91.786765,14.801184,8,"0;1;4;6;7;8;11;12"
Root_1580,275.949296,35.078944,7,"1;4;6;7;8;11;12"
Root_1581,107.708739,20.130784,7,"0;4;6;7;8;11;12"
Root_1582,307.699610,39.708544,6,"4;6;7;8;11;12"
Root_1583,104.905123,14.183904,9,"0;1;2;3;6;7;8;11;12"
Root_1584,279.735792,34.461664,8,"1;2;3;6;7;8;11;12"
Root_1585,123.940707,19.513504,8,"0;2;3;6;7;8;11;12"
Root_1586,308.713210,39.091264,7,"2;3;6;7;8;11;12"
Root_1587,106.695299,15.109824,8,"0;1;3;6;7;8;11;12"
Root_1588,278.413552,35.387584,7,"1;3;6;7;8;11;12"
Root_1589,122.253123,20.439424,7,"0;3;6;7;8;11;12"
Root_1590,310.168730,40.017184,6,"3;6;7;8;11;12"
Root_1591,102.842147,16.097472,8,"0;1;2;6;7;8;11;12"
Root_1592,283.176336,36.375232,7,"1;2;6;7;8;11;12"
Root_1593,124.717219,21.427072,7,"0;2;6;7;8;11;12"
Root_1594,317.143994,41.004832,6,"2;6;7;8;11;12"
Root_1595,104.570595,17.023392,7,"0;1;6;7;8;11;12"
Root_1596,284.631856,37.301152,6,"1;6;7;8;11;12"
Root_1597,123.394979,22.352992,6,"0;6;7;8;11;12"
Root_1598,319.525434,41.930752,5,"6;7;8;11;12"
Root_1599,97.633578,12.844406,10,"0;1;2;3;4;5;7;8;11;12"
Root_1600,280.354326,33.122166,9,"1;2;3;4;5;7;8;11;12"
Root_1601,114.875190,18.174006,9,"0;2;3;4;5;7;8;11;12"
Root_1602,306.313251,37.751766,8,"2;3;4;5;7;8;11;12"
Root_1603,99.775603,13.770326,9,"0;1;3;4;5;7;8;11;12"
Root_1604,278.106166,34.048086,8,"1;3;4;5;7;8;11;12"
Root_1605,114.527104,19.099926,8,"0;3;4;5;7;8;11;12"
Root_1606,306.842851,38.677686,7,"3;4;5;7;8;11;12"
Root_1607,95.508874,14.757974,9,"0;1;2;4;5;7;8;11;12"
Root_1608,281.536941,35.035734,8,"1;2;4;5;7;8;11;12"
Root_1609,115.651702,20.087574,8,"0;2;4;5;7;8;11;12"
Root_1610,313.200835,39.665334,7,"2;4;5;7;8;11;12"
Root_1611,97.650899,15.683894,8,"0;1;4;5;7;8;11;12"
Root_1612,281.140621,35.961654,7,"1;4;5;7;8;11;12"
Root_1613,114.329462,21.013494,7,"0;4;5;7;8;11;12"
Root_1614,314.656355,40.591254,6,"4;5;7;8;11;12"
Root_1615,111.553331,15.066614,9,"0;1;2;3;5;7;8;11;12"
Root_1616,284.353046,35.344374,8,"1;2;3;5;7;8;11;12"
Root_1617,130.638208,20.396214,8,"0;2;3;5;7;8;11;12"
Root_1618,315.978595,39.973974,7,"2;3;5;7;8;11;12"
Root_1619,112.479251,15.992534,8,"0;1;3;5;7;8;11;12"
Root_1620,283.571395,36.270294,7,"1;3;5;7;8;11;12"
Root_1621,128.390048,21.322134,7,"0;3;5;7;8;11;12"
Root_1622,317.434115,40.899894,6,"3;5;7;8;11;12"
Root_1623,109.508810,16.980182,8,"0;1;2;5;7;8;11;12"
Root_1624,289.929379,37.257942,7,"1;2;5;7;8;11;12"
Root_1625,131.414720,22.309782,7,"0;2;5;7;8;11;12"
Root_1626,324.779747,41.887542,6,"2;5;7;8;11;12"
Root_1627,110.354547,17.906102,7,"0;1;5;7;8;11;12"
Root_1628,291.384899,38.183862,6,"1;5;7;8;11;12"
Root_1629,130.092480,23.235702,6,"0;5;7;8;11;12"
Root_1630,327.161187,42.813462,5,"5;7;8;11;12"
Root_1631,105.294163,14.387606,9,"0;1;2;3;4;7;8;11;12"
Root_1632,279.958006,34.665366,8,"1;2;3;4;7;8;11;12"
Root_1633,124.366624,19.717206,8,"0;2;3;4;7;8;11;12"
Root_1634,310.546531,39.294966,7,"2;3;4;7;8;11;12"
Root_1635,106.880637,15.313526,8,"0;1;3;4;7;8;11;12"
Root_1636,279.227053,35.591286,7,"1;3;4;7;8;11;12"
Root_1637,122.475338,20.643126,7,"0;3;4;7;8;11;12"
Root_1638,312.002051,40.220886,6,"3;4;7;8;11;12"
Root_1639,103.231187,16.301174,8,"0;1;2;4;7;8;11;12"
Root_1640,284.805955,36.578934,7,"1;2;4;7;8;11;12"
Root_1641,125.143136,21.630774,7,"0;2;4;7;8;11;12"
Root_1642,318.977315,41.208534,6,"2;4;7;8;11;12"
Root_1643,104.755933,17.227094,7,"0;1;4;7;8;11;12"
Root_1644,286.261475,37.504854,6,"1;4;7;8;11;12"
Root_1645,123.820896,22.556694,6,"0;4;7;8;11;12"
Root_1646,321.358755,42.134454,5,"4;7;8;11;12"
Root_1647,119.905066,16.609814,8,"0;1;2;3;7;8;11;12"
Root_1648,287.275075,36.887574,7,"1;2;3;7;8;11;12"
Root_1649,139.388906,21.939414,7,"0;2;3;7;8;11;12"
Root_1650,321.755075,41.517174,6,"2;3;7;8;11;12"
Root_1651,120.195251,17.535734,7,"0;1;3;7;8;11;12"
Root_1652,288.730595,37.813494,6,"1;3;7;8;11;12"
Root_1653,137.140746,22.865334,6,"0;3;7;8;11;12"
Root_1654,324.136515,42.443094,5,"3;7;8;11;12"
Root_1655,118.768010,18.523382,7,"0;1;2;7;8;11;12"
Root_1656,295.705859,38.801142,6,"1;2;7;8;11;12"
Root_1657,140.165418,23.852982,6,"0;2;7;8;11;12"
Root_1658,332.099427,43.430742,5,"2;7;8;11;12"
Root_1659,118.070547,19.449302,6,"0;1;7;8;11;12"
Root_1660,298.087299,39.727062,5,"1;7;8;11;12"
Root_1661,138.843178,24.778902,5,"0;7;8;11;12"
Root_1662,335.406787,44.356662,4,"7;8;11;12"
Root_1663,97.281933,13.443168,10,"0;1;2;3;4;5;6;8;11;12"
Root_1664,283.266586,33.720928,9,"1;2;3;4;5;6;8;11;12"
Root_1665,113.389027,18.772768,9,"0;2;3;4;5;6;8;11;12"
Root_1666,312.300867,38.350528,8,"2;3;4;5;6;8;11;12"
Root_1667,99.133773,14.369088,9,"0;1;3;4;5;6;8;11;12"
Root_1668,281.944346,34.646848,8,"1;3;4;5;6;8;11;12"
Root_1669,112.442179,19.698688,8,"0;3;4;5;6;8;11;12"
Root_1670,312.830467,39.276448,7,"3;4;5;6;8;11;12"
Root_1671,95.157229,15.356736,9,"0;1;2;4;5;6;8;11;12"
Root_1672,286.327034,35.634496,8,"1;2;4;5;6;8;11;12"
Root_1673,114.165539,20.686336,8,"0;2;4;5;6;8;11;12"
Root_1674,319.188451,40.264096,7,"2;4;5;6;8;11;12"
Root_1675,97.009069,16.282656,8,"0;1;4;5;6;8;11;12"
Root_1676,286.491130,36.560416,7,"1;4;5;6;8;11;12"
Root_1677,112.843299,21.612256,7,"0;4;5;6;8;11;12"
Root_1678,320.643971,41.190016,6,"4;5;6;8;11;12"
Root_1679,110.559331,15.665376,9,"0;1;2;3;5;6;8;11;12"
Root_1680,288.544378,35.943136,8,"1;2;3;5;6;8;11;12"
Root_1681,128.829539,20.994976,8,"0;2;3;5;6;8;11;12"
Root_1682,321.966211,40.572736,7,"2;3;5;6;8;11;12"
Root_1683,111.485251,16.591296,8,"0;1;3;5;6;8;11;12"
Root_1684,288.960250,36.869056,7,"1;3;5;6;8;11;12"
Root_1685,126.581379,21.920896,7,"0;3;5;6;8;11;12"
Root_1686,323.421731,41.498656,6,"3;5;6;8;11;12"
Root_1687,109.113571,17.578944,8,"0;1;2;5;6;8;11;12"
Root_1688,295.318234,37.856704,7,"1;2;5;6;8;11;12"
Root_1689,129.606051,22.908544,7,"0;2;5;6;8;11;12"
Root_1690,330.767363,42.486304,6,"2;5;6;8;11;12"
Root_1691,109.360547,18.504864,7,"0;1;5;6;8;11;12"
Root_1692,296.773754,38.782624,6,"1;5;6;8;11;12"
Root_1693,128.283811,23.834464,6,"0;5;6;8;11;12"
Root_1694,333.148803,43.412224,5,"5;6;8;11;12"
Root_1695,105.862061,14.986368,9,"0;1;2;3;4;6;8;11;12"
Root_1696,284.413466,35.264128,8,"1;2;3;4;6;8;11;12"
Root_1697,122.648227,20.315968,8,"0;2;3;4;6;8;11;12"
Root_1698,316.534147,39.893728,7,"2;3;4;6;8;11;12"
Root_1699,106.849773,15.912288,8,"0;1;3;4;6;8;11;12"
Root_1700,284.207194,36.190048,7,"1;3;4;6;8;11;12"
Root_1701,120.400067,21.241888,7,"0;3;4;6;8;11;12"
Root_1702,317.989667,40.819648,6,"3;4;6;8;11;12"
Root_1703,103.799085,16.899936,8,"0;1;2;4;6;8;11;12"
Root_1704,290.194810,37.177696,7,"1;2;4;6;8;11;12"
Root_1705,123.424739,22.229536,7,"0;2;4;6;8;11;12"
Root_1706,324.964931,41.807296,6,"2;4;6;8;11;12"
Root_1707,104.725069,17.825856,7,"0;1;4;6;8;11;12"
Root_1708,291.650330,38.103616,6,"1;4;6;8;11;12"
Root_1709,122.102499,23.155456,6,"0;4;6;8;11;12"
Root_1710,327.346371,42.733216,5,"4;6;8;11;12"
Root_1711,119.102563,17.208576,8,"0;1;2;3;6;8;11;12"
Root_1712,292.663930,37.486336,7,"1;2;3;6;8;11;12"
Root_1713,136.981475,22.538176,7,"0;2;3;6;8;11;12"
Root_1714,327.742691,42.115936,6,"2;3;6;8;11;12"
Root_1715,118.793987,18.134496,7,"0;1;3;6;8;11;12"
Root_1716,294.119450,38.412256,6,"1;3;6;8;11;12"
Root_1717,134.733315,23.464096,6,"0;3;6;8;11;12"
Root_1718,330.124131,43.041856,5,"3;6;8;11;12"
Root_1719,117.965507,19.122144,7,"0;1;2;6;8;11;12"
Root_1720,301.094714,39.399904,6,"1;2;6;8;11;12"
Root_1721,137.757987,24.451744,6,"0;2;6;8;11;12"
Root_1722,338.087043,44.029504,5,"2;6;8;11;12"
Root_1723,116.669283,20.048064,6,"0;1;6;8;11;12"
Root_1724,303.476154,40.325824,5,"1;6;8;11;12"
Root_1725,136.435747,25.377664,5,"0;6;8;11;12"
Root_1726,341.394403,44.955424,4,"6;8;11;12"
Root_1727,110.948371,15.869078,9,"0;1;2;3;4;5;8;11;12"
Root_1728,290.263971,36.146838,8,"1;2;3;4;5;8;11;12"
Root_1729,129.255456,21.198678,8,"0;2;3;4;5;8;11;12"
Root_1730,324.003235,40.776438,7,"2;3;4;5;8;11;12"
Root_1731,111.874291,16.794998,8,"0;1;3;4;5;8;11;12"
Root_1732,290.793571,37.072758,7,"1;3;4;5;8;11;12"
Root_1733,127.007296,22.124598,7,"0;3;4;5;8;11;12"
Root_1734,325.458755,41.702358,6,"3;4;5;8;11;12"
Root_1735,109.706314,17.782646,8,"0;1;2;4;5;8;11;12"
Root_1736,297.151555,38.060406,7,"1;2;4;5;8;11;12"
Root_1737,130.031968,23.112246,7,"0;2;4;5;8;11;12"
Root_1738,332.804387,42.690006,6,"2;4;5;8;11;12"
Root_1739,109.749587,18.708566,7,"0;1;4;5;8;11;12"
Root_1740,298.607075,38.986326,6,"1;4;5;8;11;12"
Root_1741,128.709728,24.038166,6,"0;4;5;8;11;12"
Root_1742,335.185827,43.615926,5,"4;5;8;11;12"
Root_1743,125.108851,18.091286,8,"0;1;2;3;5;8;11;12"
Root_1744,299.929315,38.369046,7,"1;2;3;5;8;11;12"
Root_1745,143.043178,23.420886,7,"0;2;3;5;8;11;12"
Root_1746,335.890787,42.998646,6,"2;3;5;8;11;12"
Root_1747,123.917565,19.017206,7,"0;1;3;5;8;11;12"
Root_1748,301.384835,39.294966,6,"1;3;5;8;11;12"
Root_1749,140.795018,24.346806,6,"0;3;5;8;11;12"
Root_1750,338.272227,43.924566,5,"3;5;8;11;12"
Root_1751,123.971795,20.004854,7,"0;1;2;5;8;11;12"
Root_1752,308.730467,40.282614,6,"1;2;5;8;11;12"
Root_1753,143.819690,25.334454,6,"0;2;5;8;11;12"
Root_1754,346.605507,44.912214,5,"2;5;8;11;12"
Root_1755,121.792861,20.930774,6,"0;1;5;8;11;12"
Root_1756,311.111907,41.208534,5,"1;5;8;11;12"
Root_1757,142.497450,26.260374,5,"0;5;8;11;12"
Root_1758,349.912867,45.838134,4,"5;8;11;12"
Root_1759,119.491603,17.412278,8,"0;1;2;3;4;8;11;12"
Root_1760,294.497251,37.690038,7,"1;2;3;4;8;11;12"
Root_1761,137.203690,22.741878,7,"0;2;3;4;8;11;12"
Root_1762,329.779715,42.319638,6,"2;3;4;8;11;12"
Root_1763,118.979325,18.338198,7,"0;1;3;4;8;11;12"
Root_1764,295.952771,38.615958,6,"1;3;4;8;11;12"
Root_1765,134.955530,23.667798,6,"0;3;4;8;11;12"
Root_1766,332.161155,43.245558,5,"3;4;8;11;12"
Root_1767,118.354547,19.325846,7,"0;1;2;4;8;11;12"
Root_1768,302.928035,39.603606,6,"1;2;4;8;11;12"
Root_1769,137.980202,24.655446,6,"0;2;4;8;11;12"
Root_1770,340.124067,44.233206,5,"2;4;8;11;12"
Root_1771,116.854621,20.251766,6,"0;1;4;8;11;12"
Root_1772,305.309475,40.529526,5,"1;4;8;11;12"
Root_1773,136.657962,25.581366,5,"0;4;8;11;12"
Root_1774,343.431427,45.159126,4,"4;8;11;12"
Root_1775,132.824851,19.634486,7,"0;1;2;3;8;11;12"
Root_1776,305.705795,39.912246,6,"1;2;3;8;11;12"
Root_1777,150.003763,24.964086,6,"0;2;3;8;11;12"
Root_1778,343.210467,44.541846,5,"2;3;8;11;12"
Root_1779,130.090365,20.560406,6,"0;1;3;8;11;12"
Root_1780,308.087235,40.838166,5,"1;3;8;11;12"
Root_1781,147.755603,25.890006,5,"0;3;8;11;12"
Root_1782,346.517827,45.467766,4,"3;8;11;12"
Root_1783,131.687795,21.548054,6,"0;1;2;8;11;12"
Root_1784,316.050147,41.825814,5,"1;2;8;11;12"
Root_1785,150.780275,26.877654,5,"0;2;8;11;12"
Root_1786,355.468387,46.455414,4,"2;8;11;12"
Root_1787,129.439635,22.473974,5,"0;1;8;11;12"
Root_1788,319.357507,42.751734,4,"1;8;11;12"
Root_1789,149.458035,27.803574,4,"0;8;11;12"
Root_1790,359.701667,47.381334,3,"8;11;12"
Root_1791,93.627501,15.048096,10,"0;1;2;3;4;5;6;7;11;12"
Root_1792,297.710938,35.325856,9,"1;2;3;4;5;6;7;11;12"
Root_1793,117.407098,20.377696,9,"0;2;3;4;5;6;7;11;12"
Root_1794,329.955075,39.955456,8,"2;3;4;5;6;7;11;12"
Root_1795,94.553485,15.974016,9,"0;1;3;4;5;6;7;11;12"
Root_1796,296.640474,36.251776,8,"1;3;4;5;6;7;11;12"
Root_1797,116.084858,21.303616,8,"0;3;4;5;6;7;11;12"
Root_1798,330.484675,40.881376,7,"3;4;5;6;7;11;12"
Root_1799,91.564525,16.961664,9,"0;1;2;4;5;6;7;11;12"
Root_1800,302.010810,37.239424,8,"1;2;4;5;6;7;11;12"
Root_1801,120.097178,22.291264,8,"0;2;4;5;6;7;11;12"
Root_1802,336.842659,41.869024,7,"2;4;5;6;7;11;12"
Root_1803,92.428781,17.887584,8,"0;1;4;5;6;7;11;12"
Root_1804,302.540410,38.165344,7,"1;4;5;6;7;11;12"
Root_1805,119.700858,23.217184,7,"0;4;5;6;7;11;12"
Root_1806,338.298179,42.794944,6,"4;5;6;7;11;12"
Root_1807,107.275267,17.270304,9,"0;1;2;3;5;6;7;11;12"
Root_1808,304.479930,37.548064,8,"1;2;3;5;6;7;11;12"
Root_1809,133.748026,22.599904,8,"0;2;3;5;6;7;11;12"
Root_1810,339.620419,42.177664,7,"2;3;5;6;7;11;12"
Root_1811,107.101187,18.196224,8,"0;1;3;5;6;7;11;12"
Root_1812,305.009530,38.473984,7,"1;3;5;6;7;11;12"
Root_1813,132.425786,23.525824,7,"0;3;5;6;7;11;12"
Root_1814,341.075939,43.103584,6,"3;5;6;7;11;12"
Root_1815,107.322083,19.183872,8,"0;1;2;5;6;7;11;12"
Root_1816,311.367514,39.461632,7,"1;2;5;6;7;11;12"
Root_1817,136.438106,24.513472,7,"0;2;5;6;7;11;12"
Root_1818,348.421571,44.091232,6,"2;5;6;7;11;12"
Root_1819,106.890051,20.109792,7,"0;1;5;6;7;11;12"
Root_1820,312.823034,40.387552,6,"1;5;6;7;11;12"
Root_1821,136.041786,25.439392,6,"0;5;6;7;11;12"
Root_1822,350.803011,45.017152,5,"5;6;7;11;12"
Root_1823,101.960781,16.591296,9,"0;1;2;3;4;6;7;11;12"
Root_1824,299.726874,36.869056,8,"1;2;3;4;6;7;11;12"
Root_1825,127.719514,21.920896,8,"0;2;3;4;6;7;11;12"
Root_1826,334.188355,41.498656,7,"2;3;4;6;7;11;12"
Root_1827,102.269485,17.517216,8,"0;1;3;4;6;7;11;12"
Root_1828,300.256474,37.794976,7,"1;3;4;6;7;11;12"
Root_1829,126.397274,22.846816,7,"0;3;4;6;7;11;12"
Root_1830,335.643875,42.424576,6,"3;4;6;7;11;12"
Root_1831,101.328589,18.504864,8,"0;1;2;4;6;7;11;12"
Root_1832,306.244090,38.782624,7,"1;2;4;6;7;11;12"
Root_1833,130.409594,23.834464,7,"0;2;4;6;7;11;12"
Root_1834,342.619139,43.412224,6,"2;4;6;7;11;12"
Root_1835,101.575565,19.430784,7,"0;1;4;6;7;11;12"
Root_1836,307.699610,39.708544,6,"1;4;6;7;11;12"
Root_1837,130.013274,24.760384,6,"0;4;6;7;11;12"
Root_1838,345.000579,44.338144,5,"4;6;7;11;12"
Root_1839,116.940707,18.813504,8,"0;1;2;3;6;7;11;12"
Root_1840,308.713210,39.091264,7,"1;2;3;6;7;11;12"
Root_1841,143.007226,24.143104,7,"0;2;3;6;7;11;12"
Root_1842,345.396899,43.720864,6,"2;3;6;7;11;12"
Root_1843,115.953123,19.739424,7,"0;1;3;6;7;11;12"
Root_1844,310.168730,40.017184,6,"1;3;6;7;11;12"
Root_1845,141.684986,25.069024,6,"0;3;6;7;11;12"
Root_1846,347.778339,44.646784,5,"3;6;7;11;12"
Root_1847,117.717219,20.727072,7,"0;1;2;6;7;11;12"
Root_1848,317.143994,41.004832,6,"1;2;6;7;11;12"
Root_1849,145.697306,26.056672,6,"0;2;6;7;11;12"
Root_1850,355.741251,45.634432,5,"2;6;7;11;12"
Root_1851,116.394979,21.652992,6,"0;1;6;7;11;12"
Root_1852,319.525434,41.930752,5,"1;6;7;11;12"
Root_1853,145.300986,26.982592,5,"0;6;7;11;12"
Root_1854,359.048611,46.560352,4,"6;7;11;12"
Root_1855,107.868010,17.474006,9,"0;1;2;3;4;5;7;11;12"
Root_1856,306.313251,37.751766,8,"1;2;3;4;5;7;11;12"
Root_1857,134.663926,22.803606,8,"0;2;3;4;5;7;11;12"
Root_1858,341.657443,42.381366,7,"2;3;4;5;7;11;12"
Root_1859,107.693930,18.399926,8,"0;1;3;4;5;7;11;12"
Root_1860,306.842851,38.677686,7,"1;3;4;5;7;11;12"
Root_1861,133.341686,23.729526,7,"0;3;4;5;7;11;12"
Root_1862,343.112963,43.307286,6,"3;4;5;7;11;12"
Root_1863,108.118528,19.387574,8,"0;1;2;4;5;7;11;12"
Root_1864,313.200835,39.665334,7,"1;2;4;5;7;11;12"
Root_1865,137.354006,24.717174,7,"0;2;4;5;7;11;12"
Root_1866,350.458595,44.294934,6,"2;4;5;7;11;12"
Root_1867,107.482794,20.313494,7,"0;1;4;5;7;11;12"
Root_1868,314.656355,40.591254,6,"1;4;5;7;11;12"
Root_1869,136.957686,25.643094,6,"0;4;5;7;11;12"
Root_1870,352.840035,45.220854,5,"4;5;7;11;12"
Root_1871,123.829706,19.696214,8,"0;1;2;3;5;7;11;12"
Root_1872,315.978595,39.973974,7,"1;2;3;5;7;11;12"
Root_1873,149.933120,25.025814,7,"0;2;3;5;7;11;12"
Root_1874,353.544995,44.603574,6,"2;3;5;7;11;12"
Root_1875,121.959411,20.622134,7,"0;1;3;5;7;11;12"
Root_1876,317.434115,40.899894,6,"1;3;5;7;11;12"
Root_1877,148.610880,25.951734,6,"0;3;5;7;11;12"
Root_1878,355.926435,45.529494,5,"3;5;7;11;12"
Root_1879,124.606218,21.609782,7,"0;1;2;5;7;11;12"
Root_1880,324.779747,41.887542,6,"1;2;5;7;11;12"
Root_1881,152.684928,26.939382,6,"0;2;5;7;11;12"
Root_1882,364.259715,46.517142,5,"2;5;7;11;12"
Root_1883,123.283978,22.535702,6,"0;1;5;7;11;12"
Root_1884,327.161187,42.813462,5,"1;5;7;11;12"
Root_1885,152.288608,27.865302,5,"0;5;7;11;12"
Root_1886,367.567075,47.443062,4,"5;7;11;12"
Root_1887,117.533450,19.017206,8,"0;1;2;3;4;7;11;12"
Root_1888,310.546531,39.294966,7,"1;2;3;4;7;11;12"
Root_1889,143.784992,24.346806,7,"0;2;3;4;7;11;12"
Root_1890,347.433923,43.924566,6,"2;3;4;7;11;12"
Root_1891,116.342163,19.943126,7,"0;1;3;4;7;11;12"
Root_1892,312.002051,40.220886,6,"1;3;4;7;11;12"
Root_1893,142.462752,25.272726,6,"0;3;4;7;11;12"
Root_1894,349.815363,44.850486,5,"3;4;7;11;12"
Root_1895,118.309962,20.930774,7,"0;1;2;4;7;11;12"
Root_1896,318.977315,41.208534,6,"1;2;4;7;11;12"
Root_1897,146.475072,26.260374,6,"0;2;4;7;11;12"
Root_1898,357.778275,45.838134,5,"2;4;7;11;12"
Root_1899,116.987722,21.856694,6,"0;1;4;7;11;12"
Root_1900,321.358755,42.134454,5,"1;4;7;11;12"
Root_1901,146.078752,27.186294,5,"0;4;7;11;12"
Root_1902,361.085635,46.764054,4,"4;7;11;12"
Root_1903,133.088906,21.239414,7,"0;1;2;3;7;11;12"
Root_1904,321.755075,41.517174,6,"1;2;3;7;11;12"
Root_1905,157.202346,26.569014,6,"0;2;3;7;11;12"
Root_1906,360.864675,46.146774,5,"2;3;7;11;12"
Root_1907,130.840746,22.165334,6,"0;1;3;7;11;12"
Root_1908,324.136515,42.443094,5,"1;3;7;11;12"
Root_1909,155.880106,27.494934,5,"0;3;7;11;12"
Root_1910,364.172035,47.072694,4,"3;7;11;12"
Root_1911,133.865418,23.152982,6,"0;1;2;7;11;12"
Root_1912,332.099427,43.430742,5,"1;2;7;11;12"
Root_1913,159.892426,28.482582,5,"0;2;7;11;12"
Root_1914,373.122595,48.060342,4,"2;7;11;12"
Root_1915,132.543178,24.078902,5,"0;1;7;11;12"
Root_1916,335.406787,44.356662,4,"1;7;11;12"
Root_1917,159.496106,29.408502,4,"0;7;11;12"
Root_1918,377.355875,48.986262,3,"7;11;12"
Root_1919,107.255853,18.072768,9,"0;1;2;3;4;5;6;11;12"
Root_1920,312.300867,38.350528,8,"1;2;3;4;5;6;11;12"
Root_1921,133.186275,23.402368,8,"0;2;3;4;5;6;11;12"
Root_1922,348.243821,42.980128,7,"2;3;4;5;6;11;12"
Root_1923,107.009005,18.998688,8,"0;1;3;4;5;6;11;12"
Root_1924,312.830467,39.276448,7,"1;3;4;5;6;11;12"
Root_1925,131.864035,24.328288,7,"0;3;4;5;6;11;12"
Root_1926,349.699341,43.906048,6,"3;4;5;6;11;12"
Root_1927,108.032365,19.986336,8,"0;1;2;4;5;6;11;12"
Root_1928,319.188451,40.264096,7,"1;2;4;5;6;11;12"
Root_1929,135.876355,25.315936,7,"0;2;4;5;6;11;12"
Root_1930,357.044973,44.893696,6,"2;4;5;6;11;12"
Root_1931,106.797869,20.912256,7,"0;1;4;5;6;11;12"
Root_1932,320.643971,41.190016,6,"1;4;5;6;11;12"
Root_1933,135.480035,26.241856,6,"0;4;5;6;11;12"
Root_1934,359.426413,45.819616,5,"4;5;6;11;12"
Root_1935,121.829539,20.294976,8,"0;1;2;3;5;6;11;12"
Root_1936,321.966211,40.572736,7,"1;2;3;5;6;11;12"
Root_1937,148.371363,25.624576,7,"0;2;3;5;6;11;12"
Root_1938,360.131373,45.202336,6,"2;3;5;6;11;12"
Root_1939,119.581379,21.220896,7,"0;1;3;5;6;11;12"
Root_1940,323.421731,41.498656,6,"1;3;5;6;11;12"
Root_1941,147.049123,26.550496,6,"0;3;5;6;11;12"
Root_1942,362.512813,46.128256,5,"3;5;6;11;12"
Root_1943,122.606051,22.208544,7,"0;1;2;5;6;11;12"
Root_1944,330.767363,42.486304,6,"1;2;5;6;11;12"
Root_1945,151.123171,27.538144,6,"0;2;5;6;11;12"
Root_1946,370.846093,47.115904,5,"2;5;6;11;12"
Root_1947,121.283811,23.134464,6,"0;1;5;6;11;12"
Root_1948,333.148803,43.412224,5,"1;5;6;11;12"
Root_1949,150.726851,28.464064,5,"0;5;6;11;12"
Root_1950,374.153453,48.041824,4,"5;6;11;12"
Root_1951,116.515053,19.615968,8,"0;1;2;3;4;6;11;12"
Root_1952,316.534147,39.893728,7,"1;2;3;4;6;11;12"
Root_1953,141.708579,24.945568,7,"0;2;3;4;6;11;12"
Root_1954,354.020301,44.523328,6,"2;3;4;6;11;12"
Root_1955,114.725005,20.541888,7,"0;1;3;4;6;11;12"
Root_1956,317.989667,40.819648,6,"1;3;4;6;11;12"
Root_1957,140.386339,25.871488,6,"0;3;4;6;11;12"
Root_1958,356.401741,45.449248,5,"3;4;6;11;12"
Root_1959,117.291565,21.529536,7,"0;1;2;4;6;11;12"
Root_1960,324.964931,41.807296,6,"1;2;4;6;11;12"
Root_1961,144.398659,26.859136,6,"0;2;4;6;11;12"
Root_1962,364.364653,46.436896,5,"2;4;6;11;12"
Root_1963,115.969325,22.455456,6,"0;1;4;6;11;12"
Root_1964,327.346371,42.733216,5,"1;4;6;11;12"
Root_1965,144.002339,27.785056,5,"0;4;6;11;12"
Root_1966,367.672013,47.362816,4,"4;6;11;12"
Root_1967,130.681475,21.838176,7,"0;1;2;3;6;11;12"
Root_1968,327.742691,42.115936,6,"1;2;3;6;11;12"
Root_1969,155.041827,27.167776,6,"0;2;3;6;11;12"
Root_1970,367.451053,46.745536,5,"2;3;6;11;12"
Root_1971,128.433315,22.764096,6,"0;1;3;6;11;12"
Root_1972,330.124131,43.041856,5,"1;3;6;11;12"
Root_1973,153.719587,28.093696,5,"0;3;6;11;12"
Root_1974,370.758413,47.671456,4,"3;6;11;12"
Root_1975,131.457987,23.751744,6,"0;1;2;6;11;12"
Root_1976,338.087043,44.029504,5,"1;2;6;11;12"
Root_1977,157.813251,29.081344,5,"0;2;6;11;12"
Root_1978,379.708973,48.659104,4,"2;6;11;12"
Root_1979,130.135747,24.677664,5,"0;1;6;11;12"
Root_1980,341.394403,44.955424,4,"1;6;11;12"
Root_1981,158.342851,30.007264,4,"0;6;11;12"
Root_1982,383.942253,49.585024,3,"6;11;12"
Root_1983,122.422282,20.498678,8,"0;1;2;3;4;5;11;12"
Root_1984,324.003235,40.776438,7,"1;2;3;4;5;11;12"
Root_1985,148.797280,25.828278,7,"0;2;3;4;5;11;12"
Root_1986,362.372099,45.406038,6,"2;3;4;5;11;12"
Root_1987,120.174122,21.424598,7,"0;1;3;4;5;11;12"
Root_1988,325.458755,41.702358,6,"1;3;4;5;11;12"
Root_1989,147.475040,26.754198,6,"0;3;4;5;11;12"
Root_1990,364.753539,46.331958,5,"3;4;5;11;12"
Root_1991,123.198794,22.412246,7,"0;1;2;4;5;11;12"
Root_1992,332.804387,42.690006,6,"1;2;4;5;11;12"
Root_1993,151.549088,27.741846,6,"0;2;4;5;11;12"
Root_1994,373.086819,47.319606,5,"2;4;5;11;12"
Root_1995,121.876554,23.338166,6,"0;1;4;5;11;12"
Root_1996,335.185827,43.615926,5,"1;4;5;11;12"
Root_1997,151.152768,28.667766,5,"0;4;5;11;12"
Root_1998,376.394179,48.245526,4,"4;5;11;12"
Root_1999,136.743178,22.720886,7,"0;1;2;3;5;11;12"
Root_2000,335.890787,42.998646,6,"1;2;3;5;11;12"
Root_2001,161.659082,28.050486,6,"0;2;3;5;11;12"
Root_2002,376.481859,47.628246,5,"2;3;5;11;12"
Root_2003,134.495018,23.646806,6,"0;1;3;5;11;12"
Root_2004,338.272227,43.924566,5,"1;3;5;11;12"
Root_2005,160.336842,28.976406,5,"0;3;5;11;12"
Root_2006,379.789219,48.554166,4,"3;5;11;12"
Root_2007,137.519690,24.634454,6,"0;1;2;5;11;12"
Root_2008,346.605507,44.912214,5,"1;2;5;11;12"
Root_2009,165.683584,29.964054,5,"0;2;5;11;12"
Root_2010,389.110147,49.541814,4,"2;5;11;12"
Root_2011,136.197450,25.560374,5,"0;1;5;11;12"
Root_2012,349.912867,45.838134,4,"1;5;11;12"
Root_2013,166.213184,30.889974,4,"0;5;11;12"
Root_2014,393.343427,50.467734,3,"5;11;12"
Root_2015,131.070515,22.041878,7,"0;1;2;3;4;11;12"
Root_2016,329.779715,42.319638,6,"1;2;3;4;11;12"
Root_2017,155.264042,27.371478,6,"0;2;3;4;11;12"
Root_2018,369.691779,46.949238,5,"2;3;4;11;12"
Root_2019,128.822355,22.967798,6,"0;1;3;4;11;12"
Root_2020,332.161155,43.245558,5,"1;3;4;11;12"
Root_2021,153.941802,28.297398,5,"0;3;4;11;12"
Root_2022,372.999139,47.875158,4,"3;4;11;12"
Root_2023,131.847027,23.955446,6,"0;1;2;4;11;12"
Root_2024,340.124067,44.233206,5,"1;2;4;11;12"
Root_2025,158.239168,29.285046,5,"0;2;4;11;12"
Root_2026,381.949699,48.862806,4,"2;4;11;12"
Root_2027,130.524787,24.881366,5,"0;1;4;11;12"
Root_2028,343.431427,45.159126,4,"1;4;11;12"
Root_2029,158.768768,30.210966,4,"0;4;11;12"
Root_2030,386.182979,49.788726,3,"4;11;12"
Root_2031,144.403763,24.264086,6,"0;1;2;3;11;12"
Root_2032,343.210467,44.541846,5,"1;2;3;11;12"
Root_2033,166.805962,29.593686,5,"0;2;3;11;12"
Root_2034,385.344739,49.171446,4,"2;3;11;12"
Root_2035,142.155603,25.190006,5,"0;1;3;11;12"
Root_2036,346.517827,45.467766,4,"1;3;11;12"
Root_2037,166.409642,30.519606,4,"0;3;11;12"
Root_2038,389.578019,50.097366,3,"3;11;12"
Root_2039,145.180275,26.177654,5,"0;1;2;11;12"
Root_2040,355.468387,46.455414,4,"1;2;11;12"
Root_2041,171.409610,31.507254,4,"0;2;11;12"
Root_2042,399.516227,51.085014,3,"2;11;12"
Root_2043,143.858035,27.103574,4,"0;1;11;12"
Root_2044,359.701667,47.381334,3,"1;11;12"
Root_2045,171.939210,32.433174,3,"0;11;12"
Root_2046,404.675427,52.010934,2,"11;12"
Root_2047,63.149389,8.051840,12,"0;1;2;3;4;5;6;7;8;9;10;12"
Root_2048,259.169190,29.029600,11,"1;2;3;4;5;6;7;8;9;10;12"
Root_2049,83.717805,14.081440,11,"0;2;3;4;5;6;7;8;9;10;12"
Root_2050,285.698576,33.659200,10,"2;3;4;5;6;7;8;9;10;12"
Root_2051,66.853069,8.977760,11,"0;1;3;4;5;6;7;8;9;10;12"
Root_2052,257.621030,29.955520,10,"1;3;4;5;6;7;8;9;10;12"
Root_2053,86.495565,15.007360,10,"0;3;4;5;6;7;8;9;10;12"
Root_2054,285.076336,34.585120,9,"3;4;5;6;7;8;9;10;12"
Root_2055,69.905549,10.665408,11,"0;1;2;4;5;6;7;8;9;10;12"
Root_2056,261.149350,30.943168,10,"1;2;4;5;6;7;8;9;10;12"
Root_2057,84.144941,15.995008,10,"0;2;4;5;6;7;8;9;10;12"
Root_2058,290.384944,35.572768,9,"2;4;5;6;7;8;9;10;12"
Root_2059,72.683309,11.591328,10,"0;1;4;5;6;7;8;9;10;12"
Root_2060,260.527110,31.869088,9,"1;4;5;6;7;8;9;10;12"
Root_2061,86.922701,16.920928,9,"0;4;5;6;7;8;9;10;12"
Root_2062,290.688624,36.498688,8,"4;5;6;7;8;9;10;12"
Root_2063,77.690445,10.274048,11,"0;1;2;3;5;6;7;8;9;10;12"
Root_2064,267.749382,31.251808,10,"1;2;3;5;6;7;8;9;10;12"
Root_2065,97.692909,16.303648,10,"0;2;3;5;6;7;8;9;10;12"
Root_2066,292.664016,35.881408,9,"2;3;5;6;7;8;9;10;12"
Root_2067,80.510253,11.199968,10,"0;1;3;5;6;7;8;9;10;12"
Root_2068,266.201222,32.177728,9,"1;3;5;6;7;8;9;10;12"
Root_2069,99.544749,17.229568,9,"0;3;5;6;7;8;9;10;12"
Root_2070,292.849104,36.807328,8,"3;5;6;7;8;9;10;12"
Root_2071,81.846061,12.887616,10,"0;1;2;5;6;7;8;9;10;12"
Root_2072,270.522182,33.165376,9,"1;2;5;6;7;8;9;10;12"
Root_2073,98.737261,18.217216,9,"0;2;5;6;7;8;9;10;12"
Root_2074,299.145360,37.794976,8,"2;5;6;7;8;9;10;12"
Root_2075,84.623821,13.813536,9,"0;1;5;6;7;8;9;10;12"
Root_2076,269.899942,34.091296,8,"1;5;6;7;8;9;10;12"
Root_2077,99.971885,19.143136,8,"0;5;6;7;8;9;10;12"
Root_2078,300.374960,38.720896,7,"5;6;7;8;9;10;12"
Root_2079,72.203853,9.595040,11,"0;1;2;3;4;6;7;8;9;10;12"
Root_2080,261.900070,30.572800,10,"1;2;3;4;6;7;8;9;10;12"
Root_2081,93.557069,15.624640,10,"0;2;3;4;6;7;8;9;10;12"
Root_2082,288.162736,35.202400,9,"2;3;4;6;7;8;9;10;12"
Root_2083,75.702669,10.520960,10,"0;1;3;4;6;7;8;9;10;12"
Root_2084,260.351910,31.498720,9,"1;3;4;6;7;8;9;10;12"
Root_2085,95.470701,16.550560,9,"0;3;4;6;7;8;9;10;12"
Root_2086,288.466416,36.128320,8,"3;4;6;7;8;9;10;12"
Root_2087,77.750957,12.208608,10,"0;1;2;4;6;7;8;9;10;12"
Root_2088,264.127142,32.486368,9,"1;2;4;6;7;8;9;10;12"
Root_2089,93.984205,17.538208,9,"0;2;4;6;7;8;9;10;12"
Root_2090,294.392304,37.115968,8,"2;4;6;7;8;9;10;12"
Root_2091,80.549773,13.134528,9,"0;1;4;6;7;8;9;10;12"
Root_2092,263.917190,33.412288,8,"1;4;6;7;8;9;10;12"
Root_2093,95.897837,18.464128,8,"0;4;6;7;8;9;10;12"
Root_2094,295.621904,38.041888,7,"4;6;7;8;9;10;12"
Root_2095,86.991693,11.817248,10,"0;1;2;3;6;7;8;9;10;12"
Root_2096,268.875334,32.795008,9,"1;2;3;6;7;8;9;10;12"
Root_2097,108.124877,17.846848,9,"0;2;3;6;7;8;9;10;12"
Root_2098,296.552784,37.424608,8,"2;3;6;7;8;9;10;12"
Root_2099,89.769453,12.743168,9,"0;1;3;6;7;8;9;10;12"
Root_2100,268.048102,33.720928,8,"1;3;6;7;8;9;10;12"
Root_2101,108.803949,18.772768,8,"0;3;6;7;8;9;10;12"
Root_2102,297.782384,38.350528,7,"3;6;7;8;9;10;12"
Root_2103,91.454573,14.430816,9,"0;1;2;6;7;8;9;10;12"
Root_2104,272.986342,34.708576,8,"1;2;6;7;8;9;10;12"
Root_2105,109.539661,19.760416,8,"0;2;6;7;8;9;10;12"
Root_2106,304.695920,39.338176,7,"2;6;7;8;9;10;12"
Root_2107,93.883021,15.356736,8,"0;1;6;7;8;9;10;12"
Root_2108,273.290022,35.634496,7,"1;6;7;8;9;10;12"
Root_2109,109.231085,20.686336,7,"0;6;7;8;9;10;12"
Root_2110,306.851440,40.264096,6,"6;7;8;9;10;12"
Root_2111,78.954707,10.477750,11,"0;1;2;3;4;5;7;8;9;10;12"
Root_2112,267.971597,31.455510,10,"1;2;3;4;5;7;8;9;10;12"
Root_2113,98.915123,16.507350,10,"0;2;3;4;5;7;8;9;10;12"
Root_2114,294.175043,36.085110,9,"2;3;4;5;7;8;9;10;12"
Root_2115,81.732467,11.403670,10,"0;1;3;4;5;7;8;9;10;12"
Root_2116,266.423437,32.381430,9,"1;3;4;5;7;8;9;10;12"
Root_2117,100.766963,17.433270,9,"0;3;4;5;7;8;9;10;12"
Root_2118,294.478723,37.011030,8,"3;4;5;7;8;9;10;12"
Root_2119,83.068275,13.091318,10,"0;1;2;4;5;7;8;9;10;12"
Root_2120,270.744397,33.369078,9,"1;2;4;5;7;8;9;10;12"
Root_2121,100.163178,18.420918,9,"0;2;4;5;7;8;9;10;12"
Root_2122,300.774979,37.998678,8,"2;4;5;7;8;9;10;12"
Root_2123,85.846035,14.017238,9,"0;1;4;5;7;8;9;10;12"
Root_2124,270.122157,34.294998,8,"1;4;5;7;8;9;10;12"
Root_2125,101.194099,19.346838,8,"0;4;5;7;8;9;10;12"
Root_2126,302.004579,38.924598,7,"4;5;7;8;9;10;12"
Root_2127,93.327232,12.699958,10,"0;1;2;3;5;7;8;9;10;12"
Root_2128,274.918518,33.677718,9,"1;2;3;5;7;8;9;10;12"
Root_2129,115.847050,18.729558,9,"0;2;3;5;7;8;9;10;12"
Root_2130,303.244099,38.307318,8,"2;3;5;7;8;9;10;12"
Root_2131,95.572970,13.625878,9,"0;1;3;5;7;8;9;10;12"
Root_2132,273.370358,34.603638,8,"1;3;5;7;8;9;10;12"
Root_2133,115.643411,19.655478,8,"0;3;5;7;8;9;10;12"
Root_2134,304.473699,39.233238,7,"3;5;7;8;9;10;12"
Root_2135,97.895315,15.313526,9,"0;1;2;5;7;8;9;10;12"
Root_2136,278.282605,35.591286,8,"1;2;5;7;8;9;10;12"
Root_2137,117.261834,20.643126,8,"0;2;5;7;8;9;10;12"
Root_2138,311.757603,40.220886,7,"2;5;7;8;9;10;12"
Root_2139,99.747155,16.239446,8,"0;1;5;7;8;9;10;12"
Root_2140,279.103491,36.517206,7,"1;5;7;8;9;10;12"
Root_2141,116.639594,21.569046,7,"0;5;7;8;9;10;12"
Root_2142,313.913123,41.146806,6,"5;7;8;9;10;12"
Root_2143,88.213907,12.020950,10,"0;1;2;3;4;7;8;9;10;12"
Root_2144,268.893846,32.998710,9,"1;2;3;4;7;8;9;10;12"
Root_2145,109.550794,18.050550,9,"0;2;3;4;7;8;9;10;12"
Root_2146,298.182403,37.628310,8,"2;3;4;7;8;9;10;12"
Root_2147,90.991667,12.946870,9,"0;1;3;4;7;8;9;10;12"
Root_2148,268.270317,33.924630,8,"1;3;4;7;8;9;10;12"
Root_2149,110.026163,18.976470,8,"0;3;4;7;8;9;10;12"
Root_2150,299.412003,38.554230,7,"3;4;7;8;9;10;12"
Root_2151,92.880490,14.634518,9,"0;1;2;4;7;8;9;10;12"
Root_2152,273.208557,34.912278,8,"1;2;4;7;8;9;10;12"
Root_2153,110.965578,19.964118,8,"0;2;4;7;8;9;10;12"
Root_2154,306.325539,39.541878,7,"2;4;7;8;9;10;12"
Root_2155,95.105235,15.560438,8,"0;1;4;7;8;9;10;12"
Root_2156,274.350435,35.838198,7,"1;4;7;8;9;10;12"
Root_2157,110.453299,20.890038,7,"0;4;7;8;9;10;12"
Root_2158,308.481059,40.467798,6,"4;7;8;9;10;12"
Root_2159,100.990493,14.243158,9,"0;1;2;3;7;8;9;10;12"
Root_2160,276.060397,35.220918,8,"1;2;3;7;8;9;10;12"
Root_2161,125.106250,20.272758,8,"0;2;3;7;8;9;10;12"
Root_2162,308.794659,39.850518,7,"2;3;7;8;9;10;12"
Root_2163,102.842333,15.169078,8,"0;1;3;7;8;9;10;12"
Root_2164,276.510915,36.146838,7,"1;3;7;8;9;10;12"
Root_2165,123.558090,21.198678,7,"0;3;7;8;9;10;12"
Root_2166,310.950179,40.776438,6,"3;7;8;9;10;12"
Root_2167,105.164362,16.856726,8,"0;1;2;7;8;9;10;12"
Root_2168,283.424451,37.134486,7,"1;2;7;8;9;10;12"
Root_2169,126.521034,22.186326,7,"0;2;7;8;9;10;12"
Root_2170,318.851363,41.764086,6,"2;7;8;9;10;12"
Root_2171,106.833555,17.782646,7,"0;1;7;8;9;10;12"
Root_2172,285.579971,38.060406,6,"1;7;8;9;10;12"
Root_2173,125.898794,23.112246,6,"0;7;8;9;10;12"
Root_2174,321.932803,42.690006,5,"7;8;9;10;12"
Root_2175,86.106669,11.776512,11,"0;1;2;3;4;5;6;8;9;10;12"
Root_2176,269.649296,32.054272,10,"1;2;3;4;5;6;8;9;10;12"
Root_2177,100.199117,17.106112,10,"0;2;3;4;5;6;8;9;10;12"
Root_2178,299.995994,36.683872,9,"2;3;4;5;6;8;9;10;12"
Root_2179,88.884429,12.702432,10,"0;1;3;4;5;6;8;9;10;12"
Root_2180,269.027056,32.980192,9,"1;3;4;5;6;8;9;10;12"
Root_2181,101.618925,18.032032,9,"0;3;4;5;6;8;9;10;12"
Root_2182,300.299674,37.609792,8,"3;4;5;6;8;9;10;12"
Root_2183,84.620237,13.690080,10,"0;1;2;4;5;6;8;9;10;12"
Root_2184,274.335664,33.967840,9,"1;2;4;5;6;8;9;10;12"
Root_2185,101.613901,19.019680,9,"0;2;4;5;6;8;9;10;12"
Root_2186,306.595930,38.597440,8,"2;4;5;6;8;9;10;12"
Root_2187,87.397997,14.616000,9,"0;1;4;5;6;8;9;10;12"
Root_2188,274.639344,34.893760,8,"1;4;5;6;8;9;10;12"
Root_2189,102.046061,19.945600,8,"0;4;5;6;8;9;10;12"
Root_2190,307.825530,39.523360,7,"4;5;6;8;9;10;12"
Root_2191,98.143629,13.998720,10,"0;1;2;3;5;6;8;9;10;12"
Root_2192,278.219664,34.276480,9,"1;2;3;5;6;8;9;10;12"
Root_2193,113.532365,19.328320,9,"0;2;3;5;6;8;9;10;12"
Root_2194,309.065050,38.906080,8,"2;3;5;6;8;9;10;12"
Root_2195,99.995469,14.924640,9,"0;1;3;5;6;8;9;10;12"
Root_2196,277.597424,35.202400,8,"1;3;5;6;8;9;10;12"
Root_2197,112.729965,20.254240,8,"0;3;5;6;8;9;10;12"
Root_2198,310.294650,39.832000,7,"3;5;6;8;9;10;12"
Root_2199,96.657197,15.912288,9,"0;1;2;5;6;8;9;10;12"
Root_2200,283.096080,36.190048,8,"1;2;5;6;8;9;10;12"
Root_2201,114.947149,21.241888,8,"0;2;5;6;8;9;10;12"
Root_2202,317.578554,40.819648,7,"2;5;6;8;9;10;12"
Root_2203,98.509037,16.838208,8,"0;1;5;6;8;9;10;12"
Root_2204,284.325680,37.115968,7,"1;5;6;8;9;10;12"
Root_2205,114.324909,22.167808,7,"0;5;6;8;9;10;12"
Root_2206,319.734074,41.745568,6,"5;6;8;9;10;12"
Root_2207,94.748589,13.319712,10,"0;1;2;3;4;6;8;9;10;12"
Root_2208,272.113456,33.597472,9,"1;2;3;4;6;8;9;10;12"
Root_2209,109.458317,18.649312,9,"0;2;3;4;6;8;9;10;12"
Root_2210,304.003354,38.227072,8,"2;3;4;6;8;9;10;12"
Root_2211,96.600429,14.245632,9,"0;1;3;4;6;8;9;10;12"
Root_2212,272.417136,34.523392,8,"1;3;4;6;8;9;10;12"
Root_2213,109.334925,19.575232,8,"0;3;4;6;8;9;10;12"
Root_2214,305.232954,39.152992,7,"3;4;6;8;9;10;12"
Root_2215,93.262157,15.233280,9,"0;1;2;4;6;8;9;10;12"
Root_2216,278.343024,35.511040,8,"1;2;4;6;8;9;10;12"
Root_2217,110.873101,20.562880,8,"0;2;4;6;8;9;10;12"
Root_2218,312.146490,40.140640,7,"2;4;6;8;9;10;12"
Root_2219,95.113997,16.159200,8,"0;1;4;6;8;9;10;12"
Root_2220,279.572624,36.436960,7,"1;4;6;8;9;10;12"
Root_2221,110.250861,21.488800,7,"0;4;6;8;9;10;12"
Root_2222,314.302010,41.066560,6,"4;6;8;9;10;12"
Root_2223,106.641037,15.541920,9,"0;1;2;3;6;8;9;10;12"
Root_2224,280.683824,35.819680,8,"1;2;3;6;8;9;10;12"
Root_2225,122.791565,20.871520,8,"0;2;3;6;8;9;10;12"
Root_2226,314.615610,40.449280,7,"2;3;6;8;9;10;12"
Root_2227,107.711469,16.467840,8,"0;1;3;6;8;9;10;12"
Root_2228,281.733104,36.745600,7,"1;3;6;8;9;10;12"
Root_2229,121.243405,21.797440,7,"0;3;6;8;9;10;12"
Root_2230,316.771130,41.375200,6,"3;6;8;9;10;12"
Root_2231,105.154605,17.455488,8,"0;1;2;6;8;9;10;12"
Root_2232,288.646640,37.733248,7,"1;2;6;8;9;10;12"
Root_2233,124.206349,22.785088,7,"0;2;6;8;9;10;12"
Root_2234,324.672314,42.362848,6,"2;6;8;9;10;12"
Root_2235,106.225037,18.381408,7,"0;1;6;8;9;10;12"
Root_2236,290.802160,38.659168,6,"1;6;8;9;10;12"
Root_2237,123.584109,23.711008,6,"0;6;8;9;10;12"
Root_2238,327.753754,43.288768,5,"6;8;9;10;12"
Root_2239,99.162141,14.202422,10,"0;1;2;3;4;5;8;9;10;12"
Root_2240,278.645581,34.480182,9,"1;2;3;4;5;8;9;10;12"
Root_2241,114.754579,19.532022,9,"0;2;3;4;5;8;9;10;12"
Root_2242,310.898371,39.109782,8,"2;3;4;5;8;9;10;12"
Root_2243,101.013981,15.128342,9,"0;1;3;4;5;8;9;10;12"
Root_2244,278.429443,35.406102,8,"1;3;4;5;8;9;10;12"
Root_2245,113.748477,20.457942,8,"0;3;4;5;8;9;10;12"
Root_2246,312.127971,40.035702,7,"3;4;5;8;9;10;12"
Root_2247,97.675709,16.115990,9,"0;1;2;4;5;8;9;10;12"
Root_2248,284.725699,36.393750,8,"1;2;4;5;8;9;10;12"
Root_2249,116.169363,21.445590,8,"0;2;4;5;8;9;10;12"
Root_2250,319.411875,41.023350,7,"2;4;5;8;9;10;12"
Root_2251,99.527549,17.041910,8,"0;1;4;5;8;9;10;12"
Root_2252,285.955299,37.319670,7,"1;4;5;8;9;10;12"
Root_2253,115.547123,22.371510,7,"0;4;5;8;9;10;12"
Root_2254,321.567395,41.949270,6,"4;5;8;9;10;12"
Root_2255,112.406355,16.424630,9,"0;1;2;3;5;8;9;10;12"
Root_2256,287.194819,36.702390,8,"1;2;3;5;8;9;10;12"
Root_2257,129.631027,21.754230,8,"0;2;3;5;8;9;10;12"
Root_2258,322.189635,41.331990,7,"2;3;5;8;9;10;12"
Root_2259,113.332275,17.350550,8,"0;1;3;5;8;9;10;12"
Root_2260,288.424419,37.628310,7,"1;3;5;8;9;10;12"
Root_2261,128.082867,22.680150,7,"0;3;5;8;9;10;12"
Root_2262,324.345155,42.257910,6,"3;5;8;9;10;12"
Root_2263,111.658122,18.338198,8,"0;1;2;5;8;9;10;12"
Root_2264,295.708323,38.615958,7,"1;2;5;8;9;10;12"
Root_2265,131.045811,23.667798,7,"0;2;5;8;9;10;12"
Root_2266,332.616707,43.245558,6,"2;5;8;9;10;12"
Root_2267,111.845843,19.264118,7,"0;1;5;8;9;10;12"
Root_2268,297.863843,39.541878,6,"1;5;8;9;10;12"
Root_2269,130.423571,24.593718,6,"0;5;8;9;10;12"
Root_2270,335.698147,44.171478,5,"5;8;9;10;12"
Root_2271,107.804061,15.745622,9,"0;1;2;3;4;8;9;10;12"
Root_2272,282.133123,36.023382,8,"1;2;3;4;8;9;10;12"
Root_2273,124.013779,21.075222,8,"0;2;3;4;8;9;10;12"
Root_2274,316.448931,40.652982,7,"2;3;4;8;9;10;12"
Root_2275,108.729981,16.671542,8,"0;1;3;4;8;9;10;12"
Root_2276,283.362723,36.949302,7,"1;3;4;8;9;10;12"
Root_2277,122.465619,22.001142,7,"0;3;4;8;9;10;12"
Root_2278,318.604451,41.578902,6,"3;4;8;9;10;12"
Root_2279,106.376819,17.659190,8,"0;1;2;4;8;9;10;12"
Root_2280,290.276259,37.936950,7,"1;2;4;8;9;10;12"
Root_2281,125.428563,22.988790,7,"0;2;4;8;9;10;12"
Root_2282,326.505635,42.566550,6,"2;4;8;9;10;12"
Root_2283,107.243549,18.585110,7,"0;1;4;8;9;10;12"
Root_2284,292.431779,38.862870,6,"1;4;8;9;10;12"
Root_2285,124.806323,23.914710,6,"0;4;8;9;10;12"
Root_2286,329.587075,43.492470,5,"4;8;9;10;12"
Root_2287,120.208851,17.967830,8,"0;1;2;3;8;9;10;12"
Root_2288,292.745379,38.245590,7,"1;2;3;8;9;10;12"
Root_2289,137.347027,23.297430,7,"0;2;3;8;9;10;12"
Root_2290,329.283395,42.875190,6,"2;3;8;9;10;12"
Root_2291,119.841021,18.893750,7,"0;1;3;8;9;10;12"
Root_2292,294.900899,39.171510,6,"1;3;8;9;10;12"
Root_2293,135.798867,24.223350,6,"0;3;8;9;10;12"
Root_2294,332.364835,43.801110,5,"3;8;9;10;12"
Root_2295,119.710067,19.881398,7,"0;1;2;8;9;10;12"
Root_2296,302.802083,40.159158,6,"1;2;8;9;10;12"
Root_2297,138.761811,25.210998,6,"0;2;8;9;10;12"
Root_2298,341.253667,44.788758,5,"2;8;9;10;12"
Root_2299,118.354589,20.807318,6,"0;1;8;9;10;12"
Root_2300,305.883523,41.085078,5,"1;8;9;10;12"
Root_2301,138.139571,26.136918,5,"0;8;9;10;12"
Root_2302,345.261027,45.714678,4,"8;9;10;12"
Root_2303,76.815949,12.681440,11,"0;1;2;3;4;5;6;7;9;10;12"
Root_2304,285.698576,33.659200,10,"1;2;3;4;5;6;7;9;10;12"
Root_2305,100.977827,18.711040,10,"0;2;3;4;5;6;7;9;10;12"
Root_2306,317.650202,38.288800,9,"2;3;4;5;6;7;9;10;12"
Root_2307,79.080205,13.607360,10,"0;1;3;4;5;6;7;9;10;12"
Root_2308,285.076336,34.585120,9,"1;3;4;5;6;7;9;10;12"
Root_2309,101.718627,19.636960,9,"0;3;4;5;6;7;9;10;12"
Root_2310,317.953882,39.214720,8,"3;4;5;6;7;9;10;12"
Root_2311,81.949933,15.295008,10,"0;1;2;4;5;6;7;9;10;12"
Root_2312,290.384944,35.572768,9,"1;2;4;5;6;7;9;10;12"
Root_2313,104.306179,20.624608,9,"0;2;4;5;6;7;9;10;12"
Root_2314,324.250138,40.202368,8,"2;4;5;6;7;9;10;12"
Root_2315,83.801773,16.220928,9,"0;1;4;5;6;7;9;10;12"
Root_2316,290.688624,36.498688,8,"1;4;5;6;7;9;10;12"
Root_2317,104.609859,21.550528,8,"0;4;5;6;7;9;10;12"
Root_2318,325.479738,41.128288,7,"4;5;6;7;9;10;12"
Root_2319,88.806477,14.903648,10,"0;1;2;3;5;6;7;9;10;12"
Root_2320,292.664016,35.881408,9,"1;2;3;5;6;7;9;10;12"
Root_2321,118.619555,20.933248,9,"0;2;3;5;6;7;9;10;12"
Root_2322,326.719258,40.511008,8,"2;3;5;6;7;9;10;12"
Root_2323,90.515181,15.829568,9,"0;1;3;5;6;7;9;10;12"
Root_2324,292.849104,36.807328,8,"1;3;5;6;7;9;10;12"
Root_2325,117.997315,21.859168,8,"0;3;5;6;7;9;10;12"
Root_2326,327.948858,41.436928,7,"3;5;6;7;9;10;12"
Root_2327,92.920045,17.517216,9,"0;1;2;5;6;7;9;10;12"
Root_2328,299.145360,37.794976,8,"1;2;5;6;7;9;10;12"
Root_2329,121.947907,22.846816,8,"0;2;5;6;7;9;10;12"
Root_2330,335.232762,42.424576,7,"2;5;6;7;9;10;12"
Root_2331,94.371885,18.443136,8,"0;1;5;6;7;9;10;12"
Root_2332,300.374960,38.720896,7,"1;5;6;7;9;10;12"
Root_2333,122.251587,23.772736,7,"0;5;6;7;9;10;12"
Root_2334,337.388282,43.350496,6,"5;6;7;9;10;12"
Root_2335,84.534765,14.224640,10,"0;1;2;3;4;6;7;9;10;12"
Root_2336,288.162736,35.202400,9,"1;2;3;4;6;7;9;10;12"
Root_2337,111.780227,20.254240,9,"0;2;3;4;6;7;9;10;12"
Root_2338,321.657562,39.832000,8,"2;3;4;6;7;9;10;12"
Root_2339,86.386605,15.150560,9,"0;1;3;4;6;7;9;10;12"
Root_2340,288.466416,36.128320,8,"1;3;4;6;7;9;10;12"
Root_2341,111.157987,21.180160,8,"0;3;4;6;7;9;10;12"
Root_2342,322.887162,40.757920,7,"3;4;6;7;9;10;12"
Root_2343,88.845997,16.838208,9,"0;1;2;4;6;7;9;10;12"
Root_2344,294.392304,37.115968,8,"1;2;4;6;7;9;10;12"
Root_2345,115.108579,22.167808,8,"0;2;4;6;7;9;10;12"
Root_2346,329.800698,41.745568,7,"2;4;6;7;9;10;12"
Root_2347,90.533709,17.764128,8,"0;1;4;6;7;9;10;12"
Root_2348,295.621904,38.041888,7,"1;4;6;7;9;10;12"
Root_2349,115.412259,23.093728,7,"0;4;6;7;9;10;12"
Root_2350,331.956218,42.671488,6,"4;6;7;9;10;12"
Root_2351,97.305261,16.446848,9,"0;1;2;3;6;7;9;10;12"
Root_2352,296.552784,37.424608,8,"1;2;3;6;7;9;10;12"
Root_2353,128.335683,22.476448,8,"0;2;3;6;7;9;10;12"
Root_2354,332.269818,42.054208,7,"2;3;6;7;9;10;12"
Root_2355,98.231181,17.372768,8,"0;1;3;6;7;9;10;12"
Root_2356,297.782384,38.350528,7,"1;3;6;7;9;10;12"
Root_2357,127.713443,23.402368,7,"0;3;6;7;9;10;12"
Root_2358,334.425338,42.980128,6,"3;6;7;9;10;12"
Root_2359,103.239661,19.060416,8,"0;1;2;6;7;9;10;12"
Root_2360,304.695920,39.338176,7,"1;2;6;7;9;10;12"
Root_2361,131.664035,24.390016,7,"0;2;6;7;9;10;12"
Root_2362,342.326522,43.967776,6,"2;6;7;9;10;12"
Root_2363,103.631085,19.986336,7,"0;1;6;7;9;10;12"
Root_2364,306.851440,40.264096,6,"1;6;7;9;10;12"
Root_2365,131.967715,25.315936,6,"0;6;7;9;10;12"
Root_2366,345.407962,44.893696,5,"6;7;9;10;12"
Root_2367,90.028691,15.107350,10,"0;1;2;3;4;5;7;9;10;12"
Root_2368,294.175043,36.085110,9,"1;2;3;4;5;7;9;10;12"
Root_2369,119.249174,21.136950,9,"0;2;3;4;5;7;9;10;12"
Root_2370,328.552579,40.714710,8,"2;3;4;5;7;9;10;12"
Root_2371,91.533693,16.033270,9,"0;1;3;4;5;7;9;10;12"
Root_2372,294.478723,37.011030,8,"1;3;4;5;7;9;10;12"
Root_2373,118.626934,22.062870,8,"0;3;4;5;7;9;10;12"
Root_2374,329.782179,41.640630,7,"3;4;5;7;9;10;12"
Root_2375,94.142259,17.720918,9,"0;1;2;4;5;7;9;10;12"
Root_2376,300.774979,37.998678,8,"1;2;4;5;7;9;10;12"
Root_2377,122.577526,23.050518,8,"0;2;4;5;7;9;10;12"
Root_2378,337.066083,42.628278,7,"2;4;5;7;9;10;12"
Root_2379,95.594099,18.646838,8,"0;1;4;5;7;9;10;12"
Root_2380,302.004579,38.924598,7,"1;4;5;7;9;10;12"
Root_2381,122.881206,23.976438,7,"0;4;5;7;9;10;12"
Root_2382,339.221603,43.554198,6,"4;5;7;9;10;12"
Root_2383,102.881546,17.329558,9,"0;1;2;3;5;7;9;10;12"
Root_2384,303.244099,38.307318,8,"1;2;3;5;7;9;10;12"
Root_2385,135.280096,23.359158,8,"0;2;3;5;7;9;10;12"
Root_2386,339.843843,42.936918,7,"2;3;5;7;9;10;12"
Root_2387,103.407466,18.255478,8,"0;1;3;5;7;9;10;12"
Root_2388,304.473699,39.233238,7,"1;3;5;7;9;10;12"
Root_2389,134.657856,24.285078,7,"0;3;5;7;9;10;12"
Root_2390,341.999363,43.862838,6,"3;5;7;9;10;12"
Root_2391,110.625888,19.943126,8,"0;1;2;5;7;9;10;12"
Root_2392,311.757603,40.220886,7,"1;2;5;7;9;10;12"
Root_2393,138.608448,25.272726,7,"0;2;5;7;9;10;12"
Root_2394,350.270915,44.850486,6,"2;5;7;9;10;12"
Root_2395,110.134602,20.869046,7,"0;1;5;7;9;10;12"
Root_2396,313.913123,41.146806,6,"1;5;7;9;10;12"
Root_2397,138.912128,26.198646,6,"0;5;7;9;10;12"
Root_2398,353.352355,45.776406,5,"5;7;9;10;12"
Root_2399,98.323773,16.650550,9,"0;1;2;3;4;7;9;10;12"
Root_2400,298.182403,37.628310,8,"1;2;3;4;7;9;10;12"
Root_2401,128.761600,22.680150,8,"0;2;3;4;7;9;10;12"
Root_2402,334.103139,42.257910,7,"2;3;4;7;9;10;12"
Root_2403,99.249693,17.576470,8,"0;1;3;4;7;9;10;12"
Root_2404,299.412003,38.554230,7,"1;3;4;7;9;10;12"
Root_2405,128.139360,23.606070,7,"0;3;4;7;9;10;12"
Root_2406,336.258659,43.183830,6,"3;4;7;9;10;12"
Root_2407,104.665578,19.264118,8,"0;1;2;4;7;9;10;12"
Root_2408,306.325539,39.541878,7,"1;2;4;7;9;10;12"
Root_2409,132.089952,24.593718,7,"0;2;4;7;9;10;12"
Root_2410,344.159843,44.171478,6,"2;4;7;9;10;12"
Root_2411,104.853299,20.190038,7,"0;1;4;7;9;10;12"
Root_2412,308.481059,40.467798,6,"1;4;7;9;10;12"
Root_2413,132.393632,25.519638,6,"0;4;7;9;10;12"
Root_2414,347.241283,45.097398,5,"4;7;9;10;12"
Root_2415,112.506250,18.872758,8,"0;1;2;3;7;9;10;12"
Root_2416,308.794659,39.850518,7,"1;2;3;7;9;10;12"
Root_2417,143.804874,24.902358,7,"0;2;3;7;9;10;12"
Root_2418,346.937603,44.480118,6,"2;3;7;9;10;12"
Root_2419,112.159411,19.798678,7,"0;1;3;7;9;10;12"
Root_2420,310.950179,40.776438,6,"1;3;7;9;10;12"
Root_2421,143.182634,25.828278,6,"0;3;7;9;10;12"
Root_2422,350.019043,45.406038,5,"3;7;9;10;12"
Root_2423,120.221034,21.486326,7,"0;1;2;7;9;10;12"
Root_2424,318.851363,41.764086,6,"1;2;7;9;10;12"
Root_2425,147.133226,26.815926,6,"0;2;7;9;10;12"
Root_2426,358.907875,46.393686,5,"2;7;9;10;12"
Root_2427,119.598794,22.412246,6,"0;1;7;9;10;12"
Root_2428,321.932803,42.690006,5,"1;7;9;10;12"
Root_2429,147.436906,27.741846,5,"0;7;9;10;12"
Root_2430,362.915235,47.319606,4,"7;9;10;12"
Root_2431,96.460973,16.406112,10,"0;1;2;3;4;5;6;9;10;12"
Root_2432,299.995994,36.683872,9,"1;2;3;4;5;6;9;10;12"
Root_2433,118.051907,21.735712,9,"0;2;3;4;5;6;9;10;12"
Root_2434,334.972291,41.313472,8,"2;3;4;5;6;9;10;12"
Root_2435,97.386893,17.332032,9,"0;1;3;4;5;6;9;10;12"
Root_2436,300.299674,37.609792,8,"1;3;4;5;6;9;10;12"
Root_2437,117.429667,22.661632,8,"0;3;4;5;6;9;10;12"
Root_2438,336.201891,42.239392,7,"3;4;5;6;9;10;12"
Root_2439,96.013901,18.319680,9,"0;1;2;4;5;6;9;10;12"
Root_2440,306.595930,38.597440,8,"1;2;4;5;6;9;10;12"
Root_2441,121.380259,23.649280,8,"0;2;4;5;6;9;10;12"
Root_2442,343.485795,43.227040,7,"2;4;5;6;9;10;12"
Root_2443,97.146061,19.245600,8,"0;1;4;5;6;9;10;12"
Root_2444,307.825530,39.523360,7,"1;4;5;6;9;10;12"
Root_2445,121.683939,24.575200,7,"0;4;5;6;9;10;12"
Root_2446,345.641315,44.152960,6,"4;5;6;9;10;12"
Root_2447,107.932365,18.628320,9,"0;1;2;3;5;6;9;10;12"
Root_2448,309.065050,38.906080,8,"1;2;3;5;6;9;10;12"
Root_2449,133.718339,23.957920,8,"0;2;3;5;6;9;10;12"
Root_2450,346.263555,43.535680,7,"2;3;5;6;9;10;12"
Root_2451,107.829965,19.554240,8,"0;1;3;5;6;9;10;12"
Root_2452,310.294650,39.832000,7,"1;3;5;6;9;10;12"
Root_2453,133.096099,24.883840,7,"0;3;5;6;9;10;12"
Root_2454,348.419075,44.461600,6,"3;5;6;9;10;12"
Root_2455,109.347149,20.541888,8,"0;1;2;5;6;9;10;12"
Root_2456,317.578554,40.819648,7,"1;2;5;6;9;10;12"
Root_2457,137.046691,25.871488,7,"0;2;5;6;9;10;12"
Root_2458,356.690627,45.449248,6,"2;5;6;9;10;12"
Root_2459,108.724909,21.467808,7,"0;1;5;6;9;10;12"
Root_2460,319.734074,41.745568,6,"1;5;6;9;10;12"
Root_2461,137.350371,26.797408,6,"0;5;6;9;10;12"
Root_2462,359.772067,46.375168,5,"5;6;9;10;12"
Root_2463,103.909005,17.949312,9,"0;1;2;3;4;6;9;10;12"
Root_2464,304.003354,38.227072,8,"1;2;3;4;6;9;10;12"
Root_2465,127.311107,23.278912,8,"0;2;3;4;6;9;10;12"
Root_2466,340.522851,42.856672,7,"2;3;4;6;9;10;12"
Root_2467,104.434925,18.875232,8,"0;1;3;4;6;9;10;12"
Root_2468,305.232954,39.152992,7,"1;3;4;6;9;10;12"
Root_2469,126.688867,24.204832,7,"0;3;4;6;9;10;12"
Root_2470,342.678371,43.782592,6,"3;4;6;9;10;12"
Root_2471,105.273101,19.862880,8,"0;1;2;4;6;9;10;12"
Root_2472,312.146490,40.140640,7,"1;2;4;6;9;10;12"
Root_2473,130.639459,25.192480,7,"0;2;4;6;9;10;12"
Root_2474,350.579555,44.770240,6,"2;4;6;9;10;12"
Root_2475,104.862061,20.788800,7,"0;1;4;6;9;10;12"
Root_2476,314.302010,41.066560,6,"1;4;6;9;10;12"
Root_2477,130.943139,26.118400,6,"0;4;6;9;10;12"
Root_2478,353.660995,45.696160,5,"4;6;9;10;12"
Root_2479,117.191565,20.171520,8,"0;1;2;3;6;9;10;12"
Root_2480,314.615610,40.449280,7,"1;2;3;6;9;10;12"
Root_2481,141.644355,25.501120,7,"0;2;3;6;9;10;12"
Root_2482,353.357315,45.078880,6,"2;3;6;9;10;12"
Root_2483,115.643405,21.097440,7,"0;1;3;6;9;10;12"
Root_2484,316.771130,41.375200,6,"1;3;6;9;10;12"
Root_2485,141.022115,26.427040,6,"0;3;6;9;10;12"
Root_2486,356.438755,46.004800,5,"3;6;9;10;12"
Root_2487,118.606349,22.085088,7,"0;1;2;6;9;10;12"
Root_2488,324.672314,42.362848,6,"1;2;6;9;10;12"
Root_2489,144.972707,27.414688,6,"0;2;6;9;10;12"
Root_2490,365.327587,46.992448,5,"2;6;9;10;12"
Root_2491,117.984109,23.011008,6,"0;1;6;9;10;12"
Root_2492,327.753754,43.288768,5,"1;6;9;10;12"
Root_2493,145.276387,28.340608,5,"0;6;9;10;12"
Root_2494,369.334947,47.918368,4,"6;9;10;12"
Root_2495,109.154579,18.832022,9,"0;1;2;3;4;5;9;10;12"
Root_2496,310.898371,39.109782,8,"1;2;3;4;5;9;10;12"
Root_2497,134.144256,24.161622,8,"0;2;3;4;5;9;10;12"
Root_2498,348.300579,43.739382,7,"2;3;4;5;9;10;12"
Root_2499,108.848477,19.757942,8,"0;1;3;4;5;9;10;12"
Root_2500,312.127971,40.035702,7,"1;3;4;5;9;10;12"
Root_2501,133.522016,25.087542,7,"0;3;4;5;9;10;12"
Root_2502,350.456099,44.665302,6,"3;4;5;9;10;12"
Root_2503,110.569363,20.745590,8,"0;1;2;4;5;9;10;12"
Root_2504,319.411875,41.023350,7,"1;2;4;5;9;10;12"
Root_2505,137.472608,26.075190,7,"0;2;4;5;9;10;12"
Root_2506,358.727651,45.652950,6,"2;4;5;9;10;12"
Root_2507,109.947123,21.671510,7,"0;1;4;5;9;10;12"
Root_2508,321.567395,41.949270,6,"1;4;5;9;10;12"
Root_2509,137.776288,27.001110,6,"0;4;5;9;10;12"
Root_2510,361.809091,46.578870,5,"4;5;9;10;12"
Root_2511,123.695082,21.054230,8,"0;1;2;3;5;9;10;12"
Root_2512,322.189635,41.331990,7,"1;2;3;5;9;10;12"
Root_2513,147.891242,26.383830,7,"0;2;3;5;9;10;12"
Root_2514,361.814051,45.961590,6,"2;3;5;9;10;12"
Root_2515,122.146922,21.980150,7,"0;1;3;5;9;10;12"
Root_2516,324.345155,42.257910,6,"1;3;5;9;10;12"
Root_2517,147.269002,27.309750,6,"0;3;5;9;10;12"
Root_2518,364.895491,46.887510,5,"3;5;9;10;12"
Root_2519,125.109866,22.967798,7,"0;1;2;5;9;10;12"
Root_2520,332.616707,43.245558,6,"1;2;5;9;10;12"
Root_2521,151.219594,28.297398,6,"0;2;5;9;10;12"
Root_2522,374.154691,47.875158,5,"2;5;9;10;12"
Root_2523,124.487626,23.893718,6,"0;1;5;9;10;12"
Root_2524,335.698147,44.171478,5,"1;5;9;10;12"
Root_2525,151.746592,29.223318,5,"0;5;9;10;12"
Root_2526,378.162051,48.801078,4,"5;9;10;12"
Root_2527,118.413779,20.375222,8,"0;1;2;3;4;9;10;12"
Root_2528,316.448931,40.652982,7,"1;2;3;4;9;10;12"
Root_2529,141.866570,25.704822,7,"0;2;3;4;9;10;12"
Root_2530,355.394339,45.282582,6,"2;3;4;9;10;12"
Root_2531,116.865619,21.301142,7,"0;1;3;4;9;10;12"
Root_2532,318.604451,41.578902,6,"1;3;4;9;10;12"
Root_2533,141.244330,26.630742,6,"0;3;4;9;10;12"
Root_2534,358.475779,46.208502,5,"3;4;9;10;12"
Root_2535,119.828563,22.288790,7,"0;1;2;4;9;10;12"
Root_2536,326.505635,42.566550,6,"1;2;4;9;10;12"
Root_2537,145.194922,27.618390,6,"0;2;4;9;10;12"
Root_2538,367.364611,47.196150,5,"2;4;9;10;12"
Root_2539,119.206323,23.214710,6,"0;1;4;9;10;12"
Root_2540,329.587075,43.492470,5,"1;4;9;10;12"
Root_2541,145.498602,28.544310,5,"0;4;9;10;12"
Root_2542,371.371971,48.122070,4,"4;9;10;12"
Root_2543,131.747027,22.597430,7,"0;1;2;3;9;10;12"
Root_2544,329.283395,42.875190,6,"1;2;3;9;10;12"
Root_2545,154.440723,27.927030,6,"0;2;3;9;10;12"
Root_2546,370.451011,47.504790,5,"2;3;9;10;12"
Root_2547,130.198867,23.523350,6,"0;1;3;9;10;12"
Root_2548,332.364835,43.801110,5,"1;3;9;10;12"
Root_2549,153.818483,28.852950,5,"0;3;9;10;12"
Root_2550,374.458371,48.430710,4,"3;9;10;12"
Root_2551,133.161811,24.510998,6,"0;1;2;9;10;12"
Root_2552,341.253667,44.788758,5,"1;2;9;10;12"
Root_2553,158.609674,29.840598,5,"0;2;9;10;12"
Root_2554,384.334851,49.418358,4,"2;9;10;12"
Root_2555,132.539571,25.436918,5,"0;1;9;10;12"
Root_2556,345.261027,45.714678,4,"1;9;10;12"
Root_2557,159.839274,30.766518,4,"0;9;10;12"
Root_2558,389.268131,50.344278,3,"9;10;12"
Root_2559,69.928973,11.344416,11,"0;1;2;3;4;5;6;7;8;10;12"
Root_2560,265.760432,31.622176,10,"1;2;3;4;5;6;7;8;10;12"
Root_2561,86.181965,16.674016,10,"0;2;3;4;5;6;7;8;10;12"
Root_2562,295.675034,36.251776,9,"2;3;4;5;6;7;8;10;12"
Root_2563,73.632653,12.270336,10,"0;1;3;4;5;6;7;8;10;12"
Root_2564,265.138192,32.548096,9,"1;3;4;5;6;7;8;10;12"
Root_2565,88.959725,17.599936,9,"0;3;4;5;6;7;8;10;12"
Root_2566,295.978714,37.177696,8,"3;4;5;6;7;8;10;12"
Root_2567,70.356109,13.257984,10,"0;1;2;4;5;6;7;8;10;12"
Root_2568,270.446800,33.535744,9,"1;2;4;5;6;7;8;10;12"
Root_2569,89.510253,18.587584,9,"0;2;4;5;6;7;8;10;12"
Root_2570,302.274970,38.165344,8,"2;4;5;6;7;8;10;12"
Root_2571,74.059789,14.183904,9,"0;1;4;5;6;7;8;10;12"
Root_2572,270.750480,34.461664,8,"1;4;5;6;7;8;10;12"
Root_2573,91.300429,19.513504,8,"0;4;5;6;7;8;10;12"
Root_2574,303.504570,39.091264,7,"4;5;6;7;8;10;12"
Root_2575,83.204077,13.566624,10,"0;1;2;3;5;6;7;8;10;12"
Root_2576,274.762896,33.844384,9,"1;2;3;5;6;7;8;10;12"
Root_2577,101.453293,18.896224,9,"0;2;3;5;6;7;8;10;12"
Root_2578,304.744090,38.473984,8,"2;3;5;6;7;8;10;12"
Root_2579,85.981837,14.492544,9,"0;1;3;5;6;7;8;10;12"
Root_2580,274.140656,34.770304,8,"1;3;5;6;7;8;10;12"
Root_2581,102.008909,19.822144,8,"0;3;5;6;7;8;10;12"
Root_2582,305.973690,39.399904,7,"3;5;6;7;8;10;12"
Root_2583,83.631213,15.480192,9,"0;1;2;5;6;7;8;10;12"
Root_2584,279.449264,35.757952,8,"1;2;5;6;7;8;10;12"
Root_2585,104.781645,20.809792,8,"0;2;5;6;7;8;10;12"
Root_2586,313.257594,40.387552,7,"2;5;6;7;8;10;12"
Root_2587,86.408973,16.406112,8,"0;1;5;6;7;8;10;12"
Root_2588,280.436816,36.683872,7,"1;5;6;7;8;10;12"
Root_2589,105.085325,21.735712,7,"0;5;6;7;8;10;12"
Root_2590,315.413114,41.313472,6,"5;6;7;8;10;12"
Root_2591,79.108973,12.887616,10,"0;1;2;3;4;6;7;8;10;12"
Root_2592,268.224592,33.165376,9,"1;2;3;4;6;7;8;10;12"
Root_2593,96.700237,18.217216,9,"0;2;3;4;6;7;8;10;12"
Root_2594,299.682394,37.794976,8,"2;3;4;6;7;8;10;12"
Root_2595,81.907789,13.813536,9,"0;1;3;4;6;7;8;10;12"
Root_2596,268.528272,34.091296,8,"1;3;4;6;7;8;10;12"
Root_2597,97.934861,19.143136,8,"0;3;4;6;7;8;10;12"
Root_2598,300.911994,38.720896,7,"3;4;6;7;8;10;12"
Root_2599,79.536109,14.801184,9,"0;1;2;4;6;7;8;10;12"
Root_2600,274.454160,35.078944,8,"1;2;4;6;7;8;10;12"
Root_2601,100.028589,20.130784,8,"0;2;4;6;7;8;10;12"
Root_2602,307.825530,39.708544,7,"2;4;6;7;8;10;12"
Root_2603,82.334925,15.727104,8,"0;1;4;6;7;8;10;12"
Root_2604,275.683760,36.004864,7,"1;4;6;7;8;10;12"
Root_2605,100.332269,21.056704,7,"0;4;6;7;8;10;12"
Root_2606,309.981050,40.634464,6,"4;6;7;8;10;12"
Root_2607,92.812589,15.109824,9,"0;1;2;3;6;7;8;10;12"
Root_2608,277.227056,35.387584,8,"1;2;3;6;7;8;10;12"
Root_2609,112.255693,20.439424,8,"0;2;3;6;7;8;10;12"
Root_2610,310.294650,40.017184,7,"2;3;6;7;8;10;12"
Root_2611,95.241037,16.035744,8,"0;1;3;6;7;8;10;12"
Root_2612,277.844240,36.313504,7,"1;3;6;7;8;10;12"
Root_2613,111.633453,21.365344,7,"0;3;6;7;8;10;12"
Root_2614,312.450170,40.943104,6,"3;6;7;8;10;12"
Root_2615,93.239725,17.023392,8,"0;1;2;6;7;8;10;12"
Root_2616,284.757776,37.301152,7,"1;2;6;7;8;10;12"
Root_2617,115.584045,22.352992,7,"0;2;6;7;8;10;12"
Root_2618,320.351354,41.930752,6,"2;6;7;8;10;12"
Root_2619,95.668173,17.949312,7,"0;1;6;7;8;10;12"
Root_2620,286.913296,38.227072,6,"1;6;7;8;10;12"
Root_2621,115.887725,23.278912,6,"0;6;7;8;10;12"
Root_2622,323.432794,42.856672,5,"6;7;8;10;12"
Root_2623,84.426291,13.770326,10,"0;1;2;3;4;5;7;8;10;12"
Root_2624,275.188813,34.048086,9,"1;2;3;4;5;7;8;10;12"
Root_2625,102.879210,19.099926,9,"0;2;3;4;5;7;8;10;12"
Root_2626,306.577411,38.677686,8,"2;3;4;5;7;8;10;12"
Root_2627,87.204051,14.696246,9,"0;1;3;4;5;7;8;10;12"
Root_2628,274.566573,34.974006,8,"1;3;4;5;7;8;10;12"
Root_2629,103.231123,20.025846,8,"0;3;4;5;7;8;10;12"
Root_2630,307.807011,39.603606,7,"3;4;5;7;8;10;12"
Root_2631,84.853427,15.683894,9,"0;1;2;4;5;7;8;10;12"
Root_2632,280.836835,35.961654,8,"1;2;4;5;7;8;10;12"
Root_2633,106.207562,21.013494,8,"0;2;4;5;7;8;10;12"
Root_2634,315.090915,40.591254,7,"2;4;5;7;8;10;12"
Root_2635,87.631187,16.609814,8,"0;1;4;5;7;8;10;12"
Root_2636,282.066435,36.887574,7,"1;4;5;7;8;10;12"
Root_2637,106.511242,21.939414,7,"0;4;5;7;8;10;12"
Root_2638,317.246435,41.517174,6,"4;5;7;8;10;12"
Root_2639,99.253331,15.992534,9,"0;1;2;3;5;7;8;10;12"
Root_2640,283.305955,36.270294,8,"1;2;3;5;7;8;10;12"
Root_2641,119.977866,21.322134,8,"0;2;3;5;7;8;10;12"
Root_2642,317.868675,40.899894,7,"2;3;5;7;8;10;12"
Root_2643,101.105171,16.918454,8,"0;1;3;5;7;8;10;12"
Root_2644,284.535555,37.196214,7,"1;3;5;7;8;10;12"
Root_2645,119.355626,22.248054,7,"0;3;5;7;8;10;12"
Root_2646,320.024195,41.825814,6,"3;5;7;8;10;12"
Root_2647,99.986570,17.906102,8,"0;1;2;5;7;8;10;12"
Root_2648,291.819459,38.183862,7,"1;2;5;7;8;10;12"
Root_2649,123.306218,23.235702,7,"0;2;5;7;8;10;12"
Root_2650,328.295747,42.813462,6,"2;5;7;8;10;12"
Root_2651,101.532307,18.832022,7,"0;1;5;7;8;10;12"
Root_2652,293.974979,39.109782,6,"1;5;7;8;10;12"
Root_2653,123.609898,24.161622,6,"0;5;7;8;10;12"
Root_2654,331.377187,43.739382,5,"5;7;8;10;12"
Root_2655,94.238506,15.313526,9,"0;1;2;3;4;7;8;10;12"
Root_2656,278.244259,35.591286,8,"1;2;3;4;7;8;10;12"
Root_2657,113.681610,20.643126,8,"0;2;3;4;7;8;10;12"
Root_2658,312.127971,40.220886,7,"2;3;4;7;8;10;12"
Root_2659,96.463251,16.239446,8,"0;1;3;4;7;8;10;12"
Root_2660,279.473859,36.517206,7,"1;3;4;7;8;10;12"
Root_2661,113.059370,21.569046,7,"0;3;4;7;8;10;12"
Root_2662,314.283491,41.146806,6,"3;4;7;8;10;12"
Root_2663,94.665642,17.227094,8,"0;1;2;4;7;8;10;12"
Root_2664,286.387395,37.504854,7,"1;2;4;7;8;10;12"
Root_2665,117.009962,22.556694,7,"0;2;4;7;8;10;12"
Root_2666,322.184675,42.134454,6,"2;4;7;8;10;12"
Root_2667,96.890387,18.153014,7,"0;1;4;7;8;10;12"
Root_2668,288.542915,38.430774,6,"1;4;7;8;10;12"
Root_2669,117.313642,23.482614,6,"0;4;7;8;10;12"
Root_2670,325.266115,43.060374,5,"4;7;8;10;12"
Root_2671,107.201386,17.535734,8,"0;1;2;3;7;8;10;12"
Root_2672,288.856515,37.813494,7,"1;2;3;7;8;10;12"
Root_2673,129.237066,22.865334,7,"0;2;3;7;8;10;12"
Root_2674,324.962435,42.443094,6,"2;3;7;8;10;12"
Root_2675,108.191571,18.461654,7,"0;1;3;7;8;10;12"
Root_2676,291.012035,38.739414,6,"1;3;7;8;10;12"
Root_2677,128.614826,23.791254,6,"0;3;7;8;10;12"
Root_2678,328.043875,43.369014,5,"3;7;8;10;12"
Root_2679,108.616170,19.449302,7,"0;1;2;7;8;10;12"
Root_2680,298.913219,39.727062,6,"1;2;7;8;10;12"
Root_2681,132.565418,24.778902,6,"0;2;7;8;10;12"
Root_2682,336.932707,44.356662,5,"2;7;8;10;12"
Root_2683,108.618707,20.375222,6,"0;1;7;8;10;12"
Root_2684,301.994659,40.652982,5,"1;7;8;10;12"
Root_2685,132.869098,25.704822,5,"0;7;8;10;12"
Root_2686,340.940067,45.282582,4,"7;8;10;12"
Root_2687,85.978253,14.369088,10,"0;1;2;3;4;5;6;8;10;12"
Root_2688,279.625754,34.646848,9,"1;2;3;4;5;6;8;10;12"
Root_2689,104.329933,19.698688,9,"0;2;3;4;5;6;8;10;12"
Root_2690,312.565027,39.276448,8,"2;3;4;5;6;8;10;12"
Root_2691,88.756013,15.295008,9,"0;1;3;4;5;6;8;10;12"
Root_2692,279.929434,35.572768,8,"1;3;4;5;6;8;10;12"
Root_2693,104.083085,20.624608,8,"0;3;4;5;6;8;10;12"
Root_2694,313.794627,40.202368,7,"3;4;5;6;8;10;12"
Root_2695,86.405389,16.282656,9,"0;1;2;4;5;6;8;10;12"
Root_2696,286.225690,36.560416,8,"1;2;4;5;6;8;10;12"
Root_2697,107.658285,21.612256,8,"0;2;4;5;6;8;10;12"
Root_2698,321.078531,41.190016,7,"2;4;5;6;8;10;12"
Root_2699,89.183149,17.208576,8,"0;1;4;5;6;8;10;12"
Root_2700,287.455290,37.486336,7,"1;4;5;6;8;10;12"
Root_2701,107.961965,22.538176,7,"0;4;5;6;8;10;12"
Root_2702,323.234051,42.115936,6,"4;5;6;8;10;12"
Root_2703,98.015213,16.591296,9,"0;1;2;3;5;6;8;10;12"
Root_2704,288.694810,36.869056,8,"1;2;3;5;6;8;10;12"
Root_2705,117.663181,21.920896,8,"0;2;3;5;6;8;10;12"
Root_2706,323.856291,41.498656,7,"2;3;5;6;8;10;12"
Root_2707,99.867053,17.517216,8,"0;1;3;5;6;8;10;12"
Root_2708,289.924410,37.794976,7,"1;3;5;6;8;10;12"
Root_2709,117.040941,22.846816,7,"0;3;5;6;8;10;12"
Root_2710,326.011811,42.424576,6,"3;5;6;8;10;12"
Root_2711,99.347213,18.504864,8,"0;1;2;5;6;8;10;12"
Root_2712,297.208314,38.782624,7,"1;2;5;6;8;10;12"
Root_2713,120.991533,23.834464,7,"0;2;5;6;8;10;12"
Root_2714,334.283363,43.412224,6,"2;5;6;8;10;12"
Root_2715,100.294189,19.430784,7,"0;1;5;6;8;10;12"
Root_2716,299.363834,39.708544,6,"1;5;6;8;10;12"
Root_2717,121.295213,24.760384,6,"0;5;6;8;10;12"
Root_2718,337.364803,44.338144,5,"5;6;8;10;12"
Root_2719,94.620173,15.912288,9,"0;1;2;3;4;6;8;10;12"
Root_2720,283.633114,36.190048,8,"1;2;3;4;6;8;10;12"
Root_2721,113.589133,21.241888,8,"0;2;3;4;6;8;10;12"
Root_2722,318.115587,40.819648,7,"2;3;4;6;8;10;12"
Root_2723,96.472013,16.838208,8,"0;1;3;4;6;8;10;12"
Root_2724,284.862714,37.115968,7,"1;3;4;6;8;10;12"
Root_2725,112.966893,22.167808,7,"0;3;4;6;8;10;12"
Root_2726,320.271107,41.745568,6,"3;4;6;8;10;12"
Root_2727,95.273165,17.825856,8,"0;1;2;4;6;8;10;12"
Root_2728,291.776250,38.103616,7,"1;2;4;6;8;10;12"
Root_2729,116.917485,23.155456,7,"0;2;4;6;8;10;12"
Root_2730,328.172291,42.733216,6,"2;4;6;8;10;12"
Root_2731,96.899149,18.751776,7,"0;1;4;6;8;10;12"
Root_2732,293.931770,39.029536,6,"1;4;6;8;10;12"
Root_2733,117.221165,24.081376,6,"0;4;6;8;10;12"
Root_2734,331.253731,43.659136,5,"4;6;8;10;12"
Root_2735,107.191629,18.134496,8,"0;1;2;3;6;8;10;12"
Root_2736,294.245370,38.412256,7,"1;2;3;6;8;10;12"
Root_2737,126.922381,23.464096,7,"0;2;3;6;8;10;12"
Root_2738,330.950051,43.041856,6,"2;3;6;8;10;12"
Root_2739,107.583053,19.060416,7,"0;1;3;6;8;10;12"
Root_2740,296.400890,39.338176,6,"1;3;6;8;10;12"
Root_2741,126.300141,24.390016,6,"0;3;6;8;10;12"
Root_2742,334.031491,43.967776,5,"3;6;8;10;12"
Root_2743,108.606413,20.048064,7,"0;1;2;6;8;10;12"
Root_2744,304.302074,40.325824,6,"1;2;6;8;10;12"
Root_2745,130.250733,25.377664,6,"0;2;6;8;10;12"
Root_2746,342.920323,44.955424,5,"2;6;8;10;12"
Root_2747,108.010189,20.973984,6,"0;1;6;8;10;12"
Root_2748,307.383514,41.251744,5,"1;6;8;10;12"
Root_2749,130.554413,26.303584,5,"0;6;8;10;12"
Root_2750,346.927683,45.881344,4,"6;8;10;12"
Root_2751,99.154643,16.794998,9,"0;1;2;3;4;5;8;10;12"
Root_2752,290.528131,37.072758,8,"1;2;3;4;5;8;10;12"
Root_2753,118.885395,22.124598,8,"0;2;3;4;5;8;10;12"
Root_2754,325.893315,41.702358,7,"2;3;4;5;8;10;12"
Root_2755,100.885565,17.720918,8,"0;1;3;4;5;8;10;12"
Root_2756,291.757731,37.998678,7,"1;3;4;5;8;10;12"
Root_2757,118.263155,23.050518,7,"0;3;4;5;8;10;12"
Root_2758,328.048835,42.628278,6,"3;4;5;8;10;12"
Root_2759,100.569427,18.708566,8,"0;1;2;4;5;8;10;12"
Root_2760,299.041635,38.986326,7,"1;2;4;5;8;10;12"
Root_2761,122.213747,24.038166,7,"0;2;4;5;8;10;12"
Root_2762,336.320387,43.615926,6,"2;4;5;8;10;12"
Root_2763,101.312701,19.634486,7,"0;1;4;5;8;10;12"
Root_2764,301.197155,39.912246,6,"1;4;5;8;10;12"
Root_2765,122.517427,24.964086,6,"0;4;5;8;10;12"
Root_2766,339.401827,44.541846,5,"4;5;8;10;12"
Root_2767,113.695146,19.017206,8,"0;1;2;3;5;8;10;12"
Root_2768,301.819395,39.294966,7,"1;2;3;5;8;10;12"
Root_2769,133.761843,24.346806,7,"0;2;3;5;8;10;12"
Root_2770,339.406787,43.924566,6,"2;3;5;8;10;12"
Root_2771,113.203859,19.943126,7,"0;1;3;5;8;10;12"
Root_2772,303.974915,40.220886,6,"1;3;5;8;10;12"
Root_2773,133.139603,25.272726,6,"0;3;5;8;10;12"
Root_2774,342.488227,44.850486,5,"3;5;8;10;12"
Root_2775,115.109930,20.930774,7,"0;1;2;5;8;10;12"
Root_2776,312.246467,41.208534,6,"1;2;5;8;10;12"
Root_2777,137.090195,26.260374,6,"0;2;5;8;10;12"
Root_2778,351.747427,45.838134,5,"2;5;8;10;12"
Root_2779,114.487690,21.856694,6,"0;1;5;8;10;12"
Root_2780,315.327907,42.134454,5,"1;5;8;10;12"
Root_2781,137.393875,27.186294,5,"0;5;8;10;12"
Root_2782,355.754787,46.764054,4,"5;8;10;12"
Root_2783,108.413843,18.338198,8,"0;1;2;3;4;8;10;12"
Root_2784,296.078691,38.615958,7,"1;2;3;4;8;10;12"
Root_2785,128.144595,23.667798,7,"0;2;3;4;8;10;12"
Root_2786,332.987075,43.245558,6,"2;3;4;8;10;12"
Root_2787,108.601565,19.264118,7,"0;1;3;4;8;10;12"
Root_2788,298.234211,39.541878,6,"1;3;4;8;10;12"
Root_2789,127.522355,24.593718,6,"0;3;4;8;10;12"
Root_2790,336.068515,44.171478,5,"3;4;8;10;12"
Root_2791,109.828627,20.251766,7,"0;1;2;4;8;10;12"
Root_2792,306.135395,40.529526,6,"1;2;4;8;10;12"
Root_2793,131.472947,25.581366,6,"0;2;4;8;10;12"
Root_2794,344.957347,45.159126,5,"2;4;8;10;12"
Root_2795,109.206387,21.177686,6,"0;1;4;8;10;12"
Root_2796,309.216835,41.455446,5,"1;4;8;10;12"
Root_2797,131.776627,26.507286,5,"0;4;8;10;12"
Root_2798,348.964707,46.085046,4,"4;8;10;12"
Root_2799,121.747091,20.560406,7,"0;1;2;3;8;10;12"
Root_2800,308.913155,40.838166,6,"1;2;3;8;10;12"
Root_2801,141.477843,25.890006,6,"0;2;3;8;10;12"
Root_2802,348.043747,45.467766,5,"2;3;8;10;12"
Root_2803,120.198931,21.486326,6,"0;1;3;8;10;12"
Root_2804,311.994595,41.764086,5,"1;3;8;10;12"
Root_2805,140.855603,26.815926,5,"0;3;8;10;12"
Root_2806,352.051107,46.393686,4,"3;8;10;12"
Root_2807,123.161875,22.473974,6,"0;1;2;8;10;12"
Root_2808,320.883427,42.751734,5,"1;2;8;10;12"
Root_2809,144.806195,27.803574,5,"0;2;8;10;12"
Root_2810,361.927587,47.381334,4,"2;8;10;12"
Root_2811,122.539635,23.399894,5,"0;1;8;10;12"
Root_2812,324.890787,43.677654,4,"1;8;10;12"
Root_2813,145.109875,28.729494,4,"0;8;10;12"
Root_2814,366.860867,48.307254,3,"8;10;12"
Root_2815,83.307949,15.974016,10,"0;1;2;3;4;5;6;7;10;12"
Root_2816,295.675034,36.251776,9,"1;2;3;4;5;6;7;10;12"
Root_2817,107.701219,21.303616,9,"0;2;3;4;5;6;7;10;12"
Root_2818,330.219235,40.881376,8,"2;3;4;5;6;7;10;12"
Root_2819,85.159789,16.899936,9,"0;1;3;4;5;6;7;10;12"
Root_2820,295.978714,37.177696,8,"1;3;4;5;6;7;10;12"
Root_2821,108.004899,22.229536,8,"0;3;4;5;6;7;10;12"
Root_2822,331.448835,41.807296,7,"3;4;5;6;7;10;12"
Root_2823,84.022669,17.887584,9,"0;1;2;4;5;6;7;10;12"
Root_2824,302.274970,38.165344,8,"1;2;4;5;6;7;10;12"
Root_2825,112.943139,23.217184,8,"0;2;4;5;6;7;10;12"
Root_2826,338.732739,42.794944,7,"2;4;5;6;7;10;12"
Root_2827,86.400429,18.813504,8,"0;1;4;5;6;7;10;12"
Root_2828,303.504570,39.091264,7,"1;4;5;6;7;10;12"
Root_2829,114.172739,24.143104,7,"0;4;5;6;7;10;12"
Root_2830,340.888259,43.720864,6,"4;5;6;7;10;12"
Root_2831,95.153293,18.196224,9,"0;1;2;3;5;6;7;10;12"
Root_2832,304.744090,38.473984,8,"1;2;3;5;6;7;10;12"
Root_2833,125.342947,23.525824,8,"0;2;3;5;6;7;10;12"
Root_2834,341.510499,43.103584,7,"2;3;5;6;7;10;12"
Root_2835,96.408909,19.122144,8,"0;1;3;5;6;7;10;12"
Root_2836,305.973690,39.399904,7,"1;3;5;6;7;10;12"
Root_2837,125.646627,24.451744,7,"0;3;5;6;7;10;12"
Root_2838,343.666019,44.029504,6,"3;5;6;7;10;12"
Root_2839,98.481645,20.109792,8,"0;1;2;5;6;7;10;12"
Root_2840,313.257594,40.387552,7,"1;2;5;6;7;10;12"
Root_2841,130.584867,25.439392,7,"0;2;5;6;7;10;12"
Root_2842,351.937571,45.017152,6,"2;5;6;7;10;12"
Root_2843,98.785325,21.035712,7,"0;1;5;6;7;10;12"
Root_2844,315.413114,41.313472,6,"1;5;6;7;10;12"
Root_2845,131.814467,26.365312,6,"0;5;6;7;10;12"
Root_2846,355.019011,45.943072,5,"5;6;7;10;12"
Root_2847,90.883021,17.517216,9,"0;1;2;3;4;6;7;10;12"
Root_2848,299.682394,37.794976,8,"1;2;3;4;6;7;10;12"
Root_2849,118.503619,22.846816,8,"0;2;3;4;6;7;10;12"
Root_2850,335.769795,42.424576,7,"2;3;4;6;7;10;12"
Root_2851,92.334861,18.443136,8,"0;1;3;4;6;7;10;12"
Root_2852,300.911994,38.720896,7,"1;3;4;6;7;10;12"
Root_2853,118.807299,23.772736,7,"0;3;4;6;7;10;12"
Root_2854,337.925315,43.350496,6,"3;4;6;7;10;12"
Root_2855,93.728589,19.430784,8,"0;1;2;4;6;7;10;12"
Root_2856,307.825530,39.708544,7,"1;2;4;6;7;10;12"
Root_2857,123.745539,24.760384,7,"0;2;4;6;7;10;12"
Root_2858,345.826499,44.338144,6,"2;4;6;7;10;12"
Root_2859,94.675565,20.356704,7,"0;1;4;6;7;10;12"
Root_2860,309.981050,40.634464,6,"1;4;6;7;10;12"
Root_2861,124.975139,25.686304,6,"0;4;6;7;10;12"
Root_2862,348.907939,45.264064,5,"4;6;7;10;12"
Root_2863,105.955693,19.739424,8,"0;1;2;3;6;7;10;12"
Root_2864,310.294650,40.017184,7,"1;2;3;6;7;10;12"
Root_2865,135.059075,25.069024,7,"0;2;3;6;7;10;12"
Root_2866,348.604259,44.646784,6,"2;3;6;7;10;12"
Root_2867,105.668109,20.665344,7,"0;1;3;6;7;10;12"
Root_2868,312.450170,40.943104,6,"1;3;6;7;10;12"
Root_2869,135.362755,25.994944,6,"0;3;6;7;10;12"
Root_2870,351.685699,45.572704,5,"3;6;7;10;12"
Root_2871,109.284045,21.652992,7,"0;1;2;6;7;10;12"
Root_2872,320.351354,41.930752,6,"1;2;6;7;10;12"
Root_2873,140.300995,26.982592,6,"0;2;6;7;10;12"
Root_2874,360.574531,46.560352,5,"2;6;7;10;12"
Root_2875,109.587725,22.578912,6,"0;1;6;7;10;12"
Root_2876,323.432794,42.856672,5,"1;6;7;10;12"
Root_2877,141.530595,27.908512,5,"0;6;7;10;12"
Root_2878,364.581891,47.486272,4,"6;7;10;12"
Root_2879,96.579210,18.399926,9,"0;1;2;3;4;5;7;10;12"
Root_2880,306.577411,38.677686,8,"1;2;3;4;5;7;10;12"
Root_2881,125.972566,23.729526,8,"0;2;3;4;5;7;10;12"
Root_2882,343.547523,43.307286,7,"2;3;4;5;7;10;12"
Root_2883,97.631123,19.325846,8,"0;1;3;4;5;7;10;12"
Root_2884,307.807011,39.603606,7,"1;3;4;5;7;10;12"
Root_2885,126.276246,24.655446,7,"0;3;4;5;7;10;12"
Root_2886,345.703043,44.233206,6,"3;4;5;7;10;12"
Root_2887,99.907562,20.313494,8,"0;1;2;4;5;7;10;12"
Root_2888,315.090915,40.591254,7,"1;2;4;5;7;10;12"
Root_2889,131.214486,25.643094,7,"0;2;4;5;7;10;12"
Root_2890,353.974595,45.220854,6,"2;4;5;7;10;12"
Root_2891,100.211242,21.239414,7,"0;1;4;5;7;10;12"
Root_2892,317.246435,41.517174,6,"1;4;5;7;10;12"
Root_2893,132.444086,26.569014,6,"0;4;5;7;10;12"
Root_2894,357.056035,46.146774,5,"4;5;7;10;12"
Root_2895,113.341920,20.622134,8,"0;1;2;3;5;7;10;12"
Root_2896,317.868675,40.899894,7,"1;2;3;5;7;10;12"
Root_2897,142.003488,25.951734,7,"0;2;3;5;7;10;12"
Root_2898,357.060995,45.529494,6,"2;3;5;7;10;12"
Root_2899,112.719680,21.548054,7,"0;1;3;5;7;10;12"
Root_2900,320.024195,41.825814,6,"1;3;5;7;10;12"
Root_2901,142.307168,26.877654,6,"0;3;5;7;10;12"
Root_2902,360.142435,46.455414,5,"3;5;7;10;12"
Root_2903,116.670272,22.535702,7,"0;1;2;5;7;10;12"
Root_2904,328.295747,42.813462,6,"1;2;5;7;10;12"
Root_2905,147.245408,27.865302,6,"0;2;5;7;10;12"
Root_2906,369.401635,47.443062,5,"2;5;7;10;12"
Root_2907,116.973952,23.461622,6,"0;1;5;7;10;12"
Root_2908,331.377187,43.739382,5,"1;5;7;10;12"
Root_2909,148.475008,28.791222,5,"0;5;7;10;12"
Root_2910,373.408995,48.368982,4,"5;7;10;12"
Root_2911,107.381610,19.943126,8,"0;1;2;3;4;7;10;12"
Root_2912,312.127971,40.220886,7,"1;2;3;4;7;10;12"
Root_2913,135.484992,25.272726,7,"0;2;3;4;7;10;12"
Root_2914,350.641283,44.850486,6,"2;3;4;7;10;12"
Root_2915,106.890323,20.869046,7,"0;1;3;4;7;10;12"
Root_2916,314.283491,41.146806,6,"1;3;4;7;10;12"
Root_2917,135.788672,26.198646,6,"0;3;4;7;10;12"
Root_2918,353.722723,45.776406,5,"3;4;7;10;12"
Root_2919,110.709962,21.856694,7,"0;1;2;4;7;10;12"
Root_2920,322.184675,42.134454,6,"1;2;4;7;10;12"
Root_2921,140.726912,27.186294,6,"0;2;4;7;10;12"
Root_2922,362.611555,46.764054,5,"2;4;7;10;12"
Root_2923,111.013642,22.782614,6,"0;1;4;7;10;12"
Root_2924,325.266115,43.060374,5,"1;4;7;10;12"
Root_2925,141.956512,28.112214,5,"0;4;7;10;12"
Root_2926,366.618915,47.689974,4,"4;7;10;12"
Root_2927,122.937066,22.165334,7,"0;1;2;3;7;10;12"
Root_2928,324.962435,42.443094,6,"1;2;3;7;10;12"
Root_2929,150.528266,27.494934,6,"0;2;3;7;10;12"
Root_2930,365.697955,47.072694,5,"2;3;7;10;12"
Root_2931,122.314826,23.091254,6,"0;1;3;7;10;12"
Root_2932,328.043875,43.369014,5,"1;3;7;10;12"
Root_2933,150.831946,28.420854,5,"0;3;7;10;12"
Root_2934,369.705315,47.998614,4,"3;7;10;12"
Root_2935,126.265418,24.078902,6,"0;1;2;7;10;12"
Root_2936,336.932707,44.356662,5,"1;2;7;10;12"
Root_2937,155.770186,29.408502,5,"0;2;7;10;12"
Root_2938,379.581795,48.986262,4,"2;7;10;12"
Root_2939,126.569098,25.004822,5,"0;1;7;10;12"
Root_2940,340.940067,45.282582,4,"1;7;10;12"
Root_2941,156.999786,30.334422,4,"0;7;10;12"
Root_2942,384.515075,49.912182,3,"7;10;12"
Root_2943,98.729933,18.998688,9,"0;1;2;3;4;5;6;10;12"
Root_2944,312.565027,39.276448,8,"1;2;3;4;5;6;10;12"
Root_2945,124.775299,24.328288,8,"0;2;3;4;5;6;10;12"
Root_2946,350.133901,43.906048,7,"2;3;4;5;6;10;12"
Root_2947,99.183085,19.924608,8,"0;1;3;4;5;6;10;12"
Root_2948,313.794627,40.202368,7,"1;3;4;5;6;10;12"
Root_2949,125.078979,25.254208,7,"0;3;4;5;6;10;12"
Root_2950,352.289421,44.831968,6,"3;4;5;6;10;12"
Root_2951,102.058285,20.912256,8,"0;1;2;4;5;6;10;12"
Root_2952,321.078531,41.190016,7,"1;2;4;5;6;10;12"
Root_2953,130.017219,26.241856,7,"0;2;4;5;6;10;12"
Root_2954,360.560973,45.819616,6,"2;4;5;6;10;12"
Root_2955,102.361965,21.838176,7,"0;1;4;5;6;10;12"
Root_2956,323.234051,42.115936,6,"1;4;5;6;10;12"
Root_2957,131.246819,27.167776,6,"0;4;5;6;10;12"
Root_2958,363.642413,46.745536,5,"4;5;6;10;12"
Root_2959,112.063181,21.220896,8,"0;1;2;3;5;6;10;12"
Root_2960,323.856291,41.498656,7,"1;2;3;5;6;10;12"
Root_2961,140.441731,26.550496,7,"0;2;3;5;6;10;12"
Root_2962,363.647373,46.128256,6,"2;3;5;6;10;12"
Root_2963,111.440941,22.146816,7,"0;1;3;5;6;10;12"
Root_2964,326.011811,42.424576,6,"1;3;5;6;10;12"
Root_2965,140.745411,27.476416,6,"0;3;5;6;10;12"
Root_2966,366.728813,47.054176,5,"3;5;6;10;12"
Root_2967,115.391533,23.134464,7,"0;1;2;5;6;10;12"
Root_2968,334.283363,43.412224,6,"1;2;5;6;10;12"
Root_2969,145.683651,28.464064,6,"0;2;5;6;10;12"
Root_2970,375.988013,48.041824,5,"2;5;6;10;12"
Root_2971,115.695213,24.060384,6,"0;1;5;6;10;12"
Root_2972,337.364803,44.338144,5,"1;5;6;10;12"
Root_2973,147.303235,29.389984,5,"0;5;6;10;12"
Root_2974,379.995373,48.967744,4,"5;6;10;12"
Root_2975,107.989133,20.541888,8,"0;1;2;3;4;6;10;12"
Root_2976,318.115587,40.819648,7,"1;2;3;4;6;10;12"
Root_2977,134.034499,25.871488,7,"0;2;3;4;6;10;12"
Root_2978,357.227661,45.449248,6,"2;3;4;6;10;12"
Root_2979,107.366893,21.467808,7,"0;1;3;4;6;10;12"
Root_2980,320.271107,41.745568,6,"1;3;4;6;10;12"
Root_2981,134.338179,26.797408,6,"0;3;4;6;10;12"
Root_2982,360.309101,46.375168,5,"3;4;6;10;12"
Root_2983,111.317485,22.455456,7,"0;1;2;4;6;10;12"
Root_2984,328.172291,42.733216,6,"1;2;4;6;10;12"
Root_2985,139.276419,27.785056,6,"0;2;4;6;10;12"
Root_2986,369.197933,47.362816,5,"2;4;6;10;12"
Root_2987,111.621165,23.381376,6,"0;1;4;6;10;12"
Root_2988,331.253731,43.659136,5,"1;4;6;10;12"
Root_2989,140.506019,28.710976,5,"0;4;6;10;12"
Root_2990,373.205293,48.288736,4,"4;6;10;12"
Root_2991,121.322381,22.764096,7,"0;1;2;3;6;10;12"
Root_2992,330.950051,43.041856,6,"1;2;3;6;10;12"
Root_2993,148.367747,28.093696,6,"0;2;3;6;10;12"
Root_2994,372.284333,47.671456,5,"2;3;6;10;12"
Root_2995,120.700141,23.690016,6,"0;1;3;6;10;12"
Root_2996,334.031491,43.967776,5,"1;3;6;10;12"
Root_2997,148.691043,29.019616,5,"0;3;6;10;12"
Root_2998,376.291693,48.597376,4,"3;6;10;12"
Root_2999,124.650733,24.677664,6,"0;1;2;6;10;12"
Root_3000,342.920323,44.955424,5,"1;2;6;10;12"
Root_3001,154.616931,30.007264,5,"0;2;6;10;12"
Root_3002,386.168173,49.585024,4,"2;6;10;12"
Root_3003,124.954413,25.603584,5,"0;1;6;10;12"
Root_3004,346.927683,45.881344,4,"1;6;10;12"
Root_3005,156.772451,30.933184,4,"0;6;10;12"
Root_3006,391.101453,50.510944,3,"6;10;12"
Root_3007,113.285395,21.424598,8,"0;1;2;3;4;5;10;12"
Root_3008,325.893315,41.702358,7,"1;2;3;4;5;10;12"
Root_3009,140.867648,26.754198,7,"0;2;3;4;5;10;12"
Root_3010,365.888099,46.331958,6,"2;3;4;5;10;12"
Root_3011,112.663155,22.350518,7,"0;1;3;4;5;10;12"
Root_3012,328.048835,42.628278,6,"1;3;4;5;10;12"
Root_3013,141.171328,27.680118,6,"0;3;4;5;10;12"
Root_3014,368.969539,47.257878,5,"3;4;5;10;12"
Root_3015,116.613747,23.338166,7,"0;1;2;4;5;10;12"
Root_3016,336.320387,43.615926,6,"1;2;4;5;10;12"
Root_3017,146.109568,28.667766,6,"0;2;4;5;10;12"
Root_3018,378.228739,48.245526,5,"2;4;5;10;12"
Root_3019,116.917427,24.264086,6,"0;1;4;5;10;12"
Root_3020,339.401827,44.541846,5,"1;4;5;10;12"
Root_3021,147.932854,29.593686,5,"0;4;5;10;12"
Root_3022,382.236099,49.171446,4,"4;5;10;12"
Root_3023,127.825898,23.646806,7,"0;1;2;3;5;10;12"
Root_3024,339.406787,43.924566,6,"1;2;3;5;10;12"
Root_3025,155.293642,28.976406,6,"0;2;3;5;10;12"
Root_3026,381.623779,48.554166,5,"2;3;5;10;12"
Root_3027,127.203658,24.572726,6,"0;1;3;5;10;12"
Root_3028,342.488227,44.850486,5,"1;3;5;10;12"
Root_3029,156.499648,29.902326,5,"0;3;5;10;12"
Root_3030,385.631139,49.480086,4,"3;5;10;12"
Root_3031,131.154250,25.560374,6,"0;1;2;5;10;12"
Root_3032,351.747427,45.838134,5,"1;2;5;10;12"
Root_3033,162.937718,30.889974,5,"0;2;5;10;12"
Root_3034,395.877987,50.467734,4,"2;5;10;12"
Root_3035,131.457930,26.486294,5,"0;1;5;10;12"
Root_3036,355.754787,46.764054,4,"1;5;10;12"
Root_3037,165.093238,31.815894,4,"0;5;10;12"
Root_3038,400.811267,51.393654,3,"5;10;12"
Root_3039,122.544595,22.967798,7,"0;1;2;3;4;10;12"
Root_3040,332.987075,43.245558,6,"1;2;3;4;10;12"
Root_3041,148.589962,28.297398,6,"0;2;3;4;10;12"
Root_3042,374.525059,47.875158,5,"2;3;4;10;12"
Root_3043,121.922355,23.893718,6,"0;1;3;4;10;12"
Root_3044,336.068515,44.171478,5,"1;3;4;10;12"
Root_3045,149.116960,29.223318,5,"0;3;4;10;12"
Root_3046,378.532419,48.801078,4,"3;4;10;12"
Root_3047,125.872947,24.881366,6,"0;1;2;4;10;12"
Root_3048,344.957347,45.159126,5,"1;2;4;10;12"
Root_3049,155.042848,30.210966,5,"0;2;4;10;12"
Root_3050,388.408899,49.788726,4,"2;4;10;12"
Root_3051,126.176627,25.807286,5,"0;1;4;10;12"
Root_3052,348.964707,46.085046,4,"1;4;10;12"
Root_3053,157.198368,31.136886,4,"0;4;10;12"
Root_3054,393.342179,50.714646,3,"4;10;12"
Root_3055,135.877843,25.190006,6,"0;1;2;3;10;12"
Root_3056,348.043747,45.467766,5,"1;2;3;10;12"
Root_3057,162.683722,30.519606,5,"0;2;3;10;12"
Root_3058,391.803939,50.097366,4,"2;3;10;12"
Root_3059,135.255603,26.115926,5,"0;1;3;10;12"
Root_3060,352.051107,46.393686,4,"1;3;10;12"
Root_3061,163.913322,31.445526,4,"0;3;10;12"
Root_3062,396.737219,51.023286,3,"3;10;12"
Root_3063,139.206195,27.103574,5,"0;1;2;10;12"
Root_3064,361.927587,47.381334,4,"1;2;10;12"
Root_3065,170.598304,32.433174,4,"0;2;10;12"
Root_3066,407.601347,52.010934,3,"2;10;12"
Root_3067,139.509875,28.029494,4,"0;1;10;12"
Root_3068,366.860867,48.307254,3,"1;10;12"
Root_3069,173.112918,33.359094,3,"0;10;12"
Root_3070,413.460547,52.936854,2,"10;12"
Root_3071,74.274573,8.977760,11,"0;1;2;3;4;5;6;7;8;9;12"
Root_3072,269.872870,29.955520,10,"1;2;3;4;5;6;7;8;9;12"
Root_3073,94.648355,15.007360,10,"0;2;3;4;5;6;7;8;9;12"
Root_3074,292.791216,34.585120,9,"2;3;4;5;6;7;8;9;12"
Root_3075,77.690669,9.903680,10,"0;1;3;4;5;6;7;8;9;12"
Root_3076,267.624710,30.881440,9,"1;3;4;5;6;7;8;9;12"
Root_3077,96.500195,15.933280,9,"0;3;4;5;6;7;8;9;12"
Root_3078,291.468976,35.511040,8,"3;4;5;6;7;8;9;12"
Root_3079,78.677005,11.591328,10,"0;1;2;4;5;6;7;8;9;12"
Root_3080,270.958022,31.869088,9,"1;2;4;5;6;7;8;9;12"
Root_3081,94.396419,16.920928,9,"0;2;4;5;6;7;8;9;12"
Root_3082,296.288624,36.498688,8,"2;4;5;6;7;8;9;12"
Root_3083,81.046093,12.517248,9,"0;1;4;5;6;7;8;9;12"
Root_3084,269.635782,32.795008,8,"1;4;5;6;7;8;9;12"
Root_3085,96.227331,17.846848,8,"0;4;5;6;7;8;9;12"
Root_3086,296.818224,37.424608,7,"4;5;6;7;8;9;12"
Root_3087,88.321187,11.199968,10,"0;1;2;3;5;6;7;8;9;12"
Root_3088,276.323494,32.177728,9,"1;2;3;5;6;7;8;9;12"
Root_3089,111.344355,17.229568,9,"0;2;3;5;6;7;8;9;12"
Root_3090,298.449104,36.807328,8,"2;3;5;6;7;8;9;12"
Root_3091,91.098947,12.125888,9,"0;1;3;5;6;7;8;9;12"
Root_3092,274.075334,33.103648,8,"1;3;5;6;7;8;9;12"
Root_3093,111.940707,18.155488,8,"0;3;5;6;7;8;9;12"
Root_3094,298.978704,37.733248,7,"3;5;6;7;8;9;12"
Root_3095,93.274051,13.813536,9,"0;1;2;5;6;7;8;9;12"
Root_3096,277.408646,34.091296,8,"1;2;5;6;7;8;9;12"
Root_3097,112.059139,19.143136,8,"0;2;5;6;7;8;9;12"
Root_3098,305.274960,38.720896,7,"2;5;6;7;8;9;12"
Root_3099,95.619779,14.739456,8,"0;1;5;6;7;8;9;12"
Root_3100,276.086406,35.017216,7,"1;5;6;7;8;9;12"
Root_3101,111.667843,20.069056,7,"0;5;6;7;8;9;12"
Root_3102,306.730480,39.646816,6,"5;6;7;8;9;12"
Root_3103,84.113965,10.520960,10,"0;1;2;3;4;6;7;8;9;12"
Root_3104,270.977830,31.498720,9,"1;2;3;4;6;7;8;9;12"
Root_3105,104.484035,16.550560,9,"0;2;3;4;6;7;8;9;12"
Root_3106,294.066416,36.128320,8,"2;3;4;6;7;8;9;12"
Root_3107,86.891725,11.446880,9,"0;1;3;4;6;7;8;9;12"
Root_3108,268.729670,32.424640,8,"1;3;4;6;7;8;9;12"
Root_3109,105.759395,17.476480,8,"0;3;4;6;7;8;9;12"
Root_3110,294.596016,37.054240,7,"3;4;6;7;8;9;12"
Root_3111,87.527533,13.134528,9,"0;1;2;4;6;7;8;9;12"
Root_3112,272.104902,33.412288,8,"1;2;4;6;7;8;9;12"
Root_3113,105.198819,18.464128,8,"0;2;4;6;7;8;9;12"
Root_3114,300.521904,38.041888,7,"2;4;6;7;8;9;12"
Root_3115,90.305293,14.060448,8,"0;1;4;6;7;8;9;12"
Root_3116,271.708582,34.338208,7,"1;4;6;7;8;9;12"
Root_3117,105.486531,19.390048,7,"0;4;6;7;8;9;12"
Root_3118,301.977424,38.967808,6,"4;6;7;8;9;12"
Root_3119,97.823715,12.743168,9,"0;1;2;3;6;7;8;9;12"
Root_3120,275.927174,33.720928,8,"1;2;3;6;7;8;9;12"
Root_3121,121.039491,18.772768,8,"0;2;3;6;7;8;9;12"
Root_3122,302.682384,38.350528,7,"2;3;6;7;8;9;12"
Root_3123,99.675555,13.669088,8,"0;1;3;6;7;8;9;12"
Root_3124,274.604934,34.646848,7,"1;3;6;7;8;9;12"
Root_3125,120.092643,19.698688,7,"0;3;6;7;8;9;12"
Root_3126,304.137904,39.276448,6,"3;6;7;8;9;12"
Root_3127,101.237283,15.356736,8,"0;1;2;6;7;8;9;12"
Root_3128,278.555526,35.634496,7,"1;2;6;7;8;9;12"
Root_3129,121.754275,20.686336,7,"0;2;6;7;8;9;12"
Root_3130,311.051440,40.264096,6,"2;6;7;8;9;12"
Root_3131,103.089123,16.282656,7,"0;1;6;7;8;9;12"
Root_3132,279.280038,36.560416,6,"1;6;7;8;9;12"
Root_3133,120.432035,21.612256,6,"0;6;7;8;9;12"
Root_3134,313.432880,41.190016,5,"6;7;8;9;12"
Root_3135,89.410227,11.403670,10,"0;1;2;3;4;5;7;8;9;12"
Root_3136,276.342006,32.381430,9,"1;2;3;4;5;7;8;9;12"
Root_3137,111.973974,17.433270,9,"0;2;3;4;5;7;8;9;12"
Root_3138,300.078723,37.011030,8,"2;3;4;5;7;8;9;12"
Root_3139,92.187987,12.329590,9,"0;1;3;4;5;7;8;9;12"
Root_3140,274.093846,33.307350,8,"1;3;4;5;7;8;9;12"
Root_3141,112.366624,18.359190,8,"0;3;4;5;7;8;9;12"
Root_3142,300.608323,37.936950,7,"3;4;5;7;8;9;12"
Root_3143,94.027402,14.017238,9,"0;1;2;4;5;7;8;9;12"
Root_3144,277.427158,34.294998,8,"1;2;4;5;7;8;9;12"
Root_3145,112.688758,19.346838,8,"0;2;4;5;7;8;9;12"
Root_3146,306.904579,38.924598,7,"2;4;5;7;8;9;12"
Root_3147,96.169427,14.943158,8,"0;1;4;5;7;8;9;12"
Root_3148,276.325837,35.220918,7,"1;4;5;7;8;9;12"
Root_3149,112.093760,20.272758,7,"0;4;5;7;8;9;12"
Root_3150,308.360099,39.850518,6,"4;5;7;8;9;12"
Root_3151,103.647293,13.625878,9,"0;1;2;3;5;7;8;9;12"
Root_3152,280.366720,34.603638,8,"1;2;3;5;7;8;9;12"
Root_3153,127.736992,19.655478,8,"0;2;3;5;7;8;9;12"
Root_3154,309.373699,39.233238,7,"2;3;5;7;8;9;12"
Root_3155,105.499133,14.551798,8,"0;1;3;5;7;8;9;12"
Root_3156,278.648118,35.529558,7,"1;3;5;7;8;9;12"
Root_3157,125.907434,20.581398,7,"0;3;5;7;8;9;12"
Root_3158,310.829219,40.159158,6,"3;5;7;8;9;12"
Root_3159,107.286602,16.239446,8,"0;1;2;5;7;8;9;12"
Root_3160,284.003491,36.517206,7,"1;2;5;7;8;9;12"
Root_3161,128.451776,21.569046,7,"0;2;5;7;8;9;12"
Root_3162,318.113123,41.146806,6,"2;5;7;8;9;12"
Root_3163,108.873075,17.165366,7,"0;1;5;7;8;9;12"
Root_3164,285.459011,37.443126,6,"1;5;7;8;9;12"
Root_3165,127.129536,22.494966,6,"0;5;7;8;9;12"
Root_3166,320.494563,42.072726,5,"5;7;8;9;12"
Root_3167,98.709053,12.946870,9,"0;1;2;3;4;7;8;9;12"
Root_3168,275.945686,33.924630,8,"1;2;3;4;7;8;9;12"
Root_3169,121.465408,18.976470,8,"0;2;3;4;7;8;9;12"
Root_3170,304.312003,38.554230,7,"2;3;4;7;8;9;12"
Root_3171,100.560893,13.872790,8,"0;1;3;4;7;8;9;12"
Root_3172,274.623446,34.850550,7,"1;3;4;7;8;9;12"
Root_3173,120.314858,19.902390,7,"0;3;4;7;8;9;12"
Root_3174,305.767523,39.480150,6,"3;4;7;8;9;12"
Root_3175,101.422621,15.560438,8,"0;1;2;4;7;8;9;12"
Root_3176,279.412237,35.838198,7,"1;2;4;7;8;9;12"
Root_3177,122.180192,20.890038,7,"0;2;4;7;8;9;12"
Root_3178,312.681059,40.467798,6,"2;4;7;8;9;12"
Root_3179,103.274461,16.486358,7,"0;1;4;7;8;9;12"
Root_3180,280.705955,36.764118,6,"1;4;7;8;9;12"
Root_3181,120.857952,21.815958,6,"0;4;7;8;9;12"
Root_3182,315.062499,41.393718,5,"4;7;8;9;12"
Root_3183,112.249587,15.169078,8,"0;1;2;3;7;8;9;12"
Root_3184,281.410915,36.146838,7,"1;2;3;7;8;9;12"
Root_3185,136.487690,21.198678,7,"0;2;3;7;8;9;12"
Root_3186,315.150179,40.776438,6,"2;3;7;8;9;12"
Root_3187,113.175507,16.094998,7,"0;1;3;7;8;9;12"
Root_3188,282.866435,37.072758,6,"1;3;7;8;9;12"
Root_3189,134.239530,22.124598,6,"0;3;7;8;9;12"
Root_3190,317.531619,41.702358,5,"3;7;8;9;12"
Root_3191,116.545802,17.782646,7,"0;1;2;7;8;9;12"
Root_3192,289.779971,38.060406,6,"1;2;7;8;9;12"
Root_3193,137.202474,23.112246,6,"0;2;7;8;9;12"
Root_3194,325.432803,42.690006,5,"2;7;8;9;12"
Root_3195,116.589075,18.708566,6,"0;1;7;8;9;12"
Root_3196,292.161411,38.986326,5,"1;7;8;9;12"
Root_3197,135.880234,24.038166,5,"0;7;8;9;12"
Root_3198,328.740163,43.615926,4,"7;8;9;12"
Root_3199,95.862189,12.702432,10,"0;1;2;3;4;5;6;8;9;12"
Root_3200,278.346864,32.980192,9,"1;2;3;4;5;6;8;9;12"
Root_3201,110.487811,18.032032,9,"0;2;3;4;5;6;8;9;12"
Root_3202,305.899674,37.609792,8,"2;3;4;5;6;8;9;12"
Root_3203,97.714029,13.628352,9,"0;1;3;4;5;6;8;9;12"
Root_3204,277.024624,33.906112,8,"1;3;4;5;6;8;9;12"
Root_3205,110.281699,18.957952,8,"0;3;4;5;6;8;9;12"
Root_3206,306.429274,38.535712,7,"3;4;5;6;8;9;12"
Root_3207,93.675757,14.616000,9,"0;1;2;4;5;6;8;9;12"
Root_3208,281.345584,34.893760,8,"1;2;4;5;6;8;9;12"
Root_3209,111.202595,19.945600,8,"0;2;4;5;6;8;9;12"
Root_3210,312.725530,39.523360,7,"2;4;5;6;8;9;12"
Root_3211,95.527597,15.541920,8,"0;1;4;5;6;8;9;12"
Root_3212,280.949264,35.819680,7,"1;4;5;6;8;9;12"
Root_3213,110.008835,20.871520,7,"0;4;5;6;8;9;12"
Root_3214,314.181050,40.449280,6,"4;5;6;8;9;12"
Root_3215,109.077795,14.924640,9,"0;1;2;3;5;6;8;9;12"
Root_3216,283.995024,35.202400,8,"1;2;3;5;6;8;9;12"
Root_3217,125.928323,20.254240,8,"0;2;3;5;6;8;9;12"
Root_3218,315.194650,39.832000,7,"2;3;5;6;8;9;12"
Root_3219,110.065507,15.850560,8,"0;1;3;5;6;8;9;12"
Root_3220,282.929424,36.128320,7,"1;3;5;6;8;9;12"
Root_3221,123.680163,21.180160,7,"0;3;5;6;8;9;12"
Root_3222,316.650170,40.757920,6,"3;5;6;8;9;12"
Root_3223,106.891363,16.838208,8,"0;1;2;5;6;8;9;12"
Root_3224,289.225680,37.115968,7,"1;2;5;6;8;9;12"
Root_3225,126.643107,22.167808,7,"0;2;5;6;8;9;12"
Root_3226,323.934074,41.745568,6,"2;5;6;8;9;12"
Root_3227,107.879075,17.764128,7,"0;1;5;6;8;9;12"
Root_3228,290.681200,38.041888,6,"1;5;6;8;9;12"
Root_3229,125.320867,23.093728,6,"0;5;6;8;9;12"
Root_3230,326.315514,42.671488,5,"5;6;8;9;12"
Root_3231,103.763309,14.245632,9,"0;1;2;3;4;6;8;9;12"
Root_3232,279.493744,34.523392,8,"1;2;3;4;6;8;9;12"
Root_3233,119.747011,19.575232,8,"0;2;3;4;6;8;9;12"
Root_3234,310.132954,39.152992,7,"2;3;4;6;8;9;12"
Root_3235,105.430029,15.171552,8,"0;1;3;4;6;8;9;12"
Root_3236,279.097424,35.449312,7,"1;3;4;6;8;9;12"
Root_3237,117.997699,20.501152,7,"0;3;4;6;8;9;12"
Root_3238,311.588474,40.078912,6,"3;4;6;8;9;12"
Root_3239,101.576877,16.159200,8,"0;1;2;4;6;8;9;12"
Root_3240,284.472624,36.436960,7,"1;2;4;6;8;9;12"
Root_3241,120.461795,21.488800,7,"0;2;4;6;8;9;12"
Root_3242,318.502010,41.066560,6,"2;4;6;8;9;12"
Root_3243,103.243597,17.085120,7,"0;1;4;6;8;9;12"
Root_3244,285.928144,37.362880,6,"1;4;6;8;9;12"
Root_3245,119.139555,22.414720,6,"0;4;6;8;9;12"
Root_3246,320.883450,41.992480,5,"4;6;8;9;12"
Root_3247,116.942083,16.467840,8,"0;1;2;3;6;8;9;12"
Root_3248,286.633104,36.745600,7,"1;2;3;6;8;9;12"
Root_3249,134.080259,21.797440,7,"0;2;3;6;8;9;12"
Root_3250,320.971130,41.375200,6,"2;3;6;8;9;12"
Root_3251,117.374243,17.393760,7,"0;1;3;6;8;9;12"
Root_3252,288.088624,37.671520,6,"1;3;6;8;9;12"
Root_3253,131.832099,22.723360,6,"0;3;6;8;9;12"
Root_3254,323.352570,42.301120,5,"3;6;8;9;12"
Root_3255,115.743299,18.381408,7,"0;1;2;6;8;9;12"
Root_3256,295.002160,38.659168,6,"1;2;6;8;9;12"
Root_3257,134.795043,23.711008,6,"0;2;6;8;9;12"
Root_3258,331.253754,43.288768,5,"2;6;8;9;12"
Root_3259,115.187811,19.307328,6,"0;1;6;8;9;12"
Root_3260,297.383600,39.585088,5,"1;6;8;9;12"
Root_3261,133.472803,24.636928,5,"0;6;8;9;12"
Root_3262,334.561114,44.214688,4,"6;8;9;12"
Root_3263,109.528627,15.128342,9,"0;1;2;3;4;5;8;9;12"
Root_3264,284.623341,35.406102,8,"1;2;3;4;5;8;9;12"
Root_3265,126.354240,20.457942,8,"0;2;3;4;5;8;9;12"
Root_3266,317.027971,40.035702,7,"2;3;4;5;8;9;12"
Root_3267,110.454547,16.054262,8,"0;1;3;4;5;8;9;12"
Root_3268,284.559043,36.332022,7,"1;3;4;5;8;9;12"
Root_3269,124.106080,21.383862,7,"0;3;4;5;8;9;12"
Root_3270,318.483491,40.961622,6,"3;4;5;8;9;12"
Root_3271,107.484106,17.041910,8,"0;1;2;4;5;8;9;12"
Root_3272,290.855299,37.319670,7,"1;2;4;5;8;9;12"
Root_3273,127.069024,22.371510,7,"0;2;4;5;8;9;12"
Root_3274,325.767395,41.949270,6,"2;4;5;8;9;12"
Root_3275,108.268115,17.967830,7,"0;1;4;5;8;9;12"
Root_3276,292.310819,38.245590,6,"1;4;5;8;9;12"
Root_3277,125.746784,23.297430,6,"0;4;5;8;9;12"
Root_3278,328.148835,42.875190,5,"4;5;8;9;12"
Root_3279,122.948371,17.350550,8,"0;1;2;3;5;8;9;12"
Root_3280,293.324419,37.628310,7,"1;2;3;5;8;9;12"
Root_3281,140.141962,22.680150,7,"0;2;3;5;8;9;12"
Root_3282,328.545155,42.257910,6,"2;3;5;8;9;12"
Root_3283,122.497821,18.276470,7,"0;1;3;5;8;9;12"
Root_3284,294.779939,38.554230,6,"1;3;5;8;9;12"
Root_3285,137.893802,23.606070,6,"0;3;5;8;9;12"
Root_3286,330.926595,43.183830,5,"3;5;8;9;12"
Root_3287,121.749587,19.264118,7,"0;1;2;5;8;9;12"
Root_3288,302.063843,39.541878,6,"1;2;5;8;9;12"
Root_3289,140.856746,24.593718,6,"0;2;5;8;9;12"
Root_3290,339.198147,44.171478,5,"2;5;8;9;12"
Root_3291,120.311389,20.190038,6,"0;1;5;8;9;12"
Root_3292,304.445283,40.467798,5,"1;5;8;9;12"
Root_3293,139.534506,25.519638,5,"0;5;8;9;12"
Root_3294,342.505507,45.097398,4,"5;8;9;12"
Root_3295,117.331123,16.671542,8,"0;1;2;3;4;8;9;12"
Root_3296,288.262723,36.949302,7,"1;2;3;4;8;9;12"
Root_3297,134.302474,22.001142,7,"0;2;3;4;8;9;12"
Root_3298,322.804451,41.578902,6,"2;3;4;8;9;12"
Root_3299,117.559581,17.597462,7,"0;1;3;4;8;9;12"
Root_3300,289.718243,37.875222,6,"1;3;4;8;9;12"
Root_3301,132.054314,22.927062,6,"0;3;4;8;9;12"
Root_3302,325.185891,42.504822,5,"3;4;8;9;12"
Root_3303,116.132339,18.585110,7,"0;1;2;4;8;9;12"
Root_3304,296.631779,38.862870,6,"1;2;4;8;9;12"
Root_3305,135.017258,23.914710,6,"0;2;4;8;9;12"
Root_3306,333.087075,43.492470,5,"2;4;8;9;12"
Root_3307,115.373149,19.511030,6,"0;1;4;8;9;12"
Root_3308,299.013219,39.788790,5,"1;4;8;9;12"
Root_3309,133.695018,24.840630,5,"0;4;8;9;12"
Root_3310,336.394435,44.418390,4,"4;8;9;12"
Root_3311,130.664371,18.893750,7,"0;1;2;3;8;9;12"
Root_3312,299.100899,39.171510,6,"1;2;3;8;9;12"
Root_3313,147.102547,24.223350,6,"0;2;3;8;9;12"
Root_3314,335.864835,43.801110,5,"2;3;8;9;12"
Root_3315,128.670621,19.819670,6,"0;1;3;8;9;12"
Root_3316,301.482339,40.097430,5,"1;3;8;9;12"
Root_3317,144.854387,25.149270,5,"0;3;8;9;12"
Root_3318,339.172195,44.727030,4,"3;8;9;12"
Root_3319,129.465587,20.807318,6,"0;1;2;8;9;12"
Root_3320,309.383523,41.085078,5,"1;2;8;9;12"
Root_3321,147.817331,26.136918,5,"0;2;8;9;12"
Root_3322,348.061027,45.714678,4,"2;8;9;12"
Root_3323,127.217427,21.733238,5,"0;1;8;9;12"
Root_3324,312.690883,42.010998,4,"1;8;9;12"
Root_3325,146.495091,27.062838,4,"0;8;9;12"
Root_3326,352.294307,46.640598,3,"8;9;12"
Root_3327,86.440045,13.607360,10,"0;1;2;3;4;5;6;7;9;12"
Root_3328,292.791216,34.585120,9,"1;2;3;4;5;6;7;9;12"
Root_3329,113.765146,19.636960,9,"0;2;3;4;5;6;7;9;12"
Root_3330,323.553882,39.214720,8,"2;3;4;5;6;7;9;12"
Root_3331,88.291885,14.533280,9,"0;1;3;4;5;6;7;9;12"
Root_3332,291.468976,35.511040,8,"1;3;4;5;6;7;9;12"
Root_3333,112.880026,20.562880,8,"0;3;4;5;6;7;9;12"
Root_3334,324.083482,40.140640,7,"3;4;5;6;7;9;12"
Root_3335,89.342317,16.220928,9,"0;1;2;4;5;6;7;9;12"
Root_3336,296.288624,36.498688,8,"1;2;4;5;6;7;9;12"
Root_3337,116.393498,21.550528,8,"0;2;4;5;6;7;9;12"
Root_3338,330.379738,41.128288,7,"2;4;5;6;7;9;12"
Root_3339,90.947309,17.146848,8,"0;1;4;5;6;7;9;12"
Root_3340,296.818224,37.424608,7,"1;4;5;6;7;9;12"
Root_3341,115.997178,22.476448,7,"0;4;5;6;7;9;12"
Root_3342,331.835258,42.054208,6,"4;5;6;7;9;12"
Root_3343,98.552035,15.829568,9,"0;1;2;3;5;6;7;9;12"
Root_3344,298.449104,36.807328,8,"1;2;3;5;6;7;9;12"
Root_3345,130.106074,21.859168,8,"0;2;3;5;6;7;9;12"
Root_3346,332.848858,41.436928,7,"2;3;5;6;7;9;12"
Root_3347,99.477955,16.755488,8,"0;1;3;5;6;7;9;12"
Root_3348,298.978704,37.733248,7,"1;3;5;6;7;9;12"
Root_3349,128.783834,22.785088,7,"0;3;5;6;7;9;12"
Root_3350,334.304378,42.362848,6,"3;5;6;7;9;12"
Root_3351,104.359139,18.443136,8,"0;1;2;5;6;7;9;12"
Root_3352,305.274960,38.720896,7,"1;2;5;6;7;9;12"
Root_3353,132.734426,23.772736,7,"0;2;5;6;7;9;12"
Root_3354,341.588282,43.350496,6,"2;5;6;7;9;12"
Root_3355,104.667843,19.369056,7,"0;1;5;6;7;9;12"
Root_3356,306.730480,39.646816,6,"1;5;6;7;9;12"
Root_3357,132.338106,24.698656,6,"0;5;6;7;9;12"
Root_3358,343.969722,44.276416,5,"5;6;7;9;12"
Root_3359,95.023821,15.150560,9,"0;1;2;3;4;6;7;9;12"
Root_3360,294.066416,36.128320,8,"1;2;3;4;6;7;9;12"
Root_3361,124.077562,21.180160,8,"0;2;3;4;6;7;9;12"
Root_3362,327.787162,40.757920,7,"2;3;4;6;7;9;12"
Root_3363,95.949741,16.076480,8,"0;1;3;4;6;7;9;12"
Root_3364,294.596016,37.054240,7,"1;3;4;6;7;9;12"
Root_3365,122.755322,22.106080,7,"0;3;4;6;7;9;12"
Root_3366,329.242682,41.683840,6,"3;4;6;7;9;12"
Root_3367,98.601517,17.764128,8,"0;1;2;4;6;7;9;12"
Root_3368,300.521904,38.041888,7,"1;2;4;6;7;9;12"
Root_3369,126.705914,23.093728,7,"0;2;4;6;7;9;12"
Root_3370,336.156218,42.671488,6,"2;4;6;7;9;12"
Root_3371,99.353357,18.690048,7,"0;1;4;6;7;9;12"
Root_3372,301.977424,38.967808,6,"1;4;6;7;9;12"
Root_3373,126.309594,24.019648,6,"0;4;6;7;9;12"
Root_3374,338.537658,43.597408,5,"4;6;7;9;12"
Root_3375,107.666723,17.372768,8,"0;1;2;3;6;7;9;12"
Root_3376,302.682384,38.350528,7,"1;2;3;6;7;9;12"
Root_3377,139.365274,23.402368,7,"0;2;3;6;7;9;12"
Root_3378,338.625338,42.980128,6,"2;3;6;7;9;12"
Root_3379,107.492643,18.298688,7,"0;1;3;6;7;9;12"
Root_3380,304.137904,39.276448,6,"1;3;6;7;9;12"
Root_3381,138.043034,24.328288,6,"0;3;6;7;9;12"
Root_3382,341.006778,43.906048,5,"3;6;7;9;12"
Root_3383,114.754275,19.986336,7,"0;1;2;6;7;9;12"
Root_3384,311.051440,40.264096,6,"1;2;6;7;9;12"
Root_3385,141.993626,25.315936,6,"0;2;6;7;9;12"
Root_3386,348.907962,44.893696,5,"2;6;7;9;12"
Root_3387,113.519779,20.912256,6,"0;1;6;7;9;12"
Root_3388,313.432880,41.190016,5,"1;6;7;9;12"
Root_3389,141.597306,26.241856,5,"0;6;7;9;12"
Root_3390,352.215322,45.819616,4,"6;7;9;12"
Root_3391,99.496563,16.033270,9,"0;1;2;3;4;5;7;9;12"
Root_3392,300.078723,37.011030,8,"1;2;3;4;5;7;9;12"
Root_3393,131.021974,22.062870,8,"0;2;3;4;5;7;9;12"
Root_3394,334.682179,41.640630,7,"2;3;4;5;7;9;12"
Root_3395,100.363293,16.959190,8,"0;1;3;4;5;7;9;12"
Root_3396,300.608323,37.936950,7,"1;3;4;5;7;9;12"
Root_3397,129.699734,22.988790,7,"0;3;4;5;7;9;12"
Root_3398,336.137699,42.566550,6,"3;4;5;7;9;12"
Root_3399,105.155584,18.646838,8,"0;1;2;4;5;7;9;12"
Root_3400,306.904579,38.924598,7,"1;2;4;5;7;9;12"
Root_3401,133.650326,23.976438,7,"0;2;4;5;7;9;12"
Root_3402,343.421603,43.554198,6,"2;4;5;7;9;12"
Root_3403,105.260586,19.572758,7,"0;1;4;5;7;9;12"
Root_3404,308.360099,39.850518,6,"1;4;5;7;9;12"
Root_3405,133.254006,24.902358,6,"0;4;5;7;9;12"
Root_3406,345.803043,44.480118,5,"4;5;7;9;12"
Root_3407,114.628490,18.255478,8,"0;1;2;3;5;7;9;12"
Root_3408,309.373699,39.233238,7,"1;2;3;5;7;9;12"
Root_3409,145.844394,24.285078,7,"0;2;3;5;7;9;12"
Root_3410,346.199363,43.862838,6,"2;3;5;7;9;12"
Root_3411,114.198931,19.181398,7,"0;1;3;5;7;9;12"
Root_3412,310.829219,40.159158,6,"1;3;5;7;9;12"
Root_3413,144.522154,25.210998,6,"0;3;5;7;9;12"
Root_3414,348.580803,44.788758,5,"3;5;7;9;12"
Root_3415,121.643274,20.869046,7,"0;1;2;5;7;9;12"
Root_3416,318.113123,41.146806,6,"1;2;5;7;9;12"
Root_3417,148.472746,26.198646,6,"0;2;5;7;9;12"
Root_3418,356.852355,45.776406,5,"2;5;7;9;12"
Root_3419,120.321034,21.794966,6,"0;1;5;7;9;12"
Root_3420,320.494563,42.072726,5,"1;5;7;9;12"
Root_3421,148.076426,27.124566,5,"0;5;7;9;12"
Root_3422,360.159715,46.702326,4,"5;7;9;12"
Root_3423,108.755763,17.576470,8,"0;1;2;3;4;7;9;12"
Root_3424,304.312003,38.554230,7,"1;2;3;4;7;9;12"
Root_3425,140.143040,23.606070,7,"0;2;3;4;7;9;12"
Root_3426,340.458659,43.183830,6,"2;3;4;7;9;12"
Root_3427,108.581683,18.502390,7,"0;1;3;4;7;9;12"
Root_3428,305.767523,39.480150,6,"1;3;4;7;9;12"
Root_3429,138.820800,24.531990,6,"0;3;4;7;9;12"
Root_3430,342.840099,44.109750,5,"3;4;7;9;12"
Root_3431,115.347018,20.190038,7,"0;1;2;4;7;9;12"
Root_3432,312.681059,40.467798,6,"1;2;4;7;9;12"
Root_3433,142.771392,25.519638,6,"0;2;4;7;9;12"
Root_3434,350.741283,45.097398,5,"2;4;7;9;12"
Root_3435,114.024778,21.115958,6,"0;1;4;7;9;12"
Root_3436,315.062499,41.393718,5,"1;4;7;9;12"
Root_3437,142.375072,26.445558,5,"0;4;7;9;12"
Root_3438,354.048643,46.023318,4,"4;7;9;12"
Root_3439,123.887690,19.798678,7,"0;1;2;3;7;9;12"
Root_3440,315.150179,40.776438,6,"1;2;3;7;9;12"
Root_3441,153.560394,25.828278,6,"0;2;3;7;9;12"
Root_3442,353.519043,45.406038,5,"2;3;7;9;12"
Root_3443,121.914931,20.724598,6,"0;1;3;7;9;12"
Root_3444,317.531619,41.702358,5,"1;3;7;9;12"
Root_3445,152.238154,26.754198,5,"0;3;7;9;12"
Root_3446,356.826403,46.331958,4,"3;7;9;12"
Root_3447,130.902474,22.412246,6,"0;1;2;7;9;12"
Root_3448,325.432803,42.690006,5,"1;2;7;9;12"
Root_3449,156.188746,27.741846,5,"0;2;7;9;12"
Root_3450,365.715235,47.319606,4,"2;7;9;12"
Root_3451,129.580234,23.338166,5,"0;1;7;9;12"
Root_3452,328.740163,43.615926,4,"1;7;9;12"
Root_3453,155.792426,28.667766,4,"0;7;9;12"
Root_3454,369.948515,48.245526,3,"7;9;12"
Root_3455,105.022605,17.332032,9,"0;1;2;3;4;5;6;9;12"
Root_3456,305.899674,37.609792,8,"1;2;3;4;5;6;9;12"
Root_3457,129.544323,22.661632,8,"0;2;3;4;5;6;9;12"
Root_3458,341.101891,42.239392,7,"2;3;4;5;6;9;12"
Root_3459,104.848525,18.257952,8,"0;1;3;4;5;6;9;12"
Root_3460,306.429274,38.535712,7,"1;3;4;5;6;9;12"
Root_3461,128.222083,23.587552,7,"0;3;4;5;6;9;12"
Root_3462,342.557411,43.165312,6,"3;4;5;6;9;12"
Root_3463,105.069421,19.245600,8,"0;1;2;4;5;6;9;12"
Root_3464,312.725530,39.523360,7,"1;2;4;5;6;9;12"
Root_3465,132.172675,24.575200,7,"0;2;4;5;6;9;12"
Root_3466,349.841315,44.152960,6,"2;4;5;6;9;12"
Root_3467,104.575661,20.171520,7,"0;1;4;5;6;9;12"
Root_3468,314.181050,40.449280,6,"1;4;5;6;9;12"
Root_3469,131.776355,25.501120,6,"0;4;5;6;9;12"
Root_3470,352.222755,45.078880,5,"4;5;6;9;12"
Root_3471,118.928323,19.554240,8,"0;1;2;3;5;6;9;12"
Root_3472,315.194650,39.832000,7,"1;2;3;5;6;9;12"
Root_3473,143.883738,24.883840,7,"0;2;3;5;6;9;12"
Root_3474,352.619075,44.461600,6,"2;3;5;6;9;12"
Root_3475,117.200003,20.480160,7,"0;1;3;5;6;9;12"
Root_3476,316.650170,40.757920,6,"1;3;5;6;9;12"
Root_3477,142.561498,25.809760,6,"0;3;5;6;9;12"
Root_3478,355.000515,45.387520,5,"3;5;6;9;12"
Root_3479,119.643107,21.467808,7,"0;1;2;5;6;9;12"
Root_3480,323.934074,41.745568,6,"1;2;5;6;9;12"
Root_3481,146.512090,26.797408,6,"0;2;5;6;9;12"
Root_3482,363.272067,46.375168,5,"2;5;6;9;12"
Root_3483,118.320867,22.393728,6,"0;1;5;6;9;12"
Root_3484,326.315514,42.671488,5,"1;5;6;9;12"
Root_3485,146.115770,27.723328,5,"0;5;6;9;12"
Root_3486,366.579427,47.301088,4,"5;6;9;12"
Root_3487,113.613837,18.875232,8,"0;1;2;3;4;6;9;12"
Root_3488,310.132954,39.152992,7,"1;2;3;4;6;9;12"
Root_3489,138.066627,24.204832,7,"0;2;3;4;6;9;12"
Root_3490,346.878371,43.782592,6,"2;3;4;6;9;12"
Root_3491,112.564525,19.801152,7,"0;1;3;4;6;9;12"
Root_3492,311.588474,40.078912,6,"1;3;4;6;9;12"
Root_3493,136.744387,25.130752,6,"0;3;4;6;9;12"
Root_3494,349.259811,44.708512,5,"3;4;6;9;12"
Root_3495,114.328621,20.788800,7,"0;1;2;4;6;9;12"
Root_3496,318.502010,41.066560,6,"1;2;4;6;9;12"
Root_3497,140.694979,26.118400,6,"0;2;4;6;9;12"
Root_3498,357.160995,45.696160,5,"2;4;6;9;12"
Root_3499,113.006381,21.714720,6,"0;1;4;6;9;12"
Root_3500,320.883450,41.992480,5,"1;4;6;9;12"
Root_3501,140.298659,27.044320,5,"0;4;6;9;12"
Root_3502,360.468355,46.622080,4,"4;6;9;12"
Root_3503,127.780259,21.097440,7,"0;1;2;3;6;9;12"
Root_3504,320.971130,41.375200,6,"1;2;3;6;9;12"
Root_3505,151.233210,26.427040,6,"0;2;3;6;9;12"
Root_3506,359.938755,46.004800,5,"2;3;6;9;12"
Root_3507,125.532099,22.023360,6,"0;1;3;6;9;12"
Root_3508,323.352570,42.301120,5,"1;3;6;9;12"
Root_3509,149.910970,27.352960,5,"0;3;6;9;12"
Root_3510,363.246115,46.930720,4,"3;6;9;12"
Root_3511,128.495043,23.011008,6,"0;1;2;6;9;12"
Root_3512,331.253754,43.288768,5,"1;2;6;9;12"
Root_3513,153.861562,28.340608,5,"0;2;6;9;12"
Root_3514,372.134947,47.918368,4,"2;6;9;12"
Root_3515,127.172803,23.936928,5,"0;1;6;9;12"
Root_3516,334.561114,44.214688,4,"1;6;9;12"
Root_3517,153.731770,29.266528,4,"0;6;9;12"
Root_3518,376.368227,48.844288,3,"6;9;12"
Root_3519,119.521066,19.757942,8,"0;1;2;3;4;5;9;12"
Root_3520,317.027971,40.035702,7,"1;2;3;4;5;9;12"
Root_3521,144.313514,25.087542,7,"0;2;3;4;5;9;12"
Root_3522,354.656099,44.665302,6,"2;3;4;5;9;12"
Root_3523,117.589043,20.683862,7,"0;1;3;4;5;9;12"
Root_3524,318.483491,40.961622,6,"1;3;4;5;9;12"
Root_3525,142.991274,26.013462,6,"0;3;4;5;9;12"
Root_3526,357.037539,45.591222,5,"3;4;5;9;12"
Root_3527,120.235850,21.671510,7,"0;1;2;4;5;9;12"
Root_3528,325.767395,41.949270,6,"1;2;4;5;9;12"
Root_3529,146.941866,27.001110,6,"0;2;4;5;9;12"
Root_3530,365.309091,46.578870,5,"2;4;5;9;12"
Root_3531,118.913610,22.597430,6,"0;1;4;5;9;12"
Root_3532,328.148835,42.875190,5,"1;4;5;9;12"
Root_3533,146.545546,27.927030,5,"0;4;5;9;12"
Root_3534,368.616451,47.504790,4,"4;5;9;12"
Root_3535,133.841962,21.980150,7,"0;1;2;3;5;9;12"
Root_3536,328.545155,42.257910,6,"1;2;3;5;9;12"
Root_3537,157.276394,27.309750,6,"0;2;3;5;9;12"
Root_3538,368.395491,46.887510,5,"2;3;5;9;12"
Root_3539,131.593802,22.906070,6,"0;1;3;5;9;12"
Root_3540,330.926595,43.183830,5,"1;3;5;9;12"
Root_3541,155.954154,28.235670,5,"0;3;5;9;12"
Root_3542,371.702851,47.813430,4,"3;5;9;12"
Root_3543,134.556746,23.893718,6,"0;1;2;5;9;12"
Root_3544,339.198147,44.171478,5,"1;2;5;9;12"
Root_3545,160.498432,29.223318,5,"0;2;5;9;12"
Root_3546,380.962051,48.801078,4,"2;5;9;12"
Root_3547,133.234506,24.819638,5,"0;1;5;9;12"
Root_3548,342.505507,45.097398,4,"1;5;9;12"
Root_3549,161.028032,30.149238,4,"0;5;9;12"
Root_3550,385.195331,49.726998,3,"5;9;12"
Root_3551,128.169299,21.301142,7,"0;1;2;3;4;9;12"
Root_3552,322.804451,41.578902,6,"1;2;3;4;9;12"
Root_3553,151.459283,26.630742,6,"0;2;3;4;9;12"
Root_3554,361.975779,46.208502,5,"2;3;4;9;12"
Root_3555,125.921139,22.227062,6,"0;1;3;4;9;12"
Root_3556,325.185891,42.504822,5,"1;3;4;9;12"
Root_3557,150.137043,27.556662,5,"0;3;4;9;12"
Root_3558,365.283139,47.134422,4,"3;4;9;12"
Root_3559,128.884083,23.214710,6,"0;1;2;4;9;12"
Root_3560,333.087075,43.492470,5,"1;2;4;9;12"
Root_3561,154.087635,28.544310,5,"0;2;4;9;12"
Root_3562,374.171971,48.122070,4,"2;4;9;12"
Root_3563,127.561843,24.140630,5,"0;1;4;9;12"
Root_3564,336.394435,44.418390,4,"1;4;9;12"
Root_3565,154.161546,29.470230,4,"0;4;9;12"
Root_3566,378.405251,49.047990,3,"4;9;12"
Root_3567,141.502547,23.523350,6,"0;1;2;3;9;12"
Root_3568,335.864835,43.801110,5,"1;2;3;9;12"
Root_3569,162.570323,28.852950,5,"0;2;3;9;12"
Root_3570,377.258371,48.430710,4,"2;3;9;12"
Root_3571,139.254387,24.449270,5,"0;1;3;9;12"
Root_3572,339.172195,44.727030,4,"1;3;9;12"
Root_3573,162.026954,29.778870,4,"0;3;9;12"
Root_3574,381.491651,49.356630,3,"3;9;12"
Root_3575,142.217331,25.436918,5,"0;1;2;9;12"
Root_3576,348.061027,45.714678,4,"1;2;9;12"
Root_3577,166.965194,30.766518,4,"0;2;9;12"
Root_3578,391.368131,50.344278,3,"2;9;12"
Root_3579,140.895091,26.362838,4,"0;1;9;12"
Root_3580,352.294307,46.640598,3,"1;9;12"
Root_3581,167.494794,31.692438,3,"0;9;12"
Root_3582,396.527331,51.270198,2,"9;12"
Root_3583,79.626349,12.270336,10,"0;1;2;3;4;5;6;7;8;12"
Root_3584,274.890096,32.548096,9,"1;2;3;4;5;6;7;8;12"
Root_3585,97.112451,17.599936,9,"0;2;3;4;5;6;7;8;12"
Root_3586,301.578714,37.177696,8,"2;3;4;5;6;7;8;12"
Root_3587,82.404109,13.196256,9,"0;1;3;4;5;6;7;8;12"
Root_3588,273.567856,33.474016,8,"1;3;4;5;6;7;8;12"
Root_3589,98.264355,18.525856,8,"0;3;4;5;6;7;8;12"
Root_3590,302.108314,38.103616,7,"3;4;5;6;7;8;12"
Root_3591,79.353485,14.183904,9,"0;1;2;4;5;6;7;8;12"
Root_3592,277.888816,34.461664,8,"1;2;4;5;6;7;8;12"
Root_3593,99.740803,19.513504,8,"0;2;4;5;6;7;8;12"
Root_3594,308.404570,39.091264,7,"2;4;5;6;7;8;12"
Root_3595,82.131245,15.109824,8,"0;1;4;5;6;7;8;12"
Root_3596,277.492496,35.387584,7,"1;4;5;6;7;8;12"
Root_3597,99.905059,20.439424,7,"0;4;5;6;7;8;12"
Root_3598,309.860090,40.017184,6,"4;5;6;7;8;12"
Root_3599,94.632067,14.492544,9,"0;1;2;3;5;6;7;8;12"
Root_3600,280.970352,34.770304,8,"1;2;3;5;6;7;8;12"
Root_3601,114.775171,19.822144,8,"0;2;3;5;6;7;8;12"
Root_3602,310.873690,39.399904,7,"2;3;5;6;7;8;12"
Root_3603,96.977795,15.418464,8,"0;1;3;5;6;7;8;12"
Root_3604,279.648112,35.696224,7,"1;3;5;6;7;8;12"
Root_3605,113.704867,20.748064,7,"0;3;5;6;7;8;12"
Root_3606,312.329210,40.325824,6,"3;5;6;7;8;12"
Root_3607,94.359203,16.406112,8,"0;1;2;5;6;7;8;12"
Root_3608,285.336816,36.683872,7,"1;2;5;6;7;8;12"
Root_3609,117.403523,21.735712,7,"0;2;5;6;7;8;12"
Root_3610,319.613114,41.313472,6,"2;5;6;7;8;12"
Root_3611,96.704931,17.332032,7,"0;1;5;6;7;8;12"
Root_3612,286.792336,37.609792,6,"1;5;6;7;8;12"
Root_3613,117.007203,22.661632,6,"0;5;6;7;8;12"
Root_3614,321.994554,42.239392,5,"5;6;7;8;12"
Root_3615,88.885549,13.813536,9,"0;1;2;3;4;6;7;8;12"
Root_3616,276.036976,34.091296,8,"1;2;3;4;6;7;8;12"
Root_3617,107.914851,19.143136,8,"0;2;3;4;6;7;8;12"
Root_3618,305.811994,38.720896,7,"2;3;4;6;7;8;12"
Root_3619,91.663309,14.739456,8,"0;1;3;4;6;7;8;12"
Root_3620,275.640656,35.017216,7,"1;3;4;6;7;8;12"
Root_3621,107.523555,20.069056,7,"0;3;4;6;7;8;12"
Root_3622,307.267514,39.646816,6,"3;4;6;7;8;12"
Root_3623,88.612685,15.727104,8,"0;1;2;4;6;7;8;12"
Root_3624,280.583760,36.004864,7,"1;2;4;6;7;8;12"
Root_3625,110.543203,21.056704,7,"0;2;4;6;7;8;12"
Root_3626,314.181050,40.634464,6,"2;4;6;7;8;12"
Root_3627,91.390445,16.653024,7,"0;1;4;6;7;8;12"
Root_3628,282.039280,36.930784,6,"1;4;6;7;8;12"
Root_3629,110.146883,21.982624,6,"0;4;6;7;8;12"
Root_3630,316.562490,41.560384,5,"4;6;7;8;12"
Root_3631,102.656963,16.035744,8,"0;1;2;3;6;7;8;12"
Root_3632,282.744240,36.313504,7,"1;2;3;6;7;8;12"
Root_3633,124.470307,21.365344,7,"0;2;3;6;7;8;12"
Root_3634,316.650170,40.943104,6,"2;3;6;7;8;12"
Root_3635,104.447139,16.961664,7,"0;1;3;6;7;8;12"
Root_3636,284.199760,37.239424,6,"1;3;6;7;8;12"
Root_3637,123.148067,22.291264,6,"0;3;6;7;8;12"
Root_3638,319.031610,41.869024,5,"3;6;7;8;12"
Root_3639,103.371747,17.949312,7,"0;1;2;6;7;8;12"
Root_3640,291.113296,38.227072,6,"1;2;6;7;8;12"
Root_3641,127.098659,23.278912,6,"0;2;6;7;8;12"
Root_3642,326.932794,42.856672,5,"2;6;7;8;12"
Root_3643,104.174275,18.875232,6,"0;1;6;7;8;12"
Root_3644,293.494736,39.152992,5,"1;6;7;8;12"
Root_3645,126.702339,24.204832,5,"0;6;7;8;12"
Root_3646,330.240154,43.782592,4,"6;7;8;12"
Root_3647,95.385418,14.696246,9,"0;1;2;3;4;5;7;8;12"
Root_3648,281.192566,34.974006,8,"1;2;3;4;5;7;8;12"
Root_3649,115.404790,20.025846,8,"0;2;3;4;5;7;8;12"
Root_3650,312.707011,39.603606,7,"2;3;4;5;7;8;12"
Root_3651,97.527443,15.622166,8,"0;1;3;4;5;7;8;12"
Root_3652,280.770253,35.899926,7,"1;3;4;5;7;8;12"
Root_3653,114.130784,20.951766,7,"0;3;4;5;7;8;12"
Root_3654,314.162531,40.529526,6,"3;4;5;7;8;12"
Root_3655,95.112554,16.609814,8,"0;1;2;4;5;7;8;12"
Root_3656,286.966435,36.887574,7,"1;2;4;5;7;8;12"
Root_3657,118.033142,21.939414,7,"0;2;4;5;7;8;12"
Root_3658,321.446435,41.517174,6,"2;4;5;7;8;12"
Root_3659,97.254579,17.535734,7,"0;1;4;5;7;8;12"
Root_3660,288.421955,37.813494,6,"1;4;5;7;8;12"
Root_3661,117.636822,22.865334,6,"0;4;5;7;8;12"
Root_3662,323.827875,42.443094,5,"4;5;7;8;12"
Root_3663,109.323626,16.918454,8,"0;1;2;3;5;7;8;12"
Root_3664,289.435555,37.196214,7,"1;2;3;5;7;8;12"
Root_3665,131.167808,22.248054,7,"0;2;3;5;7;8;12"
Root_3666,324.224195,41.825814,6,"2;3;5;7;8;12"
Root_3667,110.231091,17.844374,7,"0;1;3;5;7;8;12"
Root_3668,290.891075,38.122134,6,"1;3;5;7;8;12"
Root_3669,129.845568,23.173974,6,"0;3;5;7;8;12"
Root_3670,326.605635,42.751734,5,"3;5;7;8;12"
Root_3671,110.038410,18.832022,7,"0;1;2;5;7;8;12"
Root_3672,298.174979,39.109782,6,"1;2;5;7;8;12"
Root_3673,133.796160,24.161622,6,"0;2;5;7;8;12"
Root_3674,334.877187,43.739382,5,"2;5;7;8;12"
Root_3675,109.958227,19.757942,6,"0;1;5;7;8;12"
Root_3676,300.556419,40.035702,5,"1;5;7;8;12"
Root_3677,133.399840,25.087542,5,"0;5;7;8;12"
Root_3678,338.184547,44.665302,4,"5;7;8;12"
Root_3679,103.046003,16.239446,8,"0;1;2;3;4;7;8;12"
Root_3680,284.373859,36.517206,7,"1;2;3;4;7;8;12"
Root_3681,124.896224,21.569046,7,"0;2;3;4;7;8;12"
Root_3682,318.483491,41.146806,6,"2;3;4;7;8;12"
Root_3683,104.632477,17.165366,7,"0;1;3;4;7;8;12"
Root_3684,285.829379,37.443126,6,"1;3;4;7;8;12"
Root_3685,123.573984,22.494966,6,"0;3;4;7;8;12"
Root_3686,320.864931,42.072726,5,"3;4;7;8;12"
Root_3687,103.760787,18.153014,7,"0;1;2;4;7;8;12"
Root_3688,292.742915,38.430774,6,"1;2;4;7;8;12"
Root_3689,127.524576,23.482614,6,"0;2;4;7;8;12"
Root_3690,328.766115,43.060374,5,"2;4;7;8;12"
Root_3691,104.359613,19.078934,6,"0;1;4;7;8;12"
Root_3692,295.124355,39.356694,5,"1;4;7;8;12"
Root_3693,127.128256,24.408534,5,"0;4;7;8;12"
Root_3694,332.073475,43.986294,4,"4;7;8;12"
Root_3695,118.582826,18.461654,7,"0;1;2;3;7;8;12"
Root_3696,295.212035,38.739414,6,"1;2;3;7;8;12"
Root_3697,139.918506,23.791254,6,"0;2;3;7;8;12"
Root_3698,331.543875,43.369014,5,"2;3;7;8;12"
Root_3699,117.947091,19.387574,6,"0;1;3;7;8;12"
Root_3700,297.593475,39.665334,5,"1;3;7;8;12"
Root_3701,138.596266,24.717174,5,"0;3;7;8;12"
Root_3702,334.851235,44.294934,4,"3;7;8;12"
Root_3703,119.297610,20.375222,6,"0;1;2;7;8;12"
Root_3704,305.494659,40.652982,5,"1;2;7;8;12"
Root_3705,142.546858,25.704822,5,"0;2;7;8;12"
Root_3706,343.740067,45.282582,4,"2;7;8;12"
Root_3707,117.975370,21.301142,5,"0;1;7;8;12"
Root_3708,308.802019,41.578902,4,"1;7;8;12"
Root_3709,142.150538,26.630742,4,"0;7;8;12"
Root_3710,347.973347,46.208502,3,"7;8;12"
Root_3711,95.033773,15.295008,9,"0;1;2;3;4;5;6;8;12"
Root_3712,285.956666,35.572768,8,"1;2;3;4;5;6;8;12"
Root_3713,113.918627,20.624608,8,"0;2;3;4;5;6;8;12"
Root_3714,318.694627,40.202368,7,"2;3;4;5;6;8;12"
Root_3715,96.885613,16.220928,8,"0;1;3;4;5;6;8;12"
Root_3716,286.059034,36.498688,7,"1;3;4;5;6;8;12"
Root_3717,112.596387,21.550528,7,"0;3;4;5;6;8;12"
Root_3718,320.150147,41.128288,6,"3;4;5;6;8;12"
Root_3719,95.069485,17.208576,8,"0;1;2;4;5;6;8;12"
Root_3720,292.355290,37.486336,7,"1;2;4;5;6;8;12"
Root_3721,116.546979,22.538176,7,"0;2;4;5;6;8;12"
Root_3722,327.434051,42.115936,6,"2;4;5;6;8;12"
Root_3723,96.612749,18.134496,7,"0;1;4;5;6;8;12"
Root_3724,293.810810,38.412256,6,"1;4;5;6;8;12"
Root_3725,116.150659,23.464096,6,"0;4;5;6;8;12"
Root_3726,329.815491,43.041856,5,"4;5;6;8;12"
Root_3727,108.928387,17.517216,8,"0;1;2;3;5;6;8;12"
Root_3728,294.824410,37.794976,7,"1;2;3;5;6;8;12"
Root_3729,129.359139,22.846816,7,"0;2;3;5;6;8;12"
Root_3730,330.211811,42.424576,6,"2;3;5;6;8;12"
Root_3731,109.237091,18.443136,7,"0;1;3;5;6;8;12"
Root_3732,296.279930,38.720896,6,"1;3;5;6;8;12"
Root_3733,128.036899,23.772736,6,"0;3;5;6;8;12"
Root_3734,332.593251,43.350496,5,"3;5;6;8;12"
Root_3735,109.643171,19.430784,7,"0;1;2;5;6;8;12"
Root_3736,303.563834,39.708544,6,"1;2;5;6;8;12"
Root_3737,131.987491,24.760384,6,"0;2;5;6;8;12"
Root_3738,340.864803,44.338144,5,"2;5;6;8;12"
Root_3739,108.964227,20.356704,6,"0;1;5;6;8;12"
Root_3740,305.945274,40.634464,5,"1;5;6;8;12"
Root_3741,131.591171,25.686304,5,"0;5;6;8;12"
Root_3742,344.172163,45.264064,4,"5;6;8;12"
Root_3743,103.613901,16.838208,8,"0;1;2;3;4;6;8;12"
Root_3744,289.762714,37.115968,7,"1;2;3;4;6;8;12"
Root_3745,123.177827,22.167808,7,"0;2;3;4;6;8;12"
Root_3746,324.471107,41.745568,6,"2;3;4;6;8;12"
Root_3747,104.601613,17.764128,7,"0;1;3;4;6;8;12"
Root_3748,291.218234,38.041888,6,"1;3;4;6;8;12"
Root_3749,121.855587,23.093728,6,"0;3;4;6;8;12"
Root_3750,326.852547,42.671488,5,"3;4;6;8;12"
Root_3751,104.328685,18.751776,7,"0;1;2;4;6;8;12"
Root_3752,298.131770,39.029536,6,"1;2;4;6;8;12"
Root_3753,125.806179,24.081376,6,"0;2;4;6;8;12"
Root_3754,334.753731,43.659136,5,"2;4;6;8;12"
Root_3755,104.328749,19.677696,6,"0;1;4;6;8;12"
Root_3756,300.513210,39.955456,5,"1;4;6;8;12"
Root_3757,125.409859,25.007296,5,"0;4;6;8;12"
Root_3758,338.061091,44.585056,4,"4;6;8;12"
Root_3759,117.780323,19.060416,7,"0;1;2;3;6;8;12"
Root_3760,300.600890,39.338176,6,"1;2;3;6;8;12"
Root_3761,137.511075,24.390016,6,"0;2;3;6;8;12"
Root_3762,337.531491,43.967776,5,"2;3;6;8;12"
Root_3763,116.545827,19.986336,6,"0;1;3;6;8;12"
Root_3764,302.982330,40.264096,5,"1;3;6;8;12"
Root_3765,136.188835,25.315936,5,"0;3;6;8;12"
Root_3766,340.838851,44.893696,4,"3;6;8;12"
Root_3767,118.495107,20.973984,6,"0;1;2;6;8;12"
Root_3768,310.883514,41.251744,5,"1;2;6;8;12"
Root_3769,140.139427,26.303584,5,"0;2;6;8;12"
Root_3770,349.727683,45.881344,4,"2;6;8;12"
Root_3771,117.172867,21.899904,5,"0;1;6;8;12"
Root_3772,314.190874,42.177664,4,"1;6;8;12"
Root_3773,139.743107,27.229504,4,"0;6;8;12"
Root_3774,353.960963,46.807264,3,"6;8;12"
Root_3775,109.521130,17.720918,8,"0;1;2;3;4;5;8;12"
Root_3776,296.657731,37.998678,7,"1;2;3;4;5;8;12"
Root_3777,129.785056,23.050518,7,"0;2;3;4;5;8;12"
Root_3778,332.248835,42.628278,6,"2;3;4;5;8;12"
Root_3779,109.626131,18.646838,7,"0;1;3;4;5;8;12"
Root_3780,298.113251,38.924598,6,"1;3;4;5;8;12"
Root_3781,128.462816,23.976438,6,"0;3;4;5;8;12"
Root_3782,334.630275,43.554198,5,"3;4;5;8;12"
Root_3783,110.235914,19.634486,7,"0;1;2;4;5;8;12"
Root_3784,305.397155,39.912246,6,"1;2;4;5;8;12"
Root_3785,132.413408,24.964086,6,"0;2;4;5;8;12"
Root_3786,342.901827,44.541846,5,"2;4;5;8;12"
Root_3787,109.353267,20.560406,6,"0;1;4;5;8;12"
Root_3788,307.778595,40.838166,5,"1;4;5;8;12"
Root_3789,132.017088,25.890006,5,"0;4;5;8;12"
Root_3790,346.209187,45.467766,4,"4;5;8;12"
Root_3791,123.786611,19.943126,7,"0;1;2;3;5;8;12"
Root_3792,308.174915,40.220886,6,"1;2;3;5;8;12"
Root_3793,143.572778,25.272726,6,"0;2;3;5;8;12"
Root_3794,345.988227,44.850486,5,"2;3;5;8;12"
Root_3795,121.669405,20.869046,6,"0;1;3;5;8;12"
Root_3796,310.556355,41.146806,5,"1;3;5;8;12"
Root_3797,142.250538,26.198646,5,"0;3;5;8;12"
Root_3798,349.295587,45.776406,4,"3;5;8;12"
Root_3799,124.501395,21.856694,6,"0;1;2;5;8;12"
Root_3800,318.827907,42.134454,5,"1;2;5;8;12"
Root_3801,146.201130,27.186294,5,"0;2;5;8;12"
Root_3802,358.554787,46.764054,4,"2;5;8;12"
Root_3803,123.179155,22.782614,5,"0;1;5;8;12"
Root_3804,322.135267,43.060374,4,"1;5;8;12"
Root_3805,145.804810,28.112214,4,"0;5;8;12"
Root_3806,362.788067,47.689974,3,"5;8;12"
Root_3807,118.169363,19.264118,7,"0;1;2;3;4;8;12"
Root_3808,302.434211,39.541878,6,"1;2;3;4;8;12"
Root_3809,137.733290,24.593718,6,"0;2;3;4;8;12"
Root_3810,339.568515,44.171478,5,"2;3;4;8;12"
Root_3811,116.731165,20.190038,6,"0;1;3;4;8;12"
Root_3812,304.815651,40.467798,5,"1;3;4;8;12"
Root_3813,136.411050,25.519638,5,"0;3;4;8;12"
Root_3814,342.875875,45.097398,4,"3;4;8;12"
Root_3815,118.884147,21.177686,6,"0;1;2;4;8;12"
Root_3816,312.716835,41.455446,5,"1;2;4;8;12"
Root_3817,140.361642,26.507286,5,"0;2;4;8;12"
Root_3818,351.764707,46.085046,4,"2;4;8;12"
Root_3819,117.561907,22.103606,5,"0;1;4;8;12"
Root_3820,316.024195,42.381366,4,"1;4;8;12"
Root_3821,139.965322,27.433206,4,"0;4;8;12"
Root_3822,355.997987,47.010966,3,"4;8;12"
Root_3823,131.502611,21.486326,6,"0;1;2;3;8;12"
Root_3824,315.494595,41.764086,5,"1;2;3;8;12"
Root_3825,150.533363,26.815926,5,"0;2;3;8;12"
Root_3826,354.851107,46.393686,4,"2;3;8;12"
Root_3827,129.254451,22.412246,5,"0;1;3;8;12"
Root_3828,318.801955,42.690006,4,"1;3;8;12"
Root_3829,149.211123,27.741846,4,"0;3;8;12"
Root_3830,359.084387,47.319606,3,"3;8;12"
Root_3831,132.217395,23.399894,5,"0;1;2;8;12"
Root_3832,327.690787,43.677654,4,"1;2;8;12"
Root_3833,153.161715,28.729494,4,"0;2;8;12"
Root_3834,368.960867,48.307254,3,"2;8;12"
Root_3835,130.895155,24.325814,4,"0;1;8;12"
Root_3836,331.924067,44.603574,3,"1;8;12"
Root_3837,153.420810,29.655414,3,"0;8;12"
Root_3838,374.120067,49.233174,2,"8;12"
Root_3839,91.379341,16.899936,9,"0;1;2;3;4;5;6;7;12"
Root_3840,301.578714,37.177696,8,"1;2;3;4;5;6;7;12"
Root_3841,119.788538,22.229536,8,"0;2;3;4;5;6;7;12"
Root_3842,336.348835,41.807296,7,"2;3;4;5;6;7;12"
Root_3843,92.305325,17.825856,8,"0;1;3;4;5;6;7;12"
Root_3844,302.108314,38.103616,7,"1;3;4;5;6;7;12"
Root_3845,119.392218,23.155456,7,"0;3;4;5;6;7;12"
Root_3846,337.804355,42.733216,6,"3;4;5;6;7;12"
Root_3847,92.907629,18.813504,8,"0;1;2;4;5;6;7;12"
Root_3848,308.404570,39.091264,7,"1;2;4;5;6;7;12"
Root_3849,124.330458,24.143104,7,"0;2;4;5;6;7;12"
Root_3850,345.088259,43.720864,6,"2;4;5;6;7;12"
Root_3851,93.771885,19.739424,7,"0;1;4;5;6;7;12"
Root_3852,309.860090,40.017184,6,"1;4;5;6;7;12"
Root_3853,124.860058,25.069024,6,"0;4;5;6;7;12"
Root_3854,347.469699,44.646784,5,"4;5;6;7;12"
Root_3855,107.075171,19.122144,8,"0;1;2;3;5;6;7;12"
Root_3856,310.873690,39.399904,7,"1;2;3;5;6;7;12"
Root_3857,136.129466,24.451744,7,"0;2;3;5;6;7;12"
Root_3858,347.866019,44.029504,6,"2;3;5;6;7;12"
Root_3859,106.704867,20.048064,7,"0;1;3;5;6;7;12"
Root_3860,312.329210,40.325824,6,"1;3;5;6;7;12"
Root_3861,135.733146,25.377664,6,"0;3;5;6;7;12"
Root_3862,350.247459,44.955424,5,"3;5;6;7;12"
Root_3863,109.703523,21.035712,7,"0;1;2;5;6;7;12"
Root_3864,319.613114,41.313472,6,"1;2;5;6;7;12"
Root_3865,140.671386,26.365312,6,"0;2;5;6;7;12"
Root_3866,358.519011,45.943072,5,"2;5;6;7;12"
Root_3867,109.307203,21.961632,6,"0;1;5;6;7;12"
Root_3868,321.994554,42.239392,5,"1;5;6;7;12"
Root_3869,141.200986,27.291232,5,"0;5;6;7;12"
Root_3870,361.826371,46.868992,4,"5;6;7;12"
Root_3871,101.081677,18.443136,8,"0;1;2;3;4;6;7;12"
Root_3872,305.811994,38.720896,7,"1;2;3;4;6;7;12"
Root_3873,130.100954,23.772736,7,"0;2;3;4;6;7;12"
Root_3874,342.125315,43.350496,6,"2;3;4;6;7;12"
Root_3875,101.390381,19.369056,7,"0;1;3;4;6;7;12"
Root_3876,307.267514,39.646816,6,"1;3;4;6;7;12"
Root_3877,129.704634,24.698656,6,"0;3;4;6;7;12"
Root_3878,344.506755,44.276416,5,"3;4;6;7;12"
Root_3879,103.710029,20.356704,7,"0;1;2;4;6;7;12"
Root_3880,314.181050,40.634464,6,"1;2;4;6;7;12"
Root_3881,134.642874,25.686304,6,"0;2;4;6;7;12"
Root_3882,352.407939,45.264064,5,"2;4;6;7;12"
Root_3883,103.313709,21.282624,6,"0;1;4;6;7;12"
Root_3884,316.562490,41.560384,5,"1;4;6;7;12"
Root_3885,135.172474,26.612224,5,"0;4;6;7;12"
Root_3886,355.715299,46.189984,4,"4;6;7;12"
Root_3887,117.470307,20.665344,7,"0;1;2;3;6;7;12"
Root_3888,316.650170,40.943104,6,"1;2;3;6;7;12"
Root_3889,145.388666,25.994944,6,"0;2;3;6;7;12"
Root_3890,355.185699,45.572704,5,"2;3;6;7;12"
Root_3891,116.148067,21.591264,6,"0;1;3;6;7;12"
Root_3892,319.031610,41.869024,5,"1;3;6;7;12"
Root_3893,144.992346,26.920864,5,"0;3;6;7;12"
Root_3894,358.493059,46.498624,4,"3;6;7;12"
Root_3895,120.098659,22.578912,6,"0;1;2;6;7;12"
Root_3896,326.932794,42.856672,5,"1;2;6;7;12"
Root_3897,149.930586,27.908512,5,"0;2;6;7;12"
Root_3898,367.381891,47.486272,4,"2;6;7;12"
Root_3899,119.702339,23.504832,5,"0;1;6;7;12"
Root_3900,330.240154,43.782592,4,"1;6;7;12"
Root_3901,150.460186,28.834432,4,"0;6;7;12"
Root_3902,371.615171,48.412192,3,"6;7;12"
Root_3903,107.871616,19.325846,8,"0;1;2;3;4;5;7;12"
Root_3904,312.707011,39.603606,7,"1;2;3;4;5;7;12"
Root_3905,137.045366,24.655446,7,"0;2;3;4;5;7;12"
Root_3906,349.903043,44.233206,6,"2;3;4;5;7;12"
Root_3907,107.297610,20.251766,7,"0;1;3;4;5;7;12"
Root_3908,314.162531,40.529526,6,"1;3;4;5;7;12"
Root_3909,136.649046,25.581366,6,"0;3;4;5;7;12"
Root_3910,352.284483,45.159126,5,"3;4;5;7;12"
Root_3911,110.499968,21.239414,7,"0;1;2;4;5;7;12"
Root_3912,321.446435,41.517174,6,"1;2;4;5;7;12"
Root_3913,141.587286,26.569014,6,"0;2;4;5;7;12"
Root_3914,360.556035,46.146774,5,"2;4;5;7;12"
Root_3915,110.103648,22.165334,6,"0;1;4;5;7;12"
Root_3916,323.827875,42.443094,5,"1;4;5;7;12"
Root_3917,142.116886,27.494934,5,"0;4;5;7;12"
Root_3918,363.863395,47.072694,4,"4;5;7;12"
Root_3919,124.359306,21.548054,7,"0;1;2;3;5;7;12"
Root_3920,324.224195,41.825814,6,"1;2;3;5;7;12"
Root_3921,152.314560,26.877654,6,"0;2;3;5;7;12"
Root_3922,363.642435,46.455414,5,"2;3;5;7;12"
Root_3923,123.037066,22.473974,6,"0;1;3;5;7;12"
Root_3924,326.605635,42.751734,5,"1;3;5;7;12"
Root_3925,151.918240,27.803574,5,"0;3;5;7;12"
Root_3926,366.949795,47.381334,4,"3;5;7;12"
Root_3927,126.987658,23.461622,6,"0;1;2;5;7;12"
Root_3928,334.877187,43.739382,5,"1;2;5;7;12"
Root_3929,157.226848,28.791222,5,"0;2;5;7;12"
Root_3930,376.208995,48.368982,4,"2;5;7;12"
Root_3931,126.591338,24.387542,5,"0;1;5;7;12"
Root_3932,338.184547,44.665302,4,"1;5;7;12"
Root_3933,157.756448,29.717142,4,"0;5;7;12"
Root_3934,380.442275,49.294902,3,"5;7;12"
Root_3935,118.063050,20.869046,7,"0;1;2;3;4;7;12"
Root_3936,318.483491,41.146806,6,"1;2;3;4;7;12"
Root_3937,146.166432,26.198646,6,"0;2;3;4;7;12"
Root_3938,357.222723,45.776406,5,"2;3;4;7;12"
Root_3939,116.740810,21.794966,6,"0;1;3;4;7;12"
Root_3940,320.864931,42.072726,5,"1;3;4;7;12"
Root_3941,145.770112,27.124566,5,"0;3;4;7;12"
Root_3942,360.530083,46.702326,4,"3;4;7;12"
Root_3943,120.691402,22.782614,6,"0;1;2;4;7;12"
Root_3944,328.766115,43.060374,5,"1;2;4;7;12"
Root_3945,150.708352,28.112214,5,"0;2;4;7;12"
Root_3946,369.418915,47.689974,4,"2;4;7;12"
Root_3947,120.295082,23.708534,5,"0;1;4;7;12"
Root_3948,332.073475,43.986294,4,"1;4;7;12"
Root_3949,151.237952,29.038134,4,"0;4;7;12"
Root_3950,373.652195,48.615894,3,"4;7;12"
Root_3951,133.618506,23.091254,6,"0;1;2;3;7;12"
Root_3952,331.543875,43.369014,5,"1;2;3;7;12"
Root_3953,159.583786,28.420854,5,"0;2;3;7;12"
Root_3954,372.505315,47.998614,4,"2;3;7;12"
Root_3955,132.296266,24.017174,5,"0;1;3;7;12"
Root_3956,334.851235,44.294934,4,"1;3;7;12"
Root_3957,159.187466,29.346774,4,"0;3;7;12"
Root_3958,376.738595,48.924534,3,"3;7;12"
Root_3959,136.246858,25.004822,5,"0;1;2;7;12"
Root_3960,343.740067,45.282582,4,"1;2;7;12"
Root_3961,164.125706,30.334422,4,"0;2;7;12"
Root_3962,386.615075,49.912182,3,"2;7;12"
Root_3963,135.850538,25.930742,4,"0;1;7;12"
Root_3964,347.973347,46.208502,3,"1;7;12"
Root_3965,164.655306,31.260342,3,"0;7;12"
Root_3966,391.774275,50.838102,2,"7;12"
Root_3967,107.785453,19.924608,8,"0;1;2;3;4;5;6;12"
Root_3968,318.694627,40.202368,7,"1;2;3;4;5;6;12"
Root_3969,135.567715,25.254208,7,"0;2;3;4;5;6;12"
Root_3970,356.489421,44.831968,6,"2;3;4;5;6;12"
Root_3971,106.612685,20.850528,7,"0;1;3;4;5;6;12"
Root_3972,320.150147,41.128288,6,"1;3;4;5;6;12"
Root_3973,135.171395,26.180128,6,"0;3;4;5;6;12"
Root_3974,358.870861,45.757888,5,"3;4;5;6;12"
Root_3975,110.413805,21.838176,7,"0;1;2;4;5;6;12"
Root_3976,327.434051,42.115936,6,"1;2;4;5;6;12"
Root_3977,140.109635,27.167776,6,"0;2;4;5;6;12"
Root_3978,367.142413,46.745536,5,"2;4;5;6;12"
Root_3979,110.017485,22.764096,6,"0;1;4;5;6;12"
Root_3980,329.815491,43.041856,5,"1;4;5;6;12"
Root_3981,140.639235,28.093696,5,"0;4;5;6;12"
Root_3982,370.449773,47.671456,4,"4;5;6;12"
Root_3983,122.359139,22.146816,7,"0;1;2;3;5;6;12"
Root_3984,330.211811,42.424576,6,"1;2;3;5;6;12"
Root_3985,150.752803,27.476416,6,"0;2;3;5;6;12"
Root_3986,370.228813,47.054176,5,"2;3;5;6;12"
Root_3987,121.036899,23.072736,6,"0;1;3;5;6;12"
Root_3988,332.593251,43.350496,5,"1;3;5;6;12"
Root_3989,150.356483,28.402336,5,"0;3;5;6;12"
Root_3990,373.536173,47.980096,4,"3;5;6;12"
Root_3991,124.987491,24.060384,6,"0;1;2;5;6;12"
Root_3992,340.864803,44.338144,5,"1;2;5;6;12"
Root_3993,156.055075,29.389984,5,"0;2;5;6;12"
Root_3994,382.795373,48.967744,4,"2;5;6;12"
Root_3995,124.591171,24.986304,5,"0;1;5;6;12"
Root_3996,344.172163,45.264064,4,"1;5;6;12"
Root_3997,157.510595,30.315904,4,"0;5;6;12"
Root_3998,387.028653,49.893664,3,"5;6;12"
Root_3999,117.044653,21.467808,7,"0;1;2;3;4;6;12"
Root_4000,324.471107,41.745568,6,"1;2;3;4;6;12"
Root_4001,144.090019,26.797408,6,"0;2;3;4;6;12"
Root_4002,363.809101,46.375168,5,"2;3;4;6;12"
Root_4003,115.722413,22.393728,6,"0;1;3;4;6;12"
Root_4004,326.852547,42.671488,5,"1;3;4;6;12"
Root_4005,143.693699,27.723328,5,"0;3;4;6;12"
Root_4006,367.116461,47.301088,4,"3;4;6;12"
Root_4007,119.673005,23.381376,6,"0;1;2;4;6;12"
Root_4008,334.753731,43.659136,5,"1;2;4;6;12"
Root_4009,148.631939,28.710976,5,"0;2;4;6;12"
Root_4010,376.005293,48.288736,4,"2;4;6;12"
Root_4011,119.276685,24.307296,5,"0;1;4;6;12"
Root_4012,338.061091,44.585056,4,"1;4;6;12"
Root_4013,149.798435,29.636896,4,"0;4;6;12"
Root_4014,380.238573,49.214656,3,"4;6;12"
Root_4015,131.211075,23.690016,6,"0;1;2;3;6;12"
Root_4016,337.531491,43.967776,5,"1;2;3;6;12"
Root_4017,157.442883,29.019616,5,"0;2;3;6;12"
Root_4018,379.091693,48.597376,4,"2;3;6;12"
Root_4019,129.888835,24.615936,5,"0;1;3;6;12"
Root_4020,340.838851,44.893696,4,"1;3;6;12"
Root_4021,157.972483,29.945536,4,"0;3;6;12"
Root_4022,383.324973,49.523296,3,"3;6;12"
Root_4023,133.839427,25.603584,5,"0;1;2;6;12"
Root_4024,349.727683,45.881344,4,"1;2;6;12"
Root_4025,163.898371,30.933184,4,"0;2;6;12"
Root_4026,393.201453,50.510944,3,"2;6;12"
Root_4027,133.443107,26.529504,4,"0;1;6;12"
Root_4028,353.960963,46.807264,3,"1;6;12"
Root_4029,165.353891,31.859104,3,"0;6;12"
Root_4030,398.360653,51.436864,2,"6;12"
Root_4031,122.951882,22.350518,7,"0;1;2;3;4;5;12"
Root_4032,332.248835,42.628278,6,"1;2;3;4;5;12"
Root_4033,151.178720,27.680118,6,"0;2;3;4;5;12"
Root_4034,372.469539,47.257878,5,"2;3;4;5;12"
Root_4035,121.629642,23.276438,6,"0;1;3;4;5;12"
Root_4036,334.630275,43.554198,5,"1;3;4;5;12"
Root_4037,150.782400,28.606038,5,"0;3;4;5;12"
Root_4038,375.776899,48.183798,4,"3;4;5;12"
Root_4039,125.580234,24.264086,6,"0;1;2;4;5;12"
Root_4040,342.901827,44.541846,5,"1;2;4;5;12"
Root_4041,156.684694,29.593686,5,"0;2;4;5;12"
Root_4042,385.036099,49.171446,4,"2;4;5;12"
Root_4043,125.183914,25.190006,5,"0;1;4;5;12"
Root_4044,346.209187,45.467766,4,"1;4;5;12"
Root_4045,158.140214,30.519606,4,"0;4;5;12"
Root_4046,389.269379,50.097366,3,"4;5;12"
Root_4047,137.272778,24.572726,6,"0;1;2;3;5;12"
Root_4048,345.988227,44.850486,5,"1;2;3;5;12"
Root_4049,165.251488,29.902326,5,"0;2;3;5;12"
Root_4050,388.431139,49.480086,4,"2;3;5;12"
Root_4051,135.950538,25.498646,5,"0;1;3;5;12"
Root_4052,349.295587,45.776406,4,"1;3;5;12"
Root_4053,165.781088,30.828246,4,"0;3;5;12"
Root_4054,392.664419,50.406006,3,"3;5;12"
Root_4055,139.901130,26.486294,5,"0;1;2;5;12"
Root_4056,358.554787,46.764054,4,"1;2;5;12"
Root_4057,172.077344,31.815894,4,"0;2;5;12"
Root_4058,402.911267,51.393654,3,"2;5;12"
Root_4059,139.504810,27.412214,4,"0;1;5;12"
Root_4060,362.788067,47.689974,3,"1;5;12"
Root_4061,173.532864,32.741814,3,"0;5;12"
Root_4062,408.070467,52.319574,2,"5;12"
Root_4063,131.600115,23.893718,6,"0;1;2;3;4;12"
Root_4064,339.568515,44.171478,5,"1;2;3;4;12"
Root_4065,157.868800,29.223318,5,"0;2;3;4;12"
Root_4066,381.332419,48.801078,4,"2;3;4;12"
Root_4067,130.277875,24.819638,5,"0;1;3;4;12"
Root_4068,342.875875,45.097398,4,"1;3;4;12"
Root_4069,158.398400,30.149238,4,"0;3;4;12"
Root_4070,385.565699,49.726998,3,"3;4;12"
Root_4071,134.228467,25.807286,5,"0;1;2;4;12"
Root_4072,351.764707,46.085046,4,"1;2;4;12"
Root_4073,164.324288,31.136886,4,"0;2;4;12"
Root_4074,395.442179,50.714646,3,"2;4;12"
Root_4075,133.832147,26.733206,4,"0;1;4;12"
Root_4076,355.997987,47.010966,3,"1;4;12"
Root_4077,165.779808,32.062806,3,"0;4;12"
Root_4078,400.601379,51.640566,2,"4;12"
Root_4079,144.933363,26.115926,5,"0;1;2;3;12"
Root_4080,354.851107,46.393686,4,"1;2;3;12"
Root_4081,171.039242,31.445526,4,"0;2;3;12"
Root_4082,398.837219,51.023286,3,"2;3;12"
Root_4083,143.611123,27.041846,4,"0;1;3;12"
Root_4084,359.084387,47.319606,3,"1;3;12"
Root_4085,171.568842,32.371446,3,"0;3;12"
Root_4086,403.996419,51.949206,2,"3;12"
Root_4087,147.561715,28.029494,4,"0;1;2;12"
Root_4088,368.960867,48.307254,3,"1;2;12"
Root_4089,177.853824,33.359094,3,"0;2;12"
Root_4090,414.860547,52.936854,2,"2;12"
Root_4091,147.165395,28.955414,3,"0;1;12"
Root_4092,374.120067,49.233174,2,"1;12"
Root_4093,180.235264,34.285014,2,"0;12"
Root_4094,420.945667,53.862774,1,"12"
Root_4095,71.776845,8.729600,12,"0;1;2;3;4;5;6;7;8;9;10;11"
Root_4096,283.234416,31.807360,11,"1;2;3;4;5;6;7;8;9;10;11"
Root_4097,111.889027,16.859200,11,"0;2;3;4;5;6;7;8;9;10;11"
Root_4098,313.334202,36.436960,10,"2;3;4;5;6;7;8;9;10;11"
Root_4099,74.554605,9.655520,11,"0;1;3;4;5;6;7;8;9;10;11"
Root_4100,281.686256,32.733280,10,"1;3;4;5;6;7;8;9;10;11"
Root_4101,112.629827,17.785120,10,"0;3;4;5;6;7;8;9;10;11"
Root_4102,312.711962,37.362880,9,"3;4;5;6;7;8;9;10;11"
Root_4103,94.498093,13.443168,11,"0;1;2;4;5;6;7;8;9;10;11"
Root_4104,286.068944,33.720928,10,"1;2;4;5;6;7;8;9;10;11"
Root_4105,111.451971,18.772768,10,"0;2;4;5;6;7;8;9;10;11"
Root_4106,318.082298,38.350528,9,"2;4;5;6;7;8;9;10;11"
Root_4107,96.349933,14.369088,10,"0;1;4;5;6;7;8;9;10;11"
Root_4108,285.446704,34.646848,9,"1;4;5;6;7;8;9;10;11"
Root_4109,111.205123,19.698688,9,"0;4;5;6;7;8;9;10;11"
Root_4110,318.385978,39.276448,8,"4;5;6;7;8;9;10;11"
Root_4111,98.325197,12.351808,11,"0;1;2;3;5;6;7;8;9;10;11"
Root_4112,290.199856,34.029568,10,"1;2;3;5;6;7;8;9;10;11"
Root_4113,127.308547,19.081408,10,"0;2;3;5;6;7;8;9;10;11"
Root_4114,320.551418,38.659168,9,"2;3;5;6;7;8;9;10;11"
Root_4115,100.177037,13.277728,10,"0;1;3;5;6;7;8;9;10;11"
Root_4116,288.651696,34.955488,9,"1;3;5;6;7;8;9;10;11"
Root_4117,125.827139,20.007328,9,"0;3;5;6;7;8;9;10;11"
Root_4118,320.855098,39.585088,8,"3;5;6;7;8;9;10;11"
Root_4119,105.468205,15.665376,10,"0;1;2;5;6;7;8;9;10;11"
Root_4120,293.034384,35.943136,9,"1;2;5;6;7;8;9;10;11"
Root_4121,126.871491,20.994976,9,"0;2;5;6;7;8;9;10;11"
Root_4122,327.213082,40.572736,8,"2;5;6;7;8;9;10;11"
Root_4123,106.476909,16.591296,9,"0;1;5;6;7;8;9;10;11"
Root_4124,293.281200,36.869056,8,"1;5;6;7;8;9;10;11"
Root_4125,125.323331,21.920896,8,"0;5;6;7;8;9;10;11"
Root_4126,328.442682,41.498656,7,"5;6;7;8;9;10;11"
Root_4127,87.228685,10.972800,11,"0;1;2;3;4;6;7;8;9;10;11"
Root_4128,284.155376,33.350560,10,"1;2;3;4;6;7;8;9;10;11"
Root_4129,121.148227,18.402400,10,"0;2;3;4;6;7;8;9;10;11"
Root_4130,315.798362,37.980160,9,"2;3;4;6;7;8;9;10;11"
Root_4131,89.349741,11.898720,10,"0;1;3;4;6;7;8;9;10;11"
Root_4132,283.533136,34.276480,9,"1;3;4;6;7;8;9;10;11"
Root_4133,120.345827,19.328320,9,"0;3;4;6;7;8;9;10;11"
Root_4134,316.102042,38.906080,8,"3;4;6;7;8;9;10;11"
Root_4135,101.394157,14.986368,10,"0;1;2;4;6;7;8;9;10;11"
Root_4136,288.533104,35.264128,9,"1;2;4;6;7;8;9;10;11"
Root_4137,120.711171,20.315968,9,"0;2;4;6;7;8;9;10;11"
Root_4138,322.089658,39.893728,8,"2;4;6;7;8;9;10;11"
Root_4139,103.081869,15.912288,9,"0;1;4;6;7;8;9;10;11"
Root_4140,288.836784,36.190048,8,"1;4;6;7;8;9;10;11"
Root_4141,119.163011,21.241888,8,"0;4;6;7;8;9;10;11"
Root_4142,323.319258,40.819648,7,"4;6;7;8;9;10;11"
Root_4143,106.805261,13.895008,10,"0;1;2;3;6;7;8;9;10;11"
Root_4144,291.120816,35.572768,9,"1;2;3;6;7;8;9;10;11"
Root_4145,135.481475,20.624608,9,"0;2;3;6;7;8;9;10;11"
Root_4146,324.558778,40.202368,8,"2;3;6;7;8;9;10;11"
Root_4147,107.731181,14.820928,9,"0;1;3;6;7;8;9;10;11"
Root_4148,290.997264,36.498688,8,"1;3;6;7;8;9;10;11"
Root_4149,133.007395,21.550528,8,"0;3;6;7;8;9;10;11"
Root_4150,325.788378,41.128288,7,"3;6;7;8;9;10;11"
Root_4151,113.801485,17.208576,9,"0;1;2;6;7;8;9;10;11"
Root_4152,296.984880,37.486336,8,"1;2;6;7;8;9;10;11"
Root_4153,135.044419,22.538176,8,"0;2;6;7;8;9;10;11"
Root_4154,332.763642,42.115936,7,"2;6;7;8;9;10;11"
Root_4155,114.192909,18.134496,8,"0;1;6;7;8;9;10;11"
Root_4156,298.214480,38.412256,7,"1;6;7;8;9;10;11"
Root_4157,133.496259,23.464096,7,"0;6;7;8;9;10;11"
Root_4158,334.919162,43.041856,6,"6;7;8;9;10;11"
Root_4159,93.426099,11.855510,11,"0;1;2;3;4;5;7;8;9;10;11"
Root_4160,290.625773,34.233270,10,"1;2;3;4;5;7;8;9;10;11"
Root_4161,127.734464,19.285110,10,"0;2;3;4;5;7;8;9;10;11"
Root_4162,322.384739,38.862870,9,"2;3;4;5;7;8;9;10;11"
Root_4163,95.277939,12.781430,10,"0;1;3;4;5;7;8;9;10;11"
Root_4164,289.236803,35.159190,9,"1;3;4;5;7;8;9;10;11"
Root_4165,126.049354,20.211030,9,"0;3;4;5;7;8;9;10;11"
Root_4166,322.688419,39.788790,8,"3;4;5;7;8;9;10;11"
Root_4167,106.569501,15.869078,10,"0;1;2;4;5;7;8;9;10;11"
Root_4168,294.607139,36.146838,9,"1;2;4;5;7;8;9;10;11"
Root_4169,127.297408,21.198678,9,"0;2;4;5;7;8;9;10;11"
Root_4170,329.046403,40.776438,8,"2;4;5;7;8;9;10;11"
Root_4171,107.495421,16.794998,9,"0;1;4;5;7;8;9;10;11"
Root_4172,294.910819,37.072758,8,"1;4;5;7;8;9;10;11"
Root_4173,125.749248,22.124598,8,"0;4;5;7;8;9;10;11"
Root_4174,330.276003,41.702358,7,"4;5;7;8;9;10;11"
Root_4175,111.218813,14.777718,10,"0;1;2;3;5;7;8;9;10;11"
Root_4176,297.076259,36.455478,9,"1;2;3;5;7;8;9;10;11"
Root_4177,141.543178,21.507318,9,"0;2;3;5;7;8;9;10;11"
Root_4178,331.824163,41.085078,8,"2;3;5;7;8;9;10;11"
Root_4179,112.144733,15.703638,9,"0;1;3;5;7;8;9;10;11"
Root_4180,297.379939,37.381398,8,"1;3;5;7;8;9;10;11"
Root_4181,139.069098,22.433238,8,"0;3;5;7;8;9;10;11"
Root_4182,333.053763,42.010998,7,"3;5;7;8;9;10;11"
Root_4183,120.305002,18.091286,9,"0;1;2;5;7;8;9;10;11"
Root_4184,303.737923,38.369046,8,"1;2;5;7;8;9;10;11"
Root_4185,141.106122,23.420886,8,"0;2;5;7;8;9;10;11"
Root_4186,340.399395,42.998646,7,"2;5;7;8;9;10;11"
Root_4187,119.813715,19.017206,8,"0;1;5;7;8;9;10;11"
Root_4188,304.967523,39.294966,7,"1;5;7;8;9;10;11"
Root_4189,139.557962,24.346806,7,"0;5;7;8;9;10;11"
Root_4190,342.554915,43.924566,6,"5;7;8;9;10;11"
Root_4191,101.002538,13.398710,10,"0;1;2;3;4;7;8;9;10;11"
Root_4192,292.323203,35.776470,9,"1;2;3;4;7;8;9;10;11"
Root_4193,135.703690,20.828310,9,"0;2;3;4;7;8;9;10;11"
Root_4194,326.392099,40.406070,8,"2;3;4;7;8;9;10;11"
Root_4195,102.364339,14.324630,9,"0;1;3;4;7;8;9;10;11"
Root_4196,292.626883,36.702390,8,"1;3;4;7;8;9;10;11"
Root_4197,133.229610,21.754230,8,"0;3;4;7;8;9;10;11"
Root_4198,327.621699,41.331990,7,"3;4;7;8;9;10;11"
Root_4199,115.023699,17.412278,9,"0;1;2;4;7;8;9;10;11"
Root_4200,298.614499,37.690038,8,"1;2;4;7;8;9;10;11"
Root_4201,135.266634,22.741878,8,"0;2;4;7;8;9;10;11"
Root_4202,334.596963,42.319638,7,"2;4;7;8;9;10;11"
Root_4203,115.211421,18.338198,8,"0;1;4;7;8;9;10;11"
Root_4204,299.844099,38.615958,7,"1;4;7;8;9;10;11"
Root_4205,133.718474,23.667798,7,"0;4;7;8;9;10;11"
Root_4206,336.752483,43.245558,6,"4;7;8;9;10;11"
Root_4207,119.860733,16.320918,9,"0;1;2;3;7;8;9;10;11"
Root_4208,301.083619,37.998678,8,"1;2;3;7;8;9;10;11"
Root_4209,148.524755,23.050518,8,"0;2;3;7;8;9;10;11"
Root_4210,337.374723,42.628278,7,"2;3;7;8;9;10;11"
Root_4211,119.860733,17.246838,8,"0;1;3;7;8;9;10;11"
Root_4212,302.313219,38.924598,7,"1;3;7;8;9;10;11"
Root_4213,146.050675,23.976438,7,"0;3;7;8;9;10;11"
Root_4214,339.530243,43.554198,6,"3;7;8;9;10;11"
Root_4215,128.356947,19.634486,8,"0;1;2;7;8;9;10;11"
Root_4216,309.288483,39.912246,7,"1;2;7;8;9;10;11"
Root_4217,148.087699,24.964086,7,"0;2;7;8;9;10;11"
Root_4218,347.493155,44.541846,6,"2;7;8;9;10;11"
Root_4219,126.322461,20.560406,7,"0;1;7;8;9;10;11"
Root_4220,311.444003,40.838166,6,"1;7;8;9;10;11"
Root_4221,146.539539,25.890006,6,"0;7;8;9;10;11"
Root_4222,350.574595,45.467766,5,"7;8;9;10;11"
Root_4223,110.860973,14.554272,11,"0;1;2;3;4;5;6;8;9;10;11"
Root_4224,295.679994,34.832032,10,"1;2;3;4;5;6;8;9;10;11"
Root_4225,125.938435,19.883872,10,"0;2;3;4;5;6;8;9;10;11"
Root_4226,328.804451,39.461632,9,"2;3;4;5;6;8;9;10;11"
Root_4227,111.786893,15.480192,10,"0;1;3;4;5;6;8;9;10;11"
Root_4228,295.057754,35.757952,9,"1;3;4;5;6;8;9;10;11"
Root_4229,123.654563,20.809792,9,"0;3;4;5;6;8;9;10;11"
Root_4230,329.108131,40.387552,8,"3;4;5;6;8;9;10;11"
Root_4231,107.522701,16.467840,10,"0;1;2;4;5;6;8;9;10;11"
Root_4232,300.428090,36.745600,9,"1;2;4;5;6;8;9;10;11"
Root_4233,125.501379,21.797440,9,"0;2;4;5;6;8;9;10;11"
Root_4234,335.466115,41.375200,8,"2;4;5;6;8;9;10;11"
Root_4235,108.448621,17.393760,9,"0;1;4;5;6;8;9;10;11"
Root_4236,300.731770,37.671520,8,"1;4;5;6;8;9;10;11"
Root_4237,123.953219,22.723360,8,"0;4;5;6;8;9;10;11"
Root_4238,336.695715,42.301120,7,"4;5;6;8;9;10;11"
Root_4239,120.778125,16.776480,10,"0;1;2;3;5;6;8;9;10;11"
Root_4240,302.897210,37.054240,9,"1;2;3;5;6;8;9;10;11"
Root_4241,139.382659,22.106080,9,"0;2;3;5;6;8;9;10;11"
Root_4242,338.243875,41.683840,8,"2;3;5;6;8;9;10;11"
Root_4243,120.675725,17.702400,9,"0;1;3;5;6;8;9;10;11"
Root_4244,303.200890,37.980160,8,"1;3;5;6;8;9;10;11"
Root_4245,136.908579,23.032000,8,"0;3;5;6;8;9;10;11"
Root_4246,339.473475,42.609760,7,"3;5;6;8;9;10;11"
Root_4247,118.427501,18.690048,9,"0;1;2;5;6;8;9;10;11"
Root_4248,309.558874,38.967808,8,"1;2;5;6;8;9;10;11"
Root_4249,138.945603,24.019648,8,"0;2;5;6;8;9;10;11"
Root_4250,346.819107,43.597408,7,"2;5;6;8;9;10;11"
Root_4251,117.337453,19.615968,8,"0;1;5;6;8;9;10;11"
Root_4252,310.788474,39.893728,7,"1;5;6;8;9;10;11"
Root_4253,137.397443,24.945568,7,"0;5;6;8;9;10;11"
Root_4254,348.974627,44.523328,6,"5;6;8;9;10;11"
Root_4255,117.959693,16.097472,10,"0;1;2;3;4;6;8;9;10;11"
Root_4256,298.144154,36.375232,9,"1;2;3;4;6;8;9;10;11"
Root_4257,133.654435,21.427072,9,"0;2;3;4;6;8;9;10;11"
Root_4258,332.811811,41.004832,8,"2;3;4;6;8;9;10;11"
Root_4259,117.959693,17.023392,9,"0;1;3;4;6;8;9;10;11"
Root_4260,298.447834,37.301152,8,"1;3;4;6;8;9;10;11"
Root_4261,131.180355,22.352992,8,"0;3;4;6;8;9;10;11"
Root_4262,334.041411,41.930752,7,"3;4;6;8;9;10;11"
Root_4263,115.032461,18.011040,9,"0;1;2;4;6;8;9;10;11"
Root_4264,304.435450,38.288800,8,"1;2;4;6;8;9;10;11"
Root_4265,133.217379,23.340640,8,"0;2;4;6;8;9;10;11"
Root_4266,341.016675,42.918400,7,"2;4;6;8;9;10;11"
Root_4267,114.621421,18.936960,8,"0;1;4;6;8;9;10;11"
Root_4268,305.665050,39.214720,7,"1;4;6;8;9;10;11"
Root_4269,131.669219,24.266560,7,"0;4;6;8;9;10;11"
Root_4270,343.172195,43.844320,6,"4;6;8;9;10;11"
Root_4271,128.494125,18.319680,9,"0;1;2;3;6;8;9;10;11"
Root_4272,306.904570,38.597440,8,"1;2;3;6;8;9;10;11"
Root_4273,145.765475,23.649280,8,"0;2;3;6;8;9;10;11"
Root_4274,343.794435,43.227040,7,"2;3;6;8;9;10;11"
Root_4275,126.848525,19.245600,8,"0;1;3;6;8;9;10;11"
Root_4276,308.134170,39.523360,7,"1;3;6;8;9;10;11"
Root_4277,143.291395,24.575200,7,"0;3;6;8;9;10;11"
Root_4278,345.949955,44.152960,6,"3;6;8;9;10;11"
Root_4279,126.143501,20.233248,8,"0;1;2;6;8;9;10;11"
Root_4280,315.109434,40.511008,7,"1;2;6;8;9;10;11"
Root_4281,145.328419,25.562848,7,"0;2;6;8;9;10;11"
Root_4282,353.912867,45.140608,6,"2;6;8;9;10;11"
Root_4283,123.669421,21.159168,7,"0;1;6;8;9;10;11"
Root_4284,317.264954,41.436928,6,"1;6;8;9;10;11"
Root_4285,143.780259,26.488768,6,"0;6;8;9;10;11"
Root_4286,356.994307,46.066528,5,"6;8;9;10;11"
Root_4287,121.796637,16.980182,10,"0;1;2;3;4;5;8;9;10;11"
Root_4288,304.730531,37.257942,9,"1;2;3;4;5;8;9;10;11"
Root_4289,139.604874,22.309782,9,"0;2;3;4;5;8;9;10;11"
Root_4290,340.280899,41.887542,8,"2;3;4;5;8;9;10;11"
Root_4291,121.490534,17.906102,9,"0;1;3;4;5;8;9;10;11"
Root_4292,305.034211,38.183862,8,"1;3;4;5;8;9;10;11"
Root_4293,137.130794,23.235702,8,"0;3;4;5;8;9;10;11"
Root_4294,341.510499,42.813462,7,"3;4;5;8;9;10;11"
Root_4295,119.446013,18.893750,9,"0;1;2;4;5;8;9;10;11"
Root_4296,311.392195,39.171510,8,"1;2;4;5;8;9;10;11"
Root_4297,139.167818,24.223350,8,"0;2;4;5;8;9;10;11"
Root_4298,348.856131,43.801110,7,"2;4;5;8;9;10;11"
Root_4299,118.152262,19.819670,8,"0;1;4;5;8;9;10;11"
Root_4300,312.621795,40.097430,7,"1;4;5;8;9;10;11"
Root_4301,137.619658,25.149270,7,"0;4;5;8;9;10;11"
Root_4302,351.011651,44.727030,6,"4;5;8;9;10;11"
Root_4303,134.114931,19.202390,9,"0;1;2;3;5;8;9;10;11"
Root_4304,314.169955,39.480150,8,"1;2;3;5;8;9;10;11"
Root_4305,151.129651,24.531990,8,"0;2;3;5;8;9;10;11"
Root_4306,351.942531,44.109750,7,"2;3;5;8;9;10;11"
Root_4307,131.586621,20.128310,8,"0;1;3;5;8;9;10;11"
Root_4308,315.399555,40.406070,7,"1;3;5;8;9;10;11"
Root_4309,148.655571,25.457910,7,"0;3;5;8;9;10;11"
Root_4310,354.098051,45.035670,6,"3;5;8;9;10;11"
Root_4311,131.764307,21.115958,8,"0;1;2;5;8;9;10;11"
Root_4312,322.745187,41.393718,7,"1;2;5;8;9;10;11"
Root_4313,150.692595,26.445558,7,"0;2;5;8;9;10;11"
Root_4314,362.431331,46.023318,6,"2;5;8;9;10;11"
Root_4315,129.290227,22.041878,7,"0;1;5;8;9;10;11"
Root_4316,324.900707,42.319638,6,"1;5;8;9;10;11"
Root_4317,149.144435,27.371478,6,"0;5;8;9;10;11"
Root_4318,365.512771,46.949238,5,"5;8;9;10;11"
Root_4319,129.512637,18.523382,9,"0;1;2;3;4;8;9;10;11"
Root_4320,308.737891,38.801142,8,"1;2;3;4;8;9;10;11"
Root_4321,145.783987,23.852982,8,"0;2;3;4;8;9;10;11"
Root_4322,345.831459,43.430742,7,"2;3;4;8;9;10;11"
Root_4323,127.663334,19.449302,8,"0;1;3;4;8;9;10;11"
Root_4324,309.967491,39.727062,7,"1;3;4;8;9;10;11"
Root_4325,143.309907,24.778902,7,"0;3;4;8;9;10;11"
Root_4326,347.986979,44.356662,6,"3;4;8;9;10;11"
Root_4327,127.162013,20.436950,8,"0;1;2;4;8;9;10;11"
Root_4328,316.942755,40.714710,7,"1;2;4;8;9;10;11"
Root_4329,145.346931,25.766550,7,"0;2;4;8;9;10;11"
Root_4330,355.949891,45.344310,6,"2;4;8;9;10;11"
Root_4331,124.687933,21.362870,7,"0;1;4;8;9;10;11"
Root_4332,319.098275,41.640630,6,"1;4;8;9;10;11"
Root_4333,143.798771,26.692470,6,"0;4;8;9;10;11"
Root_4334,359.031331,46.270230,5,"4;8;9;10;11"
Root_4335,140.623677,20.745590,8,"0;1;2;3;8;9;10;11"
Root_4336,319.720515,41.023350,7,"1;2;3;8;9;10;11"
Root_4337,156.135933,26.075190,7,"0;2;3;8;9;10;11"
Root_4338,359.036291,45.652950,6,"2;3;8;9;10;11"
Root_4339,137.223677,21.671510,7,"0;1;3;8;9;10;11"
Root_4340,321.876035,41.949270,6,"1;3;8;9;10;11"
Root_4341,153.661853,27.001110,6,"0;3;8;9;10;11"
Root_4342,362.117731,46.578870,5,"3;8;9;10;11"
Root_4343,138.273053,22.659158,7,"0;1;2;8;9;10;11"
Root_4344,329.838947,42.936918,6,"1;2;8;9;10;11"
Root_4345,155.698877,27.988758,6,"0;2;8;9;10;11"
Root_4346,371.068291,47.566518,5,"2;8;9;10;11"
Root_4347,135.798973,23.585078,6,"0;1;8;9;10;11"
Root_4348,332.920387,43.862838,5,"1;8;9;10;11"
Root_4349,154.150717,28.914678,5,"0;8;9;10;11"
Root_4350,375.075651,48.492438,4,"8;9;10;11"
Root_4351,82.850829,13.359200,11,"0;1;2;3;4;5;6;7;9;10;11"
Root_4352,313.334202,36.436960,10,"1;2;3;4;5;6;7;9;10;11"
Root_4353,132.241667,21.488800,10,"0;2;3;4;5;6;7;9;10;11"
Root_4354,348.063587,41.066560,9,"2;3;4;5;6;7;9;10;11"
Root_4355,84.252141,14.285120,10,"0;1;3;4;5;6;7;9;10;11"
Root_4356,312.711962,37.362880,9,"1;3;4;5;6;7;9;10;11"
Root_4357,130.693507,22.414720,9,"0;3;4;5;6;7;9;10;11"
Root_4358,348.367267,41.992480,8,"3;4;5;6;7;9;10;11"
Root_4359,104.585005,18.072768,10,"0;1;2;4;5;6;7;9;10;11"
Root_4360,318.082298,38.350528,9,"1;2;4;5;6;7;9;10;11"
Root_4361,133.718179,23.402368,9,"0;2;4;5;6;7;9;10;11"
Root_4362,354.725251,42.980128,8,"2;4;5;6;7;9;10;11"
Root_4363,105.038157,18.998688,9,"0;1;4;5;6;7;9;10;11"
Root_4364,318.385978,39.276448,8,"1;4;5;6;7;9;10;11"
Root_4365,133.095939,24.328288,8,"0;4;5;6;7;9;10;11"
Root_4366,355.954851,43.906048,7,"4;5;6;7;9;10;11"
Root_4367,108.002765,16.981408,10,"0;1;2;3;5;6;7;9;10;11"
Root_4368,320.551418,38.659168,9,"1;2;3;5;6;7;9;10;11"
Root_4369,146.414416,23.711008,9,"0;2;3;5;6;7;9;10;11"
Root_4370,357.503011,43.288768,8,"2;3;5;6;7;9;10;11"
Root_4371,107.695437,17.907328,9,"0;1;3;5;6;7;9;10;11"
Root_4372,320.855098,39.585088,8,"1;3;5;6;7;9;10;11"
Root_4373,144.866256,24.636928,8,"0;3;5;6;7;9;10;11"
Root_4374,358.732611,44.214688,7,"3;5;6;7;9;10;11"
Root_4375,119.683674,20.294976,9,"0;1;2;5;6;7;9;10;11"
Root_4376,327.213082,40.572736,8,"1;2;5;6;7;9;10;11"
Root_4377,147.890928,25.624576,8,"0;2;5;6;7;9;10;11"
Root_4378,366.078243,45.202336,7,"2;5;6;7;9;10;11"
Root_4379,118.135514,21.220896,8,"0;1;5;6;7;9;10;11"
Root_4380,328.442682,41.498656,7,"1;5;6;7;9;10;11"
Root_4381,147.268688,26.550496,7,"0;5;6;7;9;10;11"
Root_4382,368.233763,46.128256,6,"5;6;7;9;10;11"
Root_4383,96.722381,15.602400,10,"0;1;2;3;4;6;7;9;10;11"
Root_4384,315.798362,37.980160,9,"1;2;3;4;6;7;9;10;11"
Root_4385,140.784963,23.032000,9,"0;2;3;4;6;7;9;10;11"
Root_4386,352.070947,42.609760,8,"2;3;4;6;7;9;10;11"
Root_4387,96.868141,16.528320,9,"0;1;3;4;6;7;9;10;11"
Root_4388,316.102042,38.906080,8,"1;3;4;6;7;9;10;11"
Root_4389,139.236803,23.957920,8,"0;3;4;6;7;9;10;11"
Root_4390,353.300547,43.535680,7,"3;4;6;7;9;10;11"
Root_4391,114.198669,19.615968,9,"0;1;2;4;6;7;9;10;11"
Root_4392,322.089658,39.893728,8,"1;2;4;6;7;9;10;11"
Root_4393,142.261475,24.945568,8,"0;2;4;6;7;9;10;11"
Root_4394,360.275811,44.523328,7,"2;4;6;7;9;10;11"
Root_4395,113.108621,20.541888,8,"0;1;4;6;7;9;10;11"
Root_4396,323.319258,40.819648,7,"1;4;6;7;9;10;11"
Root_4397,141.639235,25.871488,7,"0;4;6;7;9;10;11"
Root_4398,362.431331,45.449248,6,"4;6;7;9;10;11"
Root_4399,116.243373,18.524608,9,"0;1;2;3;6;7;9;10;11"
Root_4400,324.558778,40.202368,8,"1;2;3;6;7;9;10;11"
Root_4401,153.784880,25.254208,8,"0;2;3;6;7;9;10;11"
Root_4402,363.053571,44.831968,7,"2;3;6;7;9;10;11"
Root_4403,115.318765,19.450528,8,"0;1;3;6;7;9;10;11"
Root_4404,325.788378,41.128288,7,"1;3;6;7;9;10;11"
Root_4405,152.236720,26.180128,7,"0;3;6;7;9;10;11"
Root_4406,365.209091,45.757888,6,"3;6;7;9;10;11"
Root_4407,128.556602,21.838176,8,"0;1;2;6;7;9;10;11"
Root_4408,332.763642,42.115936,7,"1;2;6;7;9;10;11"
Root_4409,155.261392,27.167776,7,"0;2;6;7;9;10;11"
Root_4410,373.172003,46.745536,6,"2;6;7;9;10;11"
Root_4411,127.008442,22.764096,7,"0;1;6;7;9;10;11"
Root_4412,334.919162,43.041856,6,"1;6;7;9;10;11"
Root_4413,154.639152,28.093696,6,"0;6;7;9;10;11"
Root_4414,376.253443,47.671456,5,"6;7;9;10;11"
Root_4415,102.796339,16.485110,10,"0;1;2;3;4;5;7;9;10;11"
Root_4416,322.384739,38.862870,9,"1;2;3;4;5;7;9;10;11"
Root_4417,146.865184,23.914710,9,"0;2;3;4;5;7;9;10;11"
Root_4418,359.540035,43.492470,8,"2;3;4;5;7;9;10;11"
Root_4419,102.796339,17.411030,9,"0;1;3;4;5;7;9;10;11"
Root_4420,322.688419,39.788790,8,"1;3;4;5;7;9;10;11"
Root_4421,145.317024,24.840630,8,"0;3;4;5;7;9;10;11"
Root_4422,360.769635,44.418390,7,"3;4;5;7;9;10;11"
Root_4423,120.297408,20.498678,9,"0;1;2;4;5;7;9;10;11"
Root_4424,329.046403,40.776438,8,"1;2;4;5;7;9;10;11"
Root_4425,148.341696,25.828278,8,"0;2;4;5;7;9;10;11"
Root_4426,368.115267,45.406038,7,"2;4;5;7;9;10;11"
Root_4427,118.749248,21.424598,8,"0;1;4;5;7;9;10;11"
Root_4428,330.276003,41.702358,7,"1;4;5;7;9;10;11"
Root_4429,147.719456,26.754198,7,"0;4;5;7;9;10;11"
Root_4430,370.270787,46.331958,6,"4;5;7;9;10;11"
Root_4431,122.951818,19.407318,9,"0;1;2;3;5;7;9;10;11"
Root_4432,331.824163,41.085078,8,"1;2;3;5;7;9;10;11"
Root_4433,159.828064,26.136918,8,"0;2;3;5;7;9;10;11"
Root_4434,371.201667,45.714678,7,"2;3;5;7;9;10;11"
Root_4435,121.144499,20.333238,8,"0;1;3;5;7;9;10;11"
Root_4436,333.053763,42.010998,7,"1;3;5;7;9;10;11"
Root_4437,158.279904,27.062838,7,"0;3;5;7;9;10;11"
Root_4438,373.357187,46.640598,6,"3;5;7;9;10;11"
Root_4439,134.618304,22.720886,8,"0;1;2;5;7;9;10;11"
Root_4440,340.399395,42.998646,7,"1;2;5;7;9;10;11"
Root_4441,161.366304,28.050486,7,"0;2;5;7;9;10;11"
Root_4442,381.690467,47.628246,6,"2;5;7;9;10;11"
Root_4443,133.070144,23.646806,7,"0;1;5;7;9;10;11"
Root_4444,342.554915,43.924566,6,"1;5;7;9;10;11"
Root_4445,160.744064,28.976406,6,"0;5;7;9;10;11"
Root_4446,384.771907,48.554166,5,"5;7;9;10;11"
Root_4447,110.380234,18.028310,9,"0;1;2;3;4;7;9;10;11"
Root_4448,326.392099,40.406070,8,"1;2;3;4;7;9;10;11"
Root_4449,154.031946,25.457910,8,"0;2;3;4;7;9;10;11"
Root_4450,365.090595,45.035670,7,"2;3;4;7;9;10;11"
Root_4451,109.951923,18.954230,8,"0;1;3;4;7;9;10;11"
Root_4452,327.621699,41.331990,7,"1;3;4;7;9;10;11"
Root_4453,152.483786,26.383830,7,"0;3;4;7;9;10;11"
Root_4454,367.246115,45.961590,6,"3;4;7;9;10;11"
Root_4455,128.966634,22.041878,8,"0;1;2;4;7;9;10;11"
Root_4456,334.596963,42.319638,7,"1;2;4;7;9;10;11"
Root_4457,155.508458,27.371478,7,"0;2;4;7;9;10;11"
Root_4458,375.209027,46.949238,6,"2;4;7;9;10;11"
Root_4459,127.418474,22.967798,7,"0;1;4;7;9;10;11"
Root_4460,336.752483,43.245558,6,"1;4;7;9;10;11"
Root_4461,154.886218,28.297398,6,"0;4;7;9;10;11"
Root_4462,378.290467,47.875158,5,"4;7;9;10;11"
Root_4463,130.798835,20.950518,8,"0;1;2;3;7;9;10;11"
Root_4464,337.374723,42.628278,7,"1;2;3;7;9;10;11"
Root_4465,165.142986,27.680118,7,"0;2;3;7;9;10;11"
Root_4466,378.295427,47.257878,6,"2;3;7;9;10;11"
Root_4467,128.324755,21.876438,7,"0;1;3;7;9;10;11"
Root_4468,339.530243,43.554198,6,"1;3;7;9;10;11"
Root_4469,163.594826,28.606038,6,"0;3;7;9;10;11"
Root_4470,381.376867,48.183798,5,"3;7;9;10;11"
Root_4471,142.299882,24.264086,7,"0;1;2;7;9;10;11"
Root_4472,347.493155,44.541846,6,"1;2;7;9;10;11"
Root_4473,167.213184,29.593686,6,"0;2;7;9;10;11"
Root_4474,390.327427,49.171446,5,"2;7;9;10;11"
Root_4475,140.751722,25.190006,6,"0;1;7;9;10;11"
Root_4476,350.574595,45.467766,5,"1;7;9;10;11"
Root_4477,167.516864,30.519606,5,"0;7;9;10;11"
Root_4478,394.334787,50.097366,4,"7;9;10;11"
Root_4479,119.524557,19.183872,10,"0;1;2;3;4;5;6;9;10;11"
Root_4480,328.804451,39.461632,9,"1;2;3;4;5;6;9;10;11"
Root_4481,145.735523,24.513472,9,"0;2;3;4;5;6;9;10;11"
Root_4482,366.558509,44.091232,8,"2;3;4;5;6;9;10;11"
Root_4483,117.940685,20.109792,9,"0;1;3;4;5;6;9;10;11"
Root_4484,329.108131,40.387552,8,"1;3;4;5;6;9;10;11"
Root_4485,144.187363,25.439392,8,"0;3;4;5;6;9;10;11"
Root_4486,367.788109,45.017152,7,"3;4;5;6;9;10;11"
Root_4487,119.087501,21.097440,9,"0;1;2;4;5;6;9;10;11"
Root_4488,335.466115,41.375200,8,"1;2;4;5;6;9;10;11"
Root_4489,147.212035,26.427040,8,"0;2;4;5;6;9;10;11"
Root_4490,375.133741,46.004800,7,"2;4;5;6;9;10;11"
Root_4491,117.539341,22.023360,8,"0;1;4;5;6;9;10;11"
Root_4492,336.695715,42.301120,7,"1;4;5;6;9;10;11"
Root_4493,146.589795,27.352960,7,"0;4;5;6;9;10;11"
Root_4494,377.289261,46.930720,6,"4;5;6;9;10;11"
Root_4495,133.082659,21.406080,9,"0;1;2;3;5;6;9;10;11"
Root_4496,338.243875,41.683840,8,"1;2;3;5;6;9;10;11"
Root_4497,158.328195,26.735680,8,"0;2;3;5;6;9;10;11"
Root_4498,378.220141,46.313440,7,"2;3;5;6;9;10;11"
Root_4499,130.608579,22.332000,8,"0;1;3;5;6;9;10;11"
Root_4500,339.473475,42.609760,7,"1;3;5;6;9;10;11"
Root_4501,156.780035,27.661600,7,"0;3;5;6;9;10;11"
Root_4502,380.375661,47.239360,6,"3;5;6;9;10;11"
Root_4503,132.645603,23.319648,8,"0;1;2;5;6;9;10;11"
Root_4504,346.819107,43.597408,7,"1;2;5;6;9;10;11"
Root_4505,159.866435,28.649248,7,"0;2;5;6;9;10;11"
Root_4506,388.708941,48.227008,6,"2;5;6;9;10;11"
Root_4507,131.097443,24.245568,7,"0;1;5;6;9;10;11"
Root_4508,348.974627,44.523328,6,"1;5;6;9;10;11"
Root_4509,160.394531,29.575168,6,"0;5;6;9;10;11"
Root_4510,391.790381,49.152928,5,"5;6;9;10;11"
Root_4511,127.595021,20.727072,9,"0;1;2;3;4;6;9;10;11"
Root_4512,332.811811,41.004832,8,"1;2;3;4;6;9;10;11"
Root_4513,152.303523,26.056672,8,"0;2;3;4;6;9;10;11"
Root_4514,372.109069,45.634432,7,"2;3;4;6;9;10;11"
Root_4515,125.120941,21.652992,8,"0;1;3;4;6;9;10;11"
Root_4516,334.041411,41.930752,7,"1;3;4;6;9;10;11"
Root_4517,150.755363,26.982592,7,"0;3;4;6;9;10;11"
Root_4518,374.264589,46.560352,6,"3;4;6;9;10;11"
Root_4519,127.157965,22.640640,8,"0;1;2;4;6;9;10;11"
Root_4520,341.016675,42.918400,7,"1;2;4;6;9;10;11"
Root_4521,153.780035,27.970240,7,"0;2;4;6;9;10;11"
Root_4522,382.227501,47.548000,6,"2;4;6;9;10;11"
Root_4523,125.609805,23.566560,7,"0;1;4;6;9;10;11"
Root_4524,343.172195,43.844320,6,"1;4;6;9;10;11"
Root_4525,153.157795,28.896160,6,"0;4;6;9;10;11"
Root_4526,385.308941,48.473920,5,"4;6;9;10;11"
Root_4527,140.165475,22.949280,8,"0;1;2;3;6;9;10;11"
Root_4528,343.794435,43.227040,7,"1;2;3;6;9;10;11"
Root_4529,163.044355,28.278880,7,"0;2;3;6;9;10;11"
Root_4530,385.313901,47.856640,6,"2;3;6;9;10;11"
Root_4531,137.691395,23.875200,7,"0;1;3;6;9;10;11"
Root_4532,345.949955,44.152960,6,"1;3;6;9;10;11"
Root_4533,161.905795,29.204800,6,"0;3;6;9;10;11"
Root_4534,388.395341,48.782560,5,"3;6;9;10;11"
Root_4535,139.728419,24.862848,7,"0;1;2;6;9;10;11"
Root_4536,353.912867,45.140608,6,"1;2;6;9;10;11"
Root_4537,166.905763,30.192448,6,"0;2;6;9;10;11"
Root_4538,397.345901,49.770208,5,"2;6;9;10;11"
Root_4539,138.180259,25.788768,6,"0;1;6;9;10;11"
Root_4540,356.994307,46.066528,5,"1;6;9;10;11"
Root_4541,168.135363,31.118368,5,"0;6;9;10;11"
Root_4542,401.353261,50.696128,4,"6;9;10;11"
Root_4543,133.304874,21.609782,9,"0;1;2;3;4;5;9;10;11"
Root_4544,340.280899,41.887542,8,"1;2;3;4;5;9;10;11"
Root_4545,158.433267,26.939382,8,"0;2;3;4;5;9;10;11"
Root_4546,380.460867,46.517142,7,"2;3;4;5;9;10;11"
Root_4547,130.830794,22.535702,8,"0;1;3;4;5;9;10;11"
Root_4548,341.510499,42.813462,7,"1;3;4;5;9;10;11"
Root_4549,156.885107,27.865302,7,"0;3;4;5;9;10;11"
Root_4550,382.616387,47.443062,6,"3;4;5;9;10;11"
Root_4551,132.867818,23.523350,8,"0;1;2;4;5;9;10;11"
Root_4552,348.856131,43.801110,7,"1;2;4;5;9;10;11"
Root_4553,160.088650,28.852950,7,"0;2;4;5;9;10;11"
Root_4554,390.949667,48.430710,6,"2;4;5;9;10;11"
Root_4555,131.319658,24.449270,7,"0;1;4;5;9;10;11"
Root_4556,351.011651,44.727030,6,"1;4;5;9;10;11"
Root_4557,161.024150,29.778870,6,"0;4;5;9;10;11"
Root_4558,394.031107,49.356630,5,"4;5;9;10;11"
Root_4559,145.529651,23.831990,8,"0;1;2;3;5;9;10;11"
Root_4560,351.942531,44.109750,7,"1;2;3;5;9;10;11"
Root_4561,169.102080,29.161590,7,"0;2;3;5;9;10;11"
Root_4562,394.344707,48.739350,6,"2;3;5;9;10;11"
Root_4563,143.055571,24.757910,7,"0;1;3;5;9;10;11"
Root_4564,354.098051,45.035670,6,"1;3;5;9;10;11"
Root_4565,169.405760,30.087510,6,"0;3;5;9;10;11"
Root_4566,397.426147,49.665270,5,"3;5;9;10;11"
Root_4567,145.092595,25.745558,7,"0;1;2;5;9;10;11"
Root_4568,362.431331,46.023318,6,"1;2;5;9;10;11"
Root_4569,175.103094,31.075158,6,"0;2;5;9;10;11"
Root_4570,406.747075,50.652918,5,"2;5;9;10;11"
Root_4571,143.544435,26.671478,6,"0;1;5;9;10;11"
Root_4572,365.512771,46.949238,5,"1;5;9;10;11"
Root_4573,176.332694,32.001078,5,"0;5;9;10;11"
Root_4574,410.754435,51.578838,4,"5;9;10;11"
Root_4575,140.183987,23.152982,8,"0;1;2;3;4;9;10;11"
Root_4576,345.831459,43.430742,7,"1;2;3;4;9;10;11"
Root_4577,163.062867,28.482582,7,"0;2;3;4;9;10;11"
Root_4578,387.554627,48.060342,6,"2;3;4;9;10;11"
Root_4579,137.709907,24.078902,7,"0;1;3;4;9;10;11"
Root_4580,347.986979,44.356662,6,"1;3;4;9;10;11"
Root_4581,162.331712,29.408502,6,"0;3;4;9;10;11"
Root_4582,390.636067,48.986262,5,"3;4;9;10;11"
Root_4583,139.746931,25.066550,7,"0;1;2;4;9;10;11"
Root_4584,355.949891,45.344310,6,"1;2;4;9;10;11"
Root_4585,167.331680,30.396150,6,"0;2;4;9;10;11"
Root_4586,399.586627,49.973910,5,"2;4;9;10;11"
Root_4587,138.198771,25.992470,6,"0;1;4;9;10;11"
Root_4588,359.031331,46.270230,5,"1;4;9;10;11"
Root_4589,168.561280,31.322070,5,"0;4;9;10;11"
Root_4590,403.593987,50.899830,4,"4;9;10;11"
Root_4591,151.235933,25.375190,7,"0;1;2;3;9;10;11"
Root_4592,359.036291,45.652950,6,"1;2;3;9;10;11"
Root_4593,174.787370,30.704790,6,"0;2;3;9;10;11"
Root_4594,402.981667,50.282550,5,"2;3;9;10;11"
Root_4595,148.761853,26.301110,6,"0;1;3;9;10;11"
Root_4596,362.117731,46.578870,5,"1;3;9;10;11"
Root_4597,175.091050,31.630710,5,"0;3;9;10;11"
Root_4598,406.989027,51.208470,4,"3;9;10;11"
Root_4599,150.798877,27.288758,6,"0;1;2;9;10;11"
Root_4600,371.068291,47.566518,5,"1;2;9;10;11"
Root_4601,181.035296,32.618358,5,"0;2;9;10;11"
Root_4602,416.927235,52.196118,4,"2;9;10;11"
Root_4603,149.250717,28.214678,5,"0;1;9;10;11"
Root_4604,375.075651,48.492438,4,"1;9;10;11"
Root_4605,182.809174,33.544278,4,"0;9;10;11"
Root_4606,421.860515,53.122038,3,"9;10;11"
Root_4607,95.856109,14.122176,11,"0;1;2;3;4;5;6;7;8;10;11"
Root_4608,291.359034,34.399936,10,"1;2;3;4;5;6;7;8;10;11"
Root_4609,114.168003,19.451776,10,"0;2;3;4;5;6;7;8;10;11"
Root_4610,324.051395,39.029536,9,"2;3;4;5;6;7;8;10;11"
Root_4611,97.707949,15.048096,10,"0;1;3;4;5;6;7;8;10;11"
Root_4612,290.736794,35.325856,9,"1;3;4;5;6;7;8;10;11"
Root_4613,113.242147,20.377696,9,"0;3;4;5;6;7;8;10;11"
Root_4614,324.355075,39.955456,8,"3;4;5;6;7;8;10;11"
Root_4615,94.431405,16.035744,10,"0;1;2;4;5;6;7;8;10;11"
Root_4616,296.107130,36.313504,9,"1;2;4;5;6;7;8;10;11"
Root_4617,115.644515,21.365344,9,"0;2;4;5;6;7;8;10;11"
Root_4618,330.713059,40.943104,8,"2;4;5;6;7;8;10;11"
Root_4619,96.283245,16.961664,9,"0;1;4;5;6;7;8;10;11"
Root_4620,296.410810,37.239424,8,"1;4;5;6;7;8;10;11"
Root_4621,115.022275,22.291264,8,"0;4;5;6;7;8;10;11"
Root_4622,331.942659,41.869024,7,"4;5;6;7;8;10;11"
Root_4623,106.909005,16.344384,10,"0;1;2;3;5;6;7;8;10;11"
Root_4624,298.576250,36.622144,9,"1;2;3;5;6;7;8;10;11"
Root_4625,129.587523,21.673984,9,"0;2;3;5;6;7;8;10;11"
Root_4626,333.490819,41.251744,8,"2;3;5;6;7;8;10;11"
Root_4627,107.834925,17.270304,9,"0;1;3;5;6;7;8;10;11"
Root_4628,298.879930,37.548064,8,"1;3;5;6;7;8;10;11"
Root_4629,128.039363,22.599904,8,"0;3;5;6;7;8;10;11"
Root_4630,334.720419,42.177664,7,"3;5;6;7;8;10;11"
Root_4631,106.142253,18.257952,9,"0;1;2;5;6;7;8;10;11"
Root_4632,305.237914,38.535712,8,"1;2;5;6;7;8;10;11"
Root_4633,131.064035,23.587552,8,"0;2;5;6;7;8;10;11"
Root_4634,342.066051,43.165312,7,"2;5;6;7;8;10;11"
Root_4635,106.410221,19.183872,8,"0;1;5;6;7;8;10;11"
Root_4636,306.467514,39.461632,7,"1;5;6;7;8;10;11"
Root_4637,130.441795,24.513472,7,"0;5;6;7;8;10;11"
Root_4638,344.221571,44.091232,6,"5;6;7;8;10;11"
Root_4639,103.431181,15.665376,10,"0;1;2;3;4;6;7;8;10;11"
Root_4640,293.823194,35.943136,9,"1;2;3;4;6;7;8;10;11"
Root_4641,123.427203,20.994976,9,"0;2;3;4;6;7;8;10;11"
Root_4642,328.058755,40.572736,8,"2;3;4;6;7;8;10;11"
Root_4643,104.439885,16.591296,9,"0;1;3;4;6;7;8;10;11"
Root_4644,294.126874,36.869056,8,"1;3;4;6;7;8;10;11"
Root_4645,121.879043,21.920896,8,"0;3;4;6;7;8;10;11"
Root_4646,329.288355,41.498656,7,"3;4;6;7;8;10;11"
Root_4647,102.068205,17.578944,9,"0;1;2;4;6;7;8;10;11"
Root_4648,300.114490,37.856704,8,"1;2;4;6;7;8;10;11"
Root_4649,124.903715,22.908544,8,"0;2;4;6;7;8;10;11"
Root_4650,336.263619,42.486304,7,"2;4;6;7;8;10;11"
Root_4651,103.015181,18.504864,8,"0;1;4;6;7;8;10;11"
Root_4652,301.344090,38.782624,7,"1;4;6;7;8;10;11"
Root_4653,124.281475,23.834464,7,"0;4;6;7;8;10;11"
Root_4654,338.419139,43.412224,6,"4;6;7;8;10;11"
Root_4655,115.838509,17.887584,9,"0;1;2;3;6;7;8;10;11"
Root_4656,302.583610,38.165344,8,"1;2;3;6;7;8;10;11"
Root_4657,137.760451,23.217184,8,"0;2;3;6;7;8;10;11"
Root_4658,339.041379,42.794944,7,"2;3;6;7;8;10;11"
Root_4659,115.550925,18.813504,8,"0;1;3;6;7;8;10;11"
Root_4660,303.813210,39.091264,7,"1;3;6;7;8;10;11"
Root_4661,136.212291,24.143104,7,"0;3;6;7;8;10;11"
Root_4662,341.196899,43.720864,6,"3;6;7;8;10;11"
Root_4663,115.401453,19.801152,8,"0;1;2;6;7;8;10;11"
Root_4664,310.788474,40.078912,7,"1;2;6;7;8;10;11"
Root_4665,139.236963,25.130752,7,"0;2;6;7;8;10;11"
Root_4666,349.159811,44.708512,6,"2;6;7;8;10;11"
Root_4667,114.126221,20.727072,7,"0;1;6;7;8;10;11"
Root_4668,312.943994,41.004832,6,"1;6;7;8;10;11"
Root_4669,138.614723,26.056672,6,"0;6;7;8;10;11"
Root_4670,352.241251,45.634432,5,"6;7;8;10;11"
Root_4671,107.927517,16.548086,10,"0;1;2;3;4;5;7;8;10;11"
Root_4672,300.409571,36.825846,9,"1;2;3;4;5;7;8;10;11"
Root_4673,130.013440,21.877686,9,"0;2;3;4;5;7;8;10;11"
Root_4674,335.527843,41.455446,8,"2;3;4;5;7;8;10;11"
Root_4675,108.853437,17.474006,9,"0;1;3;4;5;7;8;10;11"
Root_4676,300.713251,37.751766,8,"1;3;4;5;7;8;10;11"
Root_4677,128.465280,22.803606,8,"0;3;4;5;7;8;10;11"
Root_4678,336.757443,42.381366,7,"3;4;5;7;8;10;11"
Root_4679,107.364467,18.461654,9,"0;1;2;4;5;7;8;10;11"
Root_4680,307.071235,38.739414,8,"1;2;4;5;7;8;10;11"
Root_4681,131.489952,23.791254,8,"0;2;4;5;7;8;10;11"
Root_4682,344.103075,43.369014,7,"2;4;5;7;8;10;11"
Root_4683,107.428733,19.387574,8,"0;1;4;5;7;8;10;11"
Root_4684,308.300835,39.665334,7,"1;4;5;7;8;10;11"
Root_4685,130.867712,24.717174,7,"0;4;5;7;8;10;11"
Root_4686,346.258595,44.294934,6,"4;5;7;8;10;11"
Root_4687,122.342026,18.770294,9,"0;1;2;3;5;7;8;10;11"
Root_4688,309.848995,39.048054,8,"1;2;3;5;7;8;10;11"
Root_4689,143.822154,24.099894,8,"0;2;3;5;7;8;10;11"
Root_4690,347.189475,43.677654,7,"2;3;5;7;8;10;11"
Root_4691,121.171731,19.696214,8,"0;1;3;5;7;8;10;11"
Root_4692,311.078595,39.973974,7,"1;3;5;7;8;10;11"
Root_4693,142.273994,25.025814,7,"0;3;5;7;8;10;11"
Root_4694,349.344995,44.603574,6,"3;5;7;8;10;11"
Root_4695,121.904970,20.683862,8,"0;1;2;5;7;8;10;11"
Root_4696,318.424227,40.961622,7,"1;2;5;7;8;10;11"
Root_4697,145.298666,26.013462,7,"0;2;5;7;8;10;11"
Root_4698,357.678275,45.591222,6,"2;5;7;8;10;11"
Root_4699,120.356810,21.609782,7,"0;1;5;7;8;10;11"
Root_4700,320.579747,41.887542,6,"1;5;7;8;10;11"
Root_4701,144.676426,26.939382,6,"0;5;7;8;10;11"
Root_4702,360.759715,46.517142,5,"5;7;8;10;11"
Root_4703,117.060723,18.091286,9,"0;1;2;3;4;7;8;10;11"
Root_4704,304.416931,38.369046,8,"1;2;3;4;7;8;10;11"
Root_4705,137.982666,23.420886,8,"0;2;3;4;7;8;10;11"
Root_4706,341.078403,42.998646,7,"2;3;4;7;8;10;11"
Root_4707,116.569437,19.017206,8,"0;1;3;4;7;8;10;11"
Root_4708,305.646531,39.294966,7,"1;3;4;7;8;10;11"
Root_4709,136.434506,24.346806,7,"0;3;4;7;8;10;11"
Root_4710,343.233923,43.924566,6,"3;4;7;8;10;11"
Root_4711,116.623667,20.004854,8,"0;1;2;4;7;8;10;11"
Root_4712,312.621795,40.282614,7,"1;2;4;7;8;10;11"
Root_4713,139.459178,25.334454,7,"0;2;4;7;8;10;11"
Root_4714,351.196835,44.912214,6,"2;4;7;8;10;11"
Root_4715,115.144733,20.930774,7,"0;1;4;7;8;10;11"
Root_4716,314.777315,41.208534,6,"1;4;7;8;10;11"
Root_4717,138.836938,26.260374,6,"0;4;7;8;10;11"
Root_4718,354.278275,45.838134,5,"4;7;8;10;11"
Root_4719,130.393971,20.313494,8,"0;1;2;3;7;8;10;11"
Root_4720,315.399555,40.591254,7,"1;2;3;7;8;10;11"
Root_4721,150.803731,25.643094,7,"0;2;3;7;8;10;11"
Root_4722,354.283235,45.220854,6,"2;3;7;8;10;11"
Root_4723,127.919891,21.239414,7,"0;1;3;7;8;10;11"
Root_4724,317.555075,41.517174,6,"1;3;7;8;10;11"
Root_4725,149.255571,26.569014,6,"0;3;7;8;10;11"
Root_4726,357.364675,46.146774,5,"3;7;8;10;11"
Root_4727,129.956915,22.227062,7,"0;1;2;7;8;10;11"
Root_4728,325.517987,42.504822,6,"1;2;7;8;10;11"
Root_4729,152.280243,27.556662,6,"0;2;7;8;10;11"
Root_4730,366.315235,47.134422,5,"2;7;8;10;11"
Root_4731,128.408755,23.152982,6,"0;1;7;8;10;11"
Root_4732,328.599427,43.430742,5,"1;7;8;10;11"
Root_4733,151.658003,28.482582,5,"0;7;8;10;11"
Root_4734,370.322595,48.060342,4,"7;8;10;11"
Root_4735,109.353485,17.146848,10,"0;1;2;3;4;5;6;8;10;11"
Root_4736,306.397187,37.424608,9,"1;2;3;4;5;6;8;10;11"
Root_4737,128.217411,22.476448,9,"0;2;3;4;5;6;8;10;11"
Root_4738,342.114221,42.054208,8,"2;3;4;5;6;8;10;11"
Root_4739,109.806637,18.072768,9,"0;1;3;4;5;6;8;10;11"
Root_4740,306.700867,38.350528,8,"1;3;4;5;6;8;10;11"
Root_4741,126.669251,23.402368,8,"0;3;4;5;6;8;10;11"
Root_4742,343.343821,42.980128,7,"3;4;5;6;8;10;11"
Root_4743,108.916429,19.060416,9,"0;1;2;4;5;6;8;10;11"
Root_4744,313.058851,39.338176,8,"1;2;4;5;6;8;10;11"
Root_4745,129.693923,24.390016,8,"0;2;4;5;6;8;10;11"
Root_4746,350.689453,43.967776,7,"2;4;5;6;8;10;11"
Root_4747,108.381933,19.986336,8,"0;1;4;5;6;8;10;11"
Root_4748,314.288451,40.264096,7,"1;4;5;6;8;10;11"
Root_4749,129.071683,25.315936,7,"0;4;5;6;8;10;11"
Root_4750,352.844973,44.893696,6,"4;5;6;8;10;11"
Root_4751,120.464525,19.369056,9,"0;1;2;3;5;6;8;10;11"
Root_4752,315.836611,39.646816,8,"1;2;3;5;6;8;10;11"
Root_4753,141.661635,24.698656,8,"0;2;3;5;6;8;10;11"
Root_4754,353.775853,44.276416,7,"2;3;5;6;8;10;11"
Root_4755,118.695469,20.294976,8,"0;1;3;5;6;8;10;11"
Root_4756,317.066211,40.572736,7,"1;3;5;6;8;10;11"
Root_4757,140.113475,25.624576,7,"0;3;5;6;8;10;11"
Root_4758,355.931373,45.202336,6,"3;5;6;8;10;11"
Root_4759,120.027469,21.282624,8,"0;1;2;5;6;8;10;11"
Root_4760,324.411843,41.560384,7,"1;2;5;6;8;10;11"
Root_4761,143.138147,26.612224,7,"0;2;5;6;8;10;11"
Root_4762,364.264653,46.189984,6,"2;5;6;8;10;11"
Root_4763,118.479309,22.208544,7,"0;1;5;6;8;10;11"
Root_4764,326.567363,42.486304,6,"1;5;6;8;10;11"
Root_4765,142.515907,27.538144,6,"0;5;6;8;10;11"
Root_4766,367.346093,47.115904,5,"5;6;8;10;11"
Root_4767,117.069485,18.690048,9,"0;1;2;3;4;6;8;10;11"
Root_4768,310.404547,38.967808,8,"1;2;3;4;6;8;10;11"
Root_4769,135.933411,24.019648,8,"0;2;3;4;6;8;10;11"
Root_4770,347.664781,43.597408,7,"2;3;4;6;8;10;11"
Root_4771,115.979437,19.615968,8,"0;1;3;4;6;8;10;11"
Root_4772,311.634147,39.893728,7,"1;3;4;6;8;10;11"
Root_4773,134.385251,24.945568,7,"0;3;4;6;8;10;11"
Root_4774,349.820301,44.523328,6,"3;4;6;8;10;11"
Root_4775,116.632429,20.603616,8,"0;1;2;4;6;8;10;11"
Root_4776,318.609411,40.881376,7,"1;2;4;6;8;10;11"
Root_4777,137.409923,25.933216,7,"0;2;4;6;8;10;11"
Root_4778,357.783213,45.510976,6,"2;4;6;8;10;11"
Root_4779,115.084269,21.529536,7,"0;1;4;6;8;10;11"
Root_4780,320.764931,41.807296,6,"1;4;6;8;10;11"
Root_4781,136.787683,26.859136,6,"0;4;6;8;10;11"
Root_4782,360.864653,46.436896,5,"4;6;8;10;11"
Root_4783,128.180525,20.912256,8,"0;1;2;3;6;8;10;11"
Root_4784,321.387171,41.190016,7,"1;2;3;6;8;10;11"
Root_4785,148.044451,26.241856,7,"0;2;3;6;8;10;11"
Root_4786,360.869613,45.819616,6,"2;3;6;8;10;11"
Root_4787,125.706445,21.838176,7,"0;1;3;6;8;10;11"
Root_4788,323.542691,42.115936,6,"1;3;6;8;10;11"
Root_4789,146.496291,27.167776,6,"0;3;6;8;10;11"
Root_4790,363.951053,46.745536,5,"3;6;8;10;11"
Root_4791,127.743469,22.825824,7,"0;1;2;6;8;10;11"
Root_4792,331.505603,43.103584,6,"1;2;6;8;10;11"
Root_4793,149.520963,28.155424,6,"0;2;6;8;10;11"
Root_4794,372.901613,47.733184,5,"2;6;8;10;11"
Root_4795,126.195309,23.751744,6,"0;1;6;8;10;11"
Root_4796,334.587043,44.029504,5,"1;6;8;10;11"
Root_4797,149.061411,29.081344,5,"0;6;8;10;11"
Root_4798,376.908973,48.659104,4,"6;8;10;11"
Root_4799,121.483037,19.572758,9,"0;1;2;3;4;5;8;10;11"
Root_4800,317.873635,39.850518,8,"1;2;3;4;5;8;10;11"
Root_4801,141.883850,24.902358,8,"0;2;3;4;5;8;10;11"
Root_4802,356.016579,44.480118,7,"2;3;4;5;8;10;11"
Root_4803,119.510278,20.498678,8,"0;1;3;4;5;8;10;11"
Root_4804,319.103235,40.776438,7,"1;3;4;5;8;10;11"
Root_4805,140.335690,25.828278,7,"0;3;4;5;8;10;11"
Root_4806,358.172099,45.406038,6,"3;4;5;8;10;11"
Root_4807,121.045981,21.486326,8,"0;1;2;4;5;8;10;11"
Root_4808,326.448867,41.764086,7,"1;2;4;5;8;10;11"
Root_4809,143.360362,26.815926,7,"0;2;4;5;8;10;11"
Root_4810,366.505379,46.393686,6,"2;4;5;8;10;11"
Root_4811,119.497821,22.412246,7,"0;1;4;5;8;10;11"
Root_4812,328.604387,42.690006,6,"1;4;5;8;10;11"
Root_4813,142.738122,27.741846,6,"0;4;5;8;10;11"
Root_4814,369.586819,47.319606,5,"4;5;8;10;11"
Root_4815,133.801331,21.794966,8,"0;1;2;3;5;8;10;11"
Root_4816,329.535267,42.072726,7,"1;2;3;5;8;10;11"
Root_4817,153.785309,27.124566,7,"0;2;3;5;8;10;11"
Root_4818,369.900419,46.702326,6,"2;3;5;8;10;11"
Root_4819,131.327251,22.720886,7,"0;1;3;5;8;10;11"
Root_4820,331.690787,42.998646,6,"1;3;5;8;10;11"
Root_4821,152.237149,28.050486,6,"0;3;5;8;10;11"
Root_4822,372.981859,47.628246,5,"3;5;8;10;11"
Root_4823,133.364275,23.708534,7,"0;1;2;5;8;10;11"
Root_4824,340.024067,43.986294,6,"1;2;5;8;10;11"
Root_4825,155.702144,29.038134,6,"0;2;5;8;10;11"
Root_4826,382.302787,48.615894,5,"2;5;8;10;11"
Root_4827,131.816115,24.634454,6,"0;1;5;8;10;11"
Root_4828,343.105507,44.912214,5,"1;5;8;10;11"
Root_4829,156.931744,29.964054,5,"0;5;8;10;11"
Root_4830,386.310147,49.541814,4,"5;8;10;11"
Root_4831,129.199037,21.115958,8,"0;1;2;3;4;8;10;11"
Root_4832,323.424195,41.393718,7,"1;2;3;4;8;10;11"
Root_4833,148.062963,26.445558,7,"0;2;3;4;8;10;11"
Root_4834,363.110339,46.023318,6,"2;3;4;8;10;11"
Root_4835,126.724957,22.041878,7,"0;1;3;4;8;10;11"
Root_4836,325.579715,42.319638,6,"1;3;4;8;10;11"
Root_4837,146.514803,27.371478,6,"0;3;4;8;10;11"
Root_4838,366.191779,46.949238,5,"3;4;8;10;11"
Root_4839,128.761981,23.029526,7,"0;1;2;4;8;10;11"
Root_4840,333.542627,43.307286,6,"1;2;4;8;10;11"
Root_4841,149.539475,28.359126,6,"0;2;4;8;10;11"
Root_4842,375.142339,47.936886,5,"2;4;8;10;11"
Root_4843,127.213821,23.955446,6,"0;1;4;8;10;11"
Root_4844,336.624067,44.233206,5,"1;4;8;10;11"
Root_4845,149.487328,29.285046,5,"0;4;8;10;11"
Root_4846,379.149699,48.862806,4,"4;8;10;11"
Root_4847,140.310077,23.338166,7,"0;1;2;3;8;10;11"
Root_4848,336.629027,43.615926,6,"1;2;3;8;10;11"
Root_4849,158.414909,28.667766,6,"0;2;3;8;10;11"
Root_4850,378.537379,48.245526,5,"2;3;8;10;11"
Root_4851,137.835997,24.264086,6,"0;1;3;8;10;11"
Root_4852,339.710467,44.541846,5,"1;3;8;10;11"
Root_4853,158.054122,29.593686,5,"0;3;8;10;11"
Root_4854,382.544739,49.171446,4,"3;8;10;11"
Root_4855,139.873021,25.251734,6,"0;1;2;8;10;11"
Root_4856,348.661027,45.529494,5,"1;2;8;10;11"
Root_4857,163.054090,30.581334,5,"0;2;8;10;11"
Root_4858,392.482947,50.159094,4,"2;8;10;11"
Root_4859,138.324861,26.177654,5,"0;1;8;10;11"
Root_4860,352.668387,46.455414,4,"1;8;10;11"
Root_4861,164.283690,31.507254,4,"0;8;10;11"
Root_4862,397.416227,51.085014,3,"8;10;11"
Root_4863,107.301037,18.751776,10,"0;1;2;3;4;5;6;7;10;11"
Root_4864,324.051395,39.029536,9,"1;2;3;4;5;6;7;10;11"
Root_4865,137.113219,24.081376,9,"0;2;3;4;5;6;7;10;11"
Root_4866,361.373357,43.659136,8,"2;3;4;5;6;7;10;11"
Root_4867,107.075181,19.677696,9,"0;1;3;4;5;6;7;10;11"
Root_4868,324.355075,39.955456,8,"1;3;4;5;6;7;10;11"
Root_4869,136.490979,25.007296,8,"0;3;4;5;6;7;10;11"
Root_4870,362.602957,44.585056,7,"3;4;5;6;7;10;11"
Root_4871,108.777549,20.665344,9,"0;1;2;4;5;6;7;10;11"
Root_4872,330.713059,40.943104,8,"1;2;4;5;6;7;10;11"
Root_4873,140.503299,25.994944,8,"0;2;4;5;6;7;10;11"
Root_4874,369.948589,45.572704,7,"2;4;5;6;7;10;11"
Root_4875,108.155309,21.591264,8,"0;1;4;5;6;7;10;11"
Root_4876,331.942659,41.869024,7,"1;4;5;6;7;10;11"
Root_4877,140.806979,26.920864,7,"0;4;5;6;7;10;11"
Root_4878,372.104109,46.498624,6,"4;5;6;7;10;11"
Root_4879,122.399706,20.973984,9,"0;1;2;3;5;6;7;10;11"
Root_4880,333.490819,41.251744,8,"1;2;3;5;6;7;10;11"
Root_4881,152.298307,26.303584,8,"0;2;3;5;6;7;10;11"
Root_4882,373.034989,45.881344,7,"2;3;5;6;7;10;11"
Root_4883,120.851546,21.899904,8,"0;1;3;5;6;7;10;11"
Root_4884,334.720419,42.177664,7,"1;3;5;6;7;10;11"
Root_4885,151.676067,27.229504,7,"0;3;5;6;7;10;11"
Root_4886,375.190509,46.807264,6,"3;5;6;7;10;11"
Root_4887,123.876218,22.887552,8,"0;1;2;5;6;7;10;11"
Root_4888,342.066051,43.165312,7,"1;2;5;6;7;10;11"
Root_4889,155.750115,28.217152,7,"0;2;5;6;7;10;11"
Root_4890,383.523789,47.794912,6,"2;5;6;7;10;11"
Root_4891,123.253978,23.813472,7,"0;1;5;6;7;10;11"
Root_4892,344.221571,44.091232,6,"1;5;6;7;10;11"
Root_4893,156.196867,29.143072,6,"0;5;6;7;10;11"
Root_4894,386.605229,48.720832,5,"5;6;7;10;11"
Root_4895,116.914701,20.294976,9,"0;1;2;3;4;6;7;10;11"
Root_4896,328.058755,40.572736,8,"1;2;3;4;6;7;10;11"
Root_4897,145.656515,25.624576,8,"0;2;3;4;6;7;10;11"
Root_4898,366.923917,45.202336,7,"2;3;4;6;7;10;11"
Root_4899,115.366541,21.220896,8,"0;1;3;4;6;7;10;11"
Root_4900,329.288355,41.498656,7,"1;3;4;6;7;10;11"
Root_4901,145.034275,26.550496,7,"0;3;4;6;7;10;11"
Root_4902,369.079437,46.128256,6,"3;4;6;7;10;11"
Root_4903,118.391213,22.208544,8,"0;1;2;4;6;7;10;11"
Root_4904,336.263619,42.486304,7,"1;2;4;6;7;10;11"
Root_4905,149.046595,27.538144,7,"0;2;4;6;7;10;11"
Root_4906,377.042349,47.115904,6,"2;4;6;7;10;11"
Root_4907,117.768973,23.134464,7,"0;1;4;6;7;10;11"
Root_4908,338.419139,43.412224,6,"1;4;6;7;10;11"
Root_4909,149.350275,28.464064,6,"0;4;6;7;10;11"
Root_4910,380.123789,48.041824,5,"4;6;7;10;11"
Root_4911,131.272634,22.517184,8,"0;1;2;3;6;7;10;11"
Root_4912,339.041379,42.794944,7,"1;2;3;6;7;10;11"
Root_4913,158.989763,27.846784,7,"0;2;3;6;7;10;11"
Root_4914,380.128749,47.424544,6,"2;3;6;7;10;11"
Root_4915,129.724474,23.443104,7,"0;1;3;6;7;10;11"
Root_4916,341.196899,43.720864,6,"1;3;6;7;10;11"
Root_4917,158.367523,28.772704,6,"0;3;6;7;10;11"
Root_4918,383.210189,48.350464,5,"3;6;7;10;11"
Root_4919,132.749146,24.430752,7,"0;1;2;6;7;10;11"
Root_4920,349.159811,44.708512,6,"1;2;6;7;10;11"
Root_4921,163.140195,29.760352,6,"0;2;6;7;10;11"
Root_4922,392.160749,49.338112,5,"2;6;7;10;11"
Root_4923,132.126906,25.356672,6,"0;1;6;7;10;11"
Root_4924,352.241251,45.634432,5,"1;6;7;10;11"
Root_4925,164.369795,30.686272,5,"0;6;7;10;11"
Root_4926,396.168109,50.264032,4,"6;7;10;11"
Root_4927,123.013440,21.177686,9,"0;1;2;3;4;5;7;10;11"
Root_4928,335.527843,41.455446,8,"1;2;3;4;5;7;10;11"
Root_4929,152.786112,26.507286,8,"0;2;3;4;5;7;10;11"
Root_4930,375.275715,46.085046,7,"2;3;4;5;7;10;11"
Root_4931,121.465280,22.103606,8,"0;1;3;4;5;7;10;11"
Root_4932,336.757443,42.381366,7,"1;3;4;5;7;10;11"
Root_4933,152.163872,27.433206,7,"0;3;4;5;7;10;11"
Root_4934,377.431235,47.010966,6,"3;4;5;7;10;11"
Root_4935,124.489952,23.091254,8,"0;1;2;4;5;7;10;11"
Root_4936,344.103075,43.369014,7,"1;2;4;5;7;10;11"
Root_4937,156.237920,28.420854,7,"0;2;4;5;7;10;11"
Root_4938,385.764515,47.998614,6,"2;4;5;7;10;11"
Root_4939,123.867712,24.017174,7,"0;1;4;5;7;10;11"
Root_4940,346.258595,44.294934,6,"1;4;5;7;10;11"
Root_4941,156.888374,29.346774,6,"0;4;5;7;10;11"
Root_4942,388.845955,48.924534,5,"4;5;7;10;11"
Root_4943,137.334336,23.399894,8,"0;1;2;3;5;7;10;11"
Root_4944,347.189475,43.677654,7,"1;2;3;5;7;10;11"
Root_4945,165.668906,28.729494,7,"0;2;3;5;7;10;11"
Root_4946,389.159555,48.307254,6,"2;3;5;7;10;11"
Root_4947,135.786176,24.325814,7,"0;1;3;5;7;10;11"
Root_4948,349.344995,44.603574,6,"1;3;5;7;10;11"
Root_4949,165.702080,29.655414,6,"0;3;5;7;10;11"
Root_4950,392.240995,49.233174,5,"3;5;7;10;11"
Root_4951,138.810848,25.313462,7,"0;1;2;5;7;10;11"
Root_4952,357.678275,45.591222,6,"1;2;5;7;10;11"
Root_4953,171.072416,30.643062,6,"0;2;5;7;10;11"
Root_4954,401.561923,50.220822,5,"2;5;7;10;11"
Root_4955,138.188608,26.239382,6,"0;1;5;7;10;11"
Root_4956,360.759715,46.517142,5,"1;5;7;10;11"
Root_4957,172.302016,31.568982,5,"0;5;7;10;11"
Root_4958,405.569283,51.146742,4,"5;7;10;11"
Root_4959,131.682666,22.720886,8,"0;1;2;3;4;7;10;11"
Root_4960,341.078403,42.998646,7,"1;2;3;4;7;10;11"
Root_4961,159.273866,28.050486,7,"0;2;3;4;7;10;11"
Root_4962,382.369475,47.628246,6,"2;3;4;7;10;11"
Root_4963,130.134506,23.646806,7,"0;1;3;4;7;10;11"
Root_4964,343.233923,43.924566,6,"1;3;4;7;10;11"
Root_4965,158.651626,28.976406,6,"0;3;4;7;10;11"
Root_4966,385.450915,48.554166,5,"3;4;7;10;11"
Root_4967,133.159178,24.634454,7,"0;1;2;4;7;10;11"
Root_4968,351.196835,44.912214,6,"1;2;4;7;10;11"
Root_4969,163.628000,29.964054,6,"0;2;4;7;10;11"
Root_4970,394.401475,49.541814,5,"2;4;7;10;11"
Root_4971,132.536938,25.560374,6,"0;1;4;7;10;11"
Root_4972,354.278275,45.838134,5,"1;4;7;10;11"
Root_4973,164.857600,30.889974,5,"0;4;7;10;11"
Root_4974,398.408835,50.467734,4,"4;7;10;11"
Root_4975,145.015914,24.943094,7,"0;1;2;3;7;10;11"
Root_4976,354.283235,45.220854,6,"1;2;3;7;10;11"
Root_4977,171.515786,30.272694,6,"0;2;3;7;10;11"
Root_4978,397.796515,49.850454,5,"2;3;7;10;11"
Root_4979,143.467754,25.869014,6,"0;1;3;7;10;11"
Root_4980,357.364675,46.146774,5,"1;3;7;10;11"
Root_4981,171.819466,31.198614,5,"0;3;7;10;11"
Root_4982,401.803875,50.776374,4,"3;7;10;11"
Root_4983,146.492426,26.856662,6,"0;1;2;7;10;11"
Root_4984,366.315235,47.134422,5,"1;2;7;10;11"
Root_4985,177.331616,32.186262,5,"0;2;7;10;11"
Root_4986,411.742083,51.764022,4,"2;7;10;11"
Root_4987,145.870186,27.782582,5,"0;1;7;10;11"
Root_4988,370.322595,48.060342,4,"1;7;10;11"
Root_4989,178.673398,33.112182,4,"0;7;10;11"
Root_4990,416.675363,52.689942,3,"7;10;11"
Root_4991,121.803533,21.776448,9,"0;1;2;3;4;5;6;10;11"
Root_4992,342.114221,42.054208,8,"1;2;3;4;5;6;10;11"
Root_4993,151.539309,27.106048,8,"0;2;3;4;5;6;10;11"
Root_4994,382.460854,46.683808,7,"2;3;4;5;6;10;11"
Root_4995,120.255373,22.702368,8,"0;1;3;4;5;6;10;11"
Root_4996,343.343821,42.980128,7,"1;3;4;5;6;10;11"
Root_4997,150.917069,28.031968,7,"0;3;4;5;6;10;11"
Root_4998,384.616374,47.609728,6,"3;4;5;6;10;11"
Root_4999,123.280045,23.690016,8,"0;1;2;4;5;6;10;11"
Root_5000,350.689453,43.967776,7,"1;2;4;5;6;10;11"
Root_5001,155.314157,29.019616,7,"0;2;4;5;6;10;11"
Root_5002,392.949654,48.597376,6,"2;4;5;6;10;11"
Root_5003,122.657805,24.615936,7,"0;1;4;5;6;10;11"
Root_5004,352.844973,44.893696,6,"1;4;5;6;10;11"
Root_5005,157.469677,29.945536,6,"0;4;5;6;10;11"
Root_5006,396.031094,49.523296,5,"4;5;6;10;11"
Root_5007,135.361635,23.998656,8,"0;1;2;3;5;6;10;11"
Root_5008,353.775853,44.276416,7,"1;2;3;5;6;10;11"
Root_5009,164.886957,29.328256,7,"0;2;3;5;6;10;11"
Root_5010,396.344694,48.906016,6,"2;3;5;6;10;11"
Root_5011,133.813475,24.924576,7,"0;1;3;5;6;10;11"
Root_5012,355.931373,45.202336,6,"1;3;5;6;10;11"
Root_5013,166.116557,30.254176,6,"0;3;5;6;10;11"
Root_5014,399.426134,49.831936,5,"3;5;6;10;11"
Root_5015,136.838147,25.912224,7,"0;1;2;5;6;10;11"
Root_5016,364.264653,46.189984,6,"1;2;5;6;10;11"
Root_5017,172.844909,31.241824,6,"0;2;5;6;10;11"
Root_5018,408.747062,50.819584,5,"2;5;6;10;11"
Root_5019,136.215907,26.838144,6,"0;1;5;6;10;11"
Root_5020,367.346093,47.115904,5,"1;5;6;10;11"
Root_5021,175.000429,32.167744,5,"0;5;6;10;11"
Root_5022,412.754422,51.745504,4,"5;6;10;11"
Root_5023,129.873997,23.319648,8,"0;1;2;3;4;6;10;11"
Root_5024,347.664781,43.597408,7,"1;2;3;4;6;10;11"
Root_5025,157.712109,28.649248,7,"0;2;3;4;6;10;11"
Root_5026,389.554614,48.227008,6,"2;3;4;6;10;11"
Root_5027,128.325837,24.245568,7,"0;1;3;4;6;10;11"
Root_5028,349.820301,44.523328,6,"1;3;4;6;10;11"
Root_5029,158.240205,29.575168,6,"0;3;4;6;10;11"
Root_5030,392.636054,49.152928,5,"3;4;6;10;11"
Root_5031,131.350509,25.233216,7,"0;1;2;4;6;10;11"
Root_5032,357.783213,45.510976,6,"1;2;4;6;10;11"
Root_5033,164.227821,30.562816,6,"0;2;4;6;10;11"
Root_5034,401.586614,50.140576,5,"2;4;6;10;11"
Root_5035,130.728269,26.159136,6,"0;1;4;6;10;11"
Root_5036,360.864653,46.436896,5,"1;4;6;10;11"
Root_5037,166.383341,31.488736,5,"0;4;6;10;11"
Root_5038,405.593974,51.066496,4,"4;6;10;11"
Root_5039,142.444451,25.541856,7,"0;1;2;3;6;10;11"
Root_5040,360.869613,45.819616,6,"1;2;3;6;10;11"
Root_5041,171.948781,30.871456,6,"0;2;3;6;10;11"
Root_5042,404.981654,50.449216,5,"2;3;6;10;11"
Root_5043,140.896291,26.467776,6,"0;1;3;6;10;11"
Root_5044,363.951053,46.745536,5,"1;3;6;10;11"
Root_5045,173.178381,31.797376,5,"0;3;6;10;11"
Root_5046,408.989014,51.375136,4,"3;6;10;11"
Root_5047,143.920963,27.455424,6,"0;1;2;6;10;11"
Root_5048,372.901613,47.733184,5,"1;2;6;10;11"
Root_5049,180.153645,32.785024,5,"0;2;6;10;11"
Root_5050,418.927222,52.362784,4,"2;6;10;11"
Root_5051,143.298723,28.381344,5,"0;1;6;10;11"
Root_5052,376.908973,48.659104,4,"1;6;10;11"
Root_5053,183.020109,33.710944,4,"0;6;10;11"
Root_5054,423.860502,53.288704,3,"6;10;11"
Root_5055,135.583850,24.202358,8,"0;1;2;3;4;5;10;11"
Root_5056,356.016579,44.480118,7,"1;2;3;4;5;10;11"
Root_5057,165.923981,29.531958,7,"0;2;3;4;5;10;11"
Root_5058,398.789123,49.109718,6,"2;3;4;5;10;11"
Root_5059,134.035690,25.128278,7,"0;1;3;4;5;10;11"
Root_5060,358.172099,45.406038,6,"1;3;4;5;10;11"
Root_5061,167.153581,30.457878,6,"0;3;4;5;10;11"
Root_5062,401.870563,50.035638,5,"3;4;5;10;11"
Root_5063,137.060362,26.115926,7,"0;1;2;4;5;10;11"
Root_5064,366.505379,46.393686,6,"1;2;4;5;10;11"
Root_5065,173.881933,31.445526,6,"0;2;4;5;10;11"
Root_5066,411.191491,51.023286,5,"2;4;5;10;11"
Root_5067,136.438122,27.041846,6,"0;1;4;5;10;11"
Root_5068,369.586819,47.319606,5,"1;4;5;10;11"
Root_5069,176.037453,32.371446,5,"0;4;5;10;11"
Root_5070,415.198851,51.949206,4,"4;5;10;11"
Root_5071,148.487635,26.424566,7,"0;1;2;3;5;10;11"
Root_5072,369.900419,46.702326,6,"1;2;3;5;10;11"
Root_5073,181.214166,31.754166,6,"0;2;3;5;10;11"
Root_5074,414.895171,51.331926,5,"2;3;5;10;11"
Root_5075,146.939475,27.350486,6,"0;1;3;5;10;11"
Root_5076,372.981859,47.628246,5,"1;3;5;10;11"
Root_5077,182.443766,32.680086,5,"0;3;5;10;11"
Root_5078,418.902531,52.257846,4,"3;5;10;11"
Root_5079,150.025875,28.338134,6,"0;1;2;5;10;11"
Root_5080,382.302787,48.615894,5,"1;2;5;10;11"
Root_5081,189.789398,33.667734,5,"0;2;5;10;11"
Root_5082,429.211107,53.245494,4,"2;5;10;11"
Root_5083,149.931744,29.264054,5,"0;1;5;10;11"
Root_5084,386.310147,49.541814,4,"1;5;10;11"
Root_5085,191.944918,34.593654,4,"0;5;10;11"
Root_5086,434.144387,54.171414,3,"5;10;11"
Root_5087,142.462963,25.745558,7,"0;1;2;3;4;10;11"
Root_5088,363.110339,46.023318,6,"1;2;3;4;10;11"
Root_5089,172.782102,31.075158,6,"0;2;3;4;10;11"
Root_5090,407.426083,50.652918,5,"2;3;4;10;11"
Root_5091,140.914803,26.671478,6,"0;1;3;4;10;11"
Root_5092,366.191779,46.949238,5,"1;3;4;10;11"
Root_5093,174.011702,32.001078,5,"0;3;4;10;11"
Root_5094,411.433443,51.578838,4,"3;4;10;11"
Root_5095,143.939475,27.659126,6,"0;1;2;4;10;11"
Root_5096,375.142339,47.936886,5,"1;2;4;10;11"
Root_5097,180.986966,32.988726,5,"0;2;4;10;11"
Root_5098,421.371651,52.566486,4,"2;4;10;11"
Root_5099,143.317235,28.585046,5,"0;1;4;10;11"
Root_5100,379.149699,48.862806,4,"1;4;10;11"
Root_5101,184.057133,33.914646,4,"0;4;10;11"
Root_5102,426.304931,53.492406,3,"4;10;11"
Root_5103,153.514909,27.967766,6,"0;1;2;3;10;11"
Root_5104,378.537379,48.245526,5,"1;2;3;10;11"
Root_5105,186.764726,33.297366,5,"0;2;3;10;11"
Root_5106,425.075331,52.875126,4,"2;3;10;11"
Root_5107,151.966749,28.893686,5,"0;1;3;10;11"
Root_5108,382.544739,49.171446,4,"1;3;10;11"
Root_5109,188.920246,34.223286,4,"0;3;10;11"
Root_5110,430.008611,53.801046,3,"3;10;11"
Root_5111,156.754090,29.881334,5,"0;1;2;10;11"
Root_5112,392.482947,50.159094,4,"1;2;10;11"
Root_5113,197.094093,35.210934,4,"0;2;10;11"
Root_5114,440.934467,54.788694,3,"2;10;11"
Root_5115,157.983690,30.807254,4,"0;1;10;11"
Root_5116,397.416227,51.085014,3,"1;10;11"
Root_5117,201.238307,36.136854,3,"0;10;11"
Root_5118,446.793667,55.714614,2,"10;11"
Root_5119,83.427011,9.655520,11,"0;1;2;3;4;5;6;7;8;9;11"
Root_5120,291.952976,32.733280,10,"1;2;3;4;5;6;7;8;9;11"
Root_5121,124.450426,17.785120,10,"0;2;3;4;5;6;7;8;9;11"
Root_5122,319.011962,37.362880,9,"2;3;4;5;6;7;8;9;11"
Root_5123,86.165347,10.581440,10,"0;1;3;4;5;6;7;8;9;11"
Root_5124,289.704816,33.659200,9,"1;3;4;5;6;7;8;9;11"
Root_5125,123.565306,18.711040,9,"0;3;4;5;6;7;8;9;11"
Root_5126,318.615642,38.288800,8,"3;4;5;6;7;8;9;11"
Root_5127,102.590477,14.369088,10,"0;1;2;4;5;6;7;8;9;11"
Root_5128,293.099856,34.646848,9,"1;2;4;5;6;7;8;9;11"
Root_5129,123.313370,19.698688,9,"0;2;4;5;6;7;8;9;11"
Root_5130,323.985978,39.276448,8,"2;4;5;6;7;8;9;11"
Root_5131,104.195469,15.295008,9,"0;1;4;5;6;7;8;9;11"
Root_5132,291.777616,35.572768,8,"1;4;5;6;7;8;9;11"
Root_5133,121.440602,20.624608,8,"0;4;5;6;7;8;9;11"
Root_5134,324.515578,40.202368,7,"4;5;6;7;8;9;11"
Root_5135,108.618861,13.277728,10,"0;1;2;3;5;6;7;8;9;11"
Root_5136,295.996208,34.955488,9,"1;2;3;5;6;7;8;9;11"
Root_5137,138.569146,20.007328,9,"0;2;3;5;6;7;8;9;11"
Root_5138,326.455098,39.585088,8,"2;3;5;6;7;8;9;11"
Root_5139,109.544781,14.203648,9,"0;1;3;5;6;7;8;9;11"
Root_5140,293.748048,35.881408,8,"1;3;5;6;7;8;9;11"
Root_5141,135.461818,20.933248,8,"0;3;5;6;7;8;9;11"
Root_5142,326.984698,40.511008,7,"3;5;6;7;8;9;11"
Root_5143,116.238243,16.591296,9,"0;1;2;5;6;7;8;9;11"
Root_5144,298.881200,36.869056,8,"1;2;5;6;7;8;9;11"
Root_5145,137.432090,21.920896,8,"0;2;5;6;7;8;9;11"
Root_5146,333.342682,41.498656,7,"2;5;6;7;8;9;11"
Root_5147,116.546947,17.517216,8,"0;1;5;6;7;8;9;11"
Root_5148,299.410800,37.794976,7,"1;5;6;7;8;9;11"
Root_5149,135.183930,22.846816,7,"0;5;6;7;8;9;11"
Root_5150,334.798202,42.424576,6,"5;6;7;8;9;11"
Root_5151,98.112557,11.898720,10,"0;1;2;3;4;6;7;8;9;11"
Root_5152,291.556656,34.276480,9,"1;2;3;4;6;7;8;9;11"
Root_5153,133.219642,19.328320,9,"0;2;3;4;6;7;8;9;11"
Root_5154,321.702042,38.906080,8,"2;3;4;6;7;8;9;11"
Root_5155,99.964397,12.824640,9,"0;1;3;4;6;7;8;9;11"
Root_5156,290.234416,35.202400,8,"1;3;4;6;7;8;9;11"
Root_5157,130.791322,20.254240,8,"0;3;4;6;7;8;9;11"
Root_5158,322.231642,39.832000,7,"3;4;6;7;8;9;11"
Root_5159,110.985549,15.912288,9,"0;1;2;4;6;7;8;9;11"
Root_5160,294.436784,36.190048,8,"1;2;4;6;7;8;9;11"
Root_5161,132.082586,21.241888,8,"0;2;4;6;7;8;9;11"
Root_5162,328.219258,40.819648,7,"2;4;6;7;8;9;11"
Root_5163,111.911469,16.838208,8,"0;1;4;6;7;8;9;11"
Root_5164,294.966384,37.115968,7,"1;4;6;7;8;9;11"
Root_5165,129.834426,22.167808,7,"0;4;6;7;8;9;11"
Root_5166,329.674778,41.745568,6,"4;6;7;8;9;11"
Root_5167,117.033549,14.820928,9,"0;1;2;3;6;7;8;9;11"
Root_5168,296.597264,36.498688,8,"1;2;3;6;7;8;9;11"
Root_5169,146.285146,21.550528,8,"0;2;3;6;7;8;9;11"
Root_5170,330.688378,41.128288,7,"2;3;6;7;8;9;11"
Root_5171,117.260781,15.746848,8,"0;1;3;6;7;8;9;11"
Root_5172,297.126864,37.424608,7,"1;3;6;7;8;9;11"
Root_5173,143.111066,22.476448,7,"0;3;6;7;8;9;11"
Root_5174,332.143898,42.054208,6,"3;6;7;8;9;11"
Root_5175,125.090179,18.134496,8,"0;1;2;6;7;8;9;11"
Root_5176,303.114480,38.412256,7,"1;2;6;7;8;9;11"
Root_5177,145.148090,23.464096,7,"0;2;6;7;8;9;11"
Root_5178,339.119162,43.041856,6,"2;6;7;8;9;11"
Root_5179,123.855683,19.060416,7,"0;1;6;7;8;9;11"
Root_5180,304.570000,39.338176,6,"1;6;7;8;9;11"
Root_5181,142.899930,24.390016,6,"0;6;7;8;9;11"
Root_5182,341.500602,43.967776,5,"6;7;8;9;11"
Root_5183,104.384211,12.781430,10,"0;1;2;3;4;5;7;8;9;11"
Root_5184,296.377613,35.159190,9,"1;2;3;4;5;7;8;9;11"
Root_5185,139.281344,20.211030,9,"0;2;3;4;5;7;8;9;11"
Root_5186,328.288419,39.788790,8,"2;3;4;5;7;8;9;11"
Root_5187,105.663293,13.707350,9,"0;1;3;4;5;7;8;9;11"
Root_5188,295.140483,36.085110,8,"1;3;4;5;7;8;9;11"
Root_5189,136.107264,21.136950,8,"0;3;4;5;7;8;9;11"
Root_5190,328.818019,40.714710,7,"3;4;5;7;8;9;11"
Root_5191,116.830986,16.794998,9,"0;1;2;4;5;7;8;9;11"
Root_5192,300.510819,37.072758,8,"1;2;4;5;7;8;9;11"
Root_5193,138.144288,22.124598,8,"0;2;4;5;7;8;9;11"
Root_5194,335.176003,41.702358,7,"2;4;5;7;8;9;11"
Root_5195,116.935987,17.720918,8,"0;1;4;5;7;8;9;11"
Root_5196,301.040419,37.998678,7,"1;4;5;7;8;9;11"
Root_5197,135.896128,23.050518,7,"0;4;5;7;8;9;11"
Root_5198,336.631523,42.628278,6,"4;5;7;8;9;11"
Root_5199,123.107507,15.703638,9,"0;1;2;3;5;7;8;9;11"
Root_5200,302.979939,37.381398,8,"1;2;3;5;7;8;9;11"
Root_5201,151.881555,22.433238,8,"0;2;3;5;7;8;9;11"
Root_5202,337.953763,42.010998,7,"2;3;5;7;8;9;11"
Root_5203,123.107507,16.629558,8,"0;1;3;5;7;8;9;11"
Root_5204,303.509539,38.307318,7,"1;3;5;7;8;9;11"
Root_5205,148.707475,23.359158,7,"0;3;5;7;8;9;11"
Root_5206,339.409283,42.936918,6,"3;5;7;8;9;11"
Root_5207,131.096467,19.017206,8,"0;1;2;5;7;8;9;11"
Root_5208,309.867523,39.294966,7,"1;2;5;7;8;9;11"
Root_5209,150.744499,24.346806,7,"0;2;5;7;8;9;11"
Root_5210,346.754915,43.924566,6,"2;5;7;8;9;11"
Root_5211,128.979261,19.943126,7,"0;1;5;7;8;9;11"
Root_5212,311.323043,40.220886,6,"1;5;7;8;9;11"
Root_5213,148.496339,25.272726,6,"0;5;7;8;9;11"
Root_5214,349.136355,44.850486,5,"5;7;8;9;11"
Root_5215,112.655763,14.324630,9,"0;1;2;3;4;7;8;9;11"
Root_5216,298.226883,36.702390,8,"1;2;3;4;7;8;9;11"
Root_5217,146.859210,21.754230,8,"0;2;3;4;7;8;9;11"
Root_5218,332.521699,41.331990,7,"2;3;4;7;8;9;11"
Root_5219,113.379293,15.250550,8,"0;1;3;4;7;8;9;11"
Root_5220,298.756483,37.628310,7,"1;3;4;7;8;9;11"
Root_5221,143.685130,22.680150,7,"0;3;4;7;8;9;11"
Root_5222,333.977219,42.257910,6,"3;4;7;8;9;11"
Root_5223,125.479219,18.338198,8,"0;1;2;4;7;8;9;11"
Root_5224,304.744099,38.615958,7,"1;2;4;7;8;9;11"
Root_5225,145.722154,23.667798,7,"0;2;4;7;8;9;11"
Root_5226,340.952483,43.245558,6,"2;4;7;8;9;11"
Root_5227,124.041021,19.264118,7,"0;1;4;7;8;9;11"
Root_5228,306.199619,39.541878,6,"1;4;7;8;9;11"
Root_5229,143.473994,24.593718,6,"0;4;7;8;9;11"
Root_5230,343.333923,44.171478,5,"4;7;8;9;11"
Root_5231,130.663091,17.246838,8,"0;1;2;3;7;8;9;11"
Root_5232,307.213219,38.924598,7,"1;2;3;7;8;9;11"
Root_5233,158.054355,23.976438,7,"0;2;3;7;8;9;11"
Root_5234,343.730243,43.554198,6,"2;3;7;8;9;11"
Root_5235,129.390333,18.172758,7,"0;1;3;7;8;9;11"
Root_5236,308.668739,39.850518,6,"1;3;7;8;9;11"
Root_5237,154.880275,24.902358,6,"0;3;7;8;9;11"
Root_5238,346.111683,44.480118,5,"3;7;8;9;11"
Root_5239,138.812467,20.560406,7,"0;1;2;7;8;9;11"
Root_5240,315.644003,40.838166,6,"1;2;7;8;9;11"
Root_5241,156.917299,25.890006,6,"0;2;7;8;9;11"
Root_5242,354.074595,45.467766,5,"2;7;8;9;11"
Root_5243,135.638387,21.486326,6,"0;1;7;8;9;11"
Root_5244,318.025443,41.764086,5,"1;7;8;9;11"
Root_5245,154.669139,26.815926,5,"0;7;8;9;11"
Root_5246,357.381955,46.393686,4,"7;8;9;11"
Root_5247,119.690573,15.480192,10,"0;1;2;3;4;5;6;8;9;11"
Root_5248,301.599802,35.757952,9,"1;2;3;4;5;6;8;9;11"
Root_5249,137.204931,20.809792,9,"0;2;3;4;5;6;8;9;11"
Root_5250,334.708131,40.387552,8,"2;3;4;5;6;8;9;11"
Root_5251,119.690573,16.406112,9,"0;1;3;4;5;6;8;9;11"
Root_5252,300.961434,36.683872,8,"1;3;4;5;6;8;9;11"
Root_5253,134.030851,21.735712,8,"0;3;4;5;6;8;9;11"
Root_5254,335.237731,41.313472,7,"3;4;5;6;8;9;11"
Root_5255,116.146061,17.393760,9,"0;1;2;4;5;6;8;9;11"
Root_5256,306.331770,37.671520,8,"1;2;4;5;6;8;9;11"
Root_5257,136.067875,22.723360,8,"0;2;4;5;6;8;9;11"
Root_5258,341.595715,42.301120,7,"2;4;5;6;8;9;11"
Root_5259,115.652301,18.319680,8,"0;1;4;5;6;8;9;11"
Root_5260,306.861370,38.597440,7,"1;4;5;6;8;9;11"
Root_5261,133.819715,23.649280,7,"0;4;5;6;8;9;11"
Root_5262,343.051235,43.227040,6,"4;5;6;8;9;11"
Root_5263,131.548163,17.702400,9,"0;1;2;3;5;6;8;9;11"
Root_5264,308.800890,37.980160,8,"1;2;3;5;6;8;9;11"
Root_5265,149.322138,23.032000,8,"0;2;3;5;6;8;9;11"
Root_5266,344.373475,42.609760,7,"2;3;5;6;8;9;11"
Root_5267,129.819843,18.628320,8,"0;1;3;5;6;8;9;11"
Root_5268,309.330490,38.906080,7,"1;3;5;6;8;9;11"
Root_5269,146.148058,23.957920,7,"0;3;5;6;8;9;11"
Root_5270,345.828995,43.535680,6,"3;5;6;8;9;11"
Root_5271,128.497539,19.615968,8,"0;1;2;5;6;8;9;11"
Root_5272,315.688474,39.893728,7,"1;2;5;6;8;9;11"
Root_5273,148.185082,24.945568,7,"0;2;5;6;8;9;11"
Root_5274,353.174627,44.523328,6,"2;5;6;8;9;11"
Root_5275,125.781571,20.541888,7,"0;1;5;6;8;9;11"
Root_5276,317.143994,40.819648,6,"1;5;6;8;9;11"
Root_5277,145.936922,25.871488,6,"0;5;6;8;9;11"
Root_5278,355.556067,45.449248,5,"5;6;8;9;11"
Root_5279,126.912685,17.023392,9,"0;1;2;3;4;6;8;9;11"
Root_5280,304.047834,37.301152,8,"1;2;3;4;6;8;9;11"
Root_5281,144.184035,22.352992,8,"0;2;3;4;6;8;9;11"
Root_5282,338.941411,41.930752,7,"2;3;4;6;8;9;11"
Root_5283,125.863373,17.949312,8,"0;1;3;4;6;8;9;11"
Root_5284,304.577434,38.227072,7,"1;3;4;6;8;9;11"
Root_5285,141.009955,23.278912,7,"0;3;4;6;8;9;11"
Root_5286,340.396931,42.856672,6,"3;4;6;8;9;11"
Root_5287,123.862061,18.936960,8,"0;1;2;4;6;8;9;11"
Root_5288,310.565050,39.214720,7,"1;2;4;6;8;9;11"
Root_5289,143.046979,24.266560,7,"0;2;4;6;8;9;11"
Root_5290,347.372195,43.844320,6,"2;4;6;8;9;11"
Root_5291,121.825101,19.862880,7,"0;1;4;6;8;9;11"
Root_5292,312.020570,40.140640,6,"1;4;6;8;9;11"
Root_5293,140.798819,25.192480,6,"0;4;6;8;9;11"
Root_5294,349.753635,44.770240,5,"4;6;8;9;11"
Root_5295,138.856899,19.245600,8,"0;1;2;3;6;8;9;11"
Root_5296,313.034170,39.523360,7,"1;2;3;6;8;9;11"
Root_5297,155.128410,24.575200,7,"0;2;3;6;8;9;11"
Root_5298,350.149955,44.152960,6,"2;3;6;8;9;11"
Root_5299,135.585379,20.171520,7,"0;1;3;6;8;9;11"
Root_5300,314.489690,40.449280,6,"1;3;6;8;9;11"
Root_5301,151.954330,25.501120,6,"0;3;6;8;9;11"
Root_5302,352.531395,45.078880,5,"3;6;8;9;11"
Root_5303,135.806275,21.159168,7,"0;1;2;6;8;9;11"
Root_5304,321.464954,41.436928,6,"1;2;6;8;9;11"
Root_5305,153.991354,26.488768,6,"0;2;6;8;9;11"
Root_5306,360.494307,46.066528,5,"2;6;8;9;11"
Root_5307,132.632195,22.085088,6,"0;1;6;8;9;11"
Root_5308,323.846394,42.362848,5,"1;6;8;9;11"
Root_5309,151.743194,27.414688,5,"0;6;8;9;11"
Root_5310,363.801667,46.992448,4,"6;8;9;11"
Root_5311,131.937203,17.906102,9,"0;1;2;3;4;5;8;9;11"
Root_5312,310.634211,38.183862,8,"1;2;3;4;5;8;9;11"
Root_5313,149.548211,23.235702,8,"0;2;3;4;5;8;9;11"
Root_5314,346.410499,42.813462,7,"2;3;4;5;8;9;11"
Root_5315,130.005181,18.832022,8,"0;1;3;4;5;8;9;11"
Root_5316,311.163811,39.109782,7,"1;3;4;5;8;9;11"
Root_5317,146.374131,24.161622,7,"0;3;4;5;8;9;11"
Root_5318,347.866019,43.739382,6,"3;4;5;8;9;11"
Root_5319,128.886579,19.819670,8,"0;1;2;4;5;8;9;11"
Root_5320,317.521795,40.097430,7,"1;2;4;5;8;9;11"
Root_5321,148.411155,25.149270,7,"0;2;4;5;8;9;11"
Root_5322,355.211651,44.727030,6,"2;4;5;8;9;11"
Root_5323,125.966909,20.745590,7,"0;1;4;5;8;9;11"
Root_5324,318.977315,41.023350,6,"1;4;5;8;9;11"
Root_5325,146.162995,26.075190,6,"0;4;5;8;9;11"
Root_5326,357.593091,45.652950,5,"4;5;8;9;11"
Root_5327,144.035891,20.128310,8,"0;1;2;3;5;8;9;11"
Root_5328,320.299555,40.406070,7,"1;2;3;5;8;9;11"
Root_5329,160.288883,25.457910,7,"0;2;3;5;8;9;11"
Root_5330,358.298051,45.035670,6,"2;3;5;8;9;11"
Root_5331,139.935891,21.054230,7,"0;1;3;5;8;9;11"
Root_5332,321.755075,41.331990,6,"1;3;5;8;9;11"
Root_5333,157.114803,26.383830,6,"0;3;5;8;9;11"
Root_5334,360.679491,45.961590,5,"3;5;8;9;11"
Root_5335,140.985267,22.041878,7,"0;1;2;5;8;9;11"
Root_5336,329.100707,42.319638,6,"1;2;5;8;9;11"
Root_5337,159.213555,27.371478,6,"0;2;5;8;9;11"
Root_5338,369.012771,46.949238,5,"2;5;8;9;11"
Root_5339,137.811187,22.967798,6,"0;1;5;8;9;11"
Root_5340,331.482147,43.245558,5,"1;5;8;9;11"
Root_5341,156.965395,28.297398,5,"0;5;8;9;11"
Root_5342,372.320131,47.875158,4,"5;8;9;11"
Root_5343,139.042237,19.449302,8,"0;1;2;3;4;8;9;11"
Root_5344,314.867491,39.727062,7,"1;2;3;4;8;9;11"
Root_5345,155.150781,24.778902,7,"0;2;3;4;8;9;11"
Root_5346,352.186979,44.356662,6,"2;3;4;8;9;11"
Root_5347,135.567014,20.375222,7,"0;1;3;4;8;9;11"
Root_5348,316.323011,40.652982,6,"1;3;4;8;9;11"
Root_5349,151.976701,25.704822,6,"0;3;4;8;9;11"
Root_5350,354.568419,45.282582,5,"3;4;8;9;11"
Root_5351,135.991613,21.362870,7,"0;1;2;4;8;9;11"
Root_5352,323.298275,41.640630,6,"1;2;4;8;9;11"
Root_5353,154.013725,26.692470,6,"0;2;4;8;9;11"
Root_5354,362.531331,46.270230,5,"2;4;8;9;11"
Root_5355,132.817533,22.288790,6,"0;1;4;8;9;11"
Root_5356,325.679715,42.566550,5,"1;4;8;9;11"
Root_5357,151.765565,27.618390,5,"0;4;8;9;11"
Root_5358,365.838691,47.196150,4,"4;8;9;11"
Root_5359,150.153277,21.671510,7,"0;1;2;3;8;9;11"
Root_5360,326.076035,41.949270,6,"1;2;3;8;9;11"
Root_5361,164.039613,27.001110,6,"0;2;3;8;9;11"
Root_5362,365.617731,46.578870,5,"2;3;8;9;11"
Root_5363,146.053277,22.597430,6,"0;1;3;8;9;11"
Root_5364,328.457475,42.875190,5,"1;3;8;9;11"
Root_5365,160.865533,27.927030,5,"0;3;8;9;11"
Root_5366,368.925091,47.504790,4,"3;8;9;11"
Root_5367,147.102653,23.585078,6,"0;1;2;8;9;11"
Root_5368,336.420387,43.862838,5,"1;2;8;9;11"
Root_5369,162.902557,28.914678,5,"0;2;8;9;11"
Root_5370,377.875651,48.492438,4,"2;8;9;11"
Root_5371,143.928573,24.510998,5,"0;1;8;9;11"
Root_5372,339.727747,44.788758,4,"1;8;9;11"
Root_5373,162.335594,29.840598,4,"0;8;9;11"
Root_5374,382.108931,49.418358,3,"8;9;11"
Root_5375,93.473923,14.285120,10,"0;1;2;3;4;5;6;7;9;11"
Root_5376,319.011962,37.362880,9,"1;2;3;4;5;6;7;9;11"
Root_5377,143.891152,22.414720,9,"0;2;3;4;5;6;7;9;11"
Root_5378,353.967267,41.992480,8,"2;3;4;5;6;7;9;11"
Root_5379,100.396397,15.211040,9,"0;1;3;4;5;6;7;9;11"
Root_5380,324.215642,38.288800,8,"1;3;4;5;6;7;9;11"
Root_5381,146.992240,23.340640,8,"0;3;4;5;6;7;9;11"
Root_5382,359.396867,42.918400,7,"3;4;5;6;7;9;11"
Root_5383,115.823386,18.998688,9,"0;1;2;4;5;6;7;9;11"
Root_5384,323.985978,39.276448,8,"1;2;4;5;6;7;9;11"
Root_5385,144.667664,24.328288,8,"0;2;4;5;6;7;9;11"
Root_5386,360.854851,43.906048,7,"2;4;5;6;7;9;11"
Root_5387,120.040602,19.924608,8,"0;1;4;5;6;7;9;11"
Root_5388,329.415578,40.202368,7,"1;4;5;6;7;9;11"
Root_5389,147.994672,25.254208,7,"0;4;5;6;7;9;11"
Root_5390,366.510371,44.831968,6,"4;5;6;7;9;11"
Root_5391,119.182659,17.907328,9,"0;1;2;3;5;6;7;9;11"
Root_5392,326.455098,39.585088,8,"1;2;3;5;6;7;9;11"
Root_5393,157.428122,24.636928,8,"0;2;3;5;6;7;9;11"
Root_5394,363.632611,44.214688,7,"2;3;5;6;7;9;11"
Root_5395,123.682659,18.833248,8,"0;1;3;5;6;7;9;11"
Root_5396,331.884698,40.511008,7,"1;3;5;6;7;9;11"
Root_5397,160.079962,25.562848,7,"0;3;5;6;7;9;11"
Root_5398,369.288131,45.140608,6,"3;5;6;7;9;11"
Root_5399,131.471747,21.220896,8,"0;1;2;5;6;7;9;11"
Root_5400,333.342682,41.498656,7,"1;2;5;6;7;9;11"
Root_5401,158.266362,26.550496,7,"0;2;5;6;7;9;11"
Root_5402,372.433763,46.128256,6,"2;5;6;7;9;11"
Root_5403,133.083930,22.146816,7,"0;1;5;6;7;9;11"
Root_5404,338.998202,42.424576,6,"1;5;6;7;9;11"
Root_5405,161.144122,27.476416,6,"0;5;6;7;9;11"
Root_5406,378.315203,47.054176,5,"5;6;7;9;11"
Root_5407,107.951981,16.528320,9,"0;1;2;3;4;6;7;9;11"
Root_5408,321.702042,38.906080,8,"1;2;3;4;6;7;9;11"
Root_5409,151.607152,23.957920,8,"0;2;3;4;6;7;9;11"
Root_5410,358.200547,43.535680,7,"2;3;4;6;7;9;11"
Root_5411,112.921187,17.454240,8,"0;1;3;4;6;7;9;11"
Root_5412,327.131642,39.832000,7,"1;3;4;6;7;9;11"
Root_5413,154.258992,24.883840,7,"0;3;4;6;7;9;11"
Root_5414,363.856067,44.461600,6,"3;4;6;7;9;11"
Root_5415,125.082586,20.541888,8,"0;1;2;4;6;7;9;11"
Root_5416,328.219258,40.819648,7,"1;2;4;6;7;9;11"
Root_5417,152.383664,25.871488,7,"0;2;4;6;7;9;11"
Root_5418,366.631331,45.449248,6,"2;4;6;7;9;11"
Root_5419,127.734426,21.467808,7,"0;1;4;6;7;9;11"
Root_5420,333.874778,41.745568,6,"1;4;6;7;9;11"
Root_5421,155.261424,26.797408,6,"0;4;6;7;9;11"
Root_5422,372.512771,46.375168,5,"4;6;7;9;11"
Root_5423,127.736995,19.450528,8,"0;1;2;3;6;7;9;11"
Root_5424,330.688378,41.128288,7,"1;2;3;6;7;9;11"
Root_5425,163.543034,26.180128,7,"0;2;3;6;7;9;11"
Root_5426,369.409091,45.757888,6,"2;3;6;7;9;11"
Root_5427,130.086467,20.376448,7,"0;1;3;6;7;9;11"
Root_5428,336.343898,42.054208,6,"1;3;6;7;9;11"
Root_5429,165.494874,27.106048,6,"0;3;6;7;9;11"
Root_5430,375.290531,46.683808,5,"3;6;7;9;11"
Root_5431,139.187747,22.764096,7,"0;1;2;6;7;9;11"
Root_5432,339.119162,43.041856,6,"1;2;6;7;9;11"
Root_5433,164.319546,28.093696,6,"0;2;6;7;9;11"
Root_5434,379.753443,47.671456,5,"2;6;7;9;11"
Root_5435,140.799930,23.690016,6,"0;1;6;7;9;11"
Root_5436,345.000602,43.967776,5,"1;6;7;9;11"
Root_5437,166.516922,29.019616,5,"0;6;7;9;11"
Root_5438,385.860803,48.597376,4,"6;7;9;11"
Root_5439,113.766771,17.411030,9,"0;1;2;3;4;5;7;9;11"
Root_5440,328.288419,39.788790,8,"1;2;3;4;5;7;9;11"
Root_5441,157.650336,24.840630,8,"0;2;3;4;5;7;9;11"
Root_5442,365.669635,44.418390,7,"2;3;4;5;7;9;11"
Root_5443,117.604874,18.336950,8,"0;1;3;4;5;7;9;11"
Root_5444,333.718019,40.714710,7,"1;3;4;5;7;9;11"
Root_5445,160.302176,25.766550,7,"0;3;4;5;7;9;11"
Root_5446,371.325155,45.344310,6,"3;4;5;7;9;11"
Root_5447,131.706154,21.424598,8,"0;1;2;4;5;7;9;11"
Root_5448,335.176003,41.702358,7,"1;2;4;5;7;9;11"
Root_5449,158.488576,26.754198,7,"0;2;4;5;7;9;11"
Root_5450,374.470787,46.331958,6,"2;4;5;7;9;11"
Root_5451,133.796128,22.350518,7,"0;1;4;5;7;9;11"
Root_5452,340.831523,42.628278,6,"1;4;5;7;9;11"
Root_5453,161.366336,27.680118,6,"0;4;5;7;9;11"
Root_5454,380.352227,47.257878,5,"4;5;7;9;11"
Root_5455,133.798698,20.333238,8,"0;1;2;3;5;7;9;11"
Root_5456,337.953763,42.010998,7,"1;2;3;5;7;9;11"
Root_5457,169.277578,27.062838,7,"0;2;3;5;7;9;11"
Root_5458,377.557187,46.640598,6,"2;3;5;7;9;11"
Root_5459,135.524618,21.259158,7,"0;1;3;5;7;9;11"
Root_5460,343.609283,42.936918,6,"1;3;5;7;9;11"
Root_5461,171.229418,27.988758,6,"0;3;5;7;9;11"
Root_5462,383.438627,47.566518,5,"3;5;7;9;11"
Root_5463,145.144499,23.646806,7,"0;1;2;5;7;9;11"
Root_5464,346.754915,43.924566,6,"1;2;5;7;9;11"
Root_5465,170.424458,28.976406,6,"0;2;5;7;9;11"
Root_5466,388.271907,48.554166,5,"2;5;7;9;11"
Root_5467,146.396339,24.572726,6,"0;1;5;7;9;11"
Root_5468,352.636355,44.850486,5,"1;5;7;9;11"
Root_5469,173.504544,29.902326,5,"0;5;7;9;11"
Root_5470,394.379267,49.480086,4,"5;7;9;11"
Root_5471,122.321107,18.954230,8,"0;1;2;3;4;7;9;11"
Root_5472,332.521699,41.331990,7,"1;2;3;4;7;9;11"
Root_5473,163.561546,26.383830,7,"0;2;3;4;7;9;11"
Root_5474,371.446115,45.961590,6,"2;3;4;7;9;11"
Root_5475,129.404979,19.880150,7,"0;1;3;4;7;9;11"
Root_5476,342.377219,42.257910,6,"1;3;4;7;9;11"
Root_5477,169.713386,27.309750,6,"0;3;4;7;9;11"
Root_5478,380.827555,46.887510,5,"3;4;7;9;11"
Root_5479,139.422154,22.967798,7,"0;1;2;4;7;9;11"
Root_5480,340.952483,43.245558,6,"1;2;4;7;9;11"
Root_5481,164.338058,28.297398,6,"0;2;4;7;9;11"
Root_5482,381.790467,47.875158,5,"2;4;7;9;11"
Root_5483,145.018442,23.893718,6,"0;1;4;7;9;11"
Root_5484,350.333923,44.171478,5,"1;4;7;9;11"
Root_5485,170.239136,29.223318,5,"0;4;7;9;11"
Root_5486,390.697827,48.801078,4,"4;7;9;11"
Root_5487,141.254355,21.876438,7,"0;1;2;3;7;9;11"
Root_5488,343.730243,43.554198,6,"1;2;3;7;9;11"
Root_5489,173.275219,28.606038,6,"0;2;3;7;9;11"
Root_5490,384.876867,48.183798,5,"2;3;7;9;11"
Root_5491,150.680275,22.802358,6,"0;1;3;7;9;11"
Root_5492,356.611683,44.480118,5,"1;3;7;9;11"
Root_5493,182.059018,29.531958,5,"0;3;7;9;11"
Root_5494,396.584227,49.109718,4,"3;7;9;11"
Root_5495,151.317299,25.190006,6,"0;1;2;7;9;11"
Root_5496,354.074595,45.467766,5,"1;2;7;9;11"
Root_5497,175.571338,30.519606,5,"0;2;7;9;11"
Root_5498,397.134787,50.097366,4,"2;7;9;11"
Root_5499,159.569139,26.115926,5,"0;1;7;9;11"
Root_5500,365.781955,46.393686,4,"1;7;9;11"
Root_5501,183.575018,31.445526,4,"0;7;9;11"
Root_5502,407.668067,51.023286,3,"7;9;11"
Root_5503,130.367738,20.109792,9,"0;1;2;3;4;5;6;9;11"
Root_5504,334.708131,40.387552,8,"1;2;3;4;5;6;9;11"
Root_5505,156.520675,25.439392,8,"0;2;3;4;5;6;9;11"
Root_5506,372.688109,45.017152,7,"2;3;4;5;6;9;11"
Root_5507,132.630851,21.035712,8,"0;1;3;4;5;6;9;11"
Root_5508,340.137731,41.313472,7,"1;3;4;5;6;9;11"
Root_5509,159.155363,26.365312,7,"0;3;4;5;6;9;11"
Root_5510,378.343629,45.943072,6,"3;4;5;6;9;11"
Root_5511,129.230682,22.023360,8,"0;1;2;4;5;6;9;11"
Root_5512,341.595715,42.301120,7,"1;2;4;5;6;9;11"
Root_5513,157.358915,27.352960,7,"0;2;4;5;6;9;11"
Root_5514,381.489261,46.930720,6,"2;4;5;6;9;11"
Root_5515,131.719715,22.949280,7,"0;1;4;5;6;9;11"
Root_5516,347.251235,43.227040,6,"1;4;5;6;9;11"
Root_5517,160.236675,28.278880,6,"0;4;5;6;9;11"
Root_5518,387.370701,47.856640,5,"4;5;6;9;11"
Root_5519,143.355610,22.332000,8,"0;1;2;3;5;6;9;11"
Root_5520,344.373475,42.609760,7,"1;2;3;5;6;9;11"
Root_5521,167.549155,27.661600,7,"0;2;3;5;6;9;11"
Root_5522,384.575661,47.239360,6,"2;3;5;6;9;11"
Root_5523,144.748058,23.257920,7,"0;1;3;5;6;9;11"
Root_5524,350.028995,43.535680,6,"1;3;5;6;9;11"
Root_5525,169.500995,28.587520,6,"0;3;5;6;9;11"
Root_5526,390.457101,48.165280,5,"3;5;6;9;11"
Root_5527,142.218554,24.245568,7,"0;1;2;5;6;9;11"
Root_5528,353.174627,44.523328,6,"1;2;5;6;9;11"
Root_5529,169.846371,29.575168,6,"0;2;5;6;9;11"
Root_5530,395.290381,49.152928,5,"2;5;6;9;11"
Root_5531,143.836922,25.171488,6,"0;1;5;6;9;11"
Root_5532,359.056067,45.449248,5,"1;5;6;9;11"
Root_5533,173.875971,30.501088,5,"0;5;6;9;11"
Root_5534,401.397741,50.078848,4,"5;6;9;11"
Root_5535,138.046842,21.652992,8,"0;1;2;3;4;6;9;11"
Root_5536,338.941411,41.930752,7,"1;2;3;4;6;9;11"
Root_5537,161.833123,26.982592,7,"0;2;3;4;6;9;11"
Root_5538,378.464589,46.560352,6,"2;3;4;6;9;11"
Root_5539,139.609955,22.578912,7,"0;1;3;4;6;9;11"
Root_5540,344.596931,42.856672,6,"1;3;4;6;9;11"
Root_5541,163.784963,27.908512,6,"0;3;4;6;9;11"
Root_5542,384.346029,47.486272,5,"3;4;6;9;11"
Root_5543,136.909786,23.566560,7,"0;1;2;4;6;9;11"
Root_5544,347.372195,43.844320,6,"1;2;4;6;9;11"
Root_5545,162.609635,28.896160,6,"0;2;4;6;9;11"
Root_5546,388.808941,48.473920,5,"2;4;6;9;11"
Root_5547,138.698819,24.492480,6,"0;1;4;6;9;11"
Root_5548,353.253635,44.770240,5,"1;4;6;9;11"
Root_5549,166.431555,29.822080,5,"0;4;6;9;11"
Root_5550,394.916301,49.399840,4,"4;6;9;11"
Root_5551,149.528410,23.875200,7,"0;1;2;3;6;9;11"
Root_5552,350.149955,44.152960,6,"1;2;3;6;9;11"
Root_5553,171.357635,29.204800,6,"0;2;3;6;9;11"
Root_5554,391.895341,48.782560,5,"2;3;6;9;11"
Root_5555,150.554330,24.801120,6,"0;1;3;6;9;11"
Root_5556,356.031395,45.078880,5,"1;3;6;9;11"
Root_5557,174.461315,30.130720,5,"0;3;6;9;11"
Root_5558,398.002701,49.708480,4,"3;6;9;11"
Root_5559,148.391354,25.788768,6,"0;1;2;6;9;11"
Root_5560,360.494307,46.066528,5,"1;2;6;9;11"
Root_5561,175.961283,31.118368,5,"0;2;6;9;11"
Root_5562,404.153261,50.696128,4,"2;6;9;11"
Root_5563,149.643194,26.714688,5,"0;1;6;9;11"
Root_5564,366.601667,46.992448,4,"1;6;9;11"
Root_5565,179.290883,32.044288,4,"0;6;9;11"
Root_5566,410.486541,51.622048,3,"6;9;11"
Root_5567,143.540787,22.535702,8,"0;1;2;3;4;5;9;11"
Root_5568,346.410499,42.813462,7,"1;2;3;4;5;9;11"
Root_5569,167.771370,27.865302,7,"0;2;3;4;5;9;11"
Root_5570,386.816387,47.443062,6,"2;3;4;5;9;11"
Root_5571,144.974131,23.461622,7,"0;1;3;4;5;9;11"
Root_5572,352.066019,43.739382,6,"1;3;4;5;9;11"
Root_5573,169.723210,28.791222,6,"0;3;4;5;9;11"
Root_5574,392.697827,48.368982,5,"3;4;5;9;11"
Root_5575,142.403731,24.449270,7,"0;1;2;4;5;9;11"
Root_5576,355.211651,44.727030,6,"1;2;4;5;9;11"
Root_5577,170.475990,29.778870,6,"0;2;4;5;9;11"
Root_5578,397.531107,49.356630,5,"2;4;5;9;11"
Root_5579,144.062995,25.375190,6,"0;1;4;5;9;11"
Root_5580,361.093091,45.652950,5,"1;4;5;9;11"
Root_5581,174.505590,30.704790,5,"0;4;5;9;11"
Root_5582,403.638467,50.282550,4,"4;5;9;11"
Root_5583,154.688883,24.757910,7,"0;1;2;3;5;9;11"
Root_5584,358.298051,45.035670,6,"1;2;3;5;9;11"
Root_5585,178.857600,30.087510,6,"0;2;3;5;9;11"
Root_5586,400.926147,49.665270,5,"2;3;5;9;11"
Root_5587,155.714803,25.683830,6,"0;1;3;5;9;11"
Root_5588,364.179491,45.961590,5,"1;3;5;9;11"
Root_5589,181.961280,31.013430,5,"0;3;5;9;11"
Root_5590,407.033507,50.591190,4,"3;5;9;11"
Root_5591,153.613555,26.671478,6,"0;1;2;5;9;11"
Root_5592,369.012771,46.949238,5,"1;2;5;9;11"
Root_5593,183.831616,32.001078,5,"0;2;5;9;11"
Root_5594,413.554435,51.578838,4,"2;5;9;11"
Root_5595,154.865395,27.597398,5,"0;1;5;9;11"
Root_5596,375.120131,47.875158,4,"1;5;9;11"
Root_5597,187.161216,32.926998,4,"0;5;9;11"
Root_5598,419.887715,52.504758,3,"5;9;11"
Root_5599,149.713587,24.078902,7,"0;1;2;3;4;9;11"
Root_5600,352.186979,44.356662,6,"1;2;3;4;9;11"
Root_5601,171.783552,29.408502,6,"0;2;3;4;9;11"
Root_5602,394.136067,48.986262,5,"2;3;4;9;11"
Root_5603,154.569139,25.004822,6,"0;1;3;4;9;11"
Root_5604,361.568419,45.282582,5,"1;3;4;9;11"
Root_5605,178.387232,30.334422,5,"0;3;4;9;11"
Root_5606,403.043427,49.912182,4,"3;4;9;11"
Root_5607,148.576531,25.992470,6,"0;1;2;4;9;11"
Root_5608,362.531331,46.270230,5,"1;2;4;9;11"
Root_5609,176.387200,31.322070,5,"0;2;4;9;11"
Root_5610,406.393987,50.899830,4,"2;4;9;11"
Root_5611,152.958003,26.918390,5,"0;1;4;9;11"
Root_5612,371.438691,47.196150,4,"1;4;9;11"
Root_5613,182.516800,32.247990,4,"0;4;9;11"
Root_5614,414.827267,51.825750,3,"4;9;11"
Root_5615,159.139613,26.301110,6,"0;1;2;3;9;11"
Root_5616,365.617731,46.578870,5,"1;2;3;9;11"
Root_5617,182.916970,31.630710,5,"0;2;3;9;11"
Root_5618,409.789027,51.208470,4,"2;3;9;11"
Root_5619,166.465533,27.227030,5,"0;1;3;9;11"
Root_5620,377.325091,47.504790,4,"1;3;9;11"
Root_5621,190.920650,32.556630,4,"0;3;9;11"
Root_5622,420.322307,52.134390,3,"3;9;11"
Root_5623,158.002557,28.214678,5,"0;1;2;9;11"
Root_5624,377.875651,48.492438,4,"1;2;9;11"
Root_5625,188.064896,33.544278,4,"0;2;9;11"
Root_5626,423.960515,53.122038,3,"2;9;11"
Root_5627,164.435594,29.140598,4,"0;1;9;11"
Root_5628,388.408931,49.418358,3,"1;9;11"
Root_5629,195.820416,34.470198,3,"0;9;11"
Root_5630,433.319715,54.047958,2,"9;11"
Root_5631,104.627501,15.048096,10,"0;1;2;3;4;5;6;7;8;11"
Root_5632,297.710938,35.325856,9,"1;2;3;4;5;6;7;8;11"
Root_5633,126.029402,20.377696,9,"0;2;3;4;5;6;7;8;11"
Root_5634,329.955075,39.955456,8,"2;3;4;5;6;7;8;11"
Root_5635,105.553485,15.974016,9,"0;1;3;4;5;6;7;8;11"
Root_5636,296.640474,36.251776,8,"1;3;4;5;6;7;8;11"
Root_5637,123.781242,21.303616,8,"0;3;4;5;6;7;8;11"
Root_5638,330.484675,40.881376,7,"3;4;5;6;7;8;11"
Root_5639,102.564525,16.961664,9,"0;1;2;4;5;6;7;8;11"
Root_5640,302.010810,37.239424,8,"1;2;4;5;6;7;8;11"
Root_5641,126.805914,22.291264,8,"0;2;4;5;6;7;8;11"
Root_5642,336.842659,41.869024,7,"2;4;5;6;7;8;11"
Root_5643,103.428781,17.887584,8,"0;1;4;5;6;7;8;11"
Root_5644,302.540410,38.165344,7,"1;4;5;6;7;8;11"
Root_5645,125.483674,23.217184,7,"0;4;5;6;7;8;11"
Root_5646,338.298179,42.794944,6,"4;5;6;7;8;11"
Root_5647,118.275267,17.270304,9,"0;1;2;3;5;6;7;8;11"
Root_5648,304.479930,37.548064,8,"1;2;3;5;6;7;8;11"
Root_5649,140.148122,22.599904,8,"0;2;3;5;6;7;8;11"
Root_5650,339.620419,42.177664,7,"2;3;5;6;7;8;11"
Root_5651,117.904963,18.196224,8,"0;1;3;5;6;7;8;11"
Root_5652,305.009530,38.473984,7,"1;3;5;6;7;8;11"
Root_5653,137.899962,23.525824,7,"0;3;5;6;7;8;11"
Root_5654,341.075939,43.103584,6,"3;5;6;7;8;11"
Root_5655,117.138211,19.183872,8,"0;1;2;5;6;7;8;11"
Root_5656,311.367514,39.461632,7,"1;2;5;6;7;8;11"
Root_5657,140.924634,24.513472,7,"0;2;5;6;7;8;11"
Root_5658,348.421571,44.091232,6,"2;5;6;7;8;11"
Root_5659,115.780259,20.109792,7,"0;1;5;6;7;8;11"
Root_5660,312.823034,40.387552,6,"1;5;6;7;8;11"
Root_5661,139.602394,25.439392,6,"0;5;6;7;8;11"
Root_5662,350.803011,45.017152,5,"5;6;7;8;11"
Root_5663,112.960781,16.591296,9,"0;1;2;3;4;6;7;8;11"
Root_5664,299.726874,36.869056,8,"1;2;3;4;6;7;8;11"
Root_5665,134.798618,21.920896,8,"0;2;3;4;6;7;8;11"
Root_5666,334.188355,41.498656,7,"2;3;4;6;7;8;11"
Root_5667,113.269485,17.517216,8,"0;1;3;4;6;7;8;11"
Root_5668,300.256474,37.794976,7,"1;3;4;6;7;8;11"
Root_5669,132.550458,22.846816,7,"0;3;4;6;7;8;11"
Root_5670,335.643875,42.424576,6,"3;4;6;7;8;11"
Root_5671,111.823725,18.504864,8,"0;1;2;4;6;7;8;11"
Root_5672,306.244090,38.782624,7,"1;2;4;6;7;8;11"
Root_5673,135.575130,23.834464,7,"0;2;4;6;7;8;11"
Root_5674,342.619139,43.412224,6,"2;4;6;7;8;11"
Root_5675,111.144781,19.430784,7,"0;1;4;6;7;8;11"
Root_5676,307.699610,39.708544,6,"1;4;6;7;8;11"
Root_5677,134.252890,24.760384,6,"0;4;6;7;8;11"
Root_5678,345.000579,44.338144,5,"4;6;7;8;11"
Root_5679,127.127203,18.813504,8,"0;1;2;3;6;7;8;11"
Root_5680,308.713210,39.091264,7,"1;2;3;6;7;8;11"
Root_5681,147.864122,24.143104,7,"0;2;3;6;7;8;11"
Root_5682,345.396899,43.720864,6,"2;3;6;7;8;11"
Root_5683,125.213699,19.739424,7,"0;1;3;6;7;8;11"
Root_5684,310.168730,40.017184,6,"1;3;6;7;8;11"
Root_5685,145.615962,25.069024,6,"0;3;6;7;8;11"
Root_5686,347.778339,44.646784,5,"3;6;7;8;11"
Root_5687,125.990147,20.727072,7,"0;1;2;6;7;8;11"
Root_5688,317.143994,41.004832,6,"1;2;6;7;8;11"
Root_5689,148.640634,26.056672,6,"0;2;6;7;8;11"
Root_5690,355.741251,45.634432,5,"2;6;7;8;11"
Root_5691,123.741987,21.652992,6,"0;1;6;7;8;11"
Root_5692,319.525434,41.930752,5,"1;6;7;8;11"
Root_5693,147.318394,26.982592,5,"0;6;7;8;11"
Root_5694,359.048611,46.560352,4,"6;7;8;11"
Root_5695,118.868010,17.474006,9,"0;1;2;3;4;5;7;8;11"
Root_5696,306.313251,37.751766,8,"1;2;3;4;5;7;8;11"
Root_5697,140.860320,22.803606,8,"0;2;3;4;5;7;8;11"
Root_5698,341.657443,42.381366,7,"2;3;4;5;7;8;11"
Root_5699,118.294003,18.399926,8,"0;1;3;4;5;7;8;11"
Root_5700,306.842851,38.677686,7,"1;3;4;5;7;8;11"
Root_5701,138.612160,23.729526,7,"0;3;4;5;7;8;11"
Root_5702,343.112963,43.307286,6,"3;4;5;7;8;11"
Root_5703,117.730954,19.387574,8,"0;1;2;4;5;7;8;11"
Root_5704,313.200835,39.665334,7,"1;2;4;5;7;8;11"
Root_5705,141.636832,24.717174,7,"0;2;4;5;7;8;11"
Root_5706,350.458595,44.294934,6,"2;4;5;7;8;11"
Root_5707,116.169299,20.313494,7,"0;1;4;5;7;8;11"
Root_5708,314.656355,40.591254,6,"1;4;5;7;8;11"
Root_5709,140.314592,25.643094,6,"0;4;5;7;8;11"
Root_5710,352.840035,45.220854,5,"4;5;7;8;11"
Root_5711,133.133491,19.696214,8,"0;1;2;3;5;7;8;11"
Root_5712,315.978595,39.973974,7,"1;2;3;5;7;8;11"
Root_5713,153.907306,25.025814,7,"0;2;3;5;7;8;11"
Root_5714,353.544995,44.603574,6,"2;3;5;7;8;11"
Root_5715,130.337277,20.622134,7,"0;1;3;5;7;8;11"
Root_5716,317.434115,40.899894,6,"1;3;5;7;8;11"
Root_5717,151.659146,25.951734,6,"0;3;5;7;8;11"
Root_5718,355.926435,45.529494,5,"3;5;7;8;11"
Root_5719,131.996435,21.609782,7,"0;1;2;5;7;8;11"
Root_5720,324.779747,41.887542,6,"1;2;5;7;8;11"
Root_5721,154.745546,26.939382,6,"0;2;5;7;8;11"
Root_5722,364.259715,46.517142,5,"2;5;7;8;11"
Root_5723,129.748275,22.535702,6,"0;1;5;7;8;11"
Root_5724,327.161187,42.813462,5,"1;5;7;8;11"
Root_5725,153.423306,27.865302,5,"0;5;7;8;11"
Root_5726,367.567075,47.443062,4,"5;7;8;11"
Root_5727,127.516243,19.017206,8,"0;1;2;3;4;7;8;11"
Root_5728,310.546531,39.294966,7,"1;2;3;4;7;8;11"
Root_5729,148.438186,24.346806,7,"0;2;3;4;7;8;11"
Root_5730,347.433923,43.924566,6,"2;3;4;7;8;11"
Root_5731,125.399037,19.943126,7,"0;1;3;4;7;8;11"
Root_5732,312.002051,40.220886,6,"1;3;4;7;8;11"
Root_5733,146.190026,25.272726,6,"0;3;4;7;8;11"
Root_5734,349.815363,44.850486,5,"3;4;7;8;11"
Root_5735,126.379187,20.930774,7,"0;1;2;4;7;8;11"
Root_5736,318.977315,41.208534,6,"1;2;4;7;8;11"
Root_5737,149.214698,26.260374,6,"0;2;4;7;8;11"
Root_5738,357.778275,45.838134,5,"2;4;7;8;11"
Root_5739,124.131027,21.856694,6,"0;1;4;7;8;11"
Root_5740,321.358755,42.134454,5,"1;4;7;8;11"
Root_5741,147.892458,27.186294,5,"0;4;7;8;11"
Root_5742,361.085635,46.764054,4,"4;7;8;11"
Root_5743,140.849491,21.239414,7,"0;1;2;3;7;8;11"
Root_5744,321.755075,41.517174,6,"1;2;3;7;8;11"
Root_5745,159.633331,26.569014,6,"0;2;3;7;8;11"
Root_5746,360.864675,46.146774,5,"2;3;7;8;11"
Root_5747,137.675411,22.165334,6,"0;1;3;7;8;11"
Root_5748,324.136515,42.443094,5,"1;3;7;8;11"
Root_5749,157.385171,27.494934,5,"0;3;7;8;11"
Root_5750,364.172035,47.072694,4,"3;7;8;11"
Root_5751,139.712435,23.152982,6,"0;1;2;7;8;11"
Root_5752,332.099427,43.430742,5,"1;2;7;8;11"
Root_5753,160.409843,28.482582,5,"0;2;7;8;11"
Root_5754,373.122595,48.060342,4,"2;7;8;11"
Root_5755,137.464275,24.078902,5,"0;1;7;8;11"
Root_5756,335.406787,44.356662,4,"1;7;8;11"
Root_5757,159.496106,29.408502,4,"0;7;8;11"
Root_5758,377.355875,48.986262,3,"7;8;11"
Root_5759,118.183085,18.072768,9,"0;1;2;3;4;5;6;8;11"
Root_5760,312.300867,38.350528,8,"1;2;3;4;5;6;8;11"
Root_5761,138.783907,23.402368,8,"0;2;3;4;5;6;8;11"
Root_5762,348.243821,42.980128,7,"2;3;4;5;6;8;11"
Root_5763,117.010317,18.998688,8,"0;1;3;4;5;6;8;11"
Root_5764,312.830467,39.276448,7,"1;3;4;5;6;8;11"
Root_5765,136.535747,24.328288,7,"0;3;4;5;6;8;11"
Root_5766,349.699341,43.906048,6,"3;4;5;6;8;11"
Root_5767,117.046029,19.986336,8,"0;1;2;4;5;6;8;11"
Root_5768,319.188451,40.264096,7,"1;2;4;5;6;8;11"
Root_5769,139.560419,25.315936,7,"0;2;4;5;6;8;11"
Root_5770,357.044973,44.893696,6,"2;4;5;6;8;11"
Root_5771,114.885613,20.912256,7,"0;1;4;5;6;8;11"
Root_5772,320.643971,41.190016,6,"1;4;5;6;8;11"
Root_5773,138.238179,26.241856,6,"0;4;5;6;8;11"
Root_5774,359.426413,45.819616,5,"4;5;6;8;11"
Root_5775,130.534563,20.294976,8,"0;1;2;3;5;6;8;11"
Root_5776,321.966211,40.572736,7,"1;2;3;5;6;8;11"
Root_5777,151.746787,25.624576,7,"0;2;3;5;6;8;11"
Root_5778,360.131373,45.202336,6,"2;3;5;6;8;11"
Root_5779,127.360483,21.220896,7,"0;1;3;5;6;8;11"
Root_5780,323.421731,41.498656,6,"1;3;5;6;8;11"
Root_5781,149.498627,26.550496,6,"0;3;5;6;8;11"
Root_5782,362.512813,46.128256,5,"3;5;6;8;11"
Root_5783,129.397507,22.208544,7,"0;1;2;5;6;8;11"
Root_5784,330.767363,42.486304,6,"1;2;5;6;8;11"
Root_5785,152.585027,27.538144,6,"0;2;5;6;8;11"
Root_5786,370.846093,47.115904,5,"2;5;6;8;11"
Root_5787,127.149347,23.134464,6,"0;1;5;6;8;11"
Root_5788,333.148803,43.412224,5,"1;5;6;8;11"
Root_5789,151.262787,28.464064,5,"0;5;6;8;11"
Root_5790,374.153453,48.041824,4,"5;6;8;11"
Root_5791,125.899085,19.615968,8,"0;1;2;3;4;6;8;11"
Root_5792,316.534147,39.893728,7,"1;2;3;4;6;8;11"
Root_5793,145.763011,24.945568,7,"0;2;3;4;6;8;11"
Root_5794,354.020301,44.523328,6,"2;3;4;6;8;11"
Root_5795,123.183117,20.541888,7,"0;1;3;4;6;8;11"
Root_5796,317.989667,40.819648,6,"1;3;4;6;8;11"
Root_5797,143.514851,25.871488,6,"0;3;4;6;8;11"
Root_5798,356.401741,45.449248,5,"3;4;6;8;11"
Root_5799,124.762029,21.529536,7,"0;1;2;4;6;8;11"
Root_5800,324.964931,41.807296,6,"1;2;4;6;8;11"
Root_5801,146.539523,26.859136,6,"0;2;4;6;8;11"
Root_5802,364.364653,46.436896,5,"2;4;6;8;11"
Root_5803,122.513869,22.455456,6,"0;1;4;6;8;11"
Root_5804,327.346371,42.733216,5,"1;4;6;8;11"
Root_5805,145.217283,27.785056,5,"0;4;6;8;11"
Root_5806,367.672013,47.362816,4,"4;6;8;11"
Root_5807,137.843299,21.838176,7,"0;1;2;3;6;8;11"
Root_5808,327.742691,42.115936,6,"1;2;3;6;8;11"
Root_5809,156.874051,27.167776,6,"0;2;3;6;8;11"
Root_5810,367.451053,46.745536,5,"2;3;6;8;11"
Root_5811,134.669219,22.764096,6,"0;1;3;6;8;11"
Root_5812,330.124131,43.041856,5,"1;3;6;8;11"
Root_5813,154.625891,28.093696,5,"0;3;6;8;11"
Root_5814,370.758413,47.671456,4,"3;6;8;11"
Root_5815,136.706243,23.751744,6,"0;1;2;6;8;11"
Root_5816,338.087043,44.029504,5,"1;2;6;8;11"
Root_5817,157.813251,29.081344,5,"0;2;6;8;11"
Root_5818,379.708973,48.659104,4,"2;6;8;11"
Root_5819,134.458083,24.677664,5,"0;1;6;8;11"
Root_5820,341.394403,44.955424,4,"1;6;8;11"
Root_5821,158.342851,30.007264,4,"0;6;8;11"
Root_5822,383.942253,49.585024,3,"6;8;11"
Root_5823,130.923603,20.498678,8,"0;1;2;3;4;5;8;11"
Root_5824,324.003235,40.776438,7,"1;2;3;4;5;8;11"
Root_5825,151.969002,25.828278,7,"0;2;3;4;5;8;11"
Root_5826,362.372099,45.406038,6,"2;3;4;5;8;11"
Root_5827,127.749523,21.424598,7,"0;1;3;4;5;8;11"
Root_5828,325.458755,41.702358,6,"1;3;4;5;8;11"
Root_5829,149.720842,26.754198,6,"0;3;4;5;8;11"
Root_5830,364.753539,46.331958,5,"3;4;5;8;11"
Root_5831,129.786547,22.412246,7,"0;1;2;4;5;8;11"
Root_5832,332.804387,42.690006,6,"1;2;4;5;8;11"
Root_5833,152.807242,27.741846,6,"0;2;4;5;8;11"
Root_5834,373.086819,47.319606,5,"2;4;5;8;11"
Root_5835,127.538387,23.338166,6,"0;1;4;5;8;11"
Root_5836,335.185827,43.615926,5,"1;4;5;8;11"
Root_5837,151.485002,28.667766,5,"0;4;5;8;11"
Root_5838,376.394179,48.245526,4,"4;5;8;11"
Root_5839,143.022291,22.720886,7,"0;1;2;3;5;8;11"
Root_5840,335.890787,42.998646,6,"1;2;3;5;8;11"
Root_5841,162.608595,28.050486,6,"0;2;3;5;8;11"
Root_5842,376.481859,47.628246,5,"2;3;5;8;11"
Root_5843,139.848211,23.646806,6,"0;1;3;5;8;11"
Root_5844,338.272227,43.924566,5,"1;3;5;8;11"
Root_5845,160.360435,28.976406,5,"0;3;5;8;11"
Root_5846,379.789219,48.554166,4,"3;5;8;11"
Root_5847,141.885235,24.634454,6,"0;1;2;5;8;11"
Root_5848,346.605507,44.912214,5,"1;2;5;8;11"
Root_5849,165.683584,29.964054,5,"0;2;5;8;11"
Root_5850,389.110147,49.541814,4,"2;5;8;11"
Root_5851,139.637075,25.560374,5,"0;1;5;8;11"
Root_5852,349.912867,45.838134,4,"1;5;8;11"
Root_5853,166.213184,30.889974,4,"0;5;8;11"
Root_5854,393.343427,50.467734,3,"5;8;11"
Root_5855,138.028637,22.041878,7,"0;1;2;3;4;8;11"
Root_5856,329.779715,42.319638,6,"1;2;3;4;8;11"
Root_5857,156.892563,27.371478,6,"0;2;3;4;8;11"
Root_5858,369.691779,46.949238,5,"2;3;4;8;11"
Root_5859,134.854557,22.967798,6,"0;1;3;4;8;11"
Root_5860,332.161155,43.245558,5,"1;3;4;8;11"
Root_5861,154.644403,28.297398,5,"0;3;4;8;11"
Root_5862,372.999139,47.875158,4,"3;4;8;11"
Root_5863,136.891581,23.955446,6,"0;1;2;4;8;11"
Root_5864,340.124067,44.233206,5,"1;2;4;8;11"
Root_5865,158.239168,29.285046,5,"0;2;4;8;11"
Root_5866,381.949699,48.862806,4,"2;4;8;11"
Root_5867,134.643421,24.881366,5,"0;1;4;8;11"
Root_5868,343.431427,45.159126,4,"1;4;8;11"
Root_5869,158.768768,30.210966,4,"0;4;8;11"
Root_5870,386.182979,49.788726,3,"4;8;11"
Root_5871,149.139677,24.264086,6,"0;1;2;3;8;11"
Root_5872,343.210467,44.541846,5,"1;2;3;8;11"
Root_5873,166.805962,29.593686,5,"0;2;3;8;11"
Root_5874,385.344739,49.171446,4,"2;3;8;11"
Root_5875,145.965597,25.190006,5,"0;1;3;8;11"
Root_5876,346.517827,45.467766,4,"1;3;8;11"
Root_5877,166.409642,30.519606,4,"0;3;8;11"
Root_5878,389.578019,50.097366,3,"3;8;11"
Root_5879,148.002621,26.177654,5,"0;1;2;8;11"
Root_5880,355.468387,46.455414,4,"1;2;8;11"
Root_5881,171.409610,31.507254,4,"0;2;8;11"
Root_5882,399.516227,51.085014,3,"2;8;11"
Root_5883,145.754461,27.103574,4,"0;1;8;11"
Root_5884,359.701667,47.381334,3,"1;8;11"
Root_5885,171.939210,32.433174,3,"0;8;11"
Root_5886,404.675427,52.010934,2,"8;11"
Root_5887,118.539418,19.677696,9,"0;1;2;3;4;5;6;7;11"
Root_5888,329.955075,39.955456,8,"1;2;3;4;5;6;7;11"
Root_5889,148.824291,25.007296,8,"0;2;3;4;5;6;7;11"
Root_5890,367.502957,44.585056,7,"2;3;4;5;6;7;11"
Root_5891,122.077626,20.603616,8,"0;1;3;4;5;6;7;11"
Root_5892,335.384675,40.881376,7,"1;3;4;5;6;7;11"
Root_5893,152.402051,25.933216,7,"0;3;4;5;6;7;11"
Root_5894,373.158477,45.510976,6,"3;4;5;6;7;11"
Root_5895,119.315930,21.591264,8,"0;1;2;4;5;6;7;11"
Root_5896,336.842659,41.869024,7,"1;2;4;5;6;7;11"
Root_5897,151.576099,26.920864,7,"0;2;4;5;6;7;11"
Root_5898,376.304109,46.498624,6,"2;4;5;6;7;11"
Root_5899,122.683674,22.517184,7,"0;1;4;5;6;7;11"
Root_5900,342.498179,42.794944,6,"1;4;5;6;7;11"
Root_5901,155.379779,27.846784,6,"0;4;5;6;7;11"
Root_5902,382.185549,47.424544,5,"4;5;6;7;11"
Root_5903,134.187779,21.899904,8,"0;1;2;3;5;6;7;11"
Root_5904,339.620419,42.177664,7,"1;2;3;5;6;7;11"
Root_5905,162.507075,27.229504,7,"0;2;3;5;6;7;11"
Root_5906,379.390509,46.807264,6,"2;3;5;6;7;11"
Root_5907,135.799962,22.825824,7,"0;1;3;5;6;7;11"
Root_5908,345.275939,43.103584,6,"1;3;5;6;7;11"
Root_5909,165.384835,28.155424,6,"0;3;5;6;7;11"
Root_5910,385.271949,47.733184,5,"3;5;6;7;11"
Root_5911,134.964291,23.813472,7,"0;1;2;5;6;7;11"
Root_5912,348.421571,44.091232,6,"1;2;5;6;7;11"
Root_5913,165.710595,29.143072,6,"0;2;5;6;7;11"
Root_5914,390.105229,48.720832,5,"2;5;6;7;11"
Root_5915,136.802394,24.739392,6,"0;1;5;6;7;11"
Root_5916,354.303011,45.017152,5,"1;5;6;7;11"
Root_5917,169.740195,30.068992,5,"0;5;6;7;11"
Root_5918,396.212589,49.646752,4,"5;6;7;11"
Root_5919,127.798618,21.220896,8,"0;1;2;3;4;6;7;11"
Root_5920,334.188355,41.498656,7,"1;2;3;4;6;7;11"
Root_5921,156.112035,26.550496,7,"0;2;3;4;6;7;11"
Root_5922,373.279437,46.128256,6,"2;3;4;6;7;11"
Root_5923,130.450458,22.146816,7,"0;1;3;4;6;7;11"
Root_5924,339.843875,42.424576,6,"1;3;4;6;7;11"
Root_5925,158.989795,27.476416,6,"0;3;4;6;7;11"
Root_5926,379.160877,47.054176,5,"3;4;6;7;11"
Root_5927,128.575130,23.134464,7,"0;1;2;4;6;7;11"
Root_5928,342.619139,43.412224,6,"1;2;4;6;7;11"
Root_5929,158.802115,28.464064,6,"0;2;4;6;7;11"
Root_5930,383.623789,48.041824,5,"2;4;6;7;11"
Root_5931,131.452890,24.060384,6,"0;1;4;6;7;11"
Root_5932,348.500579,44.338144,5,"1;4;6;7;11"
Root_5933,162.295779,29.389984,5,"0;4;6;7;11"
Root_5934,389.731149,48.967744,4,"4;6;7;11"
Root_5935,141.903779,23.443104,7,"0;1;2;3;6;7;11"
Root_5936,345.396899,43.720864,6,"1;2;3;6;7;11"
Root_5937,167.881251,28.772704,6,"0;2;3;6;7;11"
Root_5938,386.710189,48.350464,5,"2;3;6;7;11"
Root_5939,143.515962,24.369024,6,"0;1;3;6;7;11"
Root_5940,351.278339,44.646784,5,"1;3;6;7;11"
Root_5941,170.757635,29.698624,5,"0;3;6;7;11"
Root_5942,392.817549,49.276384,4,"3;6;7;11"
Root_5943,142.680291,25.356672,6,"0;1;2;6;7;11"
Root_5944,355.741251,45.634432,5,"1;2;6;7;11"
Root_5945,172.257603,30.686272,5,"0;2;6;7;11"
Root_5946,398.968109,50.264032,4,"2;6;7;11"
Root_5947,144.518394,26.282592,5,"0;1;6;7;11"
Root_5948,361.848611,46.560352,4,"1;6;7;11"
Root_5949,175.587203,31.612192,4,"0;6;7;11"
Root_5950,405.301389,51.189952,3,"6;7;11"
Root_5951,134.422186,22.103606,8,"0;1;2;3;4;5;7;11"
Root_5952,341.657443,42.381366,7,"1;2;3;4;5;7;11"
Root_5953,162.932992,27.433206,7,"0;2;3;4;5;7;11"
Root_5954,381.631235,47.010966,6,"2;3;4;5;7;11"
Root_5955,136.512160,23.029526,7,"0;1;3;4;5;7;11"
Root_5956,347.312963,43.307286,6,"1;3;4;5;7;11"
Root_5957,165.810752,28.359126,6,"0;3;4;5;7;11"
Root_5958,387.512675,47.936886,5,"3;4;5;7;11"
Root_5959,135.198698,24.017174,7,"0;1;2;4;5;7;11"
Root_5960,350.458595,44.294934,6,"1;2;4;5;7;11"
Root_5961,166.340214,29.346774,6,"0;2;4;5;7;11"
Root_5962,392.345955,48.924534,5,"2;4;5;7;11"
Root_5963,137.514592,24.943094,6,"0;1;4;5;7;11"
Root_5964,356.340035,45.220854,5,"1;4;5;7;11"
Root_5965,170.369814,30.272694,5,"0;4;5;7;11"
Root_5966,398.453315,49.850454,4,"4;5;7;11"
Root_5967,147.860531,24.325814,7,"0;1;2;3;5;7;11"
Root_5968,353.544995,44.603574,6,"1;2;3;5;7;11"
Root_5969,175.153920,29.655414,6,"0;2;3;5;7;11"
Root_5970,395.740995,49.233174,5,"2;3;5;7;11"
Root_5971,149.559146,25.251734,6,"0;1;3;5;7;11"
Root_5972,359.426435,45.529494,5,"1;3;5;7;11"
Root_5973,178.257600,30.581334,5,"0;3;5;7;11"
Root_5974,401.848355,50.159094,4,"3;5;7;11"
Root_5975,148.637043,26.239382,6,"0;1;2;5;7;11"
Root_5976,364.259715,46.517142,5,"1;2;5;7;11"
Root_5977,180.127936,31.568982,5,"0;2;5;7;11"
Root_5978,408.369283,51.146742,4,"2;5;7;11"
Root_5979,150.623306,27.165302,5,"0;1;5;7;11"
Root_5980,370.367075,47.443062,4,"1;5;7;11"
Root_5981,183.457536,32.494902,4,"0;5;7;11"
Root_5982,414.702563,52.072662,3,"5;7;11"
Root_5983,142.138186,23.646806,7,"0;1;2;3;4;7;11"
Root_5984,347.433923,43.924566,6,"1;2;3;4;7;11"
Root_5985,168.103466,28.976406,6,"0;2;3;4;7;11"
Root_5986,388.950915,48.554166,5,"2;3;4;7;11"
Root_5987,147.734474,24.572726,6,"0;1;3;4;7;11"
Root_5988,356.815363,44.850486,5,"1;3;4;7;11"
Root_5989,174.683552,29.902326,5,"0;3;4;7;11"
Root_5990,397.858275,49.480086,4,"3;4;7;11"
Root_5991,142.914698,25.560374,6,"0;1;2;4;7;11"
Root_5992,357.778275,45.838134,5,"1;2;4;7;11"
Root_5993,172.683520,30.889974,5,"0;2;4;7;11"
Root_5994,401.208835,50.467734,4,"2;4;7;11"
Root_5995,148.036906,26.486294,5,"0;1;4;7;11"
Root_5996,366.685635,46.764054,4,"1;4;7;11"
Root_5997,178.813120,31.815894,4,"0;4;7;11"
Root_5998,409.642115,51.393654,3,"4;7;11"
Root_5999,154.033331,25.869014,6,"0;1;2;3;7;11"
Root_6000,360.864675,46.146774,5,"1;2;3;7;11"
Root_6001,179.645386,31.198614,5,"0;2;3;7;11"
Root_6002,404.603875,50.776374,4,"2;3;7;11"
Root_6003,162.285171,26.794934,5,"0;1;3;7;11"
Root_6004,372.572035,47.072694,4,"1;3;7;11"
Root_6005,187.649066,32.124534,4,"0;3;7;11"
Root_6006,415.137155,51.702294,3,"3;7;11"
Root_6007,154.809843,27.782582,5,"0;1;2;7;11"
Root_6008,373.122595,48.060342,4,"1;2;7;11"
Root_6009,184.361216,33.112182,4,"0;2;7;11"
Root_6010,418.775363,52.689942,3,"2;7;11"
Root_6011,161.887603,28.708502,4,"0;1;7;11"
Root_6012,383.655875,48.986262,3,"1;7;11"
Root_6013,192.116736,34.038102,3,"0;7;11"
Root_6014,428.134563,53.615862,2,"7;11"
Root_6015,131.946714,22.702368,8,"0;1;2;3;4;5;6;11"
Root_6016,348.243821,42.980128,7,"1;2;3;4;5;6;11"
Root_6017,161.969997,28.031968,7,"0;2;3;4;5;6;11"
Root_6018,388.816374,47.609728,6,"2;3;4;5;6;11"
Root_6019,134.435747,23.628288,7,"0;1;3;4;5;6;11"
Root_6020,353.899341,43.906048,6,"1;3;4;5;6;11"
Root_6021,164.847757,28.957888,6,"0;3;4;5;6;11"
Root_6022,394.697814,48.535648,5,"3;4;5;6;11"
Root_6023,132.723226,24.615936,7,"0;1;2;4;5;6;11"
Root_6024,357.044973,44.893696,6,"1;2;4;5;6;11"
Root_6025,166.921517,29.945536,6,"0;2;4;5;6;11"
Root_6026,399.531094,49.523296,5,"2;4;5;6;11"
Root_6027,135.438179,25.541856,6,"0;1;4;5;6;11"
Root_6028,362.926413,45.819616,5,"1;4;5;6;11"
Root_6029,171.877037,30.871456,5,"0;4;5;6;11"
Root_6030,405.638454,50.449216,4,"4;5;6;11"
Root_6031,145.446787,24.924576,7,"0;1;2;3;5;6;11"
Root_6032,360.131373,45.202336,6,"1;2;3;5;6;11"
Root_6033,175.445101,30.254176,6,"0;2;3;5;6;11"
Root_6034,402.926134,49.831936,5,"2;3;5;6;11"
Root_6035,147.398627,25.850496,6,"0;1;3;5;6;11"
Root_6036,366.012813,46.128256,5,"1;3;5;6;11"
Root_6037,179.474701,31.180096,5,"0;3;5;6;11"
Root_6038,409.033494,50.757856,4,"3;5;6;11"
Root_6039,146.285027,26.838144,6,"0;1;2;5;6;11"
Root_6040,370.846093,47.115904,5,"1;2;5;6;11"
Root_6041,182.332685,32.167744,5,"0;2;5;6;11"
Root_6042,415.554422,51.745504,4,"2;5;6;11"
Root_6043,148.462787,27.764064,5,"0;1;5;6;11"
Root_6044,376.953453,48.041824,4,"1;5;6;11"
Root_6045,186.588205,33.093664,4,"0;5;6;11"
Root_6046,421.887702,52.671424,3,"5;6;11"
Root_6047,139.625818,24.245568,7,"0;1;2;3;4;6;11"
Root_6048,354.020301,44.523328,6,"1;2;3;4;6;11"
Root_6049,167.692045,29.575168,6,"0;2;3;4;6;11"
Root_6050,396.136054,49.152928,5,"2;3;4;6;11"
Root_6051,141.414851,25.171488,6,"0;1;3;4;6;11"
Root_6052,359.901741,45.449248,5,"1;3;4;6;11"
Root_6053,171.721645,30.501088,5,"0;3;4;6;11"
Root_6054,402.243414,50.078848,4,"3;4;6;11"
Root_6055,140.402330,26.159136,6,"0;1;2;4;6;11"
Root_6056,364.364653,46.436896,5,"1;2;4;6;11"
Root_6057,174.209261,31.488736,5,"0;2;4;6;11"
Root_6058,408.393974,51.066496,4,"2;4;6;11"
Root_6059,142.417283,27.085056,5,"0;1;4;6;11"
Root_6060,370.472013,47.362816,4,"1;4;6;11"
Root_6061,178.464781,32.414656,4,"0;4;6;11"
Root_6062,414.727254,51.992416,3,"4;6;11"
Root_6063,151.274051,26.467776,6,"0;1;2;3;6;11"
Root_6064,367.451053,46.745536,5,"1;2;3;6;11"
Root_6065,180.881005,31.797376,5,"0;2;3;6;11"
Root_6066,411.789014,51.375136,4,"2;3;6;11"
Root_6067,152.525891,27.393696,5,"0;1;3;6;11"
Root_6068,373.558413,47.671456,4,"1;3;6;11"
Root_6069,184.210605,32.723296,4,"0;3;6;11"
Root_6070,418.122294,52.301056,3,"3;6;11"
Root_6071,152.050563,28.381344,5,"0;1;2;6;11"
Root_6072,379.708973,48.659104,4,"1;2;6;11"
Root_6073,188.109165,33.710944,4,"0;2;6;11"
Root_6074,425.960502,53.288704,3,"2;6;11"
Root_6075,154.142851,29.307264,4,"0;1;6;11"
Root_6076,386.042253,49.585024,3,"1;6;11"
Root_6077,192.590605,34.636864,3,"0;6;11"
Root_6078,432.519702,54.214624,2,"6;11"
Root_6079,145.669002,25.128278,7,"0;1;2;3;4;5;11"
Root_6080,362.372099,45.406038,6,"1;2;3;4;5;11"
Root_6081,176.278422,30.457878,6,"0;2;3;4;5;11"
Root_6082,405.370563,50.035638,5,"2;3;4;5;11"
Root_6083,147.620842,26.054198,6,"0;1;3;4;5;11"
Root_6084,368.253539,46.331958,5,"1;3;4;5;11"
Root_6085,180.308022,31.383798,5,"0;3;4;5;11"
Root_6086,411.477923,50.961558,4,"3;4;5;11"
Root_6087,146.507242,27.041846,6,"0;1;2;4;5;11"
Root_6088,373.086819,47.319606,5,"1;2;4;5;11"
Root_6089,183.166006,32.371446,5,"0;2;4;5;11"
Root_6090,417.998851,51.949206,4,"2;4;5;11"
Root_6091,148.685002,27.967766,5,"0;1;4;5;11"
Root_6092,379.194179,48.245526,4,"1;4;5;11"
Root_6093,187.421526,33.297366,4,"0;4;5;11"
Root_6094,424.332131,52.875126,3,"4;5;11"
Root_6095,157.008595,27.350486,6,"0;1;2;3;5;11"
Root_6096,376.481859,47.628246,5,"1;2;3;5;11"
Root_6097,189.263680,32.680086,5,"0;2;3;5;11"
Root_6098,421.702531,52.257846,4,"2;3;5;11"
Root_6099,158.260435,28.276406,5,"0;1;3;5;11"
Root_6100,382.589219,48.554166,4,"1;3;5;11"
Root_6101,192.593280,33.606006,4,"0;3;5;11"
Root_6102,428.035811,53.183766,3,"3;5;11"
Root_6103,158.683584,29.264054,5,"0;1;2;5;11"
Root_6104,389.110147,49.541814,4,"1;2;5;11"
Root_6105,196.151264,34.593654,4,"0;2;5;11"
Root_6106,436.244387,54.171414,3,"2;5;11"
Root_6107,162.013184,30.189974,4,"0;1;5;11"
Root_6108,395.443427,50.467734,3,"1;5;11"
Root_6109,200.226358,35.519574,3,"0;5;11"
Root_6110,442.803587,55.097334,2,"5;11"
Root_6111,151.292563,26.671478,6,"0;1;2;3;4;11"
Root_6112,369.691779,46.949238,5,"1;2;3;4;11"
Root_6113,181.510624,32.001078,5,"0;2;3;4;11"
Root_6114,414.233443,51.578838,4,"2;3;4;11"
Root_6115,156.044403,27.597398,5,"0;1;3;4;11"
Root_6116,378.599139,47.875158,4,"1;3;4;11"
Root_6117,187.640224,32.926998,4,"0;3;4;11"
Root_6118,422.666723,52.504758,3,"3;4;11"
Root_6119,152.069075,28.585046,5,"0;1;2;4;11"
Root_6120,381.949699,48.862806,4,"1;2;4;11"
Root_6121,188.942486,33.914646,4,"0;2;4;11"
Root_6122,428.404931,53.492406,3,"2;4;11"
Root_6123,157.368768,29.510966,4,"0;1;4;11"
Root_6124,390.382979,49.788726,3,"1;4;11"
Root_6125,195.523926,34.840566,3,"0;4;11"
Root_6126,436.364131,54.418326,2,"4;11"
Root_6127,160.718589,28.893686,5,"0;1;2;3;11"
Root_6128,385.344739,49.171446,4,"1;2;3;11"
Root_6129,193.496960,34.223286,4,"0;2;3;11"
Root_6130,432.108611,53.801046,3,"2;3;11"
Root_6131,168.509642,29.819606,4,"0;1;3;11"
Root_6132,395.878019,50.097366,3,"1;3;11"
Root_6133,201.401686,35.149206,3,"0;3;11"
Root_6134,441.467811,54.726966,2,"3;11"
Root_6135,165.109610,30.807254,4,"0;1;2;11"
Root_6136,399.516227,51.085014,3,"1;2;11"
Root_6137,203.338307,36.136854,3,"0;2;11"
Root_6138,448.193667,55.714614,2,"2;11"
Root_6139,171.939210,31.733174,3,"0;1;11"
Root_6140,408.875427,52.010934,2,"1;11"
Root_6141,212.697507,37.062774,2,"0;11"
Root_6142,456.378787,56.640534,1,"11"
Root_6143,87.815949,12.681440,11,"0;1;2;3;4;5;6;7;8;9;10"
Root_6144,285.698576,33.659200,10,"1;2;3;4;5;6;7;8;9;10"
Root_6145,111.266787,18.711040,10,"0;2;3;4;5;6;7;8;9;10"
Root_6146,317.650202,38.288800,9,"2;3;4;5;6;7;8;9;10"
Root_6147,90.080205,13.607360,10,"0;1;3;4;5;6;7;8;9;10"
Root_6148,285.076336,34.585120,9,"1;3;4;5;6;7;8;9;10"
Root_6149,111.081667,19.636960,9,"0;3;4;5;6;7;8;9;10"
Root_6150,317.953882,39.214720,8,"3;4;5;6;7;8;9;10"
Root_6151,92.949933,15.295008,10,"0;1;2;4;5;6;7;8;9;10"
Root_6152,290.384944,35.572768,9,"1;2;4;5;6;7;8;9;10"
Root_6153,112.681571,20.624608,9,"0;2;4;5;6;7;8;9;10"
Root_6154,324.250138,40.202368,8,"2;4;5;6;7;8;9;10"
Root_6155,94.801773,16.220928,9,"0;1;4;5;6;7;8;9;10"
Root_6156,290.688624,36.498688,8,"1;4;5;6;7;8;9;10"
Root_6157,112.059331,21.550528,8,"0;4;5;6;7;8;9;10"
Root_6158,325.479738,41.128288,7,"4;5;6;7;8;9;10"
Root_6159,99.806477,14.903648,10,"0;1;2;3;5;6;7;8;9;10"
Root_6160,292.664016,35.881408,9,"1;2;3;5;6;7;8;9;10"
Root_6161,126.686307,20.933248,9,"0;2;3;5;6;7;8;9;10"
Root_6162,326.719258,40.511008,8,"2;3;5;6;7;8;9;10"
Root_6163,101.515181,15.829568,9,"0;1;3;5;6;7;8;9;10"
Root_6164,292.849104,36.807328,8,"1;3;5;6;7;8;9;10"
Root_6165,125.138147,21.859168,8,"0;3;5;6;7;8;9;10"
Root_6166,327.948858,41.436928,7,"3;5;6;7;8;9;10"
Root_6167,103.920045,17.517216,9,"0;1;2;5;6;7;8;9;10"
Root_6168,299.145360,37.794976,8,"1;2;5;6;7;8;9;10"
Root_6169,128.101091,22.846816,8,"0;2;5;6;7;8;9;10"
Root_6170,335.232762,42.424576,7,"2;5;6;7;8;9;10"
Root_6171,104.928749,18.443136,8,"0;1;5;6;7;8;9;10"
Root_6172,300.374960,38.720896,7,"1;5;6;7;8;9;10"
Root_6173,127.478851,23.772736,7,"0;5;6;7;8;9;10"
Root_6174,337.388282,43.350496,6,"5;6;7;8;9;10"
Root_6175,95.534765,14.224640,10,"0;1;2;3;4;6;7;8;9;10"
Root_6176,288.162736,35.202400,9,"1;2;3;4;6;7;8;9;10"
Root_6177,120.525987,20.254240,9,"0;2;3;4;6;7;8;9;10"
Root_6178,321.657562,39.832000,8,"2;3;4;6;7;8;9;10"
Root_6179,97.386605,15.150560,9,"0;1;3;4;6;7;8;9;10"
Root_6180,288.466416,36.128320,8,"1;3;4;6;7;8;9;10"
Root_6181,118.977827,21.180160,8,"0;3;4;6;7;8;9;10"
Root_6182,322.887162,40.757920,7,"3;4;6;7;8;9;10"
Root_6183,99.845997,16.838208,9,"0;1;2;4;6;7;8;9;10"
Root_6184,294.392304,37.115968,8,"1;2;4;6;7;8;9;10"
Root_6185,121.940771,22.167808,8,"0;2;4;6;7;8;9;10"
Root_6186,329.800698,41.745568,7,"2;4;6;7;8;9;10"
Root_6187,101.533709,17.764128,8,"0;1;4;6;7;8;9;10"
Root_6188,295.621904,38.041888,7,"1;4;6;7;8;9;10"
Root_6189,121.318531,23.093728,7,"0;4;6;7;8;9;10"
Root_6190,331.956218,42.671488,6,"4;6;7;8;9;10"
Root_6191,108.305261,16.446848,9,"0;1;2;3;6;7;8;9;10"
Root_6192,296.552784,37.424608,8,"1;2;3;6;7;8;9;10"
Root_6193,134.859235,22.476448,8,"0;2;3;6;7;8;9;10"
Root_6194,332.269818,42.054208,7,"2;3;6;7;8;9;10"
Root_6195,109.231181,17.372768,8,"0;1;3;6;7;8;9;10"
Root_6196,297.782384,38.350528,7,"1;3;6;7;8;9;10"
Root_6197,133.311075,23.402368,7,"0;3;6;7;8;9;10"
Root_6198,334.425338,42.980128,6,"3;6;7;8;9;10"
Root_6199,113.179245,19.060416,8,"0;1;2;6;7;8;9;10"
Root_6200,304.695920,39.338176,7,"1;2;6;7;8;9;10"
Root_6201,136.274019,24.390016,7,"0;2;6;7;8;9;10"
Root_6202,342.326522,43.967776,6,"2;6;7;8;9;10"
Root_6203,112.644749,19.986336,7,"0;1;6;7;8;9;10"
Root_6204,306.851440,40.264096,6,"1;6;7;8;9;10"
Root_6205,135.651779,25.315936,6,"0;6;7;8;9;10"
Root_6206,345.407962,44.893696,5,"6;7;8;9;10"
Root_6207,101.028691,15.107350,10,"0;1;2;3;4;5;7;8;9;10"
Root_6208,294.175043,36.085110,9,"1;2;3;4;5;7;8;9;10"
Root_6209,127.112224,21.136950,9,"0;2;3;4;5;7;8;9;10"
Root_6210,328.552579,40.714710,8,"2;3;4;5;7;8;9;10"
Root_6211,102.533693,16.033270,9,"0;1;3;4;5;7;8;9;10"
Root_6212,294.478723,37.011030,8,"1;3;4;5;7;8;9;10"
Root_6213,125.564064,22.062870,8,"0;3;4;5;7;8;9;10"
Root_6214,329.782179,41.640630,7,"3;4;5;7;8;9;10"
Root_6215,105.142259,17.720918,9,"0;1;2;4;5;7;8;9;10"
Root_6216,300.774979,37.998678,8,"1;2;4;5;7;8;9;10"
Root_6217,128.527008,23.050518,8,"0;2;4;5;7;8;9;10"
Root_6218,337.066083,42.628278,7,"2;4;5;7;8;9;10"
Root_6219,105.947261,18.646838,8,"0;1;4;5;7;8;9;10"
Root_6220,302.004579,38.924598,7,"1;4;5;7;8;9;10"
Root_6221,127.904768,23.976438,7,"0;4;5;7;8;9;10"
Root_6222,339.221603,43.554198,6,"4;5;7;8;9;10"
Root_6223,113.881546,17.329558,9,"0;1;2;3;5;7;8;9;10"
Root_6224,303.244099,38.307318,8,"1;2;3;5;7;8;9;10"
Root_6225,140.920938,23.359158,8,"0;2;3;5;7;8;9;10"
Root_6226,339.843843,42.936918,7,"2;3;5;7;8;9;10"
Root_6227,114.151987,18.255478,8,"0;1;3;5;7;8;9;10"
Root_6228,304.473699,39.233238,7,"1;3;5;7;8;9;10"
Root_6229,139.372778,24.285078,7,"0;3;5;7;8;9;10"
Root_6230,341.999363,43.862838,6,"3;5;7;8;9;10"
Root_6231,119.682762,19.943126,8,"0;1;2;5;7;8;9;10"
Root_6232,311.757603,40.220886,7,"1;2;5;7;8;9;10"
Root_6233,142.335722,25.272726,7,"0;2;5;7;8;9;10"
Root_6234,350.270915,44.850486,6,"2;5;7;8;9;10"
Root_6235,118.265555,20.869046,7,"0;1;5;7;8;9;10"
Root_6236,313.913123,41.146806,6,"1;5;7;8;9;10"
Root_6237,141.713482,26.198646,6,"0;5;7;8;9;10"
Root_6238,353.352355,45.776406,5,"5;7;8;9;10"
Root_6239,109.323773,16.650550,9,"0;1;2;3;4;7;8;9;10"
Root_6240,298.182403,37.628310,8,"1;2;3;4;7;8;9;10"
Root_6241,135.081450,22.680150,8,"0;2;3;4;7;8;9;10"
Root_6242,334.103139,42.257910,7,"2;3;4;7;8;9;10"
Root_6243,110.249693,17.576470,8,"0;1;3;4;7;8;9;10"
Root_6244,299.412003,38.554230,7,"1;3;4;7;8;9;10"
Root_6245,133.533290,23.606070,7,"0;3;4;7;8;9;10"
Root_6246,336.258659,43.183830,6,"3;4;7;8;9;10"
Root_6247,114.401459,19.264118,8,"0;1;2;4;7;8;9;10"
Root_6248,306.325539,39.541878,7,"1;2;4;7;8;9;10"
Root_6249,136.496234,24.593718,7,"0;2;4;7;8;9;10"
Root_6250,344.159843,44.171478,6,"2;4;7;8;9;10"
Root_6251,113.663261,20.190038,7,"0;1;4;7;8;9;10"
Root_6252,308.481059,40.467798,6,"1;4;7;8;9;10"
Root_6253,135.873994,25.519638,6,"0;4;7;8;9;10"
Root_6254,347.241283,45.097398,5,"4;7;8;9;10"
Root_6255,122.633491,18.872758,8,"0;1;2;3;7;8;9;10"
Root_6256,308.794659,39.850518,7,"1;2;3;7;8;9;10"
Root_6257,147.902515,24.902358,7,"0;2;3;7;8;9;10"
Root_6258,346.937603,44.480118,6,"2;3;7;8;9;10"
Root_6259,121.360733,19.798678,7,"0;1;3;7;8;9;10"
Root_6260,310.950179,40.776438,6,"1;3;7;8;9;10"
Root_6261,146.354355,25.828278,6,"0;3;7;8;9;10"
Root_6262,350.019043,45.406038,5,"3;7;8;9;10"
Root_6263,127.734707,21.486326,7,"0;1;2;7;8;9;10"
Root_6264,318.851363,41.764086,6,"1;2;7;8;9;10"
Root_6265,149.317299,26.815926,6,"0;2;7;8;9;10"
Root_6266,358.907875,46.393686,5,"2;7;8;9;10"
Root_6267,126.186547,22.412246,6,"0;1;7;8;9;10"
Root_6268,321.932803,42.690006,5,"1;7;8;9;10"
Root_6269,148.695059,27.741846,5,"0;7;8;9;10"
Root_6270,362.915235,47.319606,4,"7;8;9;10"
Root_6271,107.460973,16.406112,10,"0;1;2;3;4;5;6;8;9;10"
Root_6272,299.995994,36.683872,9,"1;2;3;4;5;6;8;9;10"
Root_6273,125.316195,21.735712,9,"0;2;3;4;5;6;8;9;10"
Root_6274,334.972291,41.313472,8,"2;3;4;5;6;8;9;10"
Root_6275,108.386893,17.332032,9,"0;1;3;4;5;6;8;9;10"
Root_6276,300.299674,37.609792,8,"1;3;4;5;6;8;9;10"
Root_6277,123.768035,22.661632,8,"0;3;4;5;6;8;9;10"
Root_6278,336.201891,42.239392,7,"3;4;5;6;8;9;10"
Root_6279,106.694221,18.319680,9,"0;1;2;4;5;6;8;9;10"
Root_6280,306.595930,38.597440,8,"1;2;4;5;6;8;9;10"
Root_6281,126.730979,23.649280,8,"0;2;4;5;6;8;9;10"
Root_6282,343.485795,43.227040,7,"2;4;5;6;8;9;10"
Root_6283,106.900461,19.245600,8,"0;1;4;5;6;8;9;10"
Root_6284,307.825530,39.523360,7,"1;4;5;6;8;9;10"
Root_6285,126.108739,24.575200,7,"0;4;5;6;8;9;10"
Root_6286,345.641315,44.152960,6,"4;5;6;8;9;10"
Root_6287,118.304045,18.628320,9,"0;1;2;3;5;6;8;9;10"
Root_6288,309.065050,38.906080,8,"1;2;3;5;6;8;9;10"
Root_6289,138.760419,23.957920,8,"0;2;3;5;6;8;9;10"
Root_6290,346.263555,43.535680,7,"2;3;5;6;8;9;10"
Root_6291,117.275725,19.554240,8,"0;1;3;5;6;8;9;10"
Root_6292,310.294650,39.832000,7,"1;3;5;6;8;9;10"
Root_6293,137.212259,24.883840,7,"0;3;5;6;8;9;10"
Root_6294,348.419075,44.461600,6,"3;5;6;8;9;10"
Root_6295,117.805261,20.541888,8,"0;1;2;5;6;8;9;10"
Root_6296,317.578554,40.819648,7,"1;2;5;6;8;9;10"
Root_6297,140.175203,25.871488,7,"0;2;5;6;8;9;10"
Root_6298,356.690627,45.449248,6,"2;5;6;8;9;10"
Root_6299,116.257101,21.467808,7,"0;1;5;6;8;9;10"
Root_6300,319.734074,41.745568,6,"1;5;6;8;9;10"
Root_6301,139.552963,26.797408,6,"0;5;6;8;9;10"
Root_6302,359.772067,46.375168,5,"5;6;8;9;10"
Root_6303,114.909005,17.949312,9,"0;1;2;3;4;6;8;9;10"
Root_6304,304.003354,38.227072,8,"1;2;3;4;6;8;9;10"
Root_6305,133.032195,23.278912,8,"0;2;3;4;6;8;9;10"
Root_6306,340.522851,42.856672,7,"2;3;4;6;8;9;10"
Root_6307,114.559693,18.875232,8,"0;1;3;4;6;8;9;10"
Root_6308,305.232954,39.152992,7,"1;3;4;6;8;9;10"
Root_6309,131.484035,24.204832,7,"0;3;4;6;8;9;10"
Root_6310,342.678371,43.782592,6,"3;4;6;8;9;10"
Root_6311,114.410221,19.862880,8,"0;1;2;4;6;8;9;10"
Root_6312,312.146490,40.140640,7,"1;2;4;6;8;9;10"
Root_6313,134.446979,25.192480,7,"0;2;4;6;8;9;10"
Root_6314,350.579555,44.770240,6,"2;4;6;8;9;10"
Root_6315,113.073261,20.788800,7,"0;1;4;6;8;9;10"
Root_6316,314.302010,41.066560,6,"1;4;6;8;9;10"
Root_6317,133.824739,26.118400,6,"0;4;6;8;9;10"
Root_6318,353.660995,45.696160,5,"4;6;8;9;10"
Root_6319,126.020045,20.171520,8,"0;1;2;3;6;8;9;10"
Root_6320,314.615610,40.449280,7,"1;2;3;6;8;9;10"
Root_6321,145.143235,25.501120,7,"0;2;3;6;8;9;10"
Root_6322,353.357315,45.078880,6,"2;3;6;8;9;10"
Root_6323,123.545965,21.097440,7,"0;1;3;6;8;9;10"
Root_6324,316.771130,41.375200,6,"1;3;6;8;9;10"
Root_6325,143.595075,26.427040,6,"0;3;6;8;9;10"
Root_6326,356.438755,46.004800,5,"3;6;8;9;10"
Root_6327,125.521261,22.085088,7,"0;1;2;6;8;9;10"
Root_6328,324.672314,42.362848,6,"1;2;6;8;9;10"
Root_6329,146.558019,27.414688,6,"0;2;6;8;9;10"
Root_6330,365.327587,46.992448,5,"2;6;8;9;10"
Root_6331,123.973101,23.011008,6,"0;1;6;8;9;10"
Root_6332,327.753754,43.288768,5,"1;6;8;9;10"
Root_6333,145.935779,28.340608,5,"0;6;8;9;10"
Root_6334,369.334947,47.918368,4,"6;8;9;10"
Root_6335,119.322557,18.832022,9,"0;1;2;3;4;5;8;9;10"
Root_6336,310.898371,39.109782,8,"1;2;3;4;5;8;9;10"
Root_6337,138.982634,24.161622,8,"0;2;3;4;5;8;9;10"
Root_6338,348.300579,43.739382,7,"2;3;4;5;8;9;10"
Root_6339,118.090534,19.757942,8,"0;1;3;4;5;8;9;10"
Root_6340,312.127971,40.035702,7,"1;3;4;5;8;9;10"
Root_6341,137.434474,25.087542,7,"0;3;4;5;8;9;10"
Root_6342,350.456099,44.665302,6,"3;4;5;8;9;10"
Root_6343,118.823773,20.745590,8,"0;1;2;4;5;8;9;10"
Root_6344,319.411875,41.023350,7,"1;2;4;5;8;9;10"
Root_6345,140.397418,26.075190,7,"0;2;4;5;8;9;10"
Root_6346,358.727651,45.652950,6,"2;4;5;8;9;10"
Root_6347,117.275613,21.671510,7,"0;1;4;5;8;9;10"
Root_6348,321.567395,41.949270,6,"1;4;5;8;9;10"
Root_6349,139.775178,27.001110,6,"0;4;5;8;9;10"
Root_6350,361.809091,46.578870,5,"4;5;8;9;10"
Root_6351,131.640851,21.054230,8,"0;1;2;3;5;8;9;10"
Root_6352,322.189635,41.331990,7,"1;2;3;5;8;9;10"
Root_6353,150.507411,26.383830,7,"0;2;3;5;8;9;10"
Root_6354,361.814051,45.961590,6,"2;3;5;8;9;10"
Root_6355,129.166771,21.980150,7,"0;1;3;5;8;9;10"
Root_6356,324.345155,42.257910,6,"1;3;5;8;9;10"
Root_6357,148.959251,27.309750,6,"0;3;5;8;9;10"
Root_6358,364.895491,46.887510,5,"3;5;8;9;10"
Root_6359,131.142067,22.967798,7,"0;1;2;5;8;9;10"
Root_6360,332.616707,43.245558,6,"1;2;5;8;9;10"
Root_6361,151.922195,28.297398,6,"0;2;5;8;9;10"
Root_6362,374.154691,47.875158,5,"2;5;8;9;10"
Root_6363,129.593907,23.893718,6,"0;1;5;8;9;10"
Root_6364,335.698147,44.171478,5,"1;5;8;9;10"
Root_6365,151.746592,29.223318,5,"0;5;8;9;10"
Root_6366,378.162051,48.801078,4,"5;8;9;10"
Root_6367,127.038557,20.375222,8,"0;1;2;3;4;8;9;10"
Root_6368,316.448931,40.652982,7,"1;2;3;4;8;9;10"
Root_6369,145.161747,25.704822,7,"0;2;3;4;8;9;10"
Root_6370,355.394339,45.282582,6,"2;3;4;8;9;10"
Root_6371,124.564477,21.301142,7,"0;1;3;4;8;9;10"
Root_6372,318.604451,41.578902,6,"1;3;4;8;9;10"
Root_6373,143.613587,26.630742,6,"0;3;4;8;9;10"
Root_6374,358.475779,46.208502,5,"3;4;8;9;10"
Root_6375,126.539773,22.288790,7,"0;1;2;4;8;9;10"
Root_6376,326.505635,42.566550,6,"1;2;4;8;9;10"
Root_6377,146.576531,27.618390,6,"0;2;4;8;9;10"
Root_6378,367.364611,47.196150,5,"2;4;8;9;10"
Root_6379,124.991613,23.214710,6,"0;1;4;8;9;10"
Root_6380,329.587075,43.492470,5,"1;4;8;9;10"
Root_6381,145.954291,28.544310,5,"0;4;8;9;10"
Root_6382,371.371971,48.122070,4,"4;8;9;10"
Root_6383,138.149597,22.597430,7,"0;1;2;3;8;9;10"
Root_6384,329.283395,42.875190,6,"1;2;3;8;9;10"
Root_6385,155.513693,27.927030,6,"0;2;3;8;9;10"
Root_6386,370.451011,47.504790,5,"2;3;8;9;10"
Root_6387,135.675517,23.523350,6,"0;1;3;8;9;10"
Root_6388,332.364835,43.801110,5,"1;3;8;9;10"
Root_6389,153.965533,28.852950,5,"0;3;8;9;10"
Root_6390,374.458371,48.430710,4,"3;8;9;10"
Root_6391,137.650813,24.510998,6,"0;1;2;8;9;10"
Root_6392,341.253667,44.788758,5,"1;2;8;9;10"
Root_6393,158.609674,29.840598,5,"0;2;8;9;10"
Root_6394,384.334851,49.418358,4,"2;8;9;10"
Root_6395,136.102653,25.436918,5,"0;1;8;9;10"
Root_6396,345.261027,45.714678,4,"1;8;9;10"
Root_6397,159.839274,30.766518,4,"0;8;9;10"
Root_6398,389.268131,50.344278,3,"8;9;10"
Root_6399,97.388781,17.311040,10,"0;1;2;3;4;5;6;7;9;10"
Root_6400,317.650202,38.288800,9,"1;2;3;4;5;6;7;9;10"
Root_6401,133.471267,23.340640,9,"0;2;3;4;5;6;7;9;10"
Root_6402,354.231427,42.918400,8,"2;3;4;5;6;7;9;10"
Root_6403,97.914701,18.236960,9,"0;1;3;4;5;6;7;9;10"
Root_6404,317.953882,39.214720,8,"1;3;4;5;6;7;9;10"
Root_6405,132.849027,24.266560,8,"0;3;4;5;6;7;9;10"
Root_6406,355.461027,43.844320,7,"3;4;5;6;7;9;10"
Root_6407,105.814605,19.924608,9,"0;1;2;4;5;6;7;9;10"
Root_6408,324.250138,40.202368,8,"1;2;4;5;6;7;9;10"
Root_6409,136.799619,25.254208,8,"0;2;4;5;6;7;9;10"
Root_6410,362.744931,44.831968,7,"2;4;5;6;7;9;10"
Root_6411,105.341837,20.850528,8,"0;1;4;5;6;7;9;10"
Root_6412,325.479738,41.128288,7,"1;4;5;6;7;9;10"
Root_6413,137.103299,26.180128,7,"0;4;5;6;7;9;10"
Root_6414,364.900451,45.757888,6,"4;5;6;7;9;10"
Root_6415,112.112218,19.533248,9,"0;1;2;3;5;6;7;9;10"
Root_6416,326.719258,40.511008,8,"1;2;3;5;6;7;9;10"
Root_6417,147.644016,25.562848,8,"0;2;3;5;6;7;9;10"
Root_6418,365.522691,45.140608,7,"2;3;5;6;7;9;10"
Root_6419,111.104890,20.459168,8,"0;1;3;5;6;7;9;10"
Root_6420,327.948858,41.436928,7,"1;3;5;6;7;9;10"
Root_6421,147.021776,26.488768,7,"0;3;5;6;7;9;10"
Root_6422,367.678211,46.066528,6,"3;5;6;7;9;10"
Root_6423,120.913274,22.146816,8,"0;1;2;5;6;7;9;10"
Root_6424,335.232762,42.424576,7,"1;2;5;6;7;9;10"
Root_6425,150.972368,27.476416,7,"0;2;5;6;7;9;10"
Root_6426,375.949763,47.054176,6,"2;5;6;7;9;10"
Root_6427,120.291034,23.072736,7,"0;1;5;6;7;9;10"
Root_6428,337.388282,43.350496,6,"1;5;6;7;9;10"
Root_6429,151.276048,28.402336,6,"0;5;6;7;9;10"
Root_6430,379.031203,47.980096,5,"5;6;7;9;10"
Root_6431,107.013485,18.854240,9,"0;1;2;3;4;6;7;9;10"
Root_6432,321.657562,39.832000,8,"1;2;3;4;6;7;9;10"
Root_6433,142.014563,24.883840,8,"0;2;3;4;6;7;9;10"
Root_6434,359.781987,44.461600,7,"2;3;4;6;7;9;10"
Root_6435,106.685165,19.780160,8,"0;1;3;4;6;7;9;10"
Root_6436,322.887162,40.757920,7,"1;3;4;6;7;9;10"
Root_6437,141.392323,25.809760,7,"0;3;4;6;7;9;10"
Root_6438,361.937507,45.387520,6,"3;4;6;7;9;10"
Root_6439,115.428269,21.467808,8,"0;1;2;4;6;7;9;10"
Root_6440,329.800698,41.745568,7,"1;2;4;6;7;9;10"
Root_6441,145.342915,26.797408,7,"0;2;4;6;7;9;10"
Root_6442,369.838691,46.375168,6,"2;4;6;7;9;10"
Root_6443,114.806029,22.393728,7,"0;1;4;6;7;9;10"
Root_6444,331.956218,42.671488,6,"1;4;6;7;9;10"
Root_6445,145.646595,27.723328,6,"0;4;6;7;9;10"
Root_6446,372.920131,47.301088,5,"4;6;7;9;10"
Root_6447,121.371418,21.076448,8,"0;1;2;3;6;7;9;10"
Root_6448,332.269818,42.054208,7,"1;2;3;6;7;9;10"
Root_6449,155.014480,27.106048,7,"0;2;3;6;7;9;10"
Root_6450,372.616451,46.683808,6,"2;3;6;7;9;10"
Root_6451,119.823258,22.002368,7,"0;1;3;6;7;9;10"
Root_6452,334.425338,42.980128,6,"1;3;6;7;9;10"
Root_6453,154.392240,28.031968,6,"0;3;6;7;9;10"
Root_6454,375.697891,47.609728,5,"3;6;7;9;10"
Root_6455,129.786202,23.690016,7,"0;1;2;6;7;9;10"
Root_6456,342.326522,43.967776,6,"1;2;6;7;9;10"
Root_6457,158.362448,29.019616,6,"0;2;6;7;9;10"
Root_6458,384.586723,48.597376,5,"2;6;7;9;10"
Root_6459,129.163962,24.615936,6,"0;1;6;7;9;10"
Root_6460,345.407962,44.893696,5,"1;6;7;9;10"
Root_6461,159.592048,29.945536,5,"0;6;7;9;10"
Root_6462,388.594083,49.523296,4,"6;7;9;10"
Root_6463,113.222250,19.736950,9,"0;1;2;3;4;5;7;9;10"
Root_6464,328.552579,40.714710,8,"1;2;3;4;5;7;9;10"
Root_6465,148.094784,25.766550,8,"0;2;3;4;5;7;9;10"
Root_6466,367.559715,45.344310,7,"2;3;4;5;7;9;10"
Root_6467,112.011219,20.662870,8,"0;1;3;4;5;7;9;10"
Root_6468,329.782179,41.640630,7,"1;3;4;5;7;9;10"
Root_6469,147.472544,26.692470,7,"0;3;4;5;7;9;10"
Root_6470,369.715235,46.270230,6,"3;4;5;7;9;10"
Root_6471,121.527008,22.350518,8,"0;1;2;4;5;7;9;10"
Root_6472,337.066083,42.628278,7,"1;2;4;5;7;9;10"
Root_6473,151.423136,27.680118,7,"0;2;4;5;7;9;10"
Root_6474,377.986787,47.257878,6,"2;4;5;7;9;10"
Root_6475,120.904768,23.276438,7,"0;1;4;5;7;9;10"
Root_6476,339.221603,43.554198,6,"1;4;5;7;9;10"
Root_6477,151.726816,28.606038,6,"0;4;5;7;9;10"
Root_6478,381.068227,48.183798,5,"4;5;7;9;10"
Root_6479,128.098698,21.959158,8,"0;1;2;3;5;7;9;10"
Root_6480,339.843843,42.936918,7,"1;2;3;5;7;9;10"
Root_6481,161.057664,27.988758,7,"0;2;3;5;7;9;10"
Root_6482,381.073187,47.566518,6,"2;3;5;7;9;10"
Root_6483,126.550538,22.885078,7,"0;1;3;5;7;9;10"
Root_6484,341.999363,43.862838,6,"1;3;5;7;9;10"
Root_6485,160.435424,28.914678,6,"0;3;5;7;9;10"
Root_6486,384.154627,48.492438,5,"3;5;7;9;10"
Root_6487,135.847904,24.572726,7,"0;1;2;5;7;9;10"
Root_6488,350.270915,44.850486,6,"1;2;5;7;9;10"
Root_6489,165.658710,29.902326,6,"0;2;5;7;9;10"
Root_6490,393.413827,49.480086,5,"2;5;7;9;10"
Root_6491,135.225664,25.498646,6,"0;1;5;7;9;10"
Root_6492,353.352355,45.776406,5,"1;5;7;9;10"
Root_6493,166.888310,30.828246,5,"0;5;7;9;10"
Root_6494,397.421187,50.406006,4,"5;7;9;10"
Root_6495,122.481450,21.280150,8,"0;1;2;3;4;7;9;10"
Root_6496,334.103139,42.257910,7,"1;2;3;4;7;9;10"
Root_6497,155.261546,27.309750,7,"0;2;3;4;7;9;10"
Root_6498,374.653475,46.887510,6,"2;3;4;7;9;10"
Root_6499,120.933290,22.206070,7,"0;1;3;4;7;9;10"
Root_6500,336.258659,43.183830,6,"1;3;4;7;9;10"
Root_6501,154.639306,28.235670,6,"0;3;4;7;9;10"
Root_6502,377.734915,47.813430,5,"3;4;7;9;10"
Root_6503,130.196234,23.893718,7,"0;1;2;4;7;9;10"
Root_6504,344.159843,44.171478,6,"1;2;4;7;9;10"
Root_6505,158.813216,29.223318,6,"0;2;4;7;9;10"
Root_6506,386.623747,48.801078,5,"2;4;7;9;10"
Root_6507,129.573994,24.819638,6,"0;1;4;7;9;10"
Root_6508,347.241283,45.097398,5,"1;4;7;9;10"
Root_6509,160.042816,30.149238,5,"0;4;7;9;10"
Root_6510,390.631107,49.726998,4,"4;7;9;10"
Root_6511,135.814698,23.502358,7,"0;1;2;3;7;9;10"
Root_6512,346.937603,44.480118,6,"1;2;3;7;9;10"
Root_6513,166.904544,29.531958,6,"0;2;3;7;9;10"
Root_6514,389.710147,49.109718,5,"2;3;7;9;10"
Root_6515,134.266538,24.428278,6,"0;1;3;7;9;10"
Root_6516,350.019043,45.406038,5,"1;3;7;9;10"
Root_6517,167.208224,30.457878,5,"0;3;7;9;10"
Root_6518,393.717507,50.035638,4,"3;7;9;10"
Root_6519,143.529482,26.115926,6,"0;1;2;7;9;10"
Root_6520,358.907875,46.393686,5,"1;2;7;9;10"
Root_6521,172.146464,31.445526,5,"0;2;7;9;10"
Root_6522,403.593987,51.023286,4,"2;7;9;10"
Root_6523,142.907242,27.041846,5,"0;1;7;9;10"
Root_6524,362.915235,47.319606,4,"1;7;9;10"
Root_6525,173.376064,32.371446,4,"0;7;9;10"
Root_6526,408.527267,51.949206,3,"7;9;10"
Root_6527,118.902317,21.035712,9,"0;1;2;3;4;5;6;9;10"
Root_6528,334.972291,41.313472,8,"1;2;3;4;5;6;9;10"
Root_6529,146.965123,26.365312,8,"0;2;3;4;5;6;9;10"
Root_6530,374.578189,45.943072,7,"2;3;4;5;6;9;10"
Root_6531,117.354157,21.961632,8,"0;1;3;4;5;6;9;10"
Root_6532,336.201891,42.239392,7,"1;3;4;5;6;9;10"
Root_6533,146.342883,27.291232,7,"0;3;4;5;6;9;10"
Root_6534,376.733709,46.868992,6,"3;4;5;6;9;10"
Root_6535,120.317101,22.949280,8,"0;1;2;4;5;6;9;10"
Root_6536,343.485795,43.227040,7,"1;2;4;5;6;9;10"
Root_6537,150.293475,28.278880,7,"0;2;4;5;6;9;10"
Root_6538,385.005261,47.856640,6,"2;4;5;6;9;10"
Root_6539,119.694861,23.875200,7,"0;1;4;5;6;9;10"
Root_6540,345.641315,44.152960,6,"1;4;5;6;9;10"
Root_6541,151.006755,29.204800,6,"0;4;5;6;9;10"
Root_6542,388.086701,48.782560,5,"4;5;6;9;10"
Root_6543,132.460419,23.257920,8,"0;1;2;3;5;6;9;10"
Root_6544,346.263555,43.535680,7,"1;2;3;5;6;9;10"
Root_6545,159.557795,28.587520,7,"0;2;3;5;6;9;10"
Root_6546,388.091661,48.165280,6,"2;3;5;6;9;10"
Root_6547,130.912259,24.183840,7,"0;1;3;5;6;9;10"
Root_6548,348.419075,44.461600,6,"1;3;5;6;9;10"
Root_6549,159.962435,29.513440,6,"0;3;5;6;9;10"
Root_6550,391.173101,49.091200,5,"3;5;6;9;10"
Root_6551,133.875203,25.171488,7,"0;1;2;5;6;9;10"
Root_6552,356.690627,45.449248,6,"1;2;5;6;9;10"
Root_6553,166.258691,30.501088,6,"0;2;5;6;9;10"
Root_6554,400.432301,50.078848,5,"2;5;6;9;10"
Root_6555,133.252963,26.097408,6,"0;1;5;6;9;10"
Root_6556,359.772067,46.375168,5,"1;5;6;9;10"
Root_6557,168.414211,31.427008,5,"0;5;6;9;10"
Root_6558,404.439661,51.004768,4,"5;6;9;10"
Root_6559,126.972781,22.578912,8,"0;1;2;3;4;6;9;10"
Root_6560,340.522851,42.856672,7,"1;2;3;4;6;9;10"
Root_6561,153.533123,27.908512,7,"0;2;3;4;6;9;10"
Root_6562,381.671949,47.486272,6,"2;3;4;6;9;10"
Root_6563,125.424621,23.504832,7,"0;1;3;4;6;9;10"
Root_6564,342.678371,43.782592,6,"1;3;4;6;9;10"
Root_6565,152.910883,28.834432,6,"0;3;4;6;9;10"
Root_6566,384.753389,48.412192,5,"3;4;6;9;10"
Root_6567,128.387565,24.492480,7,"0;1;2;4;6;9;10"
Root_6568,350.579555,44.770240,6,"1;2;4;6;9;10"
Root_6569,158.505635,29.822080,6,"0;2;4;6;9;10"
Root_6570,393.642221,49.399840,5,"2;4;6;9;10"
Root_6571,127.765325,25.418400,6,"0;1;4;6;9;10"
Root_6572,353.660995,45.696160,5,"1;4;6;9;10"
Root_6573,160.661155,30.748000,5,"0;4;6;9;10"
Root_6574,397.649581,50.325760,4,"4;6;9;10"
Root_6575,139.543235,24.801120,7,"0;1;2;3;6;9;10"
Root_6576,353.357315,45.078880,6,"1;2;3;6;9;10"
Root_6577,166.535395,30.130720,6,"0;2;3;6;9;10"
Root_6578,396.728621,49.708480,5,"2;3;6;9;10"
Root_6579,137.995075,25.727040,6,"0;1;3;6;9;10"
Root_6580,356.438755,46.004800,5,"1;3;6;9;10"
Root_6581,167.764995,31.056640,5,"0;3;6;9;10"
Root_6582,400.735981,50.634400,4,"3;6;9;10"
Root_6583,140.958019,26.714688,6,"0;1;2;6;9;10"
Root_6584,365.327587,46.992448,5,"1;2;6;9;10"
Root_6585,174.061091,32.044288,5,"0;2;6;9;10"
Root_6586,410.612461,51.622048,4,"2;6;9;10"
Root_6587,140.335779,27.640608,5,"0;1;6;9;10"
Root_6588,369.334947,47.918368,4,"1;6;9;10"
Root_6589,176.216611,32.970208,4,"0;6;9;10"
Root_6590,415.545741,52.547968,3,"6;9;10"
Root_6591,132.682634,23.461622,8,"0;1;2;3;4;5;9;10"
Root_6592,348.300579,43.739382,7,"1;2;3;4;5;9;10"
Root_6593,159.780010,28.791222,7,"0;2;3;4;5;9;10"
Root_6594,390.332387,48.368982,6,"2;3;4;5;9;10"
Root_6595,131.134474,24.387542,7,"0;1;3;4;5;9;10"
Root_6596,350.456099,44.665302,6,"1;3;4;5;9;10"
Root_6597,160.592054,29.717142,6,"0;3;4;5;9;10"
Root_6598,393.413827,49.294902,5,"3;4;5;9;10"
Root_6599,134.097418,25.375190,7,"0;1;2;4;5;9;10"
Root_6600,358.727651,45.652950,6,"1;2;4;5;9;10"
Root_6601,166.888310,30.704790,6,"0;2;4;5;9;10"
Root_6602,402.673027,50.282550,5,"2;4;5;9;10"
Root_6603,133.475178,26.301110,6,"0;1;4;5;9;10"
Root_6604,361.809091,46.578870,5,"1;4;5;9;10"
Root_6605,169.043830,31.630710,5,"0;4;5;9;10"
Root_6606,406.680387,51.208470,4,"4;5;9;10"
Root_6607,144.907411,25.683830,7,"0;1;2;3;5;9;10"
Root_6608,361.814051,45.961590,6,"1;2;3;5;9;10"
Root_6609,174.609270,31.013430,6,"0;2;3;5;9;10"
Root_6610,406.068067,50.591190,5,"2;3;5;9;10"
Root_6611,143.359251,26.609750,6,"0;1;3;5;9;10"
Root_6612,364.895491,46.887510,5,"1;3;5;9;10"
Root_6613,175.838870,31.939350,5,"0;3;5;9;10"
Root_6614,410.075427,51.517110,4,"3;5;9;10"
Root_6615,146.322195,27.597398,6,"0;1;2;5;9;10"
Root_6616,374.154691,47.875158,5,"1;2;5;9;10"
Root_6617,183.122774,32.926998,5,"0;2;5;9;10"
Root_6618,420.322275,52.504758,4,"2;5;9;10"
Root_6619,145.699955,28.523318,5,"0;1;5;9;10"
Root_6620,378.162051,48.801078,4,"1;5;9;10"
Root_6621,185.278294,33.852918,4,"0;5;9;10"
Root_6622,425.255555,53.430678,3,"5;9;10"
Root_6623,139.561747,25.004822,7,"0;1;2;3;4;9;10"
Root_6624,355.394339,45.282582,6,"1;2;3;4;9;10"
Root_6625,166.961312,30.334422,6,"0;2;3;4;9;10"
Root_6626,398.969347,49.912182,5,"2;3;4;9;10"
Root_6627,138.013587,25.930742,6,"0;1;3;4;9;10"
Root_6628,358.475779,46.208502,5,"1;3;4;9;10"
Root_6629,168.190912,31.260342,5,"0;3;4;9;10"
Root_6630,402.976707,50.838102,4,"3;4;9;10"
Root_6631,140.976531,26.918390,6,"0;1;2;4;9;10"
Root_6632,367.364611,47.196150,5,"1;2;4;9;10"
Root_6633,174.690710,32.247990,5,"0;2;4;9;10"
Root_6634,412.853187,51.825750,4,"2;4;9;10"
Root_6635,140.354291,27.844310,5,"0;1;4;9;10"
Root_6636,371.371971,48.122070,4,"1;4;9;10"
Root_6637,177.020141,33.173910,4,"0;4;9;10"
Root_6638,417.786467,52.751670,3,"4;9;10"
Root_6639,150.613693,27.227030,6,"0;1;2;3;9;10"
Root_6640,370.451011,47.504790,5,"1;2;3;9;10"
Root_6641,180.603200,32.556630,5,"0;2;3;9;10"
Root_6642,416.248227,52.134390,4,"2;3;9;10"
Root_6643,149.065533,28.152950,5,"0;1;3;9;10"
Root_6644,374.458371,48.430710,4,"1;3;9;10"
Root_6645,182.315350,33.482550,4,"0;3;9;10"
Root_6646,421.181507,53.060310,3,"3;9;10"
Root_6647,152.309674,29.140598,5,"0;1;2;9;10"
Root_6648,384.334851,49.418358,4,"1;2;9;10"
Root_6649,190.216534,34.470198,4,"0;2;9;10"
Root_6650,432.045635,54.047958,3,"2;9;10"
Root_6651,153.539274,30.066518,4,"0;1;9;10"
Root_6652,389.268131,50.344278,3,"1;9;10"
Root_6653,193.694093,35.396118,3,"0;9;10"
Root_6654,437.904835,54.973878,2,"9;10"
Root_6655,94.307949,15.974016,10,"0;1;2;3;4;5;6;7;8;10"
Root_6656,295.675034,36.251776,9,"1;2;3;4;5;6;7;8;10"
Root_6657,115.397603,21.303616,9,"0;2;3;4;5;6;7;8;10"
Root_6658,330.219235,40.881376,8,"2;3;4;5;6;7;8;10"
Root_6659,96.159789,16.899936,9,"0;1;3;4;5;6;7;8;10"
Root_6660,295.978714,37.177696,8,"1;3;4;5;6;7;8;10"
Root_6661,114.775363,22.229536,8,"0;3;4;5;6;7;8;10"
Root_6662,331.448835,41.807296,7,"3;4;5;6;7;8;10"
Root_6663,95.022669,17.887584,9,"0;1;2;4;5;6;7;8;10"
Root_6664,302.274970,38.165344,8,"1;2;4;5;6;7;8;10"
Root_6665,118.725955,23.217184,8,"0;2;4;5;6;7;8;10"
Root_6666,338.732739,42.794944,7,"2;4;5;6;7;8;10"
Root_6667,96.586925,18.813504,8,"0;1;4;5;6;7;8;10"
Root_6668,303.504570,39.091264,7,"1;4;5;6;7;8;10"
Root_6669,119.029635,24.143104,7,"0;4;5;6;7;8;10"
Root_6670,340.888259,43.720864,6,"4;5;6;7;8;10"
Root_6671,105.957069,18.196224,9,"0;1;2;3;5;6;7;8;10"
Root_6672,304.744090,38.473984,8,"1;2;3;5;6;7;8;10"
Root_6673,130.817123,23.525824,8,"0;2;3;5;6;7;8;10"
Root_6674,341.510499,43.103584,7,"2;3;5;6;7;8;10"
Root_6675,106.286765,19.122144,8,"0;1;3;5;6;7;8;10"
Root_6676,305.973690,39.399904,7,"1;3;5;6;7;8;10"
Root_6677,130.194883,24.451744,7,"0;3;5;6;7;8;10"
Root_6678,343.666019,44.029504,6,"3;5;6;7;8;10"
Root_6679,107.371853,20.109792,8,"0;1;2;5;6;7;8;10"
Root_6680,313.257594,40.387552,7,"1;2;5;6;7;8;10"
Root_6681,134.145475,25.439392,7,"0;2;5;6;7;8;10"
Root_6682,351.937571,45.017152,6,"2;5;6;7;8;10"
Root_6683,106.749613,21.035712,7,"0;1;5;6;7;8;10"
Root_6684,315.413114,41.313472,6,"1;5;6;7;8;10"
Root_6685,134.449155,26.365312,6,"0;5;6;7;8;10"
Root_6686,355.019011,45.943072,5,"5;6;7;8;10"
Root_6687,101.883021,17.517216,9,"0;1;2;3;4;6;7;8;10"
Root_6688,299.682394,37.794976,8,"1;2;3;4;6;7;8;10"
Root_6689,124.656803,22.846816,8,"0;2;3;4;6;7;8;10"
Root_6690,335.769795,42.424576,7,"2;3;4;6;7;8;10"
Root_6691,102.891725,18.443136,8,"0;1;3;4;6;7;8;10"
Root_6692,300.911994,38.720896,7,"1;3;4;6;7;8;10"
Root_6693,124.034563,23.772736,7,"0;3;4;6;7;8;10"
Root_6694,337.925315,43.350496,6,"3;4;6;7;8;10"
Root_6695,103.297805,19.430784,8,"0;1;2;4;6;7;8;10"
Root_6696,307.825530,39.708544,7,"1;2;4;6;7;8;10"
Root_6697,127.985155,24.760384,7,"0;2;4;6;7;8;10"
Root_6698,345.826499,44.338144,6,"2;4;6;7;8;10"
Root_6699,103.318861,20.356704,7,"0;1;4;6;7;8;10"
Root_6700,309.981050,40.634464,6,"1;4;6;7;8;10"
Root_6701,128.288835,25.686304,6,"0;4;6;7;8;10"
Root_6702,348.907939,45.264064,5,"4;6;7;8;10"
Root_6703,115.216269,19.739424,8,"0;1;2;3;6;7;8;10"
Root_6704,310.294650,40.017184,7,"1;2;3;6;7;8;10"
Root_6705,138.990051,25.069024,7,"0;2;3;6;7;8;10"
Root_6706,348.604259,44.646784,6,"2;3;6;7;8;10"
Root_6707,114.002765,20.665344,7,"0;1;3;6;7;8;10"
Root_6708,312.450170,40.943104,6,"1;3;6;7;8;10"
Root_6709,138.367811,25.994944,6,"0;3;6;7;8;10"
Root_6710,351.685699,45.572704,5,"3;6;7;8;10"
Root_6711,116.631053,21.652992,7,"0;1;2;6;7;8;10"
Root_6712,320.351354,41.930752,6,"1;2;6;7;8;10"
Root_6713,142.318403,26.982592,6,"0;2;6;7;8;10"
Root_6714,360.574531,46.560352,5,"2;6;7;8;10"
Root_6715,116.008813,22.578912,6,"0;1;6;7;8;10"
Root_6716,323.432794,42.856672,5,"1;6;7;8;10"
Root_6717,142.622083,27.908512,5,"0;6;7;8;10"
Root_6718,364.581891,47.486272,4,"6;7;8;10"
Root_6719,107.179283,18.399926,9,"0;1;2;3;4;5;7;8;10"
Root_6720,306.577411,38.677686,8,"1;2;3;4;5;7;8;10"
Root_6721,131.243040,23.729526,8,"0;2;3;4;5;7;8;10"
Root_6722,343.547523,43.307286,7,"2;3;4;5;7;8;10"
Root_6723,107.305277,19.325846,8,"0;1;3;4;5;7;8;10"
Root_6724,307.807011,39.603606,7,"1;3;4;5;7;8;10"
Root_6725,130.620800,24.655446,7,"0;3;4;5;7;8;10"
Root_6726,345.703043,44.233206,6,"3;4;5;7;8;10"
Root_6727,108.594067,20.313494,8,"0;1;2;4;5;7;8;10"
Root_6728,315.090915,40.591254,7,"1;2;4;5;7;8;10"
Root_6729,134.571392,25.643094,7,"0;2;4;5;7;8;10"
Root_6730,353.974595,45.220854,6,"2;4;5;7;8;10"
Root_6731,107.971827,21.239414,7,"0;1;4;5;7;8;10"
Root_6732,317.246435,41.517174,6,"1;4;5;7;8;10"
Root_6733,134.875072,26.569014,6,"0;4;5;7;8;10"
Root_6734,357.056035,46.146774,5,"4;5;7;8;10"
Root_6735,121.719786,20.622134,8,"0;1;2;3;5;7;8;10"
Root_6736,317.868675,40.899894,7,"1;2;3;5;7;8;10"
Root_6737,145.051754,25.951734,7,"0;2;3;5;7;8;10"
Root_6738,357.060995,45.529494,6,"2;3;5;7;8;10"
Root_6739,120.171626,21.548054,7,"0;1;3;5;7;8;10"
Root_6740,320.024195,41.825814,6,"1;3;5;7;8;10"
Root_6741,144.429514,26.877654,6,"0;3;5;7;8;10"
Root_6742,360.142435,46.455414,5,"3;5;7;8;10"
Root_6743,123.134570,22.535702,7,"0;1;2;5;7;8;10"
Root_6744,328.295747,42.813462,6,"1;2;5;7;8;10"
Root_6745,148.380106,27.865302,6,"0;2;5;7;8;10"
Root_6746,369.401635,47.443062,5,"2;5;7;8;10"
Root_6747,122.512330,23.461622,6,"0;1;5;7;8;10"
Root_6748,331.377187,43.739382,5,"1;5;7;8;10"
Root_6749,148.683786,28.791222,5,"0;5;7;8;10"
Root_6750,373.408995,48.368982,4,"5;7;8;10"
Root_6751,116.438483,19.943126,8,"0;1;2;3;4;7;8;10"
Root_6752,312.127971,40.220886,7,"1;2;3;4;7;8;10"
Root_6753,139.212266,25.272726,7,"0;2;3;4;7;8;10"
Root_6754,350.641283,44.850486,6,"2;3;4;7;8;10"
Root_6755,115.021277,20.869046,7,"0;1;3;4;7;8;10"
Root_6756,314.283491,41.146806,6,"1;3;4;7;8;10"
Root_6757,138.590026,26.198646,6,"0;3;4;7;8;10"
Root_6758,353.722723,45.776406,5,"3;4;7;8;10"
Root_6759,117.853267,21.856694,7,"0;1;2;4;7;8;10"
Root_6760,322.184675,42.134454,6,"1;2;4;7;8;10"
Root_6761,142.540618,27.186294,6,"0;2;4;7;8;10"
Root_6762,362.611555,46.764054,5,"2;4;7;8;10"
Root_6763,117.231027,22.782614,6,"0;1;4;7;8;10"
Root_6764,325.266115,43.060374,5,"1;4;7;8;10"
Root_6765,142.844298,28.112214,5,"0;4;7;8;10"
Root_6766,366.618915,47.689974,4,"4;7;8;10"
Root_6767,129.771731,22.165334,7,"0;1;2;3;7;8;10"
Root_6768,324.962435,42.443094,6,"1;2;3;7;8;10"
Root_6769,152.033331,27.494934,6,"0;2;3;7;8;10"
Root_6770,365.697955,47.072694,5,"2;3;7;8;10"
Root_6771,128.223571,23.091254,6,"0;1;3;7;8;10"
Root_6772,328.043875,43.369014,5,"1;3;7;8;10"
Root_6773,151.411091,28.420854,5,"0;3;7;8;10"
Root_6774,369.705315,47.998614,4,"3;7;8;10"
Root_6775,131.186515,24.078902,6,"0;1;2;7;8;10"
Root_6776,336.932707,44.356662,5,"1;2;7;8;10"
Root_6777,155.770186,29.408502,5,"0;2;7;8;10"
Root_6778,379.581795,48.986262,4,"2;7;8;10"
Root_6779,130.564275,25.004822,5,"0;1;7;8;10"
Root_6780,340.940067,45.282582,4,"1;7;8;10"
Root_6781,156.999786,30.334422,4,"0;7;8;10"
Root_6782,384.515075,49.912182,3,"7;8;10"
Root_6783,108.731245,18.998688,9,"0;1;2;3;4;5;6;8;10"
Root_6784,312.565027,39.276448,8,"1;2;3;4;5;6;8;10"
Root_6785,129.447011,24.328288,8,"0;2;3;4;5;6;8;10"
Root_6786,350.133901,43.906048,7,"2;3;4;5;6;8;10"
Root_6787,108.258477,19.924608,8,"0;1;3;4;5;6;8;10"
Root_6788,313.794627,40.202368,7,"1;3;4;5;6;8;10"
Root_6789,128.824771,25.254208,7,"0;3;4;5;6;8;10"
Root_6790,352.289421,44.831968,6,"3;4;5;6;8;10"
Root_6791,110.146029,20.912256,8,"0;1;2;4;5;6;8;10"
Root_6792,321.078531,41.190016,7,"1;2;4;5;6;8;10"
Root_6793,132.775363,26.241856,7,"0;2;4;5;6;8;10"
Root_6794,360.560973,45.819616,6,"2;4;5;6;8;10"
Root_6795,109.523789,21.838176,7,"0;1;4;5;6;8;10"
Root_6796,323.234051,42.115936,6,"1;4;5;6;8;10"
Root_6797,133.079043,27.167776,6,"0;4;5;6;8;10"
Root_6798,363.642413,46.745536,5,"4;5;6;8;10"
Root_6799,119.842285,21.220896,8,"0;1;2;3;5;6;8;10"
Root_6800,323.856291,41.498656,7,"1;2;3;5;6;8;10"
Root_6801,142.891235,26.550496,7,"0;2;3;5;6;8;10"
Root_6802,363.647373,46.128256,6,"2;3;5;6;8;10"
Root_6803,118.294125,22.146816,7,"0;1;3;5;6;8;10"
Root_6804,326.011811,42.424576,6,"1;3;5;6;8;10"
Root_6805,142.268995,27.476416,6,"0;3;5;6;8;10"
Root_6806,366.728813,47.054176,5,"3;5;6;8;10"
Root_6807,121.257069,23.134464,7,"0;1;2;5;6;8;10"
Root_6808,334.283363,43.412224,6,"1;2;5;6;8;10"
Root_6809,146.219587,28.464064,6,"0;2;5;6;8;10"
Root_6810,375.988013,48.041824,5,"2;5;6;8;10"
Root_6811,120.634829,24.060384,6,"0;1;5;6;8;10"
Root_6812,337.364803,44.338144,5,"1;5;6;8;10"
Root_6813,147.303235,29.389984,5,"0;5;6;8;10"
Root_6814,379.995373,48.967744,4,"5;6;8;10"
Root_6815,116.447245,20.541888,8,"0;1;2;3;4;6;8;10"
Root_6816,318.115587,40.819648,7,"1;2;3;4;6;8;10"
Root_6817,137.163011,25.871488,7,"0;2;3;4;6;8;10"
Root_6818,357.227661,45.449248,6,"2;3;4;6;8;10"
Root_6819,114.899085,21.467808,7,"0;1;3;4;6;8;10"
Root_6820,320.271107,41.745568,6,"1;3;4;6;8;10"
Root_6821,136.540771,26.797408,6,"0;3;4;6;8;10"
Root_6822,360.309101,46.375168,5,"3;4;6;8;10"
Root_6823,117.862029,22.455456,7,"0;1;2;4;6;8;10"
Root_6824,328.172291,42.733216,6,"1;2;4;6;8;10"
Root_6825,140.491363,27.785056,6,"0;2;4;6;8;10"
Root_6826,369.197933,47.362816,5,"2;4;6;8;10"
Root_6827,117.239789,23.381376,6,"0;1;4;6;8;10"
Root_6828,331.253731,43.659136,5,"1;4;6;8;10"
Root_6829,140.795043,28.710976,5,"0;4;6;8;10"
Root_6830,373.205293,48.288736,4,"4;6;8;10"
Root_6831,127.558285,22.764096,7,"0;1;2;3;6;8;10"
Root_6832,330.950051,43.041856,6,"1;2;3;6;8;10"
Root_6833,149.274051,28.093696,6,"0;2;3;6;8;10"
Root_6834,372.284333,47.671456,5,"2;3;6;8;10"
Root_6835,126.010125,23.690016,6,"0;1;3;6;8;10"
Root_6836,334.031491,43.967776,5,"1;3;6;8;10"
Root_6837,148.691043,29.019616,5,"0;3;6;8;10"
Root_6838,376.291693,48.597376,4,"3;6;8;10"
Root_6839,128.973069,24.677664,6,"0;1;2;6;8;10"
Root_6840,342.920323,44.955424,5,"1;2;6;8;10"
Root_6841,154.616931,30.007264,5,"0;2;6;8;10"
Root_6842,386.168173,49.585024,4,"2;6;8;10"
Root_6843,128.350829,25.603584,5,"0;1;6;8;10"
Root_6844,346.927683,45.881344,4,"1;6;8;10"
Root_6845,156.772451,30.933184,4,"0;6;8;10"
Root_6846,391.101453,50.510944,3,"6;8;10"
Root_6847,120.860797,21.424598,8,"0;1;2;3;4;5;8;10"
Root_6848,325.893315,41.702358,7,"1;2;3;4;5;8;10"
Root_6849,143.113450,26.754198,7,"0;2;3;4;5;8;10"
Root_6850,365.888099,46.331958,6,"2;3;4;5;8;10"
Root_6851,119.312637,22.350518,7,"0;1;3;4;5;8;10"
Root_6852,328.048835,42.628278,6,"1;3;4;5;8;10"
Root_6853,142.491210,27.680118,6,"0;3;4;5;8;10"
Root_6854,368.969539,47.257878,5,"3;4;5;8;10"
Root_6855,122.275581,23.338166,7,"0;1;2;4;5;8;10"
Root_6856,336.320387,43.615926,6,"1;2;4;5;8;10"
Root_6857,146.441802,28.667766,6,"0;2;4;5;8;10"
Root_6858,378.228739,48.245526,5,"2;4;5;8;10"
Root_6859,121.653341,24.264086,6,"0;1;4;5;8;10"
Root_6860,339.401827,44.541846,5,"1;4;5;8;10"
Root_6861,147.932854,29.593686,5,"0;4;5;8;10"
Root_6862,382.236099,49.171446,4,"4;5;8;10"
Root_6863,133.179091,23.646806,7,"0;1;2;3;5;8;10"
Root_6864,339.406787,43.924566,6,"1;2;3;5;8;10"
Root_6865,155.317235,28.976406,6,"0;2;3;5;8;10"
Root_6866,381.623779,48.554166,5,"2;3;5;8;10"
Root_6867,131.630931,24.572726,6,"0;1;3;5;8;10"
Root_6868,342.488227,44.850486,5,"1;3;5;8;10"
Root_6869,156.499648,29.902326,5,"0;3;5;8;10"
Root_6870,385.631139,49.480086,4,"3;5;8;10"
Root_6871,134.593875,25.560374,6,"0;1;2;5;8;10"
Root_6872,351.747427,45.838134,5,"1;2;5;8;10"
Root_6873,162.937718,30.889974,5,"0;2;5;8;10"
Root_6874,395.877987,50.467734,4,"2;5;8;10"
Root_6875,133.971635,26.486294,5,"0;1;5;8;10"
Root_6876,355.754787,46.764054,4,"1;5;8;10"
Root_6877,165.093238,31.815894,4,"0;5;8;10"
Root_6878,400.811267,51.393654,3,"5;8;10"
Root_6879,128.576797,22.967798,7,"0;1;2;3;4;8;10"
Root_6880,332.987075,43.245558,6,"1;2;3;4;8;10"
Root_6881,149.292563,28.297398,6,"0;2;3;4;8;10"
Root_6882,374.525059,47.875158,5,"2;3;4;8;10"
Root_6883,127.028637,23.893718,6,"0;1;3;4;8;10"
Root_6884,336.068515,44.171478,5,"1;3;4;8;10"
Root_6885,149.116960,29.223318,5,"0;3;4;8;10"
Root_6886,378.532419,48.801078,4,"3;4;8;10"
Root_6887,129.991581,24.881366,6,"0;1;2;4;8;10"
Root_6888,344.957347,45.159126,5,"1;2;4;8;10"
Root_6889,155.042848,30.210966,5,"0;2;4;8;10"
Root_6890,388.408899,49.788726,4,"2;4;8;10"
Root_6891,129.369341,25.807286,5,"0;1;4;8;10"
Root_6892,348.964707,46.085046,4,"1;4;8;10"
Root_6893,157.198368,31.136886,4,"0;4;8;10"
Root_6894,393.342179,50.714646,3,"4;8;10"
Root_6895,139.687837,25.190006,6,"0;1;2;3;8;10"
Root_6896,348.043747,45.467766,5,"1;2;3;8;10"
Root_6897,162.683722,30.519606,5,"0;2;3;8;10"
Root_6898,391.803939,50.097366,4,"2;3;8;10"
Root_6899,138.139677,26.115926,5,"0;1;3;8;10"
Root_6900,352.051107,46.393686,4,"1;3;8;10"
Root_6901,163.913322,31.445526,4,"0;3;8;10"
Root_6902,396.737219,51.023286,3,"3;8;10"
Root_6903,141.102621,27.103574,5,"0;1;2;8;10"
Root_6904,361.927587,47.381334,4,"1;2;8;10"
Root_6905,170.598304,32.433174,4,"0;2;8;10"
Root_6906,407.601347,52.010934,3,"2;8;10"
Root_6907,140.480381,28.029494,4,"0;1;8;10"
Root_6908,366.860867,48.307254,3,"1;8;10"
Root_6909,173.112918,33.359094,3,"0;8;10"
Root_6910,413.460547,52.936854,2,"8;10"
Root_6911,108.530637,20.603616,9,"0;1;2;3;4;5;6;7;10"
Root_6912,330.219235,40.881376,8,"1;2;3;4;5;6;7;10"
Root_6913,140.194659,25.933216,8,"0;2;3;4;5;6;7;10"
Root_6914,369.393037,45.510976,7,"2;3;4;5;6;7;10"
Root_6915,107.908397,21.529536,8,"0;1;3;4;5;6;7;10"
Root_6916,331.448835,41.807296,7,"1;3;4;5;6;7;10"
Root_6917,140.498339,26.859136,7,"0;3;4;5;6;7;10"
Root_6918,371.548557,46.436896,6,"3;4;5;6;7;10"
Root_6919,111.858989,22.517184,8,"0;1;2;4;5;6;7;10"
Root_6920,338.732739,42.794944,7,"1;2;4;5;6;7;10"
Root_6921,145.436579,27.846784,7,"0;2;4;5;6;7;10"
Root_6922,379.820109,47.424544,6,"2;4;5;6;7;10"
Root_6923,112.162669,23.443104,7,"0;1;4;5;6;7;10"
Root_6924,340.888259,43.720864,6,"1;4;5;6;7;10"
Root_6925,146.666179,28.772704,6,"0;4;5;6;7;10"
Root_6926,382.901549,48.350464,5,"4;5;6;7;10"
Root_6927,123.629306,22.825824,8,"0;1;2;3;5;6;7;10"
Root_6928,341.510499,43.103584,7,"1;2;3;5;6;7;10"
Root_6929,155.379747,28.155424,7,"0;2;3;5;6;7;10"
Root_6930,382.906509,47.733184,6,"2;3;5;6;7;10"
Root_6931,123.007066,23.751744,7,"0;1;3;5;6;7;10"
Root_6932,343.666019,44.029504,6,"1;3;5;6;7;10"
Root_6933,155.764771,29.081344,6,"0;3;5;6;7;10"
Root_6934,385.987949,48.659104,5,"3;5;6;7;10"
Root_6935,126.957658,24.739392,7,"0;1;2;5;6;7;10"
Root_6936,351.937571,45.017152,6,"1;2;5;6;7;10"
Root_6937,162.061027,30.068992,6,"0;2;5;6;7;10"
Root_6938,395.247149,49.646752,5,"2;5;6;7;10"
Root_6939,127.261338,25.665312,6,"0;1;5;6;7;10"
Root_6940,355.019011,45.943072,5,"1;5;6;7;10"
Root_6941,164.216547,30.994912,5,"0;5;6;7;10"
Root_6942,399.254509,50.572672,4,"5;6;7;10"
Root_6943,118.144301,22.146816,8,"0;1;2;3;4;6;7;10"
Root_6944,335.769795,42.424576,7,"1;2;3;4;6;7;10"
Root_6945,148.737955,27.476416,7,"0;2;3;4;6;7;10"
Root_6946,376.486797,47.054176,6,"2;3;4;6;7;10"
Root_6947,117.522061,23.072736,7,"0;1;3;4;6;7;10"
Root_6948,337.925315,43.350496,6,"1;3;4;6;7;10"
Root_6949,149.041635,28.402336,6,"0;3;4;6;7;10"
Root_6950,379.568237,47.980096,5,"3;4;6;7;10"
Root_6951,121.472653,24.060384,7,"0;1;2;4;6;7;10"
Root_6952,345.826499,44.338144,6,"1;2;4;6;7;10"
Root_6953,154.369859,29.389984,6,"0;2;4;6;7;10"
Root_6954,388.457069,48.967744,5,"2;4;6;7;10"
Root_6955,121.776333,24.986304,6,"0;1;4;6;7;10"
Root_6956,348.907939,45.264064,5,"1;4;6;7;10"
Root_6957,156.525379,30.315904,5,"0;4;6;7;10"
Root_6958,392.464429,49.893664,4,"4;6;7;10"
Root_6959,132.502234,24.369024,7,"0;1;2;3;6;7;10"
Root_6960,348.604259,44.646784,6,"1;2;3;6;7;10"
Root_6961,162.769827,29.698624,6,"0;2;3;6;7;10"
Root_6962,391.543469,49.276384,5,"2;3;6;7;10"
Root_6963,131.879994,25.294944,6,"0;1;3;6;7;10"
Root_6964,351.685699,45.572704,5,"1;3;6;7;10"
Root_6965,163.999427,30.624544,5,"0;3;6;7;10"
Root_6966,395.550829,50.202304,4,"3;6;7;10"
Root_6967,135.830586,26.282592,6,"0;1;2;6;7;10"
Root_6968,360.574531,46.560352,5,"1;2;6;7;10"
Root_6969,169.925315,31.612192,5,"0;2;6;7;10"
Root_6970,405.427309,51.189952,4,"2;6;7;10"
Root_6971,136.134266,27.208512,5,"0;1;6;7;10"
Root_6972,364.581891,47.486272,4,"1;6;7;10"
Root_6973,172.080835,32.538112,4,"0;6;7;10"
Root_6974,410.360589,52.115872,3,"6;7;10"
Root_6975,124.243040,23.029526,8,"0;1;2;3;4;5;7;10"
Root_6976,343.547523,43.307286,7,"1;2;3;4;5;7;10"
Root_6977,155.867552,28.359126,7,"0;2;3;4;5;7;10"
Root_6978,385.147235,47.936886,6,"2;3;4;5;7;10"
Root_6979,123.620800,23.955446,7,"0;1;3;4;5;7;10"
Root_6980,345.703043,44.233206,6,"1;3;4;5;7;10"
Root_6981,156.456278,29.285046,6,"0;3;4;5;7;10"
Root_6982,388.228675,48.862806,5,"3;4;5;7;10"
Root_6983,127.571392,24.943094,7,"0;1;2;4;5;7;10"
Root_6984,353.974595,45.220854,6,"1;2;4;5;7;10"
Root_6985,162.752534,30.272694,6,"0;2;4;5;7;10"
Root_6986,397.487875,49.850454,5,"2;4;5;7;10"
Root_6987,127.875072,25.869014,6,"0;1;4;5;7;10"
Root_6988,357.056035,46.146774,5,"1;4;5;7;10"
Root_6989,164.908054,31.198614,5,"0;4;5;7;10"
Root_6990,401.495235,50.776374,4,"4;5;7;10"
Root_6991,138.563936,25.251734,7,"0;1;2;3;5;7;10"
Root_6992,357.060995,45.529494,6,"1;2;3;5;7;10"
Root_6993,170.640320,30.581334,6,"0;2;3;5;7;10"
Root_6994,400.882915,50.159094,5,"2;3;5;7;10"
Root_6995,137.941696,26.177654,6,"0;1;3;5;7;10"
Root_6996,360.142435,46.455414,5,"1;3;5;7;10"
Root_6997,171.869920,31.507254,5,"0;3;5;7;10"
Root_6998,404.890275,51.085014,4,"3;5;7;10"
Root_6999,141.892288,27.165302,6,"0;1;2;5;7;10"
Root_7000,369.401635,47.443062,5,"1;2;5;7;10"
Root_7001,178.986998,32.494902,5,"0;2;5;7;10"
Root_7002,415.137123,52.072662,4,"2;5;7;10"
Root_7003,142.195968,28.091222,5,"0;1;5;7;10"
Root_7004,373.408995,48.368982,4,"1;5;7;10"
Root_7005,181.142518,33.420822,4,"0;5;7;10"
Root_7006,420.070403,52.998582,3,"5;7;10"
Root_7007,132.912266,24.572726,7,"0;1;2;3;4;7;10"
Root_7008,350.641283,44.850486,6,"1;2;3;4;7;10"
Root_7009,163.257632,29.902326,6,"0;2;3;4;7;10"
Root_7010,393.784195,49.480086,5,"2;3;4;7;10"
Root_7011,132.290026,25.498646,6,"0;1;3;4;7;10"
Root_7012,353.722723,45.776406,5,"1;3;4;7;10"
Root_7013,164.487232,30.828246,5,"0;3;4;7;10"
Root_7014,397.791555,50.406006,4,"3;4;7;10"
Root_7015,136.240618,26.486294,6,"0;1;2;4;7;10"
Root_7016,362.611555,46.764054,5,"1;2;4;7;10"
Root_7017,170.554934,31.815894,5,"0;2;4;7;10"
Root_7018,407.668035,51.393654,4,"2;4;7;10"
Root_7019,136.544298,27.412214,5,"0;1;4;7;10"
Root_7020,366.618915,47.689974,4,"1;4;7;10"
Root_7021,172.710454,32.741814,4,"0;4;7;10"
Root_7022,412.601315,52.319574,3,"4;7;10"
Root_7023,146.245514,26.794934,6,"0;1;2;3;7;10"
Root_7024,365.697955,47.072694,5,"1;2;3;7;10"
Root_7025,176.899520,32.124534,5,"0;2;3;7;10"
Root_7026,411.063075,51.702294,4,"2;3;7;10"
Root_7027,145.623274,27.720854,5,"0;1;3;7;10"
Root_7028,369.705315,47.998614,4,"1;3;7;10"
Root_7029,178.179574,33.050454,4,"0;3;7;10"
Root_7030,415.996355,52.628214,3,"3;7;10"
Root_7031,149.573866,28.708502,5,"0;1;2;7;10"
Root_7032,379.581795,48.986262,4,"1;2;7;10"
Root_7033,186.080758,34.038102,4,"0;2;7;10"
Root_7034,426.860483,53.615862,3,"2;7;10"
Root_7035,150.511968,29.634422,4,"0;1;7;10"
Root_7036,384.515075,49.912182,3,"1;7;10"
Root_7037,189.162198,34.964022,3,"0;7;10"
Root_7038,432.719683,54.541782,2,"7;10"
Root_7039,123.033133,23.628288,8,"0;1;2;3;4;5;6;10"
Root_7040,350.133901,43.906048,7,"1;2;3;4;5;6;10"
Root_7041,154.904557,28.957888,7,"0;2;3;4;5;6;10"
Root_7042,392.332374,48.535648,6,"2;3;4;5;6;10"
Root_7043,122.410893,24.554208,7,"0;1;3;4;5;6;10"
Root_7044,352.289421,44.831968,6,"1;3;4;5;6;10"
Root_7045,156.975853,29.883808,6,"0;3;4;5;6;10"
Root_7046,395.413814,49.461568,5,"3;4;5;6;10"
Root_7047,126.361485,25.541856,7,"0;1;2;4;5;6;10"
Root_7048,360.560973,45.819616,6,"1;2;4;5;6;10"
Root_7049,164.383053,30.871456,6,"0;2;4;5;6;10"
Root_7050,404.673014,50.449216,5,"2;4;5;6;10"
Root_7051,126.665165,26.467776,6,"0;1;4;5;6;10"
Root_7052,363.642413,46.745536,5,"1;4;5;6;10"
Root_7053,167.464493,31.797376,5,"0;4;5;6;10"
Root_7054,408.680374,51.375136,4,"4;5;6;10"
Root_7055,136.591235,25.850496,7,"0;1;2;3;5;6;10"
Root_7056,363.647373,46.128256,6,"1;2;3;5;6;10"
Root_7057,172.289357,31.180096,6,"0;2;3;5;6;10"
Root_7058,408.068054,50.757856,5,"2;3;5;6;10"
Root_7059,135.968995,26.776416,6,"0;1;3;5;6;10"
Root_7060,366.728813,47.054176,5,"1;3;5;6;10"
Root_7061,174.444877,32.106016,5,"0;3;5;6;10"
Root_7062,412.075414,51.683776,4,"3;5;6;10"
Root_7063,139.919587,27.764064,6,"0;1;2;5;6;10"
Root_7064,375.988013,48.041824,5,"1;2;5;6;10"
Root_7065,182.716429,33.093664,5,"0;2;5;6;10"
Root_7066,422.322262,52.671424,4,"2;5;6;10"
Root_7067,140.223267,28.689984,5,"0;1;5;6;10"
Root_7068,379.995373,48.967744,4,"1;5;6;10"
Root_7069,185.797869,34.019584,4,"0;5;6;10"
Root_7070,427.255542,53.597344,3,"5;6;10"
Root_7071,131.103597,25.171488,7,"0;1;2;3;4;6;10"
Root_7072,357.227661,45.449248,6,"1;2;3;4;6;10"
Root_7073,163.795725,30.501088,6,"0;2;3;4;6;10"
Root_7074,400.969334,50.078848,5,"2;3;4;6;10"
Root_7075,130.481357,26.097408,6,"0;1;3;4;6;10"
Root_7076,360.309101,46.375168,5,"1;3;4;6;10"
Root_7077,165.951245,31.427008,5,"0;3;4;6;10"
Root_7078,404.976694,51.004768,4,"3;4;6;10"
Root_7079,134.431949,27.085056,6,"0;1;2;4;6;10"
Root_7080,369.197933,47.362816,5,"1;2;4;6;10"
Root_7081,173.605357,32.414656,5,"0;2;4;6;10"
Root_7082,414.853174,51.992416,4,"2;4;6;10"
Root_7083,134.735629,28.010976,5,"0;1;4;6;10"
Root_7084,373.205293,48.288736,4,"1;4;6;10"
Root_7085,177.027373,33.340576,4,"0;4;6;10"
Root_7086,419.786454,52.918336,3,"4;6;10"
Root_7087,143.674051,27.393696,6,"0;1;2;3;6;10"
Root_7088,372.284333,47.671456,5,"1;2;3;6;10"
Root_7089,179.659821,32.723296,5,"0;2;3;6;10"
Root_7090,418.248214,52.301056,4,"2;3;6;10"
Root_7091,143.051811,28.319616,5,"0;1;3;6;10"
Root_7092,376.291693,48.597376,4,"1;3;6;10"
Root_7093,182.464557,33.649216,4,"0;3;6;10"
Root_7094,423.181494,53.226976,3,"3;6;10"
Root_7095,147.616931,29.307264,5,"0;1;2;6;10"
Root_7096,386.168173,49.585024,4,"1;2;6;10"
Root_7097,191.353389,34.636864,4,"0;2;6;10"
Root_7098,434.045622,54.214624,3,"2;6;10"
Root_7099,149.772451,30.233184,4,"0;1;6;10"
Root_7100,391.101453,50.510944,3,"1;6;10"
Root_7101,195.360749,35.562784,3,"0;6;10"
Root_7102,439.904822,55.140544,2,"6;10"
Root_7103,136.813450,26.054198,7,"0;1;2;3;4;5;10"
Root_7104,365.888099,46.331958,6,"1;2;3;4;5;10"
Root_7105,173.326381,31.383798,6,"0;2;3;4;5;10"
Root_7106,410.512483,50.961558,5,"2;3;4;5;10"
Root_7107,136.191210,26.980118,6,"0;1;3;4;5;10"
Root_7108,368.969539,47.257878,5,"1;3;4;5;10"
Root_7109,175.481901,32.309718,5,"0;3;4;5;10"
Root_7110,414.519843,51.887478,4,"3;4;5;10"
Root_7111,140.141802,27.967766,6,"0;1;2;4;5;10"
Root_7112,378.228739,48.245526,5,"1;2;4;5;10"
Root_7113,183.753453,33.297366,5,"0;2;4;5;10"
Root_7114,424.766691,52.875126,4,"2;4;5;10"
Root_7115,140.445482,28.893686,5,"0;1;4;5;10"
Root_7116,382.236099,49.171446,4,"1;4;5;10"
Root_7117,186.834893,34.223286,4,"0;4;5;10"
Root_7118,429.699971,53.801046,3,"4;5;10"
Root_7119,149.717235,28.276406,6,"0;1;2;3;5;10"
Root_7120,381.623779,48.554166,5,"1;2;3;5;10"
Root_7121,189.233846,33.606006,5,"0;2;3;5;10"
Root_7122,428.470371,53.183766,4,"2;3;5;10"
Root_7123,149.499648,29.202326,5,"0;1;3;5;10"
Root_7124,385.631139,49.480086,4,"1;3;5;10"
Root_7125,191.389366,34.531926,4,"0;3;5;10"
Root_7126,433.403651,54.109686,3,"3;5;10"
Root_7127,155.795904,30.189974,5,"0;1;2;5;10"
Root_7128,395.877987,50.467734,4,"1;2;5;10"
Root_7129,200.180493,35.519574,4,"0;2;5;10"
Root_7130,444.638147,55.097334,3,"2;5;10"
Root_7131,157.951424,31.115894,4,"0;1;5;10"
Root_7132,400.811267,51.393654,3,"1;5;10"
Root_7133,204.633347,36.445494,3,"0;5;10"
Root_7134,450.497347,56.023254,2,"5;10"
Root_7135,143.692563,27.597398,6,"0;1;2;3;4;10"
Root_7136,374.525059,47.875158,5,"1;2;3;4;10"
Root_7137,180.493142,32.926998,5,"0;2;3;4;10"
Root_7138,420.692643,52.504758,4,"2;3;4;10"
Root_7139,143.070323,28.523318,5,"0;1;3;4;10"
Root_7140,378.532419,48.801078,4,"1;3;4;10"
Root_7141,183.501581,33.852918,4,"0;3;4;10"
Root_7142,425.625923,53.430678,3,"3;4;10"
Root_7143,148.042848,29.510966,5,"0;1;2;4;10"
Root_7144,388.408899,49.788726,4,"1;2;4;10"
Root_7145,192.390413,34.840566,4,"0;2;4;10"
Root_7146,436.490051,54.418326,3,"2;4;10"
Root_7147,150.198368,30.436886,4,"0;1;4;10"
Root_7148,393.342179,50.714646,3,"1;4;10"
Root_7149,197.164259,35.766486,3,"0;4;10"
Root_7150,442.349251,55.344246,2,"4;10"
Root_7151,156.383722,29.819606,5,"0;1;2;3;10"
Root_7152,391.803939,50.097366,4,"1;2;3;10"
Root_7153,196.476813,35.149206,4,"0;2;3;10"
Root_7154,440.193731,54.726966,3,"2;3;10"
Root_7155,157.613322,30.745526,4,"0;1;3;10"
Root_7156,396.737219,51.023286,3,"1;3;10"
Root_7157,200.559299,36.075126,3,"0;3;10"
Root_7158,446.052931,55.652886,2,"3;10"
Root_7159,163.598304,31.733174,4,"0;1;2;10"
Root_7160,407.601347,52.010934,3,"1;2;10"
Root_7161,211.423427,37.062774,3,"0;2;10"
Root_7162,457.904707,56.640534,2,"2;10"
Root_7163,165.753824,32.659094,3,"0;1;10"
Root_7164,413.460547,52.936854,2,"1;10"
Root_7165,217.282627,37.988694,2,"0;10"
Root_7166,464.689827,57.566454,1,"10"
Root_7167,97.440045,13.607360,10,"0;1;2;3;4;5;6;7;8;9"
Root_7168,292.791216,34.585120,9,"1;2;3;4;5;6;7;8;9"
Root_7169,123.128186,19.636960,9,"0;2;3;4;5;6;7;8;9"
Root_7170,323.553882,39.214720,8,"2;3;4;5;6;7;8;9"
Root_7171,99.291885,14.533280,9,"0;1;3;4;5;6;7;8;9"
Root_7172,291.468976,35.511040,8,"1;3;4;5;6;7;8;9"
Root_7173,121.317146,20.562880,8,"0;3;4;5;6;7;8;9"
Root_7174,324.083482,40.140640,7,"3;4;5;6;7;8;9"
Root_7175,100.342317,16.220928,9,"0;1;2;4;5;6;7;8;9"
Root_7176,296.288624,36.498688,8,"1;2;4;5;6;7;8;9"
Root_7177,123.842970,21.550528,8,"0;2;4;5;6;7;8;9"
Root_7178,330.379738,41.128288,7,"2;4;5;6;7;8;9"
Root_7179,101.947309,17.146848,8,"0;1;4;5;6;7;8;9"
Root_7180,296.818224,37.424608,7,"1;4;5;6;7;8;9"
Root_7181,122.520730,22.476448,7,"0;4;5;6;7;8;9"
Root_7182,331.835258,42.054208,6,"4;5;6;7;8;9"
Root_7183,109.552035,15.829568,9,"0;1;2;3;5;6;7;8;9"
Root_7184,298.449104,36.807328,8,"1;2;3;5;6;7;8;9"
Root_7185,137.246906,21.859168,8,"0;2;3;5;6;7;8;9"
Root_7186,332.848858,41.436928,7,"2;3;5;6;7;8;9"
Root_7187,110.477955,16.755488,8,"0;1;3;5;6;7;8;9"
Root_7188,298.978704,37.733248,7,"1;3;5;6;7;8;9"
Root_7189,134.998746,22.785088,7,"0;3;5;6;7;8;9"
Root_7190,334.304378,42.362848,6,"3;5;6;7;8;9"
Root_7191,114.916003,18.443136,8,"0;1;2;5;6;7;8;9"
Root_7192,305.274960,38.720896,7,"1;2;5;6;7;8;9"
Root_7193,137.961690,23.772736,7,"0;2;5;6;7;8;9"
Root_7194,341.588282,43.350496,6,"2;5;6;7;8;9"
Root_7195,114.298787,19.369056,7,"0;1;5;6;7;8;9"
Root_7196,306.730480,39.646816,6,"1;5;6;7;8;9"
Root_7197,136.639450,24.698656,6,"0;5;6;7;8;9"
Root_7198,343.969722,44.276416,5,"5;6;7;8;9"
Root_7199,106.023821,15.150560,9,"0;1;2;3;4;6;7;8;9"
Root_7200,294.066416,36.128320,8,"1;2;3;4;6;7;8;9"
Root_7201,131.897402,21.180160,8,"0;2;3;4;6;7;8;9"
Root_7202,327.787162,40.757920,7,"2;3;4;6;7;8;9"
Root_7203,106.949741,16.076480,8,"0;1;3;4;6;7;8;9"
Root_7204,294.596016,37.054240,7,"1;3;4;6;7;8;9"
Root_7205,129.649242,22.106080,7,"0;3;4;6;7;8;9"
Root_7206,329.242682,41.683840,6,"3;4;6;7;8;9"
Root_7207,109.601517,17.764128,8,"0;1;2;4;6;7;8;9"
Root_7208,300.521904,38.041888,7,"1;2;4;6;7;8;9"
Root_7209,132.612186,23.093728,7,"0;2;4;6;7;8;9"
Root_7210,336.156218,42.671488,6,"2;4;6;7;8;9"
Root_7211,109.663309,18.690048,7,"0;1;4;6;7;8;9"
Root_7212,301.977424,38.967808,6,"1;4;6;7;8;9"
Root_7213,131.289946,24.019648,6,"0;4;6;7;8;9"
Root_7214,338.537658,43.597408,5,"4;6;7;8;9"
Root_7215,118.666723,17.372768,8,"0;1;2;3;6;7;8;9"
Root_7216,302.682384,38.350528,7,"1;2;3;6;7;8;9"
Root_7217,144.962906,23.402368,7,"0;2;3;6;7;8;9"
Root_7218,338.625338,42.980128,6,"2;3;6;7;8;9"
Root_7219,118.193955,18.298688,7,"0;1;3;6;7;8;9"
Root_7220,304.137904,39.276448,6,"1;3;6;7;8;9"
Root_7221,142.714746,24.328288,6,"0;3;6;7;8;9"
Root_7222,341.006778,43.906048,5,"3;6;7;8;9"
Root_7223,123.767939,19.986336,7,"0;1;2;6;7;8;9"
Root_7224,311.051440,40.264096,6,"1;2;6;7;8;9"
Root_7225,145.677690,25.315936,6,"0;2;6;7;8;9"
Root_7226,348.907962,44.893696,5,"2;6;7;8;9"
Root_7227,121.607523,20.912256,6,"0;1;6;7;8;9"
Root_7228,313.432880,41.190016,5,"1;6;7;8;9"
Root_7229,144.355450,26.241856,5,"0;6;7;8;9"
Root_7230,352.215322,45.819616,4,"6;7;8;9"
Root_7231,110.496563,16.033270,9,"0;1;2;3;4;5;7;8;9"
Root_7232,300.078723,37.011030,8,"1;2;3;4;5;7;8;9"
Root_7233,137.959104,22.062870,8,"0;2;3;4;5;7;8;9"
Root_7234,334.682179,41.640630,7,"2;3;4;5;7;8;9"
Root_7235,111.363293,16.959190,8,"0;1;3;4;5;7;8;9"
Root_7236,300.608323,37.936950,7,"1;3;4;5;7;8;9"
Root_7237,135.710944,22.988790,7,"0;3;4;5;7;8;9"
Root_7238,336.137699,42.566550,6,"3;4;5;7;8;9"
Root_7239,115.508746,18.646838,8,"0;1;2;4;5;7;8;9"
Root_7240,306.904579,38.924598,7,"1;2;4;5;7;8;9"
Root_7241,138.673888,23.976438,7,"0;2;4;5;7;8;9"
Root_7242,343.421603,43.554198,6,"2;4;5;7;8;9"
Root_7243,114.687827,19.572758,7,"0;1;4;5;7;8;9"
Root_7244,308.360099,39.850518,6,"1;4;5;7;8;9"
Root_7245,137.351648,24.902358,6,"0;4;5;7;8;9"
Root_7246,345.803043,44.480118,5,"4;5;7;8;9"
Root_7247,125.373011,18.255478,8,"0;1;2;3;5;7;8;9"
Root_7248,309.373699,39.233238,7,"1;2;3;5;7;8;9"
Root_7249,150.559315,24.285078,7,"0;2;3;5;7;8;9"
Root_7250,346.199363,43.862838,6,"2;3;5;7;8;9"
Root_7251,124.017533,19.181398,7,"0;1;3;5;7;8;9"
Root_7252,310.829219,40.159158,6,"1;3;5;7;8;9"
Root_7253,148.311155,25.210998,6,"0;3;5;7;8;9"
Root_7254,348.580803,44.788758,5,"3;5;7;8;9"
Root_7255,129.774227,20.869046,7,"0;1;2;5;7;8;9"
Root_7256,318.113123,41.146806,6,"1;2;5;7;8;9"
Root_7257,151.274099,26.198646,6,"0;2;5;7;8;9"
Root_7258,356.852355,45.776406,5,"2;5;7;8;9"
Root_7259,127.526067,21.794966,6,"0;1;5;7;8;9"
Root_7260,320.494563,42.072726,5,"1;5;7;8;9"
Root_7261,149.951859,27.124566,5,"0;5;7;8;9"
Root_7262,360.159715,46.702326,4,"5;7;8;9"
Root_7263,119.755763,17.576470,8,"0;1;2;3;4;7;8;9"
Root_7264,304.312003,38.554230,7,"1;2;3;4;7;8;9"
Root_7265,145.536970,23.606070,7,"0;2;3;4;7;8;9"
Root_7266,340.458659,43.183830,6,"2;3;4;7;8;9"
Root_7267,119.079293,18.502390,7,"0;1;3;4;7;8;9"
Root_7268,305.767523,39.480150,6,"1;3;4;7;8;9"
Root_7269,143.288810,24.531990,6,"0;3;4;7;8;9"
Root_7270,342.840099,44.109750,5,"3;4;7;8;9"
Root_7271,124.156979,20.190038,7,"0;1;2;4;7;8;9"
Root_7272,312.681059,40.467798,6,"1;2;4;7;8;9"
Root_7273,146.251754,25.519638,6,"0;2;4;7;8;9"
Root_7274,350.741283,45.097398,5,"2;4;7;8;9"
Root_7275,121.908819,21.115958,6,"0;1;4;7;8;9"
Root_7276,315.062499,41.393718,5,"1;4;7;8;9"
Root_7277,144.929514,26.445558,5,"0;4;7;8;9"
Root_7278,354.048643,46.023318,4,"4;7;8;9"
Root_7279,133.089011,19.798678,7,"0;1;2;3;7;8;9"
Root_7280,315.150179,40.776438,6,"1;2;3;7;8;9"
Root_7281,156.732115,25.828278,6,"0;2;3;7;8;9"
Root_7282,353.519043,45.406038,5,"2;3;7;8;9"
Root_7283,130.190333,20.724598,6,"0;1;3;7;8;9"
Root_7284,317.531619,41.702358,5,"1;3;7;8;9"
Root_7285,154.483955,26.754198,5,"0;3;7;8;9"
Root_7286,356.826403,46.331958,4,"3;7;8;9"
Root_7287,137.490227,22.412246,6,"0;1;2;7;8;9"
Root_7288,325.432803,42.690006,5,"1;2;7;8;9"
Root_7289,157.446899,27.741846,5,"0;2;7;8;9"
Root_7290,365.715235,47.319606,4,"2;7;8;9"
Root_7291,135.242067,23.338166,5,"0;1;7;8;9"
Root_7292,328.740163,43.615926,4,"1;7;8;9"
Root_7293,156.124659,28.667766,4,"0;7;8;9"
Root_7294,369.948515,48.245526,3,"7;8;9"
Root_7295,116.022605,17.332032,9,"0;1;2;3;4;5;6;8;9"
Root_7296,305.899674,37.609792,8,"1;2;3;4;5;6;8;9"
Root_7297,135.882691,22.661632,8,"0;2;3;4;5;6;8;9"
Root_7298,341.101891,42.239392,7,"2;3;4;5;6;8;9"
Root_7299,115.590573,18.257952,8,"0;1;3;4;5;6;8;9"
Root_7300,306.429274,38.535712,7,"1;3;4;5;6;8;9"
Root_7301,133.634531,23.587552,7,"0;3;4;5;6;8;9"
Root_7302,342.557411,43.165312,6,"3;4;5;6;8;9"
Root_7303,114.823821,19.245600,8,"0;1;2;4;5;6;8;9"
Root_7304,312.725530,39.523360,7,"1;2;4;5;6;8;9"
Root_7305,136.597475,24.575200,7,"0;2;4;5;6;8;9"
Root_7306,349.841315,44.152960,6,"2;4;5;6;8;9"
Root_7307,113.404141,20.171520,7,"0;1;4;5;6;8;9"
Root_7308,314.181050,40.449280,6,"1;4;5;6;8;9"
Root_7309,135.275235,25.501120,6,"0;4;5;6;8;9"
Root_7310,352.222755,45.078880,5,"4;5;6;8;9"
Root_7311,128.374083,19.554240,8,"0;1;2;3;5;6;8;9"
Root_7312,315.194650,39.832000,7,"1;2;3;5;6;8;9"
Root_7313,147.999898,24.883840,7,"0;2;3;5;6;8;9"
Root_7314,352.619075,44.461600,6,"2;3;5;6;8;9"
Root_7315,125.719843,20.480160,7,"0;1;3;5;6;8;9"
Root_7316,316.650170,40.757920,6,"1;3;5;6;8;9"
Root_7317,145.751738,25.809760,6,"0;3;5;6;8;9"
Root_7318,355.000515,45.387520,5,"3;5;6;8;9"
Root_7319,127.175299,21.467808,7,"0;1;2;5;6;8;9"
Root_7320,323.934074,41.745568,6,"1;2;5;6;8;9"
Root_7321,148.714682,26.797408,6,"0;2;5;6;8;9"
Root_7322,363.272067,46.375168,5,"2;5;6;8;9"
Root_7323,124.927139,22.393728,6,"0;1;5;6;8;9"
Root_7324,326.315514,42.671488,5,"1;5;6;8;9"
Root_7325,147.392442,27.723328,5,"0;5;6;8;9"
Root_7326,366.579427,47.301088,4,"5;6;8;9"
Root_7327,123.738605,18.875232,8,"0;1;2;3;4;6;8;9"
Root_7328,310.132954,39.152992,7,"1;2;3;4;6;8;9"
Root_7329,142.861795,24.204832,7,"0;2;3;4;6;8;9"
Root_7330,346.878371,43.782592,6,"2;3;4;6;8;9"
Root_7331,121.763373,19.801152,7,"0;1;3;4;6;8;9"
Root_7332,311.588474,40.078912,6,"1;3;4;6;8;9"
Root_7333,140.613635,25.130752,6,"0;3;4;6;8;9"
Root_7334,349.259811,44.708512,5,"3;4;6;8;9"
Root_7335,122.539821,20.788800,7,"0;1;2;4;6;8;9"
Root_7336,318.502010,41.066560,6,"1;2;4;6;8;9"
Root_7337,143.576579,26.118400,6,"0;2;4;6;8;9"
Root_7338,357.160995,45.696160,5,"2;4;6;8;9"
Root_7339,120.291661,21.714720,6,"0;1;4;6;8;9"
Root_7340,320.883450,41.992480,5,"1;4;6;8;9"
Root_7341,142.254339,27.044320,5,"0;4;6;8;9"
Root_7342,360.468355,46.622080,4,"4;6;8;9"
Root_7343,135.682819,21.097440,7,"0;1;2;3;6;8;9"
Root_7344,320.971130,41.375200,6,"1;2;3;6;8;9"
Root_7345,153.806170,26.427040,6,"0;2;3;6;8;9"
Root_7346,359.938755,46.004800,5,"2;3;6;8;9"
Root_7347,132.508739,22.023360,6,"0;1;3;6;8;9"
Root_7348,323.352570,42.301120,5,"1;3;6;8;9"
Root_7349,151.558010,27.352960,5,"0;3;6;8;9"
Root_7350,363.246115,46.930720,4,"3;6;8;9"
Root_7351,134.484035,23.011008,6,"0;1;2;6;8;9"
Root_7352,331.253754,43.288768,5,"1;2;6;8;9"
Root_7353,154.520954,28.340608,5,"0;2;6;8;9"
Root_7354,372.134947,47.918368,4,"2;6;8;9"
Root_7355,132.235875,23.936928,5,"0;1;6;8;9"
Root_7356,334.561114,44.214688,4,"1;6;8;9"
Root_7357,153.731770,29.266528,4,"0;6;8;9"
Root_7358,376.368227,48.844288,3,"6;8;9"
Root_7359,128.763123,19.757942,8,"0;1;2;3;4;5;8;9"
Root_7360,317.027971,40.035702,7,"1;2;3;4;5;8;9"
Root_7361,148.225971,25.087542,7,"0;2;3;4;5;8;9"
Root_7362,354.656099,44.665302,6,"2;3;4;5;8;9"
Root_7363,125.905181,20.683862,7,"0;1;3;4;5;8;9"
Root_7364,318.483491,40.961622,6,"1;3;4;5;8;9"
Root_7365,145.977811,26.013462,6,"0;3;4;5;8;9"
Root_7366,357.037539,45.591222,5,"3;4;5;8;9"
Root_7367,127.564339,21.671510,7,"0;1;2;4;5;8;9"
Root_7368,325.767395,41.949270,6,"1;2;4;5;8;9"
Root_7369,148.940755,27.001110,6,"0;2;4;5;8;9"
Root_7370,365.309091,46.578870,5,"2;4;5;8;9"
Root_7371,125.316179,22.597430,6,"0;1;4;5;8;9"
Root_7372,328.148835,42.875190,5,"1;4;5;8;9"
Root_7373,147.618515,27.927030,5,"0;4;5;8;9"
Root_7374,368.616451,47.504790,4,"4;5;8;9"
Root_7375,140.861811,21.980150,7,"0;1;2;3;5;8;9"
Root_7376,328.545155,42.257910,6,"1;2;3;5;8;9"
Root_7377,158.966643,27.309750,6,"0;2;3;5;8;9"
Root_7378,368.395491,46.887510,5,"2;3;5;8;9"
Root_7379,137.687731,22.906070,6,"0;1;3;5;8;9"
Root_7380,330.926595,43.183830,5,"1;3;5;8;9"
Root_7381,156.718483,28.235670,5,"0;3;5;8;9"
Root_7382,371.702851,47.813430,4,"3;5;8;9"
Root_7383,139.663027,23.893718,6,"0;1;2;5;8;9"
Root_7384,339.198147,44.171478,5,"1;2;5;8;9"
Root_7385,160.498432,29.223318,5,"0;2;5;8;9"
Root_7386,380.962051,48.801078,4,"2;5;8;9"
Root_7387,137.414867,24.819638,5,"0;1;5;8;9"
Root_7388,342.505507,45.097398,4,"1;5;8;9"
Root_7389,161.028032,30.149238,4,"0;5;8;9"
Root_7390,385.195331,49.726998,3,"5;8;9"
Root_7391,135.868157,21.301142,7,"0;1;2;3;4;8;9"
Root_7392,322.804451,41.578902,6,"1;2;3;4;8;9"
Root_7393,153.828541,26.630742,6,"0;2;3;4;8;9"
Root_7394,361.975779,46.208502,5,"2;3;4;8;9"
Root_7395,132.694077,22.227062,6,"0;1;3;4;8;9"
Root_7396,325.185891,42.504822,5,"1;3;4;8;9"
Root_7397,151.580381,27.556662,5,"0;3;4;8;9"
Root_7398,365.283139,47.134422,4,"3;4;8;9"
Root_7399,134.669373,23.214710,6,"0;1;2;4;8;9"
Root_7400,333.087075,43.492470,5,"1;2;4;8;9"
Root_7401,154.543325,28.544310,5,"0;2;4;8;9"
Root_7402,374.171971,48.122070,4,"2;4;8;9"
Root_7403,132.421213,24.140630,5,"0;1;4;8;9"
Root_7404,336.394435,44.418390,4,"1;4;8;9"
Root_7405,154.161546,29.470230,4,"0;4;8;9"
Root_7406,378.405251,49.047990,3,"4;8;9"
Root_7407,146.979197,23.523350,6,"0;1;2;3;8;9"
Root_7408,335.864835,43.801110,5,"1;2;3;8;9"
Root_7409,162.717373,28.852950,5,"0;2;3;8;9"
Root_7410,377.258371,48.430710,4,"2;3;8;9"
Root_7411,143.805117,24.449270,5,"0;1;3;8;9"
Root_7412,339.172195,44.727030,4,"1;3;8;9"
Root_7413,162.026954,29.778870,4,"0;3;8;9"
Root_7414,381.491651,49.356630,3,"3;8;9"
Root_7415,145.780413,25.436918,5,"0;1;2;8;9"
Root_7416,348.061027,45.714678,4,"1;2;8;9"
Root_7417,166.965194,30.766518,4,"0;2;8;9"
Root_7418,391.368131,50.344278,3,"2;8;9"
Root_7419,143.532253,26.362838,4,"0;1;8;9"
Root_7420,352.294307,46.640598,3,"1;8;9"
Root_7421,167.494794,31.692438,3,"0;8;9"
Root_7422,396.527331,51.270198,2,"8;9"
Root_7423,109.122307,18.236960,9,"0;1;2;3;4;5;6;7;9"
Root_7424,323.553882,39.214720,8,"1;2;3;4;5;6;7;9"
Root_7425,144.420752,24.266560,8,"0;2;3;4;5;6;7;9"
Root_7426,360.361027,43.844320,7,"2;3;4;5;6;7;9"
Root_7427,113.127162,19.162880,8,"0;1;3;4;5;6;7;9"
Root_7428,328.983482,40.140640,7,"1;3;4;5;6;7;9"
Root_7429,147.747760,25.192480,7,"0;3;4;5;6;7;9"
Root_7430,366.016547,44.770240,6,"3;4;5;6;7;9"
Root_7431,116.352986,20.850528,8,"0;1;2;4;5;6;7;9"
Root_7432,330.379738,41.128288,7,"1;2;4;5;6;7;9"
Root_7433,147.049104,26.180128,7,"0;2;4;5;6;7;9"
Root_7434,369.100451,45.757888,6,"2;4;5;6;7;9"
Root_7435,119.720730,21.776448,7,"0;1;4;5;6;7;9"
Root_7436,336.035258,42.054208,6,"1;4;5;6;7;9"
Root_7437,150.602032,27.106048,6,"0;4;5;6;7;9"
Root_7438,374.981891,46.683808,5,"4;5;6;7;9"
Root_7439,124.767747,20.459168,8,"0;1;2;3;5;6;7;9"
Root_7440,332.848858,41.436928,7,"1;2;3;5;6;7;9"
Root_7441,157.957722,26.488768,7,"0;2;3;5;6;7;9"
Root_7442,371.878211,46.066528,6,"2;3;5;6;7;9"
Root_7443,126.938403,21.385088,7,"0;1;3;5;6;7;9"
Root_7444,338.504378,42.362848,6,"1;3;5;6;7;9"
Root_7445,160.835482,27.414688,6,"0;3;5;6;7;9"
Root_7446,377.759651,46.992448,5,"3;5;6;7;9"
Root_7447,132.001347,23.072736,7,"0;1;2;5;6;7;9"
Root_7448,341.588282,43.350496,6,"1;2;5;6;7;9"
Root_7449,160.956442,28.402336,6,"0;2;5;6;7;9"
Root_7450,382.531203,47.980096,5,"2;5;6;7;9"
Root_7451,133.839450,23.998656,6,"0;1;5;6;7;9"
Root_7452,347.469722,44.276416,5,"1;5;6;7;9"
Root_7453,164.388378,29.328256,5,"0;5;6;7;9"
Root_7454,388.638563,48.906016,4,"5;6;7;9"
Root_7455,118.381507,19.780160,8,"0;1;2;3;4;6;7;9"
Root_7456,327.787162,40.757920,7,"1;2;3;4;6;7;9"
Root_7457,152.136752,25.809760,7,"0;2;3;4;6;7;9"
Root_7458,366.137507,45.387520,6,"2;3;4;6;7;9"
Root_7459,120.843162,20.706080,7,"0;1;3;4;6;7;9"
Root_7460,333.442682,41.683840,6,"1;3;4;6;7;9"
Root_7461,155.014512,26.735680,6,"0;3;4;6;7;9"
Root_7462,372.018947,46.313440,5,"3;4;6;7;9"
Root_7463,125.612186,22.393728,7,"0;1;2;4;6;7;9"
Root_7464,336.156218,42.671488,6,"1;2;4;6;7;9"
Root_7465,154.765104,27.723328,6,"0;2;4;6;7;9"
Root_7466,376.420131,47.301088,5,"2;4;6;7;9"
Root_7467,128.489946,23.319648,6,"0;1;4;6;7;9"
Root_7468,342.037658,43.597408,5,"1;4;6;7;9"
Root_7469,157.868784,28.649248,5,"0;4;6;7;9"
Root_7470,382.527491,48.227008,4,"4;6;7;9"
Root_7471,132.714755,22.002368,7,"0;1;2;3;6;7;9"
Root_7472,338.625338,42.980128,6,"1;2;3;6;7;9"
Root_7473,164.072634,28.031968,6,"0;2;3;6;7;9"
Root_7474,379.197891,47.609728,5,"2;3;6;7;9"
Root_7475,134.654403,22.928288,6,"0;1;3;6;7;9"
Root_7476,344.506778,43.906048,5,"1;3;6;7;9"
Root_7477,166.250394,28.957888,5,"0;3;6;7;9"
Root_7478,385.305251,48.535648,4,"3;6;7;9"
Root_7479,139.717347,24.615936,6,"0;1;2;6;7;9"
Root_7480,348.907962,44.893696,5,"1;2;6;7;9"
Root_7481,167.646522,29.945536,5,"0;2;6;7;9"
Root_7482,391.394083,49.523296,4,"2;6;7;9"
Root_7483,141.555450,25.541856,5,"0;1;6;7;9"
Root_7484,355.015322,45.819616,4,"1;6;7;9"
Root_7485,170.976122,30.871456,4,"0;6;7;9"
Root_7486,397.727363,50.449216,3,"6;7;9"
Root_7487,125.193664,20.662870,8,"0;1;2;3;4;5;7;9"
Root_7488,334.682179,41.640630,7,"1;2;3;4;5;7;9"
Root_7489,158.179936,26.692470,7,"0;2;3;4;5;7;9"
Root_7490,373.915235,46.270230,6,"2;3;4;5;7;9"
Root_7491,127.172810,21.588790,7,"0;1;3;4;5;7;9"
Root_7492,340.337699,42.566550,6,"1;3;4;5;7;9"
Root_7493,161.057696,27.618390,6,"0;3;4;5;7;9"
Root_7494,379.796675,47.196150,5,"3;4;5;7;9"
Root_7495,132.235754,23.276438,7,"0;1;2;4;5;7;9"
Root_7496,343.421603,43.554198,6,"1;2;4;5;7;9"
Root_7497,161.178656,28.606038,6,"0;2;4;5;7;9"
Root_7498,384.568227,48.183798,5,"2;4;5;7;9"
Root_7499,134.551648,24.202358,6,"0;1;4;5;7;9"
Root_7500,349.303043,44.480118,5,"1;4;5;7;9"
Root_7501,164.814294,29.531958,5,"0;4;5;7;9"
Root_7502,390.675587,49.109718,4,"4;5;7;9"
Root_7503,138.776458,22.885078,7,"0;1;2;3;5;7;9"
Root_7504,346.199363,43.862838,6,"1;2;3;5;7;9"
Root_7505,170.115818,28.914678,6,"0;2;3;5;7;9"
Root_7506,387.654627,48.492438,5,"2;3;5;7;9"
Root_7507,140.611155,23.810998,6,"0;1;3;5;7;9"
Root_7508,352.080803,44.788758,5,"1;3;5;7;9"
Root_7509,173.134176,29.840598,5,"0;3;5;7;9"
Root_7510,393.761987,49.418358,4,"3;5;7;9"
Root_7511,145.674099,25.498646,6,"0;1;2;5;7;9"
Root_7512,356.852355,45.776406,5,"1;2;5;7;9"
Root_7513,174.942784,30.828246,5,"0;2;5;7;9"
Root_7514,400.221187,50.406006,4,"2;5;7;9"
Root_7515,147.151859,26.424566,5,"0;1;5;7;9"
Root_7516,362.959715,46.702326,4,"1;5;7;9"
Root_7517,178.272384,31.754166,4,"0;5;7;9"
Root_7518,406.554467,51.331926,3,"5;7;9"
Root_7519,132.936970,22.206070,7,"0;1;2;3;4;7;9"
Root_7520,340.458659,43.183830,6,"1;2;3;4;7;9"
Root_7521,164.091146,28.235670,6,"0;2;3;4;7;9"
Root_7522,381.234915,47.813430,5,"2;3;4;7;9"
Root_7523,139.088810,23.131990,6,"0;1;3;4;7;9"
Root_7524,349.840099,44.109750,5,"1;3;4;7;9"
Root_7525,169.930496,29.161590,5,"0;3;4;7;9"
Root_7526,390.142275,48.739350,4,"3;4;7;9"
Root_7527,139.951754,24.819638,6,"0;1;2;4;7;9"
Root_7528,350.741283,45.097398,5,"1;2;4;7;9"
Root_7529,167.868736,30.149238,5,"0;2;4;7;9"
Root_7530,393.431107,49.726998,4,"2;4;7;9"
Root_7531,145.073962,25.745558,5,"0;1;4;7;9"
Root_7532,359.648643,46.023318,4,"1;4;7;9"
Root_7533,173.998336,31.075158,4,"0;4;7;9"
Root_7534,401.864387,50.652918,3,"4;7;9"
Root_7535,145.532115,24.428278,6,"0;1;2;3;7;9"
Root_7536,353.519043,45.406038,5,"1;2;3;7;9"
Root_7537,175.262698,30.457878,5,"0;2;3;7;9"
Root_7538,396.517507,50.035638,4,"2;3;7;9"
Root_7539,157.283955,25.354198,5,"0;1;3;7;9"
Root_7540,368.026403,46.331958,4,"1;3;7;9"
Root_7541,186.066378,31.383798,4,"0;3;7;9"
Root_7542,409.150787,50.961558,3,"3;7;9"
Root_7543,151.846899,27.041846,5,"0;1;2;7;9"
Root_7544,365.715235,47.319606,4,"1;2;7;9"
Root_7545,179.804618,32.371446,4,"0;2;7;9"
Root_7546,410.627267,51.949206,3,"2;7;9"
Root_7547,161.724659,27.967766,4,"0;1;7;9"
Root_7548,378.348515,48.245526,3,"1;7;9"
Root_7549,189.031584,33.297366,3,"0;7;9"
Root_7550,421.386467,52.875126,2,"7;9"
Root_7551,129.045498,21.961632,8,"0;1;2;3;4;5;6;9"
Root_7552,341.101891,42.239392,7,"1;2;3;4;5;6;9"
Root_7553,157.050275,27.291232,7,"0;2;3;4;5;6;9"
Root_7554,380.933709,46.868992,6,"2;3;4;5;6;9"
Root_7555,131.534531,22.887552,7,"0;1;3;4;5;6;9"
Root_7556,346.757411,43.165312,6,"1;3;4;5;6;9"
Root_7557,159.928035,28.217152,6,"0;3;4;5;6;9"
Root_7558,386.815149,47.794912,5,"3;4;5;6;9"
Root_7559,129.760282,23.875200,7,"0;1;2;4;5;6;9"
Root_7560,349.841315,44.152960,6,"1;2;4;5;6;9"
Root_7561,160.458595,29.204800,6,"0;2;4;5;6;9"
Root_7562,391.586701,48.782560,5,"2;4;5;6;9"
Root_7563,132.475235,24.801120,6,"0;1;4;5;6;9"
Root_7564,355.722755,45.078880,5,"1;4;5;6;9"
Root_7565,165.414115,30.130720,5,"0;4;5;6;9"
Root_7566,397.694061,49.708480,4,"4;5;6;9"
Root_7567,142.033370,24.183840,7,"0;1;2;3;5;6;9"
Root_7568,352.619075,44.461600,6,"1;2;3;5;6;9"
Root_7569,169.414275,29.513440,6,"0;2;3;5;6;9"
Root_7570,394.673101,49.091200,5,"2;3;5;6;9"
Root_7571,143.651738,25.109760,6,"0;1;3;5;6;9"
Root_7572,358.500515,45.387520,5,"1;3;5;6;9"
Root_7573,173.443875,30.439360,5,"0;3;5;6;9"
Root_7574,400.780461,50.017120,4,"3;5;6;9"
Root_7575,142.748154,26.097408,6,"0;1;2;5;6;9"
Root_7576,363.272067,46.375168,5,"1;2;5;6;9"
Root_7577,176.240131,31.427008,5,"0;2;5;6;9"
Root_7578,407.239661,51.004768,4,"2;5;6;9"
Root_7579,144.592442,27.023328,5,"0;1;5;6;9"
Root_7580,369.379427,47.301088,4,"1;5;6;9"
Root_7581,180.495651,32.352928,4,"0;5;6;9"
Root_7582,413.572941,51.930688,3,"5;6;9"
Root_7583,136.724602,23.504832,7,"0;1;2;3;4;6;9"
Root_7584,346.878371,43.782592,6,"1;2;3;4;6;9"
Root_7585,162.362723,28.834432,6,"0;2;3;4;6;9"
Root_7586,388.253389,48.412192,5,"2;3;4;6;9"
Root_7587,138.513635,24.430752,6,"0;1;3;4;6;9"
Root_7588,352.759811,44.708512,5,"1;3;4;6;9"
Root_7589,166.061187,29.760352,5,"0;3;4;6;9"
Root_7590,394.360749,49.338112,4,"3;4;6;9"
Root_7591,137.439386,25.418400,6,"0;1;2;4;6;9"
Root_7592,357.160995,45.696160,5,"1;2;4;6;9"
Root_7593,168.487075,30.748000,5,"0;2;4;6;9"
Root_7594,400.449581,50.325760,4,"2;4;6;9"
Root_7595,139.454339,26.344320,5,"0;1;4;6;9"
Root_7596,363.268355,46.622080,4,"1;4;6;9"
Root_7597,172.742595,31.673920,4,"0;4;6;9"
Root_7598,406.782861,51.251680,3,"4;6;9"
Root_7599,148.206170,25.727040,6,"0;1;2;3;6;9"
Root_7600,359.938755,46.004800,5,"1;2;3;6;9"
Root_7601,175.590915,31.056640,5,"0;2;3;6;9"
Root_7602,403.535981,50.634400,4,"2;3;6;9"
Root_7603,149.458010,26.652960,5,"0;1;3;6;9"
Root_7604,366.046115,46.930720,4,"1;3;6;9"
Root_7605,178.920515,31.982560,4,"0;3;6;9"
Root_7606,409.869261,51.560320,3,"3;6;9"
Root_7607,148.920954,27.640608,5,"0;1;2;6;9"
Root_7608,372.134947,47.918368,4,"1;2;6;9"
Root_7609,182.046403,32.970208,4,"0;2;6;9"
Root_7610,417.645741,52.547968,3,"2;6;9"
Root_7611,150.398714,28.566528,4,"0;1;6;9"
Root_7612,378.468227,48.844288,3,"1;6;9"
Root_7613,186.498051,33.896128,3,"0;6;9"
Root_7614,424.204941,53.473888,2,"6;9"
Root_7615,142.218547,24.387542,7,"0;1;2;3;4;5;9"
Root_7616,354.656099,44.665302,6,"1;2;3;4;5;9"
Root_7617,170.043894,29.717142,6,"0;2;3;4;5;9"
Root_7618,396.913827,49.294902,5,"2;3;4;5;9"
Root_7619,143.877811,25.313462,6,"0;1;3;4;5;9"
Root_7620,360.537539,45.591222,5,"1;3;4;5;9"
Root_7621,174.073494,30.643062,5,"0;3;4;5;9"
Root_7622,403.021187,50.220822,4,"3;4;5;9"
Root_7623,142.933331,26.301110,6,"0;1;2;4;5;9"
Root_7624,365.309091,46.578870,5,"1;2;4;5;9"
Root_7625,176.869750,31.630710,5,"0;2;4;5;9"
Root_7626,409.480387,51.208470,4,"2;4;5;9"
Root_7627,144.818515,27.227030,5,"0;1;4;5;9"
Root_7628,371.416451,47.504790,4,"1;4;5;9"
Root_7629,181.125270,32.556630,4,"0;4;5;9"
Root_7630,415.813667,52.134390,3,"4;5;9"
Root_7631,153.366643,26.609750,6,"0;1;2;3;5;9"
Root_7632,368.395491,46.887510,5,"1;2;3;5;9"
Root_7633,183.399520,31.939350,5,"0;2;3;5;9"
Root_7634,412.875427,51.517110,4,"2;3;5;9"
Root_7635,154.618483,27.535670,5,"0;1;3;5;9"
Root_7636,374.502851,47.813430,4,"1;3;5;9"
Root_7637,186.729120,32.865270,4,"0;3;5;9"
Root_7638,419.208707,52.443030,3,"3;5;9"
Root_7639,154.451795,28.523318,5,"0;1;2;5;9"
Root_7640,380.962051,48.801078,4,"1;2;5;9"
Root_7641,190.225376,33.852918,4,"0;2;5;9"
Root_7642,427.355555,53.430678,3,"2;5;9"
Root_7643,156.828032,29.449238,4,"0;1;5;9"
Root_7644,387.295331,49.726998,3,"1;5;9"
Root_7645,193.780896,34.778838,3,"0;5;9"
Root_7646,433.914755,54.356598,2,"5;9"
Root_7647,148.391347,25.930742,6,"0;1;2;3;4;9"
Root_7648,361.975779,46.208502,5,"1;2;3;4;9"
Root_7649,176.016832,31.260342,5,"0;2;3;4;9"
Root_7650,405.776707,50.838102,4,"2;3;4;9"
Root_7651,152.772819,26.856662,5,"0;1;3;4;9"
Root_7652,370.883139,47.134422,4,"1;3;4;9"
Root_7653,182.146432,32.186262,4,"0;3;4;9"
Root_7654,414.209987,51.764022,3,"3;4;9"
Root_7655,149.106131,27.844310,5,"0;1;2;4;9"
Root_7656,374.171971,48.122070,4,"1;2;4;9"
Root_7657,182.646230,33.173910,4,"0;2;4;9"
Root_7658,419.886467,52.751670,3,"2;4;9"
Root_7659,153.013523,28.770230,4,"0;1;4;9"
Root_7660,382.605251,49.047990,3,"1;4;9"
Root_7661,189.227670,34.099830,3,"0;4;9"
Root_7662,427.845667,53.677590,2,"4;9"
Root_7663,157.817373,28.152950,5,"0;1;2;3;9"
Root_7664,377.258371,48.430710,4,"1;2;3;9"
Root_7665,187.632800,33.482550,4,"0;2;3;9"
Root_7666,423.281507,53.060310,3,"2;3;9"
Root_7667,166.926954,29.078870,4,"0;1;3;9"
Root_7668,389.891651,49.356630,3,"1;3;9"
Root_7669,197.488320,34.408470,3,"0;3;9"
Root_7670,434.040707,53.986230,2,"3;9"
Root_7671,160.665194,30.066518,4,"0;1;2;9"
Root_7672,391.368131,50.344278,3,"1;2;9"
Root_7673,196.397974,35.396118,3,"0;2;9"
Root_7674,439.304835,54.973878,2,"2;9"
Root_7675,169.594794,30.992438,3,"0;1;9"
Root_7676,402.127331,51.270198,2,"1;9"
Root_7677,205.949411,36.322038,2,"0;9"
Root_7678,448.189955,55.899798,1,"9"
Root_7679,102.379341,16.899936,9,"0;1;2;3;4;5;6;7;8"
Root_7680,301.578714,37.177696,8,"1;2;3;4;5;6;7;8"
Root_7681,126.559002,22.229536,8,"0;2;3;4;5;6;7;8"
Root_7682,336.348835,41.807296,7,"2;3;4;5;6;7;8"
Root_7683,103.305325,17.825856,8,"0;1;3;4;5;6;7;8"
Root_7684,302.108314,38.103616,7,"1;3;4;5;6;7;8"
Root_7685,125.236762,23.155456,7,"0;3;4;5;6;7;8"
Root_7686,337.804355,42.733216,6,"3;4;5;6;7;8"
Root_7687,103.094125,18.813504,8,"0;1;2;4;5;6;7;8"
Root_7688,308.404570,39.091264,7,"1;2;4;5;6;7;8"
Root_7689,129.187354,24.143104,7,"0;2;4;5;6;7;8"
Root_7690,345.088259,43.720864,6,"2;4;5;6;7;8"
Root_7691,103.032461,19.739424,7,"0;1;4;5;6;7;8"
Root_7692,309.860090,40.017184,6,"1;4;5;6;7;8"
Root_7693,128.791034,25.069024,6,"0;4;5;6;7;8"
Root_7694,347.469699,44.646784,5,"4;5;6;7;8"
Root_7695,116.953027,19.122144,8,"0;1;2;3;5;6;7;8"
Root_7696,310.873690,39.399904,7,"1;2;3;5;6;7;8"
Root_7697,140.677722,24.451744,7,"0;2;3;5;6;7;8"
Root_7698,347.866019,44.029504,6,"2;3;5;6;7;8"
Root_7699,115.656803,20.048064,7,"0;1;3;5;6;7;8"
Root_7700,312.329210,40.325824,6,"1;3;5;6;7;8"
Root_7701,139.355482,25.377664,6,"0;3;5;6;7;8"
Root_7702,350.247459,44.955424,5,"3;5;6;7;8"
Root_7703,117.667811,21.035712,7,"0;1;2;5;6;7;8"
Root_7704,319.613114,41.313472,6,"1;2;5;6;7;8"
Root_7705,143.306074,26.365312,6,"0;2;5;6;7;8"
Root_7706,358.519011,45.943072,5,"2;5;6;7;8"
Root_7707,116.345571,21.961632,6,"0;1;5;6;7;8"
Root_7708,321.994554,42.239392,5,"1;5;6;7;8"
Root_7709,142.909754,27.291232,5,"0;5;6;7;8"
Root_7710,361.826371,46.868992,4,"5;6;7;8"
Root_7711,111.638541,18.443136,8,"0;1;2;3;4;6;7;8"
Root_7712,305.811994,38.720896,7,"1;2;3;4;6;7;8"
Root_7713,135.328218,23.772736,7,"0;2;3;4;6;7;8"
Root_7714,342.125315,43.350496,6,"2;3;4;6;7;8"
Root_7715,111.021325,19.369056,7,"0;1;3;4;6;7;8"
Root_7716,307.267514,39.646816,6,"1;3;4;6;7;8"
Root_7717,134.005978,24.698656,6,"0;3;4;6;7;8"
Root_7718,344.506755,44.276416,5,"3;4;6;7;8"
Root_7719,112.353325,20.356704,7,"0;1;2;4;6;7;8"
Root_7720,314.181050,40.634464,6,"1;2;4;6;7;8"
Root_7721,137.956570,25.686304,6,"0;2;4;6;7;8"
Root_7722,352.407939,45.264064,5,"2;4;6;7;8"
Root_7723,111.031085,21.282624,6,"0;1;4;6;7;8"
Root_7724,316.562490,41.560384,5,"1;4;6;7;8"
Root_7725,137.560250,26.612224,5,"0;4;6;7;8"
Root_7726,355.715299,46.189984,4,"4;6;7;8"
Root_7727,125.804963,20.665344,7,"0;1;2;3;6;7;8"
Root_7728,316.650170,40.943104,6,"1;2;3;6;7;8"
Root_7729,148.393722,25.994944,6,"0;2;3;6;7;8"
Root_7730,355.185699,45.572704,5,"2;3;6;7;8"
Root_7731,123.556803,21.591264,6,"0;1;3;6;7;8"
Root_7732,319.031610,41.869024,5,"1;3;6;7;8"
Root_7733,147.071482,26.920864,5,"0;3;6;7;8"
Root_7734,358.493059,46.498624,4,"3;6;7;8"
Root_7735,126.519747,22.578912,6,"0;1;2;6;7;8"
Root_7736,326.932794,42.856672,5,"1;2;6;7;8"
Root_7737,151.022074,27.908512,5,"0;2;6;7;8"
Root_7738,367.381891,47.486272,4,"2;6;7;8"
Root_7739,125.197507,23.504832,5,"0;1;6;7;8"
Root_7740,330.240154,43.782592,4,"1;6;7;8"
Root_7741,150.625754,28.834432,4,"0;6;7;8"
Root_7742,371.615171,48.412192,3,"6;7;8"
Root_7743,117.545770,19.325846,8,"0;1;2;3;4;5;7;8"
Root_7744,312.707011,39.603606,7,"1;2;3;4;5;7;8"
Root_7745,141.389920,24.655446,7,"0;2;3;4;5;7;8"
Root_7746,349.903043,44.233206,6,"2;3;4;5;7;8"
Root_7747,116.045843,20.251766,7,"0;1;3;4;5;7;8"
Root_7748,314.162531,40.529526,6,"1;3;4;5;7;8"
Root_7749,140.067680,25.581366,6,"0;3;4;5;7;8"
Root_7750,352.284483,45.159126,5,"3;4;5;7;8"
Root_7751,118.260554,21.239414,7,"0;1;2;4;5;7;8"
Root_7752,321.446435,41.517174,6,"1;2;4;5;7;8"
Root_7753,144.018272,26.569014,6,"0;2;4;5;7;8"
Root_7754,360.556035,46.146774,5,"2;4;5;7;8"
Root_7755,116.938314,22.165334,6,"0;1;4;5;7;8"
Root_7756,323.827875,42.443094,5,"1;4;5;7;8"
Root_7757,143.621952,27.494934,5,"0;4;5;7;8"
Root_7758,363.863395,47.072694,4,"4;5;7;8"
Root_7759,131.811251,21.548054,7,"0;1;2;3;5;7;8"
Root_7760,324.224195,41.825814,6,"1;2;3;5;7;8"
Root_7761,154.436906,26.877654,6,"0;2;3;5;7;8"
Root_7762,363.642435,46.455414,5,"2;3;5;7;8"
Root_7763,129.563091,22.473974,6,"0;1;3;5;7;8"
Root_7764,326.605635,42.751734,5,"1;3;5;7;8"
Root_7765,153.114666,27.803574,5,"0;3;5;7;8"
Root_7766,366.949795,47.381334,4,"3;5;7;8"
Root_7767,132.526035,23.461622,6,"0;1;2;5;7;8"
Root_7768,334.877187,43.739382,5,"1;2;5;7;8"
Root_7769,157.435626,28.791222,5,"0;2;5;7;8"
Root_7770,376.208995,48.368982,4,"2;5;7;8"
Root_7771,131.203795,24.387542,5,"0;1;5;7;8"
Root_7772,338.184547,44.665302,4,"1;5;7;8"
Root_7773,157.756448,29.717142,4,"0;5;7;8"
Root_7774,380.442275,49.294902,3,"5;7;8"
Root_7775,126.194003,20.869046,7,"0;1;2;3;4;7;8"
Root_7776,318.483491,41.146806,6,"1;2;3;4;7;8"
Root_7777,148.967786,26.198646,6,"0;2;3;4;7;8"
Root_7778,357.222723,45.776406,5,"2;3;4;7;8"
Root_7779,123.945843,21.794966,6,"0;1;3;4;7;8"
Root_7780,320.864931,42.072726,5,"1;3;4;7;8"
Root_7781,147.645546,27.124566,5,"0;3;4;7;8"
Root_7782,360.530083,46.702326,4,"3;4;7;8"
Root_7783,126.908787,22.782614,6,"0;1;2;4;7;8"
Root_7784,328.766115,43.060374,5,"1;2;4;7;8"
Root_7785,151.596138,28.112214,5,"0;2;4;7;8"
Root_7786,369.418915,47.689974,4,"2;4;7;8"
Root_7787,125.586547,23.708534,5,"0;1;4;7;8"
Root_7788,332.073475,43.986294,4,"1;4;7;8"
Root_7789,151.237952,29.038134,4,"0;4;7;8"
Root_7790,373.652195,48.615894,3,"4;7;8"
Root_7791,139.527251,23.091254,6,"0;1;2;3;7;8"
Root_7792,331.543875,43.369014,5,"1;2;3;7;8"
Root_7793,160.162931,28.420854,5,"0;2;3;7;8"
Root_7794,372.505315,47.998614,4,"2;3;7;8"
Root_7795,137.279091,24.017174,5,"0;1;3;7;8"
Root_7796,334.851235,44.294934,4,"1;3;7;8"
Root_7797,159.187466,29.346774,4,"0;3;7;8"
Root_7798,376.738595,48.924534,3,"3;7;8"
Root_7799,140.242035,25.004822,5,"0;1;2;7;8"
Root_7800,343.740067,45.282582,4,"1;2;7;8"
Root_7801,164.125706,30.334422,4,"0;2;7;8"
Root_7802,386.615075,49.912182,3,"2;7;8"
Root_7803,138.919795,25.930742,4,"0;1;7;8"
Root_7804,347.973347,46.208502,3,"1;7;8"
Root_7805,164.655306,31.260342,3,"0;7;8"
Root_7806,391.774275,50.838102,2,"7;8"
Root_7807,116.860845,19.924608,8,"0;1;2;3;4;5;6;8"
Root_7808,318.694627,40.202368,7,"1;2;3;4;5;6;8"
Root_7809,139.313507,25.254208,7,"0;2;3;4;5;6;8"
Root_7810,356.489421,44.831968,6,"2;3;4;5;6;8"
Root_7811,114.762157,20.850528,7,"0;1;3;4;5;6;8"
Root_7812,320.150147,41.128288,6,"1;3;4;5;6;8"
Root_7813,137.991267,26.180128,6,"0;3;4;5;6;8"
Root_7814,358.870861,45.757888,5,"3;4;5;6;8"
Root_7815,117.575629,21.838176,7,"0;1;2;4;5;6;8"
Root_7816,327.434051,42.115936,6,"1;2;4;5;6;8"
Root_7817,141.941859,27.167776,6,"0;2;4;5;6;8"
Root_7818,367.142413,46.745536,5,"2;4;5;6;8"
Root_7819,116.253389,22.764096,6,"0;1;4;5;6;8"
Root_7820,329.815491,43.041856,5,"1;4;5;6;8"
Root_7821,141.545539,28.093696,5,"0;4;5;6;8"
Root_7822,370.449773,47.671456,4,"4;5;6;8"
Root_7823,129.212323,22.146816,7,"0;1;2;3;5;6;8"
Root_7824,330.211811,42.424576,6,"1;2;3;5;6;8"
Root_7825,152.276387,27.476416,6,"0;2;3;5;6;8"
Root_7826,370.228813,47.054176,5,"2;3;5;6;8"
Root_7827,126.964163,23.072736,6,"0;1;3;5;6;8"
Root_7828,332.593251,43.350496,5,"1;3;5;6;8"
Root_7829,150.954147,28.402336,5,"0;3;5;6;8"
Root_7830,373.536173,47.980096,4,"3;5;6;8"
Root_7831,129.927107,24.060384,6,"0;1;2;5;6;8"
Root_7832,340.864803,44.338144,5,"1;2;5;6;8"
Root_7833,156.055075,29.389984,5,"0;2;5;6;8"
Root_7834,382.795373,48.967744,4,"2;5;6;8"
Root_7835,128.604867,24.986304,5,"0;1;5;6;8"
Root_7836,344.172163,45.264064,4,"1;5;6;8"
Root_7837,157.510595,30.315904,4,"0;5;6;8"
Root_7838,387.028653,49.893664,3,"5;6;8"
Root_7839,124.576845,21.467808,7,"0;1;2;3;4;6;8"
Root_7840,324.471107,41.745568,6,"1;2;3;4;6;8"
Root_7841,146.292611,26.797408,6,"0;2;3;4;6;8"
Root_7842,363.809101,46.375168,5,"2;3;4;6;8"
Root_7843,122.328685,22.393728,6,"0;1;3;4;6;8"
Root_7844,326.852547,42.671488,5,"1;3;4;6;8"
Root_7845,144.970371,27.723328,5,"0;3;4;6;8"
Root_7846,367.116461,47.301088,4,"3;4;6;8"
Root_7847,125.291629,23.381376,6,"0;1;2;4;6;8"
Root_7848,334.753731,43.659136,5,"1;2;4;6;8"
Root_7849,148.920963,28.710976,5,"0;2;4;6;8"
Root_7850,376.005293,48.288736,4,"2;4;6;8"
Root_7851,123.969389,24.307296,5,"0;1;4;6;8"
Root_7852,338.061091,44.585056,4,"1;4;6;8"
Root_7853,149.798435,29.636896,4,"0;4;6;8"
Root_7854,380.238573,49.214656,3,"4;6;8"
Root_7855,136.521059,23.690016,6,"0;1;2;3;6;8"
Root_7856,337.531491,43.967776,5,"1;2;3;6;8"
Root_7857,157.442883,29.019616,5,"0;2;3;6;8"
Root_7858,379.091693,48.597376,4,"2;3;6;8"
Root_7859,134.272899,24.615936,5,"0;1;3;6;8"
Root_7860,340.838851,44.893696,4,"1;3;6;8"
Root_7861,157.972483,29.945536,4,"0;3;6;8"
Root_7862,383.324973,49.523296,3,"3;6;8"
Root_7863,137.235843,25.603584,5,"0;1;2;6;8"
Root_7864,349.727683,45.881344,4,"1;2;6;8"
Root_7865,163.898371,30.933184,4,"0;2;6;8"
Root_7866,393.201453,50.510944,3,"2;6;8"
Root_7867,135.913603,26.529504,4,"0;1;6;8"
Root_7868,353.960963,46.807264,3,"1;6;8"
Root_7869,165.353891,31.859104,3,"0;6;8"
Root_7870,398.360653,51.436864,2,"6;8"
Root_7871,129.601363,22.350518,7,"0;1;2;3;4;5;8"
Root_7872,332.248835,42.628278,6,"1;2;3;4;5;8"
Root_7873,152.498602,27.680118,6,"0;2;3;4;5;8"
Root_7874,372.469539,47.257878,5,"2;3;4;5;8"
Root_7875,127.353203,23.276438,6,"0;1;3;4;5;8"
Root_7876,334.630275,43.554198,5,"1;3;4;5;8"
Root_7877,151.176362,28.606038,5,"0;3;4;5;8"
Root_7878,375.776899,48.183798,4,"3;4;5;8"
Root_7879,130.316147,24.264086,6,"0;1;2;4;5;8"
Root_7880,342.901827,44.541846,5,"1;2;4;5;8"
Root_7881,156.684694,29.593686,5,"0;2;4;5;8"
Root_7882,385.036099,49.171446,4,"2;4;5;8"
Root_7883,128.993907,25.190006,5,"0;1;4;5;8"
Root_7884,346.209187,45.467766,4,"1;4;5;8"
Root_7885,158.140214,30.519606,4,"0;4;5;8"
Root_7886,389.269379,50.097366,3,"4;5;8"
Root_7887,141.700051,24.572726,6,"0;1;2;3;5;8"
Root_7888,345.988227,44.850486,5,"1;2;3;5;8"
Root_7889,165.251488,29.902326,5,"0;2;3;5;8"
Root_7890,388.431139,49.480086,4,"2;3;5;8"
Root_7891,139.451891,25.498646,5,"0;1;3;5;8"
Root_7892,349.295587,45.776406,4,"1;3;5;8"
Root_7893,165.781088,30.828246,4,"0;3;5;8"
Root_7894,392.664419,50.406006,3,"3;5;8"
Root_7895,142.414835,26.486294,5,"0;1;2;5;8"
Root_7896,358.554787,46.764054,4,"1;2;5;8"
Root_7897,172.077344,31.815894,4,"0;2;5;8"
Root_7898,402.911267,51.393654,3,"2;5;8"
Root_7899,141.092595,27.412214,4,"0;1;5;8"
Root_7900,362.788067,47.689974,3,"1;5;8"
Root_7901,173.532864,32.741814,3,"0;5;8"
Root_7902,408.070467,52.319574,2,"5;8"
Root_7903,136.706397,23.893718,6,"0;1;2;3;4;8"
Root_7904,339.568515,44.171478,5,"1;2;3;4;8"
Root_7905,157.868800,29.223318,5,"0;2;3;4;8"
Root_7906,381.332419,48.801078,4,"2;3;4;8"
Root_7907,134.458237,24.819638,5,"0;1;3;4;8"
Root_7908,342.875875,45.097398,4,"1;3;4;8"
Root_7909,158.398400,30.149238,4,"0;3;4;8"
Root_7910,385.565699,49.726998,3,"3;4;8"
Root_7911,137.421181,25.807286,5,"0;1;2;4;8"
Root_7912,351.764707,46.085046,4,"1;2;4;8"
Root_7913,164.324288,31.136886,4,"0;2;4;8"
Root_7914,395.442179,50.714646,3,"2;4;8"
Root_7915,136.098941,26.733206,4,"0;1;4;8"
Root_7916,355.997987,47.010966,3,"1;4;8"
Root_7917,165.779808,32.062806,3,"0;4;8"
Root_7918,400.601379,51.640566,2,"4;8"
Root_7919,147.817437,26.115926,5,"0;1;2;3;8"
Root_7920,354.851107,46.393686,4,"1;2;3;8"
Root_7921,171.039242,31.445526,4,"0;2;3;8"
Root_7922,398.837219,51.023286,3,"2;3;8"
Root_7923,145.569277,27.041846,4,"0;1;3;8"
Root_7924,359.084387,47.319606,3,"1;3;8"
Root_7925,171.568842,32.371446,3,"0;3;8"
Root_7926,403.996419,51.949206,2,"3;8"
Root_7927,148.532221,28.029494,4,"0;1;2;8"
Root_7928,368.960867,48.307254,3,"1;2;8"
Root_7929,177.853824,33.359094,3,"0;2;8"
Root_7930,414.860547,52.936854,2,"2;8"
Root_7931,147.209981,28.955414,3,"0;1;8"
Root_7932,374.120067,49.233174,2,"1;8"
Root_7933,180.235264,34.285014,2,"0;8"
Root_7934,420.945667,53.862774,1,"8"
Root_7935,119.069018,21.529536,8,"0;1;2;3;4;5;6;7"
Root_7936,336.348835,41.807296,7,"1;2;3;4;5;6;7"
Root_7937,151.205731,26.859136,7,"0;2;3;4;5;6;7"
Root_7938,375.748557,46.436896,6,"2;3;4;5;6;7"
Root_7939,122.436762,22.455456,7,"0;1;3;4;5;6;7"
Root_7940,342.004355,42.733216,6,"1;3;4;5;6;7"
Root_7941,155.009411,27.785056,6,"0;3;4;5;6;7"
Root_7942,381.629997,47.362816,5,"3;4;5;6;7"
Root_7943,121.697370,23.443104,7,"0;1;2;4;5;6;7"
Root_7944,345.088259,43.720864,6,"1;2;4;5;6;7"
Root_7945,156.118019,28.772704,6,"0;2;4;5;6;7"
Root_7946,386.401549,48.350464,5,"2;4;5;6;7"
Root_7947,125.291034,24.369024,6,"0;1;4;5;6;7"
Root_7948,350.969699,44.646784,5,"1;4;5;6;7"
Root_7949,160.846243,29.698624,5,"0;4;5;6;7"
Root_7950,392.508909,49.276384,4,"4;5;6;7"
Root_7951,134.717379,23.751744,7,"0;1;2;3;5;6;7"
Root_7952,347.866019,44.029504,6,"1;2;3;5;6;7"
Root_7953,165.278499,29.081344,6,"0;2;3;5;6;7"
Root_7954,389.487949,48.659104,5,"2;3;5;6;7"
Root_7955,136.555482,24.677664,6,"0;1;3;5;6;7"
Root_7956,353.747459,44.955424,5,"1;3;5;6;7"
Root_7957,169.308099,30.007264,5,"0;3;5;6;7"
Root_7958,395.595309,49.585024,4,"3;5;6;7"
Root_7959,137.345731,25.665312,6,"0;1;2;5;6;7"
Root_7960,358.519011,45.943072,5,"1;2;5;6;7"
Root_7961,172.104355,30.994912,5,"0;2;5;6;7"
Root_7962,402.054509,50.572672,4,"2;5;6;7"
Root_7963,139.409754,26.591232,5,"0;1;5;6;7"
Root_7964,364.626371,46.868992,4,"1;5;6;7"
Root_7965,176.359875,31.920832,4,"0;5;6;7"
Root_7966,408.387789,51.498592,3,"5;6;7"
Root_7967,128.328218,23.072736,7,"0;1;2;3;4;6;7"
Root_7968,342.125315,43.350496,6,"1;2;3;4;6;7"
Root_7969,158.493475,28.402336,6,"0;2;3;4;6;7"
Root_7970,383.068237,47.980096,5,"2;3;4;6;7"
Root_7971,131.205978,23.998656,6,"0;1;3;4;6;7"
Root_7972,348.006755,44.276416,5,"1;3;4;6;7"
Root_7973,161.925411,29.328256,5,"0;3;4;6;7"
Root_7974,389.175597,48.906016,4,"3;4;6;7"
Root_7975,130.956570,24.986304,6,"0;1;2;4;6;7"
Root_7976,352.407939,45.264064,5,"1;2;4;6;7"
Root_7977,164.351299,30.315904,5,"0;2;4;6;7"
Root_7978,395.264429,49.893664,4,"2;4;6;7"
Root_7979,134.060250,25.912224,5,"0;1;4;6;7"
Root_7980,358.515299,46.189984,4,"1;4;6;7"
Root_7981,168.606819,31.241824,4,"0;4;6;7"
Root_7982,401.597709,50.819584,3,"4;6;7"
Root_7983,142.433379,25.294944,6,"0;1;2;3;6;7"
Root_7984,355.185699,45.572704,5,"1;2;3;6;7"
Root_7985,171.887235,30.624544,5,"0;2;3;6;7"
Root_7986,398.350829,50.202304,4,"2;3;6;7"
Root_7987,144.271482,26.220864,5,"0;1;3;6;7"
Root_7988,361.293059,46.498624,4,"1;3;6;7"
Root_7989,175.216835,31.550464,4,"0;3;6;7"
Root_7990,404.684109,51.128224,3,"3;6;7"
Root_7991,145.061731,27.208512,5,"0;1;2;6;7"
Root_7992,367.381891,47.486272,4,"1;2;6;7"
Root_7993,178.342723,32.538112,4,"0;2;6;7"
Root_7994,412.460589,52.115872,3,"2;6;7"
Root_7995,147.125754,28.134432,4,"0;1;6;7"
Root_7996,373.715171,48.412192,3,"1;6;7"
Root_7997,182.362275,33.464032,3,"0;6;7"
Root_7998,419.019789,53.041792,2,"6;7"
Root_7999,134.951786,23.955446,7,"0;1;2;3;4;5;7"
Root_8000,349.903043,44.233206,6,"1;2;3;4;5;7"
Root_8001,165.908118,29.285046,6,"0;2;3;4;5;7"
Root_8002,391.728675,48.862806,5,"2;3;4;5;7"
Root_8003,137.267680,24.881366,6,"0;1;3;4;5;7"
Root_8004,355.784483,45.159126,5,"1;3;4;5;7"
Root_8005,169.937718,30.210966,5,"0;3;4;5;7"
Root_8006,397.836035,49.788726,4,"3;4;5;7"
Root_8007,137.580138,25.869014,6,"0;1;2;4;5;7"
Root_8008,360.556035,46.146774,5,"1;2;4;5;7"
Root_8009,172.733974,31.198614,5,"0;2;4;5;7"
Root_8010,404.295235,50.776374,4,"2;4;5;7"
Root_8011,140.121952,26.794934,5,"0;1;4;5;7"
Root_8012,366.663395,47.072694,4,"1;4;5;7"
Root_8013,176.989494,32.124534,4,"0;4;5;7"
Root_8014,410.628515,51.702294,3,"4;5;7"
Root_8015,148.390131,26.177654,6,"0;1;2;3;5;7"
Root_8016,363.642435,46.455414,5,"1;2;3;5;7"
Root_8017,179.695840,31.507254,5,"0;2;3;5;7"
Root_8018,407.690275,51.085014,4,"2;3;5;7"
Root_8019,150.314666,27.103574,5,"0;1;3;5;7"
Root_8020,369.749795,47.381334,4,"1;3;5;7"
Root_8021,183.025440,32.433174,4,"0;3;5;7"
Root_8022,414.023555,52.010934,3,"3;5;7"
Root_8023,151.135626,28.091222,5,"0;1;2;5;7"
Root_8024,376.208995,48.368982,4,"1;2;5;7"
Root_8025,186.521696,33.420822,4,"0;2;5;7"
Root_8026,422.170403,52.998582,3,"2;5;7"
Root_8027,153.556448,29.017142,4,"0;1;5;7"
Root_8028,382.542275,49.294902,3,"1;5;7"
Root_8029,190.077216,34.346742,3,"0;5;7"
Root_8030,428.729603,53.924502,2,"5;7"
Root_8031,142.667786,25.498646,6,"0;1;2;3;4;7"
Root_8032,357.222723,45.776406,5,"1;2;3;4;7"
Root_8033,172.313152,30.828246,5,"0;2;3;4;7"
Root_8034,400.591555,50.406006,4,"2;3;4;7"
Root_8035,147.789994,26.424566,5,"0;1;3;4;7"
Root_8036,366.130083,46.702326,4,"1;3;4;7"
Root_8037,178.442752,31.754166,4,"0;3;4;7"
Root_8038,409.024835,51.331926,3,"3;4;7"
Root_8039,145.296138,27.412214,5,"0;1;2;4;7"
Root_8040,369.418915,47.689974,4,"1;2;4;7"
Root_8041,178.768640,32.741814,4,"0;2;4;7"
Root_8042,414.701315,52.319574,3,"2;4;7"
Root_8043,149.944266,28.338134,4,"0;1;4;7"
Root_8044,377.852195,48.615894,3,"1;4;7"
Root_8045,185.091894,33.667734,3,"0;4;7"
Root_8046,422.660515,53.245494,2,"4;7"
Root_8047,154.562931,27.720854,5,"0;1;2;3;7"
Root_8048,372.505315,47.998614,4,"1;2;3;7"
Root_8049,183.929120,33.050454,4,"0;2;3;7"
Root_8050,418.096355,52.628214,3,"2;3;7"
Root_8051,164.440691,28.646774,4,"0;1;3;7"
Root_8052,385.138595,48.924534,3,"1;3;7"
Root_8053,193.784640,33.976374,3,"0;3;7"
Root_8054,428.855555,53.554134,2,"3;7"
Root_8055,157.825706,29.634422,4,"0;1;2;7"
Root_8056,386.615075,49.912182,3,"1;2;7"
Root_8057,192.298176,34.964022,3,"0;2;7"
Root_8058,434.119683,54.541782,2,"2;7"
Root_8059,166.755306,30.560342,3,"0;1;7"
Root_8060,397.374275,50.838102,2,"1;7"
Root_8061,201.169558,35.889942,2,"0;7"
Root_8062,443.004803,55.467702,1,"7"
Root_8063,132.476314,24.554208,7,"0;1;2;3;4;5;6"
Root_8064,356.489421,44.831968,6,"1;2;3;4;5;6"
Root_8065,166.427693,29.883808,6,"0;2;3;4;5;6"
Root_8066,398.913814,49.461568,5,"2;3;4;5;6"
Root_8067,135.191267,25.480128,6,"0;1;3;4;5;6"
Root_8068,362.370861,45.757888,5,"1;3;4;5;6"
Root_8069,171.383213,30.809728,5,"0;3;4;5;6"
Root_8070,405.021174,50.387488,4,"3;4;5;6"
Root_8071,135.104666,26.467776,6,"0;1;2;4;5;6"
Root_8072,367.142413,46.745536,5,"1;2;4;5;6"
Root_8073,175.167117,31.797376,5,"0;2;4;5;6"
Root_8074,411.480374,51.375136,4,"2;4;5;6"
Root_8075,138.045539,27.393696,5,"0;1;4;5;6"
Root_8076,373.249773,47.671456,4,"1;4;5;6"
Root_8077,180.348557,32.723296,4,"0;4;5;6"
Root_8078,417.813654,52.301056,3,"4;5;6"
Root_8079,145.976387,26.776416,6,"0;1;2;3;5;6"
Root_8080,370.228813,47.054176,5,"1;2;3;5;6"
Root_8081,181.838861,32.106016,5,"0;2;3;5;6"
Root_8082,414.875414,51.683776,4,"2;3;5;6"
Root_8083,148.154147,27.702336,5,"0;1;3;5;6"
Root_8084,376.336173,47.980096,4,"1;3;5;6"
Root_8085,186.094381,33.031936,4,"0;3;5;6"
Root_8086,421.208694,52.609696,3,"3;5;6"
Root_8087,148.975107,28.689984,5,"0;1;2;5;6"
Root_8088,382.795373,48.967744,4,"1;2;5;6"
Root_8089,190.578285,34.019584,4,"0;2;5;6"
Root_8090,429.355542,53.597344,3,"2;5;6"
Root_8091,152.610595,29.615904,4,"0;1;5;6"
Root_8092,389.128653,49.893664,3,"1;5;6"
Root_8093,195.059725,34.945504,3,"0;5;6"
Root_8094,435.914742,54.523264,2,"5;6"
Root_8095,140.155418,26.097408,6,"0;1;2;3;4;6"
Root_8096,363.809101,46.375168,5,"1;2;3;4;6"
Root_8097,173.777165,31.427008,5,"0;2;3;4;6"
Root_8098,407.776694,51.004768,4,"2;3;4;6"
Root_8099,142.170371,27.023328,5,"0;1;3;4;6"
Root_8100,369.916461,47.301088,4,"1;3;4;6"
Root_8101,178.032685,32.352928,4,"0;3;4;6"
Root_8102,414.109974,51.930688,3,"3;4;6"
Root_8103,142.783770,28.010976,5,"0;1;2;4;6"
Root_8104,376.005293,48.288736,4,"1;2;4;6"
Root_8105,182.486797,33.340576,4,"0;2;4;6"
Root_8106,421.886454,52.918336,3,"2;4;6"
Root_8107,145.024643,28.936896,4,"0;1;4;6"
Root_8108,382.338573,49.214656,3,"1;4;6"
Root_8109,187.894157,34.266496,3,"0;4;6"
Root_8110,428.445654,53.844256,2,"4;6"
Root_8111,151.803651,28.319616,5,"0;1;2;3;6"
Root_8112,379.091693,48.597376,4,"1;2;3;6"
Root_8113,187.615341,33.649216,4,"0;2;3;6"
Root_8114,425.281494,53.226976,3,"2;3;6"
Root_8115,153.772483,29.245536,4,"0;1;3;6"
Root_8116,385.424973,49.523296,3,"1;3;6"
Root_8117,192.096781,34.575136,3,"0;3;6"
Root_8118,431.840694,54.152896,2,"3;6"
Root_8119,156.898371,30.233184,4,"0;1;2;6"
Root_8120,393.201453,50.510944,3,"1;2;6"
Root_8121,197.897965,35.562784,3,"0;2;6"
Root_8122,441.304822,55.140544,2,"2;6"
Root_8123,160.453891,31.159104,3,"0;1;6"
Root_8124,399.760653,51.436864,2,"1;6"
Root_8125,203.582733,36.488704,2,"0;6"
Root_8126,448.089942,56.066464,1,"6"
Root_8127,146.198602,26.980118,6,"0;1;2;3;4;5"
Root_8128,372.469539,47.257878,5,"1;2;3;4;5"
Root_8129,182.672182,32.309718,5,"0;2;3;4;5"
Root_8130,417.319843,51.887478,4,"2;3;4;5"
Root_8131,148.376362,27.906038,5,"0;1;3;4;5"
Root_8132,378.576899,48.183798,4,"1;3;4;5"
Root_8133,186.927702,33.235638,4,"0;3;4;5"
Root_8134,423.653123,52.813398,3,"3;4;5"
Root_8135,149.197322,28.893686,5,"0;1;2;4;5"
Root_8136,385.036099,49.171446,4,"1;2;4;5"
Root_8137,191.411606,34.223286,4,"0;2;4;5"
Root_8138,431.799971,53.801046,3,"2;4;5"
Root_8139,153.240214,29.819606,4,"0;1;4;5"
Root_8140,391.369379,50.097366,3,"1;4;5"
Root_8141,196.042253,35.149206,3,"0;4;5"
Root_8142,438.359171,54.726966,2,"4;5"
Root_8143,158.251488,29.202326,5,"0;1;2;3;5"
Root_8144,388.431139,49.480086,4,"1;2;3;5"
Root_8145,195.657440,34.531926,4,"0;2;3;5"
Root_8146,435.503651,54.109686,3,"2;3;5"
Root_8147,161.581088,30.128246,4,"0;1;3;5"
Root_8148,394.764419,50.406006,3,"1;3;5"
Root_8149,199.670806,35.457846,3,"0;3;5"
Root_8150,442.062851,55.035606,2,"3;5"
Root_8151,165.077344,31.115894,4,"0;1;2;5"
Root_8152,402.911267,51.393654,3,"1;2;5"
Root_8153,206.733347,36.445494,3,"0;2;5"
Root_8154,451.897347,56.023254,2,"2;5"
Root_8155,168.632864,32.041814,3,"0;1;5"
Root_8156,409.470467,52.319574,2,"1;5"
Root_8157,213.292547,37.371414,2,"0;5"
Root_8158,458.682467,56.949174,1,"5"
Root_8159,151.822163,28.523318,5,"0;1;2;3;4"
Root_8160,381.332419,48.801078,4,"1;2;3;4"
Root_8161,188.448662,33.852918,4,"0;2;3;4"
Root_8162,427.725923,53.430678,3,"2;3;4"
Root_8163,156.998400,29.449238,4,"0;1;3;4"
Root_8164,389.765699,49.726998,3,"1;3;4"
Root_8165,195.030102,34.778838,3,"0;3;4"
Root_8166,435.685123,54.356598,2,"3;4"
Root_8167,157.324288,30.436886,4,"0;1;2;4"
Root_8168,395.442179,50.714646,3,"1;2;4"
Root_8169,199.497773,35.766486,3,"0;2;4"
Root_8170,443.749251,55.344246,2,"2;4"
Root_8171,162.979808,31.362806,3,"0;1;4"
Root_8172,403.401379,51.640566,2,"1;4"
Root_8173,207.223459,36.692406,2,"0;4"
Root_8174,451.234371,56.270166,1,"4"
Root_8175,164.739242,30.745526,4,"0;1;2;3"
Root_8176,398.837219,51.023286,3,"1;2;3"
Root_8177,202.659299,36.075126,3,"0;2;3"
Root_8178,447.452931,55.652886,2,"2;3"
Root_8179,173.668842,31.671446,3,"0;1;3"
Root_8180,409.596419,51.949206,2,"1;3"
Root_8181,213.418499,37.001046,2,"0;3"
Root_8182,456.338051,56.578806,1,"3"
Root_8183,171.194730,32.659094,3,"0;1;2"
Root_8184,414.860547,52.936854,2,"1;2"
Root_8185,218.682627,37.988694,2,"0;2"
Root_8186,465.389827,57.566454,1,"2"
Root_8187,180.235264,33.585014,2,"0;1"
Root_8188,424.445667,53.862774,1,"1"
Root_8189,245.067747,38.914614,1,"0"
Root_8190,472.400867,58.492374,0,""
