Node Name,Lower Bound,Completion Time,Unassigned Count,Unassigned Parts
Root_0,261.810982,27.177760,13,"1;2;3;4;5;6;7;8;9;10;11;12;13"
Root_1,77.097542,12.229600,13,"0;2;3;4;5;6;7;8;9;10;11;12;13"
Root_2,291.189840,31.807360,12,"2;3;4;5;6;7;8;9;10;11;12;13"
Root_3,28.912634,5.025920,13,"0;1;3;4;5;6;7;8;9;10;11;12;13"
Root_4,259.336902,28.103680,12,"1;3;4;5;6;7;8;9;10;11;12;13"
Root_5,77.097542,13.155520,12,"0;3;4;5;6;7;8;9;10;11;12;13"
Root_6,288.715760,32.733280,11,"3;4;5;6;7;8;9;10;11;12;13"
Root_7,53.169498,8.813568,13,"0;1;2;4;5;6;7;8;9;10;11;12;13"
Root_8,262.731942,29.091328,12,"1;2;4;5;6;7;8;9;10;11;12;13"
Root_9,82.578982,14.143168,12,"0;2;4;5;6;7;8;9;10;11;12;13"
Root_10,292.831728,33.720928,11,"2;4;5;6;7;8;9;10;11;12;13"
Root_11,53.169498,9.739488,12,"0;1;4;5;6;7;8;9;10;11;12;13"
Root_12,261.183782,30.017248,11,"1;4;5;6;7;8;9;10;11;12;13"
Root_13,81.109894,15.069088,11,"0;4;5;6;7;8;9;10;11;12;13"
Root_14,292.209488,34.646848,10,"4;5;6;7;8;9;10;11;12;13"
Root_15,40.443110,7.722208,13,"0;1;2;3;5;6;7;8;9;10;11;12;13"
Root_16,264.892422,29.399968,12,"1;2;3;5;6;7;8;9;10;11;12;13"
Root_17,78.875270,14.451808,12,"0;2;3;5;6;7;8;9;10;11;12;13"
Root_18,295.300848,34.029568,11,"2;3;5;6;7;8;9;10;11;12;13"
Root_19,41.369030,8.648128,12,"0;1;3;5;6;7;8;9;10;11;12;13"
Root_20,263.344262,30.325888,11,"1;3;5;6;7;8;9;10;11;12;13"
Root_21,77.097542,15.377728,11,"0;3;5;6;7;8;9;10;11;12;13"
Root_22,294.678608,34.955488,10,"3;5;6;7;8;9;10;11;12;13"
Root_23,53.169498,11.035776,12,"0;1;2;5;6;7;8;9;10;11;12;13"
Root_24,267.726950,31.313536,11,"1;2;5;6;7;8;9;10;11;12;13"
Root_25,83.406182,16.365376,11,"0;2;5;6;7;8;9;10;11;12;13"
Root_26,300.048944,35.943136,10,"2;5;6;7;8;9;10;11;12;13"
Root_27,53.169498,11.961696,11,"0;1;5;6;7;8;9;10;11;12;13"
Root_28,267.104710,32.239456,10,"1;5;6;7;8;9;10;11;12;13"
Root_29,80.006182,17.291296,10,"0;5;6;7;8;9;10;11;12;13"
Root_30,300.352624,36.869056,9,"5;6;7;8;9;10;11;12;13"
Root_31,39.512442,6.343200,13,"0;1;2;3;4;6;7;8;9;10;11;12;13"
Root_32,262.467782,28.720960,12,"1;2;3;4;6;7;8;9;10;11;12;13"
Root_33,84.745584,13.772800,12,"0;2;3;4;6;7;8;9;10;11;12;13"
Root_34,290.918160,33.350560,11,"2;3;4;6;7;8;9;10;11;12;13"
Root_35,39.811162,7.269120,12,"0;1;3;4;6;7;8;9;10;11;12;13"
Root_36,259.993702,29.646880,11,"1;3;4;6;7;8;9;10;11;12;13"
Root_37,83.646864,14.698720,11,"0;3;4;6;7;8;9;10;11;12;13"
Root_38,290.295920,34.276480,10,"3;4;6;7;8;9;10;11;12;13"
Root_39,56.255898,10.356768,12,"0;1;2;4;6;7;8;9;10;11;12;13"
Root_40,263.652902,30.634528,11,"1;2;4;6;7;8;9;10;11;12;13"
Root_41,90.325872,15.686368,11,"0;2;4;6;7;8;9;10;11;12;13"
Root_42,295.295888,35.264128,10,"2;4;6;7;8;9;10;11;12;13"
Root_43,56.255898,11.282688,11,"0;1;4;6;7;8;9;10;11;12;13"
Root_44,263.030662,31.560448,10,"1;4;6;7;8;9;10;11;12;13"
Root_45,87.313584,16.612288,10,"0;4;6;7;8;9;10;11;12;13"
Root_46,295.599568,36.190048,9,"4;6;7;8;9;10;11;12;13"
Root_47,46.846170,9.265408,12,"0;1;2;3;6;7;8;9;10;11;12;13"
Root_48,265.813382,30.943168,11,"1;2;3;6;7;8;9;10;11;12;13"
Root_49,85.943152,15.995008,11,"0;2;3;6;7;8;9;10;11;12;13"
Root_50,297.765008,35.572768,10,"2;3;6;7;8;9;10;11;12;13"
Root_51,46.846170,10.191328,11,"0;1;3;6;7;8;9;10;11;12;13"
Root_52,265.191142,31.869088,10,"1;3;6;7;8;9;10;11;12;13"
Root_53,82.622224,16.920928,10,"0;3;6;7;8;9;10;11;12;13"
Root_54,298.068688,36.498688,9,"3;6;7;8;9;10;11;12;13"
Root_55,56.255898,12.578976,11,"0;1;2;6;7;8;9;10;11;12;13"
Root_56,270.191110,32.856736,10,"1;2;6;7;8;9;10;11;12;13"
Root_57,89.609872,17.908576,10,"0;2;6;7;8;9;10;11;12;13"
Root_58,304.056304,37.486336,9,"2;6;7;8;9;10;11;12;13"
Root_59,56.255898,13.504896,10,"0;1;6;7;8;9;10;11;12;13"
Root_60,270.494790,33.782656,9,"1;6;7;8;9;10;11;12;13"
Root_61,87.044368,18.834496,9,"0;6;7;8;9;10;11;12;13"
Root_62,305.285904,38.412256,8,"6;7;8;9;10;11;12;13"
Root_63,43.204726,7.225910,13,"0;1;2;3;4;5;7;8;9;10;11;12;13"
Root_64,266.522042,29.603670,12,"1;2;3;4;5;7;8;9;10;11;12;13"
Root_65,89.134317,14.655510,12,"0;2;3;4;5;7;8;9;10;11;12;13"
Root_66,297.134170,34.233270,11,"2;3;4;5;7;8;9;10;11;12;13"
Root_67,43.861821,8.151830,12,"0;1;3;4;5;7;8;9;10;11;12;13"
Root_68,264.973882,30.529590,11,"1;3;4;5;7;8;9;10;11;12;13"
Root_69,87.152886,15.581430,11,"0;3;4;5;7;8;9;10;11;12;13"
Root_70,296.511930,35.159190,10,"3;4;5;7;8;9;10;11;12;13"
Root_71,58.549661,11.239478,12,"0;1;2;4;5;7;8;9;10;11;12;13"
Root_72,269.356570,31.517238,11,"1;2;4;5;7;8;9;10;11;12;13"
Root_73,93.831894,16.569078,11,"0;2;4;5;7;8;9;10;11;12;13"
Root_74,301.882266,36.146838,10,"2;4;5;7;8;9;10;11;12;13"
Root_75,58.549661,12.165398,11,"0;1;4;5;7;8;9;10;11;12;13"
Root_76,268.734330,32.443158,10,"1;4;5;7;8;9;10;11;12;13"
Root_77,90.431894,17.494998,10,"0;4;5;7;8;9;10;11;12;13"
Root_78,302.185946,37.072758,9,"4;5;7;8;9;10;11;12;13"
Root_79,46.846170,10.148118,12,"0;1;2;3;5;7;8;9;10;11;12;13"
Root_80,271.825690,31.825878,11,"1;2;3;5;7;8;9;10;11;12;13"
Root_81,89.449174,16.877718,11,"0;2;3;5;7;8;9;10;11;12;13"
Root_82,304.660026,36.455478,10,"2;3;5;7;8;9;10;11;12;13"
Root_83,46.846170,11.074038,11,"0;1;3;5;7;8;9;10;11;12;13"
Root_84,271.203450,32.751798,10,"1;3;5;7;8;9;10;11;12;13"
Root_85,86.049174,17.803638,10,"0;3;5;7;8;9;10;11;12;13"
Root_86,304.963706,37.381398,9,"3;5;7;8;9;10;11;12;13"
Root_87,59.337267,13.461686,11,"0;1;2;5;7;8;9;10;11;12;13"
Root_88,276.573786,33.739446,10,"1;2;5;7;8;9;10;11;12;13"
Root_89,93.024470,18.791286,10,"0;2;5;7;8;9;10;11;12;13"
Root_90,311.321690,38.369046,9,"2;5;7;8;9;10;11;12;13"
Root_91,58.549661,14.387606,10,"0;1;5;7;8;9;10;11;12;13"
Root_92,276.877466,34.665366,9,"1;5;7;8;9;10;11;12;13"
Root_93,90.550390,19.717206,9,"0;5;7;8;9;10;11;12;13"
Root_94,312.551290,39.294966,8,"5;7;8;9;10;11;12;13"
Root_95,45.207645,8.769110,12,"0;1;2;3;4;7;8;9;10;11;12;13"
Root_96,267.443002,31.146870,11,"1;2;3;4;7;8;9;10;11;12;13"
Root_97,97.220928,16.198710,11,"0;2;3;4;7;8;9;10;11;12;13"
Root_98,299.598330,35.776470,10,"2;3;4;7;8;9;10;11;12;13"
Root_99,45.207645,9.695030,11,"0;1;3;4;7;8;9;10;11;12;13"
Root_100,266.820762,32.072790,10,"1;3;4;7;8;9;10;11;12;13"
Root_101,93.820928,17.124630,10,"0;3;4;7;8;9;10;11;12;13"
Root_102,299.902010,36.702390,9,"3;4;7;8;9;10;11;12;13"
Root_103,63.863008,12.782678,11,"0;1;2;4;7;8;9;10;11;12;13"
Root_104,271.820730,33.060438,10,"1;2;4;7;8;9;10;11;12;13"
Root_105,100.683946,18.112278,10,"0;2;4;7;8;9;10;11;12;13"
Root_106,305.889626,37.690038,9,"2;4;7;8;9;10;11;12;13"
Root_107,63.754410,13.708598,10,"0;1;4;7;8;9;10;11;12;13"
Root_108,272.124410,33.986358,9,"1;4;7;8;9;10;11;12;13"
Root_109,97.283946,19.038198,9,"0;4;7;8;9;10;11;12;13"
Root_110,307.119226,38.615958,8,"4;7;8;9;10;11;12;13"
Root_111,50.107645,11.691318,11,"0;1;2;3;7;8;9;10;11;12;13"
Root_112,274.289850,33.369078,10,"1;2;3;7;8;9;10;11;12;13"
Root_113,96.722144,18.420918,10,"0;2;3;7;8;9;10;11;12;13"
Root_114,308.667386,37.998678,9,"2;3;7;8;9;10;11;12;13"
Root_115,50.107645,12.617238,10,"0;1;3;7;8;9;10;11;12;13"
Root_116,274.593530,34.294998,9,"1;3;7;8;9;10;11;12;13"
Root_117,94.248064,19.346838,9,"0;3;7;8;9;10;11;12;13"
Root_118,309.896986,38.924598,8,"3;7;8;9;10;11;12;13"
Root_119,66.050698,15.004886,10,"0;1;2;7;8;9;10;11;12;13"
Root_120,280.581146,35.282646,9,"1;2;7;8;9;10;11;12;13"
Root_121,99.876522,20.334486,9,"0;2;7;8;9;10;11;12;13"
Root_122,316.872250,39.912246,8,"2;7;8;9;10;11;12;13"
Root_123,63.719891,15.930806,9,"0;1;7;8;9;10;11;12;13"
Root_124,281.810746,36.208566,8,"1;7;8;9;10;11;12;13"
Root_125,97.402442,21.260406,8,"0;7;8;9;10;11;12;13"
Root_126,319.027770,40.838166,7,"7;8;9;10;11;12;13"
Root_127,57.661734,9.924672,13,"0;1;2;3;4;5;6;8;9;10;11;12;13"
Root_128,272.342992,30.202432,12,"1;2;3;4;5;6;8;9;10;11;12;13"
Root_129,94.455494,15.254272,12,"0;2;3;4;5;6;8;9;10;11;12;13"
Root_130,303.553882,34.832032,11,"2;3;4;5;6;8;9;10;11;12;13"
Root_131,57.661734,10.850592,12,"0;1;3;4;5;6;8;9;10;11;12;13"
Root_132,270.794832,31.128352,11,"1;3;4;5;6;8;9;10;11;12;13"
Root_133,91.875302,16.180192,11,"0;3;4;5;6;8;9;10;11;12;13"
Root_134,302.931642,35.757952,10,"3;4;5;6;8;9;10;11;12;13"
Root_135,60.933350,11.838240,12,"0;1;2;4;5;6;8;9;10;11;12;13"
Root_136,275.177520,32.116000,11,"1;2;4;5;6;8;9;10;11;12;13"
Root_137,98.554310,17.167840,11,"0;2;4;5;6;8;9;10;11;12;13"
Root_138,308.301978,36.745600,10,"2;4;5;6;8;9;10;11;12;13"
Root_139,60.933350,12.764160,11,"0;1;4;5;6;8;9;10;11;12;13"
Root_140,274.555280,33.041920,10,"1;4;5;6;8;9;10;11;12;13"
Root_141,95.154310,18.093760,10,"0;4;5;6;8;9;10;11;12;13"
Root_142,308.605658,37.671520,9,"4;5;6;8;9;10;11;12;13"
Root_143,57.661734,12.146880,12,"0;1;2;3;5;6;8;9;10;11;12;13"
Root_144,277.646640,32.424640,11,"1;2;3;5;6;8;9;10;11;12;13"
Root_145,94.171590,17.476480,11,"0;2;3;5;6;8;9;10;11;12;13"
Root_146,311.079738,37.054240,10,"2;3;5;6;8;9;10;11;12;13"
Root_147,57.661734,13.072800,11,"0;1;3;5;6;8;9;10;11;12;13"
Root_148,277.024400,33.350560,10,"1;3;5;6;8;9;10;11;12;13"
Root_149,91.173990,18.402400,10,"0;3;5;6;8;9;10;11;12;13"
Root_150,311.383418,37.980160,9,"3;5;6;8;9;10;11;12;13"
Root_151,62.319718,14.060448,11,"0;1;2;5;6;8;9;10;11;12;13"
Root_152,282.394736,34.338208,10,"1;2;5;6;8;9;10;11;12;13"
Root_153,97.746886,19.390048,10,"0;2;5;6;8;9;10;11;12;13"
Root_154,317.741402,38.967808,9,"2;5;6;8;9;10;11;12;13"
Root_155,60.933350,14.986368,10,"0;1;5;6;8;9;10;11;12;13"
Root_156,282.698416,35.264128,9,"1;5;6;8;9;10;11;12;13"
Root_157,95.272806,20.315968,9,"0;5;6;8;9;10;11;12;13"
Root_158,318.971002,39.893728,8,"5;6;8;9;10;11;12;13"
Root_159,63.735866,11.467872,12,"0;1;2;3;4;6;8;9;10;11;12;13"
Root_160,273.263952,31.745632,11,"1;2;3;4;6;8;9;10;11;12;13"
Root_161,101.893744,16.797472,11,"0;2;3;4;6;8;9;10;11;12;13"
Root_162,306.018042,36.375232,10,"2;3;4;6;8;9;10;11;12;13"
Root_163,63.735866,12.393792,11,"0;1;3;4;6;8;9;10;11;12;13"
Root_164,272.641712,32.671552,10,"1;3;4;6;8;9;10;11;12;13"
Root_165,98.493744,17.723392,10,"0;3;4;6;8;9;10;11;12;13"
Root_166,306.321722,37.301152,9,"3;4;6;8;9;10;11;12;13"
Root_167,68.455578,13.381440,11,"0;1;2;4;6;8;9;10;11;12;13"
Root_168,277.641680,33.659200,10,"1;2;4;6;8;9;10;11;12;13"
Root_169,104.758000,18.711040,10,"0;2;4;6;8;9;10;11;12;13"
Root_170,312.309338,38.288800,9,"2;4;6;8;9;10;11;12;13"
Root_171,67.748218,14.307360,10,"0;1;4;6;8;9;10;11;12;13"
Root_172,277.945360,34.585120,9,"1;4;6;8;9;10;11;12;13"
Root_173,101.358000,19.636960,9,"0;4;6;8;9;10;11;12;13"
Root_174,313.538938,39.214720,8,"4;6;8;9;10;11;12;13"
Root_175,64.751866,13.690080,11,"0;1;2;3;6;8;9;10;11;12;13"
Root_176,280.110800,33.967840,10,"1;2;3;6;8;9;10;11;12;13"
Root_177,101.394960,19.019680,10,"0;2;3;6;8;9;10;11;12;13"
Root_178,315.087098,38.597440,9,"2;3;6;8;9;10;11;12;13"
Root_179,63.735866,14.616000,10,"0;1;3;6;8;9;10;11;12;13"
Root_180,280.414480,34.893760,9,"1;3;6;8;9;10;11;12;13"
Root_181,98.920880,19.945600,9,"0;3;6;8;9;10;11;12;13"
Root_182,316.316698,39.523360,8,"3;6;8;9;10;11;12;13"
Root_183,70.044506,15.603648,10,"0;1;2;6;8;9;10;11;12;13"
Root_184,286.402096,35.881408,9,"1;2;6;8;9;10;11;12;13"
Root_185,103.950576,20.933248,9,"0;2;6;8;9;10;11;12;13"
Root_186,323.291962,40.511008,8,"2;6;8;9;10;11;12;13"
Root_187,67.114938,16.529568,9,"0;1;6;8;9;10;11;12;13"
Root_188,287.631696,36.807328,8,"1;6;8;9;10;11;12;13"
Root_189,101.476496,21.859168,8,"0;6;8;9;10;11;12;13"
Root_190,325.447482,41.436928,7,"6;8;9;10;11;12;13"
Root_191,67.606186,12.350582,12,"0;1;2;3;4;5;8;9;10;11;12;13"
Root_192,279.479962,32.628342,11,"1;2;3;4;5;8;9;10;11;12;13"
Root_193,105.764064,17.680182,11,"0;2;3;4;5;8;9;10;11;12;13"
Root_194,313.116762,37.257942,10,"2;3;4;5;8;9;10;11;12;13"
Root_195,67.606186,13.276502,11,"0;1;3;4;5;8;9;10;11;12;13"
Root_196,278.857722,33.554262,10,"1;3;4;5;8;9;10;11;12;13"
Root_197,102.364064,18.606102,10,"0;3;4;5;8;9;10;11;12;13"
Root_198,313.420442,38.183862,9,"3;4;5;8;9;10;11;12;13"
Root_199,73.208608,14.264150,11,"0;1;2;4;5;8;9;10;11;12;13"
Root_200,284.228058,34.541910,10,"1;2;4;5;8;9;10;11;12;13"
Root_201,107.745610,19.593750,10,"0;2;4;5;8;9;10;11;12;13"
Root_202,319.778426,39.171510,9,"2;4;5;8;9;10;11;12;13"
Root_203,71.618538,15.190070,10,"0;1;4;5;8;9;10;11;12;13"
Root_204,284.531738,35.467830,9,"1;4;5;8;9;10;11;12;13"
Root_205,104.345610,20.519670,9,"0;4;5;8;9;10;11;12;13"
Root_206,321.008026,40.097430,8,"4;5;8;9;10;11;12;13"
Root_207,69.504896,14.572790,11,"0;1;2;3;5;8;9;10;11;12;13"
Root_208,287.005818,34.850550,10,"1;2;3;5;8;9;10;11;12;13"
Root_209,105.333078,19.902390,10,"0;2;3;5;8;9;10;11;12;13"
Root_210,322.864826,39.480150,9,"2;3;5;8;9;10;11;12;13"
Root_211,67.606186,15.498710,10,"0;1;3;5;8;9;10;11;12;13"
Root_212,287.309498,35.776470,9,"1;3;5;8;9;10;11;12;13"
Root_213,102.858998,20.828310,9,"0;3;5;8;9;10;11;12;13"
Root_214,324.094426,40.406070,8,"3;5;8;9;10;11;12;13"
Root_215,73.914826,16.486358,10,"0;1;2;5;8;9;10;11;12;13"
Root_216,293.667482,36.764118,9,"1;2;5;8;9;10;11;12;13"
Root_217,107.005984,21.815958,9,"0;2;5;8;9;10;11;12;13"
Root_218,331.440058,41.393718,8,"2;5;8;9;10;11;12;13"
Root_219,70.514826,17.412278,9,"0;1;5;8;9;10;11;12;13"
Root_220,294.897082,37.690038,8,"1;5;8;9;10;11;12;13"
Root_221,104.531904,22.741878,8,"0;5;8;9;10;11;12;13"
Root_222,333.595578,42.319638,7,"5;8;9;10;11;12;13"
Root_223,75.122240,13.893782,11,"0;1;2;3;4;8;9;10;11;12;13"
Root_224,281.944122,34.171542,10,"1;2;3;4;8;9;10;11;12;13"
Root_225,112.344288,19.223382,10,"0;2;3;4;8;9;10;11;12;13"
Root_226,317.124122,38.801142,9,"2;3;4;8;9;10;11;12;13"
Root_227,73.902538,14.819702,10,"0;1;3;4;8;9;10;11;12;13"
Root_228,282.247802,35.097462,9,"1;3;4;8;9;10;11;12;13"
Root_229,108.944288,20.149302,9,"0;3;4;8;9;10;11;12;13"
Root_230,318.353722,39.727062,8,"3;4;8;9;10;11;12;13"
Root_231,80.581546,15.807350,10,"0;1;2;4;8;9;10;11;12;13"
Root_232,288.235418,36.085110,9,"1;2;4;8;9;10;11;12;13"
Root_233,112.782634,21.136950,9,"0;2;4;8;9;10;11;12;13"
Root_234,325.328986,40.714710,8,"2;4;8;9;10;11;12;13"
Root_235,77.448275,16.733270,9,"0;1;4;8;9;10;11;12;13"
Root_236,289.465018,37.011030,8,"1;4;8;9;10;11;12;13"
Root_237,109.382634,22.062870,8,"0;4;8;9;10;11;12;13"
Root_238,327.484506,41.640630,7,"4;8;9;10;11;12;13"
Root_239,76.198826,16.115990,10,"0;1;2;3;8;9;10;11;12;13"
Root_240,291.013178,36.393750,9,"1;2;3;8;9;10;11;12;13"
Root_241,112.462784,21.445590,9,"0;2;3;8;9;10;11;12;13"
Root_242,328.415386,41.023350,8,"2;3;8;9;10;11;12;13"
Root_243,72.798826,17.041910,9,"0;1;3;8;9;10;11;12;13"
Root_244,292.242778,37.319670,8,"1;3;8;9;10;11;12;13"
Root_245,109.988704,22.371510,8,"0;3;8;9;10;11;12;13"
Root_246,330.570906,41.949270,7,"3;8;9;10;11;12;13"
Root_247,79.774122,18.029558,9,"0;1;2;8;9;10;11;12;13"
Root_248,299.218042,38.307318,8,"1;2;8;9;10;11;12;13"
Root_249,112.951648,23.359158,8,"0;2;8;9;10;11;12;13"
Root_250,338.533818,42.936918,7,"2;8;9;10;11;12;13"
Root_251,77.300042,18.955478,8,"0;1;8;9;10;11;12;13"
Root_252,301.373562,39.233238,7,"1;8;9;10;11;12;13"
Root_253,111.403488,24.285078,7,"0;8;9;10;11;12;13"
Root_254,341.615258,43.862838,6,"8;9;10;11;12;13"
Root_255,40.912634,8.729600,13,"0;1;2;3;4;5;6;7;9;10;11;12;13"
Root_256,289.997200,31.807360,12,"1;2;3;4;5;6;7;9;10;11;12;13"
Root_257,105.572592,16.859200,12,"0;2;3;4;5;6;7;9;10;11;12;13"
Root_258,322.813018,36.436960,11,"2;3;4;5;6;7;9;10;11;12;13"
Root_259,40.912634,9.655520,12,"0;1;3;4;5;6;7;9;10;11;12;13"
Root_260,288.449040,32.733280,11,"1;3;4;5;6;7;9;10;11;12;13"
Root_261,102.172592,17.785120,11,"0;3;4;5;6;7;9;10;11;12;13"
Root_262,322.190778,37.362880,10,"3;4;5;6;7;9;10;11;12;13"
Root_263,69.027034,13.443168,12,"0;1;2;4;5;6;7;9;10;11;12;13"
Root_264,292.831728,33.720928,11,"1;2;4;5;6;7;9;10;11;12;13"
Root_265,108.375120,18.772768,11,"0;2;4;5;6;7;9;10;11;12;13"
Root_266,327.561114,38.350528,10,"2;4;5;6;7;9;10;11;12;13"
Root_267,68.257946,14.369088,11,"0;1;4;5;6;7;9;10;11;12;13"
Root_268,292.209488,34.646848,10,"1;4;5;6;7;9;10;11;12;13"
Root_269,104.975120,19.698688,10,"0;4;5;6;7;9;10;11;12;13"
Root_270,327.864794,39.276448,9,"4;5;6;7;9;10;11;12;13"
Root_271,51.691302,12.351808,12,"0;1;2;3;5;6;7;9;10;11;12;13"
Root_272,295.300848,34.029568,11,"1;2;3;5;6;7;9;10;11;12;13"
Root_273,105.073808,19.081408,11,"0;2;3;5;6;7;9;10;11;12;13"
Root_274,330.338874,38.659168,10,"2;3;5;6;7;9;10;11;12;13"
Root_275,51.691302,13.277728,11,"0;1;3;5;6;7;9;10;11;12;13"
Root_276,294.678608,34.955488,10,"1;3;5;6;7;9;10;11;12;13"
Root_277,102.599728,20.007328,10,"0;3;5;6;7;9;10;11;12;13"
Root_278,330.642554,39.585088,9,"3;5;6;7;9;10;11;12;13"
Root_279,70.554234,15.665376,11,"0;1;2;5;6;7;9;10;11;12;13"
Root_280,300.048944,35.943136,10,"1;2;5;6;7;9;10;11;12;13"
Root_281,107.567696,20.994976,10,"0;2;5;6;7;9;10;11;12;13"
Root_282,337.000538,40.572736,9,"2;5;6;7;9;10;11;12;13"
Root_283,67.562938,16.591296,10,"0;1;5;6;7;9;10;11;12;13"
Root_284,300.352624,36.869056,9,"1;5;6;7;9;10;11;12;13"
Root_285,105.093616,21.920896,9,"0;5;6;7;9;10;11;12;13"
Root_286,338.230138,41.498656,8,"5;6;7;9;10;11;12;13"
Root_287,51.512442,10.972800,12,"0;1;2;3;4;6;7;9;10;11;12;13"
Root_288,290.918160,33.350560,11,"1;2;3;4;6;7;9;10;11;12;13"
Root_289,112.979952,18.402400,11,"0;2;3;4;6;7;9;10;11;12;13"
Root_290,325.277178,37.980160,10,"2;3;4;6;7;9;10;11;12;13"
Root_291,51.512442,11.898720,11,"0;1;3;4;6;7;9;10;11;12;13"
Root_292,290.295920,34.276480,10,"1;3;4;6;7;9;10;11;12;13"
Root_293,109.579952,19.328320,10,"0;3;4;6;7;9;10;11;12;13"
Root_294,325.580858,38.906080,9,"3;4;6;7;9;10;11;12;13"
Root_295,76.751782,14.986368,11,"0;1;2;4;6;7;9;10;11;12;13"
Root_296,295.295888,35.264128,10,"1;2;4;6;7;9;10;11;12;13"
Root_297,114.239280,20.315968,10,"0;2;4;6;7;9;10;11;12;13"
Root_298,331.568474,39.893728,9,"2;4;6;7;9;10;11;12;13"
Root_299,74.439494,15.912288,10,"0;1;4;6;7;9;10;11;12;13"
Root_300,295.599568,36.190048,9,"1;4;6;7;9;10;11;12;13"
Root_301,110.839280,21.241888,9,"0;4;6;7;9;10;11;12;13"
Root_302,332.798074,40.819648,8,"4;6;7;9;10;11;12;13"
Root_303,59.182522,13.895008,11,"0;1;2;3;6;7;9;10;11;12;13"
Root_304,297.765008,35.572768,10,"1;2;3;6;7;9;10;11;12;13"
Root_305,112.789808,20.624608,10,"0;2;3;6;7;9;10;11;12;13"
Root_306,334.346234,40.202368,9,"2;3;6;7;9;10;11;12;13"
Root_307,57.961594,14.820928,10,"0;1;3;6;7;9;10;11;12;13"
Root_308,298.068688,36.498688,9,"1;3;6;7;9;10;11;12;13"
Root_309,110.315728,21.550528,9,"0;3;6;7;9;10;11;12;13"
Root_310,335.575834,41.128288,8,"3;6;7;9;10;11;12;13"
Root_311,76.735782,17.208576,10,"0;1;2;6;7;9;10;11;12;13"
Root_312,304.056304,37.486336,9,"1;2;6;7;9;10;11;12;13"
Root_313,113.740496,22.538176,9,"0;2;6;7;9;10;11;12;13"
Root_314,342.551098,42.115936,8,"2;6;7;9;10;11;12;13"
Root_315,73.470278,18.134496,9,"0;1;6;7;9;10;11;12;13"
Root_316,305.285904,38.412256,8,"1;6;7;9;10;11;12;13"
Root_317,111.730512,23.464096,8,"0;6;7;9;10;11;12;13"
Root_318,344.706618,43.041856,7,"6;7;9;10;11;12;13"
Root_319,54.949216,11.855510,12,"0;1;2;3;4;5;7;9;10;11;12;13"
Root_320,297.134170,34.233270,11,"1;2;3;4;5;7;9;10;11;12;13"
Root_321,116.010912,19.285110,11,"0;2;3;4;5;7;9;10;11;12;13"
Root_322,332.375898,38.862870,10,"2;3;4;5;7;9;10;11;12;13"
Root_323,54.949216,12.781430,11,"0;1;3;4;5;7;9;10;11;12;13"
Root_324,296.511930,35.159190,10,"1;3;4;5;7;9;10;11;12;13"
Root_325,112.610912,20.211030,10,"0;3;4;5;7;9;10;11;12;13"
Root_326,332.679578,39.788790,9,"3;4;5;7;9;10;11;12;13"
Root_327,80.739424,15.869078,11,"0;1;2;4;5;7;9;10;11;12;13"
Root_328,301.882266,36.146838,10,"1;2;4;5;7;9;10;11;12;13"
Root_329,116.387530,21.198678,10,"0;2;4;5;7;9;10;11;12;13"
Root_330,339.037562,40.776438,9,"2;4;5;7;9;10;11;12;13"
Root_331,77.544426,16.794998,10,"0;1;4;5;7;9;10;11;12;13"
Root_332,302.185946,37.072758,9,"1;4;5;7;9;10;11;12;13"
Root_333,112.987530,22.124598,9,"0;4;5;7;9;10;11;12;13"
Root_334,340.267162,41.702358,8,"4;5;7;9;10;11;12;13"
Root_335,63.739392,14.777718,11,"0;1;2;3;5;7;9;10;11;12;13"
Root_336,304.660026,36.455478,10,"1;2;3;5;7;9;10;11;12;13"
Root_337,116.345334,21.507318,10,"0;2;3;5;7;9;10;11;12;13"
Root_338,342.123962,41.085078,9,"2;3;5;7;9;10;11;12;13"
Root_339,61.635754,15.703638,10,"0;1;3;5;7;9;10;11;12;13"
Root_340,304.963706,37.381398,9,"1;3;5;7;9;10;11;12;13"
Root_341,113.871254,22.433238,9,"0;3;5;7;9;10;11;12;13"
Root_342,343.353562,42.010998,8,"3;5;7;9;10;11;12;13"
Root_343,79.932000,18.091286,10,"0;1;2;5;7;9;10;11;12;13"
Root_344,311.321690,38.369046,9,"1;2;5;7;9;10;11;12;13"
Root_345,116.834198,23.420886,9,"0;2;5;7;9;10;11;12;13"
Root_346,350.699194,42.998646,8,"2;5;7;9;10;11;12;13"
Root_347,77.457920,19.017206,9,"0;1;5;7;9;10;11;12;13"
Root_348,312.551290,39.294966,8,"1;5;7;9;10;11;12;13"
Root_349,115.286038,24.346806,8,"0;5;7;9;10;11;12;13"
Root_350,352.854714,43.924566,7,"5;7;9;10;11;12;13"
Root_351,62.570410,13.398710,11,"0;1;2;3;4;7;9;10;11;12;13"
Root_352,299.598330,35.776470,10,"1;2;3;4;7;9;10;11;12;13"
Root_353,122.183712,20.828310,10,"0;2;3;4;7;9;10;11;12;13"
Root_354,336.383258,40.406070,9,"2;3;4;7;9;10;11;12;13"
Root_355,61.845779,14.324630,10,"0;1;3;4;7;9;10;11;12;13"
Root_356,299.902010,36.702390,9,"1;3;4;7;9;10;11;12;13"
Root_357,118.783712,21.754230,9,"0;3;4;7;9;10;11;12;13"
Root_358,337.612858,41.331990,8,"3;4;7;9;10;11;12;13"
Root_359,87.976522,17.412278,10,"0;1;2;4;7;9;10;11;12;13"
Root_360,305.889626,37.690038,9,"1;2;4;7;9;10;11;12;13"
Root_361,121.017130,22.741878,9,"0;2;4;7;9;10;11;12;13"
Root_362,344.588122,42.319638,8,"2;4;7;9;10;11;12;13"
Root_363,84.576522,18.338198,9,"0;1;4;7;9;10;11;12;13"
Root_364,307.119226,38.615958,8,"1;4;7;9;10;11;12;13"
Root_365,118.284928,23.667798,8,"0;4;7;9;10;11;12;13"
Root_366,346.743642,43.245558,7,"4;7;9;10;11;12;13"
Root_367,70.228394,16.320918,10,"0;1;2;3;7;9;10;11;12;13"
Root_368,308.667386,37.998678,9,"1;2;3;7;9;10;11;12;13"
Root_369,122.240480,23.050518,9,"0;2;3;7;9;10;11;12;13"
Root_370,347.674522,42.628278,8,"2;3;7;9;10;11;12;13"
Root_371,66.828394,17.246838,9,"0;1;3;7;9;10;11;12;13"
Root_372,309.896986,38.924598,8,"1;3;7;9;10;11;12;13"
Root_373,119.766400,23.976438,8,"0;3;7;9;10;11;12;13"
Root_374,349.830042,43.554198,7,"3;7;9;10;11;12;13"
Root_375,87.169098,19.634486,9,"0;1;2;7;9;10;11;12;13"
Root_376,316.872250,39.912246,8,"1;2;7;9;10;11;12;13"
Root_377,122.791072,24.964086,8,"0;2;7;9;10;11;12;13"
Root_378,357.792954,44.541846,7,"2;7;9;10;11;12;13"
Root_379,84.695018,20.560406,8,"0;1;7;9;10;11;12;13"
Root_380,319.027770,40.838166,7,"1;7;9;10;11;12;13"
Root_381,121.242912,25.890006,7,"0;7;9;10;11;12;13"
Root_382,360.874394,45.467766,6,"7;9;10;11;12;13"
Root_383,80.780090,14.554272,12,"0;1;2;3;4;5;6;9;10;11;12;13"
Root_384,303.553882,34.832032,11,"1;2;3;4;5;6;9;10;11;12;13"
Root_385,121.788538,19.883872,11,"0;2;3;4;5;6;9;10;11;12;13"
Root_386,339.394371,39.461632,10,"2;3;4;5;6;9;10;11;12;13"
Root_387,78.899898,15.480192,11,"0;1;3;4;5;6;9;10;11;12;13"
Root_388,302.931642,35.757952,10,"1;3;4;5;6;9;10;11;12;13"
Root_389,118.388538,20.809792,10,"0;3;4;5;6;9;10;11;12;13"
Root_390,339.698051,40.387552,9,"3;4;5;6;9;10;11;12;13"
Root_391,85.578906,16.467840,11,"0;1;2;4;5;6;9;10;11;12;13"
Root_392,308.301978,36.745600,10,"1;2;4;5;6;9;10;11;12;13"
Root_393,121.566394,21.797440,10,"0;2;4;5;6;9;10;11;12;13"
Root_394,346.056035,41.375200,9,"2;4;5;6;9;10;11;12;13"
Root_395,82.178906,17.393760,10,"0;1;4;5;6;9;10;11;12;13"
Root_396,308.605658,37.671520,9,"1;4;5;6;9;10;11;12;13"
Root_397,118.166394,22.723360,9,"0;4;5;6;9;10;11;12;13"
Root_398,347.285635,42.301120,8,"4;5;6;9;10;11;12;13"
Root_399,81.196186,16.776480,11,"0;1;2;3;5;6;9;10;11;12;13"
Root_400,311.079738,37.054240,10,"1;2;3;5;6;9;10;11;12;13"
Root_401,122.215674,22.106080,10,"0;2;3;5;6;9;10;11;12;13"
Root_402,349.142435,41.683840,9,"2;3;5;6;9;10;11;12;13"
Root_403,77.796186,17.702400,10,"0;1;3;5;6;9;10;11;12;13"
Root_404,311.383418,37.980160,9,"1;3;5;6;9;10;11;12;13"
Root_405,119.741594,23.032000,9,"0;3;5;6;9;10;11;12;13"
Root_406,350.372035,42.609760,8,"3;5;6;9;10;11;12;13"
Root_407,84.771482,18.690048,10,"0;1;2;5;6;9;10;11;12;13"
Root_408,317.741402,38.967808,9,"1;2;5;6;9;10;11;12;13"
Root_409,122.704538,24.019648,9,"0;2;5;6;9;10;11;12;13"
Root_410,357.717667,43.597408,8,"2;5;6;9;10;11;12;13"
Root_411,82.297402,19.615968,9,"0;1;5;6;9;10;11;12;13"
Root_412,318.971002,39.893728,8,"1;5;6;9;10;11;12;13"
Root_413,121.156378,24.945568,8,"0;5;6;9;10;11;12;13"
Root_414,359.873187,44.523328,7,"5;6;9;10;11;12;13"
Root_415,88.718310,16.097472,11,"0;1;2;3;4;6;9;10;11;12;13"
Root_416,306.018042,36.375232,10,"1;2;3;4;6;9;10;11;12;13"
Root_417,127.393562,21.427072,10,"0;2;3;4;6;9;10;11;12;13"
Root_418,343.401731,41.004832,9,"2;3;4;6;9;10;11;12;13"
Root_419,85.318310,17.023392,10,"0;1;3;4;6;9;10;11;12;13"
Root_420,306.321722,37.301152,9,"1;3;4;6;9;10;11;12;13"
Root_421,123.993562,22.352992,9,"0;3;4;6;9;10;11;12;13"
Root_422,344.631331,41.930752,8,"3;4;6;9;10;11;12;13"
Root_423,92.282566,18.011040,10,"0;1;2;4;6;9;10;11;12;13"
Root_424,312.309338,38.288800,9,"1;2;4;6;9;10;11;12;13"
Root_425,125.968858,23.340640,9,"0;2;4;6;9;10;11;12;13"
Root_426,351.606595,42.918400,8,"2;4;6;9;10;11;12;13"
Root_427,88.882566,18.936960,9,"0;1;4;6;9;10;11;12;13"
Root_428,313.538938,39.214720,8,"1;4;6;9;10;11;12;13"
Root_429,123.494778,24.266560,8,"0;4;6;9;10;11;12;13"
Root_430,353.762115,43.844320,7,"4;6;9;10;11;12;13"
Root_431,88.219526,18.319680,10,"0;1;2;3;6;9;10;11;12;13"
Root_432,315.087098,38.597440,9,"1;2;3;6;9;10;11;12;13"
Root_433,127.512058,23.649280,9,"0;2;3;6;9;10;11;12;13"
Root_434,354.692995,43.227040,8,"2;3;6;9;10;11;12;13"
Root_435,85.745446,19.245600,9,"0;1;3;6;9;10;11;12;13"
Root_436,316.316698,39.523360,8,"1;3;6;9;10;11;12;13"
Root_437,125.037978,24.575200,8,"0;3;6;9;10;11;12;13"
Root_438,356.848515,44.152960,7,"3;6;9;10;11;12;13"
Root_439,91.475142,20.233248,9,"0;1;2;6;9;10;11;12;13"
Root_440,323.291962,40.511008,8,"1;2;6;9;10;11;12;13"
Root_441,128.062650,25.562848,8,"0;2;6;9;10;11;12;13"
Root_442,364.811427,45.140608,7,"2;6;9;10;11;12;13"
Root_443,89.001062,21.159168,8,"0;1;6;9;10;11;12;13"
Root_444,325.447482,41.436928,7,"1;6;9;10;11;12;13"
Root_445,126.514490,26.488768,7,"0;6;9;10;11;12;13"
Root_446,367.892867,46.066528,6,"6;9;10;11;12;13"
Root_447,92.307296,16.980182,11,"0;1;2;3;4;5;9;10;11;12;13"
Root_448,313.116762,37.257942,10,"1;2;3;4;5;9;10;11;12;13"
Root_449,130.331808,22.309782,10,"0;2;3;4;5;9;10;11;12;13"
Root_450,351.383162,41.887542,9,"2;3;4;5;9;10;11;12;13"
Root_451,88.907296,17.906102,10,"0;1;3;4;5;9;10;11;12;13"
Root_452,313.420442,38.183862,9,"1;3;4;5;9;10;11;12;13"
Root_453,126.931808,23.235702,9,"0;3;4;5;9;10;11;12;13"
Root_454,352.612762,42.813462,8,"3;4;5;9;10;11;12;13"
Root_455,94.988842,18.893750,10,"0;1;2;4;5;9;10;11;12;13"
Root_456,319.778426,39.171510,9,"1;2;4;5;9;10;11;12;13"
Root_457,128.907104,24.223350,9,"0;2;4;5;9;10;11;12;13"
Root_458,359.958394,43.801110,8,"2;4;5;9;10;11;12;13"
Root_459,91.588842,19.819670,9,"0;1;4;5;9;10;11;12;13"
Root_460,321.008026,40.097430,8,"1;4;5;9;10;11;12;13"
Root_461,126.433024,25.149270,8,"0;4;5;9;10;11;12;13"
Root_462,362.113914,44.727030,7,"4;5;9;10;11;12;13"
Root_463,91.808512,19.202390,10,"0;1;2;3;5;9;10;11;12;13"
Root_464,322.864826,39.480150,9,"1;2;3;5;9;10;11;12;13"
Root_465,130.758944,24.531990,9,"0;2;3;5;9;10;11;12;13"
Root_466,363.353434,44.109750,8,"2;3;5;9;10;11;12;13"
Root_467,89.334432,20.128310,9,"0;1;3;5;9;10;11;12;13"
Root_468,324.094426,40.406070,8,"1;3;5;9;10;11;12;13"
Root_469,128.284864,25.457910,8,"0;3;5;9;10;11;12;13"
Root_470,365.508954,45.035670,7,"3;5;9;10;11;12;13"
Root_471,94.181418,21.115958,9,"0;1;2;5;9;10;11;12;13"
Root_472,331.440058,41.393718,8,"1;2;5;9;10;11;12;13"
Root_473,131.679904,26.445558,8,"0;2;5;9;10;11;12;13"
Root_474,373.842234,46.023318,7,"2;5;9;10;11;12;13"
Root_475,91.707338,22.041878,8,"0;1;5;9;10;11;12;13"
Root_476,333.595578,42.319638,7,"1;5;9;10;11;12;13"
Root_477,130.503222,27.371478,7,"0;5;9;10;11;12;13"
Root_478,376.923674,46.949238,6,"5;9;10;11;12;13"
Root_479,99.714656,18.523382,10,"0;1;2;3;4;9;10;11;12;13"
Root_480,317.124122,38.801142,9,"1;2;3;4;9;10;11;12;13"
Root_481,133.881290,23.852982,9,"0;2;3;4;9;10;11;12;13"
Root_482,356.933722,43.430742,8,"2;3;4;9;10;11;12;13"
Root_483,96.314656,19.449302,9,"0;1;3;4;9;10;11;12;13"
Root_484,318.353722,39.727062,8,"1;3;4;9;10;11;12;13"
Root_485,130.481290,24.778902,8,"0;3;4;9;10;11;12;13"
Root_486,359.089242,44.356662,7,"3;4;9;10;11;12;13"
Root_487,100.853002,20.436950,9,"0;1;2;4;9;10;11;12;13"
Root_488,325.328986,40.714710,8,"1;2;4;9;10;11;12;13"
Root_489,132.518314,25.766550,8,"0;2;4;9;10;11;12;13"
Root_490,367.052154,45.344310,7,"2;4;9;10;11;12;13"
Root_491,97.453002,21.362870,8,"0;1;4;9;10;11;12;13"
Root_492,327.484506,41.640630,7,"1;4;9;10;11;12;13"
Root_493,130.044234,26.692470,7,"0;4;9;10;11;12;13"
Root_494,370.133594,46.270230,6,"4;9;10;11;12;13"
Root_495,99.524512,20.745590,9,"0;1;2;3;9;10;11;12;13"
Root_496,328.415386,41.023350,8,"1;2;3;9;10;11;12;13"
Root_497,134.061514,26.075190,8,"0;2;3;9;10;11;12;13"
Root_498,370.447194,45.652950,7,"2;3;9;10;11;12;13"
Root_499,97.050432,21.671510,8,"0;1;3;9;10;11;12;13"
Root_500,330.570906,41.949270,7,"1;3;9;10;11;12;13"
Root_501,131.588544,27.001110,7,"0;3;9;10;11;12;13"
Root_502,373.528634,46.578870,6,"3;9;10;11;12;13"
Root_503,100.354218,22.659158,8,"0;1;2;9;10;11;12;13"
Root_504,338.533818,42.936918,7,"1;2;9;10;11;12;13"
Root_505,135.600864,27.988758,7,"0;2;9;10;11;12;13"
Root_506,382.479194,47.566518,6,"2;9;10;11;12;13"
Root_507,98.465216,23.585078,7,"0;1;9;10;11;12;13"
Root_508,341.615258,43.862838,6,"1;9;10;11;12;13"
Root_509,134.978624,28.914678,6,"0;9;10;11;12;13"
Root_510,386.486554,48.492438,5,"9;10;11;12;13"
Root_511,53.190554,9.492576,13,"0;1;2;3;4;5;6;7;8;10;11;12;13"
Root_512,268.022032,29.770336,12,"1;2;3;4;5;6;7;8;10;11;12;13"
Root_513,82.616006,14.822176,12,"0;2;3;4;5;6;7;8;10;11;12;13"
Root_514,298.800826,34.399936,11,"2;3;4;5;6;7;8;10;11;12;13"
Root_515,53.190554,10.418496,12,"0;1;3;4;5;6;7;8;10;11;12;13"
Root_516,266.473872,30.696256,11,"1;3;4;5;6;7;8;10;11;12;13"
Root_517,80.467910,15.748096,11,"0;3;4;5;6;7;8;10;11;12;13"
Root_518,298.178586,35.325856,10,"3;4;5;6;7;8;10;11;12;13"
Root_519,55.984314,11.406144,12,"0;1;2;4;5;6;7;8;10;11;12;13"
Root_520,270.856560,31.683904,11,"1;2;4;5;6;7;8;10;11;12;13"
Root_521,87.146918,16.735744,11,"0;2;4;5;6;7;8;10;11;12;13"
Root_522,303.548922,36.313504,10,"2;4;5;6;7;8;10;11;12;13"
Root_523,55.984314,12.332064,11,"0;1;4;5;6;7;8;10;11;12;13"
Root_524,270.234320,32.609824,10,"1;4;5;6;7;8;10;11;12;13"
Root_525,83.746918,17.661664,10,"0;4;5;6;7;8;10;11;12;13"
Root_526,303.852602,37.239424,9,"4;5;6;7;8;10;11;12;13"
Root_527,53.190554,11.714784,12,"0;1;2;3;5;6;7;8;10;11;12;13"
Root_528,273.325680,31.992544,11,"1;2;3;5;6;7;8;10;11;12;13"
Root_529,82.764198,17.044384,11,"0;2;3;5;6;7;8;10;11;12;13"
Root_530,306.326682,36.622144,10,"2;3;5;6;7;8;10;11;12;13"
Root_531,53.190554,12.640704,11,"0;1;3;5;6;7;8;10;11;12;13"
Root_532,272.703440,32.918464,10,"1;3;5;6;7;8;10;11;12;13"
Root_533,79.364198,17.970304,10,"0;3;5;6;7;8;10;11;12;13"
Root_534,306.630362,37.548064,9,"3;5;6;7;8;10;11;12;13"
Root_535,56.938586,13.628352,11,"0;1;2;5;6;7;8;10;11;12;13"
Root_536,278.073776,33.906112,10,"1;2;5;6;7;8;10;11;12;13"
Root_537,86.339494,18.957952,10,"0;2;5;6;7;8;10;11;12;13"
Root_538,312.988346,38.535712,9,"2;5;6;7;8;10;11;12;13"
Root_539,55.984314,14.554272,10,"0;1;5;6;7;8;10;11;12;13"
Root_540,278.377456,34.832032,9,"1;5;6;7;8;10;11;12;13"
Root_541,83.865414,19.883872,9,"0;5;6;7;8;10;11;12;13"
Root_542,314.217946,39.461632,8,"5;6;7;8;10;11;12;13"
Root_543,55.444730,11.035776,12,"0;1;2;3;4;6;7;8;10;11;12;13"
Root_544,268.942992,31.313536,11,"1;2;3;4;6;7;8;10;11;12;13"
Root_545,90.054256,16.365376,11,"0;2;3;4;6;7;8;10;11;12;13"
Root_546,301.264986,35.943136,10,"2;3;4;6;7;8;10;11;12;13"
Root_547,55.444730,11.961696,11,"0;1;3;4;6;7;8;10;11;12;13"
Root_548,268.320752,32.239456,10,"1;3;4;6;7;8;10;11;12;13"
Root_549,86.654256,17.291296,10,"0;3;4;6;7;8;10;11;12;13"
Root_550,301.568666,36.869056,9,"3;4;6;7;8;10;11;12;13"
Root_551,59.547162,12.949344,11,"0;1;2;4;6;7;8;10;11;12;13"
Root_552,273.320720,33.227104,10,"1;2;4;6;7;8;10;11;12;13"
Root_553,93.350608,18.278944,10,"0;2;4;6;7;8;10;11;12;13"
Root_554,307.556282,37.856704,9,"2;4;6;7;8;10;11;12;13"
Root_555,59.271898,13.875264,10,"0;1;4;6;7;8;10;11;12;13"
Root_556,273.624400,34.153024,9,"1;4;6;7;8;10;11;12;13"
Root_557,89.950608,19.204864,9,"0;4;6;7;8;10;11;12;13"
Root_558,308.785882,38.782624,8,"4;6;7;8;10;11;12;13"
Root_559,56.028634,13.257984,11,"0;1;2;3;6;7;8;10;11;12;13"
Root_560,275.789840,33.535744,10,"1;2;3;6;7;8;10;11;12;13"
Root_561,89.555472,18.587584,10,"0;2;3;6;7;8;10;11;12;13"
Root_562,310.334042,38.165344,9,"2;3;6;7;8;10;11;12;13"
Root_563,55.444730,14.183904,10,"0;1;3;6;7;8;10;11;12;13"
Root_564,276.093520,34.461664,9,"1;3;6;7;8;10;11;12;13"
Root_565,87.081392,19.513504,9,"0;3;6;7;8;10;11;12;13"
Root_566,311.563642,39.091264,8,"3;6;7;8;10;11;12;13"
Root_567,61.568186,15.171552,10,"0;1;2;6;7;8;10;11;12;13"
Root_568,282.081136,35.449312,9,"1;2;6;7;8;10;11;12;13"
Root_569,92.543184,20.501152,9,"0;2;6;7;8;10;11;12;13"
Root_570,318.538906,40.078912,8,"2;6;7;8;10;11;12;13"
Root_571,59.070714,16.097472,9,"0;1;6;7;8;10;11;12;13"
Root_572,283.310736,36.375232,8,"1;6;7;8;10;11;12;13"
Root_573,90.496176,21.427072,8,"0;6;7;8;10;11;12;13"
Root_574,320.694426,41.004832,7,"6;7;8;10;11;12;13"
Root_575,58.092861,11.918486,12,"0;1;2;3;4;5;7;8;10;11;12;13"
Root_576,275.159002,32.196246,11,"1;2;3;4;5;7;8;10;11;12;13"
Root_577,93.560278,17.248086,11,"0;2;3;4;5;7;8;10;11;12;13"
Root_578,308.363706,36.825846,10,"2;3;4;5;7;8;10;11;12;13"
Root_579,58.092861,12.844406,11,"0;1;3;4;5;7;8;10;11;12;13"
Root_580,274.536762,33.122166,10,"1;3;4;5;7;8;10;11;12;13"
Root_581,90.160278,18.174006,10,"0;3;4;5;7;8;10;11;12;13"
Root_582,308.667386,37.751766,9,"3;4;5;7;8;10;11;12;13"
Root_583,63.078003,13.832054,11,"0;1;2;4;5;7;8;10;11;12;13"
Root_584,279.907098,34.109814,10,"1;2;4;5;7;8;10;11;12;13"
Root_585,95.973920,19.161654,10,"0;2;4;5;7;8;10;11;12;13"
Root_586,315.025370,38.739414,9,"2;4;5;7;8;10;11;12;13"
Root_587,61.920029,14.757974,10,"0;1;4;5;7;8;10;11;12;13"
Root_588,280.210778,35.035734,9,"1;4;5;7;8;10;11;12;13"
Root_589,92.573920,20.087574,9,"0;4;5;7;8;10;11;12;13"
Root_590,316.254970,39.665334,8,"4;5;7;8;10;11;12;13"
Root_591,59.559475,14.140694,11,"0;1;2;3;5;7;8;10;11;12;13"
Root_592,282.684858,34.418454,10,"1;2;3;5;7;8;10;11;12;13"
Root_593,93.061494,19.470294,10,"0;2;3;5;7;8;10;11;12;13"
Root_594,318.111770,39.048054,9,"2;3;5;7;8;10;11;12;13"
Root_595,58.092861,15.066614,10,"0;1;3;5;7;8;10;11;12;13"
Root_596,282.988538,35.344374,9,"1;3;5;7;8;10;11;12;13"
Root_597,90.587414,20.396214,9,"0;3;5;7;8;10;11;12;13"
Root_598,319.341370,39.973974,8,"3;5;7;8;10;11;12;13"
Root_599,64.216317,16.054262,10,"0;1;2;5;7;8;10;11;12;13"
Root_600,289.346522,36.332022,9,"1;2;5;7;8;10;11;12;13"
Root_601,95.550358,21.383862,9,"0;2;5;7;8;10;11;12;13"
Root_602,326.687002,40.961622,8,"2;5;7;8;10;11;12;13"
Root_603,60.836134,16.980182,9,"0;1;5;7;8;10;11;12;13"
Root_604,290.576122,37.257942,8,"1;5;7;8;10;11;12;13"
Root_605,94.002198,22.309782,8,"0;5;7;8;10;11;12;13"
Root_606,328.842522,41.887542,7,"5;7;8;10;11;12;13"
Root_607,64.050730,13.461686,11,"0;1;2;3;4;7;8;10;11;12;13"
Root_608,277.623162,33.739446,10,"1;2;3;4;7;8;10;11;12;13"
Root_609,100.782698,18.791286,10,"0;2;3;4;7;8;10;11;12;13"
Root_610,312.371066,38.369046,9,"2;3;4;7;8;10;11;12;13"
Root_611,63.263123,14.387606,10,"0;1;3;4;7;8;10;11;12;13"
Root_612,277.926842,34.665366,9,"1;3;4;7;8;10;11;12;13"
Root_613,97.382698,19.717206,9,"0;3;4;7;8;10;11;12;13"
Root_614,313.600666,39.294966,8,"3;4;7;8;10;11;12;13"
Root_615,69.791434,15.375254,10,"0;1;2;4;7;8;10;11;12;13"
Root_616,283.914458,35.653014,9,"1;2;4;7;8;10;11;12;13"
Root_617,101.653139,20.704854,9,"0;2;4;7;8;10;11;12;13"
Root_618,320.575930,40.282614,8,"2;4;7;8;10;11;12;13"
Root_619,67.090259,16.301174,9,"0;1;4;7;8;10;11;12;13"
Root_620,285.144058,36.578934,8,"1;4;7;8;10;11;12;13"
Root_621,98.883914,21.630774,8,"0;4;7;8;10;11;12;13"
Root_622,322.731450,41.208534,7,"4;7;8;10;11;12;13"
Root_623,65.559411,15.683894,10,"0;1;2;3;7;8;10;11;12;13"
Root_624,286.692218,35.961654,9,"1;2;3;7;8;10;11;12;13"
Root_625,100.636790,21.013494,9,"0;2;3;7;8;10;11;12;13"
Root_626,323.662330,40.591254,8,"2;3;7;8;10;11;12;13"
Root_627,62.549597,16.609814,9,"0;1;3;7;8;10;11;12;13"
Root_628,287.921818,36.887574,8,"1;3;7;8;10;11;12;13"
Root_629,99.088630,21.939414,8,"0;3;7;8;10;11;12;13"
Root_630,325.817850,41.517174,7,"3;7;8;10;11;12;13"
Root_631,69.386547,17.597462,9,"0;1;2;7;8;10;11;12;13"
Root_632,294.897082,37.875222,8,"1;2;7;8;10;11;12;13"
Root_633,103.112160,22.927062,8,"0;2;7;8;10;11;12;13"
Root_634,333.780762,42.504822,7,"2;7;8;10;11;12;13"
Root_635,66.509930,18.523382,8,"0;1;7;8;10;11;12;13"
Root_636,297.052602,38.801142,7,"1;7;8;10;11;12;13"
Root_637,102.416982,23.852982,7,"0;7;8;10;11;12;13"
Root_638,336.862202,43.430742,6,"7;8;10;11;12;13"
Root_639,60.476550,12.517248,12,"0;1;2;3;4;5;6;8;10;11;12;13"
Root_640,281.146618,32.795008,11,"1;2;3;4;5;6;8;10;11;12;13"
Root_641,98.764058,17.846848,11,"0;2;3;4;5;6;8;10;11;12;13"
Root_642,314.950083,37.424608,10,"2;3;4;5;6;8;10;11;12;13"
Root_643,60.476550,13.443168,11,"0;1;3;4;5;6;8;10;11;12;13"
Root_644,280.524378,33.720928,10,"1;3;4;5;6;8;10;11;12;13"
Root_645,95.364058,18.772768,10,"0;3;4;5;6;8;10;11;12;13"
Root_646,315.253763,38.350528,9,"3;4;5;6;8;10;11;12;13"
Root_647,66.060454,14.430816,11,"0;1;2;4;5;6;8;10;11;12;13"
Root_648,285.894714,34.708576,10,"1;2;4;5;6;8;10;11;12;13"
Root_649,100.578938,19.760416,10,"0;2;4;5;6;8;10;11;12;13"
Root_650,321.611747,39.338176,9,"2;4;5;6;8;10;11;12;13"
Root_651,64.303718,15.356736,10,"0;1;4;5;6;8;10;11;12;13"
Root_652,286.198394,35.634496,9,"1;4;5;6;8;10;11;12;13"
Root_653,97.178938,20.686336,9,"0;4;5;6;8;10;11;12;13"
Root_654,322.841347,40.264096,8,"4;5;6;8;10;11;12;13"
Root_655,62.541926,14.739456,11,"0;1;2;3;5;6;8;10;11;12;13"
Root_656,288.672474,35.017216,10,"1;2;3;5;6;8;10;11;12;13"
Root_657,98.499738,20.069056,10,"0;2;3;5;6;8;10;11;12;13"
Root_658,324.698147,39.646816,9,"2;3;5;6;8;10;11;12;13"
Root_659,60.476550,15.665376,10,"0;1;3;5;6;8;10;11;12;13"
Root_660,288.976154,35.943136,9,"1;3;5;6;8;10;11;12;13"
Root_661,96.025658,20.994976,9,"0;3;5;6;8;10;11;12;13"
Root_662,325.927747,40.572736,8,"3;5;6;8;10;11;12;13"
Root_663,66.600006,16.653024,10,"0;1;2;5;6;8;10;11;12;13"
Root_664,295.334138,36.930784,9,"1;2;5;6;8;10;11;12;13"
Root_665,100.988602,21.982624,9,"0;2;5;6;8;10;11;12;13"
Root_666,333.273379,41.560384,8,"2;5;6;8;10;11;12;13"
Root_667,63.200006,17.578944,9,"0;1;5;6;8;10;11;12;13"
Root_668,296.563738,37.856704,8,"1;5;6;8;10;11;12;13"
Root_669,99.440442,22.908544,8,"0;5;6;8;10;11;12;13"
Root_670,335.428899,42.486304,7,"5;6;8;10;11;12;13"
Root_671,68.492602,14.060448,11,"0;1;2;3;4;6;8;10;11;12;13"
Root_672,283.610778,34.338208,10,"1;2;3;4;6;8;10;11;12;13"
Root_673,105.344282,19.390048,10,"0;2;3;4;6;8;10;11;12;13"
Root_674,318.957443,38.967808,9,"2;3;4;6;8;10;11;12;13"
Root_675,67.106234,14.986368,10,"0;1;3;4;6;8;10;11;12;13"
Root_676,283.914458,35.264128,9,"1;3;4;6;8;10;11;12;13"
Root_677,101.944282,20.315968,9,"0;3;4;6;8;10;11;12;13"
Root_678,320.187043,39.893728,8,"3;4;6;8;10;11;12;13"
Root_679,73.785242,15.974016,10,"0;1;2;4;6;8;10;11;12;13"
Root_680,289.902074,36.251776,9,"1;2;4;6;8;10;11;12;13"
Root_681,105.919578,21.303616,9,"0;2;4;6;8;10;11;12;13"
Root_682,327.162307,40.881376,8,"2;4;6;8;10;11;12;13"
Root_683,70.485306,16.899936,9,"0;1;4;6;8;10;11;12;13"
Root_684,291.131674,37.177696,8,"1;4;6;8;10;11;12;13"
Root_685,103.445498,22.229536,8,"0;4;6;8;10;11;12;13"
Root_686,329.317827,41.807296,7,"4;6;8;10;11;12;13"
Root_687,69.402522,16.282656,10,"0;1;2;3;6;8;10;11;12;13"
Root_688,292.679834,36.560416,9,"1;2;3;6;8;10;11;12;13"
Root_689,106.075034,21.612256,9,"0;2;3;6;8;10;11;12;13"
Root_690,330.248707,41.190016,8,"2;3;6;8;10;11;12;13"
Root_691,66.002522,17.208576,9,"0;1;3;6;8;10;11;12;13"
Root_692,293.909434,37.486336,8,"1;3;6;8;10;11;12;13"
Root_693,104.526874,22.538176,8,"0;3;6;8;10;11;12;13"
Root_694,332.404227,42.115936,7,"3;6;8;10;11;12;13"
Root_695,72.977818,18.196224,9,"0;1;2;6;8;10;11;12;13"
Root_696,300.884698,38.473984,8,"1;2;6;8;10;11;12;13"
Root_697,108.477466,23.525824,8,"0;2;6;8;10;11;12;13"
Root_698,340.367139,43.103584,7,"2;6;8;10;11;12;13"
Root_699,70.503738,19.122144,8,"0;1;6;8;10;11;12;13"
Root_700,303.040218,39.399904,7,"1;6;8;10;11;12;13"
Root_701,107.855226,24.451744,7,"0;6;8;10;11;12;13"
Root_702,343.448579,44.029504,6,"6;8;10;11;12;13"
Root_703,73.245632,14.943158,11,"0;1;2;3;4;5;8;10;11;12;13"
Root_704,290.709498,35.220918,10,"1;2;3;4;5;8;10;11;12;13"
Root_705,108.652896,20.272758,10,"0;2;3;4;5;8;10;11;12;13"
Root_706,326.938874,39.850518,9,"2;3;4;5;8;10;11;12;13"
Root_707,70.976554,15.869078,10,"0;1;3;4;5;8;10;11;12;13"
Root_708,291.013178,36.146838,9,"1;3;4;5;8;10;11;12;13"
Root_709,105.451574,21.198678,9,"0;3;4;5;8;10;11;12;13"
Root_710,328.168474,40.776438,8,"3;4;5;8;10;11;12;13"
Root_711,77.655562,16.856726,10,"0;1;2;4;5;8;10;11;12;13"
Root_712,297.371162,37.134486,9,"1;2;4;5;8;10;11;12;13"
Root_713,109.228192,22.186326,9,"0;2;4;5;8;10;11;12;13"
Root_714,335.514106,41.764086,8,"2;4;5;8;10;11;12;13"
Root_715,74.255562,17.782646,9,"0;1;4;5;8;10;11;12;13"
Root_716,298.600762,38.060406,8,"1;4;5;8;10;11;12;13"
Root_717,106.866358,23.112246,8,"0;4;5;8;10;11;12;13"
Root_718,337.669626,42.690006,7,"4;5;8;10;11;12;13"
Root_719,73.272842,17.165366,10,"0;1;2;3;5;8;10;11;12;13"
Root_720,300.457562,37.443126,9,"1;2;3;5;8;10;11;12;13"
Root_721,110.574998,22.494966,9,"0;2;3;5;8;10;11;12;13"
Root_722,338.909146,42.072726,8,"2;3;5;8;10;11;12;13"
Root_723,69.964128,18.091286,9,"0;1;3;5;8;10;11;12;13"
Root_724,301.687162,38.369046,8,"1;3;5;8;10;11;12;13"
Root_725,109.026838,23.420886,8,"0;3;5;8;10;11;12;13"
Root_726,341.064666,42.998646,7,"3;5;8;10;11;12;13"
Root_727,76.848138,19.078934,9,"0;1;2;5;8;10;11;12;13"
Root_728,309.032794,39.356694,8,"1;2;5;8;10;11;12;13"
Root_729,112.977430,24.408534,8,"0;2;5;8;10;11;12;13"
Root_730,349.397946,43.986294,7,"2;5;8;10;11;12;13"
Root_731,74.374058,20.004854,8,"0;1;5;8;10;11;12;13"
Root_732,311.188314,40.282614,7,"1;5;8;10;11;12;13"
Root_733,112.355190,25.334454,7,"0;5;8;10;11;12;13"
Root_734,352.479386,44.912214,6,"5;8;10;11;12;13"
Root_735,80.309930,16.486358,10,"0;1;2;3;4;8;10;11;12;13"
Root_736,294.716858,36.764118,9,"1;2;3;4;8;10;11;12;13"
Root_737,114.684992,21.815958,9,"0;2;3;4;8;10;11;12;13"
Root_738,332.489434,41.393718,8,"2;3;4;8;10;11;12;13"
Root_739,76.909930,17.412278,9,"0;1;3;4;8;10;11;12;13"
Root_740,295.946458,37.690038,8,"1;3;4;8;10;11;12;13"
Root_741,112.210912,22.741878,8,"0;3;4;8;10;11;12;13"
Root_742,334.644954,42.319638,7,"3;4;8;10;11;12;13"
Root_743,83.485299,18.399926,9,"0;1;2;4;8;10;11;12;13"
Root_744,302.921722,38.677686,8,"1;2;4;8;10;11;12;13"
Root_745,115.173856,23.729526,8,"0;2;4;8;10;11;12;13"
Root_746,342.607866,43.307286,7,"2;4;8;10;11;12;13"
Root_747,80.085299,19.325846,8,"0;1;4;8;10;11;12;13"
Root_748,305.077242,39.603606,7,"1;4;8;10;11;12;13"
Root_749,113.625696,24.655446,7,"0;4;8;10;11;12;13"
Root_750,345.689306,44.233206,6,"4;8;10;11;12;13"
Root_751,79.811146,18.708566,9,"0;1;2;3;8;10;11;12;13"
Root_752,306.008122,38.986326,8,"1;2;3;8;10;11;12;13"
Root_753,117.025696,24.038166,8,"0;2;3;8;10;11;12;13"
Root_754,346.002906,43.615926,7,"2;3;8;10;11;12;13"
Root_755,77.337066,19.634486,8,"0;1;3;8;10;11;12;13"
Root_756,308.163642,39.912246,7,"1;3;8;10;11;12;13"
Root_757,115.477536,24.964086,7,"0;3;8;10;11;12;13"
Root_758,349.084346,44.541846,6,"3;8;10;11;12;13"
Root_759,82.677875,20.622134,8,"0;1;2;8;10;11;12;13"
Root_760,316.126554,40.899894,7,"1;2;8;10;11;12;13"
Root_761,119.489856,25.951734,7,"0;2;8;10;11;12;13"
Root_762,358.034906,45.529494,6,"2;8;10;11;12;13"
Root_763,80.751850,21.548054,7,"0;1;8;10;11;12;13"
Root_764,319.207994,41.825814,6,"1;8;10;11;12;13"
Root_765,118.867616,26.877654,6,"0;8;10;11;12;13"
Root_766,362.042266,46.455414,5,"8;10;11;12;13"
Root_767,69.064058,14.122176,12,"0;1;2;3;4;5;6;7;10;11;12;13"
Root_768,298.800826,34.399936,11,"1;2;3;4;5;6;7;10;11;12;13"
Root_769,109.084858,19.451776,11,"0;2;3;4;5;6;7;10;11;12;13"
Root_770,334.209219,39.029536,10,"2;3;4;5;6;7;10;11;12;13"
Root_771,67.615962,15.048096,11,"0;1;3;4;5;6;7;10;11;12;13"
Root_772,298.178586,35.325856,10,"1;3;4;5;6;7;10;11;12;13"
Root_773,105.684858,20.377696,10,"0;3;4;5;6;7;10;11;12;13"
Root_774,334.512899,39.955456,9,"3;4;5;6;7;10;11;12;13"
Root_775,74.294970,16.035744,11,"0;1;2;4;5;6;7;10;11;12;13"
Root_776,303.548922,36.313504,10,"1;2;4;5;6;7;10;11;12;13"
Root_777,109.660154,21.365344,10,"0;2;4;5;6;7;10;11;12;13"
Root_778,340.870883,40.943104,9,"2;4;5;6;7;10;11;12;13"
Root_779,70.933306,16.961664,10,"0;1;4;5;6;7;10;11;12;13"
Root_780,303.852602,37.239424,9,"1;4;5;6;7;10;11;12;13"
Root_781,107.186074,22.291264,9,"0;4;5;6;7;10;11;12;13"
Root_782,342.100483,41.869024,8,"4;5;6;7;10;11;12;13"
Root_783,69.912250,16.344384,11,"0;1;2;3;5;6;7;10;11;12;13"
Root_784,306.326682,36.622144,10,"1;2;3;5;6;7;10;11;12;13"
Root_785,110.185978,21.673984,10,"0;2;3;5;6;7;10;11;12;13"
Root_786,343.957283,41.251744,9,"2;3;5;6;7;10;11;12;13"
Root_787,66.512250,17.270304,10,"0;1;3;5;6;7;10;11;12;13"
Root_788,306.630362,37.548064,9,"1;3;5;6;7;10;11;12;13"
Root_789,108.637818,22.599904,9,"0;3;5;6;7;10;11;12;13"
Root_790,345.186883,42.177664,8,"3;5;6;7;10;11;12;13"
Root_791,73.487546,18.257952,10,"0;1;2;5;6;7;10;11;12;13"
Root_792,312.988346,38.535712,9,"1;2;5;6;7;10;11;12;13"
Root_793,112.588410,23.587552,9,"0;2;5;6;7;10;11;12;13"
Root_794,352.532515,43.165312,8,"2;5;6;7;10;11;12;13"
Root_795,71.013466,19.183872,9,"0;1;5;6;7;10;11;12;13"
Root_796,314.217946,39.461632,8,"1;5;6;7;10;11;12;13"
Root_797,111.966170,24.513472,8,"0;5;6;7;10;11;12;13"
Root_798,354.688035,44.091232,7,"5;6;7;10;11;12;13"
Root_799,76.649382,15.665376,11,"0;1;2;3;4;6;7;10;11;12;13"
Root_800,301.264986,35.943136,10,"1;2;3;4;6;7;10;11;12;13"
Root_801,115.121978,20.994976,10,"0;2;3;4;6;7;10;11;12;13"
Root_802,338.216579,40.572736,9,"2;3;4;6;7;10;11;12;13"
Root_803,73.658086,16.591296,10,"0;1;3;4;6;7;10;11;12;13"
Root_804,301.568666,36.869056,9,"1;3;4;6;7;10;11;12;13"
Root_805,112.642874,21.920896,9,"0;3;4;6;7;10;11;12;13"
Root_806,339.446179,41.498656,8,"3;4;6;7;10;11;12;13"
Root_807,80.476518,17.578944,10,"0;1;2;4;6;7;10;11;12;13"
Root_808,307.556282,37.856704,9,"1;2;4;6;7;10;11;12;13"
Root_809,115.697274,22.908544,9,"0;2;4;6;7;10;11;12;13"
Root_810,346.421443,42.486304,8,"2;4;6;7;10;11;12;13"
Root_811,77.076518,18.504864,9,"0;1;4;6;7;10;11;12;13"
Root_812,308.785882,38.782624,8,"1;4;6;7;10;11;12;13"
Root_813,114.057658,23.834464,8,"0;4;6;7;10;11;12;13"
Root_814,348.576963,43.412224,7,"4;6;7;10;11;12;13"
Root_815,76.093798,17.887584,10,"0;1;2;3;6;7;10;11;12;13"
Root_816,310.334042,38.165344,9,"1;2;3;6;7;10;11;12;13"
Root_817,117.457658,23.217184,9,"0;2;3;6;7;10;11;12;13"
Root_818,349.507843,42.794944,8,"2;3;6;7;10;11;12;13"
Root_819,73.507302,18.813504,9,"0;1;3;6;7;10;11;12;13"
Root_820,311.563642,39.091264,8,"1;3;6;7;10;11;12;13"
Root_821,115.909498,24.143104,8,"0;3;6;7;10;11;12;13"
Root_822,351.663363,43.720864,7,"3;6;7;10;11;12;13"
Root_823,79.669094,19.801152,9,"0;1;2;6;7;10;11;12;13"
Root_824,318.538906,40.078912,8,"1;2;6;7;10;11;12;13"
Root_825,119.921818,25.130752,8,"0;2;6;7;10;11;12;13"
Root_826,359.626275,44.708512,7,"2;6;7;10;11;12;13"
Root_827,77.195014,20.727072,8,"0;1;6;7;10;11;12;13"
Root_828,320.694426,41.004832,7,"1;6;7;10;11;12;13"
Root_829,119.299578,26.056672,7,"0;6;7;10;11;12;13"
Root_830,362.707715,45.634432,6,"6;7;10;11;12;13"
Root_831,80.467808,16.548086,11,"0;1;2;3;4;5;7;10;11;12;13"
Root_832,308.363706,36.825846,10,"1;2;3;4;5;7;10;11;12;13"
Root_833,118.937910,21.877686,10,"0;2;3;4;5;7;10;11;12;13"
Root_834,346.198010,41.455446,9,"2;3;4;5;7;10;11;12;13"
Root_835,77.067808,17.474006,10,"0;1;3;4;5;7;10;11;12;13"
Root_836,308.667386,37.751766,9,"1;3;4;5;7;10;11;12;13"
Root_837,116.463830,22.803606,9,"0;3;4;5;7;10;11;12;13"
Root_838,347.427610,42.381366,8,"3;4;5;7;10;11;12;13"
Root_839,83.581450,18.461654,10,"0;1;2;4;5;7;10;11;12;13"
Root_840,315.025370,38.739414,9,"1;2;4;5;7;10;11;12;13"
Root_841,119.426774,23.791254,9,"0;2;4;5;7;10;11;12;13"
Root_842,354.773242,43.369014,8,"2;4;5;7;10;11;12;13"
Root_843,80.181450,19.387574,9,"0;1;4;5;7;10;11;12;13"
Root_844,316.254970,39.665334,8,"1;4;5;7;10;11;12;13"
Root_845,117.878614,24.717174,8,"0;4;5;7;10;11;12;13"
Root_846,356.928762,44.294934,7,"4;5;7;10;11;12;13"
Root_847,79.969024,18.770294,10,"0;1;2;3;5;7;10;11;12;13"
Root_848,318.111770,39.048054,9,"1;2;3;5;7;10;11;12;13"
Root_849,121.587254,24.099894,9,"0;2;3;5;7;10;11;12;13"
Root_850,358.168282,43.677654,8,"2;3;5;7;10;11;12;13"
Root_851,77.494944,19.696214,9,"0;1;3;5;7;10;11;12;13"
Root_852,319.341370,39.973974,8,"1;3;5;7;10;11;12;13"
Root_853,120.039094,25.025814,8,"0;3;5;7;10;11;12;13"
Root_854,360.323802,44.603574,7,"3;5;7;10;11;12;13"
Root_855,82.774026,20.683862,9,"0;1;2;5;7;10;11;12;13"
Root_856,326.687002,40.961622,8,"1;2;5;7;10;11;12;13"
Root_857,124.421782,26.013462,8,"0;2;5;7;10;11;12;13"
Root_858,368.657082,45.591222,7,"2;5;7;10;11;12;13"
Root_859,80.909728,21.609782,8,"0;1;5;7;10;11;12;13"
Root_860,328.842522,41.887542,7,"1;5;7;10;11;12;13"
Root_861,123.799542,26.939382,7,"0;5;7;10;11;12;13"
Root_862,371.738522,46.517142,6,"5;7;10;11;12;13"
Root_863,87.875168,18.091286,10,"0;1;2;3;4;7;10;11;12;13"
Root_864,312.371066,38.369046,9,"1;2;3;4;7;10;11;12;13"
Root_865,124.462688,23.420886,9,"0;2;3;4;7;10;11;12;13"
Root_866,351.748570,42.998646,8,"2;3;4;7;10;11;12;13"
Root_867,84.475168,19.017206,9,"0;1;3;4;7;10;11;12;13"
Root_868,313.600666,39.294966,8,"1;3;4;7;10;11;12;13"
Root_869,121.988608,24.346806,8,"0;3;4;7;10;11;12;13"
Root_870,353.904090,43.924566,7,"3;4;7;10;11;12;13"
Root_871,89.445610,20.004854,9,"0;1;2;4;7;10;11;12;13"
Root_872,320.575930,40.282614,8,"1;2;4;7;10;11;12;13"
Root_873,125.013280,25.334454,8,"0;2;4;7;10;11;12;13"
Root_874,361.867002,44.912214,7,"2;4;7;10;11;12;13"
Root_875,86.045610,20.930774,8,"0;1;4;7;10;11;12;13"
Root_876,322.731450,41.208534,7,"1;4;7;10;11;12;13"
Root_877,123.465120,26.260374,7,"0;4;7;10;11;12;13"
Root_878,364.948442,45.838134,6,"4;7;10;11;12;13"
Root_879,87.685024,20.313494,9,"0;1;2;3;7;10;11;12;13"
Root_880,323.662330,40.591254,8,"1;2;3;7;10;11;12;13"
Root_881,126.865120,25.643094,8,"0;2;3;7;10;11;12;13"
Root_882,365.262042,45.220854,7,"2;3;7;10;11;12;13"
Root_883,85.450358,21.239414,8,"0;1;3;7;10;11;12;13"
Root_884,325.817850,41.517174,7,"1;3;7;10;11;12;13"
Root_885,125.316960,26.569014,7,"0;3;7;10;11;12;13"
Root_886,368.343482,46.146774,6,"3;7;10;11;12;13"
Root_887,90.173888,22.227062,8,"0;1;2;7;10;11;12;13"
Root_888,333.780762,42.504822,7,"1;2;7;10;11;12;13"
Root_889,129.885942,27.556662,7,"0;2;7;10;11;12;13"
Root_890,377.294042,47.134422,6,"2;7;10;11;12;13"
Root_891,88.778710,23.152982,7,"0;1;7;10;11;12;13"
Root_892,336.862202,43.430742,6,"1;7;10;11;12;13"
Root_893,130.189622,28.482582,6,"0;7;10;11;12;13"
Root_894,381.301402,48.060342,5,"7;10;11;12;13"
Root_895,85.307290,17.146848,11,"0;1;2;3;4;5;6;10;11;12;13"
Root_896,314.950083,37.424608,10,"1;2;3;4;5;6;10;11;12;13"
Root_897,124.974915,22.476448,10,"0;2;3;4;5;6;10;11;12;13"
Root_898,353.383149,42.054208,9,"2;3;4;5;6;10;11;12;13"
Root_899,81.907290,18.072768,10,"0;1;3;4;5;6;10;11;12;13"
Root_900,315.253763,38.350528,9,"1;3;4;5;6;10;11;12;13"
Root_901,122.500835,23.402368,9,"0;3;4;5;6;10;11;12;13"
Root_902,354.612749,42.980128,8,"3;4;5;6;10;11;12;13"
Root_903,87.822170,19.060416,10,"0;1;2;4;5;6;10;11;12;13"
Root_904,321.611747,39.338176,9,"1;2;4;5;6;10;11;12;13"
Root_905,125.463779,24.390016,9,"0;2;4;5;6;10;11;12;13"
Root_906,361.958381,43.967776,8,"2;4;5;6;10;11;12;13"
Root_907,84.422170,19.986336,9,"0;1;4;5;6;10;11;12;13"
Root_908,322.841347,40.264096,8,"1;4;5;6;10;11;12;13"
Root_909,123.915619,25.315936,8,"0;4;5;6;10;11;12;13"
Root_910,364.113901,44.893696,7,"4;5;6;10;11;12;13"
Root_911,84.808506,19.369056,10,"0;1;2;3;5;6;10;11;12;13"
Root_912,324.698147,39.646816,9,"1;2;3;5;6;10;11;12;13"
Root_913,127.624259,24.698656,9,"0;2;3;5;6;10;11;12;13"
Root_914,365.353421,44.276416,8,"2;3;5;6;10;11;12;13"
Root_915,82.334426,20.294976,9,"0;1;3;5;6;10;11;12;13"
Root_916,325.927747,40.572736,8,"1;3;5;6;10;11;12;13"
Root_917,126.076099,25.624576,8,"0;3;5;6;10;11;12;13"
Root_918,367.508941,45.202336,7,"3;5;6;10;11;12;13"
Root_919,87.297370,21.282624,9,"0;1;2;5;6;10;11;12;13"
Root_920,333.273379,41.560384,8,"1;2;5;6;10;11;12;13"
Root_921,130.458787,26.612224,8,"0;2;5;6;10;11;12;13"
Root_922,375.842221,46.189984,7,"2;5;6;10;11;12;13"
Root_923,85.749210,22.208544,8,"0;1;5;6;10;11;12;13"
Root_924,335.428899,42.486304,7,"1;5;6;10;11;12;13"
Root_925,130.374691,27.538144,7,"0;5;6;10;11;12;13"
Root_926,378.923661,47.115904,6,"5;6;10;11;12;13"
Root_927,92.714650,18.690048,10,"0;1;2;3;4;6;10;11;12;13"
Root_928,318.957443,38.967808,9,"1;2;3;4;6;10;11;12;13"
Root_929,129.900931,24.019648,9,"0;2;3;4;6;10;11;12;13"
Root_930,358.933709,43.597408,8,"2;3;4;6;10;11;12;13"
Root_931,89.314650,19.615968,9,"0;1;3;4;6;10;11;12;13"
Root_932,320.187043,39.893728,8,"1;3;4;6;10;11;12;13"
Root_933,127.426851,24.945568,8,"0;3;4;6;10;11;12;13"
Root_934,361.089229,44.523328,7,"3;4;6;10;11;12;13"
Root_935,93.686330,20.603616,9,"0;1;2;4;6;10;11;12;13"
Root_936,327.162307,40.881376,8,"1;2;4;6;10;11;12;13"
Root_937,130.451523,25.933216,8,"0;2;4;6;10;11;12;13"
Root_938,369.052141,45.510976,7,"2;4;6;10;11;12;13"
Root_939,90.815866,21.529536,8,"0;1;4;6;10;11;12;13"
Root_940,329.317827,41.807296,7,"1;4;6;10;11;12;13"
Root_941,128.903363,26.859136,7,"0;4;6;10;11;12;13"
Root_942,372.133581,46.436896,6,"4;6;10;11;12;13"
Root_943,92.524506,20.912256,9,"0;1;2;3;6;10;11;12;13"
Root_944,330.248707,41.190016,8,"1;2;3;6;10;11;12;13"
Root_945,132.303363,26.241856,8,"0;2;3;6;10;11;12;13"
Root_946,372.447181,45.819616,7,"2;3;6;10;11;12;13"
Root_947,90.888602,21.838176,8,"0;1;3;6;10;11;12;13"
Root_948,332.404227,42.115936,7,"1;3;6;10;11;12;13"
Root_949,130.922979,27.167776,7,"0;3;6;10;11;12;13"
Root_950,375.528621,46.745536,6,"3;6;10;11;12;13"
Root_951,95.013370,22.825824,8,"0;1;2;6;10;11;12;13"
Root_952,340.367139,43.103584,7,"1;2;6;10;11;12;13"
Root_953,135.922947,28.155424,7,"0;2;6;10;11;12;13"
Root_954,384.479181,47.733184,6,"2;6;10;11;12;13"
Root_955,94.216954,23.751744,7,"0;1;6;10;11;12;13"
Root_956,343.448579,44.029504,6,"1;6;10;11;12;13"
Root_957,136.226627,29.081344,6,"0;6;10;11;12;13"
Root_958,388.486541,48.659104,5,"6;10;11;12;13"
Root_959,95.652896,19.572758,10,"0;1;2;3;4;5;10;11;12;13"
Root_960,326.938874,39.850518,9,"1;2;3;4;5;10;11;12;13"
Root_961,133.351520,24.902358,9,"0;2;3;4;5;10;11;12;13"
Root_962,367.797850,44.480118,8,"2;3;4;5;10;11;12;13"
Root_963,92.252896,20.498678,9,"0;1;3;4;5;10;11;12;13"
Root_964,328.168474,40.776438,8,"1;3;4;5;10;11;12;13"
Root_965,130.877440,25.828278,8,"0;3;4;5;10;11;12;13"
Root_966,369.953370,45.406038,7,"3;4;5;10;11;12;13"
Root_967,96.228192,21.486326,9,"0;1;2;4;5;10;11;12;13"
Root_968,335.514106,41.764086,8,"1;2;4;5;10;11;12;13"
Root_969,134.272480,26.815926,8,"0;2;4;5;10;11;12;13"
Root_970,378.286650,46.393686,7,"2;4;5;10;11;12;13"
Root_971,93.754112,22.412246,8,"0;1;4;5;10;11;12;13"
Root_972,337.669626,42.690006,7,"1;4;5;10;11;12;13"
Root_973,133.466166,27.741846,7,"0;4;5;10;11;12;13"
Root_974,381.368090,47.319606,6,"4;5;10;11;12;13"
Root_975,96.874998,21.794966,9,"0;1;2;3;5;10;11;12;13"
Root_976,338.909146,42.072726,8,"1;2;3;5;10;11;12;13"
Root_977,136.557526,27.124566,8,"0;2;3;5;10;11;12;13"
Root_978,381.990330,46.702326,7,"2;3;5;10;11;12;13"
Root_979,95.326838,22.720886,8,"0;1;3;5;10;11;12;13"
Root_980,341.064666,42.998646,7,"1;3;5;10;11;12;13"
Root_981,135.935286,28.050486,7,"0;3;5;10;11;12;13"
Root_982,385.071770,47.628246,6,"3;5;10;11;12;13"
Root_983,99.277430,23.708534,8,"0;1;2;5;10;11;12;13"
Root_984,349.397946,43.986294,7,"1;2;5;10;11;12;13"
Root_985,141.343757,29.038134,7,"0;2;5;10;11;12;13"
Root_986,394.392698,48.615894,6,"2;5;10;11;12;13"
Root_987,98.655190,24.634454,7,"0;1;5;10;11;12;13"
Root_988,352.479386,44.912214,6,"1;5;10;11;12;13"
Root_989,142.573357,29.964054,6,"0;5;10;11;12;13"
Root_990,398.400058,49.541814,5,"5;10;11;12;13"
Root_991,101.684992,21.115958,9,"0;1;2;3;4;10;11;12;13"
Root_992,332.489434,41.393718,8,"1;2;3;4;10;11;12;13"
Root_993,136.283722,26.445558,8,"0;2;3;4;10;11;12;13"
Root_994,374.891610,46.023318,7,"2;3;4;10;11;12;13"
Root_995,99.210912,22.041878,8,"0;1;3;4;10;11;12;13"
Root_996,334.644954,42.319638,7,"1;3;4;10;11;12;13"
Root_997,134.181120,27.371478,7,"0;3;4;10;11;12;13"
Root_998,377.973050,46.949238,6,"3;4;10;11;12;13"
Root_999,102.173856,23.029526,8,"0;1;2;4;10;11;12;13"
Root_1000,342.607866,43.307286,7,"1;2;4;10;11;12;13"
Root_1001,138.193440,28.359126,7,"0;2;4;10;11;12;13"
Root_1002,386.923610,47.936886,6,"2;4;10;11;12;13"
Root_1003,100.625696,23.955446,7,"0;1;4;10;11;12;13"
Root_1004,345.689306,44.233206,6,"1;4;10;11;12;13"
Root_1005,137.856246,29.285046,6,"0;4;10;11;12;13"
Root_1006,390.930970,48.862806,5,"4;10;11;12;13"
Root_1007,104.025696,23.338166,8,"0;1;2;3;10;11;12;13"
Root_1008,346.002906,43.615926,7,"1;2;3;10;11;12;13"
Root_1009,140.353920,28.667766,7,"0;2;3;10;11;12;13"
Root_1010,390.627290,48.245526,6,"2;3;10;11;12;13"
Root_1011,102.477536,24.264086,7,"0;1;3;10;11;12;13"
Root_1012,349.084346,44.541846,6,"1;3;10;11;12;13"
Root_1013,140.325366,29.593686,6,"0;3;10;11;12;13"
Root_1014,394.634650,49.171446,5,"3;10;11;12;13"
Root_1015,106.489856,25.251734,7,"0;1;2;10;11;12;13"
Root_1016,358.034906,45.529494,6,"1;2;10;11;12;13"
Root_1017,147.475651,30.581334,6,"0;2;10;11;12;13"
Root_1018,404.572858,50.159094,5,"2;10;11;12;13"
Root_1019,105.867616,26.177654,6,"0;1;10;11;12;13"
Root_1020,362.042266,46.455414,5,"1;10;11;12;13"
Root_1021,150.557091,31.507254,5,"0;10;11;12;13"
Root_1022,409.506138,51.085014,4,"10;11;12;13"
Root_1023,28.912634,4.325920,13,"0;1;2;3;4;5;6;7;8;9;11;12;13"
Root_1024,267.736902,28.103680,12,"1;2;3;4;5;6;7;8;9;11;12;13"
Root_1025,84.828253,13.155520,12,"0;2;3;4;5;6;7;8;9;11;12;13"
Root_1026,296.415760,32.733280,11,"2;3;4;5;6;7;8;9;11;12;13"
Root_1027,33.864272,5.951840,12,"0;1;3;4;5;6;7;8;9;11;12;13"
Root_1028,265.488742,29.029600,11,"1;3;4;5;6;7;8;9;11;12;13"
Root_1029,83.646813,14.081440,11,"0;3;4;5;6;7;8;9;11;12;13"
Root_1030,294.826800,33.659200,10,"3;4;5;6;7;8;9;11;12;13"
Root_1031,57.461968,9.739488,12,"0;1;2;4;5;6;7;8;9;11;12;13"
Root_1032,268.883782,30.017248,11,"1;2;4;5;6;7;8;9;11;12;13"
Root_1033,88.659165,15.069088,11,"0;2;4;5;6;7;8;9;11;12;13"
Root_1034,299.209488,34.646848,10,"2;4;5;6;7;8;9;11;12;13"
Root_1035,57.461968,10.665408,11,"0;1;4;5;6;7;8;9;11;12;13"
Root_1036,267.561542,30.943168,10,"1;4;5;6;7;8;9;11;12;13"
Root_1037,85.564157,15.995008,10,"0;4;5;6;7;8;9;11;12;13"
Root_1038,298.813168,35.572768,9,"4;5;6;7;8;9;11;12;13"
Root_1039,48.539578,8.648128,12,"0;1;2;3;5;6;7;8;9;11;12;13"
Root_1040,271.044262,30.325888,11,"1;2;3;5;6;7;8;9;11;12;13"
Root_1041,84.646813,15.377728,11,"0;2;3;5;6;7;8;9;11;12;13"
Root_1042,301.678608,34.955488,10,"2;3;5;6;7;8;9;11;12;13"
Root_1043,48.539578,9.574048,11,"0;1;3;5;6;7;8;9;11;12;13"
Root_1044,269.722022,31.251808,10,"1;3;5;6;7;8;9;11;12;13"
Root_1045,81.243165,16.303648,10,"0;3;5;6;7;8;9;11;12;13"
Root_1046,301.282288,35.881408,9,"3;5;6;7;8;9;11;12;13"
Root_1047,57.461968,11.961696,11,"0;1;2;5;6;7;8;9;11;12;13"
Root_1048,274.104710,32.239456,10,"1;2;5;6;7;8;9;11;12;13"
Root_1049,86.564157,17.291296,10,"0;2;5;6;7;8;9;11;12;13"
Root_1050,306.652624,36.869056,9,"2;5;6;7;8;9;11;12;13"
Root_1051,57.461968,12.887616,10,"0;1;5;6;7;8;9;11;12;13"
Root_1052,273.708390,33.165376,9,"1;5;6;7;8;9;11;12;13"
Root_1053,82.898589,18.217216,9,"0;5;6;7;8;9;11;12;13"
Root_1054,307.182224,37.794976,8,"5;6;7;8;9;11;12;13"
Root_1055,46.846170,7.269120,12,"0;1;2;3;4;6;7;8;9;11;12;13"
Root_1056,267.693702,29.646880,11,"1;2;3;4;6;7;8;9;11;12;13"
Root_1057,91.865264,14.698720,11,"0;2;3;4;6;7;8;9;11;12;13"
Root_1058,297.295920,34.276480,10,"2;3;4;6;7;8;9;11;12;13"
Root_1059,46.846170,8.195040,11,"0;1;3;4;6;7;8;9;11;12;13"
Root_1060,266.018342,30.572800,10,"1;3;4;6;7;8;9;11;12;13"
Root_1061,89.140624,15.624640,10,"0;3;4;6;7;8;9;11;12;13"
Root_1062,296.899600,35.202400,9,"3;4;6;7;8;9;11;12;13"
Root_1063,60.894000,11.282688,11,"0;1;2;4;6;7;8;9;11;12;13"
Root_1064,270.030662,31.560448,10,"1;2;4;6;7;8;9;11;12;13"
Root_1065,94.831984,16.612288,10,"0;2;4;6;7;8;9;11;12;13"
Root_1066,301.899568,36.190048,9,"2;4;6;7;8;9;11;12;13"
Root_1067,60.894000,12.208608,10,"0;1;4;6;7;8;9;11;12;13"
Root_1068,269.634342,32.486368,9,"1;4;6;7;8;9;11;12;13"
Root_1069,90.731984,17.538208,9,"0;4;6;7;8;9;11;12;13"
Root_1070,302.429168,37.115968,8,"4;6;7;8;9;11;12;13"
Root_1071,49.646170,10.191328,11,"0;1;2;3;6;7;8;9;11;12;13"
Root_1072,272.191142,31.869088,10,"1;2;3;6;7;8;9;11;12;13"
Root_1073,90.140624,16.920928,10,"0;2;3;6;7;8;9;11;12;13"
Root_1074,304.368688,36.498688,9,"2;3;6;7;8;9;11;12;13"
Root_1075,49.646170,11.117248,10,"0;1;3;6;7;8;9;11;12;13"
Root_1076,271.794822,32.795008,9,"1;3;6;7;8;9;11;12;13"
Root_1077,86.040624,17.846848,9,"0;3;6;7;8;9;11;12;13"
Root_1078,304.898288,37.424608,8,"3;6;7;8;9;11;12;13"
Root_1079,61.894000,13.504896,10,"0;1;2;6;7;8;9;11;12;13"
Root_1080,276.794790,33.782656,9,"1;2;6;7;8;9;11;12;13"
Root_1081,92.862768,18.834496,9,"0;2;6;7;8;9;11;12;13"
Root_1082,310.885904,38.412256,8,"2;6;7;8;9;11;12;13"
Root_1083,60.363184,14.430816,9,"0;1;6;7;8;9;11;12;13"
Root_1084,277.324390,34.708576,8,"1;6;7;8;9;11;12;13"
Root_1085,90.614608,19.760416,8,"0;6;7;8;9;11;12;13"
Root_1086,312.341424,39.338176,7,"6;7;8;9;11;12;13"
Root_1087,46.846170,8.151830,12,"0;1;2;3;4;5;7;8;9;11;12;13"
Root_1088,272.673882,30.529590,11,"1;2;3;4;5;7;8;9;11;12;13"
Root_1089,95.517184,15.581430,11,"0;2;3;4;5;7;8;9;11;12;13"
Root_1090,303.511930,35.159190,10,"2;3;4;5;7;8;9;11;12;13"
Root_1091,46.846170,9.077750,11,"0;1;3;4;5;7;8;9;11;12;13"
Root_1092,271.351642,31.455510,10,"1;3;4;5;7;8;9;11;12;13"
Root_1093,91.909834,16.507350,10,"0;3;4;5;7;8;9;11;12;13"
Root_1094,303.115610,36.085110,9,"3;4;5;7;8;9;11;12;13"
Root_1095,63.733450,12.165398,11,"0;1;2;4;5;7;8;9;11;12;13"
Root_1096,275.734330,32.443158,10,"1;2;4;5;7;8;9;11;12;13"
Root_1097,97.601194,17.494998,10,"0;2;4;5;7;8;9;11;12;13"
Root_1098,308.485946,37.072758,9,"2;4;5;7;8;9;11;12;13"
Root_1099,63.542131,13.091318,10,"0;1;4;5;7;8;9;11;12;13"
Root_1100,275.338010,33.369078,9,"1;4;5;7;8;9;11;12;13"
Root_1101,93.922112,18.420918,9,"0;4;5;7;8;9;11;12;13"
Root_1102,309.015546,37.998678,8,"4;5;7;8;9;11;12;13"
Root_1103,50.500326,11.074038,11,"0;1;2;3;5;7;8;9;11;12;13"
Root_1104,278.203450,32.751798,10,"1;2;3;5;7;8;9;11;12;13"
Root_1105,92.909834,17.803638,10,"0;2;3;5;7;8;9;11;12;13"
Root_1106,311.263706,37.381398,9,"2;3;5;7;8;9;11;12;13"
Root_1107,50.500326,11.999958,10,"0;1;3;5;7;8;9;11;12;13"
Root_1108,277.807130,33.677718,9,"1;3;5;7;8;9;11;12;13"
Root_1109,90.268950,18.729558,9,"0;3;5;7;8;9;11;12;13"
Root_1110,311.793306,38.307318,8,"3;5;7;8;9;11;12;13"
Root_1111,64.542131,14.387606,10,"0;1;2;5;7;8;9;11;12;13"
Root_1112,283.177466,34.665366,9,"1;2;5;7;8;9;11;12;13"
Root_1113,96.514688,19.717206,9,"0;2;5;7;8;9;11;12;13"
Root_1114,318.151290,39.294966,8,"2;5;7;8;9;11;12;13"
Root_1115,62.128605,15.313526,9,"0;1;5;7;8;9;11;12;13"
Root_1116,283.707066,35.591286,8,"1;5;7;8;9;11;12;13"
Root_1117,94.266528,20.643126,8,"0;5;7;8;9;11;12;13"
Root_1118,319.606810,40.220886,7,"5;7;8;9;11;12;13"
Root_1119,50.107645,9.695030,11,"0;1;2;3;4;7;8;9;11;12;13"
Root_1120,273.820762,32.072790,10,"1;2;3;4;7;8;9;11;12;13"
Root_1121,101.048032,17.124630,10,"0;2;3;4;7;8;9;11;12;13"
Root_1122,306.202010,36.702390,9,"2;3;4;7;8;9;11;12;13"
Root_1123,50.107645,10.620950,10,"0;1;3;4;7;8;9;11;12;13"
Root_1124,273.424442,32.998710,9,"1;3;4;7;8;9;11;12;13"
Root_1125,96.998582,18.050550,9,"0;3;4;7;8;9;11;12;13"
Root_1126,306.731610,37.628310,8,"3;4;7;8;9;11;12;13"
Root_1127,71.146880,13.708598,10,"0;1;2;4;7;8;9;11;12;13"
Root_1128,278.424410,33.986358,9,"1;2;4;7;8;9;11;12;13"
Root_1129,102.935680,19.038198,9,"0;2;4;7;8;9;11;12;13"
Root_1130,312.719226,38.615958,8,"2;4;7;8;9;11;12;13"
Root_1131,69.412362,14.634518,9,"0;1;4;7;8;9;11;12;13"
Root_1132,278.954010,34.912278,8,"1;4;7;8;9;11;12;13"
Root_1133,99.761600,19.964118,8,"0;4;7;8;9;11;12;13"
Root_1134,314.174746,39.541878,7,"4;7;8;9;11;12;13"
Root_1135,55.637309,12.617238,10,"0;1;2;3;7;8;9;11;12;13"
Root_1136,280.893530,34.294998,9,"1;2;3;7;8;9;11;12;13"
Root_1137,99.899798,19.346838,9,"0;2;3;7;8;9;11;12;13"
Root_1138,315.496986,38.924598,8,"2;3;7;8;9;11;12;13"
Root_1139,54.994150,13.543158,9,"0;1;3;7;8;9;11;12;13"
Root_1140,281.423130,35.220918,8,"1;3;7;8;9;11;12;13"
Root_1141,97.651638,20.272758,8,"0;3;7;8;9;11;12;13"
Root_1142,316.952506,39.850518,7,"3;7;8;9;11;12;13"
Root_1143,70.412362,15.930806,9,"0;1;2;7;8;9;11;12;13"
Root_1144,287.410746,36.208566,8,"1;2;7;8;9;11;12;13"
Root_1145,102.354176,21.260406,8,"0;2;7;8;9;11;12;13"
Root_1146,323.927770,40.838166,7,"2;7;8;9;11;12;13"
Root_1147,66.455635,16.856726,8,"0;1;7;8;9;11;12;13"
Root_1148,288.866266,37.134486,7,"1;7;8;9;11;12;13"
Root_1149,100.106016,22.186326,7,"0;7;8;9;11;12;13"
Root_1150,326.309210,41.764086,6,"7;8;9;11;12;13"
Root_1151,63.591418,10.850592,12,"0;1;2;3;4;5;6;8;9;11;12;13"
Root_1152,278.494832,31.128352,11,"1;2;3;4;5;6;8;9;11;12;13"
Root_1153,99.548048,16.180192,11,"0;2;3;4;5;6;8;9;11;12;13"
Root_1154,309.931642,35.757952,10,"2;3;4;5;6;8;9;11;12;13"
Root_1155,63.591418,11.776512,11,"0;1;3;4;5;6;8;9;11;12;13"
Root_1156,277.172592,32.054272,10,"1;3;4;5;6;8;9;11;12;13"
Root_1157,95.448048,17.106112,10,"0;3;4;5;6;8;9;11;12;13"
Root_1158,309.535322,36.683872,9,"3;4;5;6;8;9;11;12;13"
Root_1159,68.023450,12.764160,11,"0;1;2;4;5;6;8;9;11;12;13"
Root_1160,281.555280,33.041920,10,"1;2;4;5;6;8;9;11;12;13"
Root_1161,101.435696,18.093760,10,"0;2;4;5;6;8;9;11;12;13"
Root_1162,314.905658,37.671520,9,"2;4;5;6;8;9;11;12;13"
Root_1163,67.233370,13.690080,10,"0;1;4;5;6;8;9;11;12;13"
Root_1164,281.158960,33.967840,9,"1;4;5;6;8;9;11;12;13"
Root_1165,98.261616,19.019680,9,"0;4;5;6;8;9;11;12;13"
Root_1166,315.435258,38.597440,8,"4;5;6;8;9;11;12;13"
Root_1167,64.591418,13.072800,11,"0;1;2;3;5;6;8;9;11;12;13"
Root_1168,284.024400,33.350560,10,"1;2;3;5;6;8;9;11;12;13"
Root_1169,97.455376,18.402400,10,"0;2;3;5;6;8;9;11;12;13"
Root_1170,317.683418,37.980160,9,"2;3;5;6;8;9;11;12;13"
Root_1171,63.492698,13.998720,10,"0;1;3;5;6;8;9;11;12;13"
Root_1172,283.628080,34.276480,9,"1;3;5;6;8;9;11;12;13"
Root_1173,95.207216,19.328320,9,"0;3;5;6;8;9;11;12;13"
Root_1174,318.213018,38.906080,8,"3;5;6;8;9;11;12;13"
Root_1175,68.233370,14.986368,10,"0;1;2;5;6;8;9;11;12;13"
Root_1176,288.998416,35.264128,9,"1;2;5;6;8;9;11;12;13"
Root_1177,100.854192,20.315968,9,"0;2;5;6;8;9;11;12;13"
Root_1178,324.571002,39.893728,8,"2;5;6;8;9;11;12;13"
Root_1179,65.221082,15.912288,9,"0;1;5;6;8;9;11;12;13"
Root_1180,289.528016,36.190048,8,"1;5;6;8;9;11;12;13"
Root_1181,98.606032,21.241888,8,"0;5;6;8;9;11;12;13"
Root_1182,326.026522,40.819648,7,"5;6;8;9;11;12;13"
Root_1183,71.029744,12.393792,11,"0;1;2;3;4;6;8;9;11;12;13"
Root_1184,279.641712,32.671552,10,"1;2;3;4;6;8;9;11;12;13"
Root_1185,105.720848,17.723392,10,"0;2;3;4;6;8;9;11;12;13"
Root_1186,312.621722,37.301152,9,"2;3;4;6;8;9;11;12;13"
Root_1187,70.610032,13.319712,10,"0;1;3;4;6;8;9;11;12;13"
Root_1188,279.245392,33.597472,9,"1;3;4;6;8;9;11;12;13"
Root_1189,102.270160,18.649312,9,"0;3;4;6;8;9;11;12;13"
Root_1190,313.151322,38.227072,8,"3;4;6;8;9;11;12;13"
Root_1191,75.622384,14.307360,10,"0;1;2;4;6;8;9;11;12;13"
Root_1192,284.245360,34.585120,9,"1;2;4;6;8;9;11;12;13"
Root_1193,107.608496,19.636960,9,"0;2;4;6;8;9;11;12;13"
Root_1194,319.138938,39.214720,8,"2;4;6;8;9;11;12;13"
Root_1195,73.289104,15.233280,9,"0;1;4;6;8;9;11;12;13"
Root_1196,284.774960,35.511040,8,"1;4;6;8;9;11;12;13"
Root_1197,104.434416,20.562880,8,"0;4;6;8;9;11;12;13"
Root_1198,320.594458,40.140640,7,"4;6;8;9;11;12;13"
Root_1199,71.610032,14.616000,10,"0;1;2;3;6;8;9;11;12;13"
Root_1200,286.714480,34.893760,9,"1;2;3;6;8;9;11;12;13"
Root_1201,105.171376,19.945600,9,"0;2;3;6;8;9;11;12;13"
Root_1202,321.916698,39.523360,8,"2;3;6;8;9;11;12;13"
Root_1203,68.968112,15.541920,9,"0;1;3;6;8;9;11;12;13"
Root_1204,287.244080,35.819680,8,"1;3;6;8;9;11;12;13"
Root_1205,102.923216,20.871520,8,"0;3;6;8;9;11;12;13"
Root_1206,323.372218,40.449280,7,"3;6;8;9;11;12;13"
Root_1207,74.289104,16.529568,9,"0;1;2;6;8;9;11;12;13"
Root_1208,293.231696,36.807328,8,"1;2;6;8;9;11;12;13"
Root_1209,107.026992,21.859168,8,"0;2;6;8;9;11;12;13"
Root_1210,330.347482,41.436928,7,"2;6;8;9;11;12;13"
Root_1211,70.189104,17.455488,8,"0;1;6;8;9;11;12;13"
Root_1212,294.687216,37.733248,7,"1;6;8;9;11;12;13"
Root_1213,104.778832,22.785088,7,"0;6;8;9;11;12;13"
Root_1214,332.728922,42.362848,6,"6;8;9;11;12;13"
Root_1215,74.443379,13.276502,11,"0;1;2;3;4;5;8;9;11;12;13"
Root_1216,285.857722,33.554262,10,"1;2;3;4;5;8;9;11;12;13"
Root_1217,109.071488,18.606102,10,"0;2;3;4;5;8;9;11;12;13"
Root_1218,319.720442,38.183862,9,"2;3;4;5;8;9;11;12;13"
Root_1219,73.140957,14.202422,10,"0;1;3;4;5;8;9;11;12;13"
Root_1220,285.461402,34.480182,9,"1;3;4;5;8;9;11;12;13"
Root_1221,105.897408,19.532022,9,"0;3;4;5;8;9;11;12;13"
Root_1222,320.250042,39.109782,8,"3;4;5;8;9;11;12;13"
Root_1223,78.270515,15.190070,10,"0;1;2;4;5;8;9;11;12;13"
Root_1224,290.831738,35.467830,9,"1;2;4;5;8;9;11;12;13"
Root_1225,110.353034,20.519670,9,"0;2;4;5;8;9;11;12;13"
Root_1226,326.608026,40.097430,8,"2;4;5;8;9;11;12;13"
Root_1227,75.054525,16.115990,9,"0;1;4;5;8;9;11;12;13"
Root_1228,291.361338,36.393750,8,"1;4;5;8;9;11;12;13"
Root_1229,107.178954,21.445590,8,"0;4;5;8;9;11;12;13"
Root_1230,328.063546,41.023350,7,"4;5;8;9;11;12;13"
Root_1231,74.140957,15.498710,10,"0;1;2;3;5;8;9;11;12;13"
Root_1232,293.609498,35.776470,9,"1;2;3;5;8;9;11;12;13"
Root_1233,109.158998,20.828310,9,"0;2;3;5;8;9;11;12;13"
Root_1234,329.694426,40.406070,8,"2;3;5;8;9;11;12;13"
Root_1235,70.616326,16.424630,9,"0;1;3;5;8;9;11;12;13"
Root_1236,294.139098,36.702390,8,"1;3;5;8;9;11;12;13"
Root_1237,106.910838,21.754230,8,"0;3;5;8;9;11;12;13"
Root_1238,331.149946,41.331990,7,"3;5;8;9;11;12;13"
Root_1239,76.054525,17.412278,9,"0;1;2;5;8;9;11;12;13"
Root_1240,300.497082,37.690038,8,"1;2;5;8;9;11;12;13"
Root_1241,110.131904,22.741878,8,"0;2;5;8;9;11;12;13"
Root_1242,338.495578,42.319638,7,"2;5;8;9;11;12;13"
Root_1243,72.630922,18.338198,8,"0;1;5;8;9;11;12;13"
Root_1244,301.952602,38.615958,7,"1;5;8;9;11;12;13"
Root_1245,108.551542,23.667798,7,"0;5;8;9;11;12;13"
Root_1246,340.877018,43.245558,6,"5;8;9;11;12;13"
Root_1247,81.541920,14.819702,10,"0;1;2;3;4;8;9;11;12;13"
Root_1248,288.547802,35.097462,9,"1;2;3;4;8;9;11;12;13"
Root_1249,115.244288,20.149302,9,"0;2;3;4;8;9;11;12;13"
Root_1250,323.953722,39.727062,8,"2;3;4;8;9;11;12;13"
Root_1251,78.696298,15.745622,9,"0;1;3;4;8;9;11;12;13"
Root_1252,289.077402,36.023382,8,"1;3;4;8;9;11;12;13"
Root_1253,112.070208,21.075222,8,"0;3;4;8;9;11;12;13"
Root_1254,325.409242,40.652982,7,"3;4;8;9;11;12;13"
Root_1255,84.387658,16.733270,9,"0;1;2;4;8;9;11;12;13"
Root_1256,295.065018,37.011030,8,"1;2;4;8;9;11;12;13"
Root_1257,114.982634,22.062870,8,"0;2;4;8;9;11;12;13"
Root_1258,332.384506,41.640630,7,"2;4;8;9;11;12;13"
Root_1259,80.287658,17.659190,8,"0;1;4;8;9;11;12;13"
Root_1260,296.520538,37.936950,7,"1;4;8;9;11;12;13"
Root_1261,111.808554,22.988790,7,"0;4;8;9;11;12;13"
Root_1262,334.765946,42.566550,6,"4;8;9;11;12;13"
Root_1263,79.696298,17.041910,9,"0;1;2;3;8;9;11;12;13"
Root_1264,297.842778,37.319670,8,"1;2;3;8;9;11;12;13"
Root_1265,115.588704,22.371510,8,"0;2;3;8;9;11;12;13"
Root_1266,335.470906,41.949270,7,"2;3;8;9;11;12;13"
Root_1267,75.596298,17.967830,8,"0;1;3;8;9;11;12;13"
Root_1268,299.298298,38.245590,7,"1;3;8;9;11;12;13"
Root_1269,113.340544,23.297430,7,"0;3;8;9;11;12;13"
Root_1270,337.852346,42.875190,6,"3;8;9;11;12;13"
Root_1271,82.539424,18.955478,8,"0;1;2;8;9;11;12;13"
Root_1272,306.273562,39.233238,7,"1;2;8;9;11;12;13"
Root_1273,116.303488,24.285078,7,"0;2;8;9;11;12;13"
Root_1274,345.815258,43.862838,6,"2;8;9;11;12;13"
Root_1275,80.291264,19.881398,7,"0;1;8;9;11;12;13"
Root_1276,308.655002,40.159158,6,"1;8;9;11;12;13"
Root_1277,114.981248,25.210998,6,"0;8;9;11;12;13"
Root_1278,349.122618,44.788758,5,"8;9;11;12;13"
Root_1279,45.864272,9.655520,12,"0;1;2;3;4;5;6;7;9;11;12;13"
Root_1280,296.149040,32.733280,11,"1;2;3;4;5;6;7;9;11;12;13"
Root_1281,109.791056,17.785120,11,"0;2;3;4;5;6;7;9;11;12;13"
Root_1282,329.190778,37.362880,10,"2;3;4;5;6;7;9;11;12;13"
Root_1283,45.864272,10.581440,11,"0;1;3;4;5;6;7;9;11;12;13"
Root_1284,294.826800,33.659200,10,"1;3;4;5;6;7;9;11;12;13"
Root_1285,106.402096,18.711040,10,"0;3;4;5;6;7;9;11;12;13"
Root_1286,328.794458,38.288800,9,"3;4;5;6;7;9;11;12;13"
Root_1287,76.109894,14.369088,11,"0;1;2;4;5;6;7;9;11;12;13"
Root_1288,299.209488,34.646848,10,"1;2;4;5;6;7;9;11;12;13"
Root_1289,111.678704,19.698688,10,"0;2;4;5;6;7;9;11;12;13"
Root_1290,334.164794,39.276448,9,"2;4;5;6;7;9;11;12;13"
Root_1291,73.714886,15.295008,10,"0;1;4;5;6;7;9;11;12;13"
Root_1292,298.813168,35.572768,9,"1;4;5;6;7;9;11;12;13"
Root_1293,108.504624,20.624608,9,"0;4;5;6;7;9;11;12;13"
Root_1294,334.694394,40.202368,8,"4;5;6;7;9;11;12;13"
Root_1295,58.539578,13.277728,11,"0;1;2;3;5;6;7;9;11;12;13"
Root_1296,301.678608,34.955488,10,"1;2;3;5;6;7;9;11;12;13"
Root_1297,109.303312,20.007328,10,"0;2;3;5;6;7;9;11;12;13"
Root_1298,336.942554,39.585088,9,"2;3;5;6;7;9;11;12;13"
Root_1299,57.235930,14.203648,10,"0;1;3;5;6;7;9;11;12;13"
Root_1300,301.282288,35.881408,9,"1;3;5;6;7;9;11;12;13"
Root_1301,107.055152,20.933248,9,"0;3;5;6;7;9;11;12;13"
Root_1302,337.472154,40.511008,8,"3;5;6;7;9;11;12;13"
Root_1303,74.714886,16.591296,10,"0;1;2;5;6;7;9;11;12;13"
Root_1304,306.652624,36.869056,9,"1;2;5;6;7;9;11;12;13"
Root_1305,111.097200,21.920896,9,"0;2;5;6;7;9;11;12;13"
Root_1306,343.830138,41.498656,8,"2;5;6;7;9;11;12;13"
Root_1307,70.614886,17.517216,9,"0;1;5;6;7;9;11;12;13"
Root_1308,307.182224,37.794976,8,"1;5;6;7;9;11;12;13"
Root_1309,108.849040,22.846816,8,"0;5;6;7;9;11;12;13"
Root_1310,345.285658,42.424576,7,"5;6;7;9;11;12;13"
Root_1311,57.961594,11.898720,11,"0;1;2;3;4;6;7;9;11;12;13"
Root_1312,297.295920,34.276480,10,"1;2;3;4;6;7;9;11;12;13"
Root_1313,116.209584,19.328320,10,"0;2;3;4;6;7;9;11;12;13"
Root_1314,331.880858,38.906080,9,"2;3;4;6;7;9;11;12;13"
Root_1315,57.961594,12.824640,10,"0;1;3;4;6;7;9;11;12;13"
Root_1316,296.899600,35.202400,9,"1;3;4;6;7;9;11;12;13"
Root_1317,113.035504,20.254240,9,"0;3;4;6;7;9;11;12;13"
Root_1318,332.410458,39.832000,8,"3;4;6;7;9;11;12;13"
Root_1319,82.313584,15.912288,10,"0;1;2;4;6;7;9;11;12;13"
Root_1320,301.899568,36.190048,9,"1;2;4;6;7;9;11;12;13"
Root_1321,116.768912,21.241888,9,"0;2;4;6;7;9;11;12;13"
Root_1322,338.398074,40.819648,8,"2;4;6;7;9;11;12;13"
Root_1323,78.375376,16.838208,9,"0;1;4;6;7;9;11;12;13"
Root_1324,302.429168,37.115968,8,"1;4;6;7;9;11;12;13"
Root_1325,113.594832,22.167808,8,"0;4;6;7;9;11;12;13"
Root_1326,339.853594,41.745568,7,"4;6;7;9;11;12;13"
Root_1327,65.434672,14.820928,10,"0;1;2;3;6;7;9;11;12;13"
Root_1328,304.368688,36.498688,9,"1;2;3;6;7;9;11;12;13"
Root_1329,116.554000,21.550528,9,"0;2;3;6;7;9;11;12;13"
Root_1330,341.175834,41.128288,8,"2;3;6;7;9;11;12;13"
Root_1331,62.587824,15.746848,9,"0;1;3;6;7;9;11;12;13"
Root_1332,304.898288,37.424608,8,"1;3;6;7;9;11;12;13"
Root_1333,114.305840,22.476448,8,"0;3;6;7;9;11;12;13"
Root_1334,342.631354,42.054208,7,"3;6;7;9;11;12;13"
Root_1335,79.644368,18.134496,9,"0;1;2;6;7;9;11;12;13"
Root_1336,310.885904,38.412256,8,"1;2;6;7;9;11;12;13"
Root_1337,117.268784,23.464096,8,"0;2;6;7;9;11;12;13"
Root_1338,349.606618,43.041856,7,"2;6;7;9;11;12;13"
Root_1339,77.396208,19.060416,8,"0;1;6;7;9;11;12;13"
Root_1340,312.341424,39.338176,7,"1;6;7;9;11;12;13"
Root_1341,115.946544,24.390016,7,"0;6;7;9;11;12;13"
Root_1342,351.988058,43.967776,6,"6;7;9;11;12;13"
Root_1343,62.443104,12.781430,11,"0;1;2;3;4;5;7;9;11;12;13"
Root_1344,303.511930,35.159190,10,"1;2;3;4;5;7;9;11;12;13"
Root_1345,119.518198,20.211030,10,"0;2;3;4;5;7;9;11;12;13"
Root_1346,338.979578,39.788790,9,"2;3;4;5;7;9;11;12;13"
Root_1347,61.635754,13.707350,10,"0;1;3;4;5;7;9;11;12;13"
Root_1348,303.115610,36.085110,9,"1;3;4;5;7;9;11;12;13"
Root_1349,116.344118,21.136950,9,"0;3;4;5;7;9;11;12;13"
Root_1350,339.509178,40.714710,8,"3;4;5;7;9;11;12;13"
Root_1351,84.936896,16.794998,10,"0;1;2;4;5;7;9;11;12;13"
Root_1352,308.485946,37.072758,9,"1;2;4;5;7;9;11;12;13"
Root_1353,119.194816,22.124598,9,"0;2;4;5;7;9;11;12;13"
Root_1354,345.867162,41.702358,8,"2;4;5;7;9;11;12;13"
Root_1355,80.836896,17.720918,9,"0;1;4;5;7;9;11;12;13"
Root_1356,309.015546,37.998678,8,"1;4;5;7;9;11;12;13"
Root_1357,116.071254,23.050518,8,"0;4;5;7;9;11;12;13"
Root_1358,347.322682,42.628278,7,"4;5;7;9;11;12;13"
Root_1359,67.909939,15.703638,10,"0;1;2;3;5;7;9;11;12;13"
Root_1360,311.263706,37.381398,9,"1;2;3;5;7;9;11;12;13"
Root_1361,120.171254,22.433238,9,"0;2;3;5;7;9;11;12;13"
Root_1362,348.953562,42.010998,8,"2;3;5;7;9;11;12;13"
Root_1363,64.180381,16.629558,9,"0;1;3;5;7;9;11;12;13"
Root_1364,311.793306,38.307318,8,"1;3;5;7;9;11;12;13"
Root_1365,117.923094,23.359158,8,"0;3;5;7;9;11;12;13"
Root_1366,350.409082,42.936918,7,"3;5;7;9;11;12;13"
Root_1367,83.150390,19.017206,9,"0;1;2;5;7;9;11;12;13"
Root_1368,318.151290,39.294966,8,"1;2;5;7;9;11;12;13"
Root_1369,120.886038,24.346806,8,"0;2;5;7;9;11;12;13"
Root_1370,357.754714,43.924566,7,"2;5;7;9;11;12;13"
Root_1371,80.902230,19.943126,8,"0;1;5;7;9;11;12;13"
Root_1372,319.606810,40.220886,7,"1;5;7;9;11;12;13"
Root_1373,119.563798,25.272726,7,"0;5;7;9;11;12;13"
Root_1374,360.136154,44.850486,6,"5;7;9;11;12;13"
Root_1375,68.932106,14.324630,10,"0;1;2;3;4;7;9;11;12;13"
Root_1376,306.202010,36.702390,9,"1;2;3;4;7;9;11;12;13"
Root_1377,125.021984,21.754230,9,"0;2;3;4;7;9;11;12;13"
Root_1378,343.212858,41.331990,8,"2;3;4;7;9;11;12;13"
Root_1379,66.581555,15.250550,9,"0;1;3;4;7;9;11;12;13"
Root_1380,306.731610,37.628310,8,"1;3;4;7;9;11;12;13"
Root_1381,121.847904,22.680150,8,"0;3;4;7;9;11;12;13"
Root_1382,344.668378,42.257910,7,"3;4;7;9;11;12;13"
Root_1383,90.583946,18.338198,9,"0;1;2;4;7;9;11;12;13"
Root_1384,312.719226,38.615958,8,"1;2;4;7;9;11;12;13"
Root_1385,123.823200,23.667798,8,"0;2;4;7;9;11;12;13"
Root_1386,351.643642,43.245558,7,"2;4;7;9;11;12;13"
Root_1387,87.409866,19.264118,8,"0;1;4;7;9;11;12;13"
Root_1388,314.174746,39.541878,7,"1;4;7;9;11;12;13"
Root_1389,121.575040,24.593718,7,"0;4;7;9;11;12;13"
Root_1390,354.025082,44.171478,6,"4;7;9;11;12;13"
Root_1391,73.725866,17.246838,9,"0;1;2;3;7;9;11;12;13"
Root_1392,315.496986,38.924598,8,"1;2;3;7;9;11;12;13"
Root_1393,125.366400,23.976438,8,"0;2;3;7;9;11;12;13"
Root_1394,354.730042,43.554198,7,"2;3;7;9;11;12;13"
Root_1395,69.971382,18.172758,8,"0;1;3;7;9;11;12;13"
Root_1396,316.952506,39.850518,7,"1;3;7;9;11;12;13"
Root_1397,123.118240,24.902358,7,"0;3;7;9;11;12;13"
Root_1398,357.111482,44.480118,6,"3;7;9;11;12;13"
Root_1399,90.002442,20.560406,8,"0;1;2;7;9;11;12;13"
Root_1400,323.927770,40.838166,7,"1;2;7;9;11;12;13"
Root_1401,126.142912,25.890006,7,"0;2;7;9;11;12;13"
Root_1402,365.074394,45.467766,6,"2;7;9;11;12;13"
Root_1403,87.754282,21.486326,7,"0;1;7;9;11;12;13"
Root_1404,326.309210,41.764086,6,"1;7;9;11;12;13"
Root_1405,124.820672,26.815926,6,"0;7;9;11;12;13"
Root_1406,368.381754,46.393686,5,"7;9;11;12;13"
Root_1407,86.875302,15.480192,11,"0;1;2;3;4;5;6;9;11;12;13"
Root_1408,309.931642,35.757952,10,"1;2;3;4;5;6;9;11;12;13"
Root_1409,125.388538,20.809792,10,"0;2;3;4;5;6;9;11;12;13"
Root_1410,345.998051,40.387552,9,"2;3;4;5;6;9;11;12;13"
Root_1411,83.369190,16.406112,10,"0;1;3;4;5;6;9;11;12;13"
Root_1412,309.535322,36.683872,9,"1;3;4;5;6;9;11;12;13"
Root_1413,122.214458,21.735712,9,"0;3;4;5;6;9;11;12;13"
Root_1414,346.527651,41.313472,8,"3;4;5;6;9;11;12;13"
Root_1415,89.060550,17.393760,10,"0;1;2;4;5;6;9;11;12;13"
Root_1416,314.905658,37.671520,9,"1;2;4;5;6;9;11;12;13"
Root_1417,124.466394,22.723360,9,"0;2;4;5;6;9;11;12;13"
Root_1418,352.885635,42.301120,8,"2;4;5;6;9;11;12;13"
Root_1419,85.280230,18.319680,9,"0;1;4;5;6;9;11;12;13"
Root_1420,315.435258,38.597440,8,"1;4;5;6;9;11;12;13"
Root_1421,121.941594,23.649280,8,"0;4;5;6;9;11;12;13"
Root_1422,354.341155,43.227040,7,"4;5;6;9;11;12;13"
Root_1423,84.369190,17.702400,10,"0;1;2;3;5;6;9;11;12;13"
Root_1424,317.683418,37.980160,9,"1;2;3;5;6;9;11;12;13"
Root_1425,126.008378,23.032000,9,"0;2;3;5;6;9;11;12;13"
Root_1426,355.972035,42.609760,8,"2;3;5;6;9;11;12;13"
Root_1427,81.525830,18.628320,9,"0;1;3;5;6;9;11;12;13"
Root_1428,318.213018,38.906080,8,"1;3;5;6;9;11;12;13"
Root_1429,123.760218,23.957920,8,"0;3;5;6;9;11;12;13"
Root_1430,357.427555,43.535680,7,"3;5;6;9;11;12;13"
Root_1431,87.872806,19.615968,9,"0;1;2;5;6;9;11;12;13"
Root_1432,324.571002,39.893728,8,"1;2;5;6;9;11;12;13"
Root_1433,126.756378,24.945568,8,"0;2;5;6;9;11;12;13"
Root_1434,364.773187,44.523328,7,"2;5;6;9;11;12;13"
Root_1435,85.624646,20.541888,8,"0;1;5;6;9;11;12;13"
Root_1436,326.026522,40.819648,7,"1;5;6;9;11;12;13"
Root_1437,125.434138,25.871488,7,"0;5;6;9;11;12;13"
Root_1438,367.154627,45.449248,6,"5;6;9;11;12;13"
Root_1439,92.770352,17.023392,10,"0;1;2;3;4;6;9;11;12;13"
Root_1440,312.621722,37.301152,9,"1;2;3;4;6;9;11;12;13"
Root_1441,130.293562,22.352992,9,"0;2;3;4;6;9;11;12;13"
Root_1442,350.231331,41.930752,8,"2;3;4;6;9;11;12;13"
Root_1443,88.670352,17.949312,9,"0;1;3;4;6;9;11;12;13"
Root_1444,313.151322,38.227072,8,"1;3;4;6;9;11;12;13"
Root_1445,127.119482,23.278912,8,"0;3;4;6;9;11;12;13"
Root_1446,351.686851,42.856672,7,"3;4;6;9;11;12;13"
Root_1447,94.658000,18.936960,9,"0;1;2;4;6;9;11;12;13"
Root_1448,319.138938,39.214720,8,"1;2;4;6;9;11;12;13"
Root_1449,129.094778,24.266560,8,"0;2;4;6;9;11;12;13"
Root_1450,358.662115,43.844320,7,"2;4;6;9;11;12;13"
Root_1451,91.483920,19.862880,8,"0;1;4;6;9;11;12;13"
Root_1452,320.594458,40.140640,7,"1;4;6;9;11;12;13"
Root_1453,126.846618,25.192480,7,"0;4;6;9;11;12;13"
Root_1454,361.043555,44.770240,6,"4;6;9;11;12;13"
Root_1455,91.520880,19.245600,9,"0;1;2;3;6;9;11;12;13"
Root_1456,321.916698,39.523360,8,"1;2;3;6;9;11;12;13"
Root_1457,130.637978,24.575200,8,"0;2;3;6;9;11;12;13"
Root_1458,361.748515,44.152960,7,"2;3;6;9;11;12;13"
Root_1459,89.272720,20.171520,8,"0;1;3;6;9;11;12;13"
Root_1460,323.372218,40.449280,7,"1;3;6;9;11;12;13"
Root_1461,128.389818,25.501120,7,"0;3;6;9;11;12;13"
Root_1462,364.129955,45.078880,6,"3;6;9;11;12;13"
Root_1463,94.076496,21.159168,8,"0;1;2;6;9;11;12;13"
Root_1464,330.347482,41.436928,7,"1;2;6;9;11;12;13"
Root_1465,131.414490,26.488768,7,"0;2;6;9;11;12;13"
Root_1466,372.092867,46.066528,6,"2;6;9;11;12;13"
Root_1467,91.828336,22.085088,7,"0;1;6;9;11;12;13"
Root_1468,332.728922,42.362848,6,"1;6;9;11;12;13"
Root_1469,130.506938,27.414688,6,"0;6;9;11;12;13"
Root_1470,375.400227,46.992448,5,"6;9;11;12;13"
Root_1471,95.757962,17.906102,10,"0;1;2;3;4;5;9;11;12;13"
Root_1472,319.720442,38.183862,9,"1;2;3;4;5;9;11;12;13"
Root_1473,132.994890,23.235702,9,"0;2;3;4;5;9;11;12;13"
Root_1474,358.212762,42.813462,8,"2;3;4;5;9;11;12;13"
Root_1475,92.489984,18.832022,9,"0;1;3;4;5;9;11;12;13"
Root_1476,320.250042,39.109782,8,"1;3;4;5;9;11;12;13"
Root_1477,129.820810,24.161622,8,"0;3;4;5;9;11;12;13"
Root_1478,359.668282,43.739382,7,"3;4;5;9;11;12;13"
Root_1479,97.645610,19.819670,9,"0;1;2;4;5;9;11;12;13"
Root_1480,326.608026,40.097430,8,"1;2;4;5;9;11;12;13"
Root_1481,132.033024,25.149270,8,"0;2;4;5;9;11;12;13"
Root_1482,367.013914,44.727030,7,"2;4;5;9;11;12;13"
Root_1483,94.471530,20.745590,8,"0;1;4;5;9;11;12;13"
Root_1484,328.063546,41.023350,7,"1;4;5;9;11;12;13"
Root_1485,129.784864,26.075190,7,"0;4;5;9;11;12;13"
Root_1486,369.395354,45.652950,6,"4;5;9;11;12;13"
Root_1487,95.458998,20.128310,9,"0;1;2;3;5;9;11;12;13"
Root_1488,329.694426,40.406070,8,"1;2;3;5;9;11;12;13"
Root_1489,133.884864,25.457910,8,"0;2;3;5;9;11;12;13"
Root_1490,370.408954,45.035670,7,"2;3;5;9;11;12;13"
Root_1491,93.210838,21.054230,8,"0;1;3;5;9;11;12;13"
Root_1492,331.149946,41.331990,7,"1;3;5;9;11;12;13"
Root_1493,131.636704,26.383830,7,"0;3;5;9;11;12;13"
Root_1494,372.790394,45.961590,6,"3;5;9;11;12;13"
Root_1495,97.131904,22.041878,8,"0;1;2;5;9;11;12;13"
Root_1496,338.495578,42.319638,7,"1;2;5;9;11;12;13"
Root_1497,135.403222,27.371478,7,"0;2;5;9;11;12;13"
Root_1498,381.123674,46.949238,6,"2;5;9;11;12;13"
Root_1499,94.883744,22.967798,7,"0;1;5;9;11;12;13"
Root_1500,340.877018,43.245558,6,"1;5;9;11;12;13"
Root_1501,135.006902,28.297398,6,"0;5;9;11;12;13"
Root_1502,384.431034,47.875158,5,"5;9;11;12;13"
Root_1503,102.244288,19.449302,9,"0;1;2;3;4;9;11;12;13"
Root_1504,323.953722,39.727062,8,"1;2;3;4;9;11;12;13"
Root_1505,136.081290,24.778902,8,"0;2;3;4;9;11;12;13"
Root_1506,363.989242,44.356662,7,"2;3;4;9;11;12;13"
Root_1507,99.070208,20.375222,8,"0;1;3;4;9;11;12;13"
Root_1508,325.409242,40.652982,7,"1;3;4;9;11;12;13"
Root_1509,132.907210,25.704822,7,"0;3;4;9;11;12;13"
Root_1510,366.370682,45.282582,6,"3;4;9;11;12;13"
Root_1511,102.682634,21.362870,8,"0;1;2;4;9;11;12;13"
Root_1512,332.384506,41.640630,7,"1;2;4;9;11;12;13"
Root_1513,134.944234,26.692470,7,"0;2;4;9;11;12;13"
Root_1514,374.333594,46.270230,6,"2;4;9;11;12;13"
Root_1515,99.508554,22.288790,7,"0;1;4;9;11;12;13"
Root_1516,334.765946,42.566550,6,"1;4;9;11;12;13"
Root_1517,133.314464,27.618390,6,"0;4;9;11;12;13"
Root_1518,377.640954,47.196150,5,"4;9;11;12;13"
Root_1519,102.588704,21.671510,8,"0;1;2;3;9;11;12;13"
Root_1520,335.470906,41.949270,7,"1;2;3;9;11;12;13"
Root_1521,136.488544,27.001110,7,"0;2;3;9;11;12;13"
Root_1522,377.728634,46.578870,6,"2;3;9;11;12;13"
Root_1523,100.340544,22.597430,7,"0;1;3;9;11;12;13"
Root_1524,337.852346,42.875190,6,"1;3;9;11;12;13"
Root_1525,135.166304,27.927030,6,"0;3;9;11;12;13"
Root_1526,381.035994,47.504790,5,"3;9;11;12;13"
Root_1527,103.303488,23.585078,7,"0;1;2;9;11;12;13"
Root_1528,345.815258,43.862838,6,"1;2;9;11;12;13"
Root_1529,139.178624,28.914678,6,"0;2;9;11;12;13"
Root_1530,389.986554,48.492438,5,"2;9;11;12;13"
Root_1531,101.981248,24.510998,6,"0;1;9;11;12;13"
Root_1532,349.122618,44.788758,5,"1;9;11;12;13"
Root_1533,139.622902,29.840598,5,"0;9;11;12;13"
Root_1534,394.219834,49.418358,4,"9;11;12;13"
Root_1535,56.783024,10.418496,12,"0;1;2;3;4;5;6;7;8;11;12;13"
Root_1536,274.173872,30.696256,11,"1;2;3;4;5;6;7;8;11;12;13"
Root_1537,88.017181,15.748096,11,"0;2;3;4;5;6;7;8;11;12;13"
Root_1538,305.178586,35.325856,10,"2;3;4;5;6;7;8;11;12;13"
Root_1539,56.783024,11.344416,11,"0;1;3;4;5;6;7;8;11;12;13"
Root_1540,272.851632,31.622176,10,"1;3;4;5;6;7;8;11;12;13"
Root_1541,84.243165,16.674016,10,"0;3;4;5;6;7;8;11;12;13"
Root_1542,304.782266,36.251776,9,"3;4;5;6;7;8;11;12;13"
Root_1543,60.634768,12.332064,11,"0;1;2;4;5;6;7;8;11;12;13"
Root_1544,277.234320,32.609824,10,"1;2;4;5;6;7;8;11;12;13"
Root_1545,89.934525,17.661664,10,"0;2;4;5;6;7;8;11;12;13"
Root_1546,310.152602,37.239424,9,"2;4;5;6;7;8;11;12;13"
Root_1547,60.276784,13.257984,10,"0;1;4;5;6;7;8;11;12;13"
Root_1548,276.838000,33.535744,9,"1;4;5;6;7;8;11;12;13"
Root_1549,86.422109,18.587584,9,"0;4;5;6;7;8;11;12;13"
Root_1550,310.682202,38.165344,8,"4;5;6;7;8;11;12;13"
Root_1551,57.449648,12.640704,11,"0;1;2;3;5;6;7;8;11;12;13"
Root_1552,279.703440,32.918464,10,"1;2;3;5;6;7;8;11;12;13"
Root_1553,85.243165,17.970304,10,"0;2;3;5;6;7;8;11;12;13"
Root_1554,312.930362,37.548064,9,"2;3;5;6;7;8;11;12;13"
Root_1555,56.783024,13.566624,10,"0;1;3;5;6;7;8;11;12;13"
Root_1556,279.307120,33.844384,9,"1;3;5;6;7;8;11;12;13"
Root_1557,82.935613,18.896224,9,"0;3;5;6;7;8;11;12;13"
Root_1558,313.459962,38.473984,8,"3;5;6;7;8;11;12;13"
Root_1559,61.276784,14.554272,10,"0;1;2;5;6;7;8;11;12;13"
Root_1560,284.677456,34.832032,9,"1;2;5;6;7;8;11;12;13"
Root_1561,89.014685,19.883872,9,"0;2;5;6;7;8;11;12;13"
Root_1562,319.817946,39.461632,8,"2;5;6;7;8;11;12;13"
Root_1563,58.696592,15.480192,9,"0;1;5;6;7;8;11;12;13"
Root_1564,285.207056,35.757952,8,"1;5;6;7;8;11;12;13"
Root_1565,86.766525,20.809792,8,"0;5;6;7;8;11;12;13"
Root_1566,321.273466,40.387552,7,"5;6;7;8;11;12;13"
Root_1567,60.437200,11.961696,11,"0;1;2;3;4;6;7;8;11;12;13"
Root_1568,275.320752,32.239456,10,"1;2;3;4;6;7;8;11;12;13"
Root_1569,93.881360,17.291296,10,"0;2;3;4;6;7;8;11;12;13"
Root_1570,307.868666,36.869056,9,"2;3;4;6;7;8;11;12;13"
Root_1571,60.437200,12.887616,10,"0;1;3;4;6;7;8;11;12;13"
Root_1572,274.924432,33.165376,9,"1;3;4;6;7;8;11;12;13"
Root_1573,89.998576,18.217216,9,"0;3;4;6;7;8;11;12;13"
Root_1574,308.398266,37.794976,8,"3;4;6;7;8;11;12;13"
Root_1575,65.264368,13.875264,10,"0;1;2;4;6;7;8;11;12;13"
Root_1576,279.924400,34.153024,9,"1;2;4;6;7;8;11;12;13"
Root_1577,95.769008,19.204864,9,"0;2;4;6;7;8;11;12;13"
Root_1578,314.385882,38.782624,8,"2;4;6;7;8;11;12;13"
Root_1579,63.363184,14.801184,9,"0;1;4;6;7;8;11;12;13"
Root_1580,280.454000,35.078944,8,"1;4;6;7;8;11;12;13"
Root_1581,92.594928,20.130784,8,"0;4;6;7;8;11;12;13"
Root_1582,315.841402,39.708544,7,"4;6;7;8;11;12;13"
Root_1583,61.437200,14.183904,10,"0;1;2;3;6;7;8;11;12;13"
Root_1584,282.393520,34.461664,9,"1;2;3;6;7;8;11;12;13"
Root_1585,92.899792,19.513504,9,"0;2;3;6;7;8;11;12;13"
Root_1586,317.163642,39.091264,8,"2;3;6;7;8;11;12;13"
Root_1587,59.227376,15.109824,9,"0;1;3;6;7;8;11;12;13"
Root_1588,282.923120,35.387584,8,"1;3;6;7;8;11;12;13"
Root_1589,90.651632,20.439424,8,"0;3;6;7;8;11;12;13"
Root_1590,318.619162,40.017184,7,"3;6;7;8;11;12;13"
Root_1591,64.363184,16.097472,9,"0;1;2;6;7;8;11;12;13"
Root_1592,288.910736,36.375232,8,"1;2;6;7;8;11;12;13"
Root_1593,95.614576,21.427072,8,"0;2;6;7;8;11;12;13"
Root_1594,325.594426,41.004832,7,"2;6;7;8;11;12;13"
Root_1595,60.263184,17.023392,8,"0;1;6;7;8;11;12;13"
Root_1596,290.366256,37.301152,7,"1;6;7;8;11;12;13"
Root_1597,94.292336,22.352992,7,"0;6;7;8;11;12;13"
Root_1598,327.975866,41.930752,6,"6;7;8;11;12;13"
Root_1599,63.955658,12.844406,11,"0;1;2;3;4;5;7;8;11;12;13"
Root_1600,281.536762,33.122166,10,"1;2;3;4;5;7;8;11;12;13"
Root_1601,96.851638,18.174006,10,"0;2;3;4;5;7;8;11;12;13"
Root_1602,314.967386,37.751766,9,"2;3;4;5;7;8;11;12;13"
Root_1603,63.085331,13.770326,10,"0;1;3;4;5;7;8;11;12;13"
Root_1604,281.140442,34.048086,9,"1;3;4;5;7;8;11;12;13"
Root_1605,93.677558,19.099926,9,"0;3;4;5;7;8;11;12;13"
Root_1606,315.496986,38.677686,8,"3;4;5;7;8;11;12;13"
Root_1607,67.912499,14.757974,10,"0;1;2;4;5;7;8;11;12;13"
Root_1608,286.510778,35.035734,9,"1;2;4;5;7;8;11;12;13"
Root_1609,98.565280,20.087574,9,"0;2;4;5;7;8;11;12;13"
Root_1610,321.854970,39.665334,8,"2;4;5;7;8;11;12;13"
Root_1611,65.128605,15.683894,9,"0;1;4;5;7;8;11;12;13"
Root_1612,287.040378,35.961654,8,"1;4;5;7;8;11;12;13"
Root_1613,95.404694,21.013494,8,"0;4;5;7;8;11;12;13"
Root_1614,323.310490,40.591254,7,"4;5;7;8;11;12;13"
Root_1615,64.085331,15.066614,10,"0;1;2;3;5;7;8;11;12;13"
Root_1616,289.288538,35.344374,9,"1;2;3;5;7;8;11;12;13"
Root_1617,96.887414,20.396214,9,"0;2;3;5;7;8;11;12;13"
Root_1618,324.941370,39.973974,8,"2;3;5;7;8;11;12;13"
Root_1619,60.992797,15.992534,9,"0;1;3;5;7;8;11;12;13"
Root_1620,289.818138,36.270294,8,"1;3;5;7;8;11;12;13"
Root_1621,94.961389,21.322134,8,"0;3;5;7;8;11;12;13"
Root_1622,326.396890,40.899894,7,"3;5;7;8;11;12;13"
Root_1623,66.128605,16.980182,9,"0;1;2;5;7;8;11;12;13"
Root_1624,296.176122,37.257942,8,"1;2;5;7;8;11;12;13"
Root_1625,99.602198,22.309782,8,"0;2;5;7;8;11;12;13"
Root_1626,333.742522,41.887542,7,"2;5;7;8;11;12;13"
Root_1627,62.028605,17.906102,8,"0;1;5;7;8;11;12;13"
Root_1628,297.631642,38.183862,7,"1;5;7;8;11;12;13"
Root_1629,98.515661,23.235702,7,"0;5;7;8;11;12;13"
Root_1630,336.123962,42.813462,6,"5;7;8;11;12;13"
Root_1631,70.504896,14.387606,10,"0;1;2;3;4;7;8;11;12;13"
Root_1632,284.226842,34.665366,9,"1;2;3;4;7;8;11;12;13"
Root_1633,103.404800,19.717206,9,"0;2;3;4;7;8;11;12;13"
Root_1634,319.200666,39.294966,8,"2;3;4;7;8;11;12;13"
Root_1635,68.091370,15.313526,9,"0;1;3;4;7;8;11;12;13"
Root_1636,284.756442,35.591286,8,"1;3;4;7;8;11;12;13"
Root_1637,100.230720,20.643126,8,"0;3;4;7;8;11;12;13"
Root_1638,320.656186,40.220886,7,"3;4;7;8;11;12;13"
Root_1639,73.782730,16.301174,9,"0;1;2;4;7;8;11;12;13"
Root_1640,290.744058,36.578934,8,"1;2;4;7;8;11;12;13"
Root_1641,104.206016,21.630774,8,"0;2;4;7;8;11;12;13"
Root_1642,327.631450,41.208534,7,"2;4;7;8;11;12;13"
Root_1643,69.682730,17.227094,8,"0;1;4;7;8;11;12;13"
Root_1644,292.199578,37.504854,7,"1;4;7;8;11;12;13"
Root_1645,101.957856,22.556694,7,"0;4;7;8;11;12;13"
Root_1646,330.012890,42.134454,6,"4;7;8;11;12;13"
Root_1647,69.091370,16.609814,9,"0;1;2;3;7;8;11;12;13"
Root_1648,293.521818,36.887574,8,"1;2;3;7;8;11;12;13"
Root_1649,104.688630,21.939414,8,"0;2;3;7;8;11;12;13"
Root_1650,330.717850,41.517174,7,"2;3;7;8;11;12;13"
Root_1651,64.991370,17.535734,8,"0;1;3;7;8;11;12;13"
Root_1652,294.977338,37.813494,7,"1;3;7;8;11;12;13"
Root_1653,103.366390,22.865334,7,"0;3;7;8;11;12;13"
Root_1654,333.099290,42.443094,6,"3;7;8;11;12;13"
Root_1655,71.502400,18.523382,8,"0;1;2;7;8;11;12;13"
Root_1656,301.952602,38.801142,7,"1;2;7;8;11;12;13"
Root_1657,107.316982,23.852982,7,"0;2;7;8;11;12;13"
Root_1658,341.062202,43.430742,6,"2;7;8;11;12;13"
Root_1659,69.254240,19.449302,7,"0;1;7;8;11;12;13"
Root_1660,304.334042,39.727062,6,"1;7;8;11;12;13"
Root_1661,106.920662,24.778902,6,"0;7;8;11;12;13"
Root_1662,344.369562,44.356662,5,"7;8;11;12;13"
Root_1663,67.776602,13.443168,11,"0;1;2;3;4;5;6;8;11;12;13"
Root_1664,287.524378,33.720928,10,"1;2;3;4;5;6;8;11;12;13"
Root_1665,102.071482,18.772768,10,"0;2;3;4;5;6;8;11;12;13"
Root_1666,321.553763,38.350528,9,"2;3;4;5;6;8;11;12;13"
Root_1667,66.307514,14.369088,10,"0;1;3;4;5;6;8;11;12;13"
Root_1668,287.128058,34.646848,9,"1;3;4;5;6;8;11;12;13"
Root_1669,98.897402,19.698688,9,"0;3;4;5;6;8;11;12;13"
Root_1670,322.083363,39.276448,8,"3;4;5;6;8;11;12;13"
Root_1671,71.603738,15.356736,10,"0;1;2;4;5;6;8;11;12;13"
Root_1672,292.498394,35.634496,9,"1;2;4;5;6;8;11;12;13"
Root_1673,103.186362,20.686336,9,"0;2;4;5;6;8;11;12;13"
Root_1674,328.441347,40.264096,8,"2;4;5;6;8;11;12;13"
Root_1675,68.221082,16.282656,9,"0;1;4;5;6;8;11;12;13"
Root_1676,293.027994,36.560416,8,"1;4;5;6;8;11;12;13"
Root_1677,100.624538,21.612256,8,"0;4;5;6;8;11;12;13"
Root_1678,329.896867,41.190016,7,"4;5;6;8;11;12;13"
Root_1679,67.307514,15.665376,10,"0;1;2;3;5;6;8;11;12;13"
Root_1680,295.276154,35.943136,9,"1;2;3;5;6;8;11;12;13"
Root_1681,102.325658,20.994976,9,"0;2;3;5;6;8;11;12;13"
Root_1682,331.527747,40.572736,8,"2;3;5;6;8;11;12;13"
Root_1683,63.616218,16.591296,9,"0;1;3;5;6;8;11;12;13"
Root_1684,295.805754,36.869056,8,"1;3;5;6;8;11;12;13"
Root_1685,100.998394,21.920896,8,"0;3;5;6;8;11;12;13"
Root_1686,332.983267,41.498656,7,"3;5;6;8;11;12;13"
Root_1687,69.221082,17.578944,9,"0;1;2;5;6;8;11;12;13"
Root_1688,302.163738,37.856704,8,"1;2;5;6;8;11;12;13"
Root_1689,105.040442,22.908544,8,"0;2;5;6;8;11;12;13"
Root_1690,340.328899,42.486304,7,"2;5;6;8;11;12;13"
Root_1691,66.130810,18.504864,8,"0;1;5;6;8;11;12;13"
Root_1692,303.619258,38.782624,7,"1;5;6;8;11;12;13"
Root_1693,104.552666,23.834464,7,"0;5;6;8;11;12;13"
Root_1694,342.710339,43.412224,6,"5;6;8;11;12;13"
Root_1695,74.980400,14.986368,10,"0;1;2;3;4;6;8;11;12;13"
Root_1696,290.214458,35.264128,9,"1;2;3;4;6;8;11;12;13"
Root_1697,108.244282,20.315968,9,"0;2;3;4;6;8;11;12;13"
Root_1698,325.787043,39.893728,8,"2;3;4;6;8;11;12;13"
Root_1699,71.968112,15.912288,9,"0;1;3;4;6;8;11;12;13"
Root_1700,290.744058,36.190048,8,"1;3;4;6;8;11;12;13"
Root_1701,105.312090,21.241888,8,"0;3;4;6;8;11;12;13"
Root_1702,327.242563,40.819648,7,"3;4;6;8;11;12;13"
Root_1703,77.659472,16.899936,9,"0;1;2;4;6;8;11;12;13"
Root_1704,296.731674,37.177696,8,"1;2;4;6;8;11;12;13"
Root_1705,109.045498,22.229536,8,"0;2;4;6;8;11;12;13"
Root_1706,334.217827,41.807296,7,"2;4;6;8;11;12;13"
Root_1707,73.559472,17.825856,8,"0;1;4;6;8;11;12;13"
Root_1708,298.187194,38.103616,7,"1;4;6;8;11;12;13"
Root_1709,106.952794,23.155456,7,"0;4;6;8;11;12;13"
Root_1710,336.599267,42.733216,6,"4;6;8;11;12;13"
Root_1711,72.968112,17.208576,9,"0;1;2;3;6;8;11;12;13"
Root_1712,299.509434,37.486336,8,"1;2;3;6;8;11;12;13"
Root_1713,110.126874,22.538176,8,"0;2;3;6;8;11;12;13"
Root_1714,337.304227,42.115936,7,"2;3;6;8;11;12;13"
Root_1715,69.137104,18.134496,8,"0;1;3;6;8;11;12;13"
Root_1716,300.964954,38.412256,7,"1;3;6;8;11;12;13"
Root_1717,108.804634,23.464096,7,"0;3;6;8;11;12;13"
Root_1718,339.685667,43.041856,6,"3;6;8;11;12;13"
Root_1719,75.977904,19.122144,8,"0;1;2;6;8;11;12;13"
Root_1720,307.940218,39.399904,7,"1;2;6;8;11;12;13"
Root_1721,112.755226,24.451744,7,"0;2;6;8;11;12;13"
Root_1722,347.648579,44.029504,6,"2;6;8;11;12;13"
Root_1723,73.729744,20.048064,7,"0;1;6;8;11;12;13"
Root_1724,310.321658,40.325824,6,"1;6;8;11;12;13"
Root_1725,112.358906,25.377664,6,"0;6;8;11;12;13"
Root_1726,350.955939,44.955424,5,"6;8;11;12;13"
Root_1727,77.511325,15.869078,10,"0;1;2;3;4;5;8;11;12;13"
Root_1728,297.313178,36.146838,9,"1;2;3;4;5;8;11;12;13"
Root_1729,111.638112,21.198678,9,"0;2;3;4;5;8;11;12;13"
Root_1730,333.768474,40.776438,8,"2;3;4;5;8;11;12;13"
Root_1731,73.616326,16.794998,9,"0;1;3;4;5;8;11;12;13"
Root_1732,297.842778,37.072758,8,"1;3;4;5;8;11;12;13"
Root_1733,109.389952,22.124598,8,"0;3;4;5;8;11;12;13"
Root_1734,335.223994,41.702358,7,"3;4;5;8;11;12;13"
Root_1735,79.424893,17.782646,9,"0;1;2;4;5;8;11;12;13"
Root_1736,304.200762,38.060406,8,"1;2;4;5;8;11;12;13"
Root_1737,112.352896,23.112246,8,"0;2;4;5;8;11;12;13"
Root_1738,342.569626,42.690006,7,"2;4;5;8;11;12;13"
Root_1739,76.033459,18.708566,8,"0;1;4;5;8;11;12;13"
Root_1740,305.656282,38.986326,7,"1;4;5;8;11;12;13"
Root_1741,111.030656,24.038166,7,"0;4;5;8;11;12;13"
Root_1742,344.951066,43.615926,6,"4;5;8;11;12;13"
Root_1743,74.916106,18.091286,9,"0;1;2;3;5;8;11;12;13"
Root_1744,307.287162,38.369046,8,"1;2;3;5;8;11;12;13"
Root_1745,114.204736,23.420886,8,"0;2;3;5;8;11;12;13"
Root_1746,345.964666,42.998646,7,"2;3;5;8;11;12;13"
Root_1747,72.667946,19.017206,8,"0;1;3;5;8;11;12;13"
Root_1748,308.742682,39.294966,7,"1;3;5;8;11;12;13"
Root_1749,112.882496,24.346806,7,"0;3;5;8;11;12;13"
Root_1750,348.346106,43.924566,6,"3;5;8;11;12;13"
Root_1751,78.626035,20.004854,8,"0;1;2;5;8;11;12;13"
Root_1752,316.088314,40.282614,7,"1;2;5;8;11;12;13"
Root_1753,117.255190,25.334454,7,"0;2;5;8;11;12;13"
Root_1754,356.679386,44.912214,6,"2;5;8;11;12;13"
Root_1755,76.377875,20.930774,7,"0;1;5;8;11;12;13"
Root_1756,318.469754,41.208534,6,"1;5;8;11;12;13"
Root_1757,116.858870,26.260374,6,"0;5;8;11;12;13"
Root_1758,359.986746,45.838134,5,"5;8;11;12;13"
Root_1759,83.437034,17.412278,9,"0;1;2;3;4;8;11;12;13"
Root_1760,301.546458,37.690038,8,"1;2;3;4;8;11;12;13"
Root_1761,117.810912,22.741878,8,"0;2;3;4;8;11;12;13"
Root_1762,339.544954,42.319638,7,"2;3;4;8;11;12;13"
Root_1763,79.675232,18.338198,8,"0;1;3;4;8;11;12;13"
Root_1764,303.001978,38.615958,7,"1;3;4;8;11;12;13"
Root_1765,115.562752,23.667798,7,"0;3;4;8;11;12;13"
Root_1766,341.926394,43.245558,6,"3;4;8;11;12;13"
Root_1767,85.324682,19.325846,8,"0;1;2;4;8;11;12;13"
Root_1768,309.977242,39.603606,7,"1;2;4;8;11;12;13"
Root_1769,118.525696,24.655446,7,"0;2;4;8;11;12;13"
Root_1770,349.889306,44.233206,6,"2;4;8;11;12;13"
Root_1771,82.150602,20.251766,7,"0;1;4;8;11;12;13"
Root_1772,312.358682,40.529526,6,"1;4;8;11;12;13"
Root_1773,117.203456,25.581366,6,"0;4;8;11;12;13"
Root_1774,353.196666,45.159126,5,"4;8;11;12;13"
Root_1775,82.576448,19.634486,8,"0;1;2;3;8;11;12;13"
Root_1776,313.063642,39.912246,7,"1;2;3;8;11;12;13"
Root_1777,120.377536,24.964086,7,"0;2;3;8;11;12;13"
Root_1778,353.284346,44.541846,6,"2;3;8;11;12;13"
Root_1779,80.328288,20.560406,7,"0;1;3;8;11;12;13"
Root_1780,315.445082,40.838166,6,"1;3;8;11;12;13"
Root_1781,119.055296,25.890006,6,"0;3;8;11;12;13"
Root_1782,356.591706,45.467766,5,"3;8;11;12;13"
Root_1783,85.291232,21.548054,7,"0;1;2;8;11;12;13"
Root_1784,323.407994,41.825814,6,"1;2;8;11;12;13"
Root_1785,123.067616,26.877654,6,"0;2;8;11;12;13"
Root_1786,365.542266,46.455414,5,"2;8;11;12;13"
Root_1787,83.968992,22.473974,6,"0;1;8;11;12;13"
Root_1788,326.715354,42.751734,5,"1;8;11;12;13"
Root_1789,122.671296,27.803574,5,"0;8;11;12;13"
Root_1790,369.775546,47.381334,4,"8;11;12;13"
Root_1791,75.467910,15.048096,11,"0;1;2;3;4;5;6;7;11;12;13"
Root_1792,305.178586,35.325856,10,"1;2;3;4;5;6;7;11;12;13"
Root_1793,112.684858,20.377696,10,"0;2;3;4;5;6;7;11;12;13"
Root_1794,340.812899,39.955456,9,"2;3;4;5;6;7;11;12;13"
Root_1795,72.393894,15.974016,10,"0;1;3;4;5;6;7;11;12;13"
Root_1796,304.782266,36.251776,9,"1;3;4;5;6;7;11;12;13"
Root_1797,109.814394,21.303616,9,"0;3;4;5;6;7;11;12;13"
Root_1798,341.342499,40.881376,8,"3;4;5;6;7;11;12;13"
Root_1799,78.085254,16.961664,10,"0;1;2;4;5;6;7;11;12;13"
Root_1800,310.152602,37.239424,9,"1;2;4;5;6;7;11;12;13"
Root_1801,113.486074,22.291264,9,"0;2;4;5;6;7;11;12;13"
Root_1802,347.700483,41.869024,8,"2;4;5;6;7;11;12;13"
Root_1803,73.985254,17.887584,9,"0;1;4;5;6;7;11;12;13"
Root_1804,310.682202,38.165344,8,"1;4;5;6;7;11;12;13"
Root_1805,111.455098,23.217184,8,"0;4;5;6;7;11;12;13"
Root_1806,349.156003,42.794944,7,"4;5;6;7;11;12;13"
Root_1807,73.393894,17.270304,10,"0;1;2;3;5;6;7;11;12;13"
Root_1808,312.930362,37.548064,9,"1;2;3;5;6;7;11;12;13"
Root_1809,114.937818,22.599904,9,"0;2;3;5;6;7;11;12;13"
Root_1810,350.786883,42.177664,8,"2;3;5;6;7;11;12;13"
Root_1811,69.686342,18.196224,9,"0;1;3;5;6;7;11;12;13"
Root_1812,313.459962,38.473984,8,"1;3;5;6;7;11;12;13"
Root_1813,113.615578,23.525824,8,"0;3;5;6;7;11;12;13"
Root_1814,352.242403,43.103584,7,"3;5;6;7;11;12;13"
Root_1815,76.465414,19.183872,9,"0;1;2;5;6;7;11;12;13"
Root_1816,319.817946,39.461632,8,"1;2;5;6;7;11;12;13"
Root_1817,117.566170,24.513472,8,"0;2;5;6;7;11;12;13"
Root_1818,359.588035,44.091232,7,"2;5;6;7;11;12;13"
Root_1819,74.217254,20.109792,8,"0;1;5;6;7;11;12;13"
Root_1820,321.273466,40.387552,7,"1;5;6;7;11;12;13"
Root_1821,117.169850,25.439392,7,"0;5;6;7;11;12;13"
Root_1822,361.969475,45.017152,6,"5;6;7;11;12;13"
Root_1823,81.362960,16.591296,10,"0;1;2;3;4;6;7;11;12;13"
Root_1824,307.868666,36.869056,9,"1;2;3;4;6;7;11;12;13"
Root_1825,118.942874,21.920896,9,"0;2;3;4;6;7;11;12;13"
Root_1826,345.046179,41.498656,8,"2;3;4;6;7;11;12;13"
Root_1827,77.262960,17.517216,9,"0;1;3;4;6;7;11;12;13"
Root_1828,308.398266,37.794976,8,"1;3;4;6;7;11;12;13"
Root_1829,116.694714,22.846816,8,"0;3;4;6;7;11;12;13"
Root_1830,346.501699,42.424576,7,"3;4;6;7;11;12;13"
Root_1831,83.250608,18.504864,9,"0;1;2;4;6;7;11;12;13"
Root_1832,314.385882,38.782624,8,"1;2;4;6;7;11;12;13"
Root_1833,119.657658,23.834464,8,"0;2;4;6;7;11;12;13"
Root_1834,353.476963,43.412224,7,"2;4;6;7;11;12;13"
Root_1835,80.076528,19.430784,8,"0;1;4;6;7;11;12;13"
Root_1836,315.841402,39.708544,7,"1;4;6;7;11;12;13"
Root_1837,118.335418,24.760384,7,"0;4;6;7;11;12;13"
Root_1838,355.858403,44.338144,6,"4;6;7;11;12;13"
Root_1839,79.681392,18.813504,9,"0;1;2;3;6;7;11;12;13"
Root_1840,317.163642,39.091264,8,"1;2;3;6;7;11;12;13"
Root_1841,121.509498,24.143104,8,"0;2;3;6;7;11;12;13"
Root_1842,356.563363,43.720864,7,"2;3;6;7;11;12;13"
Root_1843,77.433232,19.739424,8,"0;1;3;6;7;11;12;13"
Root_1844,318.619162,40.017184,7,"1;3;6;7;11;12;13"
Root_1845,120.187258,25.069024,7,"0;3;6;7;11;12;13"
Root_1846,358.944803,44.646784,6,"3;6;7;11;12;13"
Root_1847,82.669104,20.727072,8,"0;1;2;6;7;11;12;13"
Root_1848,325.594426,41.004832,7,"1;2;6;7;11;12;13"
Root_1849,124.199578,26.056672,7,"0;2;6;7;11;12;13"
Root_1850,366.907715,45.634432,6,"2;6;7;11;12;13"
Root_1851,81.073936,21.652992,7,"0;1;6;7;11;12;13"
Root_1852,327.975866,41.930752,6,"1;6;7;11;12;13"
Root_1853,123.803258,26.982592,6,"0;6;7;11;12;13"
Root_1854,370.215075,46.560352,5,"6;7;11;12;13"
Root_1855,83.986272,17.474006,10,"0;1;2;3;4;5;7;11;12;13"
Root_1856,314.967386,37.751766,9,"1;2;3;4;5;7;11;12;13"
Root_1857,122.763830,22.803606,9,"0;2;3;4;5;7;11;12;13"
Root_1858,353.027610,42.381366,8,"2;3;4;5;7;11;12;13"
Root_1859,80.286198,18.399926,9,"0;1;3;4;5;7;11;12;13"
Root_1860,315.496986,38.677686,8,"1;3;4;5;7;11;12;13"
Root_1861,120.515670,23.729526,8,"0;3;4;5;7;11;12;13"
Root_1862,354.483130,43.307286,7,"3;4;5;7;11;12;13"
Root_1863,85.873920,19.387574,9,"0;1;2;4;5;7;11;12;13"
Root_1864,321.854970,39.665334,8,"1;2;4;5;7;11;12;13"
Root_1865,123.478614,24.717174,8,"0;2;4;5;7;11;12;13"
Root_1866,361.828762,44.294934,7,"2;4;5;7;11;12;13"
Root_1867,82.699840,20.313494,8,"0;1;4;5;7;11;12;13"
Root_1868,323.310490,40.591254,7,"1;4;5;7;11;12;13"
Root_1869,122.156374,25.643094,7,"0;4;5;7;11;12;13"
Root_1870,364.210202,45.220854,6,"4;5;7;11;12;13"
Root_1871,83.187414,19.696214,9,"0;1;2;3;5;7;11;12;13"
Root_1872,324.941370,39.973974,8,"1;2;3;5;7;11;12;13"
Root_1873,125.639094,25.025814,8,"0;2;3;5;7;11;12;13"
Root_1874,365.223802,44.603574,7,"2;3;5;7;11;12;13"
Root_1875,80.939254,20.622134,8,"0;1;3;5;7;11;12;13"
Root_1876,326.396890,40.899894,7,"1;3;5;7;11;12;13"
Root_1877,124.316854,25.951734,7,"0;3;5;7;11;12;13"
Root_1878,367.605242,45.529494,6,"3;5;7;11;12;13"
Root_1879,85.902198,21.609782,8,"0;1;2;5;7;11;12;13"
Root_1880,333.742522,41.887542,7,"1;2;5;7;11;12;13"
Root_1881,128.699542,26.939382,7,"0;2;5;7;11;12;13"
Root_1882,375.938522,46.517142,6,"2;5;7;11;12;13"
Root_1883,84.579958,22.535702,7,"0;1;5;7;11;12;13"
Root_1884,336.123962,42.813462,6,"1;5;7;11;12;13"
Root_1885,129.168525,27.865302,6,"0;5;7;11;12;13"
Root_1886,379.245882,47.443062,5,"5;7;11;12;13"
Root_1887,90.682698,19.017206,9,"0;1;2;3;4;7;11;12;13"
Root_1888,319.200666,39.294966,8,"1;2;3;4;7;11;12;13"
Root_1889,127.588608,24.346806,8,"0;2;3;4;7;11;12;13"
Root_1890,358.804090,43.924566,7,"2;3;4;7;11;12;13"
Root_1891,87.508618,19.943126,8,"0;1;3;4;7;11;12;13"
Root_1892,320.656186,40.220886,7,"1;3;4;7;11;12;13"
Root_1893,125.340448,25.272726,7,"0;3;4;7;11;12;13"
Root_1894,361.185530,44.850486,6,"3;4;7;11;12;13"
Root_1895,91.553139,20.930774,8,"0;1;2;4;7;11;12;13"
Root_1896,327.631450,41.208534,7,"1;2;4;7;11;12;13"
Root_1897,128.365120,26.260374,7,"0;2;4;7;11;12;13"
Root_1898,369.148442,45.838134,6,"2;4;7;11;12;13"
Root_1899,89.235754,21.856694,7,"0;1;4;7;11;12;13"
Root_1900,330.012890,42.134454,6,"1;4;7;11;12;13"
Root_1901,127.229174,27.186294,6,"0;4;7;11;12;13"
Root_1902,372.455802,46.764054,5,"4;7;11;12;13"
Root_1903,90.988630,21.239414,8,"0;1;2;3;7;11;12;13"
Root_1904,330.717850,41.517174,7,"1;2;3;7;11;12;13"
Root_1905,130.216960,26.569014,7,"0;2;3;7;11;12;13"
Root_1906,372.543482,46.146774,6,"2;3;7;11;12;13"
Root_1907,89.666390,22.165334,7,"0;1;3;7;11;12;13"
Root_1908,333.099290,42.443094,6,"1;3;7;11;12;13"
Root_1909,129.389654,27.494934,6,"0;3;7;11;12;13"
Root_1910,375.850842,47.072694,5,"3;7;11;12;13"
Root_1911,93.616982,23.152982,7,"0;1;2;7;11;12;13"
Root_1912,341.062202,43.430742,6,"1;2;7;11;12;13"
Root_1913,134.389622,28.482582,6,"0;2;7;11;12;13"
Root_1914,384.801402,48.060342,5,"2;7;11;12;13"
Root_1915,93.220662,24.078902,6,"0;1;7;11;12;13"
Root_1916,344.369562,44.356662,5,"1;7;11;12;13"
Root_1917,135.327725,29.408502,5,"0;7;11;12;13"
Root_1918,389.034682,48.986262,4,"7;11;12;13"
Root_1919,88.664058,18.072768,10,"0;1;2;3;4;5;6;11;12;13"
Root_1920,321.553763,38.350528,9,"1;2;3;4;5;6;11;12;13"
Root_1921,128.397251,23.402368,9,"0;2;3;4;5;6;11;12;13"
Root_1922,360.212749,42.980128,8,"2;3;4;5;6;11;12;13"
Root_1923,85.489978,18.998688,9,"0;1;3;4;5;6;11;12;13"
Root_1924,322.083363,39.276448,8,"1;3;4;5;6;11;12;13"
Root_1925,126.149091,24.328288,8,"0;3;4;5;6;11;12;13"
Root_1926,361.668269,43.906048,7,"3;4;5;6;11;12;13"
Root_1927,90.478938,19.986336,9,"0;1;2;4;5;6;11;12;13"
Root_1928,328.441347,40.264096,8,"1;2;4;5;6;11;12;13"
Root_1929,129.515619,25.315936,8,"0;2;4;5;6;11;12;13"
Root_1930,369.013901,44.893696,7,"2;4;5;6;11;12;13"
Root_1931,87.304858,20.912256,8,"0;1;4;5;6;11;12;13"
Root_1932,329.896867,41.190016,7,"1;4;5;6;11;12;13"
Root_1933,128.193379,26.241856,7,"0;4;5;6;11;12;13"
Root_1934,371.395341,45.819616,6,"4;5;6;11;12;13"
Root_1935,88.625658,20.294976,9,"0;1;2;3;5;6;11;12;13"
Root_1936,331.527747,40.572736,8,"1;2;3;5;6;11;12;13"
Root_1937,131.676099,25.624576,8,"0;2;3;5;6;11;12;13"
Root_1938,372.408941,45.202336,7,"2;3;5;6;11;12;13"
Root_1939,86.598394,21.220896,8,"0;1;3;5;6;11;12;13"
Root_1940,332.983267,41.498656,7,"1;3;5;6;11;12;13"
Root_1941,130.353859,26.550496,7,"0;3;5;6;11;12;13"
Root_1942,374.790381,46.128256,6,"3;5;6;11;12;13"
Root_1943,91.340442,22.208544,8,"0;1;2;5;6;11;12;13"
Root_1944,340.328899,42.486304,7,"1;2;5;6;11;12;13"
Root_1945,135.274691,27.538144,7,"0;2;5;6;11;12;13"
Root_1946,383.123661,47.115904,6,"2;5;6;11;12;13"
Root_1947,90.152666,23.134464,7,"0;1;5;6;11;12;13"
Root_1948,342.710339,43.412224,6,"1;5;6;11;12;13"
Root_1949,135.804291,28.464064,6,"0;5;6;11;12;13"
Root_1950,386.431021,48.041824,5,"5;6;11;12;13"
Root_1951,95.244282,19.615968,9,"0;1;2;3;4;6;11;12;13"
Root_1952,325.787043,39.893728,8,"1;2;3;4;6;11;12;13"
Root_1953,133.026851,24.945568,8,"0;2;3;4;6;11;12;13"
Root_1954,365.989229,44.523328,7,"2;3;4;6;11;12;13"
Root_1955,92.070202,20.541888,8,"0;1;3;4;6;11;12;13"
Root_1956,327.242563,40.819648,7,"1;3;4;6;11;12;13"
Root_1957,130.778691,25.871488,7,"0;3;4;6;11;12;13"
Root_1958,368.370669,45.449248,6,"3;4;6;11;12;13"
Root_1959,96.045498,21.529536,8,"0;1;2;4;6;11;12;13"
Root_1960,334.217827,41.807296,7,"1;2;4;6;11;12;13"
Root_1961,133.803363,26.859136,7,"0;2;4;6;11;12;13"
Root_1962,376.333581,46.436896,6,"2;4;6;11;12;13"
Root_1963,93.797338,22.455456,7,"0;1;4;6;11;12;13"
Root_1964,336.599267,42.733216,6,"1;4;6;11;12;13"
Root_1965,133.266179,27.785056,6,"0;4;6;11;12;13"
Root_1966,379.640941,47.362816,5,"4;6;11;12;13"
Root_1967,96.426874,21.838176,8,"0;1;2;3;6;11;12;13"
Root_1968,337.304227,42.115936,7,"1;2;3;6;11;12;13"
Root_1969,135.822979,27.167776,7,"0;2;3;6;11;12;13"
Root_1970,379.728621,46.745536,6,"2;3;6;11;12;13"
Root_1971,95.104634,22.764096,7,"0;1;3;6;11;12;13"
Root_1972,339.685667,43.041856,6,"1;3;6;11;12;13"
Root_1973,135.426659,28.093696,6,"0;3;6;11;12;13"
Root_1974,383.035981,47.671456,5,"3;6;11;12;13"
Root_1975,99.055226,23.751744,7,"0;1;2;6;11;12;13"
Root_1976,347.648579,44.029504,6,"1;2;6;11;12;13"
Root_1977,140.426627,29.081344,6,"0;2;6;11;12;13"
Root_1978,391.986541,48.659104,5,"2;6;11;12;13"
Root_1979,98.658906,24.677664,6,"0;1;6;11;12;13"
Root_1980,350.955939,44.955424,5,"1;6;11;12;13"
Root_1981,140.970755,30.007264,5,"0;6;11;12;13"
Root_1982,396.219821,49.585024,4,"6;11;12;13"
Root_1983,98.552896,20.498678,9,"0;1;2;3;4;5;11;12;13"
Root_1984,333.768474,40.776438,8,"1;2;3;4;5;11;12;13"
Root_1985,136.477440,25.828278,8,"0;2;3;4;5;11;12;13"
Root_1986,374.853370,45.406038,7,"2;3;4;5;11;12;13"
Root_1987,95.803414,21.424598,8,"0;1;3;4;5;11;12;13"
Root_1988,335.223994,41.702358,7,"1;3;4;5;11;12;13"
Root_1989,134.229280,26.754198,7,"0;3;4;5;11;12;13"
Root_1990,377.234810,46.331958,6,"3;4;5;11;12;13"
Root_1991,99.354112,22.412246,8,"0;1;2;4;5;11;12;13"
Root_1992,342.569626,42.690006,7,"1;2;4;5;11;12;13"
Root_1993,138.366166,27.741846,7,"0;2;4;5;11;12;13"
Root_1994,385.568090,47.319606,6,"2;4;5;11;12;13"
Root_1995,97.444118,23.338166,7,"0;1;4;5;11;12;13"
Root_1996,344.951066,43.615926,6,"1;4;5;11;12;13"
Root_1997,137.969846,28.667766,6,"0;4;5;11;12;13"
Root_1998,388.875450,48.245526,5,"4;5;11;12;13"
Root_1999,100.926838,22.720886,8,"0;1;2;3;5;11;12;13"
Root_2000,345.964666,42.998646,7,"1;2;3;5;11;12;13"
Root_2001,140.835286,28.050486,7,"0;2;3;5;11;12;13"
Root_2002,389.271770,47.628246,6,"2;3;5;11;12;13"
Root_2003,99.604598,23.646806,7,"0;1;3;5;11;12;13"
Root_2004,348.346106,43.924566,6,"1;3;5;11;12;13"
Root_2005,140.438966,28.976406,6,"0;3;5;11;12;13"
Root_2006,392.579130,48.554166,5,"3;5;11;12;13"
Root_2007,103.555190,24.634454,7,"0;1;2;5;11;12;13"
Root_2008,356.679386,44.912214,6,"1;2;5;11;12;13"
Root_2009,146.773357,29.964054,6,"0;2;5;11;12;13"
Root_2010,401.900058,49.541814,5,"2;5;11;12;13"
Root_2011,103.158870,25.560374,6,"0;1;5;11;12;13"
Root_2012,359.986746,45.838134,5,"1;5;11;12;13"
Root_2013,149.118851,30.889974,5,"0;5;11;12;13"
Root_2014,406.133338,50.467734,4,"5;11;12;13"
Root_2015,104.810912,22.041878,8,"0;1;2;3;4;11;12;13"
Root_2016,339.544954,42.319638,7,"1;2;3;4;11;12;13"
Root_2017,139.081120,27.371478,7,"0;2;3;4;11;12;13"
Root_2018,382.173050,46.949238,6,"2;3;4;11;12;13"
Root_2019,102.562752,22.967798,7,"0;1;3;4;11;12;13"
Root_2020,341.926394,43.245558,6,"1;3;4;11;12;13"
Root_2021,137.758880,28.297398,6,"0;3;4;11;12;13"
Root_2022,385.480410,47.875158,5,"3;4;11;12;13"
Root_2023,105.525696,23.955446,7,"0;1;2;4;11;12;13"
Root_2024,349.889306,44.233206,6,"1;2;4;11;12;13"
Root_2025,142.056246,29.285046,6,"0;2;4;11;12;13"
Root_2026,394.430970,48.862806,5,"2;4;11;12;13"
Root_2027,104.203456,24.881366,6,"0;1;4;11;12;13"
Root_2028,353.196666,45.159126,5,"1;4;11;12;13"
Root_2029,143.007779,30.210966,5,"0;4;11;12;13"
Root_2030,398.664250,49.788726,4,"4;11;12;13"
Root_2031,107.377536,24.264086,7,"0;1;2;3;11;12;13"
Root_2032,353.284346,44.541846,6,"1;2;3;11;12;13"
Root_2033,144.525366,29.593686,6,"0;2;3;11;12;13"
Root_2034,398.134650,49.171446,5,"2;3;11;12;13"
Root_2035,106.055296,25.190006,6,"0;1;3;11;12;13"
Root_2036,356.591706,45.467766,5,"1;3;11;12;13"
Root_2037,146.094179,30.519606,5,"0;3;11;12;13"
Root_2038,402.367930,50.097366,4,"3;11;12;13"
Root_2039,110.067616,26.177654,6,"0;1;2;11;12;13"
Root_2040,365.542266,46.455414,5,"1;2;11;12;13"
Root_2041,154.057091,31.507254,5,"0;2;11;12;13"
Root_2042,412.306138,51.085014,4,"2;11;12;13"
Root_2043,109.774870,27.103574,5,"0;1;11;12;13"
Root_2044,369.775546,47.381334,4,"1;11;12;13"
Root_2045,157.364451,32.433174,4,"0;11;12;13"
Root_2046,417.465338,52.010934,3,"11;12;13"
Root_2047,49.646170,8.051840,13,"0;1;2;3;4;5;6;7;8;9;10;12;13"
Root_2048,263.393702,29.029600,12,"1;2;3;4;5;6;7;8;9;10;12;13"
Root_2049,86.597424,14.081440,12,"0;2;3;4;5;6;7;8;9;10;12;13"
Root_2050,292.461360,33.659200,11,"2;3;4;5;6;7;8;9;10;12;13"
Root_2051,49.646170,8.977760,12,"0;1;3;4;5;6;7;8;9;10;12;13"
Root_2052,260.919622,29.955520,11,"1;3;4;5;6;7;8;9;10;12;13"
Root_2053,85.190064,15.007360,11,"0;3;4;5;6;7;8;9;10;12;13"
Root_2054,291.839120,34.585120,10,"3;4;5;6;7;8;9;10;12;13"
Root_2055,57.012634,10.665408,12,"0;1;2;4;5;6;7;8;9;10;12;13"
Root_2056,265.196102,30.943168,11,"1;2;4;5;6;7;8;9;10;12;13"
Root_2057,91.869072,15.995008,11,"0;2;4;5;6;7;8;9;10;12;13"
Root_2058,297.147728,35.572768,10,"2;4;5;6;7;8;9;10;12;13"
Root_2059,57.012634,11.591328,11,"0;1;4;5;6;7;8;9;10;12;13"
Root_2060,264.573862,31.869088,10,"1;4;5;6;7;8;9;10;12;13"
Root_2061,88.548144,16.920928,10,"0;4;5;6;7;8;9;10;12;13"
Root_2062,297.451408,36.498688,9,"4;5;6;7;8;9;10;12;13"
Root_2063,49.646170,10.274048,12,"0;1;2;3;5;6;7;8;9;10;12;13"
Root_2064,267.356582,31.251808,11,"1;2;3;5;6;7;8;9;10;12;13"
Root_2065,87.486352,16.303648,11,"0;2;3;5;6;7;8;9;10;12;13"
Root_2066,299.616848,35.881408,10,"2;3;5;6;7;8;9;10;12;13"
Root_2067,49.646170,11.199968,11,"0;1;3;5;6;7;8;9;10;12;13"
Root_2068,266.734342,32.177728,10,"1;3;5;6;7;8;9;10;12;13"
Root_2069,84.086352,17.229568,10,"0;3;5;6;7;8;9;10;12;13"
Root_2070,299.920528,36.807328,9,"3;5;6;7;8;9;10;12;13"
Root_2071,57.226170,12.887616,11,"0;1;2;5;6;7;8;9;10;12;13"
Root_2072,272.042950,33.165376,10,"1;2;5;6;7;8;9;10;12;13"
Root_2073,91.061648,18.217216,10,"0;2;5;6;7;8;9;10;12;13"
Root_2074,306.216784,37.794976,9,"2;5;6;7;8;9;10;12;13"
Root_2075,57.012634,13.813536,10,"0;1;5;6;7;8;9;10;12;13"
Root_2076,272.346630,34.091296,9,"1;5;6;7;8;9;10;12;13"
Root_2077,88.587568,19.143136,9,"0;5;6;7;8;9;10;12;13"
Root_2078,307.446384,38.720896,8,"5;6;7;8;9;10;12;13"
Root_2079,53.285434,9.595040,12,"0;1;2;3;4;6;7;8;9;10;12;13"
Root_2080,263.344262,30.572800,11,"1;2;3;4;6;7;8;9;10;12;13"
Root_2081,94.986438,15.624640,11,"0;2;3;4;6;7;8;9;10;12;13"
Root_2082,294.925520,35.202400,10,"2;3;4;6;7;8;9;10;12;13"
Root_2083,53.285434,10.520960,11,"0;1;3;4;6;7;8;9;10;12;13"
Root_2084,262.722022,31.498720,10,"1;3;4;6;7;8;9;10;12;13"
Root_2085,92.035878,16.550560,10,"0;3;4;6;7;8;9;10;12;13"
Root_2086,295.229200,36.128320,9,"3;4;6;7;8;9;10;12;13"
Root_2087,61.849520,12.208608,11,"0;1;2;4;6;7;8;9;10;12;13"
Root_2088,267.660262,32.486368,10,"1;2;4;6;7;8;9;10;12;13"
Root_2089,98.813574,17.538208,10,"0;2;4;6;7;8;9;10;12;13"
Root_2090,301.155088,37.115968,9,"2;4;6;7;8;9;10;12;13"
Root_2091,61.849520,13.134528,10,"0;1;4;6;7;8;9;10;12;13"
Root_2092,267.963942,33.412288,9,"1;4;6;7;8;9;10;12;13"
Root_2093,95.413574,18.464128,9,"0;4;6;7;8;9;10;12;13"
Root_2094,302.384688,38.041888,8,"4;6;7;8;9;10;12;13"
Root_2095,53.285434,11.817248,11,"0;1;2;3;6;7;8;9;10;12;13"
Root_2096,269.820742,32.795008,10,"1;2;3;6;7;8;9;10;12;13"
Root_2097,94.430854,17.846848,10,"0;2;3;6;7;8;9;10;12;13"
Root_2098,303.624208,37.424608,9,"2;3;6;7;8;9;10;12;13"
Root_2099,53.285434,12.743168,10,"0;1;3;6;7;8;9;10;12;13"
Root_2100,270.124422,33.720928,9,"1;3;6;7;8;9;10;12;13"
Root_2101,91.803622,18.772768,9,"0;3;6;7;8;9;10;12;13"
Root_2102,304.853808,38.350528,8,"3;6;7;8;9;10;12;13"
Root_2103,63.606256,14.430816,10,"0;1;2;6;7;8;9;10;12;13"
Root_2104,276.050310,34.708576,9,"1;2;6;7;8;9;10;12;13"
Root_2105,98.006150,19.760416,9,"0;2;6;7;8;9;10;12;13"
Root_2106,311.767344,39.338176,8,"2;6;7;8;9;10;12;13"
Root_2107,61.849520,15.356736,9,"0;1;6;7;8;9;10;12;13"
Root_2108,277.279910,35.634496,8,"1;6;7;8;9;10;12;13"
Root_2109,95.532070,20.686336,8,"0;6;7;8;9;10;12;13"
Root_2110,313.922864,40.264096,7,"6;7;8;9;10;12;13"
Root_2111,55.760701,10.477750,12,"0;1;2;3;4;5;7;8;9;10;12;13"
Root_2112,268.986202,31.455510,11,"1;2;3;4;5;7;8;9;10;12;13"
Root_2113,98.764128,16.507350,11,"0;2;3;4;5;7;8;9;10;12;13"
Root_2114,301.450170,36.085110,10,"2;3;4;5;7;8;9;10;12;13"
Root_2115,55.760701,11.403670,11,"0;1;3;4;5;7;8;9;10;12;13"
Root_2116,268.363962,32.381430,10,"1;3;4;5;7;8;9;10;12;13"
Root_2117,95.364128,17.433270,10,"0;3;4;5;7;8;9;10;12;13"
Root_2118,301.753850,37.011030,9,"3;4;5;7;8;9;10;12;13"
Root_2119,65.714848,13.091318,11,"0;1;2;4;5;7;8;9;10;12;13"
Root_2120,273.672570,33.369078,10,"1;2;4;5;7;8;9;10;12;13"
Root_2121,101.918506,18.420918,10,"0;2;4;5;7;8;9;10;12;13"
Root_2122,308.050106,37.998678,9,"2;4;5;7;8;9;10;12;13"
Root_2123,65.297610,14.017238,10,"0;1;4;5;7;8;9;10;12;13"
Root_2124,273.976250,34.294998,9,"1;4;5;7;8;9;10;12;13"
Root_2125,98.518506,19.346838,9,"0;4;5;7;8;9;10;12;13"
Root_2126,309.279706,38.924598,8,"4;5;7;8;9;10;12;13"
Root_2127,55.786579,12.699958,11,"0;1;2;3;5;7;8;9;10;12;13"
Root_2128,276.141690,33.677718,10,"1;2;3;5;7;8;9;10;12;13"
Root_2129,98.265344,18.729558,10,"0;2;3;5;7;8;9;10;12;13"
Root_2130,310.827866,38.307318,9,"2;3;5;7;8;9;10;12;13"
Root_2131,55.760701,13.625878,10,"0;1;3;5;7;8;9;10;12;13"
Root_2132,276.445370,34.603638,9,"1;3;5;7;8;9;10;12;13"
Root_2133,95.791264,19.655478,9,"0;3;5;7;8;9;10;12;13"
Root_2134,312.057466,39.233238,8,"3;5;7;8;9;10;12;13"
Root_2135,67.593898,15.313526,10,"0;1;2;5;7;8;9;10;12;13"
Root_2136,282.741626,35.591286,9,"1;2;5;7;8;9;10;12;13"
Root_2137,101.111082,20.643126,9,"0;2;5;7;8;9;10;12;13"
Root_2138,319.341370,40.220886,8,"2;5;7;8;9;10;12;13"
Root_2139,64.954451,16.239446,9,"0;1;5;7;8;9;10;12;13"
Root_2140,283.971226,36.517206,8,"1;5;7;8;9;10;12;13"
Root_2141,98.637002,21.569046,8,"0;5;7;8;9;10;12;13"
Root_2142,321.496890,41.146806,7,"5;7;8;9;10;12;13"
Root_2143,62.701258,12.020950,11,"0;1;2;3;4;7;8;9;10;12;13"
Root_2144,271.450362,32.998710,10,"1;2;3;4;7;8;9;10;12;13"
Root_2145,106.171488,18.050550,10,"0;2;3;4;7;8;9;10;12;13"
Root_2146,305.457530,37.628310,9,"2;3;4;7;8;9;10;12;13"
Root_2147,62.701258,12.946870,10,"0;1;3;4;7;8;9;10;12;13"
Root_2148,271.754042,33.924630,9,"1;3;4;7;8;9;10;12;13"
Root_2149,102.771488,18.976470,9,"0;3;4;7;8;9;10;12;13"
Root_2150,306.687130,38.554230,8,"3;4;7;8;9;10;12;13"
Root_2151,74.495146,14.634518,10,"0;1;2;4;7;8;9;10;12;13"
Root_2152,277.679930,34.912278,9,"1;2;4;7;8;9;10;12;13"
Root_2153,107.782666,19.964118,9,"0;2;4;7;8;9;10;12;13"
Root_2154,313.600666,39.541878,8,"2;4;7;8;9;10;12;13"
Root_2155,72.534707,15.560438,9,"0;1;4;7;8;9;10;12;13"
Root_2156,278.909530,35.838198,8,"1;4;7;8;9;10;12;13"
Root_2157,104.382666,20.890038,8,"0;4;7;8;9;10;12;13"
Root_2158,315.756186,40.467798,7,"4;7;8;9;10;12;13"
Root_2159,64.270336,14.243158,10,"0;1;2;3;7;8;9;10;12;13"
Root_2160,280.149050,35.220918,9,"1;2;3;7;8;9;10;12;13"
Root_2161,105.981344,20.272758,9,"0;2;3;7;8;9;10;12;13"
Root_2162,316.378426,39.850518,8,"2;3;7;8;9;10;12;13"
Root_2163,62.701258,15.169078,9,"0;1;3;7;8;9;10;12;13"
Root_2164,281.378650,36.146838,8,"1;3;7;8;9;10;12;13"
Root_2165,103.507264,21.198678,8,"0;3;7;8;9;10;12;13"
Root_2166,318.533946,40.776438,7,"3;7;8;9;10;12;13"
Root_2167,74.830995,16.856726,9,"0;1;2;7;8;9;10;12;13"
Root_2168,288.292186,37.134486,8,"1;2;7;8;9;10;12;13"
Root_2169,107.283882,22.186326,8,"0;2;7;8;9;10;12;13"
Root_2170,326.435130,41.764086,7,"2;7;8;9;10;12;13"
Root_2171,71.430995,17.782646,8,"0;1;7;8;9;10;12;13"
Root_2172,290.447706,38.060406,7,"1;7;8;9;10;12;13"
Root_2173,104.922048,23.112246,7,"0;7;8;9;10;12;13"
Root_2174,329.516570,42.690006,6,"7;8;9;10;12;13"
Root_2175,65.279066,11.776512,12,"0;1;2;3;4;5;6;8;9;10;12;13"
Root_2176,274.807152,32.054272,11,"1;2;3;4;5;6;8;9;10;12;13"
Root_2177,103.436944,17.106112,11,"0;2;3;4;5;6;8;9;10;12;13"
Root_2178,307.869882,36.683872,10,"2;3;4;5;6;8;9;10;12;13"
Root_2179,65.279066,12.702432,11,"0;1;3;4;5;6;8;9;10;12;13"
Root_2180,274.184912,32.980192,10,"1;3;4;5;6;8;9;10;12;13"
Root_2181,100.036944,18.032032,10,"0;3;4;5;6;8;9;10;12;13"
Root_2182,308.173562,37.609792,9,"3;4;5;6;8;9;10;12;13"
Root_2183,70.307418,13.690080,11,"0;1;2;4;5;6;8;9;10;12;13"
Root_2184,279.493520,33.967840,10,"1;2;4;5;6;8;9;10;12;13"
Root_2185,105.992560,19.019680,10,"0;2;4;5;6;8;9;10;12;13"
Root_2186,314.469818,38.597440,9,"2;4;5;6;8;9;10;12;13"
Root_2187,69.291418,14.616000,10,"0;1;4;5;6;8;9;10;12;13"
Root_2188,279.797200,34.893760,9,"1;4;5;6;8;9;10;12;13"
Root_2189,102.592560,19.945600,9,"0;4;5;6;8;9;10;12;13"
Root_2190,315.699418,39.523360,8,"4;5;6;8;9;10;12;13"
Root_2191,66.603706,13.998720,11,"0;1;2;3;5;6;8;9;10;12;13"
Root_2192,281.962640,34.276480,10,"1;2;3;5;6;8;9;10;12;13"
Root_2193,102.938160,19.328320,10,"0;2;3;5;6;8;9;10;12;13"
Root_2194,317.247578,38.906080,9,"2;3;5;6;8;9;10;12;13"
Root_2195,65.279066,14.924640,10,"0;1;3;5;6;8;9;10;12;13"
Root_2196,282.266320,35.202400,9,"1;3;5;6;8;9;10;12;13"
Root_2197,100.464080,20.254240,9,"0;3;5;6;8;9;10;12;13"
Root_2198,318.477178,39.832000,8,"3;5;6;8;9;10;12;13"
Root_2199,71.587706,15.912288,10,"0;1;2;5;6;8;9;10;12;13"
Root_2200,288.562576,36.190048,9,"1;2;5;6;8;9;10;12;13"
Root_2201,105.185136,21.241888,9,"0;2;5;6;8;9;10;12;13"
Root_2202,325.761082,40.819648,8,"2;5;6;8;9;10;12;13"
Root_2203,68.349498,16.838208,9,"0;1;5;6;8;9;10;12;13"
Root_2204,289.792176,37.115968,8,"1;5;6;8;9;10;12;13"
Root_2205,102.711056,22.167808,8,"0;5;6;8;9;10;12;13"
Root_2206,327.916602,41.745568,7,"5;6;8;9;10;12;13"
Root_2207,72.609872,13.319712,11,"0;1;2;3;4;6;8;9;10;12;13"
Root_2208,277.271312,33.597472,10,"1;2;3;4;6;8;9;10;12;13"
Root_2209,110.844304,18.649312,10,"0;2;3;4;6;8;9;10;12;13"
Root_2210,311.877242,38.227072,9,"2;3;4;6;8;9;10;12;13"
Root_2211,71.964240,14.245632,10,"0;1;3;4;6;8;9;10;12;13"
Root_2212,277.574992,34.523392,9,"1;3;4;6;8;9;10;12;13"
Root_2213,107.444304,19.575232,9,"0;3;4;6;8;9;10;12;13"
Root_2214,313.106842,39.152992,8,"3;4;6;8;9;10;12;13"
Root_2215,78.350576,15.233280,10,"0;1;2;4;6;8;9;10;12;13"
Root_2216,283.500880,35.511040,9,"1;2;4;6;8;9;10;12;13"
Root_2217,111.856720,20.562880,9,"0;2;4;6;8;9;10;12;13"
Root_2218,320.020378,40.140640,8,"2;4;6;8;9;10;12;13"
Root_2219,75.791376,16.159200,9,"0;1;4;6;8;9;10;12;13"
Root_2220,284.730480,36.436960,8,"1;4;6;8;9;10;12;13"
Root_2221,108.456720,21.488800,8,"0;4;6;8;9;10;12;13"
Root_2222,322.175898,41.066560,7,"4;6;8;9;10;12;13"
Root_2223,74.260528,15.541920,10,"0;1;2;3;6;8;9;10;12;13"
Root_2224,285.970000,35.819680,9,"1;2;3;6;8;9;10;12;13"
Root_2225,110.654160,20.871520,9,"0;2;3;6;8;9;10;12;13"
Root_2226,322.798138,40.449280,8,"2;3;6;8;9;10;12;13"
Root_2227,71.392688,16.467840,9,"0;1;3;6;8;9;10;12;13"
Root_2228,287.199600,36.745600,8,"1;3;6;8;9;10;12;13"
Root_2229,108.180080,21.797440,8,"0;3;6;8;9;10;12;13"
Root_2230,324.953658,41.375200,7,"3;6;8;9;10;12;13"
Root_2231,78.087664,17.455488,9,"0;1;2;6;8;9;10;12;13"
Root_2232,294.113136,37.733248,8,"1;2;6;8;9;10;12;13"
Root_2233,111.357936,22.785088,8,"0;2;6;8;9;10;12;13"
Root_2234,332.854842,42.362848,7,"2;6;8;9;10;12;13"
Root_2235,75.069072,18.381408,8,"0;1;6;8;9;10;12;13"
Root_2236,296.268656,38.659168,7,"1;6;8;9;10;12;13"
Root_2237,109.594864,23.711008,7,"0;6;8;9;10;12;13"
Root_2238,335.936282,43.288768,6,"6;8;9;10;12;13"
Root_2239,76.974080,14.202422,11,"0;1;2;3;4;5;8;9;10;12;13"
Root_2240,283.795962,34.480182,10,"1;2;3;4;5;8;9;10;12;13"
Root_2241,113.578848,19.532022,10,"0;2;3;4;5;8;9;10;12;13"
Root_2242,319.284602,39.109782,9,"2;3;4;5;8;9;10;12;13"
Root_2243,75.445738,15.128342,10,"0;1;3;4;5;8;9;10;12;13"
Root_2244,284.099642,35.406102,9,"1;3;4;5;8;9;10;12;13"
Root_2245,110.178848,20.457942,9,"0;3;4;5;8;9;10;12;13"
Root_2246,320.514202,40.035702,8,"3;4;5;8;9;10;12;13"
Root_2247,82.124746,16.115990,10,"0;1;2;4;5;8;9;10;12;13"
Root_2248,290.395898,36.393750,9,"1;2;4;5;8;9;10;12;13"
Root_2249,113.708554,21.445590,9,"0;2;4;5;8;9;10;12;13"
Root_2250,327.798106,41.023350,8,"2;4;5;8;9;10;12;13"
Root_2251,78.724746,17.041910,9,"0;1;4;5;8;9;10;12;13"
Root_2252,291.625498,37.319670,8,"1;4;5;8;9;10;12;13"
Root_2253,110.308554,22.371510,8,"0;4;5;8;9;10;12;13"
Root_2254,329.953626,41.949270,7,"4;5;8;9;10;12;13"
Root_2255,77.742026,16.424630,10,"0;1;2;3;5;8;9;10;12;13"
Root_2256,293.173658,36.702390,9,"1;2;3;5;8;9;10;12;13"
Root_2257,113.697344,21.754230,9,"0;2;3;5;8;9;10;12;13"
Root_2258,330.884506,41.331990,8,"2;3;5;8;9;10;12;13"
Root_2259,74.342026,17.350550,9,"0;1;3;5;8;9;10;12;13"
Root_2260,294.403258,37.628310,8,"1;3;5;8;9;10;12;13"
Root_2261,111.223264,22.680150,8,"0;3;5;8;9;10;12;13"
Root_2262,333.040026,42.257910,7,"3;5;8;9;10;12;13"
Root_2263,81.317322,18.338198,9,"0;1;2;5;8;9;10;12;13"
Root_2264,301.687162,38.615958,8,"1;2;5;8;9;10;12;13"
Root_2265,114.186208,23.667798,8,"0;2;5;8;9;10;12;13"
Root_2266,341.311578,43.245558,7,"2;5;8;9;10;12;13"
Root_2267,78.843242,19.264118,8,"0;1;5;8;9;10;12;13"
Root_2268,303.842682,39.541878,7,"1;5;8;9;10;12;13"
Root_2269,112.638048,24.593718,7,"0;5;8;9;10;12;13"
Root_2270,344.393018,44.171478,6,"5;8;9;10;12;13"
Root_2271,85.334602,15.745622,10,"0;1;2;3;4;8;9;10;12;13"
Root_2272,287.803322,36.023382,9,"1;2;3;4;8;9;10;12;13"
Root_2273,119.597450,21.075222,9,"0;2;3;4;8;9;10;12;13"
Root_2274,324.835162,40.652982,8,"2;3;4;8;9;10;12;13"
Root_2275,82.263059,16.671542,9,"0;1;3;4;8;9;10;12;13"
Root_2276,289.032922,36.949302,8,"1;3;4;8;9;10;12;13"
Root_2277,116.197450,22.001142,8,"0;3;4;8;9;10;12;13"
Root_2278,326.990682,41.578902,7,"3;4;8;9;10;12;13"
Root_2279,89.161738,17.659190,9,"0;1;2;4;8;9;10;12;13"
Root_2280,295.946458,37.936950,8,"1;2;4;8;9;10;12;13"
Root_2281,118.183955,22.988790,8,"0;2;4;8;9;10;12;13"
Root_2282,334.891866,42.566550,7,"2;4;8;9;10;12;13"
Root_2283,85.761738,18.585110,8,"0;1;4;8;9;10;12;13"
Root_2284,298.101978,38.862870,7,"1;4;8;9;10;12;13"
Root_2285,115.698666,23.914710,7,"0;4;8;9;10;12;13"
Root_2286,337.973306,43.492470,6,"4;8;9;10;12;13"
Root_2287,84.779018,17.967830,9,"0;1;2;3;8;9;10;12;13"
Root_2288,298.724218,38.245590,8,"1;2;3;8;9;10;12;13"
Root_2289,119.407306,23.297430,8,"0;2;3;8;9;10;12;13"
Root_2290,337.978266,42.875190,7,"2;3;8;9;10;12;13"
Root_2291,82.272768,18.893750,8,"0;1;3;8;9;10;12;13"
Root_2292,300.879738,39.171510,7,"1;3;8;9;10;12;13"
Root_2293,116.933226,24.223350,7,"0;3;8;9;10;12;13"
Root_2294,341.059706,43.801110,6,"3;8;9;10;12;13"
Root_2295,88.354314,19.881398,8,"0;1;2;8;9;10;12;13"
Root_2296,308.780922,40.159158,7,"1;2;8;9;10;12;13"
Root_2297,119.896170,25.210998,7,"0;2;8;9;10;12;13"
Root_2298,349.948538,44.788758,6,"2;8;9;10;12;13"
Root_2299,85.880234,20.807318,7,"0;1;8;9;10;12;13"
Root_2300,311.862362,41.085078,6,"1;8;9;10;12;13"
Root_2301,118.348010,26.136918,6,"0;8;9;10;12;13"
Root_2302,353.955898,45.714678,5,"8;9;10;12;13"
Root_2303,65.369062,12.681440,12,"0;1;2;3;4;5;6;7;9;10;12;13"
Root_2304,292.461360,33.659200,11,"1;2;3;4;5;6;7;9;10;12;13"
Root_2305,114.510928,18.711040,11,"0;2;3;4;5;6;7;9;10;12;13"
Root_2306,327.129018,38.288800,10,"2;3;4;5;6;7;9;10;12;13"
Root_2307,65.361702,13.607360,11,"0;1;3;4;5;6;7;9;10;12;13"
Root_2308,291.839120,34.585120,10,"1;3;4;5;6;7;9;10;12;13"
Root_2309,111.110928,19.636960,10,"0;3;4;5;6;7;9;10;12;13"
Root_2310,327.432698,39.214720,9,"3;4;5;6;7;9;10;12;13"
Root_2311,78.570182,15.295008,11,"0;1;2;4;5;6;7;9;10;12;13"
Root_2312,297.147728,35.572768,10,"1;2;4;5;6;7;9;10;12;13"
Root_2313,115.461616,20.624608,10,"0;2;4;5;6;7;9;10;12;13"
Root_2314,333.728954,40.202368,9,"2;4;5;6;7;9;10;12;13"
Root_2315,75.949254,16.220928,10,"0;1;4;5;6;7;9;10;12;13"
Root_2316,297.451408,36.498688,9,"1;4;5;6;7;9;10;12;13"
Root_2317,112.061616,21.550528,9,"0;4;5;6;7;9;10;12;13"
Root_2318,334.958554,41.128288,8,"4;5;6;7;9;10;12;13"
Root_2319,67.591270,14.903648,11,"0;1;2;3;5;6;7;9;10;12;13"
Root_2320,299.616848,35.881408,10,"1;2;3;5;6;7;9;10;12;13"
Root_2321,114.320784,20.933248,10,"0;2;3;5;6;7;9;10;12;13"
Root_2322,336.506714,40.511008,9,"2;3;5;6;7;9;10;12;13"
Root_2323,65.361702,15.829568,10,"0;1;3;5;6;7;9;10;12;13"
Root_2324,299.920528,36.807328,9,"1;3;5;6;7;9;10;12;13"
Root_2325,111.846704,21.859168,9,"0;3;5;6;7;9;10;12;13"
Root_2326,337.736314,41.436928,8,"3;5;6;7;9;10;12;13"
Root_2327,78.245542,17.517216,10,"0;1;2;5;6;7;9;10;12;13"
Root_2328,306.216784,37.794976,9,"1;2;5;6;7;9;10;12;13"
Root_2329,114.962832,22.846816,9,"0;2;5;6;7;9;10;12;13"
Root_2330,345.020218,42.424576,8,"2;5;6;7;9;10;12;13"
Root_2331,75.288678,18.443136,9,"0;1;5;6;7;9;10;12;13"
Root_2332,307.446384,38.720896,8,"1;5;6;7;9;10;12;13"
Root_2333,113.261488,23.772736,8,"0;5;6;7;9;10;12;13"
Root_2334,347.175738,43.350496,7,"5;6;7;9;10;12;13"
Root_2335,74.456624,14.224640,11,"0;1;2;3;4;6;7;9;10;12;13"
Root_2336,294.925520,35.202400,10,"1;2;3;4;6;7;9;10;12;13"
Root_2337,120.683728,20.254240,10,"0;2;3;4;6;7;9;10;12;13"
Root_2338,331.136378,39.832000,9,"2;3;4;6;7;9;10;12;13"
Root_2339,72.906064,15.150560,10,"0;1;3;4;6;7;9;10;12;13"
Root_2340,295.229200,36.128320,9,"1;3;4;6;7;9;10;12;13"
Root_2341,117.283728,21.180160,9,"0;3;4;6;7;9;10;12;13"
Root_2342,332.365978,40.757920,8,"3;4;6;7;9;10;12;13"
Root_2343,86.585072,16.838208,10,"0;1;2;4;6;7;9;10;12;13"
Root_2344,301.155088,37.115968,9,"1;2;4;6;7;9;10;12;13"
Root_2345,120.091216,22.167808,9,"0;2;4;6;7;9;10;12;13"
Root_2346,339.279514,41.745568,8,"2;4;6;7;9;10;12;13"
Root_2347,83.185072,17.764128,9,"0;1;4;6;7;9;10;12;13"
Root_2348,302.384688,38.041888,8,"1;4;6;7;9;10;12;13"
Root_2349,116.784944,23.093728,8,"0;4;6;7;9;10;12;13"
Root_2350,341.435034,42.671488,7,"4;6;7;9;10;12;13"
Root_2351,75.202352,16.446848,10,"0;1;2;3;6;7;9;10;12;13"
Root_2352,303.624208,37.424608,9,"1;2;3;6;7;9;10;12;13"
Root_2353,120.493584,22.476448,9,"0;2;3;6;7;9;10;12;13"
Root_2354,342.057274,42.054208,8,"2;3;6;7;9;10;12;13"
Root_2355,71.802352,17.372768,9,"0;1;3;6;7;9;10;12;13"
Root_2356,304.853808,38.350528,8,"1;3;6;7;9;10;12;13"
Root_2357,118.019504,23.402368,8,"0;3;6;7;9;10;12;13"
Root_2358,344.212794,42.980128,7,"3;6;7;9;10;12;13"
Root_2359,85.777648,19.060416,9,"0;1;2;6;7;9;10;12;13"
Root_2360,311.767344,39.338176,8,"1;2;6;7;9;10;12;13"
Root_2361,120.982448,24.390016,8,"0;2;6;7;9;10;12;13"
Root_2362,352.113978,43.967776,7,"2;6;7;9;10;12;13"
Root_2363,83.303568,19.986336,8,"0;1;6;7;9;10;12;13"
Root_2364,313.922864,40.264096,7,"1;6;7;9;10;12;13"
Root_2365,119.434288,25.315936,7,"0;6;7;9;10;12;13"
Root_2366,355.195418,44.893696,6,"6;7;9;10;12;13"
Root_2367,78.665344,15.107350,11,"0;1;2;3;4;5;7;9;10;12;13"
Root_2368,301.450170,36.085110,10,"1;2;3;4;5;7;9;10;12;13"
Root_2369,123.202346,21.136950,10,"0;2;3;4;5;7;9;10;12;13"
Root_2370,338.543738,40.714710,9,"2;3;4;5;7;9;10;12;13"
Root_2371,76.232074,16.033270,10,"0;1;3;4;5;7;9;10;12;13"
Root_2372,301.753850,37.011030,9,"1;3;4;5;7;9;10;12;13"
Root_2373,119.802346,22.062870,9,"0;3;4;5;7;9;10;12;13"
Root_2374,339.773338,41.640630,8,"3;4;5;7;9;10;12;13"
Root_2375,89.319616,17.720918,10,"0;1;2;4;5;7;9;10;12;13"
Root_2376,308.050106,37.998678,9,"1;2;4;5;7;9;10;12;13"
Root_2377,121.777642,23.050518,9,"0;2;4;5;7;9;10;12;13"
Root_2378,347.057242,42.628278,8,"2;4;5;7;9;10;12;13"
Root_2379,85.919616,18.646838,9,"0;1;4;5;7;9;10;12;13"
Root_2380,309.279706,38.924598,8,"1;4;5;7;9;10;12;13"
Root_2381,119.303562,23.976438,8,"0;4;5;7;9;10;12;13"
Root_2382,349.212762,43.554198,7,"4;5;7;9;10;12;13"
Root_2383,78.528362,17.329558,10,"0;1;2;3;5;7;9;10;12;13"
Root_2384,310.827866,38.307318,9,"1;2;3;5;7;9;10;12;13"
Root_2385,123.166400,23.359158,9,"0;2;3;5;7;9;10;12;13"
Root_2386,350.143642,42.936918,8,"2;3;5;7;9;10;12;13"
Root_2387,75.383840,18.255478,9,"0;1;3;5;7;9;10;12;13"
Root_2388,312.057466,39.233238,8,"1;3;5;7;9;10;12;13"
Root_2389,120.692320,24.285078,8,"0;3;5;7;9;10;12;13"
Root_2390,352.299162,43.862838,7,"3;5;7;9;10;12;13"
Root_2391,88.512192,19.943126,9,"0;1;2;5;7;9;10;12;13"
Root_2392,319.341370,40.220886,8,"1;2;5;7;9;10;12;13"
Root_2393,124.025632,25.272726,8,"0;2;5;7;9;10;12;13"
Root_2394,360.570714,44.850486,7,"2;5;7;9;10;12;13"
Root_2395,86.038112,20.869046,8,"0;1;5;7;9;10;12;13"
Root_2396,321.496890,41.146806,7,"1;5;7;9;10;12;13"
Root_2397,122.477472,26.198646,7,"0;5;7;9;10;12;13"
Root_2398,363.652154,45.776406,6,"5;7;9;10;12;13"
Root_2399,86.480128,16.650550,10,"0;1;2;3;4;7;9;10;12;13"
Root_2400,305.457530,37.628310,9,"1;2;3;4;7;9;10;12;13"
Root_2401,127.831946,22.680150,9,"0;2;3;4;7;9;10;12;13"
Root_2402,344.094298,42.257910,8,"2;3;4;7;9;10;12;13"
Root_2403,83.080128,17.576470,9,"0;1;3;4;7;9;10;12;13"
Root_2404,306.687130,38.554230,8,"1;3;4;7;9;10;12;13"
Root_2405,124.431946,23.606070,8,"0;3;4;7;9;10;12;13"
Root_2406,346.249818,43.183830,7,"3;4;7;9;10;12;13"
Root_2407,95.791306,19.264118,9,"0;1;2;4;7;9;10;12;13"
Root_2408,313.600666,39.541878,8,"1;2;4;7;9;10;12;13"
Root_2409,126.407242,24.593718,8,"0;2;4;7;9;10;12;13"
Root_2410,354.151002,44.171478,7,"2;4;7;9;10;12;13"
Root_2411,92.391306,20.190038,8,"0;1;4;7;9;10;12;13"
Root_2412,315.756186,40.467798,7,"1;4;7;9;10;12;13"
Root_2413,123.933162,25.519638,7,"0;4;7;9;10;12;13"
Root_2414,357.232442,45.097398,6,"4;7;9;10;12;13"
Root_2415,85.981344,18.872758,9,"0;1;2;3;7;9;10;12;13"
Root_2416,316.378426,39.850518,8,"1;2;3;7;9;10;12;13"
Root_2417,127.641802,24.902358,8,"0;2;3;7;9;10;12;13"
Root_2418,357.237402,44.480118,7,"2;3;7;9;10;12;13"
Root_2419,83.507264,19.798678,8,"0;1;3;7;9;10;12;13"
Root_2420,318.533946,40.776438,7,"1;3;7;9;10;12;13"
Root_2421,125.167722,25.828278,7,"0;3;7;9;10;12;13"
Root_2422,360.318842,45.406038,6,"3;7;9;10;12;13"
Root_2423,94.983882,21.486326,8,"0;1;2;7;9;10;12;13"
Root_2424,326.435130,41.764086,7,"1;2;7;9;10;12;13"
Root_2425,128.130666,26.815926,7,"0;2;7;9;10;12;13"
Root_2426,369.207674,46.393686,6,"2;7;9;10;12;13"
Root_2427,92.509802,22.412246,7,"0;1;7;9;10;12;13"
Root_2428,329.516570,42.690006,6,"1;7;9;10;12;13"
Root_2429,127.324352,27.741846,6,"0;7;9;10;12;13"
Root_2430,373.215034,47.319606,5,"7;9;10;12;13"
Root_2431,90.436944,16.406112,11,"0;1;2;3;4;5;6;9;10;12;13"
Root_2432,307.869882,36.683872,10,"1;2;3;4;5;6;9;10;12;13"
Root_2433,128.319482,21.735712,10,"0;2;3;4;5;6;9;10;12;13"
Root_2434,345.562211,41.313472,9,"2;3;4;5;6;9;10;12;13"
Root_2435,87.036944,17.332032,10,"0;1;3;4;5;6;9;10;12;13"
Root_2436,308.173562,37.609792,9,"1;3;4;5;6;9;10;12;13"
Root_2437,124.919482,22.661632,9,"0;3;4;5;6;9;10;12;13"
Root_2438,346.791811,42.239392,8,"3;4;5;6;9;10;12;13"
Root_2439,93.692560,18.319680,10,"0;1;2;4;5;6;9;10;12;13"
Root_2440,314.469818,38.597440,9,"1;2;4;5;6;9;10;12;13"
Root_2441,126.894778,23.649280,9,"0;2;4;5;6;9;10;12;13"
Root_2442,354.075715,43.227040,8,"2;4;5;6;9;10;12;13"
Root_2443,90.292560,19.245600,9,"0;1;4;5;6;9;10;12;13"
Root_2444,315.699418,39.523360,8,"1;4;5;6;9;10;12;13"
Root_2445,124.420698,24.575200,8,"0;4;5;6;9;10;12;13"
Root_2446,356.231235,44.152960,7,"4;5;6;9;10;12;13"
Root_2447,89.938160,18.628320,10,"0;1;2;3;5;6;9;10;12;13"
Root_2448,317.247578,38.906080,9,"1;2;3;5;6;9;10;12;13"
Root_2449,128.437978,23.957920,9,"0;2;3;5;6;9;10;12;13"
Root_2450,357.162115,43.535680,8,"2;3;5;6;9;10;12;13"
Root_2451,87.464080,19.554240,9,"0;1;3;5;6;9;10;12;13"
Root_2452,318.477178,39.832000,8,"1;3;5;6;9;10;12;13"
Root_2453,125.963898,24.883840,8,"0;3;5;6;9;10;12;13"
Root_2454,359.317635,44.461600,7,"3;5;6;9;10;12;13"
Root_2455,92.885136,20.541888,9,"0;1;2;5;6;9;10;12;13"
Root_2456,325.761082,40.819648,8,"1;2;5;6;9;10;12;13"
Root_2457,129.297210,25.871488,8,"0;2;5;6;9;10;12;13"
Root_2458,367.589187,45.449248,7,"2;5;6;9;10;12;13"
Root_2459,90.411056,21.467808,8,"0;1;5;6;9;10;12;13"
Root_2460,327.916602,41.745568,7,"1;5;6;9;10;12;13"
Root_2461,127.749050,26.797408,7,"0;5;6;9;10;12;13"
Root_2462,370.670627,46.375168,6,"5;6;9;10;12;13"
Root_2463,97.844304,17.949312,10,"0;1;2;3;4;6;9;10;12;13"
Root_2464,311.877242,38.227072,9,"1;2;3;4;6;9;10;12;13"
Root_2465,132.504762,23.278912,9,"0;2;3;4;6;9;10;12;13"
Root_2466,351.112771,42.856672,8,"2;3;4;6;9;10;12;13"
Root_2467,94.444304,18.875232,9,"0;1;3;4;6;9;10;12;13"
Root_2468,313.106842,39.152992,8,"1;3;4;6;9;10;12;13"
Root_2469,129.104762,24.204832,8,"0;3;4;6;9;10;12;13"
Root_2470,353.268291,43.782592,7,"3;4;6;9;10;12;13"
Root_2471,99.556720,19.862880,9,"0;1;2;4;6;9;10;12;13"
Root_2472,320.020378,40.140640,8,"1;2;4;6;9;10;12;13"
Root_2473,131.080058,25.192480,8,"0;2;4;6;9;10;12;13"
Root_2474,361.169475,44.770240,7,"2;4;6;9;10;12;13"
Root_2475,96.156720,20.788800,8,"0;1;4;6;9;10;12;13"
Root_2476,322.175898,41.066560,7,"1;4;6;9;10;12;13"
Root_2477,128.605978,26.118400,7,"0;4;6;9;10;12;13"
Root_2478,364.250915,45.696160,6,"4;6;9;10;12;13"
Root_2479,97.654160,20.171520,9,"0;1;2;3;6;9;10;12;13"
Root_2480,322.798138,40.449280,8,"1;2;3;6;9;10;12;13"
Root_2481,132.314618,25.501120,8,"0;2;3;6;9;10;12;13"
Root_2482,364.255875,45.078880,7,"2;3;6;9;10;12;13"
Root_2483,95.180080,21.097440,8,"0;1;3;6;9;10;12;13"
Root_2484,324.953658,41.375200,7,"1;3;6;9;10;12;13"
Root_2485,129.840538,26.427040,7,"0;3;6;9;10;12;13"
Root_2486,367.337315,46.004800,6,"3;6;9;10;12;13"
Root_2487,99.057936,22.085088,8,"0;1;2;6;9;10;12;13"
Root_2488,332.854842,42.362848,7,"1;2;6;9;10;12;13"
Root_2489,133.218170,27.414688,7,"0;2;6;9;10;12;13"
Root_2490,376.226147,46.992448,6,"2;6;9;10;12;13"
Root_2491,96.594864,23.011008,7,"0;1;6;9;10;12;13"
Root_2492,335.936282,43.288768,6,"1;6;9;10;12;13"
Root_2493,132.595930,28.340608,6,"0;6;9;10;12;13"
Root_2494,380.233507,47.918368,5,"6;9;10;12;13"
Root_2495,101.124650,18.832022,10,"0;1;2;3;4;5;9;10;12;13"
Root_2496,319.284602,39.109782,9,"1;2;3;4;5;9;10;12;13"
Root_2497,134.498570,24.161622,9,"0;2;3;4;5;9;10;12;13"
Root_2498,359.402842,43.739382,8,"2;3;4;5;9;10;12;13"
Root_2499,97.724650,19.757942,9,"0;1;3;4;5;9;10;12;13"
Root_2500,320.514202,40.035702,8,"1;3;4;5;9;10;12;13"
Root_2501,131.098570,25.087542,8,"0;3;4;5;9;10;12;13"
Root_2502,361.558362,44.665302,7,"3;4;5;9;10;12;13"
Root_2503,101.954355,20.745590,9,"0;1;2;4;5;9;10;12;13"
Root_2504,327.798106,41.023350,8,"1;2;4;5;9;10;12;13"
Root_2505,133.444234,26.075190,8,"0;2;4;5;9;10;12;13"
Root_2506,369.829914,45.652950,7,"2;4;5;9;10;12;13"
Root_2507,98.554355,21.671510,8,"0;1;4;5;9;10;12;13"
Root_2508,329.953626,41.949270,7,"1;4;5;9;10;12;13"
Root_2509,130.971264,27.001110,7,"0;4;5;9;10;12;13"
Root_2510,372.911354,46.578870,6,"4;5;9;10;12;13"
Root_2511,100.934506,21.054230,9,"0;1;2;3;5;9;10;12;13"
Root_2512,330.884506,41.331990,8,"1;2;3;5;9;10;12;13"
Root_2513,134.987434,26.383830,8,"0;2;3;5;9;10;12;13"
Root_2514,373.224954,45.961590,7,"2;3;5;9;10;12;13"
Root_2515,98.460426,21.980150,8,"0;1;3;5;9;10;12;13"
Root_2516,333.040026,42.257910,7,"1;3;5;9;10;12;13"
Root_2517,132.823104,27.309750,7,"0;3;5;9;10;12;13"
Root_2518,376.306394,46.887510,6,"3;5;9;10;12;13"
Root_2519,101.455571,22.967798,8,"0;1;2;5;9;10;12;13"
Root_2520,341.311578,43.245558,7,"1;2;5;9;10;12;13"
Root_2521,137.144064,28.297398,7,"0;2;5;9;10;12;13"
Root_2522,385.565594,47.875158,6,"2;5;9;10;12;13"
Root_2523,99.875210,23.893718,7,"0;1;5;9;10;12;13"
Root_2524,344.393018,44.171478,6,"1;5;9;10;12;13"
Root_2525,136.745142,29.223318,6,"0;5;9;10;12;13"
Root_2526,389.572954,48.801078,5,"5;9;10;12;13"
Root_2527,107.297450,20.375222,9,"0;1;2;3;4;9;10;12;13"
Root_2528,324.835162,40.652982,8,"1;2;3;4;9;10;12;13"
Root_2529,136.628307,25.704822,8,"0;2;3;4;9;10;12;13"
Root_2530,366.496602,45.282582,7,"2;3;4;9;10;12;13"
Root_2531,103.897450,21.301142,8,"0;1;3;4;9;10;12;13"
Root_2532,326.990682,41.578902,7,"1;3;4;9;10;12;13"
Root_2533,133.228307,26.630742,7,"0;3;4;9;10;12;13"
Root_2534,369.578042,46.208502,6,"3;4;9;10;12;13"
Root_2535,106.583955,22.288790,8,"0;1;2;4;9;10;12;13"
Root_2536,334.891866,42.566550,7,"1;2;4;9;10;12;13"
Root_2537,135.821994,27.618390,7,"0;2;4;9;10;12;13"
Root_2538,378.466874,47.196150,6,"2;4;9;10;12;13"
Root_2539,103.398666,23.214710,7,"0;1;4;9;10;12;13"
Root_2540,337.973306,43.492470,6,"1;4;9;10;12;13"
Root_2541,134.273834,28.544310,6,"0;4;9;10;12;13"
Root_2542,382.474234,48.122070,5,"4;9;10;12;13"
Root_2543,107.107306,22.597430,8,"0;1;2;3;9;10;12;13"
Root_2544,337.978266,42.875190,7,"1;2;3;9;10;12;13"
Root_2545,137.365194,27.927030,7,"0;2;3;9;10;12;13"
Root_2546,381.861914,47.504790,6,"2;3;9;10;12;13"
Root_2547,104.633226,23.523350,7,"0;1;3;9;10;12;13"
Root_2548,341.059706,43.801110,6,"1;3;9;10;12;13"
Root_2549,135.817034,28.852950,6,"0;3;9;10;12;13"
Root_2550,385.869274,48.430710,5,"3;9;10;12;13"
Root_2551,107.596170,24.510998,7,"0;1;2;9;10;12;13"
Root_2552,349.948538,44.788758,6,"1;2;9;10;12;13"
Root_2553,140.608224,29.840598,6,"0;2;9;10;12;13"
Root_2554,395.745754,49.418358,5,"2;9;10;12;13"
Root_2555,106.048010,25.436918,6,"0;1;9;10;12;13"
Root_2556,353.955898,45.714678,5,"1;9;10;12;13"
Root_2557,143.211459,30.766518,5,"0;9;10;12;13"
Root_2558,400.679034,50.344278,4,"9;10;12;13"
Root_2559,56.370650,11.344416,12,"0;1;2;3;4;5;6;7;8;10;12;13"
Root_2560,270.486192,31.622176,11,"1;2;3;4;5;6;7;8;10;12;13"
Root_2561,91.597456,16.674016,11,"0;2;3;4;5;6;7;8;10;12;13"
Root_2562,303.116826,36.251776,10,"2;3;4;5;6;7;8;10;12;13"
Root_2563,56.370650,12.270336,11,"0;1;3;4;5;6;7;8;10;12;13"
Root_2564,269.863952,32.548096,10,"1;3;4;5;6;7;8;10;12;13"
Root_2565,88.197456,17.599936,10,"0;3;4;5;6;7;8;10;12;13"
Root_2566,303.420506,37.177696,9,"3;4;5;6;7;8;10;12;13"
Root_2567,60.781722,13.257984,11,"0;1;2;4;5;6;7;8;10;12;13"
Root_2568,275.172560,33.535744,10,"1;2;4;5;6;7;8;10;12;13"
Root_2569,94.585168,18.587584,10,"0;2;4;5;6;7;8;10;12;13"
Root_2570,309.716762,38.165344,9,"2;4;5;6;7;8;10;12;13"
Root_2571,60.197818,14.183904,10,"0;1;4;5;6;7;8;10;12;13"
Root_2572,275.476240,34.461664,9,"1;4;5;6;7;8;10;12;13"
Root_2573,91.185168,19.513504,9,"0;4;5;6;7;8;10;12;13"
Root_2574,310.946362,39.091264,8,"4;5;6;7;8;10;12;13"
Root_2575,57.263194,13.566624,11,"0;1;2;3;5;6;7;8;10;12;13"
Root_2576,277.641680,33.844384,10,"1;2;3;5;6;7;8;10;12;13"
Root_2577,91.098672,18.896224,10,"0;2;3;5;6;7;8;10;12;13"
Root_2578,312.494522,38.473984,9,"2;3;5;6;7;8;10;12;13"
Root_2579,56.370650,14.492544,10,"0;1;3;5;6;7;8;10;12;13"
Root_2580,277.945360,34.770304,9,"1;3;5;6;7;8;10;12;13"
Root_2581,88.624592,19.822144,9,"0;3;5;6;7;8;10;12;13"
Root_2582,313.724122,39.399904,8,"3;5;6;7;8;10;12;13"
Root_2583,62.494106,15.480192,10,"0;1;2;5;6;7;8;10;12;13"
Root_2584,284.241616,35.757952,9,"1;2;5;6;7;8;10;12;13"
Root_2585,93.777744,20.809792,9,"0;2;5;6;7;8;10;12;13"
Root_2586,321.008026,40.387552,8,"2;5;6;7;8;10;12;13"
Root_2587,59.687994,16.406112,9,"0;1;5;6;7;8;10;12;13"
Root_2588,285.471216,36.683872,8,"1;5;6;7;8;10;12;13"
Root_2589,92.039376,21.735712,8,"0;5;6;7;8;10;12;13"
Root_2590,323.163546,41.313472,7,"5;6;7;8;10;12;13"
Root_2591,61.606288,12.887616,11,"0;1;2;3;4;6;7;8;10;12;13"
Root_2592,272.950352,33.165376,10,"1;2;3;4;6;7;8;10;12;13"
Root_2593,99.004816,18.217216,10,"0;2;3;4;6;7;8;10;12;13"
Root_2594,307.124186,37.794976,9,"2;3;4;6;7;8;10;12;13"
Root_2595,61.392752,13.813536,10,"0;1;3;4;6;7;8;10;12;13"
Root_2596,273.254032,34.091296,9,"1;3;4;6;7;8;10;12;13"
Root_2597,95.604816,19.143136,9,"0;3;4;6;7;8;10;12;13"
Root_2598,308.353786,38.720896,8,"3;4;6;7;8;10;12;13"
Root_2599,67.346992,14.801184,10,"0;1;2;4;6;7;8;10;12;13"
Root_2600,279.179920,35.078944,9,"1;2;4;6;7;8;10;12;13"
Root_2601,100.449328,20.130784,9,"0;2;4;6;7;8;10;12;13"
Root_2602,315.267322,39.708544,8,"2;4;6;7;8;10;12;13"
Root_2603,65.219888,15.727104,9,"0;1;4;6;7;8;10;12;13"
Root_2604,280.409520,36.004864,8,"1;4;6;7;8;10;12;13"
Root_2605,97.106032,21.056704,8,"0;4;6;7;8;10;12;13"
Root_2606,317.422842,40.634464,7,"4;6;7;8;10;12;13"
Root_2607,63.689040,15.109824,10,"0;1;2;3;6;7;8;10;12;13"
Root_2608,281.649040,35.387584,9,"1;2;3;6;7;8;10;12;13"
Root_2609,98.814672,20.439424,9,"0;2;3;6;7;8;10;12;13"
Root_2610,318.045082,40.017184,8,"2;3;6;7;8;10;12;13"
Root_2611,61.253296,16.035744,9,"0;1;3;6;7;8;10;12;13"
Root_2612,282.878640,36.313504,8,"1;3;6;7;8;10;12;13"
Root_2613,96.705936,21.365344,8,"0;3;6;7;8;10;12;13"
Root_2614,320.200602,40.943104,7,"3;6;7;8;10;12;13"
Root_2615,67.516176,17.023392,9,"0;1;2;6;7;8;10;12;13"
Root_2616,289.792176,37.301152,8,"1;2;6;7;8;10;12;13"
Root_2617,101.303536,22.352992,8,"0;2;6;7;8;10;12;13"
Root_2618,328.101786,41.930752,7,"2;6;7;8;10;12;13"
Root_2619,64.116176,17.949312,8,"0;1;6;7;8;10;12;13"
Root_2620,291.947696,38.227072,7,"1;6;7;8;10;12;13"
Root_2621,100.034288,23.278912,7,"0;6;7;8;10;12;13"
Root_2622,331.183226,42.856672,6,"6;7;8;10;12;13"
Root_2623,65.751872,13.770326,11,"0;1;2;3;4;5;7;8;10;12;13"
Root_2624,279.475002,34.048086,10,"1;2;3;4;5;7;8;10;12;13"
Root_2625,102.017258,19.099926,10,"0;2;3;4;5;7;8;10;12;13"
Root_2626,314.531546,38.677686,9,"2;3;4;5;7;8;10;12;13"
Root_2627,64.655626,14.696246,10,"0;1;3;4;5;7;8;10;12;13"
Root_2628,279.778682,34.974006,9,"1;3;4;5;7;8;10;12;13"
Root_2629,98.617258,20.025846,9,"0;3;4;5;7;8;10;12;13"
Root_2630,315.761146,39.603606,8,"3;4;5;7;8;10;12;13"
Root_2631,71.334634,15.683894,10,"0;1;2;4;5;7;8;10;12;13"
Root_2632,286.074938,35.961654,9,"1;2;4;5;7;8;10;12;13"
Root_2633,102.592554,21.013494,9,"0;2;4;5;7;8;10;12;13"
Root_2634,323.045050,40.591254,8,"2;4;5;7;8;10;12;13"
Root_2635,68.324819,16.609814,9,"0;1;4;5;7;8;10;12;13"
Root_2636,287.304538,36.887574,8,"1;4;5;7;8;10;12;13"
Root_2637,100.118474,21.939414,8,"0;4;5;7;8;10;12;13"
Root_2638,325.200570,41.517174,7,"4;5;7;8;10;12;13"
Root_2639,66.951914,15.992534,10,"0;1;2;3;5;7;8;10;12;13"
Root_2640,288.852698,36.270294,9,"1;2;3;5;7;8;10;12;13"
Root_2641,102.179990,21.322134,9,"0;2;3;5;7;8;10;12;13"
Root_2642,326.131450,40.899894,8,"2;3;5;7;8;10;12;13"
Root_2643,63.633459,16.918454,9,"0;1;3;5;7;8;10;12;13"
Root_2644,290.082298,37.196214,8,"1;3;5;7;8;10;12;13"
Root_2645,100.631830,22.248054,8,"0;3;5;7;8;10;12;13"
Root_2646,328.286970,41.825814,7,"3;5;7;8;10;12;13"
Root_2647,70.621107,17.906102,9,"0;1;2;5;7;8;10;12;13"
Root_2648,297.366202,38.183862,8,"1;2;5;7;8;10;12;13"
Root_2649,104.582422,23.235702,8,"0;2;5;7;8;10;12;13"
Root_2650,336.558522,42.813462,7,"2;5;7;8;10;12;13"
Root_2651,68.053130,18.832022,8,"0;1;5;7;8;10;12;13"
Root_2652,299.521722,39.109782,7,"1;5;7;8;10;12;13"
Root_2653,103.960182,24.161622,7,"0;5;7;8;10;12;13"
Root_2654,339.639962,43.739382,6,"5;7;8;10;12;13"
Root_2655,74.532170,15.313526,10,"0;1;2;3;4;7;8;10;12;13"
Root_2656,283.482362,35.591286,9,"1;2;3;4;7;8;10;12;13"
Root_2657,108.190058,20.643126,9,"0;2;3;4;7;8;10;12;13"
Root_2658,320.082106,40.220886,8,"2;3;4;7;8;10;12;13"
Root_2659,71.892723,16.239446,9,"0;1;3;4;7;8;10;12;13"
Root_2660,284.711962,36.517206,8,"1;3;4;7;8;10;12;13"
Root_2661,105.359104,21.569046,8,"0;3;4;7;8;10;12;13"
Root_2662,322.237626,41.146806,7,"3;4;7;8;10;12;13"
Root_2663,78.571731,17.227094,9,"0;1;2;4;7;8;10;12;13"
Root_2664,291.625498,37.504854,8,"1;2;4;7;8;10;12;13"
Root_2665,108.765354,22.556694,8,"0;2;4;7;8;10;12;13"
Root_2666,330.138810,42.134454,7,"2;4;7;8;10;12;13"
Root_2667,75.171731,18.153014,8,"0;1;4;7;8;10;12;13"
Root_2668,293.781018,38.430774,7,"1;4;7;8;10;12;13"
Root_2669,106.773888,23.482614,7,"0;4;7;8;10;12;13"
Root_2670,333.220250,43.060374,6,"4;7;8;10;12;13"
Root_2671,74.189011,17.535734,9,"0;1;2;3;7;8;10;12;13"
Root_2672,294.403258,37.813494,8,"1;2;3;7;8;10;12;13"
Root_2673,109.865248,22.865334,8,"0;2;3;7;8;10;12;13"
Root_2674,333.225210,42.443094,7,"2;3;7;8;10;12;13"
Root_2675,71.250666,18.461654,8,"0;1;3;7;8;10;12;13"
Root_2676,296.558778,38.739414,7,"1;3;7;8;10;12;13"
Root_2677,108.317088,23.791254,7,"0;3;7;8;10;12;13"
Root_2678,336.306650,43.369014,6,"3;7;8;10;12;13"
Root_2679,77.764307,19.449302,8,"0;1;2;7;8;10;12;13"
Root_2680,304.459962,39.727062,7,"1;2;7;8;10;12;13"
Root_2681,112.267680,24.778902,7,"0;2;7;8;10;12;13"
Root_2682,345.195482,44.356662,6,"2;7;8;10;12;13"
Root_2683,75.290227,20.375222,7,"0;1;7;8;10;12;13"
Root_2684,307.541402,40.652982,6,"1;7;8;10;12;13"
Root_2685,111.645440,25.704822,6,"0;7;8;10;12;13"
Root_2686,349.202842,45.282582,5,"7;8;10;12;13"
Root_2687,70.344442,14.369088,11,"0;1;2;3;4;5;6;8;10;12;13"
Root_2688,285.462618,34.646848,10,"1;2;3;4;5;6;8;10;12;13"
Root_2689,106.578842,19.698688,10,"0;2;3;4;5;6;8;10;12;13"
Root_2690,321.117923,39.276448,9,"2;3;4;5;6;8;10;12;13"
Root_2691,68.649434,15.295008,10,"0;1;3;4;5;6;8;10;12;13"
Root_2692,285.766298,35.572768,9,"1;3;4;5;6;8;10;12;13"
Root_2693,103.178842,20.624608,9,"0;3;4;5;6;8;10;12;13"
Root_2694,322.347523,40.202368,8,"3;4;5;6;8;10;12;13"
Root_2695,75.328442,16.282656,10,"0;1;2;4;5;6;8;10;12;13"
Root_2696,292.062554,36.560416,9,"1;2;4;5;6;8;10;12;13"
Root_2697,107.154138,21.612256,9,"0;2;4;5;6;8;10;12;13"
Root_2698,329.631427,41.190016,8,"2;4;5;6;8;10;12;13"
Root_2699,71.928442,17.208576,9,"0;1;4;5;6;8;10;12;13"
Root_2700,293.292154,37.486336,8,"1;4;5;6;8;10;12;13"
Root_2701,104.680058,22.538176,8,"0;4;5;6;8;10;12;13"
Root_2702,331.786947,42.115936,7,"4;5;6;8;10;12;13"
Root_2703,70.945722,16.591296,10,"0;1;2;3;5;6;8;10;12;13"
Root_2704,294.840314,36.869056,9,"1;2;3;5;6;8;10;12;13"
Root_2705,107.618234,21.920896,9,"0;2;3;5;6;8;10;12;13"
Root_2706,332.717827,41.498656,8,"2;3;5;6;8;10;12;13"
Root_2707,67.545722,17.517216,9,"0;1;3;5;6;8;10;12;13"
Root_2708,296.069914,37.794976,8,"1;3;5;6;8;10;12;13"
Root_2709,106.070074,22.846816,8,"0;3;5;6;8;10;12;13"
Root_2710,334.873347,42.424576,7,"3;5;6;8;10;12;13"
Root_2711,74.521018,18.504864,9,"0;1;2;5;6;8;10;12;13"
Root_2712,303.353818,38.782624,8,"1;2;5;6;8;10;12;13"
Root_2713,110.020666,23.834464,8,"0;2;5;6;8;10;12;13"
Root_2714,343.144899,43.412224,7,"2;5;6;8;10;12;13"
Root_2715,72.046938,19.430784,8,"0;1;5;6;8;10;12;13"
Root_2716,305.509338,39.708544,7,"1;5;6;8;10;12;13"
Root_2717,109.398426,24.760384,7,"0;5;6;8;10;12;13"
Root_2718,346.226339,44.338144,6,"5;6;8;10;12;13"
Root_2719,78.078960,15.912288,10,"0;1;2;3;4;6;8;10;12;13"
Root_2720,289.469978,36.190048,9,"1;2;3;4;6;8;10;12;13"
Root_2721,112.672666,21.241888,9,"0;2;3;4;6;8;10;12;13"
Root_2722,326.668483,40.819648,8,"2;3;4;6;8;10;12;13"
Root_2723,74.840752,16.838208,9,"0;1;3;4;6;8;10;12;13"
Root_2724,290.699578,37.115968,8,"1;3;4;6;8;10;12;13"
Root_2725,110.198586,22.167808,8,"0;3;4;6;8;10;12;13"
Root_2726,328.824003,41.745568,7,"3;4;6;8;10;12;13"
Root_2727,81.828400,17.825856,9,"0;1;2;4;6;8;10;12;13"
Root_2728,297.613114,38.103616,8,"1;2;4;6;8;10;12;13"
Root_2729,113.161530,23.155456,8,"0;2;4;6;8;10;12;13"
Root_2730,336.725187,42.733216,7,"2;4;6;8;10;12;13"
Root_2731,78.428400,18.751776,8,"0;1;4;6;8;10;12;13"
Root_2732,299.768634,39.029536,7,"1;4;6;8;10;12;13"
Root_2733,111.613370,24.081376,7,"0;4;6;8;10;12;13"
Root_2734,339.806627,43.659136,6,"4;6;8;10;12;13"
Root_2735,77.580176,18.134496,9,"0;1;2;3;6;8;10;12;13"
Root_2736,300.390874,38.412256,8,"1;2;3;6;8;10;12;13"
Root_2737,114.704730,23.464096,8,"0;2;3;6;8;10;12;13"
Root_2738,339.811587,43.041856,7,"2;3;6;8;10;12;13"
Root_2739,75.106096,19.060416,8,"0;1;3;6;8;10;12;13"
Root_2740,302.546394,39.338176,7,"1;3;6;8;10;12;13"
Root_2741,113.156570,24.390016,7,"0;3;6;8;10;12;13"
Root_2742,342.893027,43.967776,6,"3;6;8;10;12;13"
Root_2743,81.020976,20.048064,8,"0;1;2;6;8;10;12;13"
Root_2744,310.447578,40.325824,7,"1;2;6;8;10;12;13"
Root_2745,117.107162,25.377664,7,"0;2;6;8;10;12;13"
Root_2746,351.781859,44.955424,6,"2;6;8;10;12;13"
Root_2747,78.546896,20.973984,7,"0;1;6;8;10;12;13"
Root_2748,313.529018,41.251744,6,"1;6;8;10;12;13"
Root_2749,116.484922,26.303584,6,"0;6;8;10;12;13"
Root_2750,355.789219,45.881344,5,"6;8;10;12;13"
Root_2751,81.853130,16.794998,10,"0;1;2;3;4;5;8;10;12;13"
Root_2752,296.877338,37.072758,9,"1;2;3;4;5;8;10;12;13"
Root_2753,115.919552,22.124598,9,"0;2;3;4;5;8;10;12;13"
Root_2754,334.958554,41.702358,8,"2;3;4;5;8;10;12;13"
Root_2755,78.453130,17.720918,9,"0;1;3;4;5;8;10;12;13"
Root_2756,298.106938,37.998678,8,"1;3;4;5;8;10;12;13"
Root_2757,113.445472,23.050518,8,"0;3;4;5;8;10;12;13"
Root_2758,337.114074,42.628278,7,"3;4;5;8;10;12;13"
Root_2759,84.719859,18.708566,9,"0;1;2;4;5;8;10;12;13"
Root_2760,305.390842,38.986326,8,"1;2;4;5;8;10;12;13"
Root_2761,116.408416,24.038166,8,"0;2;4;5;8;10;12;13"
Root_2762,345.385626,43.615926,7,"2;4;5;8;10;12;13"
Root_2763,81.319859,19.634486,8,"0;1;4;5;8;10;12;13"
Root_2764,307.546362,39.912246,7,"1;4;5;8;10;12;13"
Root_2765,114.860256,24.964086,7,"0;4;5;8;10;12;13"
Root_2766,348.467066,44.541846,6,"4;5;8;10;12;13"
Root_2767,81.354346,19.017206,9,"0;1;2;3;5;8;10;12;13"
Root_2768,308.477242,39.294966,8,"1;2;3;5;8;10;12;13"
Root_2769,118.260256,24.346806,8,"0;2;3;5;8;10;12;13"
Root_2770,348.780666,43.924566,7,"2;3;5;8;10;12;13"
Root_2771,78.880266,19.943126,8,"0;1;3;5;8;10;12;13"
Root_2772,310.632762,40.220886,7,"1;3;5;8;10;12;13"
Root_2773,116.712096,25.272726,7,"0;3;5;8;10;12;13"
Root_2774,351.862106,44.850486,6,"3;5;8;10;12;13"
Root_2775,83.912435,20.930774,8,"0;1;2;5;8;10;12;13"
Root_2776,318.904314,41.208534,7,"1;2;5;8;10;12;13"
Root_2777,121.033056,26.260374,7,"0;2;5;8;10;12;13"
Root_2778,361.121306,45.838134,6,"2;5;8;10;12;13"
Root_2779,82.295050,21.856694,7,"0;1;5;8;10;12;13"
Root_2780,321.985754,42.134454,6,"1;5;8;10;12;13"
Root_2781,120.410816,27.186294,6,"0;5;8;10;12;13"
Root_2782,365.128666,46.764054,5,"5;8;10;12;13"
Root_2783,89.260490,18.338198,9,"0;1;2;3;4;8;10;12;13"
Root_2784,302.427898,38.615958,8,"1;2;3;4;8;10;12;13"
Root_2785,121.259146,23.667798,8,"0;2;3;4;8;10;12;13"
Root_2786,342.052314,43.245558,7,"2;3;4;8;10;12;13"
Root_2787,85.860490,19.264118,8,"0;1;3;4;8;10;12;13"
Root_2788,304.583418,39.541878,7,"1;3;4;8;10;12;13"
Root_2789,118.785066,24.593718,7,"0;3;4;8;10;12;13"
Root_2790,345.133754,44.171478,6,"3;4;8;10;12;13"
Root_2791,90.584019,20.251766,8,"0;1;2;4;8;10;12;13"
Root_2792,312.484602,40.529526,7,"1;2;4;8;10;12;13"
Root_2793,121.748010,25.581366,7,"0;2;4;8;10;12;13"
Root_2794,354.022586,45.159126,6,"2;4;8;10;12;13"
Root_2795,87.361706,21.177686,7,"0;1;4;8;10;12;13"
Root_2796,315.566042,41.455446,6,"1;4;8;10;12;13"
Root_2797,120.199850,26.507286,6,"0;4;8;10;12;13"
Root_2798,358.029946,46.085046,5,"4;8;10;12;13"
Root_2799,89.070346,20.560406,8,"0;1;2;3;8;10;12;13"
Root_2800,315.571002,40.838166,7,"1;2;3;8;10;12;13"
Root_2801,123.291210,25.890006,7,"0;2;3;8;10;12;13"
Root_2802,357.417626,45.467766,6,"2;3;8;10;12;13"
Root_2803,87.082592,21.486326,7,"0;1;3;8;10;12;13"
Root_2804,318.652442,41.764086,6,"1;3;8;10;12;13"
Root_2805,121.743050,26.815926,6,"0;3;8;10;12;13"
Root_2806,361.424986,46.393686,5,"3;8;10;12;13"
Root_2807,91.559210,22.473974,7,"0;1;2;8;10;12;13"
Root_2808,327.541274,42.751734,6,"1;2;8;10;12;13"
Root_2809,125.693642,27.803574,6,"0;2;8;10;12;13"
Root_2810,371.301466,47.381334,5,"2;8;10;12;13"
Root_2811,90.410944,23.399894,6,"0;1;8;10;12;13"
Root_2812,331.548634,43.677654,5,"1;8;10;12;13"
Root_2813,125.071402,28.729494,5,"0;8;10;12;13"
Root_2814,376.234746,48.307254,4,"8;10;12;13"
Root_2815,78.298566,15.974016,11,"0;1;2;3;4;5;6;7;10;12;13"
Root_2816,303.116826,36.251776,10,"1;2;3;4;5;6;7;10;12;13"
Root_2817,116.351514,21.303616,10,"0;2;3;4;5;6;7;10;12;13"
Root_2818,340.377059,40.881376,9,"2;3;4;5;6;7;10;12;13"
Root_2819,74.998630,16.899936,10,"0;1;3;4;5;6;7;10;12;13"
Root_2820,303.420506,37.177696,9,"1;3;4;5;6;7;10;12;13"
Root_2821,113.877434,22.229536,9,"0;3;4;5;6;7;10;12;13"
Root_2822,341.606659,41.807296,8,"3;4;5;6;7;10;12;13"
Root_2823,81.986278,17.887584,10,"0;1;2;4;5;6;7;10;12;13"
Root_2824,309.716762,38.165344,9,"1;2;4;5;6;7;10;12;13"
Root_2825,116.840378,23.217184,9,"0;2;4;5;6;7;10;12;13"
Root_2826,348.890563,42.794944,8,"2;4;5;6;7;10;12;13"
Root_2827,78.586278,18.813504,9,"0;1;4;5;6;7;10;12;13"
Root_2828,310.946362,39.091264,8,"1;4;5;6;7;10;12;13"
Root_2829,115.292218,24.143104,8,"0;4;5;6;7;10;12;13"
Root_2830,351.046083,43.720864,7,"4;5;6;7;10;12;13"
Root_2831,77.799782,18.196224,10,"0;1;2;3;5;6;7;10;12;13"
Root_2832,312.494522,38.473984,9,"1;2;3;5;6;7;10;12;13"
Root_2833,118.692218,23.525824,9,"0;2;3;5;6;7;10;12;13"
Root_2834,351.976963,43.103584,8,"2;3;5;6;7;10;12;13"
Root_2835,75.325702,19.122144,9,"0;1;3;5;6;7;10;12;13"
Root_2836,313.724122,39.399904,8,"1;3;5;6;7;10;12;13"
Root_2837,117.144058,24.451744,8,"0;3;5;6;7;10;12;13"
Root_2838,354.132483,44.029504,7,"3;5;6;7;10;12;13"
Root_2839,81.178854,20.109792,9,"0;1;2;5;6;7;10;12;13"
Root_2840,321.008026,40.387552,8,"1;2;5;6;7;10;12;13"
Root_2841,121.465018,25.439392,8,"0;2;5;6;7;10;12;13"
Root_2842,362.404035,45.017152,7,"2;5;6;7;10;12;13"
Root_2843,78.740486,21.035712,8,"0;1;5;6;7;10;12;13"
Root_2844,323.163546,41.313472,7,"1;5;6;7;10;12;13"
Root_2845,120.842778,26.365312,7,"0;5;6;7;10;12;13"
Root_2846,365.485475,45.943072,6,"5;6;7;10;12;13"
Root_2847,86.313456,17.517216,10,"0;1;2;3;4;6;7;10;12;13"
Root_2848,307.124186,37.794976,9,"1;2;3;4;6;7;10;12;13"
Root_2849,122.512090,22.846816,9,"0;2;3;4;6;7;10;12;13"
Root_2850,345.927619,42.424576,8,"2;3;4;6;7;10;12;13"
Root_2851,82.913456,18.443136,9,"0;1;3;4;6;7;10;12;13"
Root_2852,308.353786,38.720896,8,"1;3;4;6;7;10;12;13"
Root_2853,120.038010,23.772736,8,"0;3;4;6;7;10;12;13"
Root_2854,348.083139,43.350496,7,"3;4;6;7;10;12;13"
Root_2855,88.457968,19.430784,9,"0;1;2;4;6;7;10;12;13"
Root_2856,315.267322,39.708544,8,"1;2;4;6;7;10;12;13"
Root_2857,123.000954,24.760384,8,"0;2;4;6;7;10;12;13"
Root_2858,355.984323,44.338144,7,"2;4;6;7;10;12;13"
Root_2859,85.057968,20.356704,8,"0;1;4;6;7;10;12;13"
Root_2860,317.422842,40.634464,7,"1;4;6;7;10;12;13"
Root_2861,121.452794,25.686304,7,"0;4;6;7;10;12;13"
Root_2862,359.065763,45.264064,6,"4;6;7;10;12;13"
Root_2863,85.814672,19.739424,9,"0;1;2;3;6;7;10;12;13"
Root_2864,318.045082,40.017184,8,"1;2;3;6;7;10;12;13"
Root_2865,124.544154,25.069024,8,"0;2;3;6;7;10;12;13"
Root_2866,359.070723,44.646784,7,"2;3;6;7;10;12;13"
Root_2867,83.340592,20.665344,8,"0;1;3;6;7;10;12;13"
Root_2868,320.200602,40.943104,7,"1;3;6;7;10;12;13"
Root_2869,122.995994,25.994944,7,"0;3;6;7;10;12;13"
Root_2870,362.152163,45.572704,6,"3;6;7;10;12;13"
Root_2871,88.303536,21.652992,8,"0;1;2;6;7;10;12;13"
Root_2872,328.101786,41.930752,7,"1;2;6;7;10;12;13"
Root_2873,126.946586,26.982592,7,"0;2;6;7;10;12;13"
Root_2874,371.040995,46.560352,6,"2;6;7;10;12;13"
Root_2875,86.755376,22.578912,7,"0;1;6;7;10;12;13"
Root_2876,331.183226,42.856672,6,"1;6;7;10;12;13"
Root_2877,127.232858,27.908512,6,"0;6;7;10;12;13"
Root_2878,375.048355,47.486272,5,"6;7;10;12;13"
Root_2879,89.418368,18.399926,10,"0;1;2;3;4;5;7;10;12;13"
Root_2880,314.531546,38.677686,9,"1;2;3;4;5;7;10;12;13"
Root_2881,125.388608,23.729526,9,"0;2;3;4;5;7;10;12;13"
Root_2882,354.217690,43.307286,8,"2;3;4;5;7;10;12;13"
Root_2883,86.018368,19.325846,9,"0;1;3;4;5;7;10;12;13"
Root_2884,315.761146,39.603606,8,"1;3;4;5;7;10;12;13"
Root_2885,122.914528,24.655446,8,"0;3;4;5;7;10;12;13"
Root_2886,356.373210,44.233206,7,"3;4;5;7;10;12;13"
Root_2887,90.680170,20.313494,9,"0;1;2;4;5;7;10;12;13"
Root_2888,323.045050,40.591254,8,"1;2;4;5;7;10;12;13"
Root_2889,126.247840,25.643094,8,"0;2;4;5;7;10;12;13"
Root_2890,364.644762,45.220854,7,"2;4;5;7;10;12;13"
Root_2891,87.519584,21.239414,8,"0;1;4;5;7;10;12;13"
Root_2892,325.200570,41.517174,7,"1;4;5;7;10;12;13"
Root_2893,124.699680,26.569014,7,"0;4;5;7;10;12;13"
Root_2894,367.726202,46.146774,6,"4;5;7;10;12;13"
Root_2895,89.228224,20.622134,9,"0;1;2;3;5;7;10;12;13"
Root_2896,326.131450,40.899894,8,"1;2;3;5;7;10;12;13"
Root_2897,128.099680,25.951734,8,"0;2;3;5;7;10;12;13"
Root_2898,368.039802,45.529494,7,"2;3;5;7;10;12;13"
Root_2899,87.302198,21.548054,8,"0;1;3;5;7;10;12;13"
Root_2900,328.286970,41.825814,7,"1;3;5;7;10;12;13"
Root_2901,126.551520,26.877654,7,"0;3;5;7;10;12;13"
Root_2902,371.121242,46.455414,6,"3;5;7;10;12;13"
Root_2903,91.717088,22.535702,8,"0;1;2;5;7;10;12;13"
Root_2904,336.558522,42.813462,7,"1;2;5;7;10;12;13"
Root_2905,131.737782,27.865302,7,"0;2;5;7;10;12;13"
Root_2906,380.380442,47.443062,6,"2;5;7;10;12;13"
Root_2907,90.630550,23.461622,7,"0;1;5;7;10;12;13"
Root_2908,339.639962,43.739382,6,"1;5;7;10;12;13"
Root_2909,132.041462,28.791222,6,"0;5;7;10;12;13"
Root_2910,384.387802,48.368982,5,"5;7;10;12;13"
Root_2911,95.890058,19.943126,9,"0;1;2;3;4;7;10;12;13"
Root_2912,320.082106,40.220886,8,"1;2;3;4;7;10;12;13"
Root_2913,129.493642,25.272726,8,"0;2;3;4;7;10;12;13"
Root_2914,361.311450,44.850486,7,"2;3;4;7;10;12;13"
Root_2915,92.490058,20.869046,8,"0;1;3;4;7;10;12;13"
Root_2916,322.237626,41.146806,7,"1;3;4;7;10;12;13"
Root_2917,127.019562,26.198646,7,"0;3;4;7;10;12;13"
Root_2918,364.392890,45.776406,6,"3;4;7;10;12;13"
Root_2919,96.465354,21.856694,8,"0;1;2;4;7;10;12;13"
Root_2920,330.138810,42.134454,7,"1;2;4;7;10;12;13"
Root_2921,130.168800,27.186294,7,"0;2;4;7;10;12;13"
Root_2922,373.281722,46.764054,6,"2;4;7;10;12;13"
Root_2923,93.991274,22.782614,7,"0;1;4;7;10;12;13"
Root_2924,333.220250,43.060374,6,"1;4;7;10;12;13"
Root_2925,129.546560,28.112214,6,"0;4;7;10;12;13"
Root_2926,377.289082,47.689974,5,"4;7;10;12;13"
Root_2927,96.865248,22.165334,8,"0;1;2;3;7;10;12;13"
Root_2928,333.225210,42.443094,7,"1;2;3;7;10;12;13"
Root_2929,132.020640,27.494934,7,"0;2;3;7;10;12;13"
Root_2930,376.676762,47.072694,6,"2;3;7;10;12;13"
Root_2931,95.317088,23.091254,7,"0;1;3;7;10;12;13"
Root_2932,336.306650,43.369014,6,"1;3;7;10;12;13"
Root_2933,131.398400,28.420854,6,"0;3;7;10;12;13"
Root_2934,380.684122,47.998614,5,"3;7;10;12;13"
Root_2935,99.267680,24.078902,7,"0;1;2;7;10;12;13"
Root_2936,345.195482,44.356662,6,"1;2;7;10;12;13"
Root_2937,136.745142,29.408502,6,"0;2;7;10;12;13"
Root_2938,390.560602,48.986262,5,"2;7;10;12;13"
Root_2939,98.645440,25.004822,6,"0;1;7;10;12;13"
Root_2940,349.202842,45.282582,5,"1;7;10;12;13"
Root_2941,138.643587,30.334422,5,"0;7;10;12;13"
Root_2942,395.493882,49.912182,4,"7;10;12;13"
Root_2943,93.957978,18.998688,10,"0;1;2;3;4;5;6;10;12;13"
Root_2944,321.117923,39.276448,9,"1;2;3;4;5;6;10;12;13"
Root_2945,130.826851,24.328288,9,"0;2;3;4;5;6;10;12;13"
Root_2946,361.402829,43.906048,8,"2;3;4;5;6;10;12;13"
Root_2947,90.557978,19.924608,9,"0;1;3;4;5;6;10;12;13"
Root_2948,322.347523,40.202368,8,"1;3;4;5;6;10;12;13"
Root_2949,128.352771,25.254208,8,"0;3;4;5;6;10;12;13"
Root_2950,363.558349,44.831968,7,"3;4;5;6;10;12;13"
Root_2951,94.621018,20.912256,9,"0;1;2;4;5;6;10;12;13"
Root_2952,329.631427,41.190016,8,"1;2;4;5;6;10;12;13"
Root_2953,131.686083,26.241856,8,"0;2;4;5;6;10;12;13"
Root_2954,371.829901,45.819616,7,"2;4;5;6;10;12;13"
Root_2955,92.059194,21.838176,8,"0;1;4;5;6;10;12;13"
Root_2956,331.786947,42.115936,7,"1;4;5;6;10;12;13"
Root_2957,130.305699,27.167776,7,"0;4;5;6;10;12;13"
Root_2958,374.911341,46.745536,6,"4;5;6;10;12;13"
Root_2959,93.988730,21.220896,9,"0;1;2;3;5;6;10;12;13"
Root_2960,332.717827,41.498656,8,"1;2;3;5;6;10;12;13"
Root_2961,133.537923,26.550496,8,"0;2;3;5;6;10;12;13"
Root_2962,375.224941,46.128256,7,"2;3;5;6;10;12;13"
Root_2963,92.440570,22.146816,8,"0;1;3;5;6;10;12;13"
Root_2964,334.873347,42.424576,7,"1;3;5;6;10;12;13"
Root_2965,132.466179,27.476416,7,"0;3;5;6;10;12;13"
Root_2966,378.306381,47.054176,6,"3;5;6;10;12;13"
Root_2967,96.391162,23.134464,8,"0;1;2;5;6;10;12;13"
Root_2968,343.144899,43.412224,7,"1;2;5;6;10;12;13"
Root_2969,137.774787,28.464064,7,"0;2;5;6;10;12;13"
Root_2970,387.565581,48.041824,6,"2;5;6;10;12;13"
Root_2971,95.768922,24.060384,7,"0;1;5;6;10;12;13"
Root_2972,346.226339,44.338144,6,"1;5;6;10;12;13"
Root_2973,138.078467,29.389984,6,"0;5;6;10;12;13"
Root_2974,391.572941,48.967744,5,"5;6;10;12;13"
Root_2975,100.130778,20.541888,9,"0;1;2;3;4;6;10;12;13"
Root_2976,326.668483,40.819648,8,"1;2;3;4;6;10;12;13"
Root_2977,134.333123,25.871488,8,"0;2;3;4;6;10;12;13"
Root_2978,368.496589,45.449248,7,"2;3;4;6;10;12;13"
Root_2979,97.198586,21.467808,8,"0;1;3;4;6;10;12;13"
Root_2980,328.824003,41.745568,7,"1;3;4;6;10;12;13"
Root_2981,131.859043,26.797408,7,"0;3;4;6;10;12;13"
Root_2982,371.578029,46.375168,6,"3;4;6;10;12;13"
Root_2983,100.706074,22.455456,8,"0;1;2;4;6;10;12;13"
Root_2984,336.725187,42.733216,7,"1;2;4;6;10;12;13"
Root_2985,135.607043,27.785056,7,"0;2;4;6;10;12;13"
Root_2986,380.466861,47.362816,6,"2;4;6;10;12;13"
Root_2987,98.613370,23.381376,7,"0;1;4;6;10;12;13"
Root_2988,339.806627,43.659136,6,"1;4;6;10;12;13"
Root_2989,134.984803,28.710976,6,"0;4;6;10;12;13"
Root_2990,384.474221,48.288736,5,"4;6;10;12;13"
Root_2991,101.704730,22.764096,8,"0;1;2;3;6;10;12;13"
Root_2992,339.811587,43.041856,7,"1;2;3;6;10;12;13"
Root_2993,137.458883,28.093696,7,"0;2;3;6;10;12;13"
Root_2994,383.861901,47.671456,6,"2;3;6;10;12;13"
Root_2995,100.156570,23.690016,7,"0;1;3;6;10;12;13"
Root_2996,342.893027,43.967776,6,"1;3;6;10;12;13"
Root_2997,136.836643,29.019616,6,"0;3;6;10;12;13"
Root_2998,387.869261,48.597376,5,"3;6;10;12;13"
Root_2999,104.107162,24.677664,7,"0;1;2;6;10;12;13"
Root_3000,351.781859,44.955424,6,"1;2;6;10;12;13"
Root_3001,141.796675,30.007264,6,"0;2;6;10;12;13"
Root_3002,397.745741,49.585024,5,"2;6;10;12;13"
Root_3003,103.484922,25.603584,6,"0;1;6;10;12;13"
Root_3004,355.789219,45.881344,5,"1;6;10;12;13"
Root_3005,144.878115,30.933184,5,"0;6;10;12;13"
Root_3006,402.679021,50.510944,4,"6;10;12;13"
Root_3007,102.919552,21.424598,9,"0;1;2;3;4;5;10;12;13"
Root_3008,334.958554,41.702358,8,"1;2;3;4;5;10;12;13"
Root_3009,137.209642,26.754198,8,"0;2;3;4;5;10;12;13"
Root_3010,377.669370,46.331958,7,"2;3;4;5;10;12;13"
Root_3011,100.445472,22.350518,8,"0;1;3;4;5;10;12;13"
Root_3012,337.114074,42.628278,7,"1;3;4;5;10;12;13"
Root_3013,135.415680,27.680118,7,"0;3;4;5;10;12;13"
Root_3014,380.750810,47.257878,6,"3;4;5;10;12;13"
Root_3015,103.408416,23.338166,8,"0;1;2;4;5;10;12;13"
Root_3016,345.385626,43.615926,7,"1;2;4;5;10;12;13"
Root_3017,139.736640,28.667766,7,"0;2;4;5;10;12;13"
Root_3018,390.010010,48.245526,6,"2;4;5;10;12;13"
Root_3019,101.860256,24.264086,7,"0;1;4;5;10;12;13"
Root_3020,348.467066,44.541846,6,"1;4;5;10;12;13"
Root_3021,139.708086,29.593686,6,"0;4;5;10;12;13"
Root_3022,394.017370,49.171446,5,"4;5;10;12;13"
Root_3023,105.260256,23.646806,8,"0;1;2;3;5;10;12;13"
Root_3024,348.780666,43.924566,7,"1;2;3;5;10;12;13"
Root_3025,141.897120,28.976406,7,"0;2;3;5;10;12;13"
Root_3026,393.713690,48.554166,6,"2;3;5;10;12;13"
Root_3027,103.712096,24.572726,7,"0;1;3;5;10;12;13"
Root_3028,351.862106,44.850486,6,"1;3;5;10;12;13"
Root_3029,142.177206,29.902326,6,"0;3;5;10;12;13"
Root_3030,397.721050,49.480086,5,"3;5;10;12;13"
Root_3031,108.033056,25.560374,7,"0;1;2;5;10;12;13"
Root_3032,361.121306,45.838134,6,"1;2;5;10;12;13"
Root_3033,150.253411,30.889974,6,"0;2;5;10;12;13"
Root_3034,407.967898,50.467734,5,"2;5;10;12;13"
Root_3035,107.410816,26.486294,6,"0;1;5;10;12;13"
Root_3036,365.128666,46.764054,5,"1;5;10;12;13"
Root_3037,153.334851,31.815894,5,"0;5;10;12;13"
Root_3038,412.901178,51.393654,4,"5;10;12;13"
Root_3039,108.959146,22.967798,8,"0;1;2;3;4;10;12;13"
Root_3040,342.052314,43.245558,7,"1;2;3;4;10;12;13"
Root_3041,139.587402,28.297398,7,"0;2;3;4;10;12;13"
Root_3042,386.306330,47.875158,6,"2;3;4;10;12;13"
Root_3043,106.485066,23.893718,7,"0;1;3;4;10;12;13"
Root_3044,345.133754,44.171478,6,"1;3;4;10;12;13"
Root_3045,138.262560,29.223318,6,"0;3;4;10;12;13"
Root_3046,390.313690,48.801078,5,"3;4;10;12;13"
Root_3047,109.448010,24.881366,7,"0;1;2;4;10;12;13"
Root_3048,354.022586,45.159126,6,"1;2;4;10;12;13"
Root_3049,143.833699,30.210966,6,"0;2;4;10;12;13"
Root_3050,400.190170,49.788726,5,"2;4;10;12;13"
Root_3051,107.899850,25.807286,6,"0;1;4;10;12;13"
Root_3052,358.029946,46.085046,5,"1;4;10;12;13"
Root_3053,146.915139,31.136886,5,"0;4;10;12;13"
Root_3054,405.123450,50.714646,4,"4;10;12;13"
Root_3055,110.991210,25.190006,7,"0;1;2;3;10;12;13"
Root_3056,357.417626,45.467766,6,"1;2;3;10;12;13"
Root_3057,146.920099,30.519606,6,"0;2;3;10;12;13"
Root_3058,403.893850,50.097366,5,"2;3;10;12;13"
Root_3059,109.443050,26.115926,6,"0;1;3;10;12;13"
Root_3060,361.424986,46.393686,5,"1;3;10;12;13"
Root_3061,150.001539,31.445526,5,"0;3;10;12;13"
Root_3062,408.827130,51.023286,4,"3;10;12;13"
Root_3063,113.497216,27.103574,6,"0;1;2;10;12;13"
Root_3064,371.301466,47.381334,5,"1;2;10;12;13"
Root_3065,158.890371,32.433174,5,"0;2;10;12;13"
Root_3066,419.691258,52.010934,4,"2;10;12;13"
Root_3067,113.800896,28.029494,5,"0;1;10;12;13"
Root_3068,376.234746,48.307254,4,"1;10;12;13"
Root_3069,163.256826,33.359094,4,"0;10;12;13"
Root_3070,425.550458,52.936854,3,"10;12;13"
Root_3071,53.555834,8.977760,12,"0;1;2;3;4;5;6;7;8;9;12;13"
Root_3072,268.619622,29.955520,11,"1;2;3;4;5;6;7;8;9;12;13"
Root_3073,93.408464,15.007360,11,"0;2;3;4;5;6;7;8;9;12;13"
Root_3074,298.839120,34.585120,10,"2;3;4;5;6;7;8;9;12;13"
Root_3075,53.555834,9.903680,11,"0;1;3;4;5;6;7;8;9;12;13"
Root_3076,267.252902,30.881440,10,"1;3;4;5;6;7;8;9;12;13"
Root_3077,90.375184,15.933280,10,"0;3;4;5;6;7;8;9;12;13"
Root_3078,298.442800,35.511040,9,"3;4;5;6;7;8;9;12;13"
Root_3079,61.819920,11.591328,11,"0;1;2;4;5;6;7;8;9;12;13"
Root_3080,271.573862,31.869088,10,"1;2;4;5;6;7;8;9;12;13"
Root_3081,96.066544,16.920928,10,"0;2;4;5;6;7;8;9;12;13"
Root_3082,303.751408,36.498688,9,"2;4;5;6;7;8;9;12;13"
Root_3083,61.819920,12.517248,10,"0;1;4;5;6;7;8;9;12;13"
Root_3084,271.177542,32.795008,9,"1;4;5;6;7;8;9;12;13"
Root_3085,91.966544,17.846848,9,"0;4;5;6;7;8;9;12;13"
Root_3086,304.281008,37.424608,8,"4;5;6;7;8;9;12;13"
Root_3087,53.555834,11.199968,11,"0;1;2;3;5;6;7;8;9;12;13"
Root_3088,273.734342,32.177728,10,"1;2;3;5;6;7;8;9;12;13"
Root_3089,91.375184,17.229568,10,"0;2;3;5;6;7;8;9;12;13"
Root_3090,306.220528,36.807328,9,"2;3;5;6;7;8;9;12;13"
Root_3091,53.555834,12.125888,10,"0;1;3;5;6;7;8;9;12;13"
Root_3092,273.338022,33.103648,9,"1;3;5;6;7;8;9;12;13"
Root_3093,87.586160,18.155488,9,"0;3;5;6;7;8;9;12;13"
Root_3094,306.750128,37.733248,8,"3;5;6;7;8;9;12;13"
Root_3095,62.819920,13.813536,10,"0;1;2;5;6;7;8;9;12;13"
Root_3096,278.646630,34.091296,9,"1;2;5;6;7;8;9;12;13"
Root_3097,94.405968,19.143136,9,"0;2;5;6;7;8;9;12;13"
Root_3098,313.046384,38.720896,8,"2;5;6;7;8;9;12;13"
Root_3099,60.980464,14.739456,9,"0;1;5;6;7;8;9;12;13"
Root_3100,279.176230,35.017216,8,"1;5;6;7;8;9;12;13"
Root_3101,92.157808,20.069056,8,"0;5;6;7;8;9;12;13"
Root_3102,314.501904,39.646816,7,"5;6;7;8;9;12;13"
Root_3103,58.438480,10.520960,11,"0;1;2;3;4;6;7;8;9;12;13"
Root_3104,269.722022,31.498720,10,"1;2;3;4;6;7;8;9;12;13"
Root_3105,99.751750,16.550560,10,"0;2;3;4;6;7;8;9;12;13"
Root_3106,301.529200,36.128320,9,"2;3;4;6;7;8;9;12;13"
Root_3107,58.438480,11.446880,10,"0;1;3;4;6;7;8;9;12;13"
Root_3108,269.325702,32.424640,9,"1;3;4;6;7;8;9;12;13"
Root_3109,95.651750,17.476480,9,"0;3;4;6;7;8;9;12;13"
Root_3110,302.058800,37.054240,8,"3;4;6;7;8;9;12;13"
Root_3111,69.276528,13.134528,10,"0;1;2;4;6;7;8;9;12;13"
Root_3112,274.263942,33.412288,9,"1;2;4;6;7;8;9;12;13"
Root_3113,101.639398,18.464128,9,"0;2;4;6;7;8;9;12;13"
Root_3114,307.984688,38.041888,8,"2;4;6;7;8;9;12;13"
Root_3115,68.116080,14.060448,9,"0;1;4;6;7;8;9;12;13"
Root_3116,274.793542,34.338208,8,"1;4;6;7;8;9;12;13"
Root_3117,98.465318,19.390048,8,"0;4;6;7;8;9;12;13"
Root_3118,309.440208,38.967808,7,"4;6;7;8;9;12;13"
Root_3119,59.207568,12.743168,10,"0;1;2;3;6;7;8;9;12;13"
Root_3120,276.424422,33.720928,9,"1;2;3;6;7;8;9;12;13"
Root_3121,98.029446,18.772768,9,"0;2;3;6;7;8;9;12;13"
Root_3122,310.453808,38.350528,8,"2;3;6;7;8;9;12;13"
Root_3123,58.438480,13.669088,9,"0;1;3;6;7;8;9;12;13"
Root_3124,276.954022,34.646848,8,"1;3;6;7;8;9;12;13"
Root_3125,95.781286,19.698688,8,"0;3;6;7;8;9;12;13"
Root_3126,311.909328,39.276448,7,"3;6;7;8;9;12;13"
Root_3127,69.116080,15.356736,9,"0;1;2;6;7;8;9;12;13"
Root_3128,282.879910,35.634496,8,"1;2;6;7;8;9;12;13"
Root_3129,101.057894,20.686336,8,"0;2;6;7;8;9;12;13"
Root_3130,318.822864,40.264096,7,"2;6;7;8;9;12;13"
Root_3131,65.733424,16.282656,8,"0;1;6;7;8;9;12;13"
Root_3132,284.335430,36.560416,7,"1;6;7;8;9;12;13"
Root_3133,98.809734,21.612256,7,"0;6;7;8;9;12;13"
Root_3134,321.204304,41.190016,6,"6;7;8;9;12;13"
Root_3135,61.285258,11.403670,11,"0;1;2;3;4;5;7;8;9;12;13"
Root_3136,275.363962,32.381430,10,"1;2;3;4;5;7;8;9;12;13"
Root_3137,102.282592,17.433270,10,"0;2;3;4;5;7;8;9;12;13"
Root_3138,308.053850,37.011030,9,"2;3;4;5;7;8;9;12;13"
Root_3139,61.285258,12.329590,10,"0;1;3;4;5;7;8;9;12;13"
Root_3140,274.967642,33.307350,9,"1;3;4;5;7;8;9;12;13"
Root_3141,98.541782,18.359190,9,"0;3;4;5;7;8;9;12;13"
Root_3142,308.583450,37.936950,8,"3;4;5;7;8;9;12;13"
Root_3143,72.690080,14.017238,10,"0;1;2;4;5;7;8;9;12;13"
Root_3144,280.276250,34.294998,9,"1;2;4;5;7;8;9;12;13"
Root_3145,104.170240,19.346838,9,"0;2;4;5;7;8;9;12;13"
Root_3146,314.879706,38.924598,8,"2;4;5;7;8;9;12;13"
Root_3147,70.646922,14.943158,9,"0;1;4;5;7;8;9;12;13"
Root_3148,280.805850,35.220918,8,"1;4;5;7;8;9;12;13"
Root_3149,100.996160,20.272758,8,"0;4;5;7;8;9;12;13"
Root_3150,316.335226,39.850518,7,"4;5;7;8;9;12;13"
Root_3151,62.285258,13.625878,10,"0;1;2;3;5;7;8;9;12;13"
Root_3152,282.745370,34.603638,9,"1;2;3;5;7;8;9;12;13"
Root_3153,101.442998,19.655478,9,"0;2;3;5;7;8;9;12;13"
Root_3154,317.657466,39.233238,8,"2;3;5;7;8;9;12;13"
Root_3155,60.633459,14.551798,9,"0;1;3;5;7;8;9;12;13"
Root_3156,283.274970,35.529558,8,"1;3;5;7;8;9;12;13"
Root_3157,99.194838,20.581398,8,"0;3;5;7;8;9;12;13"
Root_3158,319.112986,40.159158,7,"3;5;7;8;9;12;13"
Root_3159,71.646922,16.239446,9,"0;1;2;5;7;8;9;12;13"
Root_3160,289.571226,36.517206,8,"1;2;5;7;8;9;12;13"
Root_3161,103.588736,21.569046,8,"0;2;5;7;8;9;12;13"
Root_3162,326.396890,41.146806,7,"2;5;7;8;9;12;13"
Root_3163,67.546922,17.165366,8,"0;1;5;7;8;9;12;13"
Root_3164,291.026746,37.443126,7,"1;5;7;8;9;12;13"
Root_3165,101.340576,22.494966,7,"0;5;7;8;9;12;13"
Root_3166,328.778330,42.072726,6,"5;7;8;9;12;13"
Root_3167,69.495146,12.946870,10,"0;1;2;3;4;7;8;9;12;13"
Root_3168,278.054042,33.924630,9,"1;2;3;4;7;8;9;12;13"
Root_3169,109.071488,18.976470,9,"0;2;3;4;7;8;9;12;13"
Root_3170,312.287130,38.554230,8,"2;3;4;7;8;9;12;13"
Root_3171,68.522355,13.872790,9,"0;1;3;4;7;8;9;12;13"
Root_3172,278.583642,34.850550,8,"1;3;4;7;8;9;12;13"
Root_3173,105.897408,19.902390,8,"0;3;4;7;8;9;12;13"
Root_3174,313.742650,39.480150,7,"3;4;7;8;9;12;13"
Root_3175,79.449418,15.560438,9,"0;1;2;4;7;8;9;12;13"
Root_3176,284.509530,35.838198,8,"1;2;4;7;8;9;12;13"
Root_3177,109.982666,20.890038,8,"0;2;4;7;8;9;12;13"
Root_3178,320.656186,40.467798,7,"2;4;7;8;9;12;13"
Root_3179,75.863059,16.486358,8,"0;1;4;7;8;9;12;13"
Root_3180,285.965050,36.764118,7,"1;4;7;8;9;12;13"
Root_3181,106.808586,21.815958,7,"0;4;7;8;9;12;13"
Root_3182,323.037626,41.393718,6,"4;7;8;9;12;13"
Root_3183,69.522355,15.169078,9,"0;1;2;3;7;8;9;12;13"
Root_3184,286.978650,36.146838,8,"1;2;3;7;8;9;12;13"
Root_3185,109.107264,21.198678,8,"0;2;3;7;8;9;12;13"
Root_3186,323.433946,40.776438,7,"2;3;7;8;9;12;13"
Root_3187,66.327357,16.094998,8,"0;1;3;7;8;9;12;13"
Root_3188,288.434170,37.072758,7,"1;3;7;8;9;12;13"
Root_3189,106.859104,22.124598,7,"0;3;7;8;9;12;13"
Root_3190,325.815386,41.702358,6,"3;7;8;9;12;13"
Root_3191,76.863059,17.782646,8,"0;1;2;7;8;9;12;13"
Root_3192,295.347706,38.060406,7,"1;2;7;8;9;12;13"
Root_3193,109.822048,23.112246,7,"0;2;7;8;9;12;13"
Root_3194,333.716570,42.690006,6,"2;7;8;9;12;13"
Root_3195,74.180192,18.708566,7,"0;1;7;8;9;12;13"
Root_3196,297.729146,38.986326,6,"1;7;8;9;12;13"
Root_3197,108.499808,24.038166,6,"0;7;8;9;12;13"
Root_3198,337.023930,43.615926,5,"7;8;9;12;13"
Root_3199,72.264304,12.702432,11,"0;1;2;3;4;5;6;8;9;12;13"
Root_3200,281.184912,32.980192,10,"1;2;3;4;5;6;8;9;12;13"
Root_3201,106.793712,18.032032,10,"0;2;3;4;5;6;8;9;12;13"
Root_3202,314.473562,37.609792,9,"2;3;4;5;6;8;9;12;13"
Root_3203,71.535952,13.628352,10,"0;1;3;4;5;6;8;9;12;13"
Root_3204,280.788592,33.906112,9,"1;3;4;5;6;8;9;12;13"
Root_3205,103.619632,18.957952,9,"0;3;4;5;6;8;9;12;13"
Root_3206,315.003162,38.535712,8,"3;4;5;6;8;9;12;13"
Root_3207,76.548304,14.616000,10,"0;1;2;4;5;6;8;9;12;13"
Root_3208,286.097200,34.893760,9,"1;2;4;5;6;8;9;12;13"
Root_3209,108.649328,19.945600,9,"0;2;4;5;6;8;9;12;13"
Root_3210,321.299418,39.523360,8,"2;4;5;6;8;9;12;13"
Root_3211,73.906384,15.541920,9,"0;1;4;5;6;8;9;12;13"
Root_3212,286.626800,35.819680,8,"1;4;5;6;8;9;12;13"
Root_3213,105.475248,20.871520,8,"0;4;5;6;8;9;12;13"
Root_3214,322.754938,40.449280,7,"4;5;6;8;9;12;13"
Root_3215,72.535952,14.924640,10,"0;1;2;3;5;6;8;9;12;13"
Root_3216,288.566320,35.202400,9,"1;2;3;5;6;8;9;12;13"
Root_3217,106.714576,20.254240,9,"0;2;3;5;6;8;9;12;13"
Root_3218,324.077178,39.832000,8,"2;3;5;6;8;9;12;13"
Root_3219,69.585392,15.850560,9,"0;1;3;5;6;8;9;12;13"
Root_3220,289.095920,36.128320,8,"1;3;5;6;8;9;12;13"
Root_3221,104.466416,21.180160,8,"0;3;5;6;8;9;12;13"
Root_3222,325.532698,40.757920,7,"3;5;6;8;9;12;13"
Root_3223,74.906384,16.838208,9,"0;1;2;5;6;8;9;12;13"
Root_3224,295.392176,37.115968,8,"1;2;5;6;8;9;12;13"
Root_3225,108.261552,22.167808,8,"0;2;5;6;8;9;12;13"
Root_3226,332.816602,41.745568,7,"2;5;6;8;9;12;13"
Root_3227,70.806384,17.764128,8,"0;1;5;6;8;9;12;13"
Root_3228,296.847696,38.041888,7,"1;5;6;8;9;12;13"
Root_3229,106.107120,23.093728,7,"0;5;6;8;9;12;13"
Root_3230,335.198042,42.671488,6,"5;6;8;9;12;13"
Root_3231,79.671568,14.245632,10,"0;1;2;3;4;6;8;9;12;13"
Root_3232,283.874992,34.523392,9,"1;2;3;4;6;8;9;12;13"
Root_3233,113.744304,19.575232,9,"0;2;3;4;6;8;9;12;13"
Root_3234,318.706842,39.152992,8,"2;3;4;6;8;9;12;13"
Root_3235,77.400016,15.171552,9,"0;1;3;4;6;8;9;12;13"
Root_3236,284.404592,35.449312,8,"1;3;4;6;8;9;12;13"
Root_3237,110.570224,20.501152,8,"0;3;4;6;8;9;12;13"
Root_3238,320.162362,40.078912,7,"3;4;6;8;9;12;13"
Root_3239,83.091376,16.159200,9,"0;1;2;4;6;8;9;12;13"
Root_3240,290.330480,36.436960,8,"1;2;4;6;8;9;12;13"
Root_3241,114.056720,21.488800,8,"0;2;4;6;8;9;12;13"
Root_3242,327.075898,41.066560,7,"2;4;6;8;9;12;13"
Root_3243,78.991376,17.085120,8,"0;1;4;6;8;9;12;13"
Root_3244,291.786000,37.362880,7,"1;4;6;8;9;12;13"
Root_3245,110.882640,22.414720,7,"0;4;6;8;9;12;13"
Root_3246,329.457338,41.992480,6,"4;6;8;9;12;13"
Root_3247,78.400016,16.467840,9,"0;1;2;3;6;8;9;12;13"
Root_3248,292.799600,36.745600,8,"1;2;3;6;8;9;12;13"
Root_3249,113.780080,21.797440,8,"0;2;3;6;8;9;12;13"
Root_3250,329.853658,41.375200,7,"2;3;6;8;9;12;13"
Root_3251,74.300016,17.393760,8,"0;1;3;6;8;9;12;13"
Root_3252,294.255120,37.671520,7,"1;3;6;8;9;12;13"
Root_3253,111.531920,22.723360,7,"0;3;6;8;9;12;13"
Root_3254,332.235098,42.301120,6,"3;6;8;9;12;13"
Root_3255,80.669072,18.381408,8,"0;1;2;6;8;9;12;13"
Root_3256,301.168656,38.659168,7,"1;2;6;8;9;12;13"
Root_3257,114.494864,23.711008,7,"0;2;6;8;9;12;13"
Root_3258,340.136282,43.288768,6,"2;6;8;9;12;13"
Root_3259,78.420912,19.307328,7,"0;1;6;8;9;12;13"
Root_3260,303.550096,39.585088,6,"1;6;8;9;12;13"
Root_3261,113.172624,24.636928,6,"0;6;8;9;12;13"
Root_3262,343.443642,44.214688,5,"6;8;9;12;13"
Root_3263,83.085120,15.128342,10,"0;1;2;3;4;5;8;9;12;13"
Root_3264,290.399642,35.406102,9,"1;2;3;4;5;8;9;12;13"
Root_3265,116.478848,20.457942,9,"0;2;3;4;5;8;9;12;13"
Root_3266,326.114202,40.035702,8,"2;3;4;5;8;9;12;13"
Root_3267,79.930858,16.054262,9,"0;1;3;4;5;8;9;12;13"
Root_3268,290.929242,36.332022,8,"1;3;4;5;8;9;12;13"
Root_3269,113.304768,21.383862,8,"0;3;4;5;8;9;12;13"
Root_3270,327.569722,40.961622,7,"3;4;5;8;9;12;13"
Root_3271,85.622218,17.041910,9,"0;1;2;4;5;8;9;12;13"
Root_3272,297.225498,37.319670,8,"1;2;4;5;8;9;12;13"
Root_3273,115.908554,22.371510,8,"0;2;4;5;8;9;12;13"
Root_3274,334.853626,41.949270,7,"2;4;5;8;9;12;13"
Root_3275,81.522218,17.967830,8,"0;1;4;5;8;9;12;13"
Root_3276,298.681018,38.245590,7,"1;4;5;8;9;12;13"
Root_3277,113.031904,23.297430,7,"0;4;5;8;9;12;13"
Root_3278,337.235066,42.875190,6,"4;5;8;9;12;13"
Root_3279,80.930858,17.350550,9,"0;1;2;3;5;8;9;12;13"
Root_3280,300.003258,37.628310,8,"1;2;3;5;8;9;12;13"
Root_3281,116.823264,22.680150,8,"0;2;3;5;8;9;12;13"
Root_3282,337.940026,42.257910,7,"2;3;5;8;9;12;13"
Root_3283,77.383798,18.276470,8,"0;1;3;5;8;9;12;13"
Root_3284,301.458778,38.554230,7,"1;3;5;8;9;12;13"
Root_3285,114.575104,23.606070,7,"0;3;5;8;9;12;13"
Root_3286,340.321466,43.183830,6,"3;5;8;9;12;13"
Root_3287,84.082624,19.264118,8,"0;1;2;5;8;9;12;13"
Root_3288,308.742682,39.541878,7,"1;2;5;8;9;12;13"
Root_3289,117.538048,24.593718,7,"0;2;5;8;9;12;13"
Root_3290,348.593018,44.171478,6,"2;5;8;9;12;13"
Root_3291,81.834464,20.190038,7,"0;1;5;8;9;12;13"
Root_3292,311.124122,40.467798,6,"1;5;8;9;12;13"
Root_3293,116.215808,25.519638,6,"0;5;8;9;12;13"
Root_3294,351.900378,45.097398,5,"5;8;9;12;13"
Root_3295,89.474090,16.671542,9,"0;1;2;3;4;8;9;12;13"
Root_3296,294.632922,36.949302,8,"1;2;3;4;8;9;12;13"
Root_3297,121.797450,22.001142,8,"0;2;3;4;8;9;12;13"
Root_3298,331.890682,41.578902,7,"2;3;4;8;9;12;13"
Root_3299,85.374090,17.597462,8,"0;1;3;4;8;9;12;13"
Root_3300,296.088442,37.875222,7,"1;3;4;8;9;12;13"
Root_3301,118.623370,22.927062,7,"0;3;4;8;9;12;13"
Root_3302,334.272122,42.504822,6,"3;4;8;9;12;13"
Root_3303,91.361738,18.585110,8,"0;1;2;4;8;9;12;13"
Root_3304,303.001978,38.862870,7,"1;2;4;8;9;12;13"
Root_3305,120.598666,23.914710,7,"0;2;4;8;9;12;13"
Root_3306,342.173306,43.492470,6,"2;4;8;9;12;13"
Root_3307,88.187658,19.511030,7,"0;1;4;8;9;12;13"
Root_3308,305.383418,39.788790,6,"1;4;8;9;12;13"
Root_3309,118.350506,24.840630,6,"0;4;8;9;12;13"
Root_3310,345.480666,44.418390,5,"4;8;9;12;13"
Root_3311,87.872768,18.893750,8,"0;1;2;3;8;9;12;13"
Root_3312,305.779738,39.171510,7,"1;2;3;8;9;12;13"
Root_3313,121.833226,24.223350,7,"0;2;3;8;9;12;13"
Root_3314,345.259706,43.801110,6,"2;3;8;9;12;13"
Root_3315,85.624608,19.819670,7,"0;1;3;8;9;12;13"
Root_3316,308.161178,40.097430,6,"1;3;8;9;12;13"
Root_3317,119.585066,25.149270,6,"0;3;8;9;12;13"
Root_3318,348.567066,44.727030,5,"3;8;9;12;13"
Root_3319,90.780234,20.807318,7,"0;1;2;8;9;12;13"
Root_3320,316.062362,41.085078,6,"1;2;8;9;12;13"
Root_3321,122.548010,26.136918,6,"0;2;8;9;12;13"
Root_3322,357.455898,45.714678,5,"2;8;9;12;13"
Root_3323,88.532074,21.733238,6,"0;1;8;9;12;13"
Root_3324,319.369722,42.010998,5,"1;8;9;12;13"
Root_3325,121.225770,27.062838,5,"0;8;9;12;13"
Root_3326,361.689178,46.640598,4,"8;9;12;13"
Root_3327,73.122118,13.607360,11,"0;1;2;3;4;5;6;7;9;12;13"
Root_3328,298.839120,34.585120,10,"1;2;3;4;5;6;7;9;12;13"
Root_3329,117.444144,19.636960,10,"0;2;3;4;5;6;7;9;12;13"
Root_3330,333.732698,39.214720,9,"2;3;4;5;6;7;9;12;13"
Root_3331,71.488838,14.533280,10,"0;1;3;4;5;6;7;9;12;13"
Root_3332,298.442800,35.511040,9,"1;3;4;5;6;7;9;12;13"
Root_3333,114.270064,20.562880,9,"0;3;4;5;6;7;9;12;13"
Root_3334,334.262298,40.140640,8,"3;4;5;6;7;9;12;13"
Root_3335,83.548144,16.220928,10,"0;1;2;4;5;6;7;9;12;13"
Root_3336,303.751408,36.498688,9,"1;2;4;5;6;7;9;12;13"
Root_3337,117.694832,21.550528,9,"0;2;4;5;6;7;9;12;13"
Root_3338,340.558554,41.128288,8,"2;4;5;6;7;9;12;13"
Root_3339,79.448144,17.146848,9,"0;1;4;5;6;7;9;12;13"
Root_3340,304.281008,37.424608,8,"1;4;5;6;7;9;12;13"
Root_3341,114.520752,22.476448,8,"0;4;5;6;7;9;12;13"
Root_3342,342.014074,42.054208,7,"4;5;6;7;9;12;13"
Root_3343,72.488838,15.829568,10,"0;1;2;3;5;6;7;9;12;13"
Root_3344,306.220528,36.807328,9,"1;2;3;5;6;7;9;12;13"
Root_3345,117.788560,21.859168,9,"0;2;3;5;6;7;9;12;13"
Root_3346,343.336314,41.436928,8,"2;3;5;6;7;9;12;13"
Root_3347,68.633350,16.755488,9,"0;1;3;5;6;7;9;12;13"
Root_3348,306.750128,37.733248,8,"1;3;5;6;7;9;12;13"
Root_3349,115.540400,22.785088,8,"0;3;5;6;7;9;12;13"
Root_3350,344.791834,42.362848,7,"3;5;6;7;9;12;13"
Root_3351,81.187568,18.443136,9,"0;1;2;5;6;7;9;12;13"
Root_3352,313.046384,38.720896,8,"1;2;5;6;7;9;12;13"
Root_3353,118.503344,23.772736,8,"0;2;5;6;7;9;12;13"
Root_3354,352.075738,43.350496,7,"2;5;6;7;9;12;13"
Root_3355,78.939408,19.369056,8,"0;1;5;6;7;9;12;13"
Root_3356,314.501904,39.646816,7,"1;5;6;7;9;12;13"
Root_3357,117.181104,24.698656,7,"0;5;6;7;9;12;13"
Root_3358,354.457178,44.276416,6,"5;6;7;9;12;13"
Root_3359,80.906064,15.150560,10,"0;1;2;3;4;6;7;9;12;13"
Root_3360,301.529200,36.128320,9,"1;2;3;4;6;7;9;12;13"
Root_3361,123.583728,21.180160,9,"0;2;3;4;6;7;9;12;13"
Root_3362,337.965978,40.757920,8,"2;3;4;6;7;9;12;13"
Root_3363,77.729584,16.076480,9,"0;1;3;4;6;7;9;12;13"
Root_3364,302.058800,37.054240,8,"1;3;4;6;7;9;12;13"
Root_3365,120.409648,22.106080,8,"0;3;4;6;7;9;12;13"
Root_3366,339.421498,41.683840,7,"3;4;6;7;9;12;13"
Root_3367,88.949446,17.764128,9,"0;1;2;4;6;7;9;12;13"
Root_3368,307.984688,38.041888,8,"1;2;4;6;7;9;12;13"
Root_3369,122.384944,23.093728,8,"0;2;4;6;7;9;12;13"
Root_3370,346.335034,42.671488,7,"2;4;6;7;9;12;13"
Root_3371,85.539494,18.690048,8,"0;1;4;6;7;9;12;13"
Root_3372,309.440208,38.967808,7,"1;4;6;7;9;12;13"
Root_3373,120.136784,24.019648,7,"0;4;6;7;9;12;13"
Root_3374,348.716474,43.597408,6,"4;6;7;9;12;13"
Root_3375,78.729584,17.372768,9,"0;1;2;3;6;7;9;12;13"
Root_3376,310.453808,38.350528,8,"1;2;3;6;7;9;12;13"
Root_3377,123.619504,23.402368,8,"0;2;3;6;7;9;12;13"
Root_3378,349.112794,42.980128,7,"2;3;6;7;9;12;13"
Root_3379,75.226960,18.298688,8,"0;1;3;6;7;9;12;13"
Root_3380,311.909328,39.276448,7,"1;3;6;7;9;12;13"
Root_3381,121.371344,24.328288,7,"0;3;6;7;9;12;13"
Root_3382,351.494234,43.906048,6,"3;6;7;9;12;13"
Root_3383,88.132070,19.986336,8,"0;1;2;6;7;9;12;13"
Root_3384,318.822864,40.264096,7,"1;2;6;7;9;12;13"
Root_3385,124.334288,25.315936,7,"0;2;6;7;9;12;13"
Root_3386,359.395418,44.893696,6,"2;6;7;9;12;13"
Root_3387,85.883910,20.912256,7,"0;1;6;7;9;12;13"
Root_3388,321.204304,41.190016,6,"1;6;7;9;12;13"
Root_3389,123.012048,26.241856,6,"0;6;7;9;12;13"
Root_3390,362.702778,45.819616,5,"6;7;9;12;13"
Root_3391,83.359210,16.033270,10,"0;1;2;3;4;5;7;9;12;13"
Root_3392,308.053850,37.011030,9,"1;2;3;4;5;7;9;12;13"
Root_3393,125.947904,22.062870,9,"0;2;3;4;5;7;9;12;13"
Root_3394,345.373338,41.640630,8,"2;3;4;5;7;9;12;13"
Root_3395,79.300019,16.959190,9,"0;1;3;4;5;7;9;12;13"
Root_3396,308.583450,37.936950,8,"1;3;4;5;7;9;12;13"
Root_3397,122.773824,22.988790,8,"0;3;4;5;7;9;12;13"
Root_3398,346.828858,42.566550,7,"3;4;5;7;9;12;13"
Root_3399,91.818506,18.646838,9,"0;1;2;4;5;7;9;12;13"
Root_3400,314.879706,38.924598,8,"1;2;4;5;7;9;12;13"
Root_3401,124.749120,23.976438,8,"0;2;4;5;7;9;12;13"
Root_3402,354.112762,43.554198,7,"2;4;5;7;9;12;13"
Root_3403,88.644426,19.572758,8,"0;1;4;5;7;9;12;13"
Root_3404,316.335226,39.850518,7,"1;4;5;7;9;12;13"
Root_3405,122.500960,24.902358,7,"0;4;5;7;9;12;13"
Root_3406,356.494202,44.480118,6,"4;5;7;9;12;13"
Root_3407,81.092374,18.255478,9,"0;1;2;3;5;7;9;12;13"
Root_3408,317.657466,39.233238,8,"1;2;3;5;7;9;12;13"
Root_3409,126.292320,24.285078,8,"0;2;3;5;7;9;12;13"
Root_3410,357.199162,43.862838,7,"2;3;5;7;9;12;13"
Root_3411,78.844214,19.181398,8,"0;1;3;5;7;9;12;13"
Root_3412,319.112986,40.159158,7,"1;3;5;7;9;12;13"
Root_3413,124.044160,25.210998,7,"0;3;5;7;9;12;13"
Root_3414,359.580602,44.788758,6,"3;5;7;9;12;13"
Root_3415,91.237002,20.869046,8,"0;1;2;5;7;9;12;13"
Root_3416,326.396890,41.146806,7,"1;2;5;7;9;12;13"
Root_3417,127.377472,26.198646,7,"0;2;5;7;9;12;13"
Root_3418,367.852154,45.776406,6,"2;5;7;9;12;13"
Root_3419,88.988842,21.794966,7,"0;1;5;7;9;12;13"
Root_3420,328.778330,42.072726,6,"1;5;7;9;12;13"
Root_3421,126.179798,27.124566,6,"0;5;7;9;12;13"
Root_3422,371.159514,46.702326,5,"5;7;9;12;13"
Root_3423,89.803658,17.576470,9,"0;1;2;3;4;7;9;12;13"
Root_3424,312.287130,38.554230,8,"1;2;3;4;7;9;12;13"
Root_3425,130.031946,23.606070,8,"0;2;3;4;7;9;12;13"
Root_3426,351.149818,43.183830,7,"2;3;4;7;9;12;13"
Root_3427,86.206048,18.502390,8,"0;1;3;4;7;9;12;13"
Root_3428,313.742650,39.480150,7,"1;3;4;7;9;12;13"
Root_3429,126.857866,24.531990,7,"0;3;4;7;9;12;13"
Root_3430,353.531258,44.109750,6,"3;4;7;9;12;13"
Root_3431,97.682666,20.190038,8,"0;1;2;4;7;9;12;13"
Root_3432,320.656186,40.467798,7,"1;2;4;7;9;12;13"
Root_3433,128.833162,25.519638,7,"0;2;4;7;9;12;13"
Root_3434,361.432442,45.097398,6,"2;4;7;9;12;13"
Root_3435,94.508586,21.115958,7,"0;1;4;7;9;12;13"
Root_3436,323.037626,41.393718,6,"1;4;7;9;12;13"
Root_3437,126.585002,26.445558,6,"0;4;7;9;12;13"
Root_3438,364.739802,46.023318,5,"4;7;9;12;13"
Root_3439,89.107264,19.798678,8,"0;1;2;3;7;9;12;13"
Root_3440,323.433946,40.776438,7,"1;2;3;7;9;12;13"
Root_3441,130.067722,25.828278,7,"0;2;3;7;9;12;13"
Root_3442,364.518842,45.406038,6,"2;3;7;9;12;13"
Root_3443,86.859104,20.724598,7,"0;1;3;7;9;12;13"
Root_3444,325.815386,41.702358,6,"1;3;7;9;12;13"
Root_3445,127.819562,26.754198,6,"0;3;7;9;12;13"
Root_3446,367.826202,46.331958,5,"3;7;9;12;13"
Root_3447,97.409802,22.412246,7,"0;1;2;7;9;12;13"
Root_3448,333.716570,42.690006,6,"1;2;7;9;12;13"
Root_3449,131.524352,27.741846,6,"0;2;7;9;12;13"
Root_3450,376.715034,47.319606,5,"2;7;9;12;13"
Root_3451,95.499808,23.338166,6,"0;1;7;9;12;13"
Root_3452,337.023930,43.615926,5,"1;7;9;12;13"
Root_3453,131.128032,28.667766,5,"0;7;9;12;13"
Root_3454,380.948314,48.245526,4,"7;9;12;13"
Root_3455,94.004912,17.332032,10,"0;1;2;3;4;5;6;9;12;13"
Root_3456,314.473562,37.609792,9,"1;2;3;4;5;6;9;12;13"
Root_3457,131.219482,22.661632,9,"0;2;3;4;5;6;9;12;13"
Root_3458,352.391811,42.239392,8,"2;3;4;5;6;9;12;13"
Root_3459,90.162864,18.257952,9,"0;1;3;4;5;6;9;12;13"
Root_3460,315.003162,38.535712,8,"1;3;4;5;6;9;12;13"
Root_3461,128.045402,23.587552,8,"0;3;4;5;6;9;12;13"
Root_3462,353.847331,43.165312,7,"3;4;5;6;9;12;13"
Root_3463,95.892560,19.245600,9,"0;1;2;4;5;6;9;12;13"
Root_3464,321.299418,39.523360,8,"1;2;4;5;6;9;12;13"
Root_3465,130.020698,24.575200,8,"0;2;4;5;6;9;12;13"
Root_3466,361.131235,44.152960,7,"2;4;5;6;9;12;13"
Root_3467,92.718480,20.171520,8,"0;1;4;5;6;9;12;13"
Root_3468,322.754938,40.449280,7,"1;4;5;6;9;12;13"
Root_3469,127.772538,25.501120,7,"0;4;5;6;9;12;13"
Root_3470,363.512675,45.078880,6,"4;5;6;9;12;13"
Root_3471,93.064080,19.554240,9,"0;1;2;3;5;6;9;12;13"
Root_3472,324.077178,39.832000,8,"1;2;3;5;6;9;12;13"
Root_3473,131.563898,24.883840,8,"0;2;3;5;6;9;12;13"
Root_3474,364.217635,44.461600,7,"2;3;5;6;9;12;13"
Root_3475,90.815920,20.480160,8,"0;1;3;5;6;9;12;13"
Root_3476,325.532698,40.757920,7,"1;3;5;6;9;12;13"
Root_3477,129.315738,25.809760,7,"0;3;5;6;9;12;13"
Root_3478,366.599075,45.387520,6,"3;5;6;9;12;13"
Root_3479,95.311056,21.467808,8,"0;1;2;5;6;9;12;13"
Root_3480,332.816602,41.745568,7,"1;2;5;6;9;12;13"
Root_3481,132.649050,26.797408,7,"0;2;5;6;9;12;13"
Root_3482,374.870627,46.375168,6,"2;5;6;9;12;13"
Root_3483,93.062896,22.393728,7,"0;1;5;6;9;12;13"
Root_3484,335.198042,42.671488,6,"1;5;6;9;12;13"
Root_3485,132.050138,27.723328,6,"0;5;6;9;12;13"
Root_3486,378.177987,47.301088,5,"5;6;9;12;13"
Root_3487,100.744304,18.875232,9,"0;1;2;3;4;6;9;12;13"
Root_3488,318.706842,39.152992,8,"1;2;3;4;6;9;12;13"
Root_3489,134.704762,24.204832,8,"0;2;3;4;6;9;12;13"
Root_3490,358.168291,43.782592,7,"2;3;4;6;9;12;13"
Root_3491,97.570224,19.801152,8,"0;1;3;4;6;9;12;13"
Root_3492,320.162362,40.078912,7,"1;3;4;6;9;12;13"
Root_3493,131.530682,25.130752,7,"0;3;4;6;9;12;13"
Root_3494,360.549731,44.708512,6,"3;4;6;9;12;13"
Root_3495,101.756720,20.788800,8,"0;1;2;4;6;9;12;13"
Root_3496,327.075898,41.066560,7,"1;2;4;6;9;12;13"
Root_3497,133.505978,26.118400,7,"0;2;4;6;9;12;13"
Root_3498,368.450915,45.696160,6,"2;4;6;9;12;13"
Root_3499,98.582640,21.714720,7,"0;1;4;6;9;12;13"
Root_3500,329.457338,41.992480,6,"1;4;6;9;12;13"
Root_3501,131.302138,27.044320,6,"0;4;6;9;12;13"
Root_3502,371.758275,46.622080,5,"4;6;9;12;13"
Root_3503,100.780080,21.097440,8,"0;1;2;3;6;9;12;13"
Root_3504,329.853658,41.375200,7,"1;2;3;6;9;12;13"
Root_3505,134.740538,26.427040,7,"0;2;3;6;9;12;13"
Root_3506,371.537315,46.004800,6,"2;3;6;9;12;13"
Root_3507,98.531920,22.023360,7,"0;1;3;6;9;12;13"
Root_3508,332.235098,42.301120,6,"1;3;6;9;12;13"
Root_3509,132.845338,27.352960,6,"0;3;6;9;12;13"
Root_3510,374.844675,46.930720,5,"3;6;9;12;13"
Root_3511,101.494864,23.011008,7,"0;1;2;6;9;12;13"
Root_3512,340.136282,43.288768,6,"1;2;6;9;12;13"
Root_3513,136.795930,28.340608,6,"0;2;6;9;12;13"
Root_3514,383.733507,47.918368,5,"2;6;9;12;13"
Root_3515,100.172624,23.936928,6,"0;1;6;9;12;13"
Root_3516,343.443642,44.214688,5,"1;6;9;12;13"
Root_3517,136.399610,29.266528,5,"0;6;9;12;13"
Root_3518,387.966787,48.844288,4,"6;9;12;13"
Root_3519,103.478848,19.757942,9,"0;1;2;3;4;5;9;12;13"
Root_3520,326.114202,40.035702,8,"1;2;3;4;5;9;12;13"
Root_3521,136.698570,25.087542,8,"0;2;3;4;5;9;12;13"
Root_3522,366.458362,44.665302,7,"2;3;4;5;9;12;13"
Root_3523,100.304768,20.683862,8,"0;1;3;4;5;9;12;13"
Root_3524,327.569722,40.961622,7,"1;3;4;5;9;12;13"
Root_3525,133.524490,26.013462,7,"0;3;4;5;9;12;13"
Root_3526,368.839802,45.591222,6,"3;4;5;9;12;13"
Root_3527,103.608554,21.671510,8,"0;1;2;4;5;9;12;13"
Root_3528,334.853626,41.949270,7,"1;2;4;5;9;12;13"
Root_3529,135.871264,27.001110,7,"0;2;4;5;9;12;13"
Root_3530,377.111354,46.578870,6,"2;4;5;9;12;13"
Root_3531,100.434474,22.597430,7,"0;1;4;5;9;12;13"
Root_3532,337.235066,42.875190,6,"1;4;5;9;12;13"
Root_3533,134.549024,27.927030,6,"0;4;5;9;12;13"
Root_3534,380.418714,47.504790,5,"4;5;9;12;13"
Root_3535,103.823264,21.980150,8,"0;1;2;3;5;9;12;13"
Root_3536,337.940026,42.257910,7,"1;2;3;5;9;12;13"
Root_3537,137.723104,27.309750,7,"0;2;3;5;9;12;13"
Root_3538,380.506394,46.887510,6,"2;3;5;9;12;13"
Root_3539,101.575104,22.906070,7,"0;1;3;5;9;12;13"
Root_3540,340.321466,43.183830,6,"1;3;5;9;12;13"
Root_3541,136.400864,28.235670,6,"0;3;5;9;12;13"
Root_3542,383.813754,47.813430,5,"3;5;9;12;13"
Root_3543,104.538048,23.893718,7,"0;1;2;5;9;12;13"
Root_3544,348.593018,44.171478,6,"1;2;5;9;12;13"
Root_3545,140.945142,29.223318,6,"0;2;5;9;12;13"
Root_3546,393.072954,48.801078,5,"2;5;9;12;13"
Root_3547,103.215808,24.819638,6,"0;1;5;9;12;13"
Root_3548,351.900378,45.097398,5,"1;5;9;12;13"
Root_3549,141.773219,30.149238,5,"0;5;9;12;13"
Root_3550,397.306234,49.726998,4,"5;9;12;13"
Root_3551,109.497450,21.301142,8,"0;1;2;3;4;9;12;13"
Root_3552,331.890682,41.578902,7,"1;2;3;4;9;12;13"
Root_3553,138.128307,26.630742,7,"0;2;3;4;9;12;13"
Root_3554,373.778042,46.208502,6,"2;3;4;9;12;13"
Root_3555,106.323370,22.227062,7,"0;1;3;4;9;12;13"
Root_3556,334.272122,42.504822,6,"1;3;4;9;12;13"
Root_3557,135.510890,27.556662,6,"0;3;4;9;12;13"
Root_3558,377.085402,47.134422,5,"3;4;9;12;13"
Root_3559,108.298666,23.214710,7,"0;1;2;4;9;12;13"
Root_3560,342.173306,43.492470,6,"1;2;4;9;12;13"
Root_3561,138.473834,28.544310,6,"0;2;4;9;12;13"
Root_3562,385.974234,48.122070,5,"2;4;9;12;13"
Root_3563,106.050506,24.140630,6,"0;1;4;9;12;13"
Root_3564,345.480666,44.418390,5,"1;4;9;12;13"
Root_3565,137.621824,29.470230,5,"0;4;9;12;13"
Root_3566,390.207514,49.047990,4,"4;9;12;13"
Root_3567,109.533226,23.523350,7,"0;1;2;3;9;12;13"
Root_3568,345.259706,43.801110,6,"1;2;3;9;12;13"
Root_3569,140.017034,28.852950,6,"0;2;3;9;12;13"
Root_3570,389.369274,48.430710,5,"2;3;9;12;13"
Root_3571,107.285066,24.449270,6,"0;1;3;9;12;13"
Root_3572,348.567066,44.727030,5,"1;3;9;12;13"
Root_3573,139.473664,29.778870,5,"0;3;9;12;13"
Root_3574,393.602554,49.356630,4,"3;9;12;13"
Root_3575,110.248010,25.436918,6,"0;1;2;9;12;13"
Root_3576,357.455898,45.714678,5,"1;2;9;12;13"
Root_3577,146.711459,30.766518,5,"0;2;9;12;13"
Root_3578,403.479034,50.344278,4,"2;9;12;13"
Root_3579,108.925770,26.362838,5,"0;1;9;12;13"
Root_3580,361.689178,46.640598,4,"1;9;12;13"
Root_3581,150.018819,31.692438,4,"0;9;12;13"
Root_3582,408.638234,51.270198,3,"9;12;13"
Root_3583,61.659376,12.270336,11,"0;1;2;3;4;5;6;7;8;12;13"
Root_3584,276.863952,32.548096,10,"1;2;3;4;5;6;7;8;12;13"
Root_3585,95.115920,17.599936,10,"0;2;3;4;5;6;7;8;12;13"
Root_3586,309.720506,37.177696,9,"2;3;4;5;6;7;8;12;13"
Root_3587,61.363120,13.196256,10,"0;1;3;4;5;6;7;8;12;13"
Root_3588,276.467632,33.474016,9,"1;3;4;5;6;7;8;12;13"
Root_3589,91.541776,18.525856,9,"0;3;4;5;6;7;8;12;13"
Root_3590,310.250106,38.103616,8,"3;4;5;6;7;8;12;13"
Root_3591,66.190288,14.183904,10,"0;1;2;4;5;6;7;8;12;13"
Root_3592,281.776240,34.461664,9,"1;2;4;5;6;7;8;12;13"
Root_3593,97.003568,19.513504,9,"0;2;4;5;6;7;8;12;13"
Root_3594,316.546362,39.091264,8,"2;4;5;6;7;8;12;13"
Root_3595,63.980464,15.109824,9,"0;1;4;5;6;7;8;12;13"
Root_3596,282.305840,35.387584,8,"1;4;5;6;7;8;12;13"
Root_3597,93.829488,20.439424,8,"0;4;5;6;7;8;12;13"
Root_3598,318.001882,40.017184,7,"4;5;6;7;8;12;13"
Root_3599,62.363120,14.492544,10,"0;1;2;3;5;6;7;8;12;13"
Root_3600,284.245360,34.770304,9,"1;2;3;5;6;7;8;12;13"
Root_3601,94.442992,19.822144,9,"0;2;3;5;6;7;8;12;13"
Root_3602,319.324122,39.399904,8,"2;3;5;6;7;8;12;13"
Root_3603,59.844656,15.418464,9,"0;1;3;5;6;7;8;12;13"
Root_3604,284.774960,35.696224,8,"1;3;5;6;7;8;12;13"
Root_3605,92.194832,20.748064,8,"0;3;5;6;7;8;12;13"
Root_3606,320.779642,40.325824,7,"3;5;6;7;8;12;13"
Root_3607,64.980464,16.406112,9,"0;1;2;5;6;7;8;12;13"
Root_3608,291.071216,36.683872,8,"1;2;5;6;7;8;12;13"
Root_3609,97.157776,21.735712,8,"0;2;5;6;7;8;12;13"
Root_3610,328.063546,41.313472,7,"2;5;6;7;8;12;13"
Root_3611,60.880464,17.332032,8,"0;1;5;6;7;8;12;13"
Root_3612,292.526736,37.609792,7,"1;5;6;7;8;12;13"
Root_3613,95.835536,22.661632,7,"0;5;6;7;8;12;13"
Root_3614,330.444986,42.239392,6,"5;6;7;8;12;13"
Root_3615,68.659312,13.813536,10,"0;1;2;3;4;6;7;8;12;13"
Root_3616,279.554032,34.091296,9,"1;2;3;4;6;7;8;12;13"
Root_3617,101.904816,19.143136,9,"0;2;3;4;6;7;8;12;13"
Root_3618,313.953786,38.720896,8,"2;3;4;6;7;8;12;13"
Root_3619,66.819856,14.739456,9,"0;1;3;4;6;7;8;12;13"
Root_3620,280.083632,35.017216,8,"1;3;4;6;7;8;12;13"
Root_3621,98.730736,20.069056,8,"0;3;4;6;7;8;12;13"
Root_3622,315.409306,39.646816,7,"3;4;6;7;8;12;13"
Root_3623,72.486448,15.727104,9,"0;1;2;4;6;7;8;12;13"
Root_3624,286.009520,36.004864,8,"1;2;4;6;7;8;12;13"
Root_3625,102.706032,21.056704,8,"0;2;4;6;7;8;12;13"
Root_3626,322.322842,40.634464,7,"2;4;6;7;8;12;13"
Root_3627,68.733424,16.653024,8,"0;1;4;6;7;8;12;13"
Root_3628,287.465040,36.930784,7,"1;4;6;7;8;12;13"
Root_3629,100.457872,21.982624,7,"0;4;6;7;8;12;13"
Root_3630,324.704282,41.560384,6,"4;6;7;8;12;13"
Root_3631,67.819856,16.035744,9,"0;1;2;3;6;7;8;12;13"
Root_3632,288.478640,36.313504,8,"1;2;3;6;7;8;12;13"
Root_3633,102.305936,21.365344,8,"0;2;3;6;7;8;12;13"
Root_3634,325.100602,40.943104,7,"2;3;6;7;8;12;13"
Root_3635,63.758192,16.961664,8,"0;1;3;6;7;8;12;13"
Root_3636,289.934160,37.239424,7,"1;3;6;7;8;12;13"
Root_3637,100.983696,22.291264,7,"0;3;6;7;8;12;13"
Root_3638,327.482042,41.869024,6,"3;6;7;8;12;13"
Root_3639,69.733424,17.949312,8,"0;1;2;6;7;8;12;13"
Root_3640,296.847696,38.227072,7,"1;2;6;7;8;12;13"
Root_3641,104.934288,23.278912,7,"0;2;6;7;8;12;13"
Root_3642,335.383226,42.856672,6,"2;6;7;8;12;13"
Root_3643,67.383888,18.875232,7,"0;1;6;7;8;12;13"
Root_3644,299.229136,39.152992,6,"1;6;7;8;12;13"
Root_3645,104.537968,24.204832,6,"0;6;7;8;12;13"
Root_3646,338.690586,43.782592,5,"6;7;8;12;13"
Root_3647,72.048096,14.696246,10,"0;1;2;3;4;5;7;8;12;13"
Root_3648,286.078682,34.974006,9,"1;2;3;4;5;7;8;12;13"
Root_3649,104.639360,20.025846,9,"0;2;3;4;5;7;8;12;13"
Root_3650,321.361146,39.603606,8,"2;3;4;5;7;8;12;13"
Root_3651,69.325930,15.622166,9,"0;1;3;4;5;7;8;12;13"
Root_3652,286.608282,35.899926,8,"1;3;4;5;7;8;12;13"
Root_3653,101.465280,20.951766,8,"0;3;4;5;7;8;12;13"
Root_3654,322.816666,40.529526,7,"3;4;5;7;8;12;13"
Root_3655,75.017290,16.609814,9,"0;1;2;4;5;7;8;12;13"
Root_3656,292.904538,36.887574,8,"1;2;4;5;7;8;12;13"
Root_3657,105.440576,21.939414,8,"0;2;4;5;7;8;12;13"
Root_3658,330.100570,41.517174,7,"2;4;5;7;8;12;13"
Root_3659,70.917290,17.535734,8,"0;1;4;5;7;8;12;13"
Root_3660,294.360058,37.813494,7,"1;4;5;7;8;12;13"
Root_3661,103.192416,22.865334,7,"0;4;5;7;8;12;13"
Root_3662,332.482010,42.443094,6,"4;5;7;8;12;13"
Root_3663,70.325930,16.918454,9,"0;1;2;3;5;7;8;12;13"
Root_3664,295.682298,37.196214,8,"1;2;3;5;7;8;12;13"
Root_3665,106.231830,22.248054,8,"0;2;3;5;7;8;12;13"
Root_3666,333.186970,41.825814,7,"2;3;5;7;8;12;13"
Root_3667,66.225930,17.844374,8,"0;1;3;5;7;8;12;13"
Root_3668,297.137818,38.122134,7,"1;3;5;7;8;12;13"
Root_3669,104.909590,23.173974,7,"0;3;5;7;8;12;13"
Root_3670,335.568410,42.751734,6,"3;5;7;8;12;13"
Root_3671,73.045600,18.832022,8,"0;1;2;5;7;8;12;13"
Root_3672,304.421722,39.109782,7,"1;2;5;7;8;12;13"
Root_3673,108.860182,24.161622,7,"0;2;5;7;8;12;13"
Root_3674,343.839962,43.739382,6,"2;5;7;8;12;13"
Root_3675,70.797440,19.757942,7,"0;1;5;7;8;12;13"
Root_3676,306.803162,40.035702,6,"1;5;7;8;12;13"
Root_3677,108.463862,25.087542,6,"0;5;7;8;12;13"
Root_3678,347.147322,44.665302,5,"5;7;8;12;13"
Root_3679,78.498794,16.239446,9,"0;1;2;3;4;7;8;12;13"
Root_3680,290.311962,36.517206,8,"1;2;3;4;7;8;12;13"
Root_3681,110.959104,21.569046,8,"0;2;3;4;7;8;12;13"
Root_3682,327.137626,41.146806,7,"2;3;4;7;8;12;13"
Root_3683,74.398794,17.165366,8,"0;1;3;4;7;8;12;13"
Root_3684,291.767482,37.443126,7,"1;3;4;7;8;12;13"
Root_3685,108.710944,22.494966,7,"0;3;4;7;8;12;13"
Root_3686,329.519066,42.072726,6,"3;4;7;8;12;13"
Root_3687,80.386442,18.153014,8,"0;1;2;4;7;8;12;13"
Root_3688,298.681018,38.430774,7,"1;2;4;7;8;12;13"
Root_3689,111.673888,23.482614,7,"0;2;4;7;8;12;13"
Root_3690,337.420250,43.060374,6,"2;4;7;8;12;13"
Root_3691,77.212362,19.078934,7,"0;1;4;7;8;12;13"
Root_3692,301.062458,39.356694,6,"1;4;7;8;12;13"
Root_3693,110.351648,24.408534,6,"0;4;7;8;12;13"
Root_3694,340.727610,43.986294,5,"4;7;8;12;13"
Root_3695,76.465376,18.461654,8,"0;1;2;3;7;8;12;13"
Root_3696,301.458778,38.739414,7,"1;2;3;7;8;12;13"
Root_3697,113.217088,23.791254,7,"0;2;3;7;8;12;13"
Root_3698,340.506650,43.369014,6,"2;3;7;8;12;13"
Root_3699,74.217216,19.387574,7,"0;1;3;7;8;12;13"
Root_3700,303.840218,39.665334,6,"1;3;7;8;12;13"
Root_3701,111.894848,24.717174,6,"0;3;7;8;12;13"
Root_3702,343.814010,44.294934,5,"3;7;8;12;13"
Root_3703,79.804938,20.375222,7,"0;1;2;7;8;12;13"
Root_3704,311.741402,40.652982,6,"1;2;7;8;12;13"
Root_3705,115.845440,25.704822,6,"0;2;7;8;12;13"
Root_3706,352.702842,45.282582,5,"2;7;8;12;13"
Root_3707,77.857920,21.301142,6,"0;1;7;8;12;13"
Root_3708,315.048762,41.578902,5,"1;7;8;12;13"
Root_3709,115.449120,26.630742,5,"0;7;8;12;13"
Root_3710,356.936122,46.208502,4,"7;8;12;13"
Root_3711,75.906320,15.295008,10,"0;1;2;3;4;5;6;8;12;13"
Root_3712,292.066298,35.572768,9,"1;2;3;4;5;6;8;12;13"
Root_3713,109.478842,20.624608,9,"0;2;3;4;5;6;8;12;13"
Root_3714,327.947523,40.202368,8,"2;3;4;5;6;8;12;13"
Root_3715,72.585392,16.220928,9,"0;1;3;4;5;6;8;12;13"
Root_3716,292.595898,36.498688,8,"1;3;4;5;6;8;12;13"
Root_3717,106.855290,21.550528,8,"0;3;4;5;6;8;12;13"
Root_3718,329.403043,41.128288,7,"3;4;5;6;8;12;13"
Root_3719,78.276752,17.208576,9,"0;1;2;4;5;6;8;12;13"
Root_3720,298.892154,37.486336,8,"1;2;4;5;6;8;12;13"
Root_3721,110.280058,22.538176,8,"0;2;4;5;6;8;12;13"
Root_3722,336.686947,42.115936,7,"2;4;5;6;8;12;13"
Root_3723,74.311248,18.134496,8,"0;1;4;5;6;8;12;13"
Root_3724,300.347674,38.412256,7,"1;4;5;6;8;12;13"
Root_3725,108.495994,23.464096,7,"0;4;5;6;8;12;13"
Root_3726,339.068387,43.041856,6,"4;5;6;8;12;13"
Root_3727,73.585392,17.517216,9,"0;1;2;3;5;6;8;12;13"
Root_3728,301.669914,37.794976,8,"1;2;3;5;6;8;12;13"
Root_3729,111.670074,22.846816,8,"0;2;3;5;6;8;12;13"
Root_3730,339.773347,42.424576,7,"2;3;5;6;8;12;13"
Root_3731,70.371664,18.443136,8,"0;1;3;5;6;8;12;13"
Root_3732,303.125434,38.720896,7,"1;3;5;6;8;12;13"
Root_3733,110.347834,23.772736,7,"0;3;5;6;8;12;13"
Root_3734,342.154787,43.350496,6,"3;5;6;8;12;13"
Root_3735,76.903824,19.430784,8,"0;1;2;5;6;8;12;13"
Root_3736,310.409338,39.708544,7,"1;2;5;6;8;12;13"
Root_3737,114.298426,24.760384,7,"0;2;5;6;8;12;13"
Root_3738,350.426339,44.338144,6,"2;5;6;8;12;13"
Root_3739,74.655664,20.356704,7,"0;1;5;6;8;12;13"
Root_3740,312.790778,40.634464,6,"1;5;6;8;12;13"
Root_3741,113.902106,25.686304,6,"0;5;6;8;12;13"
Root_3742,353.733699,45.264064,5,"5;6;8;12;13"
Root_3743,82.140752,16.838208,9,"0;1;2;3;4;6;8;12;13"
Root_3744,296.299578,37.115968,8,"1;2;3;4;6;8;12;13"
Root_3745,115.798586,22.167808,8,"0;2;3;4;6;8;12;13"
Root_3746,333.724003,41.745568,7,"2;3;4;6;8;12;13"
Root_3747,78.040752,17.764128,8,"0;1;3;4;6;8;12;13"
Root_3748,297.755098,38.041888,7,"1;3;4;6;8;12;13"
Root_3749,113.550426,23.093728,7,"0;3;4;6;8;12;13"
Root_3750,336.105443,42.671488,6,"3;4;6;8;12;13"
Root_3751,84.028400,18.751776,8,"0;1;2;4;6;8;12;13"
Root_3752,304.668634,39.029536,7,"1;2;4;6;8;12;13"
Root_3753,116.513370,24.081376,7,"0;2;4;6;8;12;13"
Root_3754,344.006627,43.659136,6,"2;4;6;8;12;13"
Root_3755,80.854320,19.677696,7,"0;1;4;6;8;12;13"
Root_3756,307.050074,39.955456,6,"1;4;6;8;12;13"
Root_3757,115.191130,25.007296,6,"0;4;6;8;12;13"
Root_3758,347.313987,44.585056,5,"4;6;8;12;13"
Root_3759,80.706096,19.060416,8,"0;1;2;3;6;8;12;13"
Root_3760,307.446394,39.338176,7,"1;2;3;6;8;12;13"
Root_3761,118.056570,24.390016,7,"0;2;3;6;8;12;13"
Root_3762,347.093027,43.967776,6,"2;3;6;8;12;13"
Root_3763,78.457936,19.986336,7,"0;1;3;6;8;12;13"
Root_3764,309.827834,40.264096,6,"1;3;6;8;12;13"
Root_3765,116.734330,25.315936,6,"0;3;6;8;12;13"
Root_3766,350.400387,44.893696,5,"3;6;8;12;13"
Root_3767,83.446896,20.973984,7,"0;1;2;6;8;12;13"
Root_3768,317.729018,41.251744,6,"1;2;6;8;12;13"
Root_3769,120.684922,26.303584,6,"0;2;6;8;12;13"
Root_3770,359.289219,45.881344,5,"2;6;8;12;13"
Root_3771,82.098640,21.899904,6,"0;1;6;8;12;13"
Root_3772,321.036378,42.177664,5,"1;6;8;12;13"
Root_3773,120.288602,27.229504,5,"0;6;8;12;13"
Root_3774,363.522499,46.807264,4,"6;8;12;13"
Root_3775,84.671594,17.720918,9,"0;1;2;3;4;5;8;12;13"
Root_3776,303.706938,37.998678,8,"1;2;3;4;5;8;12;13"
Root_3777,119.045472,23.050518,8,"0;2;3;4;5;8;12;13"
Root_3778,342.014074,42.628278,7,"2;3;4;5;8;12;13"
Root_3779,81.218432,18.646838,8,"0;1;3;4;5;8;12;13"
Root_3780,305.162458,38.924598,7,"1;3;4;5;8;12;13"
Root_3781,116.797312,23.976438,7,"0;3;4;5;8;12;13"
Root_3782,344.395514,43.554198,6,"3;4;5;8;12;13"
Root_3783,86.559242,19.634486,8,"0;1;2;4;5;8;12;13"
Root_3784,312.446362,39.912246,7,"1;2;4;5;8;12;13"
Root_3785,119.760256,24.964086,7,"0;2;4;5;8;12;13"
Root_3786,352.667066,44.541846,6,"2;4;5;8;12;13"
Root_3787,83.385162,20.560406,7,"0;1;4;5;8;12;13"
Root_3788,314.827802,40.838166,6,"1;4;5;8;12;13"
Root_3789,118.438016,25.890006,6,"0;4;5;8;12;13"
Root_3790,355.974426,45.467766,5,"4;5;8;12;13"
Root_3791,84.119648,19.943126,8,"0;1;2;3;5;8;12;13"
Root_3792,315.532762,40.220886,7,"1;2;3;5;8;12;13"
Root_3793,121.612096,25.272726,7,"0;2;3;5;8;12;13"
Root_3794,356.062106,44.850486,6,"2;3;5;8;12;13"
Root_3795,81.871488,20.869046,7,"0;1;3;5;8;12;13"
Root_3796,317.914202,41.146806,6,"1;3;5;8;12;13"
Root_3797,120.289856,26.198646,6,"0;3;5;8;12;13"
Root_3798,359.369466,45.776406,5,"3;5;8;12;13"
Root_3799,86.834432,21.856694,7,"0;1;2;5;8;12;13"
Root_3800,326.185754,42.134454,6,"1;2;5;8;12;13"
Root_3801,124.610816,27.186294,6,"0;2;5;8;12;13"
Root_3802,368.628666,46.764054,5,"2;5;8;12;13"
Root_3803,85.512192,22.782614,6,"0;1;5;8;12;13"
Root_3804,329.493114,43.060374,5,"1;5;8;12;13"
Root_3805,124.214496,28.112214,5,"0;5;8;12;13"
Root_3806,372.861946,47.689974,4,"5;8;12;13"
Root_3807,91.460490,19.264118,8,"0;1;2;3;4;8;12;13"
Root_3808,309.483418,39.541878,7,"1;2;3;4;8;12;13"
Root_3809,123.685066,24.593718,7,"0;2;3;4;8;12;13"
Root_3810,349.333754,44.171478,6,"2;3;4;8;12;13"
Root_3811,88.286410,20.190038,7,"0;1;3;4;8;12;13"
Root_3812,311.864858,40.467798,6,"1;3;4;8;12;13"
Root_3813,121.436906,25.519638,6,"0;3;4;8;12;13"
Root_3814,352.641114,45.097398,5,"3;4;8;12;13"
Root_3815,92.261706,21.177686,7,"0;1;2;4;8;12;13"
Root_3816,319.766042,41.455446,6,"1;2;4;8;12;13"
Root_3817,124.399850,26.507286,6,"0;2;4;8;12;13"
Root_3818,361.529946,46.085046,5,"2;4;8;12;13"
Root_3819,90.013546,22.103606,6,"0;1;4;8;12;13"
Root_3820,323.073402,42.381366,5,"1;4;8;12;13"
Root_3821,123.077610,27.433206,5,"0;4;8;12;13"
Root_3822,365.763226,47.010966,4,"4;8;12;13"
Root_3823,91.982592,21.486326,7,"0;1;2;3;8;12;13"
Root_3824,322.852442,41.764086,6,"1;2;3;8;12;13"
Root_3825,125.943050,26.815926,6,"0;2;3;8;12;13"
Root_3826,364.924986,46.393686,5,"2;3;8;12;13"
Root_3827,90.660352,22.412246,6,"0;1;3;8;12;13"
Root_3828,326.159802,42.690006,5,"1;3;8;12;13"
Root_3829,124.620810,27.741846,5,"0;3;8;12;13"
Root_3830,369.158266,47.319606,4,"3;8;12;13"
Root_3831,94.610944,23.399894,6,"0;1;2;8;12;13"
Root_3832,335.048634,43.677654,5,"1;2;8;12;13"
Root_3833,128.571402,28.729494,5,"0;2;8;12;13"
Root_3834,379.034746,48.307254,4,"2;8;12;13"
Root_3835,94.214624,24.325814,5,"0;1;8;12;13"
Root_3836,339.281914,44.603574,4,"1;8;12;13"
Root_3837,128.830496,29.655414,4,"0;8;12;13"
Root_3838,384.193946,49.233174,3,"8;12;13"
Root_3839,82.597520,16.899936,10,"0;1;2;3;4;5;6;7;12;13"
Root_3840,309.720506,37.177696,9,"1;2;3;4;5;6;7;12;13"
Root_3841,120.177434,22.229536,9,"0;2;3;4;5;6;7;12;13"
Root_3842,347.206659,41.807296,8,"2;3;4;5;6;7;12;13"
Root_3843,78.497520,17.825856,9,"0;1;3;4;5;6;7;12;13"
Root_3844,310.250106,38.103616,8,"1;3;4;5;6;7;12;13"
Root_3845,117.929274,23.155456,8,"0;3;4;5;6;7;12;13"
Root_3846,348.662179,42.733216,7,"3;4;5;6;7;12;13"
Root_3847,84.485168,18.813504,9,"0;1;2;4;5;6;7;12;13"
Root_3848,316.546362,39.091264,8,"1;2;4;5;6;7;12;13"
Root_3849,120.892218,24.143104,8,"0;2;4;5;6;7;12;13"
Root_3850,355.946083,43.720864,7,"2;4;5;6;7;12;13"
Root_3851,81.311088,19.739424,8,"0;1;4;5;6;7;12;13"
Root_3852,318.001882,40.017184,7,"1;4;5;6;7;12;13"
Root_3853,119.569978,25.069024,7,"0;4;5;6;7;12;13"
Root_3854,358.327523,44.646784,6,"4;5;6;7;12;13"
Root_3855,81.224592,19.122144,9,"0;1;2;3;5;6;7;12;13"
Root_3856,319.324122,39.399904,8,"1;2;3;5;6;7;12;13"
Root_3857,122.744058,24.451744,8,"0;2;3;5;6;7;12;13"
Root_3858,359.032483,44.029504,7,"2;3;5;6;7;12;13"
Root_3859,78.976432,20.048064,8,"0;1;3;5;6;7;12;13"
Root_3860,320.779642,40.325824,7,"1;3;5;6;7;12;13"
Root_3861,121.421818,25.377664,7,"0;3;5;6;7;12;13"
Root_3862,361.413923,44.955424,6,"3;5;6;7;12;13"
Root_3863,83.939376,21.035712,8,"0;1;2;5;6;7;12;13"
Root_3864,328.063546,41.313472,7,"1;2;5;6;7;12;13"
Root_3865,125.742778,26.365312,7,"0;2;5;6;7;12;13"
Root_3866,369.685475,45.943072,6,"2;5;6;7;12;13"
Root_3867,82.617136,21.961632,7,"0;1;5;6;7;12;13"
Root_3868,330.444986,42.239392,6,"1;5;6;7;12;13"
Root_3869,125.637690,27.291232,6,"0;5;6;7;12;13"
Root_3870,372.992835,46.868992,5,"5;6;7;12;13"
Root_3871,88.904816,18.443136,9,"0;1;2;3;4;6;7;12;13"
Root_3872,313.953786,38.720896,8,"1;2;3;4;6;7;12;13"
Root_3873,125.638010,23.772736,8,"0;2;3;4;6;7;12;13"
Root_3874,352.983139,43.350496,7,"2;3;4;6;7;12;13"
Root_3875,85.730736,19.369056,8,"0;1;3;4;6;7;12;13"
Root_3876,315.409306,39.646816,7,"1;3;4;6;7;12;13"
Root_3877,123.389850,24.698656,7,"0;3;4;6;7;12;13"
Root_3878,355.364579,44.276416,6,"3;4;6;7;12;13"
Root_3879,90.349328,20.356704,8,"0;1;2;4;6;7;12;13"
Root_3880,322.322842,40.634464,7,"1;2;4;6;7;12;13"
Root_3881,126.352794,25.686304,7,"0;2;4;6;7;12;13"
Root_3882,363.265763,45.264064,6,"2;4;6;7;12;13"
Root_3883,87.457872,21.282624,7,"0;1;4;6;7;12;13"
Root_3884,324.704282,41.560384,6,"1;4;6;7;12;13"
Root_3885,125.030554,26.612224,6,"0;4;6;7;12;13"
Root_3886,366.573123,46.189984,5,"4;6;7;12;13"
Root_3887,88.940592,20.665344,8,"0;1;2;3;6;7;12;13"
Root_3888,325.100602,40.943104,7,"1;2;3;6;7;12;13"
Root_3889,127.895994,25.994944,7,"0;2;3;6;7;12;13"
Root_3890,366.352163,45.572704,6,"2;3;6;7;12;13"
Root_3891,87.283696,21.591264,7,"0;1;3;6;7;12;13"
Root_3892,327.482042,41.869024,6,"1;3;6;7;12;13"
Root_3893,126.573754,26.920864,6,"0;3;6;7;12;13"
Root_3894,369.659523,46.498624,5,"3;6;7;12;13"
Root_3895,91.655376,22.578912,7,"0;1;2;6;7;12;13"
Root_3896,335.383226,42.856672,6,"1;2;6;7;12;13"
Root_3897,131.432858,27.908512,6,"0;2;6;7;12;13"
Root_3898,378.548355,47.486272,5,"2;6;7;12;13"
Root_3899,90.837968,23.504832,6,"0;1;6;7;12;13"
Root_3900,338.690586,43.782592,5,"1;6;7;12;13"
Root_3901,131.962458,28.834432,5,"0;6;7;12;13"
Root_3902,382.781635,48.412192,4,"6;7;12;13"
Root_3903,91.917258,19.325846,9,"0;1;2;3;4;5;7;12;13"
Root_3904,321.361146,39.603606,8,"1;2;3;4;5;7;12;13"
Root_3905,128.514528,24.655446,8,"0;2;3;4;5;7;12;13"
Root_3906,361.273210,44.233206,7,"2;3;4;5;7;12;13"
Root_3907,88.743178,20.251766,8,"0;1;3;4;5;7;12;13"
Root_3908,322.816666,40.529526,7,"1;3;4;5;7;12;13"
Root_3909,126.266368,25.581366,7,"0;3;4;5;7;12;13"
Root_3910,363.654650,45.159126,6,"3;4;5;7;12;13"
Root_3911,92.718474,21.239414,8,"0;1;2;4;5;7;12;13"
Root_3912,330.100570,41.517174,7,"1;2;4;5;7;12;13"
Root_3913,129.599680,26.569014,7,"0;2;4;5;7;12;13"
Root_3914,371.926202,46.146774,6,"2;4;5;7;12;13"
Root_3915,90.470314,22.165334,7,"0;1;4;5;7;12;13"
Root_3916,332.482010,42.443094,6,"1;4;5;7;12;13"
Root_3917,128.772374,27.494934,6,"0;4;5;7;12;13"
Root_3918,375.233562,47.072694,5,"4;5;7;12;13"
Root_3919,92.531830,21.548054,8,"0;1;2;3;5;7;12;13"
Root_3920,333.186970,41.825814,7,"1;2;3;5;7;12;13"
Root_3921,131.451520,26.877654,7,"0;2;3;5;7;12;13"
Root_3922,375.321242,46.455414,6,"2;3;5;7;12;13"
Root_3923,91.209590,22.473974,7,"0;1;3;5;7;12;13"
Root_3924,335.568410,42.751734,6,"1;3;5;7;12;13"
Root_3925,130.932854,27.803574,6,"0;3;5;7;12;13"
Root_3926,378.628602,47.381334,5,"3;5;7;12;13"
Root_3927,95.160182,23.461622,7,"0;1;2;5;7;12;13"
Root_3928,343.839962,43.739382,6,"1;2;5;7;12;13"
Root_3929,136.241462,28.791222,6,"0;2;5;7;12;13"
Root_3930,387.887802,48.368982,5,"2;5;7;12;13"
Root_3931,94.763862,24.387542,6,"0;1;5;7;12;13"
Root_3932,347.147322,44.665302,5,"1;5;7;12;13"
Root_3933,137.488205,29.717142,5,"0;5;7;12;13"
Root_3934,392.121082,49.294902,4,"5;7;12;13"
Root_3935,98.090058,20.869046,8,"0;1;2;3;4;7;12;13"
Root_3936,327.137626,41.146806,7,"1;2;3;4;7;12;13"
Root_3937,131.919562,26.198646,7,"0;2;3;4;7;12;13"
Root_3938,368.592890,45.776406,6,"2;3;4;7;12;13"
Root_3939,95.710944,21.794966,7,"0;1;3;4;7;12;13"
Root_3940,329.519066,42.072726,6,"1;3;4;7;12;13"
Root_3941,129.795968,27.124566,6,"0;3;4;7;12;13"
Root_3942,371.900250,46.702326,5,"3;4;7;12;13"
Root_3943,98.891274,22.782614,7,"0;1;2;4;7;12;13"
Root_3944,337.420250,43.060374,6,"1;2;4;7;12;13"
Root_3945,133.746560,28.112214,6,"0;2;4;7;12;13"
Root_3946,380.789082,47.689974,5,"2;4;7;12;13"
Root_3947,97.351648,23.708534,6,"0;1;4;7;12;13"
Root_3948,340.727610,43.986294,5,"1;4;7;12;13"
Root_3949,133.388374,29.038134,5,"0;4;7;12;13"
Root_3950,385.022362,48.615894,4,"4;7;12;13"
Root_3951,100.217088,23.091254,7,"0;1;2;3;7;12;13"
Root_3952,340.506650,43.369014,6,"1;2;3;7;12;13"
Root_3953,135.598400,28.420854,6,"0;2;3;7;12;13"
Root_3954,384.184122,47.998614,5,"2;3;7;12;13"
Root_3955,98.894848,24.017174,6,"0;1;3;7;12;13"
Root_3956,343.814010,44.294934,5,"1;3;7;12;13"
Root_3957,135.548854,29.346774,5,"0;3;7;12;13"
Root_3958,388.417402,48.924534,4,"3;7;12;13"
Root_3959,102.845440,25.004822,6,"0;1;2;7;12;13"
Root_3960,352.702842,45.282582,5,"1;2;7;12;13"
Root_3961,142.143587,30.334422,5,"0;2;7;12;13"
Root_3962,398.293882,49.912182,4,"2;7;12;13"
Root_3963,102.449120,25.930742,5,"0;1;7;12;13"
Root_3964,356.936122,46.208502,4,"1;7;12;13"
Root_3965,145.450947,31.260342,4,"0;7;12;13"
Root_3966,403.453082,50.838102,3,"7;12;13"
Root_3967,96.478842,19.924608,9,"0;1;2;3;4;5;6;12;13"
Root_3968,327.947523,40.202368,8,"1;2;3;4;5;6;12;13"
Root_3969,133.952771,25.254208,8,"0;2;3;4;5;6;12;13"
Root_3970,368.458349,44.831968,7,"2;3;4;5;6;12;13"
Root_3971,93.304762,20.850528,8,"0;1;3;4;5;6;12;13"
Root_3972,329.403043,41.128288,7,"1;3;4;5;6;12;13"
Root_3973,131.704611,26.180128,7,"0;3;4;5;6;12;13"
Root_3974,370.839789,45.757888,6,"3;4;5;6;12;13"
Root_3975,97.280058,21.838176,8,"0;1;2;4;5;6;12;13"
Root_3976,336.686947,42.115936,7,"1;2;4;5;6;12;13"
Root_3977,135.205699,27.167776,7,"0;2;4;5;6;12;13"
Root_3978,379.111341,46.745536,6,"2;4;5;6;12;13"
Root_3979,95.031898,22.764096,7,"0;1;4;5;6;12;13"
Root_3980,339.068387,43.041856,6,"1;4;5;6;12;13"
Root_3981,134.809379,28.093696,6,"0;4;5;6;12;13"
Root_3982,382.418701,47.671456,5,"4;5;6;12;13"
Root_3983,97.970074,22.146816,8,"0;1;2;3;5;6;12;13"
Root_3984,339.773347,42.424576,7,"1;2;3;5;6;12;13"
Root_3985,137.366179,27.476416,7,"0;2;3;5;6;12;13"
Root_3986,382.506381,47.054176,6,"2;3;5;6;12;13"
Root_3987,96.647834,23.072736,7,"0;1;3;5;6;12;13"
Root_3988,342.154787,43.350496,6,"1;3;5;6;12;13"
Root_3989,136.969859,28.402336,6,"0;3;5;6;12;13"
Root_3990,385.813741,47.980096,5,"3;5;6;12;13"
Root_3991,100.598426,24.060384,7,"0;1;2;5;6;12;13"
Root_3992,350.426339,44.338144,6,"1;2;5;6;12;13"
Root_3993,142.278467,29.389984,6,"0;2;5;6;12;13"
Root_3994,395.072941,48.967744,5,"2;5;6;12;13"
Root_3995,100.202106,24.986304,6,"0;1;5;6;12;13"
Root_3996,353.733699,45.264064,5,"1;5;6;12;13"
Root_3997,143.439875,30.315904,5,"0;5;6;12;13"
Root_3998,399.306221,49.893664,4,"5;6;12;13"
Root_3999,102.798586,21.467808,8,"0;1;2;3;4;6;12;13"
Root_4000,333.724003,41.745568,7,"1;2;3;4;6;12;13"
Root_4001,136.759043,26.797408,7,"0;2;3;4;6;12;13"
Root_4002,375.778029,46.375168,6,"2;3;4;6;12;13"
Root_4003,100.550426,22.393728,7,"0;1;3;4;6;12;13"
Root_4004,336.105443,42.671488,6,"1;3;4;6;12;13"
Root_4005,135.234211,27.723328,6,"0;3;4;6;12;13"
Root_4006,379.085389,47.301088,5,"3;4;6;12;13"
Root_4007,103.513370,23.381376,7,"0;1;2;4;6;12;13"
Root_4008,344.006627,43.659136,6,"1;2;4;6;12;13"
Root_4009,139.184803,28.710976,6,"0;2;4;6;12;13"
Root_4010,387.974221,48.288736,5,"2;4;6;12;13"
Root_4011,102.191130,24.307296,6,"0;1;4;6;12;13"
Root_4012,347.313987,44.585056,5,"1;4;6;12;13"
Root_4013,138.788483,29.636896,5,"0;4;6;12;13"
Root_4014,392.207501,49.214656,4,"4;6;12;13"
Root_4015,105.056570,23.690016,7,"0;1;2;3;6;12;13"
Root_4016,347.093027,43.967776,6,"1;2;3;6;12;13"
Root_4017,141.036643,29.019616,6,"0;2;3;6;12;13"
Root_4018,391.369261,48.597376,5,"2;3;6;12;13"
Root_4019,103.734330,24.615936,6,"0;1;3;6;12;13"
Root_4020,350.400387,44.893696,5,"1;3;6;12;13"
Root_4021,140.640323,29.945536,5,"0;3;6;12;13"
Root_4022,395.602541,49.523296,4,"3;6;12;13"
Root_4023,107.684922,25.603584,6,"0;1;2;6;12;13"
Root_4024,359.289219,45.881344,5,"1;2;6;12;13"
Root_4025,148.378115,30.933184,5,"0;2;6;12;13"
Root_4026,405.479021,50.510944,4,"2;6;12;13"
Root_4027,107.288602,26.529504,5,"0;1;6;12;13"
Root_4028,363.522499,46.807264,4,"1;6;12;13"
Root_4029,151.685475,31.859104,4,"0;6;12;13"
Root_4030,410.638221,51.436864,3,"6;12;13"
Root_4031,106.045472,22.350518,8,"0;1;2;3;4;5;12;13"
Root_4032,342.014074,42.628278,7,"1;2;3;4;5;12;13"
Root_4033,140.315680,27.680118,7,"0;2;3;4;5;12;13"
Root_4034,384.950810,47.257878,6,"2;3;4;5;12;13"
Root_4035,103.797312,23.276438,7,"0;1;3;4;5;12;13"
Root_4036,344.395514,43.554198,6,"1;3;4;5;12;13"
Root_4037,138.993440,28.606038,6,"0;3;4;5;12;13"
Root_4038,388.258170,48.183798,5,"3;4;5;12;13"
Root_4039,106.760256,24.264086,7,"0;1;2;4;5;12;13"
Root_4040,352.667066,44.541846,6,"1;2;4;5;12;13"
Root_4041,143.908086,29.593686,6,"0;2;4;5;12;13"
Root_4042,397.517370,49.171446,5,"2;4;5;12;13"
Root_4043,105.438016,25.190006,6,"0;1;4;5;12;13"
Root_4044,355.974426,45.467766,5,"1;4;5;12;13"
Root_4045,145.476899,30.519606,5,"0;4;5;12;13"
Root_4046,401.750650,50.097366,4,"4;5;12;13"
Root_4047,108.612096,24.572726,7,"0;1;2;3;5;12;13"
Root_4048,356.062106,44.850486,6,"1;2;3;5;12;13"
Root_4049,146.377206,29.902326,6,"0;2;3;5;12;13"
Root_4050,401.221050,49.480086,5,"2;3;5;12;13"
Root_4051,107.289856,25.498646,6,"0;1;3;5;12;13"
Root_4052,359.369466,45.776406,5,"1;3;5;12;13"
Root_4053,148.563299,30.828246,5,"0;3;5;12;13"
Root_4054,405.454330,50.406006,4,"3;5;12;13"
Root_4055,111.610816,26.486294,6,"0;1;2;5;12;13"
Root_4056,368.628666,46.764054,5,"1;2;5;12;13"
Root_4057,156.834851,31.815894,5,"0;2;5;12;13"
Root_4058,415.701178,51.393654,4,"2;5;12;13"
Root_4059,111.626710,27.412214,5,"0;1;5;12;13"
Root_4060,372.861946,47.689974,4,"1;5;12;13"
Root_4061,160.142211,32.741814,4,"0;5;12;13"
Root_4062,420.860378,52.319574,3,"5;12;13"
Root_4063,111.385066,23.893718,7,"0;1;2;3;4;12;13"
Root_4064,349.333754,44.171478,6,"1;2;3;4;12;13"
Root_4065,142.462560,29.223318,6,"0;2;3;4;12;13"
Root_4066,393.813690,48.801078,5,"2;3;4;12;13"
Root_4067,109.136906,24.819638,6,"0;1;3;4;12;13"
Root_4068,352.641114,45.097398,5,"1;3;4;12;13"
Root_4069,142.513955,30.149238,5,"0;3;4;12;13"
Root_4070,398.046970,49.726998,4,"3;4;12;13"
Root_4071,112.099850,25.807286,6,"0;1;2;4;12;13"
Root_4072,361.529946,46.085046,5,"1;2;4;12;13"
Root_4073,150.415139,31.136886,5,"0;2;4;12;13"
Root_4074,407.923450,50.714646,4,"2;4;12;13"
Root_4075,110.777610,26.733206,5,"0;1;4;12;13"
Root_4076,365.763226,47.010966,4,"1;4;12;13"
Root_4077,153.722499,32.062806,4,"0;4;12;13"
Root_4078,413.082650,51.640566,3,"4;12;13"
Root_4079,113.643050,26.115926,6,"0;1;2;3;12;13"
Root_4080,364.924986,46.393686,5,"1;2;3;12;13"
Root_4081,153.501539,31.445526,5,"0;2;3;12;13"
Root_4082,411.627130,51.023286,4,"2;3;12;13"
Root_4083,112.362656,27.041846,5,"0;1;3;12;13"
Root_4084,369.158266,47.319606,4,"1;3;12;13"
Root_4085,156.808899,32.371446,4,"0;3;12;13"
Root_4086,416.786330,51.949206,3,"3;12;13"
Root_4087,117.300896,28.029494,5,"0;1;2;12;13"
Root_4088,379.034746,48.307254,4,"1;2;12;13"
Root_4089,166.056826,33.359094,4,"0;2;12;13"
Root_4090,427.650458,52.936854,3,"2;12;13"
Root_4091,117.830496,28.955414,4,"0;1;12;13"
Root_4092,384.193946,49.233174,3,"1;12;13"
Root_4093,171.216026,34.285014,3,"0;12;13"
Root_4094,433.735578,53.862774,2,"12;13"
Root_4095,28.912634,8.729600,13,"0;1;2;3;4;5;6;7;8;9;10;11;13"
Root_4096,289.997200,31.807360,12,"1;2;3;4;5;6;7;8;9;10;11;13"
Root_4097,95.431792,16.859200,12,"0;2;3;4;5;6;7;8;9;10;11;13"
Root_4098,322.813018,36.436960,11,"2;3;4;5;6;7;8;9;10;11;13"
Root_4099,28.912634,9.655520,12,"0;1;3;4;5;6;7;8;9;10;11;13"
Root_4100,288.449040,32.733280,11,"1;3;4;5;6;7;8;9;10;11;13"
Root_4101,92.957712,17.785120,11,"0;3;4;5;6;7;8;9;10;11;13"
Root_4102,322.190778,37.362880,10,"3;4;5;6;7;8;9;10;11;13"
Root_4103,57.027034,13.443168,12,"0;1;2;4;5;6;7;8;9;10;11;13"
Root_4104,292.831728,33.720928,11,"1;2;4;5;6;7;8;9;10;11;13"
Root_4105,100.147888,18.772768,11,"0;2;4;5;6;7;8;9;10;11;13"
Root_4106,327.561114,38.350528,10,"2;4;5;6;7;8;9;10;11;13"
Root_4107,56.257946,14.369088,11,"0;1;4;5;6;7;8;9;10;11;13"
Root_4108,292.209488,34.646848,10,"1;4;5;6;7;8;9;10;11;13"
Root_4109,97.673808,19.698688,10,"0;4;5;6;7;8;9;10;11;13"
Root_4110,327.864794,39.276448,9,"4;5;6;7;8;9;10;11;13"
Root_4111,39.691302,12.351808,12,"0;1;2;3;5;6;7;8;9;10;11;13"
Root_4112,295.300848,34.029568,11,"1;2;3;5;6;7;8;9;10;11;13"
Root_4113,97.155216,19.081408,11,"0;2;3;5;6;7;8;9;10;11;13"
Root_4114,330.338874,38.659168,10,"2;3;5;6;7;8;9;10;11;13"
Root_4115,39.691302,13.277728,11,"0;1;3;5;6;7;8;9;10;11;13"
Root_4116,294.678608,34.955488,10,"1;3;5;6;7;8;9;10;11;13"
Root_4117,95.607056,20.007328,10,"0;3;5;6;7;8;9;10;11;13"
Root_4118,330.642554,39.585088,9,"3;5;6;7;8;9;10;11;13"
Root_4119,59.219610,15.665376,11,"0;1;2;5;6;7;8;9;10;11;13"
Root_4120,300.048944,35.943136,10,"1;2;5;6;7;8;9;10;11;13"
Root_4121,101.562672,20.994976,10,"0;2;5;6;7;8;9;10;11;13"
Root_4122,337.000538,40.572736,9,"2;5;6;7;8;9;10;11;13"
Root_4123,57.154234,16.591296,10,"0;1;5;6;7;8;9;10;11;13"
Root_4124,300.352624,36.869056,9,"1;5;6;7;8;9;10;11;13"
Root_4125,100.014512,21.920896,9,"0;5;6;7;8;9;10;11;13"
Root_4126,338.230138,41.498656,8,"5;6;7;8;9;10;11;13"
Root_4127,39.512442,10.972800,12,"0;1;2;3;4;6;7;8;9;10;11;13"
Root_4128,290.918160,33.350560,11,"1;2;3;4;6;7;8;9;10;11;13"
Root_4129,104.382352,18.402400,11,"0;2;3;4;6;7;8;9;10;11;13"
Root_4130,325.277178,37.980160,10,"2;3;4;6;7;8;9;10;11;13"
Root_4131,39.512442,11.898720,11,"0;1;3;4;6;7;8;9;10;11;13"
Root_4132,290.295920,34.276480,10,"1;3;4;6;7;8;9;10;11;13"
Root_4133,101.908272,19.328320,10,"0;3;4;6;7;8;9;10;11;13"
Root_4134,325.580858,38.906080,9,"3;4;6;7;8;9;10;11;13"
Root_4135,64.751782,14.986368,11,"0;1;2;4;6;7;8;9;10;11;13"
Root_4136,295.295888,35.264128,10,"1;2;4;6;7;8;9;10;11;13"
Root_4137,107.555248,20.315968,10,"0;2;4;6;7;8;9;10;11;13"
Root_4138,331.568474,39.893728,9,"2;4;6;7;8;9;10;11;13"
Root_4139,63.351782,15.912288,10,"0;1;4;6;7;8;9;10;11;13"
Root_4140,295.599568,36.190048,9,"1;4;6;7;8;9;10;11;13"
Root_4141,105.081168,21.241888,9,"0;4;6;7;8;9;10;11;13"
Root_4142,332.798074,40.819648,8,"4;6;7;8;9;10;11;13"
Root_4143,47.182522,13.895008,11,"0;1;2;3;6;7;8;9;10;11;13"
Root_4144,297.765008,35.572768,10,"1;2;3;6;7;8;9;10;11;13"
Root_4145,106.414416,20.624608,10,"0;2;3;6;7;8;9;10;11;13"
Root_4146,334.346234,40.202368,9,"2;3;6;7;8;9;10;11;13"
Root_4147,45.961594,14.820928,10,"0;1;3;6;7;8;9;10;11;13"
Root_4148,298.068688,36.498688,9,"1;3;6;7;8;9;10;11;13"
Root_4149,104.866256,21.550528,9,"0;3;6;7;8;9;10;11;13"
Root_4150,335.575834,41.128288,8,"3;6;7;8;9;10;11;13"
Root_4151,66.944358,17.208576,10,"0;1;2;6;7;8;9;10;11;13"
Root_4152,304.056304,37.486336,9,"1;2;6;7;8;9;10;11;13"
Root_4153,109.278672,22.538176,9,"0;2;6;7;8;9;10;11;13"
Root_4154,342.551098,42.115936,8,"2;6;7;8;9;10;11;13"
Root_4155,64.604774,18.134496,9,"0;1;6;7;8;9;10;11;13"
Root_4156,305.285904,38.412256,8,"1;6;7;8;9;10;11;13"
Root_4157,108.194608,23.464096,8,"0;6;7;8;9;10;11;13"
Root_4158,344.706618,43.041856,7,"6;7;8;9;10;11;13"
Root_4159,42.949216,11.855510,12,"0;1;2;3;4;5;7;8;9;10;11;13"
Root_4160,297.134170,34.233270,11,"1;2;3;4;5;7;8;9;10;11;13"
Root_4161,108.296022,19.285110,11,"0;2;3;4;5;7;8;9;10;11;13"
Root_4162,332.375898,38.862870,10,"2;3;4;5;7;8;9;10;11;13"
Root_4163,42.949216,12.781430,11,"0;1;3;4;5;7;8;9;10;11;13"
Root_4164,296.511930,35.159190,10,"1;3;4;5;7;8;9;10;11;13"
Root_4165,105.821942,20.211030,10,"0;3;4;5;7;8;9;10;11;13"
Root_4166,332.679578,39.788790,9,"3;4;5;7;8;9;10;11;13"
Root_4167,69.608502,15.869078,11,"0;1;2;4;5;7;8;9;10;11;13"
Root_4168,301.882266,36.146838,10,"1;2;4;5;7;8;9;10;11;13"
Root_4169,110.586208,21.198678,10,"0;2;4;5;7;8;9;10;11;13"
Root_4170,339.037562,40.776438,9,"2;4;5;7;8;9;10;11;13"
Root_4171,67.339424,16.794998,10,"0;1;4;5;7;8;9;10;11;13"
Root_4172,302.185946,37.072758,9,"1;4;5;7;8;9;10;11;13"
Root_4173,108.112128,22.124598,9,"0;4;5;7;8;9;10;11;13"
Root_4174,340.267162,41.702358,8,"4;5;7;8;9;10;11;13"
Root_4175,51.739392,14.777718,11,"0;1;2;3;5;7;8;9;10;11;13"
Root_4176,304.660026,36.455478,10,"1;2;3;5;7;8;9;10;11;13"
Root_4177,110.852653,21.507318,10,"0;2;3;5;7;8;9;10;11;13"
Root_4178,342.123962,41.085078,9,"2;3;5;7;8;9;10;11;13"
Root_4179,50.339392,15.703638,10,"0;1;3;5;7;8;9;10;11;13"
Root_4180,304.963706,37.381398,9,"1;3;5;7;8;9;10;11;13"
Root_4181,109.304493,22.433238,9,"0;3;5;7;8;9;10;11;13"
Root_4182,343.353562,42.010998,8,"3;5;7;8;9;10;11;13"
Root_4183,71.023286,18.091286,10,"0;1;2;5;7;8;9;10;11;13"
Root_4184,311.321690,38.369046,9,"1;2;5;7;8;9;10;11;13"
Root_4185,113.255085,23.420886,9,"0;2;5;7;8;9;10;11;13"
Root_4186,350.699194,42.998646,8,"2;5;7;8;9;10;11;13"
Root_4187,69.475126,19.017206,9,"0;1;5;7;8;9;10;11;13"
Root_4188,312.551290,39.294966,8,"1;5;7;8;9;10;11;13"
Root_4189,112.632845,24.346806,8,"0;5;7;8;9;10;11;13"
Root_4190,352.854714,43.924566,7,"5;7;8;9;10;11;13"
Root_4191,50.570410,13.398710,11,"0;1;2;3;4;7;8;9;10;11;13"
Root_4192,299.598330,35.776470,10,"1;2;3;4;7;8;9;10;11;13"
Root_4193,116.012022,20.828310,10,"0;2;3;4;7;8;9;10;11;13"
Root_4194,336.383258,40.406070,9,"2;3;4;7;8;9;10;11;13"
Root_4195,49.845779,14.324630,10,"0;1;3;4;7;8;9;10;11;13"
Root_4196,299.902010,36.702390,9,"1;3;4;7;8;9;10;11;13"
Root_4197,113.537942,21.754230,9,"0;3;4;7;8;9;10;11;13"
Root_4198,337.612858,41.331990,8,"3;4;7;8;9;10;11;13"
Root_4199,78.388800,17.412278,10,"0;1;2;4;7;8;9;10;11;13"
Root_4200,305.889626,37.690038,9,"1;2;4;7;8;9;10;11;13"
Root_4201,116.759008,22.741878,9,"0;2;4;7;8;9;10;11;13"
Root_4202,344.588122,42.319638,8,"2;4;7;8;9;10;11;13"
Root_4203,75.914720,18.338198,9,"0;1;4;7;8;9;10;11;13"
Root_4204,307.119226,38.615958,8,"1;4;7;8;9;10;11;13"
Root_4205,114.952726,23.667798,8,"0;4;7;8;9;10;11;13"
Root_4206,346.743642,43.245558,7,"4;7;8;9;10;11;13"
Root_4207,59.549312,16.320918,10,"0;1;2;3;7;8;9;10;11;13"
Root_4208,308.667386,37.998678,9,"1;2;3;7;8;9;10;11;13"
Root_4209,118.290998,23.050518,9,"0;2;3;7;8;9;10;11;13"
Root_4210,347.674522,42.628278,8,"2;3;7;8;9;10;11;13"
Root_4211,57.075232,17.246838,9,"0;1;3;7;8;9;10;11;13"
Root_4212,309.896986,38.924598,8,"1;3;7;8;9;10;11;13"
Root_4213,116.742838,23.976438,8,"0;3;7;8;9;10;11;13"
Root_4214,349.830042,43.554198,7,"3;7;8;9;10;11;13"
Root_4215,79.803584,19.634486,9,"0;1;2;7;8;9;10;11;13"
Root_4216,316.872250,39.912246,8,"1;2;7;8;9;10;11;13"
Root_4217,120.755158,24.964086,8,"0;2;7;8;9;10;11;13"
Root_4218,357.792954,44.541846,7,"2;7;8;9;10;11;13"
Root_4219,78.255424,20.560406,8,"0;1;7;8;9;10;11;13"
Root_4220,319.027770,40.838166,7,"1;7;8;9;10;11;13"
Root_4221,120.132918,25.890006,7,"0;7;8;9;10;11;13"
Root_4222,360.874394,45.467766,6,"7;8;9;10;11;13"
Root_4223,68.780090,14.554272,12,"0;1;2;3;4;5;6;8;9;10;11;13"
Root_4224,303.553882,34.832032,11,"1;2;3;4;5;6;8;9;10;11;13"
Root_4225,114.672410,19.883872,11,"0;2;3;4;5;6;8;9;10;11;13"
Root_4226,339.394371,39.461632,10,"2;3;4;5;6;8;9;10;11;13"
Root_4227,67.380090,15.480192,11,"0;1;3;4;5;6;8;9;10;11;13"
Root_4228,302.931642,35.757952,10,"1;3;4;5;6;8;9;10;11;13"
Root_4229,112.198330,20.809792,10,"0;3;4;5;6;8;9;10;11;13"
Root_4230,339.698051,40.387552,9,"3;4;5;6;8;9;10;11;13"
Root_4231,75.046746,16.467840,11,"0;1;2;4;5;6;8;9;10;11;13"
Root_4232,308.301978,36.745600,10,"1;2;4;5;6;8;9;10;11;13"
Root_4233,116.363834,21.797440,10,"0;2;4;5;6;8;9;10;11;13"
Root_4234,346.056035,41.375200,9,"2;4;5;6;8;9;10;11;13"
Root_4235,72.572666,17.393760,10,"0;1;4;5;6;8;9;10;11;13"
Root_4236,308.605658,37.671520,9,"1;4;5;6;8;9;10;11;13"
Root_4237,113.889754,22.723360,9,"0;4;5;6;8;9;10;11;13"
Root_4238,347.285635,42.301120,8,"4;5;6;8;9;10;11;13"
Root_4239,70.972666,16.776480,11,"0;1;2;3;5;6;8;9;10;11;13"
Root_4240,311.079738,37.054240,10,"1;2;3;5;6;8;9;10;11;13"
Root_4241,117.321754,22.106080,10,"0;2;3;5;6;8;9;10;11;13"
Root_4242,349.142435,41.683840,9,"2;3;5;6;8;9;10;11;13"
Root_4243,68.498586,17.702400,10,"0;1;3;5;6;8;9;10;11;13"
Root_4244,311.383418,37.980160,9,"1;3;5;6;8;9;10;11;13"
Root_4245,115.773594,23.032000,9,"0;3;5;6;8;9;10;11;13"
Root_4246,350.372035,42.609760,8,"3;5;6;8;9;10;11;13"
Root_4247,76.461530,18.690048,10,"0;1;2;5;6;8;9;10;11;13"
Root_4248,317.741402,38.967808,9,"1;2;5;6;8;9;10;11;13"
Root_4249,119.724186,24.019648,9,"0;2;5;6;8;9;10;11;13"
Root_4250,357.717667,43.597408,8,"2;5;6;8;9;10;11;13"
Root_4251,74.913370,19.615968,9,"0;1;5;6;8;9;10;11;13"
Root_4252,318.971002,39.893728,8,"1;5;6;8;9;10;11;13"
Root_4253,119.101946,24.945568,8,"0;5;6;8;9;10;11;13"
Root_4254,359.873187,44.523328,7,"5;6;8;9;10;11;13"
Root_4255,77.815782,16.097472,11,"0;1;2;3;4;6;8;9;10;11;13"
Root_4256,306.018042,36.375232,10,"1;2;3;4;6;8;9;10;11;13"
Root_4257,121.820634,21.427072,10,"0;2;3;4;6;8;9;10;11;13"
Root_4258,343.401731,41.004832,9,"2;3;4;6;8;9;10;11;13"
Root_4259,75.341702,17.023392,10,"0;1;3;4;6;8;9;10;11;13"
Root_4260,306.321722,37.301152,9,"1;3;4;6;8;9;10;11;13"
Root_4261,119.346554,22.352992,9,"0;3;4;6;8;9;10;11;13"
Root_4262,344.631331,41.930752,8,"3;4;6;8;9;10;11;13"
Root_4263,83.293606,18.011040,10,"0;1;2;4;6;8;9;10;11;13"
Root_4264,312.309338,38.288800,9,"1;2;4;6;8;9;10;11;13"
Root_4265,122.309498,23.340640,9,"0;2;4;6;8;9;10;11;13"
Root_4266,351.606595,42.918400,8,"2;4;6;8;9;10;11;13"
Root_4267,80.819526,18.936960,9,"0;1;4;6;8;9;10;11;13"
Root_4268,313.538938,39.214720,8,"1;4;6;8;9;10;11;13"
Root_4269,120.761338,24.266560,8,"0;4;6;8;9;10;11;13"
Root_4270,353.762115,43.844320,7,"4;6;8;9;10;11;13"
Root_4271,79.539206,18.319680,10,"0;1;2;3;6;8;9;10;11;13"
Root_4272,315.087098,38.597440,9,"1;2;3;6;8;9;10;11;13"
Root_4273,124.161338,23.649280,9,"0;2;3;6;8;9;10;11;13"
Root_4274,354.692995,43.227040,8,"2;3;6;8;9;10;11;13"
Root_4275,77.991046,19.245600,9,"0;1;3;6;8;9;10;11;13"
Root_4276,316.316698,39.523360,8,"1;3;6;8;9;10;11;13"
Root_4277,122.613178,24.575200,8,"0;3;6;8;9;10;11;13"
Root_4278,356.848515,44.152960,7,"3;6;8;9;10;11;13"
Root_4279,84.708390,20.233248,9,"0;1;2;6;8;9;10;11;13"
Root_4280,323.291962,40.511008,8,"1;2;6;8;9;10;11;13"
Root_4281,126.625498,25.562848,8,"0;2;6;8;9;10;11;13"
Root_4282,364.811427,45.140608,7,"2;6;8;9;10;11;13"
Root_4283,83.160230,21.159168,8,"0;1;6;8;9;10;11;13"
Root_4284,325.447482,41.436928,7,"1;6;8;9;10;11;13"
Root_4285,126.003258,26.488768,7,"0;6;8;9;10;11;13"
Root_4286,367.892867,46.066528,6,"6;8;9;10;11;13"
Root_4287,82.287478,16.980182,11,"0;1;2;3;4;5;8;9;10;11;13"
Root_4288,313.116762,37.257942,10,"1;2;3;4;5;8;9;10;11;13"
Root_4289,125.641590,22.309782,10,"0;2;3;4;5;8;9;10;11;13"
Root_4290,351.383162,41.887542,9,"2;3;4;5;8;9;10;11;13"
Root_4291,79.813398,17.906102,10,"0;1;3;4;5;8;9;10;11;13"
Root_4292,313.420442,38.183862,9,"1;3;4;5;8;9;10;11;13"
Root_4293,123.167510,23.235702,9,"0;3;4;5;8;9;10;11;13"
Root_4294,352.612762,42.813462,8,"3;4;5;8;9;10;11;13"
Root_4295,86.882592,18.893750,10,"0;1;2;4;5;8;9;10;11;13"
Root_4296,319.778426,39.171510,9,"1;2;4;5;8;9;10;11;13"
Root_4297,126.130454,24.223350,9,"0;2;4;5;8;9;10;11;13"
Root_4298,359.958394,43.801110,8,"2;4;5;8;9;10;11;13"
Root_4299,84.408512,19.819670,9,"0;1;4;5;8;9;10;11;13"
Root_4300,321.008026,40.097430,8,"1;4;5;8;9;10;11;13"
Root_4301,124.582294,25.149270,8,"0;4;5;8;9;10;11;13"
Root_4302,362.113914,44.727030,7,"4;5;8;9;10;11;13"
Root_4303,84.010902,19.202390,10,"0;1;2;3;5;8;9;10;11;13"
Root_4304,322.864826,39.480150,9,"1;2;3;5;8;9;10;11;13"
Root_4305,128.290934,24.531990,9,"0;2;3;5;8;9;10;11;13"
Root_4306,363.353434,44.109750,8,"2;3;5;8;9;10;11;13"
Root_4307,82.462742,20.128310,9,"0;1;3;5;8;9;10;11;13"
Root_4308,324.094426,40.406070,8,"1;3;5;8;9;10;11;13"
Root_4309,126.742774,25.457910,8,"0;3;5;8;9;10;11;13"
Root_4310,365.508954,45.035670,7,"3;5;8;9;10;11;13"
Root_4311,88.297376,21.115958,9,"0;1;2;5;8;9;10;11;13"
Root_4312,331.440058,41.393718,8,"1;2;5;8;9;10;11;13"
Root_4313,131.125462,26.445558,8,"0;2;5;8;9;10;11;13"
Root_4314,373.842234,46.023318,7,"2;5;8;9;10;11;13"
Root_4315,86.749216,22.041878,8,"0;1;5;8;9;10;11;13"
Root_4316,333.595578,42.319638,7,"1;5;8;9;10;11;13"
Root_4317,130.503222,27.371478,7,"0;5;8;9;10;11;13"
Root_4318,376.923674,46.949238,6,"5;8;9;10;11;13"
Root_4319,91.238038,18.523382,10,"0;1;2;3;4;8;9;10;11;13"
Root_4320,317.124122,38.801142,9,"1;2;3;4;8;9;10;11;13"
Root_4321,130.734272,23.852982,9,"0;2;3;4;8;9;10;11;13"
Root_4322,356.933722,43.430742,8,"2;3;4;8;9;10;11;13"
Root_4323,88.763958,19.449302,9,"0;1;3;4;8;9;10;11;13"
Root_4324,318.353722,39.727062,8,"1;3;4;8;9;10;11;13"
Root_4325,128.260192,24.778902,8,"0;3;4;8;9;10;11;13"
Root_4326,359.089242,44.356662,7,"3;4;8;9;10;11;13"
Root_4327,94.289952,20.436950,9,"0;1;2;4;8;9;10;11;13"
Root_4328,325.328986,40.714710,8,"1;2;4;8;9;10;11;13"
Root_4329,131.284864,25.766550,8,"0;2;4;8;9;10;11;13"
Root_4330,367.052154,45.344310,7,"2;4;8;9;10;11;13"
Root_4331,91.815872,21.362870,8,"0;1;4;8;9;10;11;13"
Root_4332,327.484506,41.640630,7,"1;4;8;9;10;11;13"
Root_4333,129.736704,26.692470,7,"0;4;8;9;10;11;13"
Root_4334,370.133594,46.270230,6,"4;8;9;10;11;13"
Root_4335,93.270102,20.745590,9,"0;1;2;3;8;9;10;11;13"
Root_4336,328.415386,41.023350,8,"1;2;3;8;9;10;11;13"
Root_4337,133.136704,26.075190,8,"0;2;3;8;9;10;11;13"
Root_4338,370.447194,45.652950,7,"2;3;8;9;10;11;13"
Root_4339,91.721942,21.671510,8,"0;1;3;8;9;10;11;13"
Root_4340,330.570906,41.949270,7,"1;3;8;9;10;11;13"
Root_4341,131.588544,27.001110,7,"0;3;8;9;10;11;13"
Root_4342,373.528634,46.578870,6,"3;8;9;10;11;13"
Root_4343,96.013376,22.659158,8,"0;1;2;8;9;10;11;13"
Root_4344,338.533818,42.936918,7,"1;2;8;9;10;11;13"
Root_4345,135.600864,27.988758,7,"0;2;8;9;10;11;13"
Root_4346,382.479194,47.566518,6,"2;8;9;10;11;13"
Root_4347,95.050294,23.585078,7,"0;1;8;9;10;11;13"
Root_4348,341.615258,43.862838,6,"1;8;9;10;11;13"
Root_4349,134.978624,28.914678,6,"0;8;9;10;11;13"
Root_4350,386.486554,48.492438,5,"8;9;10;11;13"
Root_4351,49.677626,13.359200,12,"0;1;2;3;4;5;6;7;9;10;11;13"
Root_4352,322.813018,36.436960,11,"1;2;3;4;5;6;7;9;10;11;13"
Root_4353,128.894522,21.488800,11,"0;2;3;4;5;6;7;9;10;11;13"
Root_4354,360.258435,41.066560,10,"2;3;4;5;6;7;9;10;11;13"
Root_4355,48.992506,14.285120,11,"0;1;3;4;5;6;7;9;10;11;13"
Root_4356,322.190778,37.362880,10,"1;3;4;5;6;7;9;10;11;13"
Root_4357,126.420442,22.414720,10,"0;3;4;5;6;7;9;10;11;13"
Root_4358,360.562115,41.992480,9,"3;4;5;6;7;9;10;11;13"
Root_4359,86.447888,18.072768,11,"0;1;2;4;5;6;7;9;10;11;13"
Root_4360,327.561114,38.350528,10,"1;2;4;5;6;7;9;10;11;13"
Root_4361,129.383386,23.402368,10,"0;2;4;5;6;7;9;10;11;13"
Root_4362,366.920099,42.980128,9,"2;4;5;6;7;9;10;11;13"
Root_4363,83.973808,18.998688,10,"0;1;4;5;6;7;9;10;11;13"
Root_4364,327.864794,39.276448,9,"1;4;5;6;7;9;10;11;13"
Root_4365,127.835226,24.328288,9,"0;4;5;6;7;9;10;11;13"
Root_4366,368.149699,43.906048,8,"4;5;6;7;9;10;11;13"
Root_4367,67.213178,16.981408,11,"0;1;2;3;5;6;7;9;10;11;13"
Root_4368,330.338874,38.659168,10,"1;2;3;5;6;7;9;10;11;13"
Root_4369,131.543866,23.711008,10,"0;2;3;5;6;7;9;10;11;13"
Root_4370,370.006499,43.288768,9,"2;3;5;6;7;9;10;11;13"
Root_4371,64.739098,17.907328,10,"0;1;3;5;6;7;9;10;11;13"
Root_4372,330.642554,39.585088,9,"1;3;5;6;7;9;10;11;13"
Root_4373,129.995706,24.636928,9,"0;3;5;6;7;9;10;11;13"
Root_4374,371.236099,44.214688,8,"3;5;6;7;9;10;11;13"
Root_4375,87.862672,20.294976,10,"0;1;2;5;6;7;9;10;11;13"
Root_4376,337.000538,40.572736,9,"1;2;5;6;7;9;10;11;13"
Root_4377,134.378394,25.624576,9,"0;2;5;6;7;9;10;11;13"
Root_4378,378.581731,45.202336,8,"2;5;6;7;9;10;11;13"
Root_4379,86.314512,21.220896,9,"0;1;5;6;7;9;10;11;13"
Root_4380,338.230138,41.498656,8,"1;5;6;7;9;10;11;13"
Root_4381,133.756154,26.550496,8,"0;5;6;7;9;10;11;13"
Root_4382,380.737251,46.128256,7,"5;6;7;9;10;11;13"
Root_4383,65.993670,15.602400,11,"0;1;2;3;4;6;7;9;10;11;13"
Root_4384,325.277178,37.980160,10,"1;2;3;4;6;7;9;10;11;13"
Root_4385,134.808186,23.032000,10,"0;2;3;4;6;7;9;10;11;13"
Root_4386,364.265795,42.609760,9,"2;3;4;6;7;9;10;11;13"
Root_4387,63.991270,16.528320,10,"0;1;3;4;6;7;9;10;11;13"
Root_4388,325.580858,38.906080,9,"1;3;4;6;7;9;10;11;13"
Root_4389,132.334106,23.957920,9,"0;3;4;6;7;9;10;11;13"
Root_4390,365.495395,43.535680,8,"3;4;6;7;9;10;11;13"
Root_4391,94.073872,19.615968,10,"0;1;2;4;6;7;9;10;11;13"
Root_4392,331.568474,39.893728,9,"1;2;4;6;7;9;10;11;13"
Root_4393,135.358778,24.945568,9,"0;2;4;6;7;9;10;11;13"
Root_4394,372.470659,44.523328,8,"2;4;6;7;9;10;11;13"
Root_4395,91.599792,20.541888,9,"0;1;4;6;7;9;10;11;13"
Root_4396,332.798074,40.819648,8,"1;4;6;7;9;10;11;13"
Root_4397,133.810618,25.871488,8,"0;4;6;7;9;10;11;13"
Root_4398,374.626179,45.449248,7,"4;6;7;9;10;11;13"
Root_4399,75.758992,18.524608,10,"0;1;2;3;6;7;9;10;11;13"
Root_4400,334.346234,40.202368,9,"1;2;3;6;7;9;10;11;13"
Root_4401,137.210618,25.254208,9,"0;2;3;6;7;9;10;11;13"
Root_4402,375.557059,44.831968,8,"2;3;6;7;9;10;11;13"
Root_4403,74.210832,19.450528,9,"0;1;3;6;7;9;10;11;13"
Root_4404,335.575834,41.128288,8,"1;3;6;7;9;10;11;13"
Root_4405,135.662458,26.180128,8,"0;3;6;7;9;10;11;13"
Root_4406,377.712579,45.757888,7,"3;6;7;9;10;11;13"
Root_4407,95.578672,21.838176,9,"0;1;2;6;7;9;10;11;13"
Root_4408,342.551098,42.115936,8,"1;2;6;7;9;10;11;13"
Root_4409,139.842554,27.167776,8,"0;2;6;7;9;10;11;13"
Root_4410,385.675491,46.745536,7,"2;6;7;9;10;11;13"
Root_4411,94.030512,22.764096,8,"0;1;6;7;9;10;11;13"
Root_4412,344.706618,43.041856,7,"1;6;7;9;10;11;13"
Root_4413,140.146234,28.093696,7,"0;6;7;9;10;11;13"
Root_4414,388.756931,47.671456,6,"6;7;9;10;11;13"
Root_4415,70.631830,16.485110,11,"0;1;2;3;4;5;7;9;10;11;13"
Root_4416,332.375898,38.862870,10,"1;2;3;4;5;7;9;10;11;13"
Root_4417,138.258774,23.914710,10,"0;2;3;4;5;7;9;10;11;13"
Root_4418,372.247226,43.492470,9,"2;3;4;5;7;9;10;11;13"
Root_4419,68.157750,17.411030,10,"0;1;3;4;5;7;9;10;11;13"
Root_4420,332.679578,39.788790,9,"1;3;4;5;7;9;10;11;13"
Root_4421,135.784694,24.840630,9,"0;3;4;5;7;9;10;11;13"
Root_4422,373.476826,44.418390,8,"3;4;5;7;9;10;11;13"
Root_4423,97.586208,20.498678,10,"0;1;2;4;5;7;9;10;11;13"
Root_4424,339.037562,40.776438,9,"1;2;4;5;7;9;10;11;13"
Root_4425,139.179734,25.828278,9,"0;2;4;5;7;9;10;11;13"
Root_4426,380.822458,45.406038,8,"2;4;5;7;9;10;11;13"
Root_4427,95.112128,21.424598,9,"0;1;4;5;7;9;10;11;13"
Root_4428,340.267162,41.702358,8,"1;4;5;7;9;10;11;13"
Root_4429,137.631574,26.754198,8,"0;4;5;7;9;10;11;13"
Root_4430,382.977978,46.331958,7,"4;5;7;9;10;11;13"
Root_4431,80.084749,19.407318,10,"0;1;2;3;5;7;9;10;11;13"
Root_4432,342.123962,41.085078,9,"1;2;3;5;7;9;10;11;13"
Root_4433,141.340214,26.136918,9,"0;2;3;5;7;9;10;11;13"
Root_4434,384.217498,45.714678,8,"2;3;5;7;9;10;11;13"
Root_4435,78.536589,20.333238,9,"0;1;3;5;7;9;10;11;13"
Root_4436,343.353562,42.010998,8,"1;3;5;7;9;10;11;13"
Root_4437,139.854893,27.062838,8,"0;3;5;7;9;10;11;13"
Root_4438,386.373018,46.640598,7,"3;5;7;9;10;11;13"
Root_4439,99.566294,22.720886,9,"0;1;2;5;7;9;10;11;13"
Root_4440,350.699194,42.998646,8,"1;2;5;7;9;10;11;13"
Root_4441,145.225229,28.050486,8,"0;2;5;7;9;10;11;13"
Root_4442,394.706298,47.628246,7,"2;5;7;9;10;11;13"
Root_4443,98.664941,23.646806,8,"0;1;5;7;9;10;11;13"
Root_4444,352.854714,43.924566,7,"1;5;7;9;10;11;13"
Root_4445,145.528909,28.976406,7,"0;5;7;9;10;11;13"
Root_4446,397.787738,48.554166,6,"5;7;9;10;11;13"
Root_4447,79.582390,18.028310,10,"0;1;2;3;4;7;9;10;11;13"
Root_4448,336.383258,40.406070,9,"1;2;3;4;7;9;10;11;13"
Root_4449,142.178624,25.457910,9,"0;2;3;4;7;9;10;11;13"
Root_4450,377.797786,45.035670,8,"2;3;4;7;9;10;11;13"
Root_4451,77.108310,18.954230,9,"0;1;3;4;7;9;10;11;13"
Root_4452,337.612858,41.331990,8,"1;3;4;7;9;10;11;13"
Root_4453,139.704544,26.383830,8,"0;3;4;7;9;10;11;13"
Root_4454,379.953306,45.961590,7,"3;4;7;9;10;11;13"
Root_4455,103.759008,22.041878,9,"0;1;2;4;7;9;10;11;13"
Root_4456,344.588122,42.319638,8,"1;2;4;7;9;10;11;13"
Root_4457,143.100694,27.371478,8,"0;2;4;7;9;10;11;13"
Root_4458,387.916218,46.949238,7,"2;4;7;9;10;11;13"
Root_4459,101.284928,22.967798,8,"0;1;4;7;9;10;11;13"
Root_4460,346.743642,43.245558,7,"1;4;7;9;10;11;13"
Root_4461,142.478454,28.297398,7,"0;4;7;9;10;11;13"
Root_4462,390.997658,47.875158,6,"4;7;9;10;11;13"
Root_4463,89.284960,20.950518,9,"0;1;2;3;7;9;10;11;13"
Root_4464,347.674522,42.628278,8,"1;2;3;7;9;10;11;13"
Root_4465,145.261174,27.680118,8,"0;2;3;7;9;10;11;13"
Root_4466,391.311258,47.257878,7,"2;3;7;9;10;11;13"
Root_4467,87.736800,21.876438,8,"0;1;3;7;9;10;11;13"
Root_4468,349.830042,43.554198,7,"1;3;7;9;10;11;13"
Root_4469,144.638934,28.606038,7,"0;3;7;9;10;11;13"
Root_4470,394.392698,48.183798,6,"3;7;9;10;11;13"
Root_4471,107.055158,24.264086,8,"0;1;2;7;9;10;11;13"
Root_4472,357.792954,44.541846,7,"1;2;7;9;10;11;13"
Root_4473,150.232589,29.593686,7,"0;2;7;9;10;11;13"
Root_4474,403.343258,49.171446,6,"2;7;9;10;11;13"
Root_4475,106.432918,25.190006,7,"0;1;7;9;10;11;13"
Root_4476,360.874394,45.467766,6,"1;7;9;10;11;13"
Root_4477,151.981795,30.519606,6,"0;7;9;10;11;13"
Root_4478,407.350618,50.097366,5,"7;9;10;11;13"
Root_4479,100.466362,19.183872,11,"0;1;2;3;4;5;6;9;10;11;13"
Root_4480,339.394371,39.461632,10,"1;2;3;4;5;6;9;10;11;13"
Root_4481,144.727875,24.513472,10,"0;2;3;4;5;6;9;10;11;13"
Root_4482,379.864461,44.091232,9,"2;3;4;5;6;9;10;11;13"
Root_4483,97.992282,20.109792,10,"0;1;3;4;5;6;9;10;11;13"
Root_4484,339.698051,40.387552,9,"1;3;4;5;6;9;10;11;13"
Root_4485,142.253795,25.439392,9,"0;3;4;5;6;9;10;11;13"
Root_4486,381.094061,45.017152,8,"3;4;5;6;9;10;11;13"
Root_4487,102.857786,21.097440,10,"0;1;2;4;5;6;9;10;11;13"
Root_4488,346.056035,41.375200,9,"1;2;4;5;6;9;10;11;13"
Root_4489,145.648835,26.427040,9,"0;2;4;5;6;9;10;11;13"
Root_4490,388.439693,46.004800,8,"2;4;5;6;9;10;11;13"
Root_4491,100.383706,22.023360,9,"0;1;4;5;6;9;10;11;13"
Root_4492,347.285635,42.301120,8,"1;4;5;6;9;10;11;13"
Root_4493,144.453635,27.352960,8,"0;4;5;6;9;10;11;13"
Root_4494,390.595213,46.930720,7,"4;5;6;9;10;11;13"
Root_4495,102.921754,21.406080,10,"0;1;2;3;5;6;9;10;11;13"
Root_4496,349.142435,41.683840,9,"1;2;3;5;6;9;10;11;13"
Root_4497,147.809315,26.735680,9,"0;2;3;5;6;9;10;11;13"
Root_4498,391.834733,46.313440,8,"2;3;5;6;9;10;11;13"
Root_4499,101.373594,22.332000,9,"0;1;3;5;6;9;10;11;13"
Root_4500,350.372035,42.609760,8,"1;3;5;6;9;10;11;13"
Root_4501,146.922755,27.661600,8,"0;3;5;6;9;10;11;13"
Root_4502,393.990253,47.239360,7,"3;5;6;9;10;11;13"
Root_4503,105.324186,23.319648,9,"0;1;2;5;6;9;10;11;13"
Root_4504,357.717667,43.597408,8,"1;2;5;6;9;10;11;13"
Root_4505,152.293091,28.649248,8,"0;2;5;6;9;10;11;13"
Root_4506,402.323533,48.227008,7,"2;5;6;9;10;11;13"
Root_4507,104.701946,24.245568,8,"0;1;5;6;9;10;11;13"
Root_4508,359.873187,44.523328,7,"1;5;6;9;10;11;13"
Root_4509,152.596771,29.575168,7,"0;5;6;9;10;11;13"
Root_4510,405.404973,49.152928,6,"5;6;9;10;11;13"
Root_4511,108.182362,20.727072,10,"0;1;2;3;4;6;9;10;11;13"
Root_4512,343.401731,41.004832,9,"1;2;3;4;6;9;10;11;13"
Root_4513,148.048963,26.056672,9,"0;2;3;4;6;9;10;11;13"
Root_4514,385.415021,45.634432,8,"2;3;4;6;9;10;11;13"
Root_4515,105.708282,21.652992,9,"0;1;3;4;6;9;10;11;13"
Root_4516,344.631331,41.930752,8,"1;3;4;6;9;10;11;13"
Root_4517,145.574883,26.982592,8,"0;3;4;6;9;10;11;13"
Root_4518,387.570541,46.560352,7,"3;4;6;9;10;11;13"
Root_4519,109.030586,22.640640,9,"0;1;2;4;6;9;10;11;13"
Root_4520,351.606595,42.918400,8,"1;2;4;6;9;10;11;13"
Root_4521,149.569795,27.970240,8,"0;2;4;6;9;10;11;13"
Root_4522,395.533453,47.548000,7,"2;4;6;9;10;11;13"
Root_4523,107.123066,23.566560,8,"0;1;4;6;9;10;11;13"
Root_4524,353.762115,43.844320,7,"1;4;6;9;10;11;13"
Root_4525,148.947555,28.896160,7,"0;4;6;9;10;11;13"
Root_4526,398.614893,48.473920,6,"4;6;9;10;11;13"
Root_4527,110.461338,22.949280,9,"0;1;2;3;6;9;10;11;13"
Root_4528,354.692995,43.227040,8,"1;2;3;6;9;10;11;13"
Root_4529,151.730275,28.278880,8,"0;2;3;6;9;10;11;13"
Root_4530,398.928493,47.856640,7,"2;3;6;9;10;11;13"
Root_4531,108.913178,23.875200,8,"0;1;3;6;9;10;11;13"
Root_4532,356.848515,44.152960,7,"1;3;6;9;10;11;13"
Root_4533,151.108035,29.204800,7,"0;3;6;9;10;11;13"
Root_4534,402.009933,48.782560,6,"3;6;9;10;11;13"
Root_4535,112.925498,24.862848,8,"0;1;2;6;9;10;11;13"
Root_4536,364.811427,45.140608,7,"1;2;6;9;10;11;13"
Root_4537,156.492899,30.192448,7,"0;2;6;9;10;11;13"
Root_4538,410.960493,49.770208,6,"2;6;9;10;11;13"
Root_4539,112.303258,25.788768,7,"0;1;6;9;10;11;13"
Root_4540,367.892867,46.066528,6,"1;6;9;10;11;13"
Root_4541,158.648419,31.118368,6,"0;6;9;10;11;13"
Root_4542,414.967853,50.696128,5,"6;9;10;11;13"
Root_4543,111.941590,21.609782,10,"0;1;2;3;4;5;9;10;11;13"
Root_4544,351.383162,41.887542,9,"1;2;3;4;5;9;10;11;13"
Root_4545,151.499552,26.939382,9,"0;2;3;4;5;9;10;11;13"
Root_4546,394.279162,46.517142,8,"2;3;4;5;9;10;11;13"
Root_4547,109.467510,22.535702,9,"0;1;3;4;5;9;10;11;13"
Root_4548,352.612762,42.813462,8,"1;3;4;5;9;10;11;13"
Root_4549,149.890774,27.865302,8,"0;3;4;5;9;10;11;13"
Root_4550,396.434682,47.443062,7,"3;4;5;9;10;11;13"
Root_4551,112.430454,23.523350,9,"0;1;2;4;5;9;10;11;13"
Root_4552,359.958394,43.801110,8,"1;2;4;5;9;10;11;13"
Root_4553,154.273462,28.852950,8,"0;2;4;5;9;10;11;13"
Root_4554,404.767962,48.430710,7,"2;4;5;9;10;11;13"
Root_4555,110.882294,24.449270,8,"0;1;4;5;9;10;11;13"
Root_4556,362.113914,44.727030,7,"1;4;5;9;10;11;13"
Root_4557,154.430093,29.778870,7,"0;4;5;9;10;11;13"
Root_4558,407.849402,49.356630,6,"4;5;9;10;11;13"
Root_4559,114.590934,23.831990,9,"0;1;2;3;5;9;10;11;13"
Root_4560,363.353434,44.109750,8,"1;2;3;5;9;10;11;13"
Root_4561,156.904173,29.161590,8,"0;2;3;5;9;10;11;13"
Root_4562,408.471642,48.739350,7,"2;3;5;9;10;11;13"
Root_4563,113.042774,24.757910,8,"0;1;3;5;9;10;11;13"
Root_4564,365.508954,45.035670,7,"1;3;5;9;10;11;13"
Root_4565,157.295363,30.087510,7,"0;3;5;9;10;11;13"
Root_4566,411.553082,49.665270,6,"3;5;9;10;11;13"
Root_4567,117.425462,25.745558,8,"0;1;2;5;9;10;11;13"
Root_4568,373.842234,46.023318,7,"1;2;5;9;10;11;13"
Root_4569,164.640995,31.075158,7,"0;2;5;9;10;11;13"
Root_4570,420.874010,50.652918,6,"2;5;9;10;11;13"
Root_4571,116.803222,26.671478,7,"0;1;5;9;10;11;13"
Root_4572,376.923674,46.949238,6,"1;5;9;10;11;13"
Root_4573,166.796515,32.001078,6,"0;5;9;10;11;13"
Root_4574,424.881370,51.578838,5,"5;9;10;11;13"
Root_4575,117.734272,23.152982,9,"0;1;2;3;4;9;10;11;13"
Root_4576,356.933722,43.430742,8,"1;2;3;4;9;10;11;13"
Root_4577,153.877312,28.482582,8,"0;2;3;4;9;10;11;13"
Root_4578,401.372922,48.060342,7,"2;3;4;9;10;11;13"
Root_4579,115.260192,24.078902,8,"0;1;3;4;9;10;11;13"
Root_4580,359.089242,44.356662,7,"1;3;4;9;10;11;13"
Root_4581,152.737654,29.408502,7,"0;3;4;9;10;11;13"
Root_4582,404.454362,48.986262,6,"3;4;9;10;11;13"
Root_4583,118.284864,25.066550,8,"0;1;2;4;9;10;11;13"
Root_4584,367.052154,45.344310,7,"1;2;4;9;10;11;13"
Root_4585,158.529923,30.396150,7,"0;2;4;9;10;11;13"
Root_4586,413.404922,49.973910,6,"2;4;9;10;11;13"
Root_4587,116.736704,25.992470,7,"0;1;4;9;10;11;13"
Root_4588,370.133594,46.270230,6,"1;4;9;10;11;13"
Root_4589,160.685443,31.322070,6,"0;4;9;10;11;13"
Root_4590,417.412282,50.899830,5,"4;9;10;11;13"
Root_4591,120.136704,25.375190,8,"0;1;2;3;9;10;11;13"
Root_4592,370.447194,45.652950,7,"1;2;3;9;10;11;13"
Root_4593,161.616323,30.704790,7,"0;2;3;9;10;11;13"
Root_4594,417.108602,50.282550,6,"2;3;9;10;11;13"
Root_4595,118.588544,26.301110,7,"0;1;3;9;10;11;13"
Root_4596,373.528634,46.578870,6,"1;3;9;10;11;13"
Root_4597,163.771843,31.630710,6,"0;3;9;10;11;13"
Root_4598,421.115962,51.208470,5,"3;9;10;11;13"
Root_4599,122.889622,27.288758,7,"0;1;2;9;10;11;13"
Root_4600,382.479194,47.566518,6,"1;2;9;10;11;13"
Root_4601,171.734755,32.618358,6,"0;2;9;10;11;13"
Root_4602,431.054170,52.196118,5,"2;9;10;11;13"
Root_4603,123.193302,28.214678,6,"0;1;9;10;11;13"
Root_4604,386.486554,48.492438,5,"1;9;10;11;13"
Root_4605,175.360474,33.544278,5,"0;9;10;11;13"
Root_4606,435.987450,53.122038,4,"9;10;11;13"
Root_4607,57.064058,14.122176,12,"0;1;2;3;4;5;6;7;8;10;11;13"
Root_4608,298.800826,34.399936,11,"1;2;3;4;5;6;7;8;10;11;13"
Root_4609,101.536634,19.451776,11,"0;2;3;4;5;6;7;8;10;11;13"
Root_4610,334.209219,39.029536,10,"2;3;4;5;6;7;8;10;11;13"
Root_4611,55.664058,15.048096,11,"0;1;3;4;5;6;7;8;10;11;13"
Root_4612,298.178586,35.325856,10,"1;3;4;5;6;7;8;10;11;13"
Root_4613,99.062554,20.377696,10,"0;3;4;5;6;7;8;10;11;13"
Root_4614,334.512899,39.955456,9,"3;4;5;6;7;8;10;11;13"
Root_4615,63.330714,16.035744,11,"0;1;2;4;5;6;7;8;10;11;13"
Root_4616,303.548922,36.313504,10,"1;2;4;5;6;7;8;10;11;13"
Root_4617,104.025498,21.365344,10,"0;2;4;5;6;7;8;10;11;13"
Root_4618,340.870883,40.943104,9,"2;4;5;6;7;8;10;11;13"
Root_4619,60.894970,16.961664,10,"0;1;4;5;6;7;8;10;11;13"
Root_4620,303.852602,37.239424,9,"1;4;5;6;7;8;10;11;13"
Root_4621,102.477338,22.291264,9,"0;4;5;6;7;8;10;11;13"
Root_4622,342.100483,41.869024,8,"4;5;6;7;8;10;11;13"
Root_4623,59.256634,16.344384,11,"0;1;2;3;5;6;7;8;10;11;13"
Root_4624,306.326682,36.622144,10,"1;2;3;5;6;7;8;10;11;13"
Root_4625,104.859962,21.673984,10,"0;2;3;5;6;7;8;10;11;13"
Root_4626,343.957283,41.251744,9,"2;3;5;6;7;8;10;11;13"
Root_4627,56.782554,17.270304,10,"0;1;3;5;6;7;8;10;11;13"
Root_4628,306.630362,37.548064,9,"1;3;5;6;7;8;10;11;13"
Root_4629,104.237722,22.599904,9,"0;3;5;6;7;8;10;11;13"
Root_4630,345.186883,42.177664,8,"3;5;6;7;8;10;11;13"
Root_4631,64.745498,18.257952,10,"0;1;2;5;6;7;8;10;11;13"
Root_4632,312.988346,38.535712,9,"1;2;5;6;7;8;10;11;13"
Root_4633,109.175962,23.587552,9,"0;2;5;6;7;8;10;11;13"
Root_4634,352.532515,43.165312,8,"2;5;6;7;8;10;11;13"
Root_4635,63.197338,19.183872,9,"0;1;5;6;7;8;10;11;13"
Root_4636,314.217946,39.461632,8,"1;5;6;7;8;10;11;13"
Root_4637,109.479642,24.513472,8,"0;5;6;7;8;10;11;13"
Root_4638,354.688035,44.091232,7,"5;6;7;8;10;11;13"
Root_4639,65.314758,15.665376,11,"0;1;2;3;4;6;7;8;10;11;13"
Root_4640,301.264986,35.943136,10,"1;2;3;4;6;7;8;10;11;13"
Root_4641,109.116954,20.994976,10,"0;2;3;4;6;7;8;10;11;13"
Root_4642,338.216579,40.572736,9,"2;3;4;6;7;8;10;11;13"
Root_4643,63.249382,16.591296,10,"0;1;3;4;6;7;8;10;11;13"
Root_4644,301.568666,36.869056,9,"1;3;4;6;7;8;10;11;13"
Root_4645,107.563770,21.920896,9,"0;3;4;6;7;8;10;11;13"
Root_4646,339.446179,41.498656,8,"3;4;6;7;8;10;11;13"
Root_4647,71.055462,17.578944,10,"0;1;2;4;6;7;8;10;11;13"
Root_4648,307.556282,37.856704,9,"1;2;4;6;7;8;10;11;13"
Root_4649,111.605818,22.908544,9,"0;2;4;6;7;8;10;11;13"
Root_4650,346.421443,42.486304,8,"2;4;6;7;8;10;11;13"
Root_4651,68.581382,18.504864,9,"0;1;4;6;7;8;10;11;13"
Root_4652,308.785882,38.782624,8,"1;4;6;7;8;10;11;13"
Root_4653,110.892122,23.834464,8,"0;4;6;7;8;10;11;13"
Root_4654,348.576963,43.412224,7,"4;6;7;8;10;11;13"
Root_4655,66.981382,17.887584,10,"0;1;2;3;6;7;8;10;11;13"
Root_4656,310.334042,38.165344,9,"1;2;3;6;7;8;10;11;13"
Root_4657,113.674842,23.217184,9,"0;2;3;6;7;8;10;11;13"
Root_4658,349.507843,42.794944,8,"2;3;6;7;8;10;11;13"
Root_4659,65.320806,18.813504,9,"0;1;3;6;7;8;10;11;13"
Root_4660,311.563642,39.091264,8,"1;3;6;7;8;10;11;13"
Root_4661,113.052602,24.143104,8,"0;3;6;7;8;10;11;13"
Root_4662,351.663363,43.720864,7,"3;6;7;8;10;11;13"
Root_4663,72.470246,19.801152,9,"0;1;2;6;7;8;10;11;13"
Root_4664,318.538906,40.078912,8,"1;2;6;7;8;10;11;13"
Root_4665,118.052570,25.130752,8,"0;2;6;7;8;10;11;13"
Root_4666,359.626275,44.708512,7,"2;6;7;8;10;11;13"
Root_4667,70.922086,20.727072,8,"0;1;6;7;8;10;11;13"
Root_4668,320.694426,41.004832,7,"1;6;7;8;10;11;13"
Root_4669,118.356250,26.056672,7,"0;6;7;8;10;11;13"
Root_4670,362.707715,45.634432,6,"6;7;8;10;11;13"
Root_4671,70.015894,16.548086,11,"0;1;2;3;4;5;7;8;10;11;13"
Root_4672,308.363706,36.825846,10,"1;2;3;4;5;7;8;10;11;13"
Root_4673,113.815597,21.877686,10,"0;2;3;4;5;7;8;10;11;13"
Root_4674,346.198010,41.455446,9,"2;3;4;5;7;8;10;11;13"
Root_4675,67.541814,17.474006,10,"0;1;3;4;5;7;8;10;11;13"
Root_4676,308.667386,37.751766,9,"1;3;4;5;7;8;10;11;13"
Root_4677,112.267437,22.803606,9,"0;3;4;5;7;8;10;11;13"
Root_4678,347.427610,42.381366,8,"3;4;5;7;8;10;11;13"
Root_4679,75.043104,18.461654,10,"0;1;2;4;5;7;8;10;11;13"
Root_4680,315.025370,38.739414,9,"1;2;4;5;7;8;10;11;13"
Root_4681,116.218029,23.791254,9,"0;2;4;5;7;8;10;11;13"
Root_4682,354.773242,43.369014,8,"2;4;5;7;8;10;11;13"
Root_4683,72.569024,19.387574,9,"0;1;4;5;7;8;10;11;13"
Root_4684,316.254970,39.665334,8,"1;4;5;7;8;10;11;13"
Root_4685,115.595789,24.717174,8,"0;4;5;7;8;10;11;13"
Root_4686,356.928762,44.294934,7,"4;5;7;8;10;11;13"
Root_4687,71.739318,18.770294,10,"0;1;2;3;5;7;8;10;11;13"
Root_4688,318.111770,39.048054,9,"1;2;3;5;7;8;10;11;13"
Root_4689,118.687149,24.099894,9,"0;2;3;5;7;8;10;11;13"
Root_4690,358.168282,43.677654,8,"2;3;5;7;8;10;11;13"
Root_4691,70.191158,19.696214,9,"0;1;3;5;7;8;10;11;13"
Root_4692,319.341370,39.973974,8,"1;3;5;7;8;10;11;13"
Root_4693,118.064909,25.025814,8,"0;3;5;7;8;10;11;13"
Root_4694,360.323802,44.603574,7,"3;5;7;8;10;11;13"
Root_4695,76.457888,20.683862,9,"0;1;2;5;7;8;10;11;13"
Root_4696,326.687002,40.961622,8,"1;2;5;7;8;10;11;13"
Root_4697,123.435245,26.013462,8,"0;2;5;7;8;10;11;13"
Root_4698,368.657082,45.591222,7,"2;5;7;8;10;11;13"
Root_4699,75.519510,21.609782,8,"0;1;5;7;8;10;11;13"
Root_4700,328.842522,41.887542,7,"1;5;7;8;10;11;13"
Root_4701,123.738925,26.939382,7,"0;5;7;8;10;11;13"
Root_4702,371.738522,46.517142,6,"5;7;8;10;11;13"
Root_4703,78.966454,18.091286,10,"0;1;2;3;4;7;8;10;11;13"
Root_4704,312.371066,38.369046,9,"1;2;3;4;7;8;10;11;13"
Root_4705,120.883574,23.420886,9,"0;2;3;4;7;8;10;11;13"
Root_4706,351.748570,42.998646,8,"2;3;4;7;8;10;11;13"
Root_4707,76.492374,19.017206,9,"0;1;3;4;7;8;10;11;13"
Root_4708,313.600666,39.294966,8,"1;3;4;7;8;10;11;13"
Root_4709,119.335414,24.346806,8,"0;3;4;7;8;10;11;13"
Root_4710,353.904090,43.924566,7,"3;4;7;8;10;11;13"
Root_4711,82.450464,20.004854,9,"0;1;2;4;7;8;10;11;13"
Root_4712,320.575930,40.282614,8,"1;2;4;7;8;10;11;13"
Root_4713,123.347734,25.334454,8,"0;2;4;7;8;10;11;13"
Root_4714,361.867002,44.912214,7,"2;4;7;8;10;11;13"
Root_4715,79.976384,20.930774,8,"0;1;4;7;8;10;11;13"
Root_4716,322.731450,41.208534,7,"1;4;7;8;10;11;13"
Root_4717,122.725494,26.260374,7,"0;4;7;8;10;11;13"
Root_4718,364.948442,45.838134,6,"4;7;8;10;11;13"
Root_4719,80.998518,20.313494,9,"0;1;2;3;7;8;10;11;13"
Root_4720,323.662330,40.591254,8,"1;2;3;7;8;10;11;13"
Root_4721,125.508214,25.643094,8,"0;2;3;7;8;10;11;13"
Root_4722,365.262042,45.220854,7,"2;3;7;8;10;11;13"
Root_4723,79.689773,21.239414,8,"0;1;3;7;8;10;11;13"
Root_4724,325.817850,41.517174,7,"1;3;7;8;10;11;13"
Root_4725,124.885974,26.569014,7,"0;3;7;8;10;11;13"
Root_4726,368.343482,46.146774,6,"3;7;8;10;11;13"
Root_4727,85.400950,22.227062,8,"0;1;2;7;8;10;11;13"
Root_4728,333.780762,42.504822,7,"1;2;7;8;10;11;13"
Root_4729,129.885942,27.556662,7,"0;2;7;8;10;11;13"
Root_4730,377.294042,47.134422,6,"2;7;8;10;11;13"
Root_4731,84.931693,23.152982,7,"0;1;7;8;10;11;13"
Root_4732,336.862202,43.430742,6,"1;7;8;10;11;13"
Root_4733,130.189622,28.482582,6,"0;7;8;10;11;13"
Root_4734,381.301402,48.060342,5,"7;8;10;11;13"
Root_4735,75.454138,17.146848,11,"0;1;2;3;4;5;6;8;10;11;13"
Root_4736,314.950083,37.424608,10,"1;2;3;4;5;6;8;10;11;13"
Root_4737,120.451363,22.476448,10,"0;2;3;4;5;6;8;10;11;13"
Root_4738,353.383149,42.054208,9,"2;3;4;5;6;8;10;11;13"
Root_4739,72.980058,18.072768,10,"0;1;3;4;5;6;8;10;11;13"
Root_4740,315.253763,38.350528,9,"1;3;4;5;6;8;10;11;13"
Root_4741,118.903203,23.402368,9,"0;3;4;5;6;8;10;11;13"
Root_4742,354.612749,42.980128,8,"3;4;5;6;8;10;11;13"
Root_4743,79.882586,19.060416,10,"0;1;2;4;5;6;8;10;11;13"
Root_4744,321.611747,39.338176,9,"1;2;4;5;6;8;10;11;13"
Root_4745,122.853795,24.390016,9,"0;2;4;5;6;8;10;11;13"
Root_4746,361.958381,43.967776,8,"2;4;5;6;8;10;11;13"
Root_4747,77.408506,19.986336,9,"0;1;4;5;6;8;10;11;13"
Root_4748,322.841347,40.264096,8,"1;4;5;6;8;10;11;13"
Root_4749,122.231555,25.315936,8,"0;4;5;6;8;10;11;13"
Root_4750,364.113901,44.893696,7,"4;5;6;8;10;11;13"
Root_4751,77.177562,19.369056,10,"0;1;2;3;5;6;8;10;11;13"
Root_4752,324.698147,39.646816,9,"1;2;3;5;6;8;10;11;13"
Root_4753,125.322915,24.698656,9,"0;2;3;5;6;8;10;11;13"
Root_4754,365.353421,44.276416,8,"2;3;5;6;8;10;11;13"
Root_4755,75.629402,20.294976,9,"0;1;3;5;6;8;10;11;13"
Root_4756,325.927747,40.572736,8,"1;3;5;6;8;10;11;13"
Root_4757,124.700675,25.624576,8,"0;3;5;6;8;10;11;13"
Root_4758,367.508941,45.202336,7,"3;5;6;8;10;11;13"
Root_4759,81.579994,21.282624,9,"0;1;2;5;6;8;10;11;13"
Root_4760,333.273379,41.560384,8,"1;2;5;6;8;10;11;13"
Root_4761,130.071011,26.612224,8,"0;2;5;6;8;10;11;13"
Root_4762,375.842221,46.189984,7,"2;5;6;8;10;11;13"
Root_4763,80.957754,22.208544,8,"0;1;5;6;8;10;11;13"
Root_4764,335.428899,42.486304,7,"1;5;6;8;10;11;13"
Root_4765,130.374691,27.538144,7,"0;5;6;8;10;11;13"
Root_4766,378.923661,47.115904,6,"5;6;8;10;11;13"
Root_4767,84.404698,18.690048,10,"0;1;2;3;4;6;8;10;11;13"
Root_4768,318.957443,38.967808,9,"1;2;3;4;6;8;10;11;13"
Root_4769,126.920579,24.019648,9,"0;2;3;4;6;8;10;11;13"
Root_4770,358.933709,43.597408,8,"2;3;4;6;8;10;11;13"
Root_4771,81.930618,19.615968,9,"0;1;3;4;6;8;10;11;13"
Root_4772,320.187043,39.893728,8,"1;3;4;6;8;10;11;13"
Root_4773,125.372419,24.945568,8,"0;3;4;6;8;10;11;13"
Root_4774,361.089229,44.523328,7,"3;4;6;8;10;11;13"
Root_4775,87.289946,20.603616,9,"0;1;2;4;6;8;10;11;13"
Root_4776,327.162307,40.881376,8,"1;2;4;6;8;10;11;13"
Root_4777,129.384739,25.933216,8,"0;2;4;6;8;10;11;13"
Root_4778,369.052141,45.510976,7,"2;4;6;8;10;11;13"
Root_4779,85.345402,21.529536,8,"0;1;4;6;8;10;11;13"
Root_4780,329.317827,41.807296,7,"1;4;6;8;10;11;13"
Root_4781,128.762499,26.859136,7,"0;4;6;8;10;11;13"
Root_4782,372.133581,46.436896,6,"4;6;8;10;11;13"
Root_4783,86.436762,20.912256,9,"0;1;2;3;6;8;10;11;13"
Root_4784,330.248707,41.190016,8,"1;2;3;6;8;10;11;13"
Root_4785,131.545219,26.241856,8,"0;2;3;6;8;10;11;13"
Root_4786,372.447181,45.819616,7,"2;3;6;8;10;11;13"
Root_4787,85.726778,21.838176,8,"0;1;3;6;8;10;11;13"
Root_4788,332.404227,42.115936,7,"1;3;6;8;10;11;13"
Root_4789,130.922979,27.167776,7,"0;3;6;8;10;11;13"
Root_4790,375.528621,46.745536,6,"3;6;8;10;11;13"
Root_4791,90.839194,22.825824,8,"0;1;2;6;8;10;11;13"
Root_4792,340.367139,43.103584,7,"1;2;6;8;10;11;13"
Root_4793,135.922947,28.155424,7,"0;2;6;8;10;11;13"
Root_4794,384.479181,47.733184,6,"2;6;8;10;11;13"
Root_4795,90.968698,23.751744,7,"0;1;6;8;10;11;13"
Root_4796,343.448579,44.029504,6,"1;6;8;10;11;13"
Root_4797,136.226627,29.081344,6,"0;6;8;10;11;13"
Root_4798,388.486541,48.659104,5,"6;8;10;11;13"
Root_4799,88.225654,19.572758,10,"0;1;2;3;4;5;8;10;11;13"
Root_4800,326.938874,39.850518,9,"1;2;3;4;5;8;10;11;13"
Root_4801,131.253878,24.902358,9,"0;2;3;4;5;8;10;11;13"
Root_4802,367.797850,44.480118,8,"2;3;4;5;8;10;11;13"
Root_4803,85.751574,20.498678,9,"0;1;3;4;5;8;10;11;13"
Root_4804,328.168474,40.776438,8,"1;3;4;5;8;10;11;13"
Root_4805,129.705718,25.828278,8,"0;3;4;5;8;10;11;13"
Root_4806,369.953370,45.406038,7,"3;4;5;8;10;11;13"
Root_4807,90.714518,21.486326,9,"0;1;2;4;5;8;10;11;13"
Root_4808,335.514106,41.764086,8,"1;2;4;5;8;10;11;13"
Root_4809,134.088406,26.815926,8,"0;2;4;5;8;10;11;13"
Root_4810,378.286650,46.393686,7,"2;4;5;8;10;11;13"
Root_4811,89.166358,22.412246,8,"0;1;4;5;8;10;11;13"
Root_4812,337.669626,42.690006,7,"1;4;5;8;10;11;13"
Root_4813,133.466166,27.741846,7,"0;4;5;8;10;11;13"
Root_4814,381.368090,47.319606,6,"4;5;8;10;11;13"
Root_4815,91.669965,21.794966,9,"0;1;2;3;5;8;10;11;13"
Root_4816,338.909146,42.072726,8,"1;2;3;5;8;10;11;13"
Root_4817,136.557526,27.124566,8,"0;2;3;5;8;10;11;13"
Root_4818,381.990330,46.702326,7,"2;3;5;8;10;11;13"
Root_4819,91.047725,22.720886,8,"0;1;3;5;8;10;11;13"
Root_4820,341.064666,42.998646,7,"1;3;5;8;10;11;13"
Root_4821,135.935286,28.050486,7,"0;3;5;8;10;11;13"
Root_4822,385.071770,47.628246,6,"3;5;8;10;11;13"
Root_4823,95.985965,23.708534,8,"0;1;2;5;8;10;11;13"
Root_4824,349.397946,43.986294,7,"1;2;5;8;10;11;13"
Root_4825,141.343757,29.038134,7,"0;2;5;8;10;11;13"
Root_4826,394.392698,48.615894,6,"2;5;8;10;11;13"
Root_4827,96.289645,24.634454,7,"0;1;5;8;10;11;13"
Root_4828,352.479386,44.912214,6,"1;5;8;10;11;13"
Root_4829,142.573357,29.964054,6,"0;5;8;10;11;13"
Root_4830,398.400058,49.541814,5,"5;8;10;11;13"
Root_4831,95.800950,21.115958,9,"0;1;2;3;4;8;10;11;13"
Root_4832,332.489434,41.393718,8,"1;2;3;4;8;10;11;13"
Root_4833,135.729280,26.445558,8,"0;2;3;4;8;10;11;13"
Root_4834,374.891610,46.023318,7,"2;3;4;8;10;11;13"
Root_4835,94.252790,22.041878,8,"0;1;3;4;8;10;11;13"
Root_4836,334.644954,42.319638,7,"1;3;4;8;10;11;13"
Root_4837,134.181120,27.371478,7,"0;3;4;8;10;11;13"
Root_4838,377.973050,46.949238,6,"3;4;8;10;11;13"
Root_4839,98.203382,23.029526,8,"0;1;2;4;8;10;11;13"
Root_4840,342.607866,43.307286,7,"1;2;4;8;10;11;13"
Root_4841,138.193440,28.359126,7,"0;2;4;8;10;11;13"
Root_4842,386.923610,47.936886,6,"2;4;8;10;11;13"
Root_4843,97.581142,23.955446,7,"0;1;4;8;10;11;13"
Root_4844,345.689306,44.233206,6,"1;4;8;10;11;13"
Root_4845,137.856246,29.285046,6,"0;4;8;10;11;13"
Root_4846,390.930970,48.862806,5,"4;8;10;11;13"
Root_4847,100.363862,23.338166,8,"0;1;2;3;8;10;11;13"
Root_4848,346.002906,43.615926,7,"1;2;3;8;10;11;13"
Root_4849,140.353920,28.667766,7,"0;2;3;8;10;11;13"
Root_4850,390.627290,48.245526,6,"2;3;8;10;11;13"
Root_4851,99.741622,24.264086,7,"0;1;3;8;10;11;13"
Root_4852,349.084346,44.541846,6,"1;3;8;10;11;13"
Root_4853,140.325366,29.593686,6,"0;3;8;10;11;13"
Root_4854,394.634650,49.171446,5,"3;8;10;11;13"
Root_4855,104.741590,25.251734,7,"0;1;2;8;10;11;13"
Root_4856,358.034906,45.529494,6,"1;2;8;10;11;13"
Root_4857,147.475651,30.581334,6,"0;2;8;10;11;13"
Root_4858,404.572858,50.159094,5,"2;8;10;11;13"
Root_4859,105.045270,26.177654,6,"0;1;8;10;11;13"
Root_4860,362.042266,46.455414,5,"1;8;10;11;13"
Root_4861,150.557091,31.507254,5,"0;8;10;11;13"
Root_4862,409.506138,51.085014,4,"8;10;11;13"
Root_4863,87.762682,18.751776,11,"0;1;2;3;4;5;6;7;10;11;13"
Root_4864,334.209219,39.029536,10,"1;2;3;4;5;6;7;10;11;13"
Root_4865,134.673475,24.081376,10,"0;2;3;4;5;6;7;10;11;13"
Root_4866,374.247213,43.659136,9,"2;3;4;5;6;7;10;11;13"
Root_4867,85.288602,19.677696,10,"0;1;3;4;5;6;7;10;11;13"
Root_4868,334.512899,39.955456,9,"1;3;4;5;6;7;10;11;13"
Root_4869,133.125315,25.007296,9,"0;3;4;5;6;7;10;11;13"
Root_4870,375.476813,44.585056,8,"3;4;5;6;7;10;11;13"
Root_4871,90.586202,20.665344,10,"0;1;2;4;5;6;7;10;11;13"
Root_4872,340.870883,40.943104,9,"1;2;4;5;6;7;10;11;13"
Root_4873,137.508003,25.994944,9,"0;2;4;5;6;7;10;11;13"
Root_4874,382.822445,45.572704,8,"2;4;5;6;7;10;11;13"
Root_4875,88.703386,21.591264,9,"0;1;4;5;6;7;10;11;13"
Root_4876,342.100483,41.869024,8,"1;4;5;6;7;10;11;13"
Root_4877,136.885763,26.920864,8,"0;4;5;6;7;10;11;13"
Root_4878,384.977965,46.498624,7,"4;5;6;7;10;11;13"
Root_4879,90.103386,20.973984,10,"0;1;2;3;5;6;7;10;11;13"
Root_4880,343.957283,41.251744,9,"1;2;3;5;6;7;10;11;13"
Root_4881,139.977123,26.303584,9,"0;2;3;5;6;7;10;11;13"
Root_4882,386.217485,45.881344,8,"2;3;5;6;7;10;11;13"
Root_4883,89.455130,21.899904,9,"0;1;3;5;6;7;10;11;13"
Root_4884,345.186883,42.177664,8,"1;3;5;6;7;10;11;13"
Root_4885,139.584387,27.229504,8,"0;3;5;6;7;10;11;13"
Root_4886,388.373005,46.807264,7,"3;5;6;7;10;11;13"
Root_4887,94.505818,22.887552,9,"0;1;2;5;6;7;10;11;13"
Root_4888,352.532515,43.165312,8,"1;2;5;6;7;10;11;13"
Root_4889,145.942371,28.217152,8,"0;2;5;6;7;10;11;13"
Root_4890,396.706285,47.794912,7,"2;5;6;7;10;11;13"
Root_4891,94.697050,23.813472,8,"0;1;5;6;7;10;11;13"
Root_4892,354.688035,44.091232,7,"1;5;6;7;10;11;13"
Root_4893,147.171971,29.143072,7,"0;5;6;7;10;11;13"
Root_4894,399.787725,48.720832,6,"5;6;7;10;11;13"
Root_4895,95.478682,20.294976,10,"0;1;2;3;4;6;7;10;11;13"
Root_4896,338.216579,40.572736,9,"1;2;3;4;6;7;10;11;13"
Root_4897,139.969859,25.624576,9,"0;2;3;4;6;7;10;11;13"
Root_4898,379.797773,45.202336,8,"2;3;4;6;7;10;11;13"
Root_4899,93.225498,21.220896,9,"0;1;3;4;6;7;10;11;13"
Root_4900,339.446179,41.498656,8,"1;3;4;6;7;10;11;13"
Root_4901,138.421699,26.550496,8,"0;3;4;6;7;10;11;13"
Root_4902,381.953293,46.128256,7,"3;4;6;7;10;11;13"
Root_4903,97.967546,22.208544,9,"0;1;2;4;6;7;10;11;13"
Root_4904,346.421443,42.486304,8,"1;2;4;6;7;10;11;13"
Root_4905,142.972163,27.538144,8,"0;2;4;6;7;10;11;13"
Root_4906,389.916205,47.115904,7,"2;4;6;7;10;11;13"
Root_4907,96.553850,23.134464,8,"0;1;4;6;7;10;11;13"
Root_4908,348.576963,43.412224,7,"1;4;6;7;10;11;13"
Root_4909,143.275843,28.464064,7,"0;4;6;7;10;11;13"
Root_4910,392.997645,48.041824,6,"4;6;7;10;11;13"
Root_4911,99.336570,22.517184,9,"0;1;2;3;6;7;10;11;13"
Root_4912,349.507843,42.794944,8,"1;2;3;6;7;10;11;13"
Root_4913,145.441283,27.846784,8,"0;2;3;6;7;10;11;13"
Root_4914,393.311245,47.424544,7,"2;3;6;7;10;11;13"
Root_4915,98.714330,23.443104,8,"0;1;3;6;7;10;11;13"
Root_4916,351.663363,43.720864,7,"1;3;6;7;10;11;13"
Root_4917,145.744963,28.772704,7,"0;3;6;7;10;11;13"
Root_4918,396.392685,48.350464,6,"3;6;7;10;11;13"
Root_4919,103.652570,24.430752,8,"0;1;2;6;7;10;11;13"
Root_4920,359.626275,44.708512,7,"1;2;6;7;10;11;13"
Root_4921,151.732579,29.760352,7,"0;2;6;7;10;11;13"
Root_4922,405.343245,49.338112,6,"2;6;7;10;11;13"
Root_4923,103.956250,25.356672,7,"0;1;6;7;10;11;13"
Root_4924,362.707715,45.634432,6,"1;6;7;10;11;13"
Root_4925,153.648451,30.686272,6,"0;6;7;10;11;13"
Root_4926,409.350605,50.264032,5,"6;7;10;11;13"
Root_4927,99.529302,21.177686,10,"0;1;2;3;4;5;7;10;11;13"
Root_4928,346.198010,41.455446,9,"1;2;3;4;5;7;10;11;13"
Root_4929,144.303158,26.507286,9,"0;2;3;4;5;7;10;11;13"
Root_4930,388.661914,46.085046,8,"2;3;4;5;7;10;11;13"
Root_4931,97.981142,22.103606,9,"0;1;3;4;5;7;10;11;13"
Root_4932,347.427610,42.381366,8,"1;3;4;5;7;10;11;13"
Root_4933,143.188205,27.433206,8,"0;3;4;5;7;10;11;13"
Root_4934,390.817434,47.010966,7,"3;4;5;7;10;11;13"
Root_4935,101.931734,23.091254,9,"0;1;2;4;5;7;10;11;13"
Root_4936,354.773242,43.369014,8,"1;2;4;5;7;10;11;13"
Root_4937,148.558541,28.420854,8,"0;2;4;5;7;10;11;13"
Root_4938,399.150714,47.998614,7,"2;4;5;7;10;11;13"
Root_4939,101.309494,24.017174,8,"0;1;4;5;7;10;11;13"
Root_4940,356.928762,44.294934,7,"1;4;5;7;10;11;13"
Root_4941,149.208995,29.346774,7,"0;4;5;7;10;11;13"
Root_4942,402.232154,48.924534,6,"4;5;7;10;11;13"
Root_4943,104.287149,23.399894,9,"0;1;2;3;5;7;10;11;13"
Root_4944,358.168282,43.677654,8,"1;2;3;5;7;10;11;13"
Root_4945,151.336301,28.729494,8,"0;2;3;5;7;10;11;13"
Root_4946,402.854394,48.307254,7,"2;3;5;7;10;11;13"
Root_4947,103.664909,24.325814,8,"0;1;3;5;7;10;11;13"
Root_4948,360.323802,44.603574,7,"1;3;5;7;10;11;13"
Root_4949,152.295395,29.655414,7,"0;3;5;7;10;11;13"
Root_4950,405.935834,49.233174,6,"3;5;7;10;11;13"
Root_4951,109.035245,25.313462,8,"0;1;2;5;7;10;11;13"
Root_4952,368.657082,45.591222,7,"1;2;5;7;10;11;13"
Root_4953,159.641027,30.643062,7,"0;2;5;7;10;11;13"
Root_4954,415.256762,50.220822,6,"2;5;7;10;11;13"
Root_4955,109.338925,26.239382,7,"0;1;5;7;10;11;13"
Root_4956,371.738522,46.517142,6,"1;5;7;10;11;13"
Root_4957,161.796547,31.568982,6,"0;5;7;10;11;13"
Root_4958,419.264122,51.146742,5,"5;7;10;11;13"
Root_4959,107.245302,22.720886,9,"0;1;2;3;4;7;10;11;13"
Root_4960,351.748570,42.998646,8,"1;2;3;4;7;10;11;13"
Root_4961,148.224118,28.050486,8,"0;2;3;4;7;10;11;13"
Root_4962,395.755674,47.628246,7,"2;3;4;7;10;11;13"
Root_4963,105.697142,23.646806,8,"0;1;3;4;7;10;11;13"
Root_4964,353.904090,43.924566,7,"1;3;4;7;10;11;13"
Root_4965,147.601878,28.976406,7,"0;3;4;7;10;11;13"
Root_4966,398.837114,48.554166,6,"3;4;7;10;11;13"
Root_4967,109.647734,24.634454,8,"0;1;2;4;7;10;11;13"
Root_4968,361.867002,44.912214,7,"1;2;4;7;10;11;13"
Root_4969,153.565901,29.964054,7,"0;2;4;7;10;11;13"
Root_4970,407.787674,49.541814,6,"2;4;7;10;11;13"
Root_4971,109.025494,25.560374,7,"0;1;4;7;10;11;13"
Root_4972,364.948442,45.838134,6,"1;4;7;10;11;13"
Root_4973,155.685475,30.889974,6,"0;4;7;10;11;13"
Root_4974,411.795034,50.467734,5,"4;7;10;11;13"
Root_4975,111.808214,24.943094,8,"0;1;2;3;7;10;11;13"
Root_4976,365.262042,45.220854,7,"1;2;3;7;10;11;13"
Root_4977,156.616355,30.272694,7,"0;2;3;7;10;11;13"
Root_4978,411.491354,49.850454,6,"2;3;7;10;11;13"
Root_4979,111.185974,25.869014,7,"0;1;3;7;10;11;13"
Root_4980,368.343482,46.146774,6,"1;3;7;10;11;13"
Root_4981,158.771875,31.198614,6,"0;3;7;10;11;13"
Root_4982,415.498714,50.776374,5,"3;7;10;11;13"
Root_4983,116.185942,26.856662,7,"0;1;2;7;10;11;13"
Root_4984,377.294042,47.134422,6,"1;2;7;10;11;13"
Root_4985,166.734787,32.186262,6,"0;2;7;10;11;13"
Root_4986,425.436922,51.764022,5,"2;7;10;11;13"
Root_4987,117.272205,27.782582,6,"0;1;7;10;11;13"
Root_4988,381.301402,48.060342,5,"1;7;10;11;13"
Root_4989,169.928410,33.112182,5,"0;7;10;11;13"
Root_4990,430.370202,52.689942,4,"7;10;11;13"
Root_4991,106.051363,21.776448,10,"0;1;2;3;4;5;6;10;11;13"
Root_4992,353.383149,42.054208,9,"1;2;3;4;5;6;10;11;13"
Root_4993,151.044973,27.106048,9,"0;2;3;4;5;6;10;11;13"
Root_4994,396.445814,46.683808,8,"2;3;4;5;6;10;11;13"
Root_4995,104.503203,22.702368,9,"0;1;3;4;5;6;10;11;13"
Root_4996,354.612749,42.980128,8,"1;3;4;5;6;10;11;13"
Root_4997,150.422733,28.031968,8,"0;3;4;5;6;10;11;13"
Root_4998,398.601334,47.609728,7,"3;4;5;6;10;11;13"
Root_4999,108.453795,23.690016,9,"0;1;2;4;5;6;10;11;13"
Root_5000,361.958381,43.967776,8,"1;2;4;5;6;10;11;13"
Root_5001,155.793069,29.019616,8,"0;2;4;5;6;10;11;13"
Root_5002,406.934614,48.597376,7,"2;4;5;6;10;11;13"
Root_5003,107.831555,24.615936,8,"0;1;4;5;6;10;11;13"
Root_5004,364.113901,44.893696,7,"1;4;5;6;10;11;13"
Root_5005,156.096749,29.945536,7,"0;4;5;6;10;11;13"
Root_5006,410.016054,49.523296,6,"4;5;6;10;11;13"
Root_5007,110.922915,23.998656,9,"0;1;2;3;5;6;10;11;13"
Root_5008,365.353421,44.276416,8,"1;2;3;5;6;10;11;13"
Root_5009,158.570829,29.328256,8,"0;2;3;5;6;10;11;13"
Root_5010,410.638294,48.906016,7,"2;3;5;6;10;11;13"
Root_5011,110.300675,24.924576,8,"0;1;3;5;6;10;11;13"
Root_5012,367.508941,45.202336,7,"1;3;5;6;10;11;13"
Root_5013,159.128685,30.254176,7,"0;3;5;6;10;11;13"
Root_5014,413.719734,49.831936,6,"3;5;6;10;11;13"
Root_5015,115.671011,25.912224,8,"0;1;2;5;6;10;11;13"
Root_5016,375.842221,46.189984,7,"1;2;5;6;10;11;13"
Root_5017,166.474317,31.241824,7,"0;2;5;6;10;11;13"
Root_5018,423.040662,50.819584,6,"2;5;6;10;11;13"
Root_5019,115.974691,26.838144,7,"0;1;5;6;10;11;13"
Root_5020,378.923661,47.115904,6,"1;5;6;10;11;13"
Root_5021,168.629837,32.167744,6,"0;5;6;10;11;13"
Root_5022,427.048022,51.745504,5,"5;6;10;11;13"
Root_5023,113.220579,23.319648,9,"0;1;2;3;4;6;10;11;13"
Root_5024,358.933709,43.597408,8,"1;2;3;4;6;10;11;13"
Root_5025,154.859885,28.649248,8,"0;2;3;4;6;10;11;13"
Root_5026,403.539574,48.227008,7,"2;3;4;6;10;11;13"
Root_5027,111.672419,24.245568,8,"0;1;3;4;6;10;11;13"
Root_5028,361.089229,44.523328,7,"1;3;4;6;10;11;13"
Root_5029,154.237645,29.575168,7,"0;3;4;6;10;11;13"
Root_5030,406.621014,49.152928,6,"3;4;6;10;11;13"
Root_5031,115.684739,25.233216,8,"0;1;2;4;6;10;11;13"
Root_5032,369.052141,45.510976,7,"1;2;4;6;10;11;13"
Root_5033,160.363245,30.562816,7,"0;2;4;6;10;11;13"
Root_5034,415.571574,50.140576,6,"2;4;6;10;11;13"
Root_5035,115.062499,26.159136,7,"0;1;4;6;10;11;13"
Root_5036,372.133581,46.436896,6,"1;4;6;10;11;13"
Root_5037,162.518765,31.488736,6,"0;4;6;10;11;13"
Root_5038,419.578934,51.066496,5,"4;6;10;11;13"
Root_5039,117.845219,25.541856,8,"0;1;2;3;6;10;11;13"
Root_5040,372.447181,45.819616,7,"1;2;3;6;10;11;13"
Root_5041,163.449645,30.871456,7,"0;2;3;6;10;11;13"
Root_5042,419.275254,50.449216,6,"2;3;6;10;11;13"
Root_5043,117.222979,26.467776,7,"0;1;3;6;10;11;13"
Root_5044,375.528621,46.745536,6,"1;3;6;10;11;13"
Root_5045,165.605165,31.797376,6,"0;3;6;10;11;13"
Root_5046,423.282614,51.375136,5,"3;6;10;11;13"
Root_5047,122.678371,27.455424,7,"0;1;2;6;10;11;13"
Root_5048,384.479181,47.733184,6,"1;2;6;10;11;13"
Root_5049,173.568077,32.785024,6,"0;2;6;10;11;13"
Root_5050,433.220822,52.362784,5,"2;6;10;11;13"
Root_5051,123.907971,28.381344,6,"0;1;6;10;11;13"
Root_5052,388.486541,48.659104,5,"1;6;10;11;13"
Root_5053,177.360461,33.710944,5,"0;6;10;11;13"
Root_5054,438.154102,53.288704,4,"6;10;11;13"
Root_5055,117.553878,24.202358,9,"0;1;2;3;4;5;10;11;13"
Root_5056,367.797850,44.480118,8,"1;2;3;4;5;10;11;13"
Root_5057,160.607853,29.531958,8,"0;2;3;4;5;10;11;13"
Root_5058,413.286426,49.109718,7,"2;3;4;5;10;11;13"
Root_5059,116.005718,25.128278,8,"0;1;3;4;5;10;11;13"
Root_5060,369.953370,45.406038,7,"1;3;4;5;10;11;13"
Root_5061,161.369411,30.457878,7,"0;3;4;5;10;11;13"
Root_5062,416.367866,50.035638,6,"3;4;5;10;11;13"
Root_5063,120.388406,26.115926,8,"0;1;2;4;5;10;11;13"
Root_5064,378.286650,46.393686,7,"1;2;4;5;10;11;13"
Root_5065,168.715043,31.445526,7,"0;2;4;5;10;11;13"
Root_5066,425.688794,51.023286,6,"2;4;5;10;11;13"
Root_5067,119.808013,27.041846,7,"0;1;4;5;10;11;13"
Root_5068,381.368090,47.319606,6,"1;4;5;10;11;13"
Root_5069,170.870563,32.371446,6,"0;4;5;10;11;13"
Root_5070,429.696154,51.949206,5,"4;5;10;11;13"
Root_5071,122.857526,26.424566,8,"0;1;2;3;5;10;11;13"
Root_5072,381.990330,46.702326,7,"1;2;3;5;10;11;13"
Root_5073,172.110083,31.754166,7,"0;2;3;5;10;11;13"
Root_5074,429.701114,51.331926,6,"2;3;5;10;11;13"
Root_5075,122.585773,27.350486,7,"0;1;3;5;10;11;13"
Root_5076,385.071770,47.628246,6,"1;3;5;10;11;13"
Root_5077,174.265603,32.680086,6,"0;3;5;10;11;13"
Root_5078,433.708474,52.257846,5,"3;5;10;11;13"
Root_5079,128.943757,28.338134,7,"0;1;2;5;10;11;13"
Root_5080,394.392698,48.615894,6,"1;2;5;10;11;13"
Root_5081,183.266618,33.667734,6,"0;2;5;10;11;13"
Root_5082,444.017050,53.245494,5,"2;5;10;11;13"
Root_5083,130.437411,29.264054,6,"0;1;5;10;11;13"
Root_5084,398.400058,49.541814,5,"1;5;10;11;13"
Root_5085,187.273978,34.593654,5,"0;5;10;11;13"
Root_5086,448.950330,54.171414,4,"5;10;11;13"
Root_5087,122.729280,25.745558,8,"0;1;2;3;4;10;11;13"
Root_5088,374.891610,46.023318,7,"1;2;3;4;10;11;13"
Root_5089,165.690371,31.075158,7,"0;2;3;4;10;11;13"
Root_5090,421.923386,50.652918,6,"2;3;4;10;11;13"
Root_5091,121.181120,26.671478,7,"0;1;3;4;10;11;13"
Root_5092,377.973050,46.949238,6,"1;3;4;10;11;13"
Root_5093,167.845891,32.001078,6,"0;3;4;10;11;13"
Root_5094,425.930746,51.578838,5,"3;4;10;11;13"
Root_5095,125.852566,27.659126,7,"0;1;2;4;10;11;13"
Root_5096,386.923610,47.936886,6,"1;2;4;10;11;13"
Root_5097,175.808803,32.988726,6,"0;2;4;10;11;13"
Root_5098,435.868954,52.566486,5,"2;4;10;11;13"
Root_5099,126.156246,28.585046,6,"0;1;4;10;11;13"
Root_5100,390.930970,48.862806,5,"1;4;10;11;13"
Root_5101,179.804890,33.914646,5,"0;4;10;11;13"
Root_5102,440.802234,53.492406,4,"4;10;11;13"
Root_5103,128.321686,27.967766,7,"0;1;2;3;10;11;13"
Root_5104,390.627290,48.245526,6,"1;2;3;10;11;13"
Root_5105,179.501210,33.297366,6,"0;2;3;10;11;13"
Root_5106,439.881274,52.875126,5,"2;3;10;11;13"
Root_5107,128.625366,28.893686,6,"0;1;3;10;11;13"
Root_5108,394.634650,49.171446,5,"1;3;10;11;13"
Root_5109,183.508570,34.223286,5,"0;3;10;11;13"
Root_5110,444.814554,53.801046,4,"3;10;11;13"
Root_5111,135.494317,29.881334,6,"0;1;2;10;11;13"
Root_5112,404.572858,50.159094,5,"1;2;10;11;13"
Root_5113,193.446778,35.210934,5,"0;2;10;11;13"
Root_5114,455.740410,54.788694,4,"2;10;11;13"
Root_5115,139.264346,30.807254,5,"0;1;10;11;13"
Root_5116,409.506138,51.085014,4,"1;10;11;13"
Root_5117,198.380058,36.136854,4,"0;10;11;13"
Root_5118,461.599610,55.714614,3,"10;11;13"
Root_5119,33.864272,9.655520,12,"0;1;2;3;4;5;6;7;8;9;11;13"
Root_5120,296.149040,32.733280,11,"1;2;3;4;5;6;7;8;9;11;13"
Root_5121,100.576176,17.785120,11,"0;2;3;4;5;6;7;8;9;11;13"
Root_5122,329.190778,37.362880,10,"2;3;4;5;6;7;8;9;11;13"
Root_5123,33.864272,10.581440,11,"0;1;3;4;5;6;7;8;9;11;13"
Root_5124,294.826800,33.659200,10,"1;3;4;5;6;7;8;9;11;13"
Root_5125,98.113136,18.711040,10,"0;3;4;5;6;7;8;9;11;13"
Root_5126,328.794458,38.288800,9,"3;4;5;6;7;8;9;11;13"
Root_5127,64.109894,14.369088,11,"0;1;2;4;5;6;7;8;9;11;13"
Root_5128,299.209488,34.646848,10,"1;2;4;5;6;7;8;9;11;13"
Root_5129,104.377392,19.698688,10,"0;2;4;5;6;7;8;9;11;13"
Root_5130,334.164794,39.276448,9,"2;4;5;6;7;8;9;11;13"
Root_5131,62.009894,15.295008,10,"0;1;4;5;6;7;8;9;11;13"
Root_5132,298.813168,35.572768,9,"1;4;5;6;7;8;9;11;13"
Root_5133,102.129232,20.624608,9,"0;4;5;6;7;8;9;11;13"
Root_5134,334.694394,40.202368,8,"4;5;6;7;8;9;11;13"
Root_5135,46.539578,13.277728,11,"0;1;2;3;5;6;7;8;9;11;13"
Root_5136,301.678608,34.955488,10,"1;2;3;5;6;7;8;9;11;13"
Root_5137,102.310640,20.007328,10,"0;2;3;5;6;7;8;9;11;13"
Root_5138,336.942554,39.585088,9,"2;3;5;6;7;8;9;11;13"
Root_5139,45.235930,14.203648,10,"0;1;3;5;6;7;8;9;11;13"
Root_5140,301.282288,35.881408,9,"1;3;5;6;7;8;9;11;13"
Root_5141,100.988400,20.933248,9,"0;3;5;6;7;8;9;11;13"
Root_5142,337.472154,40.511008,8,"3;5;6;7;8;9;11;13"
Root_5143,64.306182,16.591296,10,"0;1;2;5;6;7;8;9;11;13"
Root_5144,306.652624,36.869056,9,"1;2;5;6;7;8;9;11;13"
Root_5145,106.018096,21.920896,9,"0;2;5;6;7;8;9;11;13"
Root_5146,343.830138,41.498656,8,"2;5;6;7;8;9;11;13"
Root_5147,61.132102,17.517216,9,"0;1;5;6;7;8;9;11;13"
Root_5148,307.182224,37.794976,8,"1;5;6;7;8;9;11;13"
Root_5149,104.695856,22.846816,8,"0;5;6;7;8;9;11;13"
Root_5150,345.285658,42.424576,7,"5;6;7;8;9;11;13"
Root_5151,45.961594,11.898720,11,"0;1;2;3;4;6;7;8;9;11;13"
Root_5152,297.295920,34.276480,10,"1;2;3;4;6;7;8;9;11;13"
Root_5153,108.537904,19.328320,10,"0;2;3;4;6;7;8;9;11;13"
Root_5154,331.880858,38.906080,9,"2;3;4;6;7;8;9;11;13"
Root_5155,45.961594,12.824640,10,"0;1;3;4;6;7;8;9;11;13"
Root_5156,296.899600,35.202400,9,"1;3;4;6;7;8;9;11;13"
Root_5157,106.289744,20.254240,9,"0;3;4;6;7;8;9;11;13"
Root_5158,332.410458,39.832000,8,"3;4;6;7;8;9;11;13"
Root_5159,71.225872,15.912288,10,"0;1;2;4;6;7;8;9;11;13"
Root_5160,301.899568,36.190048,9,"1;2;4;6;7;8;9;11;13"
Root_5161,111.010800,21.241888,9,"0;2;4;6;7;8;9;11;13"
Root_5162,338.398074,40.819648,8,"2;4;6;7;8;9;11;13"
Root_5163,68.213584,16.838208,9,"0;1;4;6;7;8;9;11;13"
Root_5164,302.429168,37.115968,8,"1;4;6;7;8;9;11;13"
Root_5165,108.762640,22.167808,8,"0;4;6;7;8;9;11;13"
Root_5166,339.853594,41.745568,7,"4;6;7;8;9;11;13"
Root_5167,53.434672,14.820928,10,"0;1;2;3;6;7;8;9;11;13"
Root_5168,304.368688,36.498688,9,"1;2;3;6;7;8;9;11;13"
Root_5169,111.104528,21.550528,9,"0;2;3;6;7;8;9;11;13"
Root_5170,341.175834,41.128288,8,"2;3;6;7;8;9;11;13"
Root_5171,51.334672,15.746848,9,"0;1;3;6;7;8;9;11;13"
Root_5172,304.898288,37.424608,8,"1;3;6;7;8;9;11;13"
Root_5173,109.782288,22.476448,8,"0;3;6;7;8;9;11;13"
Root_5174,342.631354,42.054208,7,"3;6;7;8;9;11;13"
Root_5175,70.778864,18.134496,9,"0;1;2;6;7;8;9;11;13"
Root_5176,310.885904,38.412256,8,"1;2;6;7;8;9;11;13"
Root_5177,113.732880,23.464096,8,"0;2;6;7;8;9;11;13"
Root_5178,349.606618,43.041856,7,"2;6;7;8;9;11;13"
Root_5179,69.456624,19.060416,8,"0;1;6;7;8;9;11;13"
Root_5180,312.341424,39.338176,7,"1;6;7;8;9;11;13"
Root_5181,113.336560,24.390016,7,"0;6;7;8;9;11;13"
Root_5182,351.988058,43.967776,6,"6;7;8;9;11;13"
Root_5183,50.443104,12.781430,11,"0;1;2;3;4;5;7;8;9;11;13"
Root_5184,303.511930,35.159190,10,"1;2;3;4;5;7;8;9;11;13"
Root_5185,112.729229,20.211030,10,"0;2;3;4;5;7;8;9;11;13"
Root_5186,338.979578,39.788790,9,"2;3;4;5;7;8;9;11;13"
Root_5187,49.635754,13.707350,10,"0;1;3;4;5;7;8;9;11;13"
Root_5188,303.115610,36.085110,9,"1;3;4;5;7;8;9;11;13"
Root_5189,110.481069,21.136950,9,"0;3;4;5;7;8;9;11;13"
Root_5190,339.509178,40.714710,8,"3;4;5;7;8;9;11;13"
Root_5191,74.731894,16.794998,10,"0;1;2;4;5;7;8;9;11;13"
Root_5192,308.485946,37.072758,9,"1;2;4;5;7;8;9;11;13"
Root_5193,114.319414,22.124598,9,"0;2;4;5;7;8;9;11;13"
Root_5194,345.867162,41.702358,8,"2;4;5;7;8;9;11;13"
Root_5195,71.557814,17.720918,9,"0;1;4;5;7;8;9;11;13"
Root_5196,309.015546,37.998678,8,"1;4;5;7;8;9;11;13"
Root_5197,112.121773,23.050518,8,"0;4;5;7;8;9;11;13"
Root_5198,347.322682,42.628278,7,"4;5;7;8;9;11;13"
Root_5199,56.613578,15.703638,10,"0;1;2;3;5;7;8;9;11;13"
Root_5200,311.263706,37.381398,9,"1;2;3;5;7;8;9;11;13"
Root_5201,115.604493,22.433238,9,"0;2;3;5;7;8;9;11;13"
Root_5202,348.953562,42.010998,8,"2;3;5;7;8;9;11;13"
Root_5203,53.809939,16.629558,9,"0;1;3;5;7;8;9;11;13"
Root_5204,311.793306,38.307318,8,"1;3;5;7;8;9;11;13"
Root_5205,114.282253,23.359158,8,"0;3;5;7;8;9;11;13"
Root_5206,350.409082,42.936918,7,"3;5;7;8;9;11;13"
Root_5207,75.167597,19.017206,9,"0;1;2;5;7;8;9;11;13"
Root_5208,318.151290,39.294966,8,"1;2;5;7;8;9;11;13"
Root_5209,118.232845,24.346806,8,"0;2;5;7;8;9;11;13"
Root_5210,357.754714,43.924566,7,"2;5;7;8;9;11;13"
Root_5211,73.845357,19.943126,8,"0;1;5;7;8;9;11;13"
Root_5212,319.606810,40.220886,7,"1;5;7;8;9;11;13"
Root_5213,117.836525,25.272726,7,"0;5;7;8;9;11;13"
Root_5214,360.136154,44.850486,6,"5;7;8;9;11;13"
Root_5215,56.932106,14.324630,10,"0;1;2;3;4;7;8;9;11;13"
Root_5216,306.202010,36.702390,9,"1;2;3;4;7;8;9;11;13"
Root_5217,119.776214,21.754230,9,"0;2;3;4;7;8;9;11;13"
Root_5218,343.212858,41.331990,8,"2;3;4;7;8;9;11;13"
Root_5219,54.832106,15.250550,9,"0;1;3;4;7;8;9;11;13"
Root_5220,306.731610,37.628310,8,"1;3;4;7;8;9;11;13"
Root_5221,117.528054,22.680150,8,"0;3;4;7;8;9;11;13"
Root_5222,344.668378,42.257910,7,"3;4;7;8;9;11;13"
Root_5223,81.922144,18.338198,9,"0;1;2;4;7;8;9;11;13"
Root_5224,312.719226,38.615958,8,"1;2;4;7;8;9;11;13"
Root_5225,120.490998,23.667798,8,"0;2;4;7;8;9;11;13"
Root_5226,351.643642,43.245558,7,"2;4;7;8;9;11;13"
Root_5227,79.673984,19.264118,8,"0;1;4;7;8;9;11;13"
Root_5228,314.174746,39.541878,7,"1;4;7;8;9;11;13"
Root_5229,119.168758,24.593718,7,"0;4;7;8;9;11;13"
Root_5230,354.025082,44.171478,6,"4;7;8;9;11;13"
Root_5231,63.972704,17.246838,9,"0;1;2;3;7;8;9;11;13"
Root_5232,315.496986,38.924598,8,"1;2;3;7;8;9;11;13"
Root_5233,122.342838,23.976438,8,"0;2;3;7;8;9;11;13"
Root_5234,354.730042,43.554198,7,"2;3;7;8;9;11;13"
Root_5235,61.144141,18.172758,8,"0;1;3;7;8;9;11;13"
Root_5236,316.952506,39.850518,7,"1;3;7;8;9;11;13"
Root_5237,121.020598,24.902358,7,"0;3;7;8;9;11;13"
Root_5238,357.111482,44.480118,6,"3;7;8;9;11;13"
Root_5239,83.562848,20.560406,8,"0;1;2;7;8;9;11;13"
Root_5240,323.927770,40.838166,7,"1;2;7;8;9;11;13"
Root_5241,125.032918,25.890006,7,"0;2;7;8;9;11;13"
Root_5242,365.074394,45.467766,6,"2;7;8;9;11;13"
Root_5243,82.240608,21.486326,7,"0;1;7;8;9;11;13"
Root_5244,326.309210,41.764086,6,"1;7;8;9;11;13"
Root_5245,124.636598,26.815926,6,"0;7;8;9;11;13"
Root_5246,368.381754,46.393686,5,"7;8;9;11;13"
Root_5247,75.355494,15.480192,11,"0;1;2;3;4;5;6;8;9;11;13"
Root_5248,309.931642,35.757952,10,"1;2;3;4;5;6;8;9;11;13"
Root_5249,119.198330,20.809792,10,"0;2;3;4;5;6;8;9;11;13"
Root_5250,345.998051,40.387552,9,"2;3;4;5;6;8;9;11;13"
Root_5251,72.775302,16.406112,10,"0;1;3;4;5;6;8;9;11;13"
Root_5252,309.535322,36.683872,9,"1;3;4;5;6;8;9;11;13"
Root_5253,116.950170,21.735712,9,"0;3;4;5;6;8;9;11;13"
Root_5254,346.527651,41.313472,8,"3;4;5;6;8;9;11;13"
Root_5255,79.454310,17.393760,10,"0;1;2;4;5;6;8;9;11;13"
Root_5256,314.905658,37.671520,9,"1;2;4;5;6;8;9;11;13"
Root_5257,120.189754,22.723360,9,"0;2;4;5;6;8;9;11;13"
Root_5258,352.885635,42.301120,8,"2;4;5;6;8;9;11;13"
Root_5259,76.599910,18.319680,9,"0;1;4;5;6;8;9;11;13"
Root_5260,315.435258,38.597440,8,"1;4;5;6;8;9;11;13"
Root_5261,118.590874,23.649280,8,"0;4;5;6;8;9;11;13"
Root_5262,354.341155,43.227040,7,"4;5;6;8;9;11;13"
Root_5263,75.071590,17.702400,10,"0;1;2;3;5;6;8;9;11;13"
Root_5264,317.683418,37.980160,9,"1;2;3;5;6;8;9;11;13"
Root_5265,122.040378,23.032000,9,"0;2;3;5;6;8;9;11;13"
Root_5266,355.972035,42.609760,8,"2;3;5;6;8;9;11;13"
Root_5267,73.154150,18.628320,9,"0;1;3;5;6;8;9;11;13"
Root_5268,318.213018,38.906080,8,"1;3;5;6;8;9;11;13"
Root_5269,120.718138,23.957920,8,"0;3;5;6;8;9;11;13"
Root_5270,357.427555,43.535680,7,"3;5;6;8;9;11;13"
Root_5271,80.488774,19.615968,9,"0;1;2;5;6;8;9;11;13"
Root_5272,324.571002,39.893728,8,"1;2;5;6;8;9;11;13"
Root_5273,124.701946,24.945568,8,"0;2;5;6;8;9;11;13"
Root_5274,364.773187,44.523328,7,"2;5;6;8;9;11;13"
Root_5275,79.166534,20.541888,8,"0;1;5;6;8;9;11;13"
Root_5276,326.026522,40.819648,7,"1;5;6;8;9;11;13"
Root_5277,124.305626,25.871488,7,"0;5;6;8;9;11;13"
Root_5278,367.154627,45.449248,6,"5;6;8;9;11;13"
Root_5279,82.793744,17.023392,10,"0;1;2;3;4;6;8;9;11;13"
Root_5280,312.621722,37.301152,9,"1;2;3;4;6;8;9;11;13"
Root_5281,125.646554,22.352992,9,"0;2;3;4;6;8;9;11;13"
Root_5282,350.231331,41.930752,8,"2;3;4;6;8;9;11;13"
Root_5283,79.619664,17.949312,9,"0;1;3;4;6;8;9;11;13"
Root_5284,313.151322,38.227072,8,"1;3;4;6;8;9;11;13"
Root_5285,123.398394,23.278912,8,"0;3;4;6;8;9;11;13"
Root_5286,351.686851,42.856672,7,"3;4;6;8;9;11;13"
Root_5287,86.594960,18.936960,9,"0;1;2;4;6;8;9;11;13"
Root_5288,319.138938,39.214720,8,"1;2;4;6;8;9;11;13"
Root_5289,126.361338,24.266560,8,"0;2;4;6;8;9;11;13"
Root_5290,358.662115,43.844320,7,"2;4;6;8;9;11;13"
Root_5291,84.346800,19.862880,8,"0;1;4;6;8;9;11;13"
Root_5292,320.594458,40.140640,7,"1;4;6;8;9;11;13"
Root_5293,125.039098,25.192480,7,"0;4;6;8;9;11;13"
Root_5294,361.043555,44.770240,6,"4;6;8;9;11;13"
Root_5295,83.766480,19.245600,9,"0;1;2;3;6;8;9;11;13"
Root_5296,321.916698,39.523360,8,"1;2;3;6;8;9;11;13"
Root_5297,128.213178,24.575200,8,"0;2;3;6;8;9;11;13"
Root_5298,361.748515,44.152960,7,"2;3;6;8;9;11;13"
Root_5299,82.444240,20.171520,8,"0;1;3;6;8;9;11;13"
Root_5300,323.372218,40.449280,7,"1;3;6;8;9;11;13"
Root_5301,126.890938,25.501120,7,"0;3;6;8;9;11;13"
Root_5302,364.129955,45.078880,6,"3;6;8;9;11;13"
Root_5303,88.235664,21.159168,8,"0;1;2;6;8;9;11;13"
Root_5304,330.347482,41.436928,7,"1;2;6;8;9;11;13"
Root_5305,130.903258,26.488768,7,"0;2;6;8;9;11;13"
Root_5306,372.092867,46.066528,6,"2;6;8;9;11;13"
Root_5307,86.913424,22.085088,7,"0;1;6;8;9;11;13"
Root_5308,332.728922,42.362848,6,"1;6;8;9;11;13"
Root_5309,130.506938,27.414688,6,"0;6;8;9;11;13"
Root_5310,375.400227,46.992448,5,"6;8;9;11;13"
Root_5311,86.664064,17.906102,10,"0;1;2;3;4;5;8;9;11;13"
Root_5312,319.720442,38.183862,9,"1;2;3;4;5;8;9;11;13"
Root_5313,129.230592,23.235702,9,"0;2;3;4;5;8;9;11;13"
Root_5314,358.212762,42.813462,8,"2;3;4;5;8;9;11;13"
Root_5315,84.322006,18.832022,9,"0;1;3;4;5;8;9;11;13"
Root_5316,320.250042,39.109782,8,"1;3;4;5;8;9;11;13"
Root_5317,126.982432,24.161622,8,"0;3;4;5;8;9;11;13"
Root_5318,359.668282,43.739382,7,"3;4;5;8;9;11;13"
Root_5319,90.465280,19.819670,9,"0;1;2;4;5;8;9;11;13"
Root_5320,326.608026,40.097430,8,"1;2;4;5;8;9;11;13"
Root_5321,130.182294,25.149270,8,"0;2;4;5;8;9;11;13"
Root_5322,367.013914,44.727030,7,"2;4;5;8;9;11;13"
Root_5323,88.217120,20.745590,8,"0;1;4;5;8;9;11;13"
Root_5324,328.063546,41.023350,7,"1;4;5;8;9;11;13"
Root_5325,128.860054,26.075190,7,"0;4;5;8;9;11;13"
Root_5326,369.395354,45.652950,6,"4;5;8;9;11;13"
Root_5327,88.587309,20.128310,9,"0;1;2;3;5;8;9;11;13"
Root_5328,329.694426,40.406070,8,"1;2;3;5;8;9;11;13"
Root_5329,132.342774,25.457910,8,"0;2;3;5;8;9;11;13"
Root_5330,370.408954,45.035670,7,"2;3;5;8;9;11;13"
Root_5331,87.265069,21.054230,8,"0;1;3;5;8;9;11;13"
Root_5332,331.149946,41.331990,7,"1;3;5;8;9;11;13"
Root_5333,131.020534,26.383830,7,"0;3;5;8;9;11;13"
Root_5334,372.790394,45.961590,6,"3;5;8;9;11;13"
Root_5335,92.173782,22.041878,8,"0;1;2;5;8;9;11;13"
Root_5336,338.495578,42.319638,7,"1;2;5;8;9;11;13"
Root_5337,135.403222,27.371478,7,"0;2;5;8;9;11;13"
Root_5338,381.123674,46.949238,6,"2;5;8;9;11;13"
Root_5339,90.851542,22.967798,7,"0;1;5;8;9;11;13"
Root_5340,340.877018,43.245558,6,"1;5;8;9;11;13"
Root_5341,135.006902,28.297398,6,"0;5;8;9;11;13"
Root_5342,384.431034,47.875158,5,"5;8;9;11;13"
Root_5343,94.693590,19.449302,9,"0;1;2;3;4;8;9;11;13"
Root_5344,323.953722,39.727062,8,"1;2;3;4;8;9;11;13"
Root_5345,133.860192,24.778902,8,"0;2;3;4;8;9;11;13"
Root_5346,363.989242,44.356662,7,"2;3;4;8;9;11;13"
Root_5347,92.445430,20.375222,8,"0;1;3;4;8;9;11;13"
Root_5348,325.409242,40.652982,7,"1;3;4;8;9;11;13"
Root_5349,131.612032,25.704822,7,"0;3;4;8;9;11;13"
Root_5350,366.370682,45.282582,6,"3;4;8;9;11;13"
Root_5351,97.045504,21.362870,8,"0;1;2;4;8;9;11;13"
Root_5352,332.384506,41.640630,7,"1;2;4;8;9;11;13"
Root_5353,134.636704,26.692470,7,"0;2;4;8;9;11;13"
Root_5354,374.333594,46.270230,6,"2;4;8;9;11;13"
Root_5355,94.797344,22.288790,7,"0;1;4;8;9;11;13"
Root_5356,334.765946,42.566550,6,"1;4;8;9;11;13"
Root_5357,133.314464,27.618390,6,"0;4;8;9;11;13"
Root_5358,377.640954,47.196150,5,"4;8;9;11;13"
Root_5359,97.260214,21.671510,8,"0;1;2;3;8;9;11;13"
Root_5360,335.470906,41.949270,7,"1;2;3;8;9;11;13"
Root_5361,136.488544,27.001110,7,"0;2;3;8;9;11;13"
Root_5362,377.728634,46.578870,6,"2;3;8;9;11;13"
Root_5363,95.937974,22.597430,7,"0;1;3;8;9;11;13"
Root_5364,337.852346,42.875190,6,"1;3;8;9;11;13"
Root_5365,135.166304,27.927030,6,"0;3;8;9;11;13"
Root_5366,381.035994,47.504790,5,"3;8;9;11;13"
Root_5367,99.888566,23.585078,7,"0;1;2;8;9;11;13"
Root_5368,345.815258,43.862838,6,"1;2;8;9;11;13"
Root_5369,139.178624,28.914678,6,"0;2;8;9;11;13"
Root_5370,389.986554,48.492438,5,"2;8;9;11;13"
Root_5371,99.492246,24.510998,6,"0;1;8;9;11;13"
Root_5372,349.122618,44.788758,5,"1;8;9;11;13"
Root_5373,139.622902,29.840598,5,"0;8;9;11;13"
Root_5374,394.219834,49.418358,4,"8;9;11;13"
Root_5375,56.739322,14.285120,11,"0;1;2;3;4;5;6;7;9;11;13"
Root_5376,329.190778,37.362880,10,"1;2;3;4;5;6;7;9;11;13"
Root_5377,133.420442,22.414720,10,"0;2;3;4;5;6;7;9;11;13"
Root_5378,366.862115,41.992480,9,"2;3;4;5;6;7;9;11;13"
Root_5379,61.135482,15.211040,10,"0;1;3;4;5;6;7;9;11;13"
Root_5380,335.094458,38.288800,9,"1;3;4;5;6;7;9;11;13"
Root_5381,137.356346,23.340640,9,"0;3;4;5;6;7;9;11;13"
Root_5382,372.991715,42.918400,8,"3;4;5;6;7;9;11;13"
Root_5383,90.273808,18.998688,10,"0;1;2;4;5;6;7;9;11;13"
Root_5384,334.164794,39.276448,9,"1;2;4;5;6;7;9;11;13"
Root_5385,134.135226,24.328288,9,"0;2;4;5;6;7;9;11;13"
Root_5386,373.749699,43.906048,8,"2;4;5;6;7;9;11;13"
Root_5387,94.029232,19.924608,9,"0;1;4;5;6;7;9;11;13"
Root_5388,340.294394,40.202368,8,"1;4;5;6;7;9;11;13"
Root_5389,138.412986,25.254208,8,"0;4;5;6;7;9;11;13"
Root_5390,380.105219,44.831968,7,"4;5;6;7;9;11;13"
Root_5391,70.892381,17.907328,10,"0;1;2;3;5;6;7;9;11;13"
Root_5392,336.942554,39.585088,9,"1;2;3;5;6;7;9;11;13"
Root_5393,136.295706,24.636928,9,"0;2;3;5;6;7;9;11;13"
Root_5394,376.836099,44.214688,8,"2;3;5;6;7;9;11;13"
Root_5395,74.984816,18.833248,9,"0;1;3;5;6;7;9;11;13"
Root_5396,343.072154,40.511008,8,"1;3;5;6;7;9;11;13"
Root_5397,140.573466,25.562848,8,"0;3;5;6;7;9;11;13"
Root_5398,383.191619,45.140608,7,"3;5;6;7;9;11;13"
Root_5399,91.914512,21.220896,9,"0;1;2;5;6;7;9;11;13"
Root_5400,343.830138,41.498656,8,"1;2;5;6;7;9;11;13"
Root_5401,139.356154,26.550496,8,"0;2;5;6;7;9;11;13"
Root_5402,385.637251,46.128256,7,"2;5;6;7;9;11;13"
Root_5403,95.895856,22.146816,8,"0;1;5;6;7;9;11;13"
Root_5404,350.185658,42.424576,7,"1;5;6;7;9;11;13"
Root_5405,144.336250,27.476416,7,"0;5;6;7;9;11;13"
Root_5406,392.218691,47.054176,6,"5;6;7;9;11;13"
Root_5407,71.633168,16.528320,10,"0;1;2;3;4;6;7;9;11;13"
Root_5408,331.880858,38.906080,9,"1;2;3;4;6;7;9;11;13"
Root_5409,138.634106,23.957920,9,"0;2;3;4;6;7;9;11;13"
Root_5410,371.095395,43.535680,8,"2;3;4;6;7;9;11;13"
Root_5411,74.214512,17.454240,9,"0;1;3;4;6;7;9;11;13"
Root_5412,338.010458,39.832000,8,"1;3;4;6;7;9;11;13"
Root_5413,141.985946,24.883840,8,"0;3;4;6;7;9;11;13"
Root_5414,377.450915,44.461600,7,"3;4;6;7;9;11;13"
Root_5415,97.681168,20.541888,9,"0;1;2;4;6;7;9;11;13"
Root_5416,338.398074,40.819648,8,"1;2;4;6;7;9;11;13"
Root_5417,139.410618,25.871488,8,"0;2;4;6;7;9;11;13"
Root_5418,379.526179,45.449248,7,"2;4;6;7;9;11;13"
Root_5419,100.662640,21.467808,8,"0;1;4;6;7;9;11;13"
Root_5420,344.753594,41.745568,7,"1;4;6;7;9;11;13"
Root_5421,142.988378,26.797408,7,"0;4;6;7;9;11;13"
Root_5422,386.107619,46.375168,6,"4;6;7;9;11;13"
Root_5423,79.966256,19.450528,9,"0;1;2;3;6;7;9;11;13"
Root_5424,341.175834,41.128288,8,"1;2;3;6;7;9;11;13"
Root_5425,141.262458,26.180128,8,"0;2;3;6;7;9;11;13"
Root_5426,382.612579,45.757888,7,"2;3;6;7;9;11;13"
Root_5427,84.244016,20.376448,8,"0;1;3;6;7;9;11;13"
Root_5428,347.531354,42.054208,7,"1;3;6;7;9;11;13"
Root_5429,144.946266,27.106048,7,"0;3;6;7;9;11;13"
Root_5430,389.194019,46.683808,6,"3;6;7;9;11;13"
Root_5431,99.630512,22.764096,8,"0;1;2;6;7;9;11;13"
Root_5432,349.606618,43.041856,7,"1;2;6;7;9;11;13"
Root_5433,145.046234,28.093696,7,"0;2;6;7;9;11;13"
Root_5434,392.956931,47.671456,6,"2;6;7;9;11;13"
Root_5435,103.836560,23.690016,7,"0;1;6;7;9;11;13"
Root_5436,356.188058,43.967776,6,"1;6;7;9;11;13"
Root_5437,149.775834,29.019616,6,"0;6;7;9;11;13"
Root_5438,399.764291,48.597376,5,"6;7;9;11;13"
Root_5439,75.076214,17.411030,10,"0;1;2;3;4;5;7;9;11;13"
Root_5440,338.979578,39.788790,9,"1;2;3;4;5;7;9;11;13"
Root_5441,142.084694,24.840630,9,"0;2;3;4;5;7;9;11;13"
Root_5442,379.076826,44.418390,8,"2;3;4;5;7;9;11;13"
Root_5443,78.266358,18.336950,9,"0;1;3;4;5;7;9;11;13"
Root_5444,345.109178,40.714710,8,"1;3;4;5;7;9;11;13"
Root_5445,145.436534,25.766550,8,"0;3;4;5;7;9;11;13"
Root_5446,385.432346,45.344310,7,"3;4;5;7;9;11;13"
Root_5447,100.712128,21.424598,9,"0;1;2;4;5;7;9;11;13"
Root_5448,345.867162,41.702358,8,"1;2;4;5;7;9;11;13"
Root_5449,143.231574,26.754198,8,"0;2;4;5;7;9;11;13"
Root_5450,387.877978,46.331958,7,"2;4;5;7;9;11;13"
Root_5451,103.971254,22.350518,8,"0;1;4;5;7;9;11;13"
Root_5452,352.222682,42.628278,7,"1;4;5;7;9;11;13"
Root_5453,147.489453,27.680118,7,"0;4;5;7;9;11;13"
Root_5454,394.459418,47.257878,6,"4;5;7;9;11;13"
Root_5455,84.836589,20.333238,9,"0;1;2;3;5;7;9;11;13"
Root_5456,348.953562,42.010998,8,"1;2;3;5;7;9;11;13"
Root_5457,145.454893,27.062838,8,"0;2;3;5;7;9;11;13"
Root_5458,391.273018,46.640598,7,"2;3;5;7;9;11;13"
Root_5459,89.114349,21.259158,8,"0;1;3;5;7;9;11;13"
Root_5460,355.309082,42.936918,7,"1;3;5;7;9;11;13"
Root_5461,149.958573,27.988758,7,"0;3;5;7;9;11;13"
Root_5462,397.854458,47.566518,6,"3;5;7;9;11;13"
Root_5463,103.832845,23.646806,8,"0;1;2;5;7;9;11;13"
Root_5464,357.754714,43.924566,7,"1;2;5;7;9;11;13"
Root_5465,150.428909,28.976406,7,"0;2;5;7;9;11;13"
Root_5466,401.987738,48.554166,6,"2;5;7;9;11;13"
Root_5467,108.336525,24.572726,7,"0;1;5;7;9;11;13"
Root_5468,364.336154,44.850486,6,"1;5;7;9;11;13"
Root_5469,156.060835,29.902326,6,"0;5;7;9;11;13"
Root_5470,408.795098,49.480086,5,"5;7;9;11;13"
Root_5471,83.378816,18.954230,9,"0;1;2;3;4;7;9;11;13"
Root_5472,343.212858,41.331990,8,"1;2;3;4;7;9;11;13"
Root_5473,145.304544,26.383830,8,"0;2;3;4;7;9;11;13"
Root_5474,384.853306,45.961590,7,"2;3;4;7;9;11;13"
Root_5475,91.989782,19.880150,8,"0;1;3;4;7;9;11;13"
Root_5476,354.468378,42.257910,7,"1;3;4;7;9;11;13"
Root_5477,153.166134,27.309750,7,"0;3;4;7;9;11;13"
Root_5478,395.634746,46.887510,6,"3;4;7;9;11;13"
Root_5479,106.884928,22.967798,8,"0;1;2;4;7;9;11;13"
Root_5480,351.643642,43.245558,7,"1;2;4;7;9;11;13"
Root_5481,147.378454,28.297398,7,"0;2;4;7;9;11;13"
Root_5482,395.197658,47.875158,6,"2;4;7;9;11;13"
Root_5483,115.268758,23.893718,7,"0;1;4;7;9;11;13"
Root_5484,362.425082,44.171478,6,"1;4;7;9;11;13"
Root_5485,155.605453,29.223318,6,"0;4;7;9;11;13"
Root_5486,405.505018,48.801078,5,"4;7;9;11;13"
Root_5487,93.304566,21.876438,8,"0;1;2;3;7;9;11;13"
Root_5488,354.730042,43.554198,7,"1;2;3;7;9;11;13"
Root_5489,149.538934,28.606038,7,"0;2;3;7;9;11;13"
Root_5490,398.592698,48.183798,6,"2;3;7;9;11;13"
Root_5491,106.620598,22.802358,7,"0;1;3;7;9;11;13"
Root_5492,369.711482,44.480118,6,"1;3;7;9;11;13"
Root_5493,162.274573,29.531958,6,"0;3;7;9;11;13"
Root_5494,412.400058,49.109718,5,"3;7;9;11;13"
Root_5495,111.332918,25.190006,7,"0;1;2;7;9;11;13"
Root_5496,365.074394,45.467766,6,"1;2;7;9;11;13"
Root_5497,156.181795,30.519606,6,"0;2;7;9;11;13"
Root_5498,410.850618,50.097366,5,"2;7;9;11;13"
Root_5499,123.536598,26.115926,6,"0;1;7;9;11;13"
Root_5500,378.881754,46.393686,5,"1;7;9;11;13"
Root_5501,169.063235,31.445526,5,"0;7;9;11;13"
Root_5502,423.483898,51.023286,4,"7;9;11;13"
Root_5503,104.798330,20.109792,10,"0;1;2;3;4;5;6;9;11;13"
Root_5504,345.998051,40.387552,9,"1;2;3;4;5;6;9;11;13"
Root_5505,148.553795,25.439392,9,"0;2;3;4;5;6;9;11;13"
Root_5506,386.694061,45.017152,8,"2;3;4;5;6;9;11;13"
Root_5507,108.850170,21.035712,9,"0;1;3;4;5;6;9;11;13"
Root_5508,352.127651,41.313472,8,"1;3;4;5;6;9;11;13"
Root_5509,151.905635,26.365312,8,"0;3;4;5;6;9;11;13"
Root_5510,393.049581,45.943072,7,"3;4;5;6;9;11;13"
Root_5511,106.489754,22.023360,9,"0;1;2;4;5;6;9;11;13"
Root_5512,352.885635,42.301120,8,"1;2;4;5;6;9;11;13"
Root_5513,150.053635,27.352960,8,"0;2;4;5;6;9;11;13"
Root_5514,395.495213,46.930720,7,"2;4;5;6;9;11;13"
Root_5515,109.841594,22.949280,8,"0;1;4;5;6;9;11;13"
Root_5516,359.241155,43.227040,7,"1;4;5;6;9;11;13"
Root_5517,154.557315,28.278880,7,"0;4;5;6;9;11;13"
Root_5518,402.076653,47.856640,6,"4;5;6;9;11;13"
Root_5519,107.673594,22.332000,9,"0;1;2;3;5;6;9;11;13"
Root_5520,355.972035,42.609760,8,"1;2;3;5;6;9;11;13"
Root_5521,152.522755,27.661600,8,"0;2;3;5;6;9;11;13"
Root_5522,398.890253,47.239360,7,"2;3;5;6;9;11;13"
Root_5523,111.918138,23.257920,8,"0;1;3;5;6;9;11;13"
Root_5524,362.327555,43.535680,7,"1;3;5;6;9;11;13"
Root_5525,157.026435,28.587520,7,"0;3;5;6;9;11;13"
Root_5526,405.471693,48.165280,6,"3;5;6;9;11;13"
Root_5527,110.301946,24.245568,8,"0;1;2;5;6;9;11;13"
Root_5528,364.773187,44.523328,7,"1;2;5;6;9;11;13"
Root_5529,157.496771,29.575168,7,"0;2;5;6;9;11;13"
Root_5530,409.604973,49.152928,6,"2;5;6;9;11;13"
Root_5531,114.805626,25.171488,7,"0;1;5;6;9;11;13"
Root_5532,371.354627,45.449248,6,"1;5;6;9;11;13"
Root_5533,162.727459,30.501088,6,"0;5;6;9;11;13"
Root_5534,416.412333,50.078848,5,"5;6;9;11;13"
Root_5535,111.946554,21.652992,9,"0;1;2;3;4;6;9;11;13"
Root_5536,350.231331,41.930752,8,"1;2;3;4;6;9;11;13"
Root_5537,151.174883,26.982592,8,"0;2;3;4;6;9;11;13"
Root_5538,392.470541,46.560352,7,"2;3;4;6;9;11;13"
Root_5539,115.298394,22.578912,8,"0;1;3;4;6;9;11;13"
Root_5540,356.586851,42.856672,7,"1;3;4;6;9;11;13"
Root_5541,154.735235,27.908512,7,"0;3;4;6;9;11;13"
Root_5542,399.051981,47.486272,6,"3;4;6;9;11;13"
Root_5543,112.661338,23.566560,8,"0;1;2;4;6;9;11;13"
Root_5544,358.662115,43.844320,7,"1;2;4;6;9;11;13"
Root_5545,153.847555,28.896160,7,"0;2;4;6;9;11;13"
Root_5546,402.814893,48.473920,6,"2;4;6;9;11;13"
Root_5547,116.239098,24.492480,7,"0;1;4;6;9;11;13"
Root_5548,365.243555,44.770240,6,"1;4;6;9;11;13"
Root_5549,157.651235,29.822080,6,"0;4;6;9;11;13"
Root_5550,409.622253,49.399840,5,"4;6;9;11;13"
Root_5551,114.513178,23.875200,8,"0;1;2;3;6;9;11;13"
Root_5552,361.748515,44.152960,7,"1;2;3;6;9;11;13"
Root_5553,156.008035,29.204800,7,"0;2;3;6;9;11;13"
Root_5554,406.209933,48.782560,6,"2;3;6;9;11;13"
Root_5555,118.090938,24.801120,7,"0;1;3;6;9;11;13"
Root_5556,368.329955,45.078880,6,"1;3;6;9;11;13"
Root_5557,160.073155,30.130720,6,"0;3;6;9;11;13"
Root_5558,413.017293,49.708480,5,"3;6;9;11;13"
Root_5559,117.203258,25.788768,7,"0;1;2;6;9;11;13"
Root_5560,372.092867,46.066528,6,"1;2;6;9;11;13"
Root_5561,162.848419,31.118368,6,"0;2;6;9;11;13"
Root_5562,418.467853,50.696128,5,"2;6;9;11;13"
Root_5563,121.006938,26.714688,6,"0;1;6;9;11;13"
Root_5564,378.900227,46.992448,5,"1;6;9;11;13"
Root_5565,168.729859,32.044288,5,"0;6;9;11;13"
Root_5566,425.501133,51.622048,4,"6;9;11;13"
Root_5567,115.767510,22.535702,9,"0;1;2;3;4;5;9;11;13"
Root_5568,358.212762,42.813462,8,"1;2;3;4;5;9;11;13"
Root_5569,155.490774,27.865302,8,"0;2;3;4;5;9;11;13"
Root_5570,401.334682,47.443062,7,"2;3;4;5;9;11;13"
Root_5571,118.882432,23.461622,8,"0;1;3;4;5;9;11;13"
Root_5572,364.568282,43.739382,7,"1;3;4;5;9;11;13"
Root_5573,159.068534,28.791222,7,"0;3;4;5;9;11;13"
Root_5574,407.916122,48.368982,6,"3;4;5;9;11;13"
Root_5575,116.482294,24.449270,8,"0;1;2;4;5;9;11;13"
Root_5576,367.013914,44.727030,7,"1;2;4;5;9;11;13"
Root_5577,159.330093,29.778870,7,"0;2;4;5;9;11;13"
Root_5578,412.049402,49.356630,6,"2;4;5;9;11;13"
Root_5579,120.060054,25.375190,7,"0;1;4;5;9;11;13"
Root_5580,373.595354,45.652950,6,"1;4;5;9;11;13"
Root_5581,164.764483,30.704790,6,"0;4;5;9;11;13"
Root_5582,418.856762,50.282550,5,"4;5;9;11;13"
Root_5583,118.642774,24.757910,8,"0;1;2;3;5;9;11;13"
Root_5584,370.408954,45.035670,7,"1;2;3;5;9;11;13"
Root_5585,162.195363,30.087510,7,"0;2;3;5;9;11;13"
Root_5586,415.753082,49.665270,6,"2;3;5;9;11;13"
Root_5587,122.220534,25.683830,7,"0;1;3;5;9;11;13"
Root_5588,376.990394,45.961590,6,"1;3;5;9;11;13"
Root_5589,167.850883,31.013430,6,"0;3;5;9;11;13"
Root_5590,422.560442,50.591190,5,"3;5;9;11;13"
Root_5591,121.703222,26.671478,7,"0;1;2;5;9;11;13"
Root_5592,381.123674,46.949238,6,"1;2;5;9;11;13"
Root_5593,170.996515,32.001078,6,"0;2;5;9;11;13"
Root_5594,428.381370,51.578838,5,"2;5;9;11;13"
Root_5595,126.104301,27.597398,6,"0;1;5;9;11;13"
Root_5596,387.931034,47.875158,5,"1;5;9;11;13"
Root_5597,176.877955,32.926998,5,"0;5;9;11;13"
Root_5598,435.414650,52.504758,4,"5;9;11;13"
Root_5599,120.860192,24.078902,8,"0;1;2;3;4;9;11;13"
Root_5600,363.989242,44.356662,7,"1;2;3;4;9;11;13"
Root_5601,157.637654,29.408502,7,"0;2;3;4;9;11;13"
Root_5602,408.654362,48.986262,6,"2;3;4;9;11;13"
Root_5603,128.412032,25.004822,7,"0;1;3;4;9;11;13"
Root_5604,374.770682,45.282582,6,"1;3;4;9;11;13"
Root_5605,166.310179,30.334422,6,"0;3;4;9;11;13"
Root_5606,418.961722,49.912182,5,"3;4;9;11;13"
Root_5607,121.636704,25.992470,7,"0;1;2;4;9;11;13"
Root_5608,374.333594,46.270230,6,"1;2;4;9;11;13"
Root_5609,164.885443,31.322070,6,"0;2;4;9;11;13"
Root_5610,420.912282,50.899830,5,"2;4;9;11;13"
Root_5611,128.714464,26.918390,6,"0;1;4;9;11;13"
Root_5612,384.640954,47.196150,5,"1;4;9;11;13"
Root_5613,174.266883,32.247990,5,"0;4;9;11;13"
Root_5614,430.745562,51.825750,4,"4;9;11;13"
Root_5615,123.488544,26.301110,7,"0;1;2;3;9;11;13"
Root_5616,377.728634,46.578870,6,"1;2;3;9;11;13"
Root_5617,167.971843,31.630710,6,"0;2;3;9;11;13"
Root_5618,424.615962,51.208470,5,"2;3;9;11;13"
Root_5619,134.993334,27.227030,6,"0;1;3;9;11;13"
Root_5620,391.535994,47.504790,5,"1;3;9;11;13"
Root_5621,180.853283,32.556630,5,"0;3;9;11;13"
Root_5622,437.249242,52.134390,4,"3;9;11;13"
Root_5623,127.393302,28.214678,6,"0;1;2;9;11;13"
Root_5624,389.986554,48.492438,5,"1;2;9;11;13"
Root_5625,178.860474,33.544278,5,"0;2;9;11;13"
Root_5626,438.787450,53.122038,4,"2;9;11;13"
Root_5627,138.563501,29.140598,5,"0;1;9;11;13"
Root_5628,402.619834,49.418358,4,"1;9;11;13"
Root_5629,191.493754,34.470198,4,"0;9;11;13"
Root_5630,450.246650,54.047958,3,"9;11;13"
Root_5631,63.516006,15.048096,11,"0;1;2;3;4;5;6;7;8;11;13"
Root_5632,305.178586,35.325856,10,"1;2;3;4;5;6;7;8;11;13"
Root_5633,106.062554,20.377696,10,"0;2;3;4;5;6;7;8;11;13"
Root_5634,340.812899,39.955456,9,"2;3;4;5;6;7;8;11;13"
Root_5635,61.367910,15.974016,10,"0;1;3;4;5;6;7;8;11;13"
Root_5636,304.782266,36.251776,9,"1;3;4;5;6;7;8;11;13"
Root_5637,104.118010,21.303616,9,"0;3;4;5;6;7;8;11;13"
Root_5638,341.342499,40.881376,8,"3;4;5;6;7;8;11;13"
Root_5639,68.046918,16.961664,10,"0;1;2;4;5;6;7;8;11;13"
Root_5640,310.152602,37.239424,9,"1;2;4;5;6;7;8;11;13"
Root_5641,108.777338,22.291264,9,"0;2;4;5;6;7;8;11;13"
Root_5642,347.700483,41.869024,8,"2;4;5;6;7;8;11;13"
Root_5643,64.872838,17.887584,9,"0;1;4;5;6;7;8;11;13"
Root_5644,310.682202,38.165344,8,"1;4;5;6;7;8;11;13"
Root_5645,107.672282,23.217184,8,"0;4;5;6;7;8;11;13"
Root_5646,349.156003,42.794944,7,"4;5;6;7;8;11;13"
Root_5647,63.664198,17.270304,10,"0;1;2;3;5;6;7;8;11;13"
Root_5648,312.930362,37.548064,9,"1;2;3;5;6;7;8;11;13"
Root_5649,110.537722,22.599904,9,"0;2;3;5;6;7;8;11;13"
Root_5650,350.786883,42.177664,8,"2;3;5;6;7;8;11;13"
Root_5651,60.882566,18.196224,9,"0;1;3;5;6;7;8;11;13"
Root_5652,313.459962,38.473984,8,"1;3;5;6;7;8;11;13"
Root_5653,110.141402,23.525824,8,"0;3;5;6;7;8;11;13"
Root_5654,352.242403,43.103584,7,"3;5;6;7;8;11;13"
Root_5655,68.649286,19.183872,9,"0;1;2;5;6;7;8;11;13"
Root_5656,319.817946,39.461632,8,"1;2;5;6;7;8;11;13"
Root_5657,115.079642,24.513472,8,"0;2;5;6;7;8;11;13"
Root_5658,359.588035,44.091232,7,"2;5;6;7;8;11;13"
Root_5659,67.327046,20.109792,8,"0;1;5;6;7;8;11;13"
Root_5660,321.273466,40.387552,7,"1;5;6;7;8;11;13"
Root_5661,115.609242,25.439392,7,"0;5;6;7;8;11;13"
Root_5662,361.969475,45.017152,6,"5;6;7;8;11;13"
Root_5663,70.954256,16.591296,10,"0;1;2;3;4;6;7;8;11;13"
Root_5664,307.868666,36.869056,9,"1;2;3;4;6;7;8;11;13"
Root_5665,113.863770,21.920896,9,"0;2;3;4;6;7;8;11;13"
Root_5666,345.046179,41.498656,8,"2;3;4;6;7;8;11;13"
Root_5667,67.780176,17.517216,9,"0;1;3;4;6;7;8;11;13"
Root_5668,308.398266,37.794976,8,"1;3;4;6;7;8;11;13"
Root_5669,112.541530,22.846816,8,"0;3;4;6;7;8;11;13"
Root_5670,346.501699,42.424576,7,"3;4;6;7;8;11;13"
Root_5671,74.755472,18.504864,9,"0;1;2;4;6;7;8;11;13"
Root_5672,314.385882,38.782624,8,"1;2;4;6;7;8;11;13"
Root_5673,116.492122,23.834464,8,"0;2;4;6;7;8;11;13"
Root_5674,353.476963,43.412224,7,"2;4;6;7;8;11;13"
Root_5675,72.507312,19.430784,8,"0;1;4;6;7;8;11;13"
Root_5676,315.841402,39.708544,7,"1;4;6;7;8;11;13"
Root_5677,116.095802,24.760384,7,"0;4;6;7;8;11;13"
Root_5678,355.858403,44.338144,6,"4;6;7;8;11;13"
Root_5679,71.494896,18.813504,9,"0;1;2;3;6;7;8;11;13"
Root_5680,317.163642,39.091264,8,"1;2;3;6;7;8;11;13"
Root_5681,118.652602,24.143104,8,"0;2;3;6;7;8;11;13"
Root_5682,356.563363,43.720864,7,"2;3;6;7;8;11;13"
Root_5683,70.172656,19.739424,8,"0;1;3;6;7;8;11;13"
Root_5684,318.619162,40.017184,7,"1;3;6;7;8;11;13"
Root_5685,118.256282,25.069024,7,"0;3;6;7;8;11;13"
Root_5686,358.944803,44.646784,6,"3;6;7;8;11;13"
Root_5687,76.396176,20.727072,8,"0;1;2;6;7;8;11;13"
Root_5688,325.594426,41.004832,7,"1;2;6;7;8;11;13"
Root_5689,123.256250,26.056672,7,"0;2;6;7;8;11;13"
Root_5690,366.907715,45.634432,6,"2;6;7;8;11;13"
Root_5691,75.726928,21.652992,7,"0;1;6;7;8;11;13"
Root_5692,327.975866,41.930752,6,"1;6;7;8;11;13"
Root_5693,123.785850,26.982592,6,"0;6;7;8;11;13"
Root_5694,370.215075,46.560352,5,"6;7;8;11;13"
Root_5695,74.460278,17.474006,10,"0;1;2;3;4;5;7;8;11;13"
Root_5696,314.967386,37.751766,9,"1;2;3;4;5;7;8;11;13"
Root_5697,118.567437,22.803606,9,"0;2;3;4;5;7;8;11;13"
Root_5698,353.027610,42.381366,8,"2;3;4;5;7;8;11;13"
Root_5699,71.686125,18.399926,9,"0;1;3;4;5;7;8;11;13"
Root_5700,315.496986,38.677686,8,"1;3;4;5;7;8;11;13"
Root_5701,117.245197,23.729526,8,"0;3;4;5;7;8;11;13"
Root_5702,354.483130,43.307286,7,"3;4;5;7;8;11;13"
Root_5703,78.261494,19.387574,9,"0;1;2;4;5;7;8;11;13"
Root_5704,321.854970,39.665334,8,"1;2;4;5;7;8;11;13"
Root_5705,121.195789,24.717174,8,"0;2;4;5;7;8;11;13"
Root_5706,361.828762,44.294934,7,"2;4;5;7;8;11;13"
Root_5707,76.013334,20.313494,8,"0;1;4;5;7;8;11;13"
Root_5708,323.310490,40.591254,7,"1;4;5;7;8;11;13"
Root_5709,120.799469,25.643094,7,"0;4;5;7;8;11;13"
Root_5710,364.210202,45.220854,6,"4;5;7;8;11;13"
Root_5711,75.883629,19.696214,9,"0;1;2;3;5;7;8;11;13"
Root_5712,324.941370,39.973974,8,"1;2;3;5;7;8;11;13"
Root_5713,123.664909,25.025814,8,"0;2;3;5;7;8;11;13"
Root_5714,365.223802,44.603574,7,"2;3;5;7;8;11;13"
Root_5715,74.561389,20.622134,8,"0;1;3;5;7;8;11;13"
Root_5716,326.396890,40.899894,7,"1;3;5;7;8;11;13"
Root_5717,123.268589,25.951734,7,"0;3;5;7;8;11;13"
Root_5718,367.605242,45.529494,6,"3;5;7;8;11;13"
Root_5719,80.511981,21.609782,8,"0;1;2;5;7;8;11;13"
Root_5720,333.742522,41.887542,7,"1;2;5;7;8;11;13"
Root_5721,128.638925,26.939382,7,"0;2;5;7;8;11;13"
Root_5722,375.938522,46.517142,6,"2;5;7;8;11;13"
Root_5723,80.115661,22.535702,7,"0;1;5;7;8;11;13"
Root_5724,336.123962,42.813462,6,"1;5;7;8;11;13"
Root_5725,129.168525,27.865302,6,"0;5;7;8;11;13"
Root_5726,379.245882,47.443062,5,"5;7;8;11;13"
Root_5727,82.699904,19.017206,9,"0;1;2;3;4;7;8;11;13"
Root_5728,319.200666,39.294966,8,"1;2;3;4;7;8;11;13"
Root_5729,124.935414,24.346806,8,"0;2;3;4;7;8;11;13"
Root_5730,358.804090,43.924566,7,"2;3;4;7;8;11;13"
Root_5731,80.451744,19.943126,8,"0;1;3;4;7;8;11;13"
Root_5732,320.656186,40.220886,7,"1;3;4;7;8;11;13"
Root_5733,123.613174,25.272726,7,"0;3;4;7;8;11;13"
Root_5734,361.185530,44.850486,6,"3;4;7;8;11;13"
Root_5735,85.483914,20.930774,8,"0;1;2;4;7;8;11;13"
Root_5736,327.631450,41.208534,7,"1;2;4;7;8;11;13"
Root_5737,127.625494,26.260374,7,"0;2;4;7;8;11;13"
Root_5738,369.148442,45.838134,6,"2;4;7;8;11;13"
Root_5739,84.092448,21.856694,7,"0;1;4;7;8;11;13"
Root_5740,330.012890,42.134454,6,"1;4;7;8;11;13"
Root_5741,127.229174,27.186294,6,"0;4;7;8;11;13"
Root_5742,372.455802,46.764054,5,"4;7;8;11;13"
Root_5743,85.228045,21.239414,8,"0;1;2;3;7;8;11;13"
Root_5744,330.717850,41.517174,7,"1;2;3;7;8;11;13"
Root_5745,129.785974,26.569014,7,"0;2;3;7;8;11;13"
Root_5746,372.543482,46.146774,6,"2;3;7;8;11;13"
Root_5747,84.831725,22.165334,7,"0;1;3;7;8;11;13"
Root_5748,333.099290,42.443094,6,"1;3;7;8;11;13"
Root_5749,129.389654,27.494934,6,"0;3;7;8;11;13"
Root_5750,375.850842,47.072694,5,"3;7;8;11;13"
Root_5751,89.769965,23.152982,7,"0;1;2;7;8;11;13"
Root_5752,341.062202,43.430742,6,"1;2;7;8;11;13"
Root_5753,134.389622,28.482582,6,"0;2;7;8;11;13"
Root_5754,384.801402,48.060342,5,"2;7;8;11;13"
Root_5755,90.299565,24.078902,6,"0;1;7;8;11;13"
Root_5756,344.369562,44.356662,5,"1;7;8;11;13"
Root_5757,135.327725,29.408502,5,"0;7;8;11;13"
Root_5758,389.034682,48.986262,4,"7;8;11;13"
Root_5759,79.736826,18.072768,10,"0;1;2;3;4;5;6;8;11;13"
Root_5760,321.553763,38.350528,9,"1;2;3;4;5;6;8;11;13"
Root_5761,124.799619,23.402368,9,"0;2;3;4;5;6;8;11;13"
Root_5762,360.212749,42.980128,8,"2;3;4;5;6;8;11;13"
Root_5763,77.488666,18.998688,9,"0;1;3;4;5;6;8;11;13"
Root_5764,322.083363,39.276448,8,"1;3;4;5;6;8;11;13"
Root_5765,123.477379,24.328288,8,"0;3;4;5;6;8;11;13"
Root_5766,361.668269,43.906048,7,"3;4;5;6;8;11;13"
Root_5767,83.465274,19.986336,9,"0;1;2;4;5;6;8;11;13"
Root_5768,328.441347,40.264096,8,"1;2;4;5;6;8;11;13"
Root_5769,127.831555,25.315936,8,"0;2;4;5;6;8;11;13"
Root_5770,369.013901,44.893696,7,"2;4;5;6;8;11;13"
Root_5771,81.217114,20.912256,8,"0;1;4;5;6;8;11;13"
Root_5772,329.896867,41.190016,7,"1;4;5;6;8;11;13"
Root_5773,127.435235,26.241856,7,"0;4;5;6;8;11;13"
Root_5774,371.395341,45.819616,6,"4;5;6;8;11;13"
Root_5775,81.920634,20.294976,9,"0;1;2;3;5;6;8;11;13"
Root_5776,331.527747,40.572736,8,"1;2;3;5;6;8;11;13"
Root_5777,130.300675,25.624576,8,"0;2;3;5;6;8;11;13"
Root_5778,372.408941,45.202336,7,"2;3;5;6;8;11;13"
Root_5779,80.819290,21.220896,8,"0;1;3;5;6;8;11;13"
Root_5780,332.983267,41.498656,7,"1;3;5;6;8;11;13"
Root_5781,129.904355,26.550496,7,"0;3;5;6;8;11;13"
Root_5782,374.790381,46.128256,6,"3;5;6;8;11;13"
Root_5783,86.548986,22.208544,8,"0;1;2;5;6;8;11;13"
Root_5784,340.328899,42.486304,7,"1;2;5;6;8;11;13"
Root_5785,135.274691,27.538144,7,"0;2;5;6;8;11;13"
Root_5786,383.123661,47.115904,6,"2;5;6;8;11;13"
Root_5787,86.287130,23.134464,7,"0;1;5;6;8;11;13"
Root_5788,342.710339,43.412224,6,"1;5;6;8;11;13"
Root_5789,135.804291,28.464064,6,"0;5;6;8;11;13"
Root_5790,386.431021,48.041824,5,"5;6;8;11;13"
Root_5791,87.860250,19.615968,9,"0;1;2;3;4;6;8;11;13"
Root_5792,325.787043,39.893728,8,"1;2;3;4;6;8;11;13"
Root_5793,130.972419,24.945568,8,"0;2;3;4;6;8;11;13"
Root_5794,365.989229,44.523328,7,"2;3;4;6;8;11;13"
Root_5795,85.612090,20.541888,8,"0;1;3;4;6;8;11;13"
Root_5796,327.242563,40.819648,7,"1;3;4;6;8;11;13"
Root_5797,129.650179,25.871488,7,"0;3;4;6;8;11;13"
Root_5798,368.370669,45.449248,6,"3;4;6;8;11;13"
Root_5799,90.575034,21.529536,8,"0;1;2;4;6;8;11;13"
Root_5800,334.217827,41.807296,7,"1;2;4;6;8;11;13"
Root_5801,133.662499,26.859136,7,"0;2;4;6;8;11;13"
Root_5802,376.333581,46.436896,6,"2;4;6;8;11;13"
Root_5803,89.252794,22.455456,7,"0;1;4;6;8;11;13"
Root_5804,336.599267,42.733216,6,"1;4;6;8;11;13"
Root_5805,133.266179,27.785056,6,"0;4;6;8;11;13"
Root_5806,379.640941,47.362816,5,"4;6;8;11;13"
Root_5807,91.265050,21.838176,8,"0;1;2;3;6;8;11;13"
Root_5808,337.304227,42.115936,7,"1;2;3;6;8;11;13"
Root_5809,135.822979,27.167776,7,"0;2;3;6;8;11;13"
Root_5810,379.728621,46.745536,6,"2;3;6;8;11;13"
Root_5811,90.868730,22.764096,7,"0;1;3;6;8;11;13"
Root_5812,339.685667,43.041856,6,"1;3;6;8;11;13"
Root_5813,135.426659,28.093696,6,"0;3;6;8;11;13"
Root_5814,383.035981,47.671456,5,"3;6;8;11;13"
Root_5815,95.806970,23.751744,7,"0;1;2;6;8;11;13"
Root_5816,347.648579,44.029504,6,"1;2;6;8;11;13"
Root_5817,140.426627,29.081344,6,"0;2;6;8;11;13"
Root_5818,391.986541,48.659104,5,"2;6;8;11;13"
Root_5819,96.336570,24.677664,6,"0;1;6;8;11;13"
Root_5820,350.955939,44.955424,5,"1;6;8;11;13"
Root_5821,140.970755,30.007264,5,"0;6;8;11;13"
Root_5822,396.219821,49.585024,4,"6;8;11;13"
Root_5823,92.051574,20.498678,9,"0;1;2;3;4;5;8;11;13"
Root_5824,333.768474,40.776438,8,"1;2;3;4;5;8;11;13"
Root_5825,135.305718,25.828278,8,"0;2;3;4;5;8;11;13"
Root_5826,374.853370,45.406038,7,"2;3;4;5;8;11;13"
Root_5827,90.228013,21.424598,8,"0;1;3;4;5;8;11;13"
Root_5828,335.223994,41.702358,7,"1;3;4;5;8;11;13"
Root_5829,133.983478,26.754198,7,"0;3;4;5;8;11;13"
Root_5830,377.234810,46.331958,6,"3;4;5;8;11;13"
Root_5831,94.766358,22.412246,8,"0;1;2;4;5;8;11;13"
Root_5832,342.569626,42.690006,7,"1;2;4;5;8;11;13"
Root_5833,138.366166,27.741846,7,"0;2;4;5;8;11;13"
Root_5834,385.568090,47.319606,6,"2;4;5;8;11;13"
Root_5835,93.782285,23.338166,7,"0;1;4;5;8;11;13"
Root_5836,344.951066,43.615926,6,"1;4;5;8;11;13"
Root_5837,137.969846,28.667766,6,"0;4;5;8;11;13"
Root_5838,388.875450,48.245526,5,"4;5;8;11;13"
Root_5839,96.647725,22.720886,8,"0;1;2;3;5;8;11;13"
Root_5840,345.964666,42.998646,7,"1;2;3;5;8;11;13"
Root_5841,140.835286,28.050486,7,"0;2;3;5;8;11;13"
Root_5842,389.271770,47.628246,6,"2;3;5;8;11;13"
Root_5843,96.251405,23.646806,7,"0;1;3;5;8;11;13"
Root_5844,348.346106,43.924566,6,"1;3;5;8;11;13"
Root_5845,140.438966,28.976406,6,"0;3;5;8;11;13"
Root_5846,392.579130,48.554166,5,"3;5;8;11;13"
Root_5847,101.189645,24.634454,7,"0;1;2;5;8;11;13"
Root_5848,356.679386,44.912214,6,"1;2;5;8;11;13"
Root_5849,146.773357,29.964054,6,"0;2;5;8;11;13"
Root_5850,401.900058,49.541814,5,"2;5;8;11;13"
Root_5851,101.719245,25.560374,6,"0;1;5;8;11;13"
Root_5852,359.986746,45.838134,5,"1;5;8;11;13"
Root_5853,149.118851,30.889974,5,"0;5;8;11;13"
Root_5854,406.133338,50.467734,4,"5;8;11;13"
Root_5855,99.852790,22.041878,8,"0;1;2;3;4;8;11;13"
Root_5856,339.544954,42.319638,7,"1;2;3;4;8;11;13"
Root_5857,139.081120,27.371478,7,"0;2;3;4;8;11;13"
Root_5858,382.173050,46.949238,6,"2;3;4;8;11;13"
Root_5859,98.530550,22.967798,7,"0;1;3;4;8;11;13"
Root_5860,341.926394,43.245558,6,"1;3;4;8;11;13"
Root_5861,137.758880,28.297398,6,"0;3;4;8;11;13"
Root_5862,385.480410,47.875158,5,"3;4;8;11;13"
Root_5863,102.481142,23.955446,7,"0;1;2;4;8;11;13"
Root_5864,349.889306,44.233206,6,"1;2;4;8;11;13"
Root_5865,142.056246,29.285046,6,"0;2;4;8;11;13"
Root_5866,394.430970,48.862806,5,"2;4;8;11;13"
Root_5867,102.084822,24.881366,6,"0;1;4;8;11;13"
Root_5868,353.196666,45.159126,5,"1;4;8;11;13"
Root_5869,143.007779,30.210966,5,"0;4;8;11;13"
Root_5870,398.664250,49.788726,4,"4;8;11;13"
Root_5871,104.641622,24.264086,7,"0;1;2;3;8;11;13"
Root_5872,353.284346,44.541846,6,"1;2;3;8;11;13"
Root_5873,144.525366,29.593686,6,"0;2;3;8;11;13"
Root_5874,398.134650,49.171446,5,"2;3;8;11;13"
Root_5875,104.245302,25.190006,6,"0;1;3;8;11;13"
Root_5876,356.591706,45.467766,5,"1;3;8;11;13"
Root_5877,146.094179,30.519606,5,"0;3;8;11;13"
Root_5878,402.367930,50.097366,4,"3;8;11;13"
Root_5879,109.245270,26.177654,6,"0;1;2;8;11;13"
Root_5880,365.542266,46.455414,5,"1;2;8;11;13"
Root_5881,154.057091,31.507254,5,"0;2;8;11;13"
Root_5882,412.306138,51.085014,4,"2;8;11;13"
Root_5883,109.774870,27.103574,5,"0;1;8;11;13"
Root_5884,369.775546,47.381334,4,"1;8;11;13"
Root_5885,157.364451,32.433174,4,"0;8;11;13"
Root_5886,417.465338,52.010934,3,"8;11;13"
Root_5887,91.662554,19.677696,10,"0;1;2;3;4;5;6;7;11;13"
Root_5888,340.812899,39.955456,9,"1;2;3;4;5;6;7;11;13"
Root_5889,139.425315,25.007296,9,"0;2;3;4;5;6;7;11;13"
Root_5890,381.076813,44.585056,8,"2;3;4;5;6;7;11;13"
Root_5891,95.714394,20.603616,9,"0;1;3;4;5;6;7;11;13"
Root_5892,346.942499,40.881376,8,"1;3;4;5;6;7;11;13"
Root_5893,143.703075,25.933216,8,"0;3;4;5;6;7;11;13"
Root_5894,387.432333,45.510976,7,"3;4;5;6;7;11;13"
Root_5895,94.377338,21.591264,9,"0;1;2;4;5;6;7;11;13"
Root_5896,347.700483,41.869024,8,"1;2;4;5;6;7;11;13"
Root_5897,142.485763,26.920864,8,"0;2;4;5;6;7;11;13"
Root_5898,389.877965,46.498624,7,"2;4;5;6;7;11;13"
Root_5899,98.655098,22.517184,8,"0;1;4;5;6;7;11;13"
Root_5900,354.056003,42.794944,7,"1;4;5;6;7;11;13"
Root_5901,147.836227,27.846784,7,"0;4;5;6;7;11;13"
Root_5902,396.459405,47.424544,6,"4;5;6;7;11;13"
Root_5903,95.437722,21.899904,9,"0;1;2;3;5;6;7;11;13"
Root_5904,350.786883,42.177664,8,"1;2;3;5;6;7;11;13"
Root_5905,145.184387,27.229504,8,"0;2;3;5;6;7;11;13"
Root_5906,393.273005,46.807264,7,"2;3;5;6;7;11;13"
Root_5907,100.641402,22.825824,8,"0;1;3;5;6;7;11;13"
Root_5908,357.142403,43.103584,7,"1;3;5;6;7;11;13"
Root_5909,150.613987,28.155424,7,"0;3;5;6;7;11;13"
Root_5910,399.854445,47.733184,6,"3;5;6;7;11;13"
Root_5911,99.979642,23.813472,8,"0;1;2;5;6;7;11;13"
Root_5912,359.588035,44.091232,7,"1;2;5;6;7;11;13"
Root_5913,152.071971,29.143072,7,"0;2;5;6;7;11;13"
Root_5914,403.987725,48.720832,6,"2;5;6;7;11;13"
Root_5915,105.409242,24.739392,7,"0;1;5;6;7;11;13"
Root_5916,366.169475,45.017152,6,"1;5;6;7;11;13"
Root_5917,157.727491,30.068992,6,"0;5;6;7;11;13"
Root_5918,410.795085,49.646752,5,"5;6;7;11;13"
Root_5919,99.463770,21.220896,9,"0;1;2;3;4;6;7;11;13"
Root_5920,345.046179,41.498656,8,"1;2;3;4;6;7;11;13"
Root_5921,144.021699,26.550496,8,"0;2;3;4;6;7;11;13"
Root_5922,386.853293,46.128256,7,"2;3;4;6;7;11;13"
Root_5923,103.741530,22.146816,8,"0;1;3;4;6;7;11;13"
Root_5924,351.401699,42.424576,7,"1;3;4;6;7;11;13"
Root_5925,148.075875,27.476416,7,"0;3;4;6;7;11;13"
Root_5926,393.434733,47.054176,6,"3;4;6;7;11;13"
Root_5927,102.092122,23.134464,8,"0;1;2;4;6;7;11;13"
Root_5928,353.476963,43.412224,7,"1;2;4;6;7;11;13"
Root_5929,148.175843,28.464064,7,"0;2;4;6;7;11;13"
Root_5930,397.197645,48.041824,6,"2;4;6;7;11;13"
Root_5931,106.595802,24.060384,7,"0;1;4;6;7;11;13"
Root_5932,360.058403,44.338144,6,"1;4;6;7;11;13"
Root_5933,152.905443,29.389984,6,"0;4;6;7;11;13"
Root_5934,404.005005,48.967744,5,"4;6;7;11;13"
Root_5935,104.252602,23.443104,8,"0;1;2;3;6;7;11;13"
Root_5936,356.563363,43.720864,7,"1;2;3;6;7;11;13"
Root_5937,150.644963,28.772704,7,"0;2;3;6;7;11;13"
Root_5938,400.592685,48.350464,6,"2;3;6;7;11;13"
Root_5939,108.756282,24.369024,7,"0;1;3;6;7;11;13"
Root_5940,363.144803,44.646784,6,"1;3;6;7;11;13"
Root_5941,155.374563,29.698624,6,"0;3;6;7;11;13"
Root_5942,407.400045,49.276384,5,"3;6;7;11;13"
Root_5943,108.856250,25.356672,7,"0;1;2;6;7;11;13"
Root_5944,366.907715,45.634432,6,"1;2;6;7;11;13"
Root_5945,157.848451,30.686272,6,"0;2;6;7;11;13"
Root_5946,412.850605,50.264032,5,"2;6;7;11;13"
Root_5947,113.585850,26.282592,6,"0;1;6;7;11;13"
Root_5948,373.715075,46.560352,5,"1;6;7;11;13"
Root_5949,163.729891,31.612192,5,"0;6;7;11;13"
Root_5950,419.883885,51.189952,4,"6;7;11;13"
Root_5951,104.167437,22.103606,9,"0;1;2;3;4;5;7;11;13"
Root_5952,353.027610,42.381366,8,"1;2;3;4;5;7;11;13"
Root_5953,148.788205,27.433206,8,"0;2;3;4;5;7;11;13"
Root_5954,395.717434,47.010966,7,"2;3;4;5;7;11;13"
Root_5955,108.445197,23.029526,8,"0;1;3;4;5;7;11;13"
Root_5956,359.383130,43.307286,7,"1;3;4;5;7;11;13"
Root_5957,153.291885,28.359126,7,"0;3;4;5;7;11;13"
Root_5958,402.298874,47.936886,6,"3;4;5;7;11;13"
Root_5959,106.795789,24.017174,8,"0;1;2;4;5;7;11;13"
Root_5960,361.828762,44.294934,7,"1;2;4;5;7;11;13"
Root_5961,154.108995,29.346774,7,"0;2;4;5;7;11;13"
Root_5962,406.432154,48.924534,6,"2;4;5;7;11;13"
Root_5963,111.299469,24.943094,7,"0;1;4;5;7;11;13"
Root_5964,368.410202,45.220854,6,"1;4;5;7;11;13"
Root_5965,159.764515,30.272694,6,"0;4;5;7;11;13"
Root_5966,413.239514,49.850454,5,"4;5;7;11;13"
Root_5967,109.264909,24.325814,8,"0;1;2;3;5;7;11;13"
Root_5968,365.223802,44.603574,7,"1;2;3;5;7;11;13"
Root_5969,157.195395,29.655414,7,"0;2;3;5;7;11;13"
Root_5970,410.135834,49.233174,6,"2;3;5;7;11;13"
Root_5971,113.768589,25.251734,7,"0;1;3;5;7;11;13"
Root_5972,371.805242,45.529494,6,"1;3;5;7;11;13"
Root_5973,162.850915,30.581334,6,"0;3;5;7;11;13"
Root_5974,416.943194,50.159094,5,"3;5;7;11;13"
Root_5975,114.238925,26.239382,7,"0;1;2;5;7;11;13"
Root_5976,375.938522,46.517142,6,"1;2;5;7;11;13"
Root_5977,165.996547,31.568982,6,"0;2;5;7;11;13"
Root_5978,422.764122,51.146742,5,"2;5;7;11;13"
Root_5979,119.133827,27.165302,6,"0;1;5;7;11;13"
Root_5980,382.745882,47.443062,5,"1;5;7;11;13"
Root_5981,171.877987,32.494902,5,"0;5;7;11;13"
Root_5982,429.797402,52.072662,4,"5;7;11;13"
Root_5983,111.235414,23.646806,8,"0;1;2;3;4;7;11;13"
Root_5984,358.804090,43.924566,7,"1;2;3;4;7;11;13"
Root_5985,152.501878,28.976406,7,"0;2;3;4;7;11;13"
Root_5986,403.037114,48.554166,6,"2;3;4;7;11;13"
Root_5987,119.713174,24.572726,7,"0;1;3;4;7;11;13"
Root_5988,369.585530,44.850486,6,"1;3;4;7;11;13"
Root_5989,161.407885,29.902326,6,"0;3;4;7;11;13"
Root_5990,413.344474,49.480086,5,"3;4;7;11;13"
Root_5991,113.925494,25.560374,7,"0;1;2;4;7;11;13"
Root_5992,369.148442,45.838134,6,"1;2;4;7;11;13"
Root_5993,159.885475,30.889974,6,"0;2;4;7;11;13"
Root_5994,415.295034,50.467734,5,"2;4;7;11;13"
Root_5995,121.929174,26.486294,6,"0;1;4;7;11;13"
Root_5996,379.455802,46.764054,5,"1;4;7;11;13"
Root_5997,169.266915,31.815894,5,"0;4;7;11;13"
Root_5998,425.128314,51.393654,4,"4;7;11;13"
Root_5999,116.085974,25.869014,7,"0;1;2;3;7;11;13"
Root_6000,372.543482,46.146774,6,"1;2;3;7;11;13"
Root_6001,162.971875,31.198614,6,"0;2;3;7;11;13"
Root_6002,418.998714,50.776374,5,"2;3;7;11;13"
Root_6003,128.289654,26.794934,6,"0;1;3;7;11;13"
Root_6004,386.350842,47.072694,5,"1;3;7;11;13"
Root_6005,175.853315,32.124534,5,"0;3;7;11;13"
Root_6006,431.631994,51.702294,4,"3;7;11;13"
Root_6007,121.472205,27.782582,6,"0;1;2;7;11;13"
Root_6008,384.801402,48.060342,5,"1;2;7;11;13"
Root_6009,173.428410,33.112182,5,"0;2;7;11;13"
Root_6010,433.170202,52.689942,4,"2;7;11;13"
Root_6011,133.427725,28.708502,5,"0;1;7;11;13"
Root_6012,397.434682,48.986262,4,"1;7;11;13"
Root_6013,186.061690,34.038102,4,"0;7;11;13"
Root_6014,444.629402,53.615862,3,"7;11;13"
Root_6015,110.803203,22.702368,9,"0;1;2;3;4;5;6;11;13"
Root_6016,360.212749,42.980128,8,"1;2;3;4;5;6;11;13"
Root_6017,156.022733,28.031968,8,"0;2;3;4;5;6;11;13"
Root_6018,403.501334,47.609728,7,"2;3;4;5;6;11;13"
Root_6019,114.677379,23.628288,8,"0;1;3;4;5;6;11;13"
Root_6020,366.568269,43.906048,7,"1;3;4;5;6;11;13"
Root_6021,160.526413,28.957888,7,"0;3;4;5;6;11;13"
Root_6022,410.082774,48.535648,6,"3;4;5;6;11;13"
Root_6023,113.431555,24.615936,8,"0;1;2;4;5;6;11;13"
Root_6024,369.013901,44.893696,7,"1;2;4;5;6;11;13"
Root_6025,160.996749,29.945536,7,"0;2;4;5;6;11;13"
Root_6026,414.216054,49.523296,6,"2;4;5;6;11;13"
Root_6027,117.935235,25.541856,7,"0;1;4;5;6;11;13"
Root_6028,375.595341,45.819616,6,"1;4;5;6;11;13"
Root_6029,166.597805,30.871456,6,"0;4;5;6;11;13"
Root_6030,421.023414,50.449216,5,"4;5;6;11;13"
Root_6031,115.900675,24.924576,8,"0;1;2;3;5;6;11;13"
Root_6032,372.408941,45.202336,7,"1;2;3;5;6;11;13"
Root_6033,164.028685,30.254176,7,"0;2;3;5;6;11;13"
Root_6034,417.919734,49.831936,6,"2;3;5;6;11;13"
Root_6035,120.404355,25.850496,7,"0;1;3;5;6;11;13"
Root_6036,378.990381,46.128256,6,"1;3;5;6;11;13"
Root_6037,169.684205,31.180096,6,"0;3;5;6;11;13"
Root_6038,424.727094,50.757856,5,"3;5;6;11;13"
Root_6039,120.874691,26.838144,7,"0;1;2;5;6;11;13"
Root_6040,383.123661,47.115904,6,"1;2;5;6;11;13"
Root_6041,172.829837,32.167744,6,"0;2;5;6;11;13"
Root_6042,430.548022,51.745504,5,"2;5;6;11;13"
Root_6043,126.368355,27.764064,6,"0;1;5;6;11;13"
Root_6044,389.931021,48.041824,5,"1;5;6;11;13"
Root_6045,178.804941,33.093664,5,"0;5;6;11;13"
Root_6046,437.581302,52.671424,4,"5;6;11;13"
Root_6047,117.272419,24.245568,8,"0;1;2;3;4;6;11;13"
Root_6048,365.989229,44.523328,7,"1;2;3;4;6;11;13"
Root_6049,159.137645,29.575168,7,"0;2;3;4;6;11;13"
Root_6050,410.821014,49.152928,6,"2;3;4;6;11;13"
Root_6051,120.850179,25.171488,7,"0;1;3;4;6;11;13"
Root_6052,372.570669,45.449248,6,"1;3;4;6;11;13"
Root_6053,163.943501,30.501088,6,"0;3;4;6;11;13"
Root_6054,417.628374,50.078848,5,"3;4;6;11;13"
Root_6055,119.962499,26.159136,7,"0;1;2;4;6;11;13"
Root_6056,376.333581,46.436896,6,"1;2;4;6;11;13"
Root_6057,166.718765,31.488736,6,"0;2;4;6;11;13"
Root_6058,423.078934,51.066496,5,"2;4;6;11;13"
Root_6059,123.851235,27.085056,6,"0;1;4;6;11;13"
Root_6060,383.140941,47.362816,5,"1;4;6;11;13"
Root_6061,172.600205,32.414656,5,"0;4;6;11;13"
Root_6062,430.112214,51.992416,4,"4;6;11;13"
Root_6063,122.122979,26.467776,7,"0;1;2;3;6;11;13"
Root_6064,379.728621,46.745536,6,"1;2;3;6;11;13"
Root_6065,169.805165,31.797376,6,"0;2;3;6;11;13"
Root_6066,426.782614,51.375136,5,"2;3;6;11;13"
Root_6067,126.320355,27.393696,6,"0;1;3;6;11;13"
Root_6068,386.535981,47.671456,5,"1;3;6;11;13"
Root_6069,175.686605,32.723296,5,"0;3;6;11;13"
Root_6070,433.815894,52.301056,4,"3;6;11;13"
Root_6071,128.107971,28.381344,6,"0;1;2;6;11;13"
Root_6072,391.986541,48.659104,5,"1;2;6;11;13"
Root_6073,180.860461,33.710944,5,"0;2;6;11;13"
Root_6074,440.954102,53.288704,4,"2;6;11;13"
Root_6075,133.063491,29.307264,5,"0;1;6;11;13"
Root_6076,399.019821,49.585024,4,"1;6;11;13"
Root_6077,187.893741,34.636864,4,"0;6;11;13"
Root_6078,448.213302,54.214624,3,"6;11;13"
Root_6079,121.605718,25.128278,8,"0;1;2;3;4;5;11;13"
Root_6080,374.853370,45.406038,7,"1;2;3;4;5;11;13"
Root_6081,166.269411,30.457878,7,"0;2;3;4;5;11;13"
Root_6082,420.567866,50.035638,6,"2;3;4;5;11;13"
Root_6083,125.183478,26.054198,7,"0;1;3;4;5;11;13"
Root_6084,381.434810,46.331958,6,"1;3;4;5;11;13"
Root_6085,171.924931,31.383798,6,"0;3;4;5;11;13"
Root_6086,427.375226,50.961558,5,"3;4;5;11;13"
Root_6087,124.708013,27.041846,7,"0;1;2;4;5;11;13"
Root_6088,385.568090,47.319606,6,"1;2;4;5;11;13"
Root_6089,175.070563,32.371446,6,"0;2;4;5;11;13"
Root_6090,433.196154,51.949206,5,"2;4;5;11;13"
Root_6091,129.437613,27.967766,6,"0;1;4;5;11;13"
Root_6092,392.375450,48.245526,5,"1;4;5;11;13"
Root_6093,181.249370,33.297366,5,"0;4;5;11;13"
Root_6094,440.229434,52.875126,4,"4;5;11;13"
Root_6095,127.485773,27.350486,7,"0;1;2;3;5;11;13"
Root_6096,389.271770,47.628246,6,"1;2;3;5;11;13"
Root_6097,178.465603,32.680086,6,"0;2;3;5;11;13"
Root_6098,437.208474,52.257846,5,"2;3;5;11;13"
Root_6099,132.215373,28.276406,6,"0;1;3;5;11;13"
Root_6100,396.079130,48.554166,5,"1;3;5;11;13"
Root_6101,184.953050,33.606006,5,"0;3;5;11;13"
Root_6102,444.241754,53.183766,4,"3;5;11;13"
Root_6103,134.637411,29.264054,6,"0;1;2;5;11;13"
Root_6104,401.900058,49.541814,5,"1;2;5;11;13"
Root_6105,190.773978,34.593654,5,"0;2;5;11;13"
Root_6106,451.750330,54.171414,4,"2;5;11;13"
Root_6107,140.708826,30.189974,5,"0;1;5;11;13"
Root_6108,408.933338,50.467734,4,"1;5;11;13"
Root_6109,197.807258,35.519574,4,"0;5;11;13"
Root_6110,459.009530,55.097334,3,"5;11;13"
Root_6111,126.081120,26.671478,7,"0;1;2;3;4;11;13"
Root_6112,382.173050,46.949238,6,"1;2;3;4;11;13"
Root_6113,172.045891,32.001078,6,"0;2;3;4;11;13"
Root_6114,429.430746,51.578838,5,"2;3;4;11;13"
Root_6115,133.756278,27.597398,6,"0;1;3;4;11;13"
Root_6116,392.480410,47.875158,5,"1;3;4;11;13"
Root_6117,181.427331,32.926998,5,"0;3;4;11;13"
Root_6118,439.264026,52.504758,4,"3;4;11;13"
Root_6119,130.356246,28.585046,6,"0;1;2;4;11;13"
Root_6120,394.430970,48.862806,5,"1;2;4;11;13"
Root_6121,183.304890,33.914646,5,"0;2;4;11;13"
Root_6122,443.602234,53.492406,4,"2;4;11;13"
Root_6123,138.396813,29.510966,5,"0;1;4;11;13"
Root_6124,404.264250,49.788726,4,"1;4;11;13"
Root_6125,193.138170,34.840566,4,"0;4;11;13"
Root_6126,452.961434,54.418326,3,"4;11;13"
Root_6127,132.825366,28.893686,6,"0;1;2;3;11;13"
Root_6128,398.134650,49.171446,5,"1;2;3;11;13"
Root_6129,187.008570,34.223286,5,"0;2;3;11;13"
Root_6130,447.614554,53.801046,4,"2;3;11;13"
Root_6131,144.674573,29.819606,5,"0;1;3;11;13"
Root_6132,410.767930,50.097366,4,"1;3;11;13"
Root_6133,199.641850,35.149206,4,"0;3;11;13"
Root_6134,459.073754,54.726966,3,"3;11;13"
Root_6135,142.764346,30.807254,5,"0;1;2;11;13"
Root_6136,412.306138,51.085014,4,"1;2;11;13"
Root_6137,201.180058,36.136854,4,"0;2;11;13"
Root_6138,463.699610,55.714614,3,"2;11;13"
Root_6139,155.397626,31.733174,4,"0;1;11;13"
Root_6140,423.765338,52.010934,3,"1;11;13"
Root_6141,212.639258,37.062774,3,"0;11;13"
Root_6142,473.984730,56.640534,2,"11;13"
Root_6143,53.369062,12.681440,12,"0;1;2;3;4;5;6;7;8;9;10;13"
Root_6144,292.461360,33.659200,11,"1;2;3;4;5;6;7;8;9;10;13"
Root_6145,106.221968,18.711040,11,"0;2;3;4;5;6;7;8;9;10;13"
Root_6146,327.129018,38.288800,10,"2;3;4;5;6;7;8;9;10;13"
Root_6147,53.361702,13.607360,11,"0;1;3;4;5;6;7;8;9;10;13"
Root_6148,291.839120,34.585120,10,"1;3;4;5;6;7;8;9;10;13"
Root_6149,103.747888,19.636960,10,"0;3;4;5;6;7;8;9;10;13"
Root_6150,327.432698,39.214720,9,"3;4;5;6;7;8;9;10;13"
Root_6151,66.865190,15.295008,11,"0;1;2;4;5;6;7;8;9;10;13"
Root_6152,297.147728,35.572768,10,"1;2;4;5;6;7;8;9;10;13"
Root_6153,109.086224,20.624608,10,"0;2;4;5;6;7;8;9;10;13"
Root_6154,333.728954,40.202368,9,"2;4;5;6;7;8;9;10;13"
Root_6155,65.170182,16.220928,10,"0;1;4;5;6;7;8;9;10;13"
Root_6156,297.451408,36.498688,9,"1;4;5;6;7;8;9;10;13"
Root_6157,106.612144,21.550528,9,"0;4;5;6;7;8;9;10;13"
Root_6158,334.958554,41.128288,8,"4;5;6;7;8;9;10;13"
Root_6159,55.591270,14.903648,11,"0;1;2;3;5;6;7;8;9;10;13"
Root_6160,299.616848,35.881408,10,"1;2;3;5;6;7;8;9;10;13"
Root_6161,108.254032,20.933248,10,"0;2;3;5;6;7;8;9;10;13"
Root_6162,336.506714,40.511008,9,"2;3;5;6;7;8;9;10;13"
Root_6163,54.191270,15.829568,10,"0;1;3;5;6;7;8;9;10;13"
Root_6164,299.920528,36.807328,9,"1;3;5;6;7;8;9;10;13"
Root_6165,106.705872,21.859168,9,"0;3;5;6;7;8;9;10;13"
Root_6166,337.736314,41.436928,8,"3;5;6;7;8;9;10;13"
Root_6167,68.762758,17.517216,10,"0;1;2;5;6;7;8;9;10;13"
Root_6168,306.216784,37.794976,9,"1;2;5;6;7;8;9;10;13"
Root_6169,110.809648,22.846816,9,"0;2;5;6;7;8;9;10;13"
Root_6170,345.020218,42.424576,8,"2;5;6;7;8;9;10;13"
Root_6171,66.731814,18.443136,9,"0;1;5;6;7;8;9;10;13"
Root_6172,307.446384,38.720896,8,"1;5;6;7;8;9;10;13"
Root_6173,110.034224,23.772736,8,"0;5;6;7;8;9;10;13"
Root_6174,347.175738,43.350496,7,"5;6;7;8;9;10;13"
Root_6175,62.456624,14.224640,11,"0;1;2;3;4;6;7;8;9;10;13"
Root_6176,294.925520,35.202400,10,"1;2;3;4;6;7;8;9;10;13"
Root_6177,113.937968,20.254240,10,"0;2;3;4;6;7;8;9;10;13"
Root_6178,331.136378,39.832000,9,"2;3;4;6;7;8;9;10;13"
Root_6179,61.056624,15.150560,10,"0;1;3;4;6;7;8;9;10;13"
Root_6180,295.229200,36.128320,9,"1;3;4;6;7;8;9;10;13"
Root_6181,111.463888,21.180160,9,"0;3;4;6;7;8;9;10;13"
Root_6182,332.365978,40.757920,8,"3;4;6;7;8;9;10;13"
Root_6183,76.423280,16.838208,10,"0;1;2;4;6;7;8;9;10;13"
Root_6184,301.155088,37.115968,9,"1;2;4;6;7;8;9;10;13"
Root_6185,115.259024,22.167808,9,"0;2;4;6;7;8;9;10;13"
Root_6186,339.279514,41.745568,8,"2;4;6;7;8;9;10;13"
Root_6187,73.949200,17.764128,9,"0;1;4;6;7;8;9;10;13"
Root_6188,302.384688,38.041888,8,"1;4;6;7;8;9;10;13"
Root_6189,112.878672,23.093728,8,"0;4;6;7;8;9;10;13"
Root_6190,341.435034,42.671488,7,"4;6;7;8;9;10;13"
Root_6191,64.649200,16.446848,10,"0;1;2;3;6;7;8;9;10;13"
Root_6192,303.624208,37.424608,9,"1;2;3;6;7;8;9;10;13"
Root_6193,115.970032,22.476448,9,"0;2;3;6;7;8;9;10;13"
Root_6194,342.057274,42.054208,8,"2;3;6;7;8;9;10;13"
Root_6195,62.175120,17.372768,9,"0;1;3;6;7;8;9;10;13"
Root_6196,304.853808,38.350528,8,"1;3;6;7;8;9;10;13"
Root_6197,114.421872,23.402368,8,"0;3;6;7;8;9;10;13"
Root_6198,344.212794,42.980128,7,"3;6;7;8;9;10;13"
Root_6199,77.838064,19.060416,9,"0;1;2;6;7;8;9;10;13"
Root_6200,311.767344,39.338176,8,"1;2;6;7;8;9;10;13"
Root_6201,118.372464,24.390016,8,"0;2;6;7;8;9;10;13"
Root_6202,352.113978,43.967776,7,"2;6;7;8;9;10;13"
Root_6203,76.289904,19.986336,8,"0;1;6;7;8;9;10;13"
Root_6204,313.922864,40.264096,7,"1;6;7;8;9;10;13"
Root_6205,117.750224,25.315936,7,"0;6;7;8;9;10;13"
Root_6206,355.195418,44.893696,6,"6;7;8;9;10;13"
Root_6207,66.772694,15.107350,11,"0;1;2;3;4;5;7;8;9;10;13"
Root_6208,301.450170,36.085110,10,"1;2;3;4;5;7;8;9;10;13"
Root_6209,117.339296,21.136950,10,"0;2;3;4;5;7;8;9;10;13"
Root_6210,338.543738,40.714710,9,"2;3;4;5;7;8;9;10;13"
Root_6211,65.265344,16.033270,10,"0;1;3;4;5;7;8;9;10;13"
Root_6212,301.753850,37.011030,9,"1;3;4;5;7;8;9;10;13"
Root_6213,114.865216,22.062870,9,"0;3;4;5;7;8;9;10;13"
Root_6214,339.773338,41.640630,8,"3;4;5;7;8;9;10;13"
Root_6215,80.040534,17.720918,10,"0;1;2;4;5;7;8;9;10;13"
Root_6216,308.050106,37.998678,9,"1;2;4;5;7;8;9;10;13"
Root_6217,117.828160,23.050518,9,"0;2;4;5;7;8;9;10;13"
Root_6218,347.057242,42.628278,8,"2;4;5;7;8;9;10;13"
Root_6219,77.566454,18.646838,9,"0;1;4;5;7;8;9;10;13"
Root_6220,309.279706,38.924598,8,"1;4;5;7;8;9;10;13"
Root_6221,116.280000,23.976438,8,"0;4;5;7;8;9;10;13"
Root_6222,349.212762,43.554198,7,"4;5;7;8;9;10;13"
Root_6223,68.857920,17.329558,10,"0;1;2;3;5;7;8;9;10;13"
Root_6224,310.827866,38.307318,9,"1;2;3;5;7;8;9;10;13"
Root_6225,119.525558,23.359158,9,"0;2;3;5;7;8;9;10;13"
Root_6226,350.143642,42.936918,8,"2;3;5;7;8;9;10;13"
Root_6227,66.639318,18.255478,9,"0;1;3;5;7;8;9;10;13"
Root_6228,312.057466,39.233238,8,"1;3;5;7;8;9;10;13"
Root_6229,117.977398,24.285078,8,"0;3;5;7;8;9;10;13"
Root_6230,352.299162,43.862838,7,"3;5;7;8;9;10;13"
Root_6231,81.455318,19.943126,9,"0;1;2;5;7;8;9;10;13"
Root_6232,319.341370,40.220886,8,"1;2;5;7;8;9;10;13"
Root_6233,122.298358,25.272726,8,"0;2;5;7;8;9;10;13"
Root_6234,360.570714,44.850486,7,"2;5;7;8;9;10;13"
Root_6235,79.907158,20.869046,8,"0;1;5;7;8;9;10;13"
Root_6236,321.496890,41.146806,7,"1;5;7;8;9;10;13"
Root_6237,121.676118,26.198646,7,"0;5;7;8;9;10;13"
Root_6238,363.652154,45.776406,6,"5;7;8;9;10;13"
Root_6239,76.130678,16.650550,10,"0;1;2;3;4;7;8;9;10;13"
Root_6240,305.457530,37.628310,9,"1;2;3;4;7;8;9;10;13"
Root_6241,123.512096,22.680150,9,"0;2;3;4;7;8;9;10;13"
Root_6242,344.094298,42.257910,8,"2;3;4;7;8;9;10;13"
Root_6243,73.656598,17.576470,9,"0;1;3;4;7;8;9;10;13"
Root_6244,306.687130,38.554230,8,"1;3;4;7;8;9;10;13"
Root_6245,121.038016,23.606070,8,"0;3;4;7;8;9;10;13"
Root_6246,346.249818,43.183830,7,"3;4;7;8;9;10;13"
Root_6247,88.055424,19.264118,9,"0;1;2;4;7;8;9;10;13"
Root_6248,313.600666,39.541878,8,"1;2;4;7;8;9;10;13"
Root_6249,124.000960,24.593718,8,"0;2;4;7;8;9;10;13"
Root_6250,354.151002,44.171478,7,"2;4;7;8;9;10;13"
Root_6251,85.581344,20.190038,8,"0;1;4;7;8;9;10;13"
Root_6252,315.756186,40.467798,7,"1;4;7;8;9;10;13"
Root_6253,122.452800,25.519638,7,"0;4;7;8;9;10;13"
Root_6254,357.232442,45.097398,6,"4;7;8;9;10;13"
Root_6255,77.854102,18.872758,9,"0;1;2;3;7;8;9;10;13"
Root_6256,316.378426,39.850518,8,"1;2;3;7;8;9;10;13"
Root_6257,125.544160,24.902358,8,"0;2;3;7;8;9;10;13"
Root_6258,357.237402,44.480118,7,"2;3;7;8;9;10;13"
Root_6259,76.305942,19.798678,8,"0;1;3;7;8;9;10;13"
Root_6260,318.533946,40.776438,7,"1;3;7;8;9;10;13"
Root_6261,123.996000,25.828278,7,"0;3;7;8;9;10;13"
Root_6262,360.318842,45.406038,6,"3;7;8;9;10;13"
Root_6263,89.470208,21.486326,8,"0;1;2;7;8;9;10;13"
Root_6264,326.435130,41.764086,7,"1;2;7;8;9;10;13"
Root_6265,127.946592,26.815926,7,"0;2;7;8;9;10;13"
Root_6266,369.207674,46.393686,6,"2;7;8;9;10;13"
Root_6267,87.922048,22.412246,7,"0;1;7;8;9;10;13"
Root_6268,329.516570,42.690006,6,"1;7;8;9;10;13"
Root_6269,127.324352,27.741846,6,"0;7;8;9;10;13"
Root_6270,373.215034,47.319606,5,"7;8;9;10;13"
Root_6271,79.843056,16.406112,11,"0;1;2;3;4;5;6;8;9;10;13"
Root_6272,307.869882,36.683872,10,"1;2;3;4;5;6;8;9;10;13"
Root_6273,123.055194,21.735712,10,"0;2;3;4;5;6;8;9;10;13"
Root_6274,345.562211,41.313472,9,"2;3;4;5;6;8;9;10;13"
Root_6275,77.368976,17.332032,10,"0;1;3;4;5;6;8;9;10;13"
Root_6276,308.173562,37.609792,9,"1;3;4;5;6;8;9;10;13"
Root_6277,120.581114,22.661632,9,"0;3;4;5;6;8;9;10;13"
Root_6278,346.791811,42.239392,8,"3;4;5;6;8;9;10;13"
Root_6279,85.012240,18.319680,10,"0;1;2;4;5;6;8;9;10;13"
Root_6280,314.469818,38.597440,9,"1;2;4;5;6;8;9;10;13"
Root_6281,123.544058,23.649280,9,"0;2;4;5;6;8;9;10;13"
Root_6282,354.075715,43.227040,8,"2;4;5;6;8;9;10;13"
Root_6283,82.538160,19.245600,9,"0;1;4;5;6;8;9;10;13"
Root_6284,315.699418,39.523360,8,"1;4;5;6;8;9;10;13"
Root_6285,121.995898,24.575200,8,"0;4;5;6;8;9;10;13"
Root_6286,356.231235,44.152960,7,"4;5;6;8;9;10;13"
Root_6287,81.566480,18.628320,10,"0;1;2;3;5;6;8;9;10;13"
Root_6288,317.247578,38.906080,9,"1;2;3;5;6;8;9;10;13"
Root_6289,125.395898,23.957920,9,"0;2;3;5;6;8;9;10;13"
Root_6290,357.162115,43.535680,8,"2;3;5;6;8;9;10;13"
Root_6291,80.018320,19.554240,9,"0;1;3;5;6;8;9;10;13"
Root_6292,318.477178,39.832000,8,"1;3;5;6;8;9;10;13"
Root_6293,123.847738,24.883840,8,"0;3;5;6;8;9;10;13"
Root_6294,359.317635,44.461600,7,"3;5;6;8;9;10;13"
Root_6295,86.427024,20.541888,9,"0;1;2;5;6;8;9;10;13"
Root_6296,325.761082,40.819648,8,"1;2;5;6;8;9;10;13"
Root_6297,128.168698,25.871488,8,"0;2;5;6;8;9;10;13"
Root_6298,367.589187,45.449248,7,"2;5;6;8;9;10;13"
Root_6299,84.878864,21.467808,8,"0;1;5;6;8;9;10;13"
Root_6300,327.916602,41.745568,7,"1;5;6;8;9;10;13"
Root_6301,127.546458,26.797408,7,"0;5;6;8;9;10;13"
Root_6302,370.670627,46.375168,6,"5;6;8;9;10;13"
Root_6303,88.793616,17.949312,10,"0;1;2;3;4;6;8;9;10;13"
Root_6304,311.877242,38.227072,9,"1;2;3;4;6;8;9;10;13"
Root_6305,128.783674,23.278912,9,"0;2;3;4;6;8;9;10;13"
Root_6306,351.112771,42.856672,8,"2;3;4;6;8;9;10;13"
Root_6307,86.319536,18.875232,9,"0;1;3;4;6;8;9;10;13"
Root_6308,313.106842,39.152992,8,"1;3;4;6;8;9;10;13"
Root_6309,126.309594,24.204832,8,"0;3;4;6;8;9;10;13"
Root_6310,353.268291,43.782592,7,"3;4;6;8;9;10;13"
Root_6311,92.419600,19.862880,9,"0;1;2;4;6;8;9;10;13"
Root_6312,320.020378,40.140640,8,"1;2;4;6;8;9;10;13"
Root_6313,129.272538,25.192480,8,"0;2;4;6;8;9;10;13"
Root_6314,361.169475,44.770240,7,"2;4;6;8;9;10;13"
Root_6315,89.945520,20.788800,8,"0;1;4;6;8;9;10;13"
Root_6316,322.175898,41.066560,7,"1;4;6;8;9;10;13"
Root_6317,127.724378,26.118400,7,"0;4;6;8;9;10;13"
Root_6318,364.250915,45.696160,6,"4;6;8;9;10;13"
Root_6319,90.825680,20.171520,9,"0;1;2;3;6;8;9;10;13"
Root_6320,322.798138,40.449280,8,"1;2;3;6;8;9;10;13"
Root_6321,130.815738,25.501120,8,"0;2;3;6;8;9;10;13"
Root_6322,364.255875,45.078880,7,"2;3;6;8;9;10;13"
Root_6323,89.277520,21.097440,8,"0;1;3;6;8;9;10;13"
Root_6324,324.953658,41.375200,7,"1;3;6;8;9;10;13"
Root_6325,129.267578,26.427040,7,"0;3;6;8;9;10;13"
Root_6326,367.337315,46.004800,6,"3;6;8;9;10;13"
Root_6327,94.143024,22.085088,8,"0;1;2;6;8;9;10;13"
Root_6328,332.854842,42.362848,7,"1;2;6;8;9;10;13"
Root_6329,133.218170,27.414688,7,"0;2;6;8;9;10;13"
Root_6330,376.226147,46.992448,6,"2;6;8;9;10;13"
Root_6331,92.605872,23.011008,7,"0;1;6;8;9;10;13"
Root_6332,335.936282,43.288768,6,"1;6;8;9;10;13"
Root_6333,132.595930,28.340608,6,"0;6;8;9;10;13"
Root_6334,380.233507,47.918368,5,"6;8;9;10;13"
Root_6335,92.956672,18.832022,10,"0;1;2;3;4;5;8;9;10;13"
Root_6336,319.284602,39.109782,9,"1;2;3;4;5;8;9;10;13"
Root_6337,131.660192,24.161622,9,"0;2;3;4;5;8;9;10;13"
Root_6338,359.402842,43.739382,8,"2;3;4;5;8;9;10;13"
Root_6339,90.482592,19.757942,9,"0;1;3;4;5;8;9;10;13"
Root_6340,320.514202,40.035702,8,"1;3;4;5;8;9;10;13"
Root_6341,129.186112,25.087542,8,"0;3;4;5;8;9;10;13"
Root_6342,361.558362,44.665302,7,"3;4;5;8;9;10;13"
Root_6343,95.699946,20.745590,9,"0;1;2;4;5;8;9;10;13"
Root_6344,327.798106,41.023350,8,"1;2;4;5;8;9;10;13"
Root_6345,132.519424,26.075190,8,"0;2;4;5;8;9;10;13"
Root_6346,369.829914,45.652950,7,"2;4;5;8;9;10;13"
Root_6347,93.225866,21.671510,8,"0;1;4;5;8;9;10;13"
Root_6348,329.953626,41.949270,7,"1;4;5;8;9;10;13"
Root_6349,130.971264,27.001110,7,"0;4;5;8;9;10;13"
Root_6350,372.911354,46.578870,6,"4;5;8;9;10;13"
Root_6351,94.988736,21.054230,9,"0;1;2;3;5;8;9;10;13"
Root_6352,330.884506,41.331990,8,"1;2;3;5;8;9;10;13"
Root_6353,134.371264,26.383830,8,"0;2;3;5;8;9;10;13"
Root_6354,373.224954,45.961590,7,"2;3;5;8;9;10;13"
Root_6355,93.440576,21.980150,8,"0;1;3;5;8;9;10;13"
Root_6356,333.040026,42.257910,7,"1;3;5;8;9;10;13"
Root_6357,132.823104,27.309750,7,"0;3;5;8;9;10;13"
Root_6358,376.306394,46.887510,6,"3;5;8;9;10;13"
Root_6359,97.423370,22.967798,8,"0;1;2;5;8;9;10;13"
Root_6360,341.311578,43.245558,7,"1;2;5;8;9;10;13"
Root_6361,137.144064,28.297398,7,"0;2;5;8;9;10;13"
Root_6362,385.565594,47.875158,6,"2;5;8;9;10;13"
Root_6363,96.768928,23.893718,7,"0;1;5;8;9;10;13"
Root_6364,344.393018,44.171478,6,"1;5;8;9;10;13"
Root_6365,136.745142,29.223318,6,"0;5;8;9;10;13"
Root_6366,389.572954,48.801078,5,"5;8;9;10;13"
Root_6367,100.672672,20.375222,9,"0;1;2;3;4;8;9;10;13"
Root_6368,324.835162,40.652982,8,"1;2;3;4;8;9;10;13"
Root_6369,135.333130,25.704822,8,"0;2;3;4;8;9;10;13"
Root_6370,366.496602,45.282582,7,"2;3;4;8;9;10;13"
Root_6371,98.198592,21.301142,8,"0;1;3;4;8;9;10;13"
Root_6372,326.990682,41.578902,7,"1;3;4;8;9;10;13"
Root_6373,132.859050,26.630742,7,"0;3;4;8;9;10;13"
Root_6374,369.578042,46.208502,6,"3;4;8;9;10;13"
Root_6375,101.872746,22.288790,8,"0;1;2;4;8;9;10;13"
Root_6376,334.891866,42.566550,7,"1;2;4;8;9;10;13"
Root_6377,135.821994,27.618390,7,"0;2;4;8;9;10;13"
Root_6378,378.466874,47.196150,6,"2;4;8;9;10;13"
Root_6379,99.613376,23.214710,7,"0;1;4;8;9;10;13"
Root_6380,337.973306,43.492470,6,"1;4;8;9;10;13"
Root_6381,134.273834,28.544310,6,"0;4;8;9;10;13"
Root_6382,382.474234,48.122070,5,"4;8;9;10;13"
Root_6383,102.704736,22.597430,8,"0;1;2;3;8;9;10;13"
Root_6384,337.978266,42.875190,7,"1;2;3;8;9;10;13"
Root_6385,137.365194,27.927030,7,"0;2;3;8;9;10;13"
Root_6386,381.861914,47.504790,6,"2;3;8;9;10;13"
Root_6387,101.156576,23.523350,7,"0;1;3;8;9;10;13"
Root_6388,341.059706,43.801110,6,"1;3;8;9;10;13"
Root_6389,135.817034,28.852950,6,"0;3;8;9;10;13"
Root_6390,385.869274,48.430710,5,"3;8;9;10;13"
Root_6391,105.107168,24.510998,7,"0;1;2;8;9;10;13"
Root_6392,349.948538,44.788758,6,"1;2;8;9;10;13"
Root_6393,140.608224,29.840598,6,"0;2;8;9;10;13"
Root_6394,395.745754,49.418358,5,"2;8;9;10;13"
Root_6395,104.484928,25.436918,6,"0;1;8;9;10;13"
Root_6396,353.955898,45.714678,5,"1;8;9;10;13"
Root_6397,143.211459,30.766518,5,"0;8;9;10;13"
Root_6398,400.679034,50.344278,4,"8;9;10;13"
Root_6399,83.742832,17.311040,11,"0;1;2;3;4;5;6;7;9;10;13"
Root_6400,327.129018,38.288800,10,"1;2;3;4;5;6;7;9;10;13"
Root_6401,135.734106,23.340640,10,"0;2;3;4;5;6;7;9;10;13"
Root_6402,366.426275,42.918400,9,"2;3;4;5;6;7;9;10;13"
Root_6403,81.268752,18.236960,10,"0;1;3;4;5;6;7;9;10;13"
Root_6404,327.432698,39.214720,9,"1;3;4;5;6;7;9;10;13"
Root_6405,133.260026,24.266560,9,"0;3;4;5;6;7;9;10;13"
Root_6406,367.655875,43.844320,8,"3;4;5;6;7;9;10;13"
Root_6407,95.398448,19.924608,10,"0;1;2;4;5;6;7;9;10;13"
Root_6408,333.728954,40.202368,9,"1;2;4;5;6;7;9;10;13"
Root_6409,136.593338,25.254208,9,"0;2;4;5;6;7;9;10;13"
Root_6410,374.939779,44.831968,8,"2;4;5;6;7;9;10;13"
Root_6411,92.924368,20.850528,9,"0;1;4;5;6;7;9;10;13"
Root_6412,334.958554,41.128288,8,"1;4;5;6;7;9;10;13"
Root_6413,135.045178,26.180128,8,"0;4;5;6;7;9;10;13"
Root_6414,377.095299,45.757888,7,"4;5;6;7;9;10;13"
Root_6415,85.466256,19.533248,10,"0;1;2;3;5;6;7;9;10;13"
Root_6416,336.506714,40.511008,9,"1;2;3;5;6;7;9;10;13"
Root_6417,138.445178,25.562848,9,"0;2;3;5;6;7;9;10;13"
Root_6418,378.026179,45.140608,8,"2;3;5;6;7;9;10;13"
Root_6419,83.918096,20.459168,9,"0;1;3;5;6;7;9;10;13"
Root_6420,337.736314,41.436928,8,"1;3;5;6;7;9;10;13"
Root_6421,136.897018,26.488768,8,"0;3;5;6;7;9;10;13"
Root_6422,380.181699,46.066528,7,"3;5;6;7;9;10;13"
Root_6423,97.121872,22.146816,9,"0;1;2;5;6;7;9;10;13"
Root_6424,345.020218,42.424576,8,"1;2;5;6;7;9;10;13"
Root_6425,141.694394,27.476416,8,"0;2;5;6;7;9;10;13"
Root_6426,388.453251,47.054176,7,"2;5;6;7;9;10;13"
Root_6427,95.646448,23.072736,8,"0;1;5;6;7;9;10;13"
Root_6428,347.175738,43.350496,7,"1;5;6;7;9;10;13"
Root_6429,141.998074,28.402336,7,"0;5;6;7;9;10;13"
Root_6430,391.534691,47.980096,6,"5;6;7;9;10;13"
Root_6431,92.537968,18.854240,10,"0;1;2;3;4;6;7;9;10;13"
Root_6432,331.136378,39.832000,9,"1;2;3;4;6;7;9;10;13"
Root_6433,140.228026,24.883840,9,"0;2;3;4;6;7;9;10;13"
Root_6434,371.976835,44.461600,8,"2;3;4;6;7;9;10;13"
Root_6435,90.063888,19.780160,9,"0;1;3;4;6;7;9;10;13"
Root_6436,332.365978,40.757920,8,"1;3;4;6;7;9;10;13"
Root_6437,137.753946,25.809760,8,"0;3;4;6;7;9;10;13"
Root_6438,374.132355,45.387520,7,"3;4;6;7;9;10;13"
Root_6439,102.259024,21.467808,9,"0;1;2;4;6;7;9;10;13"
Root_6440,339.279514,41.745568,8,"1;2;4;6;7;9;10;13"
Root_6441,140.716890,26.797408,8,"0;2;4;6;7;9;10;13"
Root_6442,382.033539,46.375168,7,"2;4;6;7;9;10;13"
Root_6443,99.784944,22.393728,8,"0;1;4;6;7;9;10;13"
Root_6444,341.435034,42.671488,7,"1;4;6;7;9;10;13"
Root_6445,139.892058,27.723328,7,"0;4;6;7;9;10;13"
Root_6446,385.114979,47.301088,6,"4;6;7;9;10;13"
Root_6447,94.570032,21.076448,9,"0;1;2;3;6;7;9;10;13"
Root_6448,342.057274,42.054208,8,"1;2;3;6;7;9;10;13"
Root_6449,142.366138,27.106048,8,"0;2;3;6;7;9;10;13"
Root_6450,385.119939,46.683808,7,"2;3;6;7;9;10;13"
Root_6451,93.021872,22.002368,8,"0;1;3;6;7;9;10;13"
Root_6452,344.212794,42.980128,7,"1;3;6;7;9;10;13"
Root_6453,141.743898,28.031968,7,"0;3;6;7;9;10;13"
Root_6454,388.201379,47.609728,6,"3;6;7;9;10;13"
Root_6455,104.672464,23.690016,8,"0;1;2;6;7;9;10;13"
Root_6456,352.113978,43.967776,7,"1;2;6;7;9;10;13"
Root_6457,146.682138,29.019616,7,"0;2;6;7;9;10;13"
Root_6458,397.090211,48.597376,6,"2;6;7;9;10;13"
Root_6459,104.050224,24.615936,7,"0;1;6;7;9;10;13"
Root_6460,355.195418,44.893696,6,"1;6;7;9;10;13"
Root_6461,146.985818,29.945536,6,"0;6;7;9;10;13"
Root_6462,401.097571,49.523296,5,"6;7;9;10;13"
Root_6463,96.155222,19.736950,10,"0;1;2;3;4;5;7;9;10;13"
Root_6464,338.543738,40.714710,9,"1;2;3;4;5;7;9;10;13"
Root_6465,143.104544,25.766550,9,"0;2;3;4;5;7;9;10;13"
Root_6466,380.266906,45.344310,8,"2;3;4;5;7;9;10;13"
Root_6467,93.681142,20.662870,9,"0;1;3;4;5;7;9;10;13"
Root_6468,339.773338,41.640630,8,"1;3;4;5;7;9;10;13"
Root_6469,140.630464,26.692470,8,"0;3;4;5;7;9;10;13"
Root_6470,382.422426,46.270230,7,"3;4;5;7;9;10;13"
Root_6471,104.993568,22.350518,9,"0;1;2;4;5;7;9;10;13"
Root_6472,347.057242,42.628278,8,"1;2;4;5;7;9;10;13"
Root_6473,144.643894,27.680118,8,"0;2;4;5;7;9;10;13"
Root_6474,390.693978,47.257878,7,"2;4;5;7;9;10;13"
Root_6475,102.795926,23.276438,8,"0;1;4;5;7;9;10;13"
Root_6476,349.212762,43.554198,7,"1;4;5;7;9;10;13"
Root_6477,144.021654,28.606038,7,"0;4;5;7;9;10;13"
Root_6478,393.775418,48.183798,6,"4;5;7;9;10;13"
Root_6479,98.495926,21.959158,9,"0;1;2;3;5;7;9;10;13"
Root_6480,350.143642,42.936918,8,"1;2;3;5;7;9;10;13"
Root_6481,146.804374,27.988758,8,"0;2;3;5;7;9;10;13"
Root_6482,394.089018,47.566518,7,"2;3;5;7;9;10;13"
Root_6483,96.947766,22.885078,8,"0;1;3;5;7;9;10;13"
Root_6484,352.299162,43.862838,7,"1;3;5;7;9;10;13"
Root_6485,146.182134,28.914678,7,"0;3;5;7;9;10;13"
Root_6486,397.170458,48.492438,6,"3;5;7;9;10;13"
Root_6487,108.598358,24.572726,8,"0;1;2;5;7;9;10;13"
Root_6488,360.570714,44.850486,7,"1;2;5;7;9;10;13"
Root_6489,152.393069,29.902326,7,"0;2;5;7;9;10;13"
Root_6490,406.429658,49.480086,6,"2;5;7;9;10;13"
Root_6491,107.976118,25.498646,7,"0;1;5;7;9;10;13"
Root_6492,363.652154,45.776406,6,"1;5;7;9;10;13"
Root_6493,154.450915,30.828246,6,"0;5;7;9;10;13"
Root_6494,410.437018,50.406006,5,"5;7;9;10;13"
Root_6495,103.512096,21.280150,9,"0;1;2;3;4;7;9;10;13"
Root_6496,344.094298,42.257910,8,"1;2;3;4;7;9;10;13"
Root_6497,145.482304,27.309750,8,"0;2;3;4;7;9;10;13"
Root_6498,387.360666,46.887510,7,"2;3;4;7;9;10;13"
Root_6499,101.038016,22.206070,8,"0;1;3;4;7;9;10;13"
Root_6500,346.249818,43.183830,7,"1;3;4;7;9;10;13"
Root_6501,143.934144,28.235670,7,"0;3;4;7;9;10;13"
Root_6502,390.442106,47.813430,6,"3;4;7;9;10;13"
Root_6503,111.000960,23.893718,8,"0;1;2;4;7;9;10;13"
Root_6504,354.151002,44.171478,7,"1;2;4;7;9;10;13"
Root_6505,148.108054,29.223318,7,"0;2;4;7;9;10;13"
Root_6506,399.330938,48.801078,6,"2;4;7;9;10;13"
Root_6507,109.452800,24.819638,7,"0;1;4;7;9;10;13"
Root_6508,357.232442,45.097398,6,"1;4;7;9;10;13"
Root_6509,148.710211,30.149238,6,"0;4;7;9;10;13"
Root_6510,403.338298,49.726998,5,"4;7;9;10;13"
Root_6511,105.544160,23.502358,8,"0;1;2;3;7;9;10;13"
Root_6512,357.237402,44.480118,7,"1;2;3;7;9;10;13"
Root_6513,150.268534,29.531958,7,"0;2;3;7;9;10;13"
Root_6514,402.725978,49.109718,6,"2;3;7;9;10;13"
Root_6515,103.996000,24.428278,7,"0;1;3;7;9;10;13"
Root_6516,360.318842,45.406038,6,"1;3;7;9;10;13"
Root_6517,151.487971,30.457878,6,"0;3;7;9;10;13"
Root_6518,406.733338,50.035638,5,"3;7;9;10;13"
Root_6519,114.946592,26.115926,7,"0;1;2;7;9;10;13"
Root_6520,369.207674,46.393686,6,"1;2;7;9;10;13"
Root_6521,159.389155,31.445526,6,"0;2;7;9;10;13"
Root_6522,416.609818,51.023286,5,"2;7;9;10;13"
Root_6523,114.366198,27.041846,6,"0;1;7;9;10;13"
Root_6524,373.215034,47.319606,5,"1;7;9;10;13"
Root_6525,162.470595,32.371446,5,"0;7;9;10;13"
Root_6526,421.543098,51.949206,4,"7;9;10;13"
Root_6527,109.610874,21.035712,10,"0;1;2;3;4;5;6;9;10;13"
Root_6528,345.562211,41.313472,9,"1;2;3;4;5;6;9;10;13"
Root_6529,148.974883,26.365312,9,"0;2;3;4;5;6;9;10;13"
Root_6530,387.884141,45.943072,8,"2;3;4;5;6;9;10;13"
Root_6531,107.136794,21.961632,9,"0;1;3;4;5;6;9;10;13"
Root_6532,346.791811,42.239392,8,"1;3;4;5;6;9;10;13"
Root_6533,146.792035,27.291232,8,"0;3;4;5;6;9;10;13"
Root_6534,390.039661,46.868992,7,"3;4;5;6;9;10;13"
Root_6535,110.150458,22.949280,9,"0;1;2;4;5;6;9;10;13"
Root_6536,354.075715,43.227040,8,"1;2;4;5;6;9;10;13"
Root_6537,151.112995,28.278880,8,"0;2;4;5;6;9;10;13"
Root_6538,398.311213,47.856640,7,"2;4;5;6;9;10;13"
Root_6539,108.551578,23.875200,8,"0;1;4;5;6;9;10;13"
Root_6540,356.231235,44.152960,7,"1;4;5;6;9;10;13"
Root_6541,150.490755,29.204800,7,"0;4;5;6;9;10;13"
Root_6542,401.392653,48.782560,6,"4;5;6;9;10;13"
Root_6543,111.695898,23.257920,9,"0;1;2;3;5;6;9;10;13"
Root_6544,357.162115,43.535680,8,"1;2;3;5;6;9;10;13"
Root_6545,153.273475,28.587520,8,"0;2;3;5;6;9;10;13"
Root_6546,401.706253,48.165280,7,"2;3;5;6;9;10;13"
Root_6547,110.147738,24.183840,8,"0;1;3;5;6;9;10;13"
Root_6548,359.317635,44.461600,7,"1;3;5;6;9;10;13"
Root_6549,152.651235,29.513440,7,"0;3;5;6;9;10;13"
Root_6550,404.787693,49.091200,6,"3;5;6;9;10;13"
Root_6551,114.468698,25.171488,8,"0;1;2;5;6;9;10;13"
Root_6552,367.589187,45.449248,7,"1;2;5;6;9;10;13"
Root_6553,158.962019,30.501088,7,"0;2;5;6;9;10;13"
Root_6554,414.046893,50.078848,6,"2;5;6;9;10;13"
Root_6555,113.846458,26.097408,7,"0;1;5;6;9;10;13"
Root_6556,370.670627,46.375168,6,"1;5;6;9;10;13"
Root_6557,161.117539,31.427008,6,"0;5;6;9;10;13"
Root_6558,418.054253,51.004768,5,"5;6;9;10;13"
Root_6559,115.783674,22.578912,9,"0;1;2;3;4;6;9;10;13"
Root_6560,351.112771,42.856672,8,"1;2;3;4;6;9;10;13"
Root_6561,151.352643,27.908512,8,"0;2;3;4;6;9;10;13"
Root_6562,394.977901,47.486272,7,"2;3;4;6;9;10;13"
Root_6563,113.309594,23.504832,8,"0;1;3;4;6;9;10;13"
Root_6564,353.268291,43.782592,7,"1;3;4;6;9;10;13"
Root_6565,149.804483,28.834432,7,"0;3;4;6;9;10;13"
Root_6566,398.059341,48.412192,6,"3;4;6;9;10;13"
Root_6567,116.272538,24.492480,8,"0;1;2;4;6;9;10;13"
Root_6568,361.169475,44.770240,7,"1;2;4;6;9;10;13"
Root_6569,153.755075,29.822080,7,"0;2;4;6;9;10;13"
Root_6570,406.948173,49.399840,6,"2;4;6;9;10;13"
Root_6571,114.724378,25.418400,7,"0;1;4;6;9;10;13"
Root_6572,364.250915,45.696160,6,"1;4;6;9;10;13"
Root_6573,155.376835,30.748000,6,"0;4;6;9;10;13"
Root_6574,410.955533,50.325760,5,"4;6;9;10;13"
Root_6575,117.815738,24.801120,8,"0;1;2;3;6;9;10;13"
Root_6576,364.255875,45.078880,7,"1;2;3;6;9;10;13"
Root_6577,155.999075,30.130720,7,"0;2;3;6;9;10;13"
Root_6578,410.343213,49.708480,6,"2;3;6;9;10;13"
Root_6579,116.267578,25.727040,7,"0;1;3;6;9;10;13"
Root_6580,367.337315,46.004800,6,"1;3;6;9;10;13"
Root_6581,158.154595,31.056640,6,"0;3;6;9;10;13"
Root_6582,414.350573,50.634400,5,"3;6;9;10;13"
Root_6583,120.218170,26.714688,7,"0;1;2;6;9;10;13"
Root_6584,376.226147,46.992448,6,"1;2;6;9;10;13"
Root_6585,166.055779,32.044288,6,"0;2;6;9;10;13"
Root_6586,424.227053,51.622048,5,"2;6;9;10;13"
Root_6587,120.236538,27.640608,6,"0;1;6;9;10;13"
Root_6588,380.233507,47.918368,5,"1;6;9;10;13"
Root_6589,169.137219,32.970208,5,"0;6;9;10;13"
Root_6590,429.160333,52.547968,4,"6;9;10;13"
Root_6591,118.660192,23.461622,9,"0;1;2;3;4;5;9;10;13"
Root_6592,359.402842,43.739382,8,"1;2;3;4;5;9;10;13"
Root_6593,155.111872,28.791222,8,"0;2;3;4;5;9;10;13"
Root_6594,404.150682,48.368982,7,"2;3;4;5;9;10;13"
Root_6595,116.186112,24.387542,8,"0;1;3;4;5;9;10;13"
Root_6596,361.558362,44.665302,7,"1;3;4;5;9;10;13"
Root_6597,154.280854,29.717142,7,"0;3;4;5;9;10;13"
Root_6598,407.232122,49.294902,6,"3;4;5;9;10;13"
Root_6599,119.519424,25.375190,8,"0;1;2;4;5;9;10;13"
Root_6600,369.829914,45.652950,7,"1;2;4;5;9;10;13"
Root_6601,160.999043,30.704790,7,"0;2;4;5;9;10;13"
Root_6602,416.491322,50.282550,6,"2;4;5;9;10;13"
Root_6603,117.971264,26.301110,7,"0;1;4;5;9;10;13"
Root_6604,372.911354,46.578870,6,"1;4;5;9;10;13"
Root_6605,163.154563,31.630710,6,"0;4;5;9;10;13"
Root_6606,420.498682,51.208470,5,"4;5;9;10;13"
Root_6607,121.371264,25.683830,8,"0;1;2;3;5;9;10;13"
Root_6608,373.224954,45.961590,7,"1;2;3;5;9;10;13"
Root_6609,164.085443,31.013430,7,"0;2;3;5;9;10;13"
Root_6610,420.195002,50.591190,6,"2;3;5;9;10;13"
Root_6611,119.823104,26.609750,7,"0;1;3;5;9;10;13"
Root_6612,376.306394,46.887510,6,"1;3;5;9;10;13"
Root_6613,166.240963,31.939350,6,"0;3;5;9;10;13"
Root_6614,424.202362,51.517110,5,"3;5;9;10;13"
Root_6615,124.741462,27.597398,7,"0;1;2;5;9;10;13"
Root_6616,385.565594,47.875158,6,"1;2;5;9;10;13"
Root_6617,174.512515,32.926998,6,"0;2;5;9;10;13"
Root_6618,434.449210,52.504758,5,"2;5;9;10;13"
Root_6619,125.045142,28.523318,6,"0;1;5;9;10;13"
Root_6620,389.572954,48.801078,5,"1;5;9;10;13"
Root_6621,178.446874,33.852918,5,"0;5;9;10;13"
Root_6622,439.382490,53.430678,4,"5;9;10;13"
Root_6623,123.033130,25.004822,8,"0;1;2;3;4;9;10;13"
Root_6624,366.496602,45.282582,7,"1;2;3;4;9;10;13"
Root_6625,158.036099,30.334422,7,"0;2;3;4;9;10;13"
Root_6626,412.787642,49.912182,6,"2;3;4;9;10;13"
Root_6627,120.559050,25.930742,7,"0;1;3;4;9;10;13"
Root_6628,369.578042,46.208502,6,"1;3;4;9;10;13"
Root_6629,160.191619,31.260342,6,"0;3;4;9;10;13"
Root_6630,416.795002,50.838102,5,"3;4;9;10;13"
Root_6631,123.521994,26.918390,7,"0;1;2;4;9;10;13"
Root_6632,378.466874,47.196150,6,"1;2;4;9;10;13"
Root_6633,168.092803,32.247990,6,"0;2;4;9;10;13"
Root_6634,426.671482,51.825750,5,"2;4;9;10;13"
Root_6635,122.818144,27.844310,6,"0;1;4;9;10;13"
Root_6636,382.474234,48.122070,5,"1;4;9;10;13"
Root_6637,171.348154,33.173910,5,"0;4;9;10;13"
Root_6638,431.604762,52.751670,4,"4;9;10;13"
Root_6639,125.292224,27.227030,7,"0;1;2;3;9;10;13"
Root_6640,381.861914,47.504790,6,"1;2;3;9;10;13"
Root_6641,171.179203,32.556630,6,"0;2;3;9;10;13"
Root_6642,430.375162,52.134390,5,"2;3;9;10;13"
Root_6643,124.669984,28.152950,6,"0;1;3;9;10;13"
Root_6644,385.869274,48.430710,5,"1;3;9;10;13"
Root_6645,174.743194,33.482550,5,"0;3;9;10;13"
Root_6646,435.308442,53.060310,4,"3;9;10;13"
Root_6647,129.748822,29.140598,6,"0;1;2;9;10;13"
Root_6648,395.745754,49.418358,5,"1;2;9;10;13"
Root_6649,184.619674,34.470198,5,"0;2;9;10;13"
Root_6650,446.172570,54.047958,4,"2;9;10;13"
Root_6651,131.177978,30.066518,5,"0;1;9;10;13"
Root_6652,400.679034,50.344278,4,"1;9;10;13"
Root_6653,189.552954,35.396118,4,"0;9;10;13"
Root_6654,452.031770,54.973878,3,"9;10;13"
Root_6655,67.272582,15.974016,11,"0;1;2;3;4;5;6;7;8;10;13"
Root_6656,303.116826,36.251776,10,"1;2;3;4;5;6;7;8;10;13"
Root_6657,110.655130,21.303616,10,"0;2;3;4;5;6;7;8;10;13"
Root_6658,340.377059,40.881376,9,"2;3;4;5;6;7;8;10;13"
Root_6659,64.898566,16.899936,10,"0;1;3;4;5;6;7;8;10;13"
Root_6660,303.420506,37.177696,9,"1;3;4;5;6;7;8;10;13"
Root_6661,109.106970,22.229536,9,"0;3;4;5;6;7;8;10;13"
Root_6662,341.606659,41.807296,8,"3;4;5;6;7;8;10;13"
Root_6663,72.873862,17.887584,10,"0;1;2;4;5;6;7;8;10;13"
Root_6664,309.716762,38.165344,9,"1;2;4;5;6;7;8;10;13"
Root_6665,113.057562,23.217184,9,"0;2;4;5;6;7;8;10;13"
Root_6666,348.890563,42.794944,8,"2;4;5;6;7;8;10;13"
Root_6667,70.399782,18.813504,9,"0;1;4;5;6;7;8;10;13"
Root_6668,310.946362,39.091264,8,"1;4;5;6;7;8;10;13"
Root_6669,112.435322,24.143104,8,"0;4;5;6;7;8;10;13"
Root_6670,351.046083,43.720864,7,"4;5;6;7;8;10;13"
Root_6671,68.996006,18.196224,10,"0;1;2;3;5;6;7;8;10;13"
Root_6672,312.494522,38.473984,9,"1;2;3;5;6;7;8;10;13"
Root_6673,115.218042,23.525824,9,"0;2;3;5;6;7;8;10;13"
Root_6674,351.976963,43.103584,8,"2;3;5;6;7;8;10;13"
Root_6675,67.447846,19.122144,9,"0;1;3;5;6;7;8;10;13"
Root_6676,313.724122,39.399904,8,"1;3;5;6;7;8;10;13"
Root_6677,114.595802,24.451744,8,"0;3;5;6;7;8;10;13"
Root_6678,354.132483,44.029504,7,"3;5;6;7;8;10;13"
Root_6679,74.288646,20.109792,9,"0;1;2;5;6;7;8;10;13"
Root_6680,321.008026,40.387552,8,"1;2;5;6;7;8;10;13"
Root_6681,119.904410,25.439392,8,"0;2;5;6;7;8;10;13"
Root_6682,362.404035,45.017152,7,"2;5;6;7;8;10;13"
Root_6683,72.776198,21.035712,8,"0;1;5;6;7;8;10;13"
Root_6684,323.163546,41.313472,7,"1;5;6;7;8;10;13"
Root_6685,120.208090,26.365312,7,"0;5;6;7;8;10;13"
Root_6686,365.485475,45.943072,6,"5;6;7;8;10;13"
Root_6687,76.830672,17.517216,10,"0;1;2;3;4;6;7;8;10;13"
Root_6688,307.124186,37.794976,9,"1;2;3;4;6;7;8;10;13"
Root_6689,118.358906,22.846816,9,"0;2;3;4;6;7;8;10;13"
Root_6690,345.927619,42.424576,8,"2;3;4;6;7;8;10;13"
Root_6691,74.356592,18.443136,9,"0;1;3;4;6;7;8;10;13"
Root_6692,308.353786,38.720896,8,"1;3;4;6;7;8;10;13"
Root_6693,116.810746,23.772736,8,"0;3;4;6;7;8;10;13"
Root_6694,348.083139,43.350496,7,"3;4;6;7;8;10;13"
Root_6695,80.888752,19.430784,9,"0;1;2;4;6;7;8;10;13"
Root_6696,315.267322,39.708544,8,"1;2;4;6;7;8;10;13"
Root_6697,120.761338,24.760384,8,"0;2;4;6;7;8;10;13"
Root_6698,355.984323,44.338144,7,"2;4;6;7;8;10;13"
Root_6699,78.414672,20.356704,8,"0;1;4;6;7;8;10;13"
Root_6700,317.422842,40.634464,7,"1;4;6;7;8;10;13"
Root_6701,120.139098,25.686304,7,"0;4;6;7;8;10;13"
Root_6702,359.065763,45.264064,6,"4;6;7;8;10;13"
Root_6703,78.554096,19.739424,9,"0;1;2;3;6;7;8;10;13"
Root_6704,318.045082,40.017184,8,"1;2;3;6;7;8;10;13"
Root_6705,122.613178,25.069024,8,"0;2;3;6;7;8;10;13"
Root_6706,359.070723,44.646784,7,"2;3;6;7;8;10;13"
Root_6707,77.005936,20.665344,8,"0;1;3;6;7;8;10;13"
Root_6708,320.200602,40.943104,7,"1;3;6;7;8;10;13"
Root_6709,121.990938,25.994944,7,"0;3;6;7;8;10;13"
Root_6710,362.152163,45.572704,6,"3;6;7;8;10;13"
Root_6711,82.956528,21.652992,8,"0;1;2;6;7;8;10;13"
Root_6712,328.101786,41.930752,7,"1;2;6;7;8;10;13"
Root_6713,126.929178,26.982592,7,"0;2;6;7;8;10;13"
Root_6714,371.040995,46.560352,6,"2;6;7;8;10;13"
Root_6715,82.334288,22.578912,7,"0;1;6;7;8;10;13"
Root_6716,331.183226,42.856672,6,"1;6;7;8;10;13"
Root_6717,127.232858,27.908512,6,"0;6;7;8;10;13"
Root_6718,375.048355,47.486272,5,"6;7;8;10;13"
Root_6719,80.818294,18.399926,10,"0;1;2;3;4;5;7;8;10;13"
Root_6720,314.531546,38.677686,9,"1;2;3;4;5;7;8;10;13"
Root_6721,122.118134,23.729526,9,"0;2;3;4;5;7;8;10;13"
Root_6722,354.217690,43.307286,8,"2;3;4;5;7;8;10;13"
Root_6723,78.344214,19.325846,9,"0;1;3;4;5;7;8;10;13"
Root_6724,315.761146,39.603606,8,"1;3;4;5;7;8;10;13"
Root_6725,120.569974,24.655446,8,"0;3;4;5;7;8;10;13"
Root_6726,356.373210,44.233206,7,"3;4;5;7;8;10;13"
Root_6727,83.993664,20.313494,9,"0;1;2;4;5;7;8;10;13"
Root_6728,323.045050,40.591254,8,"1;2;4;5;7;8;10;13"
Root_6729,124.890934,25.643094,8,"0;2;4;5;7;8;10;13"
Root_6730,364.644762,45.220854,7,"2;4;5;7;8;10;13"
Root_6731,81.758998,21.239414,8,"0;1;4;5;7;8;10;13"
Root_6732,325.200570,41.517174,7,"1;4;5;7;8;10;13"
Root_6733,124.268694,26.569014,7,"0;4;5;7;8;10;13"
Root_6734,367.726202,46.146774,6,"4;5;7;8;10;13"
Root_6735,82.850358,20.622134,9,"0;1;2;3;5;7;8;10;13"
Root_6736,326.131450,40.899894,8,"1;2;3;5;7;8;10;13"
Root_6737,127.051414,25.951734,8,"0;2;3;5;7;8;10;13"
Root_6738,368.039802,45.529494,7,"2;3;5;7;8;10;13"
Root_6739,81.850253,21.548054,8,"0;1;3;5;7;8;10;13"
Root_6740,328.286970,41.825814,7,"1;3;5;7;8;10;13"
Root_6741,126.429174,26.877654,7,"0;3;5;7;8;10;13"
Root_6742,371.121242,46.455414,6,"3;5;7;8;10;13"
Root_6743,87.252790,22.535702,8,"0;1;2;5;7;8;10;13"
Root_6744,336.558522,42.813462,7,"1;2;5;7;8;10;13"
Root_6745,131.737782,27.865302,7,"0;2;5;7;8;10;13"
Root_6746,380.380442,47.443062,6,"2;5;7;8;10;13"
Root_6747,87.092173,23.461622,7,"0;1;5;7;8;10;13"
Root_6748,339.639962,43.739382,6,"1;5;7;8;10;13"
Root_6749,132.041462,28.791222,6,"0;5;7;8;10;13"
Root_6750,384.387802,48.368982,5,"5;7;8;10;13"
Root_6751,88.833184,19.943126,9,"0;1;2;3;4;7;8;10;13"
Root_6752,320.082106,40.220886,8,"1;2;3;4;7;8;10;13"
Root_6753,127.766368,25.272726,8,"0;2;3;4;7;8;10;13"
Root_6754,361.311450,44.850486,7,"2;3;4;7;8;10;13"
Root_6755,86.359104,20.869046,8,"0;1;3;4;7;8;10;13"
Root_6756,322.237626,41.146806,7,"1;3;4;7;8;10;13"
Root_6757,126.218208,26.198646,7,"0;3;4;7;8;10;13"
Root_6758,364.392890,45.776406,6,"3;4;7;8;10;13"
Root_6759,91.322048,21.856694,8,"0;1;2;4;7;8;10;13"
Root_6760,330.138810,42.134454,7,"1;2;4;7;8;10;13"
Root_6761,130.168800,27.186294,7,"0;2;4;7;8;10;13"
Root_6762,373.281722,46.764054,6,"2;4;7;8;10;13"
Root_6763,89.773888,22.782614,7,"0;1;4;7;8;10;13"
Root_6764,333.220250,43.060374,6,"1;4;7;8;10;13"
Root_6765,129.546560,28.112214,6,"0;4;7;8;10;13"
Root_6766,377.289082,47.689974,5,"4;7;8;10;13"
Root_6767,92.030582,22.165334,8,"0;1;2;3;7;8;10;13"
Root_6768,333.225210,42.443094,7,"1;2;3;7;8;10;13"
Root_6769,132.020640,27.494934,7,"0;2;3;7;8;10;13"
Root_6770,376.676762,47.072694,6,"2;3;7;8;10;13"
Root_6771,91.408342,23.091254,7,"0;1;3;7;8;10;13"
Root_6772,336.306650,43.369014,6,"1;3;7;8;10;13"
Root_6773,131.398400,28.420854,6,"0;3;7;8;10;13"
Root_6774,380.684122,47.998614,5,"3;7;8;10;13"
Root_6775,96.346582,24.078902,7,"0;1;2;7;8;10;13"
Root_6776,345.195482,44.356662,6,"1;2;7;8;10;13"
Root_6777,136.745142,29.408502,6,"0;2;7;8;10;13"
Root_6778,390.560602,48.986262,5,"2;7;8;10;13"
Root_6779,96.650262,25.004822,6,"0;1;7;8;10;13"
Root_6780,349.202842,45.282582,5,"1;7;8;10;13"
Root_6781,138.643587,30.334422,5,"0;7;8;10;13"
Root_6782,395.493882,49.912182,4,"7;8;10;13"
Root_6783,85.956666,18.998688,10,"0;1;2;3;4;5;6;8;10;13"
Root_6784,321.117923,39.276448,9,"1;2;3;4;5;6;8;10;13"
Root_6785,128.155139,24.328288,9,"0;2;3;4;5;6;8;10;13"
Root_6786,361.402829,43.906048,8,"2;3;4;5;6;8;10;13"
Root_6787,83.482586,19.924608,9,"0;1;3;4;5;6;8;10;13"
Root_6788,322.347523,40.202368,8,"1;3;4;5;6;8;10;13"
Root_6789,126.606979,25.254208,8,"0;3;4;5;6;8;10;13"
Root_6790,363.558349,44.831968,7,"3;4;5;6;8;10;13"
Root_6791,88.533274,20.912256,9,"0;1;2;4;5;6;8;10;13"
Root_6792,329.631427,41.190016,8,"1;2;4;5;6;8;10;13"
Root_6793,130.927939,26.241856,8,"0;2;4;5;6;8;10;13"
Root_6794,371.829901,45.819616,7,"2;4;5;6;8;10;13"
Root_6795,86.897370,21.838176,8,"0;1;4;5;6;8;10;13"
Root_6796,331.786947,42.115936,7,"1;4;5;6;8;10;13"
Root_6797,130.305699,27.167776,7,"0;4;5;6;8;10;13"
Root_6798,374.911341,46.745536,6,"4;5;6;8;10;13"
Root_6799,88.209626,21.220896,9,"0;1;2;3;5;6;8;10;13"
Root_6800,332.717827,41.498656,8,"1;2;3;5;6;8;10;13"
Root_6801,133.088419,26.550496,8,"0;2;3;5;6;8;10;13"
Root_6802,375.224941,46.128256,7,"2;3;5;6;8;10;13"
Root_6803,87.587386,22.146816,8,"0;1;3;5;6;8;10;13"
Root_6804,334.873347,42.424576,7,"1;3;5;6;8;10;13"
Root_6805,132.466179,27.476416,7,"0;3;5;6;8;10;13"
Root_6806,378.306381,47.054176,6,"3;5;6;8;10;13"
Root_6807,92.525626,23.134464,8,"0;1;2;5;6;8;10;13"
Root_6808,343.144899,43.412224,7,"1;2;5;6;8;10;13"
Root_6809,137.774787,28.464064,7,"0;2;5;6;8;10;13"
Root_6810,387.565581,48.041824,6,"2;5;6;8;10;13"
Root_6811,92.829306,24.060384,7,"0;1;5;6;8;10;13"
Root_6812,346.226339,44.338144,6,"1;5;6;8;10;13"
Root_6813,138.078467,29.389984,6,"0;5;6;8;10;13"
Root_6814,391.572941,48.967744,5,"5;6;8;10;13"
Root_6815,93.672666,20.541888,9,"0;1;2;3;4;6;8;10;13"
Root_6816,326.668483,40.819648,8,"1;2;3;4;6;8;10;13"
Root_6817,133.204611,25.871488,8,"0;2;3;4;6;8;10;13"
Root_6818,368.496589,45.449248,7,"2;3;4;6;8;10;13"
Root_6819,91.666394,21.467808,8,"0;1;3;4;6;8;10;13"
Root_6820,328.824003,41.745568,7,"1;3;4;6;8;10;13"
Root_6821,131.656451,26.797408,7,"0;3;4;6;8;10;13"
Root_6822,371.578029,46.375168,6,"3;4;6;8;10;13"
Root_6823,96.161530,22.455456,8,"0;1;2;4;6;8;10;13"
Root_6824,336.725187,42.733216,7,"1;2;4;6;8;10;13"
Root_6825,135.607043,27.785056,7,"0;2;4;6;8;10;13"
Root_6826,380.466861,47.362816,6,"2;4;6;8;10;13"
Root_6827,94.994746,23.381376,7,"0;1;4;6;8;10;13"
Root_6828,339.806627,43.659136,6,"1;4;6;8;10;13"
Root_6829,134.984803,28.710976,6,"0;4;6;8;10;13"
Root_6830,384.474221,48.288736,5,"4;6;8;10;13"
Root_6831,97.468826,22.764096,8,"0;1;2;3;6;8;10;13"
Root_6832,339.811587,43.041856,7,"1;2;3;6;8;10;13"
Root_6833,137.458883,28.093696,7,"0;2;3;6;8;10;13"
Root_6834,383.861901,47.671456,6,"2;3;6;8;10;13"
Root_6835,96.846586,23.690016,7,"0;1;3;6;8;10;13"
Root_6836,342.893027,43.967776,6,"1;3;6;8;10;13"
Root_6837,136.836643,29.019616,6,"0;3;6;8;10;13"
Root_6838,387.869261,48.597376,5,"3;6;8;10;13"
Root_6839,101.784826,24.677664,7,"0;1;2;6;8;10;13"
Root_6840,351.781859,44.955424,6,"1;2;6;8;10;13"
Root_6841,141.796675,30.007264,6,"0;2;6;8;10;13"
Root_6842,397.745741,49.585024,5,"2;6;8;10;13"
Root_6843,102.088506,25.603584,6,"0;1;6;8;10;13"
Root_6844,355.789219,45.881344,5,"1;6;8;10;13"
Root_6845,144.878115,30.933184,5,"0;6;8;10;13"
Root_6846,402.679021,50.510944,4,"6;8;10;13"
Root_6847,97.344150,21.424598,9,"0;1;2;3;4;5;8;10;13"
Root_6848,334.958554,41.702358,8,"1;2;3;4;5;8;10;13"
Root_6849,136.963840,26.754198,8,"0;2;3;4;5;8;10;13"
Root_6850,377.669370,46.331958,7,"2;3;4;5;8;10;13"
Root_6851,95.795990,22.350518,8,"0;1;3;4;5;8;10;13"
Root_6852,337.114074,42.628278,7,"1;3;4;5;8;10;13"
Root_6853,135.415680,27.680118,7,"0;3;4;5;8;10;13"
Root_6854,380.750810,47.257878,6,"3;4;5;8;10;13"
Root_6855,99.746582,23.338166,8,"0;1;2;4;5;8;10;13"
Root_6856,345.385626,43.615926,7,"1;2;4;5;8;10;13"
Root_6857,139.736640,28.667766,7,"0;2;4;5;8;10;13"
Root_6858,390.010010,48.245526,6,"2;4;5;8;10;13"
Root_6859,99.124342,24.264086,7,"0;1;4;5;8;10;13"
Root_6860,348.467066,44.541846,6,"1;4;5;8;10;13"
Root_6861,139.708086,29.593686,6,"0;4;5;8;10;13"
Root_6862,394.017370,49.171446,5,"4;5;8;10;13"
Root_6863,101.907062,23.646806,8,"0;1;2;3;5;8;10;13"
Root_6864,348.780666,43.924566,7,"1;2;3;5;8;10;13"
Root_6865,141.897120,28.976406,7,"0;2;3;5;8;10;13"
Root_6866,393.713690,48.554166,6,"2;3;5;8;10;13"
Root_6867,101.284822,24.572726,7,"0;1;3;5;8;10;13"
Root_6868,351.862106,44.850486,6,"1;3;5;8;10;13"
Root_6869,142.177206,29.902326,6,"0;3;5;8;10;13"
Root_6870,397.721050,49.480086,5,"3;5;8;10;13"
Root_6871,106.593430,25.560374,7,"0;1;2;5;8;10;13"
Root_6872,361.121306,45.838134,6,"1;2;5;8;10;13"
Root_6873,150.253411,30.889974,6,"0;2;5;8;10;13"
Root_6874,407.967898,50.467734,5,"2;5;8;10;13"
Root_6875,106.897110,26.486294,6,"0;1;5;8;10;13"
Root_6876,365.128666,46.764054,5,"1;5;8;10;13"
Root_6877,153.334851,31.815894,5,"0;5;8;10;13"
Root_6878,412.901178,51.393654,4,"5;8;10;13"
Root_6879,104.926944,22.967798,8,"0;1;2;3;4;8;10;13"
Root_6880,342.052314,43.245558,7,"1;2;3;4;8;10;13"
Root_6881,139.587402,28.297398,7,"0;2;3;4;8;10;13"
Root_6882,386.306330,47.875158,6,"2;3;4;8;10;13"
Root_6883,103.378784,23.893718,7,"0;1;3;4;8;10;13"
Root_6884,345.133754,44.171478,6,"1;3;4;8;10;13"
Root_6885,138.262560,29.223318,6,"0;3;4;8;10;13"
Root_6886,390.313690,48.801078,5,"3;4;8;10;13"
Root_6887,107.329376,24.881366,7,"0;1;2;4;8;10;13"
Root_6888,354.022586,45.159126,6,"1;2;4;8;10;13"
Root_6889,143.833699,30.210966,6,"0;2;4;8;10;13"
Root_6890,400.190170,49.788726,5,"2;4;8;10;13"
Root_6891,106.707136,25.807286,6,"0;1;4;8;10;13"
Root_6892,358.029946,46.085046,5,"1;4;8;10;13"
Root_6893,146.915139,31.136886,5,"0;4;8;10;13"
Root_6894,405.123450,50.714646,4,"4;8;10;13"
Root_6895,109.181216,25.190006,7,"0;1;2;3;8;10;13"
Root_6896,357.417626,45.467766,6,"1;2;3;8;10;13"
Root_6897,146.920099,30.519606,6,"0;2;3;8;10;13"
Root_6898,403.893850,50.097366,5,"2;3;8;10;13"
Root_6899,108.558976,26.115926,6,"0;1;3;8;10;13"
Root_6900,361.424986,46.393686,5,"1;3;8;10;13"
Root_6901,150.001539,31.445526,5,"0;3;8;10;13"
Root_6902,408.827130,51.023286,4,"3;8;10;13"
Root_6903,113.497216,27.103574,6,"0;1;2;8;10;13"
Root_6904,371.301466,47.381334,5,"1;2;8;10;13"
Root_6905,158.890371,32.433174,5,"0;2;8;10;13"
Root_6906,419.691258,52.010934,4,"2;8;10;13"
Root_6907,113.800896,28.029494,5,"0;1;8;10;13"
Root_6908,376.234746,48.307254,4,"1;8;10;13"
Root_6909,163.256826,33.359094,4,"0;8;10;13"
Root_6910,425.550458,52.936854,3,"8;10;13"
Root_6911,97.021882,20.603616,10,"0;1;2;3;4;5;6;7;10;13"
Root_6912,340.377059,40.881376,9,"1;2;3;4;5;6;7;10;13"
Root_6913,141.204419,25.933216,9,"0;2;3;4;5;6;7;10;13"
Root_6914,382.266893,45.510976,8,"2;3;4;5;6;7;10;13"
Root_6915,95.077338,21.529536,9,"0;1;3;4;5;6;7;10;13"
Root_6916,341.606659,41.807296,8,"1;3;4;5;6;7;10;13"
Root_6917,139.656259,26.859136,8,"0;3;4;5;6;7;10;13"
Root_6918,384.422413,46.436896,7,"3;4;5;6;7;10;13"
Root_6919,99.510746,22.517184,9,"0;1;2;4;5;6;7;10;13"
Root_6920,348.890563,42.794944,8,"1;2;4;5;6;7;10;13"
Root_6921,144.824003,27.846784,8,"0;2;4;5;6;7;10;13"
Root_6922,392.693965,47.424544,7,"2;4;5;6;7;10;13"
Root_6923,98.405690,23.443104,8,"0;1;4;5;6;7;10;13"
Root_6924,351.046083,43.720864,7,"1;4;5;6;7;10;13"
Root_6925,145.127683,28.772704,7,"0;4;5;6;7;10;13"
Root_6926,395.775405,48.350464,6,"4;5;6;7;10;13"
Root_6927,101.188410,22.825824,9,"0;1;2;3;5;6;7;10;13"
Root_6928,351.976963,43.103584,8,"1;2;3;5;6;7;10;13"
Root_6929,147.293123,28.155424,8,"0;2;3;5;6;7;10;13"
Root_6930,396.089005,47.733184,7,"2;3;5;6;7;10;13"
Root_6931,100.566170,23.751744,8,"0;1;3;5;6;7;10;13"
Root_6932,354.132483,44.029504,7,"1;3;5;6;7;10;13"
Root_6933,147.596803,29.081344,7,"0;3;5;6;7;10;13"
Root_6934,399.170445,48.659104,6,"3;5;6;7;10;13"
Root_6935,105.504410,24.739392,8,"0;1;2;5;6;7;10;13"
Root_6936,362.404035,45.017152,7,"1;2;5;6;7;10;13"
Root_6937,153.962051,30.068992,7,"0;2;5;6;7;10;13"
Root_6938,408.429645,49.646752,6,"2;5;6;7;10;13"
Root_6939,105.808090,25.665312,7,"0;1;5;6;7;10;13"
Root_6940,365.485475,45.943072,6,"1;5;6;7;10;13"
Root_6941,156.117571,30.994912,6,"0;5;6;7;10;13"
Root_6942,412.437005,50.572672,5,"5;6;7;10;13"
Root_6943,104.658906,22.146816,9,"0;1;2;3;4;6;7;10;13"
Root_6944,345.927619,42.424576,8,"1;2;3;4;6;7;10;13"
Root_6945,145.125379,27.476416,8,"0;2;3;4;6;7;10;13"
Root_6946,389.360653,47.054176,7,"2;3;4;6;7;10;13"
Root_6947,103.110746,23.072736,8,"0;1;3;4;6;7;10;13"
Root_6948,348.083139,43.350496,7,"1;3;4;6;7;10;13"
Root_6949,144.503139,28.402336,7,"0;3;4;6;7;10;13"
Root_6950,392.442093,47.980096,6,"3;4;6;7;10;13"
Root_6951,107.061338,24.060384,8,"0;1;2;4;6;7;10;13"
Root_6952,355.984323,44.338144,7,"1;2;4;6;7;10;13"
Root_6953,149.441379,29.389984,7,"0;2;4;6;7;10;13"
Root_6954,401.330925,48.967744,6,"2;4;6;7;10;13"
Root_6955,106.439098,24.986304,7,"0;1;4;6;7;10;13"
Root_6956,359.065763,45.264064,6,"1;4;6;7;10;13"
Root_6957,150.376867,30.315904,6,"0;4;6;7;10;13"
Root_6958,405.338285,49.893664,5,"4;6;7;10;13"
Root_6959,108.913178,24.369024,8,"0;1;2;3;6;7;10;13"
Root_6960,359.070723,44.646784,7,"1;2;3;6;7;10;13"
Root_6961,151.601859,29.698624,7,"0;2;3;6;7;10;13"
Root_6962,404.725965,49.276384,6,"2;3;6;7;10;13"
Root_6963,108.290938,25.294944,7,"0;1;3;6;7;10;13"
Root_6964,362.152163,45.572704,6,"1;3;6;7;10;13"
Root_6965,153.154627,30.624544,6,"0;3;6;7;10;13"
Root_6966,408.733325,50.202304,5,"3;6;7;10;13"
Root_6967,113.229178,26.282592,7,"0;1;2;6;7;10;13"
Root_6968,371.040995,46.560352,6,"1;2;6;7;10;13"
Root_6969,161.055811,31.612192,6,"0;2;6;7;10;13"
Root_6970,418.609805,51.189952,5,"2;6;7;10;13"
Root_6971,113.741370,27.208512,6,"0;1;6;7;10;13"
Root_6972,375.048355,47.486272,5,"1;6;7;10;13"
Root_6973,164.137251,32.538112,5,"0;6;7;10;13"
Root_6974,423.543085,52.115872,4,"6;7;10;13"
Root_6975,108.593568,23.029526,9,"0;1;2;3;4;5;7;10;13"
Root_6976,354.217690,43.307286,8,"1;2;3;4;5;7;10;13"
Root_6977,149.767318,28.359126,8,"0;2;3;4;5;7;10;13"
Root_6978,398.533434,47.936886,7,"2;3;4;5;7;10;13"
Root_6979,107.045408,23.955446,8,"0;1;3;4;5;7;10;13"
Root_6980,356.373210,44.233206,7,"1;3;4;5;7;10;13"
Root_6981,149.430125,29.285046,7,"0;3;4;5;7;10;13"
Root_6982,401.614874,48.862806,6,"3;4;5;7;10;13"
Root_6983,111.190934,24.943094,8,"0;1;2;4;5;7;10;13"
Root_6984,364.644762,45.220854,7,"1;2;4;5;7;10;13"
Root_6985,155.999075,30.272694,7,"0;2;4;5;7;10;13"
Root_6986,410.874074,49.850454,6,"2;4;5;7;10;13"
Root_6987,110.568694,25.869014,7,"0;1;4;5;7;10;13"
Root_6988,367.726202,46.146774,6,"1;4;5;7;10;13"
Root_6989,158.154595,31.198614,6,"0;4;5;7;10;13"
Root_6990,414.881434,50.776374,5,"4;5;7;10;13"
Root_6991,113.351414,25.251734,8,"0;1;2;3;5;7;10;13"
Root_6992,368.039802,45.529494,7,"1;2;3;5;7;10;13"
Root_6993,159.085475,30.581334,7,"0;2;3;5;7;10;13"
Root_6994,414.577754,50.159094,6,"2;3;5;7;10;13"
Root_6995,112.729174,26.177654,7,"0;1;3;5;7;10;13"
Root_6996,371.121242,46.455414,6,"1;3;5;7;10;13"
Root_6997,161.240995,31.507254,6,"0;3;5;7;10;13"
Root_6998,418.585114,51.085014,5,"3;5;7;10;13"
Root_6999,118.203085,27.165302,7,"0;1;2;5;7;10;13"
Root_7000,380.380442,47.443062,6,"1;2;5;7;10;13"
Root_7001,169.512547,32.494902,6,"0;2;5;7;10;13"
Root_7002,428.831962,52.072662,5,"2;5;7;10;13"
Root_7003,119.432685,28.091222,6,"0;1;5;7;10;13"
Root_7004,384.387802,48.368982,5,"1;5;7;10;13"
Root_7005,173.014810,33.420822,5,"0;5;7;10;13"
Root_7006,433.765242,52.998582,4,"5;7;10;13"
Root_7007,114.766368,24.572726,8,"0;1;2;3;4;7;10;13"
Root_7008,361.311450,44.850486,7,"1;2;3;4;7;10;13"
Root_7009,153.231478,29.902326,7,"0;2;3;4;7;10;13"
Root_7010,407.170394,49.480086,6,"2;3;4;7;10;13"
Root_7011,113.218208,25.498646,7,"0;1;3;4;7;10;13"
Root_7012,364.392890,45.776406,6,"1;3;4;7;10;13"
Root_7013,155.191651,30.828246,6,"0;3;4;7;10;13"
Root_7014,411.177754,50.406006,5,"3;4;7;10;13"
Root_7015,117.168800,26.486294,7,"0;1;2;4;7;10;13"
Root_7016,373.281722,46.764054,6,"1;2;4;7;10;13"
Root_7017,163.092835,31.815894,6,"0;2;4;7;10;13"
Root_7018,421.054234,51.393654,5,"2;4;7;10;13"
Root_7019,116.958774,27.412214,6,"0;1;4;7;10;13"
Root_7020,377.289082,47.689974,5,"1;4;7;10;13"
Root_7021,166.174275,32.741814,5,"0;4;7;10;13"
Root_7022,425.987514,52.319574,4,"4;7;10;13"
Root_7023,119.020640,26.794934,7,"0;1;2;3;7;10;13"
Root_7024,376.676762,47.072694,6,"1;2;3;7;10;13"
Root_7025,166.179235,32.124534,6,"0;2;3;7;10;13"
Root_7026,424.757914,51.702294,5,"2;3;7;10;13"
Root_7027,119.119254,27.720854,6,"0;1;3;7;10;13"
Root_7028,380.684122,47.998614,5,"1;3;7;10;13"
Root_7029,169.311130,33.050454,5,"0;3;7;10;13"
Root_7030,429.691194,52.628214,4,"3;7;10;13"
Root_7031,125.045142,28.708502,6,"0;1;2;7;10;13"
Root_7032,390.560602,48.986262,5,"1;2;7;10;13"
Root_7033,179.187610,34.038102,5,"0;2;7;10;13"
Root_7034,440.555322,53.615862,4,"2;7;10;13"
Root_7035,126.909165,29.634422,5,"0;1;7;10;13"
Root_7036,395.493882,49.912182,4,"1;7;10;13"
Root_7037,184.120890,34.964022,4,"0;7;10;13"
Root_7038,446.414522,54.541782,3,"7;10;13"
Root_7039,114.455139,23.628288,9,"0;1;2;3;4;5;6;10;13"
Root_7040,361.402829,43.906048,8,"1;2;3;4;5;6;10;13"
Root_7041,156.403085,28.957888,8,"0;2;3;4;5;6;10;13"
Root_7042,406.317334,48.535648,7,"2;3;4;5;6;10;13"
Root_7043,112.906979,24.554208,8,"0;1;3;4;5;6;10;13"
Root_7044,363.558349,44.831968,7,"1;3;4;5;6;10;13"
Root_7045,155.780845,29.883808,7,"0;3;4;5;6;10;13"
Root_7046,409.398774,49.461568,6,"3;4;5;6;10;13"
Root_7047,117.227939,25.541856,8,"0;1;2;4;5;6;10;13"
Root_7048,371.829901,45.819616,7,"1;2;4;5;6;10;13"
Root_7049,162.832365,30.871456,7,"0;2;4;5;6;10;13"
Root_7050,418.657974,50.449216,6,"2;4;5;6;10;13"
Root_7051,116.605699,26.467776,7,"0;1;4;5;6;10;13"
Root_7052,374.911341,46.745536,6,"1;4;5;6;10;13"
Root_7053,164.987885,31.797376,6,"0;4;5;6;10;13"
Root_7054,422.665334,51.375136,5,"4;5;6;10;13"
Root_7055,119.388419,25.850496,8,"0;1;2;3;5;6;10;13"
Root_7056,375.224941,46.128256,7,"1;2;3;5;6;10;13"
Root_7057,165.918765,31.180096,7,"0;2;3;5;6;10;13"
Root_7058,422.361654,50.757856,6,"2;3;5;6;10;13"
Root_7059,118.766179,26.776416,7,"0;1;3;5;6;10;13"
Root_7060,378.306381,47.054176,6,"1;3;5;6;10;13"
Root_7061,168.074285,32.106016,6,"0;3;5;6;10;13"
Root_7062,426.369014,51.683776,5,"3;5;6;10;13"
Root_7063,124.838851,27.764064,7,"0;1;2;5;6;10;13"
Root_7064,387.565581,48.041824,6,"1;2;5;6;10;13"
Root_7065,176.439501,33.093664,6,"0;2;5;6;10;13"
Root_7066,436.615862,52.671424,5,"2;5;6;10;13"
Root_7067,126.068451,28.689984,6,"0;1;5;6;10;13"
Root_7068,391.572941,48.967744,5,"1;5;6;10;13"
Root_7069,180.446861,34.019584,5,"0;5;6;10;13"
Root_7070,441.549142,53.597344,4,"5;6;10;13"
Root_7071,120.204611,25.171488,8,"0;1;2;3;4;6;10;13"
Root_7072,368.496589,45.449248,7,"1;2;3;4;6;10;13"
Root_7073,159.869421,30.501088,7,"0;2;3;4;6;10;13"
Root_7074,414.954294,50.078848,6,"2;3;4;6;10;13"
Root_7075,118.656451,26.097408,7,"0;1;3;4;6;10;13"
Root_7076,371.578029,46.375168,6,"1;3;4;6;10;13"
Root_7077,162.024941,31.427008,6,"0;3;4;6;10;13"
Root_7078,418.961654,51.004768,5,"3;4;6;10;13"
Root_7079,122.692099,27.085056,7,"0;1;2;4;6;10;13"
Root_7080,380.466861,47.362816,6,"1;2;4;6;10;13"
Root_7081,169.926125,32.414656,6,"0;2;4;6;10;13"
Root_7082,428.838134,51.992416,5,"2;4;6;10;13"
Root_7083,122.995779,28.010976,6,"0;1;4;6;10;13"
Root_7084,384.474221,48.288736,5,"1;4;6;10;13"
Root_7085,173.348141,33.340576,5,"0;4;6;10;13"
Root_7086,433.771414,52.918336,4,"4;6;10;13"
Root_7087,124.852579,27.393696,7,"0;1;2;3;6;10;13"
Root_7088,383.861901,47.671456,6,"1;2;3;6;10;13"
Root_7089,173.012525,32.723296,6,"0;2;3;6;10;13"
Root_7090,432.541814,52.301056,5,"2;3;6;10;13"
Root_7091,125.156259,28.319616,6,"0;1;3;6;10;13"
Root_7092,387.869261,48.597376,5,"1;3;6;10;13"
Root_7093,176.743181,33.649216,5,"0;3;6;10;13"
Root_7094,437.475094,53.226976,4,"3;6;10;13"
Root_7095,131.082147,29.307264,6,"0;1;2;6;10;13"
Root_7096,397.745741,49.585024,5,"1;2;6;10;13"
Root_7097,186.619661,34.636864,5,"0;2;6;10;13"
Root_7098,448.339222,54.214624,4,"2;6;10;13"
Root_7099,133.011299,30.233184,5,"0;1;6;10;13"
Root_7100,402.679021,50.510944,4,"1;6;10;13"
Root_7101,191.552941,35.562784,4,"0;6;10;13"
Root_7102,454.198422,55.140544,3,"6;10;13"
Root_7103,123.963840,26.054198,8,"0;1;2;3;4;5;10;13"
Root_7104,377.669370,46.331958,7,"1;2;3;4;5;10;13"
Root_7105,168.159491,31.383798,7,"0;2;3;4;5;10;13"
Root_7106,425.009786,50.961558,6,"2;3;4;5;10;13"
Root_7107,122.415680,26.980118,7,"0;1;3;4;5;10;13"
Root_7108,380.750810,47.257878,6,"1;3;4;5;10;13"
Root_7109,170.315011,32.309718,6,"0;3;4;5;10;13"
Root_7110,429.017146,51.887478,5,"3;4;5;10;13"
Root_7111,127.704406,27.967766,7,"0;1;2;4;5;10;13"
Root_7112,390.010010,48.245526,6,"1;2;4;5;10;13"
Root_7113,178.883930,33.297366,6,"0;2;4;5;10;13"
Root_7114,439.263994,52.875126,5,"2;4;5;10;13"
Root_7115,128.008086,28.893686,6,"0;1;4;5;10;13"
Root_7116,394.017370,49.171446,5,"1;4;5;10;13"
Root_7117,182.891290,34.223286,5,"0;4;5;10;13"
Root_7118,444.197274,53.801046,4,"4;5;10;13"
Root_7119,130.173526,28.276406,7,"0;1;2;3;5;10;13"
Root_7120,393.713690,48.554166,6,"1;2;3;5;10;13"
Root_7121,182.587610,33.606006,6,"0;2;3;5;10;13"
Root_7122,443.276314,53.183766,5,"2;3;5;10;13"
Root_7123,130.679533,29.202326,6,"0;1;3;5;10;13"
Root_7124,397.721050,49.480086,5,"1;3;5;10;13"
Root_7125,186.594970,34.531926,5,"0;3;5;10;13"
Root_7126,448.209594,54.109686,4,"3;5;10;13"
Root_7127,138.343386,30.189974,6,"0;1;2;5;10;13"
Root_7128,407.967898,50.467734,5,"1;2;5;10;13"
Root_7129,196.841818,35.519574,5,"0;2;5;10;13"
Root_7130,459.444090,55.097334,4,"2;5;10;13"
Root_7131,142.350746,31.115894,5,"0;1;5;10;13"
Root_7132,412.901178,51.393654,4,"1;5;10;13"
Root_7133,201.775098,36.445494,4,"0;5;10;13"
Root_7134,465.303290,56.023254,3,"5;10;13"
Root_7135,127.884800,27.597398,7,"0;1;2;3;4;10;13"
Root_7136,386.306330,47.875158,6,"1;2;3;4;10;13"
Root_7137,175.253251,32.926998,6,"0;2;3;4;10;13"
Root_7138,435.189946,52.504758,5,"2;3;4;10;13"
Root_7139,127.262560,28.523318,6,"0;1;3;4;10;13"
Root_7140,390.313690,48.801078,5,"1;3;4;10;13"
Root_7141,179.187610,33.852918,5,"0;3;4;10;13"
Root_7142,440.123226,53.430678,4,"3;4;10;13"
Root_7143,132.711766,29.510966,6,"0;1;2;4;10;13"
Root_7144,400.190170,49.788726,5,"1;2;4;10;13"
Root_7145,189.064090,34.840566,5,"0;2;4;10;13"
Root_7146,450.987354,54.418326,4,"2;4;10;13"
Root_7147,135.252026,30.436886,5,"0;1;4;10;13"
Root_7148,405.123450,50.714646,4,"1;4;10;13"
Root_7149,193.997370,35.766486,4,"0;4;10;13"
Root_7150,456.846554,55.344246,3,"4;10;13"
Root_7151,135.180886,29.819606,6,"0;1;2;3;10;13"
Root_7152,403.893850,50.097366,5,"1;2;3;10;13"
Root_7153,192.767770,35.149206,5,"0;2;3;10;13"
Root_7154,454.999674,54.726966,4,"2;3;10;13"
Root_7155,138.647066,30.745526,5,"0;1;3;10;13"
Root_7156,408.827130,51.023286,4,"1;3;10;13"
Root_7157,197.701050,36.075126,4,"0;3;10;13"
Root_7158,460.858874,55.652886,3,"3;10;13"
Root_7159,148.523546,31.733174,5,"0;1;2;10;13"
Root_7160,419.691258,52.010934,4,"1;2;10;13"
Root_7161,208.565178,37.062774,4,"0;2;10;13"
Root_7162,472.710650,56.640534,3,"2;10;13"
Root_7163,153.456826,32.659094,4,"0;1;10;13"
Root_7164,425.550458,52.936854,3,"1;10;13"
Root_7165,214.424378,37.988694,3,"0;10;13"
Root_7166,479.495770,57.566454,2,"10;13"
Root_7167,61.122118,13.607360,11,"0;1;2;3;4;5;6;7;8;9;13"
Root_7168,298.839120,34.585120,10,"1;2;3;4;5;6;7;8;9;13"
Root_7169,110.081104,19.636960,10,"0;2;3;4;5;6;7;8;9;13"
Root_7170,333.732698,39.214720,9,"2;3;4;5;6;7;8;9;13"
Root_7171,59.488838,14.533280,10,"0;1;3;4;5;6;7;8;9;13"
Root_7172,298.442800,35.511040,9,"1;3;4;5;6;7;8;9;13"
Root_7173,107.832944,20.562880,9,"0;3;4;5;6;7;8;9;13"
Root_7174,334.262298,40.140640,8,"3;4;5;6;7;8;9;13"
Root_7175,72.769072,16.220928,10,"0;1;2;4;5;6;7;8;9;13"
Root_7176,303.751408,36.498688,9,"1;2;4;5;6;7;8;9;13"
Root_7177,112.245360,21.550528,9,"0;2;4;5;6;7;8;9;13"
Root_7178,340.558554,41.128288,8,"2;4;5;6;7;8;9;13"
Root_7179,69.594992,17.146848,9,"0;1;4;5;6;7;8;9;13"
Root_7180,304.281008,37.424608,8,"1;4;5;6;7;8;9;13"
Root_7181,109.997200,22.476448,8,"0;4;5;6;7;8;9;13"
Root_7182,342.014074,42.054208,7,"4;5;6;7;8;9;13"
Root_7183,61.318406,15.829568,10,"0;1;2;3;5;6;7;8;9;13"
Root_7184,306.220528,36.807328,9,"1;2;3;5;6;7;8;9;13"
Root_7185,112.647728,21.859168,9,"0;2;3;5;6;7;8;9;13"
Root_7186,343.336314,41.436928,8,"2;3;5;6;7;8;9;13"
Root_7187,58.388838,16.755488,9,"0;1;3;5;6;7;8;9;13"
Root_7188,306.750128,37.733248,8,"1;3;5;6;7;8;9;13"
Root_7189,111.325488,22.785088,8,"0;3;5;6;7;8;9;13"
Root_7190,344.791834,42.362848,7,"3;5;6;7;8;9;13"
Root_7191,72.630704,18.443136,9,"0;1;2;5;6;7;8;9;13"
Root_7192,313.046384,38.720896,8,"1;2;5;6;7;8;9;13"
Root_7193,115.276080,23.772736,8,"0;2;5;6;7;8;9;13"
Root_7194,352.075738,43.350496,7,"2;5;6;7;8;9;13"
Root_7195,71.308464,19.369056,8,"0;1;5;6;7;8;9;13"
Root_7196,314.501904,39.646816,7,"1;5;6;7;8;9;13"
Root_7197,114.879760,24.698656,7,"0;5;6;7;8;9;13"
Root_7198,354.457178,44.276416,6,"5;6;7;8;9;13"
Root_7199,69.056624,15.150560,10,"0;1;2;3;4;6;7;8;9;13"
Root_7200,301.529200,36.128320,9,"1;2;3;4;6;7;8;9;13"
Root_7201,117.763888,21.180160,9,"0;2;3;4;6;7;8;9;13"
Root_7202,337.965978,40.757920,8,"2;3;4;6;7;8;9;13"
Root_7203,66.806064,16.076480,9,"0;1;3;4;6;7;8;9;13"
Root_7204,302.058800,37.054240,8,"1;3;4;6;7;8;9;13"
Root_7205,115.515728,22.106080,8,"0;3;4;6;7;8;9;13"
Root_7206,339.421498,41.683840,7,"3;4;6;7;8;9;13"
Root_7207,79.713574,17.764128,9,"0;1;2;4;6;7;8;9;13"
Root_7208,307.984688,38.041888,8,"1;2;4;6;7;8;9;13"
Root_7209,118.478672,23.093728,8,"0;2;4;6;7;8;9;13"
Root_7210,346.335034,42.671488,7,"2;4;6;7;8;9;13"
Root_7211,77.229542,18.690048,8,"0;1;4;6;7;8;9;13"
Root_7212,309.440208,38.967808,7,"1;4;6;7;8;9;13"
Root_7213,117.156432,24.019648,7,"0;4;6;7;8;9;13"
Root_7214,348.716474,43.597408,6,"4;6;7;8;9;13"
Root_7215,69.102352,17.372768,9,"0;1;2;3;6;7;8;9;13"
Root_7216,310.453808,38.350528,8,"1;2;3;6;7;8;9;13"
Root_7217,120.021872,23.402368,8,"0;2;3;6;7;8;9;13"
Root_7218,349.112794,42.980128,7,"2;3;6;7;8;9;13"
Root_7219,66.525648,18.298688,8,"0;1;3;6;7;8;9;13"
Root_7220,311.909328,39.276448,7,"1;3;6;7;8;9;13"
Root_7221,118.699632,24.328288,7,"0;3;6;7;8;9;13"
Root_7222,351.494234,43.906048,6,"3;6;7;8;9;13"
Root_7223,81.118406,19.986336,8,"0;1;2;6;7;8;9;13"
Root_7224,318.822864,40.264096,7,"1;2;6;7;8;9;13"
Root_7225,122.650224,25.315936,7,"0;2;6;7;8;9;13"
Root_7226,359.395418,44.893696,6,"2;6;7;8;9;13"
Root_7227,79.796166,20.912256,7,"0;1;6;7;8;9;13"
Root_7228,321.204304,41.190016,6,"1;6;7;8;9;13"
Root_7229,122.253904,26.241856,6,"0;6;7;8;9;13"
Root_7230,362.702778,45.819616,5,"6;7;8;9;13"
Root_7231,72.392480,16.033270,10,"0;1;2;3;4;5;7;8;9;13"
Root_7232,308.053850,37.011030,9,"1;2;3;4;5;7;8;9;13"
Root_7233,121.010774,22.062870,9,"0;2;3;4;5;7;8;9;13"
Root_7234,345.373338,41.640630,8,"2;3;4;5;7;8;9;13"
Root_7235,69.259210,16.959190,9,"0;1;3;4;5;7;8;9;13"
Root_7236,308.583450,37.936950,8,"1;3;4;5;7;8;9;13"
Root_7237,118.762614,22.988790,8,"0;3;4;5;7;8;9;13"
Root_7238,346.828858,42.566550,7,"3;4;5;7;8;9;13"
Root_7239,83.465344,18.646838,9,"0;1;2;4;5;7;8;9;13"
Root_7240,314.879706,38.924598,8,"1;2;4;5;7;8;9;13"
Root_7241,121.725558,23.976438,8,"0;2;4;5;7;8;9;13"
Root_7242,354.112762,43.554198,7,"2;4;5;7;8;9;13"
Root_7243,81.217184,19.572758,8,"0;1;4;5;7;8;9;13"
Root_7244,316.335226,39.850518,7,"1;4;5;7;8;9;13"
Root_7245,120.403318,24.902358,7,"0;4;5;7;8;9;13"
Root_7246,356.494202,44.480118,6,"4;5;7;8;9;13"
Root_7247,72.347853,18.255478,9,"0;1;2;3;5;7;8;9;13"
Root_7248,317.657466,39.233238,8,"1;2;3;5;7;8;9;13"
Root_7249,123.577398,24.285078,8,"0;2;3;5;7;8;9;13"
Root_7250,357.199162,43.862838,7,"2;3;5;7;8;9;13"
Root_7251,71.025613,19.181398,8,"0;1;3;5;7;8;9;13"
Root_7252,319.112986,40.159158,7,"1;3;5;7;8;9;13"
Root_7253,122.255158,25.210998,7,"0;3;5;7;8;9;13"
Root_7254,359.580602,44.788758,6,"3;5;7;8;9;13"
Root_7255,85.106048,20.869046,8,"0;1;2;5;7;8;9;13"
Root_7256,326.396890,41.146806,7,"1;2;5;7;8;9;13"
Root_7257,126.576118,26.198646,7,"0;2;5;7;8;9;13"
Root_7258,367.852154,45.776406,6,"2;5;7;8;9;13"
Root_7259,83.783808,21.794966,7,"0;1;5;7;8;9;13"
Root_7260,328.778330,42.072726,6,"1;5;7;8;9;13"
Root_7261,126.179798,27.124566,6,"0;5;7;8;9;13"
Root_7262,371.159514,46.702326,5,"5;7;8;9;13"
Root_7263,80.380128,17.576470,9,"0;1;2;3;4;7;8;9;13"
Root_7264,312.287130,38.554230,8,"1;2;3;4;7;8;9;13"
Root_7265,126.638016,23.606070,8,"0;2;3;4;7;8;9;13"
Root_7266,351.149818,43.183830,7,"2;3;4;7;8;9;13"
Root_7267,77.708438,18.502390,8,"0;1;3;4;7;8;9;13"
Root_7268,313.742650,39.480150,7,"1;3;4;7;8;9;13"
Root_7269,124.389856,24.531990,7,"0;3;4;7;8;9;13"
Root_7270,353.531258,44.109750,6,"3;4;7;8;9;13"
Root_7271,90.872704,20.190038,8,"0;1;2;4;7;8;9;13"
Root_7272,320.656186,40.467798,7,"1;2;4;7;8;9;13"
Root_7273,127.352800,25.519638,7,"0;2;4;7;8;9;13"
Root_7274,361.432442,45.097398,6,"2;4;7;8;9;13"
Root_7275,88.624544,21.115958,7,"0;1;4;7;8;9;13"
Root_7276,323.037626,41.393718,6,"1;4;7;8;9;13"
Root_7277,126.030560,26.445558,6,"0;4;7;8;9;13"
Root_7278,364.739802,46.023318,5,"4;7;8;9;13"
Root_7279,81.905942,19.798678,8,"0;1;2;3;7;8;9;13"
Root_7280,323.433946,40.776438,7,"1;2;3;7;8;9;13"
Root_7281,128.896000,25.828278,7,"0;2;3;7;8;9;13"
Root_7282,364.518842,45.406038,6,"2;3;7;8;9;13"
Root_7283,80.583702,20.724598,7,"0;1;3;7;8;9;13"
Root_7284,325.815386,41.702358,6,"1;3;7;8;9;13"
Root_7285,127.573760,26.754198,6,"0;3;7;8;9;13"
Root_7286,367.826202,46.331958,5,"3;7;8;9;13"
Root_7287,92.822048,22.412246,7,"0;1;2;7;8;9;13"
Root_7288,333.716570,42.690006,6,"1;2;7;8;9;13"
Root_7289,131.524352,27.741846,6,"0;2;7;8;9;13"
Root_7290,376.715034,47.319606,5,"2;7;8;9;13"
Root_7291,91.837974,23.338166,6,"0;1;7;8;9;13"
Root_7292,337.023930,43.615926,5,"1;7;8;9;13"
Root_7293,131.128032,28.667766,5,"0;7;8;9;13"
Root_7294,380.948314,48.245526,4,"7;8;9;13"
Root_7295,84.336944,17.332032,10,"0;1;2;3;4;5;6;8;9;13"
Root_7296,314.473562,37.609792,9,"1;2;3;4;5;6;8;9;13"
Root_7297,126.881114,22.661632,9,"0;2;3;4;5;6;8;9;13"
Root_7298,352.391811,42.239392,8,"2;3;4;5;6;8;9;13"
Root_7299,81.420816,18.257952,9,"0;1;3;4;5;6;8;9;13"
Root_7300,315.003162,38.535712,8,"1;3;4;5;6;8;9;13"
Root_7301,124.632954,23.587552,8,"0;3;4;5;6;8;9;13"
Root_7302,353.847331,43.165312,7,"3;4;5;6;8;9;13"
Root_7303,88.138160,19.245600,9,"0;1;2;4;5;6;8;9;13"
Root_7304,321.299418,39.523360,8,"1;2;4;5;6;8;9;13"
Root_7305,127.595898,24.575200,8,"0;2;4;5;6;8;9;13"
Root_7306,361.131235,44.152960,7,"2;4;5;6;8;9;13"
Root_7307,85.890000,20.171520,8,"0;1;4;5;6;8;9;13"
Root_7308,322.754938,40.449280,7,"1;4;5;6;8;9;13"
Root_7309,126.273658,25.501120,7,"0;4;5;6;8;9;13"
Root_7310,363.512675,45.078880,6,"4;5;6;8;9;13"
Root_7311,85.618320,19.554240,9,"0;1;2;3;5;6;8;9;13"
Root_7312,324.077178,39.832000,8,"1;2;3;5;6;8;9;13"
Root_7313,129.447738,24.883840,8,"0;2;3;5;6;8;9;13"
Root_7314,364.217635,44.461600,7,"2;3;5;6;8;9;13"
Root_7315,84.296080,20.480160,8,"0;1;3;5;6;8;9;13"
Root_7316,325.532698,40.757920,7,"1;3;5;6;8;9;13"
Root_7317,128.125498,25.809760,7,"0;3;5;6;8;9;13"
Root_7318,366.599075,45.387520,6,"3;5;6;8;9;13"
Root_7319,89.778864,21.467808,8,"0;1;2;5;6;8;9;13"
Root_7320,332.816602,41.745568,7,"1;2;5;6;8;9;13"
Root_7321,132.446458,26.797408,7,"0;2;5;6;8;9;13"
Root_7322,374.870627,46.375168,6,"2;5;6;8;9;13"
Root_7323,88.456624,22.393728,7,"0;1;5;6;8;9;13"
Root_7324,335.198042,42.671488,6,"1;5;6;8;9;13"
Root_7325,132.050138,27.723328,6,"0;5;6;8;9;13"
Root_7326,378.177987,47.301088,5,"5;6;8;9;13"
Root_7327,92.619536,18.875232,9,"0;1;2;3;4;6;8;9;13"
Root_7328,318.706842,39.152992,8,"1;2;3;4;6;8;9;13"
Root_7329,131.909594,24.204832,8,"0;2;3;4;6;8;9;13"
Root_7330,358.168291,43.782592,7,"2;3;4;6;8;9;13"
Root_7331,90.371376,19.801152,8,"0;1;3;4;6;8;9;13"
Root_7332,320.162362,40.078912,7,"1;3;4;6;8;9;13"
Root_7333,129.661434,25.130752,7,"0;3;4;6;8;9;13"
Root_7334,360.549731,44.708512,6,"3;4;6;8;9;13"
Root_7335,95.545520,20.788800,8,"0;1;2;4;6;8;9;13"
Root_7336,327.075898,41.066560,7,"1;2;4;6;8;9;13"
Root_7337,132.624378,26.118400,7,"0;2;4;6;8;9;13"
Root_7338,368.450915,45.696160,6,"2;4;6;8;9;13"
Root_7339,93.297360,21.714720,7,"0;1;4;6;8;9;13"
Root_7340,329.457338,41.992480,6,"1;4;6;8;9;13"
Root_7341,131.302138,27.044320,6,"0;4;6;8;9;13"
Root_7342,371.758275,46.622080,5,"4;6;8;9;13"
Root_7343,94.877520,21.097440,8,"0;1;2;3;6;8;9;13"
Root_7344,329.853658,41.375200,7,"1;2;3;6;8;9;13"
Root_7345,134.167578,26.427040,7,"0;2;3;6;8;9;13"
Root_7346,371.537315,46.004800,6,"2;3;6;8;9;13"
Root_7347,93.555280,22.023360,7,"0;1;3;6;8;9;13"
Root_7348,332.235098,42.301120,6,"1;3;6;8;9;13"
Root_7349,132.845338,27.352960,6,"0;3;6;8;9;13"
Root_7350,374.844675,46.930720,5,"3;6;8;9;13"
Root_7351,97.505872,23.011008,7,"0;1;2;6;8;9;13"
Root_7352,340.136282,43.288768,6,"1;2;6;8;9;13"
Root_7353,136.795930,28.340608,6,"0;2;6;8;9;13"
Root_7354,383.733507,47.918368,5,"2;6;8;9;13"
Root_7355,97.109552,23.936928,6,"0;1;6;8;9;13"
Root_7356,343.443642,44.214688,5,"1;6;8;9;13"
Root_7357,136.399610,29.266528,5,"0;6;8;9;13"
Root_7358,387.966787,48.844288,4,"6;8;9;13"
Root_7359,96.236790,19.757942,9,"0;1;2;3;4;5;8;9;13"
Root_7360,326.114202,40.035702,8,"1;2;3;4;5;8;9;13"
Root_7361,134.786112,25.087542,8,"0;2;3;4;5;8;9;13"
Root_7362,366.458362,44.665302,7,"2;3;4;5;8;9;13"
Root_7363,93.988630,20.683862,8,"0;1;3;4;5;8;9;13"
Root_7364,327.569722,40.961622,7,"1;3;4;5;8;9;13"
Root_7365,132.537952,26.013462,7,"0;3;4;5;8;9;13"
Root_7366,368.839802,45.591222,6,"3;4;5;8;9;13"
Root_7367,98.280064,21.671510,8,"0;1;2;4;5;8;9;13"
Root_7368,334.853626,41.949270,7,"1;2;4;5;8;9;13"
Root_7369,135.871264,27.001110,7,"0;2;4;5;8;9;13"
Root_7370,377.111354,46.578870,6,"2;4;5;8;9;13"
Root_7371,96.031904,22.597430,7,"0;1;4;5;8;9;13"
Root_7372,337.235066,42.875190,6,"1;4;5;8;9;13"
Root_7373,134.549024,27.927030,6,"0;4;5;8;9;13"
Root_7374,380.418714,47.504790,5,"4;5;8;9;13"
Root_7375,98.803414,21.980150,8,"0;1;2;3;5;8;9;13"
Root_7376,337.940026,42.257910,7,"1;2;3;5;8;9;13"
Root_7377,137.723104,27.309750,7,"0;2;3;5;8;9;13"
Root_7378,380.506394,46.887510,6,"2;3;5;8;9;13"
Root_7379,97.481174,22.906070,7,"0;1;3;5;8;9;13"
Root_7380,340.321466,43.183830,6,"1;3;5;8;9;13"
Root_7381,136.400864,28.235670,6,"0;3;5;8;9;13"
Root_7382,383.813754,47.813430,5,"3;5;8;9;13"
Root_7383,101.431766,23.893718,7,"0;1;2;5;8;9;13"
Root_7384,348.593018,44.171478,6,"1;2;5;8;9;13"
Root_7385,140.945142,29.223318,6,"0;2;5;8;9;13"
Root_7386,393.072954,48.801078,5,"2;5;8;9;13"
Root_7387,101.035446,24.819638,6,"0;1;5;8;9;13"
Root_7388,351.900378,45.097398,5,"1;5;8;9;13"
Root_7389,141.773219,30.149238,5,"0;5;8;9;13"
Root_7390,397.306234,49.726998,4,"5;8;9;13"
Root_7391,103.798592,21.301142,8,"0;1;2;3;4;8;9;13"
Root_7392,331.890682,41.578902,7,"1;2;3;4;8;9;13"
Root_7393,137.759050,26.630742,7,"0;2;3;4;8;9;13"
Root_7394,373.778042,46.208502,6,"2;3;4;8;9;13"
Root_7395,101.550432,22.227062,7,"0;1;3;4;8;9;13"
Root_7396,334.272122,42.504822,6,"1;3;4;8;9;13"
Root_7397,135.510890,27.556662,6,"0;3;4;8;9;13"
Root_7398,377.085402,47.134422,5,"3;4;8;9;13"
Root_7399,104.513376,23.214710,7,"0;1;2;4;8;9;13"
Root_7400,342.173306,43.492470,6,"1;2;4;8;9;13"
Root_7401,138.473834,28.544310,6,"0;2;4;8;9;13"
Root_7402,385.974234,48.122070,5,"2;4;8;9;13"
Root_7403,103.191136,24.140630,6,"0;1;4;8;9;13"
Root_7404,345.480666,44.418390,5,"1;4;8;9;13"
Root_7405,137.621824,29.470230,5,"0;4;8;9;13"
Root_7406,390.207514,49.047990,4,"4;8;9;13"
Root_7407,106.056576,23.523350,7,"0;1;2;3;8;9;13"
Root_7408,345.259706,43.801110,6,"1;2;3;8;9;13"
Root_7409,140.017034,28.852950,6,"0;2;3;8;9;13"
Root_7410,389.369274,48.430710,5,"2;3;8;9;13"
Root_7411,104.734336,24.449270,6,"0;1;3;8;9;13"
Root_7412,348.567066,44.727030,5,"1;3;8;9;13"
Root_7413,139.473664,29.778870,5,"0;3;8;9;13"
Root_7414,393.602554,49.356630,4,"3;8;9;13"
Root_7415,108.684928,25.436918,6,"0;1;2;8;9;13"
Root_7416,357.455898,45.714678,5,"1;2;8;9;13"
Root_7417,146.711459,30.766518,5,"0;2;8;9;13"
Root_7418,403.479034,50.344278,4,"2;8;9;13"
Root_7419,108.288608,26.362838,5,"0;1;8;9;13"
Root_7420,361.689178,46.640598,4,"1;8;9;13"
Root_7421,150.018819,31.692438,4,"0;8;9;13"
Root_7422,408.638234,51.270198,3,"8;9;13"
Root_7423,87.960112,18.236960,10,"0;1;2;3;4;5;6;7;9;13"
Root_7424,333.732698,39.214720,9,"1;2;3;4;5;6;7;9;13"
Root_7425,139.560026,24.266560,9,"0;2;3;4;5;6;7;9;13"
Root_7426,373.255875,43.844320,8,"2;3;4;5;6;7;9;13"
Root_7427,91.999728,19.162880,9,"0;1;3;4;5;6;7;9;13"
Root_7428,339.862298,40.140640,8,"1;3;4;5;6;7;9;13"
Root_7429,142.911866,25.192480,8,"0;3;4;5;6;7;9;13"
Root_7430,379.611395,44.770240,7,"3;4;5;6;7;9;13"
Root_7431,99.212144,20.850528,9,"0;1;2;4;5;6;7;9;13"
Root_7432,340.558554,41.128288,8,"1;2;4;5;6;7;9;13"
Root_7433,140.645178,26.180128,8,"0;2;4;5;6;7;9;13"
Root_7434,381.995299,45.757888,7,"2;4;5;6;7;9;13"
Root_7435,101.897200,21.776448,8,"0;1;4;5;6;7;9;13"
Root_7436,346.914074,42.054208,7,"1;4;5;6;7;9;13"
Root_7437,144.328986,27.106048,7,"0;4;5;6;7;9;13"
Root_7438,388.576739,46.683808,6,"4;5;6;7;9;13"
Root_7439,90.218096,20.459168,9,"0;1;2;3;5;6;7;9;13"
Root_7440,343.336314,41.436928,8,"1;2;3;5;6;7;9;13"
Root_7441,142.497018,26.488768,8,"0;2;3;5;6;7;9;13"
Root_7442,385.081699,46.066528,7,"2;3;5;6;7;9;13"
Root_7443,94.483632,21.385088,8,"0;1;3;5;6;7;9;13"
Root_7444,349.691834,42.362848,7,"1;3;5;6;7;9;13"
Root_7445,146.489466,27.414688,7,"0;3;5;6;7;9;13"
Root_7446,391.663139,46.992448,6,"3;5;6;7;9;13"
Root_7447,101.234224,23.072736,8,"0;1;2;5;6;7;9;13"
Root_7448,352.075738,43.350496,7,"1;2;5;6;7;9;13"
Root_7449,146.898074,28.402336,7,"0;2;5;6;7;9;13"
Root_7450,395.734691,47.980096,6,"2;5;6;7;9;13"
Root_7451,105.379760,23.998656,7,"0;1;5;6;7;9;13"
Root_7452,358.657178,44.276416,6,"1;5;6;7;9;13"
Root_7453,151.627674,29.328256,6,"0;5;6;7;9;13"
Root_7454,402.542051,48.906016,5,"5;6;7;9;13"
Root_7455,96.363888,19.780160,9,"0;1;2;3;4;6;7;9;13"
Root_7456,337.965978,40.757920,8,"1;2;3;4;6;7;9;13"
Root_7457,143.353946,25.809760,8,"0;2;3;4;6;7;9;13"
Root_7458,379.032355,45.387520,7,"2;3;4;6;7;9;13"
Root_7459,99.715728,20.706080,8,"0;1;3;4;6;7;9;13"
Root_7460,344.321498,41.683840,7,"1;3;4;6;7;9;13"
Root_7461,146.005786,26.735680,7,"0;3;4;6;7;9;13"
Root_7462,385.613795,46.313440,6,"3;4;6;7;9;13"
Root_7463,105.384944,22.393728,8,"0;1;2;4;6;7;9;13"
Root_7464,346.335034,42.671488,7,"1;2;4;6;7;9;13"
Root_7465,144.792058,27.723328,7,"0;2;4;6;7;9;13"
Root_7466,389.314979,47.301088,6,"2;4;6;7;9;13"
Root_7467,108.356432,23.319648,7,"0;1;4;6;7;9;13"
Root_7468,352.916474,43.597408,6,"1;4;6;7;9;13"
Root_7469,148.595738,28.649248,6,"0;4;6;7;9;13"
Root_7470,396.122339,48.227008,5,"4;6;7;9;13"
Root_7471,98.621872,22.002368,8,"0;1;2;3;6;7;9;13"
Root_7472,349.112794,42.980128,7,"1;2;3;6;7;9;13"
Root_7473,146.643898,28.031968,7,"0;2;3;6;7;9;13"
Root_7474,392.401379,47.609728,6,"2;3;6;7;9;13"
Root_7475,102.199632,22.928288,7,"0;1;3;6;7;9;13"
Root_7476,355.694234,43.906048,6,"1;3;6;7;9;13"
Root_7477,150.447578,28.957888,6,"0;3;6;7;9;13"
Root_7478,399.208739,48.535648,5,"3;6;7;9;13"
Root_7479,108.950224,24.615936,7,"0;1;2;6;7;9;13"
Root_7480,359.395418,44.893696,6,"1;2;6;7;9;13"
Root_7481,151.185818,29.945536,6,"0;2;6;7;9;13"
Root_7482,404.597571,49.523296,5,"2;6;7;9;13"
Root_7483,112.753904,25.541856,6,"0;1;6;7;9;13"
Root_7484,366.202778,45.819616,5,"1;6;7;9;13"
Root_7485,156.958330,30.871456,5,"0;6;7;9;13"
Root_7486,411.630851,50.449216,4,"6;7;9;13"
Root_7487,99.981142,20.662870,9,"0;1;2;3;4;5;7;9;13"
Root_7488,345.373338,41.640630,8,"1;2;3;4;5;7;9;13"
Root_7489,146.230464,26.692470,8,"0;2;3;4;5;7;9;13"
Root_7490,387.322426,46.270230,7,"2;3;4;5;7;9;13"
Root_7491,103.117056,21.588790,8,"0;1;3;4;5;7;9;13"
Root_7492,351.728858,42.566550,7,"1;3;4;5;7;9;13"
Root_7493,149.500694,27.618390,7,"0;3;4;5;7;9;13"
Root_7494,393.903866,47.196150,6,"3;4;5;7;9;13"
Root_7495,108.180000,23.276438,8,"0;1;2;4;5;7;9;13"
Root_7496,354.112762,43.554198,7,"1;2;4;5;7;9;13"
Root_7497,148.921654,28.606038,7,"0;2;4;5;7;9;13"
Root_7498,397.975418,48.183798,6,"2;4;5;7;9;13"
Root_7499,111.603318,24.202358,7,"0;1;4;5;7;9;13"
Root_7500,360.694202,44.480118,6,"1;4;5;7;9;13"
Root_7501,153.257293,29.531958,6,"0;4;5;7;9;13"
Root_7502,404.782778,49.109718,5,"4;5;7;9;13"
Root_7503,102.547766,22.885078,8,"0;1;2;3;5;7;9;13"
Root_7504,357.199162,43.862838,7,"1;2;3;5;7;9;13"
Root_7505,151.082134,28.914678,7,"0;2;3;5;7;9;13"
Root_7506,401.370458,48.492438,6,"2;3;5;7;9;13"
Root_7507,105.755158,23.810998,7,"0;1;3;5;7;9;13"
Root_7508,363.780602,44.788758,6,"1;3;5;7;9;13"
Root_7509,155.726413,29.840598,6,"0;3;5;7;9;13"
Root_7510,408.177818,49.418358,5,"3;5;7;9;13"
Root_7511,112.876118,25.498646,7,"0;1;2;5;7;9;13"
Root_7512,367.852154,45.776406,6,"1;2;5;7;9;13"
Root_7513,158.650915,30.828246,6,"0;2;5;7;9;13"
Root_7514,413.937018,50.406006,5,"2;5;7;9;13"
Root_7515,116.679798,26.424566,6,"0;1;5;7;9;13"
Root_7516,374.659514,46.702326,5,"1;5;7;9;13"
Root_7517,164.532355,31.754166,5,"0;5;7;9;13"
Root_7518,420.970298,51.331926,4,"5;7;9;13"
Root_7519,106.638016,22.206070,8,"0;1;2;3;4;7;9;13"
Root_7520,351.149818,43.183830,7,"1;2;3;4;7;9;13"
Root_7521,148.834144,28.235670,7,"0;2;3;4;7;9;13"
Root_7522,394.642106,47.813430,6,"2;3;4;7;9;13"
Root_7523,114.189856,23.131990,7,"0;1;3;4;7;9;13"
Root_7524,361.931258,44.109750,6,"1;3;4;7;9;13"
Root_7525,156.073494,29.161590,6,"0;3;4;7;9;13"
Root_7526,404.949466,48.739350,5,"3;4;7;9;13"
Root_7527,114.352800,24.819638,7,"0;1;2;4;7;9;13"
Root_7528,361.432442,45.097398,6,"1;2;4;7;9;13"
Root_7529,152.910211,30.149238,6,"0;2;4;7;9;13"
Root_7530,406.838298,49.726998,5,"2;4;7;9;13"
Root_7531,121.430560,25.745558,6,"0;1;4;7;9;13"
Root_7532,371.739802,46.023318,5,"1;4;7;9;13"
Root_7533,162.291651,31.075158,5,"0;4;7;9;13"
Root_7534,416.671578,50.652918,4,"4;7;9;13"
Root_7535,108.896000,24.428278,7,"0;1;2;3;7;9;13"
Root_7536,364.518842,45.406038,6,"1;2;3;7;9;13"
Root_7537,155.687971,30.457878,6,"0;2;3;7;9;13"
Root_7538,410.233338,50.035638,5,"2;3;7;9;13"
Root_7539,124.373760,25.354198,6,"0;1;3;7;9;13"
Root_7540,381.826202,46.331958,5,"1;3;7;9;13"
Root_7541,172.069411,31.383798,5,"0;3;7;9;13"
Root_7542,425.666618,50.961558,4,"3;7;9;13"
Root_7543,118.566198,27.041846,6,"0;1;2;7;9;13"
Root_7544,376.715034,47.319606,5,"1;2;7;9;13"
Root_7545,165.970595,32.371446,5,"0;2;7;9;13"
Root_7546,424.343098,51.949206,4,"2;7;9;13"
Root_7547,133.095798,27.967766,5,"0;1;7;9;13"
Root_7548,392.148314,48.245526,4,"1;7;9;13"
Root_7549,180.775322,33.297366,4,"0;7;9;13"
Root_7550,437.902298,52.875126,3,"7;9;13"
Root_7551,113.181114,21.961632,9,"0;1;2;3;4;5;6;9;13"
Root_7552,352.391811,42.239392,8,"1;2;3;4;5;6;9;13"
Root_7553,152.392035,27.291232,8,"0;2;3;4;5;6;9;13"
Root_7554,394.939661,46.868992,7,"2;3;4;5;6;9;13"
Root_7555,116.532954,22.887552,8,"0;1;3;4;5;6;9;13"
Root_7556,358.747331,43.165312,7,"1;3;4;5;6;9;13"
Root_7557,155.969795,28.217152,7,"0;3;4;5;6;9;13"
Root_7558,401.521101,47.794912,6,"3;4;5;6;9;13"
Root_7559,113.895898,23.875200,8,"0;1;2;4;5;6;9;13"
Root_7560,361.131235,44.152960,7,"1;2;4;5;6;9;13"
Root_7561,155.390755,29.204800,7,"0;2;4;5;6;9;13"
Root_7562,405.592653,48.782560,6,"2;4;5;6;9;13"
Root_7563,117.473658,24.801120,7,"0;1;4;5;6;9;13"
Root_7564,367.712675,45.078880,6,"1;4;5;6;9;13"
Root_7565,159.455875,30.130720,6,"0;4;5;6;9;13"
Root_7566,412.400013,49.708480,5,"4;5;6;9;13"
Root_7567,115.747738,24.183840,8,"0;1;2;3;5;6;9;13"
Root_7568,364.217635,44.461600,7,"1;2;3;5;6;9;13"
Root_7569,157.551235,29.513440,7,"0;2;3;5;6;9;13"
Root_7570,408.987693,49.091200,6,"2;3;5;6;9;13"
Root_7571,119.325498,25.109760,7,"0;1;3;5;6;9;13"
Root_7572,370.799075,45.387520,6,"1;3;5;6;9;13"
Root_7573,162.233635,30.439360,6,"0;3;5;6;9;13"
Root_7574,415.795053,50.017120,5,"3;5;6;9;13"
Root_7575,118.746458,26.097408,7,"0;1;2;5;6;9;13"
Root_7576,374.870627,46.375168,6,"1;2;5;6;9;13"
Root_7577,165.317539,31.427008,6,"0;2;5;6;9;13"
Root_7578,421.554253,51.004768,5,"2;5;6;9;13"
Root_7579,122.573466,27.023328,6,"0;1;5;6;9;13"
Root_7580,381.677987,47.301088,5,"1;5;6;9;13"
Root_7581,171.198979,32.352928,5,"0;5;6;9;13"
Root_7582,428.587533,51.930688,4,"5;6;9;13"
Root_7583,118.909594,23.504832,8,"0;1;2;3;4;6;9;13"
Root_7584,358.168291,43.782592,7,"1;2;3;4;6;9;13"
Root_7585,154.704483,28.834432,7,"0;2;3;4;6;9;13"
Root_7586,402.259341,48.412192,6,"2;3;4;6;9;13"
Root_7587,121.561434,24.430752,7,"0;1;3;4;6;9;13"
Root_7588,364.749731,44.708512,6,"1;3;4;6;9;13"
Root_7589,157.582243,29.760352,6,"0;3;4;6;9;13"
Root_7590,409.066701,49.338112,5,"3;4;6;9;13"
Root_7591,119.624378,25.418400,7,"0;1;2;4;6;9;13"
Root_7592,368.450915,45.696160,6,"1;2;4;6;9;13"
Root_7593,159.576835,30.748000,6,"0;2;4;6;9;13"
Root_7594,414.455533,50.325760,5,"2;4;6;9;13"
Root_7595,122.502138,26.344320,6,"0;1;4;6;9;13"
Root_7596,375.258275,46.622080,5,"1;4;6;9;13"
Root_7597,165.458275,31.673920,5,"0;4;6;9;13"
Root_7598,421.488813,51.251680,4,"4;6;9;13"
Root_7599,121.167578,25.727040,7,"0;1;2;3;6;9;13"
Root_7600,371.537315,46.004800,6,"1;2;3;6;9;13"
Root_7601,162.354595,31.056640,6,"0;2;3;6;9;13"
Root_7602,417.850573,50.634400,5,"2;3;6;9;13"
Root_7603,124.045338,26.652960,6,"0;1;3;6;9;13"
Root_7604,378.344675,46.930720,5,"1;3;6;9;13"
Root_7605,168.236035,31.982560,5,"0;3;6;9;13"
Root_7606,424.883853,51.560320,4,"3;6;9;13"
Root_7607,124.436538,27.640608,6,"0;1;2;6;9;13"
Root_7608,383.733507,47.918368,5,"1;2;6;9;13"
Root_7609,172.637219,32.970208,5,"0;2;6;9;13"
Root_7610,431.960333,52.547968,4,"2;6;9;13"
Root_7611,128.466138,28.566528,5,"0;1;6;9;13"
Root_7612,390.766787,48.844288,4,"1;6;9;13"
Root_7613,179.640707,33.896128,4,"0;6;9;13"
Root_7614,439.219533,53.473888,3,"6;9;13"
Root_7615,121.786112,24.387542,8,"0;1;2;3;4;5;9;13"
Root_7616,366.458362,44.665302,7,"1;2;3;4;5;9;13"
Root_7617,159.180854,29.717142,7,"0;2;3;4;5;9;13"
Root_7618,411.432122,49.294902,6,"2;3;4;5;9;13"
Root_7619,124.437952,25.313462,7,"0;1;3;4;5;9;13"
Root_7620,373.039802,45.591222,6,"1;3;4;5;9;13"
Root_7621,164.270659,30.643062,6,"0;3;4;5;9;13"
Root_7622,418.239482,50.220822,5,"3;4;5;9;13"
Root_7623,122.871264,26.301110,7,"0;1;2;4;5;9;13"
Root_7624,377.111354,46.578870,6,"1;2;4;5;9;13"
Root_7625,167.354563,31.630710,6,"0;2;4;5;9;13"
Root_7626,423.998682,51.208470,5,"2;4;5;9;13"
Root_7627,125.976054,27.227030,6,"0;1;4;5;9;13"
Root_7628,383.918714,47.504790,5,"1;4;5;9;13"
Root_7629,173.236003,32.556630,5,"0;4;5;9;13"
Root_7630,431.031962,52.134390,4,"4;5;9;13"
Root_7631,124.723104,26.609750,7,"0;1;2;3;5;9;13"
Root_7632,380.506394,46.887510,6,"1;2;3;5;9;13"
Root_7633,170.440963,31.939350,6,"0;2;3;5;9;13"
Root_7634,427.702362,51.517110,5,"2;3;5;9;13"
Root_7635,128.136534,27.535670,6,"0;1;3;5;9;13"
Root_7636,387.313754,47.813430,5,"1;3;5;9;13"
Root_7637,176.322403,32.865270,5,"0;3;5;9;13"
Root_7638,434.735642,52.443030,4,"3;5;9;13"
Root_7639,129.245142,28.523318,6,"0;1;2;5;9;13"
Root_7640,393.072954,48.801078,5,"1;2;5;9;13"
Root_7641,181.946874,33.852918,5,"0;2;5;9;13"
Root_7642,442.182490,53.430678,4,"2;5;9;13"
Root_7643,133.723981,29.449238,5,"0;1;5;9;13"
Root_7644,400.106234,49.726998,4,"1;5;9;13"
Root_7645,188.980154,34.778838,4,"0;5;9;13"
Root_7646,449.441690,54.356598,3,"5;9;13"
Root_7647,125.459050,25.930742,7,"0;1;2;3;4;9;13"
Root_7648,373.778042,46.208502,6,"1;2;3;4;9;13"
Root_7649,164.391619,31.260342,6,"0;2;3;4;9;13"
Root_7650,420.295002,50.838102,5,"2;3;4;9;13"
Root_7651,131.610890,26.856662,6,"0;1;3;4;9;13"
Root_7652,384.085402,47.134422,5,"1;3;4;9;13"
Root_7653,173.773059,32.186262,5,"0;3;4;9;13"
Root_7654,430.128282,51.764022,4,"3;4;9;13"
Root_7655,127.018144,27.844310,6,"0;1;2;4;9;13"
Root_7656,385.974234,48.122070,5,"1;2;4;9;13"
Root_7657,174.848154,33.173910,5,"0;2;4;9;13"
Root_7658,434.404762,52.751670,4,"2;4;9;13"
Root_7659,133.621824,28.770230,5,"0;1;4;9;13"
Root_7660,395.807514,49.047990,4,"1;4;9;13"
Root_7661,184.681434,34.099830,4,"0;4;9;13"
Root_7662,443.763962,53.677590,3,"4;9;13"
Root_7663,128.869984,28.152950,6,"0;1;2;3;9;13"
Root_7664,389.369274,48.430710,5,"1;2;3;9;13"
Root_7665,178.243194,33.482550,5,"0;2;3;9;13"
Root_7666,438.108442,53.060310,4,"2;3;9;13"
Root_7667,142.552534,29.078870,5,"0;1;3;9;13"
Root_7668,404.802554,49.356630,4,"1;3;9;13"
Root_7669,193.676474,34.408470,4,"0;3;9;13"
Root_7670,451.667642,53.986230,3,"3;9;13"
Root_7671,134.677978,30.066518,5,"0;1;2;9;13"
Root_7672,403.479034,50.344278,4,"1;2;9;13"
Root_7673,192.352954,35.396118,4,"0;2;9;13"
Root_7674,454.131770,54.973878,3,"2;9;13"
Root_7675,150.111258,30.992438,4,"0;1;9;13"
Root_7676,417.038234,51.270198,3,"1;9;13"
Root_7677,205.912154,36.322038,3,"0;9;13"
Root_7678,465.816890,55.899798,2,"9;13"
Root_7679,72.497456,16.899936,10,"0;1;2;3;4;5;6;7;8;13"
Root_7680,309.720506,37.177696,9,"1;2;3;4;5;6;7;8;13"
Root_7681,115.406970,22.229536,9,"0;2;3;4;5;6;7;8;13"
Root_7682,347.206659,41.807296,8,"2;3;4;5;6;7;8;13"
Root_7683,69.323376,17.825856,9,"0;1;3;4;5;6;7;8;13"
Root_7684,310.250106,38.103616,8,"1;3;4;5;6;7;8;13"
Root_7685,114.084730,23.155456,8,"0;3;4;5;6;7;8;13"
Root_7686,348.662179,42.733216,7,"3;4;5;6;7;8;13"
Root_7687,76.298672,18.813504,9,"0;1;2;4;5;6;7;8;13"
Root_7688,316.546362,39.091264,8,"1;2;4;5;6;7;8;13"
Root_7689,118.035322,24.143104,8,"0;2;4;5;6;7;8;13"
Root_7690,355.946083,43.720864,7,"2;4;5;6;7;8;13"
Root_7691,74.050512,19.739424,8,"0;1;4;5;6;7;8;13"
Root_7692,318.001882,40.017184,7,"1;4;5;6;7;8;13"
Root_7693,117.639002,25.069024,7,"0;4;5;6;7;8;13"
Root_7694,358.327523,44.646784,6,"4;5;6;7;8;13"
Root_7695,73.346736,19.122144,9,"0;1;2;3;5;6;7;8;13"
Root_7696,319.324122,39.399904,8,"1;2;3;5;6;7;8;13"
Root_7697,120.195802,24.451744,8,"0;2;3;5;6;7;8;13"
Root_7698,359.032483,44.029504,7,"2;3;5;6;7;8;13"
Root_7699,72.024496,20.048064,8,"0;1;3;5;6;7;8;13"
Root_7700,320.779642,40.325824,7,"1;3;5;6;7;8;13"
Root_7701,119.799482,25.377664,7,"0;3;5;6;7;8;13"
Root_7702,361.413923,44.955424,6,"3;5;6;7;8;13"
Root_7703,77.975088,21.035712,8,"0;1;2;5;6;7;8;13"
Root_7704,328.063546,41.313472,7,"1;2;5;6;7;8;13"
Root_7705,125.108090,26.365312,7,"0;2;5;6;7;8;13"
Root_7706,369.685475,45.943072,6,"2;5;6;7;8;13"
Root_7707,77.578768,21.961632,7,"0;1;5;6;7;8;13"
Root_7708,330.444986,42.239392,6,"1;5;6;7;8;13"
Root_7709,125.637690,27.291232,6,"0;5;6;7;8;13"
Root_7710,372.992835,46.868992,5,"5;6;7;8;13"
Root_7711,80.347952,18.443136,9,"0;1;2;3;4;6;7;8;13"
Root_7712,313.953786,38.720896,8,"1;2;3;4;6;7;8;13"
Root_7713,122.410746,23.772736,8,"0;2;3;4;6;7;8;13"
Root_7714,352.983139,43.350496,7,"2;3;4;6;7;8;13"
Root_7715,78.099792,19.369056,8,"0;1;3;4;6;7;8;13"
Root_7716,315.409306,39.646816,7,"1;3;4;6;7;8;13"
Root_7717,121.088506,24.698656,7,"0;3;4;6;7;8;13"
Root_7718,355.364579,44.276416,6,"3;4;6;7;8;13"
Root_7719,83.706032,20.356704,8,"0;1;2;4;6;7;8;13"
Root_7720,322.322842,40.634464,7,"1;2;4;6;7;8;13"
Root_7721,125.039098,25.686304,7,"0;2;4;6;7;8;13"
Root_7722,363.265763,45.264064,6,"2;4;6;7;8;13"
Root_7723,81.740496,21.282624,7,"0;1;4;6;7;8;13"
Root_7724,324.704282,41.560384,6,"1;4;6;7;8;13"
Root_7725,124.642778,26.612224,6,"0;4;6;7;8;13"
Root_7726,366.573123,46.189984,5,"4;6;7;8;13"
Root_7727,82.605936,20.665344,8,"0;1;2;3;6;7;8;13"
Root_7728,325.100602,40.943104,7,"1;2;3;6;7;8;13"
Root_7729,126.890938,25.994944,7,"0;2;3;6;7;8;13"
Root_7730,366.352163,45.572704,6,"2;3;6;7;8;13"
Root_7731,81.874960,21.591264,7,"0;1;3;6;7;8;13"
Root_7732,327.482042,41.869024,6,"1;3;6;7;8;13"
Root_7733,126.494618,26.920864,6,"0;3;6;7;8;13"
Root_7734,369.659523,46.498624,5,"3;6;7;8;13"
Root_7735,87.234288,22.578912,7,"0;1;2;6;7;8;13"
Root_7736,335.383226,42.856672,6,"1;2;6;7;8;13"
Root_7737,131.432858,27.908512,6,"0;2;6;7;8;13"
Root_7738,378.548355,47.486272,5,"2;6;7;8;13"
Root_7739,87.342800,23.504832,6,"0;1;6;7;8;13"
Root_7740,338.690586,43.782592,5,"1;6;7;8;13"
Root_7741,131.962458,28.834432,5,"0;6;7;8;13"
Root_7742,382.781635,48.412192,4,"6;7;8;13"
Root_7743,84.243104,19.325846,9,"0;1;2;3;4;5;7;8;13"
Root_7744,321.361146,39.603606,8,"1;2;3;4;5;7;8;13"
Root_7745,126.169974,24.655446,8,"0;2;3;4;5;7;8;13"
Root_7746,361.273210,44.233206,7,"2;3;4;5;7;8;13"
Root_7747,81.994944,20.251766,8,"0;1;3;4;5;7;8;13"
Root_7748,322.816666,40.529526,7,"1;3;4;5;7;8;13"
Root_7749,124.847734,25.581366,7,"0;3;4;5;7;8;13"
Root_7750,363.654650,45.159126,6,"3;4;5;7;8;13"
Root_7751,86.957888,21.239414,8,"0;1;2;4;5;7;8;13"
Root_7752,330.100570,41.517174,7,"1;2;4;5;7;8;13"
Root_7753,129.168694,26.569014,7,"0;2;4;5;7;8;13"
Root_7754,371.926202,46.146774,6,"2;4;5;7;8;13"
Root_7755,85.635648,22.165334,7,"0;1;4;5;7;8;13"
Root_7756,332.482010,42.443094,6,"1;4;5;7;8;13"
Root_7757,128.772374,27.494934,6,"0;4;5;7;8;13"
Root_7758,375.233562,47.072694,5,"4;5;7;8;13"
Root_7759,87.079885,21.548054,8,"0;1;2;3;5;7;8;13"
Root_7760,333.186970,41.825814,7,"1;2;3;5;7;8;13"
Root_7761,131.329174,26.877654,7,"0;2;3;5;7;8;13"
Root_7762,375.321242,46.455414,6,"2;3;5;7;8;13"
Root_7763,86.683565,22.473974,7,"0;1;3;5;7;8;13"
Root_7764,335.568410,42.751734,6,"1;3;5;7;8;13"
Root_7765,130.932854,27.803574,6,"0;3;5;7;8;13"
Root_7766,378.628602,47.381334,5,"3;5;7;8;13"
Root_7767,91.621805,23.461622,7,"0;1;2;5;7;8;13"
Root_7768,343.839962,43.739382,6,"1;2;5;7;8;13"
Root_7769,136.241462,28.791222,6,"0;2;5;7;8;13"
Root_7770,387.887802,48.368982,5,"2;5;7;8;13"
Root_7771,92.151405,24.387542,6,"0;1;5;7;8;13"
Root_7772,347.147322,44.665302,5,"1;5;7;8;13"
Root_7773,137.488205,29.717142,5,"0;5;7;8;13"
Root_7774,392.121082,49.294902,4,"5;7;8;13"
Root_7775,91.959104,20.869046,8,"0;1;2;3;4;7;8;13"
Root_7776,327.137626,41.146806,7,"1;2;3;4;7;8;13"
Root_7777,131.118208,26.198646,7,"0;2;3;4;7;8;13"
Root_7778,368.592890,45.776406,6,"2;3;4;7;8;13"
Root_7779,90.505910,21.794966,7,"0;1;3;4;7;8;13"
Root_7780,329.519066,42.072726,6,"1;3;4;7;8;13"
Root_7781,129.795968,27.124566,6,"0;3;4;7;8;13"
Root_7782,371.900250,46.702326,5,"3;4;7;8;13"
Root_7783,94.673888,22.782614,7,"0;1;2;4;7;8;13"
Root_7784,337.420250,43.060374,6,"1;2;4;7;8;13"
Root_7785,133.746560,28.112214,6,"0;2;4;7;8;13"
Root_7786,380.789082,47.689974,5,"2;4;7;8;13"
Root_7787,94.060182,23.708534,6,"0;1;4;7;8;13"
Root_7788,340.727610,43.986294,5,"1;4;7;8;13"
Root_7789,133.388374,29.038134,5,"0;4;7;8;13"
Root_7790,385.022362,48.615894,4,"4;7;8;13"
Root_7791,96.308342,23.091254,7,"0;1;2;3;7;8;13"
Root_7792,340.506650,43.369014,6,"1;2;3;7;8;13"
Root_7793,135.598400,28.420854,6,"0;2;3;7;8;13"
Root_7794,384.184122,47.998614,5,"2;3;7;8;13"
Root_7795,95.912022,24.017174,6,"0;1;3;7;8;13"
Root_7796,343.814010,44.294934,5,"1;3;7;8;13"
Root_7797,135.548854,29.346774,5,"0;3;7;8;13"
Root_7798,388.417402,48.924534,4,"3;7;8;13"
Root_7799,100.850262,25.004822,6,"0;1;2;7;8;13"
Root_7800,352.702842,45.282582,5,"1;2;7;8;13"
Root_7801,142.143587,30.334422,5,"0;2;7;8;13"
Root_7802,398.293882,49.912182,4,"2;7;8;13"
Root_7803,101.379862,25.930742,5,"0;1;7;8;13"
Root_7804,356.936122,46.208502,4,"1;7;8;13"
Root_7805,145.450947,31.260342,4,"0;7;8;13"
Root_7806,403.453082,50.838102,3,"7;8;13"
Root_7807,89.403450,19.924608,9,"0;1;2;3;4;5;6;8;13"
Root_7808,327.947523,40.202368,8,"1;2;3;4;5;6;8;13"
Root_7809,132.206979,25.254208,8,"0;2;3;4;5;6;8;13"
Root_7810,368.458349,44.831968,7,"2;3;4;5;6;8;13"
Root_7811,87.155290,20.850528,8,"0;1;3;4;5;6;8;13"
Root_7812,329.403043,41.128288,7,"1;3;4;5;6;8;13"
Root_7813,130.884739,26.180128,7,"0;3;4;5;6;8;13"
Root_7814,370.839789,45.757888,6,"3;4;5;6;8;13"
Root_7815,92.118234,21.838176,8,"0;1;2;4;5;6;8;13"
Root_7816,336.686947,42.115936,7,"1;2;4;5;6;8;13"
Root_7817,135.205699,27.167776,7,"0;2;4;5;6;8;13"
Root_7818,379.111341,46.745536,6,"2;4;5;6;8;13"
Root_7819,90.795994,22.764096,7,"0;1;4;5;6;8;13"
Root_7820,339.068387,43.041856,6,"1;4;5;6;8;13"
Root_7821,134.809379,28.093696,6,"0;4;5;6;8;13"
Root_7822,382.418701,47.671456,5,"4;5;6;8;13"
Root_7823,93.116890,22.146816,8,"0;1;2;3;5;6;8;13"
Root_7824,339.773347,42.424576,7,"1;2;3;5;6;8;13"
Root_7825,137.366179,27.476416,7,"0;2;3;5;6;8;13"
Root_7826,382.506381,47.054176,6,"2;3;5;6;8;13"
Root_7827,92.720570,23.072736,7,"0;1;3;5;6;8;13"
Root_7828,342.154787,43.350496,6,"1;3;5;6;8;13"
Root_7829,136.969859,28.402336,6,"0;3;5;6;8;13"
Root_7830,385.813741,47.980096,5,"3;5;6;8;13"
Root_7831,97.658810,24.060384,7,"0;1;2;5;6;8;13"
Root_7832,350.426339,44.338144,6,"1;2;5;6;8;13"
Root_7833,142.278467,29.389984,6,"0;2;5;6;8;13"
Root_7834,395.072941,48.967744,5,"2;5;6;8;13"
Root_7835,98.188410,24.986304,6,"0;1;5;6;8;13"
Root_7836,353.733699,45.264064,5,"1;5;6;8;13"
Root_7837,143.439875,30.315904,5,"0;5;6;8;13"
Root_7838,399.306221,49.893664,4,"5;6;8;13"
Root_7839,97.266394,21.467808,8,"0;1;2;3;4;6;8;13"
Root_7840,333.724003,41.745568,7,"1;2;3;4;6;8;13"
Root_7841,136.556451,26.797408,7,"0;2;3;4;6;8;13"
Root_7842,375.778029,46.375168,6,"2;3;4;6;8;13"
Root_7843,95.944154,22.393728,7,"0;1;3;4;6;8;13"
Root_7844,336.105443,42.671488,6,"1;3;4;6;8;13"
Root_7845,135.234211,27.723328,6,"0;3;4;6;8;13"
Root_7846,379.085389,47.301088,5,"3;4;6;8;13"
Root_7847,99.894746,23.381376,7,"0;1;2;4;6;8;13"
Root_7848,344.006627,43.659136,6,"1;2;4;6;8;13"
Root_7849,139.184803,28.710976,6,"0;2;4;6;8;13"
Root_7850,387.974221,48.288736,5,"2;4;6;8;13"
Root_7851,99.498426,24.307296,6,"0;1;4;6;8;13"
Root_7852,347.313987,44.585056,5,"1;4;6;8;13"
Root_7853,138.788483,29.636896,5,"0;4;6;8;13"
Root_7854,392.207501,49.214656,4,"4;6;8;13"
Root_7855,101.746586,23.690016,7,"0;1;2;3;6;8;13"
Root_7856,347.093027,43.967776,6,"1;2;3;6;8;13"
Root_7857,141.036643,29.019616,6,"0;2;3;6;8;13"
Root_7858,391.369261,48.597376,5,"2;3;6;8;13"
Root_7859,101.350266,24.615936,6,"0;1;3;6;8;13"
Root_7860,350.400387,44.893696,5,"1;3;6;8;13"
Root_7861,140.640323,29.945536,5,"0;3;6;8;13"
Root_7862,395.602541,49.523296,4,"3;6;8;13"
Root_7863,106.288506,25.603584,6,"0;1;2;6;8;13"
Root_7864,359.289219,45.881344,5,"1;2;6;8;13"
Root_7865,148.378115,30.933184,5,"0;2;6;8;13"
Root_7866,405.479021,50.510944,4,"2;6;8;13"
Root_7867,106.818106,26.529504,5,"0;1;6;8;13"
Root_7868,363.522499,46.807264,4,"1;6;8;13"
Root_7869,151.685475,31.859104,4,"0;6;8;13"
Root_7870,410.638221,51.436864,3,"6;8;13"
Root_7871,101.395990,22.350518,8,"0;1;2;3;4;5;8;13"
Root_7872,342.014074,42.628278,7,"1;2;3;4;5;8;13"
Root_7873,140.315680,27.680118,7,"0;2;3;4;5;8;13"
Root_7874,384.950810,47.257878,6,"2;3;4;5;8;13"
Root_7875,100.073750,23.276438,7,"0;1;3;4;5;8;13"
Root_7876,344.395514,43.554198,6,"1;3;4;5;8;13"
Root_7877,138.993440,28.606038,6,"0;3;4;5;8;13"
Root_7878,388.258170,48.183798,5,"3;4;5;8;13"
Root_7879,104.024342,24.264086,7,"0;1;2;4;5;8;13"
Root_7880,352.667066,44.541846,6,"1;2;4;5;8;13"
Root_7881,143.908086,29.593686,6,"0;2;4;5;8;13"
Root_7882,397.517370,49.171446,5,"2;4;5;8;13"
Root_7883,103.628022,25.190006,6,"0;1;4;5;8;13"
Root_7884,355.974426,45.467766,5,"1;4;5;8;13"
Root_7885,145.476899,30.519606,5,"0;4;5;8;13"
Root_7886,401.750650,50.097366,4,"4;5;8;13"
Root_7887,106.184822,24.572726,7,"0;1;2;3;5;8;13"
Root_7888,356.062106,44.850486,6,"1;2;3;5;8;13"
Root_7889,146.377206,29.902326,6,"0;2;3;5;8;13"
Root_7890,401.221050,49.480086,5,"2;3;5;8;13"
Root_7891,105.788502,25.498646,6,"0;1;3;5;8;13"
Root_7892,359.369466,45.776406,5,"1;3;5;8;13"
Root_7893,148.563299,30.828246,5,"0;3;5;8;13"
Root_7894,405.454330,50.406006,4,"3;5;8;13"
Root_7895,111.097110,26.486294,6,"0;1;2;5;8;13"
Root_7896,368.628666,46.764054,5,"1;2;5;8;13"
Root_7897,156.834851,31.815894,5,"0;2;5;8;13"
Root_7898,415.701178,51.393654,4,"2;5;8;13"
Root_7899,111.626710,27.412214,5,"0;1;5;8;13"
Root_7900,372.861946,47.689974,4,"1;5;8;13"
Root_7901,160.142211,32.741814,4,"0;5;8;13"
Root_7902,420.860378,52.319574,3,"5;8;13"
Root_7903,108.278784,23.893718,7,"0;1;2;3;4;8;13"
Root_7904,349.333754,44.171478,6,"1;2;3;4;8;13"
Root_7905,142.462560,29.223318,6,"0;2;3;4;8;13"
Root_7906,393.813690,48.801078,5,"2;3;4;8;13"
Root_7907,106.956544,24.819638,6,"0;1;3;4;8;13"
Root_7908,352.641114,45.097398,5,"1;3;4;8;13"
Root_7909,142.513955,30.149238,5,"0;3;4;8;13"
Root_7910,398.046970,49.726998,4,"3;4;8;13"
Root_7911,110.907136,25.807286,6,"0;1;2;4;8;13"
Root_7912,361.529946,46.085046,5,"1;2;4;8;13"
Root_7913,150.415139,31.136886,5,"0;2;4;8;13"
Root_7914,407.923450,50.714646,4,"2;4;8;13"
Root_7915,110.510816,26.733206,5,"0;1;4;8;13"
Root_7916,365.763226,47.010966,4,"1;4;8;13"
Root_7917,153.722499,32.062806,4,"0;4;8;13"
Root_7918,413.082650,51.640566,3,"4;8;13"
Root_7919,112.758976,26.115926,6,"0;1;2;3;8;13"
Root_7920,364.924986,46.393686,5,"1;2;3;8;13"
Root_7921,153.501539,31.445526,5,"0;2;3;8;13"
Root_7922,411.627130,51.023286,4,"2;3;8;13"
Root_7923,112.362656,27.041846,5,"0;1;3;8;13"
Root_7924,369.158266,47.319606,4,"1;3;8;13"
Root_7925,156.808899,32.371446,4,"0;3;8;13"
Root_7926,416.786330,51.949206,3,"3;8;13"
Root_7927,117.300896,28.029494,5,"0;1;2;8;13"
Root_7928,379.034746,48.307254,4,"1;2;8;13"
Root_7929,166.056826,33.359094,4,"0;2;8;13"
Root_7930,427.650458,52.936854,3,"2;8;13"
Root_7931,117.830496,28.955414,4,"0;1;8;13"
Root_7932,384.193946,49.233174,3,"1;8;13"
Root_7933,171.216026,34.285014,3,"0;8;13"
Root_7934,433.735578,53.862774,2,"8;13"
Root_7935,101.006970,21.529536,9,"0;1;2;3;4;5;6;7;13"
Root_7936,347.206659,41.807296,8,"1;2;3;4;5;6;7;13"
Root_7937,145.256259,26.859136,8,"0;2;3;4;5;6;7;13"
Root_7938,389.322413,46.436896,7,"2;3;4;5;6;7;13"
Root_7939,105.284730,22.455456,8,"0;1;3;4;5;6;7;13"
Root_7940,353.562179,42.733216,7,"1;3;4;5;6;7;13"
Root_7941,149.619075,27.785056,7,"0;3;4;5;6;7;13"
Root_7942,395.903853,47.362816,6,"3;4;5;6;7;13"
Root_7943,103.635322,23.443104,8,"0;1;2;4;5;6;7;13"
Root_7944,355.946083,43.720864,7,"1;2;4;5;6;7;13"
Root_7945,150.027683,28.772704,7,"0;2;4;5;6;7;13"
Root_7946,399.975405,48.350464,6,"2;4;5;6;7;13"
Root_7947,108.139002,24.369024,7,"0;1;4;5;6;7;13"
Root_7948,362.527523,44.646784,6,"1;4;5;6;7;13"
Root_7949,154.757283,29.698624,6,"0;4;5;6;7;13"
Root_7950,406.782765,49.276384,5,"4;5;6;7;13"
Root_7951,105.795802,23.751744,8,"0;1;2;3;5;6;7;13"
Root_7952,359.032483,44.029504,7,"1;2;3;5;6;7;13"
Root_7953,152.496803,29.081344,7,"0;2;3;5;6;7;13"
Root_7954,403.370445,48.659104,6,"2;3;5;6;7;13"
Root_7955,110.299482,24.677664,7,"0;1;3;5;6;7;13"
Root_7956,365.613923,44.955424,6,"1;3;5;6;7;13"
Root_7957,157.233667,30.007264,6,"0;3;5;6;7;13"
Root_7958,410.177805,49.585024,5,"3;5;6;7;13"
Root_7959,110.708090,25.665312,7,"0;1;2;5;6;7;13"
Root_7960,369.685475,45.943072,6,"1;2;5;6;7;13"
Root_7961,160.317571,30.994912,6,"0;2;5;6;7;13"
Root_7962,415.937005,50.572672,5,"2;5;6;7;13"
Root_7963,115.437690,26.591232,6,"0;1;5;6;7;13"
Root_7964,376.492835,46.868992,5,"1;5;6;7;13"
Root_7965,166.199011,31.920832,5,"0;5;6;7;13"
Root_7966,422.970285,51.498592,4,"5;6;7;13"
Root_7967,108.710746,23.072736,8,"0;1;2;3;4;6;7;13"
Root_7968,352.983139,43.350496,7,"1;2;3;4;6;7;13"
Root_7969,149.403139,28.402336,7,"0;2;3;4;6;7;13"
Root_7970,396.642093,47.980096,6,"2;3;4;6;7;13"
Root_7971,112.288506,23.998656,7,"0;1;3;4;6;7;13"
Root_7972,359.564579,44.276416,6,"1;3;4;6;7;13"
Root_7973,153.206819,29.328256,6,"0;3;4;6;7;13"
Root_7974,403.449453,48.906016,5,"3;4;6;7;13"
Root_7975,111.339098,24.986304,7,"0;1;2;4;6;7;13"
Root_7976,363.265763,45.264064,6,"1;2;4;6;7;13"
Root_7977,154.576867,30.315904,6,"0;2;4;6;7;13"
Root_7978,408.838285,49.893664,5,"2;4;6;7;13"
Root_7979,115.142778,25.912224,6,"0;1;4;6;7;13"
Root_7980,370.073123,46.189984,5,"1;4;6;7;13"
Root_7981,160.458307,31.241824,5,"0;4;6;7;13"
Root_7982,415.871565,50.819584,4,"4;6;7;13"
Root_7983,113.190938,25.294944,7,"0;1;2;3;6;7;13"
Root_7984,366.352163,45.572704,6,"1;2;3;6;7;13"
Root_7985,157.354627,30.624544,6,"0;2;3;6;7;13"
Root_7986,412.233325,50.202304,5,"2;3;6;7;13"
Root_7987,116.994618,26.220864,6,"0;1;3;6;7;13"
Root_7988,373.159523,46.498624,5,"1;3;6;7;13"
Root_7989,163.236067,31.550464,5,"0;3;6;7;13"
Root_7990,419.266605,51.128224,4,"3;6;7;13"
Root_7991,117.941370,27.208512,6,"0;1;2;6;7;13"
Root_7992,378.548355,47.486272,5,"1;2;6;7;13"
Root_7993,167.637251,32.538112,5,"0;2;6;7;13"
Root_7994,426.343085,52.115872,4,"2;6;7;13"
Root_7995,122.896890,28.134432,5,"0;1;6;7;13"
Root_7996,385.581635,48.412192,4,"1;6;7;13"
Root_7997,174.208643,33.464032,4,"0;6;7;13"
Root_7998,433.602285,53.041792,3,"6;7;13"
Root_7999,112.469974,23.955446,8,"0;1;2;3;4;5;7;13"
Root_8000,361.273210,44.233206,7,"1;2;3;4;5;7;13"
Root_8001,154.330125,29.285046,7,"0;2;3;4;5;7;13"
Root_8002,405.814874,48.862806,6,"2;3;4;5;7;13"
Root_8003,116.047734,24.881366,7,"0;1;3;4;5;7;13"
Root_8004,367.854650,45.159126,6,"1;3;4;5;7;13"
Root_8005,159.270691,30.210966,6,"0;3;4;5;7;13"
Root_8006,412.622234,49.788726,5,"3;4;5;7;13"
Root_8007,115.468694,25.869014,7,"0;1;2;4;5;7;13"
Root_8008,371.926202,46.146774,6,"1;2;4;5;7;13"
Root_8009,162.354595,31.198614,6,"0;2;4;5;7;13"
Root_8010,418.381434,50.776374,5,"2;4;5;7;13"
Root_8011,119.272374,26.794934,6,"0;1;4;5;7;13"
Root_8012,378.733562,47.072694,5,"1;4;5;7;13"
Root_8013,168.236035,32.124534,5,"0;4;5;7;13"
Root_8014,425.414714,51.702294,4,"4;5;7;13"
Root_8015,117.629174,26.177654,7,"0;1;2;3;5;7;13"
Root_8016,375.321242,46.455414,6,"1;2;3;5;7;13"
Root_8017,165.440995,31.507254,6,"0;2;3;5;7;13"
Root_8018,422.085114,51.085014,5,"2;3;5;7;13"
Root_8019,121.536429,27.103574,6,"0;1;3;5;7;13"
Root_8020,382.128602,47.381334,5,"1;3;5;7;13"
Root_8021,171.322435,32.433174,5,"0;3;5;7;13"
Root_8022,429.118394,52.010934,4,"3;5;7;13"
Root_8023,123.632685,28.091222,6,"0;1;2;5;7;13"
Root_8024,387.887802,48.368982,5,"1;2;5;7;13"
Root_8025,176.514810,33.420822,5,"0;2;5;7;13"
Root_8026,436.565242,52.998582,4,"2;5;7;13"
Root_8027,128.605347,29.017142,5,"0;1;5;7;13"
Root_8028,394.921082,49.294902,4,"1;5;7;13"
Root_8029,183.548090,34.346742,4,"0;5;7;13"
Root_8030,443.824442,53.924502,3,"5;7;13"
Root_8031,118.118208,25.498646,7,"0;1;2;3;4;7;13"
Root_8032,368.592890,45.776406,6,"1;2;3;4;7;13"
Root_8033,159.391651,30.828246,6,"0;2;3;4;7;13"
Root_8034,414.677754,50.406006,5,"2;3;4;7;13"
Root_8035,125.195968,26.424566,6,"0;1;3;4;7;13"
Root_8036,378.900250,46.702326,5,"1;3;4;7;13"
Root_8037,168.773091,31.754166,5,"0;3;4;7;13"
Root_8038,424.511034,51.331926,4,"3;4;7;13"
Root_8039,121.158774,27.412214,6,"0;1;2;4;7;13"
Root_8040,380.789082,47.689974,5,"1;2;4;7;13"
Root_8041,169.674275,32.741814,5,"0;2;4;7;13"
Root_8042,428.787514,52.319574,4,"2;4;7;13"
Root_8043,128.688374,28.338134,5,"0;1;4;7;13"
Root_8044,390.622362,48.615894,4,"1;4;7;13"
Root_8045,179.249370,33.667734,4,"0;4;7;13"
Root_8046,438.146714,53.245494,3,"4;7;13"
Root_8047,123.319254,27.720854,6,"0;1;2;3;7;13"
Root_8048,384.184122,47.998614,5,"1;2;3;7;13"
Root_8049,172.811130,33.050454,5,"0;2;3;7;13"
Root_8050,432.491194,52.628214,4,"2;3;7;13"
Root_8051,137.848854,28.646774,5,"0;1;3;7;13"
Root_8052,399.617402,48.924534,4,"1;3;7;13"
Root_8053,188.244410,33.976374,4,"0;3;7;13"
Root_8054,446.050394,53.554134,3,"3;7;13"
Root_8055,130.409165,29.634422,5,"0;1;2;7;13"
Root_8056,398.293882,49.912182,4,"1;2;7;13"
Root_8057,186.920890,34.964022,4,"0;2;7;13"
Root_8058,448.514522,54.541782,3,"2;7;13"
Root_8059,145.111290,30.560342,4,"0;1;7;13"
Root_8060,411.853082,50.838102,3,"1;7;13"
Root_8061,200.480090,35.889942,3,"0;7;13"
Root_8062,460.199642,55.467702,2,"7;13"
Root_8063,118.506979,24.554208,8,"0;1;2;3;4;5;6;13"
Root_8064,368.458349,44.831968,7,"1;2;3;4;5;6;13"
Root_8065,160.680845,29.883808,7,"0;2;3;4;5;6;13"
Root_8066,413.598774,49.461568,6,"2;3;4;5;6;13"
Root_8067,122.084739,25.480128,7,"0;1;3;4;5;6;13"
Root_8068,375.039789,45.757888,6,"1;3;4;5;6;13"
Root_8069,166.103981,30.809728,6,"0;3;4;5;6;13"
Root_8070,420.406134,50.387488,5,"3;4;5;6;13"
Root_8071,121.505699,26.467776,7,"0;1;2;4;5;6;13"
Root_8072,379.111341,46.745536,6,"1;2;4;5;6;13"
Root_8073,169.187885,31.797376,6,"0;2;4;5;6;13"
Root_8074,426.165334,51.375136,5,"2;4;5;6;13"
Root_8075,125.703075,27.393696,6,"0;1;4;5;6;13"
Root_8076,385.918701,47.671456,5,"1;4;5;6;13"
Root_8077,175.069325,32.723296,5,"0;4;5;6;13"
Root_8078,433.198614,52.301056,4,"4;5;6;13"
Root_8079,123.666179,26.776416,7,"0;1;2;3;5;6;13"
Root_8080,382.506381,47.054176,6,"1;2;3;5;6;13"
Root_8081,172.274285,32.106016,6,"0;2;3;5;6;13"
Root_8082,429.869014,51.683776,5,"2;3;5;6;13"
Root_8083,128.172195,27.702336,6,"0;1;3;5;6;13"
Root_8084,389.313741,47.980096,5,"1;3;5;6;13"
Root_8085,178.187661,33.031936,5,"0;3;5;6;13"
Root_8086,436.902294,52.609696,4,"3;5;6;13"
Root_8087,130.268451,28.689984,6,"0;1;2;5;6;13"
Root_8088,395.072941,48.967744,5,"1;2;5;6;13"
Root_8089,183.946861,34.019584,5,"0;2;5;6;13"
Root_8090,444.349142,53.597344,4,"2;5;6;13"
Root_8091,135.223971,29.615904,5,"0;1;5;6;13"
Root_8092,402.106221,49.893664,4,"1;5;6;13"
Root_8093,190.980141,34.945504,4,"0;5;6;13"
Root_8094,451.608342,54.523264,3,"5;6;13"
Root_8095,123.556451,26.097408,7,"0;1;2;3;4;6;13"
Root_8096,375.778029,46.375168,6,"1;2;3;4;6;13"
Root_8097,166.224941,31.427008,6,"0;2;3;4;6;13"
Root_8098,422.461654,51.004768,5,"2;3;4;6;13"
Root_8099,126.457539,27.023328,6,"0;1;3;4;6;13"
Root_8100,382.585389,47.301088,5,"1;3;4;6;13"
Root_8101,172.106381,32.352928,5,"0;3;4;6;13"
Root_8102,429.494934,51.930688,4,"3;4;6;13"
Root_8103,127.195779,28.010976,6,"0;1;2;4;6;13"
Root_8104,387.974221,48.288736,5,"1;2;4;6;13"
Root_8105,176.848141,33.340576,5,"0;2;4;6;13"
Root_8106,436.571414,52.918336,4,"2;4;6;13"
Root_8107,131.225379,28.936896,5,"0;1;4;6;13"
Root_8108,395.007501,49.214656,4,"1;4;6;13"
Root_8109,183.881421,34.266496,4,"0;4;6;13"
Root_8110,443.830614,53.844256,3,"4;6;13"
Root_8111,129.356259,28.319616,6,"0;1;2;3;6;13"
Root_8112,391.369261,48.597376,5,"1;2;3;6;13"
Root_8113,180.243181,33.649216,5,"0;2;3;6;13"
Root_8114,440.275094,53.226976,4,"2;3;6;13"
Root_8115,133.385859,29.245536,5,"0;1;3;6;13"
Root_8116,398.402541,49.523296,4,"1;3;6;13"
Root_8117,187.276461,34.575136,4,"0;3;6;13"
Root_8118,447.534294,54.152896,3,"3;6;13"
Root_8119,136.511299,30.233184,5,"0;1;2;6;13"
Root_8120,405.479021,50.510944,4,"1;2;6;13"
Root_8121,194.352941,35.562784,4,"0;2;6;13"
Root_8122,456.298422,55.140544,3,"2;6;13"
Root_8123,143.544579,31.159104,4,"0;1;6;13"
Root_8124,412.738221,51.436864,3,"1;6;13"
Root_8125,201.612141,36.488704,3,"0;6;13"
Root_8126,463.783542,56.066464,2,"6;13"
Root_8127,127.315680,26.980118,7,"0;1;2;3;4;5;13"
Root_8128,384.950810,47.257878,6,"1;2;3;4;5;13"
Root_8129,174.515011,32.309718,6,"0;2;3;4;5;13"
Root_8130,432.517146,51.887478,5,"2;3;4;5;13"
Root_8131,131.099478,27.906038,6,"0;1;3;4;5;13"
Root_8132,391.758170,48.183798,5,"1;3;4;5;13"
Root_8133,180.632090,33.235638,5,"0;3;4;5;13"
Root_8134,439.550426,52.813398,4,"3;4;5;13"
Root_8135,132.208086,28.893686,6,"0;1;2;4;5;13"
Root_8136,397.517370,49.171446,5,"1;2;4;5;13"
Root_8137,186.391290,34.223286,5,"0;2;4;5;13"
Root_8138,446.997274,53.801046,4,"2;4;5;13"
Root_8139,137.057293,29.819606,5,"0;1;4;5;13"
Root_8140,404.550650,50.097366,4,"1;4;5;13"
Root_8141,193.424570,35.149206,4,"0;4;5;13"
Root_8142,454.256474,54.726966,3,"4;5;13"
Root_8143,134.879533,29.202326,6,"0;1;2;3;5;13"
Root_8144,401.221050,49.480086,5,"1;2;3;5;13"
Root_8145,190.094970,34.531926,5,"0;2;3;5;13"
Root_8146,451.009594,54.109686,4,"2;3;5;13"
Root_8147,140.091546,30.128246,5,"0;1;3;5;13"
Root_8148,408.254330,50.406006,4,"1;3;5;13"
Root_8149,197.128250,35.457846,4,"0;3;5;13"
Root_8150,458.268794,55.035606,3,"3;5;13"
Root_8151,145.850746,31.115894,5,"0;1;2;5;13"
Root_8152,415.701178,51.393654,4,"1;2;5;13"
Root_8153,204.575098,36.445494,4,"0;2;5;13"
Root_8154,467.403290,56.023254,3,"2;5;13"
Root_8155,152.884026,32.041814,4,"0;1;5;13"
Root_8156,422.960378,52.319574,3,"1;5;13"
Root_8157,211.834298,37.371414,3,"0;5;13"
Root_8158,474.888410,56.949174,2,"5;13"
Root_8159,131.462560,28.523318,6,"0;1;2;3;4;13"
Root_8160,393.813690,48.801078,5,"1;2;3;4;13"
Root_8161,182.687610,33.852918,5,"0;2;3;4;13"
Root_8162,442.923226,53.430678,4,"2;3;4;13"
Root_8163,138.515478,29.449238,5,"0;1;3;4;13"
Root_8164,403.646970,49.726998,4,"1;3;4;13"
Root_8165,192.520890,34.778838,4,"0;3;4;13"
Root_8166,452.282426,54.356598,3,"3;4;13"
Root_8167,138.752026,30.436886,5,"0;1;2;4;13"
Root_8168,407.923450,50.714646,4,"1;2;4;13"
Root_8169,196.797370,35.766486,4,"0;2;4;13"
Root_8170,458.946554,55.344246,3,"2;4;13"
Root_8171,148.585306,31.362806,4,"0;1;4;13"
Root_8172,417.282650,51.640566,3,"1;4;13"
Root_8173,206.156570,36.692406,3,"0;4;13"
Root_8174,467.831674,56.270166,2,"4;13"
Root_8175,142.147066,30.745526,5,"0;1;2;3;13"
Root_8176,411.627130,51.023286,4,"1;2;3;13"
Root_8177,200.501050,36.075126,4,"0;2;3;13"
Root_8178,462.958874,55.652886,3,"2;3;13"
Root_8179,157.580346,31.671446,4,"0;1;3;13"
Root_8180,425.186330,51.949206,3,"1;3;13"
Root_8181,214.060250,37.001046,3,"0;3;13"
Root_8182,474.643994,56.578806,2,"3;13"
Root_8183,156.256826,32.659094,4,"0;1;2;13"
Root_8184,427.650458,52.936854,3,"1;2;13"
Root_8185,216.524378,37.988694,3,"0;2;13"
Root_8186,480.895770,57.566454,2,"2;13"
Root_8187,169.816026,33.585014,3,"0;1;13"
Root_8188,439.335578,53.862774,2,"1;13"
Root_8189,228.209498,38.914614,2,"0;13"
Root_8190,490.706810,58.492374,1,"13"
Root_8191,53.741018,8.813568,13,"0;1;2;3;4;5;6;7;8;9;10;11;12"
Root_8192,262.731942,29.091328,12,"1;2;3;4;5;6;7;8;9;10;11;12"
Root_8193,85.023334,14.143168,12,"0;2;3;4;5;6;7;8;9;10;11;12"
Root_8194,292.831728,33.720928,11,"2;3;4;5;6;7;8;9;10;11;12"
Root_8195,53.741018,9.739488,12,"0;1;3;4;5;6;7;8;9;10;11;12"
Root_8196,261.183782,30.017248,11,"1;3;4;5;6;7;8;9;10;11;12"
Root_8197,83.554246,15.069088,11,"0;3;4;5;6;7;8;9;10;11;12"
Root_8198,292.209488,34.646848,10,"3;4;5;6;7;8;9;10;11;12"
Root_8199,57.197818,10.727136,12,"0;1;2;4;5;6;7;8;9;10;11;12"
Root_8200,265.566470,31.004896,11,"1;2;4;5;6;7;8;9;10;11;12"
Root_8201,90.233254,16.056736,11,"0;2;4;5;6;7;8;9;10;11;12"
Root_8202,297.579824,35.634496,10,"2;4;5;6;7;8;9;10;11;12"
Root_8203,57.197818,11.653056,11,"0;1;4;5;6;7;8;9;10;11;12"
Root_8204,264.944230,31.930816,10,"1;4;5;6;7;8;9;10;11;12"
Root_8205,86.850598,16.982656,10,"0;4;5;6;7;8;9;10;11;12"
Root_8206,297.883504,36.560416,9,"4;5;6;7;8;9;10;11;12"
Root_8207,53.741018,11.035776,12,"0;1;2;3;5;6;7;8;9;10;11;12"
Root_8208,267.726950,31.313536,11,"1;2;3;5;6;7;8;9;10;11;12"
Root_8209,85.850534,16.365376,11,"0;2;3;5;6;7;8;9;10;11;12"
Root_8210,300.048944,35.943136,10,"2;3;5;6;7;8;9;10;11;12"
Root_8211,53.741018,11.961696,11,"0;1;3;5;6;7;8;9;10;11;12"
Root_8212,267.104710,32.239456,10,"1;3;5;6;7;8;9;10;11;12"
Root_8213,82.450534,17.291296,10,"0;3;5;6;7;8;9;10;11;12"
Root_8214,300.352624,36.869056,9,"3;5;6;7;8;9;10;11;12"
Root_8215,57.473082,12.949344,11,"0;1;2;5;6;7;8;9;10;11;12"
Root_8216,272.475046,33.227104,10,"1;2;5;6;7;8;9;10;11;12"
Root_8217,89.425830,18.278944,10,"0;2;5;6;7;8;9;10;11;12"
Root_8218,306.710608,37.856704,9,"2;5;6;7;8;9;10;11;12"
Root_8219,57.197818,13.875264,10,"0;1;5;6;7;8;9;10;11;12"
Root_8220,272.778726,34.153024,9,"1;5;6;7;8;9;10;11;12"
Root_8221,86.951750,19.204864,9,"0;5;6;7;8;9;10;11;12"
Root_8222,307.940208,38.782624,8,"5;6;7;8;9;10;11;12"
Root_8223,58.169466,10.356768,12,"0;1;2;3;4;6;7;8;9;10;11;12"
Root_8224,263.652902,30.634528,11,"1;2;3;4;6;7;8;9;10;11;12"
Root_8225,93.486448,15.686368,11,"0;2;3;4;6;7;8;9;10;11;12"
Root_8226,295.295888,35.264128,10,"2;3;4;6;7;8;9;10;11;12"
Root_8227,58.169466,11.282688,11,"0;1;3;4;6;7;8;9;10;11;12"
Root_8228,263.030662,31.560448,10,"1;3;4;6;7;8;9;10;11;12"
Root_8229,90.474160,16.612288,10,"0;3;4;6;7;8;9;10;11;12"
Root_8230,295.599568,36.190048,9,"3;4;6;7;8;9;10;11;12"
Root_8231,61.642234,12.270336,11,"0;1;2;4;6;7;8;9;10;11;12"
Root_8232,268.030630,32.548096,10,"1;2;4;6;7;8;9;10;11;12"
Root_8233,97.313584,17.599936,10,"0;2;4;6;7;8;9;10;11;12"
Root_8234,301.587184,37.177696,9,"2;4;6;7;8;9;10;11;12"
Root_8235,61.642234,13.196256,10,"0;1;4;6;7;8;9;10;11;12"
Root_8236,268.334310,33.474016,9,"1;4;6;7;8;9;10;11;12"
Root_8237,93.913584,18.525856,9,"0;4;6;7;8;9;10;11;12"
Root_8238,302.816784,38.103616,8,"4;6;7;8;9;10;11;12"
Root_8239,58.169466,12.578976,11,"0;1;2;3;6;7;8;9;10;11;12"
Root_8240,270.191110,32.856736,10,"1;2;3;6;7;8;9;10;11;12"
Root_8241,92.930864,17.908576,10,"0;2;3;6;7;8;9;10;11;12"
Root_8242,304.056304,37.486336,9,"2;3;6;7;8;9;10;11;12"
Root_8243,58.169466,13.504896,10,"0;1;3;6;7;8;9;10;11;12"
Root_8244,270.494790,33.782656,9,"1;3;6;7;8;9;10;11;12"
Root_8245,90.365360,18.834496,9,"0;3;6;7;8;9;10;11;12"
Root_8246,305.285904,38.412256,8,"3;6;7;8;9;10;11;12"
Root_8247,63.460698,14.492544,10,"0;1;2;6;7;8;9;10;11;12"
Root_8248,276.482406,34.770304,9,"1;2;6;7;8;9;10;11;12"
Root_8249,96.506160,19.822144,9,"0;2;6;7;8;9;10;11;12"
Root_8250,312.261168,39.399904,8,"2;6;7;8;9;10;11;12"
Root_8251,61.642234,15.418464,9,"0;1;6;7;8;9;10;11;12"
Root_8252,277.712006,35.696224,8,"1;6;7;8;9;10;11;12"
Root_8253,94.032080,20.748064,8,"0;6;7;8;9;10;11;12"
Root_8254,314.416688,40.325824,7,"6;7;8;9;10;11;12"
Root_8255,60.682899,11.239478,12,"0;1;2;3;4;5;7;8;9;10;11;12"
Root_8256,269.356570,31.517238,11,"1;2;3;4;5;7;8;9;10;11;12"
Root_8257,96.844246,16.569078,11,"0;2;3;4;5;7;8;9;10;11;12"
Root_8258,301.882266,36.146838,10,"2;3;4;5;7;8;9;10;11;12"
Root_8259,60.682899,12.165398,11,"0;1;3;4;5;7;8;9;10;11;12"
Root_8260,268.734330,32.443158,10,"1;3;4;5;7;8;9;10;11;12"
Root_8261,93.444246,17.494998,10,"0;3;4;5;7;8;9;10;11;12"
Root_8262,302.185946,37.072758,9,"3;4;5;7;8;9;10;11;12"
Root_8263,65.174218,13.153046,11,"0;1;2;4;5;7;8;9;10;11;12"
Root_8264,274.104666,33.430806,10,"1;2;4;5;7;8;9;10;11;12"
Root_8265,99.936896,18.482646,10,"0;2;4;5;7;8;9;10;11;12"
Root_8266,308.543930,38.060406,9,"2;4;5;7;8;9;10;11;12"
Root_8267,64.695251,14.078966,10,"0;1;4;5;7;8;9;10;11;12"
Root_8268,274.408346,34.356726,9,"1;4;5;7;8;9;10;11;12"
Root_8269,96.536896,19.408566,9,"0;4;5;7;8;9;10;11;12"
Root_8270,309.773530,38.986326,8,"4;5;7;8;9;10;11;12"
Root_8271,61.470506,13.461686,11,"0;1;2;3;5;7;8;9;10;11;12"
Root_8272,276.573786,33.739446,10,"1;2;3;5;7;8;9;10;11;12"
Root_8273,96.345462,18.791286,10,"0;2;3;5;7;8;9;10;11;12"
Root_8274,311.321690,38.369046,9,"2;3;5;7;8;9;10;11;12"
Root_8275,60.682899,14.387606,10,"0;1;3;5;7;8;9;10;11;12"
Root_8276,276.877466,34.665366,9,"1;3;5;7;8;9;10;11;12"
Root_8277,93.871382,19.717206,9,"0;3;5;7;8;9;10;11;12"
Root_8278,312.551290,39.294966,8,"3;5;7;8;9;10;11;12"
Root_8279,66.991539,15.375254,10,"0;1;2;5;7;8;9;10;11;12"
Root_8280,283.235450,35.653014,9,"1;2;5;7;8;9;10;11;12"
Root_8281,99.129472,20.704854,9,"0;2;5;7;8;9;10;11;12"
Root_8282,319.896922,40.282614,8,"2;5;7;8;9;10;11;12"
Root_8283,64.290365,16.301174,9,"0;1;5;7;8;9;10;11;12"
Root_8284,284.465050,36.578934,8,"1;5;7;8;9;10;11;12"
Root_8285,96.655392,21.630774,8,"0;5;7;8;9;10;11;12"
Root_8286,322.052442,41.208534,7,"5;7;8;9;10;11;12"
Root_8287,66.998816,12.782678,11,"0;1;2;3;4;7;8;9;10;11;12"
Root_8288,271.820730,33.060438,10,"1;2;3;4;7;8;9;10;11;12"
Root_8289,104.375306,18.112278,10,"0;2;3;4;7;8;9;10;11;12"
Root_8290,305.889626,37.690038,9,"2;3;4;7;8;9;10;11;12"
Root_8291,66.890218,13.708598,10,"0;1;3;4;7;8;9;10;11;12"
Root_8292,272.124410,33.986358,9,"1;3;4;7;8;9;10;11;12"
Root_8293,100.975306,19.038198,9,"0;3;4;7;8;9;10;11;12"
Root_8294,307.119226,38.615958,8,"3;4;7;8;9;10;11;12"
Root_8295,72.890218,14.696246,10,"0;1;2;4;7;8;9;10;11;12"
Root_8296,278.112026,34.974006,9,"1;2;4;7;8;9;10;11;12"
Root_8297,105.924755,20.025846,9,"0;2;4;7;8;9;10;11;12"
Root_8298,314.094490,39.603606,8,"2;4;7;8;9;10;11;12"
Root_8299,70.868051,15.622166,9,"0;1;4;7;8;9;10;11;12"
Root_8300,279.341626,35.899926,8,"1;4;7;8;9;10;11;12"
Root_8301,102.524755,20.951766,8,"0;4;7;8;9;10;11;12"
Root_8302,316.250010,40.529526,7,"4;7;8;9;10;11;12"
Root_8303,69.186506,15.004886,10,"0;1;2;3;7;8;9;10;11;12"
Root_8304,280.581146,35.282646,9,"1;2;3;7;8;9;10;11;12"
Root_8305,103.876522,20.334486,9,"0;2;3;7;8;9;10;11;12"
Root_8306,316.872250,39.912246,8,"2;3;7;8;9;10;11;12"
Root_8307,66.855699,15.930806,9,"0;1;3;7;8;9;10;11;12"
Root_8308,281.810746,36.208566,8,"1;3;7;8;9;10;11;12"
Root_8309,101.402442,21.260406,8,"0;3;7;8;9;10;11;12"
Root_8310,319.027770,40.838166,7,"3;7;8;9;10;11;12"
Root_8311,73.164339,16.918454,9,"0;1;2;7;8;9;10;11;12"
Root_8312,288.786010,37.196214,8,"1;2;7;8;9;10;11;12"
Root_8313,105.117331,22.248054,8,"0;2;7;8;9;10;11;12"
Root_8314,326.990682,41.825814,7,"2;7;8;9;10;11;12"
Root_8315,69.764339,17.844374,8,"0;1;7;8;9;10;11;12"
Root_8316,290.941530,38.122134,7,"1;7;8;9;10;11;12"
Root_8317,102.817226,23.173974,7,"0;7;8;9;10;11;12"
Root_8318,330.072122,42.751734,6,"7;8;9;10;11;12"
Root_8319,63.665350,11.838240,12,"0;1;2;3;4;5;6;8;9;10;11;12"
Root_8320,275.177520,32.116000,11,"1;2;3;4;5;6;8;9;10;11;12"
Root_8321,101.801126,17.167840,11,"0;2;3;4;5;6;8;9;10;11;12"
Root_8322,308.301978,36.745600,10,"2;3;4;5;6;8;9;10;11;12"
Root_8323,63.665350,12.764160,11,"0;1;3;4;5;6;8;9;10;11;12"
Root_8324,274.555280,33.041920,10,"1;3;4;5;6;8;9;10;11;12"
Root_8325,98.401126,18.093760,10,"0;3;4;5;6;8;9;10;11;12"
Root_8326,308.605658,37.671520,9,"3;4;5;6;8;9;10;11;12"
Root_8327,68.755430,13.751808,11,"0;1;2;4;5;6;8;9;10;11;12"
Root_8328,279.925616,34.029568,10,"1;2;4;5;6;8;9;10;11;12"
Root_8329,104.295014,19.081408,10,"0;2;4;5;6;8;9;10;11;12"
Root_8330,314.963642,38.659168,9,"2;4;5;6;8;9;10;11;12"
Root_8331,67.677702,14.677728,10,"0;1;4;5;6;8;9;10;11;12"
Root_8332,280.229296,34.955488,9,"1;4;5;6;8;9;10;11;12"
Root_8333,100.895014,20.007328,9,"0;4;5;6;8;9;10;11;12"
Root_8334,316.193242,39.585088,8,"4;5;6;8;9;10;11;12"
Root_8335,65.051718,14.060448,11,"0;1;2;3;5;6;8;9;10;11;12"
Root_8336,282.394736,34.338208,10,"1;2;3;5;6;8;9;10;11;12"
Root_8337,101.302342,19.390048,10,"0;2;3;5;6;8;9;10;11;12"
Root_8338,317.741402,38.967808,9,"2;3;5;6;8;9;10;11;12"
Root_8339,63.665350,14.986368,10,"0;1;3;5;6;8;9;10;11;12"
Root_8340,282.698416,35.264128,9,"1;3;5;6;8;9;10;11;12"
Root_8341,98.828262,20.315968,9,"0;3;5;6;8;9;10;11;12"
Root_8342,318.971002,39.893728,8,"3;5;6;8;9;10;11;12"
Root_8343,69.973990,15.974016,10,"0;1;2;5;6;8;9;10;11;12"
Root_8344,289.056400,36.251776,9,"1;2;5;6;8;9;10;11;12"
Root_8345,103.487590,21.303616,9,"0;2;5;6;8;9;10;11;12"
Root_8346,326.316634,40.881376,8,"2;5;6;8;9;10;11;12"
Root_8347,66.674054,16.899936,9,"0;1;5;6;8;9;10;11;12"
Root_8348,290.286000,37.177696,8,"1;5;6;8;9;10;11;12"
Root_8349,101.013510,22.229536,8,"0;5;6;8;9;10;11;12"
Root_8350,328.472154,41.807296,7,"5;6;8;9;10;11;12"
Root_8351,71.143322,13.381440,11,"0;1;2;3;4;6;8;9;10;11;12"
Root_8352,277.641680,33.659200,10,"1;2;3;4;6;8;9;10;11;12"
Root_8353,108.449360,18.711040,10,"0;2;3;4;6;8;9;10;11;12"
Root_8354,312.309338,38.288800,9,"2;3;4;6;8;9;10;11;12"
Root_8355,70.435962,14.307360,10,"0;1;3;4;6;8;9;10;11;12"
Root_8356,277.945360,34.585120,9,"1;3;4;6;8;9;10;11;12"
Root_8357,105.049360,19.636960,9,"0;3;4;6;8;9;10;11;12"
Root_8358,313.538938,39.214720,8,"3;4;6;8;9;10;11;12"
Root_8359,76.884026,15.295008,10,"0;1;2;4;6;8;9;10;11;12"
Root_8360,283.932976,35.572768,9,"1;2;4;6;8;9;10;11;12"
Root_8361,109.400048,20.624608,9,"0;2;4;6;8;9;10;11;12"
Root_8362,320.514202,40.202368,8,"2;4;6;8;9;10;11;12"
Root_8363,74.263098,16.220928,9,"0;1;4;6;8;9;10;11;12"
Root_8364,285.162576,36.498688,8,"1;4;6;8;9;10;11;12"
Root_8365,106.000048,21.550528,8,"0;4;6;8;9;10;11;12"
Root_8366,322.669722,41.128288,7,"4;6;8;9;10;11;12"
Root_8367,72.732250,15.603648,10,"0;1;2;3;6;8;9;10;11;12"
Root_8368,286.402096,35.881408,9,"1;2;3;6;8;9;10;11;12"
Root_8369,107.950576,20.933248,9,"0;2;3;6;8;9;10;11;12"
Root_8370,323.291962,40.511008,8,"2;3;6;8;9;10;11;12"
Root_8371,69.802682,16.529568,9,"0;1;3;6;8;9;10;11;12"
Root_8372,287.631696,36.807328,8,"1;3;6;8;9;10;11;12"
Root_8373,105.476496,21.859168,8,"0;3;6;8;9;10;11;12"
Root_8374,325.447482,41.436928,7,"3;6;8;9;10;11;12"
Root_8375,76.559386,17.517216,9,"0;1;2;6;8;9;10;11;12"
Root_8376,294.606960,37.794976,8,"1;2;6;8;9;10;11;12"
Root_8377,108.592624,22.846816,8,"0;2;6;8;9;10;11;12"
Root_8378,333.410394,42.424576,7,"2;6;8;9;10;11;12"
Root_8379,73.602522,18.443136,8,"0;1;6;8;9;10;11;12"
Root_8380,296.762480,38.720896,7,"1;6;8;9;10;11;12"
Root_8381,106.891280,23.772736,7,"0;6;8;9;10;11;12"
Root_8382,336.491834,43.350496,6,"6;8;9;10;11;12"
Root_8383,75.773942,14.264150,11,"0;1;2;3;4;5;8;9;10;11;12"
Root_8384,284.228058,34.541910,10,"1;2;3;4;5;8;9;10;11;12"
Root_8385,111.504768,19.593750,10,"0;2;3;4;5;8;9;10;11;12"
Root_8386,319.778426,39.171510,9,"2;3;4;5;8;9;10;11;12"
Root_8387,74.183872,15.190070,10,"0;1;3;4;5;8;9;10;11;12"
Root_8388,284.531738,35.467830,9,"1;3;4;5;8;9;10;11;12"
Root_8389,108.104768,20.519670,9,"0;3;4;5;8;9;10;11;12"
Root_8390,321.008026,40.097430,8,"3;4;5;8;9;10;11;12"
Root_8391,80.862880,16.177718,10,"0;1;2;4;5;8;9;10;11;12"
Root_8392,290.889722,36.455478,9,"1;2;4;5;8;9;10;11;12"
Root_8393,111.572746,21.507318,9,"0;2;4;5;8;9;10;11;12"
Root_8394,328.353658,41.085078,8,"2;4;5;8;9;10;11;12"
Root_8395,77.462880,17.103638,9,"0;1;4;5;8;9;10;11;12"
Root_8396,292.119322,37.381398,8,"1;4;5;8;9;10;11;12"
Root_8397,108.172746,22.433238,8,"0;4;5;8;9;10;11;12"
Root_8398,330.509178,42.010998,7,"4;5;8;9;10;11;12"
Root_8399,76.480160,16.486358,10,"0;1;2;3;5;8;9;10;11;12"
Root_8400,293.667482,36.764118,9,"1;2;3;5;8;9;10;11;12"
Root_8401,111.005984,21.815958,9,"0;2;3;5;8;9;10;11;12"
Root_8402,331.440058,41.393718,8,"2;3;5;8;9;10;11;12"
Root_8403,73.080160,17.412278,9,"0;1;3;5;8;9;10;11;12"
Root_8404,294.897082,37.690038,8,"1;3;5;8;9;10;11;12"
Root_8405,108.531904,22.741878,8,"0;3;5;8;9;10;11;12"
Root_8406,333.595578,42.319638,7,"3;5;8;9;10;11;12"
Root_8407,80.055456,18.399926,9,"0;1;2;5;8;9;10;11;12"
Root_8408,302.242714,38.677686,8,"1;2;5;8;9;10;11;12"
Root_8409,111.494848,23.729526,8,"0;2;5;8;9;10;11;12"
Root_8410,341.928858,43.307286,7,"2;5;8;9;10;11;12"
Root_8411,77.581376,19.325846,8,"0;1;5;8;9;10;11;12"
Root_8412,304.398234,39.603606,7,"1;5;8;9;10;11;12"
Root_8413,109.946688,24.655446,7,"0;5;8;9;10;11;12"
Root_8414,345.010298,44.233206,6,"5;8;9;10;11;12"
Root_8415,83.621139,15.807350,10,"0;1;2;3;4;8;9;10;11;12"
Root_8416,288.235418,36.085110,9,"1;2;3;4;8;9;10;11;12"
Root_8417,116.782634,21.136950,9,"0;2;3;4;8;9;10;11;12"
Root_8418,325.328986,40.714710,8,"2;3;4;8;9;10;11;12"
Root_8419,80.487869,16.733270,9,"0;1;3;4;8;9;10;11;12"
Root_8420,289.465018,37.011030,8,"1;3;4;8;9;10;11;12"
Root_8421,113.382634,22.062870,8,"0;3;4;8;9;10;11;12"
Root_8422,327.484506,41.640630,7,"3;4;8;9;10;11;12"
Root_8423,87.448275,17.720918,9,"0;1;2;4;8;9;10;11;12"
Root_8424,296.440282,37.998678,8,"1;2;4;8;9;10;11;12"
Root_8425,115.357930,23.050518,8,"0;2;4;8;9;10;11;12"
Root_8426,335.447418,42.628278,7,"2;4;8;9;10;11;12"
Root_8427,84.048275,18.646838,8,"0;1;4;8;9;10;11;12"
Root_8428,298.595802,38.924598,7,"1;4;8;9;10;11;12"
Root_8429,112.883850,23.976438,7,"0;4;8;9;10;11;12"
Root_8430,338.528858,43.554198,6,"4;8;9;10;11;12"
Root_8431,83.095114,18.029558,9,"0;1;2;3;8;9;10;11;12"
Root_8432,299.218042,38.307318,8,"1;2;3;8;9;10;11;12"
Root_8433,116.592490,23.359158,8,"0;2;3;8;9;10;11;12"
Root_8434,338.533818,42.936918,7,"2;3;8;9;10;11;12"
Root_8435,80.621034,18.955478,8,"0;1;3;8;9;10;11;12"
Root_8436,301.373562,39.233238,7,"1;3;8;9;10;11;12"
Root_8437,114.118410,24.285078,7,"0;3;8;9;10;11;12"
Root_8438,341.615258,43.862838,6,"3;8;9;10;11;12"
Root_8439,86.640851,19.943126,8,"0;1;2;8;9;10;11;12"
Root_8440,309.336474,40.220886,7,"1;2;8;9;10;11;12"
Root_8441,117.143082,25.272726,7,"0;2;8;9;10;11;12"
Root_8442,350.565818,44.850486,6,"2;8;9;10;11;12"
Root_8443,84.166771,20.869046,7,"0;1;8;9;10;11;12"
Root_8444,312.417914,41.146806,6,"1;8;9;10;11;12"
Root_8445,115.594922,26.198646,6,"0;8;9;10;11;12"
Root_8446,354.573178,45.776406,5,"8;9;10;11;12"
Root_8447,71.653050,13.443168,12,"0;1;2;3;4;5;6;7;9;10;11;12"
Root_8448,292.831728,33.720928,11,"1;2;3;4;5;6;7;9;10;11;12"
Root_8449,112.066480,18.772768,11,"0;2;3;4;5;6;7;9;10;11;12"
Root_8450,327.561114,38.350528,10,"2;3;4;5;6;7;9;10;11;12"
Root_8451,70.883962,14.369088,11,"0;1;3;4;5;6;7;9;10;11;12"
Root_8452,292.209488,34.646848,10,"1;3;4;5;6;7;9;10;11;12"
Root_8453,108.666480,19.698688,10,"0;3;4;5;6;7;9;10;11;12"
Root_8454,327.864794,39.276448,9,"3;4;5;6;7;9;10;11;12"
Root_8455,77.393754,15.356736,11,"0;1;2;4;5;6;7;9;10;11;12"
Root_8456,297.579824,35.634496,10,"1;2;4;5;6;7;9;10;11;12"
Root_8457,112.955440,20.686336,10,"0;2;4;5;6;7;9;10;11;12"
Root_8458,334.222778,40.264096,9,"2;4;5;6;7;9;10;11;12"
Root_8459,74.711098,16.282656,10,"0;1;4;5;6;7;9;10;11;12"
Root_8460,297.883504,36.560416,9,"1;4;5;6;7;9;10;11;12"
Root_8461,109.555440,21.612256,9,"0;4;5;6;7;9;10;11;12"
Root_8462,335.452378,41.190016,8,"4;5;6;7;9;10;11;12"
Root_8463,73.180250,15.665376,11,"0;1;2;3;5;6;7;9;10;11;12"
Root_8464,300.048944,35.943136,10,"1;2;3;5;6;7;9;10;11;12"
Root_8465,111.567696,20.994976,10,"0;2;3;5;6;7;9;10;11;12"
Root_8466,337.000538,40.572736,9,"2;3;5;6;7;9;10;11;12"
Root_8467,70.188954,16.591296,10,"0;1;3;5;6;7;9;10;11;12"
Root_8468,300.352624,36.869056,9,"1;3;5;6;7;9;10;11;12"
Root_8469,109.093616,21.920896,9,"0;3;5;6;7;9;10;11;12"
Root_8470,338.230138,41.498656,8,"3;5;6;7;9;10;11;12"
Root_8471,77.007386,17.578944,10,"0;1;2;5;6;7;9;10;11;12"
Root_8472,306.710608,37.856704,9,"1;2;5;6;7;9;10;11;12"
Root_8473,112.148016,22.908544,9,"0;2;5;6;7;9;10;11;12"
Root_8474,345.575770,42.486304,8,"2;5;6;7;9;10;11;12"
Root_8475,74.112250,18.504864,9,"0;1;5;6;7;9;10;11;12"
Root_8476,307.940208,38.782624,8,"1;5;6;7;9;10;11;12"
Root_8477,110.508400,23.834464,8,"0;5;6;7;9;10;11;12"
Root_8478,347.731290,43.412224,7,"5;6;7;9;10;11;12"
Root_8479,80.039334,14.986368,11,"0;1;2;3;4;6;7;9;10;11;12"
Root_8480,295.295888,35.264128,10,"1;2;3;4;6;7;9;10;11;12"
Root_8481,118.239280,20.315968,10,"0;2;3;4;6;7;9;10;11;12"
Root_8482,331.568474,39.893728,9,"2;3;4;6;7;9;10;11;12"
Root_8483,77.727046,15.912288,10,"0;1;3;4;6;7;9;10;11;12"
Root_8484,295.599568,36.190048,9,"1;3;4;6;7;9;10;11;12"
Root_8485,114.839280,21.241888,9,"0;3;4;6;7;9;10;11;12"
Root_8486,332.798074,40.819648,8,"3;4;6;7;9;10;11;12"
Root_8487,84.406054,16.899936,10,"0;1;2;4;6;7;9;10;11;12"
Root_8488,301.587184,37.177696,9,"1;2;4;6;7;9;10;11;12"
Root_8489,117.585040,22.229536,9,"0;2;4;6;7;9;10;11;12"
Root_8490,339.773338,41.807296,8,"2;4;6;7;9;10;11;12"
Root_8491,81.006054,17.825856,9,"0;1;4;6;7;9;10;11;12"
Root_8492,302.816784,38.103616,8,"1;4;6;7;9;10;11;12"
Root_8493,114.340496,23.155456,8,"0;4;6;7;9;10;11;12"
Root_8494,341.928858,42.733216,7,"4;6;7;9;10;11;12"
Root_8495,80.023334,17.208576,10,"0;1;2;3;6;7;9;10;11;12"
Root_8496,304.056304,37.486336,9,"1;2;3;6;7;9;10;11;12"
Root_8497,117.740496,22.538176,9,"0;2;3;6;7;9;10;11;12"
Root_8498,342.551098,42.115936,8,"2;3;6;7;9;10;11;12"
Root_8499,76.757830,18.134496,9,"0;1;3;6;7;9;10;11;12"
Root_8500,305.285904,38.412256,8,"1;3;6;7;9;10;11;12"
Root_8501,115.266416,23.464096,8,"0;3;6;7;9;10;11;12"
Root_8502,344.706618,43.041856,7,"3;6;7;9;10;11;12"
Root_8503,83.598630,19.122144,9,"0;1;2;6;7;9;10;11;12"
Root_8504,312.261168,39.399904,8,"1;2;6;7;9;10;11;12"
Root_8505,118.229360,24.451744,8,"0;2;6;7;9;10;11;12"
Root_8506,352.669530,44.029504,7,"2;6;7;9;10;11;12"
Root_8507,81.124550,20.048064,8,"0;1;6;7;9;10;11;12"
Root_8508,314.416688,40.325824,7,"1;6;7;9;10;11;12"
Root_8509,116.681200,25.377664,7,"0;6;7;9;10;11;12"
Root_8510,355.750970,44.955424,6,"6;7;9;10;11;12"
Root_8511,83.751776,15.869078,11,"0;1;2;3;4;5;7;9;10;11;12"
Root_8512,301.882266,36.146838,10,"1;2;3;4;5;7;9;10;11;12"
Root_8513,120.387530,21.198678,10,"0;2;3;4;5;7;9;10;11;12"
Root_8514,339.037562,40.776438,9,"2;3;4;5;7;9;10;11;12"
Root_8515,80.556778,16.794998,10,"0;1;3;4;5;7;9;10;11;12"
Root_8516,302.185946,37.072758,9,"1;3;4;5;7;9;10;11;12"
Root_8517,116.987530,22.124598,9,"0;3;4;5;7;9;10;11;12"
Root_8518,340.267162,41.702358,8,"3;4;5;7;9;10;11;12"
Root_8519,87.544426,17.782646,10,"0;1;2;4;5;7;9;10;11;12"
Root_8520,308.543930,38.060406,9,"1;2;4;5;7;9;10;11;12"
Root_8521,118.962826,23.112246,9,"0;2;4;5;7;9;10;11;12"
Root_8522,347.612794,42.690006,8,"2;4;5;7;9;10;11;12"
Root_8523,84.144426,18.708566,9,"0;1;4;5;7;9;10;11;12"
Root_8524,309.773530,38.986326,8,"1;4;5;7;9;10;11;12"
Root_8525,116.488746,24.038166,8,"0;4;5;7;9;10;11;12"
Root_8526,349.768314,43.615926,7,"4;5;7;9;10;11;12"
Root_8527,83.252992,18.091286,10,"0;1;2;3;5;7;9;10;11;12"
Root_8528,311.321690,38.369046,9,"1;2;3;5;7;9;10;11;12"
Root_8529,120.413312,23.420886,9,"0;2;3;5;7;9;10;11;12"
Root_8530,350.699194,42.998646,8,"2;3;5;7;9;10;11;12"
Root_8531,80.778912,19.017206,9,"0;1;3;5;7;9;10;11;12"
Root_8532,312.551290,39.294966,8,"1;3;5;7;9;10;11;12"
Root_8533,117.939232,24.346806,8,"0;3;5;7;9;10;11;12"
Root_8534,352.854714,43.924566,7,"3;5;7;9;10;11;12"
Root_8535,86.737002,20.004854,9,"0;1;2;5;7;9;10;11;12"
Root_8536,319.896922,40.282614,8,"1;2;5;7;9;10;11;12"
Root_8537,121.334272,25.334454,8,"0;2;5;7;9;10;11;12"
Root_8538,361.187994,44.912214,7,"2;5;7;9;10;11;12"
Root_8539,84.262922,20.930774,8,"0;1;5;7;9;10;11;12"
Root_8540,322.052442,41.208534,7,"1;5;7;9;10;11;12"
Root_8541,119.786112,26.260374,7,"0;5;7;9;10;11;12"
Root_8542,364.269434,45.838134,6,"5;7;9;10;11;12"
Root_8543,91.467776,17.412278,10,"0;1;2;3;4;7;9;10;11;12"
Root_8544,305.889626,37.690038,9,"1;2;3;4;7;9;10;11;12"
Root_8545,125.017130,22.741878,9,"0;2;3;4;7;9;10;11;12"
Root_8546,344.588122,42.319638,8,"2;3;4;7;9;10;11;12"
Root_8547,88.067776,18.338198,9,"0;1;3;4;7;9;10;11;12"
Root_8548,307.119226,38.615958,8,"1;3;4;7;9;10;11;12"
Root_8549,121.617130,23.667798,8,"0;3;4;7;9;10;11;12"
Root_8550,346.743642,43.245558,7,"3;4;7;9;10;11;12"
Root_8551,93.717226,19.325846,9,"0;1;2;4;7;9;10;11;12"
Root_8552,314.094490,39.603606,8,"1;2;4;7;9;10;11;12"
Root_8553,123.592426,24.655446,8,"0;2;4;7;9;10;11;12"
Root_8554,354.706554,44.233206,7,"2;4;7;9;10;11;12"
Root_8555,90.317226,20.251766,8,"0;1;4;7;9;10;11;12"
Root_8556,316.250010,40.529526,7,"1;4;7;9;10;11;12"
Root_8557,121.118346,25.581366,7,"0;4;7;9;10;11;12"
Root_8558,357.787994,45.159126,6,"4;7;9;10;11;12"
Root_8559,90.968992,19.634486,9,"0;1;2;3;7;9;10;11;12"
Root_8560,316.872250,39.912246,8,"1;2;3;7;9;10;11;12"
Root_8561,124.826986,24.964086,8,"0;2;3;7;9;10;11;12"
Root_8562,357.792954,44.541846,7,"2;3;7;9;10;11;12"
Root_8563,88.494912,20.560406,8,"0;1;3;7;9;10;11;12"
Root_8564,319.027770,40.838166,7,"1;3;7;9;10;11;12"
Root_8565,122.352906,25.890006,7,"0;3;7;9;10;11;12"
Root_8566,360.874394,45.467766,6,"3;7;9;10;11;12"
Root_8567,92.909802,21.548054,8,"0;1;2;7;9;10;11;12"
Root_8568,326.990682,41.825814,7,"1;2;7;9;10;11;12"
Root_8569,125.377578,26.877654,7,"0;2;7;9;10;11;12"
Root_8570,369.824954,46.455414,6,"2;7;9;10;11;12"
Root_8571,90.435722,22.473974,7,"0;1;7;9;10;11;12"
Root_8572,330.072122,42.751734,6,"1;7;9;10;11;12"
Root_8573,125.436566,27.803574,6,"0;7;9;10;11;12"
Root_8574,373.832314,47.381334,5,"7;9;10;11;12"
Root_8575,88.591258,16.467840,11,"0;1;2;3;4;5;6;9;10;11;12"
Root_8576,308.301978,36.745600,10,"1;2;3;4;5;6;9;10;11;12"
Root_8577,125.566394,21.797440,10,"0;2;3;4;5;6;9;10;11;12"
Root_8578,346.056035,41.375200,9,"2;3;4;5;6;9;10;11;12"
Root_8579,85.191258,17.393760,10,"0;1;3;4;5;6;9;10;11;12"
Root_8580,308.605658,37.671520,9,"1;3;4;5;6;9;10;11;12"
Root_8581,122.166394,22.723360,9,"0;3;4;5;6;9;10;11;12"
Root_8582,347.285635,42.301120,8,"3;4;5;6;9;10;11;12"
Root_8583,91.785146,18.381408,10,"0;1;2;4;5;6;9;10;11;12"
Root_8584,314.963642,38.659168,9,"1;2;4;5;6;9;10;11;12"
Root_8585,124.141690,23.711008,9,"0;2;4;5;6;9;10;11;12"
Root_8586,354.631267,43.288768,8,"2;4;5;6;9;10;11;12"
Root_8587,88.385146,19.307328,9,"0;1;4;5;6;9;10;11;12"
Root_8588,316.193242,39.585088,8,"1;4;5;6;9;10;11;12"
Root_8589,121.667610,24.636928,8,"0;4;5;6;9;10;11;12"
Root_8590,356.786787,44.214688,7,"4;5;6;9;10;11;12"
Root_8591,88.092474,18.690048,10,"0;1;2;3;5;6;9;10;11;12"
Root_8592,317.741402,38.967808,9,"1;2;3;5;6;9;10;11;12"
Root_8593,125.684890,24.019648,9,"0;2;3;5;6;9;10;11;12"
Root_8594,357.717667,43.597408,8,"2;3;5;6;9;10;11;12"
Root_8595,85.618394,19.615968,9,"0;1;3;5;6;9;10;11;12"
Root_8596,318.971002,39.893728,8,"1;3;5;6;9;10;11;12"
Root_8597,123.210810,24.945568,8,"0;3;5;6;9;10;11;12"
Root_8598,359.873187,44.523328,7,"3;5;6;9;10;11;12"
Root_8599,90.977722,20.603616,9,"0;1;2;5;6;9;10;11;12"
Root_8600,326.316634,40.881376,8,"1;2;5;6;9;10;11;12"
Root_8601,126.605850,25.933216,8,"0;2;5;6;9;10;11;12"
Root_8602,368.206467,45.510976,7,"2;5;6;9;10;11;12"
Root_8603,88.503642,21.529536,8,"0;1;5;6;9;10;11;12"
Root_8604,328.472154,41.807296,7,"1;5;6;9;10;11;12"
Root_8605,125.057690,26.859136,7,"0;5;6;9;10;11;12"
Root_8606,371.287907,46.436896,6,"5;6;9;10;11;12"
Root_8607,95.973926,18.011040,10,"0;1;2;3;4;6;9;10;11;12"
Root_8608,312.309338,38.288800,9,"1;2;3;4;6;9;10;11;12"
Root_8609,129.628218,23.340640,9,"0;2;3;4;6;9;10;11;12"
Root_8610,351.606595,42.918400,8,"2;3;4;6;9;10;11;12"
Root_8611,92.573926,18.936960,9,"0;1;3;4;6;9;10;11;12"
Root_8612,313.538938,39.214720,8,"1;3;4;6;9;10;11;12"
Root_8613,126.228218,24.266560,8,"0;3;4;6;9;10;11;12"
Root_8614,353.762115,43.844320,7,"3;4;6;9;10;11;12"
Root_8615,97.624614,19.924608,9,"0;1;2;4;6;9;10;11;12"
Root_8616,320.514202,40.202368,8,"1;2;4;6;9;10;11;12"
Root_8617,128.265242,25.254208,8,"0;2;4;6;9;10;11;12"
Root_8618,361.725027,44.831968,7,"2;4;6;9;10;11;12"
Root_8619,94.224614,20.850528,8,"0;1;4;6;9;10;11;12"
Root_8620,322.669722,41.128288,7,"1;4;6;9;10;11;12"
Root_8621,125.791162,26.180128,7,"0;4;6;9;10;11;12"
Root_8622,364.806467,45.757888,6,"4;6;9;10;11;12"
Root_8623,95.475142,20.233248,9,"0;1;2;3;6;9;10;11;12"
Root_8624,323.291962,40.511008,8,"1;2;3;6;9;10;11;12"
Root_8625,129.499802,25.562848,8,"0;2;3;6;9;10;11;12"
Root_8626,364.811427,45.140608,7,"2;3;6;9;10;11;12"
Root_8627,93.001062,21.159168,8,"0;1;3;6;9;10;11;12"
Root_8628,325.447482,41.436928,7,"1;3;6;9;10;11;12"
Root_8629,127.025722,26.488768,7,"0;3;6;9;10;11;12"
Root_8630,367.892867,46.066528,6,"3;6;9;10;11;12"
Root_8631,96.817190,22.146816,8,"0;1;2;6;9;10;11;12"
Root_8632,333.410394,42.424576,7,"1;2;6;9;10;11;12"
Root_8633,131.003226,27.476416,7,"0;2;6;9;10;11;12"
Root_8634,376.843427,47.054176,6,"2;6;9;10;11;12"
Root_8635,94.415846,23.072736,7,"0;1;6;9;10;11;12"
Root_8636,336.491834,43.350496,6,"1;6;9;10;11;12"
Root_8637,131.306906,28.402336,6,"0;6;9;10;11;12"
Root_8638,380.850787,47.980096,5,"6;9;10;11;12"
Root_8639,98.680202,18.893750,10,"0;1;2;3;4;5;9;10;11;12"
Root_8640,319.778426,39.171510,9,"1;2;3;4;5;9;10;11;12"
Root_8641,131.683754,24.223350,9,"0;2;3;4;5;9;10;11;12"
Root_8642,359.958394,43.801110,8,"2;3;4;5;9;10;11;12"
Root_8643,95.280202,19.819670,9,"0;1;3;4;5;9;10;11;12"
Root_8644,321.008026,40.097430,8,"1;3;4;5;9;10;11;12"
Root_8645,128.283754,25.149270,8,"0;3;4;5;9;10;11;12"
Root_8646,362.113914,44.727030,7,"3;4;5;9;10;11;12"
Root_8647,99.448179,20.807318,9,"0;1;2;4;5;9;10;11;12"
Root_8648,328.353658,41.085078,8,"1;2;4;5;9;10;11;12"
Root_8649,130.691146,26.136918,8,"0;2;4;5;9;10;11;12"
Root_8650,370.447194,45.714678,7,"2;4;5;9;10;11;12"
Root_8651,96.048179,21.733238,8,"0;1;4;5;9;10;11;12"
Root_8652,330.509178,42.010998,7,"1;4;5;9;10;11;12"
Root_8653,128.342742,27.062838,7,"0;4;5;9;10;11;12"
Root_8654,373.528634,46.640598,6,"4;5;9;10;11;12"
Root_8655,98.181418,21.115958,9,"0;1;2;3;5;9;10;11;12"
Root_8656,331.440058,41.393718,8,"1;2;3;5;9;10;11;12"
Root_8657,132.234346,26.445558,8,"0;2;3;5;9;10;11;12"
Root_8658,373.842234,46.023318,7,"2;3;5;9;10;11;12"
Root_8659,95.707338,22.041878,8,"0;1;3;5;9;10;11;12"
Root_8660,333.595578,42.319638,7,"1;3;5;9;10;11;12"
Root_8661,130.503222,27.371478,7,"0;3;5;9;10;11;12"
Root_8662,376.923674,46.949238,6,"3;5;9;10;11;12"
Root_8663,98.670282,23.029526,8,"0;1;2;5;9;10;11;12"
Root_8664,341.928858,43.307286,7,"1;2;5;9;10;11;12"
Root_8665,135.873558,28.359126,7,"0;2;5;9;10;11;12"
Root_8666,386.244602,47.936886,6,"2;5;9;10;11;12"
Root_8667,97.122122,23.955446,7,"0;1;5;9;10;11;12"
Root_8668,345.010298,44.233206,6,"1;5;9;10;11;12"
Root_8669,136.462285,29.285046,6,"0;5;9;10;11;12"
Root_8670,390.251962,48.862806,5,"5;9;10;11;12"
Root_8671,104.853002,20.436950,9,"0;1;2;3;4;9;10;11;12"
Root_8672,325.328986,40.714710,8,"1;2;3;4;9;10;11;12"
Root_8673,133.751763,25.766550,8,"0;2;3;4;9;10;11;12"
Root_8674,367.052154,45.344310,7,"2;3;4;9;10;11;12"
Root_8675,101.453002,21.362870,8,"0;1;3;4;9;10;11;12"
Root_8676,327.484506,41.640630,7,"1;3;4;9;10;11;12"
Root_8677,130.351763,26.692470,7,"0;3;4;9;10;11;12"
Root_8678,370.133594,46.270230,6,"3;4;9;10;11;12"
Root_8679,104.077779,22.350518,8,"0;1;2;4;9;10;11;12"
Root_8680,335.447418,42.628278,7,"1;2;4;9;10;11;12"
Root_8681,133.749024,27.680118,7,"0;2;4;9;10;11;12"
Root_8682,379.084154,47.257878,6,"2;4;9;10;11;12"
Root_8683,100.954218,23.276438,7,"0;1;4;9;10;11;12"
Root_8684,338.528858,43.554198,6,"1;4;9;10;11;12"
Root_8685,133.126784,28.606038,6,"0;4;9;10;11;12"
Root_8686,383.091514,48.183798,5,"4;9;10;11;12"
Root_8687,104.354218,22.659158,8,"0;1;2;3;9;10;11;12"
Root_8688,338.533818,42.936918,7,"1;2;3;9;10;11;12"
Root_8689,135.600864,27.988758,7,"0;2;3;9;10;11;12"
Root_8690,382.479194,47.566518,6,"2;3;9;10;11;12"
Root_8691,101.880138,23.585078,7,"0;1;3;9;10;11;12"
Root_8692,341.615258,43.862838,6,"1;3;9;10;11;12"
Root_8693,134.978624,28.914678,6,"0;3;9;10;11;12"
Root_8694,386.486554,48.492438,5,"3;9;10;11;12"
Root_8695,104.843082,24.572726,7,"0;1;2;9;10;11;12"
Root_8696,350.565818,44.850486,6,"1;2;9;10;11;12"
Root_8697,140.880918,29.902326,6,"0;2;9;10;11;12"
Root_8698,396.424762,49.480086,5,"2;9;10;11;12"
Root_8699,103.294922,25.498646,6,"0;1;9;10;11;12"
Root_8700,354.573178,45.776406,5,"1;9;10;11;12"
Root_8701,143.767011,30.828246,5,"0;9;10;11;12"
Root_8702,401.358042,50.406006,4,"9;10;11;12"
Root_8703,56.555834,11.406144,12,"0;1;2;3;4;5;6;7;8;10;11;12"
Root_8704,270.856560,31.683904,11,"1;2;3;4;5;6;7;8;10;11;12"
Root_8705,89.961638,16.735744,11,"0;2;3;4;5;6;7;8;10;11;12"
Root_8706,303.548922,36.313504,10,"2;3;4;5;6;7;8;10;11;12"
Root_8707,56.555834,12.332064,11,"0;1;3;4;5;6;7;8;10;11;12"
Root_8708,270.234320,32.609824,10,"1;3;4;5;6;7;8;10;11;12"
Root_8709,86.561638,17.661664,10,"0;3;4;5;6;7;8;10;11;12"
Root_8710,303.852602,37.239424,9,"3;4;5;6;7;8;10;11;12"
Root_8711,61.028634,13.319712,11,"0;1;2;4;5;6;7;8;10;11;12"
Root_8712,275.604656,33.597472,10,"1;2;4;5;6;7;8;10;11;12"
Root_8713,92.887622,18.649312,10,"0;2;4;5;6;7;8;10;11;12"
Root_8714,310.210586,38.227072,9,"2;4;5;6;7;8;10;11;12"
Root_8715,60.383002,14.245632,10,"0;1;4;5;6;7;8;10;11;12"
Root_8716,275.908336,34.523392,9,"1;4;5;6;7;8;10;11;12"
Root_8717,89.487622,19.575232,9,"0;4;5;6;7;8;10;11;12"
Root_8718,311.440186,39.152992,8,"4;5;6;7;8;10;11;12"
Root_8719,57.510106,13.628352,11,"0;1;2;3;5;6;7;8;10;11;12"
Root_8720,278.073776,33.906112,10,"1;2;3;5;6;7;8;10;11;12"
Root_8721,89.462854,18.957952,10,"0;2;3;5;6;7;8;10;11;12"
Root_8722,312.988346,38.535712,9,"2;3;5;6;7;8;10;11;12"
Root_8723,56.555834,14.554272,10,"0;1;3;5;6;7;8;10;11;12"
Root_8724,278.377456,34.832032,9,"1;3;5;6;7;8;10;11;12"
Root_8725,86.988774,19.883872,9,"0;3;5;6;7;8;10;11;12"
Root_8726,314.217946,39.461632,8,"3;5;6;7;8;10;11;12"
Root_8727,62.679290,15.541920,10,"0;1;2;5;6;7;8;10;11;12"
Root_8728,284.735440,35.819680,9,"1;2;5;6;7;8;10;11;12"
Root_8729,92.080198,20.871520,9,"0;2;5;6;7;8;10;11;12"
Root_8730,321.563578,40.449280,8,"2;5;6;7;8;10;11;12"
Root_8731,59.811450,16.467840,9,"0;1;5;6;7;8;10;11;12"
Root_8732,285.965040,36.745600,8,"1;5;6;7;8;10;11;12"
Root_8733,90.403558,21.797440,8,"0;5;6;7;8;10;11;12"
Root_8734,323.719098,41.375200,7,"5;6;7;8;10;11;12"
Root_8735,61.460730,12.949344,11,"0;1;2;3;4;6;7;8;10;11;12"
Root_8736,273.320720,33.227104,10,"1;2;3;4;6;7;8;10;11;12"
Root_8737,97.041968,18.278944,10,"0;2;3;4;6;7;8;10;11;12"
Root_8738,307.556282,37.856704,9,"2;3;4;6;7;8;10;11;12"
Root_8739,61.185466,13.875264,10,"0;1;3;4;6;7;8;10;11;12"
Root_8740,273.624400,34.153024,9,"1;3;4;6;7;8;10;11;12"
Root_8741,93.641968,19.204864,9,"0;3;4;6;7;8;10;11;12"
Root_8742,308.785882,38.782624,8,"3;4;6;7;8;10;11;12"
Root_8743,67.201434,14.862912,10,"0;1;2;4;6;7;8;10;11;12"
Root_8744,279.612016,35.140672,9,"1;2;4;6;7;8;10;11;12"
Root_8745,98.424752,20.192512,9,"0;2;4;6;7;8;10;11;12"
Root_8746,315.761146,39.770272,8,"2;4;6;7;8;10;11;12"
Root_8747,65.012602,15.788832,9,"0;1;4;6;7;8;10;11;12"
Root_8748,280.841616,36.066592,8,"1;4;6;7;8;10;11;12"
Root_8749,95.143184,21.118432,8,"0;4;6;7;8;10;11;12"
Root_8750,317.916666,40.696192,7,"4;6;7;8;10;11;12"
Root_8751,63.481754,15.171552,10,"0;1;2;3;6;7;8;10;11;12"
Root_8752,282.081136,35.449312,9,"1;2;3;6;7;8;10;11;12"
Root_8753,96.543184,20.501152,9,"0;2;3;6;7;8;10;11;12"
Root_8754,318.538906,40.078912,8,"2;3;6;7;8;10;11;12"
Root_8755,60.984282,16.097472,9,"0;1;3;6;7;8;10;11;12"
Root_8756,283.310736,36.375232,8,"1;3;6;7;8;10;11;12"
Root_8757,94.496176,21.427072,8,"0;3;6;7;8;10;11;12"
Root_8758,320.694426,41.004832,7,"3;6;7;8;10;11;12"
Root_8759,67.308890,17.085120,9,"0;1;2;6;7;8;10;11;12"
Root_8760,290.286000,37.362880,8,"1;2;6;7;8;10;11;12"
Root_8761,99.032048,22.414720,8,"0;2;6;7;8;10;11;12"
Root_8762,328.657338,41.992480,7,"2;6;7;8;10;11;12"
Root_8763,63.919930,18.011040,8,"0;1;6;7;8;10;11;12"
Root_8764,292.441520,38.288800,7,"1;6;7;8;10;11;12"
Root_8765,97.824528,23.340640,7,"0;6;7;8;10;11;12"
Root_8766,331.738778,42.918400,6,"6;7;8;10;11;12"
Root_8767,65.211242,13.832054,11,"0;1;2;3;4;5;7;8;10;11;12"
Root_8768,279.907098,34.109814,10,"1;2;3;4;5;7;8;10;11;12"
Root_8769,99.665280,19.161654,10,"0;2;3;4;5;7;8;10;11;12"
Root_8770,315.025370,38.739414,9,"2;3;4;5;7;8;10;11;12"
Root_8771,64.053267,14.757974,10,"0;1;3;4;5;7;8;10;11;12"
Root_8772,280.210778,35.035734,9,"1;3;4;5;7;8;10;11;12"
Root_8773,96.265280,20.087574,9,"0;3;4;5;7;8;10;11;12"
Root_8774,316.254970,39.665334,8,"3;4;5;7;8;10;11;12"
Root_8775,70.732275,15.745622,10,"0;1;2;4;5;7;8;10;11;12"
Root_8776,286.568762,36.023382,9,"1;2;4;5;7;8;10;11;12"
Root_8777,100.240576,21.075222,9,"0;2;4;5;7;8;10;11;12"
Root_8778,323.600602,40.652982,8,"2;4;5;7;8;10;11;12"
Root_8779,67.660733,16.671542,9,"0;1;4;5;7;8;10;11;12"
Root_8780,287.798362,36.949302,8,"1;4;5;7;8;10;11;12"
Root_8781,97.766496,22.001142,8,"0;4;5;7;8;10;11;12"
Root_8782,325.756122,41.578902,7,"4;5;7;8;10;11;12"
Root_8783,66.349555,16.054262,10,"0;1;2;3;5;7;8;10;11;12"
Root_8784,289.346522,36.332022,9,"1;2;3;5;7;8;10;11;12"
Root_8785,99.550358,21.383862,9,"0;2;3;5;7;8;10;11;12"
Root_8786,326.687002,40.961622,8,"2;3;5;7;8;10;11;12"
Root_8787,62.969373,16.980182,9,"0;1;3;5;7;8;10;11;12"
Root_8788,290.576122,37.257942,8,"1;3;5;7;8;10;11;12"
Root_8789,98.002198,22.309782,8,"0;3;5;7;8;10;11;12"
Root_8790,328.842522,41.887542,7,"3;5;7;8;10;11;12"
Root_8791,69.957021,17.967830,9,"0;1;2;5;7;8;10;11;12"
Root_8792,297.921754,38.245590,8,"1;2;5;7;8;10;11;12"
Root_8793,101.952790,23.297430,8,"0;2;5;7;8;10;11;12"
Root_8794,337.175802,42.875190,7,"2;5;7;8;10;11;12"
Root_8795,67.450771,18.893750,8,"0;1;5;7;8;10;11;12"
Root_8796,300.077274,39.171510,7,"1;5;7;8;10;11;12"
Root_8797,101.330550,24.223350,7,"0;5;7;8;10;11;12"
Root_8798,340.257242,43.801110,6,"5;7;8;10;11;12"
Root_8799,72.927242,15.375254,10,"0;1;2;3;4;7;8;10;11;12"
Root_8800,283.914458,35.653014,9,"1;2;3;4;7;8;10;11;12"
Root_8801,105.653139,20.704854,9,"0;2;3;4;7;8;10;11;12"
Root_8802,320.575930,40.282614,8,"2;3;4;7;8;10;11;12"
Root_8803,70.226067,16.301174,9,"0;1;3;4;7;8;10;11;12"
Root_8804,285.144058,36.578934,8,"1;3;4;7;8;10;11;12"
Root_8805,102.883914,21.630774,8,"0;3;4;7;8;10;11;12"
Root_8806,322.731450,41.208534,7,"3;4;7;8;10;11;12"
Root_8807,76.905075,17.288822,9,"0;1;2;4;7;8;10;11;12"
Root_8808,292.119322,37.566582,8,"1;2;4;7;8;10;11;12"
Root_8809,106.228435,22.618422,8,"0;2;4;7;8;10;11;12"
Root_8810,330.694362,42.196182,7,"2;4;7;8;10;11;12"
Root_8811,73.505075,18.214742,8,"0;1;4;7;8;10;11;12"
Root_8812,294.274842,38.492502,7,"1;4;7;8;10;11;12"
Root_8813,104.298698,23.544342,7,"0;4;7;8;10;11;12"
Root_8814,333.775802,43.122102,6,"4;7;8;10;11;12"
Root_8815,72.522355,17.597462,9,"0;1;2;3;7;8;10;11;12"
Root_8816,294.897082,37.875222,8,"1;2;3;7;8;10;11;12"
Root_8817,107.112160,22.927062,8,"0;2;3;7;8;10;11;12"
Root_8818,333.780762,42.504822,7,"2;3;7;8;10;11;12"
Root_8819,69.645738,18.523382,8,"0;1;3;7;8;10;11;12"
Root_8820,297.052602,38.801142,7,"1;3;7;8;10;11;12"
Root_8821,105.564000,23.852982,7,"0;3;7;8;10;11;12"
Root_8822,336.862202,43.430742,6,"3;7;8;10;11;12"
Root_8823,76.097651,19.511030,8,"0;1;2;7;8;10;11;12"
Root_8824,305.015514,39.788790,7,"1;2;7;8;10;11;12"
Root_8825,109.576320,24.840630,7,"0;2;7;8;10;11;12"
Root_8826,345.812762,44.418390,6,"2;7;8;10;11;12"
Root_8827,73.623571,20.436950,7,"0;1;7;8;10;11;12"
Root_8828,308.096954,40.714710,6,"1;7;8;10;11;12"
Root_8829,108.954080,25.766550,6,"0;7;8;10;11;12"
Root_8830,349.820122,45.344310,5,"7;8;10;11;12"
Root_8831,68.792454,14.430816,11,"0;1;2;3;4;5;6;8;10;11;12"
Root_8832,285.894714,34.708576,10,"1;2;3;4;5;6;8;10;11;12"
Root_8833,104.504762,19.760416,10,"0;2;3;4;5;6;8;10;11;12"
Root_8834,321.611747,39.338176,9,"2;3;4;5;6;8;10;11;12"
Root_8835,67.035718,15.356736,10,"0;1;3;4;5;6;8;10;11;12"
Root_8836,286.198394,35.634496,9,"1;3;4;5;6;8;10;11;12"
Root_8837,101.104762,20.686336,9,"0;3;4;5;6;8;10;11;12"
Root_8838,322.841347,40.264096,8,"3;4;5;6;8;10;11;12"
Root_8839,73.714726,16.344384,10,"0;1;2;4;5;6;8;10;11;12"
Root_8840,292.556378,36.622144,9,"1;2;4;5;6;8;10;11;12"
Root_8841,105.080058,21.673984,9,"0;2;4;5;6;8;10;11;12"
Root_8842,330.186979,41.251744,8,"2;4;5;6;8;10;11;12"
Root_8843,70.314726,17.270304,9,"0;1;4;5;6;8;10;11;12"
Root_8844,293.785978,37.548064,8,"1;4;5;6;8;10;11;12"
Root_8845,102.605978,22.599904,8,"0;4;5;6;8;10;11;12"
Root_8846,332.342499,42.177664,7,"4;5;6;8;10;11;12"
Root_8847,69.332006,16.653024,10,"0;1;2;3;5;6;8;10;11;12"
Root_8848,295.334138,36.930784,9,"1;2;3;5;6;8;10;11;12"
Root_8849,104.988602,21.982624,9,"0;2;3;5;6;8;10;11;12"
Root_8850,333.273379,41.560384,8,"2;3;5;6;8;10;11;12"
Root_8851,65.932006,17.578944,9,"0;1;3;5;6;8;10;11;12"
Root_8852,296.563738,37.856704,8,"1;3;5;6;8;10;11;12"
Root_8853,103.440442,22.908544,8,"0;3;5;6;8;10;11;12"
Root_8854,335.428899,42.486304,7,"3;5;6;8;10;11;12"
Root_8855,72.907302,18.566592,9,"0;1;2;5;6;8;10;11;12"
Root_8856,303.909370,38.844352,8,"1;2;5;6;8;10;11;12"
Root_8857,107.391034,23.896192,8,"0;2;5;6;8;10;11;12"
Root_8858,343.762179,43.473952,7,"2;5;6;8;10;11;12"
Root_8859,70.433222,19.492512,8,"0;1;5;6;8;10;11;12"
Root_8860,306.064890,39.770272,7,"1;5;6;8;10;11;12"
Root_8861,106.768794,24.822112,7,"0;5;6;8;10;11;12"
Root_8862,346.843619,44.399872,6,"5;6;8;10;11;12"
Root_8863,76.612410,15.974016,10,"0;1;2;3;4;6;8;10;11;12"
Root_8864,289.902074,36.251776,9,"1;2;3;4;6;8;10;11;12"
Root_8865,109.919578,21.303616,9,"0;2;3;4;6;8;10;11;12"
Root_8866,327.162307,40.881376,8,"2;3;4;6;8;10;11;12"
Root_8867,73.312474,16.899936,9,"0;1;3;4;6;8;10;11;12"
Root_8868,291.131674,37.177696,8,"1;3;4;6;8;10;11;12"
Root_8869,107.445498,22.229536,8,"0;3;4;6;8;10;11;12"
Root_8870,329.317827,41.807296,7,"3;4;6;8;10;11;12"
Root_8871,80.300122,17.887584,9,"0;1;2;4;6;8;10;11;12"
Root_8872,298.106938,38.165344,8,"1;2;4;6;8;10;11;12"
Root_8873,110.408442,23.217184,8,"0;2;4;6;8;10;11;12"
Root_8874,337.280739,42.794944,7,"2;4;6;8;10;11;12"
Root_8875,76.900122,18.813504,8,"0;1;4;6;8;10;11;12"
Root_8876,300.262458,39.091264,7,"1;4;6;8;10;11;12"
Root_8877,108.860282,24.143104,7,"0;4;6;8;10;11;12"
Root_8878,340.362179,43.720864,6,"4;6;8;10;11;12"
Root_8879,76.113626,18.196224,9,"0;1;2;3;6;8;10;11;12"
Root_8880,300.884698,38.473984,8,"1;2;3;6;8;10;11;12"
Root_8881,111.951642,23.525824,8,"0;2;3;6;8;10;11;12"
Root_8882,340.367139,43.103584,7,"2;3;6;8;10;11;12"
Root_8883,73.639546,19.122144,8,"0;1;3;6;8;10;11;12"
Root_8884,303.040218,39.399904,7,"1;3;6;8;10;11;12"
Root_8885,110.403482,24.451744,7,"0;3;6;8;10;11;12"
Root_8886,343.448579,44.029504,6,"3;6;8;10;11;12"
Root_8887,79.492698,20.109792,8,"0;1;2;6;8;10;11;12"
Root_8888,311.003130,40.387552,7,"1;2;6;8;10;11;12"
Root_8889,114.415802,25.439392,7,"0;2;6;8;10;11;12"
Root_8890,352.399139,45.017152,6,"2;6;8;10;11;12"
Root_8891,77.054330,21.035712,7,"0;1;6;8;10;11;12"
Root_8892,314.084570,41.313472,6,"1;6;8;10;11;12"
Root_8893,113.793562,26.365312,6,"0;6;8;10;11;12"
Root_8894,356.406499,45.943072,5,"6;8;10;11;12"
Root_8895,80.591264,16.856726,10,"0;1;2;3;4;5;8;10;11;12"
Root_8896,297.371162,37.134486,9,"1;2;3;4;5;8;10;11;12"
Root_8897,113.228192,22.186326,9,"0;2;3;4;5;8;10;11;12"
Root_8898,335.514106,41.764086,8,"2;3;4;5;8;10;11;12"
Root_8899,77.191264,17.782646,9,"0;1;3;4;5;8;10;11;12"
Root_8900,298.600762,38.060406,8,"1;3;4;5;8;10;11;12"
Root_8901,110.754112,23.112246,8,"0;3;4;5;8;10;11;12"
Root_8902,337.669626,42.690006,7,"3;4;5;8;10;11;12"
Root_8903,83.396266,18.770294,9,"0;1;2;4;5;8;10;11;12"
Root_8904,305.946394,39.048054,8,"1;2;4;5;8;10;11;12"
Root_8905,113.717056,24.099894,8,"0;2;4;5;8;10;11;12"
Root_8906,346.002906,43.677654,7,"2;4;5;8;10;11;12"
Root_8907,79.996266,19.696214,8,"0;1;4;5;8;10;11;12"
Root_8908,308.101914,39.973974,7,"1;4;5;8;10;11;12"
Root_8909,112.168896,25.025814,7,"0;4;5;8;10;11;12"
Root_8910,349.084346,44.603574,6,"4;5;8;10;11;12"
Root_8911,80.092480,19.078934,9,"0;1;2;3;5;8;10;11;12"
Root_8912,309.032794,39.356694,8,"1;2;3;5;8;10;11;12"
Root_8913,115.568896,24.408534,8,"0;2;3;5;8;10;11;12"
Root_8914,349.397946,43.986294,7,"2;3;5;8;10;11;12"
Root_8915,77.618400,20.004854,8,"0;1;3;5;8;10;11;12"
Root_8916,311.188314,40.282614,7,"1;3;5;8;10;11;12"
Root_8917,114.020736,25.334454,7,"0;3;5;8;10;11;12"
Root_8918,352.479386,44.912214,6,"3;5;8;10;11;12"
Root_8919,82.588842,20.992502,8,"0;1;2;5;8;10;11;12"
Root_8920,319.521594,41.270262,7,"1;2;5;8;10;11;12"
Root_8921,118.403424,26.322102,7,"0;2;5;8;10;11;12"
Root_8922,361.800314,45.899862,6,"2;5;8;10;11;12"
Root_8923,81.033184,21.918422,7,"0;1;5;8;10;11;12"
Root_8924,322.603034,42.196182,6,"1;5;8;10;11;12"
Root_8925,118.029206,27.248022,6,"0;5;8;10;11;12"
Root_8926,365.807674,46.825782,5,"5;8;10;11;12"
Root_8927,87.176659,18.399926,9,"0;1;2;3;4;8;10;11;12"
Root_8928,302.921722,38.677686,8,"1;2;3;4;8;10;11;12"
Root_8929,118.444330,23.729526,8,"0;2;3;4;8;10;11;12"
Root_8930,342.607866,43.307286,7,"2;3;4;8;10;11;12"
Root_8931,83.776659,19.325846,8,"0;1;3;4;8;10;11;12"
Root_8932,305.077242,39.603606,7,"1;3;4;8;10;11;12"
Root_8933,115.970250,24.655446,7,"0;3;4;8;10;11;12"
Root_8934,345.689306,44.233206,6,"3;4;8;10;11;12"
Root_8935,88.438461,20.313494,8,"0;1;2;4;8;10;11;12"
Root_8936,313.040154,40.591254,7,"1;2;4;8;10;11;12"
Root_8937,118.994922,25.643094,7,"0;2;4;8;10;11;12"
Root_8938,354.639866,45.220854,6,"2;4;8;10;11;12"
Root_8939,85.277875,21.239414,7,"0;1;4;8;10;11;12"
Root_8940,316.121594,41.517174,6,"1;4;8;10;11;12"
Root_8941,117.446762,26.569014,6,"0;4;8;10;11;12"
Root_8942,358.647226,46.146774,5,"4;8;10;11;12"
Root_8943,86.677875,20.622134,8,"0;1;2;3;8;10;11;12"
Root_8944,316.126554,40.899894,7,"1;2;3;8;10;11;12"
Root_8945,120.538122,25.951734,7,"0;2;3;8;10;11;12"
Root_8946,358.034906,45.529494,6,"2;3;8;10;11;12"
Root_8947,84.751850,21.548054,7,"0;1;3;8;10;11;12"
Root_8948,319.207994,41.825814,6,"1;3;8;10;11;12"
Root_8949,118.989962,26.877654,6,"0;3;8;10;11;12"
Root_8950,362.042266,46.455414,5,"3;8;10;11;12"
Root_8951,89.166739,22.535702,7,"0;1;2;8;10;11;12"
Root_8952,328.158554,42.813462,6,"1;2;8;10;11;12"
Root_8953,123.867584,27.865302,6,"0;2;8;10;11;12"
Root_8954,371.980474,47.443062,5,"2;8;10;11;12"
Root_8955,88.080202,23.461622,6,"0;1;8;10;11;12"
Root_8956,332.165914,43.739382,5,"1;8;10;11;12"
Root_8957,124.171264,28.791222,5,"0;8;10;11;12"
Root_8958,376.913754,48.368982,4,"8;10;11;12"
Root_8959,77.122138,16.035744,11,"0;1;2;3;4;5;6;7;10;11;12"
Root_8960,303.548922,36.313504,10,"1;2;3;4;5;6;7;10;11;12"
Root_8961,113.660154,21.365344,10,"0;2;3;4;5;6;7;10;11;12"
Root_8962,340.870883,40.943104,9,"2;3;4;5;6;7;10;11;12"
Root_8963,73.760474,16.961664,10,"0;1;3;4;5;6;7;10;11;12"
Root_8964,303.852602,37.239424,9,"1;3;4;5;6;7;10;11;12"
Root_8965,111.186074,22.291264,9,"0;3;4;5;6;7;10;11;12"
Root_8966,342.100483,41.869024,8,"3;4;5;6;7;10;11;12"
Root_8967,80.748122,17.949312,10,"0;1;2;4;5;6;7;10;11;12"
Root_8968,310.210586,38.227072,9,"1;2;4;5;6;7;10;11;12"
Root_8969,114.149018,23.278912,9,"0;2;4;5;6;7;10;11;12"
Root_8970,349.446115,42.856672,8,"2;4;5;6;7;10;11;12"
Root_8971,77.348122,18.875232,9,"0;1;4;5;6;7;10;11;12"
Root_8972,311.440186,39.152992,8,"1;4;5;6;7;10;11;12"
Root_8973,112.600858,24.204832,8,"0;4;5;6;7;10;11;12"
Root_8974,351.601635,43.782592,7,"4;5;6;7;10;11;12"
Root_8975,76.623354,18.257952,10,"0;1;2;3;5;6;7;10;11;12"
Root_8976,312.988346,38.535712,9,"1;2;3;5;6;7;10;11;12"
Root_8977,116.000858,23.587552,9,"0;2;3;5;6;7;10;11;12"
Root_8978,352.532515,43.165312,8,"2;3;5;6;7;10;11;12"
Root_8979,74.149274,19.183872,9,"0;1;3;5;6;7;10;11;12"
Root_8980,314.217946,39.461632,8,"1;3;5;6;7;10;11;12"
Root_8981,114.452698,24.513472,8,"0;3;5;6;7;10;11;12"
Root_8982,354.688035,44.091232,7,"3;5;6;7;10;11;12"
Root_8983,79.940698,20.171520,9,"0;1;2;5;6;7;10;11;12"
Root_8984,321.563578,40.449280,8,"1;2;5;6;7;10;11;12"
Root_8985,118.835386,25.501120,8,"0;2;5;6;7;10;11;12"
Root_8986,363.021315,45.078880,7,"2;5;6;7;10;11;12"
Root_8987,77.564058,21.097440,8,"0;1;5;6;7;10;11;12"
Root_8988,323.719098,41.375200,7,"1;5;6;7;10;11;12"
Root_8989,118.213146,26.427040,7,"0;5;6;7;10;11;12"
Root_8990,366.102755,46.004800,6,"5;6;7;10;11;12"
Root_8991,84.134438,17.578944,10,"0;1;2;3;4;6;7;10;11;12"
Root_8992,307.556282,37.856704,9,"1;2;3;4;6;7;10;11;12"
Root_8993,119.697274,22.908544,9,"0;2;3;4;6;7;10;11;12"
Root_8994,346.421443,42.486304,8,"2;3;4;6;7;10;11;12"
Root_8995,80.734438,18.504864,9,"0;1;3;4;6;7;10;11;12"
Root_8996,308.785882,38.782624,8,"1;3;4;6;7;10;11;12"
Root_8997,117.223194,23.834464,8,"0;3;4;6;7;10;11;12"
Root_8998,348.576963,43.412224,7,"3;4;6;7;10;11;12"
Root_8999,86.217222,19.492512,9,"0;1;2;4;6;7;10;11;12"
Root_9000,315.761146,39.770272,8,"1;2;4;6;7;10;11;12"
Root_9001,120.247866,24.822112,8,"0;2;4;6;7;10;11;12"
Root_9002,356.539875,44.399872,7,"2;4;6;7;10;11;12"
Root_9003,82.817222,20.418432,8,"0;1;4;6;7;10;11;12"
Root_9004,317.916666,40.696192,7,"1;4;6;7;10;11;12"
Root_9005,118.699706,25.748032,7,"0;4;6;7;10;11;12"
Root_9006,359.621315,45.325792,6,"4;6;7;10;11;12"
Root_9007,83.635654,19.801152,9,"0;1;2;3;6;7;10;11;12"
Root_9008,318.538906,40.078912,8,"1;2;3;6;7;10;11;12"
Root_9009,121.791066,25.130752,8,"0;2;3;6;7;10;11;12"
Root_9010,359.626275,44.708512,7,"2;3;6;7;10;11;12"
Root_9011,81.161574,20.727072,8,"0;1;3;6;7;10;11;12"
Root_9012,320.694426,41.004832,7,"1;3;6;7;10;11;12"
Root_9013,120.242906,26.056672,7,"0;3;6;7;10;11;12"
Root_9014,362.707715,45.634432,6,"3;6;7;10;11;12"
Root_9015,86.124518,21.714720,8,"0;1;2;6;7;10;11;12"
Root_9016,328.657338,41.992480,7,"1;2;6;7;10;11;12"
Root_9017,124.343866,27.044320,7,"0;2;6;7;10;11;12"
Root_9018,371.658275,46.622080,6,"2;6;7;10;11;12"
Root_9019,84.576358,22.640640,7,"0;1;6;7;10;11;12"
Root_9020,331.738778,42.918400,6,"1;6;7;10;11;12"
Root_9021,125.573466,27.970240,6,"0;6;7;10;11;12"
Root_9022,375.665635,47.548000,5,"6;7;10;11;12"
Root_9023,87.272810,18.461654,10,"0;1;2;3;4;5;7;10;11;12"
Root_9024,315.025370,38.739414,9,"1;2;3;4;5;7;10;11;12"
Root_9025,122.635520,23.791254,9,"0;2;3;4;5;7;10;11;12"
Root_9026,354.773242,43.369014,8,"2;3;4;5;7;10;11;12"
Root_9027,83.872810,19.387574,9,"0;1;3;4;5;7;10;11;12"
Root_9028,316.254970,39.665334,8,"1;3;4;5;7;10;11;12"
Root_9029,120.161440,24.717174,8,"0;3;4;5;7;10;11;12"
Root_9030,356.928762,44.294934,7,"3;4;5;7;10;11;12"
Root_9031,88.472883,20.375222,9,"0;1;2;4;5;7;10;11;12"
Root_9032,323.600602,40.652982,8,"1;2;4;5;7;10;11;12"
Root_9033,123.556480,25.704822,8,"0;2;4;5;7;10;11;12"
Root_9034,365.262042,45.282582,7,"2;4;5;7;10;11;12"
Root_9035,85.374026,21.301142,8,"0;1;4;5;7;10;11;12"
Root_9036,325.756122,41.578902,7,"1;4;5;7;10;11;12"
Root_9037,122.008320,26.630742,7,"0;4;5;7;10;11;12"
Root_9038,368.343482,46.208502,6,"4;5;7;10;11;12"
Root_9039,86.774026,20.683862,9,"0;1;2;3;5;7;10;11;12"
Root_9040,326.687002,40.961622,8,"1;2;3;5;7;10;11;12"
Root_9041,125.408320,26.013462,8,"0;2;3;5;7;10;11;12"
Root_9042,368.657082,45.591222,7,"2;3;5;7;10;11;12"
Root_9043,84.909728,21.609782,8,"0;1;3;5;7;10;11;12"
Root_9044,328.842522,41.887542,7,"1;3;5;7;10;11;12"
Root_9045,123.860160,26.939382,7,"0;3;5;7;10;11;12"
Root_9046,371.738522,46.517142,6,"3;5;7;10;11;12"
Root_9047,89.262890,22.597430,8,"0;1;2;5;7;10;11;12"
Root_9048,337.175802,42.875190,7,"1;2;5;7;10;11;12"
Root_9049,130.096909,27.927030,7,"0;2;5;7;10;11;12"
Root_9050,381.059450,47.504790,6,"2;5;7;10;11;12"
Root_9051,88.238080,23.523350,7,"0;1;5;7;10;11;12"
Root_9052,340.257242,43.801110,6,"1;5;7;10;11;12"
Root_9053,131.326509,28.852950,6,"0;5;7;10;11;12"
Root_9054,385.066810,48.430710,5,"5;7;10;11;12"
Root_9055,93.445610,20.004854,9,"0;1;2;3;4;7;10;11;12"
Root_9056,320.575930,40.282614,8,"1;2;3;4;7;10;11;12"
Root_9057,126.678826,25.334454,8,"0;2;3;4;7;10;11;12"
Root_9058,361.867002,44.912214,7,"2;3;4;7;10;11;12"
Root_9059,90.045610,20.930774,8,"0;1;3;4;7;10;11;12"
Root_9060,322.731450,41.208534,7,"1;3;4;7;10;11;12"
Root_9061,124.204746,26.260374,7,"0;3;4;7;10;11;12"
Root_9062,364.948442,45.838134,6,"3;4;7;10;11;12"
Root_9063,94.020906,21.918422,8,"0;1;2;4;7;10;11;12"
Root_9064,330.694362,42.196182,7,"1;2;4;7;10;11;12"
Root_9065,127.725462,27.248022,7,"0;2;4;7;10;11;12"
Root_9066,373.899002,46.825782,6,"2;4;7;10;11;12"
Root_9067,91.546826,22.844342,7,"0;1;4;7;10;11;12"
Root_9068,333.775802,43.122102,6,"1;4;7;10;11;12"
Root_9069,128.029142,28.173942,6,"0;4;7;10;11;12"
Root_9070,377.906362,47.751702,5,"4;7;10;11;12"
Root_9071,94.173888,22.227062,8,"0;1;2;3;7;10;11;12"
Root_9072,333.780762,42.504822,7,"1;2;3;7;10;11;12"
Root_9073,129.885942,27.556662,7,"0;2;3;7;10;11;12"
Root_9074,377.294042,47.134422,6,"2;3;7;10;11;12"
Root_9075,92.625728,23.152982,7,"0;1;3;7;10;11;12"
Root_9076,336.862202,43.430742,6,"1;3;7;10;11;12"
Root_9077,130.189622,28.482582,6,"0;3;7;10;11;12"
Root_9078,381.301402,48.060342,5,"3;7;10;11;12"
Root_9079,96.576320,24.140630,7,"0;1;2;7;10;11;12"
Root_9080,345.812762,44.418390,6,"1;2;7;10;11;12"
Root_9081,136.647469,29.470230,6,"0;2;7;10;11;12"
Root_9082,391.239610,49.047990,5,"2;7;10;11;12"
Root_9083,95.954080,25.066550,6,"0;1;7;10;11;12"
Root_9084,349.820122,45.344310,5,"1;7;10;11;12"
Root_9085,139.199139,30.396150,5,"0;7;10;11;12"
Root_9086,396.172890,49.973910,4,"7;10;11;12"
Root_9087,91.513530,19.060416,10,"0;1;2;3;4;5;6;10;11;12"
Root_9088,321.611747,39.338176,9,"1;2;3;4;5;6;10;11;12"
Root_9089,128.073763,24.390016,9,"0;2;3;4;5;6;10;11;12"
Root_9090,361.958381,43.967776,8,"2;3;4;5;6;10;11;12"
Root_9091,88.113530,19.986336,9,"0;1;3;4;5;6;10;11;12"
Root_9092,322.841347,40.264096,8,"1;3;4;5;6;10;11;12"
Root_9093,125.599683,25.315936,8,"0;3;4;5;6;10;11;12"
Root_9094,364.113901,44.893696,7,"3;4;5;6;10;11;12"
Root_9095,92.114842,20.973984,9,"0;1;2;4;5;6;10;11;12"
Root_9096,330.186979,41.251744,8,"1;2;4;5;6;10;11;12"
Root_9097,128.994723,26.303584,8,"0;2;4;5;6;10;11;12"
Root_9098,372.447181,45.881344,7,"2;4;5;6;10;11;12"
Root_9099,89.614746,21.899904,8,"0;1;4;5;6;10;11;12"
Root_9100,332.342499,42.177664,7,"1;4;5;6;10;11;12"
Root_9101,127.905571,27.229504,7,"0;4;5;6;10;11;12"
Root_9102,375.528621,46.807264,6,"4;5;6;10;11;12"
Root_9103,91.297370,21.282624,9,"0;1;2;3;5;6;10;11;12"
Root_9104,333.273379,41.560384,8,"1;2;3;5;6;10;11;12"
Root_9105,130.846563,26.612224,8,"0;2;3;5;6;10;11;12"
Root_9106,375.842221,46.189984,7,"2;3;5;6;10;11;12"
Root_9107,89.749210,22.208544,8,"0;1;3;5;6;10;11;12"
Root_9108,335.428899,42.486304,7,"1;3;5;6;10;11;12"
Root_9109,130.374691,27.538144,7,"0;3;5;6;10;11;12"
Root_9110,378.923661,47.115904,6,"3;5;6;10;11;12"
Root_9111,93.699802,23.196192,8,"0;1;2;5;6;10;11;12"
Root_9112,343.762179,43.473952,7,"1;2;5;6;10;11;12"
Root_9113,136.732675,28.525792,7,"0;2;5;6;10;11;12"
Root_9114,388.244589,48.103552,6,"2;5;6;10;11;12"
Root_9115,93.077562,24.122112,7,"0;1;5;6;10;11;12"
Root_9116,346.843619,44.399872,6,"1;5;6;10;11;12"
Root_9117,137.962275,29.451712,6,"0;5;6;10;11;12"
Root_9118,392.251949,49.029472,5,"5;6;10;11;12"
Root_9119,97.686330,20.603616,9,"0;1;2;3;4;6;10;11;12"
Root_9120,327.162307,40.881376,8,"1;2;3;4;6;10;11;12"
Root_9121,131.518307,25.933216,8,"0;2;3;4;6;10;11;12"
Root_9122,369.052141,45.510976,7,"2;3;4;6;10;11;12"
Root_9123,94.815866,21.529536,8,"0;1;3;4;6;10;11;12"
Root_9124,329.317827,41.807296,7,"1;3;4;6;10;11;12"
Root_9125,129.044227,26.859136,7,"0;3;4;6;10;11;12"
Root_9126,372.133581,46.436896,6,"3;4;6;10;11;12"
Root_9127,98.261626,22.517184,8,"0;1;2;4;6;10;11;12"
Root_9128,337.280739,42.794944,7,"1;2;4;6;10;11;12"
Root_9129,133.762467,27.846784,7,"0;2;4;6;10;11;12"
Root_9130,381.084141,47.424544,6,"2;4;6;10;11;12"
Root_9131,96.230650,23.443104,7,"0;1;4;6;10;11;12"
Root_9132,340.362179,43.720864,6,"1;4;6;10;11;12"
Root_9133,134.066147,28.772704,6,"0;4;6;10;11;12"
Root_9134,385.091501,48.350464,5,"4;6;10;11;12"
Root_9135,99.013370,22.825824,8,"0;1;2;3;6;10;11;12"
Root_9136,340.367139,43.103584,7,"1;2;3;6;10;11;12"
Root_9137,135.922947,28.155424,7,"0;2;3;6;10;11;12"
Root_9138,384.479181,47.733184,6,"2;3;6;10;11;12"
Root_9139,97.465210,23.751744,7,"0;1;3;6;10;11;12"
Root_9140,343.448579,44.029504,6,"1;3;6;10;11;12"
Root_9141,136.226627,29.081344,6,"0;3;6;10;11;12"
Root_9142,388.486541,48.659104,5,"3;6;10;11;12"
Root_9143,101.415802,24.739392,7,"0;1;2;6;10;11;12"
Root_9144,352.399139,45.017152,6,"1;2;6;10;11;12"
Root_9145,142.352227,30.068992,6,"0;2;6;10;11;12"
Root_9146,398.424749,49.646752,5,"2;6;10;11;12"
Root_9147,100.793562,25.665312,6,"0;1;6;10;11;12"
Root_9148,356.406499,45.943072,5,"1;6;10;11;12"
Root_9149,145.433667,30.994912,5,"0;6;10;11;12"
Root_9150,403.358029,50.572672,4,"6;10;11;12"
Root_9151,100.228192,21.486326,9,"0;1;2;3;4;5;10;11;12"
Root_9152,335.514106,41.764086,8,"1;2;3;4;5;10;11;12"
Root_9153,134.456554,26.815926,8,"0;2;3;4;5;10;11;12"
Root_9154,378.286650,46.393686,7,"2;3;4;5;10;11;12"
Root_9155,97.754112,22.412246,8,"0;1;3;4;5;10;11;12"
Root_9156,337.669626,42.690006,7,"1;3;4;5;10;11;12"
Root_9157,133.466166,27.741846,7,"0;3;4;5;10;11;12"
Root_9158,381.368090,47.319606,6,"3;4;5;10;11;12"
Root_9159,100.717056,23.399894,8,"0;1;2;4;5;10;11;12"
Root_9160,346.002906,43.677654,7,"1;2;4;5;10;11;12"
Root_9161,138.836502,28.729494,7,"0;2;4;5;10;11;12"
Root_9162,390.689018,48.307254,6,"2;4;5;10;11;12"
Root_9163,99.168896,24.325814,7,"0;1;4;5;10;11;12"
Root_9164,349.084346,44.603574,6,"1;4;5;10;11;12"
Root_9165,139.795597,29.655414,6,"0;4;5;10;11;12"
Root_9166,394.696378,49.233174,5,"4;5;10;11;12"
Root_9167,102.568896,23.708534,8,"0;1;2;3;5;10;11;12"
Root_9168,349.397946,43.986294,7,"1;2;3;5;10;11;12"
Root_9169,141.343757,29.038134,7,"0;2;3;5;10;11;12"
Root_9170,394.392698,48.615894,6,"2;3;5;10;11;12"
Root_9171,101.020736,24.634454,7,"0;1;3;5;10;11;12"
Root_9172,352.479386,44.912214,6,"1;3;5;10;11;12"
Root_9173,142.573357,29.964054,6,"0;3;5;10;11;12"
Root_9174,398.400058,49.541814,5,"3;5;10;11;12"
Root_9175,105.403424,25.622102,7,"0;1;2;5;10;11;12"
Root_9176,361.800314,45.899862,6,"1;2;5;10;11;12"
Root_9177,150.870691,30.951702,6,"0;2;5;10;11;12"
Root_9178,408.708634,50.529462,5,"2;5;10;11;12"
Root_9179,104.781184,26.548022,6,"0;1;5;10;11;12"
Root_9180,365.807674,46.825782,5,"1;5;10;11;12"
Root_9181,153.952131,31.877622,5,"0;5;10;11;12"
Root_9182,413.641914,51.455382,4,"5;10;11;12"
Root_9183,106.144330,23.029526,8,"0;1;2;3;4;10;11;12"
Root_9184,342.607866,43.307286,7,"1;2;3;4;10;11;12"
Root_9185,138.193440,28.359126,7,"0;2;3;4;10;11;12"
Root_9186,386.923610,47.936886,6,"2;3;4;10;11;12"
Root_9187,103.670250,23.955446,7,"0;1;3;4;10;11;12"
Root_9188,345.689306,44.233206,6,"1;3;4;10;11;12"
Root_9189,137.856246,29.285046,6,"0;3;4;10;11;12"
Root_9190,390.930970,48.862806,5,"3;4;10;11;12"
Root_9191,106.694922,24.943094,7,"0;1;2;4;10;11;12"
Root_9192,354.639866,45.220854,6,"1;2;4;10;11;12"
Root_9193,144.389251,30.272694,6,"0;2;4;10;11;12"
Root_9194,400.869178,49.850454,5,"2;4;10;11;12"
Root_9195,105.146762,25.869014,6,"0;1;4;10;11;12"
Root_9196,358.647226,46.146774,5,"1;4;10;11;12"
Root_9197,147.470691,31.198614,5,"0;4;10;11;12"
Root_9198,405.802458,50.776374,4,"4;10;11;12"
Root_9199,108.238122,25.251734,7,"0;1;2;3;10;11;12"
Root_9200,358.034906,45.529494,6,"1;2;3;10;11;12"
Root_9201,147.475651,30.581334,6,"0;2;3;10;11;12"
Root_9202,404.572858,50.159094,5,"2;3;10;11;12"
Root_9203,106.689962,26.177654,6,"0;1;3;10;11;12"
Root_9204,362.042266,46.455414,5,"1;3;10;11;12"
Root_9205,150.557091,31.507254,5,"0;3;10;11;12"
Root_9206,409.506138,51.085014,4,"3;10;11;12"
Root_9207,111.032886,27.165302,6,"0;1;2;10;11;12"
Root_9208,371.980474,47.443062,5,"1;2;10;11;12"
Root_9209,159.507651,32.494902,5,"0;2;10;11;12"
Root_9210,420.431994,52.072662,4,"2;10;11;12"
Root_9211,112.262486,28.091222,5,"0;1;10;11;12"
Root_9212,376.913754,48.368982,4,"1;10;11;12"
Root_9213,163.935834,33.420822,4,"0;10;11;12"
Root_9214,426.291194,52.998582,3,"10;11;12"
Root_9215,58.733488,9.739488,12,"0;1;2;3;4;5;6;7;8;9;11;12"
Root_9216,268.883782,30.017248,11,"1;2;3;4;5;6;7;8;9;11;12"
Root_9217,91.803517,15.069088,11,"0;2;3;4;5;6;7;8;9;11;12"
Root_9218,299.209488,34.646848,10,"2;3;4;5;6;7;8;9;11;12"
Root_9219,58.733488,10.665408,11,"0;1;3;4;5;6;7;8;9;11;12"
Root_9220,267.561542,30.943168,10,"1;3;4;5;6;7;8;9;11;12"
Root_9221,88.708509,15.995008,10,"0;3;4;5;6;7;8;9;11;12"
Root_9222,298.813168,35.572768,9,"3;4;5;6;7;8;9;11;12"
Root_9223,62.005104,11.653056,11,"0;1;2;4;5;6;7;8;9;11;12"
Root_9224,271.944230,31.930816,10,"1;2;4;5;6;7;8;9;11;12"
Root_9225,94.399869,16.982656,10,"0;2;4;5;6;7;8;9;11;12"
Root_9226,304.183504,36.560416,9,"2;4;5;6;7;8;9;11;12"
Root_9227,62.005104,12.578976,10,"0;1;4;5;6;7;8;9;11;12"
Root_9228,271.547910,32.856736,9,"1;4;5;6;7;8;9;11;12"
Root_9229,90.299869,17.908576,9,"0;4;5;6;7;8;9;11;12"
Root_9230,304.713104,37.486336,8,"4;5;6;7;8;9;11;12"
Root_9231,58.733488,11.961696,11,"0;1;2;3;5;6;7;8;9;11;12"
Root_9232,274.104710,32.239456,10,"1;2;3;5;6;7;8;9;11;12"
Root_9233,89.708509,17.291296,10,"0;2;3;5;6;7;8;9;11;12"
Root_9234,306.652624,36.869056,9,"2;3;5;6;7;8;9;11;12"
Root_9235,58.733488,12.887616,10,"0;1;3;5;6;7;8;9;11;12"
Root_9236,273.708390,33.165376,9,"1;3;5;6;7;8;9;11;12"
Root_9237,86.042941,18.217216,9,"0;3;5;6;7;8;9;11;12"
Root_9238,307.182224,37.794976,8,"3;5;6;7;8;9;11;12"
Root_9239,63.005104,13.875264,10,"0;1;2;5;6;7;8;9;11;12"
Root_9240,279.078726,34.153024,9,"1;2;5;6;7;8;9;11;12"
Root_9241,92.801021,19.204864,9,"0;2;5;6;7;8;9;11;12"
Root_9242,313.540208,38.782624,8,"2;5;6;7;8;9;11;12"
Root_9243,61.103920,14.801184,9,"0;1;5;6;7;8;9;11;12"
Root_9244,279.608326,35.078944,8,"1;5;6;7;8;9;11;12"
Root_9245,90.552861,20.130784,8,"0;5;6;7;8;9;11;12"
Root_9246,314.995728,39.708544,7,"5;6;7;8;9;11;12"
Root_9247,62.844528,11.282688,11,"0;1;2;3;4;6;7;8;9;11;12"
Root_9248,270.030662,31.560448,10,"1;2;3;4;6;7;8;9;11;12"
Root_9249,97.844336,16.612288,10,"0;2;3;4;6;7;8;9;11;12"
Root_9250,301.899568,36.190048,9,"2;3;4;6;7;8;9;11;12"
Root_9251,62.844528,12.208608,10,"0;1;3;4;6;7;8;9;11;12"
Root_9252,269.634342,32.486368,9,"1;3;4;6;7;8;9;11;12"
Root_9253,93.744336,17.538208,9,"0;3;4;6;7;8;9;11;12"
Root_9254,302.429168,37.115968,8,"3;4;6;7;8;9;11;12"
Root_9255,67.856880,13.196256,10,"0;1;2;4;6;7;8;9;11;12"
Root_9256,274.634310,33.474016,9,"1;2;4;6;7;8;9;11;12"
Root_9257,99.731984,18.525856,9,"0;2;4;6;7;8;9;11;12"
Root_9258,308.416784,38.103616,8,"2;4;6;7;8;9;11;12"
Root_9259,66.634704,14.122176,9,"0;1;4;6;7;8;9;11;12"
Root_9260,275.163910,34.399936,8,"1;4;6;7;8;9;11;12"
Root_9261,96.557904,19.451776,8,"0;4;6;7;8;9;11;12"
Root_9262,309.872304,39.029536,7,"4;6;7;8;9;11;12"
Root_9263,63.844528,13.504896,10,"0;1;2;3;6;7;8;9;11;12"
Root_9264,276.794790,33.782656,9,"1;2;3;6;7;8;9;11;12"
Root_9265,96.183760,18.834496,9,"0;2;3;6;7;8;9;11;12"
Root_9266,310.885904,38.412256,8,"2;3;6;7;8;9;11;12"
Root_9267,62.313712,14.430816,9,"0;1;3;6;7;8;9;11;12"
Root_9268,277.324390,34.708576,8,"1;3;6;7;8;9;11;12"
Root_9269,93.935600,19.760416,8,"0;3;6;7;8;9;11;12"
Root_9270,312.341424,39.338176,7,"3;6;7;8;9;11;12"
Root_9271,67.634704,15.418464,9,"0;1;2;6;7;8;9;11;12"
Root_9272,283.312006,35.696224,8,"1;2;6;7;8;9;11;12"
Root_9273,99.150480,20.748064,8,"0;2;6;7;8;9;11;12"
Root_9274,319.316688,40.325824,7,"2;6;7;8;9;11;12"
Root_9275,64.190320,16.344384,8,"0;1;6;7;8;9;11;12"
Root_9276,284.767526,36.622144,7,"1;6;7;8;9;11;12"
Root_9277,96.902320,21.673984,7,"0;6;7;8;9;11;12"
Root_9278,321.698128,41.251744,6,"6;7;8;9;11;12"
Root_9279,66.566688,12.165398,11,"0;1;2;3;4;5;7;8;9;11;12"
Root_9280,275.734330,32.443158,10,"1;2;3;4;5;7;8;9;11;12"
Root_9281,100.949248,17.494998,10,"0;2;3;4;5;7;8;9;11;12"
Root_9282,308.485946,37.072758,9,"2;3;4;5;7;8;9;11;12"
Root_9283,66.375370,13.091318,10,"0;1;3;4;5;7;8;9;11;12"
Root_9284,275.338010,33.369078,9,"1;3;4;5;7;8;9;11;12"
Root_9285,97.270166,18.420918,9,"0;3;4;5;7;8;9;11;12"
Root_9286,309.015546,37.998678,8,"3;4;5;7;8;9;11;12"
Root_9287,71.387722,14.078966,10,"0;1;2;4;5;7;8;9;11;12"
Root_9288,280.708346,34.356726,9,"1;2;4;5;7;8;9;11;12"
Root_9289,102.836896,19.408566,9,"0;2;4;5;7;8;9;11;12"
Root_9290,315.373530,38.986326,8,"2;4;5;7;8;9;11;12"
Root_9291,69.282835,15.004886,9,"0;1;4;5;7;8;9;11;12"
Root_9292,281.237946,35.282646,8,"1;4;5;7;8;9;11;12"
Root_9293,99.662816,20.334486,8,"0;4;5;7;8;9;11;12"
Root_9294,316.829050,39.912246,7,"4;5;7;8;9;11;12"
Root_9295,67.375370,14.387606,10,"0;1;2;3;5;7;8;9;11;12"
Root_9296,283.177466,34.665366,9,"1;2;3;5;7;8;9;11;12"
Root_9297,100.171382,19.717206,9,"0;2;3;5;7;8;9;11;12"
Root_9298,318.151290,39.294966,8,"2;3;5;7;8;9;11;12"
Root_9299,64.961843,15.313526,9,"0;1;3;5;7;8;9;11;12"
Root_9300,283.707066,35.591286,8,"1;3;5;7;8;9;11;12"
Root_9301,97.923222,20.643126,8,"0;3;5;7;8;9;11;12"
Root_9302,319.606810,40.220886,7,"3;5;7;8;9;11;12"
Root_9303,70.282835,16.301174,9,"0;1;2;5;7;8;9;11;12"
Root_9304,290.065050,36.578934,8,"1;2;5;7;8;9;11;12"
Root_9305,102.255392,21.630774,8,"0;2;5;7;8;9;11;12"
Root_9306,326.952442,41.208534,7,"2;5;7;8;9;11;12"
Root_9307,66.182835,17.227094,8,"0;1;5;7;8;9;11;12"
Root_9308,291.520570,37.504854,7,"1;5;7;8;9;11;12"
Root_9309,100.007232,22.556694,7,"0;5;7;8;9;11;12"
Root_9310,329.333882,42.134454,6,"5;7;8;9;11;12"
Root_9311,73.733386,13.708598,10,"0;1;2;3;4;7;8;9;11;12"
Root_9312,278.424410,33.986358,9,"1;2;3;4;7;8;9;11;12"
Root_9313,106.627040,19.038198,9,"0;2;3;4;7;8;9;11;12"
Root_9314,312.719226,38.615958,8,"2;3;4;7;8;9;11;12"
Root_9315,71.998867,14.634518,9,"0;1;3;4;7;8;9;11;12"
Root_9316,278.954010,34.912278,8,"1;3;4;7;8;9;11;12"
Root_9317,103.452960,19.964118,8,"0;3;4;7;8;9;11;12"
Root_9318,314.174746,39.541878,7,"3;4;7;8;9;11;12"
Root_9319,77.560522,15.622166,9,"0;1;2;4;7;8;9;11;12"
Root_9320,284.941626,35.899926,8,"1;2;4;7;8;9;11;12"
Root_9321,107.476490,20.951766,8,"0;2;4;7;8;9;11;12"
Root_9322,321.150010,40.529526,7,"2;4;7;8;9;11;12"
Root_9323,73.912435,16.548086,8,"0;1;4;7;8;9;11;12"
Root_9324,286.397146,36.825846,7,"1;4;7;8;9;11;12"
Root_9325,104.302410,21.877686,7,"0;4;7;8;9;11;12"
Root_9326,323.531450,41.455446,6,"4;7;8;9;11;12"
Root_9327,72.998867,15.930806,9,"0;1;2;3;7;8;9;11;12"
Root_9328,287.410746,36.208566,8,"1;2;3;7;8;9;11;12"
Root_9329,106.354176,21.260406,8,"0;2;3;7;8;9;11;12"
Root_9330,323.927770,40.838166,7,"2;3;7;8;9;11;12"
Root_9331,69.042141,16.856726,8,"0;1;3;7;8;9;11;12"
Root_9332,288.866266,37.134486,7,"1;3;7;8;9;11;12"
Root_9333,104.106016,22.186326,7,"0;3;7;8;9;11;12"
Root_9334,326.309210,41.764086,6,"3;7;8;9;11;12"
Root_9335,74.912435,17.844374,8,"0;1;2;7;8;9;11;12"
Root_9336,295.841530,38.122134,7,"1;2;7;8;9;11;12"
Root_9337,107.068960,23.173974,7,"0;2;7;8;9;11;12"
Root_9338,334.272122,42.751734,6,"2;7;8;9;11;12"
Root_9339,72.353024,18.770294,7,"0;1;7;8;9;11;12"
Root_9340,298.222970,39.048054,6,"1;7;8;9;11;12"
Root_9341,105.746720,24.099894,6,"0;7;8;9;11;12"
Root_9342,337.579482,43.677654,5,"7;8;9;11;12"
Root_9343,71.159258,12.764160,11,"0;1;2;3;4;5;6;8;9;11;12"
Root_9344,281.555280,33.041920,10,"1;2;3;4;5;6;8;9;11;12"
Root_9345,105.127056,18.093760,10,"0;2;3;4;5;6;8;9;11;12"
Root_9346,314.905658,37.671520,9,"2;3;4;5;6;8;9;11;12"
Root_9347,70.369178,13.690080,10,"0;1;3;4;5;6;8;9;11;12"
Root_9348,281.158960,33.967840,9,"1;3;4;5;6;8;9;11;12"
Root_9349,101.952976,19.019680,9,"0;3;4;5;6;8;9;11;12"
Root_9350,315.435258,38.597440,8,"3;4;5;6;8;9;11;12"
Root_9351,75.381530,14.677728,10,"0;1;2;4;5;6;8;9;11;12"
Root_9352,286.529296,34.955488,9,"1;2;4;5;6;8;9;11;12"
Root_9353,106.920944,20.007328,9,"0;2;4;5;6;8;9;11;12"
Root_9354,321.793242,39.585088,8,"2;4;5;6;8;9;11;12"
Root_9355,72.677882,15.603648,9,"0;1;4;5;6;8;9;11;12"
Root_9356,287.058896,35.881408,8,"1;4;5;6;8;9;11;12"
Root_9357,103.746864,20.933248,8,"0;4;5;6;8;9;11;12"
Root_9358,323.248762,40.511008,7,"4;5;6;8;9;11;12"
Root_9359,71.369178,14.986368,10,"0;1;2;3;5;6;8;9;11;12"
Root_9360,288.998416,35.264128,9,"1;2;3;5;6;8;9;11;12"
Root_9361,104.854192,20.315968,9,"0;2;3;5;6;8;9;11;12"
Root_9362,324.571002,39.893728,8,"2;3;5;6;8;9;11;12"
Root_9363,68.356890,15.912288,9,"0;1;3;5;6;8;9;11;12"
Root_9364,289.528016,36.190048,8,"1;3;5;6;8;9;11;12"
Root_9365,102.606032,21.241888,8,"0;3;5;6;8;9;11;12"
Root_9366,326.026522,40.819648,7,"3;5;6;8;9;11;12"
Root_9367,73.677882,16.899936,9,"0;1;2;5;6;8;9;11;12"
Root_9368,295.886000,37.177696,8,"1;2;5;6;8;9;11;12"
Root_9369,106.339440,22.229536,8,"0;2;5;6;8;9;11;12"
Root_9370,333.372154,41.807296,7,"2;5;6;8;9;11;12"
Root_9371,69.577882,17.825856,8,"0;1;5;6;8;9;11;12"
Root_9372,297.341520,38.103616,7,"1;5;6;8;9;11;12"
Root_9373,104.246736,23.155456,7,"0;5;6;8;9;11;12"
Root_9374,335.753594,42.733216,6,"5;6;8;9;11;12"
Root_9375,78.005008,14.307360,10,"0;1;2;3;4;6;8;9;11;12"
Root_9376,284.245360,34.585120,9,"1;2;3;4;6;8;9;11;12"
Root_9377,111.299856,19.636960,9,"0;2;3;4;6;8;9;11;12"
Root_9378,319.138938,39.214720,8,"2;3;4;6;8;9;11;12"
Root_9379,75.671728,15.233280,9,"0;1;3;4;6;8;9;11;12"
Root_9380,284.774960,35.511040,8,"1;3;4;6;8;9;11;12"
Root_9381,108.125776,20.562880,8,"0;3;4;6;8;9;11;12"
Root_9382,320.594458,40.140640,7,"3;4;6;8;9;11;12"
Root_9383,81.363088,16.220928,9,"0;1;2;4;6;8;9;11;12"
Root_9384,290.762576,36.498688,8,"1;2;4;6;8;9;11;12"
Root_9385,111.550544,21.550528,8,"0;2;4;6;8;9;11;12"
Root_9386,327.569722,41.128288,7,"2;4;6;8;9;11;12"
Root_9387,77.263088,17.146848,8,"0;1;4;6;8;9;11;12"
Root_9388,292.218096,37.424608,7,"1;4;6;8;9;11;12"
Root_9389,108.376464,22.476448,7,"0;4;6;8;9;11;12"
Root_9390,329.951162,42.054208,6,"4;6;8;9;11;12"
Root_9391,76.671728,16.529568,9,"0;1;2;3;6;8;9;11;12"
Root_9392,293.231696,36.807328,8,"1;2;3;6;8;9;11;12"
Root_9393,111.026992,21.859168,8,"0;2;3;6;8;9;11;12"
Root_9394,330.347482,41.436928,7,"2;3;6;8;9;11;12"
Root_9395,72.571728,17.455488,8,"0;1;3;6;8;9;11;12"
Root_9396,294.687216,37.733248,7,"1;3;6;8;9;11;12"
Root_9397,108.778832,22.785088,7,"0;3;6;8;9;11;12"
Root_9398,332.728922,42.362848,6,"3;6;8;9;11;12"
Root_9399,79.002512,18.443136,8,"0;1;2;6;8;9;11;12"
Root_9400,301.662480,38.720896,7,"1;2;6;8;9;11;12"
Root_9401,111.741776,23.772736,7,"0;2;6;8;9;11;12"
Root_9402,340.691834,43.350496,6,"2;6;8;9;11;12"
Root_9403,76.754352,19.369056,7,"0;1;6;8;9;11;12"
Root_9404,304.043920,39.646816,6,"1;6;8;9;11;12"
Root_9405,110.419536,24.698656,6,"0;6;8;9;11;12"
Root_9406,343.999194,44.276416,5,"6;8;9;11;12"
Root_9407,81.535850,15.190070,10,"0;1;2;3;4;5;8;9;11;12"
Root_9408,290.831738,35.467830,9,"1;2;3;4;5;8;9;11;12"
Root_9409,114.353034,20.519670,9,"0;2;3;4;5;8;9;11;12"
Root_9410,326.608026,40.097430,8,"2;3;4;5;8;9;11;12"
Root_9411,78.319859,16.115990,9,"0;1;3;4;5;8;9;11;12"
Root_9412,291.361338,36.393750,8,"1;3;4;5;8;9;11;12"
Root_9413,111.178954,21.445590,8,"0;3;4;5;8;9;11;12"
Root_9414,328.063546,41.023350,7,"3;4;5;8;9;11;12"
Root_9415,84.011219,17.103638,9,"0;1;2;4;5;8;9;11;12"
Root_9416,297.719322,37.381398,8,"1;2;4;5;8;9;11;12"
Root_9417,113.721011,22.433238,8,"0;2;4;5;8;9;11;12"
Root_9418,335.409178,42.010998,7,"2;4;5;8;9;11;12"
Root_9419,79.940778,18.029558,8,"0;1;4;5;8;9;11;12"
Root_9420,299.174842,38.307318,7,"1;4;5;8;9;11;12"
Root_9421,110.906090,23.359158,7,"0;4;5;8;9;11;12"
Root_9422,337.790618,42.936918,6,"4;5;8;9;11;12"
Root_9423,79.319859,17.412278,9,"0;1;2;3;5;8;9;11;12"
Root_9424,300.497082,37.690038,8,"1;2;3;5;8;9;11;12"
Root_9425,114.131904,22.741878,8,"0;2;3;5;8;9;11;12"
Root_9426,338.495578,42.319638,7,"2;3;5;8;9;11;12"
Root_9427,75.896256,18.338198,8,"0;1;3;5;8;9;11;12"
Root_9428,301.952602,38.615958,7,"1;3;5;8;9;11;12"
Root_9429,111.883744,23.667798,7,"0;3;5;8;9;11;12"
Root_9430,340.877018,43.245558,6,"3;5;8;9;11;12"
Root_9431,82.533354,19.325846,8,"0;1;2;5;8;9;11;12"
Root_9432,309.298234,39.603606,7,"1;2;5;8;9;11;12"
Root_9433,114.846688,24.655446,7,"0;2;5;8;9;11;12"
Root_9434,349.210298,44.233206,6,"2;5;8;9;11;12"
Root_9435,80.285194,20.251766,7,"0;1;5;8;9;11;12"
Root_9436,311.679674,40.529526,6,"1;5;8;9;11;12"
Root_9437,113.524448,25.581366,6,"0;5;8;9;11;12"
Root_9438,352.517658,45.159126,5,"5;8;9;11;12"
Root_9439,87.400010,16.733270,9,"0;1;2;3;4;8;9;11;12"
Root_9440,295.065018,37.011030,8,"1;2;3;4;8;9;11;12"
Root_9441,118.982634,22.062870,8,"0;2;3;4;8;9;11;12"
Root_9442,332.384506,41.640630,7,"2;3;4;8;9;11;12"
Root_9443,83.300010,17.659190,8,"0;1;3;4;8;9;11;12"
Root_9444,296.520538,37.936950,7,"1;3;4;8;9;11;12"
Root_9445,115.808554,22.988790,7,"0;3;4;8;9;11;12"
Root_9446,334.765946,42.566550,6,"3;4;8;9;11;12"
Root_9447,89.287658,18.646838,8,"0;1;2;4;8;9;11;12"
Root_9448,303.495802,38.924598,7,"1;2;4;8;9;11;12"
Root_9449,117.783850,23.976438,7,"0;2;4;8;9;11;12"
Root_9450,342.728858,43.554198,6,"2;4;8;9;11;12"
Root_9451,86.113578,19.572758,7,"0;1;4;8;9;11;12"
Root_9452,305.877242,39.850518,6,"1;4;8;9;11;12"
Root_9453,115.535690,24.902358,6,"0;4;8;9;11;12"
Root_9454,346.036218,44.480118,5,"4;8;9;11;12"
Root_9455,85.860416,18.955478,8,"0;1;2;3;8;9;11;12"
Root_9456,306.273562,39.233238,7,"1;2;3;8;9;11;12"
Root_9457,119.018410,24.285078,7,"0;2;3;8;9;11;12"
Root_9458,345.815258,43.862838,6,"2;3;8;9;11;12"
Root_9459,83.612256,19.881398,7,"0;1;3;8;9;11;12"
Root_9460,308.655002,40.159158,6,"1;3;8;9;11;12"
Root_9461,116.770250,25.210998,6,"0;3;8;9;11;12"
Root_9462,349.122618,44.788758,5,"3;8;9;11;12"
Root_9463,88.706154,20.869046,7,"0;1;2;8;9;11;12"
Root_9464,316.617914,41.146806,6,"1;2;8;9;11;12"
Root_9465,119.794922,26.198646,6,"0;2;8;9;11;12"
Root_9466,358.073178,45.776406,5,"2;8;9;11;12"
Root_9467,86.457994,21.794966,6,"0;1;8;9;11;12"
Root_9468,319.925274,42.072726,5,"1;8;9;11;12"
Root_9469,118.597248,27.124566,5,"0;8;9;11;12"
Root_9470,362.306458,46.702326,4,"8;9;11;12"
Root_9471,78.554246,14.369088,11,"0;1;2;3;4;5;6;7;9;11;12"
Root_9472,299.209488,34.646848,10,"1;2;3;4;5;6;7;9;11;12"
Root_9473,115.370064,19.698688,10,"0;2;3;4;5;6;7;9;11;12"
Root_9474,334.164794,39.276448,9,"2;3;4;5;6;7;9;11;12"
Root_9475,76.159238,15.295008,10,"0;1;3;4;5;6;7;9;11;12"
Root_9476,298.813168,35.572768,9,"1;3;4;5;6;7;9;11;12"
Root_9477,112.195984,20.624608,9,"0;3;4;5;6;7;9;11;12"
Root_9478,334.694394,40.202368,8,"3;4;5;6;7;9;11;12"
Root_9479,81.850598,16.282656,10,"0;1;2;4;5;6;7;9;11;12"
Root_9480,304.183504,36.560416,9,"1;2;4;5;6;7;9;11;12"
Root_9481,115.559024,21.612256,9,"0;2;4;5;6;7;9;11;12"
Root_9482,341.052378,41.190016,8,"2;4;5;6;7;9;11;12"
Root_9483,77.750598,17.208576,9,"0;1;4;5;6;7;9;11;12"
Root_9484,304.713104,37.486336,8,"1;4;5;6;7;9;11;12"
Root_9485,112.384944,22.538176,8,"0;4;5;6;7;9;11;12"
Root_9486,342.507898,42.115936,7,"4;5;6;7;9;11;12"
Root_9487,77.159238,16.591296,10,"0;1;2;3;5;6;7;9;11;12"
Root_9488,306.652624,36.869056,9,"1;2;3;5;6;7;9;11;12"
Root_9489,115.097200,21.920896,9,"0;2;3;5;6;7;9;11;12"
Root_9490,343.830138,41.498656,8,"2;3;5;6;7;9;11;12"
Root_9491,73.059238,17.517216,9,"0;1;3;5;6;7;9;11;12"
Root_9492,307.182224,37.794976,8,"1;3;5;6;7;9;11;12"
Root_9493,112.849040,22.846816,8,"0;3;5;6;7;9;11;12"
Root_9494,345.285658,42.424576,7,"3;5;6;7;9;11;12"
Root_9495,79.551750,18.504864,9,"0;1;2;5;6;7;9;11;12"
Root_9496,313.540208,38.782624,8,"1;2;5;6;7;9;11;12"
Root_9497,115.811984,23.834464,8,"0;2;5;6;7;9;11;12"
Root_9498,352.631290,43.412224,7,"2;5;6;7;9;11;12"
Root_9499,77.303590,19.430784,8,"0;1;5;6;7;9;11;12"
Root_9500,314.995728,39.708544,7,"1;5;6;7;9;11;12"
Root_9501,114.489744,24.760384,7,"0;5;6;7;9;11;12"
Root_9502,355.012730,44.338144,6,"5;6;7;9;11;12"
Root_9503,85.474160,15.912288,10,"0;1;2;3;4;6;7;9;11;12"
Root_9504,301.899568,36.190048,9,"1;2;3;4;6;7;9;11;12"
Root_9505,120.768912,21.241888,9,"0;2;3;4;6;7;9;11;12"
Root_9506,338.398074,40.819648,8,"2;3;4;6;7;9;11;12"
Root_9507,81.535952,16.838208,9,"0;1;3;4;6;7;9;11;12"
Root_9508,302.429168,37.115968,8,"1;3;4;6;7;9;11;12"
Root_9509,117.594832,22.167808,8,"0;3;4;6;7;9;11;12"
Root_9510,339.853594,41.745568,7,"3;4;6;7;9;11;12"
Root_9511,87.387728,17.825856,9,"0;1;2;4;6;7;9;11;12"
Root_9512,308.416784,38.103616,8,"1;2;4;6;7;9;11;12"
Root_9513,119.570128,23.155456,8,"0;2;4;6;7;9;11;12"
Root_9514,346.828858,42.733216,7,"2;4;6;7;9;11;12"
Root_9515,84.039504,18.751776,8,"0;1;4;6;7;9;11;12"
Root_9516,309.872304,39.029536,7,"1;4;6;7;9;11;12"
Root_9517,117.321968,24.081376,7,"0;4;6;7;9;11;12"
Root_9518,349.210298,43.659136,6,"4;6;7;9;11;12"
Root_9519,82.965360,18.134496,9,"0;1;2;3;6;7;9;11;12"
Root_9520,310.885904,38.412256,8,"1;2;3;6;7;9;11;12"
Root_9521,120.804688,23.464096,8,"0;2;3;6;7;9;11;12"
Root_9522,349.606618,43.041856,7,"2;3;6;7;9;11;12"
Root_9523,80.717200,19.060416,8,"0;1;3;6;7;9;11;12"
Root_9524,312.341424,39.338176,7,"1;3;6;7;9;11;12"
Root_9525,118.556528,24.390016,7,"0;3;6;7;9;11;12"
Root_9526,351.988058,43.967776,6,"3;6;7;9;11;12"
Root_9527,86.632080,20.048064,8,"0;1;2;6;7;9;11;12"
Root_9528,319.316688,40.325824,7,"1;2;6;7;9;11;12"
Root_9529,121.581200,25.377664,7,"0;2;6;7;9;11;12"
Root_9530,359.950970,44.955424,6,"2;6;7;9;11;12"
Root_9531,84.383920,20.973984,7,"0;1;6;7;9;11;12"
Root_9532,321.698128,41.251744,6,"1;6;7;9;11;12"
Root_9533,120.258960,26.303584,6,"0;6;7;9;11;12"
Root_9534,363.258330,45.881344,5,"6;7;9;11;12"
Root_9535,87.949248,16.794998,10,"0;1;2;3;4;5;7;9;11;12"
Root_9536,308.485946,37.072758,9,"1;2;3;4;5;7;9;11;12"
Root_9537,123.194816,22.124598,9,"0;2;3;4;5;7;9;11;12"
Root_9538,345.867162,41.702358,8,"2;3;4;5;7;9;11;12"
Root_9539,83.849248,17.720918,9,"0;1;3;4;5;7;9;11;12"
Root_9540,309.015546,37.998678,8,"1;3;4;5;7;9;11;12"
Root_9541,120.020736,23.050518,8,"0;3;4;5;7;9;11;12"
Root_9542,347.322682,42.628278,7,"3;4;5;7;9;11;12"
Root_9543,89.836896,18.708566,9,"0;1;2;4;5;7;9;11;12"
Root_9544,315.373530,38.986326,8,"1;2;4;5;7;9;11;12"
Root_9545,121.996032,24.038166,8,"0;2;4;5;7;9;11;12"
Root_9546,354.668314,43.615926,7,"2;4;5;7;9;11;12"
Root_9547,86.662816,19.634486,8,"0;1;4;5;7;9;11;12"
Root_9548,316.829050,39.912246,7,"1;4;5;7;9;11;12"
Root_9549,119.747872,24.964086,7,"0;4;5;7;9;11;12"
Root_9550,357.049754,44.541846,6,"4;5;7;9;11;12"
Root_9551,86.471382,19.017206,9,"0;1;2;3;5;7;9;11;12"
Root_9552,318.151290,39.294966,8,"1;2;3;5;7;9;11;12"
Root_9553,123.539232,24.346806,8,"0;2;3;5;7;9;11;12"
Root_9554,357.754714,43.924566,7,"2;3;5;7;9;11;12"
Root_9555,84.223222,19.943126,8,"0;1;3;5;7;9;11;12"
Root_9556,319.606810,40.220886,7,"1;3;5;7;9;11;12"
Root_9557,121.291072,25.272726,7,"0;3;5;7;9;11;12"
Root_9558,360.136154,44.850486,6,"3;5;7;9;11;12"
Root_9559,89.255392,20.930774,8,"0;1;2;5;7;9;11;12"
Root_9560,326.952442,41.208534,7,"1;2;5;7;9;11;12"
Root_9561,124.686112,26.260374,7,"0;2;5;7;9;11;12"
Root_9562,368.469434,45.838134,6,"2;5;7;9;11;12"
Root_9563,87.007232,21.856694,7,"0;1;5;7;9;11;12"
Root_9564,329.333882,42.134454,6,"1;5;7;9;11;12"
Root_9565,123.736461,27.186294,6,"0;5;7;9;11;12"
Root_9566,371.776794,46.764054,5,"5;7;9;11;12"
Root_9567,94.275306,18.338198,9,"0;1;2;3;4;7;9;11;12"
Root_9568,312.719226,38.615958,8,"1;2;3;4;7;9;11;12"
Root_9569,127.155402,23.667798,8,"0;2;3;4;7;9;11;12"
Root_9570,351.643642,43.245558,7,"2;3;4;7;9;11;12"
Root_9571,91.101226,19.264118,8,"0;1;3;4;7;9;11;12"
Root_9572,314.174746,39.541878,7,"1;3;4;7;9;11;12"
Root_9573,123.981322,24.593718,7,"0;3;4;7;9;11;12"
Root_9574,354.025082,44.171478,6,"3;4;7;9;11;12"
Root_9575,95.824755,20.251766,8,"0;1;2;4;7;9;11;12"
Root_9576,321.150010,40.529526,7,"1;2;4;7;9;11;12"
Root_9577,126.018346,25.581366,7,"0;2;4;7;9;11;12"
Root_9578,361.987994,45.159126,6,"2;4;7;9;11;12"
Root_9579,92.650675,21.177686,7,"0;1;4;7;9;11;12"
Root_9580,323.531450,41.455446,6,"1;4;7;9;11;12"
Root_9581,123.770186,26.507286,6,"0;4;7;9;11;12"
Root_9582,365.295354,46.085046,5,"4;7;9;11;12"
Root_9583,94.002442,20.560406,8,"0;1;2;3;7;9;11;12"
Root_9584,323.927770,40.838166,7,"1;2;3;7;9;11;12"
Root_9585,127.252906,25.890006,7,"0;2;3;7;9;11;12"
Root_9586,365.074394,45.467766,6,"2;3;7;9;11;12"
Root_9587,91.754282,21.486326,7,"0;1;3;7;9;11;12"
Root_9588,326.309210,41.764086,6,"1;3;7;9;11;12"
Root_9589,125.004746,26.815926,6,"0;3;7;9;11;12"
Root_9590,368.381754,46.393686,5,"3;7;9;11;12"
Root_9591,95.243251,22.473974,7,"0;1;2;7;9;11;12"
Root_9592,334.272122,42.751734,6,"1;2;7;9;11;12"
Root_9593,129.636566,27.803574,6,"0;2;7;9;11;12"
Root_9594,377.332314,47.381334,5,"2;7;9;11;12"
Root_9595,93.394986,23.399894,6,"0;1;7;9;11;12"
Root_9596,337.579482,43.677654,5,"1;7;9;11;12"
Root_9597,130.166166,28.729494,5,"0;7;9;11;12"
Root_9598,381.565594,48.307254,4,"7;9;11;12"
Root_9599,92.307366,17.393760,10,"0;1;2;3;4;5;6;9;11;12"
Root_9600,314.905658,37.671520,9,"1;2;3;4;5;6;9;11;12"
Root_9601,128.466394,22.723360,9,"0;2;3;4;5;6;9;11;12"
Root_9602,352.885635,42.301120,8,"2;3;4;5;6;9;11;12"
Root_9603,88.527046,18.319680,9,"0;1;3;4;5;6;9;11;12"
Root_9604,315.435258,38.597440,8,"1;3;4;5;6;9;11;12"
Root_9605,125.292314,23.649280,8,"0;3;4;5;6;9;11;12"
Root_9606,354.341155,43.227040,7,"3;4;5;6;9;11;12"
Root_9607,94.195014,19.307328,9,"0;1;2;4;5;6;9;11;12"
Root_9608,321.793242,39.585088,8,"1;2;4;5;6;9;11;12"
Root_9609,127.267610,24.636928,8,"0;2;4;5;6;9;11;12"
Root_9610,361.686787,44.214688,7,"2;4;5;6;9;11;12"
Root_9611,91.020934,20.233248,8,"0;1;4;5;6;9;11;12"
Root_9612,323.248762,40.511008,7,"1;4;5;6;9;11;12"
Root_9613,125.019450,25.562848,7,"0;4;5;6;9;11;12"
Root_9614,364.068227,45.140608,6,"4;5;6;9;11;12"
Root_9615,91.428262,19.615968,9,"0;1;2;3;5;6;9;11;12"
Root_9616,324.571002,39.893728,8,"1;2;3;5;6;9;11;12"
Root_9617,128.810810,24.945568,8,"0;2;3;5;6;9;11;12"
Root_9618,364.773187,44.523328,7,"2;3;5;6;9;11;12"
Root_9619,89.180102,20.541888,8,"0;1;3;5;6;9;11;12"
Root_9620,326.026522,40.819648,7,"1;3;5;6;9;11;12"
Root_9621,126.562650,25.871488,7,"0;3;5;6;9;11;12"
Root_9622,367.154627,45.449248,6,"3;5;6;9;11;12"
Root_9623,93.613510,21.529536,8,"0;1;2;5;6;9;11;12"
Root_9624,333.372154,41.807296,7,"1;2;5;6;9;11;12"
Root_9625,129.957690,26.859136,7,"0;2;5;6;9;11;12"
Root_9626,375.487907,46.436896,6,"2;5;6;9;11;12"
Root_9627,91.365350,22.455456,7,"0;1;5;6;9;11;12"
Root_9628,335.753594,42.733216,6,"1;5;6;9;11;12"
Root_9629,130.205562,27.785056,6,"0;5;6;9;11;12"
Root_9630,378.795267,47.362816,5,"5;6;9;11;12"
Root_9631,98.349360,18.936960,9,"0;1;2;3;4;6;9;11;12"
Root_9632,319.138938,39.214720,8,"1;2;3;4;6;9;11;12"
Root_9633,131.828218,24.266560,8,"0;2;3;4;6;9;11;12"
Root_9634,358.662115,43.844320,7,"2;3;4;6;9;11;12"
Root_9635,95.175280,19.862880,8,"0;1;3;4;6;9;11;12"
Root_9636,320.594458,40.140640,7,"1;3;4;6;9;11;12"
Root_9637,128.654138,25.192480,7,"0;3;4;6;9;11;12"
Root_9638,361.043555,44.770240,6,"3;4;6;9;11;12"
Root_9639,99.300048,20.850528,8,"0;1;2;4;6;9;11;12"
Root_9640,327.569722,41.128288,7,"1;2;4;6;9;11;12"
Root_9641,130.691162,26.180128,7,"0;2;4;6;9;11;12"
Root_9642,369.006467,45.757888,6,"2;4;6;9;11;12"
Root_9643,96.125968,21.776448,7,"0;1;4;6;9;11;12"
Root_9644,329.951162,42.054208,6,"1;4;6;9;11;12"
Root_9645,128.655098,27.106048,6,"0;4;6;9;11;12"
Root_9646,372.313827,46.683808,5,"4;6;9;11;12"
Root_9647,98.076496,21.159168,8,"0;1;2;3;6;9;11;12"
Root_9648,330.347482,41.436928,7,"1;2;3;6;9;11;12"
Root_9649,131.925722,26.488768,7,"0;2;3;6;9;11;12"
Root_9650,372.092867,46.066528,6,"2;3;6;9;11;12"
Root_9651,95.828336,22.085088,7,"0;1;3;6;9;11;12"
Root_9652,332.728922,42.362848,6,"1;3;6;9;11;12"
Root_9653,130.506938,27.414688,6,"0;3;6;9;11;12"
Root_9654,375.400227,46.992448,5,"3;6;9;11;12"
Root_9655,98.791280,23.072736,7,"0;1;2;6;9;11;12"
Root_9656,340.691834,43.350496,6,"1;2;6;9;11;12"
Root_9657,135.506906,28.402336,6,"0;2;6;9;11;12"
Root_9658,384.350787,47.980096,5,"2;6;9;11;12"
Root_9659,97.469040,23.998656,6,"0;1;6;9;11;12"
Root_9660,343.999194,44.276416,5,"1;6;9;11;12"
Root_9661,136.036506,29.328256,5,"0;6;9;11;12"
Root_9662,388.584067,48.906016,4,"6;9;11;12"
Root_9663,101.404768,19.819670,9,"0;1;2;3;4;5;9;11;12"
Root_9664,326.608026,40.097430,8,"1;2;3;4;5;9;11;12"
Root_9665,133.883754,25.149270,8,"0;2;3;4;5;9;11;12"
Root_9666,367.013914,44.727030,7,"2;3;4;5;9;11;12"
Root_9667,98.230688,20.745590,8,"0;1;3;4;5;9;11;12"
Root_9668,328.063546,41.023350,7,"1;3;4;5;9;11;12"
Root_9669,130.709674,26.075190,7,"0;3;4;5;9;11;12"
Root_9670,369.395354,45.652950,6,"3;4;5;9;11;12"
Root_9671,101.472746,21.733238,8,"0;1;2;4;5;9;11;12"
Root_9672,335.409178,42.010998,7,"1;2;4;5;9;11;12"
Root_9673,133.242742,27.062838,7,"0;2;4;5;9;11;12"
Root_9674,377.728634,46.640598,6,"2;4;5;9;11;12"
Root_9675,98.298666,22.659158,7,"0;1;4;5;9;11;12"
Root_9676,337.790618,42.936918,6,"1;4;5;9;11;12"
Root_9677,132.846422,27.988758,6,"0;4;5;9;11;12"
Root_9678,381.035994,47.566518,5,"4;5;9;11;12"
Root_9679,101.131904,22.041878,8,"0;1;2;3;5;9;11;12"
Root_9680,338.495578,42.319638,7,"1;2;3;5;9;11;12"
Root_9681,135.403222,27.371478,7,"0;2;3;5;9;11;12"
Root_9682,381.123674,46.949238,6,"2;3;5;9;11;12"
Root_9683,98.883744,22.967798,7,"0;1;3;5;9;11;12"
Root_9684,340.877018,43.245558,6,"1;3;5;9;11;12"
Root_9685,135.006902,28.297398,6,"0;3;5;9;11;12"
Root_9686,384.431034,47.875158,5,"3;5;9;11;12"
Root_9687,101.846688,23.955446,7,"0;1;2;5;9;11;12"
Root_9688,349.210298,44.233206,6,"1;2;5;9;11;12"
Root_9689,140.662285,29.285046,6,"0;2;5;9;11;12"
Root_9690,393.751962,48.862806,5,"2;5;9;11;12"
Root_9691,100.524448,24.881366,6,"0;1;5;9;11;12"
Root_9692,352.517658,45.159126,5,"1;5;9;11;12"
Root_9693,142.328771,30.210966,5,"0;5;9;11;12"
Root_9694,397.985242,49.788726,4,"5;9;11;12"
Root_9695,106.682634,21.362870,8,"0;1;2;3;4;9;11;12"
Root_9696,332.384506,41.640630,7,"1;2;3;4;9;11;12"
Root_9697,135.251763,26.692470,7,"0;2;3;4;9;11;12"
Root_9698,374.333594,46.270230,6,"2;3;4;9;11;12"
Root_9699,103.508554,22.288790,7,"0;1;3;4;9;11;12"
Root_9700,334.765946,42.566550,6,"1;3;4;9;11;12"
Root_9701,133.314464,27.618390,6,"0;3;4;9;11;12"
Root_9702,377.640954,47.196150,5,"3;4;9;11;12"
Root_9703,105.483850,23.276438,7,"0;1;2;4;9;11;12"
Root_9704,342.728858,43.554198,6,"1;2;4;9;11;12"
Root_9705,137.326784,28.606038,6,"0;2;4;9;11;12"
Root_9706,386.591514,48.183798,5,"2;4;9;11;12"
Root_9707,103.235690,24.202358,6,"0;1;4;9;11;12"
Root_9708,346.036218,44.480118,5,"1;4;9;11;12"
Root_9709,137.462422,29.531958,5,"0;4;9;11;12"
Root_9710,390.824794,49.109718,4,"4;9;11;12"
Root_9711,106.718410,23.585078,7,"0;1;2;3;9;11;12"
Root_9712,345.815258,43.862838,6,"1;2;3;9;11;12"
Root_9713,139.178624,28.914678,6,"0;2;3;9;11;12"
Root_9714,389.986554,48.492438,5,"2;3;9;11;12"
Root_9715,104.470250,24.510998,6,"0;1;3;9;11;12"
Root_9716,349.122618,44.788758,5,"1;3;9;11;12"
Root_9717,139.622902,29.840598,5,"0;3;9;11;12"
Root_9718,394.219834,49.418358,4,"3;9;11;12"
Root_9719,107.494922,25.498646,6,"0;1;2;9;11;12"
Root_9720,358.073178,45.776406,5,"1;2;9;11;12"
Root_9721,147.267011,30.828246,5,"0;2;9;11;12"
Root_9722,404.158042,50.406006,4,"2;9;11;12"
Root_9723,106.172682,26.424566,5,"0;1;9;11;12"
Root_9724,362.306458,46.702326,4,"1;9;11;12"
Root_9725,150.574371,31.754166,4,"0;9;11;12"
Root_9726,409.317242,51.331926,3,"9;11;12"
Root_9727,61.906288,12.332064,11,"0;1;2;3;4;5;6;7;8;11;12"
Root_9728,277.234320,32.609824,10,"1;2;3;4;5;6;7;8;11;12"
Root_9729,93.449245,17.661664,10,"0;2;3;4;5;6;7;8;11;12"
Root_9730,310.152602,37.239424,9,"2;3;4;5;6;7;8;11;12"
Root_9731,61.548304,13.257984,10,"0;1;3;4;5;6;7;8;11;12"
Root_9732,276.838000,33.535744,9,"1;3;4;5;6;7;8;11;12"
Root_9733,89.936829,18.587584,9,"0;3;4;5;6;7;8;11;12"
Root_9734,310.682202,38.165344,8,"3;4;5;6;7;8;11;12"
Root_9735,66.375472,14.245632,10,"0;1;2;4;5;6;7;8;11;12"
Root_9736,282.208336,34.523392,9,"1;2;4;5;6;7;8;11;12"
Root_9737,95.336893,19.575232,9,"0;2;4;5;6;7;8;11;12"
Root_9738,317.040186,39.152992,8,"2;4;5;6;7;8;11;12"
Root_9739,64.103920,15.171552,9,"0;1;4;5;6;7;8;11;12"
Root_9740,282.737936,35.449312,8,"1;4;5;6;7;8;11;12"
Root_9741,92.162813,20.501152,8,"0;4;5;6;7;8;11;12"
Root_9742,318.495706,40.078912,7,"4;5;6;7;8;11;12"
Root_9743,62.548304,14.554272,10,"0;1;2;3;5;6;7;8;11;12"
Root_9744,284.677456,34.832032,9,"1;2;3;5;6;7;8;11;12"
Root_9745,92.838045,19.883872,9,"0;2;3;5;6;7;8;11;12"
Root_9746,319.817946,39.461632,8,"2;3;5;6;7;8;11;12"
Root_9747,59.968112,15.480192,9,"0;1;3;5;6;7;8;11;12"
Root_9748,285.207056,35.757952,8,"1;3;5;6;7;8;11;12"
Root_9749,90.589885,20.809792,8,"0;3;5;6;7;8;11;12"
Root_9750,321.273466,40.387552,7,"3;5;6;7;8;11;12"
Root_9751,65.103920,16.467840,9,"0;1;2;5;6;7;8;11;12"
Root_9752,291.565040,36.745600,8,"1;2;5;6;7;8;11;12"
Root_9753,95.552829,21.797440,8,"0;2;5;6;7;8;11;12"
Root_9754,328.619098,41.375200,7,"2;5;6;7;8;11;12"
Root_9755,61.003920,17.393760,8,"0;1;5;6;7;8;11;12"
Root_9756,293.020560,37.671520,7,"1;5;6;7;8;11;12"
Root_9757,94.230589,22.723360,7,"0;5;6;7;8;11;12"
Root_9758,331.000538,42.301120,6,"5;6;7;8;11;12"
Root_9759,67.214896,13.875264,10,"0;1;2;3;4;6;7;8;11;12"
Root_9760,279.924400,34.153024,9,"1;2;3;4;6;7;8;11;12"
Root_9761,99.460368,19.204864,9,"0;2;3;4;6;7;8;11;12"
Root_9762,314.385882,38.782624,8,"2;3;4;6;7;8;11;12"
Root_9763,65.313712,14.801184,9,"0;1;3;4;6;7;8;11;12"
Root_9764,280.454000,35.078944,8,"1;3;4;6;7;8;11;12"
Root_9765,96.286288,20.130784,8,"0;3;4;6;7;8;11;12"
Root_9766,315.841402,39.708544,7,"3;4;6;7;8;11;12"
Root_9767,71.005072,15.788832,9,"0;1;2;4;6;7;8;11;12"
Root_9768,286.441616,36.066592,8,"1;2;4;6;7;8;11;12"
Root_9769,100.261584,21.118432,8,"0;2;4;6;7;8;11;12"
Root_9770,322.816666,40.696192,7,"2;4;6;7;8;11;12"
Root_9771,67.190320,16.714752,8,"0;1;4;6;7;8;11;12"
Root_9772,287.897136,36.992512,7,"1;4;6;7;8;11;12"
Root_9773,98.013424,22.044352,7,"0;4;6;7;8;11;12"
Root_9774,325.198106,41.622112,6,"4;6;7;8;11;12"
Root_9775,66.313712,16.097472,9,"0;1;2;3;6;7;8;11;12"
Root_9776,288.910736,36.375232,8,"1;2;3;6;7;8;11;12"
Root_9777,99.614576,21.427072,8,"0;2;3;6;7;8;11;12"
Root_9778,325.594426,41.004832,7,"2;3;6;7;8;11;12"
Root_9779,62.213712,17.023392,8,"0;1;3;6;7;8;11;12"
Root_9780,290.366256,37.301152,7,"1;3;6;7;8;11;12"
Root_9781,98.292336,22.352992,7,"0;3;6;7;8;11;12"
Root_9782,327.975866,41.930752,6,"3;6;7;8;11;12"
Root_9783,68.212400,18.011040,8,"0;1;2;6;7;8;11;12"
Root_9784,297.341520,38.288800,7,"1;2;6;7;8;11;12"
Root_9785,102.242928,23.340640,7,"0;2;6;7;8;11;12"
Root_9786,335.938778,42.918400,6,"2;6;7;8;11;12"
Root_9787,65.964240,18.936960,7,"0;1;6;7;8;11;12"
Root_9788,299.722960,39.214720,6,"1;6;7;8;11;12"
Root_9789,101.846608,24.266560,6,"0;6;7;8;11;12"
Root_9790,339.246138,43.844320,5,"6;7;8;11;12"
Root_9791,70.745738,14.757974,10,"0;1;2;3;4;5;7;8;11;12"
Root_9792,286.510778,35.035734,9,"1;2;3;4;5;7;8;11;12"
Root_9793,102.565280,20.087574,9,"0;2;3;4;5;7;8;11;12"
Root_9794,321.854970,39.665334,8,"2;3;4;5;7;8;11;12"
Root_9795,67.961843,15.683894,9,"0;1;3;4;5;7;8;11;12"
Root_9796,287.040378,35.961654,8,"1;3;4;5;7;8;11;12"
Root_9797,99.404694,21.013494,8,"0;3;4;5;7;8;11;12"
Root_9798,323.310490,40.591254,7,"3;4;5;7;8;11;12"
Root_9799,73.653203,16.671542,9,"0;1;2;4;5;7;8;11;12"
Root_9800,293.398362,36.949302,8,"1;2;4;5;7;8;11;12"
Root_9801,103.366496,22.001142,8,"0;2;4;5;7;8;11;12"
Root_9802,330.656122,41.578902,7,"2;4;5;7;8;11;12"
Root_9803,69.553203,17.597462,8,"0;1;4;5;7;8;11;12"
Root_9804,294.853882,37.875222,7,"1;4;5;7;8;11;12"
Root_9805,101.118336,22.927062,7,"0;4;5;7;8;11;12"
Root_9806,333.037562,42.504822,6,"4;5;7;8;11;12"
Root_9807,68.961843,16.980182,9,"0;1;2;3;5;7;8;11;12"
Root_9808,296.176122,37.257942,8,"1;2;3;5;7;8;11;12"
Root_9809,103.602198,22.309782,8,"0;2;3;5;7;8;11;12"
Root_9810,333.742522,41.887542,7,"2;3;5;7;8;11;12"
Root_9811,64.861843,17.906102,8,"0;1;3;5;7;8;11;12"
Root_9812,297.631642,38.183862,7,"1;3;5;7;8;11;12"
Root_9813,102.279958,23.235702,7,"0;3;5;7;8;11;12"
Root_9814,336.123962,42.813462,6,"3;5;7;8;11;12"
Root_9815,71.743242,18.893750,8,"0;1;2;5;7;8;11;12"
Root_9816,304.977274,39.171510,7,"1;2;5;7;8;11;12"
Root_9817,106.230550,24.223350,7,"0;2;5;7;8;11;12"
Root_9818,344.457242,43.801110,6,"2;5;7;8;11;12"
Root_9819,69.495082,19.819670,7,"0;1;5;7;8;11;12"
Root_9820,307.358714,40.097430,6,"1;5;7;8;11;12"
Root_9821,105.834230,25.149270,6,"0;5;7;8;11;12"
Root_9822,347.764602,44.727030,5,"5;7;8;11;12"
Root_9823,76.609898,16.301174,9,"0;1;2;3;4;7;8;11;12"
Root_9824,290.744058,36.578934,8,"1;2;3;4;7;8;11;12"
Root_9825,108.206016,21.630774,8,"0;2;3;4;7;8;11;12"
Root_9826,327.631450,41.208534,7,"2;3;4;7;8;11;12"
Root_9827,72.509898,17.227094,8,"0;1;3;4;7;8;11;12"
Root_9828,292.199578,37.504854,7,"1;3;4;7;8;11;12"
Root_9829,105.957856,22.556694,7,"0;3;4;7;8;11;12"
Root_9830,330.012890,42.134454,6,"3;4;7;8;11;12"
Root_9831,78.497546,18.214742,8,"0;1;2;4;7;8;11;12"
Root_9832,299.174842,38.492502,7,"1;2;4;7;8;11;12"
Root_9833,108.920800,23.544342,7,"0;2;4;7;8;11;12"
Root_9834,337.975802,43.122102,6,"2;4;7;8;11;12"
Root_9835,75.323466,19.140662,7,"0;1;4;7;8;11;12"
Root_9836,301.556282,39.418422,6,"1;4;7;8;11;12"
Root_9837,107.598560,24.470262,6,"0;4;7;8;11;12"
Root_9838,341.283162,44.048022,5,"4;7;8;11;12"
Root_9839,74.638208,18.523382,8,"0;1;2;3;7;8;11;12"
Root_9840,301.952602,38.801142,7,"1;2;3;7;8;11;12"
Root_9841,110.464000,23.852982,7,"0;2;3;7;8;11;12"
Root_9842,341.062202,43.430742,6,"2;3;7;8;11;12"
Root_9843,72.390048,19.449302,7,"0;1;3;7;8;11;12"
Root_9844,304.334042,39.727062,6,"1;3;7;8;11;12"
Root_9845,109.141760,24.778902,6,"0;3;7;8;11;12"
Root_9846,344.369562,44.356662,5,"3;7;8;11;12"
Root_9847,77.916042,20.436950,7,"0;1;2;7;8;11;12"
Root_9848,312.296954,40.714710,6,"1;2;7;8;11;12"
Root_9849,113.154080,25.766550,6,"0;2;7;8;11;12"
Root_9850,353.320122,45.344310,5,"2;7;8;11;12"
Root_9851,76.030752,21.362870,6,"0;1;7;8;11;12"
Root_9852,315.604314,41.640630,5,"1;7;8;11;12"
Root_9853,112.757760,26.692470,5,"0;7;8;11;12"
Root_9854,357.553402,46.270230,4,"7;8;11;12"
Root_9855,74.739546,15.356736,10,"0;1;2;3;4;5;6;8;11;12"
Root_9856,292.498394,35.634496,9,"1;2;3;4;5;6;8;11;12"
Root_9857,107.186362,20.686336,9,"0;2;3;4;5;6;8;11;12"
Root_9858,328.441347,40.264096,8,"2;3;4;5;6;8;11;12"
Root_9859,71.356890,16.282656,9,"0;1;3;4;5;6;8;11;12"
Root_9860,293.027994,36.560416,8,"1;3;4;5;6;8;11;12"
Root_9861,104.624538,21.612256,8,"0;3;4;5;6;8;11;12"
Root_9862,329.896867,41.190016,7,"3;4;5;6;8;11;12"
Root_9863,77.048250,17.270304,9,"0;1;2;4;5;6;8;11;12"
Root_9864,299.385978,37.548064,8,"1;2;4;5;6;8;11;12"
Root_9865,107.987578,22.599904,8,"0;2;4;5;6;8;11;12"
Root_9866,337.242499,42.177664,7,"2;4;5;6;8;11;12"
Root_9867,73.144474,18.196224,8,"0;1;4;5;6;8;11;12"
Root_9868,300.841498,38.473984,7,"1;4;5;6;8;11;12"
Root_9869,106.265242,23.525824,7,"0;4;5;6;8;11;12"
Root_9870,339.623939,43.103584,6,"4;5;6;8;11;12"
Root_9871,72.356890,17.578944,9,"0;1;2;3;5;6;8;11;12"
Root_9872,302.163738,37.856704,8,"1;2;3;5;6;8;11;12"
Root_9873,109.040442,22.908544,8,"0;2;3;5;6;8;11;12"
Root_9874,340.328899,42.486304,7,"2;3;5;6;8;11;12"
Root_9875,69.266618,18.504864,8,"0;1;3;5;6;8;11;12"
Root_9876,303.619258,38.782624,7,"1;3;5;6;8;11;12"
Root_9877,107.718202,23.834464,7,"0;3;5;6;8;11;12"
Root_9878,342.710339,43.412224,6,"3;5;6;8;11;12"
Root_9879,75.737050,19.492512,8,"0;1;2;5;6;8;11;12"
Root_9880,310.964890,39.770272,7,"1;2;5;6;8;11;12"
Root_9881,111.668794,24.822112,7,"0;2;5;6;8;11;12"
Root_9882,351.043619,44.399872,6,"2;5;6;8;11;12"
Root_9883,73.488890,20.418432,7,"0;1;5;6;8;11;12"
Root_9884,313.346330,40.696192,6,"1;5;6;8;11;12"
Root_9885,111.272474,25.748032,6,"0;5;6;8;11;12"
Root_9886,354.350979,45.325792,5,"5;6;8;11;12"
Root_9887,80.412464,16.899936,9,"0;1;2;3;4;6;8;11;12"
Root_9888,296.731674,37.177696,8,"1;2;3;4;6;8;11;12"
Root_9889,113.045498,22.229536,8,"0;2;3;4;6;8;11;12"
Root_9890,334.217827,41.807296,7,"2;3;4;6;8;11;12"
Root_9891,76.312464,17.825856,8,"0;1;3;4;6;8;11;12"
Root_9892,298.187194,38.103616,7,"1;3;4;6;8;11;12"
Root_9893,110.797338,23.155456,7,"0;3;4;6;8;11;12"
Root_9894,336.599267,42.733216,6,"3;4;6;8;11;12"
Root_9895,82.300112,18.813504,8,"0;1;2;4;6;8;11;12"
Root_9896,305.162458,39.091264,7,"1;2;4;6;8;11;12"
Root_9897,113.760282,24.143104,7,"0;2;4;6;8;11;12"
Root_9898,344.562179,43.720864,6,"2;4;6;8;11;12"
Root_9899,79.126032,19.739424,7,"0;1;4;6;8;11;12"
Root_9900,307.543898,40.017184,6,"1;4;6;8;11;12"
Root_9901,112.438042,25.069024,6,"0;4;6;8;11;12"
Root_9902,347.869539,44.646784,5,"4;6;8;11;12"
Root_9903,79.039536,19.122144,8,"0;1;2;3;6;8;11;12"
Root_9904,307.940218,39.399904,7,"1;2;3;6;8;11;12"
Root_9905,115.303482,24.451744,7,"0;2;3;6;8;11;12"
Root_9906,347.648579,44.029504,6,"2;3;6;8;11;12"
Root_9907,76.791376,20.048064,7,"0;1;3;6;8;11;12"
Root_9908,310.321658,40.325824,6,"1;3;6;8;11;12"
Root_9909,113.981242,25.377664,6,"0;3;6;8;11;12"
Root_9910,350.955939,44.955424,5,"3;6;8;11;12"
Root_9911,81.754320,21.035712,7,"0;1;2;6;8;11;12"
Root_9912,318.284570,41.313472,6,"1;2;6;8;11;12"
Root_9913,117.993562,26.365312,6,"0;2;6;8;11;12"
Root_9914,359.906499,45.943072,5,"2;6;8;11;12"
Root_9915,80.432080,21.961632,6,"0;1;6;8;11;12"
Root_9916,321.591930,42.239392,5,"1;6;8;11;12"
Root_9917,117.888474,27.291232,5,"0;6;8;11;12"
Root_9918,364.139779,46.868992,4,"6;8;11;12"
Root_9919,83.060595,17.782646,9,"0;1;2;3;4;5;8;11;12"
Root_9920,304.200762,38.060406,8,"1;2;3;4;5;8;11;12"
Root_9921,116.240650,23.112246,8,"0;2;3;4;5;8;11;12"
Root_9922,342.569626,42.690006,7,"2;3;4;5;8;11;12"
Root_9923,79.669162,18.708566,8,"0;1;3;4;5;8;11;12"
Root_9924,305.656282,38.986326,7,"1;3;4;5;8;11;12"
Root_9925,113.992490,24.038166,7,"0;3;4;5;8;11;12"
Root_9926,344.951066,43.615926,6,"3;4;5;8;11;12"
Root_9927,84.948243,19.696214,8,"0;1;2;4;5;8;11;12"
Root_9928,313.001914,39.973974,7,"1;2;4;5;8;11;12"
Root_9929,117.068896,25.025814,7,"0;2;4;5;8;11;12"
Root_9930,353.284346,44.603574,6,"2;4;5;8;11;12"
Root_9931,81.774163,20.622134,7,"0;1;4;5;8;11;12"
Root_9932,315.383354,40.899894,6,"1;4;5;8;11;12"
Root_9933,115.746656,25.951734,6,"0;4;5;8;11;12"
Root_9934,356.591706,45.529494,5,"4;5;8;11;12"
Root_9935,82.570378,20.004854,8,"0;1;2;3;5;8;11;12"
Root_9936,316.088314,40.282614,7,"1;2;3;5;8;11;12"
Root_9937,118.920736,25.334454,7,"0;2;3;5;8;11;12"
Root_9938,356.679386,44.912214,6,"2;3;5;8;11;12"
Root_9939,80.322218,20.930774,7,"0;1;3;5;8;11;12"
Root_9940,318.469754,41.208534,6,"1;3;5;8;11;12"
Root_9941,117.598496,26.260374,6,"0;3;5;8;11;12"
Root_9942,359.986746,45.838134,5,"3;5;8;11;12"
Root_9943,85.285162,21.918422,7,"0;1;2;5;8;11;12"
Root_9944,326.803034,42.196182,6,"1;2;5;8;11;12"
Root_9945,122.229206,27.248022,6,"0;2;5;8;11;12"
Root_9946,369.307674,46.825782,5,"2;5;8;11;12"
Root_9947,83.962922,22.844342,6,"0;1;5;8;11;12"
Root_9948,330.110394,43.122102,5,"1;5;8;11;12"
Root_9949,122.758806,28.173942,5,"0;5;8;11;12"
Root_9950,373.540954,47.751702,4,"5;8;11;12"
Root_9951,89.016042,19.325846,8,"0;1;2;3;4;8;11;12"
Root_9952,309.977242,39.603606,7,"1;2;3;4;8;11;12"
Root_9953,120.870250,24.655446,7,"0;2;3;4;8;11;12"
Root_9954,349.889306,44.233206,6,"2;3;4;8;11;12"
Root_9955,85.841962,20.251766,7,"0;1;3;4;8;11;12"
Root_9956,312.358682,40.529526,6,"1;3;4;8;11;12"
Root_9957,118.622090,25.581366,6,"0;3;4;8;11;12"
Root_9958,353.196666,45.159126,5,"3;4;8;11;12"
Root_9959,89.817258,21.239414,7,"0;1;2;4;8;11;12"
Root_9960,320.321594,41.517174,6,"1;2;4;8;11;12"
Root_9961,121.646762,26.569014,6,"0;2;4;8;11;12"
Root_9962,362.147226,46.146774,5,"2;4;8;11;12"
Root_9963,87.569098,22.165334,6,"0;1;4;8;11;12"
Root_9964,323.628954,42.443094,5,"1;4;8;11;12"
Root_9965,120.819456,27.494934,5,"0;4;8;11;12"
Root_9966,366.380506,47.072694,4,"4;8;11;12"
Root_9967,89.291232,21.548054,7,"0;1;2;3;8;11;12"
Root_9968,323.407994,41.825814,6,"1;2;3;8;11;12"
Root_9969,123.189962,26.877654,6,"0;2;3;8;11;12"
Root_9970,365.542266,46.455414,5,"2;3;8;11;12"
Root_9971,87.968992,22.473974,6,"0;1;3;8;11;12"
Root_9972,326.715354,42.751734,5,"1;3;8;11;12"
Root_9973,122.671296,27.803574,5,"0;3;8;11;12"
Root_9974,369.775546,47.381334,4,"3;8;11;12"
Root_9975,91.919584,23.461622,6,"0;1;2;8;11;12"
Root_9976,335.665914,43.739382,5,"1;2;8;11;12"
Root_9977,127.671264,28.791222,5,"0;2;8;11;12"
Root_9978,379.713754,48.368982,4,"2;8;11;12"
Root_9979,91.523264,24.387542,5,"0;1;8;11;12"
Root_9980,339.899194,44.665302,4,"1;8;11;12"
Root_9981,128.918006,29.717142,4,"0;8;11;12"
Root_9982,384.872954,49.294902,3,"8;11;12"
Root_9983,80.899974,16.961664,10,"0;1;2;3;4;5;6;7;11;12"
Root_9984,310.152602,37.239424,9,"1;2;3;4;5;6;7;11;12"
Root_9985,117.486074,22.291264,9,"0;2;3;4;5;6;7;11;12"
Root_9986,347.700483,41.869024,8,"2;3;4;5;6;7;11;12"
Root_9987,76.799974,17.887584,9,"0;1;3;4;5;6;7;11;12"
Root_9988,310.682202,38.165344,8,"1;3;4;5;6;7;11;12"
Root_9989,115.237914,23.217184,8,"0;3;4;5;6;7;11;12"
Root_9990,349.156003,42.794944,7,"3;4;5;6;7;11;12"
Root_9991,82.787622,18.875232,9,"0;1;2;4;5;6;7;11;12"
Root_9992,317.040186,39.152992,8,"1;2;4;5;6;7;11;12"
Root_9993,118.200858,24.204832,8,"0;2;4;5;6;7;11;12"
Root_9994,356.501635,43.782592,7,"2;4;5;6;7;11;12"
Root_9995,79.613542,19.801152,8,"0;1;4;5;6;7;11;12"
Root_9996,318.495706,40.078912,7,"1;4;5;6;7;11;12"
Root_9997,116.878618,25.130752,7,"0;4;5;6;7;11;12"
Root_9998,358.883075,44.708512,6,"4;5;6;7;11;12"
Root_9999,79.588774,19.183872,9,"0;1;2;3;5;6;7;11;12"
Root_10000,319.817946,39.461632,8,"1;2;3;5;6;7;11;12"
Root_10001,120.052698,24.513472,8,"0;2;3;5;6;7;11;12"
Root_10002,359.588035,44.091232,7,"2;3;5;6;7;11;12"
Root_10003,77.340614,20.109792,8,"0;1;3;5;6;7;11;12"
Root_10004,321.273466,40.387552,7,"1;3;5;6;7;11;12"
Root_10005,118.730458,25.439392,7,"0;3;5;6;7;11;12"
Root_10006,361.969475,45.017152,6,"3;5;6;7;11;12"
Root_10007,82.303558,21.097440,8,"0;1;2;5;6;7;11;12"
Root_10008,328.619098,41.375200,7,"1;2;5;6;7;11;12"
Root_10009,123.113146,26.427040,7,"0;2;5;6;7;11;12"
Root_10010,370.302755,46.004800,6,"2;5;6;7;11;12"
Root_10011,80.981318,22.023360,7,"0;1;5;6;7;11;12"
Root_10012,331.000538,42.301120,6,"1;5;6;7;11;12"
Root_10013,123.422746,27.352960,6,"0;5;6;7;11;12"
Root_10014,373.610115,46.930720,5,"5;6;7;11;12"
Root_10015,86.941968,18.504864,9,"0;1;2;3;4;6;7;11;12"
Root_10016,314.385882,38.782624,8,"1;2;3;4;6;7;11;12"
Root_10017,122.823194,23.834464,8,"0;2;3;4;6;7;11;12"
Root_10018,353.476963,43.412224,7,"2;3;4;6;7;11;12"
Root_10019,83.767888,19.430784,8,"0;1;3;4;6;7;11;12"
Root_10020,315.841402,39.708544,7,"1;3;4;6;7;11;12"
Root_10021,120.575034,24.760384,7,"0;3;4;6;7;11;12"
Root_10022,355.858403,44.338144,6,"3;4;6;7;11;12"
Root_10023,88.324752,20.418432,8,"0;1;2;4;6;7;11;12"
Root_10024,322.816666,40.696192,7,"1;2;4;6;7;11;12"
Root_10025,123.599706,25.748032,7,"0;2;4;6;7;11;12"
Root_10026,363.821315,45.325792,6,"2;4;6;7;11;12"
Root_10027,85.495024,21.344352,7,"0;1;4;6;7;11;12"
Root_10028,325.198106,41.622112,6,"1;4;6;7;11;12"
Root_10029,122.277466,26.673952,6,"0;4;6;7;11;12"
Root_10030,367.128675,46.251712,5,"4;6;7;11;12"
Root_10031,86.669104,20.727072,8,"0;1;2;3;6;7;11;12"
Root_10032,325.594426,41.004832,7,"1;2;3;6;7;11;12"
Root_10033,125.142906,26.056672,7,"0;2;3;6;7;11;12"
Root_10034,366.907715,45.634432,6,"2;3;6;7;11;12"
Root_10035,85.073936,21.652992,7,"0;1;3;6;7;11;12"
Root_10036,327.975866,41.930752,6,"1;3;6;7;11;12"
Root_10037,123.820666,26.982592,6,"0;3;6;7;11;12"
Root_10038,370.215075,46.560352,5,"3;6;7;11;12"
Root_10039,89.383888,22.640640,7,"0;1;2;6;7;11;12"
Root_10040,335.938778,42.918400,6,"1;2;6;7;11;12"
Root_10041,129.773466,27.970240,6,"0;2;6;7;11;12"
Root_10042,379.165635,47.548000,5,"2;6;7;11;12"
Root_10043,88.628208,23.566560,6,"0;1;6;7;11;12"
Root_10044,339.246138,43.844320,5,"1;6;7;11;12"
Root_10045,131.228986,28.896160,5,"0;6;7;11;12"
Root_10046,383.398915,48.473920,4,"6;7;11;12"
Root_10047,89.565280,19.387574,9,"0;1;2;3;4;5;7;11;12"
Root_10048,321.854970,39.665334,8,"1;2;3;4;5;7;11;12"
Root_10049,125.761440,24.717174,8,"0;2;3;4;5;7;11;12"
Root_10050,361.828762,44.294934,7,"2;3;4;5;7;11;12"
Root_10051,86.391200,20.313494,8,"0;1;3;4;5;7;11;12"
Root_10052,323.310490,40.591254,7,"1;3;4;5;7;11;12"
Root_10053,123.513280,25.643094,7,"0;3;4;5;7;11;12"
Root_10054,364.210202,45.220854,6,"3;4;5;7;11;12"
Root_10055,90.366496,21.301142,8,"0;1;2;4;5;7;11;12"
Root_10056,330.656122,41.578902,7,"1;2;4;5;7;11;12"
Root_10057,126.908320,26.630742,7,"0;2;4;5;7;11;12"
Root_10058,372.543482,46.208502,6,"2;4;5;7;11;12"
Root_10059,88.118336,22.227062,7,"0;1;4;5;7;11;12"
Root_10060,333.037562,42.504822,6,"1;4;5;7;11;12"
Root_10061,126.699405,27.556662,6,"0;4;5;7;11;12"
Root_10062,375.850842,47.134422,5,"4;5;7;11;12"
Root_10063,89.902198,21.609782,8,"0;1;2;3;5;7;11;12"
Root_10064,333.742522,41.887542,7,"1;2;3;5;7;11;12"
Root_10065,128.760160,26.939382,7,"0;2;3;5;7;11;12"
Root_10066,375.938522,46.517142,6,"2;3;5;7;11;12"
Root_10067,88.579958,22.535702,7,"0;1;3;5;7;11;12"
Root_10068,336.123962,42.813462,6,"1;3;5;7;11;12"
Root_10069,129.168525,27.865302,6,"0;3;5;7;11;12"
Root_10070,379.245882,47.443062,5,"3;5;7;11;12"
Root_10071,92.530550,23.523350,7,"0;1;2;5;7;11;12"
Root_10072,344.457242,43.801110,6,"1;2;5;7;11;12"
Root_10073,135.526509,28.852950,6,"0;2;5;7;11;12"
Root_10074,388.566810,48.430710,5,"2;5;7;11;12"
Root_10075,92.134230,24.449270,6,"0;1;5;7;11;12"
Root_10076,347.764602,44.727030,5,"1;5;7;11;12"
Root_10077,137.760899,29.778870,5,"0;5;7;11;12"
Root_10078,392.800090,49.356630,4,"5;7;11;12"
Root_10079,95.553139,20.930774,8,"0;1;2;3;4;7;11;12"
Root_10080,327.631450,41.208534,7,"1;2;3;4;7;11;12"
Root_10081,129.104746,26.260374,7,"0;2;3;4;7;11;12"
Root_10082,369.148442,45.838134,6,"2;3;4;7;11;12"
Root_10083,93.235754,21.856694,7,"0;1;3;4;7;11;12"
Root_10084,330.012890,42.134454,6,"1;3;4;7;11;12"
Root_10085,127.229174,27.186294,6,"0;3;4;7;11;12"
Root_10086,372.455802,46.764054,5,"3;4;7;11;12"
Root_10087,96.354355,22.844342,7,"0;1;2;4;7;11;12"
Root_10088,337.975802,43.122102,6,"1;2;4;7;11;12"
Root_10089,132.229142,28.173942,6,"0;2;4;7;11;12"
Root_10090,381.406362,47.751702,5,"2;4;7;11;12"
Root_10091,94.876458,23.770262,6,"0;1;4;7;11;12"
Root_10092,341.283162,44.048022,5,"1;4;7;11;12"
Root_10093,132.858605,29.099862,5,"0;4;7;11;12"
Root_10094,385.639642,48.677622,4,"4;7;11;12"
Root_10095,97.464000,23.152982,7,"0;1;2;3;7;11;12"
Root_10096,341.062202,43.430742,6,"1;2;3;7;11;12"
Root_10097,134.389622,28.482582,6,"0;2;3;7;11;12"
Root_10098,384.801402,48.060342,5,"2;3;7;11;12"
Root_10099,96.141760,24.078902,6,"0;1;3;7;11;12"
Root_10100,344.369562,44.356662,5,"1;3;7;11;12"
Root_10101,135.327725,29.408502,5,"0;3;7;11;12"
Root_10102,389.034682,48.986262,4,"3;7;11;12"
Root_10103,100.154080,25.066550,6,"0;1;2;7;11;12"
Root_10104,353.320122,45.344310,5,"1;2;7;11;12"
Root_10105,142.699139,30.396150,5,"0;2;7;11;12"
Root_10106,398.972890,49.973910,4,"2;7;11;12"
Root_10107,99.757760,25.992470,5,"0;1;7;11;12"
Root_10108,357.553402,46.270230,4,"1;7;11;12"
Root_10109,146.006499,31.322070,4,"0;7;11;12"
Root_10110,404.132090,50.899830,3,"7;11;12"
Root_10111,94.404762,19.986336,9,"0;1;2;3;4;5;6;11;12"
Root_10112,328.441347,40.264096,8,"1;2;3;4;5;6;11;12"
Root_10113,131.199683,25.315936,8,"0;2;3;4;5;6;11;12"
Root_10114,369.013901,44.893696,7,"2;3;4;5;6;11;12"
Root_10115,91.230682,20.912256,8,"0;1;3;4;5;6;11;12"
Root_10116,329.896867,41.190016,7,"1;3;4;5;6;11;12"
Root_10117,128.951523,26.241856,7,"0;3;4;5;6;11;12"
Root_10118,371.395341,45.819616,6,"3;4;5;6;11;12"
Root_10119,95.205978,21.899904,8,"0;1;2;4;5;6;11;12"
Root_10120,337.242499,42.177664,7,"1;2;4;5;6;11;12"
Root_10121,132.805571,27.229504,7,"0;2;4;5;6;11;12"
Root_10122,379.728621,46.807264,6,"2;4;5;6;11;12"
Root_10123,92.957818,22.825824,7,"0;1;4;5;6;11;12"
Root_10124,339.623939,43.103584,6,"1;4;5;6;11;12"
Root_10125,133.335171,28.155424,6,"0;4;5;6;11;12"
Root_10126,383.035981,47.733184,5,"4;5;6;11;12"
Root_10127,95.340442,22.208544,8,"0;1;2;3;5;6;11;12"
Root_10128,340.328899,42.486304,7,"1;2;3;5;6;11;12"
Root_10129,135.274691,27.538144,7,"0;2;3;5;6;11;12"
Root_10130,383.123661,47.115904,6,"2;3;5;6;11;12"
Root_10131,94.018202,23.134464,7,"0;1;3;5;6;11;12"
Root_10132,342.710339,43.412224,6,"1;3;5;6;11;12"
Root_10133,135.804291,28.464064,6,"0;3;5;6;11;12"
Root_10134,386.431021,48.041824,5,"3;5;6;11;12"
Root_10135,97.968794,24.122112,7,"0;1;2;5;6;11;12"
Root_10136,351.043619,44.399872,6,"1;2;5;6;11;12"
Root_10137,142.162275,29.451712,6,"0;2;5;6;11;12"
Root_10138,395.751949,49.029472,5,"2;5;6;11;12"
Root_10139,97.572474,25.048032,6,"0;1;5;6;11;12"
Root_10140,354.350979,45.325792,5,"1;5;6;11;12"
Root_10141,143.995427,30.377632,5,"0;5;6;11;12"
Root_10142,399.985229,49.955392,4,"5;6;11;12"
Root_10143,100.045498,21.529536,8,"0;1;2;3;4;6;11;12"
Root_10144,334.217827,41.807296,7,"1;2;3;4;6;11;12"
Root_10145,133.944227,26.859136,7,"0;2;3;4;6;11;12"
Root_10146,376.333581,46.436896,6,"2;3;4;6;11;12"
Root_10147,97.797338,22.455456,7,"0;1;3;4;6;11;12"
Root_10148,336.599267,42.733216,6,"1;3;4;6;11;12"
Root_10149,133.266179,27.785056,6,"0;3;4;6;11;12"
Root_10150,379.640941,47.362816,5,"3;4;6;11;12"
Root_10151,100.760282,23.443104,7,"0;1;2;4;6;11;12"
Root_10152,344.562179,43.720864,6,"1;2;4;6;11;12"
Root_10153,138.266147,28.772704,6,"0;2;4;6;11;12"
Root_10154,388.591501,48.350464,5,"2;4;6;11;12"
Root_10155,99.438042,24.369024,6,"0;1;4;6;11;12"
Root_10156,347.869539,44.646784,5,"1;4;6;11;12"
Root_10157,138.795747,29.698624,5,"0;4;6;11;12"
Root_10158,392.824781,49.276384,4,"4;6;11;12"
Root_10159,102.303482,23.751744,7,"0;1;2;3;6;11;12"
Root_10160,347.648579,44.029504,6,"1;2;3;6;11;12"
Root_10161,140.426627,29.081344,6,"0;2;3;6;11;12"
Root_10162,391.986541,48.659104,5,"2;3;6;11;12"
Root_10163,100.981242,24.677664,6,"0;1;3;6;11;12"
Root_10164,350.955939,44.955424,5,"1;3;6;11;12"
Root_10165,140.970755,30.007264,5,"0;3;6;11;12"
Root_10166,396.219821,49.585024,4,"3;6;11;12"
Root_10167,104.993562,25.665312,6,"0;1;2;6;11;12"
Root_10168,359.906499,45.943072,5,"1;2;6;11;12"
Root_10169,148.933667,30.994912,5,"0;2;6;11;12"
Root_10170,406.158029,50.572672,4,"2;6;11;12"
Root_10171,104.597242,26.591232,5,"0;1;6;11;12"
Root_10172,364.139779,46.868992,4,"1;6;11;12"
Root_10173,152.241027,31.920832,4,"0;6;11;12"
Root_10174,411.317229,51.498592,3,"6;11;12"
Root_10175,103.354112,22.412246,8,"0;1;2;3;4;5;11;12"
Root_10176,342.569626,42.690006,7,"1;2;3;4;5;11;12"
Root_10177,138.366166,27.741846,7,"0;2;3;4;5;11;12"
Root_10178,385.568090,47.319606,6,"2;3;4;5;11;12"
Root_10179,101.105952,23.338166,7,"0;1;3;4;5;11;12"
Root_10180,344.951066,43.615926,6,"1;3;4;5;11;12"
Root_10181,137.969846,28.667766,6,"0;3;4;5;11;12"
Root_10182,388.875450,48.245526,5,"3;4;5;11;12"
Root_10183,104.068896,24.325814,7,"0;1;2;4;5;11;12"
Root_10184,353.284346,44.603574,6,"1;2;4;5;11;12"
Root_10185,143.995597,29.655414,6,"0;2;4;5;11;12"
Root_10186,398.196378,49.233174,5,"2;4;5;11;12"
Root_10187,102.746656,25.251734,6,"0;1;4;5;11;12"
Root_10188,356.591706,45.529494,5,"1;4;5;11;12"
Root_10189,146.032451,30.581334,5,"0;4;5;11;12"
Root_10190,402.429658,50.159094,4,"4;5;11;12"
Root_10191,105.920736,24.634454,7,"0;1;2;3;5;11;12"
Root_10192,356.679386,44.912214,6,"1;2;3;5;11;12"
Root_10193,146.773357,29.964054,6,"0;2;3;5;11;12"
Root_10194,401.900058,49.541814,5,"2;3;5;11;12"
Root_10195,104.598496,25.560374,6,"0;1;3;5;11;12"
Root_10196,359.986746,45.838134,5,"1;3;5;11;12"
Root_10197,149.118851,30.889974,5,"0;3;5;11;12"
Root_10198,406.133338,50.467734,4,"3;5;11;12"
Root_10199,108.981184,26.548022,6,"0;1;2;5;11;12"
Root_10200,369.307674,46.825782,5,"1;2;5;11;12"
Root_10201,157.452131,31.877622,5,"0;2;5;11;12"
Root_10202,416.441914,51.455382,4,"2;5;11;12"
Root_10203,109.532749,27.473942,5,"0;1;5;11;12"
Root_10204,373.540954,47.751702,4,"1;5;11;12"
Root_10205,160.759491,32.803542,4,"0;5;11;12"
Root_10206,421.601114,52.381302,3,"5;11;12"
Root_10207,108.570250,23.955446,7,"0;1;2;3;4;11;12"
Root_10208,349.889306,44.233206,6,"1;2;3;4;11;12"
Root_10209,142.056246,29.285046,6,"0;2;3;4;11;12"
Root_10210,394.430970,48.862806,5,"2;3;4;11;12"
Root_10211,106.322090,24.881366,6,"0;1;3;4;11;12"
Root_10212,353.196666,45.159126,5,"1;3;4;11;12"
Root_10213,143.007779,30.210966,5,"0;3;4;11;12"
Root_10214,398.664250,49.788726,4,"3;4;11;12"
Root_10215,109.346762,25.869014,6,"0;1;2;4;11;12"
Root_10216,362.147226,46.146774,5,"1;2;4;11;12"
Root_10217,150.970691,31.198614,5,"0;2;4;11;12"
Root_10218,408.602458,50.776374,4,"2;4;11;12"
Root_10219,108.024522,26.794934,5,"0;1;4;11;12"
Root_10220,366.380506,47.072694,4,"1;4;11;12"
Root_10221,154.278051,32.124534,4,"0;4;11;12"
Root_10222,413.761658,51.702294,3,"4;11;12"
Root_10223,110.889962,26.177654,6,"0;1;2;3;11;12"
Root_10224,365.542266,46.455414,5,"1;2;3;11;12"
Root_10225,154.057091,31.507254,5,"0;2;3;11;12"
Root_10226,412.306138,51.085014,4,"2;3;11;12"
Root_10227,109.774870,27.103574,5,"0;1;3;11;12"
Root_10228,369.775546,47.381334,4,"1;3;11;12"
Root_10229,157.364451,32.433174,4,"0;3;11;12"
Root_10230,417.465338,52.010934,3,"3;11;12"
Root_10231,115.762486,28.091222,5,"0;1;2;11;12"
Root_10232,379.713754,48.368982,4,"1;2;11;12"
Root_10233,166.735834,33.420822,4,"0;2;11;12"
Root_10234,428.391194,52.998582,3,"2;11;12"
Root_10235,117.235149,29.017142,4,"0;1;11;12"
Root_10236,384.872954,49.294902,3,"1;11;12"
Root_10237,171.895034,34.346742,3,"0;11;12"
Root_10238,434.476314,53.924502,2,"11;12"
Root_10239,58.926202,10.665408,12,"0;1;2;3;4;5;6;7;8;9;10;12"
Root_10240,265.196102,30.943168,11,"1;2;3;4;5;6;7;8;9;10;12"
Root_10241,94.881424,15.995008,11,"0;2;3;4;5;6;7;8;9;10;12"
Root_10242,297.147728,35.572768,10,"2;3;4;5;6;7;8;9;10;12"
Root_10243,58.926202,11.591328,11,"0;1;3;4;5;6;7;8;9;10;12"
Root_10244,264.573862,31.869088,10,"1;3;4;5;6;7;8;9;10;12"
Root_10245,91.560496,16.920928,10,"0;3;4;5;6;7;8;9;10;12"
Root_10246,297.451408,36.498688,9,"3;4;5;6;7;8;9;10;12"
Root_10247,62.568154,12.578976,11,"0;1;2;4;5;6;7;8;9;10;12"
Root_10248,269.882470,32.856736,10,"1;2;4;5;6;7;8;9;10;12"
Root_10249,98.548144,17.908576,10,"0;2;4;5;6;7;8;9;10;12"
Root_10250,303.747664,37.486336,9,"2;4;5;6;7;8;9;10;12"
Root_10251,62.568154,13.504896,10,"0;1;4;5;6;7;8;9;10;12"
Root_10252,270.186150,33.782656,9,"1;4;5;6;7;8;9;10;12"
Root_10253,95.148144,18.834496,9,"0;4;5;6;7;8;9;10;12"
Root_10254,304.977264,38.412256,8,"4;5;6;7;8;9;10;12"
Root_10255,59.139738,12.887616,11,"0;1;2;3;5;6;7;8;9;10;12"
Root_10256,272.042950,33.165376,10,"1;2;3;5;6;7;8;9;10;12"
Root_10257,94.382640,18.217216,10,"0;2;3;5;6;7;8;9;10;12"
Root_10258,306.216784,37.794976,9,"2;3;5;6;7;8;9;10;12"
Root_10259,58.926202,13.813536,10,"0;1;3;5;6;7;8;9;10;12"
Root_10260,272.346630,34.091296,9,"1;3;5;6;7;8;9;10;12"
Root_10261,91.908560,19.143136,9,"0;3;5;6;7;8;9;10;12"
Root_10262,307.446384,38.720896,8,"3;5;6;7;8;9;10;12"
Root_10263,64.695258,14.801184,10,"0;1;2;5;6;7;8;9;10;12"
Root_10264,278.642886,35.078944,9,"1;2;5;6;7;8;9;10;12"
Root_10265,97.740720,20.130784,9,"0;2;5;6;7;8;9;10;12"
Root_10266,314.730288,39.708544,8,"2;5;6;7;8;9;10;12"
Root_10267,62.568154,15.727104,9,"0;1;5;6;7;8;9;10;12"
Root_10268,279.872486,36.004864,8,"1;5;6;7;8;9;10;12"
Root_10269,95.266640,21.056704,8,"0;5;6;7;8;9;10;12"
Root_10270,316.885808,40.634464,7,"5;6;7;8;9;10;12"
Root_10271,64.951888,12.208608,11,"0;1;2;3;4;6;7;8;9;10;12"
Root_10272,267.660262,32.486368,10,"1;2;3;4;6;7;8;9;10;12"
Root_10273,102.430758,17.538208,10,"0;2;3;4;6;7;8;9;10;12"
Root_10274,301.155088,37.115968,9,"2;3;4;6;7;8;9;10;12"
Root_10275,64.951888,13.134528,10,"0;1;3;4;6;7;8;9;10;12"
Root_10276,267.963942,33.412288,9,"1;3;4;6;7;8;9;10;12"
Root_10277,99.030758,18.464128,9,"0;3;4;6;7;8;9;10;12"
Root_10278,302.384688,38.041888,8,"3;4;6;7;8;9;10;12"
Root_10279,70.412336,14.122176,10,"0;1;2;4;6;7;8;9;10;12"
Root_10280,273.889830,34.399936,9,"1;2;4;6;7;8;9;10;12"
Root_10281,104.554278,19.451776,9,"0;2;4;6;7;8;9;10;12"
Root_10282,309.298224,39.029536,8,"2;4;6;7;8;9;10;12"
Root_10283,68.964240,15.048096,9,"0;1;4;6;7;8;9;10;12"
Root_10284,275.119430,35.325856,8,"1;4;6;7;8;9;10;12"
Root_10285,101.154278,20.377696,8,"0;4;6;7;8;9;10;12"
Root_10286,311.453744,39.955456,7,"4;6;7;8;9;10;12"
Root_10287,66.708624,14.430816,10,"0;1;2;3;6;7;8;9;10;12"
Root_10288,276.050310,34.708576,9,"1;2;3;6;7;8;9;10;12"
Root_10289,101.931974,19.760416,9,"0;2;3;6;7;8;9;10;12"
Root_10290,311.767344,39.338176,8,"2;3;6;7;8;9;10;12"
Root_10291,64.951888,15.356736,9,"0;1;3;6;7;8;9;10;12"
Root_10292,277.279910,35.634496,8,"1;3;6;7;8;9;10;12"
Root_10293,99.457894,20.686336,8,"0;3;6;7;8;9;10;12"
Root_10294,313.922864,40.264096,7,"3;6;7;8;9;10;12"
Root_10295,71.260528,16.344384,9,"0;1;2;6;7;8;9;10;12"
Root_10296,284.193446,36.622144,8,"1;2;6;7;8;9;10;12"
Root_10297,103.746854,21.673984,8,"0;2;6;7;8;9;10;12"
Root_10298,321.824048,41.251744,7,"2;6;7;8;9;10;12"
Root_10299,67.860528,17.270304,8,"0;1;6;7;8;9;10;12"
Root_10300,286.348966,37.548064,7,"1;6;7;8;9;10;12"
Root_10301,101.272774,22.599904,7,"0;6;7;8;9;10;12"
Root_10302,324.905488,42.177664,6,"6;7;8;9;10;12"
Root_10303,68.692714,13.091318,11,"0;1;2;3;4;5;7;8;9;10;12"
Root_10304,273.672570,33.369078,10,"1;2;3;4;5;7;8;9;10;12"
Root_10305,105.609866,18.420918,10,"0;2;3;4;5;7;8;9;10;12"
Root_10306,308.050106,37.998678,9,"2;3;4;5;7;8;9;10;12"
Root_10307,68.275475,14.017238,10,"0;1;3;4;5;7;8;9;10;12"
Root_10308,273.976250,34.294998,9,"1;3;4;5;7;8;9;10;12"
Root_10309,102.209866,19.346838,9,"0;3;4;5;7;8;9;10;12"
Root_10310,309.279706,38.924598,8,"3;4;5;7;8;9;10;12"
Root_10311,74.433418,15.004886,10,"0;1;2;4;5;7;8;9;10;12"
Root_10312,280.272506,35.282646,9,"1;2;4;5;7;8;9;10;12"
Root_10313,106.850675,20.334486,9,"0;2;4;5;7;8;9;10;12"
Root_10314,316.563610,39.912246,8,"2;4;5;7;8;9;10;12"
Root_10315,72.102611,15.930806,9,"0;1;4;5;7;8;9;10;12"
Root_10316,281.502106,36.208566,8,"1;4;5;7;8;9;10;12"
Root_10317,103.450675,21.260406,8,"0;4;5;7;8;9;10;12"
Root_10318,318.719130,40.838166,7,"4;5;7;8;9;10;12"
Root_10319,70.571763,15.313526,10,"0;1;2;3;5;7;8;9;10;12"
Root_10320,282.741626,35.591286,9,"1;2;3;5;7;8;9;10;12"
Root_10321,105.111082,20.643126,9,"0;2;3;5;7;8;9;10;12"
Root_10322,319.341370,40.220886,8,"2;3;5;7;8;9;10;12"
Root_10323,67.932317,16.239446,9,"0;1;3;5;7;8;9;10;12"
Root_10324,283.971226,36.517206,8,"1;3;5;7;8;9;10;12"
Root_10325,102.637002,21.569046,8,"0;3;5;7;8;9;10;12"
Root_10326,321.496890,41.146806,7,"3;5;7;8;9;10;12"
Root_10327,74.398899,17.227094,9,"0;1;2;5;7;8;9;10;12"
Root_10328,291.255130,37.504854,8,"1;2;5;7;8;9;10;12"
Root_10329,106.043251,22.556694,8,"0;2;5;7;8;9;10;12"
Root_10330,329.768442,42.134454,7,"2;5;7;8;9;10;12"
Root_10331,71.151914,18.153014,8,"0;1;5;7;8;9;10;12"
Root_10332,293.410650,38.430774,7,"1;5;7;8;9;10;12"
Root_10333,104.051786,23.482614,7,"0;5;7;8;9;10;12"
Root_10334,332.849882,43.060374,6,"5;7;8;9;10;12"
Root_10335,77.430848,14.634518,10,"0;1;2;3;4;7;8;9;10;12"
Root_10336,277.679930,34.912278,9,"1;2;3;4;7;8;9;10;12"
Root_10337,111.782666,19.964118,9,"0;2;3;4;7;8;9;10;12"
Root_10338,313.600666,39.541878,8,"2;3;4;7;8;9;10;12"
Root_10339,75.470410,15.560438,9,"0;1;3;4;7;8;9;10;12"
Root_10340,278.909530,35.838198,8,"1;3;4;7;8;9;10;12"
Root_10341,108.382666,20.890038,8,"0;3;4;7;8;9;10;12"
Root_10342,315.756186,40.467798,7,"3;4;7;8;9;10;12"
Root_10343,82.149418,16.548086,9,"0;1;2;4;7;8;9;10;12"
Root_10344,285.823066,36.825846,8,"1;2;4;7;8;9;10;12"
Root_10345,111.480275,21.877686,8,"0;2;4;7;8;9;10;12"
Root_10346,323.657370,41.455446,7,"2;4;7;8;9;10;12"
Root_10347,78.749418,17.474006,8,"0;1;4;7;8;9;10;12"
Root_10348,287.978586,37.751766,7,"1;4;7;8;9;10;12"
Root_10349,108.080275,22.803606,7,"0;4;7;8;9;10;12"
Root_10350,326.738810,42.381366,6,"4;7;8;9;10;12"
Root_10351,77.766698,16.856726,9,"0;1;2;3;7;8;9;10;12"
Root_10352,288.292186,37.134486,8,"1;2;3;7;8;9;10;12"
Root_10353,111.283882,22.186326,8,"0;2;3;7;8;9;10;12"
Root_10354,326.435130,41.764086,7,"2;3;7;8;9;10;12"
Root_10355,74.366698,17.782646,8,"0;1;3;7;8;9;10;12"
Root_10356,290.447706,38.060406,7,"1;3;7;8;9;10;12"
Root_10357,108.809802,23.112246,7,"0;3;7;8;9;10;12"
Root_10358,329.516570,42.690006,6,"3;7;8;9;10;12"
Root_10359,81.341994,18.770294,8,"0;1;2;7;8;9;10;12"
Root_10360,298.348890,39.048054,7,"1;2;7;8;9;10;12"
Root_10361,111.772746,24.099894,7,"0;2;7;8;9;10;12"
Root_10362,338.405402,43.677654,6,"2;7;8;9;10;12"
Root_10363,78.867914,19.696214,7,"0;1;7;8;9;10;12"
Root_10364,301.430330,39.973974,6,"1;7;8;9;10;12"
Root_10365,110.224586,25.025814,6,"0;7;8;9;10;12"
Root_10366,342.412762,44.603574,5,"7;8;9;10;12"
Root_10367,72.764218,13.690080,11,"0;1;2;3;4;5;6;8;9;10;12"
Root_10368,279.493520,33.967840,10,"1;2;3;4;5;6;8;9;10;12"
Root_10369,109.683920,19.019680,10,"0;2;3;4;5;6;8;9;10;12"
Root_10370,314.469818,38.597440,9,"2;3;4;5;6;8;9;10;12"
Root_10371,71.748218,14.616000,10,"0;1;3;4;5;6;8;9;10;12"
Root_10372,279.797200,34.893760,9,"1;3;4;5;6;8;9;10;12"
Root_10373,106.283920,19.945600,9,"0;3;4;5;6;8;9;10;12"
Root_10374,315.699418,39.523360,8,"3;4;5;6;8;9;10;12"
Root_10375,78.427226,15.603648,10,"0;1;2;4;5;6;8;9;10;12"
Root_10376,286.093456,35.881408,9,"1;2;4;5;6;8;9;10;12"
Root_10377,110.325968,20.933248,9,"0;2;4;5;6;8;9;10;12"
Root_10378,322.983322,40.511008,8,"2;4;5;6;8;9;10;12"
Root_10379,75.497658,16.529568,9,"0;1;4;5;6;8;9;10;12"
Root_10380,287.323056,36.807328,8,"1;4;5;6;8;9;10;12"
Root_10381,106.925968,21.859168,8,"0;4;5;6;8;9;10;12"
Root_10382,325.138842,41.436928,7,"4;5;6;8;9;10;12"
Root_10383,74.044506,15.912288,10,"0;1;2;3;5;6;8;9;10;12"
Root_10384,288.562576,36.190048,9,"1;2;3;5;6;8;9;10;12"
Root_10385,109.185136,21.241888,9,"0;2;3;5;6;8;9;10;12"
Root_10386,325.761082,40.819648,8,"2;3;5;6;8;9;10;12"
Root_10387,70.806298,16.838208,9,"0;1;3;5;6;8;9;10;12"
Root_10388,289.792176,37.115968,8,"1;3;5;6;8;9;10;12"
Root_10389,106.711056,22.167808,8,"0;3;5;6;8;9;10;12"
Root_10390,327.916602,41.745568,7,"3;5;6;8;9;10;12"
Root_10391,77.793946,17.825856,9,"0;1;2;5;6;8;9;10;12"
Root_10392,297.076080,38.103616,8,"1;2;5;6;8;9;10;12"
Root_10393,109.674000,23.155456,8,"0;2;5;6;8;9;10;12"
Root_10394,336.188154,42.733216,7,"2;5;6;8;9;10;12"
Root_10395,75.145722,18.751776,8,"0;1;5;6;8;9;10;12"
Root_10396,299.231600,39.029536,7,"1;5;6;8;9;10;12"
Root_10397,108.125840,24.081376,7,"0;5;6;8;9;10;12"
Root_10398,339.269594,43.659136,6,"5;6;8;9;10;12"
Root_10399,81.671568,15.233280,10,"0;1;2;3;4;6;8;9;10;12"
Root_10400,283.500880,35.511040,9,"1;2;3;4;6;8;9;10;12"
Root_10401,115.856720,20.562880,9,"0;2;3;4;6;8;9;10;12"
Root_10402,320.020378,40.140640,8,"2;3;4;6;8;9;10;12"
Root_10403,79.112368,16.159200,9,"0;1;3;4;6;8;9;10;12"
Root_10404,284.730480,36.436960,8,"1;3;4;6;8;9;10;12"
Root_10405,112.456720,21.488800,8,"0;3;4;6;8;9;10;12"
Root_10406,322.175898,41.066560,7,"3;4;6;8;9;10;12"
Root_10407,85.791376,17.146848,9,"0;1;2;4;6;8;9;10;12"
Root_10408,291.644016,37.424608,8,"1;2;4;6;8;9;10;12"
Root_10409,114.955568,22.476448,8,"0;2;4;6;8;9;10;12"
Root_10410,330.077082,42.054208,7,"2;4;6;8;9;10;12"
Root_10411,82.391376,18.072768,8,"0;1;4;6;8;9;10;12"
Root_10412,293.799536,38.350528,7,"1;4;6;8;9;10;12"
Root_10413,111.957936,23.402368,7,"0;4;6;8;9;10;12"
Root_10414,333.158522,42.980128,6,"4;6;8;9;10;12"
Root_10415,81.408656,17.455488,9,"0;1;2;3;6;8;9;10;12"
Root_10416,294.113136,37.733248,8,"1;2;3;6;8;9;10;12"
Root_10417,115.357936,22.785088,8,"0;2;3;6;8;9;10;12"
Root_10418,332.854842,42.362848,7,"2;3;6;8;9;10;12"
Root_10419,78.390064,18.381408,8,"0;1;3;6;8;9;10;12"
Root_10420,296.268656,38.659168,7,"1;3;6;8;9;10;12"
Root_10421,112.883856,23.711008,7,"0;3;6;8;9;10;12"
Root_10422,335.936282,43.288768,6,"3;6;8;9;10;12"
Root_10423,84.983952,19.369056,8,"0;1;2;6;8;9;10;12"
Root_10424,304.169840,39.646816,7,"1;2;6;8;9;10;12"
Root_10425,115.846800,24.698656,7,"0;2;6;8;9;10;12"
Root_10426,344.825114,44.276416,6,"2;6;8;9;10;12"
Root_10427,82.509872,20.294976,7,"0;1;6;8;9;10;12"
Root_10428,307.251280,40.572736,6,"1;6;8;9;10;12"
Root_10429,114.298640,25.624576,6,"0;6;8;9;10;12"
Root_10430,348.832474,45.202336,5,"6;8;9;10;12"
Root_10431,85.137098,16.115990,10,"0;1;2;3;4;5;8;9;10;12"
Root_10432,290.395898,36.393750,9,"1;2;3;4;5;8;9;10;12"
Root_10433,117.708554,21.445590,9,"0;2;3;4;5;8;9;10;12"
Root_10434,327.798106,41.023350,8,"2;3;4;5;8;9;10;12"
Root_10435,81.737098,17.041910,9,"0;1;3;4;5;8;9;10;12"
Root_10436,291.625498,37.319670,8,"1;3;4;5;8;9;10;12"
Root_10437,114.308554,22.371510,8,"0;3;4;5;8;9;10;12"
Root_10438,329.953626,41.949270,7,"3;4;5;8;9;10;12"
Root_10439,88.682835,18.029558,9,"0;1;2;4;5;8;9;10;12"
Root_10440,298.909402,38.307318,8,"1;2;4;5;8;9;10;12"
Root_10441,116.283850,23.359158,8,"0;2;4;5;8;9;10;12"
Root_10442,338.225178,42.936918,7,"2;4;5;8;9;10;12"
Root_10443,85.282835,18.955478,8,"0;1;4;5;8;9;10;12"
Root_10444,301.064922,39.233238,7,"1;4;5;8;9;10;12"
Root_10445,113.809770,24.285078,7,"0;4;5;8;9;10;12"
Root_10446,341.306618,43.862838,6,"4;5;8;9;10;12"
Root_10447,84.638314,18.338198,9,"0;1;2;3;5;8;9;10;12"
Root_10448,301.687162,38.615958,8,"1;2;3;5;8;9;10;12"
Root_10449,117.518410,23.667798,8,"0;2;3;5;8;9;10;12"
Root_10450,341.311578,43.245558,7,"2;3;5;8;9;10;12"
Root_10451,82.164234,19.264118,8,"0;1;3;5;8;9;10;12"
Root_10452,303.842682,39.541878,7,"1;3;5;8;9;10;12"
Root_10453,115.044330,24.593718,7,"0;3;5;8;9;10;12"
Root_10454,344.393018,44.171478,6,"3;5;8;9;10;12"
Root_10455,87.875411,20.251766,8,"0;1;2;5;8;9;10;12"
Root_10456,312.114234,40.529526,7,"1;2;5;8;9;10;12"
Root_10457,118.377642,25.581366,7,"0;2;5;8;9;10;12"
Root_10458,353.652218,45.159126,6,"2;5;8;9;10;12"
Root_10459,85.401331,21.177686,7,"0;1;5;8;9;10;12"
Root_10460,315.195674,41.455446,6,"1;5;8;9;10;12"
Root_10461,116.829482,26.507286,6,"0;5;8;9;10;12"
Root_10462,357.659578,46.085046,5,"5;8;9;10;12"
Root_10463,92.853098,17.659190,9,"0;1;2;3;4;8;9;10;12"
Root_10464,295.946458,37.936950,8,"1;2;3;4;8;9;10;12"
Root_10465,122.183955,22.988790,8,"0;2;3;4;8;9;10;12"
Root_10466,334.891866,42.566550,7,"2;3;4;8;9;10;12"
Root_10467,89.453098,18.585110,8,"0;1;3;4;8;9;10;12"
Root_10468,298.101978,38.862870,7,"1;3;4;8;9;10;12"
Root_10469,118.783955,23.914710,7,"0;3;4;8;9;10;12"
Root_10470,337.973306,43.492470,6,"3;4;8;9;10;12"
Root_10471,94.855635,19.572758,8,"0;1;2;4;8;9;10;12"
Root_10472,306.003162,39.850518,7,"1;2;4;8;9;10;12"
Root_10473,120.759251,24.902358,7,"0;2;4;8;9;10;12"
Root_10474,346.862138,44.480118,6,"2;4;8;9;10;12"
Root_10475,91.455635,20.498678,7,"0;1;4;8;9;10;12"
Root_10476,309.084602,40.776438,6,"1;4;8;9;10;12"
Root_10477,118.285171,25.828278,6,"0;4;8;9;10;12"
Root_10478,350.869498,45.406038,5,"4;8;9;10;12"
Root_10479,92.354314,19.881398,8,"0;1;2;3;8;9;10;12"
Root_10480,308.780922,40.159158,7,"1;2;3;8;9;10;12"
Root_10481,121.685171,25.210998,7,"0;2;3;8;9;10;12"
Root_10482,349.948538,44.788758,6,"2;3;8;9;10;12"
Root_10483,89.880234,20.807318,7,"0;1;3;8;9;10;12"
Root_10484,311.862362,41.085078,6,"1;3;8;9;10;12"
Root_10485,119.211091,26.136918,6,"0;3;8;9;10;12"
Root_10486,353.955898,45.714678,5,"3;8;9;10;12"
Root_10487,94.048211,21.794966,7,"0;1;2;8;9;10;12"
Root_10488,320.751194,42.072726,6,"1;2;8;9;10;12"
Root_10489,122.298602,27.124566,6,"0;2;8;9;10;12"
Root_10490,363.832378,46.702326,5,"2;8;9;10;12"
Root_10491,91.574131,22.720886,6,"0;1;8;9;10;12"
Root_10492,324.758554,42.998646,5,"1;8;9;10;12"
Root_10493,121.676362,28.050486,5,"0;8;9;10;12"
Root_10494,368.765658,47.628246,4,"8;9;10;12"
Root_10495,81.891174,15.295008,11,"0;1;2;3;4;5;6;7;9;10;12"
Root_10496,297.147728,35.572768,10,"1;2;3;4;5;6;7;9;10;12"
Root_10497,119.461616,20.624608,10,"0;2;3;4;5;6;7;9;10;12"
Root_10498,333.728954,40.202368,9,"2;3;4;5;6;7;9;10;12"
Root_10499,79.270246,16.220928,10,"0;1;3;4;5;6;7;9;10;12"
Root_10500,297.451408,36.498688,9,"1;3;4;5;6;7;9;10;12"
Root_10501,116.061616,21.550528,9,"0;3;4;5;6;7;9;10;12"
Root_10502,334.958554,41.128288,8,"3;4;5;6;7;9;10;12"
Root_10503,85.949254,17.208576,10,"0;1;2;4;5;6;7;9;10;12"
Root_10504,303.747664,37.486336,9,"1;2;4;5;6;7;9;10;12"
Root_10505,118.498736,22.538176,9,"0;2;4;5;6;7;9;10;12"
Root_10506,342.242458,42.115936,8,"2;4;5;6;7;9;10;12"
Root_10507,82.549254,18.134496,9,"0;1;4;5;6;7;9;10;12"
Root_10508,304.977264,38.412256,8,"1;4;5;6;7;9;10;12"
Root_10509,115.562832,23.464096,8,"0;4;5;6;7;9;10;12"
Root_10510,344.397978,43.041856,7,"4;5;6;7;9;10;12"
Root_10511,81.566534,17.517216,10,"0;1;2;3;5;6;7;9;10;12"
Root_10512,306.216784,37.794976,9,"1;2;3;5;6;7;9;10;12"
Root_10513,118.962832,22.846816,9,"0;2;3;5;6;7;9;10;12"
Root_10514,345.020218,42.424576,8,"2;3;5;6;7;9;10;12"
Root_10515,78.609670,18.443136,9,"0;1;3;5;6;7;9;10;12"
Root_10516,307.446384,38.720896,8,"1;3;5;6;7;9;10;12"
Root_10517,116.488752,23.772736,8,"0;3;5;6;7;9;10;12"
Root_10518,347.175738,43.350496,7,"3;5;6;7;9;10;12"
Root_10519,85.141830,19.430784,9,"0;1;2;5;6;7;9;10;12"
Root_10520,314.730288,39.708544,8,"1;2;5;6;7;9;10;12"
Root_10521,119.463920,24.760384,8,"0;2;5;6;7;9;10;12"
Root_10522,355.447290,44.338144,7,"2;5;6;7;9;10;12"
Root_10523,82.667750,20.356704,8,"0;1;5;6;7;9;10;12"
Root_10524,316.885808,40.634464,7,"1;5;6;7;9;10;12"
Root_10525,117.915760,25.686304,7,"0;5;6;7;9;10;12"
Root_10526,358.528730,45.264064,6,"5;6;7;9;10;12"
Root_10527,89.597424,16.838208,10,"0;1;2;3;4;6;7;9;10;12"
Root_10528,301.155088,37.115968,9,"1;2;3;4;6;7;9;10;12"
Root_10529,124.091216,22.167808,9,"0;2;3;4;6;7;9;10;12"
Root_10530,339.279514,41.745568,8,"2;3;4;6;7;9;10;12"
Root_10531,86.197424,17.764128,9,"0;1;3;4;6;7;9;10;12"
Root_10532,302.384688,38.041888,8,"1;3;4;6;7;9;10;12"
Root_10533,120.691216,23.093728,8,"0;3;4;6;7;9;10;12"
Root_10534,341.435034,42.671488,7,"3;4;6;7;9;10;12"
Root_10535,92.420944,18.751776,9,"0;1;2;4;6;7;9;10;12"
Root_10536,309.298224,39.029536,8,"1;2;4;6;7;9;10;12"
Root_10537,122.666512,24.081376,8,"0;2;4;6;7;9;10;12"
Root_10538,349.336218,43.659136,7,"2;4;6;7;9;10;12"
Root_10539,89.020944,19.677696,8,"0;1;4;6;7;9;10;12"
Root_10540,311.453744,39.955456,7,"1;4;6;7;9;10;12"
Root_10541,120.192432,25.007296,7,"0;4;6;7;9;10;12"
Root_10542,352.417658,44.585056,6,"4;6;7;9;10;12"
Root_10543,89.098640,19.060416,9,"0;1;2;3;6;7;9;10;12"
Root_10544,311.767344,39.338176,8,"1;2;3;6;7;9;10;12"
Root_10545,123.592432,24.390016,8,"0;2;3;6;7;9;10;12"
Root_10546,352.113978,43.967776,7,"2;3;6;7;9;10;12"
Root_10547,86.624560,19.986336,8,"0;1;3;6;7;9;10;12"
Root_10548,313.922864,40.264096,7,"1;3;6;7;9;10;12"
Root_10549,121.118352,25.315936,7,"0;3;6;7;9;10;12"
Root_10550,355.195418,44.893696,6,"3;6;7;9;10;12"
Root_10551,91.613520,20.973984,8,"0;1;2;6;7;9;10;12"
Root_10552,321.824048,41.251744,7,"1;2;6;7;9;10;12"
Root_10553,124.081296,26.303584,7,"0;2;6;7;9;10;12"
Root_10554,364.084250,45.881344,6,"2;6;7;9;10;12"
Root_10555,89.139440,21.899904,7,"0;1;6;7;9;10;12"
Root_10556,324.905488,42.177664,6,"1;6;7;9;10;12"
Root_10557,122.992144,27.229504,6,"0;6;7;9;10;12"
Root_10558,368.091610,46.807264,5,"6;7;9;10;12"
Root_10559,93.010976,17.720918,10,"0;1;2;3;4;5;7;9;10;12"
Root_10560,308.050106,37.998678,9,"1;2;3;4;5;7;9;10;12"
Root_10561,125.727123,23.050518,9,"0;2;3;4;5;7;9;10;12"
Root_10562,347.057242,42.628278,8,"2;3;4;5;7;9;10;12"
Root_10563,89.610976,18.646838,9,"0;1;3;4;5;7;9;10;12"
Root_10564,309.279706,38.924598,8,"1;3;4;5;7;9;10;12"
Root_10565,122.327123,23.976438,8,"0;3;4;5;7;9;10;12"
Root_10566,349.212762,43.554198,7,"3;4;5;7;9;10;12"
Root_10567,94.951786,19.634486,9,"0;1;2;4;5;7;9;10;12"
Root_10568,316.563610,39.912246,8,"1;2;4;5;7;9;10;12"
Root_10569,124.518346,24.964086,8,"0;2;4;5;7;9;10;12"
Root_10570,357.484314,44.541846,7,"2;4;5;7;9;10;12"
Root_10571,91.551786,20.560406,8,"0;1;4;5;7;9;10;12"
Root_10572,318.719130,40.838166,7,"1;4;5;7;9;10;12"
Root_10573,122.044266,25.890006,7,"0;4;5;7;9;10;12"
Root_10574,360.565754,45.467766,6,"4;5;7;9;10;12"
Root_10575,92.512192,19.943126,9,"0;1;2;3;5;7;9;10;12"
Root_10576,319.341370,40.220886,8,"1;2;3;5;7;9;10;12"
Root_10577,125.752906,25.272726,8,"0;2;3;5;7;9;10;12"
Root_10578,360.570714,44.850486,7,"2;3;5;7;9;10;12"
Root_10579,90.038112,20.869046,8,"0;1;3;5;7;9;10;12"
Root_10580,321.496890,41.146806,7,"1;3;5;7;9;10;12"
Root_10581,123.278826,26.198646,7,"0;3;5;7;9;10;12"
Root_10582,363.652154,45.776406,6,"3;5;7;9;10;12"
Root_10583,94.144362,21.856694,8,"0;1;2;5;7;9;10;12"
Root_10584,329.768442,42.134454,7,"1;2;5;7;9;10;12"
Root_10585,126.984726,27.186294,7,"0;2;5;7;9;10;12"
Root_10586,372.911354,46.764054,6,"2;5;7;9;10;12"
Root_10587,91.670282,22.782614,7,"0;1;5;7;9;10;12"
Root_10588,332.849882,43.060374,6,"1;5;7;9;10;12"
Root_10589,127.288406,28.112214,6,"0;5;7;9;10;12"
Root_10590,376.918714,47.689974,5,"5;7;9;10;12"
Root_10591,99.482666,19.264118,9,"0;1;2;3;4;7;9;10;12"
Root_10592,313.600666,39.541878,8,"1;2;3;4;7;9;10;12"
Root_10593,128.813523,24.593718,8,"0;2;3;4;7;9;10;12"
Root_10594,354.151002,44.171478,7,"2;3;4;7;9;10;12"
Root_10595,96.082666,20.190038,8,"0;1;3;4;7;9;10;12"
Root_10596,315.756186,40.467798,7,"1;3;4;7;9;10;12"
Root_10597,125.413523,25.519638,7,"0;3;4;7;9;10;12"
Root_10598,357.232442,45.097398,6,"3;4;7;9;10;12"
Root_10599,99.880275,21.177686,8,"0;1;2;4;7;9;10;12"
Root_10600,323.657370,41.455446,7,"1;2;4;7;9;10;12"
Root_10601,127.388819,26.507286,7,"0;2;4;7;9;10;12"
Root_10602,366.121274,46.085046,6,"2;4;7;9;10;12"
Root_10603,96.480275,22.103606,7,"0;1;4;7;9;10;12"
Root_10604,326.738810,42.381366,6,"1;4;7;9;10;12"
Root_10605,125.781152,27.433206,6,"0;4;7;9;10;12"
Root_10606,370.128634,47.010966,5,"4;7;9;10;12"
Root_10607,98.983882,21.486326,8,"0;1;2;3;7;9;10;12"
Root_10608,326.435130,41.764086,7,"1;2;3;7;9;10;12"
Root_10609,128.314739,26.815926,7,"0;2;3;7;9;10;12"
Root_10610,369.207674,46.393686,6,"2;3;7;9;10;12"
Root_10611,96.509802,22.412246,7,"0;1;3;7;9;10;12"
Root_10612,329.516570,42.690006,6,"1;3;7;9;10;12"
Root_10613,127.324352,27.741846,6,"0;3;7;9;10;12"
Root_10614,373.215034,47.319606,5,"3;7;9;10;12"
Root_10615,99.472746,23.399894,7,"0;1;2;7;9;10;12"
Root_10616,338.405402,43.677654,6,"1;2;7;9;10;12"
Root_10617,132.262592,28.729494,6,"0;2;7;9;10;12"
Root_10618,383.091514,48.307254,5,"2;7;9;10;12"
Root_10619,97.924586,24.325814,6,"0;1;7;9;10;12"
Root_10620,342.412762,44.603574,5,"1;7;9;10;12"
Root_10621,133.221686,29.655414,5,"0;7;9;10;12"
Root_10622,388.024794,49.233174,4,"7;9;10;12"
Root_10623,97.383920,18.319680,10,"0;1;2;3;4;5;6;9;10;12"
Root_10624,314.469818,38.597440,9,"1;2;3;4;5;6;9;10;12"
Root_10625,130.245498,23.649280,9,"0;2;3;4;5;6;9;10;12"
Root_10626,354.075715,43.227040,8,"2;3;4;5;6;9;10;12"
Root_10627,93.983920,19.245600,9,"0;1;3;4;5;6;9;10;12"
Root_10628,315.699418,39.523360,8,"1;3;4;5;6;9;10;12"
Root_10629,126.845498,24.575200,8,"0;3;4;5;6;9;10;12"
Root_10630,356.231235,44.152960,7,"3;4;5;6;9;10;12"
Root_10631,98.725968,20.233248,9,"0;1;2;4;5;6;9;10;12"
Root_10632,322.983322,40.511008,8,"1;2;4;5;6;9;10;12"
Root_10633,129.191162,25.562848,8,"0;2;4;5;6;9;10;12"
Root_10634,364.502787,45.140608,7,"2;4;5;6;9;10;12"
Root_10635,95.325968,21.159168,8,"0;1;4;5;6;9;10;12"
Root_10636,325.138842,41.436928,7,"1;4;5;6;9;10;12"
Root_10637,126.717082,26.488768,7,"0;4;5;6;9;10;12"
Root_10638,367.584227,46.066528,6,"4;5;6;9;10;12"
Root_10639,96.885136,20.541888,9,"0;1;2;3;5;6;9;10;12"
Root_10640,325.761082,40.819648,8,"1;2;3;5;6;9;10;12"
Root_10641,130.425722,25.871488,8,"0;2;3;5;6;9;10;12"
Root_10642,367.589187,45.449248,7,"2;3;5;6;9;10;12"
Root_10643,94.411056,21.467808,8,"0;1;3;5;6;9;10;12"
Root_10644,327.916602,41.745568,7,"1;3;5;6;9;10;12"
Root_10645,127.951642,26.797408,7,"0;3;5;6;9;10;12"
Root_10646,370.670627,46.375168,6,"3;5;6;9;10;12"
Root_10647,97.918544,22.455456,8,"0;1;2;5;6;9;10;12"
Root_10648,336.188154,42.733216,7,"1;2;5;6;9;10;12"
Root_10649,132.855066,27.785056,7,"0;2;5;6;9;10;12"
Root_10650,379.929827,47.362816,6,"2;5;6;9;10;12"
Root_10651,95.825840,23.381376,7,"0;1;5;6;9;10;12"
Root_10652,339.269594,43.659136,6,"1;5;6;9;10;12"
Root_10653,133.158746,28.710976,6,"0;5;6;9;10;12"
Root_10654,383.937187,48.288736,5,"5;6;9;10;12"
Root_10655,103.556720,19.862880,9,"0;1;2;3;4;6;9;10;12"
Root_10656,320.020378,40.140640,8,"1;2;3;4;6;9;10;12"
Root_10657,132.887578,25.192480,8,"0;2;3;4;6;9;10;12"
Root_10658,361.169475,44.770240,7,"2;3;4;6;9;10;12"
Root_10659,100.156720,20.788800,8,"0;1;3;4;6;9;10;12"
Root_10660,322.175898,41.066560,7,"1;3;4;6;9;10;12"
Root_10661,129.487578,26.118400,7,"0;3;4;6;9;10;12"
Root_10662,364.250915,45.696160,6,"3;4;6;9;10;12"
Root_10663,103.355568,21.776448,8,"0;1;2;4;6;9;10;12"
Root_10664,330.077082,42.054208,7,"1;2;4;6;9;10;12"
Root_10665,131.674970,27.106048,7,"0;2;4;6;9;10;12"
Root_10666,373.139747,46.683808,6,"2;4;6;9;10;12"
Root_10667,99.955568,22.702368,7,"0;1;4;6;9;10;12"
Root_10668,333.158522,42.980128,6,"1;4;6;9;10;12"
Root_10669,131.052730,28.031968,6,"0;4;6;9;10;12"
Root_10670,377.147107,47.609728,5,"4;6;9;10;12"
Root_10671,103.057936,22.085088,8,"0;1;2;3;6;9;10;12"
Root_10672,332.854842,42.362848,7,"1;2;3;6;9;10;12"
Root_10673,133.218170,27.414688,7,"0;2;3;6;9;10;12"
Root_10674,376.226147,46.992448,6,"2;3;6;9;10;12"
Root_10675,100.583856,23.011008,7,"0;1;3;6;9;10;12"
Root_10676,335.936282,43.288768,6,"1;3;6;9;10;12"
Root_10677,132.595930,28.340608,6,"0;3;6;9;10;12"
Root_10678,380.233507,47.918368,5,"3;6;9;10;12"
Root_10679,103.546800,23.998656,7,"0;1;2;6;9;10;12"
Root_10680,344.825114,44.276416,6,"1;2;6;9;10;12"
Root_10681,137.534170,29.328256,6,"0;2;6;9;10;12"
Root_10682,390.109987,48.906016,5,"2;6;9;10;12"
Root_10683,101.998640,24.924576,6,"0;1;6;9;10;12"
Root_10684,348.832474,45.202336,5,"1;6;9;10;12"
Root_10685,138.600378,30.254176,5,"0;6;9;10;12"
Root_10686,395.043267,49.831936,4,"6;9;10;12"
Root_10687,105.954355,20.745590,9,"0;1;2;3;4;5;9;10;12"
Root_10688,327.798106,41.023350,8,"1;2;3;4;5;9;10;12"
Root_10689,134.369043,26.075190,8,"0;2;3;4;5;9;10;12"
Root_10690,369.829914,45.652950,7,"2;3;4;5;9;10;12"
Root_10691,102.554355,21.671510,8,"0;1;3;4;5;9;10;12"
Root_10692,329.953626,41.949270,7,"1;3;4;5;9;10;12"
Root_10693,130.971264,27.001110,7,"0;3;4;5;9;10;12"
Root_10694,372.911354,46.578870,6,"3;4;5;9;10;12"
Root_10695,104.870493,22.659158,8,"0;1;2;4;5;9;10;12"
Root_10696,338.225178,42.936918,7,"1;2;4;5;9;10;12"
Root_10697,135.292224,27.988758,7,"0;2;4;5;9;10;12"
Root_10698,382.170554,47.566518,6,"2;4;5;9;10;12"
Root_10699,102.055571,23.585078,7,"0;1;4;5;9;10;12"
Root_10700,341.306618,43.862838,6,"1;4;5;9;10;12"
Root_10701,134.669984,28.914678,6,"0;4;5;9;10;12"
Root_10702,386.177914,48.492438,5,"4;5;9;10;12"
Root_10703,105.455571,22.967798,8,"0;1;2;3;5;9;10;12"
Root_10704,341.311578,43.245558,7,"1;2;3;5;9;10;12"
Root_10705,137.144064,28.297398,7,"0;2;3;5;9;10;12"
Root_10706,385.565594,47.875158,6,"2;3;5;9;10;12"
Root_10707,102.981491,23.893718,7,"0;1;3;5;9;10;12"
Root_10708,344.393018,44.171478,6,"1;3;5;9;10;12"
Root_10709,136.745142,29.223318,6,"0;3;5;9;10;12"
Root_10710,389.572954,48.801078,5,"3;5;9;10;12"
Root_10711,106.077642,24.881366,7,"0;1;2;5;9;10;12"
Root_10712,353.652218,45.159126,6,"1;2;5;9;10;12"
Root_10713,143.463331,30.210966,6,"0;2;5;9;10;12"
Root_10714,399.819802,49.788726,5,"2;5;9;10;12"
Root_10715,104.529482,25.807286,6,"0;1;5;9;10;12"
Root_10716,357.659578,46.085046,5,"1;5;9;10;12"
Root_10717,146.544771,31.136886,5,"0;5;9;10;12"
Root_10718,404.753082,50.714646,4,"5;9;10;12"
Root_10719,110.583955,22.288790,8,"0;1;2;3;4;9;10;12"
Root_10720,334.891866,42.566550,7,"1;2;3;4;9;10;12"
Root_10721,135.821994,27.618390,7,"0;2;3;4;9;10;12"
Root_10722,378.466874,47.196150,6,"2;3;4;9;10;12"
Root_10723,107.183955,23.214710,7,"0;1;3;4;9;10;12"
Root_10724,337.973306,43.492470,6,"1;3;4;9;10;12"
Root_10725,134.273834,28.544310,6,"0;3;4;9;10;12"
Root_10726,382.474234,48.122070,5,"3;4;9;10;12"
Root_10727,109.159251,24.202358,7,"0;1;2;4;9;10;12"
Root_10728,346.862138,44.480118,6,"1;2;4;9;10;12"
Root_10729,138.756384,29.531958,6,"0;2;4;9;10;12"
Root_10730,392.350714,49.109718,5,"2;4;9;10;12"
Root_10731,106.685171,25.128278,6,"0;1;4;9;10;12"
Root_10732,350.869498,45.406038,5,"1;4;9;10;12"
Root_10733,140.433699,30.457878,5,"0;4;9;10;12"
Root_10734,397.283994,50.035638,4,"4;9;10;12"
Root_10735,110.085171,24.510998,7,"0;1;2;3;9;10;12"
Root_10736,349.948538,44.788758,6,"1;2;3;9;10;12"
Root_10737,140.608224,29.840598,6,"0;2;3;9;10;12"
Root_10738,395.745754,49.418358,5,"2;3;9;10;12"
Root_10739,107.611091,25.436918,6,"0;1;3;9;10;12"
Root_10740,353.955898,45.714678,5,"1;3;9;10;12"
Root_10741,143.211459,30.766518,5,"0;3;9;10;12"
Root_10742,400.679034,50.344278,4,"3;9;10;12"
Root_10743,110.574035,26.424566,6,"0;1;2;9;10;12"
Root_10744,363.832378,46.702326,5,"1;2;9;10;12"
Root_10745,152.100291,31.754166,5,"0;2;9;10;12"
Root_10746,411.543162,51.331926,4,"2;9;10;12"
Root_10747,109.726848,27.350486,5,"0;1;9;10;12"
Root_10748,368.765658,47.628246,4,"1;9;10;12"
Root_10749,156.107651,32.680086,4,"0;9;10;12"
Root_10750,417.402362,52.257846,3,"9;10;12"
Root_10751,62.695290,13.257984,11,"0;1;2;3;4;5;6;7;8;10;12"
Root_10752,275.172560,33.535744,10,"1;2;3;4;5;6;7;8;10;12"
Root_10753,98.276528,18.587584,10,"0;2;3;4;5;6;7;8;10;12"
Root_10754,309.716762,38.165344,9,"2;3;4;5;6;7;8;10;12"
Root_10755,62.111386,14.183904,10,"0;1;3;4;5;6;7;8;10;12"
Root_10756,275.476240,34.461664,9,"1;3;4;5;6;7;8;10;12"
Root_10757,94.876528,19.513504,9,"0;3;4;5;6;7;8;10;12"
Root_10758,310.946362,39.091264,8,"3;4;5;6;7;8;10;12"
Root_10759,68.435994,15.171552,10,"0;1;2;4;5;6;7;8;10;12"
Root_10760,281.772496,35.449312,9,"1;2;4;5;6;7;8;10;12"
Root_10761,99.350672,20.501152,9,"0;2;4;5;6;7;8;10;12"
Root_10762,318.230266,40.078912,8,"2;4;5;6;7;8;10;12"
Root_10763,65.938522,16.097472,9,"0;1;4;5;6;7;8;10;12"
Root_10764,283.002096,36.375232,8,"1;4;5;6;7;8;10;12"
Root_10765,96.377744,21.427072,8,"0;4;5;6;7;8;10;12"
Root_10766,320.385786,41.004832,7,"4;5;6;7;8;10;12"
Root_10767,64.407674,15.480192,10,"0;1;2;3;5;6;7;8;10;12"
Root_10768,284.241616,35.757952,9,"1;2;3;5;6;7;8;10;12"
Root_10769,97.777744,20.809792,9,"0;2;3;5;6;7;8;10;12"
Root_10770,321.008026,40.387552,8,"2;3;5;6;7;8;10;12"
Root_10771,61.601562,16.406112,9,"0;1;3;5;6;7;8;10;12"
Root_10772,285.471216,36.683872,8,"1;3;5;6;7;8;10;12"
Root_10773,96.039376,21.735712,8,"0;3;5;6;7;8;10;12"
Root_10774,323.163546,41.313472,7,"3;5;6;7;8;10;12"
Root_10775,68.234810,17.393760,9,"0;1;2;5;6;7;8;10;12"
Root_10776,292.755120,37.671520,8,"1;2;5;6;7;8;10;12"
Root_10777,100.266608,22.723360,8,"0;2;5;6;7;8;10;12"
Root_10778,331.435098,42.301120,7,"2;5;6;7;8;10;12"
Root_10779,65.154490,18.319680,8,"0;1;5;6;7;8;10;12"
Root_10780,294.910640,38.597440,7,"1;5;6;7;8;10;12"
Root_10781,99.367728,23.649280,7,"0;5;6;7;8;10;12"
Root_10782,334.516538,43.227040,6,"5;6;7;8;10;12"
Root_10783,70.449360,14.801184,10,"0;1;2;3;4;6;7;8;10;12"
Root_10784,279.179920,35.078944,9,"1;2;3;4;6;7;8;10;12"
Root_10785,104.449328,20.130784,9,"0;2;3;4;6;7;8;10;12"
Root_10786,315.267322,39.708544,8,"2;3;4;6;7;8;10;12"
Root_10787,68.322256,15.727104,9,"0;1;3;4;6;7;8;10;12"
Root_10788,280.409520,36.004864,8,"1;3;4;6;7;8;10;12"
Root_10789,101.106032,21.056704,8,"0;3;4;6;7;8;10;12"
Root_10790,317.422842,40.634464,7,"3;4;6;7;8;10;12"
Root_10791,75.001264,16.714752,9,"0;1;2;4;6;7;8;10;12"
Root_10792,287.323056,36.992512,8,"1;2;4;6;7;8;10;12"
Root_10793,105.024624,22.044352,8,"0;2;4;6;7;8;10;12"
Root_10794,325.324026,41.622112,7,"2;4;6;7;8;10;12"
Root_10795,71.601264,17.640672,8,"0;1;4;6;7;8;10;12"
Root_10796,289.478576,37.918432,7,"1;4;6;7;8;10;12"
Root_10797,102.550544,22.970272,7,"0;4;6;7;8;10;12"
Root_10798,328.405466,42.548032,6,"4;6;7;8;10;12"
Root_10799,70.618544,17.023392,9,"0;1;2;3;6;7;8;10;12"
Root_10800,289.792176,37.301152,8,"1;2;3;6;7;8;10;12"
Root_10801,105.303536,22.352992,8,"0;2;3;6;7;8;10;12"
Root_10802,328.101786,41.930752,7,"2;3;6;7;8;10;12"
Root_10803,67.218544,17.949312,8,"0;1;3;6;7;8;10;12"
Root_10804,291.947696,38.227072,7,"1;3;6;7;8;10;12"
Root_10805,103.755376,23.278912,7,"0;3;6;7;8;10;12"
Root_10806,331.183226,42.856672,6,"3;6;7;8;10;12"
Root_10807,74.193840,18.936960,8,"0;1;2;6;7;8;10;12"
Root_10808,299.848880,39.214720,7,"1;2;6;7;8;10;12"
Root_10809,107.705968,24.266560,7,"0;2;6;7;8;10;12"
Root_10810,340.072058,43.844320,6,"2;6;7;8;10;12"
Root_10811,71.719760,19.862880,7,"0;1;6;7;8;10;12"
Root_10812,302.930320,40.140640,6,"1;6;7;8;10;12"
Root_10813,107.083728,25.192480,6,"0;6;7;8;10;12"
Root_10814,344.079418,44.770240,5,"6;7;8;10;12"
Root_10815,74.312499,15.683894,10,"0;1;2;3;4;5;7;8;10;12"
Root_10816,286.074938,35.961654,9,"1;2;3;4;5;7;8;10;12"
Root_10817,106.592554,21.013494,9,"0;2;3;4;5;7;8;10;12"
Root_10818,323.045050,40.591254,8,"2;3;4;5;7;8;10;12"
Root_10819,71.302685,16.609814,9,"0;1;3;4;5;7;8;10;12"
Root_10820,287.304538,36.887574,8,"1;3;4;5;7;8;10;12"
Root_10821,104.118474,21.939414,8,"0;3;4;5;7;8;10;12"
Root_10822,325.200570,41.517174,7,"3;4;5;7;8;10;12"
Root_10823,78.139635,17.597462,9,"0;1;2;4;5;7;8;10;12"
Root_10824,294.588442,37.875222,8,"1;2;4;5;7;8;10;12"
Root_10825,107.154355,22.927062,8,"0;2;4;5;7;8;10;12"
Root_10826,333.472122,42.504822,7,"2;4;5;7;8;10;12"
Root_10827,74.739635,18.523382,8,"0;1;4;5;7;8;10;12"
Root_10828,296.743962,38.801142,7,"1;4;5;7;8;10;12"
Root_10829,105.533258,23.852982,7,"0;4;5;7;8;10;12"
Root_10830,336.553562,43.430742,6,"4;5;7;8;10;12"
Root_10831,73.756915,17.906102,9,"0;1;2;3;5;7;8;10;12"
Root_10832,297.366202,38.183862,8,"1;2;3;5;7;8;10;12"
Root_10833,108.346720,23.235702,8,"0;2;3;5;7;8;10;12"
Root_10834,336.558522,42.813462,7,"2;3;5;7;8;10;12"
Root_10835,71.188938,18.832022,8,"0;1;3;5;7;8;10;12"
Root_10836,299.521722,39.109782,7,"1;3;5;7;8;10;12"
Root_10837,106.798560,24.161622,7,"0;3;5;7;8;10;12"
Root_10838,339.639962,43.739382,6,"3;5;7;8;10;12"
Root_10839,77.332211,19.819670,8,"0;1;2;5;7;8;10;12"
Root_10840,307.793274,40.097430,7,"1;2;5;7;8;10;12"
Root_10841,111.119520,25.149270,7,"0;2;5;7;8;10;12"
Root_10842,348.899162,44.727030,6,"2;5;7;8;10;12"
Root_10843,74.858131,20.745590,7,"0;1;5;7;8;10;12"
Root_10844,310.874714,41.023350,6,"1;5;7;8;10;12"
Root_10845,110.497280,26.075190,6,"0;5;7;8;10;12"
Root_10846,352.906522,45.652950,5,"5;7;8;10;12"
Root_10847,81.877802,17.227094,9,"0;1;2;3;4;7;8;10;12"
Root_10848,291.625498,37.504854,8,"1;2;3;4;7;8;10;12"
Root_10849,112.765354,22.556694,8,"0;2;3;4;7;8;10;12"
Root_10850,330.138810,42.134454,7,"2;3;4;7;8;10;12"
Root_10851,78.477802,18.153014,8,"0;1;3;4;7;8;10;12"
Root_10852,293.781018,38.430774,7,"1;3;4;7;8;10;12"
Root_10853,110.291274,23.482614,7,"0;3;4;7;8;10;12"
Root_10854,333.220250,43.060374,6,"3;4;7;8;10;12"
Root_10855,84.312435,19.140662,8,"0;1;2;4;7;8;10;12"
Root_10856,301.682202,39.418422,7,"1;2;4;7;8;10;12"
Root_10857,113.254218,24.470262,7,"0;2;4;7;8;10;12"
Root_10858,342.109082,44.048022,6,"2;4;7;8;10;12"
Root_10859,80.912435,20.066582,7,"0;1;4;7;8;10;12"
Root_10860,304.763642,40.344342,6,"1;4;7;8;10;12"
Root_10861,111.706058,25.396182,6,"0;4;7;8;10;12"
Root_10862,346.116442,44.973942,5,"4;7;8;10;12"
Root_10863,81.379018,19.449302,8,"0;1;2;3;7;8;10;12"
Root_10864,304.459962,39.727062,7,"1;2;3;7;8;10;12"
Root_10865,114.488778,24.778902,7,"0;2;3;7;8;10;12"
Root_10866,345.195482,44.356662,6,"2;3;7;8;10;12"
Root_10867,78.904938,20.375222,7,"0;1;3;7;8;10;12"
Root_10868,307.541402,40.652982,6,"1;3;7;8;10;12"
Root_10869,112.940618,25.704822,6,"0;3;7;8;10;12"
Root_10870,349.202842,45.282582,5,"3;7;8;10;12"
Root_10871,83.867882,21.362870,7,"0;1;2;7;8;10;12"
Root_10872,316.430234,41.640630,6,"1;2;7;8;10;12"
Root_10873,116.891210,26.692470,6,"0;2;7;8;10;12"
Root_10874,359.079322,46.270230,5,"2;7;8;10;12"
Root_10875,82.319722,22.288790,6,"0;1;7;8;10;12"
Root_10876,320.437594,42.566550,5,"1;7;8;10;12"
Root_10877,116.887360,27.618390,5,"0;7;8;10;12"
Root_10878,364.012602,47.196150,4,"7;8;10;12"
Root_10879,78.155610,16.282656,10,"0;1;2;3;4;5;6;8;10;12"
Root_10880,292.062554,36.560416,9,"1;2;3;4;5;6;8;10;12"
Root_10881,111.154138,21.612256,9,"0;2;3;4;5;6;8;10;12"
Root_10882,329.631427,41.190016,8,"2;3;4;5;6;8;10;12"
Root_10883,74.755610,17.208576,9,"0;1;3;4;5;6;8;10;12"
Root_10884,293.292154,37.486336,8,"1;3;4;5;6;8;10;12"
Root_10885,108.680058,22.538176,8,"0;3;4;5;6;8;10;12"
Root_10886,331.786947,42.115936,7,"3;4;5;6;8;10;12"
Root_10887,81.534682,18.196224,9,"0;1;2;4;5;6;8;10;12"
Root_10888,300.576058,38.473984,8,"1;2;4;5;6;8;10;12"
Root_10889,111.643002,23.525824,8,"0;2;4;5;6;8;10;12"
Root_10890,340.058499,43.103584,7,"2;4;5;6;8;10;12"
Root_10891,78.134682,19.122144,8,"0;1;4;5;6;8;10;12"
Root_10892,302.731578,39.399904,7,"1;4;5;6;8;10;12"
Root_10893,110.094842,24.451744,7,"0;4;5;6;8;10;12"
Root_10894,343.139939,44.029504,6,"4;5;6;8;10;12"
Root_10895,77.656826,18.504864,9,"0;1;2;3;5;6;8;10;12"
Root_10896,303.353818,38.782624,8,"1;2;3;5;6;8;10;12"
Root_10897,113.186202,23.834464,8,"0;2;3;5;6;8;10;12"
Root_10898,343.144899,43.412224,7,"2;3;5;6;8;10;12"
Root_10899,75.182746,19.430784,8,"0;1;3;5;6;8;10;12"
Root_10900,305.509338,39.708544,7,"1;3;5;6;8;10;12"
Root_10901,111.638042,24.760384,7,"0;3;5;6;8;10;12"
Root_10902,346.226339,44.338144,6,"3;5;6;8;10;12"
Root_10903,80.727258,20.418432,8,"0;1;2;5;6;8;10;12"
Root_10904,313.780890,40.696192,7,"1;2;5;6;8;10;12"
Root_10905,115.959002,25.748032,7,"0;2;5;6;8;10;12"
Root_10906,355.485539,45.325792,6,"2;5;6;8;10;12"
Root_10907,78.597530,21.344352,7,"0;1;5;6;8;10;12"
Root_10908,316.862330,41.622112,6,"1;5;6;8;10;12"
Root_10909,115.336762,26.673952,6,"0;5;6;8;10;12"
Root_10910,359.492899,46.251712,5,"5;6;8;10;12"
Root_10911,85.519760,17.825856,9,"0;1;2;3;4;6;8;10;12"
Root_10912,297.613114,38.103616,8,"1;2;3;4;6;8;10;12"
Root_10913,117.006074,23.155456,8,"0;2;3;4;6;8;10;12"
Root_10914,336.725187,42.733216,7,"2;3;4;6;8;10;12"
Root_10915,82.119760,18.751776,8,"0;1;3;4;6;8;10;12"
Root_10916,299.768634,39.029536,7,"1;3;4;6;8;10;12"
Root_10917,114.531994,24.081376,7,"0;3;4;6;8;10;12"
Root_10918,339.806627,43.659136,6,"3;4;6;8;10;12"
Root_10919,87.355632,19.739424,8,"0;1;2;4;6;8;10;12"
Root_10920,307.669818,40.017184,7,"1;2;4;6;8;10;12"
Root_10921,117.494938,25.069024,7,"0;2;4;6;8;10;12"
Root_10922,348.695459,44.646784,6,"2;4;6;8;10;12"
Root_10923,83.955632,20.665344,7,"0;1;4;6;8;10;12"
Root_10924,310.751258,40.943104,6,"1;4;6;8;10;12"
Root_10925,115.946778,25.994944,6,"0;4;6;8;10;12"
Root_10926,352.702819,45.572704,5,"4;6;8;10;12"
Root_10927,85.020976,20.048064,8,"0;1;2;3;6;8;10;12"
Root_10928,310.447578,40.325824,7,"1;2;3;6;8;10;12"
Root_10929,118.729498,25.377664,7,"0;2;3;6;8;10;12"
Root_10930,351.781859,44.955424,6,"2;3;6;8;10;12"
Root_10931,82.546896,20.973984,7,"0;1;3;6;8;10;12"
Root_10932,313.529018,41.251744,6,"1;3;6;8;10;12"
Root_10933,117.181338,26.303584,6,"0;3;6;8;10;12"
Root_10934,355.789219,45.881344,5,"3;6;8;10;12"
Root_10935,87.509840,21.961632,7,"0;1;2;6;8;10;12"
Root_10936,322.417850,42.239392,6,"1;2;6;8;10;12"
Root_10937,121.423162,27.291232,6,"0;2;6;8;10;12"
Root_10938,365.665699,46.868992,5,"2;6;8;10;12"
Root_10939,85.961680,22.887552,6,"0;1;6;8;10;12"
Root_10940,326.425210,43.165312,5,"1;6;8;10;12"
Root_10941,121.726842,28.217152,5,"0;6;8;10;12"
Root_10942,370.598979,47.794912,4,"6;8;10;12"
Root_10943,88.411219,18.708566,9,"0;1;2;3;4;5;8;10;12"
Root_10944,305.390842,38.986326,8,"1;2;3;4;5;8;10;12"
Root_10945,119.370250,24.038166,8,"0;2;3;4;5;8;10;12"
Root_10946,345.385626,43.615926,7,"2;3;4;5;8;10;12"
Root_10947,85.011219,19.634486,8,"0;1;3;4;5;8;10;12"
Root_10948,307.546362,39.912246,7,"1;3;4;5;8;10;12"
Root_10949,116.896170,24.964086,7,"0;3;4;5;8;10;12"
Root_10950,348.467066,44.541846,6,"3;4;5;8;10;12"
Root_10951,89.364381,20.622134,8,"0;1;2;4;5;8;10;12"
Root_10952,315.817914,40.899894,7,"1;2;4;5;8;10;12"
Root_10953,120.229482,25.951734,7,"0;2;4;5;8;10;12"
Root_10954,357.726266,45.529494,6,"2;4;5;8;10;12"
Root_10955,86.512435,21.548054,7,"0;1;4;5;8;10;12"
Root_10956,318.899354,41.825814,6,"1;4;5;8;10;12"
Root_10957,118.681322,26.877654,6,"0;4;5;8;10;12"
Root_10958,361.733626,46.455414,5,"4;5;8;10;12"
Root_10959,87.912435,20.930774,8,"0;1;2;3;5;8;10;12"
Root_10960,318.904314,41.208534,7,"1;2;3;5;8;10;12"
Root_10961,121.772682,26.260374,7,"0;2;3;5;8;10;12"
Root_10962,361.121306,45.838134,6,"2;3;5;8;10;12"
Root_10963,86.295050,21.856694,7,"0;1;3;5;8;10;12"
Root_10964,321.985754,42.134454,6,"1;3;5;8;10;12"
Root_10965,120.410816,27.186294,6,"0;3;5;8;10;12"
Root_10966,365.128666,46.764054,5,"3;5;8;10;12"
Root_10967,90.401299,22.844342,7,"0;1;2;5;8;10;12"
Root_10968,331.244954,43.122102,6,"1;2;5;8;10;12"
Root_10969,125.719424,28.173942,6,"0;2;5;8;10;12"
Root_10970,375.375514,47.751702,5,"2;5;8;10;12"
Root_10971,89.623402,23.770262,6,"0;1;5;8;10;12"
Root_10972,335.252314,44.048022,5,"1;5;8;10;12"
Root_10973,126.122966,29.099862,5,"0;5;8;10;12"
Root_10974,380.308794,48.677622,4,"5;8;10;12"
Root_10975,94.584019,20.251766,8,"0;1;2;3;4;8;10;12"
Root_10976,312.484602,40.529526,7,"1;2;3;4;8;10;12"
Root_10977,123.166643,25.581366,7,"0;2;3;4;8;10;12"
Root_10978,354.022586,45.159126,6,"2;3;4;8;10;12"
Root_10979,91.361706,21.177686,7,"0;1;3;4;8;10;12"
Root_10980,315.566042,41.455446,6,"1;3;4;8;10;12"
Root_10981,120.692563,26.507286,6,"0;3;4;8;10;12"
Root_10982,358.029946,46.085046,5,"3;4;8;10;12"
Root_10983,95.159315,22.165334,7,"0;1;2;4;8;10;12"
Root_10984,324.454874,42.443094,6,"1;2;4;8;10;12"
Root_10985,124.150442,27.494934,6,"0;2;4;8;10;12"
Root_10986,367.906426,47.072694,5,"2;4;8;10;12"
Root_10987,92.776490,23.091254,6,"0;1;4;8;10;12"
Root_10988,328.462234,43.369014,5,"1;4;8;10;12"
Root_10989,123.528202,28.420854,5,"0;4;8;10;12"
Root_10990,372.839706,47.998614,4,"4;8;10;12"
Root_10991,95.559210,22.473974,7,"0;1;2;3;8;10;12"
Root_10992,327.541274,42.751734,6,"1;2;3;8;10;12"
Root_10993,125.693642,27.803574,6,"0;2;3;8;10;12"
Root_10994,371.301466,47.381334,5,"2;3;8;10;12"
Root_10995,94.011050,23.399894,6,"0;1;3;8;10;12"
Root_10996,331.548634,43.677654,5,"1;3;8;10;12"
Root_10997,125.071402,28.729494,5,"0;3;8;10;12"
Root_10998,376.234746,48.307254,4,"3;8;10;12"
Root_10999,97.961642,24.387542,6,"0;1;2;8;10;12"
Root_11000,341.425114,44.665302,5,"1;2;8;10;12"
Root_11001,130.726784,29.717142,5,"0;2;8;10;12"
Root_11002,387.098874,49.294902,4,"2;8;10;12"
Root_11003,97.339402,25.313462,5,"0;1;8;10;12"
Root_11004,346.358394,45.591222,4,"1;8;10;12"
Root_11005,133.885571,30.643062,4,"0;8;10;12"
Root_11006,392.958074,50.220822,3,"8;10;12"
Root_11007,85.677638,17.887584,10,"0;1;2;3;4;5;6;7;10;12"
Root_11008,309.716762,38.165344,9,"1;2;3;4;5;6;7;10;12"
Root_11009,120.623194,23.217184,9,"0;2;3;4;5;6;7;10;12"
Root_11010,348.890563,42.794944,8,"2;3;4;5;6;7;10;12"
Root_11011,82.277638,18.813504,9,"0;1;3;4;5;6;7;10;12"
Root_11012,310.946362,39.091264,8,"1;3;4;5;6;7;10;12"
Root_11013,118.149114,24.143104,8,"0;3;4;5;6;7;10;12"
Root_11014,351.046083,43.720864,7,"3;4;5;6;7;10;12"
Root_11015,87.451782,19.801152,9,"0;1;2;4;5;6;7;10;12"
Root_11016,318.230266,40.078912,8,"1;2;4;5;6;7;10;12"
Root_11017,121.482426,25.130752,8,"0;2;4;5;6;7;10;12"
Root_11018,359.317635,44.708512,7,"2;4;5;6;7;10;12"
Root_11019,84.051782,20.727072,8,"0;1;4;5;6;7;10;12"
Root_11020,320.385786,41.004832,7,"1;4;5;6;7;10;12"
Root_11021,119.934266,26.056672,7,"0;4;5;6;7;10;12"
Root_11022,362.399075,45.634432,6,"4;5;6;7;10;12"
Root_11023,85.178854,20.109792,9,"0;1;2;3;5;6;7;10;12"
Root_11024,321.008026,40.387552,8,"1;2;3;5;6;7;10;12"
Root_11025,123.025626,25.439392,8,"0;2;3;5;6;7;10;12"
Root_11026,362.404035,45.017152,7,"2;3;5;6;7;10;12"
Root_11027,82.740486,21.035712,8,"0;1;3;5;6;7;10;12"
Root_11028,323.163546,41.313472,7,"1;3;5;6;7;10;12"
Root_11029,121.477466,26.365312,7,"0;3;5;6;7;10;12"
Root_11030,365.485475,45.943072,6,"3;5;6;7;10;12"
Root_11031,87.667718,22.023360,8,"0;1;2;5;6;7;10;12"
Root_11032,331.435098,42.301120,7,"1;2;5;6;7;10;12"
Root_11033,126.504346,27.352960,7,"0;2;5;6;7;10;12"
Root_11034,374.744675,46.930720,6,"2;5;6;7;10;12"
Root_11035,86.119558,22.949280,7,"0;1;5;6;7;10;12"
Root_11036,334.516538,43.227040,6,"1;5;6;7;10;12"
Root_11037,127.733946,28.278880,6,"0;5;6;7;10;12"
Root_11038,378.752035,47.856640,5,"5;6;7;10;12"
Root_11039,92.149328,19.430784,9,"0;1;2;3;4;6;7;10;12"
Root_11040,315.267322,39.708544,8,"1;2;3;4;6;7;10;12"
Root_11041,125.240570,24.760384,8,"0;2;3;4;6;7;10;12"
Root_11042,355.984323,44.338144,7,"2;3;4;6;7;10;12"
Root_11043,88.749328,20.356704,8,"0;1;3;4;6;7;10;12"
Root_11044,317.422842,40.634464,7,"1;3;4;6;7;10;12"
Root_11045,122.766490,25.686304,7,"0;3;4;6;7;10;12"
Root_11046,359.065763,45.264064,6,"3;4;6;7;10;12"
Root_11047,92.724624,21.344352,8,"0;1;2;4;6;7;10;12"
Root_11048,325.324026,41.622112,7,"1;2;4;6;7;10;12"
Root_11049,125.729434,26.673952,7,"0;2;4;6;7;10;12"
Root_11050,367.954595,46.251712,6,"2;4;6;7;10;12"
Root_11051,90.250544,22.270272,7,"0;1;4;6;7;10;12"
Root_11052,328.405466,42.548032,6,"1;4;6;7;10;12"
Root_11053,125.381018,27.599872,6,"0;4;6;7;10;12"
Root_11054,371.961955,47.177632,5,"4;6;7;10;12"
Root_11055,92.303536,21.652992,8,"0;1;2;3;6;7;10;12"
Root_11056,328.101786,41.930752,7,"1;2;3;6;7;10;12"
Root_11057,126.963994,26.982592,7,"0;2;3;6;7;10;12"
Root_11058,371.040995,46.560352,6,"2;3;6;7;10;12"
Root_11059,90.755376,22.578912,7,"0;1;3;6;7;10;12"
Root_11060,331.183226,42.856672,6,"1;3;6;7;10;12"
Root_11061,127.232858,27.908512,6,"0;3;6;7;10;12"
Root_11062,375.048355,47.486272,5,"3;6;7;10;12"
Root_11063,94.705968,23.566560,7,"0;1;2;6;7;10;12"
Root_11064,340.072058,43.844320,6,"1;2;6;7;10;12"
Root_11065,133.158746,28.896160,6,"0;2;6;7;10;12"
Root_11066,384.924835,48.473920,5,"2;6;7;10;12"
Root_11067,94.083728,24.492480,6,"0;1;6;7;10;12"
Root_11068,344.079418,44.770240,5,"1;6;7;10;12"
Root_11069,134.388346,29.822080,5,"0;6;7;10;12"
Root_11070,389.858115,49.399840,4,"6;7;10;12"
Root_11071,94.680170,20.313494,9,"0;1;2;3;4;5;7;10;12"
Root_11072,323.045050,40.591254,8,"1;2;3;4;5;7;10;12"
Root_11073,127.604746,25.643094,8,"0;2;3;4;5;7;10;12"
Root_11074,364.644762,45.220854,7,"2;3;4;5;7;10;12"
Root_11075,91.519584,21.239414,8,"0;1;3;4;5;7;10;12"
Root_11076,325.200570,41.517174,7,"1;3;4;5;7;10;12"
Root_11077,125.130666,26.569014,7,"0;3;4;5;7;10;12"
Root_11078,367.726202,46.146774,6,"3;4;5;7;10;12"
Root_11079,95.255466,22.227062,8,"0;1;2;4;5;7;10;12"
Root_11080,333.472122,42.504822,7,"1;2;4;5;7;10;12"
Root_11081,129.577302,27.556662,7,"0;2;4;5;7;10;12"
Root_11082,376.985402,47.134422,6,"2;4;5;7;10;12"
Root_11083,92.934368,23.152982,7,"0;1;4;5;7;10;12"
Root_11084,336.553562,43.430742,6,"1;4;5;7;10;12"
Root_11085,129.880982,28.482582,6,"0;4;5;7;10;12"
Root_11086,380.992762,48.060342,5,"4;5;7;10;12"
Root_11087,95.717088,22.535702,8,"0;1;2;3;5;7;10;12"
Root_11088,336.558522,42.813462,7,"1;2;3;5;7;10;12"
Root_11089,131.737782,27.865302,7,"0;2;3;5;7;10;12"
Root_11090,380.380442,47.443062,6,"2;3;5;7;10;12"
Root_11091,94.168928,23.461622,7,"0;1;3;5;7;10;12"
Root_11092,339.639962,43.739382,6,"1;3;5;7;10;12"
Root_11093,132.041462,28.791222,6,"0;3;5;7;10;12"
Root_11094,384.387802,48.368982,5,"3;5;7;10;12"
Root_11095,98.119520,24.449270,7,"0;1;2;5;7;10;12"
Root_11096,348.899162,44.727030,6,"1;2;5;7;10;12"
Root_11097,139.116589,29.778870,6,"0;2;5;7;10;12"
Root_11098,394.634650,49.356630,5,"2;5;7;10;12"
Root_11099,97.497280,25.375190,6,"0;1;5;7;10;12"
Root_11100,352.906522,45.652950,5,"1;5;7;10;12"
Root_11101,141.976899,30.704790,5,"0;5;7;10;12"
Root_11102,399.567930,50.282550,4,"5;7;10;12"
Root_11103,100.465354,21.856694,8,"0;1;2;3;4;7;10;12"
Root_11104,330.138810,42.134454,7,"1;2;3;4;7;10;12"
Root_11105,130.168800,27.186294,7,"0;2;3;4;7;10;12"
Root_11106,373.281722,46.764054,6,"2;3;4;7;10;12"
Root_11107,97.991274,22.782614,7,"0;1;3;4;7;10;12"
Root_11108,333.220250,43.060374,6,"1;3;4;7;10;12"
Root_11109,129.546560,28.112214,6,"0;3;4;7;10;12"
Root_11110,377.289082,47.689974,5,"3;4;7;10;12"
Root_11111,100.954218,23.770262,7,"0;1;2;4;7;10;12"
Root_11112,342.109082,44.048022,6,"1;2;4;7;10;12"
Root_11113,134.584662,29.099862,6,"0;2;4;7;10;12"
Root_11114,387.165562,48.677622,5,"2;4;7;10;12"
Root_11115,99.406058,24.696182,6,"0;1;4;7;10;12"
Root_11116,346.116442,44.973942,5,"1;4;7;10;12"
Root_11117,135.865827,30.025782,5,"0;4;7;10;12"
Root_11118,392.098842,49.603542,4,"4;7;10;12"
Root_11119,102.188778,24.078902,7,"0;1;2;3;7;10;12"
Root_11120,345.195482,44.356662,6,"1;2;3;7;10;12"
Root_11121,136.745142,29.408502,6,"0;2;3;7;10;12"
Root_11122,390.560602,48.986262,5,"2;3;7;10;12"
Root_11123,100.640618,25.004822,6,"0;1;3;7;10;12"
Root_11124,349.202842,45.282582,5,"1;3;7;10;12"
Root_11125,138.643587,30.334422,5,"0;3;7;10;12"
Root_11126,395.493882,49.912182,4,"3;7;10;12"
Root_11127,104.591210,25.992470,6,"0;1;2;7;10;12"
Root_11128,359.079322,46.270230,5,"1;2;7;10;12"
Root_11129,147.532419,31.322070,5,"0;2;7;10;12"
Root_11130,406.358010,50.899830,4,"2;7;10;12"
Root_11131,103.968970,26.918390,5,"0;1;7;10;12"
Root_11132,364.012602,47.196150,4,"1;7;10;12"
Root_11133,151.539779,32.247990,4,"0;7;10;12"
Root_11134,412.217210,51.825750,3,"7;10;12"
Root_11135,98.621018,20.912256,9,"0;1;2;3;4;5;6;10;12"
Root_11136,329.631427,41.190016,8,"1;2;3;4;5;6;10;12"
Root_11137,132.444227,26.241856,8,"0;2;3;4;5;6;10;12"
Root_11138,371.829901,45.819616,7,"2;3;4;5;6;10;12"
Root_11139,96.059194,21.838176,8,"0;1;3;4;5;6;10;12"
Root_11140,331.786947,42.115936,7,"1;3;4;5;6;10;12"
Root_11141,130.305699,27.167776,7,"0;3;4;5;6;10;12"
Root_11142,374.911341,46.745536,6,"3;4;5;6;10;12"
Root_11143,99.196314,22.825824,8,"0;1;2;4;5;6;10;12"
Root_11144,340.058499,43.103584,7,"1;2;4;5;6;10;12"
Root_11145,135.614307,28.155424,7,"0;2;4;5;6;10;12"
Root_11146,384.170541,47.733184,6,"2;4;5;6;10;12"
Root_11147,97.473978,23.751744,7,"0;1;4;5;6;10;12"
Root_11148,343.139939,44.029504,6,"1;4;5;6;10;12"
Root_11149,135.917987,29.081344,6,"0;4;5;6;10;12"
Root_11150,388.177901,48.659104,5,"4;5;6;10;12"
Root_11151,100.256698,23.134464,8,"0;1;2;3;5;6;10;12"
Root_11152,343.144899,43.412224,7,"1;2;3;5;6;10;12"
Root_11153,137.774787,28.464064,7,"0;2;3;5;6;10;12"
Root_11154,387.565581,48.041824,6,"2;3;5;6;10;12"
Root_11155,98.708538,24.060384,7,"0;1;3;5;6;10;12"
Root_11156,346.226339,44.338144,6,"1;3;5;6;10;12"
Root_11157,138.078467,29.389984,6,"0;3;5;6;10;12"
Root_11158,391.572941,48.967744,5,"3;5;6;10;12"
Root_11159,102.959002,25.048032,7,"0;1;2;5;6;10;12"
Root_11160,355.485539,45.325792,6,"1;2;5;6;10;12"
Root_11161,145.129987,30.377632,6,"0;2;5;6;10;12"
Root_11162,401.819789,49.955392,5,"2;5;6;10;12"
Root_11163,102.336762,25.973952,6,"0;1;5;6;10;12"
Root_11164,359.492899,46.251712,5,"1;5;6;10;12"
Root_11165,148.211427,31.303552,5,"0;5;6;10;12"
Root_11166,406.753069,50.881312,4,"5;6;10;12"
Root_11167,104.706074,22.455456,8,"0;1;2;3;4;6;10;12"
Root_11168,336.725187,42.733216,7,"1;2;3;4;6;10;12"
Root_11169,135.607043,27.785056,7,"0;2;3;4;6;10;12"
Root_11170,380.466861,47.362816,6,"2;3;4;6;10;12"
Root_11171,102.231994,23.381376,7,"0;1;3;4;6;10;12"
Root_11172,339.806627,43.659136,6,"1;3;4;6;10;12"
Root_11173,134.984803,28.710976,6,"0;3;4;6;10;12"
Root_11174,384.474221,48.288736,5,"3;4;6;10;12"
Root_11175,105.194938,24.369024,7,"0;1;2;4;6;10;12"
Root_11176,348.695459,44.646784,6,"1;2;4;6;10;12"
Root_11177,139.923043,29.698624,6,"0;2;4;6;10;12"
Root_11178,394.350701,49.276384,5,"2;4;6;10;12"
Root_11179,103.646778,25.294944,6,"0;1;4;6;10;12"
Root_11180,352.702819,45.572704,5,"1;4;6;10;12"
Root_11181,142.100355,30.624544,5,"0;4;6;10;12"
Root_11182,399.283981,50.202304,4,"4;6;10;12"
Root_11183,106.429498,24.677664,7,"0;1;2;3;6;10;12"
Root_11184,351.781859,44.955424,6,"1;2;3;6;10;12"
Root_11185,141.796675,30.007264,6,"0;2;3;6;10;12"
Root_11186,397.745741,49.585024,5,"2;3;6;10;12"
Root_11187,104.881338,25.603584,6,"0;1;3;6;10;12"
Root_11188,355.789219,45.881344,5,"1;3;6;10;12"
Root_11189,144.878115,30.933184,5,"0;3;6;10;12"
Root_11190,402.679021,50.510944,4,"3;6;10;12"
Root_11191,108.831930,26.591232,6,"0;1;2;6;10;12"
Root_11192,365.665699,46.868992,5,"1;2;6;10;12"
Root_11193,153.766947,31.920832,5,"0;2;6;10;12"
Root_11194,413.543149,51.498592,4,"2;6;10;12"
Root_11195,109.243994,27.517152,5,"0;1;6;10;12"
Root_11196,370.598979,47.794912,4,"1;6;10;12"
Root_11197,157.774307,32.846752,4,"0;6;10;12"
Root_11198,419.402349,52.424512,3,"6;10;12"
Root_11199,107.070250,23.338166,8,"0;1;2;3;4;5;10;12"
Root_11200,345.385626,43.615926,7,"1;2;3;4;5;10;12"
Root_11201,139.736640,28.667766,7,"0;2;3;4;5;10;12"
Root_11202,390.010010,48.245526,6,"2;3;4;5;10;12"
Root_11203,104.596170,24.264086,7,"0;1;3;4;5;10;12"
Root_11204,348.467066,44.541846,6,"1;3;4;5;10;12"
Root_11205,139.708086,29.593686,6,"0;3;4;5;10;12"
Root_11206,394.017370,49.171446,5,"3;4;5;10;12"
Root_11207,107.929482,25.251734,7,"0;1;2;4;5;10;12"
Root_11208,357.726266,45.529494,6,"1;2;4;5;10;12"
Root_11209,147.167011,30.581334,6,"0;2;4;5;10;12"
Root_11210,404.264218,50.159094,5,"2;4;5;10;12"
Root_11211,106.381322,26.177654,6,"0;1;4;5;10;12"
Root_11212,361.733626,46.455414,5,"1;4;5;10;12"
Root_11213,150.248451,31.507254,5,"0;4;5;10;12"
Root_11214,409.197498,51.085014,4,"4;5;10;12"
Root_11215,109.472682,25.560374,7,"0;1;2;3;5;10;12"
Root_11216,361.121306,45.838134,6,"1;2;3;5;10;12"
Root_11217,150.253411,30.889974,6,"0;2;3;5;10;12"
Root_11218,407.967898,50.467734,5,"2;3;5;10;12"
Root_11219,107.924522,26.486294,6,"0;1;3;5;10;12"
Root_11220,365.128666,46.764054,5,"1;3;5;10;12"
Root_11221,153.334851,31.815894,5,"0;3;5;10;12"
Root_11222,412.901178,51.393654,4,"3;5;10;12"
Root_11223,113.193366,27.473942,6,"0;1;2;5;10;12"
Root_11224,375.375514,47.751702,5,"1;2;5;10;12"
Root_11225,162.594051,32.803542,5,"0;2;5;10;12"
Root_11226,424.135674,52.381302,4,"2;5;10;12"
Root_11227,114.422966,28.399862,5,"0;1;5;10;12"
Root_11228,380.308794,48.677622,4,"1;5;10;12"
Root_11229,167.330874,33.729462,4,"0;5;10;12"
Root_11230,429.994874,53.307222,3,"5;10;12"
Root_11231,111.566643,24.881366,7,"0;1;2;3;4;10;12"
Root_11232,354.022586,45.159126,6,"1;2;3;4;10;12"
Root_11233,143.833699,30.210966,6,"0;2;3;4;10;12"
Root_11234,400.190170,49.788726,5,"2;3;4;10;12"
Root_11235,109.092563,25.807286,6,"0;1;3;4;10;12"
Root_11236,358.029946,46.085046,5,"1;3;4;10;12"
Root_11237,146.915139,31.136886,5,"0;3;4;10;12"
Root_11238,405.123450,50.714646,4,"3;4;10;12"
Root_11239,112.055507,26.794934,6,"0;1;2;4;10;12"
Root_11240,367.906426,47.072694,5,"1;2;4;10;12"
Root_11241,155.803971,32.124534,5,"0;2;4;10;12"
Root_11242,415.987578,51.702294,4,"2;4;10;12"
Root_11243,111.949056,27.720854,5,"0;1;4;10;12"
Root_11244,372.839706,47.998614,4,"1;4;10;12"
Root_11245,159.861786,33.050454,4,"0;4;10;12"
Root_11246,421.846778,52.628214,3,"4;10;12"
Root_11247,113.497216,27.103574,6,"0;1;2;3;10;12"
Root_11248,371.301466,47.381334,5,"1;2;3;10;12"
Root_11249,158.890371,32.433174,5,"0;2;3;10;12"
Root_11250,419.691258,52.010934,4,"2;3;10;12"
Root_11251,113.800896,28.029494,5,"0;1;3;10;12"
Root_11252,376.234746,48.307254,4,"1;3;10;12"
Root_11253,163.256826,33.359094,4,"0;3;10;12"
Root_11254,425.550458,52.936854,3,"3;10;12"
Root_11255,119.743926,29.017142,5,"0;1;2;10;12"
Root_11256,387.098874,49.294902,4,"1;2;10;12"
Root_11257,174.120954,34.346742,4,"0;2;10;12"
Root_11258,437.402234,53.924502,3,"2;10;12"
Root_11259,121.899446,29.943062,4,"0;1;10;12"
Root_11260,392.958074,50.220822,3,"1;10;12"
Root_11261,179.980154,35.272662,3,"0;10;12"
Root_11262,444.187354,54.850422,2,"10;12"
Root_11263,64.079088,11.591328,11,"0;1;2;3;4;5;6;7;8;9;12"
Root_11264,271.573862,31.869088,10,"1;2;3;4;5;6;7;8;9;12"
Root_11265,99.078896,16.920928,10,"0;2;3;4;5;6;7;8;9;12"
Root_11266,303.751408,36.498688,9,"2;3;4;5;6;7;8;9;12"
Root_11267,64.079088,12.517248,10,"0;1;3;4;5;6;7;8;9;12"
Root_11268,271.177542,32.795008,9,"1;3;4;5;6;7;8;9;12"
Root_11269,94.978896,17.846848,9,"0;3;4;5;6;7;8;9;12"
Root_11270,304.281008,37.424608,8,"3;4;5;6;7;8;9;12"
Root_11271,69.091440,13.504896,10,"0;1;2;4;5;6;7;8;9;12"
Root_11272,276.486150,33.782656,9,"1;2;4;5;6;7;8;9;12"
Root_11273,100.966544,18.834496,9,"0;2;4;5;6;7;8;9;12"
Root_11274,310.577264,38.412256,8,"2;4;5;6;7;8;9;12"
Root_11275,67.560624,14.430816,9,"0;1;4;5;6;7;8;9;12"
Root_11276,277.015750,34.708576,8,"1;4;5;6;7;8;9;12"
Root_11277,97.792464,19.760416,8,"0;4;5;6;7;8;9;12"
Root_11278,312.032784,39.338176,7,"4;5;6;7;8;9;12"
Root_11279,65.079088,13.813536,10,"0;1;2;3;5;6;7;8;9;12"
Root_11280,278.646630,34.091296,9,"1;2;3;5;6;7;8;9;12"
Root_11281,97.726960,19.143136,9,"0;2;3;5;6;7;8;9;12"
Root_11282,313.046384,38.720896,8,"2;3;5;6;7;8;9;12"
Root_11283,63.239632,14.739456,9,"0;1;3;5;6;7;8;9;12"
Root_11284,279.176230,35.017216,8,"1;3;5;6;7;8;9;12"
Root_11285,95.478800,20.069056,8,"0;3;5;6;7;8;9;12"
Root_11286,314.501904,39.646816,7,"3;5;6;7;8;9;12"
Root_11287,68.560624,15.727104,9,"0;1;2;5;6;7;8;9;12"
Root_11288,285.472486,36.004864,8,"1;2;5;6;7;8;9;12"
Root_11289,100.385040,21.056704,8,"0;2;5;6;7;8;9;12"
Root_11290,321.785808,40.634464,7,"2;5;6;7;8;9;12"
Root_11291,64.807600,16.653024,8,"0;1;5;6;7;8;9;12"
Root_11292,286.928006,36.930784,7,"1;5;6;7;8;9;12"
Root_11293,98.136880,21.982624,7,"0;5;6;7;8;9;12"
Root_11294,324.167248,41.560384,6,"5;6;7;8;9;12"
Root_11295,72.412336,13.134528,10,"0;1;2;3;4;6;7;8;9;12"
Root_11296,274.263942,33.412288,9,"1;2;3;4;6;7;8;9;12"
Root_11297,105.330758,18.464128,9,"0;2;3;4;6;7;8;9;12"
Root_11298,307.984688,38.041888,8,"2;3;4;6;7;8;9;12"
Root_11299,71.251888,14.060448,9,"0;1;3;4;6;7;8;9;12"
Root_11300,274.793542,34.338208,8,"1;3;4;6;7;8;9;12"
Root_11301,102.156678,19.390048,8,"0;3;4;6;7;8;9;12"
Root_11302,309.440208,38.967808,7,"3;4;6;7;8;9;12"
Root_11303,76.264240,15.048096,9,"0;1;2;4;6;7;8;9;12"
Root_11304,280.719430,35.325856,8,"1;2;4;6;7;8;9;12"
Root_11305,106.754278,20.377696,8,"0;2;4;6;7;8;9;12"
Root_11306,316.353744,39.955456,7,"2;4;6;7;8;9;12"
Root_11307,73.190224,15.974016,8,"0;1;4;6;7;8;9;12"
Root_11308,282.174950,36.251776,7,"1;4;6;7;8;9;12"
Root_11309,103.580198,21.303616,7,"0;4;6;7;8;9;12"
Root_11310,318.735184,40.881376,6,"4;6;7;8;9;12"
Root_11311,72.251888,15.356736,9,"0;1;2;3;6;7;8;9;12"
Root_11312,282.879910,35.634496,8,"1;2;3;6;7;8;9;12"
Root_11313,105.057894,20.686336,8,"0;2;3;6;7;8;9;12"
Root_11314,318.822864,40.264096,7,"2;3;6;7;8;9;12"
Root_11315,68.869232,16.282656,8,"0;1;3;6;7;8;9;12"
Root_11316,284.335430,36.560416,7,"1;3;6;7;8;9;12"
Root_11317,102.809734,21.612256,7,"0;3;6;7;8;9;12"
Root_11318,321.204304,41.190016,6,"3;6;7;8;9;12"
Root_11319,74.190224,17.270304,8,"0;1;2;6;7;8;9;12"
Root_11320,291.248966,37.548064,7,"1;2;6;7;8;9;12"
Root_11321,106.172774,22.599904,7,"0;2;6;7;8;9;12"
Root_11322,329.105488,42.177664,6,"2;6;7;8;9;12"
Root_11323,70.482672,18.196224,7,"0;1;6;7;8;9;12"
Root_11324,293.630406,38.473984,6,"1;6;7;8;9;12"
Root_11325,104.450438,23.525824,6,"0;6;7;8;9;12"
Root_11326,332.412848,43.103584,5,"6;7;8;9;12"
Root_11327,75.146880,14.017238,10,"0;1;2;3;4;5;7;8;9;12"
Root_11328,280.276250,34.294998,9,"1;2;3;4;5;7;8;9;12"
Root_11329,107.861600,19.346838,9,"0;2;3;4;5;7;8;9;12"
Root_11330,314.879706,38.924598,8,"2;3;4;5;7;8;9;12"
Root_11331,73.103722,14.943158,9,"0;1;3;4;5;7;8;9;12"
Root_11332,280.805850,35.220918,8,"1;3;4;5;7;8;9;12"
Root_11333,104.687520,20.272758,8,"0;3;4;5;7;8;9;12"
Root_11334,316.335226,39.850518,7,"3;4;5;7;8;9;12"
Root_11335,78.795082,15.930806,9,"0;1;2;4;5;7;8;9;12"
Root_11336,287.102106,36.208566,8,"1;2;4;5;7;8;9;12"
Root_11337,108.402410,21.260406,8,"0;2;4;5;7;8;9;12"
Root_11338,323.619130,40.838166,7,"2;4;5;7;8;9;12"
Root_11339,74.838355,16.856726,8,"0;1;4;5;7;8;9;12"
Root_11340,288.557626,37.134486,7,"1;4;5;7;8;9;12"
Root_11341,105.228330,22.186326,7,"0;4;5;7;8;9;12"
Root_11342,326.000570,41.764086,6,"4;5;7;8;9;12"
Root_11343,74.103722,16.239446,9,"0;1;2;3;5;7;8;9;12"
Root_11344,289.571226,36.517206,8,"1;2;3;5;7;8;9;12"
Root_11345,107.588736,21.569046,8,"0;2;3;5;7;8;9;12"
Root_11346,326.396890,41.146806,7,"2;3;5;7;8;9;12"
Root_11347,70.003722,17.165366,8,"0;1;3;5;7;8;9;12"
Root_11348,291.026746,37.443126,7,"1;3;5;7;8;9;12"
Root_11349,105.340576,22.494966,7,"0;3;5;7;8;9;12"
Root_11350,328.778330,42.072726,6,"3;5;7;8;9;12"
Root_11351,76.144384,18.153014,8,"0;1;2;5;7;8;9;12"
Root_11352,298.310650,38.430774,7,"1;2;5;7;8;9;12"
Root_11353,108.303520,23.482614,7,"0;2;5;7;8;9;12"
Root_11354,337.049882,43.060374,6,"2;5;7;8;9;12"
Root_11355,73.896224,19.078934,7,"0;1;5;7;8;9;12"
Root_11356,300.692090,39.356694,6,"1;5;7;8;9;12"
Root_11357,106.981280,24.408534,6,"0;5;7;8;9;12"
Root_11358,340.357242,43.986294,5,"5;7;8;9;12"
Root_11359,82.770410,15.560438,9,"0;1;2;3;4;7;8;9;12"
Root_11360,284.509530,35.838198,8,"1;2;3;4;7;8;9;12"
Root_11361,113.982666,20.890038,8,"0;2;3;4;7;8;9;12"
Root_11362,320.656186,40.467798,7,"2;3;4;7;8;9;12"
Root_11363,79.184051,16.486358,8,"0;1;3;4;7;8;9;12"
Root_11364,285.965050,36.764118,7,"1;3;4;7;8;9;12"
Root_11365,110.808586,21.815958,7,"0;3;4;7;8;9;12"
Root_11366,323.037626,41.393718,6,"3;4;7;8;9;12"
Root_11367,84.875411,17.474006,8,"0;1;2;4;7;8;9;12"
Root_11368,292.878586,37.751766,7,"1;2;4;7;8;9;12"
Root_11369,112.980275,22.803606,7,"0;2;4;7;8;9;12"
Root_11370,330.938810,42.381366,6,"2;4;7;8;9;12"
Root_11371,81.175338,18.399926,7,"0;1;4;7;8;9;12"
Root_11372,295.260026,38.677686,6,"1;4;7;8;9;12"
Root_11373,110.535722,23.729526,6,"0;4;7;8;9;12"
Root_11374,334.246170,43.307286,5,"4;7;8;9;12"
Root_11375,80.184051,17.782646,8,"0;1;2;3;7;8;9;12"
Root_11376,295.347706,38.060406,7,"1;2;3;7;8;9;12"
Root_11377,113.709802,23.112246,7,"0;2;3;7;8;9;12"
Root_11378,333.716570,42.690006,6,"2;3;7;8;9;12"
Root_11379,77.501184,18.708566,7,"0;1;3;7;8;9;12"
Root_11380,297.729146,38.986326,6,"1;3;7;8;9;12"
Root_11381,111.461642,24.038166,6,"0;3;7;8;9;12"
Root_11382,337.023930,43.615926,5,"3;7;8;9;12"
Root_11383,83.767914,19.696214,7,"0;1;2;7;8;9;12"
Root_11384,305.630330,39.973974,6,"1;2;7;8;9;12"
Root_11385,114.424586,25.025814,6,"0;2;7;8;9;12"
Root_11386,345.912762,44.603574,5,"2;7;8;9;12"
Root_11387,81.519754,20.622134,6,"0;1;7;8;9;12"
Root_11388,308.937690,40.899894,5,"1;7;8;9;12"
Root_11389,113.102346,25.951734,5,"0;7;8;9;12"
Root_11390,350.146042,45.529494,4,"7;8;9;12"
Root_11391,79.239568,14.616000,10,"0;1;2;3;4;5;6;8;9;12"
Root_11392,286.097200,34.893760,9,"1;2;3;4;5;6;8;9;12"
Root_11393,112.534416,19.945600,9,"0;2;3;4;5;6;8;9;12"
Root_11394,321.299418,39.523360,8,"2;3;4;5;6;8;9;12"
Root_11395,76.597648,15.541920,9,"0;1;3;4;5;6;8;9;12"
Root_11396,286.626800,35.819680,8,"1;3;4;5;6;8;9;12"
Root_11397,109.360336,20.871520,8,"0;3;4;5;6;8;9;12"
Root_11398,322.754938,40.449280,7,"3;4;5;6;8;9;12"
Root_11399,82.289008,16.529568,9,"0;1;2;4;5;6;8;9;12"
Root_11400,292.923056,36.807328,8,"1;2;4;5;6;8;9;12"
Root_11401,112.476464,21.859168,8,"0;2;4;5;6;8;9;12"
Root_11402,330.038842,41.436928,7,"2;4;5;6;8;9;12"
Root_11403,78.189008,17.455488,8,"0;1;4;5;6;8;9;12"
Root_11404,294.378576,37.733248,7,"1;4;5;6;8;9;12"
Root_11405,109.302384,22.785088,7,"0;4;5;6;8;9;12"
Root_11406,332.420282,42.362848,6,"4;5;6;8;9;12"
Root_11407,77.597648,16.838208,9,"0;1;2;3;5;6;8;9;12"
Root_11408,295.392176,37.115968,8,"1;2;3;5;6;8;9;12"
Root_11409,112.261552,22.167808,8,"0;2;3;5;6;8;9;12"
Root_11410,332.816602,41.745568,7,"2;3;5;6;8;9;12"
Root_11411,73.497648,17.764128,8,"0;1;3;5;6;8;9;12"
Root_11412,296.847696,38.041888,7,"1;3;5;6;8;9;12"
Root_11413,110.013392,23.093728,7,"0;3;5;6;8;9;12"
Root_11414,335.198042,42.671488,6,"3;5;6;8;9;12"
Root_11415,80.237072,18.751776,8,"0;1;2;5;6;8;9;12"
Root_11416,304.131600,39.029536,7,"1;2;5;6;8;9;12"
Root_11417,112.976336,24.081376,7,"0;2;5;6;8;9;12"
Root_11418,343.469594,43.659136,6,"2;5;6;8;9;12"
Root_11419,77.988912,19.677696,7,"0;1;5;6;8;9;12"
Root_11420,306.513040,39.955456,6,"1;5;6;8;9;12"
Root_11421,111.654096,25.007296,6,"0;5;6;8;9;12"
Root_11422,346.776954,44.585056,5,"5;6;8;9;12"
Root_11423,86.103728,16.159200,9,"0;1;2;3;4;6;8;9;12"
Root_11424,290.330480,36.436960,8,"1;2;3;4;6;8;9;12"
Root_11425,118.056720,21.488800,8,"0;2;3;4;6;8;9;12"
Root_11426,327.075898,41.066560,7,"2;3;4;6;8;9;12"
Root_11427,82.003728,17.085120,8,"0;1;3;4;6;8;9;12"
Root_11428,291.786000,37.362880,7,"1;3;4;6;8;9;12"
Root_11429,114.882640,22.414720,7,"0;3;4;6;8;9;12"
Root_11430,329.457338,41.992480,6,"3;4;6;8;9;12"
Root_11431,87.991376,18.072768,8,"0;1;2;4;6;8;9;12"
Root_11432,298.699536,38.350528,7,"1;2;4;6;8;9;12"
Root_11433,116.857936,23.402368,7,"0;2;4;6;8;9;12"
Root_11434,337.358522,42.980128,6,"2;4;6;8;9;12"
Root_11435,84.817296,18.998688,7,"0;1;4;6;8;9;12"
Root_11436,301.080976,39.276448,6,"1;4;6;8;9;12"
Root_11437,114.609776,24.328288,6,"0;4;6;8;9;12"
Root_11438,340.665882,43.906048,5,"4;6;8;9;12"
Root_11439,83.990064,18.381408,8,"0;1;2;3;6;8;9;12"
Root_11440,301.168656,38.659168,7,"1;2;3;6;8;9;12"
Root_11441,117.783856,23.711008,7,"0;2;3;6;8;9;12"
Root_11442,340.136282,43.288768,6,"2;3;6;8;9;12"
Root_11443,81.741904,19.307328,7,"0;1;3;6;8;9;12"
Root_11444,303.550096,39.585088,6,"1;3;6;8;9;12"
Root_11445,115.535696,24.636928,6,"0;3;6;8;9;12"
Root_11446,343.443642,44.214688,5,"3;6;8;9;12"
Root_11447,87.409872,20.294976,7,"0;1;2;6;8;9;12"
Root_11448,311.451280,40.572736,6,"1;2;6;8;9;12"
Root_11449,118.498640,25.624576,6,"0;2;6;8;9;12"
Root_11450,352.332474,45.202336,5,"2;6;8;9;12"
Root_11451,85.161712,21.220896,6,"0;1;6;8;9;12"
Root_11452,314.758640,41.498656,5,"1;6;8;9;12"
Root_11453,117.176400,26.550496,5,"0;6;8;9;12"
Root_11454,356.565754,46.128256,4,"6;8;9;12"
Root_11455,88.634570,17.041910,9,"0;1;2;3;4;5;8;9;12"
Root_11456,297.225498,37.319670,8,"1;2;3;4;5;8;9;12"
Root_11457,119.908554,22.371510,8,"0;2;3;4;5;8;9;12"
Root_11458,334.853626,41.949270,7,"2;3;4;5;8;9;12"
Root_11459,84.534570,17.967830,8,"0;1;3;4;5;8;9;12"
Root_11460,298.681018,38.245590,7,"1;3;4;5;8;9;12"
Root_11461,116.734474,23.297430,7,"0;3;4;5;8;9;12"
Root_11462,337.235066,42.875190,6,"3;4;5;8;9;12"
Root_11463,90.522218,18.955478,8,"0;1;2;4;5;8;9;12"
Root_11464,305.964922,39.233238,7,"1;2;4;5;8;9;12"
Root_11465,118.709770,24.285078,7,"0;2;4;5;8;9;12"
Root_11466,345.506618,43.862838,6,"2;4;5;8;9;12"
Root_11467,87.348138,19.881398,7,"0;1;4;5;8;9;12"
Root_11468,308.346362,40.159158,6,"1;4;5;8;9;12"
Root_11469,116.461610,25.210998,6,"0;4;5;8;9;12"
Root_11470,348.813978,44.788758,5,"4;5;8;9;12"
Root_11471,87.403616,19.264118,8,"0;1;2;3;5;8;9;12"
Root_11472,308.742682,39.541878,7,"1;2;3;5;8;9;12"
Root_11473,119.944330,24.593718,7,"0;2;3;5;8;9;12"
Root_11474,348.593018,44.171478,6,"2;3;5;8;9;12"
Root_11475,85.155456,20.190038,7,"0;1;3;5;8;9;12"
Root_11476,311.124122,40.467798,6,"1;3;5;8;9;12"
Root_11477,117.696170,25.519638,6,"0;3;5;8;9;12"
Root_11478,351.900378,45.097398,5,"3;5;8;9;12"
Root_11479,89.940714,21.177686,7,"0;1;2;5;8;9;12"
Root_11480,319.395674,41.455446,6,"1;2;5;8;9;12"
Root_11481,121.029482,26.507286,6,"0;2;5;8;9;12"
Root_11482,361.159578,46.085046,5,"2;5;8;9;12"
Root_11483,87.692554,22.103606,6,"0;1;5;8;9;12"
Root_11484,322.703034,42.381366,5,"1;5;8;9;12"
Root_11485,120.140448,27.433206,5,"0;5;8;9;12"
Root_11486,365.392858,47.010966,4,"5;8;9;12"
Root_11487,95.053098,18.585110,8,"0;1;2;3;4;8;9;12"
Root_11488,303.001978,38.862870,7,"1;2;3;4;8;9;12"
Root_11489,123.683955,23.914710,7,"0;2;3;4;8;9;12"
Root_11490,342.173306,43.492470,6,"2;3;4;8;9;12"
Root_11491,91.879018,19.511030,7,"0;1;3;4;8;9;12"
Root_11492,305.383418,39.788790,6,"1;3;4;8;9;12"
Root_11493,120.509875,24.840630,6,"0;3;4;8;9;12"
Root_11494,345.480666,44.418390,5,"3;4;8;9;12"
Root_11495,96.355635,20.498678,7,"0;1;2;4;8;9;12"
Root_11496,313.284602,40.776438,6,"1;2;4;8;9;12"
Root_11497,122.485171,25.828278,6,"0;2;4;8;9;12"
Root_11498,354.369498,45.406038,5,"2;4;8;9;12"
Root_11499,93.181555,21.424598,6,"0;1;4;8;9;12"
Root_11500,316.591962,41.702358,5,"1;4;8;9;12"
Root_11501,120.237011,26.754198,5,"0;4;8;9;12"
Root_11502,358.602778,46.331958,4,"4;8;9;12"
Root_11503,94.780234,20.807318,7,"0;1;2;3;8;9;12"
Root_11504,316.062362,41.085078,6,"1;2;3;8;9;12"
Root_11505,123.411091,26.136918,6,"0;2;3;8;9;12"
Root_11506,357.455898,45.714678,5,"2;3;8;9;12"
Root_11507,92.532074,21.733238,6,"0;1;3;8;9;12"
Root_11508,319.369722,42.010998,5,"1;3;8;9;12"
Root_11509,121.225770,27.062838,5,"0;3;8;9;12"
Root_11510,361.689178,46.640598,4,"3;8;9;12"
Root_11511,95.774131,22.720886,6,"0;1;2;8;9;12"
Root_11512,328.258554,42.998646,5,"1;2;8;9;12"
Root_11513,125.176362,28.050486,5,"0;2;8;9;12"
Root_11514,371.565658,47.628246,4,"2;8;9;12"
Root_11515,94.172778,23.646806,5,"0;1;8;9;12"
Root_11516,332.491834,43.924566,4,"1;8;9;12"
Root_11517,124.780042,28.976406,4,"0;8;9;12"
Root_11518,376.724858,48.554166,3,"8;9;12"
Root_11519,86.560496,16.220928,10,"0;1;2;3;4;5;6;7;9;12"
Root_11520,303.751408,36.498688,9,"1;2;3;4;5;6;7;9;12"
Root_11521,121.694832,21.550528,9,"0;2;3;4;5;6;7;9;12"
Root_11522,340.558554,41.128288,8,"2;3;4;5;6;7;9;12"
Root_11523,82.460496,17.146848,9,"0;1;3;4;5;6;7;9;12"
Root_11524,304.281008,37.424608,8,"1;3;4;5;6;7;9;12"
Root_11525,118.520752,22.476448,8,"0;3;4;5;6;7;9;12"
Root_11526,342.014074,42.054208,7,"3;4;5;6;7;9;12"
Root_11527,88.448144,18.134496,9,"0;1;2;4;5;6;7;9;12"
Root_11528,310.577264,38.412256,8,"1;2;4;5;6;7;9;12"
Root_11529,120.496048,23.464096,8,"0;2;4;5;6;7;9;12"
Root_11530,349.297978,43.041856,7,"2;4;5;6;7;9;12"
Root_11531,85.274064,19.060416,8,"0;1;4;5;6;7;9;12"
Root_11532,312.032784,39.338176,7,"1;4;5;6;7;9;12"
Root_11533,118.247888,24.390016,7,"0;4;5;6;7;9;12"
Root_11534,351.679418,43.967776,6,"4;5;6;7;9;12"
Root_11535,84.508560,18.443136,9,"0;1;2;3;5;6;7;9;12"
Root_11536,313.046384,38.720896,8,"1;2;3;5;6;7;9;12"
Root_11537,121.730608,23.772736,8,"0;2;3;5;6;7;9;12"
Root_11538,352.075738,43.350496,7,"2;3;5;6;7;9;12"
Root_11539,82.260400,19.369056,8,"0;1;3;5;6;7;9;12"
Root_11540,314.501904,39.646816,7,"1;3;5;6;7;9;12"
Root_11541,119.482448,24.698656,7,"0;3;5;6;7;9;12"
Root_11542,354.457178,44.276416,6,"3;5;6;7;9;12"
Root_11543,87.866640,20.356704,8,"0;1;2;5;6;7;9;12"
Root_11544,321.785808,40.634464,7,"1;2;5;6;7;9;12"
Root_11545,122.815760,25.686304,7,"0;2;5;6;7;9;12"
Root_11546,362.728730,45.264064,6,"2;5;6;7;9;12"
Root_11547,85.618480,21.282624,7,"0;1;5;6;7;9;12"
Root_11548,324.167248,41.560384,6,"1;5;6;7;9;12"
Root_11549,121.493520,26.612224,6,"0;5;6;7;9;12"
Root_11550,366.036090,46.189984,5,"5;6;7;9;12"
Root_11551,92.566630,17.764128,9,"0;1;2;3;4;6;7;9;12"
Root_11552,307.984688,38.041888,8,"1;2;3;4;6;7;9;12"
Root_11553,126.291216,23.093728,8,"0;2;3;4;6;7;9;12"
Root_11554,346.335034,42.671488,7,"2;3;4;6;7;9;12"
Root_11555,89.156678,18.690048,8,"0;1;3;4;6;7;9;12"
Root_11556,309.440208,38.967808,7,"1;3;4;6;7;9;12"
Root_11557,123.117136,24.019648,7,"0;3;4;6;7;9;12"
Root_11558,348.716474,43.597408,6,"3;4;6;7;9;12"
Root_11559,94.454278,19.677696,8,"0;1;2;4;6;7;9;12"
Root_11560,316.353744,39.955456,7,"1;2;4;6;7;9;12"
Root_11561,125.092432,25.007296,7,"0;2;4;6;7;9;12"
Root_11562,356.617658,44.585056,6,"2;4;6;7;9;12"
Root_11563,91.280198,20.603616,7,"0;1;4;6;7;9;12"
Root_11564,318.735184,40.881376,6,"1;4;6;7;9;12"
Root_11565,122.844272,25.933216,6,"0;4;6;7;9;12"
Root_11566,359.925018,45.510976,5,"4;6;7;9;12"
Root_11567,92.057894,19.986336,8,"0;1;2;3;6;7;9;12"
Root_11568,318.822864,40.264096,7,"1;2;3;6;7;9;12"
Root_11569,126.018352,25.315936,7,"0;2;3;6;7;9;12"
Root_11570,359.395418,44.893696,6,"2;3;6;7;9;12"
Root_11571,89.809734,20.912256,7,"0;1;3;6;7;9;12"
Root_11572,321.204304,41.190016,6,"1;3;6;7;9;12"
Root_11573,123.770192,26.241856,6,"0;3;6;7;9;12"
Root_11574,362.702778,45.819616,5,"3;6;7;9;12"
Root_11575,93.872774,21.899904,7,"0;1;2;6;7;9;12"
Root_11576,329.105488,42.177664,6,"1;2;6;7;9;12"
Root_11577,127.192144,27.229504,6,"0;2;6;7;9;12"
Root_11578,371.591610,46.807264,5,"2;6;7;9;12"
Root_11579,91.624614,22.825824,6,"0;1;6;7;9;12"
Root_11580,332.412848,43.103584,5,"1;6;7;9;12"
Root_11581,127.721744,28.155424,5,"0;6;7;9;12"
Root_11582,375.824890,47.733184,4,"6;7;9;12"
Root_11583,95.509866,18.646838,9,"0;1;2;3;4;5;7;9;12"
Root_11584,314.879706,38.924598,8,"1;2;3;4;5;7;9;12"
Root_11585,127.772682,23.976438,8,"0;2;3;4;5;7;9;12"
Root_11586,354.112762,43.554198,7,"2;3;4;5;7;9;12"
Root_11587,92.335786,19.572758,8,"0;1;3;4;5;7;9;12"
Root_11588,316.335226,39.850518,7,"1;3;4;5;7;9;12"
Root_11589,124.598602,24.902358,7,"0;3;4;5;7;9;12"
Root_11590,356.494202,44.480118,6,"3;4;5;7;9;12"
Root_11591,96.750675,20.560406,8,"0;1;2;4;5;7;9;12"
Root_11592,323.619130,40.838166,7,"1;2;4;5;7;9;12"
Root_11593,126.944266,25.890006,7,"0;2;4;5;7;9;12"
Root_11594,364.765754,45.467766,6,"2;4;5;7;9;12"
Root_11595,93.576595,21.486326,7,"0;1;4;5;7;9;12"
Root_11596,326.000570,41.764086,6,"1;4;5;7;9;12"
Root_11597,124.696106,26.815926,6,"0;4;5;7;9;12"
Root_11598,368.073114,46.393686,5,"4;5;7;9;12"
Root_11599,95.237002,20.869046,8,"0;1;2;3;5;7;9;12"
Root_11600,326.396890,41.146806,7,"1;2;3;5;7;9;12"
Root_11601,128.178826,26.198646,7,"0;2;3;5;7;9;12"
Root_11602,367.852154,45.776406,6,"2;3;5;7;9;12"
Root_11603,92.988842,21.794966,7,"0;1;3;5;7;9;12"
Root_11604,328.778330,42.072726,6,"1;3;5;7;9;12"
Root_11605,126.179798,27.124566,6,"0;3;5;7;9;12"
Root_11606,371.159514,46.702326,5,"3;5;7;9;12"
Root_11607,96.169171,22.782614,7,"0;1;2;5;7;9;12"
Root_11608,337.049882,43.060374,6,"1;2;5;7;9;12"
Root_11609,131.488406,28.112214,6,"0;2;5;7;9;12"
Root_11610,380.418714,47.689974,5,"2;5;7;9;12"
Root_11611,94.629546,23.708534,6,"0;1;5;7;9;12"
Root_11612,340.357242,43.986294,5,"1;5;7;9;12"
Root_11613,132.056141,29.038134,5,"0;5;7;9;12"
Root_11614,384.651994,48.615894,4,"5;7;9;12"
Root_11615,101.682666,20.190038,8,"0;1;2;3;4;7;9;12"
Root_11616,320.656186,40.467798,7,"1;2;3;4;7;9;12"
Root_11617,130.313523,25.519638,7,"0;2;3;4;7;9;12"
Root_11618,361.432442,45.097398,6,"2;3;4;7;9;12"
Root_11619,98.508586,21.115958,7,"0;1;3;4;7;9;12"
Root_11620,323.037626,41.393718,6,"1;3;4;7;9;12"
Root_11621,127.139443,26.445558,6,"0;3;4;7;9;12"
Root_11622,364.739802,46.023318,5,"3;4;7;9;12"
Root_11623,101.380275,22.103606,7,"0;1;2;4;7;9;12"
Root_11624,330.938810,42.381366,6,"1;2;4;7;9;12"
Root_11625,129.981152,27.433206,6,"0;2;4;7;9;12"
Root_11626,373.628634,47.010966,5,"2;4;7;9;12"
Root_11627,98.235722,23.029526,6,"0;1;4;7;9;12"
Root_11628,334.246170,43.307286,5,"1;4;7;9;12"
Root_11629,129.584832,28.359126,5,"0;4;7;9;12"
Root_11630,377.861914,47.936886,4,"4;7;9;12"
Root_11631,101.409802,22.412246,7,"0;1;2;3;7;9;12"
Root_11632,333.716570,42.690006,6,"1;2;3;7;9;12"
Root_11633,131.524352,27.741846,6,"0;2;3;7;9;12"
Root_11634,376.715034,47.319606,5,"2;3;7;9;12"
Root_11635,99.161642,23.338166,6,"0;1;3;7;9;12"
Root_11636,337.023930,43.615926,5,"1;3;7;9;12"
Root_11637,131.128032,28.667766,5,"0;3;7;9;12"
Root_11638,380.948314,48.245526,4,"3;7;9;12"
Root_11639,102.124586,24.325814,6,"0;1;2;7;9;12"
Root_11640,345.912762,44.603574,5,"1;2;7;9;12"
Root_11641,136.721686,29.655414,5,"0;2;7;9;12"
Root_11642,390.824794,49.233174,4,"2;7;9;12"
Root_11643,100.802346,25.251734,5,"0;1;7;9;12"
Root_11644,350.146042,45.529494,4,"1;7;9;12"
Root_11645,139.339875,30.581334,4,"0;7;9;12"
Root_11646,395.983994,50.159094,3,"7;9;12"
Root_11647,99.583920,19.245600,9,"0;1;2;3;4;5;6;9;12"
Root_11648,321.299418,39.523360,8,"1;2;3;4;5;6;9;12"
Root_11649,132.445498,24.575200,8,"0;2;3;4;5;6;9;12"
Root_11650,361.131235,44.152960,7,"2;3;4;5;6;9;12"
Root_11651,96.409840,20.171520,8,"0;1;3;4;5;6;9;12"
Root_11652,322.754938,40.449280,7,"1;3;4;5;6;9;12"
Root_11653,129.271418,25.501120,7,"0;3;4;5;6;9;12"
Root_11654,363.512675,45.078880,6,"3;4;5;6;9;12"
Root_11655,100.225968,21.159168,8,"0;1;2;4;5;6;9;12"
Root_11656,330.038842,41.436928,7,"1;2;4;5;6;9;12"
Root_11657,131.617082,26.488768,7,"0;2;4;5;6;9;12"
Root_11658,371.784227,46.066528,6,"2;4;5;6;9;12"
Root_11659,97.051888,22.085088,7,"0;1;4;5;6;9;12"
Root_11660,332.420282,42.362848,6,"1;4;5;6;9;12"
Root_11661,130.198298,27.414688,6,"0;4;5;6;9;12"
Root_11662,375.091587,46.992448,5,"4;5;6;9;12"
Root_11663,99.311056,21.467808,8,"0;1;2;3;5;6;9;12"
Root_11664,332.816602,41.745568,7,"1;2;3;5;6;9;12"
Root_11665,132.851642,26.797408,7,"0;2;3;5;6;9;12"
Root_11666,374.870627,46.375168,6,"2;3;5;6;9;12"
Root_11667,97.062896,22.393728,7,"0;1;3;5;6;9;12"
Root_11668,335.198042,42.671488,6,"1;3;5;6;9;12"
Root_11669,132.050138,27.723328,6,"0;3;5;6;9;12"
Root_11670,378.177987,47.301088,5,"3;5;6;9;12"
Root_11671,100.025840,23.381376,7,"0;1;2;5;6;9;12"
Root_11672,343.469594,43.659136,6,"1;2;5;6;9;12"
Root_11673,137.358746,28.710976,6,"0;2;5;6;9;12"
Root_11674,387.437187,48.288736,5,"2;5;6;9;12"
Root_11675,98.703600,24.307296,6,"0;1;5;6;9;12"
Root_11676,346.776954,44.585056,5,"1;5;6;9;12"
Root_11677,137.888346,29.636896,5,"0;5;6;9;12"
Root_11678,391.670467,49.214656,4,"5;6;9;12"
Root_11679,105.756720,20.788800,8,"0;1;2;3;4;6;9;12"
Root_11680,327.075898,41.066560,7,"1;2;3;4;6;9;12"
Root_11681,134.387578,26.118400,7,"0;2;3;4;6;9;12"
Root_11682,368.450915,45.696160,6,"2;3;4;6;9;12"
Root_11683,102.582640,21.714720,7,"0;1;3;4;6;9;12"
Root_11684,329.457338,41.992480,6,"1;3;4;6;9;12"
Root_11685,131.302138,27.044320,6,"0;3;4;6;9;12"
Root_11686,371.758275,46.622080,5,"3;4;6;9;12"
Root_11687,104.855568,22.702368,7,"0;1;2;4;6;9;12"
Root_11688,337.358522,42.980128,6,"1;2;4;6;9;12"
Root_11689,135.252730,28.031968,6,"0;2;4;6;9;12"
Root_11690,380.647107,47.609728,5,"2;4;6;9;12"
Root_11691,102.309776,23.628288,6,"0;1;4;6;9;12"
Root_11692,340.665882,43.906048,5,"1;4;6;9;12"
Root_11693,134.856410,28.957888,5,"0;4;6;9;12"
Root_11694,384.880387,48.535648,4,"4;6;9;12"
Root_11695,105.483856,23.011008,7,"0;1;2;3;6;9;12"
Root_11696,340.136282,43.288768,6,"1;2;3;6;9;12"
Root_11697,136.795930,28.340608,6,"0;2;3;6;9;12"
Root_11698,383.733507,47.918368,5,"2;3;6;9;12"
Root_11699,103.235696,23.936928,6,"0;1;3;6;9;12"
Root_11700,343.443642,44.214688,5,"1;3;6;9;12"
Root_11701,136.399610,29.266528,5,"0;3;6;9;12"
Root_11702,387.966787,48.844288,4,"3;6;9;12"
Root_11703,106.198640,24.924576,6,"0;1;2;6;9;12"
Root_11704,352.332474,45.202336,5,"1;2;6;9;12"
Root_11705,142.100378,30.254176,5,"0;2;6;9;12"
Root_11706,397.843267,49.831936,4,"2;6;9;12"
Root_11707,104.876400,25.850496,5,"0;1;6;9;12"
Root_11708,356.565754,46.128256,4,"1;6;9;12"
Root_11709,145.407738,31.180096,4,"0;6;9;12"
Root_11710,403.002467,50.757856,3,"6;9;12"
Root_11711,107.608554,21.671510,8,"0;1;2;3;4;5;9;12"
Root_11712,334.853626,41.949270,7,"1;2;3;4;5;9;12"
Root_11713,135.871264,27.001110,7,"0;2;3;4;5;9;12"
Root_11714,377.111354,46.578870,6,"2;3;4;5;9;12"
Root_11715,104.434474,22.597430,7,"0;1;3;4;5;9;12"
Root_11716,337.235066,42.875190,6,"1;3;4;5;9;12"
Root_11717,134.549024,27.927030,6,"0;3;4;5;9;12"
Root_11718,380.418714,47.504790,5,"3;4;5;9;12"
Root_11719,106.409770,23.585078,7,"0;1;2;4;5;9;12"
Root_11720,345.506618,43.862838,6,"1;2;4;5;9;12"
Root_11721,138.869984,28.914678,6,"0;2;4;5;9;12"
Root_11722,389.677914,48.492438,5,"2;4;5;9;12"
Root_11723,104.161610,24.510998,6,"0;1;4;5;9;12"
Root_11724,348.813978,44.788758,5,"1;4;5;9;12"
Root_11725,139.314262,29.840598,5,"0;4;5;9;12"
Root_11726,393.911194,49.418358,4,"4;5;9;12"
Root_11727,107.644330,23.893718,7,"0;1;2;3;5;9;12"
Root_11728,348.593018,44.171478,6,"1;2;3;5;9;12"
Root_11729,140.945142,29.223318,6,"0;2;3;5;9;12"
Root_11730,393.072954,48.801078,5,"2;3;5;9;12"
Root_11731,105.396170,24.819638,6,"0;1;3;5;9;12"
Root_11732,351.900378,45.097398,5,"1;3;5;9;12"
Root_11733,141.773219,30.149238,5,"0;3;5;9;12"
Root_11734,397.306234,49.726998,4,"3;5;9;12"
Root_11735,108.729482,25.807286,6,"0;1;2;5;9;12"
Root_11736,361.159578,46.085046,5,"1;2;5;9;12"
Root_11737,150.044771,31.136886,5,"0;2;5;9;12"
Root_11738,407.553082,50.714646,4,"2;5;9;12"
Root_11739,107.407242,26.733206,5,"0;1;5;9;12"
Root_11740,365.392858,47.010966,4,"1;5;9;12"
Root_11741,153.352131,32.062806,4,"0;5;9;12"
Root_11742,412.712282,51.640566,3,"5;9;12"
Root_11743,112.083955,23.214710,7,"0;1;2;3;4;9;12"
Root_11744,342.173306,43.492470,6,"1;2;3;4;9;12"
Root_11745,138.473834,28.544310,6,"0;2;3;4;9;12"
Root_11746,385.974234,48.122070,5,"2;3;4;9;12"
Root_11747,108.909875,24.140630,6,"0;1;3;4;9;12"
Root_11748,345.480666,44.418390,5,"1;3;4;9;12"
Root_11749,137.621824,29.470230,5,"0;3;4;9;12"
Root_11750,390.207514,49.047990,4,"3;4;9;12"
Root_11751,110.885171,25.128278,6,"0;1;2;4;9;12"
Root_11752,354.369498,45.406038,5,"1;2;4;9;12"
Root_11753,143.933699,30.457878,5,"0;2;4;9;12"
Root_11754,400.083994,50.035638,4,"2;4;9;12"
Root_11755,108.637011,26.054198,5,"0;1;4;9;12"
Root_11756,358.602778,46.331958,4,"1;4;9;12"
Root_11757,147.241059,31.383798,4,"0;4;9;12"
Root_11758,405.243194,50.961558,3,"4;9;12"
Root_11759,111.811091,25.436918,6,"0;1;2;3;9;12"
Root_11760,357.455898,45.714678,5,"1;2;3;9;12"
Root_11761,146.711459,30.766518,5,"0;2;3;9;12"
Root_11762,403.479034,50.344278,4,"2;3;9;12"
Root_11763,109.562931,26.362838,5,"0;1;3;9;12"
Root_11764,361.689178,46.640598,4,"1;3;9;12"
Root_11765,150.018819,31.692438,4,"0;3;9;12"
Root_11766,408.638234,51.270198,3,"3;9;12"
Root_11767,113.226848,27.350486,5,"0;1;2;9;12"
Root_11768,371.565658,47.628246,4,"1;2;9;12"
Root_11769,158.907651,32.680086,4,"0;2;9;12"
Root_11770,419.502362,52.257846,3,"2;9;12"
Root_11771,113.756448,28.276406,4,"0;1;9;12"
Root_11772,376.724858,48.554166,3,"1;9;12"
Root_11773,163.746938,33.606006,3,"0;9;12"
Root_11774,425.587482,53.183766,2,"9;12"
Root_11775,68.449456,14.183904,10,"0;1;2;3;4;5;6;7;8;12"
Root_11776,281.776240,34.461664,9,"1;2;3;4;5;6;7;8;12"
Root_11777,100.694928,19.513504,9,"0;2;3;4;5;6;7;8;12"
Root_11778,316.546362,39.091264,8,"2;3;4;5;6;7;8;12"
Root_11779,66.239632,15.109824,9,"0;1;3;4;5;6;7;8;12"
Root_11780,282.305840,35.387584,8,"1;3;4;5;6;7;8;12"
Root_11781,97.520848,20.439424,8,"0;3;4;5;6;7;8;12"
Root_11782,318.001882,40.017184,7,"3;4;5;6;7;8;12"
Root_11783,71.930992,16.097472,9,"0;1;2;4;5;6;7;8;12"
Root_11784,288.602096,36.375232,8,"1;2;4;5;6;7;8;12"
Root_11785,101.496144,21.427072,8,"0;2;4;5;6;7;8;12"
Root_11786,325.285786,41.004832,7,"2;4;5;6;7;8;12"
Root_11787,67.830992,17.023392,8,"0;1;4;5;6;7;8;12"
Root_11788,290.057616,37.301152,7,"1;4;5;6;7;8;12"
Root_11789,99.247984,22.352992,7,"0;4;5;6;7;8;12"
Root_11790,327.667226,41.930752,6,"4;5;6;7;8;12"
Root_11791,67.239632,16.406112,9,"0;1;2;3;5;6;7;8;12"
Root_11792,291.071216,36.683872,8,"1;2;3;5;6;7;8;12"
Root_11793,101.157776,21.735712,8,"0;2;3;5;6;7;8;12"
Root_11794,328.063546,41.313472,7,"2;3;5;6;7;8;12"
Root_11795,63.139632,17.332032,8,"0;1;3;5;6;7;8;12"
Root_11796,292.526736,37.609792,7,"1;3;5;6;7;8;12"
Root_11797,99.835536,22.661632,7,"0;3;5;6;7;8;12"
Root_11798,330.444986,42.239392,6,"3;5;6;7;8;12"
Root_11799,69.446960,18.319680,8,"0;1;2;5;6;7;8;12"
Root_11800,299.810640,38.597440,7,"1;2;5;6;7;8;12"
Root_11801,103.786128,23.649280,7,"0;2;5;6;7;8;12"
Root_11802,338.716538,43.227040,6,"2;5;6;7;8;12"
Root_11803,67.198800,19.245600,7,"0;1;5;6;7;8;12"
Root_11804,302.192080,39.523360,6,"1;5;6;7;8;12"
Root_11805,103.389808,24.575200,6,"0;5;6;7;8;12"
Root_11806,342.023898,44.152960,5,"5;6;7;8;12"
Root_11807,75.622256,15.727104,9,"0;1;2;3;4;6;7;8;12"
Root_11808,286.009520,36.004864,8,"1;2;3;4;6;7;8;12"
Root_11809,106.706032,21.056704,8,"0;2;3;4;6;7;8;12"
Root_11810,322.322842,40.634464,7,"2;3;4;6;7;8;12"
Root_11811,71.869232,16.653024,8,"0;1;3;4;6;7;8;12"
Root_11812,287.465040,36.930784,7,"1;3;4;6;7;8;12"
Root_11813,104.457872,21.982624,7,"0;3;4;6;7;8;12"
Root_11814,324.704282,41.560384,6,"3;4;6;7;8;12"
Root_11815,77.560592,17.640672,8,"0;1;2;4;6;7;8;12"
Root_11816,294.378576,37.918432,7,"1;2;4;6;7;8;12"
Root_11817,107.450544,22.970272,7,"0;2;4;6;7;8;12"
Root_11818,332.605466,42.548032,6,"2;4;6;7;8;12"
Root_11819,74.027184,18.566592,7,"0;1;4;6;7;8;12"
Root_11820,296.760016,38.844352,6,"1;4;6;7;8;12"
Root_11821,106.098576,23.896192,6,"0;4;6;7;8;12"
Root_11822,335.912826,43.473952,5,"4;6;7;8;12"
Root_11823,72.869232,17.949312,8,"0;1;2;3;6;7;8;12"
Root_11824,296.847696,38.227072,7,"1;2;3;6;7;8;12"
Root_11825,108.655376,23.278912,7,"0;2;3;6;7;8;12"
Root_11826,335.383226,42.856672,6,"2;3;6;7;8;12"
Root_11827,70.519696,18.875232,7,"0;1;3;6;7;8;12"
Root_11828,299.229136,39.152992,6,"1;3;6;7;8;12"
Root_11829,107.333136,24.204832,6,"0;3;6;7;8;12"
Root_11830,338.690586,43.782592,5,"3;6;7;8;12"
Root_11831,76.619760,19.862880,7,"0;1;2;6;7;8;12"
Root_11832,307.130320,40.140640,6,"1;2;6;7;8;12"
Root_11833,111.283728,25.192480,6,"0;2;6;7;8;12"
Root_11834,347.579418,44.770240,5,"2;6;7;8;12"
Root_11835,74.371600,20.788800,6,"0;1;6;7;8;12"
Root_11836,310.437680,41.066560,5,"1;6;7;8;12"
Root_11837,110.887408,26.118400,5,"0;6;7;8;12"
Root_11838,351.812698,45.696160,4,"6;7;8;12"
Root_11839,77.844458,16.609814,9,"0;1;2;3;4;5;7;8;12"
Root_11840,292.904538,36.887574,8,"1;2;3;4;5;7;8;12"
Root_11841,109.440576,21.939414,8,"0;2;3;4;5;7;8;12"
Root_11842,330.100570,41.517174,7,"2;3;4;5;7;8;12"
Root_11843,73.744458,17.535734,8,"0;1;3;4;5;7;8;12"
Root_11844,294.360058,37.813494,7,"1;3;4;5;7;8;12"
Root_11845,107.192416,22.865334,7,"0;3;4;5;7;8;12"
Root_11846,332.482010,42.443094,6,"3;4;5;7;8;12"
Root_11847,79.732106,18.523382,8,"0;1;2;4;5;7;8;12"
Root_11848,301.643962,38.801142,7,"1;2;4;5;7;8;12"
Root_11849,110.155360,23.852982,7,"0;2;4;5;7;8;12"
Root_11850,340.753562,43.430742,6,"2;4;5;7;8;12"
Root_11851,76.558026,19.449302,7,"0;1;4;5;7;8;12"
Root_11852,304.025402,39.727062,6,"1;4;5;7;8;12"
Root_11853,108.833120,24.778902,6,"0;4;5;7;8;12"
Root_11854,344.060922,44.356662,5,"4;5;7;8;12"
Root_11855,76.181408,18.832022,8,"0;1;2;3;5;7;8;12"
Root_11856,304.421722,39.109782,7,"1;2;3;5;7;8;12"
Root_11857,111.698560,24.161622,7,"0;2;3;5;7;8;12"
Root_11858,343.839962,43.739382,6,"2;3;5;7;8;12"
Root_11859,73.933248,19.757942,7,"0;1;3;5;7;8;12"
Root_11860,306.803162,40.035702,6,"1;3;5;7;8;12"
Root_11861,110.376320,25.087542,6,"0;3;5;7;8;12"
Root_11862,347.147322,44.665302,5,"3;5;7;8;12"
Root_11863,79.150602,20.745590,7,"0;1;2;5;7;8;12"
Root_11864,315.074714,41.023350,6,"1;2;5;7;8;12"
Root_11865,114.697280,26.075190,6,"0;2;5;7;8;12"
Root_11866,356.406522,45.652950,5,"2;5;7;8;12"
Root_11867,77.573952,21.671510,6,"0;1;5;7;8;12"
Root_11868,318.382074,41.949270,5,"1;5;7;8;12"
Root_11869,114.302070,27.001110,5,"0;5;7;8;12"
Root_11870,360.639802,46.578870,4,"5;7;8;12"
Root_11871,84.077802,18.153014,8,"0;1;2;3;4;7;8;12"
Root_11872,298.681018,38.430774,7,"1;2;3;4;7;8;12"
Root_11873,115.191274,23.482614,7,"0;2;3;4;7;8;12"
Root_11874,337.420250,43.060374,6,"2;3;4;7;8;12"
Root_11875,80.903722,19.078934,7,"0;1;3;4;7;8;12"
Root_11876,301.062458,39.356694,6,"1;3;4;7;8;12"
Root_11877,112.943114,24.408534,6,"0;3;4;7;8;12"
Root_11878,340.727610,43.986294,5,"3;4;7;8;12"
Root_11879,85.812435,20.066582,7,"0;1;2;4;7;8;12"
Root_11880,308.963642,40.344342,6,"1;2;4;7;8;12"
Root_11881,115.906058,25.396182,6,"0;2;4;7;8;12"
Root_11882,349.616442,44.973942,5,"2;4;7;8;12"
Root_11883,82.638355,20.992502,6,"0;1;4;7;8;12"
Root_11884,312.271002,41.270262,5,"1;4;7;8;12"
Root_11885,114.583818,26.322102,5,"0;4;7;8;12"
Root_11886,353.849722,45.899862,4,"4;7;8;12"
Root_11887,83.804938,20.375222,7,"0;1;2;3;7;8;12"
Root_11888,311.741402,40.652982,6,"1;2;3;7;8;12"
Root_11889,117.140618,25.704822,6,"0;2;3;7;8;12"
Root_11890,352.702842,45.282582,5,"2;3;7;8;12"
Root_11891,81.857920,21.301142,6,"0;1;3;7;8;12"
Root_11892,315.048762,41.578902,5,"1;3;7;8;12"
Root_11893,115.818378,26.630742,5,"0;3;7;8;12"
Root_11894,356.936122,46.208502,4,"3;7;8;12"
Root_11895,86.519722,22.288790,6,"0;1;2;7;8;12"
Root_11896,323.937594,42.566550,5,"1;2;7;8;12"
Root_11897,120.387360,27.618390,5,"0;2;7;8;12"
Root_11898,366.812602,47.196150,4,"2;7;8;12"
Root_11899,85.412192,23.214710,5,"0;1;7;8;12"
Root_11900,328.170874,43.492470,4,"1;7;8;12"
Root_11901,120.916960,28.544310,4,"0;7;8;12"
Root_11902,371.971802,48.122070,3,"7;8;12"
Root_11903,81.338384,17.208576,9,"0;1;2;3;4;5;6;8;12"
Root_11904,298.892154,37.486336,8,"1;2;3;4;5;6;8;12"
Root_11905,114.280058,22.538176,8,"0;2;3;4;5;6;8;12"
Root_11906,336.686947,42.115936,7,"2;3;4;5;6;8;12"
Root_11907,77.372880,18.134496,8,"0;1;3;4;5;6;8;12"
Root_11908,300.347674,38.412256,7,"1;3;4;5;6;8;12"
Root_11909,112.031898,23.464096,7,"0;3;4;5;6;8;12"
Root_11910,339.068387,43.041856,6,"3;4;5;6;8;12"
Root_11911,83.226032,19.122144,8,"0;1;2;4;5;6;8;12"
Root_11912,307.631578,39.399904,7,"1;2;4;5;6;8;12"
Root_11913,114.994842,24.451744,7,"0;2;4;5;6;8;12"
Root_11914,347.339939,44.029504,6,"2;4;5;6;8;12"
Root_11915,80.051952,20.048064,7,"0;1;4;5;6;8;12"
Root_11916,310.013018,40.325824,6,"1;4;5;6;8;12"
Root_11917,113.672602,25.377664,6,"0;4;5;6;8;12"
Root_11918,350.647299,44.955424,5,"4;5;6;8;12"
Root_11919,80.274096,19.430784,8,"0;1;2;3;5;6;8;12"
Root_11920,310.409338,39.708544,7,"1;2;3;5;6;8;12"
Root_11921,116.538042,24.760384,7,"0;2;3;5;6;8;12"
Root_11922,350.426339,44.338144,6,"2;3;5;6;8;12"
Root_11923,78.025936,20.356704,7,"0;1;3;5;6;8;12"
Root_11924,312.790778,40.634464,6,"1;3;5;6;8;12"
Root_11925,115.215802,25.686304,6,"0;3;5;6;8;12"
Root_11926,353.733699,45.264064,5,"3;5;6;8;12"
Root_11927,82.988880,21.344352,7,"0;1;2;5;6;8;12"
Root_11928,321.062330,41.622112,6,"1;2;5;6;8;12"
Root_11929,119.536762,26.673952,6,"0;2;5;6;8;12"
Root_11930,362.992899,46.251712,5,"2;5;6;8;12"
Root_11931,81.666640,22.270272,6,"0;1;5;6;8;12"
Root_11932,324.369690,42.548032,5,"1;5;6;8;12"
Root_11933,119.740314,27.599872,5,"0;5;6;8;12"
Root_11934,367.226179,47.177632,4,"5;6;8;12"
Root_11935,87.719760,18.751776,8,"0;1;2;3;4;6;8;12"
Root_11936,304.668634,39.029536,7,"1;2;3;4;6;8;12"
Root_11937,119.431994,24.081376,7,"0;2;3;4;6;8;12"
Root_11938,344.006627,43.659136,6,"2;3;4;6;8;12"
Root_11939,84.545680,19.677696,7,"0;1;3;4;6;8;12"
Root_11940,307.050074,39.955456,6,"1;3;4;6;8;12"
Root_11941,117.183834,25.007296,6,"0;3;4;6;8;12"
Root_11942,347.313987,44.585056,5,"3;4;6;8;12"
Root_11943,88.855632,20.665344,7,"0;1;2;4;6;8;12"
Root_11944,314.951258,40.943104,6,"1;2;4;6;8;12"
Root_11945,120.146778,25.994944,6,"0;2;4;6;8;12"
Root_11946,356.202819,45.572704,5,"2;4;6;8;12"
Root_11947,86.272816,21.591264,6,"0;1;4;6;8;12"
Root_11948,318.258618,41.869024,5,"1;4;6;8;12"
Root_11949,118.824538,26.920864,5,"0;4;6;8;12"
Root_11950,360.436099,46.498624,4,"4;6;8;12"
Root_11951,87.446896,20.973984,7,"0;1;2;3;6;8;12"
Root_11952,317.729018,41.251744,6,"1;2;3;6;8;12"
Root_11953,121.381338,26.303584,6,"0;2;3;6;8;12"
Root_11954,359.289219,45.881344,5,"2;3;6;8;12"
Root_11955,86.098640,21.899904,6,"0;1;3;6;8;12"
Root_11956,321.036378,42.177664,5,"1;3;6;8;12"
Root_11957,120.288602,27.229504,5,"0;3;6;8;12"
Root_11958,363.522499,46.807264,4,"3;6;8;12"
Root_11959,90.161680,22.887552,6,"0;1;2;6;8;12"
Root_11960,329.925210,43.165312,5,"1;2;6;8;12"
Root_11961,125.226842,28.217152,5,"0;2;6;8;12"
Root_11962,373.398979,47.794912,4,"2;6;8;12"
Root_11963,89.652912,23.813472,5,"0;1;6;8;12"
Root_11964,334.158490,44.091232,4,"1;6;8;12"
Root_11965,125.756442,29.143072,4,"0;6;8;12"
Root_11966,378.558179,48.720832,3,"6;8;12"
Root_11967,90.250602,19.634486,8,"0;1;2;3;4;5;8;12"
Root_11968,312.446362,39.912246,7,"1;2;3;4;5;8;12"
Root_11969,121.796170,24.964086,7,"0;2;3;4;5;8;12"
Root_11970,352.667066,44.541846,6,"2;3;4;5;8;12"
Root_11971,87.076522,20.560406,7,"0;1;3;4;5;8;12"
Root_11972,314.827802,40.838166,6,"1;3;4;5;8;12"
Root_11973,119.548010,25.890006,6,"0;3;4;5;8;12"
Root_11974,355.974426,45.467766,5,"3;4;5;8;12"
Root_11975,91.051818,21.548054,7,"0;1;2;4;5;8;12"
Root_11976,323.099354,41.825814,6,"1;2;4;5;8;12"
Root_11977,122.881322,26.877654,6,"0;2;4;5;8;12"
Root_11978,365.233626,46.455414,5,"2;4;5;8;12"
Root_11979,88.803658,22.473974,6,"0;1;4;5;8;12"
Root_11980,326.406714,42.751734,5,"1;4;5;8;12"
Root_11981,122.362656,27.803574,5,"0;4;5;8;12"
Root_11982,369.466906,47.381334,4,"4;5;8;12"
Root_11983,90.834432,21.856694,7,"0;1;2;3;5;8;12"
Root_11984,326.185754,42.134454,6,"1;2;3;5;8;12"
Root_11985,124.610816,27.186294,6,"0;2;3;5;8;12"
Root_11986,368.628666,46.764054,5,"2;3;5;8;12"
Root_11987,89.512192,22.782614,6,"0;1;3;5;8;12"
Root_11988,329.493114,43.060374,5,"1;3;5;8;12"
Root_11989,124.214496,28.112214,5,"0;3;5;8;12"
Root_11990,372.861946,47.689974,4,"3;5;8;12"
Root_11991,93.462784,23.770262,6,"0;1;2;5;8;12"
Root_11992,338.752314,44.048022,5,"1;2;5;8;12"
Root_11993,129.622966,29.099862,5,"0;2;5;8;12"
Root_11994,383.108794,48.677622,4,"2;5;8;12"
Root_11995,93.066464,24.696182,5,"0;1;5;8;12"
Root_11996,342.985594,44.973942,4,"1;5;8;12"
Root_11997,131.130051,30.025782,4,"0;5;8;12"
Root_11998,388.267994,49.603542,3,"5;8;12"
Root_11999,96.261706,21.177686,7,"0;1;2;3;4;8;12"
Root_12000,319.766042,41.455446,6,"1;2;3;4;8;12"
Root_12001,124.892563,26.507286,6,"0;2;3;4;8;12"
Root_12002,361.529946,46.085046,5,"2;3;4;8;12"
Root_12003,94.013546,22.103606,6,"0;1;3;4;8;12"
Root_12004,323.073402,42.381366,5,"1;3;4;8;12"
Root_12005,123.077610,27.433206,5,"0;3;4;8;12"
Root_12006,365.763226,47.010966,4,"3;4;8;12"
Root_12007,96.976490,23.091254,6,"0;1;2;4;8;12"
Root_12008,331.962234,43.369014,5,"1;2;4;8;12"
Root_12009,127.028202,28.420854,5,"0;2;4;8;12"
Root_12010,375.639706,47.998614,4,"2;4;8;12"
Root_12011,95.654250,24.017174,5,"0;1;4;8;12"
Root_12012,336.195514,44.294934,4,"1;4;8;12"
Root_12013,126.978656,29.346774,4,"0;4;8;12"
Root_12014,380.798906,48.924534,3,"4;8;12"
Root_12015,98.211050,23.399894,6,"0;1;2;3;8;12"
Root_12016,335.048634,43.677654,5,"1;2;3;8;12"
Root_12017,128.571402,28.729494,5,"0;2;3;8;12"
Root_12018,379.034746,48.307254,4,"2;3;8;12"
Root_12019,96.888810,24.325814,5,"0;1;3;8;12"
Root_12020,339.281914,44.603574,4,"1;3;8;12"
Root_12021,128.830496,29.655414,4,"0;3;8;12"
Root_12022,384.193946,49.233174,3,"3;8;12"
Root_12023,100.839402,25.313462,5,"0;1;2;8;12"
Root_12024,349.158394,45.591222,4,"1;2;8;12"
Root_12025,136.685571,30.643062,4,"0;2;8;12"
Root_12026,395.058074,50.220822,3,"2;8;12"
Root_12027,100.443082,26.239382,4,"0;1;8;12"
Root_12028,354.317594,46.517142,3,"1;8;12"
Root_12029,140.918851,31.568982,3,"0;8;12"
Root_12030,401.143194,51.146742,2,"8;12"
Root_12031,88.176528,18.813504,9,"0;1;2;3;4;5;6;7;12"
Root_12032,316.546362,39.091264,8,"1;2;3;4;5;6;7;12"
Root_12033,123.749114,24.143104,8,"0;2;3;4;5;6;7;12"
Root_12034,355.946083,43.720864,7,"2;3;4;5;6;7;12"
Root_12035,85.002448,19.739424,8,"0;1;3;4;5;6;7;12"
Root_12036,318.001882,40.017184,7,"1;3;4;5;6;7;12"
Root_12037,121.500954,25.069024,7,"0;3;4;5;6;7;12"
Root_12038,358.327523,44.646784,6,"3;4;5;6;7;12"
Root_12039,89.250672,20.727072,8,"0;1;2;4;5;6;7;12"
Root_12040,325.285786,41.004832,7,"1;2;4;5;6;7;12"
Root_12041,124.834266,26.056672,7,"0;2;4;5;6;7;12"
Root_12042,366.599075,45.634432,6,"2;4;5;6;7;12"
Root_12043,86.729584,21.652992,7,"0;1;4;5;6;7;12"
Root_12044,327.667226,41.930752,6,"1;4;5;6;7;12"
Root_12045,123.512026,26.982592,6,"0;4;5;6;7;12"
Root_12046,369.906435,46.560352,5,"4;5;6;7;12"
Root_12047,87.939376,21.035712,8,"0;1;2;3;5;6;7;12"
Root_12048,328.063546,41.313472,7,"1;2;3;5;6;7;12"
Root_12049,126.377466,26.365312,7,"0;2;3;5;6;7;12"
Root_12050,369.685475,45.943072,6,"2;3;5;6;7;12"
Root_12051,86.617136,21.961632,7,"0;1;3;5;6;7;12"
Root_12052,330.444986,42.239392,6,"1;3;5;6;7;12"
Root_12053,125.637690,27.291232,6,"0;3;5;6;7;12"
Root_12054,372.992835,46.868992,5,"3;5;6;7;12"
Root_12055,90.618448,22.949280,7,"0;1;2;5;6;7;12"
Root_12056,338.716538,43.227040,6,"1;2;5;6;7;12"
Root_12057,131.933946,28.278880,6,"0;2;5;6;7;12"
Root_12058,382.252035,47.856640,5,"2;5;6;7;12"
Root_12059,90.171408,23.875200,6,"0;1;5;6;7;12"
Root_12060,342.023898,44.152960,5,"1;5;6;7;12"
Root_12061,133.389466,29.204800,5,"0;5;6;7;12"
Root_12062,386.485315,48.782560,4,"5;6;7;12"
Root_12063,94.349328,20.356704,8,"0;1;2;3;4;6;7;12"
Root_12064,322.322842,40.634464,7,"1;2;3;4;6;7;12"
Root_12065,127.666490,25.686304,7,"0;2;3;4;6;7;12"
Root_12066,363.265763,45.264064,6,"2;3;4;6;7;12"
Root_12067,91.457872,21.282624,7,"0;1;3;4;6;7;12"
Root_12068,324.704282,41.560384,6,"1;3;4;6;7;12"
Root_12069,125.418330,26.612224,6,"0;3;4;6;7;12"
Root_12070,366.573123,46.189984,5,"3;4;6;7;12"
Root_12071,95.150544,22.270272,7,"0;1;2;4;6;7;12"
Root_12072,332.605466,42.548032,6,"1;2;4;6;7;12"
Root_12073,129.581018,27.599872,6,"0;2;4;6;7;12"
Root_12074,375.461955,47.177632,5,"2;4;6;7;12"
Root_12075,93.098576,23.196192,6,"0;1;4;6;7;12"
Root_12076,335.912826,43.473952,5,"1;4;6;7;12"
Root_12077,130.110618,28.525792,5,"0;4;6;7;12"
Root_12078,379.695235,48.103552,4,"4;6;7;12"
Root_12079,95.655376,22.578912,7,"0;1;2;3;6;7;12"
Root_12080,335.383226,42.856672,6,"1;2;3;6;7;12"
Root_12081,131.432858,27.908512,6,"0;2;3;6;7;12"
Root_12082,378.548355,47.486272,5,"2;3;6;7;12"
Root_12083,94.333136,23.504832,6,"0;1;3;6;7;12"
Root_12084,338.690586,43.782592,5,"1;3;6;7;12"
Root_12085,131.962458,28.834432,5,"0;3;6;7;12"
Root_12086,382.781635,48.412192,4,"3;6;7;12"
Root_12087,98.283728,24.492480,6,"0;1;2;6;7;12"
Root_12088,347.579418,44.770240,5,"1;2;6;7;12"
Root_12089,137.888346,29.822080,5,"0;2;6;7;12"
Root_12090,392.658115,49.399840,4,"2;6;7;12"
Root_12091,97.887408,25.418400,5,"0;1;6;7;12"
Root_12092,351.812698,45.696160,4,"1;6;7;12"
Root_12093,140.839866,30.748000,4,"0;6;7;12"
Root_12094,397.817315,50.325760,3,"6;7;12"
Root_12095,96.718474,21.239414,8,"0;1;2;3;4;5;7;12"
Root_12096,330.100570,41.517174,7,"1;2;3;4;5;7;12"
Root_12097,130.030666,26.569014,7,"0;2;3;4;5;7;12"
Root_12098,371.926202,46.146774,6,"2;3;4;5;7;12"
Root_12099,94.470314,22.165334,7,"0;1;3;4;5;7;12"
Root_12100,332.482010,42.443094,6,"1;3;4;5;7;12"
Root_12101,128.772374,27.494934,6,"0;3;4;5;7;12"
Root_12102,375.233562,47.072694,5,"3;4;5;7;12"
Root_12103,97.433258,23.152982,7,"0;1;2;4;5;7;12"
Root_12104,340.753562,43.430742,6,"1;2;4;5;7;12"
Root_12105,134.080982,28.482582,6,"0;2;4;5;7;12"
Root_12106,384.492762,48.060342,5,"2;4;5;7;12"
Root_12107,96.111018,24.078902,6,"0;1;4;5;7;12"
Root_12108,344.060922,44.356662,5,"1;4;5;7;12"
Root_12109,135.019085,29.408502,5,"0;4;5;7;12"
Root_12110,388.726042,48.986262,4,"4;5;7;12"
Root_12111,98.698560,23.461622,7,"0;1;2;3;5;7;12"
Root_12112,343.839962,43.739382,6,"1;2;3;5;7;12"
Root_12113,136.241462,28.791222,6,"0;2;3;5;7;12"
Root_12114,387.887802,48.368982,5,"2;3;5;7;12"
Root_12115,97.376320,24.387542,6,"0;1;3;5;7;12"
Root_12116,347.147322,44.665302,5,"1;3;5;7;12"
Root_12117,137.488205,29.717142,5,"0;3;5;7;12"
Root_12118,392.121082,49.294902,4,"3;5;7;12"
Root_12119,101.697280,25.375190,6,"0;1;2;5;7;12"
Root_12120,356.406522,45.652950,5,"1;2;5;7;12"
Root_12121,145.476899,30.704790,5,"0;2;5;7;12"
Root_12122,402.367930,50.282550,4,"2;5;7;12"
Root_12123,101.300960,26.301110,5,"0;1;5;7;12"
Root_12124,360.639802,46.578870,4,"1;5;7;12"
Root_12125,148.784259,31.630710,4,"0;5;7;12"
Root_12126,407.527130,51.208470,3,"5;7;12"
Root_12127,102.891274,22.782614,7,"0;1;2;3;4;7;12"
Root_12128,337.420250,43.060374,6,"1;2;3;4;7;12"
Root_12129,133.746560,28.112214,6,"0;2;3;4;7;12"
Root_12130,380.789082,47.689974,5,"2;3;4;7;12"
Root_12131,100.643114,23.708534,6,"0;1;3;4;7;12"
Root_12132,340.727610,43.986294,5,"1;3;4;7;12"
Root_12133,133.388374,29.038134,5,"0;3;4;7;12"
Root_12134,385.022362,48.615894,4,"3;4;7;12"
Root_12135,103.606058,24.696182,6,"0;1;2;4;7;12"
Root_12136,349.616442,44.973942,5,"1;2;4;7;12"
Root_12137,139.365827,30.025782,5,"0;2;4;7;12"
Root_12138,394.898842,49.603542,4,"2;4;7;12"
Root_12139,102.283818,25.622102,5,"0;1;4;7;12"
Root_12140,353.849722,45.899862,4,"1;4;7;12"
Root_12141,142.673187,30.951702,4,"0;4;7;12"
Root_12142,400.058042,50.529462,3,"4;7;12"
Root_12143,104.840618,25.004822,6,"0;1;2;3;7;12"
Root_12144,352.702842,45.282582,5,"1;2;3;7;12"
Root_12145,142.143587,30.334422,5,"0;2;3;7;12"
Root_12146,398.293882,49.912182,4,"2;3;7;12"
Root_12147,103.518378,25.930742,5,"0;1;3;7;12"
Root_12148,356.936122,46.208502,4,"1;3;7;12"
Root_12149,145.450947,31.260342,4,"0;3;7;12"
Root_12150,403.453082,50.838102,3,"3;7;12"
Root_12151,107.468970,26.918390,5,"0;1;2;7;12"
Root_12152,366.812602,47.196150,4,"1;2;7;12"
Root_12153,154.339779,32.247990,4,"0;2;7;12"
Root_12154,414.317210,51.825750,3,"2;7;12"
Root_12155,108.761270,27.844310,4,"0;1;7;12"
Root_12156,371.971802,48.122070,3,"1;7;12"
Root_12157,158.746970,33.173910,3,"0;7;12"
Root_12158,420.402330,52.751670,2,"7;12"
Root_12159,101.280058,21.838176,8,"0;1;2;3;4;5;6;12"
Root_12160,336.686947,42.115936,7,"1;2;3;4;5;6;12"
Root_12161,135.205699,27.167776,7,"0;2;3;4;5;6;12"
Root_12162,379.111341,46.745536,6,"2;3;4;5;6;12"
Root_12163,99.031898,22.764096,7,"0;1;3;4;5;6;12"
Root_12164,339.068387,43.041856,6,"1;3;4;5;6;12"
Root_12165,134.809379,28.093696,6,"0;3;4;5;6;12"
Root_12166,382.418701,47.671456,5,"3;4;5;6;12"
Root_12167,101.994842,23.751744,7,"0;1;2;4;5;6;12"
Root_12168,347.339939,44.029504,6,"1;2;4;5;6;12"
Root_12169,140.117987,29.081344,6,"0;2;4;5;6;12"
Root_12170,391.677901,48.659104,5,"2;4;5;6;12"
Root_12171,100.672602,24.677664,6,"0;1;4;5;6;12"
Root_12172,350.647299,44.955424,5,"1;4;5;6;12"
Root_12173,140.662115,30.007264,5,"0;4;5;6;12"
Root_12174,395.911181,49.585024,4,"4;5;6;12"
Root_12175,103.538042,24.060384,7,"0;1;2;3;5;6;12"
Root_12176,350.426339,44.338144,6,"1;2;3;5;6;12"
Root_12177,142.278467,29.389984,6,"0;2;3;5;6;12"
Root_12178,395.072941,48.967744,5,"2;3;5;6;12"
Root_12179,102.215802,24.986304,6,"0;1;3;5;6;12"
Root_12180,353.733699,45.264064,5,"1;3;5;6;12"
Root_12181,143.439875,30.315904,5,"0;3;5;6;12"
Root_12182,399.306221,49.893664,4,"3;5;6;12"
Root_12183,106.536762,25.973952,6,"0;1;2;5;6;12"
Root_12184,362.992899,46.251712,5,"1;2;5;6;12"
Root_12185,151.711427,31.303552,5,"0;2;5;6;12"
Root_12186,409.553069,50.881312,4,"2;5;6;12"
Root_12187,106.140442,26.899872,5,"0;1;5;6;12"
Root_12188,367.226179,47.177632,4,"1;5;6;12"
Root_12189,155.018787,32.229472,4,"0;5;6;12"
Root_12190,414.712269,51.807232,3,"5;6;12"
Root_12191,107.131994,23.381376,7,"0;1;2;3;4;6;12"
Root_12192,344.006627,43.659136,6,"1;2;3;4;6;12"
Root_12193,139.184803,28.710976,6,"0;2;3;4;6;12"
Root_12194,387.974221,48.288736,5,"2;3;4;6;12"
Root_12195,104.883834,24.307296,6,"0;1;3;4;6;12"
Root_12196,347.313987,44.585056,5,"1;3;4;6;12"
Root_12197,138.788483,29.636896,5,"0;3;4;6;12"
Root_12198,392.207501,49.214656,4,"3;4;6;12"
Root_12199,107.846778,25.294944,6,"0;1;2;4;6;12"
Root_12200,356.202819,45.572704,5,"1;2;4;6;12"
Root_12201,145.600355,30.624544,5,"0;2;4;6;12"
Root_12202,402.083981,50.202304,4,"2;4;6;12"
Root_12203,106.524538,26.220864,5,"0;1;4;6;12"
Root_12204,360.436099,46.498624,4,"1;4;6;12"
Root_12205,148.907715,31.550464,4,"0;4;6;12"
Root_12206,407.243181,51.128224,3,"4;6;12"
Root_12207,109.081338,25.603584,6,"0;1;2;3;6;12"
Root_12208,359.289219,45.881344,5,"1;2;3;6;12"
Root_12209,148.378115,30.933184,5,"0;2;3;6;12"
Root_12210,405.479021,50.510944,4,"2;3;6;12"
Root_12211,107.759098,26.529504,5,"0;1;3;6;12"
Root_12212,363.522499,46.807264,4,"1;3;6;12"
Root_12213,151.685475,31.859104,4,"0;3;6;12"
Root_12214,410.638221,51.436864,3,"3;6;12"
Root_12215,112.743994,27.517152,5,"0;1;2;6;12"
Root_12216,373.398979,47.794912,4,"1;2;6;12"
Root_12217,160.574307,32.846752,4,"0;2;6;12"
Root_12218,421.502349,52.424512,3,"2;6;12"
Root_12219,114.199514,28.443072,4,"0;1;6;12"
Root_12220,378.558179,48.720832,3,"1;6;12"
Root_12221,165.580259,33.772672,3,"0;6;12"
Root_12222,427.587469,53.350432,2,"6;12"
Root_12223,109.496170,24.264086,7,"0;1;2;3;4;5;12"
Root_12224,352.667066,44.541846,6,"1;2;3;4;5;12"
Root_12225,143.908086,29.593686,6,"0;2;3;4;5;12"
Root_12226,397.517370,49.171446,5,"2;3;4;5;12"
Root_12227,107.248010,25.190006,6,"0;1;3;4;5;12"
Root_12228,355.974426,45.467766,5,"1;3;4;5;12"
Root_12229,145.476899,30.519606,5,"0;3;4;5;12"
Root_12230,401.750650,50.097366,4,"3;4;5;12"
Root_12231,110.581322,26.177654,6,"0;1;2;4;5;12"
Root_12232,365.233626,46.455414,5,"1;2;4;5;12"
Root_12233,153.748451,31.507254,5,"0;2;4;5;12"
Root_12234,411.997498,51.085014,4,"2;4;5;12"
Root_12235,109.466230,27.103574,5,"0;1;4;5;12"
Root_12236,369.466906,47.381334,4,"1;4;5;12"
Root_12237,157.055811,32.433174,4,"0;4;5;12"
Root_12238,417.156698,52.010934,3,"4;5;12"
Root_12239,112.124522,26.486294,6,"0;1;2;3;5;12"
Root_12240,368.628666,46.764054,5,"1;2;3;5;12"
Root_12241,156.834851,31.815894,5,"0;2;3;5;12"
Root_12242,415.701178,51.393654,4,"2;3;5;12"
Root_12243,111.626710,27.412214,5,"0;1;3;5;12"
Root_12244,372.861946,47.689974,4,"1;3;5;12"
Root_12245,160.142211,32.741814,4,"0;3;5;12"
Root_12246,420.860378,52.319574,3,"3;5;12"
Root_12247,117.922966,28.399862,5,"0;1;2;5;12"
Root_12248,383.108794,48.677622,4,"1;2;5;12"
Root_12249,170.130874,33.729462,4,"0;2;5;12"
Root_12250,432.094874,53.307222,3,"2;5;12"
Root_12251,119.704269,29.325782,4,"0;1;5;12"
Root_12252,388.267994,49.603542,3,"1;5;12"
Root_12253,175.290074,34.655382,3,"0;5;12"
Root_12254,438.179994,54.233142,2,"5;12"
Root_12255,113.292563,25.807286,6,"0;1;2;3;4;12"
Root_12256,361.529946,46.085046,5,"1;2;3;4;12"
Root_12257,150.415139,31.136886,5,"0;2;3;4;12"
Root_12258,407.923450,50.714646,4,"2;3;4;12"
Root_12259,111.044403,26.733206,5,"0;1;3;4;12"
Root_12260,365.763226,47.010966,4,"1;3;4;12"
Root_12261,153.722499,32.062806,4,"0;3;4;12"
Root_12262,413.082650,51.640566,3,"3;4;12"
Root_12263,115.449056,27.720854,5,"0;1;2;4;12"
Root_12264,375.639706,47.998614,4,"1;2;4;12"
Root_12265,162.661786,33.050454,4,"0;2;4;12"
Root_12266,423.946778,52.628214,3,"2;4;12"
Root_12267,115.978656,28.646774,4,"0;1;4;12"
Root_12268,380.798906,48.924534,3,"1;4;12"
Root_12269,167.820986,33.976374,3,"0;4;12"
Root_12270,430.031898,53.554134,2,"4;12"
Root_12271,117.300896,28.029494,5,"0;1;2;3;12"
Root_12272,379.034746,48.307254,4,"1;2;3;12"
Root_12273,166.056826,33.359094,4,"0;2;3;12"
Root_12274,427.650458,52.936854,3,"2;3;12"
Root_12275,117.830496,28.955414,4,"0;1;3;12"
Root_12276,384.193946,49.233174,3,"1;3;12"
Root_12277,171.216026,34.285014,3,"0;3;12"
Root_12278,433.735578,53.862774,2,"3;12"
Root_12279,124.699446,29.943062,4,"0;1;2;12"
Root_12280,395.058074,50.220822,3,"1;2;12"
Root_12281,182.080154,35.272662,3,"0;2;12"
Root_12282,445.587354,54.850422,2,"2;12"
Root_12283,129.687834,30.868982,3,"0;1;12"
Root_12284,401.143194,51.146742,2,"1;12"
Root_12285,188.165274,36.198582,2,"0;12"
Root_12286,452.598394,55.776342,1,"12"
Root_12287,59.653050,13.443168,12,"0;1;2;3;4;5;6;7;8;9;10;11"
Root_12288,292.831728,33.720928,11,"1;2;3;4;5;6;7;8;9;10;11"
Root_12289,103.839248,18.772768,11,"0;2;3;4;5;6;7;8;9;10;11"
Root_12290,327.561114,38.350528,10,"2;3;4;5;6;7;8;9;10;11"
Root_12291,58.883962,14.369088,11,"0;1;3;4;5;6;7;8;9;10;11"
Root_12292,292.209488,34.646848,10,"1;3;4;5;6;7;8;9;10;11"
Root_12293,101.365168,19.698688,10,"0;3;4;5;6;7;8;9;10;11"
Root_12294,327.864794,39.276448,9,"3;4;5;6;7;8;9;10;11"
Root_12295,65.750490,15.356736,11,"0;1;2;4;5;6;7;8;9;10;11"
Root_12296,297.579824,35.634496,10,"1;2;4;5;6;7;8;9;10;11"
Root_12297,106.641776,20.686336,10,"0;2;4;5;6;7;8;9;10;11"
Root_12298,334.222778,40.264096,9,"2;4;5;6;7;8;9;10;11"
Root_12299,63.993754,16.282656,10,"0;1;4;5;6;7;8;9;10;11"
Root_12300,297.883504,36.560416,9,"1;4;5;6;7;8;9;10;11"
Root_12301,104.167696,21.612256,9,"0;4;5;6;7;8;9;10;11"
Root_12302,335.452378,41.190016,8,"4;5;6;7;8;9;10;11"
Root_12303,61.845626,15.665376,11,"0;1;2;3;5;6;7;8;9;10;11"
Root_12304,300.048944,35.943136,10,"1;2;3;5;6;7;8;9;10;11"
Root_12305,105.562672,20.994976,10,"0;2;3;5;6;7;8;9;10;11"
Root_12306,337.000538,40.572736,9,"2;3;5;6;7;8;9;10;11"
Root_12307,59.780250,16.591296,10,"0;1;3;5;6;7;8;9;10;11"
Root_12308,300.352624,36.869056,9,"1;3;5;6;7;8;9;10;11"
Root_12309,104.014512,21.920896,9,"0;3;5;6;7;8;9;10;11"
Root_12310,338.230138,41.498656,8,"3;5;6;7;8;9;10;11"
Root_12311,67.586330,17.578944,10,"0;1;2;5;6;7;8;9;10;11"
Root_12312,306.710608,37.856704,9,"1;2;5;6;7;8;9;10;11"
Root_12313,108.056560,22.908544,9,"0;2;5;6;7;8;9;10;11"
Root_12314,345.575770,42.486304,8,"2;5;6;7;8;9;10;11"
Root_12315,65.617114,18.504864,9,"0;1;5;6;7;8;9;10;11"
Root_12316,307.940208,38.782624,8,"1;5;6;7;8;9;10;11"
Root_12317,107.342864,23.834464,8,"0;5;6;7;8;9;10;11"
Root_12318,347.731290,43.412224,7,"5;6;7;8;9;10;11"
Root_12319,68.039334,14.986368,11,"0;1;2;3;4;6;7;8;9;10;11"
Root_12320,295.295888,35.264128,10,"1;2;3;4;6;7;8;9;10;11"
Root_12321,111.555248,20.315968,10,"0;2;3;4;6;7;8;9;10;11"
Root_12322,331.568474,39.893728,9,"2;3;4;6;7;8;9;10;11"
Root_12323,66.639334,15.912288,10,"0;1;3;4;6;7;8;9;10;11"
Root_12324,295.599568,36.190048,9,"1;3;4;6;7;8;9;10;11"
Root_12325,109.081168,21.241888,9,"0;3;4;6;7;8;9;10;11"
Root_12326,332.798074,40.819648,8,"3;4;6;7;8;9;10;11"
Root_12327,74.305990,16.899936,10,"0;1;2;4;6;7;8;9;10;11"
Root_12328,301.587184,37.177696,9,"1;2;4;6;7;8;9;10;11"
Root_12329,112.814576,22.229536,9,"0;2;4;6;7;8;9;10;11"
Root_12330,339.773338,41.807296,8,"2;4;6;7;8;9;10;11"
Root_12331,71.831910,17.825856,9,"0;1;4;6;7;8;9;10;11"
Root_12332,302.816784,38.103616,8,"1;4;6;7;8;9;10;11"
Root_12333,110.495952,23.155456,8,"0;4;6;7;8;9;10;11"
Root_12334,341.928858,42.733216,7,"4;6;7;8;9;10;11"
Root_12335,70.231910,17.208576,10,"0;1;2;3;6;7;8;9;10;11"
Root_12336,304.056304,37.486336,9,"1;2;3;6;7;8;9;10;11"
Root_12337,113.278672,22.538176,9,"0;2;3;6;7;8;9;10;11"
Root_12338,342.551098,42.115936,8,"2;3;6;7;8;9;10;11"
Root_12339,67.892326,18.134496,9,"0;1;3;6;7;8;9;10;11"
Root_12340,305.285904,38.412256,8,"1;3;6;7;8;9;10;11"
Root_12341,111.730512,23.464096,8,"0;3;6;7;8;9;10;11"
Root_12342,344.706618,43.041856,7,"3;6;7;8;9;10;11"
Root_12343,75.720774,19.122144,9,"0;1;2;6;7;8;9;10;11"
Root_12344,312.261168,39.399904,8,"1;2;6;7;8;9;10;11"
Root_12345,115.681104,24.451744,8,"0;2;6;7;8;9;10;11"
Root_12346,352.669530,44.029504,7,"2;6;7;8;9;10;11"
Root_12347,74.172614,20.048064,8,"0;1;6;7;8;9;10;11"
Root_12348,314.416688,40.325824,7,"1;6;7;8;9;10;11"
Root_12349,115.058864,25.377664,7,"0;6;7;8;9;10;11"
Root_12350,355.750970,44.955424,6,"6;7;8;9;10;11"
Root_12351,72.620854,15.869078,11,"0;1;2;3;4;5;7;8;9;10;11"
Root_12352,301.882266,36.146838,10,"1;2;3;4;5;7;8;9;10;11"
Root_12353,114.586208,21.198678,10,"0;2;3;4;5;7;8;9;10;11"
Root_12354,339.037562,40.776438,9,"2;3;4;5;7;8;9;10;11"
Root_12355,70.351776,16.794998,10,"0;1;3;4;5;7;8;9;10;11"
Root_12356,302.185946,37.072758,9,"1;3;4;5;7;8;9;10;11"
Root_12357,112.112128,22.124598,9,"0;3;4;5;7;8;9;10;11"
Root_12358,340.267162,41.702358,8,"3;4;5;7;8;9;10;11"
Root_12359,78.327072,17.782646,10,"0;1;2;4;5;7;8;9;10;11"
Root_12360,308.543930,38.060406,9,"1;2;4;5;7;8;9;10;11"
Root_12361,115.075072,23.112246,9,"0;2;4;5;7;8;9;10;11"
Root_12362,347.612794,42.690006,8,"2;4;5;7;8;9;10;11"
Root_12363,75.852992,18.708566,9,"0;1;4;5;7;8;9;10;11"
Root_12364,309.773530,38.986326,8,"1;4;5;7;8;9;10;11"
Root_12365,113.526912,24.038166,8,"0;4;5;7;8;9;10;11"
Root_12366,349.768314,43.615926,7,"4;5;7;8;9;10;11"
Root_12367,74.344278,18.091286,10,"0;1;2;3;5;7;8;9;10;11"
Root_12368,311.321690,38.369046,9,"1;2;3;5;7;8;9;10;11"
Root_12369,116.834198,23.420886,9,"0;2;3;5;7;8;9;10;11"
Root_12370,350.699194,42.998646,8,"2;3;5;7;8;9;10;11"
Root_12371,72.796118,19.017206,9,"0;1;3;5;7;8;9;10;11"
Root_12372,312.551290,39.294966,8,"1;3;5;7;8;9;10;11"
Root_12373,115.286038,24.346806,8,"0;3;5;7;8;9;10;11"
Root_12374,352.854714,43.924566,7,"3;5;7;8;9;10;11"
Root_12375,79.741856,20.004854,9,"0;1;2;5;7;8;9;10;11"
Root_12376,319.896922,40.282614,8,"1;2;5;7;8;9;10;11"
Root_12377,119.668726,25.334454,8,"0;2;5;7;8;9;10;11"
Root_12378,361.187994,44.912214,7,"2;5;7;8;9;10;11"
Root_12379,78.193696,20.930774,8,"0;1;5;7;8;9;10;11"
Root_12380,322.052442,41.208534,7,"1;5;7;8;9;10;11"
Root_12381,119.046486,26.260374,7,"0;5;7;8;9;10;11"
Root_12382,364.269434,45.838134,6,"5;7;8;9;10;11"
Root_12383,81.880054,17.412278,10,"0;1;2;3;4;7;8;9;10;11"
Root_12384,305.889626,37.690038,9,"1;2;3;4;7;8;9;10;11"
Root_12385,120.759008,22.741878,9,"0;2;3;4;7;8;9;10;11"
Root_12386,344.588122,42.319638,8,"2;3;4;7;8;9;10;11"
Root_12387,79.405974,18.338198,9,"0;1;3;4;7;8;9;10;11"
Root_12388,307.119226,38.615958,8,"1;3;4;7;8;9;10;11"
Root_12389,118.284928,23.667798,8,"0;3;4;7;8;9;10;11"
Root_12390,346.743642,43.245558,7,"3;4;7;8;9;10;11"
Root_12391,86.043072,19.325846,9,"0;1;2;4;7;8;9;10;11"
Root_12392,314.094490,39.603606,8,"1;2;4;7;8;9;10;11"
Root_12393,121.247872,24.655446,8,"0;2;4;7;8;9;10;11"
Root_12394,354.706554,44.233206,7,"2;4;7;8;9;10;11"
Root_12395,83.568992,20.251766,8,"0;1;4;7;8;9;10;11"
Root_12396,316.250010,40.529526,7,"1;4;7;8;9;10;11"
Root_12397,119.699712,25.581366,7,"0;4;7;8;9;10;11"
Root_12398,357.787994,45.159126,6,"4;7;8;9;10;11"
Root_12399,83.603478,19.634486,9,"0;1;2;3;7;8;9;10;11"
Root_12400,316.872250,39.912246,8,"1;2;3;7;8;9;10;11"
Root_12401,122.791072,24.964086,8,"0;2;3;7;8;9;10;11"
Root_12402,357.792954,44.541846,7,"2;3;7;8;9;10;11"
Root_12403,82.055318,20.560406,8,"0;1;3;7;8;9;10;11"
Root_12404,319.027770,40.838166,7,"1;3;7;8;9;10;11"
Root_12405,121.242912,25.890006,7,"0;3;7;8;9;10;11"
Root_12406,360.874394,45.467766,6,"3;7;8;9;10;11"
Root_12407,87.457856,21.548054,8,"0;1;2;7;8;9;10;11"
Root_12408,326.990682,41.825814,7,"1;2;7;8;9;10;11"
Root_12409,125.255232,26.877654,7,"0;2;7;8;9;10;11"
Root_12410,369.824954,46.455414,6,"2;7;8;9;10;11"
Root_12411,85.909696,22.473974,7,"0;1;7;8;9;10;11"
Root_12412,330.072122,42.751734,6,"1;7;8;9;10;11"
Root_12413,125.436566,27.803574,6,"0;7;8;9;10;11"
Root_12414,373.832314,47.381334,5,"7;8;9;10;11"
Root_12415,78.059098,16.467840,11,"0;1;2;3;4;5;6;8;9;10;11"
Root_12416,308.301978,36.745600,10,"1;2;3;4;5;6;8;9;10;11"
Root_12417,120.363834,21.797440,10,"0;2;3;4;5;6;8;9;10;11"
Root_12418,346.056035,41.375200,9,"2;3;4;5;6;8;9;10;11"
Root_12419,75.585018,17.393760,10,"0;1;3;4;5;6;8;9;10;11"
Root_12420,308.605658,37.671520,9,"1;3;4;5;6;8;9;10;11"
Root_12421,117.889754,22.723360,9,"0;3;4;5;6;8;9;10;11"
Root_12422,347.285635,42.301120,8,"3;4;5;6;8;9;10;11"
Root_12423,83.166554,18.381408,10,"0;1;2;4;5;6;8;9;10;11"
Root_12424,314.963642,38.659168,9,"1;2;4;5;6;8;9;10;11"
Root_12425,120.852698,23.711008,9,"0;2;4;5;6;8;9;10;11"
Root_12426,354.631267,43.288768,8,"2;4;5;6;8;9;10;11"
Root_12427,80.692474,19.307328,9,"0;1;4;5;6;8;9;10;11"
Root_12428,316.193242,39.585088,8,"1;4;5;6;8;9;10;11"
Root_12429,119.304538,24.636928,8,"0;4;5;6;8;9;10;11"
Root_12430,356.786787,44.214688,7,"4;5;6;8;9;10;11"
Root_12431,79.782522,18.690048,10,"0;1;2;3;5;6;8;9;10;11"
Root_12432,317.741402,38.967808,9,"1;2;3;5;6;8;9;10;11"
Root_12433,122.704538,24.019648,9,"0;2;3;5;6;8;9;10;11"
Root_12434,357.717667,43.597408,8,"2;3;5;6;8;9;10;11"
Root_12435,78.234362,19.615968,9,"0;1;3;5;6;8;9;10;11"
Root_12436,318.971002,39.893728,8,"1;3;5;6;8;9;10;11"
Root_12437,121.156378,24.945568,8,"0;3;5;6;8;9;10;11"
Root_12438,359.873187,44.523328,7,"3;5;6;8;9;10;11"
Root_12439,84.581338,20.603616,9,"0;1;2;5;6;8;9;10;11"
Root_12440,326.316634,40.881376,8,"1;2;5;6;8;9;10;11"
Root_12441,125.539066,25.933216,8,"0;2;5;6;8;9;10;11"
Root_12442,368.206467,45.510976,7,"2;5;6;8;9;10;11"
Root_12443,83.033178,21.529536,8,"0;1;5;6;8;9;10;11"
Root_12444,328.472154,41.807296,7,"1;5;6;8;9;10;11"
Root_12445,124.916826,26.859136,7,"0;5;6;8;9;10;11"
Root_12446,371.287907,46.436896,6,"5;6;8;9;10;11"
Root_12447,86.984966,18.011040,10,"0;1;2;3;4;6;8;9;10;11"
Root_12448,312.309338,38.288800,9,"1;2;3;4;6;8;9;10;11"
Root_12449,125.968858,23.340640,9,"0;2;3;4;6;8;9;10;11"
Root_12450,351.606595,42.918400,8,"2;3;4;6;8;9;10;11"
Root_12451,84.510886,18.936960,9,"0;1;3;4;6;8;9;10;11"
Root_12452,313.538938,39.214720,8,"1;3;4;6;8;9;10;11"
Root_12453,123.494778,24.266560,8,"0;3;4;6;8;9;10;11"
Root_12454,353.762115,43.844320,7,"3;4;6;8;9;10;11"
Root_12455,90.549222,19.924608,9,"0;1;2;4;6;8;9;10;11"
Root_12456,320.514202,40.202368,8,"1;2;4;6;8;9;10;11"
Root_12457,126.519450,25.254208,8,"0;2;4;6;8;9;10;11"
Root_12458,361.725027,44.831968,7,"2;4;6;8;9;10;11"
Root_12459,88.075142,20.850528,8,"0;1;4;6;8;9;10;11"
Root_12460,322.669722,41.128288,7,"1;4;6;8;9;10;11"
Root_12461,124.971290,26.180128,7,"0;4;6;8;9;10;11"
Root_12462,364.806467,45.757888,6,"4;6;8;9;10;11"
Root_12463,88.708390,20.233248,9,"0;1;2;3;6;8;9;10;11"
Root_12464,323.291962,40.511008,8,"1;2;3;6;8;9;10;11"
Root_12465,128.062650,25.562848,8,"0;2;3;6;8;9;10;11"
Root_12466,364.811427,45.140608,7,"2;3;6;8;9;10;11"
Root_12467,87.160230,21.159168,8,"0;1;3;6;8;9;10;11"
Root_12468,325.447482,41.436928,7,"1;3;6;8;9;10;11"
Root_12469,126.514490,26.488768,7,"0;3;6;8;9;10;11"
Root_12470,367.892867,46.066528,6,"3;6;8;9;10;11"
Root_12471,91.964006,22.146816,8,"0;1;2;6;8;9;10;11"
Root_12472,333.410394,42.424576,7,"1;2;6;8;9;10;11"
Root_12473,131.003226,27.476416,7,"0;2;6;8;9;10;11"
Root_12474,376.843427,47.054176,6,"2;6;8;9;10;11"
Root_12475,90.488582,23.072736,7,"0;1;6;8;9;10;11"
Root_12476,336.491834,43.350496,6,"1;6;8;9;10;11"
Root_12477,131.306906,28.402336,6,"0;6;8;9;10;11"
Root_12478,380.850787,47.980096,5,"6;8;9;10;11"
Root_12479,90.573952,18.893750,10,"0;1;2;3;4;5;8;9;10;11"
Root_12480,319.778426,39.171510,9,"1;2;3;4;5;8;9;10;11"
Root_12481,128.907104,24.223350,9,"0;2;3;4;5;8;9;10;11"
Root_12482,359.958394,43.801110,8,"2;3;4;5;8;9;10;11"
Root_12483,88.099872,19.819670,9,"0;1;3;4;5;8;9;10;11"
Root_12484,321.008026,40.097430,8,"1;3;4;5;8;9;10;11"
Root_12485,126.433024,25.149270,8,"0;3;4;5;8;9;10;11"
Root_12486,362.113914,44.727030,7,"3;4;5;8;9;10;11"
Root_12487,93.255498,20.807318,9,"0;1;2;4;5;8;9;10;11"
Root_12488,328.353658,41.085078,8,"1;2;4;5;8;9;10;11"
Root_12489,129.828064,26.136918,8,"0;2;4;5;8;9;10;11"
Root_12490,370.447194,45.714678,7,"2;4;5;8;9;10;11"
Root_12491,90.781418,21.733238,8,"0;1;4;5;8;9;10;11"
Root_12492,330.509178,42.010998,7,"1;4;5;8;9;10;11"
Root_12493,128.342742,27.062838,7,"0;4;5;8;9;10;11"
Root_12494,373.528634,46.640598,6,"4;5;8;9;10;11"
Root_12495,92.297376,21.115958,9,"0;1;2;3;5;8;9;10;11"
Root_12496,331.440058,41.393718,8,"1;2;3;5;8;9;10;11"
Root_12497,131.679904,26.445558,8,"0;2;3;5;8;9;10;11"
Root_12498,373.842234,46.023318,7,"2;3;5;8;9;10;11"
Root_12499,90.749216,22.041878,8,"0;1;3;5;8;9;10;11"
Root_12500,333.595578,42.319638,7,"1;3;5;8;9;10;11"
Root_12501,130.503222,27.371478,7,"0;3;5;8;9;10;11"
Root_12502,376.923674,46.949238,6,"3;5;8;9;10;11"
Root_12503,94.699808,23.029526,8,"0;1;2;5;8;9;10;11"
Root_12504,341.928858,43.307286,7,"1;2;5;8;9;10;11"
Root_12505,135.873558,28.359126,7,"0;2;5;8;9;10;11"
Root_12506,386.244602,47.936886,6,"2;5;8;9;10;11"
Root_12507,94.077568,23.955446,7,"0;1;5;8;9;10;11"
Root_12508,345.010298,44.233206,6,"1;5;8;9;10;11"
Root_12509,136.462285,29.285046,6,"0;5;8;9;10;11"
Root_12510,390.251962,48.862806,5,"5;8;9;10;11"
Root_12511,98.289952,20.436950,9,"0;1;2;3;4;8;9;10;11"
Root_12512,325.328986,40.714710,8,"1;2;3;4;8;9;10;11"
Root_12513,132.518314,25.766550,8,"0;2;3;4;8;9;10;11"
Root_12514,367.052154,45.344310,7,"2;3;4;8;9;10;11"
Root_12515,95.815872,21.362870,8,"0;1;3;4;8;9;10;11"
Root_12516,327.484506,41.640630,7,"1;3;4;8;9;10;11"
Root_12517,130.044234,26.692470,7,"0;3;4;8;9;10;11"
Root_12518,370.133594,46.270230,6,"3;4;8;9;10;11"
Root_12519,99.428298,22.350518,8,"0;1;2;4;8;9;10;11"
Root_12520,335.447418,42.628278,7,"1;2;4;8;9;10;11"
Root_12521,133.749024,27.680118,7,"0;2;4;8;9;10;11"
Root_12522,379.084154,47.257878,6,"2;4;8;9;10;11"
Root_12523,97.230656,23.276438,7,"0;1;4;8;9;10;11"
Root_12524,338.528858,43.554198,6,"1;4;8;9;10;11"
Root_12525,133.126784,28.606038,6,"0;4;8;9;10;11"
Root_12526,383.091514,48.183798,5,"4;8;9;10;11"
Root_12527,100.013376,22.659158,8,"0;1;2;3;8;9;10;11"
Root_12528,338.533818,42.936918,7,"1;2;3;8;9;10;11"
Root_12529,135.600864,27.988758,7,"0;2;3;8;9;10;11"
Root_12530,382.479194,47.566518,6,"2;3;8;9;10;11"
Root_12531,98.465216,23.585078,7,"0;1;3;8;9;10;11"
Root_12532,341.615258,43.862838,6,"1;3;8;9;10;11"
Root_12533,134.978624,28.914678,6,"0;3;8;9;10;11"
Root_12534,386.486554,48.492438,5,"3;8;9;10;11"
Root_12535,102.415808,24.572726,7,"0;1;2;8;9;10;11"
Root_12536,350.565818,44.850486,6,"1;2;8;9;10;11"
Root_12537,140.880918,29.902326,6,"0;2;8;9;10;11"
Root_12538,396.424762,49.480086,5,"2;8;9;10;11"
Root_12539,101.793568,25.498646,6,"0;1;8;9;10;11"
Root_12540,354.573178,45.776406,5,"1;8;9;10;11"
Root_12541,143.767011,30.828246,5,"0;8;9;10;11"
Root_12542,401.358042,50.406006,4,"8;9;10;11"
Root_12543,90.139248,18.072768,11,"0;1;2;3;4;5;6;7;9;10;11"
Root_12544,327.561114,38.350528,10,"1;2;3;4;5;6;7;9;10;11"
Root_12545,132.981018,23.402368,10,"0;2;3;4;5;6;7;9;10;11"
Root_12546,366.920099,42.980128,9,"2;3;4;5;6;7;9;10;11"
Root_12547,87.665168,18.998688,10,"0;1;3;4;5;6;7;9;10;11"
Root_12548,327.864794,39.276448,9,"1;3;4;5;6;7;9;10;11"
Root_12549,130.506938,24.328288,9,"0;3;4;5;6;7;9;10;11"
Root_12550,368.149699,43.906048,8,"3;4;5;6;7;9;10;11"
Root_12551,93.641776,19.986336,10,"0;1;2;4;5;6;7;9;10;11"
Root_12552,334.222778,40.264096,9,"1;2;4;5;6;7;9;10;11"
Root_12553,133.901978,25.315936,9,"0;2;4;5;6;7;9;10;11"
Root_12554,375.495331,44.893696,8,"2;4;5;6;7;9;10;11"
Root_12555,91.167696,20.912256,9,"0;1;4;5;6;7;9;10;11"
Root_12556,335.452378,41.190016,8,"1;4;5;6;7;9;10;11"
Root_12557,132.353818,26.241856,8,"0;4;5;6;7;9;10;11"
Root_12558,377.650851,45.819616,7,"4;5;6;7;9;10;11"
Root_12559,91.862672,20.294976,10,"0;1;2;3;5;6;7;9;10;11"
Root_12560,337.000538,40.572736,9,"1;2;3;5;6;7;9;10;11"
Root_12561,135.753818,25.624576,9,"0;2;3;5;6;7;9;10;11"
Root_12562,378.581731,45.202336,8,"2;3;5;6;7;9;10;11"
Root_12563,90.314512,21.220896,9,"0;1;3;5;6;7;9;10;11"
Root_12564,338.230138,41.498656,8,"1;3;5;6;7;9;10;11"
Root_12565,134.205658,26.550496,8,"0;3;5;6;7;9;10;11"
Root_12566,380.737251,46.128256,7,"3;5;6;7;9;10;11"
Root_12567,95.056560,22.208544,9,"0;1;2;5;6;7;9;10;11"
Root_12568,345.575770,42.486304,8,"1;2;5;6;7;9;10;11"
Root_12569,139.664634,27.538144,8,"0;2;5;6;7;9;10;11"
Root_12570,389.070531,47.115904,7,"2;5;6;7;9;10;11"
Root_12571,93.642864,23.134464,8,"0;1;5;6;7;9;10;11"
Root_12572,347.731290,43.412224,7,"1;5;6;7;9;10;11"
Root_12573,140.894234,28.464064,7,"0;5;6;7;9;10;11"
Root_12574,392.151971,48.041824,6,"5;6;7;9;10;11"
Root_12575,97.855248,19.615968,10,"0;1;2;3;4;6;7;9;10;11"
Root_12576,331.568474,39.893728,9,"1;2;3;4;6;7;9;10;11"
Root_12577,137.413210,24.945568,9,"0;2;3;4;6;7;9;10;11"
Root_12578,372.470659,44.523328,8,"2;3;4;6;7;9;10;11"
Root_12579,95.381168,20.541888,9,"0;1;3;4;6;7;9;10;11"
Root_12580,332.798074,40.819648,8,"1;3;4;6;7;9;10;11"
Root_12581,134.939130,25.871488,8,"0;3;4;6;7;9;10;11"
Root_12582,374.626179,45.449248,7,"3;4;6;7;9;10;11"
Root_12583,99.814576,21.529536,9,"0;1;2;4;6;7;9;10;11"
Root_12584,339.773338,41.807296,8,"1;2;4;6;7;9;10;11"
Root_12585,137.963802,26.859136,8,"0;2;4;6;7;9;10;11"
Root_12586,382.589091,46.436896,7,"2;4;6;7;9;10;11"
Root_12587,97.340496,22.455456,8,"0;1;4;6;7;9;10;11"
Root_12588,341.928858,42.733216,7,"1;4;6;7;9;10;11"
Root_12589,137.985754,27.785056,7,"0;4;6;7;9;10;11"
Root_12590,385.670531,47.362816,6,"4;6;7;9;10;11"
Root_12591,99.578672,21.838176,9,"0;1;2;3;6;7;9;10;11"
Root_12592,342.551098,42.115936,8,"1;2;3;6;7;9;10;11"
Root_12593,139.842554,27.167776,8,"0;2;3;6;7;9;10;11"
Root_12594,385.675491,46.745536,7,"2;3;6;7;9;10;11"
Root_12595,98.030512,22.764096,8,"0;1;3;6;7;9;10;11"
Root_12596,344.706618,43.041856,7,"1;3;6;7;9;10;11"
Root_12597,140.146234,28.093696,7,"0;3;6;7;9;10;11"
Root_12598,388.756931,47.671456,6,"3;6;7;9;10;11"
Root_12599,101.981104,23.751744,8,"0;1;2;6;7;9;10;11"
Root_12600,352.669530,44.029504,7,"1;2;6;7;9;10;11"
Root_12601,146.133850,29.081344,7,"0;2;6;7;9;10;11"
Root_12602,397.707491,48.659104,6,"2;6;7;9;10;11"
Root_12603,101.358864,24.677664,7,"0;1;6;7;9;10;11"
Root_12604,355.750970,44.955424,6,"1;6;7;9;10;11"
Root_12605,147.370714,30.007264,6,"0;6;7;9;10;11"
Root_12606,401.714851,49.585024,5,"6;7;9;10;11"
Root_12607,101.586208,20.498678,10,"0;1;2;3;4;5;7;9;10;11"
Root_12608,339.037562,40.776438,9,"1;2;3;4;5;7;9;10;11"
Root_12609,140.351456,25.828278,9,"0;2;3;4;5;7;9;10;11"
Root_12610,380.822458,45.406038,8,"2;3;4;5;7;9;10;11"
Root_12611,99.112128,21.424598,9,"0;1;3;4;5;7;9;10;11"
Root_12612,340.267162,41.702358,8,"1;3;4;5;7;9;10;11"
Root_12613,137.877376,26.754198,8,"0;3;4;5;7;9;10;11"
Root_12614,382.977978,46.331958,7,"3;4;5;7;9;10;11"
Root_12615,102.662826,22.412246,9,"0;1;2;4;5;7;9;10;11"
Root_12616,347.612794,42.690006,8,"1;2;4;5;7;9;10;11"
Root_12617,142.756109,27.741846,8,"0;2;4;5;7;9;10;11"
Root_12618,391.311258,47.319606,7,"2;4;5;7;9;10;11"
Root_12619,100.526912,23.338166,8,"0;1;4;5;7;9;10;11"
Root_12620,349.768314,43.615926,7,"1;4;5;7;9;10;11"
Root_12621,143.059789,28.667766,7,"0;4;5;7;9;10;11"
Root_12622,394.392698,48.245526,6,"4;5;7;9;10;11"
Root_12623,103.566294,22.720886,9,"0;1;2;3;5;7;9;10;11"
Root_12624,350.699194,42.998646,8,"1;2;3;5;7;9;10;11"
Root_12625,145.225229,28.050486,8,"0;2;3;5;7;9;10;11"
Root_12626,394.706298,47.628246,7,"2;3;5;7;9;10;11"
Root_12627,102.018134,23.646806,8,"0;1;3;5;7;9;10;11"
Root_12628,352.854714,43.924566,7,"1;3;5;7;9;10;11"
Root_12629,145.528909,28.976406,7,"0;3;5;7;9;10;11"
Root_12630,397.787738,48.554166,6,"3;5;7;9;10;11"
Root_12631,105.968726,24.634454,8,"0;1;2;5;7;9;10;11"
Root_12632,361.187994,44.912214,7,"1;2;5;7;9;10;11"
Root_12633,152.850947,29.964054,7,"0;2;5;7;9;10;11"
Root_12634,407.108666,49.541814,6,"2;5;7;9;10;11"
Root_12635,105.346486,25.560374,7,"0;1;5;7;9;10;11"
Root_12636,364.269434,45.838134,6,"1;5;7;9;10;11"
Root_12637,155.006467,30.889974,6,"0;5;7;9;10;11"
Root_12638,411.116026,50.467734,5,"5;7;9;10;11"
Root_12639,107.759008,22.041878,9,"0;1;2;3;4;7;9;10;11"
Root_12640,344.588122,42.319638,8,"1;2;3;4;7;9;10;11"
Root_12641,143.100694,27.371478,8,"0;2;3;4;7;9;10;11"
Root_12642,387.916218,46.949238,7,"2;3;4;7;9;10;11"
Root_12643,105.284928,22.967798,8,"0;1;3;4;7;9;10;11"
Root_12644,346.743642,43.245558,7,"1;3;4;7;9;10;11"
Root_12645,142.478454,28.297398,7,"0;3;4;7;9;10;11"
Root_12646,390.997658,47.875158,6,"3;4;7;9;10;11"
Root_12647,108.247872,23.955446,8,"0;1;2;4;7;9;10;11"
Root_12648,354.706554,44.233206,7,"1;2;4;7;9;10;11"
Root_12649,147.763469,29.285046,7,"0;2;4;7;9;10;11"
Root_12650,399.948218,48.862806,6,"2;4;7;9;10;11"
Root_12651,106.699712,24.881366,7,"0;1;4;7;9;10;11"
Root_12652,357.787994,45.159126,6,"1;4;7;9;10;11"
Root_12653,149.204035,30.210966,6,"0;4;7;9;10;11"
Root_12654,403.955578,49.788726,5,"4;7;9;10;11"
Root_12655,109.791072,24.264086,8,"0;1;2;3;7;9;10;11"
Root_12656,357.792954,44.541846,7,"1;2;3;7;9;10;11"
Root_12657,150.232589,29.593686,7,"0;2;3;7;9;10;11"
Root_12658,403.343258,49.171446,6,"2;3;7;9;10;11"
Root_12659,108.242912,25.190006,7,"0;1;3;7;9;10;11"
Root_12660,360.874394,45.467766,6,"1;3;7;9;10;11"
Root_12661,151.981795,30.519606,6,"0;3;7;9;10;11"
Root_12662,407.350618,50.097366,5,"3;7;9;10;11"
Root_12663,112.255232,26.177654,7,"0;1;2;7;9;10;11"
Root_12664,369.824954,46.455414,6,"1;2;7;9;10;11"
Root_12665,159.944707,31.507254,6,"0;2;7;9;10;11"
Root_12666,417.288826,51.085014,5,"2;7;9;10;11"
Root_12667,111.840141,27.103574,6,"0;1;7;9;10;11"
Root_12668,373.832314,47.381334,5,"1;7;9;10;11"
Root_12669,163.026147,32.433174,5,"0;7;9;10;11"
Root_12670,422.222106,52.010934,4,"7;9;10;11"
Root_12671,106.857786,21.097440,10,"0;1;2;3;4;5;6;9;10;11"
Root_12672,346.056035,41.375200,9,"1;2;3;4;5;6;9;10;11"
Root_12673,146.221795,26.427040,9,"0;2;3;4;5;6;9;10;11"
Root_12674,388.439693,46.004800,8,"2;3;4;5;6;9;10;11"
Root_12675,104.383706,22.023360,9,"0;1;3;4;5;6;9;10;11"
Root_12676,347.285635,42.301120,8,"1;3;4;5;6;9;10;11"
Root_12677,144.453635,27.352960,8,"0;3;4;5;6;9;10;11"
Root_12678,390.595213,46.930720,7,"3;4;5;6;9;10;11"
Root_12679,107.346650,23.011008,9,"0;1;2;4;5;6;9;10;11"
Root_12680,354.631267,43.288768,8,"1;2;4;5;6;9;10;11"
Root_12681,149.823971,28.340608,8,"0;2;4;5;6;9;10;11"
Root_12682,398.928493,47.918368,7,"2;4;5;6;9;10;11"
Root_12683,105.798490,23.936928,8,"0;1;4;5;6;9;10;11"
Root_12684,356.786787,44.214688,7,"1;4;5;6;9;10;11"
Root_12685,150.127651,29.266528,7,"0;4;5;6;9;10;11"
Root_12686,402.009933,48.844288,6,"4;5;6;9;10;11"
Root_12687,109.004538,23.319648,9,"0;1;2;3;5;6;9;10;11"
Root_12688,357.717667,43.597408,8,"1;2;3;5;6;9;10;11"
Root_12689,152.293091,28.649248,8,"0;2;3;5;6;9;10;11"
Root_12690,402.323533,48.227008,7,"2;3;5;6;9;10;11"
Root_12691,107.456378,24.245568,8,"0;1;3;5;6;9;10;11"
Root_12692,359.873187,44.523328,7,"1;3;5;6;9;10;11"
Root_12693,152.596771,29.575168,7,"0;3;5;6;9;10;11"
Root_12694,405.404973,49.152928,6,"3;5;6;9;10;11"
Root_12695,111.839066,25.233216,8,"0;1;2;5;6;9;10;11"
Root_12696,368.206467,45.510976,7,"1;2;5;6;9;10;11"
Root_12697,159.517571,30.562816,7,"0;2;5;6;9;10;11"
Root_12698,414.725901,50.140576,6,"2;5;6;9;10;11"
Root_12699,111.216826,26.159136,7,"0;1;5;6;9;10;11"
Root_12700,371.287907,46.436896,6,"1;5;6;9;10;11"
Root_12701,161.673091,31.488736,6,"0;5;6;9;10;11"
Root_12702,418.733261,51.066496,5,"5;6;9;10;11"
Root_12703,113.030586,22.640640,9,"0;1;2;3;4;6;9;10;11"
Root_12704,351.606595,42.918400,8,"1;2;3;4;6;9;10;11"
Root_12705,149.569795,27.970240,8,"0;2;3;4;6;9;10;11"
Root_12706,395.533453,47.548000,7,"2;3;4;6;9;10;11"
Root_12707,110.556506,23.566560,8,"0;1;3;4;6;9;10;11"
Root_12708,353.762115,43.844320,7,"1;3;4;6;9;10;11"
Root_12709,148.947555,28.896160,7,"0;3;4;6;9;10;11"
Root_12710,398.614893,48.473920,6,"3;4;6;9;10;11"
Root_12711,113.519450,24.554208,8,"0;1;2;4;6;9;10;11"
Root_12712,361.725027,44.831968,7,"1;2;4;6;9;10;11"
Root_12713,153.947523,29.883808,7,"0;2;4;6;9;10;11"
Root_12714,407.565453,49.461568,6,"2;4;6;9;10;11"
Root_12715,111.971290,25.480128,7,"0;1;4;6;9;10;11"
Root_12716,364.806467,45.757888,6,"1;4;6;9;10;11"
Root_12717,155.870659,30.809728,6,"0;4;6;9;10;11"
Root_12718,411.572813,50.387488,5,"4;6;9;10;11"
Root_12719,115.062650,24.862848,8,"0;1;2;3;6;9;10;11"
Root_12720,364.811427,45.140608,7,"1;2;3;6;9;10;11"
Root_12721,156.492899,30.192448,7,"0;2;3;6;9;10;11"
Root_12722,410.960493,49.770208,6,"2;3;6;9;10;11"
Root_12723,113.514490,25.788768,7,"0;1;3;6;9;10;11"
Root_12724,367.892867,46.066528,6,"1;3;6;9;10;11"
Root_12725,158.648419,31.118368,6,"0;3;6;9;10;11"
Root_12726,414.967853,50.696128,5,"3;6;9;10;11"
Root_12727,117.526810,26.776416,7,"0;1;2;6;9;10;11"
Root_12728,376.843427,47.054176,6,"1;2;6;9;10;11"
Root_12729,166.611331,32.106016,6,"0;2;6;9;10;11"
Root_12730,424.906061,51.683776,5,"2;6;9;10;11"
Root_12731,118.309242,27.702336,6,"0;1;6;9;10;11"
Root_12732,380.850787,47.980096,5,"1;6;9;10;11"
Root_12733,169.724707,33.031936,5,"0;6;9;10;11"
Root_12734,429.839341,52.609696,4,"6;9;10;11"
Root_12735,115.907104,23.523350,9,"0;1;2;3;4;5;9;10;11"
Root_12736,359.958394,43.801110,8,"1;2;3;4;5;9;10;11"
Root_12737,154.273462,28.852950,8,"0;2;3;4;5;9;10;11"
Root_12738,404.767962,48.430710,7,"2;3;4;5;9;10;11"
Root_12739,113.433024,24.449270,8,"0;1;3;4;5;9;10;11"
Root_12740,362.113914,44.727030,7,"1;3;4;5;9;10;11"
Root_12741,154.430093,29.778870,7,"0;3;4;5;9;10;11"
Root_12742,407.849402,49.356630,6,"3;4;5;9;10;11"
Root_12743,116.828064,25.436918,8,"0;1;2;4;5;9;10;11"
Root_12744,370.447194,45.714678,7,"1;2;4;5;9;10;11"
Root_12745,161.554595,30.766518,7,"0;2;4;5;9;10;11"
Root_12746,417.170330,50.344278,6,"2;4;5;9;10;11"
Root_12747,115.279904,26.362838,7,"0;1;4;5;9;10;11"
Root_12748,373.528634,46.640598,6,"1;4;5;9;10;11"
Root_12749,163.710115,31.692438,6,"0;4;5;9;10;11"
Root_12750,421.177690,51.270198,5,"4;5;9;10;11"
Root_12751,118.679904,25.745558,8,"0;1;2;3;5;9;10;11"
Root_12752,373.842234,46.023318,7,"1;2;3;5;9;10;11"
Root_12753,164.640995,31.075158,7,"0;2;3;5;9;10;11"
Root_12754,420.874010,50.652918,6,"2;3;5;9;10;11"
Root_12755,117.131744,26.671478,7,"0;1;3;5;9;10;11"
Root_12756,376.923674,46.949238,6,"1;3;5;9;10;11"
Root_12757,166.796515,32.001078,6,"0;3;5;9;10;11"
Root_12758,424.881370,51.578838,5,"3;5;9;10;11"
Root_12759,122.832685,27.659126,7,"0;1;2;5;9;10;11"
Root_12760,386.244602,47.936886,6,"1;2;5;9;10;11"
Root_12761,175.129795,32.988726,6,"0;2;5;9;10;11"
Root_12762,435.189946,52.566486,5,"2;5;9;10;11"
Root_12763,124.062285,28.585046,6,"0;1;5;9;10;11"
Root_12764,390.251962,48.862806,5,"1;5;9;10;11"
Root_12765,179.125882,33.914646,5,"0;5;9;10;11"
Root_12766,440.123226,53.492406,4,"5;9;10;11"
Root_12767,120.218314,25.066550,8,"0;1;2;3;4;9;10;11"
Root_12768,367.052154,45.344310,7,"1;2;3;4;9;10;11"
Root_12769,158.529923,30.396150,7,"0;2;3;4;9;10;11"
Root_12770,413.404922,49.973910,6,"2;3;4;9;10;11"
Root_12771,117.744234,25.992470,7,"0;1;3;4;9;10;11"
Root_12772,370.133594,46.270230,6,"1;3;4;9;10;11"
Root_12773,160.685443,31.322070,6,"0;3;4;9;10;11"
Root_12774,417.412282,50.899830,5,"3;4;9;10;11"
Root_12775,120.768906,26.980118,7,"0;1;2;4;9;10;11"
Root_12776,379.084154,47.257878,6,"1;2;4;9;10;11"
Root_12777,168.648355,32.309718,6,"0;2;4;9;10;11"
Root_12778,427.350490,51.887478,5,"2;4;9;10;11"
Root_12779,121.032822,27.906038,6,"0;1;4;9;10;11"
Root_12780,383.091514,48.183798,5,"1;4;9;10;11"
Root_12781,171.965434,33.235638,5,"0;4;9;10;11"
Root_12782,432.283770,52.813398,4,"4;9;10;11"
Root_12783,122.889622,27.288758,7,"0;1;2;3;9;10;11"
Root_12784,382.479194,47.566518,6,"1;2;3;9;10;11"
Root_12785,171.734755,32.618358,6,"0;2;3;9;10;11"
Root_12786,431.054170,52.196118,5,"2;3;9;10;11"
Root_12787,123.193302,28.214678,6,"0;1;3;9;10;11"
Root_12788,386.486554,48.492438,5,"1;3;9;10;11"
Root_12789,175.360474,33.544278,5,"0;3;9;10;11"
Root_12790,435.987450,53.122038,4,"3;9;10;11"
Root_12791,129.383245,29.202326,6,"0;1;2;9;10;11"
Root_12792,396.424762,49.480086,5,"1;2;9;10;11"
Root_12793,185.298682,34.531926,5,"0;2;9;10;11"
Root_12794,446.913306,54.109686,4,"2;9;10;11"
Root_12795,131.795258,30.128246,5,"0;1;9;10;11"
Root_12796,401.358042,50.406006,4,"1;9;10;11"
Root_12797,190.231962,35.457846,4,"0;9;10;11"
Root_12798,452.772506,55.035606,3,"9;10;11"
Root_12799,66.157882,16.035744,11,"0;1;2;3;4;5;6;7;8;10;11"
Root_12800,303.548922,36.313504,10,"1;2;3;4;5;6;7;8;10;11"
Root_12801,108.025498,21.365344,10,"0;2;3;4;5;6;7;8;10;11"
Root_12802,340.870883,40.943104,9,"2;3;4;5;6;7;8;10;11"
Root_12803,63.722138,16.961664,10,"0;1;3;4;5;6;7;8;10;11"
Root_12804,303.852602,37.239424,9,"1;3;4;5;6;7;8;10;11"
Root_12805,106.477338,22.291264,9,"0;3;4;5;6;7;8;10;11"
Root_12806,342.100483,41.869024,8,"3;4;5;6;7;8;10;11"
Root_12807,71.697434,17.949312,10,"0;1;2;4;5;6;7;8;10;11"
Root_12808,310.210586,38.227072,9,"1;2;4;5;6;7;8;10;11"
Root_12809,110.427930,23.278912,9,"0;2;4;5;6;7;8;10;11"
Root_12810,349.446115,42.856672,8,"2;4;5;6;7;8;10;11"
Root_12811,69.223354,18.875232,9,"0;1;4;5;6;7;8;10;11"
Root_12812,311.440186,39.152992,8,"1;4;5;6;7;8;10;11"
Root_12813,109.805690,24.204832,8,"0;4;5;6;7;8;10;11"
Root_12814,351.601635,43.782592,7,"4;5;6;7;8;10;11"
Root_12815,67.881306,18.257952,10,"0;1;2;3;5;6;7;8;10;11"
Root_12816,312.988346,38.535712,9,"1;2;3;5;6;7;8;10;11"
Root_12817,112.588410,23.587552,9,"0;2;3;5;6;7;8;10;11"
Root_12818,352.532515,43.165312,8,"2;3;5;6;7;8;10;11"
Root_12819,66.333146,19.183872,9,"0;1;3;5;6;7;8;10;11"
Root_12820,314.217946,39.461632,8,"1;3;5;6;7;8;10;11"
Root_12821,111.966170,24.513472,8,"0;3;5;6;7;8;10;11"
Root_12822,354.688035,44.091232,7,"3;5;6;7;8;10;11"
Root_12823,73.112218,20.171520,9,"0;1;2;5;6;7;8;10;11"
Root_12824,321.563578,40.449280,8,"1;2;5;6;7;8;10;11"
Root_12825,117.336506,25.501120,8,"0;2;5;6;7;8;10;11"
Root_12826,363.021315,45.078880,7,"2;5;6;7;8;10;11"
Root_12827,71.661498,21.097440,8,"0;1;5;6;7;8;10;11"
Root_12828,323.719098,41.375200,7,"1;5;6;7;8;10;11"
Root_12829,117.640186,26.427040,7,"0;5;6;7;8;10;11"
Root_12830,366.102755,46.004800,6,"5;6;7;8;10;11"
Root_12831,74.713382,17.578944,10,"0;1;2;3;4;6;7;8;10;11"
Root_12832,307.556282,37.856704,9,"1;2;3;4;6;7;8;10;11"
Root_12833,115.605818,22.908544,9,"0;2;3;4;6;7;8;10;11"
Root_12834,346.421443,42.486304,8,"2;3;4;6;7;8;10;11"
Root_12835,72.239302,18.504864,9,"0;1;3;4;6;7;8;10;11"
Root_12836,308.785882,38.782624,8,"1;3;4;6;7;8;10;11"
Root_12837,114.057658,23.834464,8,"0;3;4;6;7;8;10;11"
Root_12838,348.576963,43.412224,7,"3;4;6;7;8;10;11"
Root_12839,78.709734,19.492512,9,"0;1;2;4;6;7;8;10;11"
Root_12840,315.761146,39.770272,8,"1;2;4;6;7;8;10;11"
Root_12841,118.069978,24.822112,8,"0;2;4;6;7;8;10;11"
Root_12842,356.539875,44.399872,7,"2;4;6;7;8;10;11"
Root_12843,76.235654,20.418432,8,"0;1;4;6;7;8;10;11"
Root_12844,317.916666,40.696192,7,"1;4;6;7;8;10;11"
Root_12845,117.447738,25.748032,7,"0;4;6;7;8;10;11"
Root_12846,359.621315,45.325792,6,"4;6;7;8;10;11"
Root_12847,76.436806,19.801152,9,"0;1;2;3;6;7;8;10;11"
Root_12848,318.538906,40.078912,8,"1;2;3;6;7;8;10;11"
Root_12849,119.921818,25.130752,8,"0;2;3;6;7;8;10;11"
Root_12850,359.626275,44.708512,7,"2;3;6;7;8;10;11"
Root_12851,74.888646,20.727072,8,"0;1;3;6;7;8;10;11"
Root_12852,320.694426,41.004832,7,"1;3;6;7;8;10;11"
Root_12853,119.299578,26.056672,7,"0;3;6;7;8;10;11"
Root_12854,362.707715,45.634432,6,"3;6;7;8;10;11"
Root_12855,80.839238,21.714720,8,"0;1;2;6;7;8;10;11"
Root_12856,328.657338,41.992480,7,"1;2;6;7;8;10;11"
Root_12857,124.343866,27.044320,7,"0;2;6;7;8;10;11"
Root_12858,371.658275,46.622080,6,"2;6;7;8;10;11"
Root_12859,80.216998,22.640640,7,"0;1;6;7;8;10;11"
Root_12860,331.738778,42.918400,6,"1;6;7;8;10;11"
Root_12861,125.573466,27.970240,6,"0;6;7;8;10;11"
Root_12862,375.665635,47.548000,5,"6;7;8;10;11"
Root_12863,78.734464,18.461654,10,"0;1;2;3;4;5;7;8;10;11"
Root_12864,315.025370,38.739414,9,"1;2;3;4;5;7;8;10;11"
Root_12865,119.426774,23.791254,9,"0;2;3;4;5;7;8;10;11"
Root_12866,354.773242,43.369014,8,"2;3;4;5;7;8;10;11"
Root_12867,76.260384,19.387574,9,"0;1;3;4;5;7;8;10;11"
Root_12868,316.254970,39.665334,8,"1;3;4;5;7;8;10;11"
Root_12869,117.878614,24.717174,8,"0;3;4;5;7;8;10;11"
Root_12870,356.928762,44.294934,7,"3;4;5;7;8;10;11"
Root_12871,81.848106,20.375222,9,"0;1;2;4;5;7;8;10;11"
Root_12872,323.600602,40.652982,8,"1;2;4;5;7;8;10;11"
Root_12873,122.261302,25.704822,8,"0;2;4;5;7;8;10;11"
Root_12874,365.262042,45.282582,7,"2;4;5;7;8;10;11"
Root_12875,79.675168,21.301142,8,"0;1;4;5;7;8;10;11"
Root_12876,325.756122,41.578902,7,"1;4;5;7;8;10;11"
Root_12877,121.639062,26.630742,7,"0;4;5;7;8;10;11"
Root_12878,368.343482,46.208502,6,"4;5;7;8;10;11"
Root_12879,80.457888,20.683862,9,"0;1;2;3;5;7;8;10;11"
Root_12880,326.687002,40.961622,8,"1;2;3;5;7;8;10;11"
Root_12881,124.421782,26.013462,8,"0;2;3;5;7;8;10;11"
Root_12882,368.657082,45.591222,7,"2;3;5;7;8;10;11"
Root_12883,79.519510,21.609782,8,"0;1;3;5;7;8;10;11"
Root_12884,328.842522,41.887542,7,"1;3;5;7;8;10;11"
Root_12885,123.799542,26.939382,7,"0;3;5;7;8;10;11"
Root_12886,371.738522,46.517142,6,"3;5;7;8;10;11"
Root_12887,84.860320,22.597430,8,"0;1;2;5;7;8;10;11"
Root_12888,337.175802,42.875190,7,"1;2;5;7;8;10;11"
Root_12889,130.096909,27.927030,7,"0;2;5;7;8;10;11"
Root_12890,381.059450,47.504790,6,"2;5;7;8;10;11"
Root_12891,84.761430,23.523350,7,"0;1;5;7;8;10;11"
Root_12892,340.257242,43.801110,6,"1;5;7;8;10;11"
Root_12893,131.326509,28.852950,6,"0;5;7;8;10;11"
Root_12894,385.066810,48.430710,5,"5;7;8;10;11"
Root_12895,86.450464,20.004854,9,"0;1;2;3;4;7;8;10;11"
Root_12896,320.575930,40.282614,8,"1;2;3;4;7;8;10;11"
Root_12897,125.013280,25.334454,8,"0;2;3;4;7;8;10;11"
Root_12898,361.867002,44.912214,7,"2;3;4;7;8;10;11"
Root_12899,83.976384,20.930774,8,"0;1;3;4;7;8;10;11"
Root_12900,322.731450,41.208534,7,"1;3;4;7;8;10;11"
Root_12901,123.465120,26.260374,7,"0;3;4;7;8;10;11"
Root_12902,364.948442,45.838134,6,"3;4;7;8;10;11"
Root_12903,88.939328,21.918422,8,"0;1;2;4;7;8;10;11"
Root_12904,330.694362,42.196182,7,"1;2;4;7;8;10;11"
Root_12905,127.725462,27.248022,7,"0;2;4;7;8;10;11"
Root_12906,373.899002,46.825782,6,"2;4;7;8;10;11"
Root_12907,87.391168,22.844342,7,"0;1;4;7;8;10;11"
Root_12908,333.775802,43.122102,6,"1;4;7;8;10;11"
Root_12909,128.029142,28.173942,6,"0;4;7;8;10;11"
Root_12910,377.906362,47.751702,5,"4;7;8;10;11"
Root_12911,89.400950,22.227062,8,"0;1;2;3;7;8;10;11"
Root_12912,333.780762,42.504822,7,"1;2;3;7;8;10;11"
Root_12913,129.885942,27.556662,7,"0;2;3;7;8;10;11"
Root_12914,377.294042,47.134422,6,"2;3;7;8;10;11"
Root_12915,88.778710,23.152982,7,"0;1;3;7;8;10;11"
Root_12916,336.862202,43.430742,6,"1;3;7;8;10;11"
Root_12917,130.189622,28.482582,6,"0;3;7;8;10;11"
Root_12918,381.301402,48.060342,5,"3;7;8;10;11"
Root_12919,93.716950,24.140630,7,"0;1;2;7;8;10;11"
Root_12920,345.812762,44.418390,6,"1;2;7;8;10;11"
Root_12921,136.647469,29.470230,6,"0;2;7;8;10;11"
Root_12922,391.239610,49.047990,5,"2;7;8;10;11"
Root_12923,94.020630,25.066550,6,"0;1;7;8;10;11"
Root_12924,349.820122,45.344310,5,"1;7;8;10;11"
Root_12925,139.199139,30.396150,5,"0;7;8;10;11"
Root_12926,396.172890,49.973910,4,"7;8;10;11"
Root_12927,83.573946,19.060416,10,"0;1;2;3;4;5;6;8;10;11"
Root_12928,321.611747,39.338176,9,"1;2;3;4;5;6;8;10;11"
Root_12929,125.463779,24.390016,9,"0;2;3;4;5;6;8;10;11"
Root_12930,361.958381,43.967776,8,"2;3;4;5;6;8;10;11"
Root_12931,81.099866,19.986336,9,"0;1;3;4;5;6;8;10;11"
Root_12932,322.841347,40.264096,8,"1;3;4;5;6;8;10;11"
Root_12933,123.915619,25.315936,8,"0;3;4;5;6;8;10;11"
Root_12934,364.113901,44.893696,7,"3;4;5;6;8;10;11"
Root_12935,86.088826,20.973984,9,"0;1;2;4;5;6;8;10;11"
Root_12936,330.186979,41.251744,8,"1;2;4;5;6;8;10;11"
Root_12937,128.298307,26.303584,8,"0;2;4;5;6;8;10;11"
Root_12938,372.447181,45.881344,7,"2;4;5;6;8;10;11"
Root_12939,84.514650,21.899904,8,"0;1;4;5;6;8;10;11"
Root_12940,332.342499,42.177664,7,"1;4;5;6;8;10;11"
Root_12941,127.905571,27.229504,7,"0;4;5;6;8;10;11"
Root_12942,375.528621,46.807264,6,"4;5;6;8;10;11"
Root_12943,85.579994,21.282624,9,"0;1;2;3;5;6;8;10;11"
Root_12944,333.273379,41.560384,8,"1;2;3;5;6;8;10;11"
Root_12945,130.458787,26.612224,8,"0;2;3;5;6;8;10;11"
Root_12946,375.842221,46.189984,7,"2;3;5;6;8;10;11"
Root_12947,84.957754,22.208544,8,"0;1;3;5;6;8;10;11"
Root_12948,335.428899,42.486304,7,"1;3;5;6;8;10;11"
Root_12949,130.374691,27.538144,7,"0;3;5;6;8;10;11"
Root_12950,378.923661,47.115904,6,"3;5;6;8;10;11"
Root_12951,89.895994,23.196192,8,"0;1;2;5;6;8;10;11"
Root_12952,343.762179,43.473952,7,"1;2;5;6;8;10;11"
Root_12953,136.732675,28.525792,7,"0;2;5;6;8;10;11"
Root_12954,388.244589,48.103552,6,"2;5;6;8;10;11"
Root_12955,90.199674,24.122112,7,"0;1;5;6;8;10;11"
Root_12956,346.843619,44.399872,6,"1;5;6;8;10;11"
Root_12957,137.962275,29.451712,6,"0;5;6;8;10;11"
Root_12958,392.251949,49.029472,5,"5;6;8;10;11"
Root_12959,91.289946,20.603616,9,"0;1;2;3;4;6;8;10;11"
Root_12960,327.162307,40.881376,8,"1;2;3;4;6;8;10;11"
Root_12961,130.451523,25.933216,8,"0;2;3;4;6;8;10;11"
Root_12962,369.052141,45.510976,7,"2;3;4;6;8;10;11"
Root_12963,89.345402,21.529536,8,"0;1;3;4;6;8;10;11"
Root_12964,329.317827,41.807296,7,"1;3;4;6;8;10;11"
Root_12965,128.903363,26.859136,7,"0;3;4;6;8;10;11"
Root_12966,372.133581,46.436896,6,"3;4;6;8;10;11"
Root_12967,93.778810,22.517184,8,"0;1;2;4;6;8;10;11"
Root_12968,337.280739,42.794944,7,"1;2;4;6;8;10;11"
Root_12969,133.762467,27.846784,7,"0;2;4;6;8;10;11"
Root_12970,381.084141,47.424544,6,"2;4;6;8;10;11"
Root_12971,92.673754,23.443104,7,"0;1;4;6;8;10;11"
Root_12972,340.362179,43.720864,6,"1;4;6;8;10;11"
Root_12973,134.066147,28.772704,6,"0;4;6;8;10;11"
Root_12974,385.091501,48.350464,5,"4;6;8;10;11"
Root_12975,94.839194,22.825824,8,"0;1;2;3;6;8;10;11"
Root_12976,340.367139,43.103584,7,"1;2;3;6;8;10;11"
Root_12977,135.922947,28.155424,7,"0;2;3;6;8;10;11"
Root_12978,384.479181,47.733184,6,"2;3;6;8;10;11"
Root_12979,94.216954,23.751744,7,"0;1;3;6;8;10;11"
Root_12980,343.448579,44.029504,6,"1;3;6;8;10;11"
Root_12981,136.226627,29.081344,6,"0;3;6;8;10;11"
Root_12982,388.486541,48.659104,5,"3;6;8;10;11"
Root_12983,99.155194,24.739392,7,"0;1;2;6;8;10;11"
Root_12984,352.399139,45.017152,6,"1;2;6;8;10;11"
Root_12985,142.352227,30.068992,6,"0;2;6;8;10;11"
Root_12986,398.424749,49.646752,5,"2;6;8;10;11"
Root_12987,99.458874,25.665312,6,"0;1;6;8;10;11"
Root_12988,356.406499,45.943072,5,"1;6;8;10;11"
Root_12989,145.433667,30.994912,5,"0;6;8;10;11"
Root_12990,403.358029,50.572672,4,"6;8;10;11"
Root_12991,94.714518,21.486326,9,"0;1;2;3;4;5;8;10;11"
Root_12992,335.514106,41.764086,8,"1;2;3;4;5;8;10;11"
Root_12993,134.272480,26.815926,8,"0;2;3;4;5;8;10;11"
Root_12994,378.286650,46.393686,7,"2;3;4;5;8;10;11"
Root_12995,93.166358,22.412246,8,"0;1;3;4;5;8;10;11"
Root_12996,337.669626,42.690006,7,"1;3;4;5;8;10;11"
Root_12997,133.466166,27.741846,7,"0;3;4;5;8;10;11"
Root_12998,381.368090,47.319606,6,"3;4;5;8;10;11"
Root_12999,97.116950,23.399894,8,"0;1;2;4;5;8;10;11"
Root_13000,346.002906,43.677654,7,"1;2;4;5;8;10;11"
Root_13001,138.836502,28.729494,7,"0;2;4;5;8;10;11"
Root_13002,390.689018,48.307254,6,"2;4;5;8;10;11"
Root_13003,96.494710,24.325814,7,"0;1;4;5;8;10;11"
Root_13004,349.084346,44.603574,6,"1;4;5;8;10;11"
Root_13005,139.795597,29.655414,6,"0;4;5;8;10;11"
Root_13006,394.696378,49.233174,5,"4;5;8;10;11"
Root_13007,99.277430,23.708534,8,"0;1;2;3;5;8;10;11"
Root_13008,349.397946,43.986294,7,"1;2;3;5;8;10;11"
Root_13009,141.343757,29.038134,7,"0;2;3;5;8;10;11"
Root_13010,394.392698,48.615894,6,"2;3;5;8;10;11"
Root_13011,98.655190,24.634454,7,"0;1;3;5;8;10;11"
Root_13012,352.479386,44.912214,6,"1;3;5;8;10;11"
Root_13013,142.573357,29.964054,6,"0;3;5;8;10;11"
Root_13014,398.400058,49.541814,5,"3;5;8;10;11"
Root_13015,104.025526,25.622102,7,"0;1;2;5;8;10;11"
Root_13016,361.800314,45.899862,6,"1;2;5;8;10;11"
Root_13017,150.870691,30.951702,6,"0;2;5;8;10;11"
Root_13018,408.708634,50.529462,5,"2;5;8;10;11"
Root_13019,104.329206,26.548022,6,"0;1;5;8;10;11"
Root_13020,365.807674,46.825782,5,"1;5;8;10;11"
Root_13021,153.952131,31.877622,5,"0;5;8;10;11"
Root_13022,413.641914,51.455382,4,"5;8;10;11"
Root_13023,102.173856,23.029526,8,"0;1;2;3;4;8;10;11"
Root_13024,342.607866,43.307286,7,"1;2;3;4;8;10;11"
Root_13025,138.193440,28.359126,7,"0;2;3;4;8;10;11"
Root_13026,386.923610,47.936886,6,"2;3;4;8;10;11"
Root_13027,100.625696,23.955446,7,"0;1;3;4;8;10;11"
Root_13028,345.689306,44.233206,6,"1;3;4;8;10;11"
Root_13029,137.856246,29.285046,6,"0;3;4;8;10;11"
Root_13030,390.930970,48.862806,5,"3;4;8;10;11"
Root_13031,104.638016,24.943094,7,"0;1;2;4;8;10;11"
Root_13032,354.639866,45.220854,6,"1;2;4;8;10;11"
Root_13033,144.389251,30.272694,6,"0;2;4;8;10;11"
Root_13034,400.869178,49.850454,5,"2;4;8;10;11"
Root_13035,104.015776,25.869014,6,"0;1;4;8;10;11"
Root_13036,358.647226,46.146774,5,"1;4;8;10;11"
Root_13037,147.470691,31.198614,5,"0;4;8;10;11"
Root_13038,405.802458,50.776374,4,"4;8;10;11"
Root_13039,106.489856,25.251734,7,"0;1;2;3;8;10;11"
Root_13040,358.034906,45.529494,6,"1;2;3;8;10;11"
Root_13041,147.475651,30.581334,6,"0;2;3;8;10;11"
Root_13042,404.572858,50.159094,5,"2;3;8;10;11"
Root_13043,105.867616,26.177654,6,"0;1;3;8;10;11"
Root_13044,362.042266,46.455414,5,"1;3;8;10;11"
Root_13045,150.557091,31.507254,5,"0;3;8;10;11"
Root_13046,409.506138,51.085014,4,"3;8;10;11"
Root_13047,111.032886,27.165302,6,"0;1;2;8;10;11"
Root_13048,371.980474,47.443062,5,"1;2;8;10;11"
Root_13049,159.507651,32.494902,5,"0;2;8;10;11"
Root_13050,420.431994,52.072662,4,"2;8;10;11"
Root_13051,112.262486,28.091222,5,"0;1;8;10;11"
Root_13052,376.913754,48.368982,4,"1;8;10;11"
Root_13053,163.935834,33.420822,4,"0;8;10;11"
Root_13054,426.291194,52.998582,3,"8;10;11"
Root_13055,94.586202,20.665344,10,"0;1;2;3;4;5;6;7;10;11"
Root_13056,340.870883,40.943104,9,"1;2;3;4;5;6;7;10;11"
Root_13057,138.513059,25.994944,9,"0;2;3;4;5;6;7;10;11"
Root_13058,382.822445,45.572704,8,"2;3;4;5;6;7;10;11"
Root_13059,92.703386,21.591264,9,"0;1;3;4;5;6;7;10;11"
Root_13060,342.100483,41.869024,8,"1;3;4;5;6;7;10;11"
Root_13061,136.964899,26.920864,8,"0;3;4;5;6;7;10;11"
Root_13062,384.977965,46.498624,7,"3;4;5;6;7;10;11"
Root_13063,97.075066,22.578912,9,"0;1;2;4;5;6;7;10;11"
Root_13064,349.446115,42.856672,8,"1;2;4;5;6;7;10;11"
Root_13065,143.164611,27.908512,8,"0;2;4;5;6;7;10;11"
Root_13066,393.311245,47.486272,7,"2;4;5;6;7;10;11"
Root_13067,96.031738,23.504832,8,"0;1;4;5;6;7;10;11"
Root_13068,351.601635,43.782592,7,"1;4;5;6;7;10;11"
Root_13069,144.394211,28.834432,7,"0;4;5;6;7;10;11"
Root_13070,396.392685,48.412192,6,"4;5;6;7;10;11"
Root_13071,98.505818,22.887552,9,"0;1;2;3;5;6;7;10;11"
Root_13072,352.532515,43.165312,8,"1;2;3;5;6;7;10;11"
Root_13073,145.942371,28.217152,8,"0;2;3;5;6;7;10;11"
Root_13074,396.706285,47.794912,7,"2;3;5;6;7;10;11"
Root_13075,97.883578,23.813472,8,"0;1;3;5;6;7;10;11"
Root_13076,354.688035,44.091232,7,"1;3;5;6;7;10;11"
Root_13077,147.171971,29.143072,7,"0;3;5;6;7;10;11"
Root_13078,399.787725,48.720832,6,"3;5;6;7;10;11"
Root_13079,102.936506,24.801120,8,"0;1;2;5;6;7;10;11"
Root_13080,363.021315,45.078880,7,"1;2;5;6;7;10;11"
Root_13081,154.517603,30.130720,7,"0;2;5;6;7;10;11"
Root_13082,409.108653,49.708480,6,"2;5;6;7;10;11"
Root_13083,103.240186,25.727040,7,"0;1;5;6;7;10;11"
Root_13084,366.102755,46.004800,6,"1;5;6;7;10;11"
Root_13085,156.673123,31.056640,6,"0;5;6;7;10;11"
Root_13086,413.116013,50.634400,5,"5;6;7;10;11"
Root_13087,101.967546,22.208544,9,"0;1;2;3;4;6;7;10;11"
Root_13088,346.421443,42.486304,8,"1;2;3;4;6;7;10;11"
Root_13089,142.972163,27.538144,8,"0;2;3;4;6;7;10;11"
Root_13090,389.916205,47.115904,7,"2;3;4;6;7;10;11"
Root_13091,100.419386,23.134464,8,"0;1;3;4;6;7;10;11"
Root_13092,348.576963,43.412224,7,"1;3;4;6;7;10;11"
Root_13093,143.275843,28.464064,7,"0;3;4;6;7;10;11"
Root_13094,392.997645,48.041824,6,"3;4;6;7;10;11"
Root_13095,104.369978,24.122112,8,"0;1;2;4;6;7;10;11"
Root_13096,356.539875,44.399872,7,"1;2;4;6;7;10;11"
Root_13097,149.263459,29.451712,7,"0;2;4;6;7;10;11"
Root_13098,401.948205,49.029472,6,"2;4;6;7;10;11"
Root_13099,103.747738,25.048032,7,"0;1;4;6;7;10;11"
Root_13100,359.621315,45.325792,6,"1;4;6;7;10;11"
Root_13101,150.870691,30.377632,6,"0;4;6;7;10;11"
Root_13102,405.955565,49.955392,5,"4;6;7;10;11"
Root_13103,106.221818,24.430752,8,"0;1;2;3;6;7;10;11"
Root_13104,359.626275,44.708512,7,"1;2;3;6;7;10;11"
Root_13105,151.732579,29.760352,7,"0;2;3;6;7;10;11"
Root_13106,405.343245,49.338112,6,"2;3;6;7;10;11"
Root_13107,105.599578,25.356672,7,"0;1;3;6;7;10;11"
Root_13108,362.707715,45.634432,6,"1;3;6;7;10;11"
Root_13109,153.648451,30.686272,6,"0;3;6;7;10;11"
Root_13110,409.350605,50.264032,5,"3;6;7;10;11"
Root_13111,110.599546,26.344320,7,"0;1;2;6;7;10;11"
Root_13112,371.658275,46.622080,6,"1;2;6;7;10;11"
Root_13113,161.611363,31.673920,6,"0;2;6;7;10;11"
Root_13114,419.288813,51.251680,5,"2;6;7;10;11"
Root_13115,111.443706,27.270240,6,"0;1;6;7;10;11"
Root_13116,375.665635,47.548000,5,"1;6;7;10;11"
Root_13117,164.692803,32.599840,5,"0;6;7;10;11"
Root_13118,424.222093,52.177600,4,"6;7;10;11"
Root_13119,105.840480,23.091254,9,"0;1;2;3;4;5;7;10;11"
Root_13120,354.773242,43.369014,8,"1;2;3;4;5;7;10;11"
Root_13121,148.558541,28.420854,8,"0;2;3;4;5;7;10;11"
Root_13122,399.150714,47.998614,7,"2;3;4;5;7;10;11"
Root_13123,104.292320,24.017174,8,"0;1;3;4;5;7;10;11"
Root_13124,356.928762,44.294934,7,"1;3;4;5;7;10;11"
Root_13125,149.208995,29.346774,7,"0;3;4;5;7;10;11"
Root_13126,402.232154,48.924534,6,"3;4;5;7;10;11"
Root_13127,108.561302,25.004822,8,"0;1;2;4;5;7;10;11"
Root_13128,365.262042,45.282582,7,"1;2;4;5;7;10;11"
Root_13129,156.554627,30.334422,7,"0;2;4;5;7;10;11"
Root_13130,411.553082,49.912182,6,"2;4;5;7;10;11"
Root_13131,107.939062,25.930742,7,"0;1;4;5;7;10;11"
Root_13132,368.343482,46.208502,6,"1;4;5;7;10;11"
Root_13133,158.710147,31.260342,6,"0;4;5;7;10;11"
Root_13134,415.560442,50.838102,5,"4;5;7;10;11"
Root_13135,110.721782,25.313462,8,"0;1;2;3;5;7;10;11"
Root_13136,368.657082,45.591222,7,"1;2;3;5;7;10;11"
Root_13137,159.641027,30.643062,7,"0;2;3;5;7;10;11"
Root_13138,415.256762,50.220822,6,"2;3;5;7;10;11"
Root_13139,110.099542,26.239382,7,"0;1;3;5;7;10;11"
Root_13140,371.738522,46.517142,6,"1;3;5;7;10;11"
Root_13141,161.796547,31.568982,6,"0;3;5;7;10;11"
Root_13142,419.264122,51.146742,5,"3;5;7;10;11"
Root_13143,115.923939,27.227030,7,"0;1;2;5;7;10;11"
Root_13144,381.059450,47.504790,6,"1;2;5;7;10;11"
Root_13145,170.129827,32.556630,6,"0;2;5;7;10;11"
Root_13146,429.572698,52.134390,5,"2;5;7;10;11"
Root_13147,118.079459,28.152950,6,"0;1;5;7;10;11"
Root_13148,385.066810,48.430710,5,"1;5;7;10;11"
Root_13149,173.693818,33.482550,5,"0;5;7;10;11"
Root_13150,434.505978,53.060310,4,"5;7;10;11"
Root_13151,112.013280,24.634454,8,"0;1;2;3;4;7;10;11"
Root_13152,361.867002,44.912214,7,"1;2;3;4;7;10;11"
Root_13153,153.565901,29.964054,7,"0;2;3;4;7;10;11"
Root_13154,407.787674,49.541814,6,"2;3;4;7;10;11"
Root_13155,110.465120,25.560374,7,"0;1;3;4;7;10;11"
Root_13156,364.948442,45.838134,6,"1;3;4;7;10;11"
Root_13157,155.685475,30.889974,6,"0;3;4;7;10;11"
Root_13158,411.795034,50.467734,5,"3;4;7;10;11"
Root_13159,114.477440,26.548022,7,"0;1;2;4;7;10;11"
Root_13160,373.899002,46.825782,6,"1;2;4;7;10;11"
Root_13161,163.648387,31.877622,6,"0;2;4;7;10;11"
Root_13162,421.733242,51.455382,5,"2;4;7;10;11"
Root_13163,114.803085,27.473942,6,"0;1;4;7;10;11"
Root_13164,377.906362,47.751702,5,"1;4;7;10;11"
Root_13165,166.729827,32.803542,5,"0;4;7;10;11"
Root_13166,426.666522,52.381302,4,"4;7;10;11"
Root_13167,116.329280,26.856662,7,"0;1;2;3;7;10;11"
Root_13168,377.294042,47.134422,6,"1;2;3;7;10;11"
Root_13169,166.734787,32.186262,6,"0;2;3;7;10;11"
Root_13170,425.436922,51.764022,5,"2;3;7;10;11"
Root_13171,117.272205,27.782582,6,"0;1;3;7;10;11"
Root_13172,381.301402,48.060342,5,"1;3;7;10;11"
Root_13173,169.928410,33.112182,5,"0;3;7;10;11"
Root_13174,430.370202,52.689942,4,"3;7;10;11"
Root_13175,124.247469,28.770230,6,"0;1;2;7;10;11"
Root_13176,391.239610,49.047990,5,"1;2;7;10;11"
Root_13177,179.866618,34.099830,5,"0;2;7;10;11"
Root_13178,441.296058,53.677590,4,"2;7;10;11"
Root_13179,127.099139,29.696150,5,"0;1;7;10;11"
Root_13180,396.172890,49.973910,4,"1;7;10;11"
Root_13181,184.799898,35.025750,4,"0;7;10;11"
Root_13182,447.155258,54.603510,3,"7;10;11"
Root_13183,111.763779,23.690016,9,"0;1;2;3;4;5;6;10;11"
Root_13184,361.958381,43.967776,8,"1;2;3;4;5;6;10;11"
Root_13185,155.793069,29.019616,8,"0;2;3;4;5;6;10;11"
Root_13186,406.934614,48.597376,7,"2;3;4;5;6;10;11"
Root_13187,110.215619,24.615936,8,"0;1;3;4;5;6;10;11"
Root_13188,364.113901,44.893696,7,"1;3;4;5;6;10;11"
Root_13189,156.096749,29.945536,7,"0;3;4;5;6;10;11"
Root_13190,410.016054,49.523296,6,"3;4;5;6;10;11"
Root_13191,114.598307,25.603584,8,"0;1;2;4;5;6;10;11"
Root_13192,372.447181,45.881344,7,"1;2;4;5;6;10;11"
Root_13193,163.387917,30.933184,7,"0;2;4;5;6;10;11"
Root_13194,419.336982,50.510944,6,"2;4;5;6;10;11"
Root_13195,113.976067,26.529504,7,"0;1;4;5;6;10;11"
Root_13196,375.528621,46.807264,6,"1;4;5;6;10;11"
Root_13197,165.543437,31.859104,6,"0;4;5;6;10;11"
Root_13198,423.344342,51.436864,5,"4;5;6;10;11"
Root_13199,116.758787,25.912224,8,"0;1;2;3;5;6;10;11"
Root_13200,375.842221,46.189984,7,"1;2;3;5;6;10;11"
Root_13201,166.474317,31.241824,7,"0;2;3;5;6;10;11"
Root_13202,423.040662,50.819584,6,"2;3;5;6;10;11"
Root_13203,116.136547,26.838144,7,"0;1;3;5;6;10;11"
Root_13204,378.923661,47.115904,6,"1;3;5;6;10;11"
Root_13205,168.629837,32.167744,6,"0;3;5;6;10;11"
Root_13206,427.048022,51.745504,5,"3;5;6;10;11"
Root_13207,123.158467,27.825792,7,"0;1;2;5;6;10;11"
Root_13208,388.244589,48.103552,6,"1;2;5;6;10;11"
Root_13209,177.118509,33.155392,6,"0;2;5;6;10;11"
Root_13210,437.356598,52.733152,5,"2;5;6;10;11"
Root_13211,125.313987,28.751712,6,"0;1;5;6;10;11"
Root_13212,392.251949,49.029472,5,"1;5;6;10;11"
Root_13213,181.125869,34.081312,5,"0;5;6;10;11"
Root_13214,442.289878,53.659072,4,"5;6;10;11"
Root_13215,117.451523,25.233216,8,"0;1;2;3;4;6;10;11"
Root_13216,369.052141,45.510976,7,"1;2;3;4;6;10;11"
Root_13217,160.363245,30.562816,7,"0;2;3;4;6;10;11"
Root_13218,415.571574,50.140576,6,"2;3;4;6;10;11"
Root_13219,115.903363,26.159136,7,"0;1;3;4;6;10;11"
Root_13220,372.133581,46.436896,6,"1;3;4;6;10;11"
Root_13221,162.518765,31.488736,6,"0;3;4;6;10;11"
Root_13222,419.578934,51.066496,5,"3;4;6;10;11"
Root_13223,120.209251,27.146784,7,"0;1;2;4;6;10;11"
Root_13224,381.084141,47.424544,6,"1;2;4;6;10;11"
Root_13225,170.481677,32.476384,6,"0;2;4;6;10;11"
Root_13226,429.517142,52.054144,5,"2;4;6;10;11"
Root_13227,121.438851,28.072704,6,"0;1;4;6;10;11"
Root_13228,385.091501,48.350464,5,"1;4;6;10;11"
Root_13229,173.965421,33.402304,5,"0;4;6;10;11"
Root_13230,434.450422,52.980064,4,"4;6;10;11"
Root_13231,122.678371,27.455424,7,"0;1;2;3;6;10;11"
Root_13232,384.479181,47.733184,6,"1;2;3;6;10;11"
Root_13233,173.568077,32.785024,6,"0;2;3;6;10;11"
Root_13234,433.220822,52.362784,5,"2;3;6;10;11"
Root_13235,123.907971,28.381344,6,"0;1;3;6;10;11"
Root_13236,388.486541,48.659104,5,"1;3;6;10;11"
Root_13237,177.360461,33.710944,5,"0;3;6;10;11"
Root_13238,438.154102,53.288704,4,"3;6;10;11"
Root_13239,130.883235,29.368992,6,"0;1;2;6;10;11"
Root_13240,398.424749,49.646752,5,"1;2;6;10;11"
Root_13241,187.298669,34.698592,5,"0;2;6;10;11"
Root_13242,449.079958,54.276352,4,"2;6;10;11"
Root_13243,133.628579,30.294912,5,"0;1;6;10;11"
Root_13244,403.358029,50.572672,4,"1;6;10;11"
Root_13245,192.231949,35.624512,4,"0;6;10;11"
Root_13246,454.939158,55.202272,3,"6;10;11"
Root_13247,121.272480,26.115926,8,"0;1;2;3;4;5;10;11"
Root_13248,378.286650,46.393686,7,"1;2;3;4;5;10;11"
Root_13249,168.715043,31.445526,7,"0;2;3;4;5;10;11"
Root_13250,425.688794,51.023286,6,"2;3;4;5;10;11"
Root_13251,119.808013,27.041846,7,"0;1;3;4;5;10;11"
Root_13252,381.368090,47.319606,6,"1;3;4;5;10;11"
Root_13253,170.870563,32.371446,6,"0;3;4;5;10;11"
Root_13254,429.696154,51.949206,5,"3;4;5;10;11"
Root_13255,126.165997,28.029494,7,"0;1;2;4;5;10;11"
Root_13256,390.689018,48.307254,6,"1;2;4;5;10;11"
Root_13257,179.562938,33.359094,6,"0;2;4;5;10;11"
Root_13258,440.004730,52.936854,5,"2;4;5;10;11"
Root_13259,127.395597,28.955414,6,"0;1;4;5;10;11"
Root_13260,394.696378,49.233174,5,"1;4;5;10;11"
Root_13261,183.570298,34.285014,5,"0;4;5;10;11"
Root_13262,444.938010,53.862774,4,"4;5;10;11"
Root_13263,128.943757,28.338134,7,"0;1;2;3;5;10;11"
Root_13264,394.392698,48.615894,6,"1;2;3;5;10;11"
Root_13265,183.266618,33.667734,6,"0;2;3;5;10;11"
Root_13266,444.017050,53.245494,5,"2;3;5;10;11"
Root_13267,130.437411,29.264054,6,"0;1;3;5;10;11"
Root_13268,398.400058,49.541814,5,"1;3;5;10;11"
Root_13269,187.273978,34.593654,5,"0;3;5;10;11"
Root_13270,448.950330,54.171414,4,"3;5;10;11"
Root_13271,139.022394,30.251702,6,"0;1;2;5;10;11"
Root_13272,408.708634,50.529462,5,"1;2;5;10;11"
Root_13273,197.582554,35.581302,5,"0;2;5;10;11"
Root_13274,460.246554,55.159062,4,"2;5;10;11"
Root_13275,143.029754,31.177622,5,"0;1;5;10;11"
Root_13276,413.641914,51.455382,4,"1;5;10;11"
Root_13277,202.515834,36.507222,4,"0;5;10;11"
Root_13278,466.105754,56.084982,3,"5;10;11"
Root_13279,125.852566,27.659126,7,"0;1;2;3;4;10;11"
Root_13280,386.923610,47.936886,6,"1;2;3;4;10;11"
Root_13281,175.808803,32.988726,6,"0;2;3;4;10;11"
Root_13282,435.868954,52.566486,5,"2;3;4;10;11"
Root_13283,126.156246,28.585046,6,"0;1;3;4;10;11"
Root_13284,390.930970,48.862806,5,"1;3;4;10;11"
Root_13285,179.804890,33.914646,5,"0;3;4;10;11"
Root_13286,440.802234,53.492406,4,"3;4;10;11"
Root_13287,132.716557,29.572694,6,"0;1;2;4;10;11"
Root_13288,400.869178,49.850454,5,"1;2;4;10;11"
Root_13289,189.743098,34.902294,5,"0;2;4;10;11"
Root_13290,451.728090,54.480054,4,"2;4;10;11"
Root_13291,135.869306,30.498614,5,"0;1;4;10;11"
Root_13292,405.802458,50.776374,4,"1;4;10;11"
Root_13293,194.676378,35.828214,4,"0;4;10;11"
Root_13294,457.587290,55.405974,3,"4;10;11"
Root_13295,135.494317,29.881334,6,"0;1;2;3;10;11"
Root_13296,404.572858,50.159094,5,"1;2;3;10;11"
Root_13297,193.446778,35.210934,5,"0;2;3;10;11"
Root_13298,455.740410,54.788694,4,"2;3;10;11"
Root_13299,139.264346,30.807254,5,"0;1;3;10;11"
Root_13300,409.506138,51.085014,4,"1;3;10;11"
Root_13301,198.380058,36.136854,4,"0;3;10;11"
Root_13302,461.599610,55.714614,3,"3;10;11"
Root_13303,149.202554,31.794902,5,"0;1;2;10;11"
Root_13304,420.431994,52.072662,4,"1;2;10;11"
Root_13305,209.305914,37.124502,4,"0;2;10;11"
Root_13306,473.513114,56.702262,3,"2;10;11"
Root_13307,154.135834,32.720822,4,"0;1;10;11"
Root_13308,426.291194,52.998582,3,"1;10;11"
Root_13309,215.165114,38.050422,3,"0;10;11"
Root_13310,480.298234,57.628182,2,"10;11"
Root_13311,66.554246,14.369088,11,"0;1;2;3;4;5;6;7;8;9;11"
Root_13312,299.209488,34.646848,10,"1;2;3;4;5;6;7;8;9;11"
Root_13313,108.068752,19.698688,10,"0;2;3;4;5;6;7;8;9;11"
Root_13314,334.164794,39.276448,9,"2;3;4;5;6;7;8;9;11"
Root_13315,64.454246,15.295008,10,"0;1;3;4;5;6;7;8;9;11"
Root_13316,298.813168,35.572768,9,"1;3;4;5;6;7;8;9;11"
Root_13317,105.820592,20.624608,9,"0;3;4;5;6;7;8;9;11"
Root_13318,334.694394,40.202368,8,"3;4;5;6;7;8;9;11"
Root_13319,71.133254,16.282656,10,"0;1;2;4;5;6;7;8;9;11"
Root_13320,304.183504,36.560416,9,"1;2;4;5;6;7;8;9;11"
Root_13321,110.171280,21.612256,9,"0;2;4;5;6;7;8;9;11"
Root_13322,341.052378,41.190016,8,"2;4;5;6;7;8;9;11"
Root_13323,67.959174,17.208576,9,"0;1;4;5;6;7;8;9;11"
Root_13324,304.713104,37.486336,8,"1;4;5;6;7;8;9;11"
Root_13325,107.923120,22.538176,8,"0;4;5;6;7;8;9;11"
Root_13326,342.507898,42.115936,7,"4;5;6;7;8;9;11"
Root_13327,66.750534,16.591296,10,"0;1;2;3;5;6;7;8;9;11"
Root_13328,306.652624,36.869056,9,"1;2;3;5;6;7;8;9;11"
Root_13329,110.018096,21.920896,9,"0;2;3;5;6;7;8;9;11"
Root_13330,343.830138,41.498656,8,"2;3;5;6;7;8;9;11"
Root_13331,63.576454,17.517216,9,"0;1;3;5;6;7;8;9;11"
Root_13332,307.182224,37.794976,8,"1;3;5;6;7;8;9;11"
Root_13333,108.695856,22.846816,8,"0;3;5;6;7;8;9;11"
Root_13334,345.285658,42.424576,7,"3;5;6;7;8;9;11"
Root_13335,71.056614,18.504864,9,"0;1;2;5;6;7;8;9;11"
Root_13336,313.540208,38.782624,8,"1;2;5;6;7;8;9;11"
Root_13337,112.646448,23.834464,8,"0;2;5;6;7;8;9;11"
Root_13338,352.631290,43.412224,7,"2;5;6;7;8;9;11"
Root_13339,69.734374,19.430784,8,"0;1;5;6;7;8;9;11"
Root_13340,314.995728,39.708544,7,"1;5;6;7;8;9;11"
Root_13341,112.250128,24.760384,7,"0;5;6;7;8;9;11"
Root_13342,355.012730,44.338144,6,"5;6;7;8;9;11"
Root_13343,74.386448,15.912288,10,"0;1;2;3;4;6;7;8;9;11"
Root_13344,301.899568,36.190048,9,"1;2;3;4;6;7;8;9;11"
Root_13345,115.010800,21.241888,9,"0;2;3;4;6;7;8;9;11"
Root_13346,338.398074,40.819648,8,"2;3;4;6;7;8;9;11"
Root_13347,71.374160,16.838208,9,"0;1;3;4;6;7;8;9;11"
Root_13348,302.429168,37.115968,8,"1;3;4;6;7;8;9;11"
Root_13349,112.762640,22.167808,8,"0;3;4;6;7;8;9;11"
Root_13350,339.853594,41.745568,7,"3;4;6;7;8;9;11"
Root_13351,78.213584,17.825856,9,"0;1;2;4;6;7;8;9;11"
Root_13352,308.416784,38.103616,8,"1;2;4;6;7;8;9;11"
Root_13353,115.725584,23.155456,8,"0;2;4;6;7;8;9;11"
Root_13354,346.828858,42.733216,7,"2;4;6;7;8;9;11"
Root_13355,75.791280,18.751776,8,"0;1;4;6;7;8;9;11"
Root_13356,309.872304,39.029536,7,"1;4;6;7;8;9;11"
Root_13357,114.403344,24.081376,7,"0;4;6;7;8;9;11"
Root_13358,349.210298,43.659136,6,"4;6;7;8;9;11"
Root_13359,74.099856,18.134496,9,"0;1;2;3;6;7;8;9;11"
Root_13360,310.885904,38.412256,8,"1;2;3;6;7;8;9;11"
Root_13361,117.268784,23.464096,8,"0;2;3;6;7;8;9;11"
Root_13362,349.606618,43.041856,7,"2;3;6;7;8;9;11"
Root_13363,72.777616,19.060416,8,"0;1;3;6;7;8;9;11"
Root_13364,312.341424,39.338176,7,"1;3;6;7;8;9;11"
Root_13365,115.946544,24.390016,7,"0;3;6;7;8;9;11"
Root_13366,351.988058,43.967776,6,"3;6;7;8;9;11"
Root_13367,79.680144,20.048064,8,"0;1;2;6;7;8;9;11"
Root_13368,319.316688,40.325824,7,"1;2;6;7;8;9;11"
Root_13369,119.958864,25.377664,7,"0;2;6;7;8;9;11"
Root_13370,359.950970,44.955424,6,"2;6;7;8;9;11"
Root_13371,78.357904,20.973984,7,"0;1;6;7;8;9;11"
Root_13372,321.698128,41.251744,6,"1;6;7;8;9;11"
Root_13373,119.562544,26.303584,6,"0;6;7;8;9;11"
Root_13374,363.258330,45.881344,5,"6;7;8;9;11"
Root_13375,77.744246,16.794998,10,"0;1;2;3;4;5;7;8;9;11"
Root_13376,308.485946,37.072758,9,"1;2;3;4;5;7;8;9;11"
Root_13377,118.319414,22.124598,9,"0;2;3;4;5;7;8;9;11"
Root_13378,345.867162,41.702358,8,"2;3;4;5;7;8;9;11"
Root_13379,74.570166,17.720918,9,"0;1;3;4;5;7;8;9;11"
Root_13380,309.015546,37.998678,8,"1;3;4;5;7;8;9;11"
Root_13381,116.071254,23.050518,8,"0;3;4;5;7;8;9;11"
Root_13382,347.322682,42.628278,7,"3;4;5;7;8;9;11"
Root_13383,81.545462,18.708566,9,"0;1;2;4;5;7;8;9;11"
Root_13384,315.373530,38.986326,8,"1;2;4;5;7;8;9;11"
Root_13385,119.034198,24.038166,8,"0;2;4;5;7;8;9;11"
Root_13386,354.668314,43.615926,7,"2;4;5;7;8;9;11"
Root_13387,79.297302,19.634486,8,"0;1;4;5;7;8;9;11"
Root_13388,316.829050,39.912246,7,"1;4;5;7;8;9;11"
Root_13389,117.711958,24.964086,7,"0;4;5;7;8;9;11"
Root_13390,357.049754,44.541846,6,"4;5;7;8;9;11"
Root_13391,78.488589,19.017206,9,"0;1;2;3;5;7;8;9;11"
Root_13392,318.151290,39.294966,8,"1;2;3;5;7;8;9;11"
Root_13393,120.886038,24.346806,8,"0;2;3;5;7;8;9;11"
Root_13394,357.754714,43.924566,7,"2;3;5;7;8;9;11"
Root_13395,77.166349,19.943126,8,"0;1;3;5;7;8;9;11"
Root_13396,319.606810,40.220886,7,"1;3;5;7;8;9;11"
Root_13397,119.563798,25.272726,7,"0;3;5;7;8;9;11"
Root_13398,360.136154,44.850486,6,"3;5;7;8;9;11"
Root_13399,83.186166,20.930774,8,"0;1;2;5;7;8;9;11"
Root_13400,326.952442,41.208534,7,"1;2;5;7;8;9;11"
Root_13401,123.946486,26.260374,7,"0;2;5;7;8;9;11"
Root_13402,368.469434,45.838134,6,"2;5;7;8;9;11"
Root_13403,81.863926,21.856694,7,"0;1;5;7;8;9;11"
Root_13404,329.333882,42.134454,6,"1;5;7;8;9;11"
Root_13405,123.736461,27.186294,6,"0;5;7;8;9;11"
Root_13406,371.776794,46.764054,5,"5;7;8;9;11"
Root_13407,85.613504,18.338198,9,"0;1;2;3;4;7;8;9;11"
Root_13408,312.719226,38.615958,8,"1;2;3;4;7;8;9;11"
Root_13409,123.823200,23.667798,8,"0;2;3;4;7;8;9;11"
Root_13410,351.643642,43.245558,7,"2;3;4;7;8;9;11"
Root_13411,83.365344,19.264118,8,"0;1;3;4;7;8;9;11"
Root_13412,314.174746,39.541878,7,"1;3;4;7;8;9;11"
Root_13413,121.575040,24.593718,7,"0;3;4;7;8;9;11"
Root_13414,354.025082,44.171478,6,"3;4;7;8;9;11"
Root_13415,89.076522,20.251766,8,"0;1;2;4;7;8;9;11"
Root_13416,321.150010,40.529526,7,"1;2;4;7;8;9;11"
Root_13417,124.599712,25.581366,7,"0;2;4;7;8;9;11"
Root_13418,361.987994,45.159126,6,"2;4;7;8;9;11"
Root_13419,86.828362,21.177686,7,"0;1;4;7;8;9;11"
Root_13420,323.531450,41.455446,6,"1;4;7;8;9;11"
Root_13421,123.277472,26.507286,6,"0;4;7;8;9;11"
Root_13422,365.295354,46.085046,5,"4;7;8;9;11"
Root_13423,87.562848,20.560406,8,"0;1;2;3;7;8;9;11"
Root_13424,323.927770,40.838166,7,"1;2;3;7;8;9;11"
Root_13425,126.142912,25.890006,7,"0;2;3;7;8;9;11"
Root_13426,365.074394,45.467766,6,"2;3;7;8;9;11"
Root_13427,86.240608,21.486326,7,"0;1;3;7;8;9;11"
Root_13428,326.309210,41.764086,6,"1;3;7;8;9;11"
Root_13429,124.820672,26.815926,6,"0;3;7;8;9;11"
Root_13430,368.381754,46.393686,5,"3;7;8;9;11"
Root_13431,90.717226,22.473974,7,"0;1;2;7;8;9;11"
Root_13432,334.272122,42.751734,6,"1;2;7;8;9;11"
Root_13433,129.636566,27.803574,6,"0;2;7;8;9;11"
Root_13434,377.332314,47.381334,5,"2;7;8;9;11"
Root_13435,89.794880,23.399894,6,"0;1;7;8;9;11"
Root_13436,337.579482,43.677654,5,"1;7;8;9;11"
Root_13437,130.166166,28.729494,5,"0;7;8;9;11"
Root_13438,381.565594,48.307254,4,"7;8;9;11"
Root_13439,82.701126,17.393760,10,"0;1;2;3;4;5;6;8;9;11"
Root_13440,314.905658,37.671520,9,"1;2;3;4;5;6;8;9;11"
Root_13441,124.189754,22.723360,9,"0;2;3;4;5;6;8;9;11"
Root_13442,352.885635,42.301120,8,"2;3;4;5;6;8;9;11"
Root_13443,79.846726,18.319680,9,"0;1;3;4;5;6;8;9;11"
Root_13444,315.435258,38.597440,8,"1;3;4;5;6;8;9;11"
Root_13445,121.941594,23.649280,8,"0;3;4;5;6;8;9;11"
Root_13446,354.341155,43.227040,7,"3;4;5;6;8;9;11"
Root_13447,86.502342,19.307328,9,"0;1;2;4;5;6;8;9;11"
Root_13448,321.793242,39.585088,8,"1;2;4;5;6;8;9;11"
Root_13449,124.904538,24.636928,8,"0;2;4;5;6;8;9;11"
Root_13450,361.686787,44.214688,7,"2;4;5;6;8;9;11"
Root_13451,84.254182,20.233248,8,"0;1;4;5;6;8;9;11"
Root_13452,323.248762,40.511008,7,"1;4;5;6;8;9;11"
Root_13453,123.582298,25.562848,7,"0;4;5;6;8;9;11"
Root_13454,364.068227,45.140608,6,"4;5;6;8;9;11"
Root_13455,84.044230,19.615968,9,"0;1;2;3;5;6;8;9;11"
Root_13456,324.571002,39.893728,8,"1;2;3;5;6;8;9;11"
Root_13457,126.756378,24.945568,8,"0;2;3;5;6;8;9;11"
Root_13458,364.773187,44.523328,7,"2;3;5;6;8;9;11"
Root_13459,82.721990,20.541888,8,"0;1;3;5;6;8;9;11"
Root_13460,326.026522,40.819648,7,"1;3;5;6;8;9;11"
Root_13461,125.434138,25.871488,7,"0;3;5;6;8;9;11"
Root_13462,367.154627,45.449248,6,"3;5;6;8;9;11"
Root_13463,88.143046,21.529536,8,"0;1;2;5;6;8;9;11"
Root_13464,333.372154,41.807296,7,"1;2;5;6;8;9;11"
Root_13465,129.816826,26.859136,7,"0;2;5;6;8;9;11"
Root_13466,375.487907,46.436896,6,"2;5;6;8;9;11"
Root_13467,86.820806,22.455456,7,"0;1;5;6;8;9;11"
Root_13468,335.753594,42.733216,6,"1;5;6;8;9;11"
Root_13469,130.205562,27.785056,6,"0;5;6;8;9;11"
Root_13470,378.795267,47.362816,5,"5;6;8;9;11"
Root_13471,90.286320,18.936960,9,"0;1;2;3;4;6;8;9;11"
Root_13472,319.138938,39.214720,8,"1;2;3;4;6;8;9;11"
Root_13473,129.094778,24.266560,8,"0;2;3;4;6;8;9;11"
Root_13474,358.662115,43.844320,7,"2;3;4;6;8;9;11"
Root_13475,88.038160,19.862880,8,"0;1;3;4;6;8;9;11"
Root_13476,320.594458,40.140640,7,"1;3;4;6;8;9;11"
Root_13477,126.846618,25.192480,7,"0;3;4;6;8;9;11"
Root_13478,361.043555,44.770240,6,"3;4;6;8;9;11"
Root_13479,93.150576,20.850528,8,"0;1;2;4;6;8;9;11"
Root_13480,327.569722,41.128288,7,"1;2;4;6;8;9;11"
Root_13481,129.871290,26.180128,7,"0;2;4;6;8;9;11"
Root_13482,369.006467,45.757888,6,"2;4;6;8;9;11"
Root_13483,90.902416,21.776448,7,"0;1;4;6;8;9;11"
Root_13484,329.951162,42.054208,6,"1;4;6;8;9;11"
Root_13485,128.655098,27.106048,6,"0;4;6;8;9;11"
Root_13486,372.313827,46.683808,5,"4;6;8;9;11"
Root_13487,92.235664,21.159168,8,"0;1;2;3;6;8;9;11"
Root_13488,330.347482,41.436928,7,"1;2;3;6;8;9;11"
Root_13489,131.414490,26.488768,7,"0;2;3;6;8;9;11"
Root_13490,372.092867,46.066528,6,"2;3;6;8;9;11"
Root_13491,90.913424,22.085088,7,"0;1;3;6;8;9;11"
Root_13492,332.728922,42.362848,6,"1;3;6;8;9;11"
Root_13493,130.506938,27.414688,6,"0;3;6;8;9;11"
Root_13494,375.400227,46.992448,5,"3;6;8;9;11"
Root_13495,94.864016,23.072736,7,"0;1;2;6;8;9;11"
Root_13496,340.691834,43.350496,6,"1;2;6;8;9;11"
Root_13497,135.506906,28.402336,6,"0;2;6;8;9;11"
Root_13498,384.350787,47.980096,5,"2;6;8;9;11"
Root_13499,94.467696,23.998656,6,"0;1;6;8;9;11"
Root_13500,343.999194,44.276416,5,"1;6;8;9;11"
Root_13501,136.036506,29.328256,5,"0;6;8;9;11"
Root_13502,388.584067,48.906016,4,"6;8;9;11"
Root_13503,94.224438,19.819670,9,"0;1;2;3;4;5;8;9;11"
Root_13504,326.608026,40.097430,8,"1;2;3;4;5;8;9;11"
Root_13505,132.033024,25.149270,8,"0;2;3;4;5;8;9;11"
Root_13506,367.013914,44.727030,7,"2;3;4;5;8;9;11"
Root_13507,91.976278,20.745590,8,"0;1;3;4;5;8;9;11"
Root_13508,328.063546,41.023350,7,"1;3;4;5;8;9;11"
Root_13509,129.784864,26.075190,7,"0;3;4;5;8;9;11"
Root_13510,369.395354,45.652950,6,"3;4;5;8;9;11"
Root_13511,96.205984,21.733238,8,"0;1;2;4;5;8;9;11"
Root_13512,335.409178,42.010998,7,"1;2;4;5;8;9;11"
Root_13513,133.242742,27.062838,7,"0;2;4;5;8;9;11"
Root_13514,377.728634,46.640598,6,"2;4;5;8;9;11"
Root_13515,93.957824,22.659158,7,"0;1;4;5;8;9;11"
Root_13516,337.790618,42.936918,6,"1;4;5;8;9;11"
Root_13517,132.846422,27.988758,6,"0;4;5;8;9;11"
Root_13518,381.035994,47.566518,5,"4;5;8;9;11"
Root_13519,96.173782,22.041878,8,"0;1;2;3;5;8;9;11"
Root_13520,338.495578,42.319638,7,"1;2;3;5;8;9;11"
Root_13521,135.403222,27.371478,7,"0;2;3;5;8;9;11"
Root_13522,381.123674,46.949238,6,"2;3;5;8;9;11"
Root_13523,94.851542,22.967798,7,"0;1;3;5;8;9;11"
Root_13524,340.877018,43.245558,6,"1;3;5;8;9;11"
Root_13525,135.006902,28.297398,6,"0;3;5;8;9;11"
Root_13526,384.431034,47.875158,5,"3;5;8;9;11"
Root_13527,98.802134,23.955446,7,"0;1;2;5;8;9;11"
Root_13528,349.210298,44.233206,6,"1;2;5;8;9;11"
Root_13529,140.662285,29.285046,6,"0;2;5;8;9;11"
Root_13530,393.751962,48.862806,5,"2;5;8;9;11"
Root_13531,98.405814,24.881366,6,"0;1;5;8;9;11"
Root_13532,352.517658,45.159126,5,"1;5;8;9;11"
Root_13533,142.328771,30.210966,5,"0;5;8;9;11"
Root_13534,397.985242,49.788726,4,"5;8;9;11"
Root_13535,101.045504,21.362870,8,"0;1;2;3;4;8;9;11"
Root_13536,332.384506,41.640630,7,"1;2;3;4;8;9;11"
Root_13537,134.944234,26.692470,7,"0;2;3;4;8;9;11"
Root_13538,374.333594,46.270230,6,"2;3;4;8;9;11"
Root_13539,98.797344,22.288790,7,"0;1;3;4;8;9;11"
Root_13540,334.765946,42.566550,6,"1;3;4;8;9;11"
Root_13541,133.314464,27.618390,6,"0;3;4;8;9;11"
Root_13542,377.640954,47.196150,5,"3;4;8;9;11"
Root_13543,101.760288,23.276438,7,"0;1;2;4;8;9;11"
Root_13544,342.728858,43.554198,6,"1;2;4;8;9;11"
Root_13545,137.326784,28.606038,6,"0;2;4;8;9;11"
Root_13546,386.591514,48.183798,5,"2;4;8;9;11"
Root_13547,100.438048,24.202358,6,"0;1;4;8;9;11"
Root_13548,346.036218,44.480118,5,"1;4;8;9;11"
Root_13549,137.462422,29.531958,5,"0;4;8;9;11"
Root_13550,390.824794,49.109718,4,"4;8;9;11"
Root_13551,103.303488,23.585078,7,"0;1;2;3;8;9;11"
Root_13552,345.815258,43.862838,6,"1;2;3;8;9;11"
Root_13553,139.178624,28.914678,6,"0;2;3;8;9;11"
Root_13554,389.986554,48.492438,5,"2;3;8;9;11"
Root_13555,101.981248,24.510998,6,"0;1;3;8;9;11"
Root_13556,349.122618,44.788758,5,"1;3;8;9;11"
Root_13557,139.622902,29.840598,5,"0;3;8;9;11"
Root_13558,394.219834,49.418358,4,"3;8;9;11"
Root_13559,105.993568,25.498646,6,"0;1;2;8;9;11"
Root_13560,358.073178,45.776406,5,"1;2;8;9;11"
Root_13561,147.267011,30.828246,5,"0;2;8;9;11"
Root_13562,404.158042,50.406006,4,"2;8;9;11"
Root_13563,105.597248,26.424566,5,"0;1;8;9;11"
Root_13564,362.306458,46.702326,4,"1;8;9;11"
Root_13565,150.574371,31.754166,4,"0;8;9;11"
Root_13566,409.317242,51.331926,3,"8;9;11"
Root_13567,93.965168,18.998688,10,"0;1;2;3;4;5;6;7;9;11"
Root_13568,334.164794,39.276448,9,"1;2;3;4;5;6;7;9;11"
Root_13569,136.806938,24.328288,9,"0;2;3;4;5;6;7;9;11"
Root_13570,373.749699,43.906048,8,"2;3;4;5;6;7;9;11"
Root_13571,97.720592,19.924608,9,"0;1;3;4;5;6;7;9;11"
Root_13572,340.294394,40.202368,8,"1;3;4;5;6;7;9;11"
Root_13573,140.158778,25.254208,8,"0;3;4;5;6;7;9;11"
Root_13574,380.105219,44.831968,7,"3;4;5;6;7;9;11"
Root_13575,96.767696,20.912256,9,"0;1;2;4;5;6;7;9;11"
Root_13576,341.052378,41.190016,8,"1;2;4;5;6;7;9;11"
Root_13577,137.953818,26.241856,8,"0;2;4;5;6;7;9;11"
Root_13578,382.550851,45.819616,7,"2;4;5;6;7;9;11"
Root_13579,99.823120,21.838176,8,"0;1;4;5;6;7;9;11"
Root_13580,347.407898,42.115936,7,"1;4;5;6;7;9;11"
Root_13581,141.867130,27.167776,7,"0;4;5;6;7;9;11"
Root_13582,389.132291,46.745536,6,"4;5;6;7;9;11"
Root_13583,95.914512,21.220896,9,"0;1;2;3;5;6;7;9;11"
Root_13584,343.830138,41.498656,8,"1;2;3;5;6;7;9;11"
Root_13585,139.805658,26.550496,8,"0;2;3;5;6;7;9;11"
Root_13586,385.637251,46.128256,7,"2;3;5;6;7;9;11"
Root_13587,99.895856,22.146816,8,"0;1;3;5;6;7;9;11"
Root_13588,350.185658,42.424576,7,"1;3;5;6;7;9;11"
Root_13589,144.336250,27.476416,7,"0;3;5;6;7;9;11"
Root_13590,392.218691,47.054176,6,"3;5;6;7;9;11"
Root_13591,98.542864,23.134464,8,"0;1;2;5;6;7;9;11"
Root_13592,352.631290,43.412224,7,"1;2;5;6;7;9;11"
Root_13593,145.794234,28.464064,7,"0;2;5;6;7;9;11"
Root_13594,396.351971,48.041824,6,"2;5;6;7;9;11"
Root_13595,102.750128,24.060384,7,"0;1;5;6;7;9;11"
Root_13596,359.212730,44.338144,6,"1;5;6;7;9;11"
Root_13597,151.449754,29.389984,6,"0;5;6;7;9;11"
Root_13598,403.159331,48.967744,5,"5;6;7;9;11"
Root_13599,101.681168,20.541888,9,"0;1;2;3;4;6;7;9;11"
Root_13600,338.398074,40.819648,8,"1;2;3;4;6;7;9;11"
Root_13601,140.539130,25.871488,8,"0;2;3;4;6;7;9;11"
Root_13602,379.526179,45.449248,7,"2;3;4;6;7;9;11"
Root_13603,104.662640,21.467808,8,"0;1;3;4;6;7;9;11"
Root_13604,344.753594,41.745568,7,"1;3;4;6;7;9;11"
Root_13605,143.190970,26.797408,7,"0;3;4;6;7;9;11"
Root_13606,386.107619,46.375168,6,"3;4;6;7;9;11"
Root_13607,102.940496,22.455456,8,"0;1;2;4;6;7;9;11"
Root_13608,346.828858,42.733216,7,"1;2;4;6;7;9;11"
Root_13609,142.885754,27.785056,7,"0;2;4;6;7;9;11"
Root_13610,389.870531,47.362816,6,"2;4;6;7;9;11"
Root_13611,105.603344,23.381376,7,"0;1;4;6;7;9;11"
Root_13612,353.410298,43.659136,6,"1;4;6;7;9;11"
Root_13613,147.615354,28.710976,6,"0;4;6;7;9;11"
Root_13614,396.677891,48.288736,5,"4;6;7;9;11"
Root_13615,103.630512,22.764096,8,"0;1;2;3;6;7;9;11"
Root_13616,349.606618,43.041856,7,"1;2;3;6;7;9;11"
Root_13617,145.046234,28.093696,7,"0;2;3;6;7;9;11"
Root_13618,392.956931,47.671456,6,"2;3;6;7;9;11"
Root_13619,107.146544,23.690016,7,"0;1;3;6;7;9;11"
Root_13620,356.188058,43.967776,6,"1;3;6;7;9;11"
Root_13621,149.775834,29.019616,6,"0;3;6;7;9;11"
Root_13622,399.764291,48.597376,5,"3;6;7;9;11"
Root_13623,106.258864,24.677664,7,"0;1;2;6;7;9;11"
Root_13624,359.950970,44.955424,6,"1;2;6;7;9;11"
Root_13625,151.570714,30.007264,6,"0;2;6;7;9;11"
Root_13626,405.214851,49.585024,5,"2;6;7;9;11"
Root_13627,110.062544,25.603584,6,"0;1;6;7;9;11"
Root_13628,366.758330,45.881344,5,"1;6;7;9;11"
Root_13629,157.452154,30.933184,5,"0;6;7;9;11"
Root_13630,412.248131,50.510944,4,"6;7;9;11"
Root_13631,104.712128,21.424598,9,"0;1;2;3;4;5;7;9;11"
Root_13632,345.867162,41.702358,8,"1;2;3;4;5;7;9;11"
Root_13633,143.477376,26.754198,8,"0;2;3;4;5;7;9;11"
Root_13634,387.877978,46.331958,7,"2;3;4;5;7;9;11"
Root_13635,107.971254,22.350518,8,"0;1;3;4;5;7;9;11"
Root_13636,352.222682,42.628278,7,"1;3;4;5;7;9;11"
Root_13637,147.489453,27.680118,7,"0;3;4;5;7;9;11"
Root_13638,394.459418,47.257878,6,"3;4;5;7;9;11"
Root_13639,105.426912,23.338166,8,"0;1;2;4;5;7;9;11"
Root_13640,354.668314,43.615926,7,"1;2;4;5;7;9;11"
Root_13641,147.959789,28.667766,7,"0;2;4;5;7;9;11"
Root_13642,398.592698,48.245526,6,"2;4;5;7;9;11"
Root_13643,108.911958,24.264086,7,"0;1;4;5;7;9;11"
Root_13644,361.249754,44.541846,6,"1;4;5;7;9;11"
Root_13645,153.283075,29.593686,6,"0;4;5;7;9;11"
Root_13646,405.400058,49.171446,5,"4;5;7;9;11"
Root_13647,107.186038,23.646806,8,"0;1;2;3;5;7;9;11"
Root_13648,357.754714,43.924566,7,"1;2;3;5;7;9;11"
Root_13649,150.428909,28.976406,7,"0;2;3;5;7;9;11"
Root_13650,401.987738,48.554166,6,"2;3;5;7;9;11"
Root_13651,110.763798,24.572726,7,"0;1;3;5;7;9;11"
Root_13652,364.336154,44.850486,6,"1;3;5;7;9;11"
Root_13653,156.060835,29.902326,6,"0;3;5;7;9;11"
Root_13654,408.795098,49.480086,5,"3;5;7;9;11"
Root_13655,110.246486,25.560374,7,"0;1;2;5;7;9;11"
Root_13656,368.469434,45.838134,6,"1;2;5;7;9;11"
Root_13657,159.206467,30.889974,6,"0;2;5;7;9;11"
Root_13658,414.616026,50.467734,5,"2;5;7;9;11"
Root_13659,114.050166,26.486294,6,"0;1;5;7;9;11"
Root_13660,375.276794,46.764054,5,"1;5;7;9;11"
Root_13661,165.087907,31.815894,5,"0;5;7;9;11"
Root_13662,421.649306,51.393654,4,"5;7;9;11"
Root_13663,110.884928,22.967798,8,"0;1;2;3;4;7;9;11"
Root_13664,351.643642,43.245558,7,"1;2;3;4;7;9;11"
Root_13665,147.378454,28.297398,7,"0;2;3;4;7;9;11"
Root_13666,395.197658,47.875158,6,"2;3;4;7;9;11"
Root_13667,118.375040,23.893718,7,"0;1;3;4;7;9;11"
Root_13668,362.425082,44.171478,6,"1;3;4;7;9;11"
Root_13669,155.605453,29.223318,6,"0;3;4;7;9;11"
Root_13670,405.505018,48.801078,5,"3;4;7;9;11"
Root_13671,111.599712,24.881366,7,"0;1;2;4;7;9;11"
Root_13672,361.987994,45.159126,6,"1;2;4;7;9;11"
Root_13673,153.404035,30.210966,6,"0;2;4;7;9;11"
Root_13674,407.455578,49.788726,5,"2;4;7;9;11"
Root_13675,118.677472,25.807286,6,"0;1;4;7;9;11"
Root_13676,372.295354,46.085046,5,"1;4;7;9;11"
Root_13677,162.785475,31.136886,5,"0;4;7;9;11"
Root_13678,417.288858,50.714646,4,"4;7;9;11"
Root_13679,113.142912,25.190006,7,"0;1;2;3;7;9;11"
Root_13680,365.074394,45.467766,6,"1;2;3;7;9;11"
Root_13681,156.181795,30.519606,6,"0;2;3;7;9;11"
Root_13682,410.850618,50.097366,5,"2;3;7;9;11"
Root_13683,124.420672,26.115926,6,"0;1;3;7;9;11"
Root_13684,378.881754,46.393686,5,"1;3;7;9;11"
Root_13685,169.063235,31.445526,5,"0;3;7;9;11"
Root_13686,423.483898,51.023286,4,"3;7;9;11"
Root_13687,116.040141,27.103574,6,"0;1;2;7;9;11"
Root_13688,377.332314,47.381334,5,"1;2;7;9;11"
Root_13689,166.526147,32.433174,5,"0;2;7;9;11"
Root_13690,425.022106,52.010934,4,"2;7;9;11"
Root_13691,127.995661,28.029494,5,"0;1;7;9;11"
Root_13692,389.965594,48.307254,4,"1;7;9;11"
Root_13693,178.592602,33.359094,4,"0;7;9;11"
Root_13694,436.481306,52.936854,3,"7;9;11"
Root_13695,110.489754,22.023360,9,"0;1;2;3;4;5;6;9;11"
Root_13696,352.885635,42.301120,8,"1;2;3;4;5;6;9;11"
Root_13697,150.053635,27.352960,8,"0;2;3;4;5;6;9;11"
Root_13698,395.495213,46.930720,7,"2;3;4;5;6;9;11"
Root_13699,113.841594,22.949280,8,"0;1;3;4;5;6;9;11"
Root_13700,359.241155,43.227040,7,"1;3;4;5;6;9;11"
Root_13701,154.557315,28.278880,7,"0;3;4;5;6;9;11"
Root_13702,402.076653,47.856640,6,"3;4;5;6;9;11"
Root_13703,111.204538,23.936928,8,"0;1;2;4;5;6;9;11"
Root_13704,361.686787,44.214688,7,"1;2;4;5;6;9;11"
Root_13705,155.027651,29.266528,7,"0;2;4;5;6;9;11"
Root_13706,406.209933,48.844288,6,"2;4;5;6;9;11"
Root_13707,114.782298,24.862848,7,"0;1;4;5;6;9;11"
Root_13708,368.268227,45.140608,6,"1;4;5;6;9;11"
Root_13709,159.949699,30.192448,6,"0;4;5;6;9;11"
Root_13710,413.017293,49.770208,5,"4;5;6;9;11"
Root_13711,113.056378,24.245568,8,"0;1;2;3;5;6;9;11"
Root_13712,364.773187,44.523328,7,"1;2;3;5;6;9;11"
Root_13713,157.496771,29.575168,7,"0;2;3;5;6;9;11"
Root_13714,409.604973,49.152928,6,"2;3;5;6;9;11"
Root_13715,116.634138,25.171488,7,"0;1;3;5;6;9;11"
Root_13716,371.354627,45.449248,6,"1;3;5;6;9;11"
Root_13717,162.727459,30.501088,6,"0;3;5;6;9;11"
Root_13718,416.412333,50.078848,5,"3;5;6;9;11"
Root_13719,116.116826,26.159136,7,"0;1;2;5;6;9;11"
Root_13720,375.487907,46.436896,6,"1;2;5;6;9;11"
Root_13721,165.873091,31.488736,6,"0;2;5;6;9;11"
Root_13722,422.233261,51.066496,5,"2;5;6;9;11"
Root_13723,120.090618,27.085056,6,"0;1;5;6;9;11"
Root_13724,382.295267,47.362816,5,"1;5;6;9;11"
Root_13725,171.754531,32.414656,5,"0;5;6;9;11"
Root_13726,429.266541,51.992416,4,"5;6;9;11"
Root_13727,116.094778,23.566560,8,"0;1;2;3;4;6;9;11"
Root_13728,358.662115,43.844320,7,"1;2;3;4;6;9;11"
Root_13729,153.847555,28.896160,7,"0;2;3;4;6;9;11"
Root_13730,402.814893,48.473920,6,"2;3;4;6;9;11"
Root_13731,118.746618,24.492480,7,"0;1;3;4;6;9;11"
Root_13732,365.243555,44.770240,6,"1;3;4;6;9;11"
Root_13733,157.651235,29.822080,6,"0;3;4;6;9;11"
Root_13734,409.622253,49.399840,5,"3;4;6;9;11"
Root_13735,116.871290,25.480128,7,"0;1;2;4;6;9;11"
Root_13736,369.006467,45.757888,6,"1;2;4;6;9;11"
Root_13737,160.070659,30.809728,6,"0;2;4;6;9;11"
Root_13738,415.072813,50.387488,5,"2;4;6;9;11"
Root_13739,119.749050,26.406048,6,"0;1;4;6;9;11"
Root_13740,375.813827,46.683808,5,"1;4;6;9;11"
Root_13741,165.952099,31.735648,5,"0;4;6;9;11"
Root_13742,422.106093,51.313408,4,"4;6;9;11"
Root_13743,118.414490,25.788768,7,"0;1;2;3;6;9;11"
Root_13744,372.092867,46.066528,6,"1;2;3;6;9;11"
Root_13745,162.848419,31.118368,6,"0;2;3;6;9;11"
Root_13746,418.467853,50.696128,5,"2;3;6;9;11"
Root_13747,121.292250,26.714688,6,"0;1;3;6;9;11"
Root_13748,378.900227,46.992448,5,"1;3;6;9;11"
Root_13749,168.729859,32.044288,5,"0;3;6;9;11"
Root_13750,425.501133,51.622048,4,"3;6;9;11"
Root_13751,122.509242,27.702336,6,"0;1;2;6;9;11"
Root_13752,384.350787,47.980096,5,"1;2;6;9;11"
Root_13753,173.224707,33.031936,5,"0;2;6;9;11"
Root_13754,432.639341,52.609696,4,"2;6;9;11"
Root_13755,127.464762,28.628256,5,"0;1;6;9;11"
Root_13756,391.384067,48.906016,4,"1;6;9;11"
Root_13757,180.257987,33.957856,4,"0;6;9;11"
Root_13758,439.898541,53.535616,3,"6;9;11"
Root_13759,119.033024,24.449270,8,"0;1;2;3;4;5;9;11"
Root_13760,367.013914,44.727030,7,"1;2;3;4;5;9;11"
Root_13761,159.330093,29.778870,7,"0;2;3;4;5;9;11"
Root_13762,412.049402,49.356630,6,"2;3;4;5;9;11"
Root_13763,121.684864,25.375190,7,"0;1;3;4;5;9;11"
Root_13764,373.595354,45.652950,6,"1;3;4;5;9;11"
Root_13765,164.764483,30.704790,6,"0;3;4;5;9;11"
Root_13766,418.856762,50.282550,5,"3;4;5;9;11"
Root_13767,120.179904,26.362838,7,"0;1;2;4;5;9;11"
Root_13768,377.728634,46.640598,6,"1;2;4;5;9;11"
Root_13769,167.910115,31.692438,6,"0;2;4;5;9;11"
Root_13770,424.677690,51.270198,5,"2;4;5;9;11"
Root_13771,123.635181,27.288758,6,"0;1;4;5;9;11"
Root_13772,384.535994,47.566518,5,"1;4;5;9;11"
Root_13773,173.791555,32.618358,5,"0;4;5;9;11"
Root_13774,431.710970,52.196118,4,"4;5;9;11"
Root_13775,122.031744,26.671478,7,"0;1;2;3;5;9;11"
Root_13776,381.123674,46.949238,6,"1;2;3;5;9;11"
Root_13777,170.996515,32.001078,6,"0;2;3;5;9;11"
Root_13778,428.381370,51.578838,5,"2;3;5;9;11"
Root_13779,126.104301,27.597398,6,"0;1;3;5;9;11"
Root_13780,387.931034,47.875158,5,"1;3;5;9;11"
Root_13781,176.877955,32.926998,5,"0;3;5;9;11"
Root_13782,435.414650,52.504758,4,"3;5;9;11"
Root_13783,128.262285,28.585046,6,"0;1;2;5;9;11"
Root_13784,393.751962,48.862806,5,"1;2;5;9;11"
Root_13785,182.625882,33.914646,5,"0;2;5;9;11"
Root_13786,442.923226,53.492406,4,"2;5;9;11"
Root_13787,133.728771,29.510966,5,"0;1;5;9;11"
Root_13788,400.785242,49.788726,4,"1;5;9;11"
Root_13789,189.659162,34.840566,4,"0;5;9;11"
Root_13790,450.182426,54.418326,3,"5;9;11"
Root_13791,122.644234,25.992470,7,"0;1;2;3;4;9;11"
Root_13792,374.333594,46.270230,6,"1;2;3;4;9;11"
Root_13793,164.885443,31.322070,6,"0;2;3;4;9;11"
Root_13794,420.912282,50.899830,5,"2;3;4;9;11"
Root_13795,128.796074,26.918390,6,"0;1;3;4;9;11"
Root_13796,384.640954,47.196150,5,"1;3;4;9;11"
Root_13797,174.266883,32.247990,5,"0;3;4;9;11"
Root_13798,430.745562,51.825750,4,"3;4;9;11"
Root_13799,125.232822,27.906038,6,"0;1;2;4;9;11"
Root_13800,386.591514,48.183798,5,"1;2;4;9;11"
Root_13801,175.465434,33.235638,5,"0;2;4;9;11"
Root_13802,435.083770,52.813398,4,"2;4;9;11"
Root_13803,132.762422,28.831958,5,"0;1;4;9;11"
Root_13804,396.424794,49.109718,4,"1;4;9;11"
Root_13805,185.298714,34.161558,4,"0;4;9;11"
Root_13806,444.442970,53.739318,3,"4;9;11"
Root_13807,127.393302,28.214678,6,"0;1;2;3;9;11"
Root_13808,389.986554,48.492438,5,"1;2;3;9;11"
Root_13809,178.860474,33.544278,5,"0;2;3;9;11"
Root_13810,438.787450,53.122038,4,"2;3;9;11"
Root_13811,138.563501,29.140598,5,"0;1;3;9;11"
Root_13812,402.619834,49.418358,4,"1;3;9;11"
Root_13813,191.493754,34.470198,4,"0;3;9;11"
Root_13814,450.246650,54.047958,3,"3;9;11"
Root_13815,135.295258,30.128246,5,"0;1;2;9;11"
Root_13816,404.158042,50.406006,4,"1;2;9;11"
Root_13817,193.031962,35.457846,4,"0;2;9;11"
Root_13818,454.872506,55.035606,3,"2;9;11"
Root_13819,147.928538,31.054166,4,"0;1;9;11"
Root_13820,415.617242,51.331926,3,"1;9;11"
Root_13821,204.491162,36.383766,3,"0;9;11"
Root_13822,465.157626,55.961526,2,"9;11"
Root_13823,70.861638,16.961664,10,"0;1;2;3;4;5;6;7;8;11"
Root_13824,310.152602,37.239424,9,"1;2;3;4;5;6;7;8;11"
Root_13825,112.777338,22.291264,9,"0;2;3;4;5;6;7;8;11"
Root_13826,347.700483,41.869024,8,"2;3;4;5;6;7;8;11"
Root_13827,67.687558,17.887584,9,"0;1;3;4;5;6;7;8;11"
Root_13828,310.682202,38.165344,8,"1;3;4;5;6;7;8;11"
Root_13829,111.455098,23.217184,8,"0;3;4;5;6;7;8;11"
Root_13830,349.156003,42.794944,7,"3;4;5;6;7;8;11"
Root_13831,74.662854,18.875232,9,"0;1;2;4;5;6;7;8;11"
Root_13832,317.040186,39.152992,8,"1;2;4;5;6;7;8;11"
Root_13833,115.405690,24.204832,8,"0;2;4;5;6;7;8;11"
Root_13834,356.501635,43.782592,7,"2;4;5;6;7;8;11"
Root_13835,72.414694,19.801152,8,"0;1;4;5;6;7;8;11"
Root_13836,318.495706,40.078912,7,"1;4;5;6;7;8;11"
Root_13837,115.009370,25.130752,7,"0;4;5;6;7;8;11"
Root_13838,358.883075,44.708512,6,"4;5;6;7;8;11"
Root_13839,71.772646,19.183872,9,"0;1;2;3;5;6;7;8;11"
Root_13840,319.817946,39.461632,8,"1;2;3;5;6;7;8;11"
Root_13841,117.566170,24.513472,8,"0;2;3;5;6;7;8;11"
Root_13842,359.588035,44.091232,7,"2;3;5;6;7;8;11"
Root_13843,70.450406,20.109792,8,"0;1;3;5;6;7;8;11"
Root_13844,321.273466,40.387552,7,"1;3;5;6;7;8;11"
Root_13845,117.169850,25.439392,7,"0;3;5;6;7;8;11"
Root_13846,361.969475,45.017152,6,"3;5;6;7;8;11"
Root_13847,76.400998,21.097440,8,"0;1;2;5;6;7;8;11"
Root_13848,328.619098,41.375200,7,"1;2;5;6;7;8;11"
Root_13849,122.540186,26.427040,7,"0;2;5;6;7;8;11"
Root_13850,370.302755,46.004800,6,"2;5;6;7;8;11"
Root_13851,76.004678,22.023360,7,"0;1;5;6;7;8;11"
Root_13852,331.000538,42.301120,6,"1;5;6;7;8;11"
Root_13853,123.422746,27.352960,6,"0;5;6;7;8;11"
Root_13854,373.610115,46.930720,5,"5;6;7;8;11"
Root_13855,78.446832,18.504864,9,"0;1;2;3;4;6;7;8;11"
Root_13856,314.385882,38.782624,8,"1;2;3;4;6;7;8;11"
Root_13857,119.657658,23.834464,8,"0;2;3;4;6;7;8;11"
Root_13858,353.476963,43.412224,7,"2;3;4;6;7;8;11"
Root_13859,76.198672,19.430784,8,"0;1;3;4;6;7;8;11"
Root_13860,315.841402,39.708544,7,"1;3;4;6;7;8;11"
Root_13861,118.335418,24.760384,7,"0;3;4;6;7;8;11"
Root_13862,355.858403,44.338144,6,"3;4;6;7;8;11"
Root_13863,81.743184,20.418432,8,"0;1;2;4;6;7;8;11"
Root_13864,322.816666,40.696192,7,"1;2;4;6;7;8;11"
Root_13865,122.347738,25.748032,7,"0;2;4;6;7;8;11"
Root_13866,363.821315,45.325792,6,"2;4;6;7;8;11"
Root_13867,79.839376,21.344352,7,"0;1;4;6;7;8;11"
Root_13868,325.198106,41.622112,6,"1;4;6;7;8;11"
Root_13869,121.951418,26.673952,6,"0;4;6;7;8;11"
Root_13870,367.128675,46.251712,5,"4;6;7;8;11"
Root_13871,80.396176,20.727072,8,"0;1;2;3;6;7;8;11"
Root_13872,325.594426,41.004832,7,"1;2;3;6;7;8;11"
Root_13873,124.199578,26.056672,7,"0;2;3;6;7;8;11"
Root_13874,366.907715,45.634432,6,"2;3;6;7;8;11"
Root_13875,79.726928,21.652992,7,"0;1;3;6;7;8;11"
Root_13876,327.975866,41.930752,6,"1;3;6;7;8;11"
Root_13877,123.803258,26.982592,6,"0;3;6;7;8;11"
Root_13878,370.215075,46.560352,5,"3;6;7;8;11"
Root_13879,85.024528,22.640640,7,"0;1;2;6;7;8;11"
Root_13880,335.938778,42.918400,6,"1;2;6;7;8;11"
Root_13881,129.773466,27.970240,6,"0;2;6;7;8;11"
Root_13882,379.165635,47.548000,5,"2;6;7;8;11"
Root_13883,85.194768,23.566560,6,"0;1;6;7;8;11"
Root_13884,339.246138,43.844320,5,"1;6;7;8;11"
Root_13885,131.228986,28.896160,5,"0;6;7;8;11"
Root_13886,383.398915,48.473920,4,"6;7;8;11"
Root_13887,81.952854,19.387574,9,"0;1;2;3;4;5;7;8;11"
Root_13888,321.854970,39.665334,8,"1;2;3;4;5;7;8;11"
Root_13889,123.478614,24.717174,8,"0;2;3;4;5;7;8;11"
Root_13890,361.828762,44.294934,7,"2;3;4;5;7;8;11"
Root_13891,79.704694,20.313494,8,"0;1;3;4;5;7;8;11"
Root_13892,323.310490,40.591254,7,"1;3;4;5;7;8;11"
Root_13893,122.156374,25.643094,7,"0;3;4;5;7;8;11"
Root_13894,364.210202,45.220854,6,"3;4;5;7;8;11"
Root_13895,84.667638,21.301142,8,"0;1;2;4;5;7;8;11"
Root_13896,330.656122,41.578902,7,"1;2;4;5;7;8;11"
Root_13897,126.539062,26.630742,7,"0;2;4;5;7;8;11"
Root_13898,372.543482,46.208502,6,"2;4;5;7;8;11"
Root_13899,83.345398,22.227062,7,"0;1;4;5;7;8;11"
Root_13900,333.037562,42.504822,6,"1;4;5;7;8;11"
Root_13901,126.699405,27.556662,6,"0;4;5;7;8;11"
Root_13902,375.850842,47.134422,5,"4;5;7;8;11"
Root_13903,84.511981,21.609782,8,"0;1;2;3;5;7;8;11"
Root_13904,333.742522,41.887542,7,"1;2;3;5;7;8;11"
Root_13905,128.699542,26.939382,7,"0;2;3;5;7;8;11"
Root_13906,375.938522,46.517142,6,"2;3;5;7;8;11"
Root_13907,84.115661,22.535702,7,"0;1;3;5;7;8;11"
Root_13908,336.123962,42.813462,6,"1;3;5;7;8;11"
Root_13909,129.168525,27.865302,6,"0;3;5;7;8;11"
Root_13910,379.245882,47.443062,5,"3;5;7;8;11"
Root_13911,89.053901,23.523350,7,"0;1;2;5;7;8;11"
Root_13912,344.457242,43.801110,6,"1;2;5;7;8;11"
Root_13913,135.526509,28.852950,6,"0;2;5;7;8;11"
Root_13914,388.566810,48.430710,5,"2;5;7;8;11"
Root_13915,89.583501,24.449270,6,"0;1;5;7;8;11"
Root_13916,347.764602,44.727030,5,"1;5;7;8;11"
Root_13917,137.760899,29.778870,5,"0;5;7;8;11"
Root_13918,392.800090,49.356630,4,"5;7;8;11"
Root_13919,89.483914,20.930774,8,"0;1;2;3;4;7;8;11"
Root_13920,327.631450,41.208534,7,"1;2;3;4;7;8;11"
Root_13921,128.365120,26.260374,7,"0;2;3;4;7;8;11"
Root_13922,369.148442,45.838134,6,"2;3;4;7;8;11"
Root_13923,88.092448,21.856694,7,"0;1;3;4;7;8;11"
Root_13924,330.012890,42.134454,6,"1;3;4;7;8;11"
Root_13925,127.229174,27.186294,6,"0;3;4;7;8;11"
Root_13926,372.455802,46.764054,5,"3;4;7;8;11"
Root_13927,92.198698,22.844342,7,"0;1;2;4;7;8;11"
Root_13928,337.975802,43.122102,6,"1;2;4;7;8;11"
Root_13929,132.229142,28.173942,6,"0;2;4;7;8;11"
Root_13930,381.406362,47.751702,5,"2;4;7;8;11"
Root_13931,91.646720,23.770262,6,"0;1;4;7;8;11"
Root_13932,341.283162,44.048022,5,"1;4;7;8;11"
Root_13933,132.858605,29.099862,5,"0;4;7;8;11"
Root_13934,385.639642,48.677622,4,"4;7;8;11"
Root_13935,93.616982,23.152982,7,"0;1;2;3;7;8;11"
Root_13936,341.062202,43.430742,6,"1;2;3;7;8;11"
Root_13937,134.389622,28.482582,6,"0;2;3;7;8;11"
Root_13938,384.801402,48.060342,5,"2;3;7;8;11"
Root_13939,93.220662,24.078902,6,"0;1;3;7;8;11"
Root_13940,344.369562,44.356662,5,"1;3;7;8;11"
Root_13941,135.327725,29.408502,5,"0;3;7;8;11"
Root_13942,389.034682,48.986262,4,"3;7;8;11"
Root_13943,98.220630,25.066550,6,"0;1;2;7;8;11"
Root_13944,353.320122,45.344310,5,"1;2;7;8;11"
Root_13945,142.699139,30.396150,5,"0;2;7;8;11"
Root_13946,398.972890,49.973910,4,"2;7;8;11"
Root_13947,98.750230,25.992470,5,"0;1;7;8;11"
Root_13948,357.553402,46.270230,4,"1;7;8;11"
Root_13949,146.006499,31.322070,4,"0;7;8;11"
Root_13950,404.132090,50.899830,3,"7;8;11"
Root_13951,87.391098,19.986336,9,"0;1;2;3;4;5;6;8;11"
Root_13952,328.441347,40.264096,8,"1;2;3;4;5;6;8;11"
Root_13953,129.515619,25.315936,8,"0;2;3;4;5;6;8;11"
Root_13954,369.013901,44.893696,7,"2;3;4;5;6;8;11"
Root_13955,85.142938,20.912256,8,"0;1;3;4;5;6;8;11"
Root_13956,329.896867,41.190016,7,"1;3;4;5;6;8;11"
Root_13957,128.193379,26.241856,7,"0;3;4;5;6;8;11"
Root_13958,371.395341,45.819616,6,"3;4;5;6;8;11"
Root_13959,90.105882,21.899904,8,"0;1;2;4;5;6;8;11"
Root_13960,337.242499,42.177664,7,"1;2;4;5;6;8;11"
Root_13961,132.805571,27.229504,7,"0;2;4;5;6;8;11"
Root_13962,379.728621,46.807264,6,"2;4;5;6;8;11"
Root_13963,88.783642,22.825824,7,"0;1;4;5;6;8;11"
Root_13964,339.623939,43.103584,6,"1;4;5;6;8;11"
Root_13965,133.335171,28.155424,6,"0;4;5;6;8;11"
Root_13966,383.035981,47.733184,5,"4;5;6;8;11"
Root_13967,90.548986,22.208544,8,"0;1;2;3;5;6;8;11"
Root_13968,340.328899,42.486304,7,"1;2;3;5;6;8;11"
Root_13969,135.274691,27.538144,7,"0;2;3;5;6;8;11"
Root_13970,383.123661,47.115904,6,"2;3;5;6;8;11"
Root_13971,90.152666,23.134464,7,"0;1;3;5;6;8;11"
Root_13972,342.710339,43.412224,6,"1;3;5;6;8;11"
Root_13973,135.804291,28.464064,6,"0;3;5;6;8;11"
Root_13974,386.431021,48.041824,5,"3;5;6;8;11"
Root_13975,95.090906,24.122112,7,"0;1;2;5;6;8;11"
Root_13976,351.043619,44.399872,6,"1;2;5;6;8;11"
Root_13977,142.162275,29.451712,6,"0;2;5;6;8;11"
Root_13978,395.751949,49.029472,5,"2;5;6;8;11"
Root_13979,95.620506,25.048032,6,"0;1;5;6;8;11"
Root_13980,354.350979,45.325792,5,"1;5;6;8;11"
Root_13981,143.995427,30.377632,5,"0;5;6;8;11"
Root_13982,399.985229,49.955392,4,"5;6;8;11"
Root_13983,94.575034,21.529536,8,"0;1;2;3;4;6;8;11"
Root_13984,334.217827,41.807296,7,"1;2;3;4;6;8;11"
Root_13985,133.803363,26.859136,7,"0;2;3;4;6;8;11"
Root_13986,376.333581,46.436896,6,"2;3;4;6;8;11"
Root_13987,93.252794,22.455456,7,"0;1;3;4;6;8;11"
Root_13988,336.599267,42.733216,6,"1;3;4;6;8;11"
Root_13989,133.266179,27.785056,6,"0;3;4;6;8;11"
Root_13990,379.640941,47.362816,5,"3;4;6;8;11"
Root_13991,97.203386,23.443104,7,"0;1;2;4;6;8;11"
Root_13992,344.562179,43.720864,6,"1;2;4;6;8;11"
Root_13993,138.266147,28.772704,6,"0;2;4;6;8;11"
Root_13994,388.591501,48.350464,5,"2;4;6;8;11"
Root_13995,96.807066,24.369024,6,"0;1;4;6;8;11"
Root_13996,347.869539,44.646784,5,"1;4;6;8;11"
Root_13997,138.795747,29.698624,5,"0;4;6;8;11"
Root_13998,392.824781,49.276384,4,"4;6;8;11"
Root_13999,99.055226,23.751744,7,"0;1;2;3;6;8;11"
Root_14000,347.648579,44.029504,6,"1;2;3;6;8;11"
Root_14001,140.426627,29.081344,6,"0;2;3;6;8;11"
Root_14002,391.986541,48.659104,5,"2;3;6;8;11"
Root_14003,98.658906,24.677664,6,"0;1;3;6;8;11"
Root_14004,350.955939,44.955424,5,"1;3;6;8;11"
Root_14005,140.970755,30.007264,5,"0;3;6;8;11"
Root_14006,396.219821,49.585024,4,"3;6;8;11"
Root_14007,103.658874,25.665312,6,"0;1;2;6;8;11"
Root_14008,359.906499,45.943072,5,"1;2;6;8;11"
Root_14009,148.933667,30.994912,5,"0;2;6;8;11"
Root_14010,406.158029,50.572672,4,"2;6;8;11"
Root_14011,104.188474,26.591232,5,"0;1;6;8;11"
Root_14012,364.139779,46.868992,4,"1;6;8;11"
Root_14013,152.241027,31.920832,4,"0;6;8;11"
Root_14014,411.317229,51.498592,3,"6;8;11"
Root_14015,98.766358,22.412246,8,"0;1;2;3;4;5;8;11"
Root_14016,342.569626,42.690006,7,"1;2;3;4;5;8;11"
Root_14017,138.366166,27.741846,7,"0;2;3;4;5;8;11"
Root_14018,385.568090,47.319606,6,"2;3;4;5;8;11"
Root_14019,97.444118,23.338166,7,"0;1;3;4;5;8;11"
Root_14020,344.951066,43.615926,6,"1;3;4;5;8;11"
Root_14021,137.969846,28.667766,6,"0;3;4;5;8;11"
Root_14022,388.875450,48.245526,5,"3;4;5;8;11"
Root_14023,101.394710,24.325814,7,"0;1;2;4;5;8;11"
Root_14024,353.284346,44.603574,6,"1;2;4;5;8;11"
Root_14025,143.995597,29.655414,6,"0;2;4;5;8;11"
Root_14026,398.196378,49.233174,5,"2;4;5;8;11"
Root_14027,100.998390,25.251734,6,"0;1;4;5;8;11"
Root_14028,356.591706,45.529494,5,"1;4;5;8;11"
Root_14029,146.032451,30.581334,5,"0;4;5;8;11"
Root_14030,402.429658,50.159094,4,"4;5;8;11"
Root_14031,103.555190,24.634454,7,"0;1;2;3;5;8;11"
Root_14032,356.679386,44.912214,6,"1;2;3;5;8;11"
Root_14033,146.773357,29.964054,6,"0;2;3;5;8;11"
Root_14034,401.900058,49.541814,5,"2;3;5;8;11"
Root_14035,103.158870,25.560374,6,"0;1;3;5;8;11"
Root_14036,359.986746,45.838134,5,"1;3;5;8;11"
Root_14037,149.118851,30.889974,5,"0;3;5;8;11"
Root_14038,406.133338,50.467734,4,"3;5;8;11"
Root_14039,108.529206,26.548022,6,"0;1;2;5;8;11"
Root_14040,369.307674,46.825782,5,"1;2;5;8;11"
Root_14041,157.452131,31.877622,5,"0;2;5;8;11"
Root_14042,416.441914,51.455382,4,"2;5;8;11"
Root_14043,109.532749,27.473942,5,"0;1;5;8;11"
Root_14044,373.540954,47.751702,4,"1;5;8;11"
Root_14045,160.759491,32.803542,4,"0;5;8;11"
Root_14046,421.601114,52.381302,3,"5;8;11"
Root_14047,105.525696,23.955446,7,"0;1;2;3;4;8;11"
Root_14048,349.889306,44.233206,6,"1;2;3;4;8;11"
Root_14049,142.056246,29.285046,6,"0;2;3;4;8;11"
Root_14050,394.430970,48.862806,5,"2;3;4;8;11"
Root_14051,104.203456,24.881366,6,"0;1;3;4;8;11"
Root_14052,353.196666,45.159126,5,"1;3;4;8;11"
Root_14053,143.007779,30.210966,5,"0;3;4;8;11"
Root_14054,398.664250,49.788726,4,"3;4;8;11"
Root_14055,108.215776,25.869014,6,"0;1;2;4;8;11"
Root_14056,362.147226,46.146774,5,"1;2;4;8;11"
Root_14057,150.970691,31.198614,5,"0;2;4;8;11"
Root_14058,408.602458,50.776374,4,"2;4;8;11"
Root_14059,107.819456,26.794934,5,"0;1;4;8;11"
Root_14060,366.380506,47.072694,4,"1;4;8;11"
Root_14061,154.278051,32.124534,4,"0;4;8;11"
Root_14062,413.761658,51.702294,3,"4;8;11"
Root_14063,110.067616,26.177654,6,"0;1;2;3;8;11"
Root_14064,365.542266,46.455414,5,"1;2;3;8;11"
Root_14065,154.057091,31.507254,5,"0;2;3;8;11"
Root_14066,412.306138,51.085014,4,"2;3;8;11"
Root_14067,109.774870,27.103574,5,"0;1;3;8;11"
Root_14068,369.775546,47.381334,4,"1;3;8;11"
Root_14069,157.364451,32.433174,4,"0;3;8;11"
Root_14070,417.465338,52.010934,3,"3;8;11"
Root_14071,115.762486,28.091222,5,"0;1;2;8;11"
Root_14072,379.713754,48.368982,4,"1;2;8;11"
Root_14073,166.735834,33.420822,4,"0;2;8;11"
Root_14074,428.391194,52.998582,3,"2;8;11"
Root_14075,117.235149,29.017142,4,"0;1;8;11"
Root_14076,384.872954,49.294902,3,"1;8;11"
Root_14077,171.895034,34.346742,3,"0;8;11"
Root_14078,434.476314,53.924502,2,"8;11"
Root_14079,98.377338,21.591264,9,"0;1;2;3;4;5;6;7;11"
Root_14080,347.700483,41.869024,8,"1;2;3;4;5;6;7;11"
Root_14081,142.564899,26.920864,8,"0;2;3;4;5;6;7;11"
Root_14082,389.877965,46.498624,7,"2;3;4;5;6;7;11"
Root_14083,102.655098,22.517184,8,"0;1;3;4;5;6;7;11"
Root_14084,354.056003,42.794944,7,"1;3;4;5;6;7;11"
Root_14085,147.836227,27.846784,7,"0;3;4;5;6;7;11"
Root_14086,396.459405,47.424544,6,"3;4;5;6;7;11"
Root_14087,101.005690,23.504832,8,"0;1;2;4;5;6;7;11"
Root_14088,356.501635,43.782592,7,"1;2;4;5;6;7;11"
Root_14089,149.294211,28.834432,7,"0;2;4;5;6;7;11"
Root_14090,400.592685,48.412192,6,"2;4;5;6;7;11"
Root_14091,105.509370,24.430752,7,"0;1;4;5;6;7;11"
Root_14092,363.083075,44.708512,6,"1;4;5;6;7;11"
Root_14093,154.949731,29.760352,6,"0;4;5;6;7;11"
Root_14094,407.400045,49.338112,5,"4;5;6;7;11"
Root_14095,103.166170,23.813472,8,"0;1;2;3;5;6;7;11"
Root_14096,359.588035,44.091232,7,"1;2;3;5;6;7;11"
Root_14097,152.071971,29.143072,7,"0;2;3;5;6;7;11"
Root_14098,403.987725,48.720832,6,"2;3;5;6;7;11"
Root_14099,107.669850,24.739392,7,"0;1;3;5;6;7;11"
Root_14100,366.169475,45.017152,6,"1;3;5;6;7;11"
Root_14101,157.727491,30.068992,6,"0;3;5;6;7;11"
Root_14102,410.795085,49.646752,5,"3;5;6;7;11"
Root_14103,108.140186,25.727040,7,"0;1;2;5;6;7;11"
Root_14104,370.302755,46.004800,6,"1;2;5;6;7;11"
Root_14105,160.873123,31.056640,6,"0;2;5;6;7;11"
Root_14106,416.616013,50.634400,5,"2;5;6;7;11"
Root_14107,112.869786,26.652960,6,"0;1;5;6;7;11"
Root_14108,377.110115,46.930720,5,"1;5;6;7;11"
Root_14109,166.754563,31.982560,5,"0;5;6;7;11"
Root_14110,423.649293,51.560320,4,"5;6;7;11"
Root_14111,105.957658,23.134464,8,"0;1;2;3;4;6;7;11"
Root_14112,353.476963,43.412224,7,"1;2;3;4;6;7;11"
Root_14113,148.175843,28.464064,7,"0;2;3;4;6;7;11"
Root_14114,397.197645,48.041824,6,"2;3;4;6;7;11"
Root_14115,109.535418,24.060384,7,"0;1;3;4;6;7;11"
Root_14116,360.058403,44.338144,6,"1;3;4;6;7;11"
Root_14117,152.905443,29.389984,6,"0;3;4;6;7;11"
Root_14118,404.005005,48.967744,5,"3;4;6;7;11"
Root_14119,108.647738,25.048032,7,"0;1;2;4;6;7;11"
Root_14120,363.821315,45.325792,6,"1;2;4;6;7;11"
Root_14121,155.070691,30.377632,6,"0;2;4;6;7;11"
Root_14122,409.455565,49.955392,5,"2;4;6;7;11"
Root_14123,112.451418,25.973952,6,"0;1;4;6;7;11"
Root_14124,370.628675,46.251712,5,"1;4;6;7;11"
Root_14125,160.952131,31.303552,5,"0;4;6;7;11"
Root_14126,416.488845,50.881312,4,"4;6;7;11"
Root_14127,110.499578,25.356672,7,"0;1;2;3;6;7;11"
Root_14128,366.907715,45.634432,6,"1;2;3;6;7;11"
Root_14129,157.848451,30.686272,6,"0;2;3;6;7;11"
Root_14130,412.850605,50.264032,5,"2;3;6;7;11"
Root_14131,114.303258,26.282592,6,"0;1;3;6;7;11"
Root_14132,373.715075,46.560352,5,"1;3;6;7;11"
Root_14133,163.729891,31.612192,5,"0;3;6;7;11"
Root_14134,419.883885,51.189952,4,"3;6;7;11"
Root_14135,115.643706,27.270240,6,"0;1;2;6;7;11"
Root_14136,379.165635,47.548000,5,"1;2;6;7;11"
Root_14137,168.192803,32.599840,5,"0;2;6;7;11"
Root_14138,427.022093,52.177600,4,"2;6;7;11"
Root_14139,121.525146,28.196160,5,"0;1;6;7;11"
Root_14140,386.198915,48.473920,4,"1;6;7;11"
Root_14141,174.825923,33.525760,4,"0;6;7;11"
Root_14142,434.281293,53.103520,3,"6;7;11"
Root_14143,109.778614,24.017174,8,"0;1;2;3;4;5;7;11"
Root_14144,361.828762,44.294934,7,"1;2;3;4;5;7;11"
Root_14145,154.108995,29.346774,7,"0;2;3;4;5;7;11"
Root_14146,406.432154,48.924534,6,"2;3;4;5;7;11"
Root_14147,113.356374,24.943094,7,"0;1;3;4;5;7;11"
Root_14148,368.410202,45.220854,6,"1;3;4;5;7;11"
Root_14149,159.764515,30.272694,6,"0;3;4;5;7;11"
Root_14150,413.239514,49.850454,5,"3;4;5;7;11"
Root_14151,112.839062,25.930742,7,"0;1;2;4;5;7;11"
Root_14152,372.543482,46.208502,6,"1;2;4;5;7;11"
Root_14153,162.910147,31.260342,6,"0;2;4;5;7;11"
Root_14154,419.060442,50.838102,5,"2;4;5;7;11"
Root_14155,116.642742,26.856662,6,"0;1;4;5;7;11"
Root_14156,379.350842,47.134422,5,"1;4;5;7;11"
Root_14157,168.791587,32.186262,5,"0;4;5;7;11"
Root_14158,426.093722,51.764022,4,"4;5;7;11"
Root_14159,114.999542,26.239382,7,"0;1;2;3;5;7;11"
Root_14160,375.938522,46.517142,6,"1;2;3;5;7;11"
Root_14161,165.996547,31.568982,6,"0;2;3;5;7;11"
Root_14162,422.764122,51.146742,5,"2;3;5;7;11"
Root_14163,119.133827,27.165302,6,"0;1;3;5;7;11"
Root_14164,382.745882,47.443062,5,"1;3;5;7;11"
Root_14165,171.877987,32.494902,5,"0;3;5;7;11"
Root_14166,429.797402,52.072662,4,"3;5;7;11"
Root_14167,122.279459,28.152950,6,"0;1;2;5;7;11"
Root_14168,388.566810,48.430710,5,"1;2;5;7;11"
Root_14169,177.193818,33.482550,5,"0;2;5;7;11"
Root_14170,437.305978,53.060310,4,"2;5;7;11"
Root_14171,128.239770,29.078870,5,"0;1;5;7;11"
Root_14172,395.600090,49.356630,4,"1;5;7;11"
Root_14173,184.227098,34.408470,4,"0;5;7;11"
Root_14174,444.565178,53.986230,3,"5;7;11"
Root_14175,115.365120,25.560374,7,"0;1;2;3;4;7;11"
Root_14176,369.148442,45.838134,6,"1;2;3;4;7;11"
Root_14177,159.885475,30.889974,6,"0;2;3;4;7;11"
Root_14178,415.295034,50.467734,5,"2;3;4;7;11"
Root_14179,122.442880,26.486294,6,"0;1;3;4;7;11"
Root_14180,379.455802,46.764054,5,"1;3;4;7;11"
Root_14181,169.266915,31.815894,5,"0;3;4;7;11"
Root_14182,425.128314,51.393654,4,"3;4;7;11"
Root_14183,119.003085,27.473942,6,"0;1;2;4;7;11"
Root_14184,381.406362,47.751702,5,"1;2;4;7;11"
Root_14185,170.229827,32.803542,5,"0;2;4;7;11"
Root_14186,429.466522,52.381302,4,"2;4;7;11"
Root_14187,127.458605,28.399862,5,"0;1;4;7;11"
Root_14188,391.239642,48.677622,4,"1;4;7;11"
Root_14189,179.866650,33.729462,4,"0;4;7;11"
Root_14190,438.825722,53.307222,3,"4;7;11"
Root_14191,121.472205,27.782582,6,"0;1;2;3;7;11"
Root_14192,384.801402,48.060342,5,"1;2;3;7;11"
Root_14193,173.428410,33.112182,5,"0;2;3;7;11"
Root_14194,433.170202,52.689942,4,"2;3;7;11"
Root_14195,133.427725,28.708502,5,"0;1;3;7;11"
Root_14196,397.434682,48.986262,4,"1;3;7;11"
Root_14197,186.061690,34.038102,4,"0;3;7;11"
Root_14198,444.629402,53.615862,3,"3;7;11"
Root_14199,130.599139,29.696150,5,"0;1;2;7;11"
Root_14200,398.972890,49.973910,4,"1;2;7;11"
Root_14201,187.599898,35.025750,4,"0;2;7;11"
Root_14202,449.255258,54.603510,3,"2;7;11"
Root_14203,142.928570,30.622070,4,"0;1;7;11"
Root_14204,410.432090,50.899830,3,"1;7;11"
Root_14205,199.059098,35.951670,3,"0;7;11"
Root_14206,459.540378,55.529430,2,"7;11"
Root_14207,115.815619,24.615936,8,"0;1;2;3;4;5;6;11"
Root_14208,369.013901,44.893696,7,"1;2;3;4;5;6;11"
Root_14209,160.996749,29.945536,7,"0;2;3;4;5;6;11"
Root_14210,414.216054,49.523296,6,"2;3;4;5;6;11"
Root_14211,119.393379,25.541856,7,"0;1;3;4;5;6;11"
Root_14212,375.595341,45.819616,6,"1;3;4;5;6;11"
Root_14213,166.597805,30.871456,6,"0;3;4;5;6;11"
Root_14214,421.023414,50.449216,5,"3;4;5;6;11"
Root_14215,118.876067,26.529504,7,"0;1;2;4;5;6;11"
Root_14216,379.728621,46.807264,6,"1;2;4;5;6;11"
Root_14217,169.743437,31.859104,6,"0;2;4;5;6;11"
Root_14218,426.844342,51.436864,5,"2;4;5;6;11"
Root_14219,123.590595,27.455424,6,"0;1;4;5;6;11"
Root_14220,386.535981,47.733184,5,"1;4;5;6;11"
Root_14221,175.624877,32.785024,5,"0;4;5;6;11"
Root_14222,433.877622,52.362784,4,"4;5;6;11"
Root_14223,121.036547,26.838144,7,"0;1;2;3;5;6;11"
Root_14224,383.123661,47.115904,6,"1;2;3;5;6;11"
Root_14225,172.829837,32.167744,6,"0;2;3;5;6;11"
Root_14226,430.548022,51.745504,5,"2;3;5;6;11"
Root_14227,126.368355,27.764064,6,"0;1;3;5;6;11"
Root_14228,389.931021,48.041824,5,"1;3;5;6;11"
Root_14229,178.804941,33.093664,5,"0;3;5;6;11"
Root_14230,437.581302,52.671424,4,"3;5;6;11"
Root_14231,129.513987,28.751712,6,"0;1;2;5;6;11"
Root_14232,395.751949,49.029472,5,"1;2;5;6;11"
Root_14233,184.625869,34.081312,5,"0;2;5;6;11"
Root_14234,445.089878,53.659072,4,"2;5;6;11"
Root_14235,135.395427,29.677632,5,"0;1;5;6;11"
Root_14236,402.785229,49.955392,4,"1;5;6;11"
Root_14237,191.659149,35.007232,4,"0;5;6;11"
Root_14238,452.349078,54.584992,3,"5;6;11"
Root_14239,120.803363,26.159136,7,"0;1;2;3;4;6;11"
Root_14240,376.333581,46.436896,6,"1;2;3;4;6;11"
Root_14241,166.718765,31.488736,6,"0;2;3;4;6;11"
Root_14242,423.078934,51.066496,5,"2;3;4;6;11"
Root_14243,123.851235,27.085056,6,"0;1;3;4;6;11"
Root_14244,383.140941,47.362816,5,"1;3;4;6;11"
Root_14245,172.600205,32.414656,5,"0;3;4;6;11"
Root_14246,430.112214,51.992416,4,"3;4;6;11"
Root_14247,125.638851,28.072704,6,"0;1;2;4;6;11"
Root_14248,388.591501,48.350464,5,"1;2;4;6;11"
Root_14249,177.465421,33.402304,5,"0;2;4;6;11"
Root_14250,437.250422,52.980064,4,"2;4;6;11"
Root_14251,130.594371,28.998624,5,"0;1;4;6;11"
Root_14252,395.624781,49.276384,4,"1;4;6;11"
Root_14253,184.498701,34.328224,4,"0;4;6;11"
Root_14254,444.509622,53.905984,3,"4;6;11"
Root_14255,128.107971,28.381344,6,"0;1;2;3;6;11"
Root_14256,391.986541,48.659104,5,"1;2;3;6;11"
Root_14257,180.860461,33.710944,5,"0;2;3;6;11"
Root_14258,440.954102,53.288704,4,"2;3;6;11"
Root_14259,133.063491,29.307264,5,"0;1;3;6;11"
Root_14260,399.019821,49.585024,4,"1;3;6;11"
Root_14261,187.893741,34.636864,4,"0;3;6;11"
Root_14262,448.213302,54.214624,3,"3;6;11"
Root_14263,137.128579,30.294912,5,"0;1;2;6;11"
Root_14264,406.158029,50.572672,4,"1;2;6;11"
Root_14265,195.031949,35.624512,4,"0;2;6;11"
Root_14266,457.039158,55.202272,3,"2;6;11"
Root_14267,144.161859,31.220832,4,"0;1;6;11"
Root_14268,413.417229,51.498592,3,"1;6;11"
Root_14269,202.291149,36.550432,3,"0;6;11"
Root_14270,464.524278,56.128192,2,"6;11"
Root_14271,124.708013,27.041846,7,"0;1;2;3;4;5;11"
Root_14272,385.568090,47.319606,6,"1;2;3;4;5;11"
Root_14273,175.070563,32.371446,6,"0;2;3;4;5;11"
Root_14274,433.196154,51.949206,5,"2;3;4;5;11"
Root_14275,129.437613,27.967766,6,"0;1;3;4;5;11"
Root_14276,392.375450,48.245526,5,"1;3;4;5;11"
Root_14277,181.249370,33.297366,5,"0;3;4;5;11"
Root_14278,440.229434,52.875126,4,"3;4;5;11"
Root_14279,131.595597,28.955414,6,"0;1;2;4;5;11"
Root_14280,398.196378,49.233174,5,"1;2;4;5;11"
Root_14281,187.070298,34.285014,5,"0;2;4;5;11"
Root_14282,447.738010,53.862774,4,"2;4;5;11"
Root_14283,137.432451,29.881334,5,"0;1;4;5;11"
Root_14284,405.229658,50.159094,4,"1;4;5;11"
Root_14285,194.103578,35.210934,4,"0;4;5;11"
Root_14286,454.997210,54.788694,3,"4;5;11"
Root_14287,134.637411,29.264054,6,"0;1;2;3;5;11"
Root_14288,401.900058,49.541814,5,"1;2;3;5;11"
Root_14289,190.773978,34.593654,5,"0;2;3;5;11"
Root_14290,451.750330,54.171414,4,"2;3;5;11"
Root_14291,140.708826,30.189974,5,"0;1;3;5;11"
Root_14292,408.933338,50.467734,4,"1;3;5;11"
Root_14293,197.807258,35.519574,4,"0;3;5;11"
Root_14294,459.009530,55.097334,3,"3;5;11"
Root_14295,146.529754,31.177622,5,"0;1;2;5;11"
Root_14296,416.441914,51.455382,4,"1;2;5;11"
Root_14297,205.315834,36.507222,4,"0;2;5;11"
Root_14298,468.205754,56.084982,3,"2;5;11"
Root_14299,153.563034,32.103542,4,"0;1;5;11"
Root_14300,423.701114,52.381302,3,"1;5;11"
Root_14301,212.575034,37.433142,3,"0;5;11"
Root_14302,475.690874,57.010902,2,"5;11"
Root_14303,130.356246,28.585046,6,"0;1;2;3;4;11"
Root_14304,394.430970,48.862806,5,"1;2;3;4;11"
Root_14305,183.304890,33.914646,5,"0;2;3;4;11"
Root_14306,443.602234,53.492406,4,"2;3;4;11"
Root_14307,138.396813,29.510966,5,"0;1;3;4;11"
Root_14308,404.264250,49.788726,4,"1;3;4;11"
Root_14309,193.138170,34.840566,4,"0;3;4;11"
Root_14310,452.961434,54.418326,3,"3;4;11"
Root_14311,139.369306,30.498614,5,"0;1;2;4;11"
Root_14312,408.602458,50.776374,4,"1;2;4;11"
Root_14313,197.476378,35.828214,4,"0;2;4;11"
Root_14314,459.687290,55.405974,3,"2;4;11"
Root_14315,149.202586,31.424534,4,"0;1;4;11"
Root_14316,417.961658,51.702294,3,"1;4;11"
Root_14317,206.835578,36.754134,3,"0;4;11"
Root_14318,468.572410,56.331894,2,"4;11"
Root_14319,142.764346,30.807254,5,"0;1;2;3;11"
Root_14320,412.306138,51.085014,4,"1;2;3;11"
Root_14321,201.180058,36.136854,4,"0;2;3;11"
Root_14322,463.699610,55.714614,3,"2;3;11"
Root_14323,155.397626,31.733174,4,"0;1;3;11"
Root_14324,423.765338,52.010934,3,"1;3;11"
Root_14325,212.639258,37.062774,3,"0;3;11"
Root_14326,473.984730,56.640534,2,"3;11"
Root_14327,156.935834,32.720822,4,"0;1;2;11"
Root_14328,428.391194,52.998582,3,"1;2;11"
Root_14329,217.265114,38.050422,3,"0;2;11"
Root_14330,481.698234,57.628182,2,"2;11"
Root_14331,168.395034,33.646742,3,"0;1;11"
Root_14332,438.676314,53.924502,2,"1;11"
Root_14333,227.550234,38.976342,2,"0;11"
Root_14334,490.809274,58.554102,1,"11"
Root_14335,70.186182,15.295008,11,"0;1;2;3;4;5;6;7;8;9;10"
Root_14336,297.147728,35.572768,10,"1;2;3;4;5;6;7;8;9;10"
Root_14337,113.086224,20.624608,10,"0;2;3;4;5;6;7;8;9;10"
Root_14338,333.728954,40.202368,9,"2;3;4;5;6;7;8;9;10"
Root_14339,68.491174,16.220928,10,"0;1;3;4;5;6;7;8;9;10"
Root_14340,297.451408,36.498688,9,"1;3;4;5;6;7;8;9;10"
Root_14341,110.612144,21.550528,9,"0;3;4;5;6;7;8;9;10"
Root_14342,334.958554,41.128288,8,"3;4;5;6;7;8;9;10"
Root_14343,76.157830,17.208576,10,"0;1;2;4;5;6;7;8;9;10"
Root_14344,303.747664,37.486336,9,"1;2;4;5;6;7;8;9;10"
Root_14345,114.036912,22.538176,9,"0;2;4;5;6;7;8;9;10"
Root_14346,342.242458,42.115936,8,"2;4;5;6;7;8;9;10"
Root_14347,73.683750,18.134496,9,"0;1;4;5;6;7;8;9;10"
Root_14348,304.977264,38.412256,8,"1;4;5;6;7;8;9;10"
Root_14349,112.026928,23.464096,8,"0;4;5;6;7;8;9;10"
Root_14350,344.397978,43.041856,7,"4;5;6;7;8;9;10"
Root_14351,72.083750,17.517216,10,"0;1;2;3;5;6;7;8;9;10"
Root_14352,306.216784,37.794976,9,"1;2;3;5;6;7;8;9;10"
Root_14353,114.809648,22.846816,9,"0;2;3;5;6;7;8;9;10"
Root_14354,345.020218,42.424576,8,"2;3;5;6;7;8;9;10"
Root_14355,70.052806,18.443136,9,"0;1;3;5;6;7;8;9;10"
Root_14356,307.446384,38.720896,8,"1;3;5;6;7;8;9;10"
Root_14357,113.261488,23.772736,8,"0;3;5;6;7;8;9;10"
Root_14358,347.175738,43.350496,7,"3;5;6;7;8;9;10"
Root_14359,77.572614,19.430784,9,"0;1;2;5;6;7;8;9;10"
Root_14360,314.730288,39.708544,8,"1;2;5;6;7;8;9;10"
Root_14361,117.224304,24.760384,8,"0;2;5;6;7;8;9;10"
Root_14362,355.447290,44.338144,7,"2;5;6;7;8;9;10"
Root_14363,76.024454,20.356704,8,"0;1;5;6;7;8;9;10"
Root_14364,316.885808,40.634464,7,"1;5;6;7;8;9;10"
Root_14365,116.602064,25.686304,7,"0;5;6;7;8;9;10"
Root_14366,358.528730,45.264064,6,"5;6;7;8;9;10"
Root_14367,79.435632,16.838208,10,"0;1;2;3;4;6;7;8;9;10"
Root_14368,301.155088,37.115968,9,"1;2;3;4;6;7;8;9;10"
Root_14369,119.259024,22.167808,9,"0;2;3;4;6;7;8;9;10"
Root_14370,339.279514,41.745568,8,"2;3;4;6;7;8;9;10"
Root_14371,76.961552,17.764128,9,"0;1;3;4;6;7;8;9;10"
Root_14372,302.384688,38.041888,8,"1;3;4;6;7;8;9;10"
Root_14373,116.784944,23.093728,8,"0;3;4;6;7;8;9;10"
Root_14374,341.435034,42.671488,7,"3;4;6;7;8;9;10"
Root_14375,84.172720,18.751776,9,"0;1;2;4;6;7;8;9;10"
Root_14376,309.298224,39.029536,8,"1;2;4;6;7;8;9;10"
Root_14377,119.747888,24.081376,8,"0;2;4;6;7;8;9;10"
Root_14378,349.336218,43.659136,7,"2;4;6;7;8;9;10"
Root_14379,81.698640,19.677696,8,"0;1;4;6;7;8;9;10"
Root_14380,311.453744,39.955456,7,"1;4;6;7;8;9;10"
Root_14381,118.199728,25.007296,7,"0;4;6;7;8;9;10"
Root_14382,352.417658,44.585056,6,"4;6;7;8;9;10"
Root_14383,81.159056,19.060416,9,"0;1;2;3;6;7;8;9;10"
Root_14384,311.767344,39.338176,8,"1;2;3;6;7;8;9;10"
Root_14385,120.982448,24.390016,8,"0;2;3;6;7;8;9;10"
Root_14386,352.113978,43.967776,7,"2;3;6;7;8;9;10"
Root_14387,79.610896,19.986336,8,"0;1;3;6;7;8;9;10"
Root_14388,313.922864,40.264096,7,"1;3;6;7;8;9;10"
Root_14389,119.434288,25.315936,7,"0;3;6;7;8;9;10"
Root_14390,355.195418,44.893696,6,"3;6;7;8;9;10"
Root_14391,85.587504,20.973984,8,"0;1;2;6;7;8;9;10"
Root_14392,321.824048,41.251744,7,"1;2;6;7;8;9;10"
Root_14393,123.384880,26.303584,7,"0;2;6;7;8;9;10"
Root_14394,364.084250,45.881344,6,"2;6;7;8;9;10"
Root_14395,84.039344,21.899904,7,"0;1;6;7;8;9;10"
Root_14396,324.905488,42.177664,6,"1;6;7;8;9;10"
Root_14397,122.992144,27.229504,6,"0;6;7;8;9;10"
Root_14398,368.091610,46.807264,5,"6;7;8;9;10"
Root_14399,83.731894,17.720918,10,"0;1;2;3;4;5;7;8;9;10"
Root_14400,308.050106,37.998678,9,"1;2;3;4;5;7;8;9;10"
Root_14401,121.777642,23.050518,9,"0;2;3;4;5;7;8;9;10"
Root_14402,347.057242,42.628278,8,"2;3;4;5;7;8;9;10"
Root_14403,81.257814,18.646838,9,"0;1;3;4;5;7;8;9;10"
Root_14404,309.279706,38.924598,8,"1;3;4;5;7;8;9;10"
Root_14405,119.303562,23.976438,8,"0;3;4;5;7;8;9;10"
Root_14406,349.212762,43.554198,7,"3;4;5;7;8;9;10"
Root_14407,87.586272,19.634486,9,"0;1;2;4;5;7;8;9;10"
Root_14408,316.563610,39.912246,8,"1;2;4;5;7;8;9;10"
Root_14409,122.482432,24.964086,8,"0;2;4;5;7;8;9;10"
Root_14410,357.484314,44.541846,7,"2;4;5;7;8;9;10"
Root_14411,85.112192,20.560406,8,"0;1;4;5;7;8;9;10"
Root_14412,318.719130,40.838166,7,"1;4;5;7;8;9;10"
Root_14413,120.934272,25.890006,7,"0;4;5;7;8;9;10"
Root_14414,360.565754,45.467766,6,"4;5;7;8;9;10"
Root_14415,85.455318,19.943126,9,"0;1;2;3;5;7;8;9;10"
Root_14416,319.341370,40.220886,8,"1;2;3;5;7;8;9;10"
Root_14417,124.025632,25.272726,8,"0;2;3;5;7;8;9;10"
Root_14418,360.570714,44.850486,7,"2;3;5;7;8;9;10"
Root_14419,83.907158,20.869046,8,"0;1;3;5;7;8;9;10"
Root_14420,321.496890,41.146806,7,"1;3;5;7;8;9;10"
Root_14421,122.477472,26.198646,7,"0;3;5;7;8;9;10"
Root_14422,363.652154,45.776406,6,"3;5;7;8;9;10"
Root_14423,89.001056,21.856694,8,"0;1;2;5;7;8;9;10"
Root_14424,329.768442,42.134454,7,"1;2;5;7;8;9;10"
Root_14425,126.984726,27.186294,7,"0;2;5;7;8;9;10"
Root_14426,372.911354,46.764054,6,"2;5;7;8;9;10"
Root_14427,87.452896,22.782614,7,"0;1;5;7;8;9;10"
Root_14428,332.849882,43.060374,6,"1;5;7;8;9;10"
Root_14429,127.288406,28.112214,6,"0;5;7;8;9;10"
Root_14430,376.918714,47.689974,5,"5;7;8;9;10"
Root_14431,91.746784,19.264118,9,"0;1;2;3;4;7;8;9;10"
Root_14432,313.600666,39.541878,8,"1;2;3;4;7;8;9;10"
Root_14433,126.407242,24.593718,8,"0;2;3;4;7;8;9;10"
Root_14434,354.151002,44.171478,7,"2;3;4;7;8;9;10"
Root_14435,89.272704,20.190038,8,"0;1;3;4;7;8;9;10"
Root_14436,315.756186,40.467798,7,"1;3;4;7;8;9;10"
Root_14437,123.933162,25.519638,7,"0;3;4;7;8;9;10"
Root_14438,357.232442,45.097398,6,"3;4;7;8;9;10"
Root_14439,94.057962,21.177686,8,"0;1;2;4;7;8;9;10"
Root_14440,323.657370,41.455446,7,"1;2;4;7;8;9;10"
Root_14441,126.896106,26.507286,7,"0;2;4;7;8;9;10"
Root_14442,366.121274,46.085046,6,"2;4;7;8;9;10"
Root_14443,91.583882,22.103606,7,"0;1;4;7;8;9;10"
Root_14444,326.738810,42.381366,6,"1;4;7;8;9;10"
Root_14445,125.781152,27.433206,6,"0;4;7;8;9;10"
Root_14446,370.128634,47.010966,5,"4;7;8;9;10"
Root_14447,93.470208,21.486326,8,"0;1;2;3;7;8;9;10"
Root_14448,326.435130,41.764086,7,"1;2;3;7;8;9;10"
Root_14449,128.130666,26.815926,7,"0;2;3;7;8;9;10"
Root_14450,369.207674,46.393686,6,"2;3;7;8;9;10"
Root_14451,91.922048,22.412246,7,"0;1;3;7;8;9;10"
Root_14452,329.516570,42.690006,6,"1;3;7;8;9;10"
Root_14453,127.324352,27.741846,6,"0;3;7;8;9;10"
Root_14454,373.215034,47.319606,5,"3;7;8;9;10"
Root_14455,95.872640,23.399894,7,"0;1;2;7;8;9;10"
Root_14456,338.405402,43.677654,6,"1;2;7;8;9;10"
Root_14457,132.262592,28.729494,6,"0;2;7;8;9;10"
Root_14458,383.091514,48.307254,5,"2;7;8;9;10"
Root_14459,95.250400,24.325814,6,"0;1;7;8;9;10"
Root_14460,342.412762,44.603574,5,"1;7;8;9;10"
Root_14461,133.221686,29.655414,5,"0;7;8;9;10"
Root_14462,388.024794,49.233174,4,"7;8;9;10"
Root_14463,88.703600,18.319680,10,"0;1;2;3;4;5;6;8;9;10"
Root_14464,314.469818,38.597440,9,"1;2;3;4;5;6;8;9;10"
Root_14465,126.894778,23.649280,9,"0;2;3;4;5;6;8;9;10"
Root_14466,354.075715,43.227040,8,"2;3;4;5;6;8;9;10"
Root_14467,86.229520,19.245600,9,"0;1;3;4;5;6;8;9;10"
Root_14468,315.699418,39.523360,8,"1;3;4;5;6;8;9;10"
Root_14469,124.420698,24.575200,8,"0;3;4;5;6;8;9;10"
Root_14470,356.231235,44.152960,7,"3;4;5;6;8;9;10"
Root_14471,91.959216,20.233248,9,"0;1;2;4;5;6;8;9;10"
Root_14472,322.983322,40.511008,8,"1;2;4;5;6;8;9;10"
Root_14473,127.754010,25.562848,8,"0;2;4;5;6;8;9;10"
Root_14474,364.502787,45.140608,7,"2;4;5;6;8;9;10"
Root_14475,89.485136,21.159168,8,"0;1;4;5;6;8;9;10"
Root_14476,325.138842,41.436928,7,"1;4;5;6;8;9;10"
Root_14477,126.205850,26.488768,7,"0;4;5;6;8;9;10"
Root_14478,367.584227,46.066528,6,"4;5;6;8;9;10"
Root_14479,90.427024,20.541888,9,"0;1;2;3;5;6;8;9;10"
Root_14480,325.761082,40.819648,8,"1;2;3;5;6;8;9;10"
Root_14481,129.297210,25.871488,8,"0;2;3;5;6;8;9;10"
Root_14482,367.589187,45.449248,7,"2;3;5;6;8;9;10"
Root_14483,88.878864,21.467808,8,"0;1;3;5;6;8;9;10"
Root_14484,327.916602,41.745568,7,"1;3;5;6;8;9;10"
Root_14485,127.749050,26.797408,7,"0;3;5;6;8;9;10"
Root_14486,370.670627,46.375168,6,"3;5;6;8;9;10"
Root_14487,93.374000,22.455456,8,"0;1;2;5;6;8;9;10"
Root_14488,336.188154,42.733216,7,"1;2;5;6;8;9;10"
Root_14489,132.855066,27.785056,7,"0;2;5;6;8;9;10"
Root_14490,379.929827,47.362816,6,"2;5;6;8;9;10"
Root_14491,92.207216,23.381376,7,"0;1;5;6;8;9;10"
Root_14492,339.269594,43.659136,6,"1;5;6;8;9;10"
Root_14493,133.158746,28.710976,6,"0;5;6;8;9;10"
Root_14494,383.937187,48.288736,5,"5;6;8;9;10"
Root_14495,96.419600,19.862880,9,"0;1;2;3;4;6;8;9;10"
Root_14496,320.020378,40.140640,8,"1;2;3;4;6;8;9;10"
Root_14497,131.080058,25.192480,8,"0;2;3;4;6;8;9;10"
Root_14498,361.169475,44.770240,7,"2;3;4;6;8;9;10"
Root_14499,93.945520,20.788800,8,"0;1;3;4;6;8;9;10"
Root_14500,322.175898,41.066560,7,"1;3;4;6;8;9;10"
Root_14501,128.605978,26.118400,7,"0;3;4;6;8;9;10"
Root_14502,364.250915,45.696160,6,"3;4;6;8;9;10"
Root_14503,98.132016,21.776448,8,"0;1;2;4;6;8;9;10"
Root_14504,330.077082,42.054208,7,"1;2;4;6;8;9;10"
Root_14505,131.674970,27.106048,7,"0;2;4;6;8;9;10"
Root_14506,373.139747,46.683808,6,"2;4;6;8;9;10"
Root_14507,95.657936,22.702368,7,"0;1;4;6;8;9;10"
Root_14508,333.158522,42.980128,6,"1;4;6;8;9;10"
Root_14509,131.052730,28.031968,6,"0;4;6;8;9;10"
Root_14510,377.147107,47.609728,5,"4;6;8;9;10"
Root_14511,98.143024,22.085088,8,"0;1;2;3;6;8;9;10"
Root_14512,332.854842,42.362848,7,"1;2;3;6;8;9;10"
Root_14513,133.218170,27.414688,7,"0;2;3;6;8;9;10"
Root_14514,376.226147,46.992448,6,"2;3;6;8;9;10"
Root_14515,96.594864,23.011008,7,"0;1;3;6;8;9;10"
Root_14516,335.936282,43.288768,6,"1;3;6;8;9;10"
Root_14517,132.595930,28.340608,6,"0;3;6;8;9;10"
Root_14518,380.233507,47.918368,5,"3;6;8;9;10"
Root_14519,100.545456,23.998656,7,"0;1;2;6;8;9;10"
Root_14520,344.825114,44.276416,6,"1;2;6;8;9;10"
Root_14521,137.534170,29.328256,6,"0;2;6;8;9;10"
Root_14522,390.109987,48.906016,5,"2;6;8;9;10"
Root_14523,99.923216,24.924576,6,"0;1;6;8;9;10"
Root_14524,348.832474,45.202336,5,"1;6;8;9;10"
Root_14525,138.600378,30.254176,5,"0;6;8;9;10"
Root_14526,395.043267,49.831936,4,"6;8;9;10"
Root_14527,99.699946,20.745590,9,"0;1;2;3;4;5;8;9;10"
Root_14528,327.798106,41.023350,8,"1;2;3;4;5;8;9;10"
Root_14529,133.444234,26.075190,8,"0;2;3;4;5;8;9;10"
Root_14530,369.829914,45.652950,7,"2;3;4;5;8;9;10"
Root_14531,97.225866,21.671510,8,"0;1;3;4;5;8;9;10"
Root_14532,329.953626,41.949270,7,"1;3;4;5;8;9;10"
Root_14533,130.971264,27.001110,7,"0;3;4;5;8;9;10"
Root_14534,372.911354,46.578870,6,"3;4;5;8;9;10"
Root_14535,100.529651,22.659158,8,"0;1;2;4;5;8;9;10"
Root_14536,338.225178,42.936918,7,"1;2;4;5;8;9;10"
Root_14537,135.292224,27.988758,7,"0;2;4;5;8;9;10"
Root_14538,382.170554,47.566518,6,"2;4;5;8;9;10"
Root_14539,98.640650,23.585078,7,"0;1;4;5;8;9;10"
Root_14540,341.306618,43.862838,6,"1;4;5;8;9;10"
Root_14541,134.669984,28.914678,6,"0;4;5;8;9;10"
Root_14542,386.177914,48.492438,5,"4;5;8;9;10"
Root_14543,101.423370,22.967798,8,"0;1;2;3;5;8;9;10"
Root_14544,341.311578,43.245558,7,"1;2;3;5;8;9;10"
Root_14545,137.144064,28.297398,7,"0;2;3;5;8;9;10"
Root_14546,385.565594,47.875158,6,"2;3;5;8;9;10"
Root_14547,99.875210,23.893718,7,"0;1;3;5;8;9;10"
Root_14548,344.393018,44.171478,6,"1;3;5;8;9;10"
Root_14549,136.745142,29.223318,6,"0;3;5;8;9;10"
Root_14550,389.572954,48.801078,5,"3;5;8;9;10"
Root_14551,103.959008,24.881366,7,"0;1;2;5;8;9;10"
Root_14552,353.652218,45.159126,6,"1;2;5;8;9;10"
Root_14553,143.463331,30.210966,6,"0;2;5;8;9;10"
Root_14554,399.819802,49.788726,5,"2;5;8;9;10"
Root_14555,103.336768,25.807286,6,"0;1;5;8;9;10"
Root_14556,357.659578,46.085046,5,"1;5;8;9;10"
Root_14557,146.544771,31.136886,5,"0;5;8;9;10"
Root_14558,404.753082,50.714646,4,"5;8;9;10"
Root_14559,105.872746,22.288790,8,"0;1;2;3;4;8;9;10"
Root_14560,334.891866,42.566550,7,"1;2;3;4;8;9;10"
Root_14561,135.821994,27.618390,7,"0;2;3;4;8;9;10"
Root_14562,378.466874,47.196150,6,"2;3;4;8;9;10"
Root_14563,103.398666,23.214710,7,"0;1;3;4;8;9;10"
Root_14564,337.973306,43.492470,6,"1;3;4;8;9;10"
Root_14565,134.273834,28.544310,6,"0;3;4;8;9;10"
Root_14566,382.474234,48.122070,5,"3;4;8;9;10"
Root_14567,106.361610,24.202358,7,"0;1;2;4;8;9;10"
Root_14568,346.862138,44.480118,6,"1;2;4;8;9;10"
Root_14569,138.756384,29.531958,6,"0;2;4;8;9;10"
Root_14570,392.350714,49.109718,5,"2;4;8;9;10"
Root_14571,104.813450,25.128278,6,"0;1;4;8;9;10"
Root_14572,350.869498,45.406038,5,"1;4;8;9;10"
Root_14573,140.433699,30.457878,5,"0;4;8;9;10"
Root_14574,397.283994,50.035638,4,"4;8;9;10"
Root_14575,107.596170,24.510998,7,"0;1;2;3;8;9;10"
Root_14576,349.948538,44.788758,6,"1;2;3;8;9;10"
Root_14577,140.608224,29.840598,6,"0;2;3;8;9;10"
Root_14578,395.745754,49.418358,5,"2;3;8;9;10"
Root_14579,106.048010,25.436918,6,"0;1;3;8;9;10"
Root_14580,353.955898,45.714678,5,"1;3;8;9;10"
Root_14581,143.211459,30.766518,5,"0;3;8;9;10"
Root_14582,400.679034,50.344278,4,"3;8;9;10"
Root_14583,109.998602,26.424566,6,"0;1;2;8;9;10"
Root_14584,363.832378,46.702326,5,"1;2;8;9;10"
Root_14585,152.100291,31.754166,5,"0;2;8;9;10"
Root_14586,411.543162,51.331926,4,"2;8;9;10"
Root_14587,109.726848,27.350486,5,"0;1;8;9;10"
Root_14588,368.765658,47.628246,4,"1;8;9;10"
Root_14589,156.107651,32.680086,4,"0;8;9;10"
Root_14590,417.402362,52.257846,3,"8;9;10"
Root_14591,99.398448,19.924608,10,"0;1;2;3;4;5;6;7;9;10"
Root_14592,333.728954,40.202368,9,"1;2;3;4;5;6;7;9;10"
Root_14593,138.339130,25.254208,9,"0;2;3;4;5;6;7;9;10"
Root_14594,374.939779,44.831968,8,"2;3;4;5;6;7;9;10"
Root_14595,96.924368,20.850528,9,"0;1;3;4;5;6;7;9;10"
Root_14596,334.958554,41.128288,8,"1;3;4;5;6;7;9;10"
Root_14597,135.865050,26.180128,8,"0;3;4;5;6;7;9;10"
Root_14598,377.095299,45.757888,7,"3;4;5;6;7;9;10"
Root_14599,101.049136,21.838176,9,"0;1;2;4;5;6;7;9;10"
Root_14600,342.242458,42.115936,8,"1;2;4;5;6;7;9;10"
Root_14601,139.533914,27.167776,8,"0;2;4;5;6;7;9;10"
Root_14602,385.366851,46.745536,7,"2;4;5;6;7;9;10"
Root_14603,98.575056,22.764096,8,"0;1;4;5;6;7;9;10"
Root_14604,344.397978,43.041856,7,"1;4;5;6;7;9;10"
Root_14605,139.837594,28.093696,7,"0;4;5;6;7;9;10"
Root_14606,388.448291,47.671456,6,"4;5;6;7;9;10"
Root_14607,101.121872,22.146816,9,"0;1;2;3;5;6;7;9;10"
Root_14608,345.020218,42.424576,8,"1;2;3;5;6;7;9;10"
Root_14609,141.694394,27.476416,8,"0;2;3;5;6;7;9;10"
Root_14610,388.453251,47.054176,7,"2;3;5;6;7;9;10"
Root_14611,99.573712,23.072736,8,"0;1;3;5;6;7;9;10"
Root_14612,347.175738,43.350496,7,"1;3;5;6;7;9;10"
Root_14613,141.998074,28.402336,7,"0;3;5;6;7;9;10"
Root_14614,391.534691,47.980096,6,"3;5;6;7;9;10"
Root_14615,103.524304,24.060384,8,"0;1;2;5;6;7;9;10"
Root_14616,355.447290,44.338144,7,"1;2;5;6;7;9;10"
Root_14617,148.294330,29.389984,7,"0;2;5;6;7;9;10"
Root_14618,400.793891,48.967744,6,"2;5;6;7;9;10"
Root_14619,102.902064,24.986304,7,"0;1;5;6;7;9;10"
Root_14620,358.528730,45.264064,6,"1;5;6;7;9;10"
Root_14621,149.839834,30.315904,6,"0;5;6;7;9;10"
Root_14622,404.801251,49.893664,5,"5;6;7;9;10"
Root_14623,106.259024,21.467808,9,"0;1;2;3;4;6;7;9;10"
Root_14624,339.279514,41.745568,8,"1;2;3;4;6;7;9;10"
Root_14625,140.919482,26.797408,8,"0;2;3;4;6;7;9;10"
Root_14626,382.033539,46.375168,7,"2;3;4;6;7;9;10"
Root_14627,103.784944,22.393728,8,"0;1;3;4;6;7;9;10"
Root_14628,341.435034,42.671488,7,"1;3;4;6;7;9;10"
Root_14629,139.892058,27.723328,7,"0;3;4;6;7;9;10"
Root_14630,385.114979,47.301088,6,"3;4;6;7;9;10"
Root_14631,106.747888,23.381376,8,"0;1;2;4;6;7;9;10"
Root_14632,349.336218,43.659136,7,"1;2;4;6;7;9;10"
Root_14633,144.830298,28.710976,7,"0;2;4;6;7;9;10"
Root_14634,394.003811,48.288736,6,"2;4;6;7;9;10"
Root_14635,105.199728,24.307296,7,"0;1;4;6;7;9;10"
Root_14636,352.417658,44.585056,6,"1;4;6;7;9;10"
Root_14637,145.133978,29.636896,6,"0;4;6;7;9;10"
Root_14638,398.011171,49.214656,5,"4;6;7;9;10"
Root_14639,107.982448,23.690016,8,"0;1;2;3;6;7;9;10"
Root_14640,352.113978,43.967776,7,"1;2;3;6;7;9;10"
Root_14641,146.682138,29.019616,7,"0;2;3;6;7;9;10"
Root_14642,397.090211,48.597376,6,"2;3;6;7;9;10"
Root_14643,106.434288,24.615936,7,"0;1;3;6;7;9;10"
Root_14644,355.195418,44.893696,6,"1;3;6;7;9;10"
Root_14645,146.985818,29.945536,6,"0;3;6;7;9;10"
Root_14646,401.097571,49.523296,5,"3;6;7;9;10"
Root_14647,110.384880,25.603584,7,"0;1;2;6;7;9;10"
Root_14648,364.084250,45.881344,6,"1;2;6;7;9;10"
Root_14649,154.778074,30.933184,6,"0;2;6;7;9;10"
Root_14650,410.974051,50.510944,5,"2;6;7;9;10"
Root_14651,109.762640,26.529504,6,"0;1;6;7;9;10"
Root_14652,368.091610,46.807264,5,"1;6;7;9;10"
Root_14653,157.859514,31.859104,5,"0;6;7;9;10"
Root_14654,415.907331,51.436864,4,"6;7;9;10"
Root_14655,108.993568,22.350518,9,"0;1;2;3;4;5;7;9;10"
Root_14656,347.057242,42.628278,8,"1;2;3;4;5;7;9;10"
Root_14657,144.643894,27.680118,8,"0;2;3;4;5;7;9;10"
Root_14658,390.693978,47.257878,7,"2;3;4;5;7;9;10"
Root_14659,106.519488,23.276438,8,"0;1;3;4;5;7;9;10"
Root_14660,349.212762,43.554198,7,"1;3;4;5;7;9;10"
Root_14661,144.021654,28.606038,7,"0;3;4;5;7;9;10"
Root_14662,393.775418,48.183798,6,"3;4;5;7;9;10"
Root_14663,109.482432,24.264086,8,"0;1;2;4;5;7;9;10"
Root_14664,357.484314,44.541846,7,"1;2;4;5;7;9;10"
Root_14665,149.923949,29.593686,7,"0;2;4;5;7;9;10"
Root_14666,403.034618,49.171446,6,"2;4;5;7;9;10"
Root_14667,107.934272,25.190006,7,"0;1;4;5;7;9;10"
Root_14668,360.565754,45.467766,6,"1;4;5;7;9;10"
Root_14669,151.673155,30.519606,6,"0;4;5;7;9;10"
Root_14670,407.041978,50.097366,5,"4;5;7;9;10"
Root_14671,111.025632,24.572726,8,"0;1;2;3;5;7;9;10"
Root_14672,360.570714,44.850486,7,"1;2;3;5;7;9;10"
Root_14673,152.393069,29.902326,7,"0;2;3;5;7;9;10"
Root_14674,406.429658,49.480086,6,"2;3;5;7;9;10"
Root_14675,109.477472,25.498646,7,"0;1;3;5;7;9;10"
Root_14676,363.652154,45.776406,6,"1;3;5;7;9;10"
Root_14677,154.450915,30.828246,6,"0;3;5;7;9;10"
Root_14678,410.437018,50.406006,5,"3;5;7;9;10"
Root_14679,113.798432,26.486294,7,"0;1;2;5;7;9;10"
Root_14680,372.911354,46.764054,6,"1;2;5;7;9;10"
Root_14681,162.722467,31.815894,6,"0;2;5;7;9;10"
Root_14682,420.683866,51.393654,5,"2;5;7;9;10"
Root_14683,114.000621,27.412214,6,"0;1;5;7;9;10"
Root_14684,376.918714,47.689974,5,"1;5;7;9;10"
Root_14685,165.803907,32.741814,5,"0;5;7;9;10"
Root_14686,425.617146,52.319574,4,"5;7;9;10"
Root_14687,114.107242,23.893718,8,"0;1;2;3;4;7;9;10"
Root_14688,354.151002,44.171478,7,"1;2;3;4;7;9;10"
Root_14689,148.108054,29.223318,7,"0;2;3;4;7;9;10"
Root_14690,399.330938,48.801078,6,"2;3;4;7;9;10"
Root_14691,111.633162,24.819638,7,"0;1;3;4;7;9;10"
Root_14692,357.232442,45.097398,6,"1;3;4;7;9;10"
Root_14693,148.710211,30.149238,6,"0;3;4;7;9;10"
Root_14694,403.338298,49.726998,5,"3;4;7;9;10"
Root_14695,114.596106,25.807286,7,"0;1;2;4;7;9;10"
Root_14696,366.121274,46.085046,6,"1;2;4;7;9;10"
Root_14697,156.611395,31.136886,6,"0;2;4;7;9;10"
Root_14698,413.214778,50.714646,5,"2;4;7;9;10"
Root_14699,113.047946,26.733206,6,"0;1;4;7;9;10"
Root_14700,370.128634,47.010966,5,"1;4;7;9;10"
Root_14701,159.692835,32.062806,5,"0;4;7;9;10"
Root_14702,418.148058,51.640566,4,"4;7;9;10"
Root_14703,115.830666,26.115926,7,"0;1;2;3;7;9;10"
Root_14704,369.207674,46.393686,6,"1;2;3;7;9;10"
Root_14705,159.389155,31.445526,6,"0;2;3;7;9;10"
Root_14706,416.609818,51.023286,5,"2;3;7;9;10"
Root_14707,114.366198,27.041846,6,"0;1;3;7;9;10"
Root_14708,373.215034,47.319606,5,"1;3;7;9;10"
Root_14709,162.470595,32.371446,5,"0;3;7;9;10"
Root_14710,421.543098,51.949206,4,"3;7;9;10"
Root_14711,120.292086,28.029494,6,"0;1;2;7;9;10"
Root_14712,383.091514,48.307254,5,"1;2;7;9;10"
Root_14713,171.718522,33.359094,5,"0;2;7;9;10"
Root_14714,432.407226,52.936854,4,"2;7;9;10"
Root_14715,121.521686,28.955414,5,"0;1;7;9;10"
Root_14716,388.024794,49.233174,4,"1;7;9;10"
Root_14717,176.651802,34.285014,4,"0;7;9;10"
Root_14718,438.266426,53.862774,3,"7;9;10"
Root_14719,114.150458,22.949280,9,"0;1;2;3;4;5;6;9;10"
Root_14720,354.075715,43.227040,8,"1;2;3;4;5;6;9;10"
Root_14721,151.112995,28.278880,8,"0;2;3;4;5;6;9;10"
Root_14722,398.311213,47.856640,7,"2;3;4;5;6;9;10"
Root_14723,111.676378,23.875200,8,"0;1;3;4;5;6;9;10"
Root_14724,356.231235,44.152960,7,"1;3;4;5;6;9;10"
Root_14725,150.490755,29.204800,7,"0;3;4;5;6;9;10"
Root_14726,401.392653,48.782560,6,"3;4;5;6;9;10"
Root_14727,114.754010,24.862848,8,"0;1;2;4;5;6;9;10"
Root_14728,364.502787,45.140608,7,"1;2;4;5;6;9;10"
Root_14729,156.184259,30.192448,7,"0;2;4;5;6;9;10"
Root_14730,410.651853,49.770208,6,"2;4;5;6;9;10"
Root_14731,113.205850,25.788768,7,"0;1;4;5;6;9;10"
Root_14732,367.584227,46.066528,6,"1;4;5;6;9;10"
Root_14733,158.339779,31.118368,6,"0;4;5;6;9;10"
Root_14734,414.659213,50.696128,5,"4;5;6;9;10"
Root_14735,116.297210,25.171488,8,"0;1;2;3;5;6;9;10"
Root_14736,367.589187,45.449248,7,"1;2;3;5;6;9;10"
Root_14737,158.962019,30.501088,7,"0;2;3;5;6;9;10"
Root_14738,414.046893,50.078848,6,"2;3;5;6;9;10"
Root_14739,114.749050,26.097408,7,"0;1;3;5;6;9;10"
Root_14740,370.670627,46.375168,6,"1;3;5;6;9;10"
Root_14741,161.117539,31.427008,6,"0;3;5;6;9;10"
Root_14742,418.054253,51.004768,5,"3;5;6;9;10"
Root_14743,119.240122,27.085056,7,"0;1;2;5;6;9;10"
Root_14744,379.929827,47.362816,6,"1;2;5;6;9;10"
Root_14745,169.389091,32.414656,6,"0;2;5;6;9;10"
Root_14746,428.301101,51.992416,5,"2;5;6;9;10"
Root_14747,120.469722,28.010976,6,"0;1;5;6;9;10"
Root_14748,383.937187,48.288736,5,"1;5;6;9;10"
Root_14749,172.811107,33.340576,5,"0;5;6;9;10"
Root_14750,433.234381,52.918336,4,"5;6;9;10"
Root_14751,118.780058,24.492480,8,"0;1;2;3;4;6;9;10"
Root_14752,361.169475,44.770240,7,"1;2;3;4;6;9;10"
Root_14753,153.755075,29.822080,7,"0;2;3;4;6;9;10"
Root_14754,406.948173,49.399840,6,"2;3;4;6;9;10"
Root_14755,116.305978,25.418400,7,"0;1;3;4;6;9;10"
Root_14756,364.250915,45.696160,6,"1;3;4;6;9;10"
Root_14757,155.376835,30.748000,6,"0;3;4;6;9;10"
Root_14758,410.955533,50.325760,5,"3;4;6;9;10"
Root_14759,119.268922,26.406048,7,"0;1;2;4;6;9;10"
Root_14760,373.139747,46.683808,6,"1;2;4;6;9;10"
Root_14761,163.278019,31.735648,6,"0;2;4;6;9;10"
Root_14762,420.832013,51.313408,5,"2;4;6;9;10"
Root_14763,118.384698,27.331968,6,"0;1;4;6;9;10"
Root_14764,377.147107,47.609728,5,"1;4;6;9;10"
Root_14765,166.359459,32.661568,5,"0;4;6;9;10"
Root_14766,425.765293,52.239328,4,"4;6;9;10"
Root_14767,120.503482,26.714688,7,"0;1;2;3;6;9;10"
Root_14768,376.226147,46.992448,6,"1;2;3;6;9;10"
Root_14769,166.055779,32.044288,6,"0;2;3;6;9;10"
Root_14770,424.227053,51.622048,5,"2;3;6;9;10"
Root_14771,120.236538,27.640608,6,"0;1;3;6;9;10"
Root_14772,380.233507,47.918368,5,"1;3;6;9;10"
Root_14773,169.137219,32.970208,5,"0;3;6;9;10"
Root_14774,429.160333,52.547968,4,"3;6;9;10"
Root_14775,126.162426,28.628256,6,"0;1;2;6;9;10"
Root_14776,390.109987,48.906016,5,"1;2;6;9;10"
Root_14777,178.983907,33.957856,5,"0;2;6;9;10"
Root_14778,440.024461,53.535616,4,"2;6;9;10"
Root_14779,127.392026,29.554176,5,"0;1;6;9;10"
Root_14780,395.043267,49.831936,4,"1;6;9;10"
Root_14781,183.917187,34.883776,4,"0;6;9;10"
Root_14782,445.883661,54.461536,3,"6;9;10"
Root_14783,121.144234,25.375190,8,"0;1;2;3;4;5;9;10"
Root_14784,369.829914,45.652950,7,"1;2;3;4;5;9;10"
Root_14785,160.999043,30.704790,7,"0;2;3;4;5;9;10"
Root_14786,416.491322,50.282550,6,"2;3;4;5;9;10"
Root_14787,118.670154,26.301110,7,"0;1;3;4;5;9;10"
Root_14788,372.911354,46.578870,6,"1;3;4;5;9;10"
Root_14789,163.154563,31.630710,6,"0;3;4;5;9;10"
Root_14790,420.498682,51.208470,5,"3;4;5;9;10"
Root_14791,122.580982,27.288758,7,"0;1;2;4;5;9;10"
Root_14792,382.170554,47.566518,6,"1;2;4;5;9;10"
Root_14793,171.426115,32.618358,6,"0;2;4;5;9;10"
Root_14794,430.745530,52.196118,5,"2;4;5;9;10"
Root_14795,122.884662,28.214678,6,"0;1;4;5;9;10"
Root_14796,386.177914,48.492438,5,"1;4;5;9;10"
Root_14797,175.051834,33.544278,5,"0;4;5;9;10"
Root_14798,435.678810,53.122038,4,"4;5;9;10"
Root_14799,124.741462,27.597398,7,"0;1;2;3;5;9;10"
Root_14800,385.565594,47.875158,6,"1;2;3;5;9;10"
Root_14801,174.512515,32.926998,6,"0;2;3;5;9;10"
Root_14802,434.449210,52.504758,5,"2;3;5;9;10"
Root_14803,125.045142,28.523318,6,"0;1;3;5;9;10"
Root_14804,389.572954,48.801078,5,"1;3;5;9;10"
Root_14805,178.446874,33.852918,5,"0;3;5;9;10"
Root_14806,439.382490,53.430678,4,"3;5;9;10"
Root_14807,131.852365,29.510966,6,"0;1;2;5;9;10"
Root_14808,399.819802,49.788726,5,"1;2;5;9;10"
Root_14809,188.693722,34.840566,5,"0;2;5;9;10"
Root_14810,450.616986,54.418326,4,"2;5;9;10"
Root_14811,134.881658,30.436886,5,"0;1;5;9;10"
Root_14812,404.753082,50.714646,4,"1;5;9;10"
Root_14813,193.627002,35.766486,4,"0;5;9;10"
Root_14814,456.476186,55.344246,3,"5;9;10"
Root_14815,123.603603,26.918390,7,"0;1;2;3;4;9;10"
Root_14816,378.466874,47.196150,6,"1;2;3;4;9;10"
Root_14817,168.092803,32.247990,6,"0;2;3;4;9;10"
Root_14818,426.671482,51.825750,5,"2;3;4;9;10"
Root_14819,122.818144,27.844310,6,"0;1;3;4;9;10"
Root_14820,382.474234,48.122070,5,"1;3;4;9;10"
Root_14821,171.348154,33.173910,5,"0;3;4;9;10"
Root_14822,431.604762,52.751670,4,"3;4;9;10"
Root_14823,127.756384,28.831958,6,"0;1;2;4;9;10"
Root_14824,392.350714,49.109718,5,"1;2;4;9;10"
Root_14825,181.224634,34.161558,5,"0;2;4;9;10"
Root_14826,442.468890,53.739318,4,"2;4;9;10"
Root_14827,128.817942,29.757878,5,"0;1;4;9;10"
Root_14828,397.283994,50.035638,4,"1;4;9;10"
Root_14829,186.157914,35.087478,4,"0;4;9;10"
Root_14830,448.328090,54.665238,3,"4;9;10"
Root_14831,129.748822,29.140598,6,"0;1;2;3;9;10"
Root_14832,395.745754,49.418358,5,"1;2;3;9;10"
Root_14833,184.619674,34.470198,5,"0;2;3;9;10"
Root_14834,446.172570,54.047958,4,"2;3;9;10"
Root_14835,131.177978,30.066518,5,"0;1;3;9;10"
Root_14836,400.679034,50.344278,4,"1;3;9;10"
Root_14837,189.552954,35.396118,4,"0;3;9;10"
Root_14838,452.031770,54.973878,3,"3;9;10"
Root_14839,141.054458,31.054166,5,"0;1;2;9;10"
Root_14840,411.543162,51.331926,4,"1;2;9;10"
Root_14841,200.417082,36.383766,4,"0;2;9;10"
Root_14842,463.883546,55.961526,3,"2;9;10"
Root_14843,145.987738,31.980086,4,"0;1;9;10"
Root_14844,417.402362,52.257846,3,"1;9;10"
Root_14845,206.276282,37.309686,3,"0;9;10"
Root_14846,470.668666,56.887446,2,"9;10"
Root_14847,76.565222,17.887584,10,"0;1;2;3;4;5;6;7;8;10"
Root_14848,309.716762,38.165344,9,"1;2;3;4;5;6;7;8;10"
Root_14849,116.840378,23.217184,9,"0;2;3;4;5;6;7;8;10"
Root_14850,348.890563,42.794944,8,"2;3;4;5;6;7;8;10"
Root_14851,74.091142,18.813504,9,"0;1;3;4;5;6;7;8;10"
Root_14852,310.946362,39.091264,8,"1;3;4;5;6;7;8;10"
Root_14853,115.292218,24.143104,8,"0;3;4;5;6;7;8;10"
Root_14854,351.046083,43.720864,7,"3;4;5;6;7;8;10"
Root_14855,80.252934,19.801152,9,"0;1;2;4;5;6;7;8;10"
Root_14856,318.230266,40.078912,8,"1;2;4;5;6;7;8;10"
Root_14857,119.613178,25.130752,8,"0;2;4;5;6;7;8;10"
Root_14858,359.317635,44.708512,7,"2;4;5;6;7;8;10"
Root_14859,77.778854,20.727072,8,"0;1;4;5;6;7;8;10"
Root_14860,320.385786,41.004832,7,"1;4;5;6;7;8;10"
Root_14861,118.990938,26.056672,7,"0;4;5;6;7;8;10"
Root_14862,362.399075,45.634432,6,"4;5;6;7;8;10"
Root_14863,78.288646,20.109792,9,"0;1;2;3;5;6;7;8;10"
Root_14864,321.008026,40.387552,8,"1;2;3;5;6;7;8;10"
Root_14865,121.465018,25.439392,8,"0;2;3;5;6;7;8;10"
Root_14866,362.404035,45.017152,7,"2;3;5;6;7;8;10"
Root_14867,76.776198,21.035712,8,"0;1;3;5;6;7;8;10"
Root_14868,323.163546,41.313472,7,"1;3;5;6;7;8;10"
Root_14869,120.842778,26.365312,7,"0;3;5;6;7;8;10"
Root_14870,365.485475,45.943072,6,"3;5;6;7;8;10"
Root_14871,82.691078,22.023360,8,"0;1;2;5;6;7;8;10"
Root_14872,331.435098,42.301120,7,"1;2;5;6;7;8;10"
Root_14873,126.504346,27.352960,7,"0;2;5;6;7;8;10"
Root_14874,374.744675,46.930720,6,"2;5;6;7;8;10"
Root_14875,82.068838,22.949280,7,"0;1;5;6;7;8;10"
Root_14876,334.516538,43.227040,6,"1;5;6;7;8;10"
Root_14877,127.733946,28.278880,6,"0;5;6;7;8;10"
Root_14878,378.752035,47.856640,5,"5;6;7;8;10"
Root_14879,84.580112,19.430784,9,"0;1;2;3;4;6;7;8;10"
Root_14880,315.267322,39.708544,8,"1;2;3;4;6;7;8;10"
Root_14881,123.000954,24.760384,8,"0;2;3;4;6;7;8;10"
Root_14882,355.984323,44.338144,7,"2;3;4;6;7;8;10"
Root_14883,82.106032,20.356704,8,"0;1;3;4;6;7;8;10"
Root_14884,317.422842,40.634464,7,"1;3;4;6;7;8;10"
Root_14885,121.452794,25.686304,7,"0;3;4;6;7;8;10"
Root_14886,359.065763,45.264064,6,"3;4;6;7;8;10"
Root_14887,87.068976,21.344352,8,"0;1;2;4;6;7;8;10"
Root_14888,325.324026,41.622112,7,"1;2;4;6;7;8;10"
Root_14889,125.403386,26.673952,7,"0;2;4;6;7;8;10"
Root_14890,367.954595,46.251712,6,"2;4;6;7;8;10"
Root_14891,85.520816,22.270272,7,"0;1;4;6;7;8;10"
Root_14892,328.405466,42.548032,6,"1;4;6;7;8;10"
Root_14893,125.381018,27.599872,6,"0;4;6;7;8;10"
Root_14894,371.961955,47.177632,5,"4;6;7;8;10"
Root_14895,86.956528,21.652992,8,"0;1;2;3;6;7;8;10"
Root_14896,328.101786,41.930752,7,"1;2;3;6;7;8;10"
Root_14897,126.946586,26.982592,7,"0;2;3;6;7;8;10"
Root_14898,371.040995,46.560352,6,"2;3;6;7;8;10"
Root_14899,86.334288,22.578912,7,"0;1;3;6;7;8;10"
Root_14900,331.183226,42.856672,6,"1;3;6;7;8;10"
Root_14901,127.232858,27.908512,6,"0;3;6;7;8;10"
Root_14902,375.048355,47.486272,5,"3;6;7;8;10"
Root_14903,91.272528,23.566560,7,"0;1;2;6;7;8;10"
Root_14904,340.072058,43.844320,6,"1;2;6;7;8;10"
Root_14905,133.158746,28.896160,6,"0;2;6;7;8;10"
Root_14906,384.924835,48.473920,5,"2;6;7;8;10"
Root_14907,91.576208,24.492480,6,"0;1;6;7;8;10"
Root_14908,344.079418,44.770240,5,"1;6;7;8;10"
Root_14909,134.388346,29.822080,5,"0;6;7;8;10"
Root_14910,389.858115,49.399840,4,"6;7;8;10"
Root_14911,87.993664,20.313494,9,"0;1;2;3;4;5;7;8;10"
Root_14912,323.045050,40.591254,8,"1;2;3;4;5;7;8;10"
Root_14913,126.247840,25.643094,8,"0;2;3;4;5;7;8;10"
Root_14914,364.644762,45.220854,7,"2;3;4;5;7;8;10"
Root_14915,85.758998,21.239414,8,"0;1;3;4;5;7;8;10"
Root_14916,325.200570,41.517174,7,"1;3;4;5;7;8;10"
Root_14917,124.699680,26.569014,7,"0;3;4;5;7;8;10"
Root_14918,367.726202,46.146774,6,"3;4;5;7;8;10"
Root_14919,90.482528,22.227062,8,"0;1;2;4;5;7;8;10"
Root_14920,333.472122,42.504822,7,"1;2;4;5;7;8;10"
Root_14921,129.577302,27.556662,7,"0;2;4;5;7;8;10"
Root_14922,376.985402,47.134422,6,"2;4;5;7;8;10"
Root_14923,89.087350,23.152982,7,"0;1;4;5;7;8;10"
Root_14924,336.553562,43.430742,6,"1;4;5;7;8;10"
Root_14925,129.880982,28.482582,6,"0;4;5;7;8;10"
Root_14926,380.992762,48.060342,5,"4;5;7;8;10"
Root_14927,91.252790,22.535702,8,"0;1;2;3;5;7;8;10"
Root_14928,336.558522,42.813462,7,"1;2;3;5;7;8;10"
Root_14929,131.737782,27.865302,7,"0;2;3;5;7;8;10"
Root_14930,380.380442,47.443062,6,"2;3;5;7;8;10"
Root_14931,90.630550,23.461622,7,"0;1;3;5;7;8;10"
Root_14932,339.639962,43.739382,6,"1;3;5;7;8;10"
Root_14933,132.041462,28.791222,6,"0;3;5;7;8;10"
Root_14934,384.387802,48.368982,5,"3;5;7;8;10"
Root_14935,95.568790,24.449270,7,"0;1;2;5;7;8;10"
Root_14936,348.899162,44.727030,6,"1;2;5;7;8;10"
Root_14937,139.116589,29.778870,6,"0;2;5;7;8;10"
Root_14938,394.634650,49.356630,5,"2;5;7;8;10"
Root_14939,95.872470,25.375190,6,"0;1;5;7;8;10"
Root_14940,352.906522,45.652950,5,"1;5;7;8;10"
Root_14941,141.976899,30.704790,5,"0;5;7;8;10"
Root_14942,399.567930,50.282550,4,"5;7;8;10"
Root_14943,95.322048,21.856694,8,"0;1;2;3;4;7;8;10"
Root_14944,330.138810,42.134454,7,"1;2;3;4;7;8;10"
Root_14945,130.168800,27.186294,7,"0;2;3;4;7;8;10"
Root_14946,373.281722,46.764054,6,"2;3;4;7;8;10"
Root_14947,93.773888,22.782614,7,"0;1;3;4;7;8;10"
Root_14948,333.220250,43.060374,6,"1;3;4;7;8;10"
Root_14949,129.546560,28.112214,6,"0;3;4;7;8;10"
Root_14950,377.289082,47.689974,5,"3;4;7;8;10"
Root_14951,97.724480,23.770262,7,"0;1;2;4;7;8;10"
Root_14952,342.109082,44.048022,6,"1;2;4;7;8;10"
Root_14953,134.584662,29.099862,6,"0;2;4;7;8;10"
Root_14954,387.165562,48.677622,5,"2;4;7;8;10"
Root_14955,97.102240,24.696182,6,"0;1;4;7;8;10"
Root_14956,346.116442,44.973942,5,"1;4;7;8;10"
Root_14957,135.865827,30.025782,5,"0;4;7;8;10"
Root_14958,392.098842,49.603542,4,"4;7;8;10"
Root_14959,99.267680,24.078902,7,"0;1;2;3;7;8;10"
Root_14960,345.195482,44.356662,6,"1;2;3;7;8;10"
Root_14961,136.745142,29.408502,6,"0;2;3;7;8;10"
Root_14962,390.560602,48.986262,5,"2;3;7;8;10"
Root_14963,98.645440,25.004822,6,"0;1;3;7;8;10"
Root_14964,349.202842,45.282582,5,"1;3;7;8;10"
Root_14965,138.643587,30.334422,5,"0;3;7;8;10"
Root_14966,395.493882,49.912182,4,"3;7;8;10"
Root_14967,103.583680,25.992470,6,"0;1;2;7;8;10"
Root_14968,359.079322,46.270230,5,"1;2;7;8;10"
Root_14969,147.532419,31.322070,5,"0;2;7;8;10"
Root_14970,406.358010,50.899830,4,"2;7;8;10"
Root_14971,103.887360,26.918390,5,"0;1;7;8;10"
Root_14972,364.012602,47.196150,4,"1;7;8;10"
Root_14973,151.539779,32.247990,4,"0;7;8;10"
Root_14974,412.217210,51.825750,3,"7;8;10"
Root_14975,92.533274,20.912256,9,"0;1;2;3;4;5;6;8;10"
Root_14976,329.631427,41.190016,8,"1;2;3;4;5;6;8;10"
Root_14977,131.686083,26.241856,8,"0;2;3;4;5;6;8;10"
Root_14978,371.829901,45.819616,7,"2;3;4;5;6;8;10"
Root_14979,90.897370,21.838176,8,"0;1;3;4;5;6;8;10"
Root_14980,331.786947,42.115936,7,"1;3;4;5;6;8;10"
Root_14981,130.305699,27.167776,7,"0;3;4;5;6;8;10"
Root_14982,374.911341,46.745536,6,"3;4;5;6;8;10"
Root_14983,95.022138,22.825824,8,"0;1;2;4;5;6;8;10"
Root_14984,340.058499,43.103584,7,"1;2;4;5;6;8;10"
Root_14985,135.614307,28.155424,7,"0;2;4;5;6;8;10"
Root_14986,384.170541,47.733184,6,"2;4;5;6;8;10"
Root_14987,94.225722,23.751744,7,"0;1;4;5;6;8;10"
Root_14988,343.139939,44.029504,6,"1;4;5;6;8;10"
Root_14989,135.917987,29.081344,6,"0;4;5;6;8;10"
Root_14990,388.177901,48.659104,5,"4;5;6;8;10"
Root_14991,96.391162,23.134464,8,"0;1;2;3;5;6;8;10"
Root_14992,343.144899,43.412224,7,"1;2;3;5;6;8;10"
Root_14993,137.774787,28.464064,7,"0;2;3;5;6;8;10"
Root_14994,387.565581,48.041824,6,"2;3;5;6;8;10"
Root_14995,95.768922,24.060384,7,"0;1;3;5;6;8;10"
Root_14996,346.226339,44.338144,6,"1;3;5;6;8;10"
Root_14997,138.078467,29.389984,6,"0;3;5;6;8;10"
Root_14998,391.572941,48.967744,5,"3;5;6;8;10"
Root_14999,101.007034,25.048032,7,"0;1;2;5;6;8;10"
Root_15000,355.485539,45.325792,6,"1;2;5;6;8;10"
Root_15001,145.129987,30.377632,6,"0;2;5;6;8;10"
Root_15002,401.819789,49.955392,5,"2;5;6;8;10"
Root_15003,101.310714,25.973952,6,"0;1;5;6;8;10"
Root_15004,359.492899,46.251712,5,"1;5;6;8;10"
Root_15005,148.211427,31.303552,5,"0;5;6;8;10"
Root_15006,406.753069,50.881312,4,"5;6;8;10"
Root_15007,100.161530,22.455456,8,"0;1;2;3;4;6;8;10"
Root_15008,336.725187,42.733216,7,"1;2;3;4;6;8;10"
Root_15009,135.607043,27.785056,7,"0;2;3;4;6;8;10"
Root_15010,380.466861,47.362816,6,"2;3;4;6;8;10"
Root_15011,98.613370,23.381376,7,"0;1;3;4;6;8;10"
Root_15012,339.806627,43.659136,6,"1;3;4;6;8;10"
Root_15013,134.984803,28.710976,6,"0;3;4;6;8;10"
Root_15014,384.474221,48.288736,5,"3;4;6;8;10"
Root_15015,102.563962,24.369024,7,"0;1;2;4;6;8;10"
Root_15016,348.695459,44.646784,6,"1;2;4;6;8;10"
Root_15017,139.923043,29.698624,6,"0;2;4;6;8;10"
Root_15018,394.350701,49.276384,5,"2;4;6;8;10"
Root_15019,101.941722,25.294944,6,"0;1;4;6;8;10"
Root_15020,352.702819,45.572704,5,"1;4;6;8;10"
Root_15021,142.100355,30.624544,5,"0;4;6;8;10"
Root_15022,399.283981,50.202304,4,"4;6;8;10"
Root_15023,104.107162,24.677664,7,"0;1;2;3;6;8;10"
Root_15024,351.781859,44.955424,6,"1;2;3;6;8;10"
Root_15025,141.796675,30.007264,6,"0;2;3;6;8;10"
Root_15026,397.745741,49.585024,5,"2;3;6;8;10"
Root_15027,103.484922,25.603584,6,"0;1;3;6;8;10"
Root_15028,355.789219,45.881344,5,"1;3;6;8;10"
Root_15029,144.878115,30.933184,5,"0;3;6;8;10"
Root_15030,402.679021,50.510944,4,"3;6;8;10"
Root_15031,108.423162,26.591232,6,"0;1;2;6;8;10"
Root_15032,365.665699,46.868992,5,"1;2;6;8;10"
Root_15033,153.766947,31.920832,5,"0;2;6;8;10"
Root_15034,413.543149,51.498592,4,"2;6;8;10"
Root_15035,109.243994,27.517152,5,"0;1;6;8;10"
Root_15036,370.598979,47.794912,4,"1;6;8;10"
Root_15037,157.774307,32.846752,4,"0;6;8;10"
Root_15038,419.402349,52.424512,3,"6;8;10"
Root_15039,103.408416,23.338166,8,"0;1;2;3;4;5;8;10"
Root_15040,345.385626,43.615926,7,"1;2;3;4;5;8;10"
Root_15041,139.736640,28.667766,7,"0;2;3;4;5;8;10"
Root_15042,390.010010,48.245526,6,"2;3;4;5;8;10"
Root_15043,101.860256,24.264086,7,"0;1;3;4;5;8;10"
Root_15044,348.467066,44.541846,6,"1;3;4;5;8;10"
Root_15045,139.708086,29.593686,6,"0;3;4;5;8;10"
Root_15046,394.017370,49.171446,5,"3;4;5;8;10"
Root_15047,106.181216,25.251734,7,"0;1;2;4;5;8;10"
Root_15048,357.726266,45.529494,6,"1;2;4;5;8;10"
Root_15049,147.167011,30.581334,6,"0;2;4;5;8;10"
Root_15050,404.264218,50.159094,5,"2;4;5;8;10"
Root_15051,105.558976,26.177654,6,"0;1;4;5;8;10"
Root_15052,361.733626,46.455414,5,"1;4;5;8;10"
Root_15053,150.248451,31.507254,5,"0;4;5;8;10"
Root_15054,409.197498,51.085014,4,"4;5;8;10"
Root_15055,108.033056,25.560374,7,"0;1;2;3;5;8;10"
Root_15056,361.121306,45.838134,6,"1;2;3;5;8;10"
Root_15057,150.253411,30.889974,6,"0;2;3;5;8;10"
Root_15058,407.967898,50.467734,5,"2;3;5;8;10"
Root_15059,107.410816,26.486294,6,"0;1;3;5;8;10"
Root_15060,365.128666,46.764054,5,"1;3;5;8;10"
Root_15061,153.334851,31.815894,5,"0;3;5;8;10"
Root_15062,412.901178,51.393654,4,"3;5;8;10"
Root_15063,113.193366,27.473942,6,"0;1;2;5;8;10"
Root_15064,375.375514,47.751702,5,"1;2;5;8;10"
Root_15065,162.594051,32.803542,5,"0;2;5;8;10"
Root_15066,424.135674,52.381302,4,"2;5;8;10"
Root_15067,114.422966,28.399862,5,"0;1;5;8;10"
Root_15068,380.308794,48.677622,4,"1;5;8;10"
Root_15069,167.330874,33.729462,4,"0;5;8;10"
Root_15070,429.994874,53.307222,3,"5;8;10"
Root_15071,109.448010,24.881366,7,"0;1;2;3;4;8;10"
Root_15072,354.022586,45.159126,6,"1;2;3;4;8;10"
Root_15073,143.833699,30.210966,6,"0;2;3;4;8;10"
Root_15074,400.190170,49.788726,5,"2;3;4;8;10"
Root_15075,107.899850,25.807286,6,"0;1;3;4;8;10"
Root_15076,358.029946,46.085046,5,"1;3;4;8;10"
Root_15077,146.915139,31.136886,5,"0;3;4;8;10"
Root_15078,405.123450,50.714646,4,"3;4;8;10"
Root_15079,111.850442,26.794934,6,"0;1;2;4;8;10"
Root_15080,367.906426,47.072694,5,"1;2;4;8;10"
Root_15081,155.803971,32.124534,5,"0;2;4;8;10"
Root_15082,415.987578,51.702294,4,"2;4;8;10"
Root_15083,111.949056,27.720854,5,"0;1;4;8;10"
Root_15084,372.839706,47.998614,4,"1;4;8;10"
Root_15085,159.861786,33.050454,4,"0;4;8;10"
Root_15086,421.846778,52.628214,3,"4;8;10"
Root_15087,113.497216,27.103574,6,"0;1;2;3;8;10"
Root_15088,371.301466,47.381334,5,"1;2;3;8;10"
Root_15089,158.890371,32.433174,5,"0;2;3;8;10"
Root_15090,419.691258,52.010934,4,"2;3;8;10"
Root_15091,113.800896,28.029494,5,"0;1;3;8;10"
Root_15092,376.234746,48.307254,4,"1;3;8;10"
Root_15093,163.256826,33.359094,4,"0;3;8;10"
Root_15094,425.550458,52.936854,3,"3;8;10"
Root_15095,119.743926,29.017142,5,"0;1;2;8;10"
Root_15096,387.098874,49.294902,4,"1;2;8;10"
Root_15097,174.120954,34.346742,4,"0;2;8;10"
Root_15098,437.402234,53.924502,3,"2;8;10"
Root_15099,121.899446,29.943062,4,"0;1;8;10"
Root_15100,392.958074,50.220822,3,"1;8;10"
Root_15101,179.980154,35.272662,3,"0;8;10"
Root_15102,444.187354,54.850422,2,"8;10"
Root_15103,103.510746,22.517184,9,"0;1;2;3;4;5;6;7;10"
Root_15104,348.890563,42.794944,8,"1;2;3;4;5;6;7;10"
Root_15105,144.824003,27.846784,8,"0;2;3;4;5;6;7;10"
Root_15106,392.693965,47.424544,7,"2;3;4;5;6;7;10"
Root_15107,101.962586,23.443104,8,"0;1;3;4;5;6;7;10"
Root_15108,351.046083,43.720864,7,"1;3;4;5;6;7;10"
Root_15109,145.127683,28.772704,7,"0;3;4;5;6;7;10"
Root_15110,395.775405,48.350464,6,"3;4;5;6;7;10"
Root_15111,105.913178,24.430752,8,"0;1;2;4;5;6;7;10"
Root_15112,359.317635,44.708512,7,"1;2;4;5;6;7;10"
Root_15113,151.423939,29.760352,7,"0;2;4;5;6;7;10"
Root_15114,405.034605,49.338112,6,"2;4;5;6;7;10"
Root_15115,105.290938,25.356672,7,"0;1;4;5;6;7;10"
Root_15116,362.399075,45.634432,6,"1;4;5;6;7;10"
Root_15117,153.339811,30.686272,6,"0;4;5;6;7;10"
Root_15118,409.041965,50.264032,5,"4;5;6;7;10"
Root_15119,107.765018,24.739392,8,"0;1;2;3;5;6;7;10"
Root_15120,362.404035,45.017152,7,"1;2;3;5;6;7;10"
Root_15121,153.962051,30.068992,7,"0;2;3;5;6;7;10"
Root_15122,408.429645,49.646752,6,"2;3;5;6;7;10"
Root_15123,107.142778,25.665312,7,"0;1;3;5;6;7;10"
Root_15124,365.485475,45.943072,6,"1;3;5;6;7;10"
Root_15125,156.117571,30.994912,6,"0;3;5;6;7;10"
Root_15126,412.437005,50.572672,5,"3;5;6;7;10"
Root_15127,112.451386,26.652960,7,"0;1;2;5;6;7;10"
Root_15128,374.744675,46.930720,6,"1;2;5;6;7;10"
Root_15129,164.389123,31.982560,6,"0;2;5;6;7;10"
Root_15130,422.683853,51.560320,5,"2;5;6;7;10"
Root_15131,113.912826,27.578880,6,"0;1;5;6;7;10"
Root_15132,378.752035,47.856640,5,"1;5;6;7;10"
Root_15133,167.470563,32.908480,5,"0;5;6;7;10"
Root_15134,427.617133,52.486240,4,"5;6;7;10"
Root_15135,110.000954,24.060384,8,"0;1;2;3;4;6;7;10"
Root_15136,355.984323,44.338144,7,"1;2;3;4;6;7;10"
Root_15137,149.441379,29.389984,7,"0;2;3;4;6;7;10"
Root_15138,401.330925,48.967744,6,"2;3;4;6;7;10"
Root_15139,108.452794,24.986304,7,"0;1;3;4;6;7;10"
Root_15140,359.065763,45.264064,6,"1;3;4;6;7;10"
Root_15141,150.376867,30.315904,6,"0;3;4;6;7;10"
Root_15142,405.338285,49.893664,5,"3;4;6;7;10"
Root_15143,112.403386,25.973952,7,"0;1;2;4;6;7;10"
Root_15144,367.954595,46.251712,6,"1;2;4;6;7;10"
Root_15145,158.278051,31.303552,6,"0;2;4;6;7;10"
Root_15146,415.214765,50.881312,5,"2;4;6;7;10"
Root_15147,111.781146,26.899872,6,"0;1;4;6;7;10"
Root_15148,371.961955,47.177632,5,"1;4;6;7;10"
Root_15149,161.359491,32.229472,5,"0;4;6;7;10"
Root_15150,420.148045,51.807232,4,"4;6;7;10"
Root_15151,113.946586,26.282592,7,"0;1;2;3;6;7;10"
Root_15152,371.040995,46.560352,6,"1;2;3;6;7;10"
Root_15153,161.055811,31.612192,6,"0;2;3;6;7;10"
Root_15154,418.609805,51.189952,5,"2;3;6;7;10"
Root_15155,113.741370,27.208512,6,"0;1;3;6;7;10"
Root_15156,375.048355,47.486272,5,"1;3;6;7;10"
Root_15157,164.137251,32.538112,5,"0;3;6;7;10"
Root_15158,423.543085,52.115872,4,"3;6;7;10"
Root_15159,120.654906,28.196160,6,"0;1;2;6;7;10"
Root_15160,384.924835,48.473920,5,"1;2;6;7;10"
Root_15161,173.551843,33.525760,5,"0;2;6;7;10"
Root_15162,434.407213,53.103520,4,"2;6;7;10"
Root_15163,122.810426,29.122080,5,"0;1;6;7;10"
Root_15164,389.858115,49.399840,4,"1;6;7;10"
Root_15165,178.485123,34.451680,4,"0;6;7;10"
Root_15166,440.266413,54.029440,3,"6;7;10"
Root_15167,113.247840,24.943094,8,"0;1;2;3;4;5;7;10"
Root_15168,364.644762,45.220854,7,"1;2;3;4;5;7;10"
Root_15169,155.999075,30.272694,7,"0;2;3;4;5;7;10"
Root_15170,410.874074,49.850454,6,"2;3;4;5;7;10"
Root_15171,111.699680,25.869014,7,"0;1;3;4;5;7;10"
Root_15172,367.726202,46.146774,6,"1;3;4;5;7;10"
Root_15173,158.154595,31.198614,6,"0;3;4;5;7;10"
Root_15174,414.881434,50.776374,5,"3;4;5;7;10"
Root_15175,116.020640,26.856662,7,"0;1;2;4;5;7;10"
Root_15176,376.985402,47.134422,6,"1;2;4;5;7;10"
Root_15177,166.426147,32.186262,6,"0;2;4;5;7;10"
Root_15178,425.128282,51.764022,5,"2;4;5;7;10"
Root_15179,116.963565,27.782582,6,"0;1;4;5;7;10"
Root_15180,380.992762,48.060342,5,"1;4;5;7;10"
Root_15181,169.619770,33.112182,5,"0;4;5;7;10"
Root_15182,430.061562,52.689942,4,"4;5;7;10"
Root_15183,118.203085,27.165302,7,"0;1;2;3;5;7;10"
Root_15184,380.380442,47.443062,6,"1;2;3;5;7;10"
Root_15185,169.512547,32.494902,6,"0;2;3;5;7;10"
Root_15186,428.831962,52.072662,5,"2;3;5;7;10"
Root_15187,119.432685,28.091222,6,"0;1;3;5;7;10"
Root_15188,384.387802,48.368982,5,"1;3;5;7;10"
Root_15189,173.014810,33.420822,5,"0;3;5;7;10"
Root_15190,433.765242,52.998582,4,"3;5;7;10"
Root_15191,126.795459,29.078870,6,"0;1;2;5;7;10"
Root_15192,394.634650,49.356630,5,"1;2;5;7;10"
Root_15193,183.261658,34.408470,5,"0;2;5;7;10"
Root_15194,444.999738,53.986230,4,"2;5;7;10"
Root_15195,129.881690,30.004790,5,"0;1;5;7;10"
Root_15196,399.567930,50.282550,4,"1;5;7;10"
Root_15197,188.194938,35.334390,4,"0;5;7;10"
Root_15198,450.858938,54.912150,3,"5;7;10"
Root_15199,117.682506,26.486294,7,"0;1;2;3;4;7;10"
Root_15200,373.281722,46.764054,6,"1;2;3;4;7;10"
Root_15201,163.092835,31.815894,6,"0;2;3;4;7;10"
Root_15202,421.054234,51.393654,5,"2;3;4;7;10"
Root_15203,116.958774,27.412214,6,"0;1;3;4;7;10"
Root_15204,377.289082,47.689974,5,"1;3;4;7;10"
Root_15205,166.174275,32.741814,5,"0;3;4;7;10"
Root_15206,425.987514,52.319574,4,"3;4;7;10"
Root_15207,122.884662,28.399862,6,"0;1;2;4;7;10"
Root_15208,387.165562,48.677622,5,"1;2;4;7;10"
Root_15209,175.792570,33.729462,5,"0;2;4;7;10"
Root_15210,436.851642,53.307222,4,"2;4;7;10"
Root_15211,124.440045,29.325782,5,"0;1;4;7;10"
Root_15212,392.098842,49.603542,4,"1;4;7;10"
Root_15213,180.725850,34.655382,4,"0;4;7;10"
Root_15214,442.710842,54.233142,3,"4;7;10"
Root_15215,125.045142,28.708502,6,"0;1;2;3;7;10"
Root_15216,390.560602,48.986262,5,"1;2;3;7;10"
Root_15217,179.187610,34.038102,5,"0;2;3;7;10"
Root_15218,440.555322,53.615862,4,"2;3;7;10"
Root_15219,126.909165,29.634422,5,"0;1;3;7;10"
Root_15220,395.493882,49.912182,4,"1;3;7;10"
Root_15221,184.120890,34.964022,4,"0;3;7;10"
Root_15222,446.414522,54.541782,3,"3;7;10"
Root_15223,136.054490,30.622070,5,"0;1;2;7;10"
Root_15224,406.358010,50.899830,4,"1;2;7;10"
Root_15225,194.985018,35.951670,4,"0;2;7;10"
Root_15226,458.266298,55.529430,3,"2;7;10"
Root_15227,140.987770,31.547990,4,"0;1;7;10"
Root_15228,412.217210,51.825750,3,"1;7;10"
Root_15229,200.844218,36.877590,3,"0;7;10"
Root_15230,465.051418,56.455350,2,"7;10"
Root_15231,118.686083,25.541856,8,"0;1;2;3;4;5;6;10"
Root_15232,371.829901,45.819616,7,"1;2;3;4;5;6;10"
Root_15233,162.832365,30.871456,7,"0;2;3;4;5;6;10"
Root_15234,418.657974,50.449216,6,"2;3;4;5;6;10"
Root_15235,117.137923,26.467776,7,"0;1;3;4;5;6;10"
Root_15236,374.911341,46.745536,6,"1;3;4;5;6;10"
Root_15237,164.987885,31.797376,6,"0;3;4;5;6;10"
Root_15238,422.665334,51.375136,5,"3;4;5;6;10"
Root_15239,122.369731,27.455424,7,"0;1;2;4;5;6;10"
Root_15240,384.170541,47.733184,6,"1;2;4;5;6;10"
Root_15241,173.259437,32.785024,6,"0;2;4;5;6;10"
Root_15242,432.912182,52.362784,5,"2;4;5;6;10"
Root_15243,123.599331,28.381344,6,"0;1;4;5;6;10"
Root_15244,388.177901,48.659104,5,"1;4;5;6;10"
Root_15245,177.051821,33.710944,5,"0;4;5;6;10"
Root_15246,437.845462,53.288704,4,"4;5;6;10"
Root_15247,124.838851,27.764064,7,"0;1;2;3;5;6;10"
Root_15248,387.565581,48.041824,6,"1;2;3;5;6;10"
Root_15249,176.439501,33.093664,6,"0;2;3;5;6;10"
Root_15250,436.615862,52.671424,5,"2;3;5;6;10"
Root_15251,126.068451,28.689984,6,"0;1;3;5;6;10"
Root_15252,391.572941,48.967744,5,"1;3;5;6;10"
Root_15253,180.446861,34.019584,5,"0;3;5;6;10"
Root_15254,441.549142,53.597344,4,"3;5;6;10"
Root_15255,133.352355,29.677632,6,"0;1;2;5;6;10"
Root_15256,401.819789,49.955392,5,"1;2;5;6;10"
Root_15257,190.693709,35.007232,5,"0;2;5;6;10"
Root_15258,452.783638,54.584992,4,"2;5;6;10"
Root_15259,136.714979,30.603552,5,"0;1;5;6;10"
Root_15260,406.753069,50.881312,4,"1;5;6;10"
Root_15261,195.626989,35.933152,4,"0;5;6;10"
Root_15262,458.642838,55.510912,3,"5;6;10"
Root_15263,122.692099,27.085056,7,"0;1;2;3;4;6;10"
Root_15264,380.466861,47.362816,6,"1;2;3;4;6;10"
Root_15265,169.926125,32.414656,6,"0;2;3;4;6;10"
Root_15266,428.838134,51.992416,5,"2;3;4;6;10"
Root_15267,122.995779,28.010976,6,"0;1;3;4;6;10"
Root_15268,384.474221,48.288736,5,"1;3;4;6;10"
Root_15269,173.348141,33.340576,5,"0;3;4;6;10"
Root_15270,433.771414,52.918336,4,"3;4;6;10"
Root_15271,128.921667,28.998624,6,"0;1;2;4;6;10"
Root_15272,394.350701,49.276384,5,"1;2;4;6;10"
Root_15273,183.224621,34.328224,5,"0;2;4;6;10"
Root_15274,444.635542,53.905984,4,"2;4;6;10"
Root_15275,130.151267,29.924544,5,"0;1;4;6;10"
Root_15276,399.283981,50.202304,4,"1;4;6;10"
Root_15277,188.157901,35.254144,4,"0;4;6;10"
Root_15278,450.494742,54.831904,3,"4;6;10"
Root_15279,131.082147,29.307264,6,"0;1;2;3;6;10"
Root_15280,397.745741,49.585024,5,"1;2;3;6;10"
Root_15281,186.619661,34.636864,5,"0;2;3;6;10"
Root_15282,448.339222,54.214624,4,"2;3;6;10"
Root_15283,133.011299,30.233184,5,"0;1;3;6;10"
Root_15284,402.679021,50.510944,4,"1;3;6;10"
Root_15285,191.552941,35.562784,4,"0;3;6;10"
Root_15286,454.198422,55.140544,3,"3;6;10"
Root_15287,142.887779,31.220832,5,"0;1;2;6;10"
Root_15288,413.543149,51.498592,4,"1;2;6;10"
Root_15289,202.417069,36.550432,4,"0;2;6;10"
Root_15290,466.050198,56.128192,3,"2;6;10"
Root_15291,147.821059,32.146752,4,"0;1;6;10"
Root_15292,419.402349,52.424512,3,"1;6;10"
Root_15293,208.276269,37.476352,3,"0;6;10"
Root_15294,472.835318,57.054112,2,"6;10"
Root_15295,127.704406,27.967766,7,"0;1;2;3;4;5;10"
Root_15296,390.010010,48.245526,6,"1;2;3;4;5;10"
Root_15297,178.883930,33.297366,6,"0;2;3;4;5;10"
Root_15298,439.263994,52.875126,5,"2;3;4;5;10"
Root_15299,128.008086,28.893686,6,"0;1;3;4;5;10"
Root_15300,394.017370,49.171446,5,"1;3;4;5;10"
Root_15301,182.891290,34.223286,5,"0;3;4;5;10"
Root_15302,444.197274,53.801046,4,"3;4;5;10"
Root_15303,135.185677,29.881334,6,"0;1;2;4;5;10"
Root_15304,404.264218,50.159094,5,"1;2;4;5;10"
Root_15305,193.138138,35.210934,5,"0;2;4;5;10"
Root_15306,455.431770,54.788694,4,"2;4;5;10"
Root_15307,138.955706,30.807254,5,"0;1;4;5;10"
Root_15308,409.197498,51.085014,4,"1;4;5;10"
Root_15309,198.071418,36.136854,4,"0;4;5;10"
Root_15310,461.290970,55.714614,3,"4;5;10"
Root_15311,138.343386,30.189974,6,"0;1;2;3;5;10"
Root_15312,407.967898,50.467734,5,"1;2;3;5;10"
Root_15313,196.841818,35.519574,5,"0;2;3;5;10"
Root_15314,459.444090,55.097334,4,"2;3;5;10"
Root_15315,142.350746,31.115894,5,"0;1;3;5;10"
Root_15316,412.901178,51.393654,4,"1;3;5;10"
Root_15317,201.775098,36.445494,4,"0;3;5;10"
Root_15318,465.303290,56.023254,3,"3;5;10"
Root_15319,152.597594,32.103542,5,"0;1;2;5;10"
Root_15320,424.135674,52.381302,4,"1;2;5;10"
Root_15321,213.009594,37.433142,4,"0;2;5;10"
Root_15322,477.525434,57.010902,3,"2;5;10"
Root_15323,157.530874,33.029462,4,"0;1;5;10"
Root_15324,429.994874,53.307222,3,"1;5;10"
Root_15325,218.868794,38.359062,3,"0;5;10"
Root_15326,484.310554,57.936822,2,"5;10"
Root_15327,132.711766,29.510966,6,"0;1;2;3;4;10"
Root_15328,400.190170,49.788726,5,"1;2;3;4;10"
Root_15329,189.064090,34.840566,5,"0;2;3;4;10"
Root_15330,450.987354,54.418326,4,"2;3;4;10"
Root_15331,135.252026,30.436886,5,"0;1;3;4;10"
Root_15332,405.123450,50.714646,4,"1;3;4;10"
Root_15333,193.997370,35.766486,4,"0;3;4;10"
Root_15334,456.846554,55.344246,3,"3;4;10"
Root_15335,145.128506,31.424534,5,"0;1;2;4;10"
Root_15336,415.987578,51.702294,4,"1;2;4;10"
Root_15337,204.861498,36.754134,4,"0;2;4;10"
Root_15338,468.698330,56.331894,3,"2;4;10"
Root_15339,150.061786,32.350454,4,"0;1;4;10"
Root_15340,421.846778,52.628214,3,"1;4;10"
Root_15341,210.720698,37.680054,3,"0;4;10"
Root_15342,475.483450,57.257814,2,"4;10"
Root_15343,148.523546,31.733174,5,"0;1;2;3;10"
Root_15344,419.691258,52.010934,4,"1;2;3;10"
Root_15345,208.565178,37.062774,4,"0;2;3;10"
Root_15346,472.710650,56.640534,3,"2;3;10"
Root_15347,153.456826,32.659094,4,"0;1;3;10"
Root_15348,425.550458,52.936854,3,"1;3;10"
Root_15349,214.424378,37.988694,3,"0;3;10"
Root_15350,479.495770,57.566454,2,"3;10"
Root_15351,164.320954,33.646742,4,"0;1;2;10"
Root_15352,437.402234,53.924502,3,"1;2;10"
Root_15353,226.276154,38.976342,3,"0;2;10"
Root_15354,492.335194,58.554102,2,"2;10"
Root_15355,170.180154,34.572662,3,"0;1;10"
Root_15356,444.187354,54.850422,2,"1;10"
Root_15357,233.061274,39.902262,2,"0;10"
Root_15358,500.046234,59.480022,1,"10"
Root_15359,75.781424,16.220928,10,"0;1;2;3;4;5;6;7;8;9"
Root_15360,303.751408,36.498688,9,"1;2;3;4;5;6;7;8;9"
Root_15361,116.245360,21.550528,9,"0;2;3;4;5;6;7;8;9"
Root_15362,340.558554,41.128288,8,"2;3;4;5;6;7;8;9"
Root_15363,72.607344,17.146848,9,"0;1;3;4;5;6;7;8;9"
Root_15364,304.281008,37.424608,8,"1;3;4;5;6;7;8;9"
Root_15365,113.997200,22.476448,8,"0;3;4;5;6;7;8;9"
Root_15366,342.014074,42.054208,7,"3;4;5;6;7;8;9"
Root_15367,79.582640,18.134496,9,"0;1;2;4;5;6;7;8;9"
Root_15368,310.577264,38.412256,8,"1;2;4;5;6;7;8;9"
Root_15369,116.960144,23.464096,8,"0;2;4;5;6;7;8;9"
Root_15370,349.297978,43.041856,7,"2;4;5;6;7;8;9"
Root_15371,77.334480,19.060416,8,"0;1;4;5;6;7;8;9"
Root_15372,312.032784,39.338176,7,"1;4;5;6;7;8;9"
Root_15373,115.637904,24.390016,7,"0;4;5;6;7;8;9"
Root_15374,351.679418,43.967776,6,"4;5;6;7;8;9"
Root_15375,75.951696,18.443136,9,"0;1;2;3;5;6;7;8;9"
Root_15376,313.046384,38.720896,8,"1;2;3;5;6;7;8;9"
Root_15377,118.503344,23.772736,8,"0;2;3;5;6;7;8;9"
Root_15378,352.075738,43.350496,7,"2;3;5;6;7;8;9"
Root_15379,74.629456,19.369056,8,"0;1;3;5;6;7;8;9"
Root_15380,314.501904,39.646816,7,"1;3;5;6;7;8;9"
Root_15381,117.181104,24.698656,7,"0;3;5;6;7;8;9"
Root_15382,354.457178,44.276416,6,"3;5;6;7;8;9"
Root_15383,81.223344,20.356704,8,"0;1;2;5;6;7;8;9"
Root_15384,321.785808,40.634464,7,"1;2;5;6;7;8;9"
Root_15385,121.502064,25.686304,7,"0;2;5;6;7;8;9"
Root_15386,362.728730,45.264064,6,"2;5;6;7;8;9"
Root_15387,79.901104,21.282624,7,"0;1;5;6;7;8;9"
Root_15388,324.167248,41.560384,6,"1;5;6;7;8;9"
Root_15389,121.105744,26.612224,6,"0;5;6;7;8;9"
Root_15390,366.036090,46.189984,5,"5;6;7;8;9"
Root_15391,83.330758,17.764128,9,"0;1;2;3;4;6;7;8;9"
Root_15392,307.984688,38.041888,8,"1;2;3;4;6;7;8;9"
Root_15393,122.384944,23.093728,8,"0;2;3;4;6;7;8;9"
Root_15394,346.335034,42.671488,7,"2;3;4;6;7;8;9"
Root_15395,80.846726,18.690048,8,"0;1;3;4;6;7;8;9"
Root_15396,309.440208,38.967808,7,"1;3;4;6;7;8;9"
Root_15397,120.136784,24.019648,7,"0;3;4;6;7;8;9"
Root_15398,348.716474,43.597408,6,"3;4;6;7;8;9"
Root_15399,87.131974,19.677696,8,"0;1;2;4;6;7;8;9"
Root_15400,316.353744,39.955456,7,"1;2;4;6;7;8;9"
Root_15401,123.099728,25.007296,7,"0;2;4;6;7;8;9"
Root_15402,356.617658,44.585056,6,"2;4;6;7;8;9"
Root_15403,84.883814,20.603616,7,"0;1;4;6;7;8;9"
Root_15404,318.735184,40.881376,6,"1;4;6;7;8;9"
Root_15405,121.777488,25.933216,6,"0;4;6;7;8;9"
Root_15406,359.925018,45.510976,5,"4;6;7;8;9"
Root_15407,85.044230,19.986336,8,"0;1;2;3;6;7;8;9"
Root_15408,318.822864,40.264096,7,"1;2;3;6;7;8;9"
Root_15409,124.334288,25.315936,7,"0;2;3;6;7;8;9"
Root_15410,359.395418,44.893696,6,"2;3;6;7;8;9"
Root_15411,83.721990,20.912256,7,"0;1;3;6;7;8;9"
Root_15412,321.204304,41.190016,6,"1;3;6;7;8;9"
Root_15413,123.012048,26.241856,6,"0;3;6;7;8;9"
Root_15414,362.702778,45.819616,5,"3;6;7;8;9"
Root_15415,88.772678,21.899904,7,"0;1;2;6;7;8;9"
Root_15416,329.105488,42.177664,6,"1;2;6;7;8;9"
Root_15417,127.192144,27.229504,6,"0;2;6;7;8;9"
Root_15418,371.591610,46.807264,5,"2;6;7;8;9"
Root_15419,87.450438,22.825824,6,"0;1;6;7;8;9"
Root_15420,332.412848,43.103584,5,"1;6;7;8;9"
Root_15421,127.721744,28.155424,5,"0;6;7;8;9"
Root_15422,375.824890,47.733184,4,"6;7;8;9"
Root_15423,87.156704,18.646838,9,"0;1;2;3;4;5;7;8;9"
Root_15424,314.879706,38.924598,8,"1;2;3;4;5;7;8;9"
Root_15425,124.749120,23.976438,8,"0;2;3;4;5;7;8;9"
Root_15426,354.112762,43.554198,7,"2;3;4;5;7;8;9"
Root_15427,84.908544,19.572758,8,"0;1;3;4;5;7;8;9"
Root_15428,316.335226,39.850518,7,"1;3;4;5;7;8;9"
Root_15429,122.500960,24.902358,7,"0;3;4;5;7;8;9"
Root_15430,356.494202,44.480118,6,"3;4;5;7;8;9"
Root_15431,90.311082,20.560406,8,"0;1;2;4;5;7;8;9"
Root_15432,323.619130,40.838166,7,"1;2;4;5;7;8;9"
Root_15433,125.834272,25.890006,7,"0;2;4;5;7;8;9"
Root_15434,364.765754,45.467766,6,"2;4;5;7;8;9"
Root_15435,88.062922,21.486326,7,"0;1;4;5;7;8;9"
Root_15436,326.000570,41.764086,6,"1;4;5;7;8;9"
Root_15437,124.512032,26.815926,6,"0;4;5;7;8;9"
Root_15438,368.073114,46.393686,5,"4;5;7;8;9"
Root_15439,89.106048,20.869046,8,"0;1;2;3;5;7;8;9"
Root_15440,326.396890,41.146806,7,"1;2;3;5;7;8;9"
Root_15441,127.377472,26.198646,7,"0;2;3;5;7;8;9"
Root_15442,367.852154,45.776406,6,"2;3;5;7;8;9"
Root_15443,87.783808,21.794966,7,"0;1;3;5;7;8;9"
Root_15444,328.778330,42.072726,6,"1;3;5;7;8;9"
Root_15445,126.179798,27.124566,6,"0;3;5;7;8;9"
Root_15446,371.159514,46.702326,5,"3;5;7;8;9"
Root_15447,91.951786,22.782614,7,"0;1;2;5;7;8;9"
Root_15448,337.049882,43.060374,6,"1;2;5;7;8;9"
Root_15449,131.488406,28.112214,6,"0;2;5;7;8;9"
Root_15450,380.418714,47.689974,5,"2;5;7;8;9"
Root_15451,91.338080,23.708534,6,"0;1;5;7;8;9"
Root_15452,340.357242,43.986294,5,"1;5;7;8;9"
Root_15453,132.056141,29.038134,5,"0;5;7;8;9"
Root_15454,384.651994,48.615894,4,"5;7;8;9"
Root_15455,94.872704,20.190038,8,"0;1;2;3;4;7;8;9"
Root_15456,320.656186,40.467798,7,"1;2;3;4;7;8;9"
Root_15457,128.833162,25.519638,7,"0;2;3;4;7;8;9"
Root_15458,361.432442,45.097398,6,"2;3;4;7;8;9"
Root_15459,92.624544,21.115958,7,"0;1;3;4;7;8;9"
Root_15460,323.037626,41.393718,6,"1;3;4;7;8;9"
Root_15461,126.585002,26.445558,6,"0;3;4;7;8;9"
Root_15462,364.739802,46.023318,5,"3;4;7;8;9"
Root_15463,96.483882,22.103606,7,"0;1;2;4;7;8;9"
Root_15464,330.938810,42.381366,6,"1;2;4;7;8;9"
Root_15465,129.981152,27.433206,6,"0;2;4;7;8;9"
Root_15466,373.628634,47.010966,5,"2;4;7;8;9"
Root_15467,94.265248,23.029526,6,"0;1;4;7;8;9"
Root_15468,334.246170,43.307286,5,"1;4;7;8;9"
Root_15469,129.584832,28.359126,5,"0;4;7;8;9"
Root_15470,377.861914,47.936886,4,"4;7;8;9"
Root_15471,96.822048,22.412246,7,"0;1;2;3;7;8;9"
Root_15472,333.716570,42.690006,6,"1;2;3;7;8;9"
Root_15473,131.524352,27.741846,6,"0;2;3;7;8;9"
Root_15474,376.715034,47.319606,5,"2;3;7;8;9"
Root_15475,95.499808,23.338166,6,"0;1;3;7;8;9"
Root_15476,337.023930,43.615926,5,"1;3;7;8;9"
Root_15477,131.128032,28.667766,5,"0;3;7;8;9"
Root_15478,380.948314,48.245526,4,"3;7;8;9"
Root_15479,99.450400,24.325814,6,"0;1;2;7;8;9"
Root_15480,345.912762,44.603574,5,"1;2;7;8;9"
Root_15481,136.721686,29.655414,5,"0;2;7;8;9"
Root_15482,390.824794,49.233174,4,"2;7;8;9"
Root_15483,99.054080,25.251734,5,"0;1;7;8;9"
Root_15484,350.146042,45.529494,4,"1;7;8;9"
Root_15485,139.339875,30.581334,4,"0;7;8;9"
Root_15486,395.983994,50.159094,3,"7;8;9"
Root_15487,91.829520,19.245600,9,"0;1;2;3;4;5;6;8;9"
Root_15488,321.299418,39.523360,8,"1;2;3;4;5;6;8;9"
Root_15489,130.020698,24.575200,8,"0;2;3;4;5;6;8;9"
Root_15490,361.131235,44.152960,7,"2;3;4;5;6;8;9"
Root_15491,89.581360,20.171520,8,"0;1;3;4;5;6;8;9"
Root_15492,322.754938,40.449280,7,"1;3;4;5;6;8;9"
Root_15493,127.772538,25.501120,7,"0;3;4;5;6;8;9"
Root_15494,363.512675,45.078880,6,"3;4;5;6;8;9"
Root_15495,94.385136,21.159168,8,"0;1;2;4;5;6;8;9"
Root_15496,330.038842,41.436928,7,"1;2;4;5;6;8;9"
Root_15497,131.105850,26.488768,7,"0;2;4;5;6;8;9"
Root_15498,371.784227,46.066528,6,"2;4;5;6;8;9"
Root_15499,92.136976,22.085088,7,"0;1;4;5;6;8;9"
Root_15500,332.420282,42.362848,6,"1;4;5;6;8;9"
Root_15501,130.198298,27.414688,6,"0;4;5;6;8;9"
Root_15502,375.091587,46.992448,5,"4;5;6;8;9"
Root_15503,93.778864,21.467808,8,"0;1;2;3;5;6;8;9"
Root_15504,332.816602,41.745568,7,"1;2;3;5;6;8;9"
Root_15505,132.649050,26.797408,7,"0;2;3;5;6;8;9"
Root_15506,374.870627,46.375168,6,"2;3;5;6;8;9"
Root_15507,92.456624,22.393728,7,"0;1;3;5;6;8;9"
Root_15508,335.198042,42.671488,6,"1;3;5;6;8;9"
Root_15509,132.050138,27.723328,6,"0;3;5;6;8;9"
Root_15510,378.177987,47.301088,5,"3;5;6;8;9"
Root_15511,96.407216,23.381376,7,"0;1;2;5;6;8;9"
Root_15512,343.469594,43.659136,6,"1;2;5;6;8;9"
Root_15513,137.358746,28.710976,6,"0;2;5;6;8;9"
Root_15514,387.437187,48.288736,5,"2;5;6;8;9"
Root_15515,96.010896,24.307296,6,"0;1;5;6;8;9"
Root_15516,346.776954,44.585056,5,"1;5;6;8;9"
Root_15517,137.888346,29.636896,5,"0;5;6;8;9"
Root_15518,391.670467,49.214656,4,"5;6;8;9"
Root_15519,99.545520,20.788800,8,"0;1;2;3;4;6;8;9"
Root_15520,327.075898,41.066560,7,"1;2;3;4;6;8;9"
Root_15521,133.505978,26.118400,7,"0;2;3;4;6;8;9"
Root_15522,368.450915,45.696160,6,"2;3;4;6;8;9"
Root_15523,97.297360,21.714720,7,"0;1;3;4;6;8;9"
Root_15524,329.457338,41.992480,6,"1;3;4;6;8;9"
Root_15525,131.302138,27.044320,6,"0;3;4;6;8;9"
Root_15526,371.758275,46.622080,5,"3;4;6;8;9"
Root_15527,100.557936,22.702368,7,"0;1;2;4;6;8;9"
Root_15528,337.358522,42.980128,6,"1;2;4;6;8;9"
Root_15529,135.252730,28.031968,6,"0;2;4;6;8;9"
Root_15530,380.647107,47.609728,5,"2;4;6;8;9"
Root_15531,98.938064,23.628288,6,"0;1;4;6;8;9"
Root_15532,340.665882,43.906048,5,"1;4;6;8;9"
Root_15533,134.856410,28.957888,5,"0;4;6;8;9"
Root_15534,384.880387,48.535648,4,"4;6;8;9"
Root_15535,101.494864,23.011008,7,"0;1;2;3;6;8;9"
Root_15536,340.136282,43.288768,6,"1;2;3;6;8;9"
Root_15537,136.795930,28.340608,6,"0;2;3;6;8;9"
Root_15538,383.733507,47.918368,5,"2;3;6;8;9"
Root_15539,100.172624,23.936928,6,"0;1;3;6;8;9"
Root_15540,343.443642,44.214688,5,"1;3;6;8;9"
Root_15541,136.399610,29.266528,5,"0;3;6;8;9"
Root_15542,387.966787,48.844288,4,"3;6;8;9"
Root_15543,104.123216,24.924576,6,"0;1;2;6;8;9"
Root_15544,352.332474,45.202336,5,"1;2;6;8;9"
Root_15545,142.100378,30.254176,5,"0;2;6;8;9"
Root_15546,397.843267,49.831936,4,"2;6;8;9"
Root_15547,103.726896,25.850496,5,"0;1;6;8;9"
Root_15548,356.565754,46.128256,4,"1;6;8;9"
Root_15549,145.407738,31.180096,4,"0;6;8;9"
Root_15550,403.002467,50.757856,3,"6;8;9"
Root_15551,102.280064,21.671510,8,"0;1;2;3;4;5;8;9"
Root_15552,334.853626,41.949270,7,"1;2;3;4;5;8;9"
Root_15553,135.871264,27.001110,7,"0;2;3;4;5;8;9"
Root_15554,377.111354,46.578870,6,"2;3;4;5;8;9"
Root_15555,100.031904,22.597430,7,"0;1;3;4;5;8;9"
Root_15556,337.235066,42.875190,6,"1;3;4;5;8;9"
Root_15557,134.549024,27.927030,6,"0;3;4;5;8;9"
Root_15558,380.418714,47.504790,5,"3;4;5;8;9"
Root_15559,102.994848,23.585078,7,"0;1;2;4;5;8;9"
Root_15560,345.506618,43.862838,6,"1;2;4;5;8;9"
Root_15561,138.869984,28.914678,6,"0;2;4;5;8;9"
Root_15562,389.677914,48.492438,5,"2;4;5;8;9"
Root_15563,101.672608,24.510998,6,"0;1;4;5;8;9"
Root_15564,348.813978,44.788758,5,"1;4;5;8;9"
Root_15565,139.314262,29.840598,5,"0;4;5;8;9"
Root_15566,393.911194,49.418358,4,"4;5;8;9"
Root_15567,104.538048,23.893718,7,"0;1;2;3;5;8;9"
Root_15568,348.593018,44.171478,6,"1;2;3;5;8;9"
Root_15569,140.945142,29.223318,6,"0;2;3;5;8;9"
Root_15570,393.072954,48.801078,5,"2;3;5;8;9"
Root_15571,103.215808,24.819638,6,"0;1;3;5;8;9"
Root_15572,351.900378,45.097398,5,"1;3;5;8;9"
Root_15573,141.773219,30.149238,5,"0;3;5;8;9"
Root_15574,397.306234,49.726998,4,"3;5;8;9"
Root_15575,107.536768,25.807286,6,"0;1;2;5;8;9"
Root_15576,361.159578,46.085046,5,"1;2;5;8;9"
Root_15577,150.044771,31.136886,5,"0;2;5;8;9"
Root_15578,407.553082,50.714646,4,"2;5;8;9"
Root_15579,107.140448,26.733206,5,"0;1;5;8;9"
Root_15580,365.392858,47.010966,4,"1;5;8;9"
Root_15581,153.352131,32.062806,4,"0;5;8;9"
Root_15582,412.712282,51.640566,3,"5;8;9"
Root_15583,108.298666,23.214710,7,"0;1;2;3;4;8;9"
Root_15584,342.173306,43.492470,6,"1;2;3;4;8;9"
Root_15585,138.473834,28.544310,6,"0;2;3;4;8;9"
Root_15586,385.974234,48.122070,5,"2;3;4;8;9"
Root_15587,106.050506,24.140630,6,"0;1;3;4;8;9"
Root_15588,345.480666,44.418390,5,"1;3;4;8;9"
Root_15589,137.621824,29.470230,5,"0;3;4;8;9"
Root_15590,390.207514,49.047990,4,"3;4;8;9"
Root_15591,109.013450,25.128278,6,"0;1;2;4;8;9"
Root_15592,354.369498,45.406038,5,"1;2;4;8;9"
Root_15593,143.933699,30.457878,5,"0;2;4;8;9"
Root_15594,400.083994,50.035638,4,"2;4;8;9"
Root_15595,107.691210,26.054198,5,"0;1;4;8;9"
Root_15596,358.602778,46.331958,4,"1;4;8;9"
Root_15597,147.241059,31.383798,4,"0;4;8;9"
Root_15598,405.243194,50.961558,3,"4;8;9"
Root_15599,110.248010,25.436918,6,"0;1;2;3;8;9"
Root_15600,357.455898,45.714678,5,"1;2;3;8;9"
Root_15601,146.711459,30.766518,5,"0;2;3;8;9"
Root_15602,403.479034,50.344278,4,"2;3;8;9"
Root_15603,108.925770,26.362838,5,"0;1;3;8;9"
Root_15604,361.689178,46.640598,4,"1;3;8;9"
Root_15605,150.018819,31.692438,4,"0;3;8;9"
Root_15606,408.638234,51.270198,3,"3;8;9"
Root_15607,113.226848,27.350486,5,"0;1;2;8;9"
Root_15608,371.565658,47.628246,4,"1;2;8;9"
Root_15609,158.907651,32.680086,4,"0;2;8;9"
Root_15610,419.502362,52.257846,3,"2;8;9"
Root_15611,113.756448,28.276406,4,"0;1;8;9"
Root_15612,376.724858,48.554166,3,"1;8;9"
Root_15613,163.746938,33.606006,3,"0;8;9"
Root_15614,425.587482,53.183766,2,"8;9"
Root_15615,103.212144,20.850528,9,"0;1;2;3;4;5;6;7;9"
Root_15616,340.558554,41.128288,8,"1;2;3;4;5;6;7;9"
Root_15617,141.465050,26.180128,8,"0;2;3;4;5;6;7;9"
Root_15618,381.995299,45.757888,7,"2;3;4;5;6;7;9"
Root_15619,105.897200,21.776448,8,"0;1;3;4;5;6;7;9"
Root_15620,346.914074,42.054208,7,"1;3;4;5;6;7;9"
Root_15621,144.328986,27.106048,7,"0;3;4;5;6;7;9"
Root_15622,388.576739,46.683808,6,"3;4;5;6;7;9"
Root_15623,104.162832,22.764096,8,"0;1;2;4;5;6;7;9"
Root_15624,349.297978,43.041856,7,"1;2;4;5;6;7;9"
Root_15625,144.737594,28.093696,7,"0;2;4;5;6;7;9"
Root_15626,392.648291,47.671456,6,"2;4;5;6;7;9"
Root_15627,106.837904,23.690016,7,"0;1;4;5;6;7;9"
Root_15628,355.879418,43.967776,6,"1;4;5;6;7;9"
Root_15629,149.467194,29.019616,6,"0;4;5;6;7;9"
Root_15630,399.455651,48.597376,5,"4;5;6;7;9"
Root_15631,105.161488,23.072736,8,"0;1;2;3;5;6;7;9"
Root_15632,352.075738,43.350496,7,"1;2;3;5;6;7;9"
Root_15633,146.898074,28.402336,7,"0;2;3;5;6;7;9"
Root_15634,395.734691,47.980096,6,"2;3;5;6;7;9"
Root_15635,108.381104,23.998656,7,"0;1;3;5;6;7;9"
Root_15636,358.657178,44.276416,6,"1;3;5;6;7;9"
Root_15637,151.627674,29.328256,6,"0;3;5;6;7;9"
Root_15638,402.542051,48.906016,5,"3;5;6;7;9"
Root_15639,107.802064,24.986304,7,"0;1;2;5;6;7;9"
Root_15640,362.728730,45.264064,6,"1;2;5;6;7;9"
Root_15641,154.039834,30.315904,6,"0;2;5;6;7;9"
Root_15642,408.301251,49.893664,5,"2;5;6;7;9"
Root_15643,111.605744,25.912224,6,"0;1;5;6;7;9"
Root_15644,369.536090,46.189984,5,"1;5;6;7;9"
Root_15645,159.921274,31.241824,5,"0;5;6;7;9"
Root_15646,415.334531,50.819584,4,"5;6;7;9"
Root_15647,109.384944,22.393728,8,"0;1;2;3;4;6;7;9"
Root_15648,346.335034,42.671488,7,"1;2;3;4;6;7;9"
Root_15649,144.792058,27.723328,7,"0;2;3;4;6;7;9"
Root_15650,389.314979,47.301088,6,"2;3;4;6;7;9"
Root_15651,112.036784,23.319648,7,"0;1;3;4;6;7;9"
Root_15652,352.916474,43.597408,6,"1;3;4;6;7;9"
Root_15653,148.595738,28.649248,6,"0;3;4;6;7;9"
Root_15654,396.122339,48.227008,5,"3;4;6;7;9"
Root_15655,110.099728,24.307296,7,"0;1;2;4;6;7;9"
Root_15656,356.617658,44.585056,6,"1;2;4;6;7;9"
Root_15657,149.333978,29.636896,6,"0;2;4;6;7;9"
Root_15658,401.511171,49.214656,5,"2;4;6;7;9"
Root_15659,112.977488,25.233216,6,"0;1;4;6;7;9"
Root_15660,363.425018,45.510976,5,"1;4;6;7;9"
Root_15661,154.489210,30.562816,5,"0;4;6;7;9"
Root_15662,408.544451,50.140576,4,"4;6;7;9"
Root_15663,111.334288,24.615936,7,"0;1;2;3;6;7;9"
Root_15664,359.395418,44.893696,6,"1;2;3;6;7;9"
Root_15665,151.185818,29.945536,6,"0;2;3;6;7;9"
Root_15666,404.597571,49.523296,5,"2;3;6;7;9"
Root_15667,114.212048,25.541856,6,"0;1;3;6;7;9"
Root_15668,366.202778,45.819616,5,"1;3;6;7;9"
Root_15669,156.958330,30.871456,5,"0;3;6;7;9"
Root_15670,411.630851,50.449216,4,"3;6;7;9"
Root_15671,113.962640,26.529504,6,"0;1;2;6;7;9"
Root_15672,371.591610,46.807264,5,"1;2;6;7;9"
Root_15673,161.359514,31.859104,5,"0;2;6;7;9"
Root_15674,418.707331,51.436864,4,"2;6;7;9"
Root_15675,117.977168,27.455424,5,"0;1;6;7;9"
Root_15676,378.624890,47.733184,4,"1;6;7;9"
Root_15677,167.466874,32.785024,4,"0;6;7;9"
Root_15678,425.966531,52.362784,3,"6;7;9"
Root_15679,111.903562,23.276438,8,"0;1;2;3;4;5;7;9"
Root_15680,354.112762,43.554198,7,"1;2;3;4;5;7;9"
Root_15681,148.921654,28.606038,7,"0;2;3;4;5;7;9"
Root_15682,397.975418,48.183798,6,"2;3;4;5;7;9"
Root_15683,114.400960,24.202358,7,"0;1;3;4;5;7;9"
Root_15684,360.694202,44.480118,6,"1;3;4;5;7;9"
Root_15685,153.257293,29.531958,6,"0;3;4;5;7;9"
Root_15686,404.782778,49.109718,5,"3;4;5;7;9"
Root_15687,112.834272,25.190006,7,"0;1;2;4;5;7;9"
Root_15688,364.765754,45.467766,6,"1;2;4;5;7;9"
Root_15689,155.873155,30.519606,6,"0;2;4;5;7;9"
Root_15690,410.541978,50.097366,5,"2;4;5;7;9"
Root_15691,115.712032,26.115926,6,"0;1;4;5;7;9"
Root_15692,371.573114,46.393686,5,"1;4;5;7;9"
Root_15693,161.754595,31.445526,5,"0;4;5;7;9"
Root_15694,417.575258,51.023286,4,"4;5;7;9"
Root_15695,114.377472,25.498646,7,"0;1;2;3;5;7;9"
Root_15696,367.852154,45.776406,6,"1;2;3;5;7;9"
Root_15697,158.650915,30.828246,6,"0;2;3;5;7;9"
Root_15698,413.937018,50.406006,5,"2;3;5;7;9"
Root_15699,117.255232,26.424566,6,"0;1;3;5;7;9"
Root_15700,374.659514,46.702326,5,"1;3;5;7;9"
Root_15701,164.532355,31.754166,5,"0;3;5;7;9"
Root_15702,420.970298,51.331926,4,"3;5;7;9"
Root_15703,118.200621,27.412214,6,"0;1;2;5;7;9"
Root_15704,380.418714,47.689974,5,"1;2;5;7;9"
Root_15705,169.303907,32.741814,5,"0;2;5;7;9"
Root_15706,428.417146,52.319574,4,"2;5;7;9"
Root_15707,123.156141,28.338134,5,"0;1;5;7;9"
Root_15708,387.451994,48.615894,4,"1;5;7;9"
Root_15709,176.079002,33.667734,4,"0;5;7;9"
Root_15710,435.676346,53.245494,3,"5;7;9"
Root_15711,116.533162,24.819638,7,"0;1;2;3;4;7;9"
Root_15712,361.432442,45.097398,6,"1;2;3;4;7;9"
Root_15713,152.910211,30.149238,6,"0;2;3;4;7;9"
Root_15714,406.838298,49.726998,5,"2;3;4;7;9"
Root_15715,122.685002,25.745558,6,"0;1;3;4;7;9"
Root_15716,371.739802,46.023318,5,"1;3;4;7;9"
Root_15717,162.291651,31.075158,5,"0;3;4;7;9"
Root_15718,416.671578,50.652918,4,"3;4;7;9"
Root_15719,117.247946,26.733206,6,"0;1;2;4;7;9"
Root_15720,373.628634,47.010966,5,"1;2;4;7;9"
Root_15721,163.192835,32.062806,5,"0;2;4;7;9"
Root_15722,420.948058,51.640566,4,"2;4;7;9"
Root_15723,124.243958,27.659126,5,"0;1;4;7;9"
Root_15724,383.461914,47.936886,4,"1;4;7;9"
Root_15725,172.100195,32.988726,4,"0;4;7;9"
Root_15726,430.307258,52.566486,3,"4;7;9"
Root_15727,118.566198,27.041846,6,"0;1;2;3;7;9"
Root_15728,376.715034,47.319606,5,"1;2;3;7;9"
Root_15729,165.970595,32.371446,5,"0;2;3;7;9"
Root_15730,424.343098,51.949206,4,"2;3;7;9"
Root_15731,133.095798,27.967766,5,"0;1;3;7;9"
Root_15732,392.148314,48.245526,4,"1;3;7;9"
Root_15733,180.775322,33.297366,4,"0;3;7;9"
Root_15734,437.902298,52.875126,3,"3;7;9"
Root_15735,125.021686,28.955414,5,"0;1;2;7;9"
Root_15736,390.824794,49.233174,4,"1;2;7;9"
Root_15737,179.451802,34.285014,4,"0;2;7;9"
Root_15738,440.366426,53.862774,3,"2;7;9"
Root_15739,138.558541,29.881334,4,"0;1;7;9"
Root_15740,404.383994,50.159094,3,"1;7;9"
Root_15741,193.011002,35.210934,3,"0;7;9"
Root_15742,452.051546,54.788694,2,"7;9"
Root_15743,117.020698,23.875200,8,"0;1;2;3;4;5;6;9"
Root_15744,361.131235,44.152960,7,"1;2;3;4;5;6;9"
Root_15745,155.390755,29.204800,7,"0;2;3;4;5;6;9"
Root_15746,405.592653,48.782560,6,"2;3;4;5;6;9"
Root_15747,119.672538,24.801120,7,"0;1;3;4;5;6;9"
Root_15748,367.712675,45.078880,6,"1;3;4;5;6;9"
Root_15749,159.455875,30.130720,6,"0;3;4;5;6;9"
Root_15750,412.400013,49.708480,5,"3;4;5;6;9"
Root_15751,118.105850,25.788768,7,"0;1;2;4;5;6;9"
Root_15752,371.784227,46.066528,6,"1;2;4;5;6;9"
Root_15753,162.539779,31.118368,6,"0;2;4;5;6;9"
Root_15754,418.159213,50.696128,5,"2;4;5;6;9"
Root_15755,120.983610,26.714688,6,"0;1;4;5;6;9"
Root_15756,378.591587,46.992448,5,"1;4;5;6;9"
Root_15757,168.421219,32.044288,5,"0;4;5;6;9"
Root_15758,425.192493,51.622048,4,"4;5;6;9"
Root_15759,119.649050,26.097408,7,"0;1;2;3;5;6;9"
Root_15760,374.870627,46.375168,6,"1;2;3;5;6;9"
Root_15761,165.317539,31.427008,6,"0;2;3;5;6;9"
Root_15762,421.554253,51.004768,5,"2;3;5;6;9"
Root_15763,122.573466,27.023328,6,"0;1;3;5;6;9"
Root_15764,381.677987,47.301088,5,"1;3;5;6;9"
Root_15765,171.198979,32.352928,5,"0;3;5;6;9"
Root_15766,428.587533,51.930688,4,"3;5;6;9"
Root_15767,124.669722,28.010976,6,"0;1;2;5;6;9"
Root_15768,387.437187,48.288736,5,"1;2;5;6;9"
Root_15769,176.311107,33.340576,5,"0;2;5;6;9"
Root_15770,436.034381,52.918336,4,"2;5;6;9"
Root_15771,129.625242,28.936896,5,"0;1;5;6;9"
Root_15772,394.470467,49.214656,4,"1;5;6;9"
Root_15773,183.344387,34.266496,4,"0;5;6;9"
Root_15774,443.293581,53.844256,3,"5;6;9"
Root_15775,121.205978,25.418400,7,"0;1;2;3;4;6;9"
Root_15776,368.450915,45.696160,6,"1;2;3;4;6;9"
Root_15777,159.576835,30.748000,6,"0;2;3;4;6;9"
Root_15778,414.455533,50.325760,5,"2;3;4;6;9"
Root_15779,123.157818,26.344320,6,"0;1;3;4;6;9"
Root_15780,375.258275,46.622080,5,"1;3;4;6;9"
Root_15781,165.458275,31.673920,5,"0;3;4;6;9"
Root_15782,421.488813,51.251680,4,"3;4;6;9"
Root_15783,122.584698,27.331968,6,"0;1;2;4;6;9"
Root_15784,380.647107,47.609728,5,"1;2;4;6;9"
Root_15785,169.859459,32.661568,5,"0;2;4;6;9"
Root_15786,428.565293,52.239328,4,"2;4;6;9"
Root_15787,126.614298,28.257888,5,"0;1;4;6;9"
Root_15788,387.680387,48.535648,4,"1;4;6;9"
Root_15789,176.554307,33.587488,4,"0;4;6;9"
Root_15790,435.824493,53.165248,3,"4;6;9"
Root_15791,124.436538,27.640608,6,"0;1;2;3;6;9"
Root_15792,383.733507,47.918368,5,"1;2;3;6;9"
Root_15793,172.637219,32.970208,5,"0;2;3;6;9"
Root_15794,431.960333,52.547968,4,"2;3;6;9"
Root_15795,128.466138,28.566528,5,"0;1;3;6;9"
Root_15796,390.766787,48.844288,4,"1;3;6;9"
Root_15797,179.640707,33.896128,4,"0;3;6;9"
Root_15798,439.219533,53.473888,3,"3;6;9"
Root_15799,130.892026,29.554176,5,"0;1;2;6;9"
Root_15800,397.843267,49.831936,4,"1;2;6;9"
Root_15801,186.717187,34.883776,4,"0;2;6;9"
Root_15802,447.983661,54.461536,3,"2;6;9"
Root_15803,136.587834,30.480096,4,"0;1;6;9"
Root_15804,405.102467,50.757856,3,"1;6;9"
Root_15805,193.976387,35.809696,3,"0;6;9"
Root_15806,455.468781,55.387456,2,"6;9"
Root_15807,123.570154,26.301110,7,"0;1;2;3;4;5;9"
Root_15808,377.111354,46.578870,6,"1;2;3;4;5;9"
Root_15809,167.354563,31.630710,6,"0;2;3;4;5;9"
Root_15810,423.998682,51.208470,5,"2;3;4;5;9"
Root_15811,125.976054,27.227030,6,"0;1;3;4;5;9"
Root_15812,383.918714,47.504790,5,"1;3;4;5;9"
Root_15813,173.236003,32.556630,5,"0;3;4;5;9"
Root_15814,431.031962,52.134390,4,"3;4;5;9"
Root_15815,127.084662,28.214678,6,"0;1;2;4;5;9"
Root_15816,389.677914,48.492438,5,"1;2;4;5;9"
Root_15817,178.551834,33.544278,5,"0;2;4;5;9"
Root_15818,438.478810,53.122038,4,"2;4;5;9"
Root_15819,131.254861,29.140598,5,"0;1;4;5;9"
Root_15820,396.711194,49.418358,4,"1;4;5;9"
Root_15821,185.585114,34.470198,4,"0;4;5;9"
Root_15822,445.738010,54.047958,3,"4;5;9"
Root_15823,129.245142,28.523318,6,"0;1;2;3;5;9"
Root_15824,393.072954,48.801078,5,"1;2;3;5;9"
Root_15825,181.946874,33.852918,5,"0;2;3;5;9"
Root_15826,442.182490,53.430678,4,"2;3;5;9"
Root_15827,133.723981,29.449238,5,"0;1;3;5;9"
Root_15828,400.106234,49.726998,4,"1;3;5;9"
Root_15829,188.980154,34.778838,4,"0;3;5;9"
Root_15830,449.441690,54.356598,3,"3;5;9"
Root_15831,138.381658,30.436886,5,"0;1;2;5;9"
Root_15832,407.553082,50.714646,4,"1;2;5;9"
Root_15833,196.427002,35.766486,4,"0;2;5;9"
Root_15834,458.576186,55.344246,3,"2;5;9"
Root_15835,145.414938,31.362806,4,"0;1;5;9"
Root_15836,414.812282,51.640566,3,"1;5;9"
Root_15837,203.686202,36.692406,3,"0;5;9"
Root_15838,466.061306,56.270166,2,"5;9"
Root_15839,127.018144,27.844310,6,"0;1;2;3;4;9"
Root_15840,385.974234,48.122070,5,"1;2;3;4;9"
Root_15841,174.848154,33.173910,5,"0;2;3;4;9"
Root_15842,434.404762,52.751670,4,"2;3;4;9"
Root_15843,133.621824,28.770230,5,"0;1;3;4;9"
Root_15844,395.807514,49.047990,4,"1;3;4;9"
Root_15845,184.681434,34.099830,4,"0;3;4;9"
Root_15846,443.763962,53.677590,3,"3;4;9"
Root_15847,132.317942,29.757878,5,"0;1;2;4;9"
Root_15848,400.083994,50.035638,4,"1;2;4;9"
Root_15849,188.957914,35.087478,4,"0;2;4;9"
Root_15850,450.428090,54.665238,3,"2;4;9"
Root_15851,141.424858,30.683798,4,"0;1;4;9"
Root_15852,409.443194,50.961558,3,"1;4;9"
Root_15853,198.317114,36.013398,3,"0;4;9"
Root_15854,459.313210,55.591158,2,"4;9"
Root_15855,134.677978,30.066518,5,"0;1;2;3;9"
Root_15856,403.479034,50.344278,4,"1;2;3;9"
Root_15857,192.352954,35.396118,4,"0;2;3;9"
Root_15858,454.131770,54.973878,3,"2;3;9"
Root_15859,150.111258,30.992438,4,"0;1;3;9"
Root_15860,417.038234,51.270198,3,"1;3;9"
Root_15861,205.912154,36.322038,3,"0;3;9"
Root_15862,465.816890,55.899798,2,"3;9"
Root_15863,148.787738,31.980086,4,"0;1;2;9"
Root_15864,419.502362,52.257846,3,"1;2;9"
Root_15865,208.376282,37.309686,3,"0;2;9"
Root_15866,472.068666,56.887446,2,"2;9"
Root_15867,162.346938,32.906006,3,"0;1;9"
Root_15868,431.187482,53.183766,2,"1;9"
Root_15869,220.061402,38.235606,2,"0;9"
Root_15870,481.879706,57.813366,1,"9"
Root_15871,79.990032,18.813504,9,"0;1;2;3;4;5;6;7;8"
Root_15872,316.546362,39.091264,8,"1;2;3;4;5;6;7;8"
Root_15873,120.892218,24.143104,8,"0;2;3;4;5;6;7;8"
Root_15874,355.946083,43.720864,7,"2;3;4;5;6;7;8"
Root_15875,77.741872,19.739424,8,"0;1;3;4;5;6;7;8"
Root_15876,318.001882,40.017184,7,"1;3;4;5;6;7;8"
Root_15877,119.569978,25.069024,7,"0;3;4;5;6;7;8"
Root_15878,358.327523,44.646784,6,"3;4;5;6;7;8"
Root_15879,82.977744,20.727072,8,"0;1;2;4;5;6;7;8"
Root_15880,325.285786,41.004832,7,"1;2;4;5;6;7;8"
Root_15881,123.890938,26.056672,7,"0;2;4;5;6;7;8"
Root_15882,366.599075,45.634432,6,"2;4;5;6;7;8"
Root_15883,81.382576,21.652992,7,"0;1;4;5;6;7;8"
Root_15884,327.667226,41.930752,6,"1;4;5;6;7;8"
Root_15885,123.494618,26.982592,6,"0;4;5;6;7;8"
Root_15886,369.906435,46.560352,5,"4;5;6;7;8"
Root_15887,81.975088,21.035712,8,"0;1;2;3;5;6;7;8"
Root_15888,328.063546,41.313472,7,"1;2;3;5;6;7;8"
Root_15889,125.742778,26.365312,7,"0;2;3;5;6;7;8"
Root_15890,369.685475,45.943072,6,"2;3;5;6;7;8"
Root_15891,81.578768,21.961632,7,"0;1;3;5;6;7;8"
Root_15892,330.444986,42.239392,6,"1;3;5;6;7;8"
Root_15893,125.637690,27.291232,6,"0;3;5;6;7;8"
Root_15894,372.992835,46.868992,5,"3;5;6;7;8"
Root_15895,86.567728,22.949280,7,"0;1;2;5;6;7;8"
Root_15896,338.716538,43.227040,6,"1;2;5;6;7;8"
Root_15897,131.933946,28.278880,6,"0;2;5;6;7;8"
Root_15898,382.252035,47.856640,5,"2;5;6;7;8"
Root_15899,87.046608,23.875200,6,"0;1;5;6;7;8"
Root_15900,342.023898,44.152960,5,"1;5;6;7;8"
Root_15901,133.389466,29.204800,5,"0;5;6;7;8"
Root_15902,386.485315,48.782560,4,"5;6;7;8"
Root_15903,87.706032,20.356704,8,"0;1;2;3;4;6;7;8"
Root_15904,322.322842,40.634464,7,"1;2;3;4;6;7;8"
Root_15905,126.352794,25.686304,7,"0;2;3;4;6;7;8"
Root_15906,363.265763,45.264064,6,"2;3;4;6;7;8"
Root_15907,85.740496,21.282624,7,"0;1;3;4;6;7;8"
Root_15908,324.704282,41.560384,6,"1;3;4;6;7;8"
Root_15909,125.030554,26.612224,6,"0;3;4;6;7;8"
Root_15910,366.573123,46.189984,5,"3;4;6;7;8"
Root_15911,90.420816,22.270272,7,"0;1;2;4;6;7;8"
Root_15912,332.605466,42.548032,6,"1;2;4;6;7;8"
Root_15913,129.581018,27.599872,6,"0;2;4;6;7;8"
Root_15914,375.461955,47.177632,5,"2;4;6;7;8"
Root_15915,89.294768,23.196192,6,"0;1;4;6;7;8"
Root_15916,335.912826,43.473952,5,"1;4;6;7;8"
Root_15917,130.110618,28.525792,5,"0;4;6;7;8"
Root_15918,379.695235,48.103552,4,"4;6;7;8"
Root_15919,91.234288,22.578912,7,"0;1;2;3;6;7;8"
Root_15920,335.383226,42.856672,6,"1;2;3;6;7;8"
Root_15921,131.432858,27.908512,6,"0;2;3;6;7;8"
Root_15922,378.548355,47.486272,5,"2;3;6;7;8"
Root_15923,90.837968,23.504832,6,"0;1;3;6;7;8"
Root_15924,338.690586,43.782592,5,"1;3;6;7;8"
Root_15925,131.962458,28.834432,5,"0;3;6;7;8"
Root_15926,382.781635,48.412192,4,"3;6;7;8"
Root_15927,95.776208,24.492480,6,"0;1;2;6;7;8"
Root_15928,347.579418,44.770240,5,"1;2;6;7;8"
Root_15929,137.888346,29.822080,5,"0;2;6;7;8"
Root_15930,392.658115,49.399840,4,"2;6;7;8"
Root_15931,96.305808,25.418400,5,"0;1;6;7;8"
Root_15932,351.812698,45.696160,4,"1;6;7;8"
Root_15933,140.839866,30.748000,4,"0;6;7;8"
Root_15934,397.817315,50.325760,3,"6;7;8"
Root_15935,90.957888,21.239414,8,"0;1;2;3;4;5;7;8"
Root_15936,330.100570,41.517174,7,"1;2;3;4;5;7;8"
Root_15937,129.599680,26.569014,7,"0;2;3;4;5;7;8"
Root_15938,371.926202,46.146774,6,"2;3;4;5;7;8"
Root_15939,89.635648,22.165334,7,"0;1;3;4;5;7;8"
Root_15940,332.482010,42.443094,6,"1;3;4;5;7;8"
Root_15941,128.772374,27.494934,6,"0;3;4;5;7;8"
Root_15942,375.233562,47.072694,5,"3;4;5;7;8"
Root_15943,93.586240,23.152982,7,"0;1;2;4;5;7;8"
Root_15944,340.753562,43.430742,6,"1;2;4;5;7;8"
Root_15945,134.080982,28.482582,6,"0;2;4;5;7;8"
Root_15946,384.492762,48.060342,5,"2;4;5;7;8"
Root_15947,93.189920,24.078902,6,"0;1;4;5;7;8"
Root_15948,344.060922,44.356662,5,"1;4;5;7;8"
Root_15949,135.019085,29.408502,5,"0;4;5;7;8"
Root_15950,388.726042,48.986262,4,"4;5;7;8"
Root_15951,95.160182,23.461622,7,"0;1;2;3;5;7;8"
Root_15952,343.839962,43.739382,6,"1;2;3;5;7;8"
Root_15953,136.241462,28.791222,6,"0;2;3;5;7;8"
Root_15954,387.887802,48.368982,5,"2;3;5;7;8"
Root_15955,94.763862,24.387542,6,"0;1;3;5;7;8"
Root_15956,347.147322,44.665302,5,"1;3;5;7;8"
Root_15957,137.488205,29.717142,5,"0;3;5;7;8"
Root_15958,392.121082,49.294902,4,"3;5;7;8"
Root_15959,100.072470,25.375190,6,"0;1;2;5;7;8"
Root_15960,356.406522,45.652950,5,"1;2;5;7;8"
Root_15961,145.476899,30.704790,5,"0;2;5;7;8"
Root_15962,402.367930,50.282550,4,"2;5;7;8"
Root_15963,100.602070,26.301110,5,"0;1;5;7;8"
Root_15964,360.639802,46.578870,4,"1;5;7;8"
Root_15965,148.784259,31.630710,4,"0;5;7;8"
Root_15966,407.527130,51.208470,3,"5;7;8"
Root_15967,98.673888,22.782614,7,"0;1;2;3;4;7;8"
Root_15968,337.420250,43.060374,6,"1;2;3;4;7;8"
Root_15969,133.746560,28.112214,6,"0;2;3;4;7;8"
Root_15970,380.789082,47.689974,5,"2;3;4;7;8"
Root_15971,97.351648,23.708534,6,"0;1;3;4;7;8"
Root_15972,340.727610,43.986294,5,"1;3;4;7;8"
Root_15973,133.388374,29.038134,5,"0;3;4;7;8"
Root_15974,385.022362,48.615894,4,"3;4;7;8"
Root_15975,101.302240,24.696182,6,"0;1;2;4;7;8"
Root_15976,349.616442,44.973942,5,"1;2;4;7;8"
Root_15977,139.365827,30.025782,5,"0;2;4;7;8"
Root_15978,394.898842,49.603542,4,"2;4;7;8"
Root_15979,100.905920,25.622102,5,"0;1;4;7;8"
Root_15980,353.849722,45.899862,4,"1;4;7;8"
Root_15981,142.673187,30.951702,4,"0;4;7;8"
Root_15982,400.058042,50.529462,3,"4;7;8"
Root_15983,102.845440,25.004822,6,"0;1;2;3;7;8"
Root_15984,352.702842,45.282582,5,"1;2;3;7;8"
Root_15985,142.143587,30.334422,5,"0;2;3;7;8"
Root_15986,398.293882,49.912182,4,"2;3;7;8"
Root_15987,102.449120,25.930742,5,"0;1;3;7;8"
Root_15988,356.936122,46.208502,4,"1;3;7;8"
Root_15989,145.450947,31.260342,4,"0;3;7;8"
Root_15990,403.453082,50.838102,3,"3;7;8"
Root_15991,107.387360,26.918390,5,"0;1;2;7;8"
Root_15992,366.812602,47.196150,4,"1;2;7;8"
Root_15993,154.339779,32.247990,4,"0;2;7;8"
Root_15994,414.317210,51.825750,3,"2;7;8"
Root_15995,108.761270,27.844310,4,"0;1;7;8"
Root_15996,371.971802,48.122070,3,"1;7;8"
Root_15997,158.746970,33.173910,3,"0;7;8"
Root_15998,420.402330,52.751670,2,"7;8"
Root_15999,96.118234,21.838176,8,"0;1;2;3;4;5;6;8"
Root_16000,336.686947,42.115936,7,"1;2;3;4;5;6;8"
Root_16001,135.205699,27.167776,7,"0;2;3;4;5;6;8"
Root_16002,379.111341,46.745536,6,"2;3;4;5;6;8"
Root_16003,94.795994,22.764096,7,"0;1;3;4;5;6;8"
Root_16004,339.068387,43.041856,6,"1;3;4;5;6;8"
Root_16005,134.809379,28.093696,6,"0;3;4;5;6;8"
Root_16006,382.418701,47.671456,5,"3;4;5;6;8"
Root_16007,98.746586,23.751744,7,"0;1;2;4;5;6;8"
Root_16008,347.339939,44.029504,6,"1;2;4;5;6;8"
Root_16009,140.117987,29.081344,6,"0;2;4;5;6;8"
Root_16010,391.677901,48.659104,5,"2;4;5;6;8"
Root_16011,98.350266,24.677664,6,"0;1;4;5;6;8"
Root_16012,350.647299,44.955424,5,"1;4;5;6;8"
Root_16013,140.662115,30.007264,5,"0;4;5;6;8"
Root_16014,395.911181,49.585024,4,"4;5;6;8"
Root_16015,100.598426,24.060384,7,"0;1;2;3;5;6;8"
Root_16016,350.426339,44.338144,6,"1;2;3;5;6;8"
Root_16017,142.278467,29.389984,6,"0;2;3;5;6;8"
Root_16018,395.072941,48.967744,5,"2;3;5;6;8"
Root_16019,100.202106,24.986304,6,"0;1;3;5;6;8"
Root_16020,353.733699,45.264064,5,"1;3;5;6;8"
Root_16021,143.439875,30.315904,5,"0;3;5;6;8"
Root_16022,399.306221,49.893664,4,"3;5;6;8"
Root_16023,105.510714,25.973952,6,"0;1;2;5;6;8"
Root_16024,362.992899,46.251712,5,"1;2;5;6;8"
Root_16025,151.711427,31.303552,5,"0;2;5;6;8"
Root_16026,409.553069,50.881312,4,"2;5;6;8"
Root_16027,106.040314,26.899872,5,"0;1;5;6;8"
Root_16028,367.226179,47.177632,4,"1;5;6;8"
Root_16029,155.018787,32.229472,4,"0;5;6;8"
Root_16030,414.712269,51.807232,3,"5;6;8"
Root_16031,103.513370,23.381376,7,"0;1;2;3;4;6;8"
Root_16032,344.006627,43.659136,6,"1;2;3;4;6;8"
Root_16033,139.184803,28.710976,6,"0;2;3;4;6;8"
Root_16034,387.974221,48.288736,5,"2;3;4;6;8"
Root_16035,102.191130,24.307296,6,"0;1;3;4;6;8"
Root_16036,347.313987,44.585056,5,"1;3;4;6;8"
Root_16037,138.788483,29.636896,5,"0;3;4;6;8"
Root_16038,392.207501,49.214656,4,"3;4;6;8"
Root_16039,106.141722,25.294944,6,"0;1;2;4;6;8"
Root_16040,356.202819,45.572704,5,"1;2;4;6;8"
Root_16041,145.600355,30.624544,5,"0;2;4;6;8"
Root_16042,402.083981,50.202304,4,"2;4;6;8"
Root_16043,105.745402,26.220864,5,"0;1;4;6;8"
Root_16044,360.436099,46.498624,4,"1;4;6;8"
Root_16045,148.907715,31.550464,4,"0;4;6;8"
Root_16046,407.243181,51.128224,3,"4;6;8"
Root_16047,107.684922,25.603584,6,"0;1;2;3;6;8"
Root_16048,359.289219,45.881344,5,"1;2;3;6;8"
Root_16049,148.378115,30.933184,5,"0;2;3;6;8"
Root_16050,405.479021,50.510944,4,"2;3;6;8"
Root_16051,107.288602,26.529504,5,"0;1;3;6;8"
Root_16052,363.522499,46.807264,4,"1;3;6;8"
Root_16053,151.685475,31.859104,4,"0;3;6;8"
Root_16054,410.638221,51.436864,3,"3;6;8"
Root_16055,112.743994,27.517152,5,"0;1;2;6;8"
Root_16056,373.398979,47.794912,4,"1;2;6;8"
Root_16057,160.574307,32.846752,4,"0;2;6;8"
Root_16058,421.502349,52.424512,3,"2;6;8"
Root_16059,114.199514,28.443072,4,"0;1;6;8"
Root_16060,378.558179,48.720832,3,"1;6;8"
Root_16061,165.580259,33.772672,3,"0;6;8"
Root_16062,427.587469,53.350432,2,"6;8"
Root_16063,106.760256,24.264086,7,"0;1;2;3;4;5;8"
Root_16064,352.667066,44.541846,6,"1;2;3;4;5;8"
Root_16065,143.908086,29.593686,6,"0;2;3;4;5;8"
Root_16066,397.517370,49.171446,5,"2;3;4;5;8"
Root_16067,105.438016,25.190006,6,"0;1;3;4;5;8"
Root_16068,355.974426,45.467766,5,"1;3;4;5;8"
Root_16069,145.476899,30.519606,5,"0;3;4;5;8"
Root_16070,401.750650,50.097366,4,"3;4;5;8"
Root_16071,109.758976,26.177654,6,"0;1;2;4;5;8"
Root_16072,365.233626,46.455414,5,"1;2;4;5;8"
Root_16073,153.748451,31.507254,5,"0;2;4;5;8"
Root_16074,411.997498,51.085014,4,"2;4;5;8"
Root_16075,109.466230,27.103574,5,"0;1;4;5;8"
Root_16076,369.466906,47.381334,4,"1;4;5;8"
Root_16077,157.055811,32.433174,4,"0;4;5;8"
Root_16078,417.156698,52.010934,3,"4;5;8"
Root_16079,111.610816,26.486294,6,"0;1;2;3;5;8"
Root_16080,368.628666,46.764054,5,"1;2;3;5;8"
Root_16081,156.834851,31.815894,5,"0;2;3;5;8"
Root_16082,415.701178,51.393654,4,"2;3;5;8"
Root_16083,111.626710,27.412214,5,"0;1;3;5;8"
Root_16084,372.861946,47.689974,4,"1;3;5;8"
Root_16085,160.142211,32.741814,4,"0;3;5;8"
Root_16086,420.860378,52.319574,3,"3;5;8"
Root_16087,117.922966,28.399862,5,"0;1;2;5;8"
Root_16088,383.108794,48.677622,4,"1;2;5;8"
Root_16089,170.130874,33.729462,4,"0;2;5;8"
Root_16090,432.094874,53.307222,3,"2;5;8"
Root_16091,119.704269,29.325782,4,"0;1;5;8"
Root_16092,388.267994,49.603542,3,"1;5;8"
Root_16093,175.290074,34.655382,3,"0;5;8"
Root_16094,438.179994,54.233142,2,"5;8"
Root_16095,112.099850,25.807286,6,"0;1;2;3;4;8"
Root_16096,361.529946,46.085046,5,"1;2;3;4;8"
Root_16097,150.415139,31.136886,5,"0;2;3;4;8"
Root_16098,407.923450,50.714646,4,"2;3;4;8"
Root_16099,110.777610,26.733206,5,"0;1;3;4;8"
Root_16100,365.763226,47.010966,4,"1;3;4;8"
Root_16101,153.722499,32.062806,4,"0;3;4;8"
Root_16102,413.082650,51.640566,3,"3;4;8"
Root_16103,115.449056,27.720854,5,"0;1;2;4;8"
Root_16104,375.639706,47.998614,4,"1;2;4;8"
Root_16105,162.661786,33.050454,4,"0;2;4;8"
Root_16106,423.946778,52.628214,3,"2;4;8"
Root_16107,115.978656,28.646774,4,"0;1;4;8"
Root_16108,380.798906,48.924534,3,"1;4;8"
Root_16109,167.820986,33.976374,3,"0;4;8"
Root_16110,430.031898,53.554134,2,"4;8"
Root_16111,117.300896,28.029494,5,"0;1;2;3;8"
Root_16112,379.034746,48.307254,4,"1;2;3;8"
Root_16113,166.056826,33.359094,4,"0;2;3;8"
Root_16114,427.650458,52.936854,3,"2;3;8"
Root_16115,117.830496,28.955414,4,"0;1;3;8"
Root_16116,384.193946,49.233174,3,"1;3;8"
Root_16117,171.216026,34.285014,3,"0;3;8"
Root_16118,433.735578,53.862774,2,"3;8"
Root_16119,124.699446,29.943062,4,"0;1;2;8"
Root_16120,395.058074,50.220822,3,"1;2;8"
Root_16121,182.080154,35.272662,3,"0;2;8"
Root_16122,445.587354,54.850422,2,"2;8"
Root_16123,129.687834,30.868982,3,"0;1;8"
Root_16124,401.143194,51.146742,2,"1;8"
Root_16125,188.165274,36.198582,2,"0;8"
Root_16126,452.598394,55.776342,1,"8"
Root_16127,107.192218,23.443104,8,"0;1;2;3;4;5;6;7"
Root_16128,355.946083,43.720864,7,"1;2;3;4;5;6;7"
Root_16129,150.027683,28.772704,7,"0;2;3;4;5;6;7"
Root_16130,399.975405,48.350464,6,"2;3;4;5;6;7"
Root_16131,110.769978,24.369024,7,"0;1;3;4;5;6;7"
Root_16132,362.527523,44.646784,6,"1;3;4;5;6;7"
Root_16133,154.757283,29.698624,6,"0;3;4;5;6;7"
Root_16134,406.782765,49.276384,5,"3;4;5;6;7"
Root_16135,110.190938,25.356672,7,"0;1;2;4;5;6;7"
Root_16136,366.599075,45.634432,6,"1;2;4;5;6;7"
Root_16137,157.539811,30.686272,6,"0;2;4;5;6;7"
Root_16138,412.541965,50.264032,5,"2;4;5;6;7"
Root_16139,113.994618,26.282592,6,"0;1;4;5;6;7"
Root_16140,373.406435,46.560352,5,"1;4;5;6;7"
Root_16141,163.421251,31.612192,5,"0;4;5;6;7"
Root_16142,419.575245,51.189952,4,"4;5;6;7"
Root_16143,112.042778,25.665312,7,"0;1;2;3;5;6;7"
Root_16144,369.685475,45.943072,6,"1;2;3;5;6;7"
Root_16145,160.317571,30.994912,6,"0;2;3;5;6;7"
Root_16146,415.937005,50.572672,5,"2;3;5;6;7"
Root_16147,115.846458,26.591232,6,"0;1;3;5;6;7"
Root_16148,376.492835,46.868992,5,"1;3;5;6;7"
Root_16149,166.199011,31.920832,5,"0;3;5;6;7"
Root_16150,422.970285,51.498592,4,"3;5;6;7"
Root_16151,118.112826,27.578880,6,"0;1;2;5;6;7"
Root_16152,382.252035,47.856640,5,"1;2;5;6;7"
Root_16153,170.970563,32.908480,5,"0;2;5;6;7"
Root_16154,430.417133,52.486240,4,"2;5;6;7"
Root_16155,123.994266,28.504800,5,"0;1;5;6;7"
Root_16156,389.285315,48.782560,4,"1;5;6;7"
Root_16157,177.912323,33.834400,4,"0;5;6;7"
Root_16158,437.676333,53.412160,3,"5;6;7"
Root_16159,113.352794,24.986304,7,"0;1;2;3;4;6;7"
Root_16160,363.265763,45.264064,6,"1;2;3;4;6;7"
Root_16161,154.576867,30.315904,6,"0;2;3;4;6;7"
Root_16162,408.838285,49.893664,5,"2;3;4;6;7"
Root_16163,116.230554,25.912224,6,"0;1;3;4;6;7"
Root_16164,370.073123,46.189984,5,"1;3;4;6;7"
Root_16165,160.458307,31.241824,5,"0;3;4;6;7"
Root_16166,415.871565,50.819584,4,"3;4;6;7"
Root_16167,115.981146,26.899872,6,"0;1;2;4;6;7"
Root_16168,375.461955,47.177632,5,"1;2;4;6;7"
Root_16169,164.859491,32.229472,5,"0;2;4;6;7"
Root_16170,422.948045,51.807232,4,"2;4;6;7"
Root_16171,120.736410,27.825792,5,"0;1;4;6;7"
Root_16172,382.495235,48.103552,4,"1;4;6;7"
Root_16173,171.122243,33.155392,4,"0;4;6;7"
Root_16174,430.207245,52.733152,3,"4;6;7"
Root_16175,117.941370,27.208512,6,"0;1;2;3;6;7"
Root_16176,378.548355,47.486272,5,"1;2;3;6;7"
Root_16177,167.637251,32.538112,5,"0;2;3;6;7"
Root_16178,426.343085,52.115872,4,"2;3;6;7"
Root_16179,122.896890,28.134432,5,"0;1;3;6;7"
Root_16180,385.581635,48.412192,4,"1;3;6;7"
Root_16181,174.208643,33.464032,4,"0;3;6;7"
Root_16182,433.602285,53.041792,3,"3;6;7"
Root_16183,126.310426,29.122080,5,"0;1;2;6;7"
Root_16184,392.658115,49.399840,4,"1;2;6;7"
Root_16185,181.285123,34.451680,4,"0;2;6;7"
Root_16186,442.366413,54.029440,3,"2;6;7"
Root_16187,131.587866,30.048000,4,"0;1;6;7"
Root_16188,399.917315,50.325760,3,"1;6;7"
Root_16189,188.544323,35.377600,3,"0;6;7"
Root_16190,449.851533,54.955360,2,"6;7"
Root_16191,116.599680,25.869014,7,"0;1;2;3;4;5;7"
Root_16192,371.926202,46.146774,6,"1;2;3;4;5;7"
Root_16193,162.354595,31.198614,6,"0;2;3;4;5;7"
Root_16194,418.381434,50.776374,5,"2;3;4;5;7"
Root_16195,119.477440,26.794934,6,"0;1;3;4;5;7"
Root_16196,378.733562,47.072694,5,"1;3;4;5;7"
Root_16197,168.236035,32.124534,5,"0;3;4;5;7"
Root_16198,425.414714,51.702294,4,"3;4;5;7"
Root_16199,121.163565,27.782582,6,"0;1;2;4;5;7"
Root_16200,384.492762,48.060342,5,"1;2;4;5;7"
Root_16201,173.119770,33.112182,5,"0;2;4;5;7"
Root_16202,432.861562,52.689942,4,"2;4;5;7"
Root_16203,126.119085,28.708502,5,"0;1;4;5;7"
Root_16204,391.526042,48.986262,4,"1;4;5;7"
Root_16205,180.153050,34.038102,4,"0;4;5;7"
Root_16206,440.120762,53.615862,3,"4;5;7"
Root_16207,123.632685,28.091222,6,"0;1;2;3;5;7"
Root_16208,387.887802,48.368982,5,"1;2;3;5;7"
Root_16209,176.514810,33.420822,5,"0;2;3;5;7"
Root_16210,436.565242,52.998582,4,"2;3;5;7"
Root_16211,128.605347,29.017142,5,"0;1;3;5;7"
Root_16212,394.921082,49.294902,4,"1;3;5;7"
Root_16213,183.548090,34.346742,4,"0;3;5;7"
Root_16214,443.824442,53.924502,3,"3;5;7"
Root_16215,133.381690,30.004790,5,"0;1;2;5;7"
Root_16216,402.367930,50.282550,4,"1;2;5;7"
Root_16217,190.994938,35.334390,4,"0;2;5;7"
Root_16218,452.958938,54.912150,3,"2;5;7"
Root_16219,140.414970,30.930710,4,"0;1;5;7"
Root_16220,409.627130,51.208470,3,"1;5;7"
Root_16221,198.254138,36.260310,3,"0;5;7"
Root_16222,460.444058,55.838070,2,"5;7"
Root_16223,121.158774,27.412214,6,"0;1;2;3;4;7"
Root_16224,380.789082,47.689974,5,"1;2;3;4;7"
Root_16225,169.674275,32.741814,5,"0;2;3;4;7"
Root_16226,428.787514,52.319574,4,"2;3;4;7"
Root_16227,128.688374,28.338134,5,"0;1;3;4;7"
Root_16228,390.622362,48.615894,4,"1;3;4;7"
Root_16229,179.249370,33.667734,4,"0;3;4;7"
Root_16230,438.146714,53.245494,3,"3;4;7"
Root_16231,127.940045,29.325782,5,"0;1;2;4;7"
Root_16232,394.898842,49.603542,4,"1;2;4;7"
Root_16233,183.525850,34.655382,4,"0;2;4;7"
Root_16234,444.810842,54.233142,3,"2;4;7"
Root_16235,136.424890,30.251702,4,"0;1;4;7"
Root_16236,404.258042,50.529462,3,"1;4;7"
Root_16237,192.885050,35.581302,3,"0;4;7"
Root_16238,453.695962,55.159062,2,"4;7"
Root_16239,130.409165,29.634422,5,"0;1;2;3;7"
Root_16240,398.293882,49.912182,4,"1;2;3;7"
Root_16241,186.920890,34.964022,4,"0;2;3;7"
Root_16242,448.514522,54.541782,3,"2;3;7"
Root_16243,145.111290,30.560342,4,"0;1;3;7"
Root_16244,411.853082,50.838102,3,"1;3;7"
Root_16245,200.480090,35.889942,3,"0;3;7"
Root_16246,460.199642,55.467702,2,"3;7"
Root_16247,143.787770,31.547990,4,"0;1;2;7"
Root_16248,414.317210,51.825750,3,"1;2;7"
Root_16249,202.944218,36.877590,3,"0;2;7"
Root_16250,466.451418,56.455350,2,"2;7"
Root_16251,157.346970,32.473910,3,"0;1;7"
Root_16252,426.002330,52.751670,2,"1;7"
Root_16253,214.629338,37.803510,2,"0;7"
Root_16254,476.262458,57.381270,1,"7"
Root_16255,122.037923,26.467776,7,"0;1;2;3;4;5;6"
Root_16256,379.111341,46.745536,6,"1;2;3;4;5;6"
Root_16257,169.187885,31.797376,6,"0;2;3;4;5;6"
Root_16258,426.165334,51.375136,5,"2;3;4;5;6"
Root_16259,125.703075,27.393696,6,"0;1;3;4;5;6"
Root_16260,385.918701,47.671456,5,"1;3;4;5;6"
Root_16261,175.069325,32.723296,5,"0;3;4;5;6"
Root_16262,433.198614,52.301056,4,"3;4;5;6"
Root_16263,127.799331,28.381344,6,"0;1;2;4;5;6"
Root_16264,391.677901,48.659104,5,"1;2;4;5;6"
Root_16265,180.551821,33.710944,5,"0;2;4;5;6"
Root_16266,440.645462,53.288704,4,"2;4;5;6"
Root_16267,132.754851,29.307264,5,"0;1;4;5;6"
Root_16268,398.711181,49.585024,4,"1;4;5;6"
Root_16269,187.585101,34.636864,4,"0;4;5;6"
Root_16270,447.904662,54.214624,3,"4;5;6"
Root_16271,130.268451,28.689984,6,"0;1;2;3;5;6"
Root_16272,395.072941,48.967744,5,"1;2;3;5;6"
Root_16273,183.946861,34.019584,5,"0;2;3;5;6"
Root_16274,444.349142,53.597344,4,"2;3;5;6"
Root_16275,135.223971,29.615904,5,"0;1;3;5;6"
Root_16276,402.106221,49.893664,4,"1;3;5;6"
Root_16277,190.980141,34.945504,4,"0;3;5;6"
Root_16278,451.608342,54.523264,3,"3;5;6"
Root_16279,140.214979,30.603552,5,"0;1;2;5;6"
Root_16280,409.553069,50.881312,4,"1;2;5;6"
Root_16281,198.426989,35.933152,4,"0;2;5;6"
Root_16282,460.742838,55.510912,3,"2;5;6"
Root_16283,147.248259,31.529472,4,"0;1;5;6"
Root_16284,416.812269,51.807232,3,"1;5;6"
Root_16285,205.686189,36.859072,3,"0;5;6"
Root_16286,468.227958,56.436832,2,"5;6"
Root_16287,127.195779,28.010976,6,"0;1;2;3;4;6"
Root_16288,387.974221,48.288736,5,"1;2;3;4;6"
Root_16289,176.848141,33.340576,5,"0;2;3;4;6"
Root_16290,436.571414,52.918336,4,"2;3;4;6"
Root_16291,131.225379,28.936896,5,"0;1;3;4;6"
Root_16292,395.007501,49.214656,4,"1;3;4;6"
Root_16293,183.881421,34.266496,4,"0;3;4;6"
Root_16294,443.830614,53.844256,3,"3;4;6"
Root_16295,133.651267,29.924544,5,"0;1;2;4;6"
Root_16296,402.083981,50.202304,4,"1;2;4;6"
Root_16297,190.957901,35.254144,4,"0;2;4;6"
Root_16298,452.594742,54.831904,3,"2;4;6"
Root_16299,140.458179,30.850464,4,"0;1;4;6"
Root_16300,409.343181,51.128224,3,"1;4;6"
Root_16301,198.217101,36.180064,3,"0;4;6"
Root_16302,460.079862,55.757824,2,"4;6"
Root_16303,136.511299,30.233184,5,"0;1;2;3;6"
Root_16304,405.479021,50.510944,4,"1;2;3;6"
Root_16305,194.352941,35.562784,4,"0;2;3;6"
Root_16306,456.298422,55.140544,3,"2;3;6"
Root_16307,143.544579,31.159104,4,"0;1;3;6"
Root_16308,412.738221,51.436864,3,"1;3;6"
Root_16309,201.612141,36.488704,3,"0;3;6"
Root_16310,463.783542,56.066464,2,"3;6"
Root_16311,150.621059,32.146752,4,"0;1;2;6"
Root_16312,421.502349,52.424512,3,"1;2;6"
Root_16313,210.376269,37.476352,3,"0;2;6"
Root_16314,474.235318,57.054112,2,"2;6"
Root_16315,157.880259,33.072672,3,"0;1;6"
Root_16316,428.987469,53.350432,2,"1;6"
Root_16317,217.861389,38.402272,2,"0;6"
Root_16318,481.946358,57.980032,1,"6"
Root_16319,132.208086,28.893686,6,"0;1;2;3;4;5"
Root_16320,397.517370,49.171446,5,"1;2;3;4;5"
Root_16321,186.391290,34.223286,5,"0;2;3;4;5"
Root_16322,446.997274,53.801046,4,"2;3;4;5"
Root_16323,137.057293,29.819606,5,"0;1;3;4;5"
Root_16324,404.550650,50.097366,4,"1;3;4;5"
Root_16325,193.424570,35.149206,4,"0;3;4;5"
Root_16326,454.256474,54.726966,3,"3;4;5"
Root_16327,142.455706,30.807254,5,"0;1;2;4;5"
Root_16328,411.997498,51.085014,4,"1;2;4;5"
Root_16329,200.871418,36.136854,4,"0;2;4;5"
Root_16330,463.390970,55.714614,3,"2;4;5"
Root_16331,149.488986,31.733174,4,"0;1;4;5"
Root_16332,419.256698,52.010934,3,"1;4;5"
Root_16333,208.130618,37.062774,3,"0;4;5"
Root_16334,470.876090,56.640534,2,"4;5"
Root_16335,145.850746,31.115894,5,"0;1;2;3;5"
Root_16336,415.701178,51.393654,4,"1;2;3;5"
Root_16337,204.575098,36.445494,4,"0;2;3;5"
Root_16338,467.403290,56.023254,3,"2;3;5"
Root_16339,152.884026,32.041814,4,"0;1;3;5"
Root_16340,422.960378,52.319574,3,"1;3;5"
Root_16341,211.834298,37.371414,3,"0;3;5"
Root_16342,474.888410,56.949174,2,"3;5"
Root_16343,160.330874,33.029462,4,"0;1;2;5"
Root_16344,432.094874,53.307222,3,"1;2;5"
Root_16345,220.968794,38.359062,3,"0;2;5"
Root_16346,485.710554,57.936822,2,"2;5"
Root_16347,167.590074,33.955382,3,"0;1;5"
Root_16348,439.579994,54.233142,2,"1;5"
Root_16349,228.453914,39.284982,2,"0;5"
Root_16350,493.421594,58.862742,1,"5"
Root_16351,138.752026,30.436886,5,"0;1;2;3;4"
Root_16352,407.923450,50.714646,4,"1;2;3;4"
Root_16353,196.797370,35.766486,4,"0;2;3;4"
Root_16354,458.946554,55.344246,3,"2;3;4"
Root_16355,148.585306,31.362806,4,"0;1;3;4"
Root_16356,417.282650,51.640566,3,"1;3;4"
Root_16357,206.156570,36.692406,3,"0;3;4"
Root_16358,467.831674,56.270166,2,"3;4"
Root_16359,152.861786,32.350454,4,"0;1;2;4"
Root_16360,423.946778,52.628214,3,"1;2;4"
Root_16361,212.820698,37.680054,3,"0;2;4"
Root_16362,476.883450,57.257814,2,"2;4"
Root_16363,162.220986,33.276374,3,"0;1;4"
Root_16364,432.831898,53.554134,2,"1;4"
Root_16365,221.705818,38.605974,2,"0;4"
Root_16366,485.294490,58.183734,1,"4"
Root_16367,156.256826,32.659094,4,"0;1;2;3"
Root_16368,427.650458,52.936854,3,"1;2;3"
Root_16369,216.524378,37.988694,3,"0;2;3"
Root_16370,480.895770,57.566454,2,"2;3"
Root_16371,169.816026,33.585014,3,"0;1;3"
Root_16372,439.335578,53.862774,2,"1;3"
Root_16373,228.209498,38.914614,2,"0;3"
Root_16374,490.706810,58.492374,1,"3"
Root_16375,172.280154,34.572662,3,"0;1;2"
Root_16376,445.587354,54.850422,2,"1;2"
Root_16377,234.461274,39.902262,2,"0;2"
Root_16378,500.746234,59.480022,1,"2"
Root_16379,185.365274,35.498582,2,"0;1"
Root_16380,456.098394,55.776342,1,"1"
Root_16381,261.772314,40.828182,1,"0"
Root_16382,508.683194,60.405942,0,""
