Node Name,Lower Bound,Completion Time,Unassigned Count,Unassigned Parts
Root_0,50.446170,27.177760,13,"1;2;3;4;5;6;7;8;9;10;11;12;13"
Root_1,0.000000,12.229600,13,"0;2;3;4;5;6;7;8;9;10;11;12;13"
Root_2,68.304794,31.807360,12,"2;3;4;5;6;7;8;9;10;11;12;13"
Root_3,0.000000,5.025920,13,"0;1;3;4;5;6;7;8;9;10;11;12;13"
Root_4,50.446170,28.103680,12,"1;3;4;5;6;7;8;9;10;11;12;13"
Root_5,0.000000,13.155520,12,"0;3;4;5;6;7;8;9;10;11;12;13"
Root_6,67.171514,32.733280,11,"3;4;5;6;7;8;9;10;11;12;13"
Root_7,0.000000,8.813568,13,"0;1;2;4;5;6;7;8;9;10;11;12;13"
Root_8,51.169498,29.091328,12,"1;2;4;5;6;7;8;9;10;11;12;13"
Root_9,0.000000,14.143168,12,"0;2;4;5;6;7;8;9;10;11;12;13"
Root_10,73.850522,33.720928,11,"2;4;5;6;7;8;9;10;11;12;13"
Root_11,0.000000,9.739488,12,"0;1;4;5;6;7;8;9;10;11;12;13"
Root_12,51.169498,30.017248,11,"1;4;5;6;7;8;9;10;11;12;13"
Root_13,0.000000,15.069088,11,"0;4;5;6;7;8;9;10;11;12;13"
Root_14,70.803674,34.646848,10,"4;5;6;7;8;9;10;11;12;13"
Root_15,0.000000,7.722208,13,"0;1;2;3;5;6;7;8;9;10;11;12;13"
Root_16,50.446170,29.399968,12,"1;2;3;5;6;7;8;9;10;11;12;13"
Root_17,0.000000,14.451808,12,"0;2;3;5;6;7;8;9;10;11;12;13"
Root_18,69.467802,34.029568,11,"2;3;5;6;7;8;9;10;11;12;13"
Root_19,0.000000,8.648128,12,"0;1;3;5;6;7;8;9;10;11;12;13"
Root_20,50.446170,30.325888,11,"1;3;5;6;7;8;9;10;11;12;13"
Root_21,0.000000,15.377728,11,"0;3;5;6;7;8;9;10;11;12;13"
Root_22,66.112314,34.955488,10,"3;5;6;7;8;9;10;11;12;13"
Root_23,0.000000,11.035776,12,"0;1;2;5;6;7;8;9;10;11;12;13"
Root_24,51.808954,31.313536,11,"1;2;5;6;7;8;9;10;11;12;13"
Root_25,0.000000,16.365376,11,"0;2;5;6;7;8;9;10;11;12;13"
Root_26,73.099962,35.943136,10,"2;5;6;7;8;9;10;11;12;13"
Root_27,0.000000,11.961696,11,"0;1;5;6;7;8;9;10;11;12;13"
Root_28,51.169498,32.239456,10,"1;5;6;7;8;9;10;11;12;13"
Root_29,0.000000,17.291296,10,"0;5;6;7;8;9;10;11;12;13"
Root_30,70.569018,36.869056,9,"5;6;7;8;9;10;11;12;13"
Root_31,0.000000,6.343200,13,"0;1;2;3;4;6;7;8;9;10;11;12;13"
Root_32,50.641178,28.720960,12,"1;2;3;4;6;7;8;9;10;11;12;13"
Root_33,0.000000,13.772800,12,"0;2;3;4;6;7;8;9;10;11;12;13"
Root_34,76.899910,33.350560,11,"2;3;4;6;7;8;9;10;11;12;13"
Root_35,0.000000,7.269120,12,"0;1;3;4;6;7;8;9;10;11;12;13"
Root_36,50.641178,29.646880,11,"1;3;4;6;7;8;9;10;11;12;13"
Root_37,0.000000,14.698720,11,"0;3;4;6;7;8;9;10;11;12;13"
Root_38,74.223430,34.276480,10,"3;4;6;7;8;9;10;11;12;13"
Root_39,0.000000,10.356768,12,"0;1;2;4;6;7;8;9;10;11;12;13"
Root_40,54.255898,30.634528,11,"1;2;4;6;7;8;9;10;11;12;13"
Root_41,0.000000,15.686368,11,"0;2;4;6;7;8;9;10;11;12;13"
Root_42,80.902438,35.264128,10,"2;4;6;7;8;9;10;11;12;13"
Root_43,0.000000,11.282688,11,"0;1;4;6;7;8;9;10;11;12;13"
Root_44,54.255898,31.560448,10,"1;4;6;7;8;9;10;11;12;13"
Root_45,0.000000,16.612288,10,"0;4;6;7;8;9;10;11;12;13"
Root_46,77.502438,36.190048,9,"4;6;7;8;9;10;11;12;13"
Root_47,0.000000,9.265408,12,"0;1;2;3;6;7;8;9;10;11;12;13"
Root_48,50.910266,30.943168,11,"1;2;3;6;7;8;9;10;11;12;13"
Root_49,0.000000,15.995008,11,"0;2;3;6;7;8;9;10;11;12;13"
Root_50,76.519718,35.572768,10,"2;3;6;7;8;9;10;11;12;13"
Root_51,0.000000,10.191328,11,"0;1;3;6;7;8;9;10;11;12;13"
Root_52,50.641178,31.869088,10,"1;3;6;7;8;9;10;11;12;13"
Root_53,0.000000,16.920928,10,"0;3;6;7;8;9;10;11;12;13"
Root_54,73.618406,36.498688,9,"3;6;7;8;9;10;11;12;13"
Root_55,0.000000,12.578976,11,"0;1;2;6;7;8;9;10;11;12;13"
Root_56,56.438554,32.856736,10,"1;2;6;7;8;9;10;11;12;13"
Root_57,0.000000,17.908576,10,"0;2;6;7;8;9;10;11;12;13"
Root_58,80.581350,37.486336,9,"2;6;7;8;9;10;11;12;13"
Root_59,0.000000,13.504896,10,"0;1;6;7;8;9;10;11;12;13"
Root_60,54.255898,33.782656,9,"1;6;7;8;9;10;11;12;13"
Root_61,0.000000,18.834496,9,"0;6;7;8;9;10;11;12;13"
Root_62,79.033190,38.412256,8,"6;7;8;9;10;11;12;13"
Root_63,0.000000,7.225910,13,"0;1;2;3;4;5;7;8;9;10;11;12;13"
Root_64,52.778045,29.603670,12,"1;2;3;4;5;7;8;9;10;11;12;13"
Root_65,0.000000,14.655510,12,"0;2;3;4;5;7;8;9;10;11;12;13"
Root_66,80.578912,34.233270,11,"2;3;4;5;7;8;9;10;11;12;13"
Root_67,0.000000,8.151830,12,"0;1;3;4;5;7;8;9;10;11;12;13"
Root_68,52.778045,30.529590,11,"1;3;4;5;7;8;9;10;11;12;13"
Root_69,0.000000,15.581430,11,"0;3;4;5;7;8;9;10;11;12;13"
Root_70,77.178912,35.159190,10,"3;4;5;7;8;9;10;11;12;13"
Root_71,0.000000,11.239478,12,"0;1;2;4;5;7;8;9;10;11;12;13"
Root_72,57.633555,31.517238,11,"1;2;4;5;7;8;9;10;11;12;13"
Root_73,0.000000,16.569078,11,"0;2;4;5;7;8;9;10;11;12;13"
Root_74,84.007370,36.146838,10,"2;4;5;7;8;9;10;11;12;13"
Root_75,0.000000,12.165398,11,"0;1;4;5;7;8;9;10;11;12;13"
Root_76,56.790397,32.443158,10,"1;4;5;7;8;9;10;11;12;13"
Root_77,0.000000,17.494998,10,"0;4;5;7;8;9;10;11;12;13"
Root_78,80.680128,37.072758,9,"4;5;7;8;9;10;11;12;13"
Root_79,0.000000,10.148118,12,"0;1;2;3;5;7;8;9;10;11;12;13"
Root_80,53.929843,31.825878,11,"1;2;3;5;7;8;9;10;11;12;13"
Root_81,0.000000,16.877718,11,"0;2;3;5;7;8;9;10;11;12;13"
Root_82,80.080128,36.455478,10,"2;3;5;7;8;9;10;11;12;13"
Root_83,0.000000,11.074038,11,"0;1;3;5;7;8;9;10;11;12;13"
Root_84,52.778045,32.751798,10,"1;3;5;7;8;9;10;11;12;13"
Root_85,0.000000,17.803638,10,"0;3;5;7;8;9;10;11;12;13"
Root_86,77.987446,37.381398,9,"3;5;7;8;9;10;11;12;13"
Root_87,0.000000,13.461686,11,"0;1;2;5;7;8;9;10;11;12;13"
Root_88,59.086685,33.739446,10,"1;2;5;7;8;9;10;11;12;13"
Root_89,0.000000,18.791286,10,"0;2;5;7;8;9;10;11;12;13"
Root_90,84.568992,38.369046,9,"2;5;7;8;9;10;11;12;13"
Root_91,0.000000,14.387606,10,"0;1;5;7;8;9;10;11;12;13"
Root_92,56.021318,34.665366,9,"1;5;7;8;9;10;11;12;13"
Root_93,0.000000,19.717206,9,"0;5;7;8;9;10;11;12;13"
Root_94,83.020832,39.294966,8,"5;7;8;9;10;11;12;13"
Root_95,0.000000,8.769110,12,"0;1;2;3;4;7;8;9;10;11;12;13"
Root_96,58.106282,31.146870,11,"1;2;3;4;7;8;9;10;11;12;13"
Root_97,0.000000,16.198710,11,"0;2;3;4;7;8;9;10;11;12;13"
Root_98,88.130826,35.776470,10,"2;3;4;7;8;9;10;11;12;13"
Root_99,0.000000,9.695030,11,"0;1;3;4;7;8;9;10;11;12;13"
Root_100,57.633491,32.072790,10,"1;3;4;7;8;9;10;11;12;13"
Root_101,0.000000,17.124630,10,"0;3;4;7;8;9;10;11;12;13"
Root_102,84.730826,36.702390,9,"3;4;7;8;9;10;11;12;13"
Root_103,0.000000,12.782678,11,"0;1;2;4;7;8;9;10;11;12;13"
Root_104,63.846986,33.060438,10,"1;2;4;7;8;9;10;11;12;13"
Root_105,0.000000,18.112278,10,"0;2;4;7;8;9;10;11;12;13"
Root_106,90.706122,37.690038,9,"2;4;7;8;9;10;11;12;13"
Root_107,0.000000,13.708598,10,"0;1;4;7;8;9;10;11;12;13"
Root_108,61.460627,33.986358,9,"1;4;7;8;9;10;11;12;13"
Root_109,0.000000,19.038198,9,"0;4;7;8;9;10;11;12;13"
Root_110,88.232042,38.615958,8,"4;7;8;9;10;11;12;13"
Root_111,0.000000,11.691318,11,"0;1;2;3;7;8;9;10;11;12;13"
Root_112,59.929779,33.369078,10,"1;2;3;7;8;9;10;11;12;13"
Root_113,0.000000,18.420918,10,"0;2;3;7;8;9;10;11;12;13"
Root_114,88.794806,37.998678,9,"2;3;7;8;9;10;11;12;13"
Root_115,0.000000,12.617238,10,"0;1;3;7;8;9;10;11;12;13"
Root_116,57.234781,34.294998,9,"1;3;7;8;9;10;11;12;13"
Root_117,0.000000,19.346838,9,"0;3;7;8;9;10;11;12;13"
Root_118,87.246646,38.924598,8,"3;7;8;9;10;11;12;13"
Root_119,0.000000,15.004886,10,"0;1;2;7;8;9;10;11;12;13"
Root_120,63.756915,35.282646,9,"1;2;7;8;9;10;11;12;13"
Root_121,0.000000,20.334486,9,"0;2;7;8;9;10;11;12;13"
Root_122,92.284992,39.912246,8,"2;7;8;9;10;11;12;13"
Root_123,0.000000,15.930806,9,"0;1;7;8;9;10;11;12;13"
Root_124,60.565482,36.208566,8,"1;7;8;9;10;11;12;13"
Root_125,0.000000,21.260406,8,"0;7;8;9;10;11;12;13"
Root_126,90.736832,40.838166,7,"7;8;9;10;11;12;13"
Root_127,0.000000,9.924672,13,"0;1;2;3;4;5;6;8;9;10;11;12;13"
Root_128,54.639632,30.202432,12,"1;2;3;4;5;6;8;9;10;11;12;13"
Root_129,0.000000,15.254272,12,"0;2;3;4;5;6;8;9;10;11;12;13"
Root_130,85.603578,34.832032,11,"2;3;4;5;6;8;9;10;11;12;13"
Root_131,0.000000,10.850592,12,"0;1;3;4;5;6;8;9;10;11;12;13"
Root_132,54.639632,31.128352,11,"1;3;4;5;6;8;9;10;11;12;13"
Root_133,0.000000,16.180192,11,"0;3;4;5;6;8;9;10;11;12;13"
Root_134,82.203578,35.757952,10,"3;4;5;6;8;9;10;11;12;13"
Root_135,0.000000,11.838240,12,"0;1;2;4;5;6;8;9;10;11;12;13"
Root_136,60.093904,32.116000,11,"1;2;4;5;6;8;9;10;11;12;13"
Root_137,0.000000,17.167840,11,"0;2;4;5;6;8;9;10;11;12;13"
Root_138,88.433274,36.745600,10,"2;4;5;6;8;9;10;11;12;13"
Root_139,0.000000,12.764160,11,"0;1;4;5;6;8;9;10;11;12;13"
Root_140,58.651984,33.041920,10,"1;4;5;6;8;9;10;11;12;13"
Root_141,0.000000,18.093760,10,"0;4;5;6;8;9;10;11;12;13"
Root_142,85.704794,37.671520,9,"4;5;6;8;9;10;11;12;13"
Root_143,0.000000,12.146880,12,"0;1;2;3;5;6;8;9;10;11;12;13"
Root_144,56.390192,32.424640,11,"1;2;3;5;6;8;9;10;11;12;13"
Root_145,0.000000,17.476480,11,"0;2;3;5;6;8;9;10;11;12;13"
Root_146,85.159034,37.054240,10,"2;3;5;6;8;9;10;11;12;13"
Root_147,0.000000,13.072800,11,"0;1;3;5;6;8;9;10;11;12;13"
Root_148,54.639632,33.350560,10,"1;3;5;6;8;9;10;11;12;13"
Root_149,0.000000,18.402400,10,"0;3;5;6;8;9;10;11;12;13"
Root_150,83.610874,37.980160,9,"3;5;6;8;9;10;11;12;13"
Root_151,0.000000,14.060448,11,"0;1;2;5;6;8;9;10;11;12;13"
Root_152,60.948272,34.338208,10,"1;2;5;6;8;9;10;11;12;13"
Root_153,0.000000,19.390048,10,"0;2;5;6;8;9;10;11;12;13"
Root_154,89.593658,38.967808,9,"2;5;6;8;9;10;11;12;13"
Root_155,0.000000,14.986368,10,"0;1;5;6;8;9;10;11;12;13"
Root_156,57.548272,35.264128,9,"1;5;6;8;9;10;11;12;13"
Root_157,0.000000,20.315968,9,"0;5;6;8;9;10;11;12;13"
Root_158,88.045498,39.893728,8,"5;6;8;9;10;11;12;13"
Root_159,0.000000,11.467872,12,"0;1;2;3;4;6;8;9;10;11;12;13"
Root_160,62.233338,31.745632,11,"1;2;3;4;6;8;9;10;11;12;13"
Root_161,0.000000,16.797472,11,"0;2;3;4;6;8;9;10;11;12;13"
Root_162,93.010938,36.375232,10,"2;3;4;6;8;9;10;11;12;13"
Root_163,0.000000,12.393792,11,"0;1;3;4;6;8;9;10;11;12;13"
Root_164,61.161786,32.671552,10,"1;3;4;6;8;9;10;11;12;13"
Root_165,0.000000,17.723392,10,"0;3;4;6;8;9;10;11;12;13"
Root_166,89.912090,37.301152,9,"3;4;6;8;9;10;11;12;13"
Root_167,0.000000,13.381440,11,"0;1;2;4;6;8;9;10;11;12;13"
Root_168,67.840794,33.659200,10,"1;2;4;6;8;9;10;11;12;13"
Root_169,0.000000,18.711040,10,"0;2;4;6;8;9;10;11;12;13"
Root_170,95.586234,38.288800,9,"2;4;6;8;9;10;11;12;13"
Root_171,0.000000,14.307360,10,"0;1;4;6;8;9;10;11;12;13"
Root_172,64.855674,34.585120,9,"1;4;6;8;9;10;11;12;13"
Root_173,0.000000,19.636960,9,"0;4;6;8;9;10;11;12;13"
Root_174,93.112154,39.214720,8,"4;6;8;9;10;11;12;13"
Root_175,0.000000,13.690080,11,"0;1;2;3;6;8;9;10;11;12;13"
Root_176,63.458074,33.967840,10,"1;2;3;6;8;9;10;11;12;13"
Root_177,0.000000,19.019680,10,"0;2;3;6;8;9;10;11;12;13"
Root_178,94.418234,38.597440,9,"2;3;6;8;9;10;11;12;13"
Root_179,0.000000,14.616000,10,"0;1;3;6;8;9;10;11;12;13"
Root_180,60.164314,34.893760,9,"1;3;6;8;9;10;11;12;13"
Root_181,0.000000,19.945600,9,"0;3;6;8;9;10;11;12;13"
Root_182,92.870074,39.523360,8,"3;6;8;9;10;11;12;13"
Root_183,0.000000,15.603648,10,"0;1;2;6;8;9;10;11;12;13"
Root_184,67.151962,35.881408,9,"1;2;6;8;9;10;11;12;13"
Root_185,0.000000,20.933248,9,"0;2;6;8;9;10;11;12;13"
Root_186,97.309658,40.511008,8,"2;6;8;9;10;11;12;13"
Root_187,0.000000,16.529568,9,"0;1;6;8;9;10;11;12;13"
Root_188,64.559290,36.807328,8,"1;6;8;9;10;11;12;13"
Root_189,0.000000,21.859168,8,"0;6;8;9;10;11;12;13"
Root_190,96.198426,41.436928,7,"6;8;9;10;11;12;13"
Root_191,0.000000,12.350582,12,"0;1;2;3;4;5;8;9;10;11;12;13"
Root_192,66.594902,32.628342,11,"1;2;3;4;5;8;9;10;11;12;13"
Root_193,0.000000,17.680182,11,"0;2;3;4;5;8;9;10;11;12;13"
Root_194,96.327008,37.257942,10,"2;3;4;5;8;9;10;11;12;13"
Root_195,0.000000,13.276502,11,"0;1;3;4;5;8;9;10;11;12;13"
Root_196,64.640640,33.554262,10,"1;3;4;5;8;9;10;11;12;13"
Root_197,0.000000,18.606102,10,"0;3;4;5;8;9;10;11;12;13"
Root_198,93.852928,38.183862,9,"3;4;5;8;9;10;11;12;13"
Root_199,0.000000,14.264150,11,"0;1;2;4;5;8;9;10;11;12;13"
Root_200,71.319648,34.541910,10,"1;2;4;5;8;9;10;11;12;13"
Root_201,0.000000,19.593750,10,"0;2;4;5;8;9;10;11;12;13"
Root_202,98.644362,39.171510,9,"2;4;5;8;9;10;11;12;13"
Root_203,0.000000,15.190070,10,"0;1;4;5;8;9;10;11;12;13"
Root_204,67.919648,35.467830,9,"1;4;5;8;9;10;11;12;13"
Root_205,0.000000,20.519670,9,"0;4;5;8;9;10;11;12;13"
Root_206,96.170282,40.097430,8,"4;5;8;9;10;11;12;13"
Root_207,0.000000,14.572790,11,"0;1;2;3;5;8;9;10;11;12;13"
Root_208,66.936928,34.850550,10,"1;2;3;5;8;9;10;11;12;13"
Root_209,0.000000,19.902390,10,"0;2;3;5;8;9;10;11;12;13"
Root_210,98.856470,39.480150,9,"2;3;5;8;9;10;11;12;13"
Root_211,0.000000,15.498710,10,"0;1;3;5;8;9;10;11;12;13"
Root_212,63.536928,35.776470,9,"1;3;5;8;9;10;11;12;13"
Root_213,0.000000,20.828310,9,"0;3;5;8;9;10;11;12;13"
Root_214,97.308310,40.406070,8,"3;5;8;9;10;11;12;13"
Root_215,0.000000,16.486358,10,"0;1;2;5;8;9;10;11;12;13"
Root_216,70.512224,36.764118,9,"1;2;5;8;9;10;11;12;13"
Root_217,0.000000,21.815958,9,"0;2;5;8;9;10;11;12;13"
Root_218,101.258902,41.393718,8,"2;5;8;9;10;11;12;13"
Root_219,0.000000,17.412278,9,"0;1;5;8;9;10;11;12;13"
Root_220,68.728182,37.690038,8,"1;5;8;9;10;11;12;13"
Root_221,0.000000,22.741878,8,"0;5;8;9;10;11;12;13"
Root_222,100.636662,42.319638,7,"5;8;9;10;11;12;13"
Root_223,0.000000,13.893782,11,"0;1;2;3;4;8;9;10;11;12;13"
Root_224,74.735850,34.171542,10,"1;2;3;4;8;9;10;11;12;13"
Root_225,0.154102,19.223382,10,"0;2;3;4;8;9;10;11;12;13"
Root_226,104.043008,38.801142,9,"2;3;4;8;9;10;11;12;13"
Root_227,0.000000,14.819702,10,"0;1;3;4;8;9;10;11;12;13"
Root_228,71.335850,35.097462,9,"1;3;4;8;9;10;11;12;13"
Root_229,0.154102,20.149302,9,"0;3;4;8;9;10;11;12;13"
Root_230,101.568928,39.727062,8,"3;4;8;9;10;11;12;13"
Root_231,0.000000,15.807350,10,"0;1;2;4;8;9;10;11;12;13"
Root_232,78.226035,36.085110,9,"1;2;4;8;9;10;11;12;13"
Root_233,0.154102,21.136950,9,"0;2;4;8;9;10;11;12;13"
Root_234,104.817162,40.714710,8,"2;4;8;9;10;11;12;13"
Root_235,0.000000,16.733270,9,"0;1;4;8;9;10;11;12;13"
Root_236,74.837066,37.011030,8,"1;4;8;9;10;11;12;13"
Root_237,0.154102,22.062870,8,"0;4;8;9;10;11;12;13"
Root_238,102.983712,41.640630,7,"4;8;9;10;11;12;13"
Root_239,0.000000,16.115990,10,"0;1;2;3;8;9;10;11;12;13"
Root_240,74.237066,36.393750,9,"1;2;3;8;9;10;11;12;13"
Root_241,0.154102,21.445590,9,"0;2;3;8;9;10;11;12;13"
Root_242,106.321984,41.023350,8,"2;3;8;9;10;11;12;13"
Root_243,0.000000,17.041910,9,"0;1;3;8;9;10;11;12;13"
Root_244,72.082656,37.319670,8,"1;3;8;9;10;11;12;13"
Root_245,0.154102,22.371510,8,"0;3;8;9;10;11;12;13"
Root_246,104.773824,41.949270,7,"3;8;9;10;11;12;13"
Root_247,0.000000,18.029558,9,"0;1;2;8;9;10;11;12;13"
Root_248,78.725930,38.307318,8,"1;2;8;9;10;11;12;13"
Root_249,0.154102,23.359158,8,"0;2;8;9;10;11;12;13"
Root_250,108.786144,42.936918,7,"2;8;9;10;11;12;13"
Root_251,0.000000,18.955478,8,"0;1;8;9;10;11;12;13"
Root_252,77.177770,39.233238,7,"1;8;9;10;11;12;13"
Root_253,0.154102,24.285078,7,"0;8;9;10;11;12;13"
Root_254,108.163904,43.862838,6,"8;9;10;11;12;13"
Root_255,0.000000,8.729600,13,"0;1;2;3;4;5;6;7;9;10;11;12;13"
Root_256,62.304794,31.807360,12,"1;2;3;4;5;6;7;9;10;11;12;13"
Root_257,0.000000,16.859200,12,"0;2;3;4;5;6;7;9;10;11;12;13"
Root_258,96.307194,36.436960,11,"2;3;4;5;6;7;9;10;11;12;13"
Root_259,0.000000,9.655520,12,"0;1;3;4;5;6;7;9;10;11;12;13"
Root_260,61.171514,32.733280,11,"1;3;4;5;6;7;9;10;11;12;13"
Root_261,0.000000,17.785120,11,"0;3;4;5;6;7;9;10;11;12;13"
Root_262,93.270074,37.362880,10,"3;4;5;6;7;9;10;11;12;13"
Root_263,0.000000,13.443168,12,"0;1;2;4;5;6;7;9;10;11;12;13"
Root_264,67.850522,33.720928,11,"1;2;4;5;6;7;9;10;11;12;13"
Root_265,0.000000,18.772768,11,"0;2;4;5;6;7;9;10;11;12;13"
Root_266,98.882490,38.350528,10,"2;4;5;6;7;9;10;11;12;13"
Root_267,0.000000,14.369088,11,"0;1;4;5;6;7;9;10;11;12;13"
Root_268,64.803674,34.646848,10,"1;4;5;6;7;9;10;11;12;13"
Root_269,0.000000,19.698688,10,"0;4;5;6;7;9;10;11;12;13"
Root_270,96.408410,39.276448,9,"4;5;6;7;9;10;11;12;13"
Root_271,0.000000,12.351808,12,"0;1;2;3;5;6;7;9;10;11;12;13"
Root_272,63.467802,34.029568,11,"1;2;3;5;6;7;9;10;11;12;13"
Root_273,0.000000,19.081408,11,"0;2;3;5;6;7;9;10;11;12;13"
Root_274,97.884730,38.659168,10,"2;3;5;6;7;9;10;11;12;13"
Root_275,0.000000,13.277728,11,"0;1;3;5;6;7;9;10;11;12;13"
Root_276,60.112314,34.955488,10,"1;3;5;6;7;9;10;11;12;13"
Root_277,0.000000,20.007328,10,"0;3;5;6;7;9;10;11;12;13"
Root_278,96.336570,39.585088,9,"3;5;6;7;9;10;11;12;13"
Root_279,0.000000,15.665376,11,"0;1;2;5;6;7;9;10;11;12;13"
Root_280,67.099962,35.943136,10,"1;2;5;6;7;9;10;11;12;13"
Root_281,0.000000,20.994976,10,"0;2;5;6;7;9;10;11;12;13"
Root_282,100.714426,40.572736,9,"2;5;6;7;9;10;11;12;13"
Root_283,0.000000,16.591296,10,"0;1;5;6;7;9;10;11;12;13"
Root_284,64.569018,36.869056,9,"1;5;6;7;9;10;11;12;13"
Root_285,0.000000,21.920896,9,"0;5;6;7;9;10;11;12;13"
Root_286,99.664922,41.498656,8,"5;6;7;9;10;11;12;13"
Root_287,0.000000,10.972800,12,"0;1;2;3;4;6;7;9;10;11;12;13"
Root_288,70.899910,33.350560,11,"1;2;3;4;6;7;9;10;11;12;13"
Root_289,0.000000,18.402400,11,"0;2;3;4;6;7;9;10;11;12;13"
Root_290,103.460154,37.980160,10,"2;3;4;6;7;9;10;11;12;13"
Root_291,0.000000,11.898720,11,"0;1;3;4;6;7;9;10;11;12;13"
Root_292,68.223430,34.276480,10,"1;3;4;6;7;9;10;11;12;13"
Root_293,0.000000,19.328320,10,"0;3;4;6;7;9;10;11;12;13"
Root_294,100.986074,38.906080,9,"3;4;6;7;9;10;11;12;13"
Root_295,0.000000,14.986368,11,"0;1;2;4;6;7;9;10;11;12;13"
Root_296,74.902438,35.264128,10,"1;2;4;6;7;9;10;11;12;13"
Root_297,0.000000,20.315968,10,"0;2;4;6;7;9;10;11;12;13"
Root_298,105.055290,39.893728,9,"2;4;6;7;9;10;11;12;13"
Root_299,0.000000,15.912288,10,"0;1;4;6;7;9;10;11;12;13"
Root_300,71.502438,36.190048,9,"1;4;6;7;9;10;11;12;13"
Root_301,0.000000,21.241888,9,"0;4;6;7;9;10;11;12;13"
Root_302,102.581210,40.819648,8,"4;6;7;9;10;11;12;13"
Root_303,0.000000,13.895008,11,"0;1;2;3;6;7;9;10;11;12;13"
Root_304,70.519718,35.572768,10,"1;2;3;6;7;9;10;11;12;13"
Root_305,0.000000,20.624608,10,"0;2;3;6;7;9;10;11;12;13"
Root_306,105.800858,40.202368,9,"2;3;6;7;9;10;11;12;13"
Root_307,0.000000,14.820928,10,"0;1;3;6;7;9;10;11;12;13"
Root_308,67.618406,36.498688,9,"1;3;6;7;9;10;11;12;13"
Root_309,0.000000,21.550528,9,"0;3;6;7;9;10;11;12;13"
Root_310,104.252698,41.128288,8,"3;6;7;9;10;11;12;13"
Root_311,0.000000,17.208576,10,"0;1;2;6;7;9;10;11;12;13"
Root_312,74.581350,37.486336,9,"1;2;6;7;9;10;11;12;13"
Root_313,0.000000,22.538176,9,"0;2;6;7;9;10;11;12;13"
Root_314,108.203290,42.115936,8,"2;6;7;9;10;11;12;13"
Root_315,0.000000,18.134496,9,"0;1;6;7;9;10;11;12;13"
Root_316,73.033190,38.412256,8,"1;6;7;9;10;11;12;13"
Root_317,0.000000,23.464096,8,"0;6;7;9;10;11;12;13"
Root_318,107.581050,43.041856,7,"6;7;9;10;11;12;13"
Root_319,0.000000,11.855510,12,"0;1;2;3;4;5;7;9;10;11;12;13"
Root_320,74.578912,34.233270,11,"1;2;3;4;5;7;9;10;11;12;13"
Root_321,0.000000,19.285110,11,"0;2;3;4;5;7;9;10;11;12;13"
Root_322,107.647904,38.862870,10,"2;3;4;5;7;9;10;11;12;13"
Root_323,0.000000,12.781430,11,"0;1;3;4;5;7;9;10;11;12;13"
Root_324,71.178912,35.159190,10,"1;3;4;5;7;9;10;11;12;13"
Root_325,0.000000,20.211030,10,"0;3;4;5;7;9;10;11;12;13"
Root_326,105.173824,39.788790,9,"3;4;5;7;9;10;11;12;13"
Root_327,0.000000,15.869078,11,"0;1;2;4;5;7;9;10;11;12;13"
Root_328,78.007370,36.146838,10,"1;2;4;5;7;9;10;11;12;13"
Root_329,0.000000,21.198678,10,"0;2;4;5;7;9;10;11;12;13"
Root_330,108.360330,40.776438,9,"2;4;5;7;9;10;11;12;13"
Root_331,0.000000,16.794998,10,"0;1;4;5;7;9;10;11;12;13"
Root_332,74.680128,37.072758,9,"1;4;5;7;9;10;11;12;13"
Root_333,0.000000,22.124598,9,"0;4;5;7;9;10;11;12;13"
Root_334,106.588608,41.702358,8,"4;5;7;9;10;11;12;13"
Root_335,0.000000,14.777718,11,"0;1;2;3;5;7;9;10;11;12;13"
Root_336,74.080128,36.455478,10,"1;2;3;5;7;9;10;11;12;13"
Root_337,0.000000,21.507318,10,"0;2;3;5;7;9;10;11;12;13"
Root_338,109.988608,41.085078,9,"2;3;5;7;9;10;11;12;13"
Root_339,0.000000,15.703638,10,"0;1;3;5;7;9;10;11;12;13"
Root_340,71.987446,37.381398,9,"1;3;5;7;9;10;11;12;13"
Root_341,0.000000,22.433238,9,"0;3;5;7;9;10;11;12;13"
Root_342,108.440448,42.010998,8,"3;5;7;9;10;11;12;13"
Root_343,0.000000,18.091286,10,"0;1;2;5;7;9;10;11;12;13"
Root_344,78.568992,38.369046,9,"1;2;5;7;9;10;11;12;13"
Root_345,0.000000,23.420886,9,"0;2;5;7;9;10;11;12;13"
Root_346,112.703254,42.998646,8,"2;5;7;9;10;11;12;13"
Root_347,0.000000,19.017206,9,"0;1;5;7;9;10;11;12;13"
Root_348,77.020832,39.294966,8,"1;5;7;9;10;11;12;13"
Root_349,0.000000,24.346806,8,"0;5;7;9;10;11;12;13"
Root_350,112.081014,43.924566,7,"5;7;9;10;11;12;13"
Root_351,0.000000,13.398710,11,"0;1;2;3;4;7;9;10;11;12;13"
Root_352,82.130826,35.776470,10,"1;2;3;4;7;9;10;11;12;13"
Root_353,0.000000,20.828310,10,"0;2;3;4;7;9;10;11;12;13"
Root_354,113.820704,40.406070,9,"2;3;4;7;9;10;11;12;13"
Root_355,0.000000,14.324630,10,"0;1;3;4;7;9;10;11;12;13"
Root_356,78.730826,36.702390,9,"1;3;4;7;9;10;11;12;13"
Root_357,0.000000,21.754230,9,"0;3;4;7;9;10;11;12;13"
Root_358,111.346624,41.331990,8,"3;4;7;9;10;11;12;13"
Root_359,0.000000,17.412278,10,"0;1;2;4;7;9;10;11;12;13"
Root_360,84.706122,37.690038,9,"1;2;4;7;9;10;11;12;13"
Root_361,1.839149,22.741878,9,"0;2;4;7;9;10;11;12;13"
Root_362,114.309568,42.319638,8,"2;4;7;9;10;11;12;13"
Root_363,0.000000,18.338198,9,"0;1;4;7;9;10;11;12;13"
Root_364,82.232042,38.615958,8,"1;4;7;9;10;11;12;13"
Root_365,1.839149,23.667798,8,"0;4;7;9;10;11;12;13"
Root_366,112.761408,43.245558,7,"4;7;9;10;11;12;13"
Root_367,0.000000,16.320918,10,"0;1;2;3;7;9;10;11;12;13"
Root_368,82.794806,37.998678,9,"1;2;3;7;9;10;11;12;13"
Root_369,0.000000,23.050518,9,"0;2;3;7;9;10;11;12;13"
Root_370,116.161408,42.628278,8,"2;3;7;9;10;11;12;13"
Root_371,0.000000,17.246838,9,"0;1;3;7;9;10;11;12;13"
Root_372,81.246646,38.924598,8,"1;3;7;9;10;11;12;13"
Root_373,0.000000,23.976438,8,"0;3;7;9;10;11;12;13"
Root_374,114.613248,43.554198,7,"3;7;9;10;11;12;13"
Root_375,0.000000,19.634486,9,"0;1;2;7;9;10;11;12;13"
Root_376,86.284992,39.912246,8,"1;2;7;9;10;11;12;13"
Root_377,1.839149,24.964086,8,"0;2;7;9;10;11;12;13"
Root_378,118.625568,44.541846,7,"2;7;9;10;11;12;13"
Root_379,0.000000,20.560406,8,"0;1;7;9;10;11;12;13"
Root_380,84.736832,40.838166,7,"1;7;9;10;11;12;13"
Root_381,2.758755,25.890006,7,"0;7;9;10;11;12;13"
Root_382,118.471094,45.467766,6,"7;9;10;11;12;13"
Root_383,0.000000,14.554272,12,"0;1;2;3;4;5;6;9;10;11;12;13"
Root_384,79.603578,34.832032,11,"1;2;3;4;5;6;9;10;11;12;13"
Root_385,0.000000,19.883872,11,"0;2;3;4;5;6;9;10;11;12;13"
Root_386,113.441571,39.461632,10,"2;3;4;5;6;9;10;11;12;13"
Root_387,0.000000,15.480192,11,"0;1;3;4;5;6;9;10;11;12;13"
Root_388,76.203578,35.757952,10,"1;3;4;5;6;9;10;11;12;13"
Root_389,0.000000,20.809792,10,"0;3;4;5;6;9;10;11;12;13"
Root_390,110.967491,40.387552,9,"3;4;5;6;9;10;11;12;13"
Root_391,0.000000,16.467840,11,"0;1;2;4;5;6;9;10;11;12;13"
Root_392,82.433274,36.745600,10,"1;2;4;5;6;9;10;11;12;13"
Root_393,0.271424,21.797440,10,"0;2;4;5;6;9;10;11;12;13"
Root_394,113.930435,41.375200,9,"2;4;5;6;9;10;11;12;13"
Root_395,0.000000,17.393760,10,"0;1;4;5;6;9;10;11;12;13"
Root_396,79.704794,37.671520,9,"1;4;5;6;9;10;11;12;13"
Root_397,0.271424,22.723360,9,"0;4;5;6;9;10;11;12;13"
Root_398,112.382275,42.301120,8,"4;5;6;9;10;11;12;13"
Root_399,0.000000,16.776480,11,"0;1;2;3;5;6;9;10;11;12;13"
Root_400,79.159034,37.054240,10,"1;2;3;5;6;9;10;11;12;13"
Root_401,0.000000,22.106080,10,"0;2;3;5;6;9;10;11;12;13"
Root_402,116.090915,41.683840,9,"2;3;5;6;9;10;11;12;13"
Root_403,0.000000,17.702400,10,"0;1;3;5;6;9;10;11;12;13"
Root_404,77.610874,37.980160,9,"1;3;5;6;9;10;11;12;13"
Root_405,0.000000,23.032000,9,"0;3;5;6;9;10;11;12;13"
Root_406,114.542755,42.609760,8,"3;5;6;9;10;11;12;13"
Root_407,0.000000,18.690048,10,"0;1;2;5;6;9;10;11;12;13"
Root_408,83.593658,38.967808,9,"1;2;5;6;9;10;11;12;13"
Root_409,0.271424,24.019648,9,"0;2;5;6;9;10;11;12;13"
Root_410,118.925443,43.597408,8,"2;5;6;9;10;11;12;13"
Root_411,0.000000,19.615968,9,"0;1;5;6;9;10;11;12;13"
Root_412,82.045498,39.893728,8,"1;5;6;9;10;11;12;13"
Root_413,0.271424,24.945568,8,"0;5;6;9;10;11;12;13"
Root_414,118.303203,44.523328,7,"5;6;9;10;11;12;13"
Root_415,0.000000,16.097472,11,"0;1;2;3;4;6;9;10;11;12;13"
Root_416,87.010938,36.375232,10,"1;2;3;4;6;9;10;11;12;13"
Root_417,0.000000,21.427072,10,"0;2;3;4;6;9;10;11;12;13"
Root_418,119.382403,41.004832,9,"2;3;4;6;9;10;11;12;13"
Root_419,0.000000,17.023392,10,"0;1;3;4;6;9;10;11;12;13"
Root_420,83.912090,37.301152,9,"1;3;4;6;9;10;11;12;13"
Root_421,0.000000,22.352992,9,"0;3;4;6;9;10;11;12;13"
Root_422,116.908323,41.930752,8,"3;4;6;9;10;11;12;13"
Root_423,0.000000,18.011040,10,"0;1;2;4;6;9;10;11;12;13"
Root_424,89.586234,38.288800,9,"1;2;4;6;9;10;11;12;13"
Root_425,3.036672,23.340640,9,"0;2;4;6;9;10;11;12;13"
Root_426,119.932995,42.918400,8,"2;4;6;9;10;11;12;13"
Root_427,0.000000,18.936960,9,"0;1;4;6;9;10;11;12;13"
Root_428,87.112154,39.214720,8,"1;4;6;9;10;11;12;13"
Root_429,3.036672,24.266560,8,"0;4;6;9;10;11;12;13"
Root_430,118.384835,43.844320,7,"4;6;9;10;11;12;13"
Root_431,0.000000,18.319680,10,"0;1;2;3;6;9;10;11;12;13"
Root_432,88.418234,38.597440,9,"1;2;3;6;9;10;11;12;13"
Root_433,0.000000,23.649280,9,"0;2;3;6;9;10;11;12;13"
Root_434,121.784835,43.227040,8,"2;3;6;9;10;11;12;13"
Root_435,0.000000,19.245600,9,"0;1;3;6;9;10;11;12;13"
Root_436,86.870074,39.523360,8,"1;3;6;9;10;11;12;13"
Root_437,0.000000,24.575200,8,"0;3;6;9;10;11;12;13"
Root_438,120.236675,44.152960,7,"3;6;9;10;11;12;13"
Root_439,0.000000,20.233248,9,"0;1;2;6;9;10;11;12;13"
Root_440,91.309658,40.511008,8,"1;2;6;9;10;11;12;13"
Root_441,3.629120,25.562848,8,"0;2;6;9;10;11;12;13"
Root_442,124.389603,45.140608,7,"2;6;9;10;11;12;13"
Root_443,0.000000,21.159168,8,"0;1;6;9;10;11;12;13"
Root_444,90.198426,41.436928,7,"1;6;9;10;11;12;13"
Root_445,4.555040,26.488768,7,"0;6;9;10;11;12;13"
Root_446,124.693283,46.066528,6,"6;9;10;11;12;13"
Root_447,0.000000,16.980182,11,"0;1;2;3;4;5;9;10;11;12;13"
Root_448,90.327008,37.257942,10,"1;2;3;4;5;9;10;11;12;13"
Root_449,1.672291,22.309782,10,"0;2;3;4;5;9;10;11;12;13"
Root_450,122.832992,41.887542,9,"2;3;4;5;9;10;11;12;13"
Root_451,0.000000,17.906102,10,"0;1;3;4;5;9;10;11;12;13"
Root_452,87.852928,38.183862,9,"1;3;4;5;9;10;11;12;13"
Root_453,1.672291,23.235702,9,"0;3;4;5;9;10;11;12;13"
Root_454,120.358912,42.813462,8,"3;4;5;9;10;11;12;13"
Root_455,0.000000,18.893750,10,"0;1;2;4;5;9;10;11;12;13"
Root_456,92.644362,39.171510,9,"1;2;4;5;9;10;11;12;13"
Root_457,5.024333,24.223350,9,"0;2;4;5;9;10;11;12;13"
Root_458,123.753952,43.801110,8,"2;4;5;9;10;11;12;13"
Root_459,0.000000,19.819670,9,"0;1;4;5;9;10;11;12;13"
Root_460,90.170282,40.097430,8,"1;4;5;9;10;11;12;13"
Root_461,5.203203,25.149270,8,"0;4;5;9;10;11;12;13"
Root_462,122.205792,44.727030,7,"4;5;9;10;11;12;13"
Root_463,0.000000,19.202390,10,"0;1;2;3;5;9;10;11;12;13"
Root_464,92.856470,39.480150,9,"1;2;3;5;9;10;11;12;13"
Root_465,1.672291,24.531990,9,"0;2;3;5;9;10;11;12;13"
Root_466,125.914432,44.109750,8,"2;3;5;9;10;11;12;13"
Root_467,0.000000,20.128310,9,"0;1;3;5;9;10;11;12;13"
Root_468,91.308310,40.406070,8,"1;3;5;9;10;11;12;13"
Root_469,2.159802,25.457910,8,"0;3;5;9;10;11;12;13"
Root_470,124.401942,45.035670,7,"3;5;9;10;11;12;13"
Root_471,0.000000,21.115958,9,"0;1;2;5;9;10;11;12;13"
Root_472,95.258902,41.393718,8,"1;2;5;9;10;11;12;13"
Root_473,6.900570,26.445558,8,"0;2;5;9;10;11;12;13"
Root_474,129.772278,46.023318,7,"2;5;9;10;11;12;13"
Root_475,0.000000,22.041878,8,"0;1;5;9;10;11;12;13"
Root_476,94.636662,42.319638,7,"1;5;9;10;11;12;13"
Root_477,7.425411,27.371478,7,"0;5;9;10;11;12;13"
Root_478,130.075958,46.949238,6,"5;9;10;11;12;13"
Root_479,0.000000,18.523382,10,"0;1;2;3;4;9;10;11;12;13"
Root_480,98.043008,38.801142,9,"1;2;3;4;9;10;11;12;13"
Root_481,6.129027,23.852982,9,"0;2;3;4;9;10;11;12;13"
Root_482,126.780010,43.430742,8,"2;3;4;9;10;11;12;13"
Root_483,0.000000,19.449302,9,"0;1;3;4;9;10;11;12;13"
Root_484,95.568928,39.727062,8,"1;3;4;9;10;11;12;13"
Root_485,6.129027,24.778902,8,"0;3;4;9;10;11;12;13"
Root_486,124.305930,44.356662,7,"3;4;9;10;11;12;13"
Root_487,0.000000,20.436950,9,"0;1;2;4;9;10;11;12;13"
Root_488,98.817162,40.714710,8,"1;2;4;9;10;11;12;13"
Root_489,10.394637,25.766550,8,"0;2;4;9;10;11;12;13"
Root_490,127.674912,45.344310,7,"2;4;9;10;11;12;13"
Root_491,0.000000,21.362870,8,"0;1;4;9;10;11;12;13"
Root_492,96.983712,41.640630,7,"1;4;9;10;11;12;13"
Root_493,10.394637,26.692470,7,"0;4;9;10;11;12;13"
Root_494,127.052672,46.270230,6,"4;9;10;11;12;13"
Root_495,0.000000,20.745590,9,"0;1;2;3;9;10;11;12;13"
Root_496,100.321984,41.023350,8,"1;2;3;9;10;11;12;13"
Root_497,7.264528,26.075190,8,"0;2;3;9;10;11;12;13"
Root_498,129.835392,45.652950,7,"2;3;9;10;11;12;13"
Root_499,0.000000,21.671510,8,"0;1;3;9;10;11;12;13"
Root_500,98.773824,41.949270,7,"1;3;9;10;11;12;13"
Root_501,8.159738,27.001110,7,"0;3;9;10;11;12;13"
Root_502,129.213152,46.578870,6,"3;9;10;11;12;13"
Root_503,0.000000,22.659158,8,"0;1;2;9;10;11;12;13"
Root_504,102.786144,42.936918,7,"1;2;9;10;11;12;13"
Root_505,10.394637,27.988758,7,"0;2;9;10;11;12;13"
Root_506,134.779638,47.566518,6,"2;9;10;11;12;13"
Root_507,0.000000,23.585078,7,"0;1;9;10;11;12;13"
Root_508,102.163904,43.862838,6,"1;9;10;11;12;13"
Root_509,10.394637,28.914678,6,"0;9;10;11;12;13"
Root_510,136.994115,48.492438,5,"9;10;11;12;13"
Root_511,0.000000,9.492576,13,"0;1;2;3;4;5;6;7;8;10;11;12;13"
Root_512,51.690554,29.770336,12,"1;2;3;4;5;6;7;8;10;11;12;13"
Root_513,0.000000,14.822176,12,"0;2;3;4;5;6;7;8;10;11;12;13"
Root_514,73.578906,34.399936,11,"2;3;4;5;6;7;8;10;11;12;13"
Root_515,0.000000,10.418496,12,"0;1;3;4;5;6;7;8;10;11;12;13"
Root_516,51.690554,30.696256,11,"1;3;4;5;6;7;8;10;11;12;13"
Root_517,0.000000,15.748096,11,"0;3;4;5;6;7;8;10;11;12;13"
Root_518,70.178906,35.325856,10,"3;4;5;6;7;8;10;11;12;13"
Root_519,0.000000,11.406144,12,"0;1;2;4;5;6;7;8;10;11;12;13"
Root_520,55.549690,31.683904,11,"1;2;4;5;6;7;8;10;11;12;13"
Root_521,0.000000,16.735744,11,"0;2;4;5;6;7;8;10;11;12;13"
Root_522,76.840698,36.313504,10,"2;4;5;6;7;8;10;11;12;13"
Root_523,0.000000,12.332064,11,"0;1;4;5;6;7;8;10;11;12;13"
Root_524,54.539866,32.609824,10,"1;4;5;6;7;8;10;11;12;13"
Root_525,0.000000,17.661664,10,"0;4;5;6;7;8;10;11;12;13"
Root_526,73.680122,37.239424,9,"4;5;6;7;8;10;11;12;13"
Root_527,0.000000,11.714784,12,"0;1;2;3;5;6;7;8;10;11;12;13"
Root_528,53.009018,31.992544,11,"1;2;3;5;6;7;8;10;11;12;13"
Root_529,0.000000,17.044384,11,"0;2;3;5;6;7;8;10;11;12;13"
Root_530,73.080122,36.622144,10,"2;3;5;6;7;8;10;11;12;13"
Root_531,0.000000,12.640704,11,"0;1;3;5;6;7;8;10;11;12;13"
Root_532,51.690554,32.918464,10,"1;3;5;6;7;8;10;11;12;13"
Root_533,0.000000,17.970304,10,"0;3;5;6;7;8;10;11;12;13"
Root_534,71.154106,37.548064,9,"3;5;6;7;8;10;11;12;13"
Root_535,0.000000,13.628352,11,"0;1;2;5;6;7;8;10;11;12;13"
Root_536,56.836154,33.906112,10,"1;2;5;6;7;8;10;11;12;13"
Root_537,0.000000,18.957952,10,"0;2;5;6;7;8;10;11;12;13"
Root_538,77.568986,38.535712,9,"2;5;6;7;8;10;11;12;13"
Root_539,0.000000,14.554272,10,"0;1;5;6;7;8;10;11;12;13"
Root_540,53.604122,34.832032,9,"1;5;6;7;8;10;11;12;13"
Root_541,0.000000,19.883872,9,"0;5;6;7;8;10;11;12;13"
Root_542,76.482458,39.461632,8,"5;6;7;8;10;11;12;13"
Root_543,0.000000,11.035776,12,"0;1;2;3;4;6;7;8;10;11;12;13"
Root_544,54.438586,31.313536,11,"1;2;3;4;6;7;8;10;11;12;13"
Root_545,0.000000,16.365376,11,"0;2;3;4;6;7;8;10;11;12;13"
Root_546,80.986266,35.943136,10,"2;3;4;6;7;8;10;11;12;13"
Root_547,0.000000,11.961696,11,"0;1;3;4;6;7;8;10;11;12;13"
Root_548,53.799130,32.239456,10,"1;3;4;6;7;8;10;11;12;13"
Root_549,0.000000,17.291296,10,"0;3;4;6;7;8;10;11;12;13"
Root_550,77.586266,36.869056,9,"3;4;6;7;8;10;11;12;13"
Root_551,0.000000,12.949344,11,"0;1;2;4;6;7;8;10;11;12;13"
Root_552,60.179290,33.227104,10,"1;2;4;6;7;8;10;11;12;13"
Root_553,0.000000,18.278944,10,"0;2;4;6;7;8;10;11;12;13"
Root_554,83.561562,37.856704,9,"2;4;6;7;8;10;11;12;13"
Root_555,0.000000,13.875264,10,"0;1;4;6;7;8;10;11;12;13"
Root_556,57.626266,34.153024,9,"1;4;6;7;8;10;11;12;13"
Root_557,0.000000,19.204864,9,"0;4;6;7;8;10;11;12;13"
Root_558,81.087482,38.782624,8,"4;6;7;8;10;11;12;13"
Root_559,0.000000,13.257984,11,"0;1;2;3;6;7;8;10;11;12;13"
Root_560,56.095418,33.535744,10,"1;2;3;6;7;8;10;11;12;13"
Root_561,0.000000,18.587584,10,"0;2;3;6;7;8;10;11;12;13"
Root_562,81.961466,38.165344,9,"2;3;6;7;8;10;11;12;13"
Root_563,0.000000,14.183904,10,"0;1;3;6;7;8;10;11;12;13"
Root_564,53.233754,34.461664,9,"1;3;6;7;8;10;11;12;13"
Root_565,0.000000,19.513504,9,"0;3;6;7;8;10;11;12;13"
Root_566,80.504570,39.091264,8,"3;6;7;8;10;11;12;13"
Root_567,0.000000,15.171552,10,"0;1;2;6;7;8;10;11;12;13"
Root_568,59.922554,35.449312,9,"1;2;6;7;8;10;11;12;13"
Root_569,0.000000,20.501152,9,"0;2;6;7;8;10;11;12;13"
Root_570,86.363898,40.078912,8,"2;6;7;8;10;11;12;13"
Root_571,0.000000,16.097472,9,"0;1;6;7;8;10;11;12;13"
Root_572,56.897786,36.375232,8,"1;6;7;8;10;11;12;13"
Root_573,0.000000,21.427072,8,"0;6;7;8;10;11;12;13"
Root_574,85.746490,41.004832,7,"6;7;8;10;11;12;13"
Root_575,0.000000,11.918486,12,"0;1;2;3;4;5;7;8;10;11;12;13"
Root_576,57.670579,32.196246,11,"1;2;3;4;5;7;8;10;11;12;13"
Root_577,0.000000,17.248086,11,"0;2;3;4;5;7;8;10;11;12;13"
Root_578,84.476490,36.825846,10,"2;3;4;5;7;8;10;11;12;13"
Root_579,0.000000,12.844406,11,"0;1;3;4;5;7;8;10;11;12;13"
Root_580,56.148413,33.122166,10,"1;3;4;5;7;8;10;11;12;13"
Root_581,0.000000,18.174006,10,"0;3;4;5;7;8;10;11;12;13"
Root_582,81.828256,37.751766,9,"3;4;5;7;8;10;11;12;13"
Root_583,0.000000,13.832054,11,"0;1;2;4;5;7;8;10;11;12;13"
Root_584,62.827421,34.109814,10,"1;2;4;5;7;8;10;11;12;13"
Root_585,0.000000,19.161654,10,"0;2;4;5;7;8;10;11;12;13"
Root_586,87.051786,38.739414,9,"2;4;5;7;8;10;11;12;13"
Root_587,0.000000,14.757974,10,"0;1;4;5;7;8;10;11;12;13"
Root_588,59.427421,35.035734,9,"1;4;5;7;8;10;11;12;13"
Root_589,0.000000,20.087574,9,"0;4;5;7;8;10;11;12;13"
Root_590,85.243040,39.665334,8,"4;5;7;8;10;11;12;13"
Root_591,0.000000,14.140694,11,"0;1;2;3;5;7;8;10;11;12;13"
Root_592,58.444701,34.418454,10,"1;2;3;5;7;8;10;11;12;13"
Root_593,0.000000,19.470294,10,"0;2;3;5;7;8;10;11;12;13"
Root_594,86.691094,39.048054,9,"2;3;5;7;8;10;11;12;13"
Root_595,0.000000,15.066614,10,"0;1;3;5;7;8;10;11;12;13"
Root_596,55.044701,35.344374,9,"1;3;5;7;8;10;11;12;13"
Root_597,0.000000,20.396214,9,"0;3;5;7;8;10;11;12;13"
Root_598,86.068854,39.973974,8,"3;5;7;8;10;11;12;13"
Root_599,0.000000,16.054262,10,"0;1;2;5;7;8;10;11;12;13"
Root_600,62.019997,36.332022,9,"1;2;5;7;8;10;11;12;13"
Root_601,0.000000,21.383862,9,"0;2;5;7;8;10;11;12;13"
Root_602,91.045472,40.961622,8,"2;5;7;8;10;11;12;13"
Root_603,0.000000,16.980182,9,"0;1;5;7;8;10;11;12;13"
Root_604,59.803859,37.257942,8,"1;5;7;8;10;11;12;13"
Root_605,0.000000,22.309782,8,"0;5;7;8;10;11;12;13"
Root_606,91.310774,41.887542,7,"5;7;8;10;11;12;13"
Root_607,0.000000,13.461686,11,"0;1;2;3;4;7;8;10;11;12;13"
Root_608,63.670515,33.739446,10,"1;2;3;4;7;8;10;11;12;13"
Root_609,0.000000,18.791286,10,"0;2;3;4;7;8;10;11;12;13"
Root_610,92.018336,38.369046,9,"2;3;4;7;8;10;11;12;13"
Root_611,0.000000,14.387606,10,"0;1;3;4;7;8;10;11;12;13"
Root_612,60.605149,34.665366,9,"1;3;4;7;8;10;11;12;13"
Root_613,0.000000,19.717206,9,"0;3;4;7;8;10;11;12;13"
Root_614,89.839222,39.294966,8,"3;4;7;8;10;11;12;13"
Root_615,0.000000,15.375254,10,"0;1;2;4;7;8;10;11;12;13"
Root_616,67.497651,35.653014,9,"1;2;4;7;8;10;11;12;13"
Root_617,0.000000,20.704854,9,"0;2;4;7;8;10;11;12;13"
Root_618,94.507200,40.282614,8,"2;4;7;8;10;11;12;13"
Root_619,0.000000,16.301174,9,"0;1;4;7;8;10;11;12;13"
Root_620,64.097651,36.578934,8,"1;4;7;8;10;11;12;13"
Root_621,0.000000,21.630774,8,"0;4;7;8;10;11;12;13"
Root_622,93.167574,41.208534,7,"4;7;8;10;11;12;13"
Root_623,0.000000,15.683894,10,"0;1;2;3;7;8;10;11;12;13"
Root_624,63.114931,35.961654,9,"1;2;3;7;8;10;11;12;13"
Root_625,0.000000,21.013494,9,"0;2;3;7;8;10;11;12;13"
Root_626,95.950294,40.591254,8,"2;3;7;8;10;11;12;13"
Root_627,0.000000,16.609814,9,"0;1;3;7;8;10;11;12;13"
Root_628,60.602506,36.887574,8,"1;3;7;8;10;11;12;13"
Root_629,0.000000,21.939414,8,"0;3;7;8;10;11;12;13"
Root_630,95.328054,41.517174,7,"3;7;8;10;11;12;13"
Root_631,0.000000,17.597462,9,"0;1;2;7;8;10;11;12;13"
Root_632,67.565450,37.875222,8,"1;2;7;8;10;11;12;13"
Root_633,0.000000,22.927062,8,"0;2;7;8;10;11;12;13"
Root_634,100.266294,42.504822,7,"2;7;8;10;11;12;13"
Root_635,0.000000,18.523382,8,"0;1;7;8;10;11;12;13"
Root_636,66.017290,38.801142,7,"1;7;8;10;11;12;13"
Root_637,0.000000,23.852982,7,"0;7;8;10;11;12;13"
Root_638,100.569974,43.430742,6,"7;8;10;11;12;13"
Root_639,0.000000,12.517248,12,"0;1;2;3;4;5;6;8;10;11;12;13"
Root_640,60.130928,32.795008,11,"1;2;3;4;5;6;8;10;11;12;13"
Root_641,0.000000,17.846848,11,"0;2;3;4;5;6;8;10;11;12;13"
Root_642,89.540451,37.424608,10,"2;3;4;5;6;8;10;11;12;13"
Root_643,0.000000,13.443168,11,"0;1;3;4;5;6;8;10;11;12;13"
Root_644,58.010000,33.720928,10,"1;3;4;5;6;8;10;11;12;13"
Root_645,0.000000,18.772768,10,"0;3;4;5;6;8;10;11;12;13"
Root_646,87.066371,38.350528,9,"3;4;5;6;8;10;11;12;13"
Root_647,0.000000,14.430816,11,"0;1;2;4;5;6;8;10;11;12;13"
Root_648,64.689008,34.708576,10,"1;2;4;5;6;8;10;11;12;13"
Root_649,0.000000,19.760416,10,"0;2;4;5;6;8;10;11;12;13"
Root_650,92.029315,39.338176,9,"2;4;5;6;8;10;11;12;13"
Root_651,0.000000,15.356736,10,"0;1;4;5;6;8;10;11;12;13"
Root_652,61.289008,35.634496,9,"1;4;5;6;8;10;11;12;13"
Root_653,0.000000,20.686336,9,"0;4;5;6;8;10;11;12;13"
Root_654,90.481155,40.264096,8,"4;5;6;8;10;11;12;13"
Root_655,0.000000,14.739456,11,"0;1;2;3;5;6;8;10;11;12;13"
Root_656,60.306288,35.017216,10,"1;2;3;5;6;8;10;11;12;13"
Root_657,0.000000,20.069056,10,"0;2;3;5;6;8;10;11;12;13"
Root_658,92.836611,39.646816,9,"2;3;5;6;8;10;11;12;13"
Root_659,0.000000,15.665376,10,"0;1;3;5;6;8;10;11;12;13"
Root_660,56.906288,35.943136,9,"1;3;5;6;8;10;11;12;13"
Root_661,0.000000,20.994976,9,"0;3;5;6;8;10;11;12;13"
Root_662,92.214371,40.572736,8,"3;5;6;8;10;11;12;13"
Root_663,0.000000,16.653024,10,"0;1;2;5;6;8;10;11;12;13"
Root_664,63.881584,36.930784,9,"1;2;5;6;8;10;11;12;13"
Root_665,0.000000,21.982624,9,"0;2;5;6;8;10;11;12;13"
Root_666,97.152611,41.560384,8,"2;5;6;8;10;11;12;13"
Root_667,0.000000,17.578944,9,"0;1;5;6;8;10;11;12;13"
Root_668,62.264208,37.856704,8,"1;5;6;8;10;11;12;13"
Root_669,0.000000,22.908544,8,"0;5;6;8;10;11;12;13"
Root_670,97.456291,42.486304,7,"5;6;8;10;11;12;13"
Root_671,0.000000,14.060448,11,"0;1;2;3;4;6;8;10;11;12;13"
Root_672,67.569178,34.338208,10,"1;2;3;4;6;8;10;11;12;13"
Root_673,0.000000,19.390048,10,"0;2;3;4;6;8;10;11;12;13"
Root_674,97.162883,38.967808,9,"2;3;4;6;8;10;11;12;13"
Root_675,0.000000,14.986368,10,"0;1;3;4;6;8;10;11;12;13"
Root_676,64.169178,35.264128,9,"1;3;4;6;8;10;11;12;13"
Root_677,0.000000,20.315968,9,"0;3;4;6;8;10;11;12;13"
Root_678,95.582531,39.893728,8,"3;4;6;8;10;11;12;13"
Root_679,0.000000,15.974016,10,"0;1;2;4;6;8;10;11;12;13"
Root_680,70.892698,36.251776,9,"1;2;4;6;8;10;11;12;13"
Root_681,0.000000,21.303616,9,"0;2;4;6;8;10;11;12;13"
Root_682,99.651747,40.881376,8,"2;4;6;8;10;11;12;13"
Root_683,0.000000,16.899936,9,"0;1;4;6;8;10;11;12;13"
Root_684,67.670394,37.177696,8,"1;4;6;8;10;11;12;13"
Root_685,0.000000,22.229536,8,"0;4;6;8;10;11;12;13"
Root_686,98.910883,41.807296,7,"4;6;8;10;11;12;13"
Root_687,0.000000,16.282656,10,"0;1;2;3;6;8;10;11;12;13"
Root_688,67.070394,36.560416,9,"1;2;3;6;8;10;11;12;13"
Root_689,0.000000,21.612256,9,"0;2;3;6;8;10;11;12;13"
Root_690,101.678659,41.190016,8,"2;3;6;8;10;11;12;13"
Root_691,0.000000,17.208576,9,"0;1;3;6;8;10;11;12;13"
Root_692,65.082650,37.486336,8,"1;3;6;8;10;11;12;13"
Root_693,0.000000,22.538176,8,"0;3;6;8;10;11;12;13"
Root_694,101.056419,42.115936,7,"3;6;8;10;11;12;13"
Root_695,0.000000,18.196224,9,"0;1;2;6;8;10;11;12;13"
Root_696,71.559258,38.473984,8,"1;2;6;8;10;11;12;13"
Root_697,0.000000,23.525824,8,"0;2;6;8;10;11;12;13"
Root_698,106.056387,43.103584,7,"2;6;8;10;11;12;13"
Root_699,0.000000,19.122144,8,"0;1;6;8;10;11;12;13"
Root_700,70.411002,39.399904,7,"1;6;8;10;11;12;13"
Root_701,0.000000,24.451744,7,"0;6;8;10;11;12;13"
Root_702,106.360067,44.029504,6,"6;8;10;11;12;13"
Root_703,0.000000,14.943158,11,"0;1;2;3;4;5;8;10;11;12;13"
Root_704,71.048032,35.220918,10,"1;2;3;4;5;8;10;11;12;13"
Root_705,0.000000,20.272758,10,"0;2;3;4;5;8;10;11;12;13"
Root_706,101.819414,39.850518,9,"2;3;4;5;8;10;11;12;13"
Root_707,0.000000,15.869078,10,"0;1;3;4;5;8;10;11;12;13"
Root_708,67.648032,36.146838,9,"1;3;4;5;8;10;11;12;13"
Root_709,0.000000,21.198678,9,"0;3;4;5;8;10;11;12;13"
Root_710,100.271254,40.776438,8,"3;4;5;8;10;11;12;13"
Root_711,0.000000,16.856726,10,"0;1;2;4;5;8;10;11;12;13"
Root_712,73.623328,37.134486,9,"1;2;4;5;8;10;11;12;13"
Root_713,0.067734,22.186326,9,"0;2;4;5;8;10;11;12;13"
Root_714,104.221846,41.764086,8,"2;4;5;8;10;11;12;13"
Root_715,0.000000,17.782646,9,"0;1;4;5;8;10;11;12;13"
Root_716,71.149248,38.060406,8,"1;4;5;8;10;11;12;13"
Root_717,0.067734,23.112246,8,"0;4;5;8;10;11;12;13"
Root_718,103.599606,42.690006,7,"4;5;8;10;11;12;13"
Root_719,0.000000,17.165366,10,"0;1;2;3;5;8;10;11;12;13"
Root_720,70.992374,37.443126,9,"1;2;3;5;8;10;11;12;13"
Root_721,0.000000,22.494966,9,"0;2;3;5;8;10;11;12;13"
Root_722,106.690966,42.072726,8,"2;3;5;8;10;11;12;13"
Root_723,0.000000,18.091286,9,"0;1;3;5;8;10;11;12;13"
Root_724,69.444214,38.369046,8,"1;3;5;8;10;11;12;13"
Root_725,0.000000,23.420886,8,"0;3;5;8;10;11;12;13"
Root_726,106.068726,42.998646,7,"3;5;8;10;11;12;13"
Root_727,0.000000,19.078934,9,"0;1;2;5;8;10;11;12;13"
Root_728,75.394806,39.356694,8,"1;2;5;8;10;11;12;13"
Root_729,0.067734,24.408534,8,"0;2;5;8;10;11;12;13"
Root_730,111.439062,43.986294,7,"2;5;8;10;11;12;13"
Root_731,0.000000,20.004854,8,"0;1;5;8;10;11;12;13"
Root_732,74.772566,40.282614,7,"1;5;8;10;11;12;13"
Root_733,0.431789,25.334454,7,"0;5;8;10;11;12;13"
Root_734,111.742742,44.912214,6,"5;8;10;11;12;13"
Root_735,0.000000,16.486358,10,"0;1;2;3;4;8;10;11;12;13"
Root_736,78.324787,36.764118,9,"1;2;3;4;8;10;11;12;13"
Root_737,0.154102,21.815958,9,"0;2;3;4;8;10;11;12;13"
Root_738,108.914560,41.393718,8,"2;3;4;8;10;11;12;13"
Root_739,0.000000,17.412278,9,"0;1;3;4;8;10;11;12;13"
Root_740,75.614826,37.690038,8,"1;3;4;8;10;11;12;13"
Root_741,0.154102,22.741878,8,"0;3;4;8;10;11;12;13"
Root_742,107.366400,42.319638,7,"3;4;8;10;11;12;13"
Root_743,0.000000,18.399926,9,"0;1;2;4;8;10;11;12;13"
Root_744,80.900083,38.677686,8,"1;2;4;8;10;11;12;13"
Root_745,1.765037,23.729526,8,"0;2;4;8;10;11;12;13"
Root_746,111.378720,43.307286,7,"2;4;8;10;11;12;13"
Root_747,0.000000,19.325846,8,"0;1;4;8;10;11;12;13"
Root_748,79.029610,39.603606,7,"1;4;8;10;11;12;13"
Root_749,1.765037,24.655446,7,"0;4;8;10;11;12;13"
Root_750,110.756480,44.233206,6,"4;8;10;11;12;13"
Root_751,0.000000,18.708566,9,"0;1;2;3;8;10;11;12;13"
Root_752,80.124544,38.986326,8,"1;2;3;8;10;11;12;13"
Root_753,0.154102,24.038166,8,"0;2;3;8;10;11;12;13"
Root_754,113.539200,43.615926,7,"2;3;8;10;11;12;13"
Root_755,0.000000,19.634486,8,"0;1;3;8;10;11;12;13"
Root_756,79.488630,39.912246,7,"1;3;8;10;11;12;13"
Root_757,0.154102,24.964086,7,"0;3;8;10;11;12;13"
Root_758,112.916960,44.541846,6,"3;8;10;11;12;13"
Root_759,0.000000,20.622134,8,"0;1;2;8;10;11;12;13"
Root_760,84.526976,40.899894,7,"1;2;8;10;11;12;13"
Root_761,2.746371,25.951734,7,"0;2;8;10;11;12;13"
Root_762,117.916928,45.529494,6,"2;8;10;11;12;13"
Root_763,0.000000,21.548054,7,"0;1;8;10;11;12;13"
Root_764,84.730550,41.825814,6,"1;8;10;11;12;13"
Root_765,3.672291,26.877654,6,"0;8;10;11;12;13"
Root_766,118.220608,46.455414,5,"8;10;11;12;13"
Root_767,0.000000,14.122176,12,"0;1;2;3;4;5;6;7;10;11;12;13"
Root_768,67.578906,34.399936,11,"1;2;3;4;5;6;7;10;11;12;13"
Root_769,0.000000,19.451776,11,"0;2;3;4;5;6;7;10;11;12;13"
Root_770,100.844099,39.029536,10,"2;3;4;5;6;7;10;11;12;13"
Root_771,0.000000,15.048096,11,"0;1;3;4;5;6;7;10;11;12;13"
Root_772,64.178906,35.325856,10,"1;3;4;5;6;7;10;11;12;13"
Root_773,0.000000,20.377696,10,"0;3;4;5;6;7;10;11;12;13"
Root_774,99.295939,39.955456,9,"3;4;5;6;7;10;11;12;13"
Root_775,0.000000,16.035744,11,"0;1;2;4;5;6;7;10;11;12;13"
Root_776,70.840698,36.313504,10,"1;2;4;5;6;7;10;11;12;13"
Root_777,0.000000,21.365344,10,"0;2;4;5;6;7;10;11;12;13"
Root_778,103.303427,40.943104,9,"2;4;5;6;7;10;11;12;13"
Root_779,0.000000,16.961664,10,"0;1;4;5;6;7;10;11;12;13"
Root_780,67.680122,37.239424,9,"1;4;5;6;7;10;11;12;13"
Root_781,0.000000,22.291264,9,"0;4;5;6;7;10;11;12;13"
Root_782,102.624291,41.869024,8,"4;5;6;7;10;11;12;13"
Root_783,0.000000,16.344384,11,"0;1;2;3;5;6;7;10;11;12;13"
Root_784,67.080122,36.622144,10,"1;2;3;5;6;7;10;11;12;13"
Root_785,0.000000,21.673984,10,"0;2;3;5;6;7;10;11;12;13"
Root_786,105.453795,41.251744,9,"2;3;5;6;7;10;11;12;13"
Root_787,0.000000,17.270304,10,"0;1;3;5;6;7;10;11;12;13"
Root_788,65.154106,37.548064,9,"1;3;5;6;7;10;11;12;13"
Root_789,0.000000,22.599904,9,"0;3;5;6;7;10;11;12;13"
Root_790,104.831555,42.177664,8,"3;5;6;7;10;11;12;13"
Root_791,0.000000,18.257952,10,"0;1;2;5;6;7;10;11;12;13"
Root_792,71.568986,38.535712,9,"1;2;5;6;7;10;11;12;13"
Root_793,0.000000,23.587552,9,"0;2;5;6;7;10;11;12;13"
Root_794,110.201891,43.165312,8,"2;5;6;7;10;11;12;13"
Root_795,0.000000,19.183872,9,"0;1;5;6;7;10;11;12;13"
Root_796,70.482458,39.461632,8,"1;5;6;7;10;11;12;13"
Root_797,0.000000,24.513472,8,"0;5;6;7;10;11;12;13"
Root_798,110.505571,44.091232,7,"5;6;7;10;11;12;13"
Root_799,0.000000,15.665376,11,"0;1;2;3;4;6;7;10;11;12;13"
Root_800,74.986266,35.943136,10,"1;2;3;4;6;7;10;11;12;13"
Root_801,0.000000,20.994976,10,"0;2;3;4;6;7;10;11;12;13"
Root_802,108.560099,40.572736,9,"2;3;4;6;7;10;11;12;13"
Root_803,0.000000,16.591296,10,"0;1;3;4;6;7;10;11;12;13"
Root_804,71.586266,36.869056,9,"1;3;4;6;7;10;11;12;13"
Root_805,0.000000,21.920896,9,"0;3;4;6;7;10;11;12;13"
Root_806,107.011939,41.498656,8,"3;4;6;7;10;11;12;13"
Root_807,0.000000,17.578944,10,"0;1;2;4;6;7;10;11;12;13"
Root_808,77.561562,37.856704,9,"1;2;4;6;7;10;11;12;13"
Root_809,0.789952,22.908544,9,"0;2;4;6;7;10;11;12;13"
Root_810,110.962531,42.486304,8,"2;4;6;7;10;11;12;13"
Root_811,0.000000,18.504864,9,"0;1;4;6;7;10;11;12;13"
Root_812,75.087482,38.782624,8,"1;4;6;7;10;11;12;13"
Root_813,0.789952,23.834464,8,"0;4;6;7;10;11;12;13"
Root_814,110.340291,43.412224,7,"4;6;7;10;11;12;13"
Root_815,0.000000,17.887584,10,"0;1;2;3;6;7;10;11;12;13"
Root_816,75.961466,38.165344,9,"1;2;3;6;7;10;11;12;13"
Root_817,0.000000,23.217184,9,"0;2;3;6;7;10;11;12;13"
Root_818,113.123011,42.794944,8,"2;3;6;7;10;11;12;13"
Root_819,0.000000,18.813504,9,"0;1;3;6;7;10;11;12;13"
Root_820,74.504570,39.091264,8,"1;3;6;7;10;11;12;13"
Root_821,0.000000,24.143104,8,"0;3;6;7;10;11;12;13"
Root_822,112.500771,43.720864,7,"3;6;7;10;11;12;13"
Root_823,0.000000,19.801152,9,"0;1;2;6;7;10;11;12;13"
Root_824,80.363898,40.078912,8,"1;2;6;7;10;11;12;13"
Root_825,0.950304,25.130752,8,"0;2;6;7;10;11;12;13"
Root_826,117.500739,44.708512,7,"2;6;7;10;11;12;13"
Root_827,0.000000,20.727072,8,"0;1;6;7;10;11;12;13"
Root_828,79.746490,41.004832,7,"1;6;7;10;11;12;13"
Root_829,1.876224,26.056672,7,"0;6;7;10;11;12;13"
Root_830,118.438851,45.634432,6,"6;7;10;11;12;13"
Root_831,0.000000,16.548086,11,"0;1;2;3;4;5;7;10;11;12;13"
Root_832,78.476490,36.825846,10,"1;2;3;4;5;7;10;11;12;13"
Root_833,0.000000,21.877686,10,"0;2;3;4;5;7;10;11;12;13"
Root_834,112.831670,41.455446,9,"2;3;4;5;7;10;11;12;13"
Root_835,0.000000,17.474006,10,"0;1;3;4;5;7;10;11;12;13"
Root_836,75.828256,37.751766,9,"1;3;4;5;7;10;11;12;13"
Root_837,0.000000,22.803606,9,"0;3;4;5;7;10;11;12;13"
Root_838,111.283510,42.381366,8,"3;4;5;7;10;11;12;13"
Root_839,0.000000,18.461654,10,"0;1;2;4;5;7;10;11;12;13"
Root_840,81.051786,38.739414,9,"1;2;4;5;7;10;11;12;13"
Root_841,1.672662,23.791254,9,"0;2;4;5;7;10;11;12;13"
Root_842,115.666198,43.369014,8,"2;4;5;7;10;11;12;13"
Root_843,0.000000,19.387574,9,"0;1;4;5;7;10;11;12;13"
Root_844,79.243040,39.665334,8,"1;4;5;7;10;11;12;13"
Root_845,1.672662,24.717174,8,"0;4;5;7;10;11;12;13"
Root_846,115.043958,44.294934,7,"4;5;7;10;11;12;13"
Root_847,0.000000,18.770294,10,"0;1;2;3;5;7;10;11;12;13"
Root_848,80.691094,39.048054,9,"1;2;3;5;7;10;11;12;13"
Root_849,0.000000,24.099894,9,"0;2;3;5;7;10;11;12;13"
Root_850,118.135318,43.677654,8,"2;3;5;7;10;11;12;13"
Root_851,0.000000,19.696214,9,"0;1;3;5;7;10;11;12;13"
Root_852,80.068854,39.973974,8,"1;3;5;7;10;11;12;13"
Root_853,0.055414,25.025814,8,"0;3;5;7;10;11;12;13"
Root_854,117.513078,44.603574,7,"3;5;7;10;11;12;13"
Root_855,0.000000,20.683862,9,"0;1;2;5;7;10;11;12;13"
Root_856,85.045472,40.961622,8,"1;2;5;7;10;11;12;13"
Root_857,2.715725,26.013462,8,"0;2;5;7;10;11;12;13"
Root_858,123.474637,45.591222,7,"2;5;7;10;11;12;13"
Root_859,0.000000,21.609782,8,"0;1;5;7;10;11;12;13"
Root_860,85.310774,41.887542,7,"1;5;7;10;11;12;13"
Root_861,3.641645,26.939382,7,"0;5;7;10;11;12;13"
Root_862,124.704237,46.517142,6,"5;7;10;11;12;13"
Root_863,0.000000,18.091286,10,"0;1;2;3;4;7;10;11;12;13"
Root_864,86.018336,38.369046,9,"1;2;3;4;7;10;11;12;13"
Root_865,1.302294,23.420886,9,"0;2;3;4;7;10;11;12;13"
Root_866,118.753984,42.998646,8,"2;3;4;7;10;11;12;13"
Root_867,0.000000,19.017206,9,"0;1;3;4;7;10;11;12;13"
Root_868,83.839222,39.294966,8,"1;3;4;7;10;11;12;13"
Root_869,1.302294,24.346806,8,"0;3;4;7;10;11;12;13"
Root_870,117.205824,43.924566,7,"3;4;7;10;11;12;13"
Root_871,0.000000,20.004854,9,"0;1;2;4;7;10;11;12;13"
Root_872,88.507200,40.282614,8,"1;2;4;7;10;11;12;13"
Root_873,5.018019,25.334454,8,"0;2;4;7;10;11;12;13"
Root_874,121.218144,44.912214,7,"2;4;7;10;11;12;13"
Root_875,0.000000,20.930774,8,"0;1;4;7;10;11;12;13"
Root_876,87.167574,41.208534,7,"1;4;7;10;11;12;13"
Root_877,5.943939,26.260374,7,"0;4;7;10;11;12;13"
Root_878,121.434038,45.838134,6,"4;7;10;11;12;13"
Root_879,0.000000,20.313494,9,"0;1;2;3;7;10;11;12;13"
Root_880,89.950294,40.591254,8,"1;2;3;7;10;11;12;13"
Root_881,1.974989,25.643094,8,"0;2;3;7;10;11;12;13"
Root_882,123.599478,45.220854,7,"2;3;7;10;11;12;13"
Root_883,0.000000,21.239414,8,"0;1;3;7;10;11;12;13"
Root_884,89.328054,41.517174,7,"1;3;7;10;11;12;13"
Root_885,2.900909,26.569014,7,"0;3;7;10;11;12;13"
Root_886,123.903158,46.146774,6,"3;7;10;11;12;13"
Root_887,0.000000,22.227062,8,"0;1;2;7;10;11;12;13"
Root_888,94.266294,42.504822,7,"1;2;7;10;11;12;13"
Root_889,7.215862,27.556662,7,"0;2;7;10;11;12;13"
Root_890,130.025197,47.134422,6,"2;7;10;11;12;13"
Root_891,0.000000,23.152982,7,"0;1;7;10;11;12;13"
Root_892,94.569974,43.430742,6,"1;7;10;11;12;13"
Root_893,7.215862,28.482582,6,"0;7;10;11;12;13"
Root_894,132.241059,48.060342,5,"7;10;11;12;13"
Root_895,0.000000,17.146848,11,"0;1;2;3;4;5;6;10;11;12;13"
Root_896,83.540451,37.424608,10,"1;2;3;4;5;6;10;11;12;13"
Root_897,0.357856,22.476448,10,"0;2;3;4;5;6;10;11;12;13"
Root_898,119.220525,42.054208,9,"2;3;4;5;6;10;11;12;13"
Root_899,0.000000,18.072768,10,"0;1;3;4;5;6;10;11;12;13"
Root_900,81.066371,38.350528,9,"1;3;4;5;6;10;11;12;13"
Root_901,0.357856,23.402368,9,"0;3;4;5;6;10;11;12;13"
Root_902,117.672365,42.980128,8,"3;4;5;6;10;11;12;13"
Root_903,0.000000,19.060416,10,"0;1;2;4;5;6;10;11;12;13"
Root_904,86.029315,39.338176,9,"1;2;4;5;6;10;11;12;13"
Root_905,2.765088,24.390016,9,"0;2;4;5;6;10;11;12;13"
Root_906,122.055053,43.967776,8,"2;4;5;6;10;11;12;13"
Root_907,0.000000,19.986336,9,"0;1;4;5;6;10;11;12;13"
Root_908,84.481155,40.264096,8,"1;4;5;6;10;11;12;13"
Root_909,3.110624,25.315936,8,"0;4;5;6;10;11;12;13"
Root_910,121.432813,44.893696,7,"4;5;6;10;11;12;13"
Root_911,0.000000,19.369056,10,"0;1;2;3;5;6;10;11;12;13"
Root_912,86.836611,39.646816,9,"1;2;3;5;6;10;11;12;13"
Root_913,0.357856,24.698656,9,"0;2;3;5;6;10;11;12;13"
Root_914,124.524173,44.276416,8,"2;3;5;6;10;11;12;13"
Root_915,0.000000,20.294976,9,"0;1;3;5;6;10;11;12;13"
Root_916,86.214371,40.572736,8,"1;3;5;6;10;11;12;13"
Root_917,1.012032,25.624576,8,"0;3;5;6;10;11;12;13"
Root_918,124.104269,45.202336,7,"3;5;6;10;11;12;13"
Root_919,0.000000,21.282624,9,"0;1;2;5;6;10;11;12;13"
Root_920,91.152611,41.560384,8,"1;2;5;6;10;11;12;13"
Root_921,4.974656,26.612224,8,"0;2;5;6;10;11;12;13"
Root_922,130.462253,46.189984,7,"2;5;6;10;11;12;13"
Root_923,0.000000,22.208544,8,"0;1;5;6;10;11;12;13"
Root_924,91.456291,42.486304,7,"1;5;6;10;11;12;13"
Root_925,5.332832,27.538144,7,"0;5;6;10;11;12;13"
Root_926,131.691853,47.115904,6,"5;6;10;11;12;13"
Root_927,0.000000,18.690048,10,"0;1;2;3;4;6;10;11;12;13"
Root_928,91.162883,38.967808,9,"1;2;3;4;6;10;11;12;13"
Root_929,2.024352,24.019648,9,"0;2;3;4;6;10;11;12;13"
Root_930,124.544077,43.597408,8,"2;3;4;6;10;11;12;13"
Root_931,0.000000,19.615968,9,"0;1;3;4;6;10;11;12;13"
Root_932,89.582531,39.893728,8,"1;3;4;6;10;11;12;13"
Root_933,2.024352,24.945568,8,"0;3;4;6;10;11;12;13"
Root_934,122.995917,44.523328,7,"3;4;6;10;11;12;13"
Root_935,0.000000,20.603616,9,"0;1;2;4;6;10;11;12;13"
Root_936,93.651747,40.881376,8,"1;2;4;6;10;11;12;13"
Root_937,6.814304,25.933216,8,"0;2;4;6;10;11;12;13"
Root_938,127.519213,45.510976,7,"2;4;6;10;11;12;13"
Root_939,0.000000,21.529536,8,"0;1;4;6;10;11;12;13"
Root_940,92.910883,41.807296,7,"1;4;6;10;11;12;13"
Root_941,7.740224,26.859136,7,"0;4;6;10;11;12;13"
Root_942,127.822893,46.436896,6,"4;6;10;11;12;13"
Root_943,0.000000,20.912256,9,"0;1;2;3;6;10;11;12;13"
Root_944,95.678659,41.190016,8,"1;2;3;6;10;11;12;13"
Root_945,3.493184,26.241856,8,"0;2;3;6;10;11;12;13"
Root_946,129.988333,45.819616,7,"2;3;6;10;11;12;13"
Root_947,0.000000,21.838176,8,"0;1;3;6;10;11;12;13"
Root_948,95.056419,42.115936,7,"1;3;6;10;11;12;13"
Root_949,4.221728,27.167776,7,"0;3;6;10;11;12;13"
Root_950,130.292013,46.745536,6,"3;6;10;11;12;13"
Root_951,0.000000,22.825824,8,"0;1;2;6;10;11;12;13"
Root_952,100.056387,43.103584,7,"1;2;6;10;11;12;13"
Root_953,7.814624,28.155424,7,"0;2;6;10;11;12;13"
Root_954,136.279629,47.733184,6,"2;6;10;11;12;13"
Root_955,0.000000,23.751744,7,"0;1;6;10;11;12;13"
Root_956,100.360067,44.029504,6,"1;6;10;11;12;13"
Root_957,7.814624,29.081344,6,"0;6;10;11;12;13"
Root_958,138.827437,48.659104,5,"6;10;11;12;13"
Root_959,0.000000,19.572758,10,"0;1;2;3;4;5;10;11;12;13"
Root_960,95.819414,39.850518,9,"1;2;3;4;5;10;11;12;13"
Root_961,4.487107,24.902358,9,"0;2;3;4;5;10;11;12;13"
Root_962,128.877376,44.480118,8,"2;3;4;5;10;11;12;13"
Root_963,0.000000,20.498678,9,"0;1;3;4;5;10;11;12;13"
Root_964,94.271254,40.776438,8,"1;3;4;5;10;11;12;13"
Root_965,5.344986,25.828278,8,"0;3;4;5;10;11;12;13"
Root_966,127.735254,45.406038,7,"3;4;5;10;11;12;13"
Root_967,0.000000,21.486326,9,"0;1;2;4;5;10;11;12;13"
Root_968,98.221846,41.764086,8,"1;2;4;5;10;11;12;13"
Root_969,8.765069,26.815926,8,"0;2;4;5;10;11;12;13"
Root_970,133.105590,46.393686,7,"2;4;5;10;11;12;13"
Root_971,0.000000,22.412246,8,"0;1;4;5;10;11;12;13"
Root_972,97.599606,42.690006,7,"1;4;5;10;11;12;13"
Root_973,8.765069,27.741846,7,"0;4;5;10;11;12;13"
Root_974,133.728877,47.319606,6,"4;5;10;11;12;13"
Root_975,0.000000,21.794966,9,"0;1;2;3;5;10;11;12;13"
Root_976,100.690966,42.072726,8,"1;2;3;5;10;11;12;13"
Root_977,7.481101,27.124566,8,"0;2;3;5;10;11;12;13"
Root_978,135.883350,46.702326,7,"2;3;5;10;11;12;13"
Root_979,0.000000,22.720886,8,"0;1;3;5;10;11;12;13"
Root_980,100.068726,42.998646,7,"1;3;5;10;11;12;13"
Root_981,7.481101,28.050486,7,"0;3;5;10;11;12;13"
Root_982,136.815277,47.628246,6,"3;5;10;11;12;13"
Root_983,0.000000,23.708534,8,"0;1;2;5;10;11;12;13"
Root_984,105.439062,43.986294,7,"1;2;5;10;11;12;13"
Root_985,8.765069,29.038134,7,"0;2;5;10;11;12;13"
Root_986,144.776803,48.615894,6,"2;5;10;11;12;13"
Root_987,0.000000,24.634454,7,"0;1;5;10;11;12;13"
Root_988,105.742742,44.912214,6,"1;5;10;11;12;13"
Root_989,8.765069,29.964054,6,"0;5;10;11;12;13"
Root_990,147.858243,49.541814,5,"5;10;11;12;13"
Root_991,0.000000,21.115958,9,"0;1;2;3;4;10;11;12;13"
Root_992,102.914560,41.393718,8,"1;2;3;4;10;11;12;13"
Root_993,10.394637,26.445558,8,"0;2;3;4;10;11;12;13"
Root_994,132.798336,46.023318,7,"2;3;4;10;11;12;13"
Root_995,0.000000,22.041878,8,"0;1;3;4;10;11;12;13"
Root_996,101.366400,42.319638,7,"1;3;4;10;11;12;13"
Root_997,10.394637,27.371478,7,"0;3;4;10;11;12;13"
Root_998,132.176096,46.949238,6,"3;4;10;11;12;13"
Root_999,0.910934,23.029526,8,"0;1;2;4;10;11;12;13"
Root_1000,105.378720,43.307286,7,"1;2;4;10;11;12;13"
Root_1001,12.005571,28.359126,7,"0;2;4;10;11;12;13"
Root_1002,138.112950,47.936886,6,"2;4;10;11;12;13"
Root_1003,0.910934,23.955446,7,"0;1;4;10;11;12;13"
Root_1004,104.756480,44.233206,6,"1;4;10;11;12;13"
Root_1005,12.005571,29.285046,6,"0;4;10;11;12;13"
Root_1006,141.068163,48.862806,5,"4;10;11;12;13"
Root_1007,0.000000,23.338166,8,"0;1;2;3;10;11;12;13"
Root_1008,107.539200,43.615926,7,"1;2;3;10;11;12;13"
Root_1009,10.394637,28.667766,7,"0;2;3;10;11;12;13"
Root_1010,141.381763,48.245526,6,"2;3;10;11;12;13"
Root_1011,0.000000,24.264086,7,"0;1;3;10;11;12;13"
Root_1012,106.916960,44.541846,6,"1;3;10;11;12;13"
Root_1013,10.394637,29.593686,6,"0;3;10;11;12;13"
Root_1014,144.463203,49.171446,5,"3;10;11;12;13"
Root_1015,1.192269,25.251734,7,"0;1;2;10;11;12;13"
Root_1016,112.446422,45.529494,6,"1;2;10;11;12;13"
Root_1017,12.005571,30.581334,6,"0;2;10;11;12;13"
Root_1018,153.413763,50.159094,5,"2;10;11;12;13"
Root_1019,2.118189,26.177654,6,"0;1;10;11;12;13"
Root_1020,113.676022,46.455414,5,"1;10;11;12;13"
Root_1021,12.005571,31.507254,5,"0;10;11;12;13"
Root_1022,157.506138,51.085014,4,"10;11;12;13"
Root_1023,0.000000,4.325920,13,"0;1;2;3;4;5;6;7;8;9;11;12;13"
Root_1024,53.246170,28.103680,12,"1;2;3;4;5;6;7;8;9;11;12;13"
Root_1025,0.000000,13.155520,12,"0;2;3;4;5;6;7;8;9;11;12;13"
Root_1026,75.171514,32.733280,11,"2;3;4;5;6;7;8;9;11;12;13"
Root_1027,0.000000,5.951840,12,"0;1;3;4;5;6;7;8;9;11;12;13"
Root_1028,53.246170,29.029600,11,"1;3;4;5;6;7;8;9;11;12;13"
Root_1029,0.000000,14.081440,11,"0;3;4;5;6;7;8;9;11;12;13"
Root_1030,72.412314,33.659200,10,"3;4;5;6;7;8;9;11;12;13"
Root_1031,0.000000,9.739488,12,"0;1;2;4;5;6;7;8;9;11;12;13"
Root_1032,55.412666,30.017248,11,"1;2;4;5;6;7;8;9;11;12;13"
Root_1033,0.000000,15.069088,11,"0;2;4;5;6;7;8;9;11;12;13"
Root_1034,78.103674,34.646848,10,"2;4;5;6;7;8;9;11;12;13"
Root_1035,0.000000,10.665408,11,"0;1;4;5;6;7;8;9;11;12;13"
Root_1036,55.369498,30.943168,10,"1;4;5;6;7;8;9;11;12;13"
Root_1037,0.000000,15.995008,10,"0;4;5;6;7;8;9;11;12;13"
Root_1038,74.003674,35.572768,9,"4;5;6;7;8;9;11;12;13"
Root_1039,0.000000,8.648128,12,"0;1;2;3;5;6;7;8;9;11;12;13"
Root_1040,53.597978,30.325888,11,"1;2;3;5;6;7;8;9;11;12;13"
Root_1041,0.000000,15.377728,11,"0;2;3;5;6;7;8;9;11;12;13"
Root_1042,73.412314,34.955488,10,"2;3;5;6;7;8;9;11;12;13"
Root_1043,0.000000,9.574048,11,"0;1;3;5;6;7;8;9;11;12;13"
Root_1044,53.246170,31.251808,10,"1;3;5;6;7;8;9;11;12;13"
Root_1045,0.000000,16.303648,10,"0;3;5;6;7;8;9;11;12;13"
Root_1046,69.312314,35.881408,9,"3;5;6;7;8;9;11;12;13"
Root_1047,0.000000,11.961696,11,"0;1;2;5;6;7;8;9;11;12;13"
Root_1048,56.369498,32.239456,10,"1;2;5;6;7;8;9;11;12;13"
Root_1049,0.000000,17.291296,10,"0;2;5;6;7;8;9;11;12;13"
Root_1050,76.169018,36.869056,9,"2;5;6;7;8;9;11;12;13"
Root_1051,0.000000,12.887616,10,"0;1;5;6;7;8;9;11;12;13"
Root_1052,54.104122,33.165376,9,"1;5;6;7;8;9;11;12;13"
Root_1053,0.000000,18.217216,9,"0;5;6;7;8;9;11;12;13"
Root_1054,74.715834,37.794976,8,"5;6;7;8;9;11;12;13"
Root_1055,0.000000,7.269120,12,"0;1;2;3;4;6;7;8;9;11;12;13"
Root_1056,55.029914,29.646880,11,"1;2;3;4;6;7;8;9;11;12;13"
Root_1057,0.000000,14.698720,11,"0;2;3;4;6;7;8;9;11;12;13"
Root_1058,81.566534,34.276480,10,"2;3;4;6;7;8;9;11;12;13"
Root_1059,0.000000,8.195040,11,"0;1;3;4;6;7;8;9;11;12;13"
Root_1060,55.029914,30.572800,10,"1;3;4;6;7;8;9;11;12;13"
Root_1061,0.000000,15.624640,10,"0;3;4;6;7;8;9;11;12;13"
Root_1062,77.466534,35.202400,9,"3;4;6;7;8;9;11;12;13"
Root_1063,0.000000,11.282688,11,"0;1;2;4;6;7;8;9;11;12;13"
Root_1064,60.042266,31.560448,10,"1;2;4;6;7;8;9;11;12;13"
Root_1065,0.000000,16.612288,10,"0;2;4;6;7;8;9;11;12;13"
Root_1066,83.454182,36.190048,9,"2;4;6;7;8;9;11;12;13"
Root_1067,0.000000,12.208608,10,"0;1;4;6;7;8;9;11;12;13"
Root_1068,58.455898,32.486368,9,"1;4;6;7;8;9;11;12;13"
Root_1069,0.000000,17.538208,9,"0;4;6;7;8;9;11;12;13"
Root_1070,80.396070,37.115968,8,"4;6;7;8;9;11;12;13"
Root_1071,0.000000,10.191328,11,"0;1;2;3;6;7;8;9;11;12;13"
Root_1072,56.029914,31.869088,10,"1;2;3;6;7;8;9;11;12;13"
Root_1073,0.000000,16.920928,10,"0;2;3;6;7;8;9;11;12;13"
Root_1074,79.570150,36.498688,9,"2;3;6;7;8;9;11;12;13"
Root_1075,0.000000,11.117248,10,"0;1;3;6;7;8;9;11;12;13"
Root_1076,54.134906,32.795008,9,"1;3;6;7;8;9;11;12;13"
Root_1077,0.000000,17.846848,9,"0;3;6;7;8;9;11;12;13"
Root_1078,77.746598,37.424608,8,"3;6;7;8;9;11;12;13"
Root_1079,0.000000,13.504896,10,"0;1;2;6;7;8;9;11;12;13"
Root_1080,59.455898,33.782656,9,"1;2;6;7;8;9;11;12;13"
Root_1081,0.000000,18.834496,9,"0;2;6;7;8;9;11;12;13"
Root_1082,84.284934,38.412256,8,"2;6;7;8;9;11;12;13"
Root_1083,0.000000,14.430816,9,"0;1;6;7;8;9;11;12;13"
Root_1084,55.647322,34.708576,8,"1;6;7;8;9;11;12;13"
Root_1085,0.000000,19.760416,8,"0;6;7;8;9;11;12;13"
Root_1086,82.962694,39.338176,7,"6;7;8;9;11;12;13"
Root_1087,0.000000,8.151830,12,"0;1;2;3;4;5;7;8;9;11;12;13"
Root_1088,58.233555,30.529590,11,"1;2;3;4;5;7;8;9;11;12;13"
Root_1089,0.000000,15.581430,11,"0;2;3;4;5;7;8;9;11;12;13"
Root_1090,84.319722,35.159190,10,"2;3;4;5;7;8;9;11;12;13"
Root_1091,0.000000,9.077750,11,"0;1;3;4;5;7;8;9;11;12;13"
Root_1092,57.678045,31.455510,10,"1;3;4;5;7;8;9;11;12;13"
Root_1093,0.000000,16.507350,10,"0;3;4;5;7;8;9;11;12;13"
Root_1094,80.304832,36.085110,9,"3;4;5;7;8;9;11;12;13"
Root_1095,0.000000,12.165398,11,"0;1;2;4;5;7;8;9;11;12;13"
Root_1096,62.690397,32.443158,10,"1;2;4;5;7;8;9;11;12;13"
Root_1097,0.000000,17.494998,10,"0;2;4;5;7;8;9;11;12;13"
Root_1098,86.280128,37.072758,9,"2;4;5;7;8;9;11;12;13"
Root_1099,0.000000,13.091318,10,"0;1;4;5;7;8;9;11;12;13"
Root_1100,60.221318,33.369078,9,"1;4;5;7;8;9;11;12;13"
Root_1101,0.000000,18.420918,9,"0;4;5;7;8;9;11;12;13"
Root_1102,84.031968,37.998678,8,"4;5;7;8;9;11;12;13"
Root_1103,0.000000,11.074038,11,"0;1;2;3;5;7;8;9;11;12;13"
Root_1104,58.678045,32.751798,10,"1;2;3;5;7;8;9;11;12;13"
Root_1105,0.000000,17.803638,10,"0;2;3;5;7;8;9;11;12;13"
Root_1106,83.587446,37.381398,9,"2;3;5;7;8;9;11;12;13"
Root_1107,0.000000,11.999958,10,"0;1;3;5;7;8;9;11;12;13"
Root_1108,55.900326,33.677718,9,"1;3;5;7;8;9;11;12;13"
Root_1109,0.000000,18.729558,9,"0;3;5;7;8;9;11;12;13"
Root_1110,82.265206,38.307318,8,"3;5;7;8;9;11;12;13"
Root_1111,0.000000,14.387606,10,"0;1;2;5;7;8;9;11;12;13"
Root_1112,61.221318,34.665366,9,"1;2;5;7;8;9;11;12;13"
Root_1113,0.000000,19.717206,9,"0;2;5;7;8;9;11;12;13"
Root_1114,87.920832,39.294966,8,"2;5;7;8;9;11;12;13"
Root_1115,0.000000,15.313526,9,"0;1;5;7;8;9;11;12;13"
Root_1116,57.121318,35.591286,8,"1;5;7;8;9;11;12;13"
Root_1117,0.000000,20.643126,8,"0;5;7;8;9;11;12;13"
Root_1118,86.598592,40.220886,7,"5;7;8;9;11;12;13"
Root_1119,0.000000,9.695030,11,"0;1;2;3;4;7;8;9;11;12;13"
Root_1120,64.467978,32.072790,10,"1;2;3;4;7;8;9;11;12;13"
Root_1121,0.000000,17.124630,10,"0;2;3;4;7;8;9;11;12;13"
Root_1122,90.886272,36.702390,9,"2;3;4;7;8;9;11;12;13"
Root_1123,0.000000,10.620950,10,"0;1;3;4;7;8;9;11;12;13"
Root_1124,62.369267,32.998710,9,"1;3;4;7;8;9;11;12;13"
Root_1125,0.000000,18.050550,9,"0;3;4;7;8;9;11;12;13"
Root_1126,88.340502,37.628310,8,"3;4;7;8;9;11;12;13"
Root_1127,0.000000,13.708598,10,"0;1;2;4;7;8;9;11;12;13"
Root_1128,68.060627,33.986358,9,"1;2;4;7;8;9;11;12;13"
Root_1129,0.000000,19.038198,9,"0;2;4;7;8;9;11;12;13"
Root_1130,93.687488,38.615958,8,"2;4;7;8;9;11;12;13"
Root_1131,0.000000,14.634518,9,"0;1;4;7;8;9;11;12;13"
Root_1132,64.048349,34.912278,8,"1;4;7;8;9;11;12;13"
Root_1133,0.000000,19.964118,8,"0;4;7;8;9;11;12;13"
Root_1134,91.439328,39.541878,7,"4;7;8;9;11;12;13"
Root_1135,0.000000,12.617238,10,"0;1;2;3;7;8;9;11;12;13"
Root_1136,63.369267,34.294998,9,"1;2;3;7;8;9;11;12;13"
Root_1137,0.000000,19.346838,9,"0;2;3;7;8;9;11;12;13"
Root_1138,92.846646,38.924598,8,"2;3;7;8;9;11;12;13"
Root_1139,0.000000,13.543158,9,"0;1;3;7;8;9;11;12;13"
Root_1140,59.269267,35.220918,8,"1;3;7;8;9;11;12;13"
Root_1141,0.000000,20.272758,8,"0;3;7;8;9;11;12;13"
Root_1142,91.524406,39.850518,7,"3;7;8;9;11;12;13"
Root_1143,0.000000,15.930806,9,"0;1;2;7;8;9;11;12;13"
Root_1144,65.465482,36.208566,8,"1;2;7;8;9;11;12;13"
Root_1145,0.000000,21.260406,8,"0;2;7;8;9;11;12;13"
Root_1146,95.636832,40.838166,7,"2;7;8;9;11;12;13"
Root_1147,0.000000,16.856726,8,"0;1;7;8;9;11;12;13"
Root_1148,63.351808,37.134486,7,"1;7;8;9;11;12;13"
Root_1149,0.000000,22.186326,7,"0;7;8;9;11;12;13"
Root_1150,95.078678,41.764086,6,"7;8;9;11;12;13"
Root_1151,0.000000,10.850592,12,"0;1;2;3;4;5;6;8;9;11;12;13"
Root_1152,61.616006,31.128352,11,"1;2;3;4;5;6;8;9;11;12;13"
Root_1153,0.000000,16.180192,11,"0;2;3;4;5;6;8;9;11;12;13"
Root_1154,89.122042,35.757952,10,"2;3;4;5;6;8;9;11;12;13"
Root_1155,0.000000,11.776512,11,"0;1;3;4;5;6;8;9;11;12;13"
Root_1156,60.461734,32.054272,10,"1;3;4;5;6;8;9;11;12;13"
Root_1157,0.000000,17.106112,10,"0;3;4;5;6;8;9;11;12;13"
Root_1158,85.705914,36.683872,9,"3;4;5;6;8;9;11;12;13"
Root_1159,0.000000,12.764160,11,"0;1;2;4;5;6;8;9;11;12;13"
Root_1160,65.474086,33.041920,10,"1;2;4;5;6;8;9;11;12;13"
Root_1161,0.000000,18.093760,10,"0;2;4;5;6;8;9;11;12;13"
Root_1162,91.681210,37.671520,9,"2;4;5;6;8;9;11;12;13"
Root_1163,0.000000,13.690080,10,"0;1;4;5;6;8;9;11;12;13"
Root_1164,62.406246,33.967840,9,"1;4;5;6;8;9;11;12;13"
Root_1165,0.000000,19.019680,9,"0;4;5;6;8;9;11;12;13"
Root_1166,89.433050,38.597440,8,"4;5;6;8;9;11;12;13"
Root_1167,0.000000,13.072800,11,"0;1;2;3;5;6;8;9;11;12;13"
Root_1168,61.461734,33.350560,10,"1;2;3;5;6;8;9;11;12;13"
Root_1169,0.000000,18.402400,10,"0;2;3;5;6;8;9;11;12;13"
Root_1170,89.587290,37.980160,9,"2;3;5;6;8;9;11;12;13"
Root_1171,0.000000,13.998720,10,"0;1;3;5;6;8;9;11;12;13"
Root_1172,58.085254,34.276480,9,"1;3;5;6;8;9;11;12;13"
Root_1173,0.000000,19.328320,9,"0;3;5;6;8;9;11;12;13"
Root_1174,88.265050,38.906080,8,"3;5;6;8;9;11;12;13"
Root_1175,0.000000,14.986368,10,"0;1;2;5;6;8;9;11;12;13"
Root_1176,63.406246,35.264128,9,"1;2;5;6;8;9;11;12;13"
Root_1177,0.000000,20.315968,9,"0;2;5;6;8;9;11;12;13"
Root_1178,93.321914,39.893728,8,"2;5;6;8;9;11;12;13"
Root_1179,0.000000,15.912288,9,"0;1;5;6;8;9;11;12;13"
Root_1180,59.686342,36.190048,8,"1;5;6;8;9;11;12;13"
Root_1181,0.000000,21.241888,8,"0;5;6;8;9;11;12;13"
Root_1182,91.999674,40.819648,7,"5;6;8;9;11;12;13"
Root_1183,0.000000,12.393792,11,"0;1;2;3;4;6;8;9;11;12;13"
Root_1184,68.653018,32.671552,10,"1;2;3;4;6;8;9;11;12;13"
Root_1185,0.000000,17.723392,10,"0;2;3;4;6;8;9;11;12;13"
Root_1186,95.841722,37.301152,9,"2;3;4;6;8;9;11;12;13"
Root_1187,0.000000,13.319712,10,"0;1;3;4;6;8;9;11;12;13"
Root_1188,65.955546,33.597472,9,"1;3;4;6;8;9;11;12;13"
Root_1189,0.000000,18.649312,9,"0;3;4;6;8;9;11;12;13"
Root_1190,93.593562,38.227072,8,"3;4;6;8;9;11;12;13"
Root_1191,0.000000,14.307360,10,"0;1;2;4;6;8;9;11;12;13"
Root_1192,71.646906,34.585120,9,"1;2;4;6;8;9;11;12;13"
Root_1193,0.000000,19.636960,9,"0;2;4;6;8;9;11;12;13"
Root_1194,98.341786,39.214720,8,"2;4;6;8;9;11;12;13"
Root_1195,0.000000,15.233280,9,"0;1;4;6;8;9;11;12;13"
Root_1196,67.546906,35.511040,8,"1;4;6;8;9;11;12;13"
Root_1197,0.000000,20.562880,8,"0;4;6;8;9;11;12;13"
Root_1198,96.093626,40.140640,7,"4;6;8;9;11;12;13"
Root_1199,0.000000,14.616000,10,"0;1;2;3;6;8;9;11;12;13"
Root_1200,66.955546,34.893760,9,"1;2;3;6;8;9;11;12;13"
Root_1201,0.000000,19.945600,9,"0;2;3;6;8;9;11;12;13"
Root_1202,98.408346,39.523360,8,"2;3;6;8;9;11;12;13"
Root_1203,0.000000,15.541920,9,"0;1;3;6;8;9;11;12;13"
Root_1204,62.855546,35.819680,8,"1;3;6;8;9;11;12;13"
Root_1205,0.000000,20.871520,8,"0;3;6;8;9;11;12;13"
Root_1206,97.086106,40.449280,7,"3;6;8;9;11;12;13"
Root_1207,0.000000,16.529568,9,"0;1;2;6;8;9;11;12;13"
Root_1208,69.650522,36.807328,8,"1;2;6;8;9;11;12;13"
Root_1209,0.000000,21.859168,8,"0;2;6;8;9;11;12;13"
Root_1210,101.036698,41.436928,7,"2;6;8;9;11;12;13"
Root_1211,0.000000,17.455488,8,"0;1;6;8;9;11;12;13"
Root_1212,68.135610,37.733248,7,"1;6;8;9;11;12;13"
Root_1213,0.000000,22.785088,7,"0;6;8;9;11;12;13"
Root_1214,100.640378,42.362848,6,"6;8;9;11;12;13"
Root_1215,0.000000,13.276502,11,"0;1;2;3;4;5;8;9;11;12;13"
Root_1216,72.332106,33.554262,10,"1;2;3;4;5;8;9;11;12;13"
Root_1217,0.000000,18.606102,10,"0;2;3;4;5;8;9;11;12;13"
Root_1218,100.033046,38.183862,9,"2;3;4;5;8;9;11;12;13"
Root_1219,0.000000,14.202422,10,"0;1;3;4;5;8;9;11;12;13"
Root_1220,68.751923,34.480182,9,"1;3;4;5;8;9;11;12;13"
Root_1221,0.000000,19.532022,9,"0;3;4;5;8;9;11;12;13"
Root_1222,97.784886,39.109782,8,"3;4;5;8;9;11;12;13"
Root_1223,0.000000,15.190070,10,"0;1;2;4;5;8;9;11;12;13"
Root_1224,74.443283,35.467830,9,"1;2;4;5;8;9;11;12;13"
Root_1225,0.000000,20.519670,9,"0;2;4;5;8;9;11;12;13"
Root_1226,101.650400,40.097430,8,"2;4;5;8;9;11;12;13"
Root_1227,0.000000,16.115990,9,"0;1;4;5;8;9;11;12;13"
Root_1228,70.737034,36.393750,8,"1;4;5;8;9;11;12;13"
Root_1229,0.000000,21.445590,8,"0;4;5;8;9;11;12;13"
Root_1230,99.425590,41.023350,7,"4;5;8;9;11;12;13"
Root_1231,0.000000,15.498710,10,"0;1;2;3;5;8;9;11;12;13"
Root_1232,69.751923,35.776470,9,"1;2;3;5;8;9;11;12;13"
Root_1233,0.000000,20.828310,9,"0;2;3;5;8;9;11;12;13"
Root_1234,102.908310,40.406070,8,"2;3;5;8;9;11;12;13"
Root_1235,0.000000,16.424630,9,"0;1;3;5;8;9;11;12;13"
Root_1236,67.056704,36.702390,8,"1;3;5;8;9;11;12;13"
Root_1237,0.000000,21.754230,8,"0;3;5;8;9;11;12;13"
Root_1238,101.586070,41.331990,7,"3;5;8;9;11;12;13"
Root_1239,0.000000,17.412278,9,"0;1;2;5;8;9;11;12;13"
Root_1240,74.019648,37.690038,8,"1;2;5;8;9;11;12;13"
Root_1241,0.000000,22.741878,8,"0;2;5;8;9;11;12;13"
Root_1242,105.536662,42.319638,7,"2;5;8;9;11;12;13"
Root_1243,0.000000,18.338198,8,"0;1;5;8;9;11;12;13"
Root_1244,72.697408,38.615958,7,"1;5;8;9;11;12;13"
Root_1245,0.000000,23.667798,7,"0;5;8;9;11;12;13"
Root_1246,105.140342,43.245558,6,"5;8;9;11;12;13"
Root_1247,0.000000,14.819702,10,"0;1;2;3;4;8;9;11;12;13"
Root_1248,77.862954,35.097462,9,"1;2;3;4;8;9;11;12;13"
Root_1249,0.854102,20.149302,9,"0;2;3;4;8;9;11;12;13"
Root_1250,107.107200,39.727062,8,"2;3;4;8;9;11;12;13"
Root_1251,0.000000,15.745622,9,"0;1;3;4;8;9;11;12;13"
Root_1252,73.786336,36.023382,8,"1;3;4;8;9;11;12;13"
Root_1253,0.854102,21.075222,8,"0;3;4;8;9;11;12;13"
Root_1254,104.859040,40.652982,7,"3;4;8;9;11;12;13"
Root_1255,0.000000,16.733270,9,"0;1;2;4;8;9;11;12;13"
Root_1256,79.761632,37.011030,8,"1;2;4;8;9;11;12;13"
Root_1257,1.165037,22.062870,8,"0;2;4;8;9;11;12;13"
Root_1258,107.821984,41.640630,7,"2;4;8;9;11;12;13"
Root_1259,0.000000,17.659190,8,"0;1;4;8;9;11;12;13"
Root_1260,77.513472,37.936950,7,"1;4;8;9;11;12;13"
Root_1261,1.165037,22.988790,7,"0;4;8;9;11;12;13"
Root_1262,106.499744,42.566550,6,"4;8;9;11;12;13"
Root_1263,0.000000,17.041910,9,"0;1;2;3;8;9;11;12;13"
Root_1264,77.007222,37.319670,8,"1;2;3;8;9;11;12;13"
Root_1265,0.854102,22.371510,8,"0;2;3;8;9;11;12;13"
Root_1266,109.673824,41.949270,7,"2;3;8;9;11;12;13"
Root_1267,0.000000,17.967830,8,"0;1;3;8;9;11;12;13"
Root_1268,75.684982,38.245590,7,"1;3;8;9;11;12;13"
Root_1269,0.854102,23.297430,7,"0;3;8;9;11;12;13"
Root_1270,108.351584,42.875190,6,"3;8;9;11;12;13"
Root_1271,0.000000,18.955478,8,"0;1;2;8;9;11;12;13"
Root_1272,81.402336,39.233238,7,"1;2;8;9;11;12;13"
Root_1273,1.179715,24.285078,7,"0;2;8;9;11;12;13"
Root_1274,112.363904,43.862838,6,"2;8;9;11;12;13"
Root_1275,0.000000,19.881398,7,"0;1;8;9;11;12;13"
Root_1276,80.080096,40.159158,6,"1;8;9;11;12;13"
Root_1277,2.105635,25.210998,6,"0;8;9;11;12;13"
Root_1278,111.967584,44.788758,5,"8;9;11;12;13"
Root_1279,0.000000,9.655520,12,"0;1;2;3;4;5;6;7;9;11;12;13"
Root_1280,69.171514,32.733280,11,"1;2;3;4;5;6;7;9;11;12;13"
Root_1281,0.000000,17.785120,11,"0;2;3;4;5;6;7;9;11;12;13"
Root_1282,99.570074,37.362880,10,"2;3;4;5;6;7;9;11;12;13"
Root_1283,0.000000,10.581440,11,"0;1;3;4;5;6;7;9;11;12;13"
Root_1284,66.412314,33.659200,10,"1;3;4;5;6;7;9;11;12;13"
Root_1285,0.000000,18.711040,10,"0;3;4;5;6;7;9;11;12;13"
Root_1286,97.321914,38.288800,9,"3;4;5;6;7;9;11;12;13"
Root_1287,0.000000,14.369088,11,"0;1;2;4;5;6;7;9;11;12;13"
Root_1288,72.103674,34.646848,10,"1;2;4;5;6;7;9;11;12;13"
Root_1289,0.000000,19.698688,10,"0;2;4;5;6;7;9;11;12;13"
Root_1290,102.008410,39.276448,9,"2;4;5;6;7;9;11;12;13"
Root_1291,0.000000,15.295008,10,"0;1;4;5;6;7;9;11;12;13"
Root_1292,68.003674,35.572768,9,"1;4;5;6;7;9;11;12;13"
Root_1293,0.000000,20.624608,9,"0;4;5;6;7;9;11;12;13"
Root_1294,99.760250,40.202368,8,"4;5;6;7;9;11;12;13"
Root_1295,0.000000,13.277728,11,"0;1;2;3;5;6;7;9;11;12;13"
Root_1296,67.412314,34.955488,10,"1;2;3;5;6;7;9;11;12;13"
Root_1297,0.000000,20.007328,10,"0;2;3;5;6;7;9;11;12;13"
Root_1298,102.204474,39.585088,9,"2;3;5;6;7;9;11;12;13"
Root_1299,0.000000,14.203648,10,"0;1;3;5;6;7;9;11;12;13"
Root_1300,63.312314,35.881408,9,"1;3;5;6;7;9;11;12;13"
Root_1301,0.000000,20.933248,9,"0;3;5;6;7;9;11;12;13"
Root_1302,100.882234,40.511008,8,"3;5;6;7;9;11;12;13"
Root_1303,0.000000,16.591296,10,"0;1;2;5;6;7;9;11;12;13"
Root_1304,70.169018,36.869056,9,"1;2;5;6;7;9;11;12;13"
Root_1305,0.000000,21.920896,9,"0;2;5;6;7;9;11;12;13"
Root_1306,104.832826,41.498656,8,"2;5;6;7;9;11;12;13"
Root_1307,0.000000,17.517216,9,"0;1;5;6;7;9;11;12;13"
Root_1308,68.715834,37.794976,8,"1;5;6;7;9;11;12;13"
Root_1309,0.000000,22.846816,8,"0;5;6;7;9;11;12;13"
Root_1310,104.436506,42.424576,7,"5;6;7;9;11;12;13"
Root_1311,0.000000,11.898720,11,"0;1;2;3;4;6;7;9;11;12;13"
Root_1312,75.566534,34.276480,10,"1;2;3;4;6;7;9;11;12;13"
Root_1313,0.000000,19.328320,10,"0;2;3;4;6;7;9;11;12;13"
Root_1314,107.286074,38.906080,9,"2;3;4;6;7;9;11;12;13"
Root_1315,0.000000,12.824640,10,"0;1;3;4;6;7;9;11;12;13"
Root_1316,71.466534,35.202400,9,"1;3;4;6;7;9;11;12;13"
Root_1317,0.000000,20.254240,9,"0;3;4;6;7;9;11;12;13"
Root_1318,105.037914,39.832000,8,"3;4;6;7;9;11;12;13"
Root_1319,0.000000,15.912288,10,"0;1;2;4;6;7;9;11;12;13"
Root_1320,77.454182,36.190048,9,"1;2;4;6;7;9;11;12;13"
Root_1321,0.000000,21.241888,9,"0;2;4;6;7;9;11;12;13"
Root_1322,108.181210,40.819648,8,"2;4;6;7;9;11;12;13"
Root_1323,0.000000,16.838208,9,"0;1;4;6;7;9;11;12;13"
Root_1324,74.396070,37.115968,8,"1;4;6;7;9;11;12;13"
Root_1325,0.000000,22.167808,8,"0;4;6;7;9;11;12;13"
Root_1326,106.678618,41.745568,7,"4;6;7;9;11;12;13"
Root_1327,0.000000,14.820928,10,"0;1;2;3;6;7;9;11;12;13"
Root_1328,73.570150,36.498688,9,"1;2;3;6;7;9;11;12;13"
Root_1329,0.000000,21.550528,9,"0;2;3;6;7;9;11;12;13"
Root_1330,109.790970,41.128288,8,"2;3;6;7;9;11;12;13"
Root_1331,0.000000,15.746848,9,"0;1;3;6;7;9;11;12;13"
Root_1332,71.746598,37.424608,8,"1;3;6;7;9;11;12;13"
Root_1333,0.000000,22.476448,8,"0;3;6;7;9;11;12;13"
Root_1334,108.468730,42.054208,7,"3;6;7;9;11;12;13"
Root_1335,0.000000,18.134496,9,"0;1;2;6;7;9;11;12;13"
Root_1336,78.284934,38.412256,8,"1;2;6;7;9;11;12;13"
Root_1337,0.000000,23.464096,8,"0;2;6;7;9;11;12;13"
Root_1338,112.481050,43.041856,7,"2;6;7;9;11;12;13"
Root_1339,0.000000,19.060416,8,"0;1;6;7;9;11;12;13"
Root_1340,76.962694,39.338176,7,"1;6;7;9;11;12;13"
Root_1341,0.119616,24.390016,7,"0;6;7;9;11;12;13"
Root_1342,112.084730,43.967776,6,"6;7;9;11;12;13"
Root_1343,0.000000,12.781430,11,"0;1;2;3;4;5;7;9;11;12;13"
Root_1344,78.319722,35.159190,10,"1;2;3;4;5;7;9;11;12;13"
Root_1345,0.000000,20.211030,10,"0;2;3;4;5;7;9;11;12;13"
Root_1346,111.045302,39.788790,9,"2;3;4;5;7;9;11;12;13"
Root_1347,0.000000,13.707350,10,"0;1;3;4;5;7;9;11;12;13"
Root_1348,74.304832,36.085110,9,"1;3;4;5;7;9;11;12;13"
Root_1349,0.000000,21.136950,9,"0;3;4;5;7;9;11;12;13"
Root_1350,108.797142,40.714710,8,"3;4;5;7;9;11;12;13"
Root_1351,0.000000,16.794998,10,"0;1;2;4;5;7;9;11;12;13"
Root_1352,80.280128,37.072758,9,"1;2;4;5;7;9;11;12;13"
Root_1353,0.372662,22.124598,9,"0;2;4;5;7;9;11;12;13"
Root_1354,111.760086,41.702358,8,"2;4;5;7;9;11;12;13"
Root_1355,0.000000,17.720918,9,"0;1;4;5;7;9;11;12;13"
Root_1356,78.031968,37.998678,8,"1;4;5;7;9;11;12;13"
Root_1357,0.372662,23.050518,8,"0;4;5;7;9;11;12;13"
Root_1358,110.437846,42.628278,7,"4;5;7;9;11;12;13"
Root_1359,0.000000,15.703638,10,"0;1;2;3;5;7;9;11;12;13"
Root_1360,77.587446,37.381398,9,"1;2;3;5;7;9;11;12;13"
Root_1361,0.000000,22.433238,9,"0;2;3;5;7;9;11;12;13"
Root_1362,113.920566,42.010998,8,"2;3;5;7;9;11;12;13"
Root_1363,0.000000,16.629558,9,"0;1;3;5;7;9;11;12;13"
Root_1364,76.265206,38.307318,8,"1;3;5;7;9;11;12;13"
Root_1365,0.000000,23.359158,8,"0;3;5;7;9;11;12;13"
Root_1366,112.598326,42.936918,7,"3;5;7;9;11;12;13"
Root_1367,0.000000,19.017206,9,"0;1;2;5;7;9;11;12;13"
Root_1368,81.920832,39.294966,8,"1;2;5;7;9;11;12;13"
Root_1369,0.449069,24.346806,8,"0;2;5;7;9;11;12;13"
Root_1370,116.981014,43.924566,7,"2;5;7;9;11;12;13"
Root_1371,0.000000,19.943126,8,"0;1;5;7;9;11;12;13"
Root_1372,80.598592,40.220886,7,"1;5;7;9;11;12;13"
Root_1373,1.374989,25.272726,7,"0;5;7;9;11;12;13"
Root_1374,116.584694,44.850486,6,"5;7;9;11;12;13"
Root_1375,0.000000,14.324630,10,"0;1;2;3;4;7;9;11;12;13"
Root_1376,84.886272,36.702390,9,"1;2;3;4;7;9;11;12;13"
Root_1377,0.002294,21.754230,9,"0;2;3;4;7;9;11;12;13"
Root_1378,116.884896,41.331990,8,"2;3;4;7;9;11;12;13"
Root_1379,0.000000,15.250550,9,"0;1;3;4;7;9;11;12;13"
Root_1380,82.340502,37.628310,8,"1;3;4;7;9;11;12;13"
Root_1381,0.002294,22.680150,8,"0;3;4;7;9;11;12;13"
Root_1382,114.636736,42.257910,7,"3;4;7;9;11;12;13"
Root_1383,0.000000,18.338198,9,"0;1;2;4;7;9;11;12;13"
Root_1384,87.687488,38.615958,8,"1;2;4;7;9;11;12;13"
Root_1385,3.239149,23.667798,8,"0;2;4;7;9;11;12;13"
Root_1386,117.661408,43.245558,7,"2;4;7;9;11;12;13"
Root_1387,0.000000,19.264118,8,"0;1;4;7;9;11;12;13"
Root_1388,85.439328,39.541878,7,"1;4;7;9;11;12;13"
Root_1389,3.562467,24.593718,7,"0;4;7;9;11;12;13"
Root_1390,116.339168,44.171478,6,"4;7;9;11;12;13"
Root_1391,0.000000,17.246838,9,"0;1;2;3;7;9;11;12;13"
Root_1392,86.846646,38.924598,8,"1;2;3;7;9;11;12;13"
Root_1393,0.002294,23.976438,8,"0;2;3;7;9;11;12;13"
Root_1394,119.513248,43.554198,7,"2;3;7;9;11;12;13"
Root_1395,0.000000,18.172758,8,"0;1;3;7;9;11;12;13"
Root_1396,85.524406,39.850518,7,"1;3;7;9;11;12;13"
Root_1397,0.634253,24.902358,7,"0;3;7;9;11;12;13"
Root_1398,118.191008,44.480118,6,"3;7;9;11;12;13"
Root_1399,0.000000,20.560406,8,"0;1;2;7;9;11;12;13"
Root_1400,89.636832,40.838166,7,"1;2;7;9;11;12;13"
Root_1401,5.404282,25.890006,7,"0;2;7;9;11;12;13"
Root_1402,122.671094,45.467766,6,"2;7;9;11;12;13"
Root_1403,0.000000,21.486326,7,"0;1;7;9;11;12;13"
Root_1404,89.078678,41.764086,6,"1;7;9;11;12;13"
Root_1405,5.784675,26.815926,6,"0;7;9;11;12;13"
Root_1406,123.200694,46.393686,5,"7;9;11;12;13"
Root_1407,0.000000,15.480192,11,"0;1;2;3;4;5;6;9;11;12;13"
Root_1408,83.122042,35.757952,10,"1;2;3;4;5;6;9;11;12;13"
Root_1409,0.000000,20.809792,10,"0;2;3;4;5;6;9;11;12;13"
Root_1410,117.267491,40.387552,9,"2;3;4;5;6;9;11;12;13"
Root_1411,0.000000,16.406112,10,"0;1;3;4;5;6;9;11;12;13"
Root_1412,79.705914,36.683872,9,"1;3;4;5;6;9;11;12;13"
Root_1413,0.000000,21.735712,9,"0;3;4;5;6;9;11;12;13"
Root_1414,115.019331,41.313472,8,"3;4;5;6;9;11;12;13"
Root_1415,0.000000,17.393760,10,"0;1;2;4;5;6;9;11;12;13"
Root_1416,85.681210,37.671520,9,"1;2;4;5;6;9;11;12;13"
Root_1417,1.350272,22.723360,9,"0;2;4;5;6;9;11;12;13"
Root_1418,117.982275,42.301120,8,"2;4;5;6;9;11;12;13"
Root_1419,0.000000,18.319680,9,"0;1;4;5;6;9;11;12;13"
Root_1420,83.433050,38.597440,8,"1;4;5;6;9;11;12;13"
Root_1421,1.350272,23.649280,8,"0;4;5;6;9;11;12;13"
Root_1422,116.660035,43.227040,7,"4;5;6;9;11;12;13"
Root_1423,0.000000,17.702400,10,"0;1;2;3;5;6;9;11;12;13"
Root_1424,83.587290,37.980160,9,"1;2;3;5;6;9;11;12;13"
Root_1425,0.000000,23.032000,9,"0;2;3;5;6;9;11;12;13"
Root_1426,120.142755,42.609760,8,"2;3;5;6;9;11;12;13"
Root_1427,0.000000,18.628320,9,"0;1;3;5;6;9;11;12;13"
Root_1428,82.265050,38.906080,8,"1;3;5;6;9;11;12;13"
Root_1429,0.000000,23.957920,8,"0;3;5;6;9;11;12;13"
Root_1430,118.820515,43.535680,7,"3;5;6;9;11;12;13"
Root_1431,0.000000,19.615968,9,"0;1;2;5;6;9;11;12;13"
Root_1432,87.321914,39.893728,8,"1;2;5;6;9;11;12;13"
Root_1433,2.025440,24.945568,8,"0;2;5;6;9;11;12;13"
Root_1434,123.203203,44.523328,7,"2;5;6;9;11;12;13"
Root_1435,0.000000,20.541888,8,"0;1;5;6;9;11;12;13"
Root_1436,85.999674,40.819648,7,"1;5;6;9;11;12;13"
Root_1437,2.951360,25.871488,7,"0;5;6;9;11;12;13"
Root_1438,123.256131,45.449248,6,"5;6;9;11;12;13"
Root_1439,0.000000,17.023392,10,"0;1;2;3;4;6;9;11;12;13"
Root_1440,89.841722,37.301152,9,"1;2;3;4;6;9;11;12;13"
Root_1441,1.124160,22.352992,9,"0;2;3;4;6;9;11;12;13"
Root_1442,122.508323,41.930752,8,"2;3;4;6;9;11;12;13"
Root_1443,0.000000,17.949312,9,"0;1;3;4;6;9;11;12;13"
Root_1444,87.593562,38.227072,8,"1;3;4;6;9;11;12;13"
Root_1445,1.124160,23.278912,8,"0;3;4;6;9;11;12;13"
Root_1446,120.260163,42.856672,7,"3;4;6;9;11;12;13"
Root_1447,0.000000,18.936960,9,"0;1;2;4;6;9;11;12;13"
Root_1448,92.341786,39.214720,8,"1;2;4;6;9;11;12;13"
Root_1449,4.580960,24.266560,8,"0;2;4;6;9;11;12;13"
Root_1450,123.284835,43.844320,7,"2;4;6;9;11;12;13"
Root_1451,0.000000,19.862880,8,"0;1;4;6;9;11;12;13"
Root_1452,90.093626,40.140640,7,"1;4;6;9;11;12;13"
Root_1453,5.503040,25.192480,7,"0;4;6;9;11;12;13"
Root_1454,121.962595,44.770240,6,"4;6;9;11;12;13"
Root_1455,0.000000,19.245600,9,"0;1;2;3;6;9;11;12;13"
Root_1456,92.408346,39.523360,8,"1;2;3;6;9;11;12;13"
Root_1457,1.428960,24.575200,8,"0;2;3;6;9;11;12;13"
Root_1458,125.136675,44.152960,7,"2;3;6;9;11;12;13"
Root_1459,0.000000,20.171520,8,"0;1;3;6;9;11;12;13"
Root_1460,91.086106,40.449280,7,"1;3;6;9;11;12;13"
Root_1461,2.354880,25.501120,7,"0;3;6;9;11;12;13"
Root_1462,123.893315,45.078880,6,"3;6;9;11;12;13"
Root_1463,0.000000,21.159168,8,"0;1;2;6;9;11;12;13"
Root_1464,95.036698,41.436928,7,"1;2;6;9;11;12;13"
Root_1465,7.580960,26.488768,7,"0;2;6;9;11;12;13"
Root_1466,128.893283,46.066528,6,"2;6;9;11;12;13"
Root_1467,0.000000,22.085088,7,"0;1;6;9;11;12;13"
Root_1468,94.640378,42.362848,6,"1;6;9;11;12;13"
Root_1469,7.580960,27.414688,6,"0;6;9;11;12;13"
Root_1470,129.422883,46.992448,5,"6;9;11;12;13"
Root_1471,0.000000,17.906102,10,"0;1;2;3;4;5;9;11;12;13"
Root_1472,94.033046,38.183862,9,"1;2;3;4;5;9;11;12;13"
Root_1473,3.772291,23.235702,9,"0;2;3;4;5;9;11;12;13"
Root_1474,125.958912,42.813462,8,"2;3;4;5;9;11;12;13"
Root_1475,0.000000,18.832022,9,"0;1;3;4;5;9;11;12;13"
Root_1476,91.784886,39.109782,8,"1;3;4;5;9;11;12;13"
Root_1477,3.772291,24.161622,8,"0;3;4;5;9;11;12;13"
Root_1478,123.710752,43.739382,7,"3;4;5;9;11;12;13"
Root_1479,0.000000,19.819670,9,"0;1;2;4;5;9;11;12;13"
Root_1480,95.650400,40.097430,8,"1;2;4;5;9;11;12;13"
Root_1481,7.922778,25.149270,8,"0;2;4;5;9;11;12;13"
Root_1482,127.105792,44.727030,7,"2;4;5;9;11;12;13"
Root_1483,0.000000,20.745590,8,"0;1;4;5;9;11;12;13"
Root_1484,93.425590,41.023350,7,"1;4;5;9;11;12;13"
Root_1485,8.848698,26.075190,7,"0;4;5;9;11;12;13"
Root_1486,126.436502,45.652950,6,"4;5;9;11;12;13"
Root_1487,0.000000,20.128310,9,"0;1;2;3;5;9;11;12;13"
Root_1488,96.908310,40.406070,8,"1;2;3;5;9;11;12;13"
Root_1489,5.073232,25.457910,8,"0;2;3;5;9;11;12;13"
Root_1490,129.301942,45.035670,7,"2;3;5;9;11;12;13"
Root_1491,0.000000,21.054230,8,"0;1;3;5;9;11;12;13"
Root_1492,95.586070,41.331990,7,"1;3;5;9;11;12;13"
Root_1493,5.885722,26.383830,7,"0;3;5;9;11;12;13"
Root_1494,128.905622,45.961590,6,"3;5;9;11;12;13"
Root_1495,0.000000,22.041878,8,"0;1;2;5;9;11;12;13"
Root_1496,99.536662,42.319638,7,"1;2;5;9;11;12;13"
Root_1497,9.397334,27.371478,7,"0;2;5;9;11;12;13"
Root_1498,134.275958,46.949238,6,"2;5;9;11;12;13"
Root_1499,0.000000,22.967798,7,"0;1;5;9;11;12;13"
Root_1500,99.140342,43.245558,6,"1;5;9;11;12;13"
Root_1501,9.397334,28.297398,6,"0;5;9;11;12;13"
Root_1502,135.680717,47.875158,5,"5;9;11;12;13"
Root_1503,0.000000,19.449302,9,"0;1;2;3;4;9;11;12;13"
Root_1504,101.107200,39.727062,8,"1;2;3;4;9;11;12;13"
Root_1505,9.371750,24.778902,8,"0;2;3;4;9;11;12;13"
Root_1506,129.205930,44.356662,7,"2;3;4;9;11;12;13"
Root_1507,0.000000,20.375222,8,"0;1;3;4;9;11;12;13"
Root_1508,98.859040,40.652982,7,"1;3;4;9;11;12;13"
Root_1509,10.297670,25.704822,7,"0;3;4;9;11;12;13"
Root_1510,127.240352,45.282582,6,"3;4;9;11;12;13"
Root_1511,0.000000,21.362870,8,"0;1;2;4;9;11;12;13"
Root_1512,101.821984,41.640630,7,"1;2;4;9;11;12;13"
Root_1513,12.105571,26.692470,7,"0;2;4;9;11;12;13"
Root_1514,131.252672,46.270230,6,"2;4;9;11;12;13"
Root_1515,0.000000,22.288790,7,"0;1;4;9;11;12;13"
Root_1516,100.499744,42.566550,6,"1;4;9;11;12;13"
Root_1517,12.105571,27.618390,6,"0;4;9;11;12;13"
Root_1518,131.052502,47.196150,5,"4;9;11;12;13"
Root_1519,0.000000,21.671510,8,"0;1;2;3;9;11;12;13"
Root_1520,103.673824,41.949270,7,"1;2;3;9;11;12;13"
Root_1521,11.794637,27.001110,7,"0;2;3;9;11;12;13"
Root_1522,133.413152,46.578870,6,"2;3;9;11;12;13"
Root_1523,0.000000,22.597430,7,"0;1;3;9;11;12;13"
Root_1524,102.351584,42.875190,6,"1;3;9;11;12;13"
Root_1525,11.794637,27.927030,6,"0;3;9;11;12;13"
Root_1526,133.521622,47.504790,5,"3;9;11;12;13"
Root_1527,0.000000,23.585078,7,"0;1;2;9;11;12;13"
Root_1528,106.363904,43.862838,6,"1;2;9;11;12;13"
Root_1529,12.105571,28.914678,6,"0;2;9;11;12;13"
Root_1530,140.494115,48.492438,5,"2;9;11;12;13"
Root_1531,0.240598,24.510998,6,"0;1;9;11;12;13"
Root_1532,105.967584,44.788758,5,"1;9;11;12;13"
Root_1533,12.105571,29.840598,5,"0;9;11;12;13"
Root_1534,143.801475,49.418358,4,"9;11;12;13"
Root_1535,0.000000,10.418496,12,"0;1;2;3;4;5;6;7;8;11;12;13"
Root_1536,55.912730,30.696256,11,"1;2;3;4;5;6;7;8;11;12;13"
Root_1537,0.000000,15.748096,11,"0;2;3;4;5;6;7;8;11;12;13"
Root_1538,77.153050,35.325856,10,"2;3;4;5;6;7;8;11;12;13"
Root_1539,0.000000,11.344416,11,"0;1;3;4;5;6;7;8;11;12;13"
Root_1540,55.190554,31.622176,10,"1;3;4;5;6;7;8;11;12;13"
Root_1541,0.000000,16.674016,10,"0;3;4;5;6;7;8;11;12;13"
Root_1542,73.304826,36.251776,9,"3;4;5;6;7;8;11;12;13"
Root_1543,0.000000,12.332064,11,"0;1;2;4;5;6;7;8;11;12;13"
Root_1544,59.739866,32.609824,10,"1;2;4;5;6;7;8;11;12;13"
Root_1545,0.000000,17.661664,10,"0;2;4;5;6;7;8;11;12;13"
Root_1546,79.280122,37.239424,9,"2;4;5;6;7;8;11;12;13"
Root_1547,0.000000,13.257984,10,"0;1;4;5;6;7;8;11;12;13"
Root_1548,57.104122,33.535744,9,"1;4;5;6;7;8;11;12;13"
Root_1549,0.000000,18.587584,9,"0;4;5;6;7;8;11;12;13"
Root_1550,77.031962,38.165344,8,"4;5;6;7;8;11;12;13"
Root_1551,0.000000,12.640704,11,"0;1;2;3;5;6;7;8;11;12;13"
Root_1552,56.190554,32.918464,10,"1;2;3;5;6;7;8;11;12;13"
Root_1553,0.000000,17.970304,10,"0;2;3;5;6;7;8;11;12;13"
Root_1554,76.754106,37.548064,9,"2;3;5;6;7;8;11;12;13"
Root_1555,0.000000,13.566624,10,"0;1;3;5;6;7;8;11;12;13"
Root_1556,53.246170,33.844384,9,"1;3;5;6;7;8;11;12;13"
Root_1557,0.000000,18.896224,9,"0;3;5;6;7;8;11;12;13"
Root_1558,75.431866,38.473984,8,"3;5;6;7;8;11;12;13"
Root_1559,0.000000,14.554272,10,"0;1;2;5;6;7;8;11;12;13"
Root_1560,58.104122,34.832032,9,"1;2;5;6;7;8;11;12;13"
Root_1561,0.000000,19.883872,9,"0;2;5;6;7;8;11;12;13"
Root_1562,81.382458,39.461632,8,"2;5;6;7;8;11;12;13"
Root_1563,0.000000,15.480192,9,"0;1;5;6;7;8;11;12;13"
Root_1564,54.004122,35.757952,8,"1;5;6;7;8;11;12;13"
Root_1565,0.000000,20.809792,8,"0;5;6;7;8;11;12;13"
Root_1566,80.986138,40.387552,7,"5;6;7;8;11;12;13"
Root_1567,0.000000,11.961696,11,"0;1;2;3;4;6;7;8;11;12;13"
Root_1568,59.400282,32.239456,10,"1;2;3;4;6;7;8;11;12;13"
Root_1569,0.000000,17.291296,10,"0;2;3;4;6;7;8;11;12;13"
Root_1570,83.886266,36.869056,9,"2;3;4;6;7;8;11;12;13"
Root_1571,0.000000,12.887616,10,"0;1;3;4;6;7;8;11;12;13"
Root_1572,57.134906,33.165376,9,"1;3;4;6;7;8;11;12;13"
Root_1573,0.000000,18.217216,9,"0;3;4;6;7;8;11;12;13"
Root_1574,81.507162,37.794976,8,"3;4;6;7;8;11;12;13"
Root_1575,0.000000,13.875264,10,"0;1;2;4;6;7;8;11;12;13"
Root_1576,62.826266,34.153024,9,"1;2;4;6;7;8;11;12;13"
Root_1577,0.000000,19.204864,9,"0;2;4;6;7;8;11;12;13"
Root_1578,86.687482,38.782624,8,"2;4;6;7;8;11;12;13"
Root_1579,0.000000,14.801184,9,"0;1;4;6;7;8;11;12;13"
Root_1580,58.726266,35.078944,8,"1;4;6;7;8;11;12;13"
Root_1581,0.000000,20.130784,8,"0;4;6;7;8;11;12;13"
Root_1582,85.147866,39.708544,7,"4;6;7;8;11;12;13"
Root_1583,0.000000,14.183904,10,"0;1;2;3;6;7;8;11;12;13"
Root_1584,58.134906,34.461664,9,"1;2;3;6;7;8;11;12;13"
Root_1585,0.000000,19.513504,9,"0;2;3;6;7;8;11;12;13"
Root_1586,86.104570,39.091264,8,"2;3;6;7;8;11;12;13"
Root_1587,0.000000,15.109824,9,"0;1;3;6;7;8;11;12;13"
Root_1588,54.034906,35.387584,8,"1;3;6;7;8;11;12;13"
Root_1589,0.000000,20.439424,8,"0;3;6;7;8;11;12;13"
Root_1590,85.708250,40.017184,7,"3;6;7;8;11;12;13"
Root_1591,0.000000,16.097472,9,"0;1;2;6;7;8;11;12;13"
Root_1592,60.397786,36.375232,8,"1;2;6;7;8;11;12;13"
Root_1593,0.000000,21.427072,8,"0;2;6;7;8;11;12;13"
Root_1594,90.646490,41.004832,7,"2;6;7;8;11;12;13"
Root_1595,0.000000,17.023392,8,"0;1;6;7;8;11;12;13"
Root_1596,58.450778,37.301152,7,"1;6;7;8;11;12;13"
Root_1597,0.000000,22.352992,7,"0;6;7;8;11;12;13"
Root_1598,91.176090,41.930752,6,"6;7;8;11;12;13"
Root_1599,0.000000,12.844406,11,"0;1;2;3;4;5;7;8;11;12;13"
Root_1600,62.048413,33.122166,10,"1;2;3;4;5;7;8;11;12;13"
Root_1601,0.000000,18.174006,10,"0;2;3;4;5;7;8;11;12;13"
Root_1602,87.576278,37.751766,9,"2;3;4;5;7;8;11;12;13"
Root_1603,0.000000,13.770326,10,"0;1;3;4;5;7;8;11;12;13"
Root_1604,58.900326,34.048086,9,"1;3;4;5;7;8;11;12;13"
Root_1605,0.000000,19.099926,9,"0;3;4;5;7;8;11;12;13"
Root_1606,85.328118,38.677686,8,"3;4;5;7;8;11;12;13"
Root_1607,0.000000,14.757974,10,"0;1;2;4;5;7;8;11;12;13"
Root_1608,64.591686,35.035734,9,"1;2;4;5;7;8;11;12;13"
Root_1609,0.000000,20.087574,9,"0;2;4;5;7;8;11;12;13"
Root_1610,90.291062,39.665334,8,"2;4;5;7;8;11;12;13"
Root_1611,0.000000,15.683894,9,"0;1;4;5;7;8;11;12;13"
Root_1612,60.491686,35.961654,8,"1;4;5;7;8;11;12;13"
Root_1613,0.000000,21.013494,8,"0;4;5;7;8;11;12;13"
Root_1614,88.968822,40.591254,7,"4;5;7;8;11;12;13"
Root_1615,0.000000,15.066614,10,"0;1;2;3;5;7;8;11;12;13"
Root_1616,59.900326,35.344374,9,"1;2;3;5;7;8;11;12;13"
Root_1617,0.000000,20.396214,9,"0;2;3;5;7;8;11;12;13"
Root_1618,91.425517,39.973974,8,"2;3;5;7;8;11;12;13"
Root_1619,0.000000,15.992534,9,"0;1;3;5;7;8;11;12;13"
Root_1620,56.340915,36.270294,8,"1;3;5;7;8;11;12;13"
Root_1621,0.000000,21.322134,8,"0;3;5;7;8;11;12;13"
Root_1622,91.029197,40.899894,7,"3;5;7;8;11;12;13"
Root_1623,0.000000,16.980182,9,"0;1;2;5;7;8;11;12;13"
Root_1624,63.303859,37.257942,8,"1;2;5;7;8;11;12;13"
Root_1625,0.000000,22.309782,8,"0;2;5;7;8;11;12;13"
Root_1626,95.967437,41.887542,7,"2;5;7;8;11;12;13"
Root_1627,0.000000,17.906102,8,"0;1;5;7;8;11;12;13"
Root_1628,61.981619,38.183862,7,"1;5;7;8;11;12;13"
Root_1629,0.000000,23.235702,7,"0;5;7;8;11;12;13"
Root_1630,96.497037,42.813462,6,"5;7;8;11;12;13"
Root_1631,0.000000,14.387606,10,"0;1;2;3;4;7;8;11;12;13"
Root_1632,67.110003,34.665366,9,"1;2;3;4;7;8;11;12;13"
Root_1633,0.000000,19.717206,9,"0;2;3;4;7;8;11;12;13"
Root_1634,95.377494,39.294966,8,"2;3;4;7;8;11;12;13"
Root_1635,0.000000,15.313526,9,"0;1;3;4;7;8;11;12;13"
Root_1636,63.010003,35.591286,8,"1;3;4;7;8;11;12;13"
Root_1637,0.000000,20.643126,8,"0;3;4;7;8;11;12;13"
Root_1638,94.055254,40.220886,7,"3;4;7;8;11;12;13"
Root_1639,0.000000,16.301174,9,"0;1;2;4;7;8;11;12;13"
Root_1640,68.997651,36.578934,8,"1;2;4;7;8;11;12;13"
Root_1641,0.000000,21.630774,8,"0;2;4;7;8;11;12;13"
Root_1642,98.005846,41.208534,7,"2;4;7;8;11;12;13"
Root_1643,0.000000,17.227094,8,"0;1;4;7;8;11;12;13"
Root_1644,66.328426,37.504854,7,"1;4;7;8;11;12;13"
Root_1645,0.000000,22.556694,7,"0;4;7;8;11;12;13"
Root_1646,97.609526,42.134454,6,"4;7;8;11;12;13"
Root_1647,0.000000,16.609814,9,"0;1;2;3;7;8;11;12;13"
Root_1648,65.502506,36.887574,8,"1;2;3;7;8;11;12;13"
Root_1649,0.000000,21.939414,8,"0;2;3;7;8;11;12;13"
Root_1650,100.166326,41.517174,7,"2;3;7;8;11;12;13"
Root_1651,0.000000,17.535734,8,"0;1;3;7;8;11;12;13"
Root_1652,64.067840,37.813494,7,"1;3;7;8;11;12;13"
Root_1653,0.000000,22.865334,7,"0;3;7;8;11;12;13"
Root_1654,99.770006,42.443094,6,"3;7;8;11;12;13"
Root_1655,0.000000,18.523382,8,"0;1;2;7;8;11;12;13"
Root_1656,70.217290,38.801142,7,"1;2;7;8;11;12;13"
Root_1657,0.000000,23.852982,7,"0;2;7;8;11;12;13"
Root_1658,104.769974,43.430742,6,"2;7;8;11;12;13"
Root_1659,0.000000,19.449302,7,"0;1;7;8;11;12;13"
Root_1660,69.622112,39.727062,6,"1;7;8;11;12;13"
Root_1661,0.508502,24.778902,6,"0;7;8;11;12;13"
Root_1662,105.299574,44.356662,5,"7;8;11;12;13"
Root_1663,0.000000,13.443168,11,"0;1;2;3;4;5;6;8;11;12;13"
Root_1664,64.832102,33.720928,10,"1;2;3;4;5;6;8;11;12;13"
Root_1665,0.000000,18.772768,10,"0;2;3;4;5;6;8;11;12;13"
Root_1666,93.366371,38.350528,9,"2;3;4;5;6;8;11;12;13"
Root_1667,0.000000,14.369088,10,"0;1;3;4;5;6;8;11;12;13"
Root_1668,61.085254,34.646848,9,"1;3;4;5;6;8;11;12;13"
Root_1669,0.000000,19.698688,9,"0;3;4;5;6;8;11;12;13"
Root_1670,91.394659,39.276448,8,"3;4;5;6;8;11;12;13"
Root_1671,0.000000,15.356736,10,"0;1;2;4;5;6;8;11;12;13"
Root_1672,66.776614,35.634496,9,"1;2;4;5;6;8;11;12;13"
Root_1673,0.000000,20.686336,9,"0;2;4;5;6;8;11;12;13"
Root_1674,96.081155,40.264096,8,"2;4;5;6;8;11;12;13"
Root_1675,0.000000,16.282656,9,"0;1;4;5;6;8;11;12;13"
Root_1676,63.237030,36.560416,8,"1;4;5;6;8;11;12;13"
Root_1677,0.000000,21.612256,8,"0;4;5;6;8;11;12;13"
Root_1678,94.948931,41.190016,7,"4;5;6;8;11;12;13"
Root_1679,0.000000,15.665376,10,"0;1;2;3;5;6;8;11;12;13"
Root_1680,62.085254,35.943136,9,"1;2;3;5;6;8;11;12;13"
Root_1681,0.000000,20.994976,9,"0;2;3;5;6;8;11;12;13"
Root_1682,97.814371,40.572736,8,"2;3;5;6;8;11;12;13"
Root_1683,0.000000,16.591296,9,"0;1;3;5;6;8;11;12;13"
Root_1684,59.723366,36.869056,8,"1;3;5;6;8;11;12;13"
Root_1685,0.000000,21.920896,8,"0;3;5;6;8;11;12;13"
Root_1686,97.418051,41.498656,7,"3;5;6;8;11;12;13"
Root_1687,0.000000,17.578944,9,"0;1;2;5;6;8;11;12;13"
Root_1688,66.686310,37.856704,8,"1;2;5;6;8;11;12;13"
Root_1689,0.000000,22.908544,8,"0;2;5;6;8;11;12;13"
Root_1690,102.356291,42.486304,7,"2;5;6;8;11;12;13"
Root_1691,0.000000,18.504864,8,"0;1;5;6;8;11;12;13"
Root_1692,65.364070,38.782624,7,"1;5;6;8;11;12;13"
Root_1693,0.000000,23.834464,7,"0;5;6;8;11;12;13"
Root_1694,102.885891,43.412224,6,"5;6;8;11;12;13"
Root_1695,0.000000,14.986368,10,"0;1;2;3;4;6;8;11;12;13"
Root_1696,70.696282,35.264128,9,"1;2;3;4;6;8;11;12;13"
Root_1697,0.000000,20.315968,9,"0;2;3;4;6;8;11;12;13"
Root_1698,101.167587,39.893728,8,"2;3;4;6;8;11;12;13"
Root_1699,0.000000,15.912288,9,"0;1;3;4;6;8;11;12;13"
Root_1700,66.786330,36.190048,8,"1;3;4;6;8;11;12;13"
Root_1701,0.000000,21.241888,8,"0;3;4;6;8;11;12;13"
Root_1702,99.845347,40.819648,7,"3;4;6;8;11;12;13"
Root_1703,0.000000,16.899936,9,"0;1;2;4;6;8;11;12;13"
Root_1704,72.761626,37.177696,8,"1;2;4;6;8;11;12;13"
Root_1705,0.000000,22.229536,8,"0;2;4;6;8;11;12;13"
Root_1706,103.795939,41.807296,7,"2;4;6;8;11;12;13"
Root_1707,0.000000,17.825856,8,"0;1;4;6;8;11;12;13"
Root_1708,70.513466,38.103616,7,"1;4;6;8;11;12;13"
Root_1709,0.000000,23.155456,7,"0;4;6;8;11;12;13"
Root_1710,103.399619,42.733216,6,"4;6;8;11;12;13"
Root_1711,0.000000,17.208576,9,"0;1;2;3;6;8;11;12;13"
Root_1712,70.173882,37.486336,8,"1;2;3;6;8;11;12;13"
Root_1713,0.000000,22.538176,8,"0;2;3;6;8;11;12;13"
Root_1714,105.956419,42.115936,7,"2;3;6;8;11;12;13"
Root_1715,0.000000,18.134496,8,"0;1;3;6;8;11;12;13"
Root_1716,68.851642,38.412256,7,"1;3;6;8;11;12;13"
Root_1717,0.000000,23.464096,7,"0;3;6;8;11;12;13"
Root_1718,105.560099,43.041856,6,"3;6;8;11;12;13"
Root_1719,0.000000,19.122144,8,"0;1;2;6;8;11;12;13"
Root_1720,74.802234,39.399904,7,"1;2;6;8;11;12;13"
Root_1721,0.181344,24.451744,7,"0;2;6;8;11;12;13"
Root_1722,110.560067,44.029504,6,"2;6;8;11;12;13"
Root_1723,0.000000,20.048064,7,"0;1;6;8;11;12;13"
Root_1724,74.405914,40.325824,6,"1;6;8;11;12;13"
Root_1725,1.107264,25.377664,6,"0;6;8;11;12;13"
Root_1726,111.089667,44.955424,5,"6;8;11;12;13"
Root_1727,0.000000,15.869078,10,"0;1;2;3;4;5;8;11;12;13"
Root_1728,73.639498,36.146838,9,"1;2;3;4;5;8;11;12;13"
Root_1729,0.000000,21.198678,9,"0;2;3;4;5;8;11;12;13"
Root_1730,105.871254,40.776438,8,"2;3;4;5;8;11;12;13"
Root_1731,0.000000,16.794998,9,"0;1;3;4;5;8;11;12;13"
Root_1732,70.538176,37.072758,8,"1;3;4;5;8;11;12;13"
Root_1733,0.000000,22.124598,8,"0;3;4;5;8;11;12;13"
Root_1734,104.549014,41.702358,7,"3;4;5;8;11;12;13"
Root_1735,0.000000,17.782646,9,"0;1;2;4;5;8;11;12;13"
Root_1736,76.440714,38.060406,8,"1;2;4;5;8;11;12;13"
Root_1737,0.767734,23.112246,8,"0;2;4;5;8;11;12;13"
Root_1738,108.499606,42.690006,7,"2;4;5;8;11;12;13"
Root_1739,0.000000,18.708566,8,"0;1;4;5;8;11;12;13"
Root_1740,74.192554,38.986326,7,"1;4;5;8;11;12;13"
Root_1741,0.767734,24.038166,7,"0;4;5;8;11;12;13"
Root_1742,108.103286,43.615926,6,"4;5;8;11;12;13"
Root_1743,0.000000,18.091286,9,"0;1;2;3;5;8;11;12;13"
Root_1744,75.044214,38.369046,8,"1;2;3;5;8;11;12;13"
Root_1745,0.000000,23.420886,8,"0;2;3;5;8;11;12;13"
Root_1746,110.968726,42.998646,7,"2;3;5;8;11;12;13"
Root_1747,0.000000,19.017206,8,"0;1;3;5;8;11;12;13"
Root_1748,74.016941,39.294966,7,"1;3;5;8;11;12;13"
Root_1749,0.076406,24.346806,7,"0;3;5;8;11;12;13"
Root_1750,110.572406,43.924566,6,"3;5;8;11;12;13"
Root_1751,0.000000,20.004854,8,"0;1;2;5;8;11;12;13"
Root_1752,79.672566,40.282614,7,"1;2;5;8;11;12;13"
Root_1753,1.831789,25.334454,7,"0;2;5;8;11;12;13"
Root_1754,115.942742,44.912214,6,"2;5;8;11;12;13"
Root_1755,0.000000,20.930774,7,"0;1;5;8;11;12;13"
Root_1756,79.484781,41.208534,6,"1;5;8;11;12;13"
Root_1757,2.757709,26.260374,6,"0;5;8;11;12;13"
Root_1758,116.472342,45.838134,5,"5;8;11;12;13"
Root_1759,0.000000,17.412278,9,"0;1;2;3;4;8;11;12;13"
Root_1760,80.909760,37.690038,8,"1;2;3;4;8;11;12;13"
Root_1761,1.251469,22.741878,8,"0;2;3;4;8;11;12;13"
Root_1762,112.266400,42.319638,7,"2;3;4;8;11;12;13"
Root_1763,0.000000,18.338198,8,"0;1;3;4;8;11;12;13"
Root_1764,78.661600,38.615958,7,"1;3;4;8;11;12;13"
Root_1765,1.251469,23.667798,7,"0;3;4;8;11;12;13"
Root_1766,110.944160,43.245558,6,"3;4;8;11;12;13"
Root_1767,0.000000,19.325846,8,"0;1;2;4;8;11;12;13"
Root_1768,83.624544,39.603606,7,"1;2;4;8;11;12;13"
Root_1769,4.083258,24.655446,7,"0;2;4;8;11;12;13"
Root_1770,114.956480,44.233206,6,"2;4;8;11;12;13"
Root_1771,0.000000,20.251766,7,"0;1;4;8;11;12;13"
Root_1772,82.302304,40.529526,6,"1;4;8;11;12;13"
Root_1773,5.009178,25.581366,6,"0;4;8;11;12;13"
Root_1774,114.560160,45.159126,5,"4;8;11;12;13"
Root_1775,0.000000,19.634486,8,"0;1;2;3;8;11;12;13"
Root_1776,84.388630,39.912246,7,"1;2;3;8;11;12;13"
Root_1777,1.945155,24.964086,7,"0;2;3;8;11;12;13"
Root_1778,117.116960,44.541846,6,"2;3;8;11;12;13"
Root_1779,0.000000,20.560406,7,"0;1;3;8;11;12;13"
Root_1780,83.992310,40.838166,6,"1;3;8;11;12;13"
Root_1781,2.871075,25.890006,6,"0;3;8;11;12;13"
Root_1782,116.720640,45.467766,5,"3;8;11;12;13"
Root_1783,0.000000,21.548054,7,"0;1;2;8;11;12;13"
Root_1784,88.930550,41.825814,6,"1;2;8;11;12;13"
Root_1785,6.698211,26.877654,6,"0;2;8;11;12;13"
Root_1786,121.720608,46.455414,5,"2;8;11;12;13"
Root_1787,0.000000,22.473974,6,"0;1;8;11;12;13"
Root_1788,89.460150,42.751734,5,"1;8;11;12;13"
Root_1789,6.698211,27.803574,5,"0;8;11;12;13"
Root_1790,122.631542,47.381334,4,"8;11;12;13"
Root_1791,0.000000,15.048096,11,"0;1;2;3;4;5;6;7;11;12;13"
Root_1792,71.153050,35.325856,10,"1;2;3;4;5;6;7;11;12;13"
Root_1793,0.000000,20.377696,10,"0;2;3;4;5;6;7;11;12;13"
Root_1794,105.334083,39.955456,9,"2;3;4;5;6;7;11;12;13"
Root_1795,0.000000,15.974016,10,"0;1;3;4;5;6;7;11;12;13"
Root_1796,67.304826,36.251776,9,"1;3;4;5;6;7;11;12;13"
Root_1797,0.000000,21.303616,9,"0;3;4;5;6;7;11;12;13"
Root_1798,104.011843,40.881376,8,"3;4;5;6;7;11;12;13"
Root_1799,0.000000,16.961664,10,"0;1;2;4;5;6;7;11;12;13"
Root_1800,73.280122,37.239424,9,"1;2;4;5;6;7;11;12;13"
Root_1801,0.000000,22.291264,9,"0;2;4;5;6;7;11;12;13"
Root_1802,107.962435,41.869024,8,"2;4;5;6;7;11;12;13"
Root_1803,0.000000,17.887584,9,"0;1;4;5;6;7;11;12;13"
Root_1804,71.031962,38.165344,8,"1;4;5;6;7;11;12;13"
Root_1805,0.000000,23.217184,8,"0;4;5;6;7;11;12;13"
Root_1806,107.566115,42.794944,7,"4;5;6;7;11;12;13"
Root_1807,0.000000,17.270304,10,"0;1;2;3;5;6;7;11;12;13"
Root_1808,70.754106,37.548064,9,"1;2;3;5;6;7;11;12;13"
Root_1809,0.000000,22.599904,9,"0;2;3;5;6;7;11;12;13"
Root_1810,110.431555,42.177664,8,"2;3;5;6;7;11;12;13"
Root_1811,0.000000,18.196224,9,"0;1;3;5;6;7;11;12;13"
Root_1812,69.431866,38.473984,8,"1;3;5;6;7;11;12;13"
Root_1813,0.000000,23.525824,8,"0;3;5;6;7;11;12;13"
Root_1814,110.035235,43.103584,7,"3;5;6;7;11;12;13"
Root_1815,0.000000,19.183872,9,"0;1;2;5;6;7;11;12;13"
Root_1816,75.382458,39.461632,8,"1;2;5;6;7;11;12;13"
Root_1817,0.243072,24.513472,8,"0;2;5;6;7;11;12;13"
Root_1818,115.405571,44.091232,7,"2;5;6;7;11;12;13"
Root_1819,0.000000,20.109792,8,"0;1;5;6;7;11;12;13"
Root_1820,74.986138,40.387552,7,"1;5;6;7;11;12;13"
Root_1821,1.168992,25.439392,7,"0;5;6;7;11;12;13"
Root_1822,115.952323,45.017152,6,"5;6;7;11;12;13"
Root_1823,0.000000,16.591296,10,"0;1;2;3;4;6;7;11;12;13"
Root_1824,77.886266,36.869056,9,"1;2;3;4;6;7;11;12;13"
Root_1825,0.000000,21.920896,9,"0;2;3;4;6;7;11;12;13"
Root_1826,112.550211,41.498656,8,"2;3;4;6;7;11;12;13"
Root_1827,0.000000,17.517216,9,"0;1;3;4;6;7;11;12;13"
Root_1828,75.507162,37.794976,8,"1;3;4;6;7;11;12;13"
Root_1829,0.000000,22.846816,8,"0;3;4;6;7;11;12;13"
Root_1830,111.227971,42.424576,7,"3;4;6;7;11;12;13"
Root_1831,0.000000,18.504864,9,"0;1;2;4;6;7;11;12;13"
Root_1832,80.687482,38.782624,8,"1;2;4;6;7;11;12;13"
Root_1833,1.489952,23.834464,8,"0;2;4;6;7;11;12;13"
Root_1834,115.240291,43.412224,7,"2;4;6;7;11;12;13"
Root_1835,0.000000,19.430784,8,"0;1;4;6;7;11;12;13"
Root_1836,79.147866,39.708544,7,"1;4;6;7;11;12;13"
Root_1837,1.979936,24.760384,7,"0;4;6;7;11;12;13"
Root_1838,114.843971,44.338144,6,"4;6;7;11;12;13"
Root_1839,0.000000,18.813504,9,"0;1;2;3;6;7;11;12;13"
Root_1840,80.104570,39.091264,8,"1;2;3;6;7;11;12;13"
Root_1841,0.000000,24.143104,8,"0;2;3;6;7;11;12;13"
Root_1842,117.400771,43.720864,7,"2;3;6;7;11;12;13"
Root_1843,0.000000,19.739424,8,"0;1;3;6;7;11;12;13"
Root_1844,79.708250,40.017184,7,"1;3;6;7;11;12;13"
Root_1845,0.798624,25.069024,7,"0;3;6;7;11;12;13"
Root_1846,117.004451,44.646784,6,"3;6;7;11;12;13"
Root_1847,0.000000,20.727072,8,"0;1;2;6;7;11;12;13"
Root_1848,84.646490,41.004832,7,"1;2;6;7;11;12;13"
Root_1849,3.988416,26.056672,7,"0;2;6;7;11;12;13"
Root_1850,122.638851,45.634432,6,"2;6;7;11;12;13"
Root_1851,0.000000,21.652992,7,"0;1;6;7;11;12;13"
Root_1852,85.176090,41.930752,6,"1;6;7;11;12;13"
Root_1853,4.202144,26.982592,6,"0;6;7;11;12;13"
Root_1854,124.094371,46.560352,5,"6;7;11;12;13"
Root_1855,0.000000,17.474006,10,"0;1;2;3;4;5;7;11;12;13"
Root_1856,81.576278,37.751766,9,"1;2;3;4;5;7;11;12;13"
Root_1857,0.459094,22.803606,9,"0;2;3;4;5;7;11;12;13"
Root_1858,116.883510,42.381366,8,"2;3;4;5;7;11;12;13"
Root_1859,0.000000,18.399926,9,"0;1;3;4;5;7;11;12;13"
Root_1860,79.328118,38.677686,8,"1;3;4;5;7;11;12;13"
Root_1861,0.459094,23.729526,8,"0;3;4;5;7;11;12;13"
Root_1862,115.561270,43.307286,7,"3;4;5;7;11;12;13"
Root_1863,0.000000,19.387574,9,"0;1;2;4;5;7;11;12;13"
Root_1864,84.291062,39.665334,8,"1;2;4;5;7;11;12;13"
Root_1865,3.414339,24.717174,8,"0;2;4;5;7;11;12;13"
Root_1866,119.943958,44.294934,7,"2;4;5;7;11;12;13"
Root_1867,0.000000,20.313494,8,"0;1;4;5;7;11;12;13"
Root_1868,82.968822,40.591254,7,"1;4;5;7;11;12;13"
Root_1869,4.340259,25.643094,7,"0;4;5;7;11;12;13"
Root_1870,119.768493,45.220854,6,"4;5;7;11;12;13"
Root_1871,0.000000,19.696214,9,"0;1;2;3;5;7;11;12;13"
Root_1872,85.425517,39.973974,8,"1;2;3;5;7;11;12;13"
Root_1873,1.214509,25.025814,8,"0;2;3;5;7;11;12;13"
Root_1874,122.413078,44.603574,7,"2;3;5;7;11;12;13"
Root_1875,0.000000,20.622134,8,"0;1;3;5;7;11;12;13"
Root_1876,85.029197,40.899894,7,"1;3;5;7;11;12;13"
Root_1877,2.140429,25.951734,7,"0;3;5;7;11;12;13"
Root_1878,122.546253,45.529494,6,"3;5;7;11;12;13"
Root_1879,0.000000,21.609782,8,"0;1;2;5;7;11;12;13"
Root_1880,89.967437,41.887542,7,"1;2;5;7;11;12;13"
Root_1881,5.967565,26.939382,7,"0;2;5;7;11;12;13"
Root_1882,128.904237,46.517142,6,"2;5;7;11;12;13"
Root_1883,0.000000,22.535702,7,"0;1;5;7;11;12;13"
Root_1884,90.497037,42.813462,6,"1;5;7;11;12;13"
Root_1885,5.967565,27.865302,6,"0;5;7;11;12;13"
Root_1886,130.802819,47.443062,5,"5;7;11;12;13"
Root_1887,0.000000,19.017206,9,"0;1;2;3;4;7;11;12;13"
Root_1888,89.377494,39.294966,8,"1;2;3;4;7;11;12;13"
Root_1889,2.303235,24.346806,8,"0;2;3;4;7;11;12;13"
Root_1890,122.105824,43.924566,7,"2;3;4;7;11;12;13"
Root_1891,0.000000,19.943126,8,"0;1;3;4;7;11;12;13"
Root_1892,88.055254,40.220886,7,"1;3;4;7;11;12;13"
Root_1893,3.229155,25.272726,7,"0;3;4;7;11;12;13"
Root_1894,120.783584,44.850486,6,"3;4;7;11;12;13"
Root_1895,0.000000,20.930774,8,"0;1;2;4;7;11;12;13"
Root_1896,92.005846,41.208534,7,"1;2;4;7;11;12;13"
Root_1897,7.915862,26.260374,7,"0;2;4;7;11;12;13"
Root_1898,125.634038,45.838134,6,"2;4;7;11;12;13"
Root_1899,0.000000,21.856694,7,"0;1;4;7;11;12;13"
Root_1900,91.609526,42.134454,6,"1;4;7;11;12;13"
Root_1901,7.915862,27.186294,6,"0;4;7;11;12;13"
Root_1902,126.163638,46.764054,5,"4;7;11;12;13"
Root_1903,0.000000,21.239414,8,"0;1;2;3;7;11;12;13"
Root_1904,94.166326,41.517174,7,"1;2;3;7;11;12;13"
Root_1905,5.226829,26.569014,7,"0;2;3;7;11;12;13"
Root_1906,128.103158,46.146774,6,"2;3;7;11;12;13"
Root_1907,0.000000,22.165334,7,"0;1;3;7;11;12;13"
Root_1908,93.770006,42.443094,6,"1;3;7;11;12;13"
Root_1909,5.226829,27.494934,6,"0;3;7;11;12;13"
Root_1910,128.705453,47.072694,5,"3;7;11;12;13"
Root_1911,0.000000,23.152982,7,"0;1;2;7;11;12;13"
Root_1912,98.769974,43.430742,6,"1;2;7;11;12;13"
Root_1913,7.915862,28.482582,6,"0;2;7;11;12;13"
Root_1914,135.741059,48.060342,5,"2;7;11;12;13"
Root_1915,0.000000,24.078902,6,"0;1;7;11;12;13"
Root_1916,99.299574,44.356662,5,"1;7;11;12;13"
Root_1917,7.915862,29.408502,5,"0;7;11;12;13"
Root_1918,139.048419,48.986262,4,"7;11;12;13"
Root_1919,0.000000,18.072768,10,"0;1;2;3;4;5;6;11;12;13"
Root_1920,87.366371,38.350528,9,"1;2;3;4;5;6;11;12;13"
Root_1921,1.057856,23.402368,9,"0;2;3;4;5;6;11;12;13"
Root_1922,123.272365,42.980128,8,"2;3;4;5;6;11;12;13"
Root_1923,0.000000,18.998688,9,"0;1;3;4;5;6;11;12;13"
Root_1924,85.394659,39.276448,8,"1;3;4;5;6;11;12;13"
Root_1925,1.115744,24.328288,8,"0;3;4;5;6;11;12;13"
Root_1926,121.950125,43.906048,7,"3;4;5;6;11;12;13"
Root_1927,0.000000,19.986336,9,"0;1;2;4;5;6;11;12;13"
Root_1928,90.081155,40.264096,8,"1;2;4;5;6;11;12;13"
Root_1929,5.210624,25.315936,8,"0;2;4;5;6;11;12;13"
Root_1930,126.332813,44.893696,7,"2;4;5;6;11;12;13"
Root_1931,0.000000,20.912256,8,"0;1;4;5;6;11;12;13"
Root_1932,88.948931,41.190016,7,"1;4;5;6;11;12;13"
Root_1933,6.136544,26.241856,7,"0;4;5;6;11;12;13"
Root_1934,126.756109,45.819616,6,"4;5;6;11;12;13"
Root_1935,0.000000,20.294976,9,"0;1;2;3;5;6;11;12;13"
Root_1936,91.814371,40.572736,8,"1;2;3;5;6;11;12;13"
Root_1937,2.692128,25.624576,8,"0;2;3;5;6;11;12;13"
Root_1938,129.004269,45.202336,7,"2;3;5;6;11;12;13"
Root_1939,0.000000,21.220896,8,"0;1;3;5;6;11;12;13"
Root_1940,91.418051,41.498656,7,"1;3;5;6;11;12;13"
Root_1941,3.337952,26.550496,7,"0;3;5;6;11;12;13"
Root_1942,129.533869,46.128256,6,"3;5;6;11;12;13"
Root_1943,0.000000,22.208544,8,"0;1;2;5;6;11;12;13"
Root_1944,96.356291,42.486304,7,"1;2;5;6;11;12;13"
Root_1945,6.971424,27.538144,7,"0;2;5;6;11;12;13"
Root_1946,135.891853,47.115904,6,"2;5;6;11;12;13"
Root_1947,0.000000,23.134464,7,"0;1;5;6;11;12;13"
Root_1948,96.885891,43.412224,6,"1;5;6;11;12;13"
Root_1949,6.971424,28.464064,6,"0;5;6;11;12;13"
Root_1950,137.389197,48.041824,5,"5;6;11;12;13"
Root_1951,0.000000,19.615968,9,"0;1;2;3;4;6;11;12;13"
Root_1952,95.167587,39.893728,8,"1;2;3;4;6;11;12;13"
Root_1953,4.614144,24.945568,8,"0;2;3;4;6;11;12;13"
Root_1954,127.895917,44.523328,7,"2;3;4;6;11;12;13"
Root_1955,0.000000,20.541888,8,"0;1;3;4;6;11;12;13"
Root_1956,93.845347,40.819648,7,"1;3;4;6;11;12;13"
Root_1957,5.540064,25.871488,7,"0;3;4;6;11;12;13"
Root_1958,127.022925,45.449248,6,"3;4;6;11;12;13"
Root_1959,0.000000,21.529536,8,"0;1;2;4;6;11;12;13"
Root_1960,97.795939,41.807296,7,"1;2;4;6;11;12;13"
Root_1961,8.514624,26.859136,7,"0;2;4;6;11;12;13"
Root_1962,132.022893,46.436896,6,"2;4;6;11;12;13"
Root_1963,0.000000,22.455456,7,"0;1;4;6;11;12;13"
Root_1964,97.399619,42.733216,6,"1;4;6;11;12;13"
Root_1965,8.514624,27.785056,6,"0;4;6;11;12;13"
Root_1966,132.552493,47.362816,5,"4;6;11;12;13"
Root_1967,0.000000,21.838176,8,"0;1;2;3;6;11;12;13"
Root_1968,99.956419,42.115936,7,"1;2;3;6;11;12;13"
Root_1969,6.938976,27.167776,7,"0;2;3;6;11;12;13"
Root_1970,134.492013,46.745536,6,"2;3;6;11;12;13"
Root_1971,0.000000,22.764096,7,"0;1;3;6;11;12;13"
Root_1972,99.560099,43.041856,6,"1;3;6;11;12;13"
Root_1973,6.938976,28.093696,6,"0;3;6;11;12;13"
Root_1974,135.021613,47.671456,5,"3;6;11;12;13"
Root_1975,0.000000,23.751744,7,"0;1;2;6;11;12;13"
Root_1976,104.560067,44.029504,6,"1;2;6;11;12;13"
Root_1977,8.514624,29.081344,6,"0;2;6;11;12;13"
Root_1978,142.327437,48.659104,5,"2;6;11;12;13"
Root_1979,0.407264,24.677664,6,"0;1;6;11;12;13"
Root_1980,105.089667,44.955424,5,"1;6;11;12;13"
Root_1981,8.514624,30.007264,5,"0;6;11;12;13"
Root_1982,145.634797,49.585024,4,"6;11;12;13"
Root_1983,0.000000,20.498678,9,"0;1;2;3;4;5;11;12;13"
Root_1984,99.871254,40.776438,8,"1;2;3;4;5;11;12;13"
Root_1985,8.628784,25.828278,8,"0;2;3;4;5;11;12;13"
Root_1986,132.635254,45.406038,7,"2;3;4;5;11;12;13"
Root_1987,0.000000,21.424598,8,"0;1;3;4;5;11;12;13"
Root_1988,98.549014,41.702358,7,"1;3;4;5;11;12;13"
Root_1989,8.881101,26.754198,7,"0;3;4;5;11;12;13"
Root_1990,132.238934,46.331958,6,"3;4;5;11;12;13"
Root_1991,0.067734,22.412246,8,"0;1;2;4;5;11;12;13"
Root_1992,102.499606,42.690006,7,"1;2;4;5;11;12;13"
Root_1993,10.165069,27.741846,7,"0;2;4;5;11;12;13"
Root_1994,137.928877,47.319606,6,"2;4;5;11;12;13"
Root_1995,0.067734,23.338166,7,"0;1;4;5;11;12;13"
Root_1996,102.103286,43.615926,6,"1;4;5;11;12;13"
Root_1997,10.165069,28.667766,6,"0;4;5;11;12;13"
Root_1998,139.629923,48.245526,5,"4;5;11;12;13"
Root_1999,0.000000,22.720886,8,"0;1;2;3;5;11;12;13"
Root_2000,104.968726,42.998646,7,"1;2;3;5;11;12;13"
Root_2001,8.881101,28.050486,7,"0;2;3;5;11;12;13"
Root_2002,141.015277,47.628246,6,"2;3;5;11;12;13"
Root_2003,0.000000,23.646806,7,"0;1;3;5;11;12;13"
Root_2004,104.572406,43.924566,6,"1;3;5;11;12;13"
Root_2005,8.881101,28.976406,6,"0;3;5;11;12;13"
Root_2006,143.024963,48.554166,5,"3;5;11;12;13"
Root_2007,0.431789,24.634454,7,"0;1;2;5;11;12;13"
Root_2008,109.942742,44.912214,6,"1;2;5;11;12;13"
Root_2009,10.165069,29.964054,6,"0;2;5;11;12;13"
Root_2010,151.358243,49.541814,5,"2;5;11;12;13"
Root_2011,1.357709,25.560374,6,"0;1;5;11;12;13"
Root_2012,111.310477,45.838134,5,"1;5;11;12;13"
Root_2013,10.165069,30.889974,5,"0;5;11;12;13"
Root_2014,154.665603,50.467734,4,"5;11;12;13"
Root_2015,0.000000,22.041878,8,"0;1;2;3;4;11;12;13"
Root_2016,106.266400,42.319638,7,"1;2;3;4;11;12;13"
Root_2017,12.192003,27.371478,7,"0;2;3;4;11;12;13"
Root_2018,136.376096,46.949238,6,"2;3;4;11;12;13"
Root_2019,0.000000,22.967798,7,"0;1;3;4;11;12;13"
Root_2020,104.944160,43.245558,6,"1;3;4;11;12;13"
Root_2021,12.192003,28.297398,6,"0;3;4;11;12;13"
Root_2022,136.854934,47.875158,5,"3;4;11;12;13"
Root_2023,1.610934,23.955446,7,"0;1;2;4;11;12;13"
Root_2024,108.956480,44.233206,6,"1;2;4;11;12;13"
Root_2025,14.638746,29.285046,6,"0;2;4;11;12;13"
Root_2026,144.568163,48.862806,5,"2;4;11;12;13"
Root_2027,2.221901,24.881366,6,"0;1;4;11;12;13"
Root_2028,108.719286,45.159126,5,"1;4;11;12;13"
Root_2029,14.638746,30.210966,5,"0;4;11;12;13"
Root_2030,147.875523,49.788726,4,"4;11;12;13"
Root_2031,0.000000,24.264086,7,"0;1;2;3;11;12;13"
Root_2032,111.116960,44.541846,6,"1;2;3;11;12;13"
Root_2033,12.192003,29.593686,6,"0;2;3;11;12;13"
Root_2034,147.963203,49.171446,5,"2;3;11;12;13"
Root_2035,0.919606,25.190006,6,"0;1;3;11;12;13"
Root_2036,111.188406,45.467766,5,"1;3;11;12;13"
Root_2037,12.192003,30.519606,5,"0;3;11;12;13"
Root_2038,151.270563,50.097366,4,"3;11;12;13"
Root_2039,4.351363,26.177654,6,"0;1;2;11;12;13"
Root_2040,117.176022,46.455414,5,"1;2;11;12;13"
Root_2041,15.638746,31.507254,5,"0;2;11;12;13"
Root_2042,160.306138,51.085014,4,"2;11;12;13"
Root_2043,4.444109,27.103574,5,"0;1;11;12;13"
Root_2044,119.012877,47.381334,4,"1;11;12;13"
Root_2045,14.105571,32.433174,4,"0;11;12;13"
Root_2046,165.465338,52.010934,3,"11;12;13"
Root_2047,0.000000,8.051840,13,"0;1;2;3;4;5;6;7;8;9;10;12;13"
Root_2048,51.055834,29.029600,12,"1;2;3;4;5;6;7;8;9;10;12;13"
Root_2049,0.000000,14.081440,12,"0;2;3;4;5;6;7;8;9;10;12;13"
Root_2050,78.309862,33.659200,11,"2;3;4;5;6;7;8;9;10;12;13"
Root_2051,0.000000,8.977760,12,"0;1;3;4;5;6;7;8;9;10;12;13"
Root_2052,51.055834,29.955520,11,"1;3;4;5;6;7;8;9;10;12;13"
Root_2053,0.000000,15.007360,11,"0;3;4;5;6;7;8;9;10;12;13"
Root_2054,75.324742,34.585120,10,"3;4;5;6;7;8;9;10;12;13"
Root_2055,0.000000,10.665408,12,"0;1;2;4;5;6;7;8;9;10;12;13"
Root_2056,55.337274,30.943168,11,"1;2;4;5;6;7;8;9;10;12;13"
Root_2057,0.000000,15.995008,11,"0;2;4;5;6;7;8;9;10;12;13"
Root_2058,82.136998,35.572768,10,"2;4;5;6;7;8;9;10;12;13"
Root_2059,0.000000,11.591328,11,"0;1;4;5;6;7;8;9;10;12;13"
Root_2060,55.068186,31.869088,10,"1;4;5;6;7;8;9;10;12;13"
Root_2061,0.000000,16.920928,10,"0;4;5;6;7;8;9;10;12;13"
Root_2062,78.736998,36.498688,9,"4;5;6;7;8;9;10;12;13"
Root_2063,0.000000,10.274048,12,"0;1;2;3;5;6;7;8;9;10;12;13"
Root_2064,51.633562,31.251808,11,"1;2;3;5;6;7;8;9;10;12;13"
Root_2065,0.000000,16.303648,11,"0;2;3;5;6;7;8;9;10;12;13"
Root_2066,77.754278,35.881408,10,"2;3;5;6;7;8;9;10;12;13"
Root_2067,0.000000,11.199968,11,"0;1;3;5;6;7;8;9;10;12;13"
Root_2068,51.055834,32.177728,10,"1;3;5;6;7;8;9;10;12;13"
Root_2069,0.000000,17.229568,10,"0;3;5;6;7;8;9;10;12;13"
Root_2070,75.161606,36.807328,9,"3;5;6;7;8;9;10;12;13"
Root_2071,0.000000,12.887616,11,"0;1;2;5;6;7;8;9;10;12;13"
Root_2072,57.364474,33.165376,10,"1;2;5;6;7;8;9;10;12;13"
Root_2073,0.000000,18.217216,10,"0;2;5;6;7;8;9;10;12;13"
Root_2074,82.124550,37.794976,9,"2;5;6;7;8;9;10;12;13"
Root_2075,0.000000,13.813536,10,"0;1;5;6;7;8;9;10;12;13"
Root_2076,54.873178,34.091296,9,"1;5;6;7;8;9;10;12;13"
Root_2077,0.000000,19.143136,9,"0;5;6;7;8;9;10;12;13"
Root_2078,80.576390,38.720896,8,"5;6;7;8;9;10;12;13"
Root_2079,0.000000,9.595040,12,"0;1;2;3;4;6;7;8;9;10;12;13"
Root_2080,55.685434,30.572800,11,"1;2;3;4;6;7;8;9;10;12;13"
Root_2081,0.000000,15.624640,11,"0;2;3;4;6;7;8;9;10;12;13"
Root_2082,86.424560,35.202400,10,"2;3;4;6;7;8;9;10;12;13"
Root_2083,0.000000,10.520960,11,"0;1;3;4;6;7;8;9;10;12;13"
Root_2084,55.685434,31.498720,10,"1;3;4;6;7;8;9;10;12;13"
Root_2085,0.000000,16.550560,10,"0;3;4;6;7;8;9;10;12;13"
Root_2086,83.024560,36.128320,9,"3;4;6;7;8;9;10;12;13"
Root_2087,0.000000,12.208608,11,"0;1;2;4;6;7;8;9;10;12;13"
Root_2088,61.510074,32.486368,10,"1;2;4;6;7;8;9;10;12;13"
Root_2089,0.000000,17.538208,10,"0;2;4;6;7;8;9;10;12;13"
Root_2090,88.999856,37.115968,9,"2;4;6;7;8;9;10;12;13"
Root_2091,0.000000,13.134528,10,"0;1;4;6;7;8;9;10;12;13"
Root_2092,59.697786,33.412288,9,"1;4;6;7;8;9;10;12;13"
Root_2093,0.000000,18.464128,9,"0;4;6;7;8;9;10;12;13"
Root_2094,86.525776,38.041888,8,"4;6;7;8;9;10;12;13"
Root_2095,0.000000,11.817248,11,"0;1;2;3;6;7;8;9;10;12;13"
Root_2096,57.806362,32.795008,10,"1;2;3;6;7;8;9;10;12;13"
Root_2097,0.000000,17.846848,10,"0;2;3;6;7;8;9;10;12;13"
Root_2098,86.350384,37.424608,9,"2;3;6;7;8;9;10;12;13"
Root_2099,0.000000,12.743168,10,"0;1;3;6;7;8;9;10;12;13"
Root_2100,55.685434,33.720928,9,"1;3;6;7;8;9;10;12;13"
Root_2101,0.000000,18.772768,9,"0;3;6;7;8;9;10;12;13"
Root_2102,84.802224,38.350528,8,"3;6;7;8;9;10;12;13"
Root_2103,0.000000,14.430816,10,"0;1;2;6;7;8;9;10;12;13"
Root_2104,61.994074,34.708576,9,"1;2;6;7;8;9;10;12;13"
Root_2105,0.000000,19.760416,9,"0;2;6;7;8;9;10;12;13"
Root_2106,90.414640,39.338176,8,"2;6;7;8;9;10;12;13"
Root_2107,0.000000,15.356736,9,"0;1;6;7;8;9;10;12;13"
Root_2108,58.594074,35.634496,8,"1;6;7;8;9;10;12;13"
Root_2109,0.000000,20.686336,8,"0;6;7;8;9;10;12;13"
Root_2110,88.866480,40.264096,7,"6;7;8;9;10;12;13"
Root_2111,0.000000,10.477750,12,"0;1;2;3;4;5;7;8;9;10;12;13"
Root_2112,59.649482,31.455510,11,"1;2;3;4;5;7;8;9;10;12;13"
Root_2113,0.000000,16.507350,11,"0;2;3;4;5;7;8;9;10;12;13"
Root_2114,89.529472,36.085110,10,"2;3;4;5;7;8;9;10;12;13"
Root_2115,0.000000,11.403670,11,"0;1;3;4;5;7;8;9;10;12;13"
Root_2116,58.868051,32.381430,10,"1;3;4;5;7;8;9;10;12;13"
Root_2117,0.000000,17.433270,10,"0;3;4;5;7;8;9;10;12;13"
Root_2118,86.140502,37.011030,9,"3;4;5;7;8;9;10;12;13"
Root_2119,0.000000,13.091318,11,"0;1;2;4;5;7;8;9;10;12;13"
Root_2120,65.390186,33.369078,10,"1;2;4;5;7;8;9;10;12;13"
Root_2121,0.000000,18.420918,10,"0;2;4;5;7;8;9;10;12;13"
Root_2122,92.104768,37.998678,9,"2;4;5;7;8;9;10;12;13"
Root_2123,0.000000,14.017238,10,"0;1;4;5;7;8;9;10;12;13"
Root_2124,62.695187,34.294998,9,"1;4;5;7;8;9;10;12;13"
Root_2125,0.000000,19.346838,9,"0;4;5;7;8;9;10;12;13"
Root_2126,89.630688,38.924598,8,"4;5;7;8;9;10;12;13"
Root_2127,0.000000,12.699958,11,"0;1;2;3;5;7;8;9;10;12;13"
Root_2128,61.164339,33.677718,10,"1;2;3;5;7;8;9;10;12;13"
Root_2129,0.000000,18.729558,10,"0;2;3;5;7;8;9;10;12;13"
Root_2130,90.646646,38.307318,9,"2;3;5;7;8;9;10;12;13"
Root_2131,0.000000,13.625878,10,"0;1;3;5;7;8;9;10;12;13"
Root_2132,58.160701,34.603638,9,"1;3;5;7;8;9;10;12;13"
Root_2133,0.000000,19.655478,9,"0;3;5;7;8;9;10;12;13"
Root_2134,89.098486,39.233238,8,"3;5;7;8;9;10;12;13"
Root_2135,0.000000,15.313526,10,"0;1;2;5;7;8;9;10;12;13"
Root_2136,64.991475,35.591286,9,"1;2;5;7;8;9;10;12;13"
Root_2137,0.000000,20.643126,9,"0;2;5;7;8;9;10;12;13"
Root_2138,93.828192,40.220886,8,"2;5;7;8;9;10;12;13"
Root_2139,0.000000,16.239446,9,"0;1;5;7;8;9;10;12;13"
Root_2140,62.108682,36.517206,8,"1;5;7;8;9;10;12;13"
Root_2141,0.000000,21.569046,8,"0;5;7;8;9;10;12;13"
Root_2142,92.426838,41.146806,7,"5;7;8;9;10;12;13"
Root_2143,0.000000,12.020950,11,"0;1;2;3;4;7;8;9;10;12;13"
Root_2144,68.751808,32.998710,10,"1;2;3;4;7;8;9;10;12;13"
Root_2145,0.000000,18.050550,10,"0;2;3;4;7;8;9;10;12;13"
Root_2146,96.944288,37.628310,9,"2;3;4;7;8;9;10;12;13"
Root_2147,0.000000,12.946870,10,"0;1;3;4;7;8;9;10;12;13"
Root_2148,66.427178,33.924630,9,"1;3;4;7;8;9;10;12;13"
Root_2149,0.000000,18.976470,9,"0;3;4;7;8;9;10;12;13"
Root_2150,94.470208,38.554230,8,"3;4;7;8;9;10;12;13"
Root_2151,0.000000,14.634518,10,"0;1;2;4;7;8;9;10;12;13"
Root_2152,73.106186,34.912278,9,"1;2;4;7;8;9;10;12;13"
Root_2153,0.000000,19.964118,9,"0;2;4;7;8;9;10;12;13"
Root_2154,98.891274,39.541878,8,"2;4;7;8;9;10;12;13"
Root_2155,0.000000,15.560438,9,"0;1;4;7;8;9;10;12;13"
Root_2156,69.706186,35.838198,8,"1;4;7;8;9;10;12;13"
Root_2157,0.000000,20.890038,8,"0;4;7;8;9;10;12;13"
Root_2158,96.417194,40.467798,7,"4;7;8;9;10;12;13"
Root_2159,0.000000,14.243158,10,"0;1;2;3;7;8;9;10;12;13"
Root_2160,68.723466,35.220918,9,"1;2;3;7;8;9;10;12;13"
Root_2161,0.000000,20.272758,9,"0;2;3;7;8;9;10;12;13"
Root_2162,98.976352,39.850518,8,"2;3;7;8;9;10;12;13"
Root_2163,0.000000,15.169078,9,"0;1;3;7;8;9;10;12;13"
Root_2164,65.470304,36.146838,8,"1;3;7;8;9;10;12;13"
Root_2165,0.000000,21.198678,8,"0;3;7;8;9;10;12;13"
Root_2166,97.428192,40.776438,7,"3;7;8;9;10;12;13"
Root_2167,0.000000,16.856726,9,"0;1;2;7;8;9;10;12;13"
Root_2168,72.433248,37.134486,8,"1;2;7;8;9;10;12;13"
Root_2169,0.000000,22.186326,8,"0;2;7;8;9;10;12;13"
Root_2170,101.378784,41.764086,7,"2;7;8;9;10;12;13"
Root_2171,0.000000,17.782646,8,"0;1;7;8;9;10;12;13"
Root_2172,70.885088,38.060406,7,"1;7;8;9;10;12;13"
Root_2173,0.000000,23.112246,7,"0;7;8;9;10;12;13"
Root_2174,100.756544,42.690006,6,"7;8;9;10;12;13"
Root_2175,0.000000,11.776512,12,"0;1;2;3;4;5;6;8;9;10;12;13"
Root_2176,64.085178,32.054272,11,"1;2;3;4;5;6;8;9;10;12;13"
Root_2177,0.000000,17.106112,11,"0;2;3;4;5;6;8;9;10;12;13"
Root_2178,94.554138,36.683872,10,"2;3;4;5;6;8;9;10;12;13"
Root_2179,0.000000,12.702432,11,"0;1;3;4;5;6;8;9;10;12;13"
Root_2180,62.704986,32.980192,10,"1;3;4;5;6;8;9;10;12;13"
Root_2181,0.000000,18.032032,10,"0;3;4;5;6;8;9;10;12;13"
Root_2182,91.763930,37.609792,9,"3;4;5;6;8;9;10;12;13"
Root_2183,0.000000,13.690080,11,"0;1;2;4;5;6;8;9;10;12;13"
Root_2184,69.383994,33.967840,10,"1;2;4;5;6;8;9;10;12;13"
Root_2185,0.000000,19.019680,10,"0;2;4;5;6;8;9;10;12;13"
Root_2186,97.129434,38.597440,9,"2;4;5;6;8;9;10;12;13"
Root_2187,0.000000,14.616000,10,"0;1;4;5;6;8;9;10;12;13"
Root_2188,66.090234,34.893760,9,"1;4;5;6;8;9;10;12;13"
Root_2189,0.000000,19.945600,9,"0;4;5;6;8;9;10;12;13"
Root_2190,94.655354,39.523360,8,"4;5;6;8;9;10;12;13"
Root_2191,0.000000,13.998720,11,"0;1;2;3;5;6;8;9;10;12;13"
Root_2192,65.001274,34.276480,10,"1;2;3;5;6;8;9;10;12;13"
Root_2193,0.000000,19.328320,10,"0;2;3;5;6;8;9;10;12;13"
Root_2194,96.270074,38.906080,9,"2;3;5;6;8;9;10;12;13"
Root_2195,0.000000,14.924640,10,"0;1;3;5;6;8;9;10;12;13"
Root_2196,61.601274,35.202400,9,"1;3;5;6;8;9;10;12;13"
Root_2197,0.000000,20.254240,9,"0;3;5;6;8;9;10;12;13"
Root_2198,94.721914,39.832000,8,"3;5;6;8;9;10;12;13"
Root_2199,0.000000,15.912288,10,"0;1;2;5;6;8;9;10;12;13"
Root_2200,68.576570,36.190048,9,"1;2;5;6;8;9;10;12;13"
Root_2201,0.000000,21.241888,9,"0;2;5;6;8;9;10;12;13"
Root_2202,98.852858,40.819648,8,"2;5;6;8;9;10;12;13"
Root_2203,0.000000,16.838208,9,"0;1;5;6;8;9;10;12;13"
Root_2204,66.218458,37.115968,8,"1;5;6;8;9;10;12;13"
Root_2205,0.000000,22.167808,8,"0;5;6;8;9;10;12;13"
Root_2206,98.050266,41.745568,7,"5;6;8;9;10;12;13"
Root_2207,0.000000,13.319712,11,"0;1;2;3;4;6;8;9;10;12;13"
Root_2208,72.528528,33.597472,10,"1;2;3;4;6;8;9;10;12;13"
Root_2209,0.005942,18.649312,10,"0;2;3;4;6;8;9;10;12;13"
Root_2210,101.968954,38.227072,9,"2;3;4;6;8;9;10;12;13"
Root_2211,0.000000,14.245632,10,"0;1;3;4;6;8;9;10;12;13"
Root_2212,69.605136,34.523392,9,"1;3;4;6;8;9;10;12;13"
Root_2213,0.005942,19.575232,9,"0;3;4;6;8;9;10;12;13"
Root_2214,99.494874,39.152992,8,"3;4;6;8;9;10;12;13"
Root_2215,0.000000,15.233280,10,"0;1;2;4;6;8;9;10;12;13"
Root_2216,76.355664,35.511040,9,"1;2;4;6;8;9;10;12;13"
Root_2217,0.005942,20.562880,9,"0;2;4;6;8;9;10;12;13"
Root_2218,103.317178,40.140640,8,"2;4;6;8;9;10;12;13"
Root_2219,0.000000,16.159200,9,"0;1;4;6;8;9;10;12;13"
Root_2220,72.955664,36.436960,8,"1;4;6;8;9;10;12;13"
Root_2221,0.005942,21.488800,8,"0;4;6;8;9;10;12;13"
Root_2222,100.909658,41.066560,7,"4;6;8;9;10;12;13"
Root_2223,0.000000,15.541920,10,"0;1;2;3;6;8;9;10;12;13"
Root_2224,71.972944,35.819680,9,"1;2;3;6;8;9;10;12;13"
Root_2225,0.005942,20.871520,9,"0;2;3;6;8;9;10;12;13"
Root_2226,104.001018,40.449280,8,"2;3;6;8;9;10;12;13"
Root_2227,0.000000,16.467840,9,"0;1;3;6;8;9;10;12;13"
Root_2228,69.318544,36.745600,8,"1;3;6;8;9;10;12;13"
Root_2229,0.005942,21.797440,8,"0;3;6;8;9;10;12;13"
Root_2230,102.452858,41.375200,7,"3;6;8;9;10;12;13"
Root_2231,0.000000,17.455488,9,"0;1;2;6;8;9;10;12;13"
Root_2232,76.281488,37.733248,8,"1;2;6;8;9;10;12;13"
Root_2233,0.005942,22.785088,8,"0;2;6;8;9;10;12;13"
Root_2234,106.403450,42.362848,7,"2;6;8;9;10;12;13"
Root_2235,0.000000,18.381408,8,"0;1;6;8;9;10;12;13"
Root_2236,74.733328,38.659168,7,"1;6;8;9;10;12;13"
Root_2237,0.005942,23.711008,7,"0;6;8;9;10;12;13"
Root_2238,105.781210,43.288768,6,"6;8;9;10;12;13"
Root_2239,0.000000,14.202422,11,"0;1;2;3;4;5;8;9;10;12;13"
Root_2240,76.279050,34.480182,10,"1;2;3;4;5;8;9;10;12;13"
Root_2241,0.462742,19.532022,10,"0;2;3;4;5;8;9;10;12;13"
Root_2242,105.397450,39.109782,9,"2;3;4;5;8;9;10;12;13"
Root_2243,0.000000,15.128342,10,"0;1;3;4;5;8;9;10;12;13"
Root_2244,72.879050,35.406102,9,"1;3;4;5;8;9;10;12;13"
Root_2245,0.462742,20.457942,9,"0;3;4;5;8;9;10;12;13"
Root_2246,102.923370,40.035702,8,"3;4;5;8;9;10;12;13"
Root_2247,0.000000,16.115990,10,"0;1;2;4;5;8;9;10;12;13"
Root_2248,79.460595,36.393750,9,"1;2;4;5;8;9;10;12;13"
Root_2249,0.462742,21.445590,9,"0;2;4;5;8;9;10;12;13"
Root_2250,105.886314,41.023350,8,"2;4;5;8;9;10;12;13"
Root_2251,0.000000,17.041910,9,"0;1;4;5;8;9;10;12;13"
Root_2252,76.380266,37.319670,8,"1;4;5;8;9;10;12;13"
Root_2253,0.462742,22.371510,8,"0;4;5;8;9;10;12;13"
Root_2254,104.338154,41.949270,7,"4;5;8;9;10;12;13"
Root_2255,0.000000,16.424630,10,"0;1;2;3;5;8;9;10;12;13"
Root_2256,75.780266,36.702390,9,"1;2;3;5;8;9;10;12;13"
Root_2257,0.462742,21.754230,9,"0;2;3;5;8;9;10;12;13"
Root_2258,107.556544,41.331990,8,"2;3;5;8;9;10;12;13"
Root_2259,0.000000,17.350550,9,"0;1;3;5;8;9;10;12;13"
Root_2260,73.934496,37.628310,8,"1;3;5;8;9;10;12;13"
Root_2261,0.462742,22.680150,8,"0;3;5;8;9;10;12;13"
Root_2262,106.008384,42.257910,7,"3;5;8;9;10;12;13"
Root_2263,0.000000,18.338198,9,"0;1;2;5;8;9;10;12;13"
Root_2264,80.269130,38.615958,8,"1;2;5;8;9;10;12;13"
Root_2265,0.462742,23.667798,8,"0;2;5;8;9;10;12;13"
Root_2266,110.329344,43.245558,7,"2;5;8;9;10;12;13"
Root_2267,0.000000,19.264118,8,"0;1;5;8;9;10;12;13"
Root_2268,78.720970,39.541878,7,"1;5;8;9;10;12;13"
Root_2269,0.462742,24.593718,7,"0;5;8;9;10;12;13"
Root_2270,109.707104,44.171478,6,"5;8;9;10;12;13"
Root_2271,0.000000,15.745622,10,"0;1;2;3;4;8;9;10;12;13"
Root_2272,83.686410,36.023382,9,"1;2;3;4;8;9;10;12;13"
Root_2273,2.005942,21.075222,9,"0;2;3;4;8;9;10;12;13"
Root_2274,111.570250,40.652982,8,"2;3;4;8;9;10;12;13"
Root_2275,0.000000,16.671542,9,"0;1;3;4;8;9;10;12;13"
Root_2276,80.286410,36.949302,8,"1;3;4;8;9;10;12;13"
Root_2277,2.005942,22.001142,8,"0;3;4;8;9;10;12;13"
Root_2278,109.096170,41.578902,7,"3;4;8;9;10;12;13"
Root_2279,0.000000,17.659190,9,"0;1;2;4;8;9;10;12;13"
Root_2280,86.261706,37.936950,8,"1;2;4;8;9;10;12;13"
Root_2281,4.338915,22.988790,8,"0;2;4;8;9;10;12;13"
Root_2282,112.059114,42.566550,7,"2;4;8;9;10;12;13"
Root_2283,0.000000,18.585110,8,"0;1;4;8;9;10;12;13"
Root_2284,83.787626,38.862870,7,"1;4;8;9;10;12;13"
Root_2285,4.338915,23.914710,7,"0;4;8;9;10;12;13"
Root_2286,110.510954,43.492470,6,"4;8;9;10;12;13"
Root_2287,0.000000,17.967830,9,"0;1;2;3;8;9;10;12;13"
Root_2288,84.741856,38.245590,8,"1;2;3;8;9;10;12;13"
Root_2289,2.005942,23.297430,8,"0;2;3;8;9;10;12;13"
Root_2290,113.602314,42.875190,7,"2;3;8;9;10;12;13"
Root_2291,0.000000,18.893750,8,"0;1;3;8;9;10;12;13"
Root_2292,83.193696,39.171510,7,"1;3;8;9;10;12;13"
Root_2293,2.005942,24.223350,7,"0;3;8;9;10;12;13"
Root_2294,112.054154,43.801110,6,"3;8;9;10;12;13"
Root_2295,0.000000,19.881398,8,"0;1;2;8;9;10;12;13"
Root_2296,87.985130,40.159158,7,"1;2;8;9;10;12;13"
Root_2297,4.579514,25.210998,7,"0;2;8;9;10;12;13"
Root_2298,116.004746,44.788758,6,"2;8;9;10;12;13"
Root_2299,0.000000,20.807318,7,"0;1;8;9;10;12;13"
Root_2300,86.522048,41.085078,6,"1;8;9;10;12;13"
Root_2301,5.505434,26.136918,6,"0;8;9;10;12;13"
Root_2302,115.382506,45.714678,5,"8;9;10;12;13"
Root_2303,0.000000,12.681440,12,"0;1;2;3;4;5;6;7;9;10;12;13"
Root_2304,72.309862,33.659200,11,"1;2;3;4;5;6;7;9;10;12;13"
Root_2305,0.000000,18.711040,11,"0;2;3;4;5;6;7;9;10;12;13"
Root_2306,105.003354,38.288800,10,"2;3;4;5;6;7;9;10;12;13"
Root_2307,0.000000,13.607360,11,"0;1;3;4;5;6;7;9;10;12;13"
Root_2308,69.324742,34.585120,10,"1;3;4;5;6;7;9;10;12;13"
Root_2309,0.000000,19.636960,10,"0;3;4;5;6;7;9;10;12;13"
Root_2310,102.529274,39.214720,9,"3;4;5;6;7;9;10;12;13"
Root_2311,0.000000,15.295008,11,"0;1;2;4;5;6;7;9;10;12;13"
Root_2312,76.136998,35.572768,10,"1;2;4;5;6;7;9;10;12;13"
Root_2313,0.000000,20.624608,10,"0;2;4;5;6;7;9;10;12;13"
Root_2314,106.289850,40.202368,9,"2;4;5;6;7;9;10;12;13"
Root_2315,0.000000,16.220928,10,"0;1;4;5;6;7;9;10;12;13"
Root_2316,72.736998,36.498688,9,"1;4;5;6;7;9;10;12;13"
Root_2317,0.000000,21.550528,9,"0;4;5;6;7;9;10;12;13"
Root_2318,103.944058,41.128288,8,"4;5;6;7;9;10;12;13"
Root_2319,0.000000,14.903648,11,"0;1;2;3;5;6;7;9;10;12;13"
Root_2320,71.754278,35.881408,10,"1;2;3;5;6;7;9;10;12;13"
Root_2321,0.000000,20.933248,10,"0;2;3;5;6;7;9;10;12;13"
Root_2322,107.344058,40.511008,9,"2;3;5;6;7;9;10;12;13"
Root_2323,0.000000,15.829568,10,"0;1;3;5;6;7;9;10;12;13"
Root_2324,69.161606,36.807328,9,"1;3;5;6;7;9;10;12;13"
Root_2325,0.000000,21.859168,9,"0;3;5;6;7;9;10;12;13"
Root_2326,105.795898,41.436928,8,"3;5;6;7;9;10;12;13"
Root_2327,0.000000,17.517216,10,"0;1;2;5;6;7;9;10;12;13"
Root_2328,76.124550,37.794976,9,"1;2;5;6;7;9;10;12;13"
Root_2329,0.000000,22.846816,9,"0;2;5;6;7;9;10;12;13"
Root_2330,109.746490,42.424576,8,"2;5;6;7;9;10;12;13"
Root_2331,0.000000,18.443136,9,"0;1;5;6;7;9;10;12;13"
Root_2332,74.576390,38.720896,8,"1;5;6;7;9;10;12;13"
Root_2333,0.000000,23.772736,8,"0;5;6;7;9;10;12;13"
Root_2334,109.124250,43.350496,7,"5;6;7;9;10;12;13"
Root_2335,0.000000,14.224640,11,"0;1;2;3;4;6;7;9;10;12;13"
Root_2336,80.424560,35.202400,10,"1;2;3;4;6;7;9;10;12;13"
Root_2337,0.000000,20.254240,10,"0;2;3;4;6;7;9;10;12;13"
Root_2338,111.808378,39.832000,9,"2;3;4;6;7;9;10;12;13"
Root_2339,0.000000,15.150560,10,"0;1;3;4;6;7;9;10;12;13"
Root_2340,77.024560,36.128320,9,"1;3;4;6;7;9;10;12;13"
Root_2341,0.000000,21.180160,9,"0;3;4;6;7;9;10;12;13"
Root_2342,109.334298,40.757920,8,"3;4;6;7;9;10;12;13"
Root_2343,0.000000,16.838208,10,"0;1;2;4;6;7;9;10;12;13"
Root_2344,82.999856,37.115968,9,"1;2;4;6;7;9;10;12;13"
Root_2345,0.691008,22.167808,9,"0;2;4;6;7;9;10;12;13"
Root_2346,112.297242,41.745568,8,"2;4;6;7;9;10;12;13"
Root_2347,0.000000,17.764128,9,"0;1;4;6;7;9;10;12;13"
Root_2348,80.525776,38.041888,8,"1;4;6;7;9;10;12;13"
Root_2349,0.691008,23.093728,8,"0;4;6;7;9;10;12;13"
Root_2350,110.749082,42.671488,7,"4;6;7;9;10;12;13"
Root_2351,0.000000,16.446848,10,"0;1;2;3;6;7;9;10;12;13"
Root_2352,80.350384,37.424608,9,"1;2;3;6;7;9;10;12;13"
Root_2353,0.000000,22.476448,9,"0;2;3;6;7;9;10;12;13"
Root_2354,113.840442,42.054208,8,"2;3;6;7;9;10;12;13"
Root_2355,0.000000,17.372768,9,"0;1;3;6;7;9;10;12;13"
Root_2356,78.802224,38.350528,8,"1;3;6;7;9;10;12;13"
Root_2357,0.000000,23.402368,8,"0;3;6;7;9;10;12;13"
Root_2358,112.292282,42.980128,7,"3;6;7;9;10;12;13"
Root_2359,0.000000,19.060416,9,"0;1;2;6;7;9;10;12;13"
Root_2360,84.414640,39.338176,8,"1;2;6;7;9;10;12;13"
Root_2361,0.691008,24.390016,8,"0;2;6;7;9;10;12;13"
Root_2362,116.242874,43.967776,7,"2;6;7;9;10;12;13"
Root_2363,0.000000,19.986336,8,"0;1;6;7;9;10;12;13"
Root_2364,82.866480,40.264096,7,"1;6;7;9;10;12;13"
Root_2365,1.036544,25.315936,7,"0;6;7;9;10;12;13"
Root_2366,115.620634,44.893696,6,"6;7;9;10;12;13"
Root_2367,0.000000,15.107350,11,"0;1;2;3;4;5;7;9;10;12;13"
Root_2368,83.529472,36.085110,10,"1;2;3;4;5;7;9;10;12;13"
Root_2369,0.000000,21.136950,10,"0;2;3;4;5;7;9;10;12;13"
Root_2370,115.055264,40.714710,9,"2;3;4;5;7;9;10;12;13"
Root_2371,0.000000,16.033270,10,"0;1;3;4;5;7;9;10;12;13"
Root_2372,80.140502,37.011030,9,"1;3;4;5;7;9;10;12;13"
Root_2373,0.000000,22.062870,9,"0;3;4;5;7;9;10;12;13"
Root_2374,112.581184,41.640630,8,"3;4;5;7;9;10;12;13"
Root_2375,0.000000,17.720918,10,"0;1;2;4;5;7;9;10;12;13"
Root_2376,86.104768,37.998678,9,"1;2;4;5;7;9;10;12;13"
Root_2377,2.456429,23.050518,9,"0;2;4;5;7;9;10;12;13"
Root_2378,115.544128,42.628278,8,"2;4;5;7;9;10;12;13"
Root_2379,0.000000,18.646838,9,"0;1;4;5;7;9;10;12;13"
Root_2380,83.630688,38.924598,8,"1;4;5;7;9;10;12;13"
Root_2381,2.456429,23.976438,8,"0;4;5;7;9;10;12;13"
Root_2382,113.995968,43.554198,7,"4;5;7;9;10;12;13"
Root_2383,0.000000,17.329558,10,"0;1;2;3;5;7;9;10;12;13"
Root_2384,84.646646,38.307318,9,"1;2;3;5;7;9;10;12;13"
Root_2385,0.000000,23.359158,9,"0;2;3;5;7;9;10;12;13"
Root_2386,117.395968,42.936918,8,"2;3;5;7;9;10;12;13"
Root_2387,0.000000,18.255478,9,"0;1;3;5;7;9;10;12;13"
Root_2388,83.098486,39.233238,8,"1;3;5;7;9;10;12;13"
Root_2389,0.000000,24.285078,8,"0;3;5;7;9;10;12;13"
Root_2390,115.847808,43.862838,7,"3;5;7;9;10;12;13"
Root_2391,0.000000,19.943126,9,"0;1;2;5;7;9;10;12;13"
Root_2392,87.828192,40.220886,8,"1;2;5;7;9;10;12;13"
Root_2393,2.758755,25.272726,8,"0;2;5;7;9;10;12;13"
Root_2394,120.168768,44.850486,7,"2;5;7;9;10;12;13"
Root_2395,0.000000,20.869046,8,"0;1;5;7;9;10;12;13"
Root_2396,86.426838,41.146806,7,"1;5;7;9;10;12;13"
Root_2397,3.684675,26.198646,7,"0;5;7;9;10;12;13"
Root_2398,120.322934,45.776406,6,"5;7;9;10;12;13"
Root_2399,0.000000,16.650550,10,"0;1;2;3;4;7;9;10;12;13"
Root_2400,90.944288,37.628310,9,"1;2;3;4;7;9;10;12;13"
Root_2401,2.783395,22.680150,9,"0;2;3;4;7;9;10;12;13"
Root_2402,119.804746,42.257910,8,"2;3;4;7;9;10;12;13"
Root_2403,0.000000,17.576470,9,"0;1;3;4;7;9;10;12;13"
Root_2404,88.470208,38.554230,8,"1;3;4;7;9;10;12;13"
Root_2405,2.783395,23.606070,8,"0;3;4;7;9;10;12;13"
Root_2406,117.330666,43.183830,7,"3;4;7;9;10;12;13"
Root_2407,0.000000,19.264118,9,"0;1;2;4;7;9;10;12;13"
Root_2408,92.891274,39.541878,8,"1;2;4;7;9;10;12;13"
Root_2409,6.055011,24.593718,8,"0;2;4;7;9;10;12;13"
Root_2410,120.293610,44.171478,7,"2;4;7;9;10;12;13"
Root_2411,0.000000,20.190038,8,"0;1;4;7;9;10;12;13"
Root_2412,90.417194,40.467798,7,"1;4;7;9;10;12;13"
Root_2413,6.604250,25.519638,7,"0;4;7;9;10;12;13"
Root_2414,118.842848,45.097398,6,"4;7;9;10;12;13"
Root_2415,0.000000,18.872758,9,"0;1;2;3;7;9;10;12;13"
Root_2416,92.976352,39.850518,8,"1;2;3;7;9;10;12;13"
Root_2417,2.783395,24.902358,8,"0;2;3;7;9;10;12;13"
Root_2418,121.836810,44.480118,7,"2;3;7;9;10;12;13"
Root_2419,0.000000,19.798678,8,"0;1;3;7;9;10;12;13"
Root_2420,91.428192,40.776438,7,"1;3;7;9;10;12;13"
Root_2421,3.641274,25.828278,7,"0;3;7;9;10;12;13"
Root_2422,120.694688,45.406038,6,"3;7;9;10;12;13"
Root_2423,0.000000,21.486326,8,"0;1;2;7;9;10;12;13"
Root_2424,95.378784,41.764086,7,"1;2;7;9;10;12;13"
Root_2425,8.671984,26.815926,7,"0;2;7;9;10;12;13"
Root_2426,125.632928,46.393686,6,"2;7;9;10;12;13"
Root_2427,0.000000,22.412246,7,"0;1;7;9;10;12;13"
Root_2428,94.756544,42.690006,6,"1;7;9;10;12;13"
Root_2429,8.826458,27.741846,6,"0;7;9;10;12;13"
Root_2430,126.256214,47.319606,5,"7;9;10;12;13"
Root_2431,0.000000,16.406112,11,"0;1;2;3;4;5;6;9;10;12;13"
Root_2432,88.554138,36.683872,10,"1;2;3;4;5;6;9;10;12;13"
Root_2433,0.332960,21.735712,10,"0;2;3;4;5;6;9;10;12;13"
Root_2434,120.308323,41.313472,9,"2;3;4;5;6;9;10;12;13"
Root_2435,0.000000,17.332032,10,"0;1;3;4;5;6;9;10;12;13"
Root_2436,85.763930,37.609792,9,"1;3;4;5;6;9;10;12;13"
Root_2437,0.332960,22.661632,9,"0;3;4;5;6;9;10;12;13"
Root_2438,117.834243,42.239392,8,"3;4;5;6;9;10;12;13"
Root_2439,0.000000,18.319680,10,"0;1;2;4;5;6;9;10;12;13"
Root_2440,91.129434,38.597440,9,"1;2;4;5;6;9;10;12;13"
Root_2441,3.653952,23.649280,9,"0;2;4;5;6;9;10;12;13"
Root_2442,121.167555,43.227040,8,"2;4;5;6;9;10;12;13"
Root_2443,0.000000,19.245600,9,"0;1;4;5;6;9;10;12;13"
Root_2444,88.655354,39.523360,8,"1;4;5;6;9;10;12;13"
Root_2445,3.653952,24.575200,8,"0;4;5;6;9;10;12;13"
Root_2446,119.619395,44.152960,7,"4;5;6;9;10;12;13"
Root_2447,0.000000,18.628320,10,"0;1;2;3;5;6;9;10;12;13"
Root_2448,90.270074,38.906080,9,"1;2;3;5;6;9;10;12;13"
Root_2449,0.332960,23.957920,9,"0;2;3;5;6;9;10;12;13"
Root_2450,123.019395,43.535680,8,"2;3;5;6;9;10;12;13"
Root_2451,0.000000,19.554240,9,"0;1;3;5;6;9;10;12;13"
Root_2452,88.721914,39.832000,8,"1;3;5;6;9;10;12;13"
Root_2453,0.332960,24.883840,8,"0;3;5;6;9;10;12;13"
Root_2454,121.471235,44.461600,7,"3;5;6;9;10;12;13"
Root_2455,0.000000,20.541888,9,"0;1;2;5;6;9;10;12;13"
Root_2456,92.852858,40.819648,8,"1;2;5;6;9;10;12;13"
Root_2457,4.555040,25.871488,8,"0;2;5;6;9;10;12;13"
Root_2458,126.241443,45.449248,7,"2;5;6;9;10;12;13"
Root_2459,0.000000,21.467808,8,"0;1;5;6;9;10;12;13"
Root_2460,92.050266,41.745568,7,"1;5;6;9;10;12;13"
Root_2461,5.480960,26.797408,7,"0;5;6;9;10;12;13"
Root_2462,126.545123,46.375168,6,"5;6;9;10;12;13"
Root_2463,0.000000,17.949312,10,"0;1;2;3;4;6;9;10;12;13"
Root_2464,95.968954,38.227072,9,"1;2;3;4;6;9;10;12;13"
Root_2465,4.585622,23.278912,9,"0;2;3;4;6;9;10;12;13"
Root_2466,124.829411,42.856672,8,"2;3;4;6;9;10;12;13"
Root_2467,0.000000,18.875232,9,"0;1;3;4;6;9;10;12;13"
Root_2468,93.494874,39.152992,8,"1;3;4;6;9;10;12;13"
Root_2469,4.585622,24.204832,8,"0;3;4;6;9;10;12;13"
Root_2470,122.355331,43.782592,7,"3;4;6;9;10;12;13"
Root_2471,0.000000,19.862880,9,"0;1;2;4;6;9;10;12;13"
Root_2472,97.317178,40.140640,8,"1;2;4;6;9;10;12;13"
Root_2473,8.079318,25.192480,8,"0;2;4;6;9;10;12;13"
Root_2474,125.318275,44.770240,7,"2;4;6;9;10;12;13"
Root_2475,0.000000,20.788800,8,"0;1;4;6;9;10;12;13"
Root_2476,94.909658,41.066560,7,"1;4;6;9;10;12;13"
Root_2477,9.005238,26.118400,7,"0;4;6;9;10;12;13"
Root_2478,124.466275,45.696160,6,"4;6;9;10;12;13"
Root_2479,0.000000,20.171520,9,"0;1;2;3;6;9;10;12;13"
Root_2480,98.001018,40.449280,8,"1;2;3;6;9;10;12;13"
Root_2481,5.116342,25.501120,8,"0;2;3;6;9;10;12;13"
Root_2482,126.940355,45.078880,7,"2;3;6;9;10;12;13"
Root_2483,0.000000,21.097440,8,"0;1;3;6;9;10;12;13"
Root_2484,96.452858,41.375200,7,"1;3;6;9;10;12;13"
Root_2485,6.042262,26.427040,7,"0;3;6;9;10;12;13"
Root_2486,126.318115,46.004800,6,"3;6;9;10;12;13"
Root_2487,0.000000,22.085088,8,"0;1;2;6;9;10;12;13"
Root_2488,100.403450,42.362848,7,"1;2;6;9;10;12;13"
Root_2489,9.672406,27.414688,7,"0;2;6;9;10;12;13"
Root_2490,131.256355,46.992448,6,"2;6;9;10;12;13"
Root_2491,0.000000,23.011008,7,"0;1;6;9;10;12;13"
Root_2492,99.781210,43.288768,6,"1;6;9;10;12;13"
Root_2493,9.672406,28.340608,6,"0;6;9;10;12;13"
Root_2494,131.560035,47.918368,5,"6;9;10;12;13"
Root_2495,0.000000,18.832022,10,"0;1;2;3;4;5;9;10;12;13"
Root_2496,99.397450,39.109782,9,"1;2;3;4;5;9;10;12;13"
Root_2497,7.277187,24.161622,9,"0;2;3;4;5;9;10;12;13"
Root_2498,127.705930,43.739382,8,"2;3;4;5;9;10;12;13"
Root_2499,0.000000,19.757942,9,"0;1;3;4;5;9;10;12;13"
Root_2500,96.923370,40.035702,8,"1;3;4;5;9;10;12;13"
Root_2501,7.394330,25.087542,8,"0;3;4;5;9;10;12;13"
Root_2502,125.231850,44.665302,7,"3;4;5;9;10;12;13"
Root_2503,0.000000,20.745590,9,"0;1;2;4;5;9;10;12;13"
Root_2504,99.886314,41.023350,8,"1;2;4;5;9;10;12;13"
Root_2505,11.011917,26.075190,8,"0;2;4;5;9;10;12;13"
Root_2506,129.218112,45.652950,7,"2;4;5;9;10;12;13"
Root_2507,0.000000,21.671510,8,"0;1;4;5;9;10;12;13"
Root_2508,98.338154,41.949270,7,"1;4;5;9;10;12;13"
Root_2509,11.011917,27.001110,7,"0;4;5;9;10;12;13"
Root_2510,128.595872,46.578870,6,"4;5;9;10;12;13"
Root_2511,0.000000,21.054230,9,"0;1;2;3;5;9;10;12;13"
Root_2512,101.556544,41.331990,8,"1;2;3;5;9;10;12;13"
Root_2513,9.029968,26.383830,8,"0;2;3;5;9;10;12;13"
Root_2514,131.378592,45.961590,7,"2;3;5;9;10;12;13"
Root_2515,0.000000,21.980150,8,"0;1;3;5;9;10;12;13"
Root_2516,100.008384,42.257910,7,"1;3;5;9;10;12;13"
Root_2517,9.616538,27.309750,7,"0;3;5;9;10;12;13"
Root_2518,130.756352,46.887510,6,"3;5;9;10;12;13"
Root_2519,0.000000,22.967798,8,"0;1;2;5;9;10;12;13"
Root_2520,104.329344,43.245558,7,"1;2;5;9;10;12;13"
Root_2521,11.011917,28.297398,7,"0;2;5;9;10;12;13"
Root_2522,136.940118,47.875158,6,"2;5;9;10;12;13"
Root_2523,0.000000,23.893718,7,"0;1;5;9;10;12;13"
Root_2524,103.707104,44.171478,6,"1;5;9;10;12;13"
Root_2525,11.011917,29.223318,6,"0;5;9;10;12;13"
Root_2526,139.771875,48.801078,5,"5;9;10;12;13"
Root_2527,0.000000,20.375222,9,"0;1;2;3;4;9;10;12;13"
Root_2528,105.570250,40.652982,8,"1;2;3;4;9;10;12;13"
Root_2529,14.005942,25.704822,8,"0;2;3;4;9;10;12;13"
Root_2530,130.083690,45.282582,7,"2;3;4;9;10;12;13"
Root_2531,0.000000,21.301142,8,"0;1;3;4;9;10;12;13"
Root_2532,103.096170,41.578902,7,"1;3;4;9;10;12;13"
Root_2533,14.005942,26.630742,7,"0;3;4;9;10;12;13"
Root_2534,128.535530,46.208502,6,"3;4;9;10;12;13"
Root_2535,0.932973,22.288790,8,"0;1;2;4;9;10;12;13"
Root_2536,106.059114,42.566550,7,"1;2;4;9;10;12;13"
Root_2537,16.338915,27.618390,7,"0;2;4;9;10;12;13"
Root_2538,132.682272,47.196150,6,"2;4;9;10;12;13"
Root_2539,0.932973,23.214710,7,"0;1;4;9;10;12;13"
Root_2540,104.510954,43.492470,6,"1;4;9;10;12;13"
Root_2541,16.338915,28.544310,6,"0;4;9;10;12;13"
Root_2542,133.352163,48.122070,5,"4;9;10;12;13"
Root_2543,0.000000,22.597430,8,"0;1;2;3;9;10;12;13"
Root_2544,107.602314,42.875190,7,"1;2;3;9;10;12;13"
Root_2545,14.005942,27.927030,7,"0;2;3;9;10;12;13"
Root_2546,134.842752,47.504790,6,"2;3;9;10;12;13"
Root_2547,0.000000,23.523350,7,"0;1;3;9;10;12;13"
Root_2548,106.054154,43.801110,6,"1;3;9;10;12;13"
Root_2549,14.005942,28.852950,6,"0;3;9;10;12;13"
Root_2550,136.438563,48.430710,5,"3;9;10;12;13"
Root_2551,0.932973,24.510998,7,"0;1;2;9;10;12;13"
Root_2552,110.004746,44.788758,6,"1;2;9;10;12;13"
Root_2553,16.338915,29.840598,6,"0;2;9;10;12;13"
Root_2554,145.327395,49.418358,5,"2;9;10;12;13"
Root_2555,1.399491,25.436918,6,"0;1;9;10;12;13"
Root_2556,110.097184,45.714678,5,"1;9;10;12;13"
Root_2557,16.338915,30.766518,5,"0;9;10;12;13"
Root_2558,149.334755,50.344278,4,"9;10;12;13"
Root_2559,0.000000,11.344416,12,"0;1;2;3;4;5;6;7;8;10;12;13"
Root_2560,55.374298,31.622176,11,"1;2;3;4;5;6;7;8;10;12;13"
Root_2561,0.000000,16.674016,11,"0;2;3;4;5;6;7;8;10;12;13"
Root_2562,82.529466,36.251776,10,"2;3;4;5;6;7;8;10;12;13"
Root_2563,0.000000,12.270336,11,"0;1;3;4;5;6;7;8;10;12;13"
Root_2564,54.426202,32.548096,10,"1;3;4;5;6;7;8;10;12;13"
Root_2565,0.000000,17.599936,10,"0;3;4;5;6;7;8;10;12;13"
Root_2566,79.307162,37.177696,9,"3;4;5;6;7;8;10;12;13"
Root_2567,0.000000,13.257984,11,"0;1;2;4;5;6;7;8;10;12;13"
Root_2568,61.105210,33.535744,10,"1;2;4;5;6;7;8;10;12;13"
Root_2569,0.000000,18.587584,10,"0;2;4;5;6;7;8;10;12;13"
Root_2570,85.104762,38.165344,9,"2;4;5;6;7;8;10;12;13"
Root_2571,0.000000,14.183904,10,"0;1;4;5;6;7;8;10;12;13"
Root_2572,58.243546,34.461664,9,"1;4;5;6;7;8;10;12;13"
Root_2573,0.000000,19.513504,9,"0;4;5;6;7;8;10;12;13"
Root_2574,82.721946,39.091264,8,"4;5;6;7;8;10;12;13"
Root_2575,0.000000,13.566624,11,"0;1;2;3;5;6;7;8;10;12;13"
Root_2576,56.722490,33.844384,10,"1;2;3;5;6;7;8;10;12;13"
Root_2577,0.000000,18.896224,10,"0;2;3;5;6;7;8;10;12;13"
Root_2578,83.813306,38.473984,9,"2;3;5;6;7;8;10;12;13"
Root_2579,0.000000,14.492544,10,"0;1;3;5;6;7;8;10;12;13"
Root_2580,53.552186,34.770304,9,"1;3;5;6;7;8;10;12;13"
Root_2581,0.000000,19.822144,9,"0;3;5;6;7;8;10;12;13"
Root_2582,82.665050,39.399904,8,"3;5;6;7;8;10;12;13"
Root_2583,0.000000,15.480192,10,"0;1;2;5;6;7;8;10;12;13"
Root_2584,60.539834,35.757952,9,"1;2;5;6;7;8;10;12;13"
Root_2585,0.000000,20.809792,9,"0;2;5;6;7;8;10;12;13"
Root_2586,88.215738,40.387552,8,"2;5;6;7;8;10;12;13"
Root_2587,0.000000,16.406112,9,"0;1;5;6;7;8;10;12;13"
Root_2588,57.823706,36.683872,8,"1;5;6;7;8;10;12;13"
Root_2589,0.000000,21.735712,8,"0;5;6;7;8;10;12;13"
Root_2590,87.906970,41.313472,7,"5;6;7;8;10;12;13"
Root_2591,0.000000,12.887616,11,"0;1;2;3;4;6;7;8;10;12;13"
Root_2592,61.547098,33.165376,10,"1;2;3;4;6;7;8;10;12;13"
Root_2593,0.000000,18.217216,10,"0;2;3;4;6;7;8;10;12;13"
Root_2594,89.944282,37.794976,9,"2;3;4;6;7;8;10;12;13"
Root_2595,0.000000,13.813536,10,"0;1;3;4;6;7;8;10;12;13"
Root_2596,59.055802,34.091296,9,"1;3;4;6;7;8;10;12;13"
Root_2597,0.000000,19.143136,9,"0;3;4;6;7;8;10;12;13"
Root_2598,87.470202,38.720896,8,"3;4;6;7;8;10;12;13"
Root_2599,0.000000,14.801184,10,"0;1;2;4;6;7;8;10;12;13"
Root_2600,65.734810,35.078944,9,"1;2;4;6;7;8;10;12;13"
Root_2601,0.000000,20.130784,9,"0;2;4;6;7;8;10;12;13"
Root_2602,92.433146,39.708544,8,"2;4;6;7;8;10;12;13"
Root_2603,0.000000,15.727104,9,"0;1;4;6;7;8;10;12;13"
Root_2604,62.334810,36.004864,8,"1;4;6;7;8;10;12;13"
Root_2605,0.000000,21.056704,8,"0;4;6;7;8;10;12;13"
Root_2606,90.884986,40.634464,7,"4;6;7;8;10;12;13"
Root_2607,0.000000,15.109824,10,"0;1;2;3;6;7;8;10;12;13"
Root_2608,61.352090,35.387584,9,"1;2;3;6;7;8;10;12;13"
Root_2609,0.000000,20.439424,9,"0;2;3;6;7;8;10;12;13"
Root_2610,92.993530,40.017184,8,"2;3;6;7;8;10;12;13"
Root_2611,0.000000,16.035744,9,"0;1;3;6;7;8;10;12;13"
Root_2612,58.265594,36.313504,8,"1;3;6;7;8;10;12;13"
Root_2613,0.000000,21.365344,8,"0;3;6;7;8;10;12;13"
Root_2614,92.371290,40.943104,7,"3;6;7;8;10;12;13"
Root_2615,0.000000,17.023392,9,"0;1;2;6;7;8;10;12;13"
Root_2616,65.228538,37.301152,8,"1;2;6;7;8;10;12;13"
Root_2617,0.000000,22.352992,8,"0;2;6;7;8;10;12;13"
Root_2618,97.309530,41.930752,7,"2;6;7;8;10;12;13"
Root_2619,0.000000,17.949312,8,"0;1;6;7;8;10;12;13"
Root_2620,63.680378,38.227072,7,"1;6;7;8;10;12;13"
Root_2621,0.000000,23.278912,7,"0;6;7;8;10;12;13"
Root_2622,97.613210,42.856672,6,"6;7;8;10;12;13"
Root_2623,0.000000,13.770326,11,"0;1;2;3;4;5;7;8;10;12;13"
Root_2624,65.118570,34.048086,10,"1;2;3;4;5;7;8;10;12;13"
Root_2625,0.000000,19.099926,10,"0;2;3;4;5;7;8;10;12;13"
Root_2626,93.561536,38.677686,9,"2;3;4;5;7;8;10;12;13"
Root_2627,0.000000,14.696246,10,"0;1;3;4;5;7;8;10;12;13"
Root_2628,61.744563,34.974006,9,"1;3;4;5;7;8;10;12;13"
Root_2629,0.000000,20.025846,9,"0;3;4;5;7;8;10;12;13"
Root_2630,91.691062,39.603606,8,"3;4;5;7;8;10;12;13"
Root_2631,0.000000,15.683894,10,"0;1;2;4;5;7;8;10;12;13"
Root_2632,68.732211,35.961654,9,"1;2;4;5;7;8;10;12;13"
Root_2633,0.000000,21.013494,9,"0;2;4;5;7;8;10;12;13"
Root_2634,96.050400,40.591254,8,"2;4;5;7;8;10;12;13"
Root_2635,0.000000,16.609814,9,"0;1;4;5;7;8;10;12;13"
Root_2636,65.332211,36.887574,8,"1;4;5;7;8;10;12;13"
Root_2637,0.000000,21.939414,8,"0;4;5;7;8;10;12;13"
Root_2638,95.019414,41.517174,7,"4;5;7;8;10;12;13"
Root_2639,0.000000,15.992534,10,"0;1;2;3;5;7;8;10;12;13"
Root_2640,64.619786,36.270294,9,"1;2;3;5;7;8;10;12;13"
Root_2641,0.000000,21.322134,9,"0;2;3;5;7;8;10;12;13"
Root_2642,97.736832,40.899894,8,"2;3;5;7;8;10;12;13"
Root_2643,0.000000,16.918454,9,"0;1;3;5;7;8;10;12;13"
Root_2644,62.341920,37.196214,8,"1;3;5;7;8;10;12;13"
Root_2645,0.000000,22.248054,8,"0;3;5;7;8;10;12;13"
Root_2646,97.114592,41.825814,7,"3;5;7;8;10;12;13"
Root_2647,0.000000,17.906102,9,"0;1;2;5;7;8;10;12;13"
Root_2648,69.108650,38.183862,8,"1;2;5;7;8;10;12;13"
Root_2649,0.000000,23.235702,8,"0;2;5;7;8;10;12;13"
Root_2650,102.118134,42.813462,7,"2;5;7;8;10;12;13"
Root_2651,0.000000,18.832022,8,"0;1;5;7;8;10;12;13"
Root_2652,67.670272,39.109782,7,"1;5;7;8;10;12;13"
Root_2653,0.000000,24.161622,7,"0;5;7;8;10;12;13"
Root_2654,102.421814,43.739382,6,"5;7;8;10;12;13"
Root_2655,0.000000,15.313526,10,"0;1;2;3;4;7;8;10;12;13"
Root_2656,72.834570,35.591286,9,"1;2;3;4;7;8;10;12;13"
Root_2657,0.000000,20.643126,9,"0;2;3;4;7;8;10;12;13"
Root_2658,101.198560,40.220886,8,"2;3;4;7;8;10;12;13"
Root_2659,0.000000,16.239446,9,"0;1;3;4;7;8;10;12;13"
Root_2660,69.434570,36.517206,8,"1;3;4;7;8;10;12;13"
Root_2661,0.000000,21.569046,8,"0;3;4;7;8;10;12;13"
Root_2662,99.650400,41.146806,7,"3;4;7;8;10;12;13"
Root_2663,0.000000,17.227094,9,"0;1;2;4;7;8;10;12;13"
Root_2664,75.409866,37.504854,8,"1;2;4;7;8;10;12;13"
Root_2665,0.438102,22.556694,8,"0;2;4;7;8;10;12;13"
Root_2666,103.600992,42.134454,7,"2;4;7;8;10;12;13"
Root_2667,0.000000,18.153014,8,"0;1;4;7;8;10;12;13"
Root_2668,72.935786,38.430774,7,"1;4;7;8;10;12;13"
Root_2669,0.438102,23.482614,7,"0;4;7;8;10;12;13"
Root_2670,102.978752,43.060374,6,"4;7;8;10;12;13"
Root_2671,0.000000,17.535734,9,"0;1;2;3;7;8;10;12;13"
Root_2672,73.149280,37.813494,8,"1;2;3;7;8;10;12;13"
Root_2673,0.000000,22.865334,8,"0;2;3;7;8;10;12;13"
Root_2674,105.452832,42.443094,7,"2;3;7;8;10;12;13"
Root_2675,0.000000,18.461654,8,"0;1;3;7;8;10;12;13"
Root_2676,71.601120,38.739414,7,"1;3;7;8;10;12;13"
Root_2677,0.000000,23.791254,7,"0;3;7;8;10;12;13"
Root_2678,104.830592,43.369014,6,"3;7;8;10;12;13"
Root_2679,0.000000,19.449302,8,"0;1;2;7;8;10;12;13"
Root_2680,77.551712,39.727062,7,"1;2;7;8;10;12;13"
Root_2681,0.438102,24.778902,7,"0;2;7;8;10;12;13"
Root_2682,109.768832,44.356662,6,"2;7;8;10;12;13"
Root_2683,0.000000,20.375222,7,"0;1;7;8;10;12;13"
Root_2684,76.929472,40.652982,6,"1;7;8;10;12;13"
Root_2685,1.172525,25.704822,6,"0;7;8;10;12;13"
Root_2686,110.072512,45.282582,5,"7;8;10;12;13"
Root_2687,0.000000,14.369088,11,"0;1;2;3;4;5;6;8;10;12;13"
Root_2688,69.112378,34.646848,10,"1;2;3;4;5;6;8;10;12;13"
Root_2689,0.000000,19.698688,10,"0;2;3;4;5;6;8;10;12;13"
Root_2690,98.673891,39.276448,9,"2;3;4;5;6;8;10;12;13"
Root_2691,0.000000,15.295008,10,"0;1;3;4;5;6;8;10;12;13"
Root_2692,65.712378,35.572768,9,"1;3;4;5;6;8;10;12;13"
Root_2693,0.000000,20.624608,9,"0;3;4;5;6;8;10;12;13"
Root_2694,97.125731,40.202368,8,"3;4;5;6;8;10;12;13"
Root_2695,0.000000,16.282656,10,"0;1;2;4;5;6;8;10;12;13"
Root_2696,72.127258,36.560416,9,"1;2;4;5;6;8;10;12;13"
Root_2697,0.000000,21.612256,9,"0;2;4;5;6;8;10;12;13"
Root_2698,101.076323,41.190016,8,"2;4;5;6;8;10;12;13"
Root_2699,0.000000,17.208576,9,"0;1;4;5;6;8;10;12;13"
Root_2700,69.213594,37.486336,8,"1;4;5;6;8;10;12;13"
Root_2701,0.000000,22.538176,8,"0;4;5;6;8;10;12;13"
Root_2702,100.454083,42.115936,7,"4;5;6;8;10;12;13"
Root_2703,0.000000,16.591296,10,"0;1;2;3;5;6;8;10;12;13"
Root_2704,68.613594,36.869056,9,"1;2;3;5;6;8;10;12;13"
Root_2705,0.000000,21.920896,9,"0;2;3;5;6;8;10;12;13"
Root_2706,103.221859,41.498656,8,"2;3;5;6;8;10;12;13"
Root_2707,0.000000,17.517216,9,"0;1;3;5;6;8;10;12;13"
Root_2708,66.934490,37.794976,8,"1;3;5;6;8;10;12;13"
Root_2709,0.000000,22.846816,8,"0;3;5;6;8;10;12;13"
Root_2710,102.599619,42.424576,7,"3;5;6;8;10;12;13"
Root_2711,0.000000,18.504864,9,"0;1;2;5;6;8;10;12;13"
Root_2712,73.102458,38.782624,8,"1;2;5;6;8;10;12;13"
Root_2713,0.000000,23.834464,8,"0;2;5;6;8;10;12;13"
Root_2714,107.908227,43.412224,7,"2;5;6;8;10;12;13"
Root_2715,0.000000,19.430784,8,"0;1;5;6;8;10;12;13"
Root_2716,72.262842,39.708544,7,"1;5;6;8;10;12;13"
Root_2717,0.000000,24.760384,7,"0;5;6;8;10;12;13"
Root_2718,108.211907,44.338144,6,"5;6;8;10;12;13"
Root_2719,0.000000,15.912288,10,"0;1;2;3;4;6;8;10;12;13"
Root_2720,76.519738,36.190048,9,"1;2;3;4;6;8;10;12;13"
Root_2721,0.005942,21.241888,9,"0;2;3;4;6;8;10;12;13"
Root_2722,106.389891,40.819648,8,"2;3;4;6;8;10;12;13"
Root_2723,0.000000,16.838208,9,"0;1;3;4;6;8;10;12;13"
Root_2724,73.235706,37.115968,8,"1;3;4;6;8;10;12;13"
Root_2725,0.005942,22.167808,8,"0;3;4;6;8;10;12;13"
Root_2726,104.841731,41.745568,7,"3;4;6;8;10;12;13"
Root_2727,0.000000,17.825856,9,"0;1;2;4;6;8;10;12;13"
Root_2728,79.095034,38.103616,8,"1;2;4;6;8;10;12;13"
Root_2729,1.042806,23.155456,8,"0;2;4;6;8;10;12;13"
Root_2730,108.792323,42.733216,7,"2;4;6;8;10;12;13"
Root_2731,0.000000,18.751776,8,"0;1;4;6;8;10;12;13"
Root_2732,76.650490,39.029536,7,"1;4;6;8;10;12;13"
Root_2733,1.042806,24.081376,7,"0;4;6;8;10;12;13"
Root_2734,108.170083,43.659136,6,"4;6;8;10;12;13"
Root_2735,0.000000,18.134496,9,"0;1;2;3;6;8;10;12;13"
Root_2736,77.741850,38.412256,8,"1;2;3;6;8;10;12;13"
Root_2737,0.005942,23.464096,8,"0;2;3;6;8;10;12;13"
Root_2738,110.644163,43.041856,7,"2;3;6;8;10;12;13"
Root_2739,0.000000,19.060416,8,"0;1;3;6;8;10;12;13"
Root_2740,76.531866,39.338176,7,"1;3;6;8;10;12;13"
Root_2741,0.005942,24.390016,7,"0;3;6;8;10;12;13"
Root_2742,110.021923,43.967776,6,"3;6;8;10;12;13"
Root_2743,0.000000,20.048064,8,"0;1;2;6;8;10;12;13"
Root_2744,82.144282,40.325824,7,"1;2;6;8;10;12;13"
Root_2745,1.450070,25.377664,7,"0;2;6;8;10;12;13"
Root_2746,114.960163,44.955424,6,"2;6;8;10;12;13"
Root_2747,0.000000,20.973984,7,"0;1;6;8;10;12;13"
Root_2748,81.773786,41.251744,6,"1;6;8;10;12;13"
Root_2749,2.375990,26.303584,6,"0;6;8;10;12;13"
Root_2750,115.263843,45.881344,5,"6;8;10;12;13"
Root_2751,0.000000,16.794998,10,"0;1;2;3;4;5;8;10;12;13"
Root_2752,79.632106,37.072758,9,"1;2;3;4;5;8;10;12;13"
Root_2753,0.468749,22.124598,9,"0;2;3;4;5;8;10;12;13"
Root_2754,110.149120,41.702358,8,"2;3;4;5;8;10;12;13"
Root_2755,0.000000,17.720918,9,"0;1;3;4;5;8;10;12;13"
Root_2756,77.158026,37.998678,8,"1;3;4;5;8;10;12;13"
Root_2757,0.468749,23.050518,8,"0;3;4;5;8;10;12;13"
Root_2758,108.600960,42.628278,7,"3;4;5;8;10;12;13"
Root_2759,0.000000,18.708566,9,"0;1;2;4;5;8;10;12;13"
Root_2760,82.134643,38.986326,8,"1;2;4;5;8;10;12;13"
Root_2761,2.524131,24.038166,8,"0;2;4;5;8;10;12;13"
Root_2762,112.921920,43.615926,7,"2;4;5;8;10;12;13"
Root_2763,0.000000,19.634486,8,"0;1;4;5;8;10;12;13"
Root_2764,80.572810,39.912246,7,"1;4;5;8;10;12;13"
Root_2765,2.524131,24.964086,7,"0;4;5;8;10;12;13"
Root_2766,112.299680,44.541846,6,"4;5;8;10;12;13"
Root_2767,0.000000,19.017206,9,"0;1;2;3;5;8;10;12;13"
Root_2768,81.962710,39.294966,8,"1;2;3;5;8;10;12;13"
Root_2769,0.468749,24.346806,8,"0;2;3;5;8;10;12;13"
Root_2770,115.082400,43.924566,7,"2;3;5;8;10;12;13"
Root_2771,0.000000,19.943126,8,"0;1;3;5;8;10;12;13"
Root_2772,81.340470,40.220886,7,"1;3;5;8;10;12;13"
Root_2773,0.771075,25.272726,7,"0;3;5;8;10;12;13"
Root_2774,114.460160,44.850486,6,"3;5;8;10;12;13"
Root_2775,0.000000,20.930774,8,"0;1;2;5;8;10;12;13"
Root_2776,86.278710,41.208534,7,"1;2;5;8;10;12;13"
Root_2777,4.030000,26.260374,7,"0;2;5;8;10;12;13"
Root_2778,119.768768,45.838134,6,"2;5;8;10;12;13"
Root_2779,0.000000,21.856694,7,"0;1;5;8;10;12;13"
Root_2780,86.582390,42.134454,6,"1;5;8;10;12;13"
Root_2781,4.740026,27.186294,6,"0;5;8;10;12;13"
Root_2782,120.072448,46.764054,5,"5;8;10;12;13"
Root_2783,0.000000,18.338198,9,"0;1;2;3;4;8;10;12;13"
Root_2784,87.348106,38.615958,8,"1;2;3;4;8;10;12;13"
Root_2785,3.555149,23.667798,8,"0;2;3;4;8;10;12;13"
Root_2786,115.824522,43.245558,7,"2;3;4;8;10;12;13"
Root_2787,0.000000,19.264118,8,"0;1;3;4;8;10;12;13"
Root_2788,85.415904,39.541878,7,"1;3;4;8;10;12;13"
Root_2789,3.555149,24.593718,7,"0;3;4;8;10;12;13"
Root_2790,114.276362,44.171478,6,"3;4;8;10;12;13"
Root_2791,0.000000,20.251766,8,"0;1;2;4;8;10;12;13"
Root_2792,89.836970,40.529526,7,"1;2;4;8;10;12;13"
Root_2793,7.764698,25.581366,7,"0;2;4;8;10;12;13"
Root_2794,118.226954,45.159126,6,"2;4;8;10;12;13"
Root_2795,0.000000,21.177686,7,"0;1;4;8;10;12;13"
Root_2796,88.744256,41.455446,6,"1;4;8;10;12;13"
Root_2797,8.690618,26.507286,6,"0;4;8;10;12;13"
Root_2798,117.604714,46.085046,5,"4;8;10;12;13"
Root_2799,0.000000,20.560406,8,"0;1;2;3;8;10;12;13"
Root_2800,91.218336,40.838166,7,"1;2;3;8;10;12;13"
Root_2801,4.474755,25.890006,7,"0;2;3;8;10;12;13"
Root_2802,120.078794,45.467766,6,"2;3;8;10;12;13"
Root_2803,0.000000,21.486326,7,"0;1;3;8;10;12;13"
Root_2804,90.596096,41.764086,6,"1;3;8;10;12;13"
Root_2805,5.400675,26.815926,6,"0;3;8;10;12;13"
Root_2806,119.456554,46.393686,5,"3;8;10;12;13"
Root_2807,0.000000,22.473974,7,"0;1;2;8;10;12;13"
Root_2808,95.534336,42.751734,6,"1;2;8;10;12;13"
Root_2809,9.468717,27.803574,6,"0;2;8;10;12;13"
Root_2810,124.776128,47.381334,5,"2;8;10;12;13"
Root_2811,0.000000,23.399894,6,"0;1;8;10;12;13"
Root_2812,95.838016,43.677654,5,"1;8;10;12;13"
Root_2813,9.468717,28.729494,5,"0;8;10;12;13"
Root_2814,126.927491,48.307254,4,"8;10;12;13"
Root_2815,0.000000,15.974016,11,"0;1;2;3;4;5;6;7;10;12;13"
Root_2816,76.529466,36.251776,10,"1;2;3;4;5;6;7;10;12;13"
Root_2817,0.000000,21.303616,10,"0;2;3;4;5;6;7;10;12;13"
Root_2818,110.056515,40.881376,9,"2;3;4;5;6;7;10;12;13"
Root_2819,0.000000,16.899936,10,"0;1;3;4;5;6;7;10;12;13"
Root_2820,73.307162,37.177696,9,"1;3;4;5;6;7;10;12;13"
Root_2821,0.000000,22.229536,9,"0;3;4;5;6;7;10;12;13"
Root_2822,108.508355,41.807296,8,"3;4;5;6;7;10;12;13"
Root_2823,0.000000,17.887584,10,"0;1;2;4;5;6;7;10;12;13"
Root_2824,79.104762,38.165344,9,"1;2;4;5;6;7;10;12;13"
Root_2825,1.098592,23.217184,9,"0;2;4;5;6;7;10;12;13"
Root_2826,112.505731,42.794944,8,"2;4;5;6;7;10;12;13"
Root_2827,0.000000,18.813504,9,"0;1;4;5;6;7;10;12;13"
Root_2828,76.721946,39.091264,8,"1;4;5;6;7;10;12;13"
Root_2829,1.098592,24.143104,8,"0;4;5;6;7;10;12;13"
Root_2830,111.883491,43.720864,7,"4;5;6;7;10;12;13"
Root_2831,0.000000,18.196224,10,"0;1;2;3;5;6;7;10;12;13"
Root_2832,77.813306,38.473984,9,"1;2;3;5;6;7;10;12;13"
Root_2833,0.000000,23.525824,9,"0;2;3;5;6;7;10;12;13"
Root_2834,114.666211,43.103584,8,"2;3;5;6;7;10;12;13"
Root_2835,0.000000,19.122144,9,"0;1;3;5;6;7;10;12;13"
Root_2836,76.665050,39.399904,8,"1;3;5;6;7;10;12;13"
Root_2837,0.000000,24.451744,8,"0;3;5;6;7;10;12;13"
Root_2838,114.043971,44.029504,7,"3;5;6;7;10;12;13"
Root_2839,0.000000,20.109792,9,"0;1;2;5;6;7;10;12;13"
Root_2840,82.215738,40.387552,8,"1;2;5;6;7;10;12;13"
Root_2841,1.567584,25.439392,8,"0;2;5;6;7;10;12;13"
Root_2842,119.369731,45.017152,7,"2;5;6;7;10;12;13"
Root_2843,0.000000,21.035712,8,"0;1;5;6;7;10;12;13"
Root_2844,81.906970,41.313472,7,"1;5;6;7;10;12;13"
Root_2845,2.493504,26.365312,7,"0;5;6;7;10;12;13"
Root_2846,120.599331,45.943072,6,"5;6;7;10;12;13"
Root_2847,0.000000,17.517216,10,"0;1;2;3;4;6;7;10;12;13"
Root_2848,83.944282,37.794976,9,"1;2;3;4;6;7;10;12;13"
Root_2849,0.728224,22.846816,9,"0;2;3;4;6;7;10;12;13"
Root_2850,116.229315,42.424576,8,"2;3;4;6;7;10;12;13"
Root_2851,0.000000,18.443136,9,"0;1;3;4;6;7;10;12;13"
Root_2852,81.470202,38.720896,8,"1;3;4;6;7;10;12;13"
Root_2853,0.728224,23.772736,8,"0;3;4;6;7;10;12;13"
Root_2854,114.681155,43.350496,7,"3;4;6;7;10;12;13"
Root_2855,0.000000,19.430784,9,"0;1;2;4;6;7;10;12;13"
Root_2856,86.433146,39.708544,8,"1;2;4;6;7;10;12;13"
Root_2857,3.505824,24.760384,8,"0;2;4;6;7;10;12;13"
Root_2858,118.631747,44.338144,7,"2;4;6;7;10;12;13"
Root_2859,0.000000,20.356704,8,"0;1;4;6;7;10;12;13"
Root_2860,84.884986,40.634464,7,"1;4;6;7;10;12;13"
Root_2861,4.221728,25.686304,7,"0;4;6;7;10;12;13"
Root_2862,118.273571,45.264064,6,"4;6;7;10;12;13"
Root_2863,0.000000,19.739424,9,"0;1;2;3;6;7;10;12;13"
Root_2864,86.993530,40.017184,8,"1;2;3;6;7;10;12;13"
Root_2865,0.826848,25.069024,8,"0;2;3;6;7;10;12;13"
Root_2866,120.483587,44.646784,7,"2;3;6;7;10;12;13"
Root_2867,0.000000,20.665344,8,"0;1;3;6;7;10;12;13"
Root_2868,86.371290,40.943104,7,"1;3;6;7;10;12;13"
Root_2869,1.752768,25.994944,7,"0;3;6;7;10;12;13"
Root_2870,120.434051,45.572704,6,"3;6;7;10;12;13"
Root_2871,0.000000,21.652992,8,"0;1;2;6;7;10;12;13"
Root_2872,91.309530,41.930752,7,"1;2;6;7;10;12;13"
Root_2873,6.443936,26.982592,7,"0;2;6;7;10;12;13"
Root_2874,126.359939,46.560352,6,"2;6;7;10;12;13"
Root_2875,0.000000,22.578912,7,"0;1;6;7;10;12;13"
Root_2876,91.613210,42.856672,6,"1;6;7;10;12;13"
Root_2877,6.443936,27.908512,6,"0;6;7;10;12;13"
Root_2878,127.589539,47.486272,5,"6;7;10;12;13"
Root_2879,0.000000,18.399926,10,"0;1;2;3;4;5;7;10;12;13"
Root_2880,87.561536,38.677686,9,"1;2;3;4;5;7;10;12;13"
Root_2881,1.610934,23.729526,9,"0;2;3;4;5;7;10;12;13"
Root_2882,119.988544,43.307286,8,"2;3;4;5;7;10;12;13"
Root_2883,0.000000,19.325846,9,"0;1;3;4;5;7;10;12;13"
Root_2884,85.691062,39.603606,8,"1;3;4;5;7;10;12;13"
Root_2885,1.610934,24.655446,8,"0;3;4;5;7;10;12;13"
Root_2886,118.440384,44.233206,7,"3;4;5;7;10;12;13"
Root_2887,0.000000,20.313494,9,"0;1;2;4;5;7;10;12;13"
Root_2888,90.050400,40.591254,8,"1;2;4;5;7;10;12;13"
Root_2889,5.943939,25.643094,8,"0;2;4;5;7;10;12;13"
Root_2890,122.982198,45.220854,7,"2;4;5;7;10;12;13"
Root_2891,0.000000,21.239414,8,"0;1;4;5;7;10;12;13"
Root_2892,89.019414,41.517174,7,"1;4;5;7;10;12;13"
Root_2893,6.869859,26.569014,7,"0;4;5;7;10;12;13"
Root_2894,123.285878,46.146774,6,"4;5;7;10;12;13"
Root_2895,0.000000,20.622134,9,"0;1;2;3;5;7;10;12;13"
Root_2896,91.736832,40.899894,8,"1;2;3;5;7;10;12;13"
Root_2897,2.592269,25.951734,8,"0;2;3;5;7;10;12;13"
Root_2898,125.451318,45.529494,7,"2;3;5;7;10;12;13"
Root_2899,0.000000,21.548054,8,"0;1;3;5;7;10;12;13"
Root_2900,91.114592,41.825814,7,"1;3;5;7;10;12;13"
Root_2901,3.518189,26.877654,7,"0;3;5;7;10;12;13"
Root_2902,125.754998,46.455414,6,"3;5;7;10;12;13"
Root_2903,0.000000,22.535702,8,"0;1;2;5;7;10;12;13"
Root_2904,96.118134,42.813462,7,"1;2;5;7;10;12;13"
Root_2905,7.524502,27.865302,7,"0;2;5;7;10;12;13"
Root_2906,132.494317,47.443062,6,"2;5;7;10;12;13"
Root_2907,0.000000,23.461622,7,"0;1;5;7;10;12;13"
Root_2908,96.421814,43.739382,6,"1;5;7;10;12;13"
Root_2909,7.524502,28.791222,6,"0;5;7;10;12;13"
Root_2910,135.018819,48.368982,5,"5;7;10;12;13"
Root_2911,0.000000,19.943126,9,"0;1;2;3;4;7;10;12;13"
Root_2912,95.198560,40.220886,8,"1;2;3;4;7;10;12;13"
Root_2913,5.900538,25.272726,8,"0;2;3;4;7;10;12;13"
Root_2914,124.059018,44.850486,7,"2;3;4;7;10;12;13"
Root_2915,0.000000,20.869046,8,"0;1;3;4;7;10;12;13"
Root_2916,93.650400,41.146806,7,"1;3;4;7;10;12;13"
Root_2917,6.826458,26.198646,7,"0;3;4;7;10;12;13"
Root_2918,123.287264,45.776406,6,"3;4;7;10;12;13"
Root_2919,0.000000,21.856694,8,"0;1;2;4;7;10;12;13"
Root_2920,97.600992,42.134454,7,"1;2;4;7;10;12;13"
Root_2921,9.505805,27.186294,7,"0;2;4;7;10;12;13"
Root_2922,128.225504,46.764054,6,"2;4;7;10;12;13"
Root_2923,0.000000,22.782614,7,"0;1;4;7;10;12;13"
Root_2924,96.978752,43.060374,6,"1;4;7;10;12;13"
Root_2925,9.505805,28.112214,6,"0;4;7;10;12;13"
Root_2926,129.219158,47.689974,5,"4;7;10;12;13"
Root_2927,0.000000,22.165334,8,"0;1;2;3;7;10;12;13"
Root_2928,99.452832,42.443094,7,"1;2;3;7;10;12;13"
Root_2929,8.221837,27.494934,7,"0;2;3;7;10;12;13"
Root_2930,130.458678,47.072694,6,"2;3;7;10;12;13"
Root_2931,0.000000,23.091254,7,"0;1;3;7;10;12;13"
Root_2932,98.830592,43.369014,6,"1;3;7;10;12;13"
Root_2933,8.221837,28.420854,6,"0;3;7;10;12;13"
Root_2934,131.688278,47.998614,5,"3;7;10;12;13"
Root_2935,0.000000,24.078902,7,"0;1;2;7;10;12;13"
Root_2936,103.768832,44.356662,6,"1;2;7;10;12;13"
Root_2937,9.505805,29.408502,6,"0;2;7;10;12;13"
Root_2938,140.574339,48.986262,5,"2;7;10;12;13"
Root_2939,0.034422,25.004822,6,"0;1;7;10;12;13"
Root_2940,104.355094,45.282582,5,"1;7;10;12;13"
Root_2941,9.505805,30.334422,5,"0;7;10;12;13"
Root_2942,144.581699,49.912182,4,"7;10;12;13"
Root_2943,0.000000,18.998688,10,"0;1;2;3;4;5;6;10;12;13"
Root_2944,92.673891,39.276448,9,"1;2;3;4;5;6;10;12;13"
Root_2945,2.764896,24.328288,9,"0;2;3;4;5;6;10;12;13"
Root_2946,125.778637,43.906048,8,"2;3;4;5;6;10;12;13"
Root_2947,0.000000,19.924608,9,"0;1;3;4;5;6;10;12;13"
Root_2948,91.125731,40.202368,8,"1;3;4;5;6;10;12;13"
Root_2949,3.048704,25.254208,8,"0;3;4;5;6;10;12;13"
Root_2950,124.230477,44.831968,7,"3;4;5;6;10;12;13"
Root_2951,0.000000,20.912256,9,"0;1;2;4;5;6;10;12;13"
Root_2952,95.076323,41.190016,8,"1;2;4;5;6;10;12;13"
Root_2953,8.060896,26.241856,8,"0;2;4;5;6;10;12;13"
Root_2954,129.371053,45.819616,7,"2;4;5;6;10;12;13"
Root_2955,0.000000,21.838176,8,"0;1;4;5;6;10;12;13"
Root_2956,94.454083,42.115936,7,"1;4;5;6;10;12;13"
Root_2957,8.123264,27.167776,7,"0;4;5;6;10;12;13"
Root_2958,129.674733,46.745536,6,"4;5;6;10;12;13"
Root_2959,0.000000,21.220896,9,"0;1;2;3;5;6;10;12;13"
Root_2960,97.221859,41.498656,8,"1;2;3;5;6;10;12;13"
Root_2961,4.851008,26.550496,8,"0;2;3;5;6;10;12;13"
Root_2962,131.840173,46.128256,7,"2;3;5;6;10;12;13"
Root_2963,0.000000,22.146816,8,"0;1;3;5;6;10;12;13"
Root_2964,96.599619,42.424576,7,"1;3;5;6;10;12;13"
Root_2965,5.270912,27.476416,7,"0;3;5;6;10;12;13"
Root_2966,132.143853,47.054176,6,"3;5;6;10;12;13"
Root_2967,0.000000,23.134464,8,"0;1;2;5;6;10;12;13"
Root_2968,101.908227,43.412224,7,"1;2;5;6;10;12;13"
Root_2969,8.123264,28.464064,7,"0;2;5;6;10;12;13"
Root_2970,138.523757,48.041824,6,"2;5;6;10;12;13"
Root_2971,0.000000,24.060384,7,"0;1;5;6;10;12;13"
Root_2972,102.211907,44.338144,6,"1;5;6;10;12;13"
Root_2973,8.123264,29.389984,6,"0;5;6;10;12;13"
Root_2974,141.605197,48.967744,5,"5;6;10;12;13"
Root_2975,0.000000,20.541888,9,"0;1;2;3;4;6;10;12;13"
Root_2976,100.389891,40.819648,8,"1;2;3;4;6;10;12;13"
Root_2977,8.301526,25.871488,8,"0;2;3;4;6;10;12;13"
Root_2978,129.699597,45.449248,7,"2;3;4;6;10;12;13"
Root_2979,0.000000,21.467808,8,"0;1;3;4;6;10;12;13"
Root_2980,98.841731,41.745568,7,"1;3;4;6;10;12;13"
Root_2981,9.227446,26.797408,7,"0;3;4;6;10;12;13"
Root_2982,129.077357,46.375168,6,"3;4;6;10;12;13"
Root_2983,0.336864,22.455456,8,"0;1;2;4;6;10;12;13"
Root_2984,102.792323,42.733216,7,"1;2;4;6;10;12;13"
Root_2985,10.709270,27.785056,7,"0;2;4;6;10;12;13"
Root_2986,134.015597,47.362816,6,"2;4;6;10;12;13"
Root_2987,0.336864,23.381376,7,"0;1;4;6;10;12;13"
Root_2988,102.170083,43.659136,6,"1;4;6;10;12;13"
Root_2989,10.709270,28.710976,6,"0;4;6;10;12;13"
Root_2990,135.185485,48.288736,5,"4;6;10;12;13"
Root_2991,0.000000,22.764096,8,"0;1;2;3;6;10;12;13"
Root_2992,104.644163,43.041856,7,"1;2;3;6;10;12;13"
Root_2993,9.425302,28.093696,7,"0;2;3;6;10;12;13"
Root_2994,136.176077,47.671456,6,"2;3;6;10;12;13"
Root_2995,0.000000,23.690016,7,"0;1;3;6;10;12;13"
Root_2996,104.021923,43.967776,6,"1;3;6;10;12;13"
Root_2997,9.425302,29.019616,6,"0;3;6;10;12;13"
Root_2998,138.271885,48.597376,5,"3;6;10;12;13"
Root_2999,0.336864,24.677664,7,"0;1;2;6;10;12;13"
Root_3000,108.960163,44.955424,6,"1;2;6;10;12;13"
Root_3001,10.709270,30.007264,6,"0;2;6;10;12;13"
Root_3002,147.160717,49.585024,5,"2;6;10;12;13"
Root_3003,0.970048,25.603584,6,"0;1;6;10;12;13"
Root_3004,110.145187,45.881344,5,"1;6;10;12;13"
Root_3005,10.709270,30.933184,5,"0;6;10;12;13"
Root_3006,151.168077,50.510944,4,"6;10;12;13"
Root_3007,0.000000,21.424598,9,"0;1;2;3;4;5;10;12;13"
Root_3008,104.149120,41.702358,8,"1;2;3;4;5;10;12;13"
Root_3009,11.017923,26.754198,8,"0;2;3;4;5;10;12;13"
Root_3010,134.341536,46.331958,7,"2;3;4;5;10;12;13"
Root_3011,0.000000,22.350518,8,"0;1;3;4;5;10;12;13"
Root_3012,102.600960,42.628278,7,"1;3;4;5;10;12;13"
Root_3013,11.017923,27.680118,7,"0;3;4;5;10;12;13"
Root_3014,133.977174,47.257878,6,"3;4;5;10;12;13"
Root_3015,1.219574,23.338166,8,"0;1;2;4;5;10;12;13"
Root_3016,106.921920,43.615926,7,"1;2;4;5;10;12;13"
Root_3017,13.073306,28.667766,7,"0;2;4;5;10;12;13"
Root_3018,140.764483,48.245526,6,"2;4;5;10;12;13"
Root_3019,1.219574,24.264086,7,"0;1;4;5;10;12;13"
Root_3020,106.299680,44.541846,6,"1;4;5;10;12;13"
Root_3021,13.073306,29.593686,6,"0;4;5;10;12;13"
Root_3022,143.845923,49.171446,5,"4;5;10;12;13"
Root_3023,0.000000,23.646806,8,"0;1;2;3;5;10;12;13"
Root_3024,109.082400,43.924566,7,"1;2;3;5;10;12;13"
Root_3025,11.017923,28.976406,7,"0;2;3;5;10;12;13"
Root_3026,144.159523,48.554166,6,"2;3;5;10;12;13"
Root_3027,0.000000,24.572726,7,"0;1;3;5;10;12;13"
Root_3028,108.460160,44.850486,6,"1;3;5;10;12;13"
Root_3029,11.017923,29.902326,6,"0;3;5;10;12;13"
Root_3030,147.240963,49.480086,5,"3;5;10;12;13"
Root_3031,1.809549,25.560374,7,"0;1;2;5;10;12;13"
Root_3032,114.606902,45.838134,6,"1;2;5;10;12;13"
Root_3033,13.289200,30.889974,6,"0;2;5;10;12;13"
Root_3034,156.500163,50.467734,5,"2;5;10;12;13"
Root_3035,2.735469,26.486294,6,"0;1;5;10;12;13"
Root_3036,115.836502,46.764054,5,"1;5;10;12;13"
Root_3037,13.073306,31.815894,5,"0;5;10;12;13"
Root_3038,160.901178,51.393654,4,"5;10;12;13"
Root_3039,0.849206,22.967798,8,"0;1;2;3;4;10;12;13"
Root_3040,109.824522,43.245558,7,"1;2;3;4;10;12;13"
Root_3041,15.555149,28.297398,7,"0;2;3;4;10;12;13"
Root_3042,137.805696,47.875158,6,"2;3;4;10;12;13"
Root_3043,0.849206,23.893718,7,"0;1;3;4;10;12;13"
Root_3044,108.276362,44.171478,6,"1;3;4;10;12;13"
Root_3045,15.555149,29.223318,6,"0;3;4;10;12;13"
Root_3046,140.512611,48.801078,5,"3;4;10;12;13"
Root_3047,3.747789,24.881366,7,"0;1;2;4;10;12;13"
Root_3048,112.386080,45.159126,6,"1;2;4;10;12;13"
Root_3049,19.153731,30.210966,6,"0;2;4;10;12;13"
Root_3050,149.401443,49.788726,5,"2;4;10;12;13"
Root_3051,4.584675,25.807286,6,"0;1;4;10;12;13"
Root_3052,112.689760,46.085046,5,"1;4;10;12;13"
Root_3053,19.153731,31.136886,5,"0;4;10;12;13"
Root_3054,153.408803,50.714646,4,"4;10;12;13"
Root_3055,1.068813,25.190006,7,"0;1;2;3;10;12;13"
Root_3056,114.546560,45.467766,6,"1;2;3;10;12;13"
Root_3057,15.555149,30.519606,6,"0;2;3;10;12;13"
Root_3058,152.796483,50.097366,5,"2;3;10;12;13"
Root_3059,1.994733,26.115926,6,"0;1;3;10;12;13"
Root_3060,114.850240,46.393686,5,"1;3;10;12;13"
Root_3061,15.555149,31.445526,5,"0;3;10;12;13"
Root_3062,156.827130,51.023286,4,"3;10;12;13"
Root_3063,6.747789,27.103574,6,"0;1;2;10;12;13"
Root_3064,121.157462,47.381334,5,"1;2;10;12;13"
Root_3065,20.912826,32.433174,5,"0;2;10;12;13"
Root_3066,167.691258,52.010934,4,"2;10;12;13"
Root_3067,6.747789,28.029494,5,"0;1;10;12;13"
Root_3068,124.234746,48.307254,4,"1;10;12;13"
Root_3069,19.153731,33.359094,4,"0;10;12;13"
Root_3070,173.550458,52.936854,3,"10;12;13"
Root_3071,0.000000,8.977760,12,"0;1;2;3;4;5;6;7;8;9;12;13"
Root_3072,55.955834,29.955520,11,"1;2;3;4;5;6;7;8;9;12;13"
Root_3073,0.000000,15.007360,11,"0;2;3;4;5;6;7;8;9;12;13"
Root_3074,83.023440,34.585120,10,"2;3;4;5;6;7;8;9;12;13"
Root_3075,0.000000,9.903680,11,"0;1;3;4;5;6;7;8;9;12;13"
Root_3076,55.955834,30.881440,10,"1;3;4;5;6;7;8;9;12;13"
Root_3077,0.000000,15.933280,10,"0;3;4;5;6;7;8;9;12;13"
Root_3078,78.923440,35.511040,9,"3;4;5;6;7;8;9;12;13"
Root_3079,0.000000,11.591328,11,"0;1;2;4;5;6;7;8;9;12;13"
Root_3080,60.968186,31.869088,10,"1;2;4;5;6;7;8;9;12;13"
Root_3081,0.000000,16.920928,10,"0;2;4;5;6;7;8;9;12;13"
Root_3082,84.911088,36.498688,9,"2;4;5;6;7;8;9;12;13"
Root_3083,0.000000,12.517248,10,"0;1;4;5;6;7;8;9;12;13"
Root_3084,59.073178,32.795008,9,"1;4;5;6;7;8;9;12;13"
Root_3085,0.000000,17.846848,9,"0;4;5;6;7;8;9;12;13"
Root_3086,82.161616,37.424608,8,"4;5;6;7;8;9;12;13"
Root_3087,0.000000,11.199968,11,"0;1;2;3;5;6;7;8;9;12;13"
Root_3088,56.955834,32.177728,10,"1;2;3;5;6;7;8;9;12;13"
Root_3089,0.000000,17.229568,10,"0;2;3;5;6;7;8;9;12;13"
Root_3090,81.335696,36.807328,9,"2;3;5;6;7;8;9;12;13"
Root_3091,0.000000,12.125888,10,"0;1;3;5;6;7;8;9;12;13"
Root_3092,54.752186,33.103648,9,"1;3;5;6;7;8;9;12;13"
Root_3093,0.000000,18.155488,9,"0;3;5;6;7;8;9;12;13"
Root_3094,79.820784,37.733248,8,"3;5;6;7;8;9;12;13"
Root_3095,0.000000,13.813536,10,"0;1;2;5;6;7;8;9;12;13"
Root_3096,60.073178,34.091296,9,"1;2;5;6;7;8;9;12;13"
Root_3097,0.000000,19.143136,9,"0;2;5;6;7;8;9;12;13"
Root_3098,86.050480,38.720896,8,"2;5;6;7;8;9;12;13"
Root_3099,0.000000,14.739456,9,"0;1;5;6;7;8;9;12;13"
Root_3100,55.973178,35.017216,8,"1;5;6;7;8;9;12;13"
Root_3101,0.000000,20.069056,8,"0;5;6;7;8;9;12;13"
Root_3102,84.728240,39.646816,7,"5;6;7;8;9;12;13"
Root_3103,0.000000,10.520960,11,"0;1;2;3;4;6;7;8;9;12;13"
Root_3104,62.529680,31.498720,10,"1;2;3;4;6;7;8;9;12;13"
Root_3105,0.000000,16.550560,10,"0;2;3;4;6;7;8;9;12;13"
Root_3106,89.034544,36.128320,9,"2;3;4;6;7;8;9;12;13"
Root_3107,0.000000,11.446880,10,"0;1;3;4;6;7;8;9;12;13"
Root_3108,61.005040,32.424640,9,"1;3;4;6;7;8;9;12;13"
Root_3109,0.000000,17.476480,9,"0;3;4;6;7;8;9;12;13"
Root_3110,85.914704,37.054240,8,"3;4;6;7;8;9;12;13"
Root_3111,0.000000,13.134528,10,"0;1;2;4;6;7;8;9;12;13"
Root_3112,66.356816,33.412288,9,"1;2;4;6;7;8;9;12;13"
Root_3113,0.000000,18.464128,9,"0;2;4;6;7;8;9;12;13"
Root_3114,91.835760,38.041888,8,"2;4;6;7;8;9;12;13"
Root_3115,0.000000,14.060448,9,"0;1;4;6;7;8;9;12;13"
Root_3116,62.918608,34.338208,8,"1;4;6;7;8;9;12;13"
Root_3117,0.000000,19.390048,8,"0;4;6;7;8;9;12;13"
Root_3118,89.587600,38.967808,7,"4;6;7;8;9;12;13"
Root_3119,0.000000,12.743168,10,"0;1;2;3;6;7;8;9;12;13"
Root_3120,62.005040,33.720928,9,"1;2;3;6;7;8;9;12;13"
Root_3121,0.000000,18.772768,9,"0;2;3;6;7;8;9;12;13"
Root_3122,90.402224,38.350528,8,"2;3;6;7;8;9;12;13"
Root_3123,0.000000,13.669088,9,"0;1;3;6;7;8;9;12;13"
Root_3124,58.258192,34.646848,8,"1;3;6;7;8;9;12;13"
Root_3125,0.000000,19.698688,8,"0;3;6;7;8;9;12;13"
Root_3126,89.079984,39.276448,7,"3;6;7;8;9;12;13"
Root_3127,0.000000,15.356736,9,"0;1;2;6;7;8;9;12;13"
Root_3128,63.918608,35.634496,8,"1;2;6;7;8;9;12;13"
Root_3129,0.000000,20.686336,8,"0;2;6;7;8;9;12;13"
Root_3130,93.766480,40.264096,7,"2;6;7;8;9;12;13"
Root_3131,0.000000,16.282656,8,"0;1;6;7;8;9;12;13"
Root_3132,60.939440,36.560416,7,"1;6;7;8;9;12;13"
Root_3133,0.000000,21.612256,7,"0;6;7;8;9;12;13"
Root_3134,92.634256,41.190016,6,"6;7;8;9;12;13"
Root_3135,0.000000,11.403670,11,"0;1;2;3;4;5;7;8;9;12;13"
Root_3136,66.011178,32.381430,10,"1;2;3;4;5;7;8;9;12;13"
Root_3137,0.000000,17.433270,10,"0;2;3;4;5;7;8;9;12;13"
Root_3138,92.354208,37.011030,9,"2;3;4;5;7;8;9;12;13"
Root_3139,0.000000,12.329590,10,"0;1;3;4;5;7;8;9;12;13"
Root_3140,63.603827,33.307350,9,"1;3;4;5;7;8;9;12;13"
Root_3141,0.000000,18.359190,9,"0;3;4;5;7;8;9;12;13"
Root_3142,90.106048,37.936950,8,"3;4;5;7;8;9;12;13"
Root_3143,0.000000,14.017238,10,"0;1;2;4;5;7;8;9;12;13"
Root_3144,69.295187,34.294998,9,"1;2;4;5;7;8;9;12;13"
Root_3145,0.000000,19.346838,9,"0;2;4;5;7;8;9;12;13"
Root_3146,95.144394,38.924598,8,"2;4;5;7;8;9;12;13"
Root_3147,0.000000,14.943158,9,"0;1;4;5;7;8;9;12;13"
Root_3148,65.195187,35.220918,8,"1;4;5;7;8;9;12;13"
Root_3149,0.000000,20.272758,8,"0;4;5;7;8;9;12;13"
Root_3150,92.896234,39.850518,7,"4;5;7;8;9;12;13"
Root_3151,0.000000,13.625878,10,"0;1;2;3;5;7;8;9;12;13"
Root_3152,64.603827,34.603638,9,"1;2;3;5;7;8;9;12;13"
Root_3153,0.000000,19.655478,9,"0;2;3;5;7;8;9;12;13"
Root_3154,94.612192,39.233238,8,"2;3;5;7;8;9;12;13"
Root_3155,0.000000,14.551798,9,"0;1;3;5;7;8;9;12;13"
Root_3156,60.503827,35.529558,8,"1;3;5;7;8;9;12;13"
Root_3157,0.000000,20.581398,8,"0;3;5;7;8;9;12;13"
Root_3158,93.289952,40.159158,7,"3;5;7;8;9;12;13"
Root_3159,0.000000,16.239446,9,"0;1;2;5;7;8;9;12;13"
Root_3160,67.008682,36.517206,8,"1;2;5;7;8;9;12;13"
Root_3161,0.000000,21.569046,8,"0;2;5;7;8;9;12;13"
Root_3162,97.240544,41.146806,7,"2;5;7;8;9;12;13"
Root_3163,0.000000,17.165366,8,"0;1;5;7;8;9;12;13"
Root_3164,65.203648,37.443126,7,"1;5;7;8;9;12;13"
Root_3165,0.000000,22.494966,7,"0;5;7;8;9;12;13"
Root_3166,96.844224,42.072726,6,"5;7;8;9;12;13"
Root_3167,0.000000,12.946870,10,"0;1;2;3;4;7;8;9;12;13"
Root_3168,72.875517,33.924630,9,"1;2;3;4;7;8;9;12;13"
Root_3169,0.000000,18.976470,9,"0;2;3;4;7;8;9;12;13"
Root_3170,100.070208,38.554230,8,"2;3;4;7;8;9;12;13"
Root_3171,0.000000,13.872790,9,"0;1;3;4;7;8;9;12;13"
Root_3172,68.924966,34.850550,8,"1;3;4;7;8;9;12;13"
Root_3173,0.000000,19.902390,8,"0;3;4;7;8;9;12;13"
Root_3174,97.822048,39.480150,7,"3;4;7;8;9;12;13"
Root_3175,0.000000,15.560438,9,"0;1;2;4;7;8;9;12;13"
Root_3176,74.789085,35.838198,8,"1;2;4;7;8;9;12;13"
Root_3177,0.000000,20.890038,8,"0;2;4;7;8;9;12;13"
Root_3178,101.317194,40.467798,7,"2;4;7;8;9;12;13"
Root_3179,0.000000,16.486358,8,"0;1;4;7;8;9;12;13"
Root_3180,71.453203,36.764118,7,"1;4;7;8;9;12;13"
Root_3181,0.000000,21.815958,7,"0;4;7;8;9;12;13"
Root_3182,99.462752,41.393718,6,"4;7;8;9;12;13"
Root_3183,0.000000,15.169078,9,"0;1;2;3;7;8;9;12;13"
Root_3184,70.391402,36.146838,8,"1;2;3;7;8;9;12;13"
Root_3185,0.000000,21.198678,8,"0;2;3;7;8;9;12;13"
Root_3186,102.328192,40.776438,7,"2;3;7;8;9;12;13"
Root_3187,0.000000,16.094998,8,"0;1;3;7;8;9;12;13"
Root_3188,68.216000,37.072758,7,"1;3;7;8;9;12;13"
Root_3189,0.000000,22.124598,7,"0;3;7;8;9;12;13"
Root_3190,101.005952,41.702358,6,"3;7;8;9;12;13"
Root_3191,0.000000,17.782646,8,"0;1;2;7;8;9;12;13"
Root_3192,75.106186,38.060406,7,"1;2;7;8;9;12;13"
Root_3193,0.000000,23.112246,7,"0;2;7;8;9;12;13"
Root_3194,104.956544,42.690006,6,"2;7;8;9;12;13"
Root_3195,0.000000,18.708566,7,"0;1;7;8;9;12;13"
Root_3196,73.783946,38.986326,6,"1;7;8;9;12;13"
Root_3197,0.000000,24.038166,6,"0;7;8;9;12;13"
Root_3198,104.560224,43.615926,5,"7;8;9;12;13"
Root_3199,0.000000,12.702432,11,"0;1;2;3;4;5;6;8;9;12;13"
Root_3200,70.196218,32.980192,10,"1;2;3;4;5;6;8;9;12;13"
Root_3201,0.000000,18.032032,10,"0;2;3;4;5;6;8;9;12;13"
Root_3202,97.384922,37.609792,9,"2;3;4;5;6;8;9;12;13"
Root_3203,0.000000,13.628352,10,"0;1;3;4;5;6;8;9;12;13"
Root_3204,67.190106,33.906112,9,"1;3;4;5;6;8;9;12;13"
Root_3205,0.000000,18.957952,9,"0;3;4;5;6;8;9;12;13"
Root_3206,95.136762,38.535712,8,"3;4;5;6;8;9;12;13"
Root_3207,0.000000,14.616000,10,"0;1;2;4;5;6;8;9;12;13"
Root_3208,72.881466,34.893760,9,"1;2;4;5;6;8;9;12;13"
Root_3209,0.000000,19.945600,9,"0;2;4;5;6;8;9;12;13"
Root_3210,99.576346,39.523360,8,"2;4;5;6;8;9;12;13"
Root_3211,0.000000,15.541920,9,"0;1;4;5;6;8;9;12;13"
Root_3212,68.781466,35.819680,8,"1;4;5;6;8;9;12;13"
Root_3213,0.000000,20.871520,8,"0;4;5;6;8;9;12;13"
Root_3214,97.328186,40.449280,7,"4;5;6;8;9;12;13"
Root_3215,0.000000,14.924640,10,"0;1;2;3;5;6;8;9;12;13"
Root_3216,68.190106,35.202400,9,"1;2;3;5;6;8;9;12;13"
Root_3217,0.000000,20.254240,9,"0;2;3;5;6;8;9;12;13"
Root_3218,99.951546,39.832000,8,"2;3;5;6;8;9;12;13"
Root_3219,0.000000,15.850560,9,"0;1;3;5;6;8;9;12;13"
Root_3220,64.346746,36.128320,8,"1;3;5;6;8;9;12;13"
Root_3221,0.000000,21.180160,8,"0;3;5;6;8;9;12;13"
Root_3222,98.629306,40.757920,7,"3;5;6;8;9;12;13"
Root_3223,0.000000,16.838208,9,"0;1;2;5;6;8;9;12;13"
Root_3224,71.309690,37.115968,8,"1;2;5;6;8;9;12;13"
Root_3225,0.000000,22.167808,8,"0;2;5;6;8;9;12;13"
Root_3226,102.579898,41.745568,7,"2;5;6;8;9;12;13"
Root_3227,0.000000,17.764128,8,"0;1;5;6;8;9;12;13"
Root_3228,69.987450,38.041888,7,"1;5;6;8;9;12;13"
Root_3229,0.000000,23.093728,7,"0;5;6;8;9;12;13"
Root_3230,102.183578,42.671488,6,"5;6;8;9;12;13"
Root_3231,0.000000,14.245632,10,"0;1;2;3;4;6;8;9;12;13"
Root_3232,76.566672,34.523392,9,"1;2;3;4;6;8;9;12;13"
Root_3233,0.985974,19.575232,9,"0;2;3;4;6;8;9;12;13"
Root_3234,105.094874,39.152992,8,"2;3;4;6;8;9;12;13"
Root_3235,0.000000,15.171552,9,"0;1;3;4;6;8;9;12;13"
Root_3236,72.466672,35.449312,8,"1;3;4;6;8;9;12;13"
Root_3237,0.985974,20.501152,8,"0;3;4;6;8;9;12;13"
Root_3238,102.846714,40.078912,7,"3;4;6;8;9;12;13"
Root_3239,0.000000,16.159200,9,"0;1;2;4;6;8;9;12;13"
Root_3240,78.454320,36.436960,8,"1;2;4;6;8;9;12;13"
Root_3241,0.985974,21.488800,8,"0;2;4;6;8;9;12;13"
Root_3242,105.809658,41.066560,7,"2;4;6;8;9;12;13"
Root_3243,0.000000,17.085120,8,"0;1;4;6;8;9;12;13"
Root_3244,75.643120,37.362880,7,"1;4;6;8;9;12;13"
Root_3245,0.985974,22.414720,7,"0;4;6;8;9;12;13"
Root_3246,104.487418,41.992480,6,"4;6;8;9;12;13"
Root_3247,0.000000,16.467840,9,"0;1;2;3;6;8;9;12;13"
Root_3248,74.817200,36.745600,8,"1;2;3;6;8;9;12;13"
Root_3249,0.985974,21.797440,8,"0;2;3;6;8;9;12;13"
Root_3250,107.352858,41.375200,7,"2;3;6;8;9;12;13"
Root_3251,0.000000,17.393760,8,"0;1;3;6;8;9;12;13"
Root_3252,73.240560,37.671520,7,"1;3;6;8;9;12;13"
Root_3253,0.985974,22.723360,7,"0;3;6;8;9;12;13"
Root_3254,106.030618,42.301120,6,"3;6;8;9;12;13"
Root_3255,0.000000,18.381408,8,"0;1;2;6;8;9;12;13"
Root_3256,79.531984,38.659168,7,"1;2;6;8;9;12;13"
Root_3257,0.985974,23.711008,7,"0;2;6;8;9;12;13"
Root_3258,109.981210,43.288768,6,"2;6;8;9;12;13"
Root_3259,0.000000,19.307328,7,"0;1;6;8;9;12;13"
Root_3260,78.209744,39.585088,6,"1;6;8;9;12;13"
Root_3261,1.352502,24.636928,6,"0;6;8;9;12;13"
Root_3262,109.584890,44.214688,5,"6;8;9;12;13"
Root_3263,0.000000,15.128342,10,"0;1;2;3;4;5;8;9;12;13"
Root_3264,79.097514,35.406102,9,"1;2;3;4;5;8;9;12;13"
Root_3265,1.162742,20.457942,9,"0;2;3;4;5;8;9;12;13"
Root_3266,108.341760,40.035702,8,"2;3;4;5;8;9;12;13"
Root_3267,0.000000,16.054262,9,"0;1;3;4;5;8;9;12;13"
Root_3268,75.329536,36.332022,8,"1;3;4;5;8;9;12;13"
Root_3269,1.162742,21.383862,8,"0;3;4;5;8;9;12;13"
Root_3270,106.093600,40.961622,7,"3;4;5;8;9;12;13"
Root_3271,0.000000,17.041910,9,"0;1;2;4;5;8;9;12;13"
Root_3272,81.304832,37.319670,8,"1;2;4;5;8;9;12;13"
Root_3273,1.809315,22.371510,8,"0;2;4;5;8;9;12;13"
Root_3274,109.056544,41.949270,7,"2;4;5;8;9;12;13"
Root_3275,0.000000,17.967830,8,"0;1;4;5;8;9;12;13"
Root_3276,79.056672,38.245590,7,"1;4;5;8;9;12;13"
Root_3277,1.809315,23.297430,7,"0;4;5;8;9;12;13"
Root_3278,107.734304,42.875190,6,"4;5;8;9;12;13"
Root_3279,0.000000,17.350550,9,"0;1;2;3;5;8;9;12;13"
Root_3280,78.859062,37.628310,8,"1;2;3;5;8;9;12;13"
Root_3281,1.162742,22.680150,8,"0;2;3;5;8;9;12;13"
Root_3282,110.908384,42.257910,7,"2;3;5;8;9;12;13"
Root_3283,0.000000,18.276470,8,"0;1;3;5;8;9;12;13"
Root_3284,77.536822,38.554230,7,"1;3;5;8;9;12;13"
Root_3285,1.162742,23.606070,7,"0;3;5;8;9;12;13"
Root_3286,109.586144,43.183830,6,"3;5;8;9;12;13"
Root_3287,0.000000,19.264118,8,"0;1;2;5;8;9;12;13"
Root_3288,82.945536,39.541878,7,"1;2;5;8;9;12;13"
Root_3289,2.132634,24.593718,7,"0;2;5;8;9;12;13"
Root_3290,113.907104,44.171478,6,"2;5;8;9;12;13"
Root_3291,0.000000,20.190038,7,"0;1;5;8;9;12;13"
Root_3292,81.623296,40.467798,6,"1;5;8;9;12;13"
Root_3293,3.058554,25.519638,6,"0;5;8;9;12;13"
Root_3294,113.510784,45.097398,5,"5;8;9;12;13"
Root_3295,0.000000,16.671542,9,"0;1;2;3;4;8;9;12;13"
Root_3296,85.886410,36.949302,8,"1;2;3;4;8;9;12;13"
Root_3297,3.117923,22.001142,8,"0;2;3;4;8;9;12;13"
Root_3298,113.996170,41.578902,7,"2;3;4;8;9;12;13"
Root_3299,0.000000,17.597462,8,"0;1;3;4;8;9;12;13"
Root_3300,83.587552,37.875222,7,"1;3;4;8;9;12;13"
Root_3301,3.117923,22.927062,7,"0;3;4;8;9;12;13"
Root_3302,111.748010,42.504822,6,"3;4;8;9;12;13"
Root_3303,0.000000,18.585110,8,"0;1;2;4;8;9;12;13"
Root_3304,88.687626,38.862870,7,"1;2;4;8;9;12;13"
Root_3305,6.438915,23.914710,7,"0;2;4;8;9;12;13"
Root_3306,114.710954,43.492470,6,"2;4;8;9;12;13"
Root_3307,0.000000,19.511030,7,"0;1;4;8;9;12;13"
Root_3308,86.439466,39.788790,6,"1;4;8;9;12;13"
Root_3309,7.009146,24.840630,6,"0;4;8;9;12;13"
Root_3310,113.388714,44.418390,5,"4;8;9;12;13"
Root_3311,0.000000,18.893750,8,"0;1;2;3;8;9;12;13"
Root_3312,88.093696,39.171510,7,"1;2;3;8;9;12;13"
Root_3313,3.117923,24.223350,7,"0;2;3;8;9;12;13"
Root_3314,116.254154,43.801110,6,"2;3;8;9;12;13"
Root_3315,0.000000,19.819670,7,"0;1;3;8;9;12;13"
Root_3316,86.771456,40.097430,6,"1;3;8;9;12;13"
Root_3317,3.996794,25.149270,6,"0;3;8;9;12;13"
Root_3318,114.931914,44.727030,5,"3;8;9;12;13"
Root_3319,0.000000,20.807318,7,"0;1;2;8;9;12;13"
Root_3320,90.722048,41.085078,6,"1;2;8;9;12;13"
Root_3321,9.097872,26.136918,6,"0;2;8;9;12;13"
Root_3322,118.882506,45.714678,5,"2;8;9;12;13"
Root_3323,0.000000,21.733238,6,"0;1;8;9;12;13"
Root_3324,90.325728,42.010998,5,"1;8;9;12;13"
Root_3325,9.231354,27.062838,5,"0;8;9;12;13"
Root_3326,118.486186,46.640598,4,"8;9;12;13"
Root_3327,0.000000,13.607360,11,"0;1;2;3;4;5;6;7;9;12;13"
Root_3328,77.023440,34.585120,10,"1;2;3;4;5;6;7;9;12;13"
Root_3329,0.000000,19.636960,10,"0;2;3;4;5;6;7;9;12;13"
Root_3330,108.761498,39.214720,9,"2;3;4;5;6;7;9;12;13"
Root_3331,0.000000,14.533280,10,"0;1;3;4;5;6;7;9;12;13"
Root_3332,72.923440,35.511040,9,"1;3;4;5;6;7;9;12;13"
Root_3333,0.000000,20.562880,9,"0;3;4;5;6;7;9;12;13"
Root_3334,106.513338,40.140640,8,"3;4;5;6;7;9;12;13"
Root_3335,0.000000,16.220928,10,"0;1;2;4;5;6;7;9;12;13"
Root_3336,78.911088,36.498688,9,"1;2;4;5;6;7;9;12;13"
Root_3337,0.000000,21.550528,9,"0;2;4;5;6;7;9;12;13"
Root_3338,109.476282,41.128288,8,"2;4;5;6;7;9;12;13"
Root_3339,0.000000,17.146848,9,"0;1;4;5;6;7;9;12;13"
Root_3340,76.161616,37.424608,8,"1;4;5;6;7;9;12;13"
Root_3341,0.000000,22.476448,8,"0;4;5;6;7;9;12;13"
Root_3342,108.154042,42.054208,7,"4;5;6;7;9;12;13"
Root_3343,0.000000,15.829568,10,"0;1;2;3;5;6;7;9;12;13"
Root_3344,75.335696,36.807328,9,"1;2;3;5;6;7;9;12;13"
Root_3345,0.000000,21.859168,9,"0;2;3;5;6;7;9;12;13"
Root_3346,111.025530,41.436928,8,"2;3;5;6;7;9;12;13"
Root_3347,0.000000,16.755488,9,"0;1;3;5;6;7;9;12;13"
Root_3348,73.820784,37.733248,8,"1;3;5;6;7;9;12;13"
Root_3349,0.000000,22.785088,8,"0;3;5;6;7;9;12;13"
Root_3350,109.703290,42.362848,7,"3;5;6;7;9;12;13"
Root_3351,0.000000,18.443136,9,"0;1;2;5;6;7;9;12;13"
Root_3352,80.050480,38.720896,8,"1;2;5;6;7;9;12;13"
Root_3353,0.000000,23.772736,8,"0;2;5;6;7;9;12;13"
Root_3354,114.024250,43.350496,7,"2;5;6;7;9;12;13"
Root_3355,0.000000,19.369056,8,"0;1;5;6;7;9;12;13"
Root_3356,78.728240,39.646816,7,"1;5;6;7;9;12;13"
Root_3357,0.428256,24.698656,7,"0;5;6;7;9;12;13"
Root_3358,113.627930,44.276416,6,"5;6;7;9;12;13"
Root_3359,0.000000,15.150560,10,"0;1;2;3;4;6;7;9;12;13"
Root_3360,83.034544,36.128320,9,"1;2;3;4;6;7;9;12;13"
Root_3361,0.000000,21.180160,9,"0;2;3;4;6;7;9;12;13"
Root_3362,114.934298,40.757920,8,"2;3;4;6;7;9;12;13"
Root_3363,0.000000,16.076480,9,"0;1;3;4;6;7;9;12;13"
Root_3364,79.914704,37.054240,8,"1;3;4;6;7;9;12;13"
Root_3365,0.000000,22.106080,8,"0;3;4;6;7;9;12;13"
Root_3366,112.686138,41.683840,7,"3;4;6;7;9;12;13"
Root_3367,0.000000,17.764128,9,"0;1;2;4;6;7;9;12;13"
Root_3368,85.835760,38.041888,8,"1;2;4;6;7;9;12;13"
Root_3369,2.091008,23.093728,8,"0;2;4;6;7;9;12;13"
Root_3370,115.649082,42.671488,7,"2;4;6;7;9;12;13"
Root_3371,0.000000,18.690048,8,"0;1;4;6;7;9;12;13"
Root_3372,83.587600,38.967808,7,"1;4;6;7;9;12;13"
Root_3373,2.091008,24.019648,7,"0;4;6;7;9;12;13"
Root_3374,114.326842,43.597408,6,"4;6;7;9;12;13"
Root_3375,0.000000,17.372768,9,"0;1;2;3;6;7;9;12;13"
Root_3376,84.402224,38.350528,8,"1;2;3;6;7;9;12;13"
Root_3377,0.000000,23.402368,8,"0;2;3;6;7;9;12;13"
Root_3378,117.192282,42.980128,7,"2;3;6;7;9;12;13"
Root_3379,0.000000,18.298688,8,"0;1;3;6;7;9;12;13"
Root_3380,83.079984,39.276448,7,"1;3;6;7;9;12;13"
Root_3381,0.057888,24.328288,7,"0;3;6;7;9;12;13"
Root_3382,115.870042,43.906048,6,"3;6;7;9;12;13"
Root_3383,0.000000,19.986336,8,"0;1;2;6;7;9;12;13"
Root_3384,87.766480,40.264096,7,"1;2;6;7;9;12;13"
Root_3385,3.136544,25.315936,7,"0;2;6;7;9;12;13"
Root_3386,119.820634,44.893696,6,"2;6;7;9;12;13"
Root_3387,0.000000,20.912256,7,"0;1;6;7;9;12;13"
Root_3388,86.634256,41.190016,6,"1;6;7;9;12;13"
Root_3389,4.062464,26.241856,6,"0;6;7;9;12;13"
Root_3390,120.243930,45.819616,5,"6;7;9;12;13"
Root_3391,0.000000,16.033270,10,"0;1;2;3;4;5;7;9;12;13"
Root_3392,86.354208,37.011030,9,"1;2;3;4;5;7;9;12;13"
Root_3393,0.535437,22.062870,9,"0;2;3;4;5;7;9;12;13"
Root_3394,117.810816,41.640630,8,"2;3;4;5;7;9;12;13"
Root_3395,0.000000,16.959190,9,"0;1;3;4;5;7;9;12;13"
Root_3396,84.106048,37.936950,8,"1;3;4;5;7;9;12;13"
Root_3397,0.535437,22.988790,8,"0;3;4;5;7;9;12;13"
Root_3398,115.562656,42.566550,7,"3;4;5;7;9;12;13"
Root_3399,0.000000,18.646838,9,"0;1;2;4;5;7;9;12;13"
Root_3400,89.144394,38.924598,8,"1;2;4;5;7;9;12;13"
Root_3401,3.856429,23.976438,8,"0;2;4;5;7;9;12;13"
Root_3402,118.895968,43.554198,7,"2;4;5;7;9;12;13"
Root_3403,0.000000,19.572758,8,"0;1;4;5;7;9;12;13"
Root_3404,86.896234,39.850518,7,"1;4;5;7;9;12;13"
Root_3405,4.488387,24.902358,7,"0;4;5;7;9;12;13"
Root_3406,117.573728,44.480118,6,"4;5;7;9;12;13"
Root_3407,0.000000,18.255478,9,"0;1;2;3;5;7;9;12;13"
Root_3408,88.612192,39.233238,8,"1;2;3;5;7;9;12;13"
Root_3409,0.550115,24.285078,8,"0;2;3;5;7;9;12;13"
Root_3410,120.747808,43.862838,7,"2;3;5;7;9;12;13"
Root_3411,0.000000,19.181398,8,"0;1;3;5;7;9;12;13"
Root_3412,87.289952,40.159158,7,"1;3;5;7;9;12;13"
Root_3413,1.476035,25.210998,7,"0;3;5;7;9;12;13"
Root_3414,119.425568,44.788758,6,"3;5;7;9;12;13"
Root_3415,0.000000,20.869046,8,"0;1;2;5;7;9;12;13"
Root_3416,91.240544,41.146806,7,"1;2;5;7;9;12;13"
Root_3417,6.638842,26.198646,7,"0;2;5;7;9;12;13"
Root_3418,124.522934,45.776406,6,"2;5;7;9;12;13"
Root_3419,0.000000,21.794966,7,"0;1;5;7;9;12;13"
Root_3420,90.844224,42.072726,6,"1;5;7;9;12;13"
Root_3421,6.710595,27.124566,6,"0;5;7;9;12;13"
Root_3422,125.052534,46.702326,5,"5;7;9;12;13"
Root_3423,0.000000,17.576470,9,"0;1;2;3;4;7;9;12;13"
Root_3424,94.070208,38.554230,8,"1;2;3;4;7;9;12;13"
Root_3425,4.883395,23.606070,8,"0;2;3;4;7;9;12;13"
Root_3426,122.230666,43.183830,7,"2;3;4;7;9;12;13"
Root_3427,0.000000,18.502390,8,"0;1;3;4;7;9;12;13"
Root_3428,91.822048,39.480150,7,"1;3;4;7;9;12;13"
Root_3429,5.144986,24.531990,7,"0;3;4;7;9;12;13"
Root_3430,119.982506,44.109750,6,"3;4;7;9;12;13"
Root_3431,0.000000,20.190038,8,"0;1;2;4;7;9;12;13"
Root_3432,95.317194,40.467798,7,"1;2;4;7;9;12;13"
Root_3433,9.579408,25.519638,7,"0;2;4;7;9;12;13"
Root_3434,123.042848,45.097398,6,"2;4;7;9;12;13"
Root_3435,0.000000,21.115958,7,"0;1;4;7;9;12;13"
Root_3436,93.462752,41.393718,6,"1;4;7;9;12;13"
Root_3437,9.767702,26.445558,6,"0;4;7;9;12;13"
Root_3438,122.646528,46.023318,5,"4;7;9;12;13"
Root_3439,0.000000,19.798678,8,"0;1;2;3;7;9;12;13"
Root_3440,96.328192,40.776438,7,"1;2;3;7;9;12;13"
Root_3441,6.925072,25.828278,7,"0;2;3;7;9;12;13"
Root_3442,124.894688,45.406038,6,"2;3;7;9;12;13"
Root_3443,0.000000,20.724598,7,"0;1;3;7;9;12;13"
Root_3444,95.005952,41.702358,6,"1;3;7;9;12;13"
Root_3445,7.367194,26.754198,6,"0;3;7;9;12;13"
Root_3446,124.498368,46.331958,5,"3;7;9;12;13"
Root_3447,0.000000,22.412246,7,"0;1;2;7;9;12;13"
Root_3448,98.956544,42.690006,6,"1;2;7;9;12;13"
Root_3449,9.767702,27.741846,6,"0;2;7;9;12;13"
Root_3450,129.756214,47.319606,5,"2;7;9;12;13"
Root_3451,0.000000,23.338166,6,"0;1;7;9;12;13"
Root_3452,98.560224,43.615926,5,"1;7;9;12;13"
Root_3453,9.767702,28.667766,5,"0;7;9;12;13"
Root_3454,131.702787,48.245526,4,"7;9;12;13"
Root_3455,0.000000,17.332032,10,"0;1;2;3;4;5;6;9;12;13"
Root_3456,91.384922,37.609792,9,"1;2;3;4;5;6;9;12;13"
Root_3457,2.050080,22.661632,9,"0;2;3;4;5;6;9;12;13"
Root_3458,123.434243,42.239392,8,"2;3;4;5;6;9;12;13"
Root_3459,0.000000,18.257952,9,"0;1;3;4;5;6;9;12;13"
Root_3460,89.136762,38.535712,8,"1;3;4;5;6;9;12;13"
Root_3461,2.050080,23.587552,8,"0;3;4;5;6;9;12;13"
Root_3462,121.186083,43.165312,7,"3;4;5;6;9;12;13"
Root_3463,0.000000,19.245600,9,"0;1;2;4;5;6;9;12;13"
Root_3464,93.576346,39.523360,8,"1;2;4;5;6;9;12;13"
Root_3465,5.626496,24.575200,8,"0;2;4;5;6;9;12;13"
Root_3466,124.519395,44.152960,7,"2;4;5;6;9;12;13"
Root_3467,0.000000,20.171520,8,"0;1;4;5;6;9;12;13"
Root_3468,91.328186,40.449280,7,"1;4;5;6;9;12;13"
Root_3469,6.552416,25.501120,7,"0;4;5;6;9;12;13"
Root_3470,123.276035,45.078880,6,"4;5;6;9;12;13"
Root_3471,0.000000,19.554240,9,"0;1;2;3;5;6;9;12;13"
Root_3472,93.951546,39.832000,8,"1;2;3;5;6;9;12;13"
Root_3473,2.663520,24.883840,8,"0;2;3;5;6;9;12;13"
Root_3474,126.371235,44.461600,7,"2;3;5;6;9;12;13"
Root_3475,0.000000,20.480160,8,"0;1;3;5;6;9;12;13"
Root_3476,92.629306,40.757920,7,"1;3;5;6;9;12;13"
Root_3477,3.589440,25.809760,7,"0;3;5;6;9;12;13"
Root_3478,125.436515,45.387520,6,"3;5;6;9;12;13"
Root_3479,0.000000,21.467808,8,"0;1;2;5;6;9;12;13"
Root_3480,96.579898,41.745568,7,"1;2;5;6;9;12;13"
Root_3481,8.321696,26.797408,7,"0;2;5;6;9;12;13"
Root_3482,130.745123,46.375168,6,"2;5;6;9;12;13"
Root_3483,0.000000,22.393728,7,"0;1;5;6;9;12;13"
Root_3484,96.183578,42.671488,6,"1;5;6;9;12;13"
Root_3485,8.321696,27.723328,6,"0;5;6;9;12;13"
Root_3486,131.274723,47.301088,5,"5;6;9;12;13"
Root_3487,0.000000,18.875232,9,"0;1;2;3;4;6;9;12;13"
Root_3488,99.094874,39.152992,8,"1;2;3;4;6;9;12;13"
Root_3489,7.295318,24.204832,8,"0;2;3;4;6;9;12;13"
Root_3490,127.255331,43.782592,7,"2;3;4;6;9;12;13"
Root_3491,0.000000,19.801152,8,"0;1;3;4;6;9;12;13"
Root_3492,96.846714,40.078912,7,"1;3;4;6;9;12;13"
Root_3493,8.155670,25.130752,7,"0;3;4;6;9;12;13"
Root_3494,125.007171,44.708512,6,"3;4;6;9;12;13"
Root_3495,0.000000,20.788800,8,"0;1;2;4;6;9;12;13"
Root_3496,99.809658,41.066560,7,"1;2;4;6;9;12;13"
Root_3497,11.352438,26.118400,7,"0;2;4;6;9;12;13"
Root_3498,128.666275,45.696160,6,"2;4;6;9;12;13"
Root_3499,0.000000,21.714720,7,"0;1;4;6;9;12;13"
Root_3500,98.487418,41.992480,6,"1;4;6;9;12;13"
Root_3501,11.352438,27.044320,6,"0;4;6;9;12;13"
Root_3502,128.269955,46.622080,5,"4;6;9;12;13"
Root_3503,0.000000,21.097440,8,"0;1;2;3;6;9;12;13"
Root_3504,101.352858,41.375200,7,"1;2;3;6;9;12;13"
Root_3505,10.295318,26.427040,7,"0;2;3;6;9;12;13"
Root_3506,130.518115,46.004800,6,"2;3;6;9;12;13"
Root_3507,0.000000,22.023360,7,"0;1;3;6;9;12;13"
Root_3508,100.030618,42.301120,6,"1;3;6;9;12;13"
Root_3509,10.295318,27.352960,6,"0;3;6;9;12;13"
Root_3510,130.121795,46.930720,5,"3;6;9;12;13"
Root_3511,0.000000,23.011008,7,"0;1;2;6;9;12;13"
Root_3512,103.981210,43.288768,6,"1;2;6;9;12;13"
Root_3513,11.352438,28.340608,6,"0;2;6;9;12;13"
Root_3514,135.060035,47.918368,5,"2;6;9;12;13"
Root_3515,0.000000,23.936928,6,"0;1;6;9;12;13"
Root_3516,103.584890,44.214688,5,"1;6;9;12;13"
Root_3517,11.352438,29.266528,5,"0;6;9;12;13"
Root_3518,138.122499,48.844288,4,"6;9;12;13"
Root_3519,0.000000,19.757942,9,"0;1;2;3;4;5;9;12;13"
Root_3520,102.341760,40.035702,8,"1;2;3;4;5;9;12;13"
Root_3521,11.223590,25.087542,8,"0;2;3;4;5;9;12;13"
Root_3522,130.131850,44.665302,7,"2;3;4;5;9;12;13"
Root_3523,0.000000,20.683862,8,"0;1;3;4;5;9;12;13"
Root_3524,100.093600,40.961622,7,"1;3;4;5;9;12;13"
Root_3525,12.149510,26.013462,7,"0;3;4;5;9;12;13"
Root_3526,128.474912,45.591222,6,"3;4;5;9;12;13"
Root_3527,0.000000,21.671510,8,"0;1;2;4;5;9;12;13"
Root_3528,103.056544,41.949270,7,"1;2;4;5;9;12;13"
Root_3529,13.058490,27.001110,7,"0;2;4;5;9;12;13"
Root_3530,132.795872,46.578870,6,"2;4;5;9;12;13"
Root_3531,0.000000,22.597430,7,"0;1;4;5;9;12;13"
Root_3532,101.734304,42.875190,6,"1;4;5;9;12;13"
Root_3533,13.058490,27.927030,6,"0;4;5;9;12;13"
Root_3534,132.904342,47.504790,5,"4;5;9;12;13"
Root_3535,0.000000,21.980150,8,"0;1;2;3;5;9;12;13"
Root_3536,104.908384,42.257910,7,"1;2;3;5;9;12;13"
Root_3537,12.411917,27.309750,7,"0;2;3;5;9;12;13"
Root_3538,134.956352,46.887510,6,"2;3;5;9;12;13"
Root_3539,0.000000,22.906070,7,"0;1;3;5;9;12;13"
Root_3540,103.586144,43.183830,6,"1;3;5;9;12;13"
Root_3541,12.411917,28.235670,6,"0;3;5;9;12;13"
Root_3542,135.373462,47.813430,5,"3;5;9;12;13"
Root_3543,0.000000,23.893718,7,"0;1;2;5;9;12;13"
Root_3544,107.907104,44.171478,6,"1;2;5;9;12;13"
Root_3545,13.058490,29.223318,6,"0;2;5;9;12;13"
Root_3546,143.271875,48.801078,5,"2;5;9;12;13"
Root_3547,0.549238,24.819638,6,"0;1;5;9;12;13"
Root_3548,107.608182,45.097398,5,"1;5;9;12;13"
Root_3549,13.058490,30.149238,5,"0;5;9;12;13"
Root_3550,146.579235,49.726998,4,"5;9;12;13"
Root_3551,0.000000,21.301142,8,"0;1;2;3;4;9;12;13"
Root_3552,107.996170,41.578902,7,"1;2;3;4;9;12;13"
Root_3553,15.117923,26.630742,7,"0;2;3;4;9;12;13"
Root_3554,132.735530,46.208502,6,"2;3;4;9;12;13"
Root_3555,0.000000,22.227062,7,"0;1;3;4;9;12;13"
Root_3556,105.748010,42.504822,6,"1;3;4;9;12;13"
Root_3557,15.117923,27.556662,6,"0;3;4;9;12;13"
Root_3558,131.547712,47.134422,5,"3;4;9;12;13"
Root_3559,2.332973,23.214710,7,"0;1;2;4;9;12;13"
Root_3560,108.710954,43.492470,6,"1;2;4;9;12;13"
Root_3561,18.438915,28.544310,6,"0;2;4;9;12;13"
Root_3562,136.852163,48.122070,5,"2;4;9;12;13"
Root_3563,2.332973,24.140630,6,"0;1;4;9;12;13"
Root_3564,107.388714,44.418390,5,"1;4;9;12;13"
Root_3565,18.438915,29.470230,5,"0;4;9;12;13"
Root_3566,140.159523,49.047990,4,"4;9;12;13"
Root_3567,0.000000,23.523350,7,"0;1;2;3;9;12;13"
Root_3568,110.254154,43.801110,6,"1;2;3;9;12;13"
Root_3569,15.117923,28.852950,6,"0;2;3;9;12;13"
Root_3570,139.938563,48.430710,5,"2;3;9;12;13"
Root_3571,0.178870,24.449270,6,"0;1;3;9;12;13"
Root_3572,108.931914,44.727030,5,"1;3;9;12;13"
Root_3573,15.117923,29.778870,5,"0;3;9;12;13"
Root_3574,143.245923,49.356630,4,"3;9;12;13"
Root_3575,3.591930,25.436918,6,"0;1;2;9;12;13"
Root_3576,113.597184,45.714678,5,"1;2;9;12;13"
Root_3577,19.231354,30.766518,5,"0;2;9;12;13"
Root_3578,152.134755,50.344278,4,"2;9;12;13"
Root_3579,4.425411,26.362838,5,"0;1;9;12;13"
Root_3580,114.126784,46.640598,4,"1;9;12;13"
Root_3581,18.438915,31.692438,4,"0;9;12;13"
Root_3582,156.638234,51.270198,3,"9;12;13"
Root_3583,0.000000,12.270336,11,"0;1;2;3;4;5;6;7;8;12;13"
Root_3584,60.326202,32.548096,10,"1;2;3;4;5;6;7;8;12;13"
Root_3585,0.000000,17.599936,10,"0;2;3;4;5;6;7;8;12;13"
Root_3586,85.354202,37.177696,9,"2;3;4;5;6;7;8;12;13"
Root_3587,0.000000,13.196256,10,"0;1;3;4;5;6;7;8;12;13"
Root_3588,57.752186,33.474016,9,"1;3;4;5;6;7;8;12;13"
Root_3589,0.000000,18.525856,9,"0;3;4;5;6;7;8;12;13"
Root_3590,83.106042,38.103616,8,"3;4;5;6;7;8;12;13"
Root_3591,0.000000,14.183904,10,"0;1;2;4;5;6;7;8;12;13"
Root_3592,63.443546,34.461664,9,"1;2;4;5;6;7;8;12;13"
Root_3593,0.000000,19.513504,9,"0;2;4;5;6;7;8;12;13"
Root_3594,88.068986,39.091264,8,"2;4;5;6;7;8;12;13"
Root_3595,0.000000,15.109824,9,"0;1;4;5;6;7;8;12;13"
Root_3596,59.343546,35.387584,8,"1;4;5;6;7;8;12;13"
Root_3597,0.000000,20.439424,8,"0;4;5;6;7;8;12;13"
Root_3598,86.746746,40.017184,7,"4;5;6;7;8;12;13"
Root_3599,0.000000,14.492544,10,"0;1;2;3;5;6;7;8;12;13"
Root_3600,58.752186,34.770304,9,"1;2;3;5;6;7;8;12;13"
Root_3601,0.000000,19.822144,9,"0;2;3;5;6;7;8;12;13"
Root_3602,88.012090,39.399904,8,"2;3;5;6;7;8;12;13"
Root_3603,0.000000,15.418464,9,"0;1;3;5;6;7;8;12;13"
Root_3604,54.652186,35.696224,8,"1;3;5;6;7;8;12;13"
Root_3605,0.000000,20.748064,8,"0;3;5;6;7;8;12;13"
Root_3606,87.615770,40.325824,7,"3;5;6;7;8;12;13"
Root_3607,0.000000,16.406112,9,"0;1;2;5;6;7;8;12;13"
Root_3608,61.323706,36.683872,8,"1;2;5;6;7;8;12;13"
Root_3609,0.000000,21.735712,8,"0;2;5;6;7;8;12;13"
Root_3610,92.554010,41.313472,7,"2;5;6;7;8;12;13"
Root_3611,0.000000,17.332032,8,"0;1;5;6;7;8;12;13"
Root_3612,59.685338,37.609792,7,"1;5;6;7;8;12;13"
Root_3613,0.000000,22.661632,7,"0;5;6;7;8;12;13"
Root_3614,93.083610,42.239392,6,"5;6;7;8;12;13"
Root_3615,0.000000,13.813536,10,"0;1;2;3;4;6;7;8;12;13"
Root_3616,65.406192,34.091296,9,"1;2;3;4;6;7;8;12;13"
Root_3617,0.000000,19.143136,9,"0;2;3;4;6;7;8;12;13"
Root_3618,93.070202,38.720896,8,"2;3;4;6;7;8;12;13"
Root_3619,0.000000,14.739456,9,"0;1;3;4;6;7;8;12;13"
Root_3620,61.306192,35.017216,8,"1;3;4;6;7;8;12;13"
Root_3621,0.000000,20.069056,8,"0;3;4;6;7;8;12;13"
Root_3622,91.468858,39.646816,7,"3;4;6;7;8;12;13"
Root_3623,0.000000,15.727104,9,"0;1;2;4;6;7;8;12;13"
Root_3624,67.293840,36.004864,8,"1;2;4;6;7;8;12;13"
Root_3625,0.000000,21.056704,8,"0;2;4;6;7;8;12;13"
Root_3626,95.784986,40.634464,7,"2;4;6;7;8;12;13"
Root_3627,0.000000,16.653024,8,"0;1;4;6;7;8;12;13"
Root_3628,64.119760,36.930784,7,"1;4;6;7;8;12;13"
Root_3629,0.000000,21.982624,7,"0;4;6;7;8;12;13"
Root_3630,95.023130,41.560384,6,"4;6;7;8;12;13"
Root_3631,0.000000,16.035744,9,"0;1;2;3;6;7;8;12;13"
Root_3632,63.224624,36.313504,8,"1;2;3;6;7;8;12;13"
Root_3633,0.000000,21.365344,8,"0;2;3;6;7;8;12;13"
Root_3634,97.271290,40.943104,7,"2;3;6;7;8;12;13"
Root_3635,0.000000,16.961664,8,"0;1;3;6;7;8;12;13"
Root_3636,61.215888,37.239424,7,"1;3;6;7;8;12;13"
Root_3637,0.000000,22.291264,7,"0;3;6;7;8;12;13"
Root_3638,96.874970,41.869024,6,"3;6;7;8;12;13"
Root_3639,0.000000,17.949312,8,"0;1;2;6;7;8;12;13"
Root_3640,67.939408,38.227072,7,"1;2;6;7;8;12;13"
Root_3641,0.000000,23.278912,7,"0;2;6;7;8;12;13"
Root_3642,101.813210,42.856672,6,"2;6;7;8;12;13"
Root_3643,0.000000,18.875232,7,"0;1;6;7;8;12;13"
Root_3644,66.770160,39.152992,6,"1;6;7;8;12;13"
Root_3645,0.000000,24.204832,6,"0;6;7;8;12;13"
Root_3646,102.342810,43.782592,5,"6;7;8;12;13"
Root_3647,0.000000,14.696246,10,"0;1;2;3;4;5;7;8;12;13"
Root_3648,68.344563,34.974006,9,"1;2;3;4;5;7;8;12;13"
Root_3649,0.000000,20.025846,9,"0;2;3;4;5;7;8;12;13"
Root_3650,96.920694,39.603606,8,"2;3;4;5;7;8;12;13"
Root_3651,0.000000,15.622166,9,"0;1;3;4;5;7;8;12;13"
Root_3652,64.244563,35.899926,8,"1;3;4;5;7;8;12;13"
Root_3653,0.000000,20.951766,8,"0;3;4;5;7;8;12;13"
Root_3654,95.598454,40.529526,7,"3;4;5;7;8;12;13"
Root_3655,0.000000,16.609814,9,"0;1;2;4;5;7;8;12;13"
Root_3656,70.232211,36.887574,8,"1;2;4;5;7;8;12;13"
Root_3657,0.000000,21.939414,8,"0;2;4;5;7;8;12;13"
Root_3658,99.549046,41.517174,7,"2;4;5;7;8;12;13"
Root_3659,0.000000,17.535734,8,"0;1;4;5;7;8;12;13"
Root_3660,67.871626,37.813494,7,"1;4;5;7;8;12;13"
Root_3661,0.000000,22.865334,7,"0;4;5;7;8;12;13"
Root_3662,99.152726,42.443094,6,"4;5;7;8;12;13"
Root_3663,0.000000,16.918454,9,"0;1;2;3;5;7;8;12;13"
Root_3664,67.241920,37.196214,8,"1;2;3;5;7;8;12;13"
Root_3665,0.000000,22.248054,8,"0;2;3;5;7;8;12;13"
Root_3666,101.709526,41.825814,7,"2;3;5;7;8;12;13"
Root_3667,0.000000,17.844374,8,"0;1;3;5;7;8;12;13"
Root_3668,65.919680,38.122134,7,"1;3;5;7;8;12;13"
Root_3669,0.000000,23.173974,7,"0;3;5;7;8;12;13"
Root_3670,101.313206,42.751734,6,"3;5;7;8;12;13"
Root_3671,0.000000,18.832022,8,"0;1;2;5;7;8;12;13"
Root_3672,71.870272,39.109782,7,"1;2;5;7;8;12;13"
Root_3673,0.000000,24.161622,7,"0;2;5;7;8;12;13"
Root_3674,106.621814,43.739382,6,"2;5;7;8;12;13"
Root_3675,0.000000,19.757942,7,"0;1;5;7;8;12;13"
Root_3676,71.473952,40.035702,6,"1;5;7;8;12;13"
Root_3677,0.817142,25.087542,6,"0;5;7;8;12;13"
Root_3678,107.151414,44.665302,5,"5;7;8;12;13"
Root_3679,0.000000,16.239446,9,"0;1;2;3;4;7;8;12;13"
Root_3680,74.725930,36.517206,8,"1;2;3;4;7;8;12;13"
Root_3681,0.000000,21.569046,8,"0;2;3;4;7;8;12;13"
Root_3682,104.550400,41.146806,7,"2;3;4;7;8;12;13"
Root_3683,0.000000,17.165366,8,"0;1;3;4;7;8;12;13"
Root_3684,71.994976,37.443126,7,"1;3;4;7;8;12;13"
Root_3685,0.000000,22.494966,7,"0;3;4;7;8;12;13"
Root_3686,103.228160,42.072726,6,"3;4;7;8;12;13"
Root_3687,0.000000,18.153014,8,"0;1;2;4;7;8;12;13"
Root_3688,77.527146,38.430774,7,"1;2;4;7;8;12;13"
Root_3689,1.138102,23.482614,7,"0;2;4;7;8;12;13"
Root_3690,107.178752,43.060374,6,"2;4;7;8;12;13"
Root_3691,0.000000,19.078934,7,"0;1;4;7;8;12;13"
Root_3692,75.635680,39.356694,6,"1;4;7;8;12;13"
Root_3693,1.276237,24.408534,6,"0;4;7;8;12;13"
Root_3694,106.782432,43.986294,5,"4;7;8;12;13"
Root_3695,0.000000,18.461654,8,"0;1;2;3;7;8;12;13"
Root_3696,76.501120,38.739414,7,"1;2;3;7;8;12;13"
Root_3697,0.000000,23.791254,7,"0;2;3;7;8;12;13"
Root_3698,109.030592,43.369014,6,"2;3;7;8;12;13"
Root_3699,0.000000,19.387574,7,"0;1;3;7;8;12;13"
Root_3700,75.844214,39.665334,6,"1;3;7;8;12;13"
Root_3701,0.446774,24.717174,6,"0;3;7;8;12;13"
Root_3702,108.634272,44.294934,5,"3;7;8;12;13"
Root_3703,0.000000,20.375222,7,"0;1;2;7;8;12;13"
Root_3704,81.129472,40.652982,6,"1;2;7;8;12;13"
Root_3705,2.932867,25.704822,6,"0;2;7;8;12;13"
Root_3706,113.572512,45.282582,5,"2;7;8;12;13"
Root_3707,0.000000,21.301142,6,"0;1;7;8;12;13"
Root_3708,81.312054,41.578902,5,"1;7;8;12;13"
Root_3709,3.498445,26.630742,5,"0;7;8;12;13"
Root_3710,114.102112,46.208502,4,"7;8;12;13"
Root_3711,0.000000,15.295008,10,"0;1;2;3;4;5;6;8;12;13"
Root_3712,71.930842,35.572768,9,"1;2;3;4;5;6;8;12;13"
Root_3713,0.000000,20.624608,9,"0;2;3;4;5;6;8;12;13"
Root_3714,102.710787,40.202368,8,"2;3;4;5;6;8;12;13"
Root_3715,0.000000,16.220928,9,"0;1;3;4;5;6;8;12;13"
Root_3716,68.329530,36.498688,8,"1;3;4;5;6;8;12;13"
Root_3717,0.000000,21.550528,8,"0;3;4;5;6;8;12;13"
Root_3718,101.388547,41.128288,7,"3;4;5;6;8;12;13"
Root_3719,0.000000,17.208576,9,"0;1;2;4;5;6;8;12;13"
Root_3720,74.304826,37.486336,8,"1;2;4;5;6;8;12;13"
Root_3721,0.193664,22.538176,8,"0;2;4;5;6;8;12;13"
Root_3722,105.339139,42.115936,7,"2;4;5;6;8;12;13"
Root_3723,0.000000,18.134496,8,"0;1;4;5;6;8;12;13"
Root_3724,72.056666,38.412256,7,"1;4;5;6;8;12;13"
Root_3725,0.193664,23.464096,7,"0;4;5;6;8;12;13"
Root_3726,104.942819,43.041856,6,"4;5;6;8;12;13"
Root_3727,0.000000,17.517216,9,"0;1;2;3;5;6;8;12;13"
Root_3728,72.025722,37.794976,8,"1;2;3;5;6;8;12;13"
Root_3729,0.000000,22.846816,8,"0;2;3;5;6;8;12;13"
Root_3730,107.499619,42.424576,7,"2;3;5;6;8;12;13"
Root_3731,0.000000,18.443136,8,"0;1;3;5;6;8;12;13"
Root_3732,70.703482,38.720896,7,"1;3;5;6;8;12;13"
Root_3733,0.000000,23.772736,7,"0;3;5;6;8;12;13"
Root_3734,107.103299,43.350496,6,"3;5;6;8;12;13"
Root_3735,0.000000,19.430784,8,"0;1;2;5;6;8;12;13"
Root_3736,76.654074,39.708544,7,"1;2;5;6;8;12;13"
Root_3737,0.683648,24.760384,7,"0;2;5;6;8;12;13"
Root_3738,112.411907,44.338144,6,"2;5;6;8;12;13"
Root_3739,0.000000,20.356704,7,"0;1;5;6;8;12;13"
Root_3740,76.257754,40.634464,6,"1;5;6;8;12;13"
Root_3741,1.609568,25.686304,6,"0;5;6;8;12;13"
Root_3742,112.941507,45.264064,5,"5;6;8;12;13"
Root_3743,0.000000,16.838208,9,"0;1;2;3;4;6;8;12;13"
Root_3744,78.835706,37.115968,8,"1;2;3;4;6;8;12;13"
Root_3745,0.985974,22.167808,8,"0;2;3;4;6;8;12;13"
Root_3746,109.741731,41.745568,7,"2;3;4;6;8;12;13"
Root_3747,0.000000,17.764128,8,"0;1;3;4;6;8;12;13"
Root_3748,76.587546,38.041888,7,"1;3;4;6;8;12;13"
Root_3749,0.985974,23.093728,7,"0;3;4;6;8;12;13"
Root_3750,108.419491,42.671488,6,"3;4;6;8;12;13"
Root_3751,0.000000,18.751776,8,"0;1;2;4;6;8;12;13"
Root_3752,81.550490,39.029536,7,"1;2;4;6;8;12;13"
Root_3753,2.722838,24.081376,7,"0;2;4;6;8;12;13"
Root_3754,112.370083,43.659136,6,"2;4;6;8;12;13"
Root_3755,0.000000,19.677696,7,"0;1;4;6;8;12;13"
Root_3756,80.228250,39.955456,6,"1;4;6;8;12;13"
Root_3757,3.459734,25.007296,6,"0;4;6;8;12;13"
Root_3758,111.973763,44.585056,5,"4;6;8;12;13"
Root_3759,0.000000,19.060416,8,"0;1;2;3;6;8;12;13"
Root_3760,81.431866,39.338176,7,"1;2;3;6;8;12;13"
Root_3761,1.105590,24.390016,7,"0;2;3;6;8;12;13"
Root_3762,114.221923,43.967776,6,"2;3;6;8;12;13"
Root_3763,0.000000,19.986336,7,"0;1;3;6;8;12;13"
Root_3764,81.035546,40.264096,6,"1;3;6;8;12;13"
Root_3765,2.031510,25.315936,6,"0;3;6;8;12;13"
Root_3766,113.825603,44.893696,5,"3;6;8;12;13"
Root_3767,0.000000,20.973984,7,"0;1;2;6;8;12;13"
Root_3768,85.973786,41.251744,6,"1;2;6;8;12;13"
Root_3769,5.681942,26.303584,6,"0;2;6;8;12;13"
Root_3770,118.763843,45.881344,5,"2;6;8;12;13"
Root_3771,0.000000,21.899904,6,"0;1;6;8;12;13"
Root_3772,86.503386,42.177664,5,"1;6;8;12;13"
Root_3773,5.681942,27.229504,5,"0;6;8;12;13"
Root_3774,119.293443,46.807264,4,"6;8;12;13"
Root_3775,0.000000,17.720918,9,"0;1;2;3;4;5;8;12;13"
Root_3776,82.452960,37.998678,8,"1;2;3;4;5;8;12;13"
Root_3777,1.868749,23.050518,8,"0;2;3;4;5;8;12;13"
Root_3778,113.500960,42.628278,7,"2;3;4;5;8;12;13"
Root_3779,0.000000,18.646838,8,"0;1;3;4;5;8;12;13"
Root_3780,80.204800,38.924598,7,"1;3;4;5;8;12;13"
Root_3781,1.868749,23.976438,7,"0;3;4;5;8;12;13"
Root_3782,112.178720,43.554198,6,"3;4;5;8;12;13"
Root_3783,0.000000,19.634486,8,"0;1;2;4;5;8;12;13"
Root_3784,85.167744,39.912246,7,"1;2;4;5;8;12;13"
Root_3785,5.317818,24.964086,7,"0;2;4;5;8;12;13"
Root_3786,116.499680,44.541846,6,"2;4;5;8;12;13"
Root_3787,0.000000,20.560406,7,"0;1;4;5;8;12;13"
Root_3788,83.845504,40.838166,6,"1;4;5;8;12;13"
Root_3789,6.243738,25.890006,6,"0;4;5;8;12;13"
Root_3790,116.103360,45.467766,5,"4;5;8;12;13"
Root_3791,0.000000,19.943126,8,"0;1;2;3;5;8;12;13"
Root_3792,86.240470,40.220886,7,"1;2;3;5;8;12;13"
Root_3793,2.871075,25.272726,7,"0;2;3;5;8;12;13"
Root_3794,118.660160,44.850486,6,"2;3;5;8;12;13"
Root_3795,0.000000,20.869046,7,"0;1;3;5;8;12;13"
Root_3796,85.844150,41.146806,6,"1;3;5;8;12;13"
Root_3797,3.796995,26.198646,6,"0;3;5;8;12;13"
Root_3798,118.263840,45.776406,5,"3;5;8;12;13"
Root_3799,0.000000,21.856694,7,"0;1;2;5;8;12;13"
Root_3800,90.782390,42.134454,6,"1;2;5;8;12;13"
Root_3801,7.624131,27.186294,6,"0;2;5;8;12;13"
Root_3802,123.572448,46.764054,5,"2;5;8;12;13"
Root_3803,0.000000,22.782614,6,"0;1;5;8;12;13"
Root_3804,91.311990,43.060374,5,"1;5;8;12;13"
Root_3805,7.624131,28.112214,5,"0;5;8;12;13"
Root_3806,124.792022,47.689974,4,"5;8;12;13"
Root_3807,0.000000,19.264118,8,"0;1;2;3;4;8;12;13"
Root_3808,90.315904,39.541878,7,"1;2;3;4;8;12;13"
Root_3809,5.912688,24.593718,7,"0;2;3;4;8;12;13"
Root_3810,118.476362,44.171478,6,"2;3;4;8;12;13"
Root_3811,0.000000,20.190038,7,"0;1;3;4;8;12;13"
Root_3812,88.993664,40.467798,6,"1;3;4;8;12;13"
Root_3813,6.838608,25.519638,6,"0;3;4;8;12;13"
Root_3814,117.154122,45.097398,5,"3;4;8;12;13"
Root_3815,0.000000,21.177686,7,"0;1;2;4;8;12;13"
Root_3816,92.944256,41.455446,6,"1;2;4;8;12;13"
Root_3817,10.868717,26.507286,6,"0;2;4;8;12;13"
Root_3818,121.104714,46.085046,5,"2;4;8;12;13"
Root_3819,0.000000,22.103606,6,"0;1;4;8;12;13"
Root_3820,92.547936,42.381366,5,"1;4;8;12;13"
Root_3821,10.868717,27.433206,5,"0;4;8;12;13"
Root_3822,120.719360,47.010966,4,"4;8;12;13"
Root_3823,0.000000,21.486326,7,"0;1;2;3;8;12;13"
Root_3824,94.796096,41.764086,6,"1;2;3;8;12;13"
Root_3825,8.589370,26.815926,6,"0;2;3;8;12;13"
Root_3826,122.956554,46.393686,5,"2;3;8;12;13"
Root_3827,0.000000,22.412246,6,"0;1;3;8;12;13"
Root_3828,94.399776,42.690006,5,"1;3;8;12;13"
Root_3829,8.589370,27.741846,5,"0;3;8;12;13"
Root_3830,122.879840,47.319606,4,"3;8;12;13"
Root_3831,0.000000,23.399894,6,"0;1;2;8;12;13"
Root_3832,99.338016,43.677654,5,"1;2;8;12;13"
Root_3833,10.868717,28.729494,5,"0;2;8;12;13"
Root_3834,129.727491,48.307254,4,"2;8;12;13"
Root_3835,0.055414,24.325814,5,"0;1;8;12;13"
Root_3836,99.867616,44.603574,4,"1;8;12;13"
Root_3837,10.868717,29.655414,4,"0;8;12;13"
Root_3838,133.960771,49.233174,3,"8;12;13"
Root_3839,0.000000,16.899936,10,"0;1;2;3;4;5;6;7;12;13"
Root_3840,79.354202,37.177696,9,"1;2;3;4;5;6;7;12;13"
Root_3841,0.000000,22.229536,9,"0;2;3;4;5;6;7;12;13"
Root_3842,113.784771,41.807296,8,"2;3;4;5;6;7;12;13"
Root_3843,0.000000,17.825856,9,"0;1;3;4;5;6;7;12;13"
Root_3844,77.106042,38.103616,8,"1;3;4;5;6;7;12;13"
Root_3845,0.000000,23.155456,8,"0;3;4;5;6;7;12;13"
Root_3846,112.462531,42.733216,7,"3;4;5;6;7;12;13"
Root_3847,0.000000,18.813504,9,"0;1;2;4;5;6;7;12;13"
Root_3848,82.068986,39.091264,8,"1;2;4;5;6;7;12;13"
Root_3849,1.819424,24.143104,8,"0;2;4;5;6;7;12;13"
Root_3850,116.783491,43.720864,7,"2;4;5;6;7;12;13"
Root_3851,0.000000,19.739424,8,"0;1;4;5;6;7;12;13"
Root_3852,80.746746,40.017184,7,"1;4;5;6;7;12;13"
Root_3853,2.618048,25.069024,7,"0;4;5;6;7;12;13"
Root_3854,116.387171,44.646784,6,"4;5;6;7;12;13"
Root_3855,0.000000,19.122144,9,"0;1;2;3;5;6;7;12;13"
Root_3856,82.012090,39.399904,8,"1;2;3;5;6;7;12;13"
Root_3857,0.181344,24.451744,8,"0;2;3;5;6;7;12;13"
Root_3858,118.943971,44.029504,7,"2;3;5;6;7;12;13"
Root_3859,0.000000,20.048064,8,"0;1;3;5;6;7;12;13"
Root_3860,81.615770,40.325824,7,"1;3;5;6;7;12;13"
Root_3861,1.107264,25.377664,7,"0;3;5;6;7;12;13"
Root_3862,118.547651,44.955424,6,"3;5;6;7;12;13"
Root_3863,0.000000,21.035712,8,"0;1;2;5;6;7;12;13"
Root_3864,86.554010,41.313472,7,"1;2;5;6;7;12;13"
Root_3865,4.819424,26.365312,7,"0;2;5;6;7;12;13"
Root_3866,124.799331,45.943072,6,"2;5;6;7;12;13"
Root_3867,0.000000,21.961632,7,"0;1;5;6;7;12;13"
Root_3868,87.083610,42.239392,6,"1;5;6;7;12;13"
Root_3869,4.819424,27.291232,6,"0;5;6;7;12;13"
Root_3870,126.254851,46.868992,5,"5;6;7;12;13"
Root_3871,0.000000,18.443136,9,"0;1;2;3;4;6;7;12;13"
Root_3872,87.070202,38.720896,8,"1;2;3;4;6;7;12;13"
Root_3873,1.428224,23.772736,8,"0;2;3;4;6;7;12;13"
Root_3874,119.581155,43.350496,7,"2;3;4;6;7;12;13"
Root_3875,0.000000,19.369056,8,"0;1;3;4;6;7;12;13"
Root_3876,85.468858,39.646816,7,"1;3;4;6;7;12;13"
Root_3877,1.856480,24.698656,7,"0;3;4;6;7;12;13"
Root_3878,118.258915,44.276416,6,"3;4;6;7;12;13"
Root_3879,0.000000,20.356704,8,"0;1;2;4;6;7;12;13"
Root_3880,89.784986,40.634464,7,"1;2;4;6;7;12;13"
Root_3881,6.663552,25.686304,7,"0;2;4;6;7;12;13"
Root_3882,122.473571,45.264064,6,"2;4;6;7;12;13"
Root_3883,0.000000,21.282624,7,"0;1;4;6;7;12;13"
Root_3884,89.023130,41.560384,6,"1;4;6;7;12;13"
Root_3885,7.247648,26.612224,6,"0;4;6;7;12;13"
Root_3886,123.003171,46.189984,5,"4;6;7;12;13"
Root_3887,0.000000,20.665344,8,"0;1;2;3;6;7;12;13"
Root_3888,91.271290,40.943104,7,"1;2;3;6;7;12;13"
Root_3889,3.803232,25.994944,7,"0;2;3;6;7;12;13"
Root_3890,124.634051,45.572704,6,"2;3;6;7;12;13"
Root_3891,0.000000,21.591264,7,"0;1;3;6;7;12;13"
Root_3892,90.874970,41.869024,6,"1;3;6;7;12;13"
Root_3893,4.078688,26.920864,6,"0;3;6;7;12;13"
Root_3894,125.163651,46.498624,5,"3;6;7;12;13"
Root_3895,0.000000,22.578912,7,"0;1;2;6;7;12;13"
Root_3896,95.813210,42.856672,6,"1;2;6;7;12;13"
Root_3897,7.341792,27.908512,6,"0;2;6;7;12;13"
Root_3898,131.089539,47.486272,5,"2;6;7;12;13"
Root_3899,0.000000,23.504832,6,"0;1;6;7;12;13"
Root_3900,96.342810,43.782592,5,"1;6;7;12;13"
Root_3901,7.341792,28.834432,5,"0;6;7;12;13"
Root_3902,133.369443,48.412192,4,"6;7;12;13"
Root_3903,0.000000,19.325846,9,"0;1;2;3;4;5;7;12;13"
Root_3904,90.920694,39.603606,8,"1;2;3;4;5;7;12;13"
Root_3905,3.453658,24.655446,8,"0;2;3;4;5;7;12;13"
Root_3906,123.340384,44.233206,7,"2;3;4;5;7;12;13"
Root_3907,0.000000,20.251766,8,"0;1;3;4;5;7;12;13"
Root_3908,89.598454,40.529526,7,"1;3;4;5;7;12;13"
Root_3909,4.379578,25.581366,7,"0;3;4;5;7;12;13"
Root_3910,122.177270,45.159126,6,"3;4;5;7;12;13"
Root_3911,0.000000,21.239414,8,"0;1;2;4;5;7;12;13"
Root_3912,93.549046,41.517174,7,"1;2;4;5;7;12;13"
Root_3913,8.224502,26.569014,7,"0;2;4;5;7;12;13"
Root_3914,127.485878,46.146774,6,"2;4;5;7;12;13"
Root_3915,0.000000,22.165334,7,"0;1;4;5;7;12;13"
Root_3916,93.152726,42.443094,6,"1;4;5;7;12;13"
Root_3917,8.224502,27.494934,6,"0;4;5;7;12;13"
Root_3918,128.088173,47.072694,5,"4;5;7;12;13"
Root_3919,0.000000,21.548054,8,"0;1;2;3;5;7;12;13"
Root_3920,95.709526,41.825814,7,"1;2;3;5;7;12;13"
Root_3921,6.068611,26.877654,7,"0;2;3;5;7;12;13"
Root_3922,129.954998,46.455414,6,"2;3;5;7;12;13"
Root_3923,0.000000,22.473974,7,"0;1;3;5;7;12;13"
Root_3924,95.313206,42.751734,6,"1;3;5;7;12;13"
Root_3925,6.068611,27.803574,6,"0;3;5;7;12;13"
Root_3926,130.865933,47.381334,5,"3;5;7;12;13"
Root_3927,0.000000,23.461622,7,"0;1;2;5;7;12;13"
Root_3928,100.621814,43.739382,6,"1;2;5;7;12;13"
Root_3929,8.224502,28.791222,6,"0;2;5;7;12;13"
Root_3930,138.518819,48.368982,5,"2;5;7;12;13"
Root_3931,0.117142,24.387542,6,"0;1;5;7;12;13"
Root_3932,101.151414,44.665302,5,"1;5;7;12;13"
Root_3933,8.224502,29.717142,5,"0;5;7;12;13"
Root_3934,141.826179,49.294902,4,"5;7;12;13"
Root_3935,0.000000,20.869046,8,"0;1;2;3;4;7;12;13"
Root_3936,98.550400,41.146806,7,"1;2;3;4;7;12;13"
Root_3937,9.621837,26.198646,7,"0;2;3;4;7;12;13"
Root_3938,127.487264,45.776406,6,"2;3;4;7;12;13"
Root_3939,0.000000,21.794966,7,"0;1;3;4;7;12;13"
Root_3940,97.228160,42.072726,6,"1;3;4;7;12;13"
Root_3941,9.621837,27.124566,6,"0;3;4;7;12;13"
Root_3942,127.090944,46.702326,5,"3;4;7;12;13"
Root_3943,0.438102,22.782614,7,"0;1;2;4;7;12;13"
Root_3944,101.178752,43.060374,6,"1;2;4;7;12;13"
Root_3945,10.905805,28.112214,6,"0;2;4;7;12;13"
Root_3946,132.719158,47.689974,5,"2;4;7;12;13"
Root_3947,0.438102,23.708534,6,"0;1;4;7;12;13"
Root_3948,100.782432,43.986294,5,"1;4;7;12;13"
Root_3949,10.905805,29.038134,5,"0;4;7;12;13"
Root_3950,135.406467,48.615894,4,"4;7;12;13"
Root_3951,0.000000,23.091254,7,"0;1;2;3;7;12;13"
Root_3952,103.030592,43.369014,6,"1;2;3;7;12;13"
Root_3953,9.621837,28.420854,6,"0;2;3;7;12;13"
Root_3954,135.188278,47.998614,5,"2;3;7;12;13"
Root_3955,0.000000,24.017174,6,"0;1;3;7;12;13"
Root_3956,102.634272,44.294934,5,"1;3;7;12;13"
Root_3957,9.621837,29.346774,5,"0;3;7;12;13"
Root_3958,138.492867,48.924534,4,"3;7;12;13"
Root_3959,1.172525,25.004822,6,"0;1;2;7;12;13"
Root_3960,107.855094,45.282582,5,"1;2;7;12;13"
Root_3961,11.266147,30.334422,5,"0;2;7;12;13"
Root_3962,147.381699,49.912182,4,"2;7;12;13"
Root_3963,2.098445,25.930742,5,"0;1;7;12;13"
Root_3964,109.310614,46.208502,4,"1;7;12;13"
Root_3965,10.905805,31.260342,4,"0;7;12;13"
Root_3966,151.614979,50.838102,3,"7;12;13"
Root_3967,0.000000,19.924608,9,"0;1;2;3;4;5;6;12;13"
Root_3968,96.710787,40.202368,8,"1;2;3;4;5;6;12;13"
Root_3969,5.848704,25.254208,8,"0;2;3;4;5;6;12;13"
Root_3970,129.130477,44.831968,7,"2;3;4;5;6;12;13"
Root_3971,0.000000,20.850528,8,"0;1;3;4;5;6;12;13"
Root_3972,95.388547,41.128288,7,"1;3;4;5;6;12;13"
Root_3973,6.774624,26.180128,7,"0;3;4;5;6;12;13"
Root_3974,128.566125,45.757888,6,"3;4;5;6;12;13"
Root_3975,0.000000,21.838176,8,"0;1;2;4;5;6;12;13"
Root_3976,99.339139,42.115936,7,"1;2;4;5;6;12;13"
Root_3977,9.016928,27.167776,7,"0;2;4;5;6;12;13"
Root_3978,133.874733,46.745536,6,"2;4;5;6;12;13"
Root_3979,0.000000,22.764096,7,"0;1;4;5;6;12;13"
Root_3980,98.942819,43.041856,6,"1;4;5;6;12;13"
Root_3981,9.016928,28.093696,6,"0;4;5;6;12;13"
Root_3982,134.404333,47.671456,5,"4;5;6;12;13"
Root_3983,0.000000,22.146816,8,"0;1;2;3;5;6;12;13"
Root_3984,101.499619,42.424576,7,"1;2;3;5;6;12;13"
Root_3985,7.732960,27.476416,7,"0;2;3;5;6;12;13"
Root_3986,136.343853,47.054176,6,"2;3;5;6;12;13"
Root_3987,0.000000,23.072736,7,"0;1;3;5;6;12;13"
Root_3988,101.103299,43.350496,6,"1;3;5;6;12;13"
Root_3989,7.732960,28.402336,6,"0;3;5;6;12;13"
Root_3990,136.873453,47.980096,5,"3;5;6;12;13"
Root_3991,0.000000,24.060384,7,"0;1;2;5;6;12;13"
Root_3992,106.411907,44.338144,6,"1;2;5;6;12;13"
Root_3993,9.016928,29.389984,6,"0;2;5;6;12;13"
Root_3994,145.105197,48.967744,5,"2;5;6;12;13"
Root_3995,0.715904,24.986304,6,"0;1;5;6;12;13"
Root_3996,107.205571,45.264064,5,"1;5;6;12;13"
Root_3997,9.016928,30.315904,5,"0;5;6;12;13"
Root_3998,148.412557,49.893664,4,"5;6;12;13"
Root_3999,0.000000,21.467808,8,"0;1;2;3;4;6;12;13"
Root_4000,103.741731,41.745568,7,"1;2;3;4;6;12;13"
Root_4001,11.352438,26.797408,7,"0;2;3;4;6;12;13"
Root_4002,133.277357,46.375168,6,"2;3;4;6;12;13"
Root_4003,0.000000,22.393728,7,"0;1;3;4;6;12;13"
Root_4004,102.419491,42.671488,6,"1;3;4;6;12;13"
Root_4005,11.352438,27.723328,6,"0;3;4;6;12;13"
Root_4006,132.881037,47.301088,5,"3;4;6;12;13"
Root_4007,1.036864,23.381376,7,"0;1;2;4;6;12;13"
Root_4008,106.370083,43.659136,6,"1;2;4;6;12;13"
Root_4009,13.089302,28.710976,6,"0;2;4;6;12;13"
Root_4010,138.685485,48.288736,5,"2;4;6;12;13"
Root_4011,1.073760,24.307296,6,"0;1;4;6;12;13"
Root_4012,105.973763,44.585056,5,"1;4;6;12;13"
Root_4013,13.089302,29.636896,5,"0;4;6;12;13"
Root_4014,141.992845,49.214656,4,"4;6;12;13"
Root_4015,0.000000,23.690016,7,"0;1;2;3;6;12;13"
Root_4016,108.221923,43.967776,6,"1;2;3;6;12;13"
Root_4017,11.352438,29.019616,6,"0;2;3;6;12;13"
Root_4018,141.771885,48.597376,5,"2;3;6;12;13"
Root_4019,0.345536,24.615936,6,"0;1;3;6;12;13"
Root_4020,107.825603,44.893696,5,"1;3;6;12;13"
Root_4021,11.352438,29.945536,5,"0;3;6;12;13"
Root_4022,145.079245,49.523296,4,"3;6;12;13"
Root_4023,2.629152,25.603584,6,"0;1;2;6;12;13"
Root_4024,113.645187,45.881344,5,"1;2;6;12;13"
Root_4025,14.048406,30.933184,5,"0;2;6;12;13"
Root_4026,153.968077,50.510944,4,"2;6;12;13"
Root_4027,3.295968,26.529504,5,"0;1;6;12;13"
Root_4028,115.100707,46.807264,4,"1;6;12;13"
Root_4029,13.089302,31.859104,4,"0;6;12;13"
Root_4030,158.638221,51.436864,3,"6;12;13"
Root_4031,0.006006,22.350518,8,"0;1;2;3;4;5;12;13"
Root_4032,107.500960,42.628278,7,"1;2;3;4;5;12;13"
Root_4033,13.117923,27.680118,7,"0;2;3;4;5;12;13"
Root_4034,138.177174,47.257878,6,"2;3;4;5;12;13"
Root_4035,0.006006,23.276438,7,"0;1;3;4;5;12;13"
Root_4036,106.178720,43.554198,6,"1;3;4;5;12;13"
Root_4037,13.117923,28.606038,6,"0;3;4;5;12;13"
Root_4038,139.074371,48.183798,5,"3;4;5;12;13"
Root_4039,2.061389,24.264086,7,"0;1;2;4;5;12;13"
Root_4040,110.499680,44.541846,6,"1;2;4;5;12;13"
Root_4041,15.873306,29.593686,6,"0;2;4;5;12;13"
Root_4042,147.345923,49.171446,5,"2;4;5;12;13"
Root_4043,2.980995,25.190006,6,"0;1;4;5;12;13"
Root_4044,110.571126,45.467766,5,"1;4;5;12;13"
Root_4045,15.873306,30.519606,5,"0;4;5;12;13"
Root_4046,150.653283,50.097366,4,"4;5;12;13"
Root_4047,0.308333,24.572726,7,"0;1;2;3;5;12;13"
Root_4048,112.660160,44.850486,6,"1;2;3;5;12;13"
Root_4049,13.117923,29.902326,6,"0;2;3;5;12;13"
Root_4050,150.740963,49.480086,5,"2;3;5;12;13"
Root_4051,1.234253,25.498646,6,"0;1;3;5;12;13"
Root_4052,113.040246,45.776406,5,"1;3;5;12;13"
Root_4053,13.117923,30.828246,5,"0;3;5;12;13"
Root_4054,154.048323,50.406006,4,"3;5;12;13"
Root_4055,5.061389,26.486294,6,"0;1;2;5;12;13"
Root_4056,119.336502,46.764054,5,"1;2;5;12;13"
Root_4057,16.873306,31.815894,5,"0;2;5;12;13"
Root_4058,163.701178,51.393654,4,"2;5;12;13"
Root_4059,5.061389,27.412214,5,"0;1;5;12;13"
Root_4060,121.481997,47.689974,4,"1;5;12;13"
Root_4061,15.031491,32.741814,4,"0;5;12;13"
Root_4062,168.860378,52.319574,3,"5;12;13"
Root_4063,1.549206,23.893718,7,"0;1;2;3;4;12;13"
Root_4064,112.476362,44.171478,6,"1;2;3;4;12;13"
Root_4065,17.589370,29.223318,6,"0;2;3;4;12;13"
Root_4066,144.012611,48.801078,5,"2;3;4;12;13"
Root_4067,2.098445,24.819638,6,"0;1;3;4;12;13"
Root_4068,111.251520,45.097398,5,"1;3;4;12;13"
Root_4069,17.589370,30.149238,5,"0;3;4;12;13"
Root_4070,147.319971,49.726998,4,"3;4;12;13"
Root_4071,7.147482,25.807286,6,"0;1;2;4;12;13"
Root_4072,116.189760,46.085046,5,"1;2;4;12;13"
Root_4073,22.416538,31.136886,5,"0;2;4;12;13"
Root_4074,156.208803,50.714646,4,"2;4;12;13"
Root_4075,7.462774,26.733206,5,"0;1;4;12;13"
Root_4076,116.730326,47.010966,4,"1;4;12;13"
Root_4077,21.253731,32.062806,4,"0;4;12;13"
Root_4078,161.082650,51.640566,3,"4;12;13"
Root_4079,4.166179,26.115926,6,"0;1;2;3;12;13"
Root_4080,118.350240,46.393686,5,"1;2;3;12;13"
Root_4081,18.589370,31.445526,5,"0;2;3;12;13"
Root_4082,159.627130,51.023286,4,"2;3;12;13"
Root_4083,4.320653,27.041846,5,"0;1;3;12;13"
Root_4084,119.199446,47.319606,4,"1;3;12;13"
Root_4085,17.117923,32.371446,4,"0;3;12;13"
Root_4086,164.786330,51.949206,3,"3;12;13"
Root_4087,7.462774,28.029494,5,"0;1;2;12;13"
Root_4088,127.034746,48.307254,4,"1;2;12;13"
Root_4089,22.253731,33.359094,4,"0;2;12;13"
Root_4090,175.650458,52.936854,3,"2;12;13"
Root_4091,7.462774,28.955414,4,"0;1;12;13"
Root_4092,132.193946,49.233174,3,"1;12;13"
Root_4093,18.868717,34.285014,3,"0;12;13"
Root_4094,181.735578,53.862774,2,"12;13"
Root_4095,0.000000,8.729600,13,"0;1;2;3;4;5;6;7;8;9;10;11;13"
Root_4096,50.304794,31.807360,12,"1;2;3;4;5;6;7;8;9;10;11;13"
Root_4097,0.000000,16.859200,12,"0;2;3;4;5;6;7;8;9;10;11;13"
Root_4098,87.744154,36.436960,11,"2;3;4;5;6;7;8;9;10;11;13"
Root_4099,0.000000,9.655520,12,"0;1;3;4;5;6;7;8;9;10;11;13"
Root_4100,49.171514,32.733280,11,"1;3;4;5;6;7;8;9;10;11;13"
Root_4101,0.000000,17.785120,11,"0;3;4;5;6;7;8;9;10;11;13"
Root_4102,85.632954,37.362880,10,"3;4;5;6;7;8;9;10;11;13"
Root_4103,0.000000,13.443168,12,"0;1;2;4;5;6;7;8;9;10;11;13"
Root_4104,56.571450,33.720928,11,"1;2;4;5;6;7;8;9;10;11;13"
Root_4105,0.000000,18.772768,11,"0;2;4;5;6;7;8;9;10;11;13"
Root_4106,92.233018,38.350528,10,"2;4;5;6;7;8;9;10;11;13"
Root_4107,0.000000,14.369088,11,"0;1;4;5;6;7;8;9;10;11;13"
Root_4108,54.450522,34.646848,10,"1;4;5;6;7;8;9;10;11;13"
Root_4109,0.000000,19.698688,10,"0;4;5;6;7;8;9;10;11;13"
Root_4110,90.684858,39.276448,9,"4;5;6;7;8;9;10;11;13"
Root_4111,0.000000,12.351808,12,"0;1;2;3;5;6;7;8;9;10;11;13"
Root_4112,52.497370,34.029568,11,"1;2;3;5;6;7;8;9;10;11;13"
Root_4113,0.000000,19.081408,11,"0;2;3;5;6;7;8;9;10;11;13"
Root_4114,91.543898,38.659168,10,"2;3;5;6;7;8;9;10;11;13"
Root_4115,0.000000,13.277728,11,"0;1;3;5;6;7;8;9;10;11;13"
Root_4116,50.067802,34.955488,10,"1;3;5;6;7;8;9;10;11;13"
Root_4117,0.000000,20.007328,10,"0;3;5;6;7;8;9;10;11;13"
Root_4118,90.921658,39.585088,9,"3;5;6;7;8;9;10;11;13"
Root_4119,0.000000,15.665376,11,"0;1;2;5;6;7;8;9;10;11;13"
Root_4120,58.043098,35.943136,10,"1;2;5;6;7;8;9;10;11;13"
Root_4121,0.000000,20.994976,10,"0;2;5;6;7;8;9;10;11;13"
Root_4122,96.287162,40.572736,9,"2;5;6;7;8;9;10;11;13"
Root_4123,0.000000,16.591296,10,"0;1;5;6;7;8;9;10;11;13"
Root_4124,56.438074,36.869056,9,"1;5;6;7;8;9;10;11;13"
Root_4125,0.000000,21.920896,9,"0;5;6;7;8;9;10;11;13"
Root_4126,96.163578,41.498656,8,"5;6;7;8;9;10;11;13"
Root_4127,0.000000,10.972800,12,"0;1;2;3;4;6;7;8;9;10;11;13"
Root_4128,59.250470,33.350560,11,"1;2;3;4;6;7;8;9;10;11;13"
Root_4129,0.000000,18.402400,11,"0;2;3;4;6;7;8;9;10;11;13"
Root_4130,96.440314,37.980160,10,"2;3;4;6;7;8;9;10;11;13"
Root_4131,0.000000,11.898720,11,"0;1;3;4;6;7;8;9;10;11;13"
Root_4132,57.499910,34.276480,10,"1;3;4;6;7;8;9;10;11;13"
Root_4133,0.000000,19.328320,10,"0;3;4;6;7;8;9;10;11;13"
Root_4134,94.892154,38.906080,9,"3;4;6;7;8;9;10;11;13"
Root_4135,0.000000,14.986368,11,"0;1;2;4;6;7;8;9;10;11;13"
Root_4136,65.166566,35.264128,10,"1;2;4;6;7;8;9;10;11;13"
Root_4137,0.000000,20.315968,10,"0;2;4;6;7;8;9;10;11;13"
Root_4138,99.949018,39.893728,9,"2;4;6;7;8;9;10;11;13"
Root_4139,0.000000,15.912288,10,"0;1;4;6;7;8;9;10;11;13"
Root_4140,62.692486,36.190048,9,"1;4;6;7;8;9;10;11;13"
Root_4141,0.000000,21.241888,9,"0;4;6;7;8;9;10;11;13"
Root_4142,98.400858,40.819648,8,"4;6;7;8;9;10;11;13"
Root_4143,0.000000,13.895008,11,"0;1;2;3;6;7;8;9;10;11;13"
Root_4144,61.092486,35.572768,10,"1;2;3;6;7;8;9;10;11;13"
Root_4145,0.000000,20.624608,10,"0;2;3;6;7;8;9;10;11;13"
Root_4146,101.003226,40.202368,9,"2;3;6;7;8;9;10;11;13"
Root_4147,0.000000,14.820928,10,"0;1;3;6;7;8;9;10;11;13"
Root_4148,59.117094,36.498688,9,"1;3;6;7;8;9;10;11;13"
Root_4149,0.000000,21.550528,9,"0;3;6;7;8;9;10;11;13"
Root_4150,100.380986,41.128288,8,"3;6;7;8;9;10;11;13"
Root_4151,0.000000,17.208576,10,"0;1;2;6;7;8;9;10;11;13"
Root_4152,67.067686,37.486336,9,"1;2;6;7;8;9;10;11;13"
Root_4153,0.000000,22.538176,9,"0;2;6;7;8;9;10;11;13"
Root_4154,105.319226,42.115936,8,"2;6;7;8;9;10;11;13"
Root_4155,0.000000,18.134496,9,"0;1;6;7;8;9;10;11;13"
Root_4156,66.445446,38.412256,8,"1;6;7;8;9;10;11;13"
Root_4157,0.000000,23.464096,8,"0;6;7;8;9;10;11;13"
Root_4158,105.622906,43.041856,7,"6;7;8;9;10;11;13"
Root_4159,0.000000,11.855510,12,"0;1;2;3;4;5;7;8;9;10;11;13"
Root_4160,63.812182,34.233270,11,"1;2;3;4;5;7;8;9;10;11;13"
Root_4161,0.000000,19.285110,11,"0;2;3;4;5;7;8;9;10;11;13"
Root_4162,101.510774,38.862870,10,"2;3;4;5;7;8;9;10;11;13"
Root_4163,0.000000,12.781430,11,"0;1;3;4;5;7;8;9;10;11;13"
Root_4164,61.338102,35.159190,10,"1;3;4;5;7;8;9;10;11;13"
Root_4165,0.000000,20.211030,10,"0;3;4;5;7;8;9;10;11;13"
Root_4166,99.962614,39.788790,9,"3;4;5;7;8;9;10;11;13"
Root_4167,0.000000,15.869078,11,"0;1;2;4;5;7;8;9;10;11;13"
Root_4168,69.154208,36.146838,10,"1;2;4;5;7;8;9;10;11;13"
Root_4169,0.000000,21.198678,10,"0;2;4;5;7;8;9;10;11;13"
Root_4170,104.136768,40.776438,9,"2;4;5;7;8;9;10;11;13"
Root_4171,0.000000,16.794998,10,"0;1;4;5;7;8;9;10;11;13"
Root_4172,66.752886,37.072758,9,"1;4;5;7;8;9;10;11;13"
Root_4173,0.000000,22.124598,9,"0;4;5;7;8;9;10;11;13"
Root_4174,103.290966,41.702358,8,"4;5;7;8;9;10;11;13"
Root_4175,0.000000,14.777718,11,"0;1;2;3;5;7;8;9;10;11;13"
Root_4176,65.535606,36.455478,10,"1;2;3;5;7;8;9;10;11;13"
Root_4177,0.000000,21.507318,10,"0;2;3;5;7;8;9;10;11;13"
Root_4178,106.073686,41.085078,9,"2;3;5;7;8;9;10;11;13"
Root_4179,0.000000,15.703638,10,"0;1;3;5;7;8;9;10;11;13"
Root_4180,64.368845,37.381398,9,"1;3;5;7;8;9;10;11;13"
Root_4181,0.000000,22.433238,9,"0;3;5;7;8;9;10;11;13"
Root_4182,105.451446,42.010998,8,"3;5;7;8;9;10;11;13"
Root_4183,0.000000,18.091286,10,"0;1;2;5;7;8;9;10;11;13"
Root_4184,71.938038,38.369046,9,"1;2;5;7;8;9;10;11;13"
Root_4185,0.000000,23.420886,9,"0;2;5;7;8;9;10;11;13"
Root_4186,110.701901,42.998646,8,"2;5;7;8;9;10;11;13"
Root_4187,0.000000,19.017206,9,"0;1;5;7;8;9;10;11;13"
Root_4188,71.315798,39.294966,8,"1;5;7;8;9;10;11;13"
Root_4189,0.000000,24.346806,8,"0;5;7;8;9;10;11;13"
Root_4190,111.005581,43.924566,7,"5;7;8;9;10;11;13"
Root_4191,0.000000,13.398710,11,"0;1;2;3;4;7;8;9;10;11;13"
Root_4192,72.907296,35.776470,10,"1;2;3;4;7;8;9;10;11;13"
Root_4193,0.000000,20.828310,10,"0;2;3;4;7;8;9;10;11;13"
Root_4194,109.226774,40.406070,9,"2;3;4;7;8;9;10;11;13"
Root_4195,0.000000,14.324630,10,"0;1;3;4;7;8;9;10;11;13"
Root_4196,70.433216,36.702390,9,"1;3;4;7;8;9;10;11;13"
Root_4197,0.000000,21.754230,9,"0;3;4;7;8;9;10;11;13"
Root_4198,107.678614,41.331990,8,"3;4;7;8;9;10;11;13"
Root_4199,0.000000,17.412278,10,"0;1;2;4;7;8;9;10;11;13"
Root_4200,77.396160,37.690038,9,"1;2;4;7;8;9;10;11;13"
Root_4201,0.000000,22.741878,9,"0;2;4;7;8;9;10;11;13"
Root_4202,111.629206,42.319638,8,"2;4;7;8;9;10;11;13"
Root_4203,0.000000,18.338198,9,"0;1;4;7;8;9;10;11;13"
Root_4204,75.848000,38.615958,8,"1;4;7;8;9;10;11;13"
Root_4205,0.000000,23.667798,8,"0;4;7;8;9;10;11;13"
Root_4206,111.006966,43.245558,7,"4;7;8;9;10;11;13"
Root_4207,0.000000,16.320918,10,"0;1;2;3;7;8;9;10;11;13"
Root_4208,75.793485,37.998678,9,"1;2;3;7;8;9;10;11;13"
Root_4209,0.000000,23.050518,9,"0;2;3;7;8;9;10;11;13"
Root_4210,113.789686,42.628278,8,"2;3;7;8;9;10;11;13"
Root_4211,0.000000,17.246838,9,"0;1;3;7;8;9;10;11;13"
Root_4212,75.171245,38.924598,8,"1;3;7;8;9;10;11;13"
Root_4213,0.000000,23.976438,8,"0;3;7;8;9;10;11;13"
Root_4214,113.167446,43.554198,7,"3;7;8;9;10;11;13"
Root_4215,0.000000,19.634486,9,"0;1;2;7;8;9;10;11;13"
Root_4216,81.197238,39.912246,8,"1;2;7;8;9;10;11;13"
Root_4217,0.000000,24.964086,8,"0;2;7;8;9;10;11;13"
Root_4218,118.167414,44.541846,7,"2;7;8;9;10;11;13"
Root_4219,0.000000,20.560406,8,"0;1;7;8;9;10;11;13"
Root_4220,80.574998,40.838166,7,"1;7;8;9;10;11;13"
Root_4221,0.000000,25.890006,7,"0;7;8;9;10;11;13"
Root_4222,118.471094,45.467766,6,"7;8;9;10;11;13"
Root_4223,0.000000,14.554272,12,"0;1;2;3;4;5;6;8;9;10;11;13"
Root_4224,69.435610,34.832032,11,"1;2;3;4;5;6;8;9;10;11;13"
Root_4225,0.000000,19.883872,11,"0;2;3;4;5;6;8;9;10;11;13"
Root_4226,107.903203,39.461632,10,"2;3;4;5;6;8;9;10;11;13"
Root_4227,0.000000,15.480192,11,"0;1;3;4;5;6;8;9;10;11;13"
Root_4228,66.961530,35.757952,10,"1;3;4;5;6;8;9;10;11;13"
Root_4229,0.000000,20.809792,10,"0;3;4;5;6;8;9;10;11;13"
Root_4230,106.355043,40.387552,9,"3;4;5;6;8;9;10;11;13"
Root_4231,0.000000,16.467840,11,"0;1;2;4;5;6;8;9;10;11;13"
Root_4232,74.178874,36.745600,10,"1;2;4;5;6;8;9;10;11;13"
Root_4233,0.000000,21.797440,10,"0;2;4;5;6;8;9;10;11;13"
Root_4234,110.305635,41.375200,9,"2;4;5;6;8;9;10;11;13"
Root_4235,0.000000,17.393760,10,"0;1;4;5;6;8;9;10;11;13"
Root_4236,72.376314,37.671520,9,"1;4;5;6;8;9;10;11;13"
Root_4237,0.000000,22.723360,9,"0;4;5;6;8;9;10;11;13"
Root_4238,109.683395,42.301120,8,"4;5;6;8;9;10;11;13"
Root_4239,0.000000,16.776480,11,"0;1;2;3;5;6;8;9;10;11;13"
Root_4240,71.213274,37.054240,10,"1;2;3;5;6;8;9;10;11;13"
Root_4241,0.000000,22.106080,10,"0;2;3;5;6;8;9;10;11;13"
Root_4242,112.774755,41.683840,9,"2;3;5;6;8;9;10;11;13"
Root_4243,0.000000,17.702400,10,"0;1;3;5;6;8;9;10;11;13"
Root_4244,70.591034,37.980160,9,"1;3;5;6;8;9;10;11;13"
Root_4245,0.000000,23.032000,9,"0;3;5;6;8;9;10;11;13"
Root_4246,112.152515,42.609760,8,"3;5;6;8;9;10;11;13"
Root_4247,0.000000,18.690048,10,"0;1;2;5;6;8;9;10;11;13"
Root_4248,77.561466,38.967808,9,"1;2;5;6;8;9;10;11;13"
Root_4249,0.000000,24.019648,9,"0;2;5;6;8;9;10;11;13"
Root_4250,117.522851,43.597408,8,"2;5;6;8;9;10;11;13"
Root_4251,0.000000,19.615968,9,"0;1;5;6;8;9;10;11;13"
Root_4252,76.939226,39.893728,8,"1;5;6;8;9;10;11;13"
Root_4253,0.000000,24.945568,8,"0;5;6;8;9;10;11;13"
Root_4254,117.826531,44.523328,7,"5;6;8;9;10;11;13"
Root_4255,0.000000,16.097472,11,"0;1;2;3;4;6;8;9;10;11;13"
Root_4256,78.386170,36.375232,10,"1;2;3;4;6;8;9;10;11;13"
Root_4257,0.000000,21.427072,10,"0;2;3;4;6;8;9;10;11;13"
Root_4258,115.387235,41.004832,9,"2;3;4;6;8;9;10;11;13"
Root_4259,0.000000,17.023392,10,"0;1;3;4;6;8;9;10;11;13"
Root_4260,76.213242,37.301152,9,"1;3;4;6;8;9;10;11;13"
Root_4261,0.000000,22.352992,9,"0;3;4;6;8;9;10;11;13"
Root_4262,113.839075,41.930752,8,"3;4;6;8;9;10;11;13"
Root_4263,0.000000,18.011040,10,"0;1;2;4;6;8;9;10;11;13"
Root_4264,82.875034,38.288800,9,"1;2;4;6;8;9;10;11;13"
Root_4265,0.000000,23.340640,9,"0;2;4;6;8;9;10;11;13"
Root_4266,117.851395,42.918400,8,"2;4;6;8;9;10;11;13"
Root_4267,0.000000,18.936960,9,"0;1;4;6;8;9;10;11;13"
Root_4268,81.326874,39.214720,8,"1;4;6;8;9;10;11;13"
Root_4269,0.000000,24.266560,8,"0;4;6;8;9;10;11;13"
Root_4270,117.229155,43.844320,7,"4;6;8;9;10;11;13"
Root_4271,0.000000,18.319680,10,"0;1;2;3;6;8;9;10;11;13"
Root_4272,82.015674,38.597440,9,"1;2;3;6;8;9;10;11;13"
Root_4273,0.000000,23.649280,9,"0;2;3;6;8;9;10;11;13"
Root_4274,120.011875,43.227040,8,"2;3;6;8;9;10;11;13"
Root_4275,0.000000,19.245600,9,"0;1;3;6;8;9;10;11;13"
Root_4276,81.393434,39.523360,8,"1;3;6;8;9;10;11;13"
Root_4277,0.000000,24.575200,8,"0;3;6;8;9;10;11;13"
Root_4278,119.389635,44.152960,7,"3;6;8;9;10;11;13"
Root_4279,0.000000,20.233248,9,"0;1;2;6;8;9;10;11;13"
Root_4280,86.820666,40.511008,8,"1;2;6;8;9;10;11;13"
Root_4281,0.000000,25.562848,8,"0;2;6;8;9;10;11;13"
Root_4282,124.389603,45.140608,7,"2;6;8;9;10;11;13"
Root_4283,0.000000,21.159168,8,"0;1;6;8;9;10;11;13"
Root_4284,86.635354,41.436928,7,"1;6;8;9;10;11;13"
Root_4285,0.000000,26.488768,7,"0;6;8;9;10;11;13"
Root_4286,124.693283,46.066528,6,"6;8;9;10;11;13"
Root_4287,0.000000,16.980182,11,"0;1;2;3;4;5;8;9;10;11;13"
Root_4288,82.584950,37.257942,10,"1;2;3;4;5;8;9;10;11;13"
Root_4289,0.000000,22.309782,10,"0;2;3;4;5;8;9;10;11;13"
Root_4290,119.720534,41.887542,9,"2;3;4;5;8;9;10;11;13"
Root_4291,0.000000,17.906102,10,"0;1;3;4;5;8;9;10;11;13"
Root_4292,81.036790,38.183862,9,"1;3;4;5;8;9;10;11;13"
Root_4293,0.000000,23.235702,9,"0;3;4;5;8;9;10;11;13"
Root_4294,118.172374,42.813462,8,"3;4;5;8;9;10;11;13"
Root_4295,0.000000,18.893750,10,"0;1;2;4;5;8;9;10;11;13"
Root_4296,86.815872,39.171510,9,"1;2;4;5;8;9;10;11;13"
Root_4297,0.000000,24.223350,9,"0;2;4;5;8;9;10;11;13"
Root_4298,122.555062,43.801110,8,"2;4;5;8;9;10;11;13"
Root_4299,0.000000,19.819670,9,"0;1;4;5;8;9;10;11;13"
Root_4300,85.267712,40.097430,8,"1;4;5;8;9;10;11;13"
Root_4301,0.000000,25.149270,8,"0;4;5;8;9;10;11;13"
Root_4302,121.932822,44.727030,7,"4;5;8;9;10;11;13"
Root_4303,0.000000,19.202390,10,"0;1;2;3;5;8;9;10;11;13"
Root_4304,87.336621,39.480150,9,"1;2;3;5;8;9;10;11;13"
Root_4305,0.000000,24.531990,9,"0;2;3;5;8;9;10;11;13"
Root_4306,125.024182,44.109750,8,"2;3;5;8;9;10;11;13"
Root_4307,0.000000,20.128310,9,"0;1;3;5;8;9;10;11;13"
Root_4308,86.714381,40.406070,8,"1;3;5;8;9;10;11;13"
Root_4309,0.000000,25.457910,8,"0;3;5;8;9;10;11;13"
Root_4310,124.401942,45.035670,7,"3;5;8;9;10;11;13"
Root_4311,0.000000,21.115958,9,"0;1;2;5;8;9;10;11;13"
Root_4312,91.652621,41.393718,8,"1;2;5;8;9;10;11;13"
Root_4313,0.000000,26.445558,8,"0;2;5;8;9;10;11;13"
Root_4314,129.772278,46.023318,7,"2;5;8;9;10;11;13"
Root_4315,0.000000,22.041878,8,"0;1;5;8;9;10;11;13"
Root_4316,91.956301,42.319638,7,"1;5;8;9;10;11;13"
Root_4317,0.000000,27.371478,7,"0;5;8;9;10;11;13"
Root_4318,130.075958,46.949238,6,"5;8;9;10;11;13"
Root_4319,0.000000,18.523382,10,"0;1;2;3;4;8;9;10;11;13"
Root_4320,91.844150,38.801142,9,"1;2;3;4;8;9;10;11;13"
Root_4321,0.154102,23.852982,9,"0;2;3;4;8;9;10;11;13"
Root_4322,125.210752,43.430742,8,"2;3;4;8;9;10;11;13"
Root_4323,0.000000,19.449302,9,"0;1;3;4;8;9;10;11;13"
Root_4324,90.295990,39.727062,8,"1;3;4;8;9;10;11;13"
Root_4325,0.154102,24.778902,8,"0;3;4;8;9;10;11;13"
Root_4326,123.662592,44.356662,7,"3;4;8;9;10;11;13"
Root_4327,0.000000,20.436950,9,"0;1;2;4;8;9;10;11;13"
Root_4328,94.531872,40.714710,8,"1;2;4;8;9;10;11;13"
Root_4329,0.154102,25.766550,8,"0;2;4;8;9;10;11;13"
Root_4330,127.674912,45.344310,7,"2;4;8;9;10;11;13"
Root_4331,0.000000,21.362870,8,"0;1;4;8;9;10;11;13"
Root_4332,93.624342,41.640630,7,"1;4;8;9;10;11;13"
Root_4333,0.154102,26.692470,7,"0;4;8;9;10;11;13"
Root_4334,127.052672,46.270230,6,"4;8;9;10;11;13"
Root_4335,0.000000,20.745590,9,"0;1;2;3;8;9;10;11;13"
Root_4336,96.345334,41.023350,8,"1;2;3;8;9;10;11;13"
Root_4337,0.154102,26.075190,8,"0;2;3;8;9;10;11;13"
Root_4338,129.835392,45.652950,7,"2;3;8;9;10;11;13"
Root_4339,0.000000,21.671510,8,"0;1;3;8;9;10;11;13"
Root_4340,95.723094,41.949270,7,"1;3;8;9;10;11;13"
Root_4341,0.154102,27.001110,7,"0;3;8;9;10;11;13"
Root_4342,129.213152,46.578870,6,"3;8;9;10;11;13"
Root_4343,0.000000,22.659158,8,"0;1;2;8;9;10;11;13"
Root_4344,100.723062,42.936918,7,"1;2;8;9;10;11;13"
Root_4345,0.154102,27.988758,7,"0;2;8;9;10;11;13"
Root_4346,134.779638,47.566518,6,"2;8;9;10;11;13"
Root_4347,0.000000,23.585078,7,"0;1;8;9;10;11;13"
Root_4348,101.026742,43.862838,6,"1;8;9;10;11;13"
Root_4349,0.154102,28.914678,6,"0;8;9;10;11;13"
Root_4350,136.994115,48.492438,5,"8;9;10;11;13"
Root_4351,0.000000,13.359200,12,"0;1;2;3;4;5;6;7;9;10;11;13"
Root_4352,81.744154,36.436960,11,"1;2;3;4;5;6;7;9;10;11;13"
Root_4353,0.000000,21.488800,11,"0;2;3;4;5;6;7;9;10;11;13"
Root_4354,122.263715,41.066560,10,"2;3;4;5;6;7;9;10;11;13"
Root_4355,0.000000,14.285120,11,"0;1;3;4;5;6;7;9;10;11;13"
Root_4356,79.632954,37.362880,10,"1;3;4;5;6;7;9;10;11;13"
Root_4357,0.000000,22.414720,10,"0;3;4;5;6;7;9;10;11;13"
Root_4358,120.715555,41.992480,9,"3;4;5;6;7;9;10;11;13"
Root_4359,0.000000,18.072768,11,"0;1;2;4;5;6;7;9;10;11;13"
Root_4360,86.233018,38.350528,10,"1;2;4;5;6;7;9;10;11;13"
Root_4361,0.000000,23.402368,10,"0;2;4;5;6;7;9;10;11;13"
Root_4362,124.959843,42.980128,9,"2;4;5;6;7;9;10;11;13"
Root_4363,0.000000,18.998688,10,"0;1;4;5;6;7;9;10;11;13"
Root_4364,84.684858,39.276448,9,"1;4;5;6;7;9;10;11;13"
Root_4365,0.000000,24.328288,9,"0;4;5;6;7;9;10;11;13"
Root_4366,124.337603,43.906048,8,"4;5;6;7;9;10;11;13"
Root_4367,0.000000,16.981408,11,"0;1;2;3;5;6;7;9;10;11;13"
Root_4368,85.543898,38.659168,10,"1;2;3;5;6;7;9;10;11;13"
Root_4369,0.000000,23.711008,10,"0;2;3;5;6;7;9;10;11;13"
Root_4370,127.428963,43.288768,9,"2;3;5;6;7;9;10;11;13"
Root_4371,0.000000,17.907328,10,"0;1;3;5;6;7;9;10;11;13"
Root_4372,84.921658,39.585088,9,"1;3;5;6;7;9;10;11;13"
Root_4373,0.000000,24.636928,9,"0;3;5;6;7;9;10;11;13"
Root_4374,126.806723,44.214688,8,"3;5;6;7;9;10;11;13"
Root_4375,0.000000,20.294976,10,"0;1;2;5;6;7;9;10;11;13"
Root_4376,90.287162,40.572736,9,"1;2;5;6;7;9;10;11;13"
Root_4377,0.000000,25.624576,9,"0;2;5;6;7;9;10;11;13"
Root_4378,132.379395,45.202336,8,"2;5;6;7;9;10;11;13"
Root_4379,0.000000,21.220896,9,"0;1;5;6;7;9;10;11;13"
Root_4380,90.163578,41.498656,8,"1;5;6;7;9;10;11;13"
Root_4381,0.000000,26.550496,8,"0;5;6;7;9;10;11;13"
Root_4382,133.608995,46.128256,7,"5;6;7;9;10;11;13"
Root_4383,0.000000,15.602400,11,"0;1;2;3;4;6;7;9;10;11;13"
Root_4384,90.440314,37.980160,10,"1;2;3;4;6;7;9;10;11;13"
Root_4385,0.000000,23.032000,10,"0;2;3;4;6;7;9;10;11;13"
Root_4386,128.436515,42.609760,9,"2;3;4;6;7;9;10;11;13"
Root_4387,0.000000,16.528320,10,"0;1;3;4;6;7;9;10;11;13"
Root_4388,88.892154,38.906080,9,"1;3;4;6;7;9;10;11;13"
Root_4389,0.000000,23.957920,9,"0;3;4;6;7;9;10;11;13"
Root_4390,126.888355,43.535680,8,"3;4;6;7;9;10;11;13"
Root_4391,0.000000,19.615968,10,"0;1;2;4;6;7;9;10;11;13"
Root_4392,93.949018,39.893728,9,"1;2;4;6;7;9;10;11;13"
Root_4393,0.000000,24.945568,9,"0;2;4;6;7;9;10;11;13"
Root_4394,130.900675,44.523328,8,"2;4;6;7;9;10;11;13"
Root_4395,0.000000,20.541888,9,"0;1;4;6;7;9;10;11;13"
Root_4396,92.400858,40.819648,8,"1;4;6;7;9;10;11;13"
Root_4397,0.000000,25.871488,8,"0;4;6;7;9;10;11;13"
Root_4398,130.727683,45.449248,7,"4;6;7;9;10;11;13"
Root_4399,0.000000,18.524608,10,"0;1;2;3;6;7;9;10;11;13"
Root_4400,95.003226,40.202368,9,"1;2;3;6;7;9;10;11;13"
Root_4401,0.000000,25.254208,9,"0;2;3;6;7;9;10;11;13"
Root_4402,133.061155,44.831968,8,"2;3;6;7;9;10;11;13"
Root_4403,0.000000,19.450528,9,"0;1;3;6;7;9;10;11;13"
Root_4404,94.380986,41.128288,8,"1;3;6;7;9;10;11;13"
Root_4405,0.000000,26.180128,8,"0;3;6;7;9;10;11;13"
Root_4406,133.196803,45.757888,7,"3;6;7;9;10;11;13"
Root_4407,0.000000,21.838176,9,"0;1;2;6;7;9;10;11;13"
Root_4408,99.319226,42.115936,8,"1;2;6;7;9;10;11;13"
Root_4409,0.000000,27.167776,8,"0;2;6;7;9;10;11;13"
Root_4410,139.184419,46.745536,7,"2;6;7;9;10;11;13"
Root_4411,0.000000,22.764096,8,"0;1;6;7;9;10;11;13"
Root_4412,99.622906,43.041856,7,"1;6;7;9;10;11;13"
Root_4413,0.000000,28.093696,7,"0;6;7;9;10;11;13"
Root_4414,140.414019,47.671456,6,"6;7;9;10;11;13"
Root_4415,0.000000,16.485110,11,"0;1;2;3;4;5;7;9;10;11;13"
Root_4416,95.510774,38.862870,10,"1;2;3;4;5;7;9;10;11;13"
Root_4417,0.000000,23.914710,10,"0;2;3;4;5;7;9;10;11;13"
Root_4418,132.769814,43.492470,9,"2;3;4;5;7;9;10;11;13"
Root_4419,0.000000,17.411030,10,"0;1;3;4;5;7;9;10;11;13"
Root_4420,93.962614,39.788790,9,"1;3;4;5;7;9;10;11;13"
Root_4421,0.000000,24.840630,9,"0;3;4;5;7;9;10;11;13"
Root_4422,131.221654,44.418390,8,"3;4;5;7;9;10;11;13"
Root_4423,0.000000,20.498678,10,"0;1;2;4;5;7;9;10;11;13"
Root_4424,98.136768,40.776438,9,"1;2;4;5;7;9;10;11;13"
Root_4425,0.000000,25.828278,9,"0;2;4;5;7;9;10;11;13"
Root_4426,136.010381,45.406038,8,"2;4;5;7;9;10;11;13"
Root_4427,0.000000,21.424598,9,"0;1;4;5;7;9;10;11;13"
Root_4428,97.290966,41.702358,8,"1;4;5;7;9;10;11;13"
Root_4429,0.000000,26.754198,8,"0;4;5;7;9;10;11;13"
Root_4430,136.314061,46.331958,7,"4;5;7;9;10;11;13"
Root_4431,0.000000,19.407318,10,"0;1;2;3;5;7;9;10;11;13"
Root_4432,100.073686,41.085078,9,"1;2;3;5;7;9;10;11;13"
Root_4433,0.000000,26.136918,9,"0;2;3;5;7;9;10;11;13"
Root_4434,138.788141,45.714678,8,"2;3;5;7;9;10;11;13"
Root_4435,0.000000,20.333238,9,"0;1;3;5;7;9;10;11;13"
Root_4436,99.451446,42.010998,8,"1;3;5;7;9;10;11;13"
Root_4437,0.000000,27.062838,8,"0;3;5;7;9;10;11;13"
Root_4438,139.091821,46.640598,7,"3;5;7;9;10;11;13"
Root_4439,0.000000,22.720886,9,"0;1;2;5;7;9;10;11;13"
Root_4440,104.701901,42.998646,8,"1;2;5;7;9;10;11;13"
Root_4441,0.000000,28.050486,8,"0;2;5;7;9;10;11;13"
Root_4442,146.078051,47.628246,7,"2;5;7;9;10;11;13"
Root_4443,0.000000,23.646806,8,"0;1;5;7;9;10;11;13"
Root_4444,105.005581,43.924566,7,"1;5;7;9;10;11;13"
Root_4445,0.000000,28.976406,7,"0;5;7;9;10;11;13"
Root_4446,148.233571,48.554166,6,"5;7;9;10;11;13"
Root_4447,0.000000,18.028310,10,"0;1;2;3;4;7;9;10;11;13"
Root_4448,103.226774,40.406070,9,"1;2;3;4;7;9;10;11;13"
Root_4449,0.000000,25.457910,9,"0;2;3;4;7;9;10;11;13"
Root_4450,136.690774,45.035670,8,"2;3;4;7;9;10;11;13"
Root_4451,0.000000,18.954230,9,"0;1;3;4;7;9;10;11;13"
Root_4452,101.678614,41.331990,8,"1;3;4;7;9;10;11;13"
Root_4453,0.000000,26.383830,8,"0;3;4;7;9;10;11;13"
Root_4454,136.068534,45.961590,7,"3;4;7;9;10;11;13"
Root_4455,0.000000,22.041878,9,"0;1;2;4;7;9;10;11;13"
Root_4456,105.629206,42.319638,8,"1;2;4;7;9;10;11;13"
Root_4457,1.839149,27.371478,8,"0;2;4;7;9;10;11;13"
Root_4458,141.068502,46.949238,7,"2;4;7;9;10;11;13"
Root_4459,0.000000,22.967798,8,"0;1;4;7;9;10;11;13"
Root_4460,105.006966,43.245558,7,"1;4;7;9;10;11;13"
Root_4461,1.839149,28.297398,7,"0;4;7;9;10;11;13"
Root_4462,142.247341,47.875158,6,"4;7;9;10;11;13"
Root_4463,0.000000,20.950518,9,"0;1;2;3;7;9;10;11;13"
Root_4464,107.789686,42.628278,8,"1;2;3;7;9;10;11;13"
Root_4465,0.000000,27.680118,8,"0;2;3;7;9;10;11;13"
Root_4466,143.795501,47.257878,7,"2;3;7;9;10;11;13"
Root_4467,0.000000,21.876438,8,"0;1;3;7;9;10;11;13"
Root_4468,107.167446,43.554198,7,"1;3;7;9;10;11;13"
Root_4469,0.000000,28.606038,7,"0;3;7;9;10;11;13"
Root_4470,145.208899,48.183798,6,"3;7;9;10;11;13"
Root_4471,0.000000,24.264086,8,"0;1;2;7;9;10;11;13"
Root_4472,112.167414,44.541846,7,"1;2;7;9;10;11;13"
Root_4473,1.839149,29.593686,7,"0;2;7;9;10;11;13"
Root_4474,153.171811,49.171446,6,"2;7;9;10;11;13"
Root_4475,0.000000,25.190006,7,"0;1;7;9;10;11;13"
Root_4476,112.938861,45.467766,6,"1;7;9;10;11;13"
Root_4477,1.839149,30.519606,6,"0;7;9;10;11;13"
Root_4478,156.253251,50.097366,5,"7;9;10;11;13"
Root_4479,0.000000,19.183872,11,"0;1;2;3;4;5;6;9;10;11;13"
Root_4480,101.903203,39.461632,10,"1;2;3;4;5;6;9;10;11;13"
Root_4481,0.000000,24.513472,10,"0;2;3;4;5;6;9;10;11;13"
Root_4482,139.590765,44.091232,9,"2;3;4;5;6;9;10;11;13"
Root_4483,0.000000,20.109792,10,"0;1;3;4;5;6;9;10;11;13"
Root_4484,100.355043,40.387552,9,"1;3;4;5;6;9;10;11;13"
Root_4485,0.000000,25.439392,9,"0;3;4;5;6;9;10;11;13"
Root_4486,138.059757,45.017152,8,"3;4;5;6;9;10;11;13"
Root_4487,0.000000,21.097440,10,"0;1;2;4;5;6;9;10;11;13"
Root_4488,104.305635,41.375200,9,"1;2;4;5;6;9;10;11;13"
Root_4489,0.271424,26.427040,9,"0;2;4;5;6;9;10;11;13"
Root_4490,143.430093,46.004800,8,"2;4;5;6;9;10;11;13"
Root_4491,0.000000,22.023360,9,"0;1;4;5;6;9;10;11;13"
Root_4492,103.683395,42.301120,8,"1;4;5;6;9;10;11;13"
Root_4493,0.271424,27.352960,8,"0;4;5;6;9;10;11;13"
Root_4494,143.733773,46.930720,7,"4;5;6;9;10;11;13"
Root_4495,0.000000,21.406080,10,"0;1;2;3;5;6;9;10;11;13"
Root_4496,106.774755,41.683840,9,"1;2;3;5;6;9;10;11;13"
Root_4497,0.000000,26.735680,9,"0;2;3;5;6;9;10;11;13"
Root_4498,146.207853,46.313440,8,"2;3;5;6;9;10;11;13"
Root_4499,0.000000,22.332000,9,"0;1;3;5;6;9;10;11;13"
Root_4500,106.152515,42.609760,8,"1;3;5;6;9;10;11;13"
Root_4501,0.000000,27.661600,8,"0;3;5;6;9;10;11;13"
Root_4502,146.511533,47.239360,7,"3;5;6;9;10;11;13"
Root_4503,0.000000,23.319648,9,"0;1;2;5;6;9;10;11;13"
Root_4504,111.522851,43.597408,8,"1;2;5;6;9;10;11;13"
Root_4505,0.271424,28.649248,8,"0;2;5;6;9;10;11;13"
Root_4506,153.096525,48.227008,7,"2;5;6;9;10;11;13"
Root_4507,0.000000,24.245568,8,"0;1;5;6;9;10;11;13"
Root_4508,111.826531,44.523328,7,"1;5;6;9;10;11;13"
Root_4509,0.271424,29.575168,7,"0;5;6;9;10;11;13"
Root_4510,155.252045,49.152928,6,"5;6;9;10;11;13"
Root_4511,0.000000,20.727072,10,"0;1;2;3;4;6;9;10;11;13"
Root_4512,109.387235,41.004832,9,"1;2;3;4;6;9;10;11;13"
Root_4513,0.000000,26.056672,9,"0;2;3;4;6;9;10;11;13"
Root_4514,143.511725,45.634432,8,"2;3;4;6;9;10;11;13"
Root_4515,0.000000,21.652992,9,"0;1;3;4;6;9;10;11;13"
Root_4516,107.839075,41.930752,8,"1;3;4;6;9;10;11;13"
Root_4517,0.000000,26.982592,8,"0;3;4;6;9;10;11;13"
Root_4518,142.889485,46.560352,7,"3;4;6;9;10;11;13"
Root_4519,0.000000,22.640640,9,"0;1;2;4;6;9;10;11;13"
Root_4520,111.851395,42.918400,8,"1;2;4;6;9;10;11;13"
Root_4521,3.036672,27.970240,8,"0;2;4;6;9;10;11;13"
Root_4522,147.889453,47.548000,7,"2;4;6;9;10;11;13"
Root_4523,0.000000,23.566560,8,"0;1;4;6;9;10;11;13"
Root_4524,111.229155,43.844320,7,"1;4;6;9;10;11;13"
Root_4525,3.036672,28.896160,7,"0;4;6;9;10;11;13"
Root_4526,149.140973,48.473920,6,"4;6;9;10;11;13"
Root_4527,0.000000,22.949280,9,"0;1;2;3;6;9;10;11;13"
Root_4528,114.011875,43.227040,8,"1;2;3;6;9;10;11;13"
Root_4529,0.000000,28.278880,8,"0;2;3;6;9;10;11;13"
Root_4530,150.358573,47.856640,7,"2;3;6;9;10;11;13"
Root_4531,0.000000,23.875200,8,"0;1;3;6;9;10;11;13"
Root_4532,113.389635,44.152960,7,"1;3;6;9;10;11;13"
Root_4533,0.000000,29.204800,7,"0;3;6;9;10;11;13"
Root_4534,152.227373,48.782560,6,"3;6;9;10;11;13"
Root_4535,0.000000,24.862848,8,"0;1;2;6;9;10;11;13"
Root_4536,118.530211,45.140608,7,"1;2;6;9;10;11;13"
Root_4537,3.036672,30.192448,7,"0;2;6;9;10;11;13"
Root_4538,160.190285,49.770208,6,"2;6;9;10;11;13"
Root_4539,0.000000,25.788768,7,"0;1;6;9;10;11;13"
Root_4540,119.759811,46.066528,6,"1;6;9;10;11;13"
Root_4541,3.036672,31.118368,6,"0;6;9;10;11;13"
Root_4542,163.271725,50.696128,5,"6;9;10;11;13"
Root_4543,0.000000,21.609782,10,"0;1;2;3;4;5;9;10;11;13"
Root_4544,113.720534,41.887542,9,"1;2;3;4;5;9;10;11;13"
Root_4545,1.672291,26.939382,9,"0;2;3;4;5;9;10;11;13"
Root_4546,148.727734,46.517142,8,"2;3;4;5;9;10;11;13"
Root_4547,0.000000,22.535702,9,"0;1;3;4;5;9;10;11;13"
Root_4548,112.172374,42.813462,8,"1;3;4;5;9;10;11;13"
Root_4549,1.672291,27.865302,8,"0;3;4;5;9;10;11;13"
Root_4550,148.548557,47.443062,7,"3;4;5;9;10;11;13"
Root_4551,0.000000,23.523350,9,"0;1;2;4;5;9;10;11;13"
Root_4552,116.555062,43.801110,8,"1;2;4;5;9;10;11;13"
Root_4553,5.024333,28.852950,8,"0;2;4;5;9;10;11;13"
Root_4554,155.337251,48.430710,7,"2;4;5;9;10;11;13"
Root_4555,0.000000,24.449270,8,"0;1;4;5;9;10;11;13"
Root_4556,115.932822,44.727030,7,"1;4;5;9;10;11;13"
Root_4557,5.024333,29.778870,7,"0;4;5;9;10;11;13"
Root_4558,157.492771,49.356630,6,"4;5;9;10;11;13"
Root_4559,0.000000,23.831990,9,"0;1;2;3;5;9;10;11;13"
Root_4560,119.024182,44.109750,8,"1;2;3;5;9;10;11;13"
Root_4561,1.672291,29.161590,8,"0;2;3;5;9;10;11;13"
Root_4562,158.732291,48.739350,7,"2;3;5;9;10;11;13"
Root_4563,0.000000,24.757910,8,"0;1;3;5;9;10;11;13"
Root_4564,118.437613,45.035670,7,"1;3;5;9;10;11;13"
Root_4565,1.672291,30.087510,7,"0;3;5;9;10;11;13"
Root_4566,160.887811,49.665270,6,"3;5;9;10;11;13"
Root_4567,0.000000,25.745558,8,"0;1;2;5;9;10;11;13"
Root_4568,124.795597,46.023318,7,"1;2;5;9;10;11;13"
Root_4569,5.425411,31.075158,7,"0;2;5;9;10;11;13"
Root_4570,169.221091,50.652918,6,"2;5;9;10;11;13"
Root_4571,0.000000,26.671478,7,"0;1;5;9;10;11;13"
Root_4572,126.025197,46.949238,6,"1;5;9;10;11;13"
Root_4573,5.024333,32.001078,6,"0;5;9;10;11;13"
Root_4574,172.881370,51.578838,5,"5;9;10;11;13"
Root_4575,0.000000,23.152982,9,"0;1;2;3;4;9;10;11;13"
Root_4576,119.210752,43.430742,8,"1;2;3;4;9;10;11;13"
Root_4577,6.129027,28.482582,8,"0;2;3;4;9;10;11;13"
Root_4578,152.312579,48.060342,7,"2;3;4;9;10;11;13"
Root_4579,0.000000,24.078902,8,"0;1;3;4;9;10;11;13"
Root_4580,117.662592,44.356662,7,"1;3;4;9;10;11;13"
Root_4581,6.129027,29.408502,7,"0;3;4;9;10;11;13"
Root_4582,154.468099,48.986262,6,"3;4;9;10;11;13"
Root_4583,0.000000,25.066550,8,"0;1;2;4;9;10;11;13"
Root_4584,122.019222,45.344310,7,"1;2;4;9;10;11;13"
Root_4585,9.727610,30.396150,7,"0;2;4;9;10;11;13"
Root_4586,162.431011,49.973910,6,"2;4;9;10;11;13"
Root_4587,0.000000,25.992470,7,"0;1;4;9;10;11;13"
Root_4588,122.322902,46.270230,6,"1;4;9;10;11;13"
Root_4589,9.727610,31.322070,6,"0;4;9;10;11;13"
Root_4590,165.512451,50.899830,5,"4;9;10;11;13"
Root_4591,0.000000,25.375190,8,"0;1;2;3;9;10;11;13"
Root_4592,124.488342,45.652950,7,"1;2;3;9;10;11;13"
Root_4593,6.159738,30.704790,7,"0;2;3;9;10;11;13"
Root_4594,165.826051,50.282550,6,"2;3;9;10;11;13"
Root_4595,0.000000,26.301110,7,"0;1;3;9;10;11;13"
Root_4596,124.792022,46.578870,6,"1;3;9;10;11;13"
Root_4597,6.129027,31.630710,6,"0;3;9;10;11;13"
Root_4598,169.115962,51.208470,5,"3;9;10;11;13"
Root_4599,0.000000,27.288758,7,"0;1;2;9;10;11;13"
Root_4600,131.346157,47.566518,6,"1;2;9;10;11;13"
Root_4601,11.671888,32.618358,6,"0;2;9;10;11;13"
Root_4602,179.054170,52.196118,5,"2;9;10;11;13"
Root_4603,0.000000,28.214678,6,"0;1;9;10;11;13"
Root_4604,134.486554,48.492438,5,"1;9;10;11;13"
Root_4605,10.271888,33.544278,5,"0;9;10;11;13"
Root_4606,183.987450,53.122038,4,"9;10;11;13"
Root_4607,0.000000,14.122176,12,"0;1;2;3;4;5;6;7;8;10;11;13"
Root_4608,56.978842,34.399936,11,"1;2;3;4;5;6;7;8;10;11;13"
Root_4609,0.000000,19.451776,11,"0;2;3;4;5;6;7;8;10;11;13"
Root_4610,94.873635,39.029536,10,"2;3;4;5;6;7;8;10;11;13"
Root_4611,0.000000,15.048096,11,"0;1;3;4;5;6;7;8;10;11;13"
Root_4612,54.504762,35.325856,10,"1;3;4;5;6;7;8;10;11;13"
Root_4613,0.000000,20.377696,10,"0;3;4;5;6;7;8;10;11;13"
Root_4614,94.251395,39.955456,9,"3;4;5;6;7;8;10;11;13"
Root_4615,0.000000,16.035744,11,"0;1;2;4;5;6;7;8;10;11;13"
Root_4616,62.154202,36.313504,10,"1;2;4;5;6;7;8;10;11;13"
Root_4617,0.000000,21.365344,10,"0;2;4;5;6;7;8;10;11;13"
Root_4618,99.246531,40.943104,9,"2;4;5;6;7;8;10;11;13"
Root_4619,0.000000,16.961664,10,"0;1;4;5;6;7;8;10;11;13"
Root_4620,59.919546,37.239424,9,"1;4;5;6;7;8;10;11;13"
Root_4621,0.000000,22.291264,9,"0;4;5;6;7;8;10;11;13"
Root_4622,99.493315,41.869024,8,"4;5;6;7;8;10;11;13"
Root_4623,0.000000,16.344384,11,"0;1;2;3;5;6;7;8;10;11;13"
Root_4624,58.702266,36.622144,10,"1;2;3;5;6;7;8;10;11;13"
Root_4625,0.000000,21.673984,10,"0;2;3;5;6;7;8;10;11;13"
Root_4626,101.705539,41.251744,9,"2;3;5;6;7;8;10;11;13"
Root_4627,0.000000,17.270304,10,"0;1;3;5;6;7;8;10;11;13"
Root_4628,57.702170,37.548064,9,"1;3;5;6;7;8;10;11;13"
Root_4629,0.000000,22.599904,9,"0;3;5;6;7;8;10;11;13"
Root_4630,102.009219,42.177664,8,"3;5;6;7;8;10;11;13"
Root_4631,0.000000,18.257952,10,"0;1;2;5;6;7;8;10;11;13"
Root_4632,65.104698,38.535712,9,"1;2;5;6;7;8;10;11;13"
Root_4633,0.000000,23.587552,9,"0;2;5;6;7;8;10;11;13"
Root_4634,108.367203,43.165312,8,"2;5;6;7;8;10;11;13"
Root_4635,0.000000,19.183872,9,"0;1;5;6;7;8;10;11;13"
Root_4636,64.944090,39.461632,8,"1;5;6;7;8;10;11;13"
Root_4637,0.000000,24.513472,8,"0;5;6;7;8;10;11;13"
Root_4638,109.596803,44.091232,7,"5;6;7;8;10;11;13"
Root_4639,0.000000,15.665376,11,"0;1;2;3;4;6;7;8;10;11;13"
Root_4640,65.929402,35.943136,10,"1;2;3;4;6;7;8;10;11;13"
Root_4641,0.000000,20.994976,10,"0;2;3;4;6;7;8;10;11;13"
Root_4642,104.132835,40.572736,9,"2;3;4;6;7;8;10;11;13"
Root_4643,0.000000,16.591296,10,"0;1;3;4;6;7;8;10;11;13"
Root_4644,63.455322,36.869056,9,"1;3;4;6;7;8;10;11;13"
Root_4645,0.000000,21.920896,9,"0;3;4;6;7;8;10;11;13"
Root_4646,103.510595,41.498656,8,"3;4;6;7;8;10;11;13"
Root_4647,0.000000,17.578944,10,"0;1;2;4;6;7;8;10;11;13"
Root_4648,70.418266,37.856704,9,"1;2;4;6;7;8;10;11;13"
Root_4649,0.000000,22.908544,9,"0;2;4;6;7;8;10;11;13"
Root_4650,108.448835,42.486304,8,"2;4;6;7;8;10;11;13"
Root_4651,0.000000,18.504864,9,"0;1;4;6;7;8;10;11;13"
Root_4652,68.870106,38.782624,8,"1;4;6;7;8;10;11;13"
Root_4653,0.000000,23.834464,8,"0;4;6;7;8;10;11;13"
Root_4654,108.752515,43.412224,7,"4;6;7;8;10;11;13"
Root_4655,0.000000,17.887584,10,"0;1;2;3;6;7;8;10;11;13"
Root_4656,69.126810,38.165344,9,"1;2;3;6;7;8;10;11;13"
Root_4657,0.000000,23.217184,9,"0;2;3;6;7;8;10;11;13"
Root_4658,110.917955,42.794944,8,"2;3;6;7;8;10;11;13"
Root_4659,0.000000,18.813504,9,"0;1;3;6;7;8;10;11;13"
Root_4660,68.595834,39.091264,8,"1;3;6;7;8;10;11;13"
Root_4661,0.000000,24.143104,8,"0;3;6;7;8;10;11;13"
Root_4662,111.221635,43.720864,7,"3;6;7;8;10;11;13"
Root_4663,0.000000,19.801152,9,"0;1;2;6;7;8;10;11;13"
Root_4664,75.442810,40.078912,8,"1;2;6;7;8;10;11;13"
Root_4665,0.000000,25.130752,8,"0;2;6;7;8;10;11;13"
Root_4666,117.209251,44.708512,7,"2;6;7;8;10;11;13"
Root_4667,0.000000,20.727072,8,"0;1;6;7;8;10;11;13"
Root_4668,75.751322,41.004832,7,"1;6;7;8;10;11;13"
Root_4669,0.000000,26.056672,7,"0;6;7;8;10;11;13"
Root_4670,118.438851,45.634432,6,"6;7;8;10;11;13"
Root_4671,0.000000,16.548086,11,"0;1;2;3;4;5;7;8;10;11;13"
Root_4672,70.302336,36.825846,10,"1;2;3;4;5;7;8;10;11;13"
Root_4673,0.000000,21.877686,10,"0;2;3;4;5;7;8;10;11;13"
Root_4674,109.287117,41.455446,9,"2;3;4;5;7;8;10;11;13"
Root_4675,0.000000,17.474006,10,"0;1;3;4;5;7;8;10;11;13"
Root_4676,68.580022,37.751766,9,"1;3;4;5;7;8;10;11;13"
Root_4677,0.000000,22.803606,9,"0;3;4;5;7;8;10;11;13"
Root_4678,108.664877,42.381366,8,"3;4;5;7;8;10;11;13"
Root_4679,0.000000,18.461654,10,"0;1;2;4;5;7;8;10;11;13"
Root_4680,74.791200,38.739414,9,"1;2;4;5;7;8;10;11;13"
Root_4681,0.000000,23.791254,9,"0;2;4;5;7;8;10;11;13"
Root_4682,114.035213,43.369014,8,"2;4;5;7;8;10;11;13"
Root_4683,0.000000,19.387574,9,"0;1;4;5;7;8;10;11;13"
Root_4684,73.908374,39.665334,8,"1;4;5;7;8;10;11;13"
Root_4685,0.000000,24.717174,8,"0;4;5;7;8;10;11;13"
Root_4686,114.338893,44.294934,7,"4;5;7;8;10;11;13"
Root_4687,0.000000,18.770294,10,"0;1;2;3;5;7;8;10;11;13"
Root_4688,74.739149,39.048054,9,"1;2;3;5;7;8;10;11;13"
Root_4689,0.000000,24.099894,9,"0;2;3;5;7;8;10;11;13"
Root_4690,116.812973,43.677654,8,"2;3;5;7;8;10;11;13"
Root_4691,0.000000,19.696214,9,"0;1;3;5;7;8;10;11;13"
Root_4692,75.042829,39.973974,8,"1;3;5;7;8;10;11;13"
Root_4693,0.000000,25.025814,8,"0;3;5;7;8;10;11;13"
Root_4694,117.116653,44.603574,7,"3;5;7;8;10;11;13"
Root_4695,0.000000,20.683862,9,"0;1;2;5;7;8;10;11;13"
Root_4696,81.007094,40.961622,8,"1;2;5;7;8;10;11;13"
Root_4697,0.000000,26.013462,8,"0;2;5;7;8;10;11;13"
Root_4698,123.474637,45.591222,7,"2;5;7;8;10;11;13"
Root_4699,0.000000,21.609782,8,"0;1;5;7;8;10;11;13"
Root_4700,82.198317,41.887542,7,"1;5;7;8;10;11;13"
Root_4701,0.000000,26.939382,7,"0;5;7;8;10;11;13"
Root_4702,124.704237,46.517142,6,"5;7;8;10;11;13"
Root_4703,0.000000,18.091286,10,"0;1;2;3;4;7;8;10;11;13"
Root_4704,79.387382,38.369046,9,"1;2;3;4;7;8;10;11;13"
Root_4705,0.000000,23.420886,9,"0;2;3;4;7;8;10;11;13"
Root_4706,116.752630,42.998646,8,"2;3;4;7;8;10;11;13"
Root_4707,0.000000,19.017206,9,"0;1;3;4;7;8;10;11;13"
Root_4708,78.134189,39.294966,8,"1;3;4;7;8;10;11;13"
Root_4709,0.000000,24.346806,8,"0;3;4;7;8;10;11;13"
Root_4710,116.130390,43.924566,7,"3;4;7;8;10;11;13"
Root_4711,0.000000,20.004854,9,"0;1;2;4;7;8;10;11;13"
Root_4712,83.789814,40.282614,8,"1;2;4;7;8;10;11;13"
Root_4713,0.000000,25.334454,8,"0;2;4;7;8;10;11;13"
Root_4714,121.130358,44.912214,7,"2;4;7;8;10;11;13"
Root_4715,0.000000,20.930774,8,"0;1;4;7;8;10;11;13"
Root_4716,83.376109,41.208534,7,"1;4;7;8;10;11;13"
Root_4717,0.000000,26.260374,7,"0;4;7;8;10;11;13"
Root_4718,121.434038,45.838134,6,"4;7;8;10;11;13"
Root_4719,0.000000,20.313494,9,"0;1;2;3;7;8;10;11;13"
Root_4720,85.541549,40.591254,8,"1;2;3;7;8;10;11;13"
Root_4721,0.000000,25.643094,8,"0;2;3;7;8;10;11;13"
Root_4722,123.599478,45.220854,7,"2;3;7;8;10;11;13"
Root_4723,0.000000,21.239414,8,"0;1;3;7;8;10;11;13"
Root_4724,85.845229,41.517174,7,"1;3;7;8;10;11;13"
Root_4725,0.000000,26.569014,7,"0;3;7;8;10;11;13"
Root_4726,123.903158,46.146774,6,"3;7;8;10;11;13"
Root_4727,0.000000,22.227062,8,"0;1;2;7;8;10;11;13"
Root_4728,91.771117,42.504822,7,"1;2;7;8;10;11;13"
Root_4729,0.000000,27.556662,7,"0;2;7;8;10;11;13"
Root_4730,130.025197,47.134422,6,"2;7;8;10;11;13"
Root_4731,0.000000,23.152982,7,"0;1;7;8;10;11;13"
Root_4732,93.000717,43.430742,6,"1;7;8;10;11;13"
Root_4733,0.000000,28.482582,6,"0;7;8;10;11;13"
Root_4734,132.241059,48.060342,5,"7;8;10;11;13"
Root_4735,0.000000,17.146848,11,"0;1;2;3;4;5;6;8;10;11;13"
Root_4736,75.965059,37.424608,10,"1;2;3;4;5;6;8;10;11;13"
Root_4737,0.000000,22.476448,10,"0;2;3;4;5;6;8;10;11;13"
Root_4738,116.274733,42.054208,9,"2;3;4;5;6;8;10;11;13"
Root_4739,0.000000,18.072768,10,"0;1;3;4;5;6;8;10;11;13"
Root_4740,74.416899,38.350528,9,"1;3;4;5;6;8;10;11;13"
Root_4741,0.000000,23.402368,9,"0;3;4;5;6;8;10;11;13"
Root_4742,115.652493,42.980128,8,"3;4;5;6;8;10;11;13"
Root_4743,0.000000,19.060416,10,"0;1;2;4;5;6;8;10;11;13"
Root_4744,80.367491,39.338176,9,"1;2;4;5;6;8;10;11;13"
Root_4745,0.000000,24.390016,9,"0;2;4;5;6;8;10;11;13"
Root_4746,121.022829,43.967776,8,"2;4;5;6;8;10;11;13"
Root_4747,0.000000,19.986336,9,"0;1;4;5;6;8;10;11;13"
Root_4748,79.745251,40.264096,8,"1;4;5;6;8;10;11;13"
Root_4749,0.000000,25.315936,8,"0;4;5;6;8;10;11;13"
Root_4750,121.326509,44.893696,7,"4;5;6;8;10;11;13"
Root_4751,0.000000,19.369056,10,"0;1;2;3;5;6;8;10;11;13"
Root_4752,81.483427,39.646816,9,"1;2;3;5;6;8;10;11;13"
Root_4753,0.000000,24.698656,9,"0;2;3;5;6;8;10;11;13"
Root_4754,123.800589,44.276416,8,"2;3;5;6;8;10;11;13"
Root_4755,0.000000,20.294976,9,"0;1;3;5;6;8;10;11;13"
Root_4756,81.787107,40.572736,8,"1;3;5;6;8;10;11;13"
Root_4757,0.000000,25.624576,8,"0;3;5;6;8;10;11;13"
Root_4758,124.104269,45.202336,7,"3;5;6;8;10;11;13"
Root_4759,0.000000,21.282624,9,"0;1;2;5;6;8;10;11;13"
Root_4760,87.712995,41.560384,8,"1;2;5;6;8;10;11;13"
Root_4761,0.000000,26.612224,8,"0;2;5;6;8;10;11;13"
Root_4762,130.462253,46.189984,7,"2;5;6;8;10;11;13"
Root_4763,0.000000,22.208544,8,"0;1;5;6;8;10;11;13"
Root_4764,88.942595,42.486304,7,"1;5;6;8;10;11;13"
Root_4765,0.000000,27.538144,7,"0;5;6;8;10;11;13"
Root_4766,131.691853,47.115904,6,"5;6;8;10;11;13"
Root_4767,0.000000,18.690048,10,"0;1;2;3;4;6;8;10;11;13"
Root_4768,85.130691,38.967808,9,"1;2;3;4;6;8;10;11;13"
Root_4769,0.000000,24.019648,9,"0;2;3;4;6;8;10;11;13"
Root_4770,123.141485,43.597408,8,"2;3;4;6;8;10;11;13"
Root_4771,0.000000,19.615968,9,"0;1;3;4;6;8;10;11;13"
Root_4772,84.476259,39.893728,8,"1;3;4;6;8;10;11;13"
Root_4773,0.000000,24.945568,8,"0;3;4;6;8;10;11;13"
Root_4774,122.519245,44.523328,7,"3;4;6;8;10;11;13"
Root_4775,0.000000,20.603616,9,"0;1;2;4;6;8;10;11;13"
Root_4776,89.533123,40.881376,8,"1;2;4;6;8;10;11;13"
Root_4777,0.000000,25.933216,8,"0;2;4;6;8;10;11;13"
Root_4778,127.519213,45.510976,7,"2;4;6;8;10;11;13"
Root_4779,0.000000,21.529536,8,"0;1;4;6;8;10;11;13"
Root_4780,89.718179,41.807296,7,"1;4;6;8;10;11;13"
Root_4781,0.000000,26.859136,7,"0;4;6;8;10;11;13"
Root_4782,127.822893,46.436896,6,"4;6;8;10;11;13"
Root_4783,0.000000,20.912256,9,"0;1;2;3;6;8;10;11;13"
Root_4784,91.868675,41.190016,8,"1;2;3;6;8;10;11;13"
Root_4785,0.000000,26.241856,8,"0;2;3;6;8;10;11;13"
Root_4786,129.988333,45.819616,7,"2;3;6;8;10;11;13"
Root_4787,0.000000,21.838176,8,"0;1;3;6;8;10;11;13"
Root_4788,92.172355,42.115936,7,"1;3;6;8;10;11;13"
Root_4789,0.000000,27.167776,7,"0;3;6;8;10;11;13"
Root_4790,130.292013,46.745536,6,"3;6;8;10;11;13"
Root_4791,0.000000,22.825824,8,"0;1;2;6;8;10;11;13"
Root_4792,98.159971,43.103584,7,"1;2;6;8;10;11;13"
Root_4793,0.000000,28.155424,7,"0;2;6;8;10;11;13"
Root_4794,136.279629,47.733184,6,"2;6;8;10;11;13"
Root_4795,0.000000,23.751744,7,"0;1;6;8;10;11;13"
Root_4796,99.389571,44.029504,6,"1;6;8;10;11;13"
Root_4797,0.000000,29.081344,6,"0;6;8;10;11;13"
Root_4798,138.827437,48.659104,5,"6;8;10;11;13"
Root_4799,0.000000,19.572758,10,"0;1;2;3;4;5;8;10;11;13"
Root_4800,90.669933,39.850518,9,"1;2;3;4;5;8;10;11;13"
Root_4801,0.000000,24.902358,9,"0;2;3;4;5;8;10;11;13"
Root_4802,128.357494,44.480118,8,"2;3;4;5;8;10;11;13"
Root_4803,0.000000,20.498678,9,"0;1;3;4;5;8;10;11;13"
Root_4804,90.047693,40.776438,8,"1;3;4;5;8;10;11;13"
Root_4805,0.000000,25.828278,8,"0;3;4;5;8;10;11;13"
Root_4806,127.735254,45.406038,7,"3;4;5;8;10;11;13"
Root_4807,0.000000,21.486326,9,"0;1;2;4;5;8;10;11;13"
Root_4808,94.985933,41.764086,8,"1;2;4;5;8;10;11;13"
Root_4809,0.067734,26.815926,8,"0;2;4;5;8;10;11;13"
Root_4810,133.105590,46.393686,7,"2;4;5;8;10;11;13"
Root_4811,0.000000,22.412246,8,"0;1;4;5;8;10;11;13"
Root_4812,95.289613,42.690006,7,"1;4;5;8;10;11;13"
Root_4813,0.067734,27.741846,7,"0;4;5;8;10;11;13"
Root_4814,133.728877,47.319606,6,"4;5;8;10;11;13"
Root_4815,0.000000,21.794966,9,"0;1;2;3;5;8;10;11;13"
Root_4816,97.763693,42.072726,8,"1;2;3;5;8;10;11;13"
Root_4817,0.000000,27.124566,8,"0;2;3;5;8;10;11;13"
Root_4818,135.883350,46.702326,7,"2;3;5;8;10;11;13"
Root_4819,0.000000,22.720886,8,"0;1;3;5;8;10;11;13"
Root_4820,98.067373,42.998646,7,"1;3;5;8;10;11;13"
Root_4821,0.000000,28.050486,7,"0;3;5;8;10;11;13"
Root_4822,136.815277,47.628246,6,"3;5;8;10;11;13"
Root_4823,0.000000,23.708534,8,"0;1;2;5;8;10;11;13"
Root_4824,104.425357,43.986294,7,"1;2;5;8;10;11;13"
Root_4825,0.067734,29.038134,7,"0;2;5;8;10;11;13"
Root_4826,144.776803,48.615894,6,"2;5;8;10;11;13"
Root_4827,0.000000,24.634454,7,"0;1;5;8;10;11;13"
Root_4828,105.654957,44.912214,6,"1;5;8;10;11;13"
Root_4829,0.067734,29.964054,6,"0;5;8;10;11;13"
Root_4830,147.858243,49.541814,5,"5;8;10;11;13"
Root_4831,0.000000,21.115958,9,"0;1;2;3;4;8;10;11;13"
Root_4832,99.308278,41.393718,8,"1;2;3;4;8;10;11;13"
Root_4833,0.154102,26.445558,8,"0;2;3;4;8;10;11;13"
Root_4834,132.798336,46.023318,7,"2;3;4;8;10;11;13"
Root_4835,0.000000,22.041878,8,"0;1;3;4;8;10;11;13"
Root_4836,98.686038,42.319638,7,"1;3;4;8;10;11;13"
Root_4837,0.154102,27.371478,7,"0;3;4;8;10;11;13"
Root_4838,132.176096,46.949238,6,"3;4;8;10;11;13"
Root_4839,0.000000,23.029526,8,"0;1;2;4;8;10;11;13"
Root_4840,103.686006,43.307286,7,"1;2;4;8;10;11;13"
Root_4841,1.765037,28.359126,7,"0;2;4;8;10;11;13"
Root_4842,138.112950,47.936886,6,"2;4;8;10;11;13"
Root_4843,0.000000,23.955446,7,"0;1;4;8;10;11;13"
Root_4844,103.989686,44.233206,6,"1;4;8;10;11;13"
Root_4845,1.765037,29.285046,6,"0;4;8;10;11;13"
Root_4846,141.068163,48.862806,5,"4;8;10;11;13"
Root_4847,0.000000,23.338166,8,"0;1;2;3;8;10;11;13"
Root_4848,106.155126,43.615926,7,"1;2;3;8;10;11;13"
Root_4849,0.154102,28.667766,7,"0;2;3;8;10;11;13"
Root_4850,141.381763,48.245526,6,"2;3;8;10;11;13"
Root_4851,0.000000,24.264086,7,"0;1;3;8;10;11;13"
Root_4852,106.458806,44.541846,6,"1;3;8;10;11;13"
Root_4853,0.154102,29.593686,6,"0;3;8;10;11;13"
Root_4854,144.463203,49.171446,5,"3;8;10;11;13"
Root_4855,0.000000,25.251734,7,"0;1;2;8;10;11;13"
Root_4856,112.446422,45.529494,6,"1;2;8;10;11;13"
Root_4857,1.765037,30.581334,6,"0;2;8;10;11;13"
Root_4858,153.413763,50.159094,5,"2;8;10;11;13"
Root_4859,0.000000,26.177654,6,"0;1;8;10;11;13"
Root_4860,113.676022,46.455414,5,"1;8;10;11;13"
Root_4861,1.765037,31.507254,5,"0;8;10;11;13"
Root_4862,157.506138,51.085014,4,"8;10;11;13"
Root_4863,0.000000,18.751776,11,"0;1;2;3;4;5;6;7;10;11;13"
Root_4864,88.873635,39.029536,10,"1;2;3;4;5;6;7;10;11;13"
Root_4865,0.000000,24.081376,10,"0;2;3;4;5;6;7;10;11;13"
Root_4866,130.928941,43.659136,9,"2;3;4;5;6;7;10;11;13"
Root_4867,0.000000,19.677696,10,"0;1;3;4;5;6;7;10;11;13"
Root_4868,88.251395,39.955456,9,"1;3;4;5;6;7;10;11;13"
Root_4869,0.000000,25.007296,9,"0;3;4;5;6;7;10;11;13"
Root_4870,130.306701,44.585056,8,"3;4;5;6;7;10;11;13"
Root_4871,0.000000,20.665344,10,"0;1;2;4;5;6;7;10;11;13"
Root_4872,93.246531,40.943104,9,"1;2;4;5;6;7;10;11;13"
Root_4873,0.000000,25.994944,9,"0;2;4;5;6;7;10;11;13"
Root_4874,136.249741,45.572704,8,"2;4;5;6;7;10;11;13"
Root_4875,0.000000,21.591264,9,"0;1;4;5;6;7;10;11;13"
Root_4876,93.493315,41.869024,8,"1;4;5;6;7;10;11;13"
Root_4877,0.000000,26.920864,8,"0;4;5;6;7;10;11;13"
Root_4878,137.479341,46.498624,7,"4;5;6;7;10;11;13"
Root_4879,0.000000,20.973984,10,"0;1;2;3;5;6;7;10;11;13"
Root_4880,95.705539,41.251744,9,"1;2;3;5;6;7;10;11;13"
Root_4881,0.000000,26.303584,9,"0;2;3;5;6;7;10;11;13"
Root_4882,139.336141,45.881344,8,"2;3;5;6;7;10;11;13"
Root_4883,0.000000,21.899904,9,"0;1;3;5;6;7;10;11;13"
Root_4884,96.009219,42.177664,8,"1;3;5;6;7;10;11;13"
Root_4885,0.000000,27.229504,8,"0;3;5;6;7;10;11;13"
Root_4886,140.565741,46.807264,7,"3;5;6;7;10;11;13"
Root_4887,0.000000,22.887552,9,"0;1;2;5;6;7;10;11;13"
Root_4888,102.367203,43.165312,8,"1;2;5;6;7;10;11;13"
Root_4889,0.000000,28.217152,8,"0;2;5;6;7;10;11;13"
Root_4890,147.911373,47.794912,7,"2;5;6;7;10;11;13"
Root_4891,0.000000,23.813472,8,"0;1;5;6;7;10;11;13"
Root_4892,103.596803,44.091232,7,"1;5;6;7;10;11;13"
Root_4893,0.000000,29.143072,7,"0;5;6;7;10;11;13"
Root_4894,150.066893,48.720832,6,"5;6;7;10;11;13"
Root_4895,0.000000,20.294976,10,"0;1;2;3;4;6;7;10;11;13"
Root_4896,98.132835,40.572736,9,"1;2;3;4;6;7;10;11;13"
Root_4897,0.000000,25.624576,9,"0;2;3;4;6;7;10;11;13"
Root_4898,136.393101,45.202336,8,"2;3;4;6;7;10;11;13"
Root_4899,0.000000,21.220896,9,"0;1;3;4;6;7;10;11;13"
Root_4900,97.510595,41.498656,8,"1;3;4;6;7;10;11;13"
Root_4901,0.000000,26.550496,8,"0;3;4;6;7;10;11;13"
Root_4902,136.696781,46.128256,7,"3;4;6;7;10;11;13"
Root_4903,0.000000,22.208544,9,"0;1;2;4;6;7;10;11;13"
Root_4904,102.448835,42.486304,8,"1;2;4;6;7;10;11;13"
Root_4905,0.789952,27.538144,8,"0;2;4;6;7;10;11;13"
Root_4906,142.684397,47.115904,7,"2;4;6;7;10;11;13"
Root_4907,0.000000,23.134464,8,"0;1;4;6;7;10;11;13"
Root_4908,102.752515,43.412224,7,"1;4;6;7;10;11;13"
Root_4909,0.789952,28.464064,7,"0;4;6;7;10;11;13"
Root_4910,143.955821,48.041824,6,"4;6;7;10;11;13"
Root_4911,0.000000,22.517184,9,"0;1;2;3;6;7;10;11;13"
Root_4912,104.917955,42.794944,8,"1;2;3;6;7;10;11;13"
Root_4913,0.000000,27.846784,8,"0;2;3;6;7;10;11;13"
Root_4914,145.462157,47.424544,7,"2;3;6;7;10;11;13"
Root_4915,0.000000,23.443104,8,"0;1;3;6;7;10;11;13"
Root_4916,105.221635,43.720864,7,"1;3;6;7;10;11;13"
Root_4917,0.000000,28.772704,7,"0;3;6;7;10;11;13"
Root_4918,147.042221,48.350464,6,"3;6;7;10;11;13"
Root_4919,0.000000,24.430752,8,"0;1;2;6;7;10;11;13"
Root_4920,111.209251,44.708512,7,"1;2;6;7;10;11;13"
Root_4921,0.789952,29.760352,7,"0;2;6;7;10;11;13"
Root_4922,155.005133,49.338112,6,"2;6;7;10;11;13"
Root_4923,0.000000,25.356672,7,"0;1;6;7;10;11;13"
Root_4924,113.073283,45.634432,6,"1;6;7;10;11;13"
Root_4925,0.789952,30.686272,6,"0;6;7;10;11;13"
Root_4926,158.086573,50.264032,5,"6;7;10;11;13"
Root_4927,0.000000,21.177686,10,"0;1;2;3;4;5;7;10;11;13"
Root_4928,103.287117,41.455446,9,"1;2;3;4;5;7;10;11;13"
Root_4929,0.000000,26.507286,9,"0;2;3;4;5;7;10;11;13"
Root_4930,142.491821,46.085046,8,"2;3;4;5;7;10;11;13"
Root_4931,0.000000,22.103606,9,"0;1;3;4;5;7;10;11;13"
Root_4932,102.664877,42.381366,8,"1;3;4;5;7;10;11;13"
Root_4933,0.000000,27.433206,8,"0;3;4;5;7;10;11;13"
Root_4934,142.806467,47.010966,7,"3;4;5;7;10;11;13"
Root_4935,0.000000,23.091254,9,"0;1;2;4;5;7;10;11;13"
Root_4936,108.035213,43.369014,8,"1;2;4;5;7;10;11;13"
Root_4937,1.672662,28.420854,8,"0;2;4;5;7;10;11;13"
Root_4938,150.152099,47.998614,7,"2;4;5;7;10;11;13"
Root_4939,0.000000,24.017174,8,"0;1;4;5;7;10;11;13"
Root_4940,108.338893,44.294934,7,"1;4;5;7;10;11;13"
Root_4941,1.672662,29.346774,7,"0;4;5;7;10;11;13"
Root_4942,152.307619,48.924534,6,"4;5;7;10;11;13"
Root_4943,0.000000,23.399894,9,"0;1;2;3;5;7;10;11;13"
Root_4944,110.812973,43.677654,8,"1;2;3;5;7;10;11;13"
Root_4945,0.000000,28.729494,8,"0;2;3;5;7;10;11;13"
Root_4946,153.547139,48.307254,7,"2;3;5;7;10;11;13"
Root_4947,0.000000,24.325814,8,"0;1;3;5;7;10;11;13"
Root_4948,111.116653,44.603574,7,"1;3;5;7;10;11;13"
Root_4949,0.000000,29.655414,7,"0;3;5;7;10;11;13"
Root_4950,155.702659,49.233174,6,"3;5;7;10;11;13"
Root_4951,0.000000,25.313462,8,"0;1;2;5;7;10;11;13"
Root_4952,118.065859,45.591222,7,"1;2;5;7;10;11;13"
Root_4953,1.672662,30.643062,7,"0;2;5;7;10;11;13"
Root_4954,164.035939,50.220822,6,"2;5;7;10;11;13"
Root_4955,0.000000,26.239382,7,"0;1;5;7;10;11;13"
Root_4956,120.221379,46.517142,6,"1;5;7;10;11;13"
Root_4957,1.672662,31.568982,6,"0;5;7;10;11;13"
Root_4958,167.264122,51.146742,5,"5;7;10;11;13"
Root_4959,0.000000,22.720886,9,"0;1;2;3;4;7;10;11;13"
Root_4960,110.752630,42.998646,8,"1;2;3;4;7;10;11;13"
Root_4961,1.302294,28.050486,8,"0;2;3;4;7;10;11;13"
Root_4962,147.499181,47.628246,7,"2;3;4;7;10;11;13"
Root_4963,0.000000,23.646806,8,"0;1;3;4;7;10;11;13"
Root_4964,110.130390,43.924566,7,"1;3;4;7;10;11;13"
Root_4965,1.302294,28.976406,7,"0;3;4;7;10;11;13"
Root_4966,149.282947,48.554166,6,"3;4;7;10;11;13"
Root_4967,0.000000,24.634454,8,"0;1;2;4;7;10;11;13"
Root_4968,115.130358,44.912214,7,"1;2;4;7;10;11;13"
Root_4969,4.653965,29.964054,7,"0;2;4;7;10;11;13"
Root_4970,157.245859,49.541814,6,"2;4;7;10;11;13"
Root_4971,0.000000,25.560374,7,"0;1;4;7;10;11;13"
Root_4972,116.272173,45.838134,6,"1;4;7;10;11;13"
Root_4973,4.653965,30.889974,6,"0;4;7;10;11;13"
Root_4974,160.327299,50.467734,5,"4;7;10;11;13"
Root_4975,0.000000,24.943094,8,"0;1;2;3;7;10;11;13"
Root_4976,117.820333,45.220854,7,"1;2;3;7;10;11;13"
Root_4977,1.302294,30.272694,7,"0;2;3;7;10;11;13"
Root_4978,160.640899,49.850454,6,"2;3;7;10;11;13"
Root_4979,0.000000,25.869014,7,"0;1;3;7;10;11;13"
Root_4980,119.049933,46.146774,6,"1;3;7;10;11;13"
Root_4981,1.302294,31.198614,6,"0;3;7;10;11;13"
Root_4982,163.722339,50.776374,5,"3;7;10;11;13"
Root_4983,0.000000,26.856662,7,"0;1;2;7;10;11;13"
Root_4984,126.159619,47.134422,6,"1;2;7;10;11;13"
Root_4985,6.166147,32.186262,6,"0;2;7;10;11;13"
Root_4986,173.436922,51.764022,5,"2;7;10;11;13"
Root_4987,0.000000,27.782582,6,"0;1;7;10;11;13"
Root_4988,129.301402,48.060342,5,"1;7;10;11;13"
Root_4989,4.766147,33.112182,5,"0;7;10;11;13"
Root_4990,178.370202,52.689942,4,"7;10;11;13"
Root_4991,0.000000,21.776448,10,"0;1;2;3;4;5;6;10;11;13"
Root_4992,110.274733,42.054208,9,"1;2;3;4;5;6;10;11;13"
Root_4993,0.357856,27.106048,9,"0;2;3;4;5;6;10;11;13"
Root_4994,150.078198,46.683808,8,"2;3;4;5;6;10;11;13"
Root_4995,0.000000,22.702368,9,"0;1;3;4;5;6;10;11;13"
Root_4996,109.652493,42.980128,8,"1;3;4;5;6;10;11;13"
Root_4997,0.357856,28.031968,8,"0;3;4;5;6;10;11;13"
Root_4998,150.381878,47.609728,7,"3;4;5;6;10;11;13"
Root_4999,0.000000,23.690016,9,"0;1;2;4;5;6;10;11;13"
Root_5000,115.022829,43.967776,8,"1;2;4;5;6;10;11;13"
Root_5001,2.765088,29.019616,8,"0;2;4;5;6;10;11;13"
Root_5002,157.337238,48.597376,7,"2;4;5;6;10;11;13"
Root_5003,0.000000,24.615936,8,"0;1;4;5;6;10;11;13"
Root_5004,115.326509,44.893696,7,"1;4;5;6;10;11;13"
Root_5005,2.765088,29.945536,7,"0;4;5;6;10;11;13"
Root_5006,159.492758,49.523296,6,"4;5;6;10;11;13"
Root_5007,0.000000,23.998656,9,"0;1;2;3;5;6;10;11;13"
Root_5008,117.800589,44.276416,8,"1;2;3;5;6;10;11;13"
Root_5009,0.357856,29.328256,8,"0;2;3;5;6;10;11;13"
Root_5010,160.732278,48.906016,7,"2;3;5;6;10;11;13"
Root_5011,0.000000,24.924576,8,"0;1;3;5;6;10;11;13"
Root_5012,118.306605,45.202336,7,"1;3;5;6;10;11;13"
Root_5013,0.357856,30.254176,7,"0;3;5;6;10;11;13"
Root_5014,162.887798,49.831936,6,"3;5;6;10;11;13"
Root_5015,0.000000,25.912224,8,"0;1;2;5;6;10;11;13"
Root_5016,125.652237,46.189984,7,"1;2;5;6;10;11;13"
Root_5017,3.332832,31.241824,7,"0;2;5;6;10;11;13"
Root_5018,171.221078,50.819584,6,"2;5;6;10;11;13"
Root_5019,0.000000,26.838144,7,"0;1;5;6;10;11;13"
Root_5020,127.807757,47.115904,6,"1;5;6;10;11;13"
Root_5021,2.765088,32.167744,6,"0;5;6;10;11;13"
Root_5022,175.048022,51.745504,5,"5;6;10;11;13"
Root_5023,0.000000,23.319648,9,"0;1;2;3;4;6;10;11;13"
Root_5024,117.141485,43.597408,8,"1;2;3;4;6;10;11;13"
Root_5025,2.024352,28.649248,8,"0;2;3;4;6;10;11;13"
Root_5026,154.312566,48.227008,7,"2;3;4;6;10;11;13"
Root_5027,0.000000,24.245568,8,"0;1;3;4;6;10;11;13"
Root_5028,116.519245,44.523328,7,"1;3;4;6;10;11;13"
Root_5029,2.024352,29.575168,7,"0;3;4;6;10;11;13"
Root_5030,156.468086,49.152928,6,"3;4;6;10;11;13"
Root_5031,0.000000,25.233216,8,"0;1;2;4;6;10;11;13"
Root_5032,122.030189,45.510976,7,"1;2;4;6;10;11;13"
Root_5033,5.851488,30.562816,7,"0;2;4;6;10;11;13"
Root_5034,164.430998,50.140576,6,"2;4;6;10;11;13"
Root_5035,0.000000,26.159136,7,"0;1;4;6;10;11;13"
Root_5036,123.259789,46.436896,6,"1;4;6;10;11;13"
Root_5037,5.851488,31.488736,6,"0;4;6;10;11;13"
Root_5038,167.578934,51.066496,5,"4;6;10;11;13"
Root_5039,0.000000,25.541856,8,"0;1;2;3;6;10;11;13"
Root_5040,124.807949,45.819616,7,"1;2;3;6;10;11;13"
Root_5041,2.221728,30.871456,7,"0;2;3;6;10;11;13"
Root_5042,167.826038,50.449216,6,"2;3;6;10;11;13"
Root_5043,0.000000,26.467776,7,"0;1;3;6;10;11;13"
Root_5044,126.037549,46.745536,6,"1;3;6;10;11;13"
Root_5045,2.024352,31.797376,6,"0;3;6;10;11;13"
Root_5046,171.282614,51.375136,5,"3;6;10;11;13"
Root_5047,0.000000,27.455424,7,"0;1;2;6;10;11;13"
Root_5048,133.012813,47.733184,6,"1;2;6;10;11;13"
Root_5049,7.962432,32.785024,6,"0;2;6;10;11;13"
Root_5050,181.220822,52.362784,5,"2;6;10;11;13"
Root_5051,0.000000,28.381344,6,"0;1;6;10;11;13"
Root_5052,136.486541,48.659104,5,"1;6;10;11;13"
Root_5053,6.562432,33.710944,5,"0;6;10;11;13"
Root_5054,186.154102,53.288704,4,"6;10;11;13"
Root_5055,0.000000,24.202358,9,"0;1;2;3;4;5;10;11;13"
Root_5056,122.357494,44.480118,8,"1;2;3;4;5;10;11;13"
Root_5057,4.487107,29.531958,8,"0;2;3;4;5;10;11;13"
Root_5058,163.176707,49.109718,7,"2;3;4;5;10;11;13"
Root_5059,0.000000,25.128278,8,"0;1;3;4;5;10;11;13"
Root_5060,122.141293,45.406038,7,"1;3;4;5;10;11;13"
Root_5061,4.487107,30.457878,7,"0;3;4;5;10;11;13"
Root_5062,165.332227,50.035638,6,"3;4;5;10;11;13"
Root_5063,0.000000,26.115926,8,"0;1;2;4;5;10;11;13"
Root_5064,128.499277,46.393686,7,"1;2;4;5;10;11;13"
Root_5065,9.085722,31.445526,7,"0;2;4;5;10;11;13"
Root_5066,173.688794,51.023286,6,"2;4;5;10;11;13"
Root_5067,0.000000,27.041846,7,"0;1;4;5;10;11;13"
Root_5068,130.048483,47.319606,6,"1;4;5;10;11;13"
Root_5069,8.314275,32.371446,6,"0;4;5;10;11;13"
Root_5070,177.696154,51.949206,5,"4;5;10;11;13"
Root_5071,0.000000,26.424566,8,"0;1;2;3;5;10;11;13"
Root_5072,131.585677,46.702326,7,"1;2;3;5;10;11;13"
Root_5073,5.567194,31.754166,7,"0;2;3;5;10;11;13"
Root_5074,177.701114,51.331926,6,"2;3;5;10;11;13"
Root_5075,0.000000,27.350486,7,"0;1;3;5;10;11;13"
Root_5076,133.443523,47.628246,6,"1;3;5;10;11;13"
Root_5077,4.487107,32.680086,6,"0;3;5;10;11;13"
Root_5078,181.708474,52.257846,5,"3;5;10;11;13"
Root_5079,0.000000,28.338134,7,"0;1;2;5;10;11;13"
Root_5080,142.392698,48.615894,6,"1;2;5;10;11;13"
Root_5081,11.278298,33.667734,6,"0;2;5;10;11;13"
Root_5082,192.017050,53.245494,5,"2;5;10;11;13"
Root_5083,0.000000,29.264054,6,"0;1;5;10;11;13"
Root_5084,146.400058,49.541814,5,"1;5;10;11;13"
Root_5085,9.210563,34.593654,5,"0;5;10;11;13"
Root_5086,196.950330,54.171414,4,"5;10;11;13"
Root_5087,0.000000,25.745558,8,"0;1;2;3;4;10;11;13"
Root_5088,127.821654,46.023318,7,"1;2;3;4;10;11;13"
Root_5089,9.671920,31.075158,7,"0;2;3;4;10;11;13"
Root_5090,170.270467,50.652918,6,"2;3;4;10;11;13"
Root_5091,0.000000,26.671478,7,"0;1;3;4;10;11;13"
Root_5092,128.125334,46.949238,6,"1;3;4;10;11;13"
Root_5093,9.270842,32.001078,6,"0;3;4;10;11;13"
Root_5094,173.930746,51.578838,5,"3;4;10;11;13"
Root_5095,0.910934,27.659126,7,"0;1;2;4;10;11;13"
Root_5096,135.049837,47.936886,6,"1;2;4;10;11;13"
Root_5097,15.412624,32.988726,6,"0;2;4;10;11;13"
Root_5098,183.868954,52.566486,5,"2;4;10;11;13"
Root_5099,0.910934,28.585046,6,"0;1;4;10;11;13"
Root_5100,138.930970,48.862806,5,"1;4;10;11;13"
Root_5101,14.012624,33.914646,5,"0;4;10;11;13"
Root_5102,188.802234,53.492406,4,"4;10;11;13"
Root_5103,0.000000,27.967766,7,"0;1;2;3;10;11;13"
Root_5104,138.627290,48.245526,6,"1;2;3;10;11;13"
Root_5105,11.864496,33.297366,6,"0;2;3;10;11;13"
Root_5106,187.881274,52.875126,5,"2;3;10;11;13"
Root_5107,0.000000,28.893686,6,"0;1;3;10;11;13"
Root_5108,142.634650,49.171446,5,"1;3;10;11;13"
Root_5109,10.167130,34.223286,5,"0;3;10;11;13"
Root_5110,192.814554,53.801046,4,"3;10;11;13"
Root_5111,0.910934,29.881334,6,"0;1;2;10;11;13"
Root_5112,152.572858,50.159094,5,"1;2;10;11;13"
Root_5113,17.605200,35.210934,5,"0;2;10;11;13"
Root_5114,203.740410,54.788694,4,"2;10;11;13"
Root_5115,0.910934,30.807254,5,"0;1;10;11;13"
Root_5116,157.506138,51.085014,4,"1;10;11;13"
Root_5117,15.267974,36.136854,4,"0;10;11;13"
Root_5118,209.599610,55.714614,3,"10;11;13"
Root_5119,0.000000,9.655520,12,"0;1;2;3;4;5;6;7;8;9;11;13"
Root_5120,57.171514,32.733280,11,"1;2;3;4;5;6;7;8;9;11;13"
Root_5121,0.000000,17.785120,11,"0;2;3;4;5;6;7;8;9;11;13"
Root_5122,91.932954,37.362880,10,"2;3;4;5;6;7;8;9;11;13"
Root_5123,0.000000,10.581440,11,"0;1;3;4;5;6;7;8;9;11;13"
Root_5124,55.071514,33.659200,10,"1;3;4;5;6;7;8;9;11;13"
Root_5125,0.000000,18.711040,10,"0;3;4;5;6;7;8;9;11;13"
Root_5126,90.610714,38.288800,9,"3;4;5;6;7;8;9;11;13"
Root_5127,0.000000,14.369088,11,"0;1;2;4;5;6;7;8;9;11;13"
Root_5128,61.750522,34.646848,10,"1;2;4;5;6;7;8;9;11;13"
Root_5129,0.000000,19.698688,10,"0;2;4;5;6;7;8;9;11;13"
Root_5130,96.284858,39.276448,9,"2;4;5;6;7;8;9;11;13"
Root_5131,0.000000,15.295008,10,"0;1;4;5;6;7;8;9;11;13"
Root_5132,58.576442,35.572768,9,"1;4;5;6;7;8;9;11;13"
Root_5133,0.000000,20.624608,9,"0;4;5;6;7;8;9;11;13"
Root_5134,94.962618,40.202368,8,"4;5;6;7;8;9;11;13"
Root_5135,0.000000,13.277728,11,"0;1;2;3;5;6;7;8;9;11;13"
Root_5136,57.367802,34.955488,10,"1;2;3;5;6;7;8;9;11;13"
Root_5137,0.000000,20.007328,10,"0;2;3;5;6;7;8;9;11;13"
Root_5138,96.789562,39.585088,9,"2;3;5;6;7;8;9;11;13"
Root_5139,0.000000,14.203648,10,"0;1;3;5;6;7;8;9;11;13"
Root_5140,54.193722,35.881408,9,"1;3;5;6;7;8;9;11;13"
Root_5141,0.000000,20.933248,9,"0;3;5;6;7;8;9;11;13"
Root_5142,96.393242,40.511008,8,"3;5;6;7;8;9;11;13"
Root_5143,0.000000,16.591296,10,"0;1;2;5;6;7;8;9;11;13"
Root_5144,62.038074,36.869056,9,"1;2;5;6;7;8;9;11;13"
Root_5145,0.000000,21.920896,9,"0;2;5;6;7;8;9;11;13"
Root_5146,101.331482,41.498656,8,"2;5;6;7;8;9;11;13"
Root_5147,0.000000,17.517216,9,"0;1;5;6;7;8;9;11;13"
Root_5148,61.510810,37.794976,8,"1;5;6;7;8;9;11;13"
Root_5149,0.000000,22.846816,8,"0;5;6;7;8;9;11;13"
Root_5150,101.861082,42.424576,7,"5;6;7;8;9;11;13"
Root_5151,0.000000,11.898720,11,"0;1;2;3;4;6;7;8;9;11;13"
Root_5152,64.843014,34.276480,10,"1;2;3;4;6;7;8;9;11;13"
Root_5153,0.000000,19.328320,10,"0;2;3;4;6;7;8;9;11;13"
Root_5154,101.192154,38.906080,9,"2;3;4;6;7;8;9;11;13"
Root_5155,0.000000,12.824640,10,"0;1;3;4;6;7;8;9;11;13"
Root_5156,61.668934,35.202400,9,"1;3;4;6;7;8;9;11;13"
Root_5157,0.000000,20.254240,9,"0;3;4;6;7;8;9;11;13"
Root_5158,99.869914,39.832000,8,"3;4;6;7;8;9;11;13"
Root_5159,0.000000,15.912288,10,"0;1;2;4;6;7;8;9;11;13"
Root_5160,68.644230,36.190048,9,"1;2;4;6;7;8;9;11;13"
Root_5161,0.000000,21.241888,9,"0;2;4;6;7;8;9;11;13"
Root_5162,104.000858,40.819648,8,"2;4;6;7;8;9;11;13"
Root_5163,0.000000,16.838208,9,"0;1;4;6;7;8;9;11;13"
Root_5164,66.512038,37.115968,8,"1;4;6;7;8;9;11;13"
Root_5165,0.000000,22.167808,8,"0;4;6;7;8;9;11;13"
Root_5166,103.424186,41.745568,7,"4;6;7;8;9;11;13"
Root_5167,0.000000,14.820928,10,"0;1;2;3;6;7;8;9;11;13"
Root_5168,65.068838,36.498688,9,"1;2;3;6;7;8;9;11;13"
Root_5169,0.000000,21.550528,9,"0;2;3;6;7;8;9;11;13"
Root_5170,105.919258,41.128288,8,"2;3;6;7;8;9;11;13"
Root_5171,0.000000,15.746848,9,"0;1;3;6;7;8;9;11;13"
Root_5172,64.171206,37.424608,8,"1;3;6;7;8;9;11;13"
Root_5173,0.000000,22.476448,8,"0;3;6;7;8;9;11;13"
Root_5174,105.522938,42.054208,7,"3;6;7;8;9;11;13"
Root_5175,0.000000,18.134496,9,"0;1;2;6;7;8;9;11;13"
Root_5176,71.697190,38.412256,8,"1;2;6;7;8;9;11;13"
Root_5177,0.000000,23.464096,8,"0;2;6;7;8;9;11;13"
Root_5178,110.522906,43.041856,7,"2;6;7;8;9;11;13"
Root_5179,0.000000,19.060416,8,"0;1;6;7;8;9;11;13"
Root_5180,71.300870,39.338176,7,"1;6;7;8;9;11;13"
Root_5181,0.000000,24.390016,7,"0;6;7;8;9;11;13"
Root_5182,111.052506,43.967776,6,"6;7;8;9;11;13"
Root_5183,0.000000,12.781430,11,"0;1;2;3;4;5;7;8;9;11;13"
Root_5184,68.478912,35.159190,10,"1;2;3;4;5;7;8;9;11;13"
Root_5185,0.000000,20.211030,10,"0;2;3;4;5;7;8;9;11;13"
Root_5186,105.834093,39.788790,9,"2;3;4;5;7;8;9;11;13"
Root_5187,0.000000,13.707350,10,"0;1;3;4;5;7;8;9;11;13"
Root_5188,65.389942,36.085110,9,"1;3;4;5;7;8;9;11;13"
Root_5189,0.000000,21.136950,9,"0;3;4;5;7;8;9;11;13"
Root_5190,104.511853,40.714710,8,"3;4;5;7;8;9;11;13"
Root_5191,0.000000,16.794998,10,"0;1;2;4;5;7;8;9;11;13"
Root_5192,72.352886,37.072758,9,"1;2;4;5;7;8;9;11;13"
Root_5193,0.000000,22.124598,9,"0;2;4;5;7;8;9;11;13"
Root_5194,108.462445,41.702358,8,"2;4;5;7;8;9;11;13"
Root_5195,0.000000,17.720918,9,"0;1;4;5;7;8;9;11;13"
Root_5196,71.030646,37.998678,8,"1;4;5;7;8;9;11;13"
Root_5197,0.000000,23.050518,8,"0;4;5;7;8;9;11;13"
Root_5198,108.066125,42.628278,7,"4;5;7;8;9;11;13"
Root_5199,0.000000,15.703638,10,"0;1;2;3;5;7;8;9;11;13"
Root_5200,69.968845,37.381398,9,"1;2;3;5;7;8;9;11;13"
Root_5201,0.000000,22.433238,9,"0;2;3;5;7;8;9;11;13"
Root_5202,110.931565,42.010998,8,"2;3;5;7;8;9;11;13"
Root_5203,0.000000,16.629558,9,"0;1;3;5;7;8;9;11;13"
Root_5204,69.572525,38.307318,8,"1;3;5;7;8;9;11;13"
Root_5205,0.000000,23.359158,8,"0;3;5;7;8;9;11;13"
Root_5206,110.535245,42.936918,7,"3;5;7;8;9;11;13"
Root_5207,0.000000,19.017206,9,"0;1;2;5;7;8;9;11;13"
Root_5208,76.215798,39.294966,8,"1;2;5;7;8;9;11;13"
Root_5209,0.000000,24.346806,8,"0;2;5;7;8;9;11;13"
Root_5210,115.905581,43.924566,7,"2;5;7;8;9;11;13"
Root_5211,0.000000,19.943126,8,"0;1;5;7;8;9;11;13"
Root_5212,75.819478,40.220886,7,"1;5;7;8;9;11;13"
Root_5213,0.000000,25.272726,7,"0;5;7;8;9;11;13"
Root_5214,116.435181,44.850486,6,"5;7;8;9;11;13"
Root_5215,0.000000,14.324630,10,"0;1;2;3;4;7;8;9;11;13"
Root_5216,76.588662,36.702390,9,"1;2;3;4;7;8;9;11;13"
Root_5217,0.000000,21.754230,9,"0;2;3;4;7;8;9;11;13"
Root_5218,113.216886,41.331990,8,"2;3;4;7;8;9;11;13"
Root_5219,0.000000,15.250550,9,"0;1;3;4;7;8;9;11;13"
Root_5220,74.968813,37.628310,8,"1;3;4;7;8;9;11;13"
Root_5221,0.000000,22.680150,8,"0;3;4;7;8;9;11;13"
Root_5222,111.894646,42.257910,7,"3;4;7;8;9;11;13"
Root_5223,0.000000,18.338198,9,"0;1;2;4;7;8;9;11;13"
Root_5224,81.303446,38.615958,8,"1;2;4;7;8;9;11;13"
Root_5225,0.000000,23.667798,8,"0;2;4;7;8;9;11;13"
Root_5226,115.906966,43.245558,7,"2;4;7;8;9;11;13"
Root_5227,0.000000,19.264118,8,"0;1;4;7;8;9;11;13"
Root_5228,79.981206,39.541878,7,"1;4;7;8;9;11;13"
Root_5229,0.000000,24.593718,7,"0;4;7;8;9;11;13"
Root_5230,115.510646,44.171478,6,"4;7;8;9;11;13"
Root_5231,0.000000,17.246838,9,"0;1;2;3;7;8;9;11;13"
Root_5232,80.771245,38.924598,8,"1;2;3;7;8;9;11;13"
Root_5233,0.000000,23.976438,8,"0;2;3;7;8;9;11;13"
Root_5234,118.067446,43.554198,7,"2;3;7;8;9;11;13"
Root_5235,0.000000,18.172758,8,"0;1;3;7;8;9;11;13"
Root_5236,80.374925,39.850518,7,"1;3;7;8;9;11;13"
Root_5237,0.000000,24.902358,7,"0;3;7;8;9;11;13"
Root_5238,117.671126,44.480118,6,"3;7;8;9;11;13"
Root_5239,0.000000,20.560406,8,"0;1;2;7;8;9;11;13"
Root_5240,85.474998,40.838166,7,"1;2;7;8;9;11;13"
Root_5241,0.000000,25.890006,7,"0;2;7;8;9;11;13"
Root_5242,122.671094,45.467766,6,"2;7;8;9;11;13"
Root_5243,0.000000,21.486326,7,"0;1;7;8;9;11;13"
Root_5244,85.842765,41.764086,6,"1;7;8;9;11;13"
Root_5245,0.000000,26.815926,6,"0;7;8;9;11;13"
Root_5246,123.200694,46.393686,5,"7;8;9;11;13"
Root_5247,0.000000,15.480192,11,"0;1;2;3;4;5;6;8;9;11;13"
Root_5248,73.879994,35.757952,10,"1;2;3;4;5;6;8;9;11;13"
Root_5249,0.000000,20.809792,10,"0;2;3;4;5;6;8;9;11;13"
Root_5250,112.655043,40.387552,9,"2;3;4;5;6;8;9;11;13"
Root_5251,0.000000,16.406112,10,"0;1;3;4;5;6;8;9;11;13"
Root_5252,71.389786,36.683872,9,"1;3;4;5;6;8;9;11;13"
Root_5253,0.000000,21.735712,9,"0;3;4;5;6;8;9;11;13"
Root_5254,111.332803,41.313472,8,"3;4;5;6;8;9;11;13"
Root_5255,0.000000,17.393760,10,"0;1;2;4;5;6;8;9;11;13"
Root_5256,78.352730,37.671520,9,"1;2;4;5;6;8;9;11;13"
Root_5257,0.000000,22.723360,9,"0;2;4;5;6;8;9;11;13"
Root_5258,115.283395,42.301120,8,"2;4;5;6;8;9;11;13"
Root_5259,0.000000,18.319680,9,"0;1;4;5;6;8;9;11;13"
Root_5260,77.030490,38.597440,8,"1;4;5;6;8;9;11;13"
Root_5261,0.000000,23.649280,8,"0;4;5;6;8;9;11;13"
Root_5262,114.887075,43.227040,7,"4;5;6;8;9;11;13"
Root_5263,0.000000,17.702400,10,"0;1;2;3;5;6;8;9;11;13"
Root_5264,76.567450,37.980160,9,"1;2;3;5;6;8;9;11;13"
Root_5265,0.000000,23.032000,9,"0;2;3;5;6;8;9;11;13"
Root_5266,117.752515,42.609760,8,"2;3;5;6;8;9;11;13"
Root_5267,0.000000,18.628320,9,"0;1;3;5;6;8;9;11;13"
Root_5268,76.171130,38.906080,8,"1;3;5;6;8;9;11;13"
Root_5269,0.000000,23.957920,8,"0;3;5;6;8;9;11;13"
Root_5270,117.356195,43.535680,7,"3;5;6;8;9;11;13"
Root_5271,0.000000,19.615968,9,"0;1;2;5;6;8;9;11;13"
Root_5272,82.215642,39.893728,8,"1;2;5;6;8;9;11;13"
Root_5273,0.000000,24.945568,8,"0;2;5;6;8;9;11;13"
Root_5274,122.726531,44.523328,7,"2;5;6;8;9;11;13"
Root_5275,0.000000,20.541888,8,"0;1;5;6;8;9;11;13"
Root_5276,81.819322,40.819648,7,"1;5;6;8;9;11;13"
Root_5277,0.000000,25.871488,7,"0;5;6;8;9;11;13"
Root_5278,123.256131,45.449248,6,"5;6;8;9;11;13"
Root_5279,0.000000,17.023392,10,"0;1;2;3;4;6;8;9;11;13"
Root_5280,82.142874,37.301152,9,"1;2;3;4;6;8;9;11;13"
Root_5281,0.000000,22.352992,9,"0;2;3;4;6;8;9;11;13"
Root_5282,119.439075,41.930752,8,"2;3;4;6;8;9;11;13"
Root_5283,0.000000,17.949312,9,"0;1;3;4;6;8;9;11;13"
Root_5284,80.820634,38.227072,8,"1;3;4;6;8;9;11;13"
Root_5285,0.000000,23.278912,8,"0;3;4;6;8;9;11;13"
Root_5286,118.116835,42.856672,7,"3;4;6;8;9;11;13"
Root_5287,0.000000,18.936960,9,"0;1;2;4;6;8;9;11;13"
Root_5288,86.556506,39.214720,8,"1;2;4;6;8;9;11;13"
Root_5289,0.000000,24.266560,8,"0;2;4;6;8;9;11;13"
Root_5290,122.129155,43.844320,7,"2;4;6;8;9;11;13"
Root_5291,0.000000,19.862880,8,"0;1;4;6;8;9;11;13"
Root_5292,85.234266,40.140640,7,"1;4;6;8;9;11;13"
Root_5293,0.000000,25.192480,7,"0;4;6;8;9;11;13"
Root_5294,121.732835,44.770240,6,"4;6;8;9;11;13"
Root_5295,0.000000,19.245600,9,"0;1;2;3;6;8;9;11;13"
Root_5296,86.931706,39.523360,8,"1;2;3;6;8;9;11;13"
Root_5297,0.000000,24.575200,8,"0;2;3;6;8;9;11;13"
Root_5298,124.289635,44.152960,7,"2;3;6;8;9;11;13"
Root_5299,0.000000,20.171520,8,"0;1;3;6;8;9;11;13"
Root_5300,86.535386,40.449280,7,"1;3;6;8;9;11;13"
Root_5301,0.000000,25.501120,7,"0;3;6;8;9;11;13"
Root_5302,123.893315,45.078880,6,"3;6;8;9;11;13"
Root_5303,0.000000,21.159168,8,"0;1;2;6;8;9;11;13"
Root_5304,91.473626,41.436928,7,"1;2;6;8;9;11;13"
Root_5305,0.000000,26.488768,7,"0;2;6;8;9;11;13"
Root_5306,128.893283,46.066528,6,"2;6;8;9;11;13"
Root_5307,0.000000,22.085088,7,"0;1;6;8;9;11;13"
Root_5308,92.003226,42.362848,6,"1;6;8;9;11;13"
Root_5309,0.000000,27.414688,6,"0;6;8;9;11;13"
Root_5310,129.422883,46.992448,5,"6;8;9;11;13"
Root_5311,0.000000,17.906102,10,"0;1;2;3;4;5;8;9;11;13"
Root_5312,87.216909,38.183862,9,"1;2;3;4;5;8;9;11;13"
Root_5313,0.000000,23.235702,9,"0;2;3;4;5;8;9;11;13"
Root_5314,123.772374,42.813462,8,"2;3;4;5;8;9;11;13"
Root_5315,0.000000,18.832022,9,"0;1;3;4;5;8;9;11;13"
Root_5316,85.894669,39.109782,8,"1;3;4;5;8;9;11;13"
Root_5317,0.000000,24.161622,8,"0;3;4;5;8;9;11;13"
Root_5318,122.450134,43.739382,7,"3;4;5;8;9;11;13"
Root_5319,0.000000,19.819670,9,"0;1;2;4;5;8;9;11;13"
Root_5320,90.747830,40.097430,8,"1;2;4;5;8;9;11;13"
Root_5321,0.000000,25.149270,8,"0;2;4;5;8;9;11;13"
Root_5322,126.832822,44.727030,7,"2;4;5;8;9;11;13"
Root_5323,0.000000,20.745590,8,"0;1;4;5;8;9;11;13"
Root_5324,89.448941,41.023350,7,"1;4;5;8;9;11;13"
Root_5325,0.000000,26.075190,7,"0;4;5;8;9;11;13"
Root_5326,126.436502,45.652950,6,"4;5;8;9;11;13"
Root_5327,0.000000,20.128310,9,"0;1;2;3;5;8;9;11;13"
Root_5328,92.314381,40.406070,8,"1;2;3;5;8;9;11;13"
Root_5329,0.000000,25.457910,8,"0;2;3;5;8;9;11;13"
Root_5330,129.301942,45.035670,7,"2;3;5;8;9;11;13"
Root_5331,0.000000,21.054230,8,"0;1;3;5;8;9;11;13"
Root_5332,91.918061,41.331990,7,"1;3;5;8;9;11;13"
Root_5333,0.000000,26.383830,7,"0;3;5;8;9;11;13"
Root_5334,128.905622,45.961590,6,"3;5;8;9;11;13"
Root_5335,0.000000,22.041878,8,"0;1;2;5;8;9;11;13"
Root_5336,96.856301,42.319638,7,"1;2;5;8;9;11;13"
Root_5337,0.000000,27.371478,7,"0;2;5;8;9;11;13"
Root_5338,134.275958,46.949238,6,"2;5;8;9;11;13"
Root_5339,0.000000,22.967798,7,"0;1;5;8;9;11;13"
Root_5340,97.385901,43.245558,6,"1;5;8;9;11;13"
Root_5341,0.000000,28.297398,6,"0;5;8;9;11;13"
Root_5342,135.680717,47.875158,5,"5;8;9;11;13"
Root_5343,0.000000,19.449302,9,"0;1;2;3;4;8;9;11;13"
Root_5344,95.834262,39.727062,8,"1;2;3;4;8;9;11;13"
Root_5345,0.854102,24.778902,8,"0;2;3;4;8;9;11;13"
Root_5346,128.562592,44.356662,7,"2;3;4;8;9;11;13"
Root_5347,0.000000,20.375222,8,"0;1;3;4;8;9;11;13"
Root_5348,94.512022,40.652982,7,"1;3;4;8;9;11;13"
Root_5349,0.854102,25.704822,7,"0;3;4;8;9;11;13"
Root_5350,127.240352,45.282582,6,"3;4;8;9;11;13"
Root_5351,0.000000,21.362870,8,"0;1;2;4;8;9;11;13"
Root_5352,98.462614,41.640630,7,"1;2;4;8;9;11;13"
Root_5353,1.165037,26.692470,7,"0;2;4;8;9;11;13"
Root_5354,131.252672,46.270230,6,"2;4;8;9;11;13"
Root_5355,0.000000,22.288790,7,"0;1;4;8;9;11;13"
Root_5356,98.066294,42.566550,6,"1;4;8;9;11;13"
Root_5357,1.165037,27.618390,6,"0;4;8;9;11;13"
Root_5358,131.052502,47.196150,5,"4;8;9;11;13"
Root_5359,0.000000,21.671510,8,"0;1;2;3;8;9;11;13"
Root_5360,100.623094,41.949270,7,"1;2;3;8;9;11;13"
Root_5361,0.854102,27.001110,7,"0;2;3;8;9;11;13"
Root_5362,133.413152,46.578870,6,"2;3;8;9;11;13"
Root_5363,0.000000,22.597430,7,"0;1;3;8;9;11;13"
Root_5364,100.226774,42.875190,6,"1;3;8;9;11;13"
Root_5365,0.854102,27.927030,6,"0;3;8;9;11;13"
Root_5366,133.521622,47.504790,5,"3;8;9;11;13"
Root_5367,0.000000,23.585078,7,"0;1;2;8;9;11;13"
Root_5368,105.226742,43.862838,6,"1;2;8;9;11;13"
Root_5369,1.165037,28.914678,6,"0;2;8;9;11;13"
Root_5370,140.494115,48.492438,5,"2;8;9;11;13"
Root_5371,0.000000,24.510998,6,"0;1;8;9;11;13"
Root_5372,105.756342,44.788758,5,"1;8;9;11;13"
Root_5373,1.165037,29.840598,5,"0;8;9;11;13"
Root_5374,143.801475,49.418358,4,"8;9;11;13"
Root_5375,0.000000,14.285120,11,"0;1;2;3;4;5;6;7;9;11;13"
Root_5376,85.932954,37.362880,10,"1;2;3;4;5;6;7;9;11;13"
Root_5377,0.000000,22.414720,10,"0;2;3;4;5;6;7;9;11;13"
Root_5378,126.877155,41.992480,9,"2;3;4;5;6;7;9;11;13"
Root_5379,0.000000,15.211040,10,"0;1;3;4;5;6;7;9;11;13"
Root_5380,90.669850,38.288800,9,"1;3;4;5;6;7;9;11;13"
Root_5381,0.405942,23.340640,9,"0;3;4;5;6;7;9;11;13"
Root_5382,131.154915,42.918400,8,"3;4;5;6;7;9;11;13"
Root_5383,0.000000,18.998688,10,"0;1;2;4;5;6;7;9;11;13"
Root_5384,90.284858,39.276448,9,"1;2;4;5;6;7;9;11;13"
Root_5385,0.000000,24.328288,9,"0;2;4;5;6;7;9;11;13"
Root_5386,129.937603,43.906048,8,"2;4;5;6;7;9;11;13"
Root_5387,0.000000,19.924608,9,"0;1;4;5;6;7;9;11;13"
Root_5388,94.321754,40.202368,8,"1;4;5;6;7;9;11;13"
Root_5389,0.405942,25.254208,8,"0;4;5;6;7;9;11;13"
Root_5390,134.441283,44.831968,7,"4;5;6;7;9;11;13"
Root_5391,0.000000,17.907328,10,"0;1;2;3;5;6;7;9;11;13"
Root_5392,90.789562,39.585088,9,"1;2;3;5;6;7;9;11;13"
Root_5393,0.000000,24.636928,9,"0;2;3;5;6;7;9;11;13"
Root_5394,132.406723,44.214688,8,"2;3;5;6;7;9;11;13"
Root_5395,0.000000,18.833248,9,"0;1;3;5;6;7;9;11;13"
Root_5396,95.993242,40.511008,8,"1;3;5;6;7;9;11;13"
Root_5397,0.405942,25.562848,8,"0;3;5;6;7;9;11;13"
Root_5398,137.051011,45.140608,7,"3;5;6;7;9;11;13"
Root_5399,0.000000,21.220896,9,"0;1;2;5;6;7;9;11;13"
Root_5400,95.331482,41.498656,8,"1;2;5;6;7;9;11;13"
Root_5401,0.000000,26.550496,8,"0;2;5;6;7;9;11;13"
Root_5402,138.508995,46.128256,7,"2;5;6;7;9;11;13"
Root_5403,0.000000,22.146816,8,"0;1;5;6;7;9;11;13"
Root_5404,100.761082,42.424576,7,"1;5;6;7;9;11;13"
Root_5405,0.405942,27.476416,7,"0;5;6;7;9;11;13"
Root_5406,144.164515,47.054176,6,"5;6;7;9;11;13"
Root_5407,0.000000,16.528320,10,"0;1;2;3;4;6;7;9;11;13"
Root_5408,95.192154,38.906080,9,"1;2;3;4;6;7;9;11;13"
Root_5409,0.000000,23.957920,9,"0;2;3;4;6;7;9;11;13"
Root_5410,132.488355,43.535680,8,"2;3;4;6;7;9;11;13"
Root_5411,0.000000,17.454240,9,"0;1;3;4;6;7;9;11;13"
Root_5412,99.408186,39.832000,8,"1;3;4;6;7;9;11;13"
Root_5413,0.405942,24.883840,8,"0;3;4;6;7;9;11;13"
Root_5414,136.066115,44.461600,7,"3;4;6;7;9;11;13"
Root_5415,0.000000,20.541888,9,"0;1;2;4;6;7;9;11;13"
Root_5416,98.000858,40.819648,8,"1;2;4;6;7;9;11;13"
Root_5417,0.000000,25.871488,8,"0;2;4;6;7;9;11;13"
Root_5418,135.627683,45.449248,7,"2;4;6;7;9;11;13"
Root_5419,0.000000,21.467808,8,"0;1;4;6;7;9;11;13"
Root_5420,102.262458,41.745568,7,"1;4;6;7;9;11;13"
Root_5421,0.595894,26.797408,7,"0;4;6;7;9;11;13"
Root_5422,140.357283,46.375168,6,"4;6;7;9;11;13"
Root_5423,0.000000,19.450528,9,"0;1;2;3;6;7;9;11;13"
Root_5424,99.919258,41.128288,8,"1;2;3;6;7;9;11;13"
Root_5425,0.000000,26.180128,8,"0;2;3;6;7;9;11;13"
Root_5426,138.096803,45.757888,7,"2;3;6;7;9;11;13"
Root_5427,0.000000,20.376448,8,"0;1;3;6;7;9;11;13"
Root_5428,104.422938,42.054208,7,"1;3;6;7;9;11;13"
Root_5429,0.405942,27.106048,7,"0;3;6;7;9;11;13"
Root_5430,142.826403,46.683808,6,"3;6;7;9;11;13"
Root_5431,0.000000,22.764096,8,"0;1;2;6;7;9;11;13"
Root_5432,104.522906,43.041856,7,"1;2;6;7;9;11;13"
Root_5433,0.000000,28.093696,7,"0;2;6;7;9;11;13"
Root_5434,144.614019,47.671456,6,"2;6;7;9;11;13"
Root_5435,0.000000,23.690016,7,"0;1;6;7;9;11;13"
Root_5436,109.252506,43.967776,6,"1;6;7;9;11;13"
Root_5437,0.595894,29.019616,6,"0;6;7;9;11;13"
Root_5438,150.166915,48.597376,5,"6;7;9;11;13"
Root_5439,0.000000,17.411030,10,"0;1;2;3;4;5;7;9;11;13"
Root_5440,99.834093,39.788790,9,"1;2;3;4;5;7;9;11;13"
Root_5441,0.000000,24.840630,9,"0;2;3;4;5;7;9;11;13"
Root_5442,136.821654,44.418390,8,"2;3;4;5;7;9;11;13"
Root_5443,0.000000,18.336950,9,"0;1;3;4;5;7;9;11;13"
Root_5444,104.111853,40.714710,8,"1;3;4;5;7;9;11;13"
Root_5445,0.405942,25.766550,8,"0;3;4;5;7;9;11;13"
Root_5446,140.743725,45.344310,7,"3;4;5;7;9;11;13"
Root_5447,0.000000,21.424598,9,"0;1;2;4;5;7;9;11;13"
Root_5448,102.462445,41.702358,8,"1;2;4;5;7;9;11;13"
Root_5449,0.372662,26.754198,8,"0;2;4;5;7;9;11;13"
Root_5450,141.214061,46.331958,7,"2;4;5;7;9;11;13"
Root_5451,0.000000,22.350518,8,"0;1;4;5;7;9;11;13"
Root_5452,106.966125,42.628278,7,"1;4;5;7;9;11;13"
Root_5453,1.958691,27.680118,7,"0;4;5;7;9;11;13"
Root_5454,146.201539,47.257878,6,"4;5;7;9;11;13"
Root_5455,0.000000,20.333238,9,"0;1;2;3;5;7;9;11;13"
Root_5456,104.931565,42.010998,8,"1;2;3;5;7;9;11;13"
Root_5457,0.000000,27.062838,8,"0;2;3;5;7;9;11;13"
Root_5458,143.991821,46.640598,7,"2;3;5;7;9;11;13"
Root_5459,0.000000,21.259158,8,"0;1;3;5;7;9;11;13"
Root_5460,109.435245,42.936918,7,"1;3;5;7;9;11;13"
Root_5461,0.405942,27.988758,7,"0;3;5;7;9;11;13"
Root_5462,149.287939,47.566518,6,"3;5;7;9;11;13"
Root_5463,0.000000,23.646806,8,"0;1;2;5;7;9;11;13"
Root_5464,109.905581,43.924566,7,"1;2;5;7;9;11;13"
Root_5465,0.372662,28.976406,7,"0;2;5;7;9;11;13"
Root_5466,152.433571,48.554166,6,"2;5;7;9;11;13"
Root_5467,0.000000,24.572726,7,"0;1;5;7;9;11;13"
Root_5468,114.635181,44.850486,6,"1;5;7;9;11;13"
Root_5469,1.958691,29.902326,6,"0;5;7;9;11;13"
Root_5470,158.315011,49.480086,5,"5;7;9;11;13"
Root_5471,0.000000,18.954230,9,"0;1;2;3;4;7;9;11;13"
Root_5472,107.216886,41.331990,8,"1;2;3;4;7;9;11;13"
Root_5473,0.002294,26.383830,8,"0;2;3;4;7;9;11;13"
Root_5474,140.968534,45.961590,7,"2;3;4;7;9;11;13"
Root_5475,0.000000,19.880150,8,"0;1;3;4;7;9;11;13"
Root_5476,115.694646,42.257910,7,"1;3;4;7;9;11;13"
Root_5477,4.633818,27.309750,7,"0;3;4;7;9;11;13"
Root_5478,148.972214,46.887510,6,"3;4;7;9;11;13"
Root_5479,0.000000,22.967798,8,"0;1;2;4;7;9;11;13"
Root_5480,109.906966,43.245558,7,"1;2;4;7;9;11;13"
Root_5481,3.239149,28.297398,7,"0;2;4;7;9;11;13"
Root_5482,146.447341,47.875158,6,"2;4;7;9;11;13"
Root_5483,0.000000,23.893718,7,"0;1;4;7;9;11;13"
Root_5484,117.910646,44.171478,6,"1;4;7;9;11;13"
Root_5485,7.905434,29.223318,6,"0;4;7;9;11;13"
Root_5486,155.703939,48.801078,5,"4;7;9;11;13"
Root_5487,0.000000,21.876438,8,"0;1;2;3;7;9;11;13"
Root_5488,112.067446,43.554198,7,"1;2;3;7;9;11;13"
Root_5489,0.002294,28.606038,7,"0;2;3;7;9;11;13"
Root_5490,149.408899,48.183798,6,"2;3;7;9;11;13"
Root_5491,0.000000,22.802358,7,"0;1;3;7;9;11;13"
Root_5492,124.271126,44.480118,6,"1;3;7;9;11;13"
Root_5493,7.331523,29.531958,6,"0;3;7;9;11;13"
Root_5494,162.290339,49.109718,5,"3;7;9;11;13"
Root_5495,0.000000,25.190006,7,"0;1;2;7;9;11;13"
Root_5496,117.138861,45.467766,6,"1;2;7;9;11;13"
Root_5497,3.784675,30.519606,6,"0;2;7;9;11;13"
Root_5498,159.753251,50.097366,5,"2;7;9;11;13"
Root_5499,0.000000,26.115926,6,"0;1;7;9;11;13"
Root_5500,129.094381,46.393686,5,"1;7;9;11;13"
Root_5501,9.059907,31.445526,5,"0;7;9;11;13"
Root_5502,171.483898,51.023286,4,"7;9;11;13"
Root_5503,0.000000,20.109792,10,"0;1;2;3;4;5;6;9;11;13"
Root_5504,106.655043,40.387552,9,"1;2;3;4;5;6;9;11;13"
Root_5505,0.000000,25.439392,9,"0;2;3;4;5;6;9;11;13"
Root_5506,143.659757,45.017152,8,"2;3;4;5;6;9;11;13"
Root_5507,0.000000,21.035712,9,"0;1;3;4;5;6;9;11;13"
Root_5508,110.844035,41.313472,8,"1;3;4;5;6;9;11;13"
Root_5509,0.405942,26.365312,8,"0;3;4;5;6;9;11;13"
Root_5510,148.163437,45.943072,7,"3;4;5;6;9;11;13"
Root_5511,0.000000,22.023360,9,"0;1;2;4;5;6;9;11;13"
Root_5512,109.283395,42.301120,8,"1;2;4;5;6;9;11;13"
Root_5513,1.350272,27.352960,8,"0;2;4;5;6;9;11;13"
Root_5514,148.633773,46.930720,7,"2;4;5;6;9;11;13"
Root_5515,0.000000,22.949280,8,"0;1;4;5;6;9;11;13"
Root_5516,113.787075,43.227040,7,"1;4;5;6;9;11;13"
Root_5517,3.156214,28.278880,7,"0;4;5;6;9;11;13"
Root_5518,153.363373,47.856640,6,"4;5;6;9;11;13"
Root_5519,0.000000,22.332000,9,"0;1;2;3;5;6;9;11;13"
Root_5520,111.752515,42.609760,8,"1;2;3;5;6;9;11;13"
Root_5521,0.000000,27.661600,8,"0;2;3;5;6;9;11;13"
Root_5522,151.411533,47.239360,7,"2;3;5;6;9;11;13"
Root_5523,0.000000,23.257920,8,"0;1;3;5;6;9;11;13"
Root_5524,116.256195,43.535680,7,"1;3;5;6;9;11;13"
Root_5525,0.405942,28.587520,7,"0;3;5;6;9;11;13"
Root_5526,156.306413,48.165280,6,"3;5;6;9;11;13"
Root_5527,0.000000,24.245568,8,"0;1;2;5;6;9;11;13"
Root_5528,116.726531,44.523328,7,"1;2;5;6;9;11;13"
Root_5529,1.350272,29.575168,7,"0;2;5;6;9;11;13"
Root_5530,159.452045,49.152928,6,"2;5;6;9;11;13"
Root_5531,0.000000,25.171488,7,"0;1;5;6;9;11;13"
Root_5532,121.905379,45.449248,6,"1;5;6;9;11;13"
Root_5533,3.156214,30.501088,6,"0;5;6;9;11;13"
Root_5534,165.333485,50.078848,5,"5;6;9;11;13"
Root_5535,0.000000,21.652992,9,"0;1;2;3;4;6;9;11;13"
Root_5536,113.439075,41.930752,8,"1;2;3;4;6;9;11;13"
Root_5537,1.124160,26.982592,8,"0;2;3;4;6;9;11;13"
Root_5538,147.789485,46.560352,7,"2;3;4;6;9;11;13"
Root_5539,0.000000,22.578912,8,"0;1;3;4;6;9;11;13"
Root_5540,117.016835,42.856672,7,"1;3;4;6;9;11;13"
Root_5541,3.630102,27.908512,7,"0;3;4;6;9;11;13"
Root_5542,151.593165,47.486272,6,"3;4;6;9;11;13"
Root_5543,0.000000,23.566560,8,"0;1;2;4;6;9;11;13"
Root_5544,116.129155,43.844320,7,"1;2;4;6;9;11;13"
Root_5545,4.580960,28.896160,7,"0;2;4;6;9;11;13"
Root_5546,153.340973,48.473920,6,"2;4;6;9;11;13"
Root_5547,0.000000,24.492480,7,"0;1;4;6;9;11;13"
Root_5548,119.932835,44.770240,6,"1;4;6;9;11;13"
Root_5549,6.901718,29.822080,6,"0;4;6;9;11;13"
Root_5550,159.222413,49.399840,5,"4;6;9;11;13"
Root_5551,0.000000,23.875200,8,"0;1;2;3;6;9;11;13"
Root_5552,118.289635,44.152960,7,"1;2;3;6;9;11;13"
Root_5553,1.124160,29.204800,7,"0;2;3;6;9;11;13"
Root_5554,156.427373,48.782560,6,"2;3;6;9;11;13"
Root_5555,0.000000,24.801120,7,"0;1;3;6;9;11;13"
Root_5556,122.172195,45.078880,6,"1;3;6;9;11;13"
Root_5557,3.630102,30.130720,6,"0;3;6;9;11;13"
Root_5558,162.308813,49.708480,5,"3;6;9;11;13"
Root_5559,0.000000,25.788768,7,"0;1;2;6;9;11;13"
Root_5560,123.959811,46.066528,6,"1;2;6;9;11;13"
Root_5561,5.580960,31.118368,6,"0;2;6;9;11;13"
Root_5562,166.771725,50.696128,5,"2;6;9;11;13"
Root_5563,0.000000,26.714688,6,"0;1;6;9;11;13"
Root_5564,128.915331,46.992448,5,"1;6;9;11;13"
Root_5565,6.057430,32.044288,5,"0;6;9;11;13"
Root_5566,173.501133,51.622048,4,"6;9;11;13"
Root_5567,0.000000,22.535702,9,"0;1;2;3;4;5;9;11;13"
Root_5568,117.772374,42.813462,8,"1;2;3;4;5;9;11;13"
Root_5569,3.772291,27.865302,8,"0;2;3;4;5;9;11;13"
Root_5570,153.448557,47.443062,7,"2;3;4;5;9;11;13"
Root_5571,0.000000,23.461622,8,"0;1;3;4;5;9;11;13"
Root_5572,121.350134,43.739382,7,"1;3;4;5;9;11;13"
Root_5573,6.105370,28.791222,7,"0;3;4;5;9;11;13"
Root_5574,158.547139,48.368982,6,"3;4;5;9;11;13"
Root_5575,0.000000,24.449270,8,"0;1;2;4;5;9;11;13"
Root_5576,120.832822,44.727030,7,"1;2;4;5;9;11;13"
Root_5577,7.043907,29.778870,7,"0;2;4;5;9;11;13"
Root_5578,161.692771,49.356630,6,"2;4;5;9;11;13"
Root_5579,0.000000,25.375190,7,"0;1;4;5;9;11;13"
Root_5580,125.289453,45.652950,6,"1;4;5;9;11;13"
Root_5581,9.560752,30.704790,6,"0;4;5;9;11;13"
Root_5582,167.574211,50.282550,5,"4;5;9;11;13"
Root_5583,0.000000,24.757910,8,"0;1;2;3;5;9;11;13"
Root_5584,123.337613,45.035670,7,"1;2;3;5;9;11;13"
Root_5585,3.885722,30.087510,7,"0;2;3;5;9;11;13"
Root_5586,165.087811,49.665270,6,"2;3;5;9;11;13"
Root_5587,0.000000,25.683830,7,"0;1;3;5;9;11;13"
Root_5588,128.067213,45.961590,6,"1;3;5;9;11;13"
Root_5589,6.105370,31.013430,6,"0;3;5;9;11;13"
Root_5590,170.969251,50.591190,5,"3;5;9;11;13"
Root_5591,0.000000,26.671478,7,"0;1;2;5;9;11;13"
Root_5592,130.225197,46.949238,6,"1;2;5;9;11;13"
Root_5593,8.043907,32.001078,6,"0;2;5;9;11;13"
Root_5594,176.381370,51.578838,5,"2;5;9;11;13"
Root_5595,0.000000,27.597398,6,"0;1;5;9;11;13"
Root_5596,136.055875,47.875158,5,"1;5;9;11;13"
Root_5597,7.833754,32.926998,5,"0;5;9;11;13"
Root_5598,183.414650,52.504758,4,"5;9;11;13"
Root_5599,0.000000,24.078902,8,"0;1;2;3;4;9;11;13"
Root_5600,122.562592,44.356662,7,"1;2;3;4;9;11;13"
Root_5601,8.863248,29.408502,7,"0;2;3;4;9;11;13"
Root_5602,158.668099,48.986262,6,"2;3;4;9;11;13"
Root_5603,0.000000,25.004822,7,"0;1;3;4;9;11;13"
Root_5604,129.922934,45.282582,6,"1;3;4;9;11;13"
Root_5605,16.628656,30.334422,6,"0;3;4;9;11;13"
Root_5606,168.049539,49.912182,5,"3;4;9;11;13"
Root_5607,0.000000,25.992470,7,"0;1;2;4;9;11;13"
Root_5608,126.522902,46.270230,6,"1;2;4;9;11;13"
Root_5609,13.875600,31.322070,6,"0;2;4;9;11;13"
Root_5610,169.012451,50.899830,5,"2;4;9;11;13"
Root_5611,1.429293,26.918390,6,"0;1;4;9;11;13"
Root_5612,134.248653,47.196150,5,"1;4;9;11;13"
Root_5613,18.893018,32.247990,5,"0;4;9;11;13"
Root_5614,178.745562,51.825750,4,"4;9;11;13"
Root_5615,0.000000,26.301110,7,"0;1;2;3;9;11;13"
Root_5616,128.992022,46.578870,6,"1;2;3;9;11;13"
Root_5617,9.863248,31.630710,6,"0;2;3;9;11;13"
Root_5618,172.615962,51.208470,5,"2;3;9;11;13"
Root_5619,0.000000,27.227030,6,"0;1;3;9;11;13"
Root_5620,140.526413,47.504790,5,"1;3;9;11;13"
Root_5621,17.199162,32.556630,5,"0;3;9;11;13"
Root_5622,185.249242,52.134390,4,"3;9;11;13"
Root_5623,0.000000,28.214678,6,"0;1;2;9;11;13"
Root_5624,137.986554,48.492438,5,"1;2;9;11;13"
Root_5625,14.071888,33.544278,5,"0;2;9;11;13"
Root_5626,186.787450,53.122038,4,"2;9;11;13"
Root_5627,2.829293,29.140598,5,"0;1;9;11;13"
Root_5628,150.619834,49.418358,4,"1;9;11;13"
Root_5629,18.669360,34.470198,4,"0;9;11;13"
Root_5630,198.246650,54.047958,3,"9;11;13"
Root_5631,0.000000,15.048096,11,"0;1;2;3;4;5;6;7;8;11;13"
Root_5632,61.478906,35.325856,10,"1;2;3;4;5;6;7;8;11;13"
Root_5633,0.000000,20.377696,10,"0;2;3;4;5;6;7;8;11;13"
Root_5634,100.289539,39.955456,9,"2;3;4;5;6;7;8;11;13"
Root_5635,0.000000,15.974016,10,"0;1;3;4;5;6;7;8;11;13"
Root_5636,58.556602,36.251776,9,"1;3;4;5;6;7;8;11;13"
Root_5637,0.000000,21.303616,9,"0;3;4;5;6;7;8;11;13"
Root_5638,99.893219,40.881376,8,"3;4;5;6;7;8;11;13"
Root_5639,0.000000,16.961664,10,"0;1;2;4;5;6;7;8;11;13"
Root_5640,65.519546,37.239424,9,"1;2;4;5;6;7;8;11;13"
Root_5641,0.000000,22.291264,9,"0;2;4;5;6;7;8;11;13"
Root_5642,104.831459,41.869024,8,"2;4;5;6;7;8;11;13"
Root_5643,0.000000,17.887584,9,"0;1;4;5;6;7;8;11;13"
Root_5644,64.197306,38.165344,8,"1;4;5;6;7;8;11;13"
Root_5645,0.000000,23.217184,8,"0;4;5;6;7;8;11;13"
Root_5646,105.361059,42.794944,7,"4;5;6;7;8;11;13"
Root_5647,0.000000,17.270304,10,"0;1;2;3;5;6;7;8;11;13"
Root_5648,63.302170,37.548064,9,"1;2;3;5;6;7;8;11;13"
Root_5649,0.000000,22.599904,9,"0;2;3;5;6;7;8;11;13"
Root_5650,107.609219,42.177664,8,"2;3;5;6;7;8;11;13"
Root_5651,0.000000,18.196224,9,"0;1;3;5;6;7;8;11;13"
Root_5652,62.905850,38.473984,8,"1;3;5;6;7;8;11;13"
Root_5653,0.000000,23.525824,8,"0;3;5;6;7;8;11;13"
Root_5654,108.138819,43.103584,7,"3;5;6;7;8;11;13"
Root_5655,0.000000,19.183872,9,"0;1;2;5;6;7;8;11;13"
Root_5656,69.844090,39.461632,8,"1;2;5;6;7;8;11;13"
Root_5657,0.000000,24.513472,8,"0;2;5;6;7;8;11;13"
Root_5658,114.496803,44.091232,7,"2;5;6;7;8;11;13"
Root_5659,0.000000,20.109792,8,"0;1;5;6;7;8;11;13"
Root_5660,70.373690,40.387552,7,"1;5;6;7;8;11;13"
Root_5661,0.000000,25.439392,7,"0;5;6;7;8;11;13"
Root_5662,115.952323,45.017152,6,"5;6;7;8;11;13"
Root_5663,0.000000,16.591296,10,"0;1;2;3;4;6;7;8;11;13"
Root_5664,69.755322,36.869056,9,"1;2;3;4;6;7;8;11;13"
Root_5665,0.000000,21.920896,9,"0;2;3;4;6;7;8;11;13"
Root_5666,109.048867,41.498656,8,"2;3;4;6;7;8;11;13"
Root_5667,0.000000,17.517216,9,"0;1;3;4;6;7;8;11;13"
Root_5668,68.302138,37.794976,8,"1;3;4;6;7;8;11;13"
Root_5669,0.000000,22.846816,8,"0;3;4;6;7;8;11;13"
Root_5670,108.652547,42.424576,7,"3;4;6;7;8;11;13"
Root_5671,0.000000,18.504864,9,"0;1;2;4;6;7;8;11;13"
Root_5672,74.470106,38.782624,8,"1;2;4;6;7;8;11;13"
Root_5673,0.000000,23.834464,8,"0;2;4;6;7;8;11;13"
Root_5674,113.652515,43.412224,7,"2;4;6;7;8;11;13"
Root_5675,0.000000,19.430784,8,"0;1;4;6;7;8;11;13"
Root_5676,73.856410,39.708544,7,"1;4;6;7;8;11;13"
Root_5677,0.000000,24.760384,7,"0;4;6;7;8;11;13"
Root_5678,114.182115,44.338144,6,"4;6;7;8;11;13"
Root_5679,0.000000,18.813504,9,"0;1;2;3;6;7;8;11;13"
Root_5680,74.195834,39.091264,8,"1;2;3;6;7;8;11;13"
Root_5681,0.000000,24.143104,8,"0;2;3;6;7;8;11;13"
Root_5682,116.121635,43.720864,7,"2;3;6;7;8;11;13"
Root_5683,0.000000,19.739424,8,"0;1;3;6;7;8;11;13"
Root_5684,74.725434,40.017184,7,"1;3;6;7;8;11;13"
Root_5685,0.000000,25.069024,7,"0;3;6;7;8;11;13"
Root_5686,116.651235,44.646784,6,"3;6;7;8;11;13"
Root_5687,0.000000,20.727072,8,"0;1;2;6;7;8;11;13"
Root_5688,80.651322,41.004832,7,"1;2;6;7;8;11;13"
Root_5689,0.000000,26.056672,7,"0;2;6;7;8;11;13"
Root_5690,122.638851,45.634432,6,"2;6;7;8;11;13"
Root_5691,0.000000,21.652992,7,"0;1;6;7;8;11;13"
Root_5692,82.106842,41.930752,6,"1;6;7;8;11;13"
Root_5693,0.000000,26.982592,6,"0;6;7;8;11;13"
Root_5694,124.094371,46.560352,5,"6;7;8;11;13"
Root_5695,0.000000,17.474006,10,"0;1;2;3;4;5;7;8;11;13"
Root_5696,74.328045,37.751766,9,"1;2;3;4;5;7;8;11;13"
Root_5697,0.000000,22.803606,9,"0;2;3;4;5;7;8;11;13"
Root_5698,114.264877,42.381366,8,"2;3;4;5;7;8;11;13"
Root_5699,0.000000,18.399926,9,"0;1;3;4;5;7;8;11;13"
Root_5700,73.005805,38.677686,8,"1;3;4;5;7;8;11;13"
Root_5701,0.000000,23.729526,8,"0;3;4;5;7;8;11;13"
Root_5702,113.868557,43.307286,7,"3;4;5;7;8;11;13"
Root_5703,0.000000,19.387574,9,"0;1;2;4;5;7;8;11;13"
Root_5704,78.956397,39.665334,8,"1;2;4;5;7;8;11;13"
Root_5705,0.000000,24.717174,8,"0;2;4;5;7;8;11;13"
Root_5706,119.238893,44.294934,7,"2;4;5;7;8;11;13"
Root_5707,0.000000,20.313494,8,"0;1;4;5;7;8;11;13"
Root_5708,78.560077,40.591254,7,"1;4;5;7;8;11;13"
Root_5709,0.000000,25.643094,7,"0;4;5;7;8;11;13"
Root_5710,119.768493,45.220854,6,"4;5;7;8;11;13"
Root_5711,0.000000,19.696214,9,"0;1;2;3;5;7;8;11;13"
Root_5712,80.399491,39.973974,8,"1;2;3;5;7;8;11;13"
Root_5713,0.000000,25.025814,8,"0;2;3;5;7;8;11;13"
Root_5714,122.016653,44.603574,7,"2;3;5;7;8;11;13"
Root_5715,0.000000,20.622134,8,"0;1;3;5;7;8;11;13"
Root_5716,80.929091,40.899894,7,"1;3;5;7;8;11;13"
Root_5717,0.000000,25.951734,7,"0;3;5;7;8;11;13"
Root_5718,122.546253,45.529494,6,"3;5;7;8;11;13"
Root_5719,0.000000,21.609782,8,"0;1;2;5;7;8;11;13"
Root_5720,86.854979,41.887542,7,"1;2;5;7;8;11;13"
Root_5721,0.000000,26.939382,7,"0;2;5;7;8;11;13"
Root_5722,128.904237,46.517142,6,"2;5;7;8;11;13"
Root_5723,0.000000,22.535702,7,"0;1;5;7;8;11;13"
Root_5724,88.310499,42.813462,6,"1;5;7;8;11;13"
Root_5725,0.000000,27.865302,6,"0;5;7;8;11;13"
Root_5726,130.802819,47.443062,5,"5;7;8;11;13"
Root_5727,0.000000,19.017206,9,"0;1;2;3;4;7;8;11;13"
Root_5728,83.672461,39.294966,8,"1;2;3;4;7;8;11;13"
Root_5729,0.000000,24.346806,8,"0;2;3;4;7;8;11;13"
Root_5730,121.030390,43.924566,7,"2;3;4;7;8;11;13"
Root_5731,0.000000,19.943126,8,"0;1;3;4;7;8;11;13"
Root_5732,83.276141,40.220886,7,"1;3;4;7;8;11;13"
Root_5733,0.000000,25.272726,7,"0;3;4;7;8;11;13"
Root_5734,120.634070,44.850486,6,"3;4;7;8;11;13"
Root_5735,0.000000,20.930774,8,"0;1;2;4;7;8;11;13"
Root_5736,88.214381,41.208534,7,"1;2;4;7;8;11;13"
Root_5737,0.000000,26.260374,7,"0;2;4;7;8;11;13"
Root_5738,125.634038,45.838134,6,"2;4;7;8;11;13"
Root_5739,0.000000,21.856694,7,"0;1;4;7;8;11;13"
Root_5740,88.743981,42.134454,6,"1;4;7;8;11;13"
Root_5741,0.000000,27.186294,6,"0;4;7;8;11;13"
Root_5742,126.163638,46.764054,5,"4;7;8;11;13"
Root_5743,0.000000,21.239414,8,"0;1;2;3;7;8;11;13"
Root_5744,90.683501,41.517174,7,"1;2;3;7;8;11;13"
Root_5745,0.000000,26.569014,7,"0;2;3;7;8;11;13"
Root_5746,128.103158,46.146774,6,"2;3;7;8;11;13"
Root_5747,0.000000,22.165334,7,"0;1;3;7;8;11;13"
Root_5748,91.213101,42.443094,6,"1;3;7;8;11;13"
Root_5749,0.000000,27.494934,6,"0;3;7;8;11;13"
Root_5750,128.705453,47.072694,5,"3;7;8;11;13"
Root_5751,0.000000,23.152982,7,"0;1;2;7;8;11;13"
Root_5752,97.200717,43.430742,6,"1;2;7;8;11;13"
Root_5753,0.000000,28.482582,6,"0;2;7;8;11;13"
Root_5754,135.741059,48.060342,5,"2;7;8;11;13"
Root_5755,0.000000,24.078902,6,"0;1;7;8;11;13"
Root_5756,98.656237,44.356662,5,"1;7;8;11;13"
Root_5757,0.000000,29.408502,5,"0;7;8;11;13"
Root_5758,139.048419,48.986262,4,"7;8;11;13"
Root_5759,0.000000,18.072768,10,"0;1;2;3;4;5;6;8;11;13"
Root_5760,80.716899,38.350528,9,"1;2;3;4;5;6;8;11;13"
Root_5761,0.000000,23.402368,9,"0;2;3;4;5;6;8;11;13"
Root_5762,121.252493,42.980128,8,"2;3;4;5;6;8;11;13"
Root_5763,0.000000,18.998688,9,"0;1;3;4;5;6;8;11;13"
Root_5764,79.671107,39.276448,8,"1;3;4;5;6;8;11;13"
Root_5765,0.000000,24.328288,8,"0;3;4;5;6;8;11;13"
Root_5766,120.856173,43.906048,7,"3;4;5;6;8;11;13"
Root_5767,0.000000,19.986336,9,"0;1;2;4;5;6;8;11;13"
Root_5768,85.345251,40.264096,8,"1;2;4;5;6;8;11;13"
Root_5769,0.000000,25.315936,8,"0;2;4;5;6;8;11;13"
Root_5770,126.226509,44.893696,7,"2;4;5;6;8;11;13"
Root_5771,0.000000,20.912256,8,"0;1;4;5;6;8;11;13"
Root_5772,85.138947,41.190016,7,"1;4;5;6;8;11;13"
Root_5773,0.000000,26.241856,7,"0;4;5;6;8;11;13"
Root_5774,126.756109,45.819616,6,"4;5;6;8;11;13"
Root_5775,0.000000,20.294976,9,"0;1;2;3;5;6;8;11;13"
Root_5776,87.387107,40.572736,8,"1;2;3;5;6;8;11;13"
Root_5777,0.000000,25.624576,8,"0;2;3;5;6;8;11;13"
Root_5778,129.004269,45.202336,7,"2;3;5;6;8;11;13"
Root_5779,0.000000,21.220896,8,"0;1;3;5;6;8;11;13"
Root_5780,87.916707,41.498656,7,"1;3;5;6;8;11;13"
Root_5781,0.000000,26.550496,7,"0;3;5;6;8;11;13"
Root_5782,129.533869,46.128256,6,"3;5;6;8;11;13"
Root_5783,0.000000,22.208544,8,"0;1;2;5;6;8;11;13"
Root_5784,93.842595,42.486304,7,"1;2;5;6;8;11;13"
Root_5785,0.000000,27.538144,7,"0;2;5;6;8;11;13"
Root_5786,135.891853,47.115904,6,"2;5;6;8;11;13"
Root_5787,0.000000,23.134464,7,"0;1;5;6;8;11;13"
Root_5788,95.298115,43.412224,6,"1;5;6;8;11;13"
Root_5789,0.000000,28.464064,6,"0;5;6;8;11;13"
Root_5790,137.389197,48.041824,5,"5;6;8;11;13"
Root_5791,0.000000,19.615968,9,"0;1;2;3;4;6;8;11;13"
Root_5792,90.061315,39.893728,8,"1;2;3;4;6;8;11;13"
Root_5793,0.000000,24.945568,8,"0;2;3;4;6;8;11;13"
Root_5794,127.419245,44.523328,7,"2;3;4;6;8;11;13"
Root_5795,0.000000,20.541888,8,"0;1;3;4;6;8;11;13"
Root_5796,89.664995,40.819648,7,"1;3;4;6;8;11;13"
Root_5797,0.000000,25.871488,7,"0;3;4;6;8;11;13"
Root_5798,127.022925,45.449248,6,"3;4;6;8;11;13"
Root_5799,0.000000,21.529536,8,"0;1;2;4;6;8;11;13"
Root_5800,94.603235,41.807296,7,"1;2;4;6;8;11;13"
Root_5801,0.000000,26.859136,7,"0;2;4;6;8;11;13"
Root_5802,132.022893,46.436896,6,"2;4;6;8;11;13"
Root_5803,0.000000,22.455456,7,"0;1;4;6;8;11;13"
Root_5804,95.132835,42.733216,6,"1;4;6;8;11;13"
Root_5805,0.000000,27.785056,6,"0;4;6;8;11;13"
Root_5806,132.552493,47.362816,5,"4;6;8;11;13"
Root_5807,0.000000,21.838176,8,"0;1;2;3;6;8;11;13"
Root_5808,97.072355,42.115936,7,"1;2;3;6;8;11;13"
Root_5809,0.000000,27.167776,7,"0;2;3;6;8;11;13"
Root_5810,134.492013,46.745536,6,"2;3;6;8;11;13"
Root_5811,0.000000,22.764096,7,"0;1;3;6;8;11;13"
Root_5812,97.601955,43.041856,6,"1;3;6;8;11;13"
Root_5813,0.000000,28.093696,6,"0;3;6;8;11;13"
Root_5814,135.021613,47.671456,5,"3;6;8;11;13"
Root_5815,0.000000,23.751744,7,"0;1;2;6;8;11;13"
Root_5816,103.589571,44.029504,6,"1;2;6;8;11;13"
Root_5817,0.000000,29.081344,6,"0;2;6;8;11;13"
Root_5818,142.327437,48.659104,5,"2;6;8;11;13"
Root_5819,0.000000,24.677664,6,"0;1;6;8;11;13"
Root_5820,105.045091,44.955424,5,"1;6;8;11;13"
Root_5821,0.000000,30.007264,5,"0;6;8;11;13"
Root_5822,145.634797,49.585024,4,"6;8;11;13"
Root_5823,0.000000,20.498678,9,"0;1;2;3;4;5;8;11;13"
Root_5824,95.647693,40.776438,8,"1;2;3;4;5;8;11;13"
Root_5825,0.000000,25.828278,8,"0;2;3;4;5;8;11;13"
Root_5826,132.635254,45.406038,7,"2;3;4;5;8;11;13"
Root_5827,0.000000,21.424598,8,"0;1;3;4;5;8;11;13"
Root_5828,95.251373,41.702358,7,"1;3;4;5;8;11;13"
Root_5829,0.000000,26.754198,7,"0;3;4;5;8;11;13"
Root_5830,132.238934,46.331958,6,"3;4;5;8;11;13"
Root_5831,0.000000,22.412246,8,"0;1;2;4;5;8;11;13"
Root_5832,100.189613,42.690006,7,"1;2;4;5;8;11;13"
Root_5833,0.767734,27.741846,7,"0;2;4;5;8;11;13"
Root_5834,137.928877,47.319606,6,"2;4;5;8;11;13"
Root_5835,0.000000,23.338166,7,"0;1;4;5;8;11;13"
Root_5836,100.719213,43.615926,6,"1;4;5;8;11;13"
Root_5837,0.767734,28.667766,6,"0;4;5;8;11;13"
Root_5838,139.629923,48.245526,5,"4;5;8;11;13"
Root_5839,0.000000,22.720886,8,"0;1;2;3;5;8;11;13"
Root_5840,102.967373,42.998646,7,"1;2;3;5;8;11;13"
Root_5841,0.000000,28.050486,7,"0;2;3;5;8;11;13"
Root_5842,141.015277,47.628246,6,"2;3;5;8;11;13"
Root_5843,0.000000,23.646806,7,"0;1;3;5;8;11;13"
Root_5844,103.496973,43.924566,6,"1;3;5;8;11;13"
Root_5845,0.000000,28.976406,6,"0;3;5;8;11;13"
Root_5846,143.024963,48.554166,5,"3;5;8;11;13"
Root_5847,0.000000,24.634454,7,"0;1;2;5;8;11;13"
Root_5848,109.854957,44.912214,6,"1;2;5;8;11;13"
Root_5849,0.767734,29.964054,6,"0;2;5;8;11;13"
Root_5850,151.358243,49.541814,5,"2;5;8;11;13"
Root_5851,0.000000,25.560374,6,"0;1;5;8;11;13"
Root_5852,111.310477,45.838134,5,"1;5;8;11;13"
Root_5853,0.767734,30.889974,5,"0;5;8;11;13"
Root_5854,154.665603,50.467734,4,"5;8;11;13"
Root_5855,0.000000,22.041878,8,"0;1;2;3;4;8;11;13"
Root_5856,103.586038,42.319638,7,"1;2;3;4;8;11;13"
Root_5857,1.251469,27.371478,7,"0;2;3;4;8;11;13"
Root_5858,136.376096,46.949238,6,"2;3;4;8;11;13"
Root_5859,0.000000,22.967798,7,"0;1;3;4;8;11;13"
Root_5860,103.189718,43.245558,6,"1;3;4;8;11;13"
Root_5861,1.251469,28.297398,6,"0;3;4;8;11;13"
Root_5862,136.854934,47.875158,5,"3;4;8;11;13"
Root_5863,0.000000,23.955446,7,"0;1;2;4;8;11;13"
Root_5864,108.189686,44.233206,6,"1;2;4;8;11;13"
Root_5865,3.698211,29.285046,6,"0;2;4;8;11;13"
Root_5866,144.568163,48.862806,5,"2;4;8;11;13"
Root_5867,0.000000,24.881366,6,"0;1;4;8;11;13"
Root_5868,108.719286,45.159126,5,"1;4;8;11;13"
Root_5869,3.698211,30.210966,5,"0;4;8;11;13"
Root_5870,147.875523,49.788726,4,"4;8;11;13"
Root_5871,0.000000,24.264086,7,"0;1;2;3;8;11;13"
Root_5872,110.658806,44.541846,6,"1;2;3;8;11;13"
Root_5873,1.251469,29.593686,6,"0;2;3;8;11;13"
Root_5874,147.963203,49.171446,5,"2;3;8;11;13"
Root_5875,0.000000,25.190006,6,"0;1;3;8;11;13"
Root_5876,111.188406,45.467766,5,"1;3;8;11;13"
Root_5877,1.251469,30.519606,5,"0;3;8;11;13"
Root_5878,151.270563,50.097366,4,"3;8;11;13"
Root_5879,0.000000,26.177654,6,"0;1;2;8;11;13"
Root_5880,117.176022,46.455414,5,"1;2;8;11;13"
Root_5881,4.698211,31.507254,5,"0;2;8;11;13"
Root_5882,160.306138,51.085014,4,"2;8;11;13"
Root_5883,0.000000,27.103574,5,"0;1;8;11;13"
Root_5884,119.012877,47.381334,4,"1;8;11;13"
Root_5885,3.165037,32.433174,4,"0;8;11;13"
Root_5886,165.465338,52.010934,3,"8;11;13"
Root_5887,0.000000,19.677696,10,"0;1;2;3;4;5;6;7;11;13"
Root_5888,94.289539,39.955456,9,"1;2;3;4;5;6;7;11;13"
Root_5889,0.000000,25.007296,9,"0;2;3;4;5;6;7;11;13"
Root_5890,135.906701,44.585056,8,"2;3;4;5;6;7;11;13"
Root_5891,0.000000,20.603616,9,"0;1;3;4;5;6;7;11;13"
Root_5892,99.493219,40.881376,8,"1;3;4;5;6;7;11;13"
Root_5893,0.405942,25.933216,8,"0;3;4;5;6;7;11;13"
Root_5894,140.921357,45.510976,7,"3;4;5;6;7;11;13"
Root_5895,0.000000,21.591264,9,"0;1;2;4;5;6;7;11;13"
Root_5896,98.831459,41.869024,8,"1;2;4;5;6;7;11;13"
Root_5897,0.000000,26.920864,8,"0;2;4;5;6;7;11;13"
Root_5898,142.379341,46.498624,7,"2;4;5;6;7;11;13"
Root_5899,0.000000,22.517184,8,"0;1;4;5;6;7;11;13"
Root_5900,104.261059,42.794944,7,"1;4;5;6;7;11;13"
Root_5901,1.052694,27.846784,7,"0;4;5;6;7;11;13"
Root_5902,148.034861,47.424544,6,"4;5;6;7;11;13"
Root_5903,0.000000,21.899904,9,"0;1;2;3;5;6;7;11;13"
Root_5904,101.609219,42.177664,8,"1;2;3;5;6;7;11;13"
Root_5905,0.000000,27.229504,8,"0;2;3;5;6;7;11;13"
Root_5906,145.465741,46.807264,7,"2;3;5;6;7;11;13"
Root_5907,0.000000,22.825824,8,"0;1;3;5;6;7;11;13"
Root_5908,107.038819,43.103584,7,"1;3;5;6;7;11;13"
Root_5909,0.405942,28.155424,7,"0;3;5;6;7;11;13"
Root_5910,151.121261,47.733184,6,"3;5;6;7;11;13"
Root_5911,0.000000,23.813472,8,"0;1;2;5;6;7;11;13"
Root_5912,108.496803,44.091232,7,"1;2;5;6;7;11;13"
Root_5913,0.000000,29.143072,7,"0;2;5;6;7;11;13"
Root_5914,154.266893,48.720832,6,"2;5;6;7;11;13"
Root_5915,0.000000,24.739392,7,"0;1;5;6;7;11;13"
Root_5916,114.169475,45.017152,6,"1;5;6;7;11;13"
Root_5917,1.052694,30.068992,6,"0;5;6;7;11;13"
Root_5918,160.148333,49.646752,5,"5;6;7;11;13"
Root_5919,0.000000,21.220896,9,"0;1;2;3;4;6;7;11;13"
Root_5920,103.048867,41.498656,8,"1;2;3;4;6;7;11;13"
Root_5921,0.000000,26.550496,8,"0;2;3;4;6;7;11;13"
Root_5922,141.596781,46.128256,7,"2;3;4;6;7;11;13"
Root_5923,0.000000,22.146816,8,"0;1;3;4;6;7;11;13"
Root_5924,107.552547,42.424576,7,"1;3;4;6;7;11;13"
Root_5925,0.682326,27.476416,7,"0;3;4;6;7;11;13"
Root_5926,146.326381,47.054176,6,"3;4;6;7;11;13"
Root_5927,0.000000,23.134464,8,"0;1;2;4;6;7;11;13"
Root_5928,107.652515,43.412224,7,"1;2;4;6;7;11;13"
Root_5929,1.489952,28.464064,7,"0;2;4;6;7;11;13"
Root_5930,148.155821,48.041824,6,"2;4;6;7;11;13"
Root_5931,0.000000,24.060384,7,"0;1;4;6;7;11;13"
Root_5932,112.382115,44.338144,6,"1;4;6;7;11;13"
Root_5933,3.008086,29.389984,6,"0;4;6;7;11;13"
Root_5934,154.037261,48.967744,5,"4;6;7;11;13"
Root_5935,0.000000,23.443104,8,"0;1;2;3;6;7;11;13"
Root_5936,110.121635,43.720864,7,"1;2;3;6;7;11;13"
Root_5937,0.000000,28.772704,7,"0;2;3;6;7;11;13"
Root_5938,151.242221,48.350464,6,"2;3;6;7;11;13"
Root_5939,0.000000,24.369024,7,"0;1;3;6;7;11;13"
Root_5940,114.851235,44.646784,6,"1;3;6;7;11;13"
Root_5941,0.682326,29.698624,6,"0;3;6;7;11;13"
Root_5942,157.123661,49.276384,5,"3;6;7;11;13"
Root_5943,0.000000,25.356672,7,"0;1;2;6;7;11;13"
Root_5944,117.273283,45.634432,6,"1;2;6;7;11;13"
Root_5945,2.202144,30.686272,6,"0;2;6;7;11;13"
Root_5946,161.586573,50.264032,5,"2;6;7;11;13"
Root_5947,0.000000,26.282592,6,"0;1;6;7;11;13"
Root_5948,123.154723,46.560352,5,"1;6;7;11;13"
Root_5949,2.595894,31.612192,5,"0;6;7;11;13"
Root_5950,167.883885,51.189952,4,"6;7;11;13"
Root_5951,0.000000,22.103606,9,"0;1;2;3;4;5;7;11;13"
Root_5952,108.264877,42.381366,8,"1;2;3;4;5;7;11;13"
Root_5953,0.459094,27.433206,8,"0;2;3;4;5;7;11;13"
Root_5954,147.706467,47.010966,7,"2;3;4;5;7;11;13"
Root_5955,0.000000,23.029526,8,"0;1;3;4;5;7;11;13"
Root_5956,112.768557,43.307286,7,"1;3;4;5;7;11;13"
Root_5957,1.565037,28.359126,7,"0;3;4;5;7;11;13"
Root_5958,153.361987,47.936886,6,"3;4;5;7;11;13"
Root_5959,0.000000,24.017174,8,"0;1;2;4;5;7;11;13"
Root_5960,113.238893,44.294934,7,"1;2;4;5;7;11;13"
Root_5961,2.967565,29.346774,7,"0;2;4;5;7;11;13"
Root_5962,156.507619,48.924534,6,"2;4;5;7;11;13"
Root_5963,0.000000,24.943094,7,"0;1;4;5;7;11;13"
Root_5964,118.189347,45.220854,6,"1;4;5;7;11;13"
Root_5965,4.773507,30.272694,6,"0;4;5;7;11;13"
Root_5966,162.389059,49.850454,5,"4;5;7;11;13"
Root_5967,0.000000,24.325814,8,"0;1;2;3;5;7;11;13"
Root_5968,116.016653,44.603574,7,"1;2;3;5;7;11;13"
Root_5969,0.459094,29.655414,7,"0;2;3;5;7;11;13"
Root_5970,159.902659,49.233174,6,"2;3;5;7;11;13"
Root_5971,0.000000,25.251734,7,"0;1;3;5;7;11;13"
Root_5972,121.275747,45.529494,6,"1;3;5;7;11;13"
Root_5973,1.565037,30.581334,6,"0;3;5;7;11;13"
Root_5974,165.784099,50.159094,5,"3;5;7;11;13"
Root_5975,0.000000,26.239382,7,"0;1;2;5;7;11;13"
Root_5976,124.421379,46.517142,6,"1;2;5;7;11;13"
Root_5977,3.967565,31.568982,6,"0;2;5;7;11;13"
Root_5978,170.764122,51.146742,5,"2;5;7;11;13"
Root_5979,0.000000,27.165302,6,"0;1;5;7;11;13"
Root_5980,130.745882,47.443062,5,"1;5;7;11;13"
Root_5981,3.478605,32.494902,5,"0;5;7;11;13"
Root_5982,177.797402,52.072662,4,"5;7;11;13"
Root_5983,0.000000,23.646806,8,"0;1;2;3;4;7;11;13"
Root_5984,115.030390,43.924566,7,"1;2;3;4;7;11;13"
Root_5985,2.226829,28.976406,7,"0;2;3;4;7;11;13"
Root_5986,153.482947,48.554166,6,"2;3;4;7;11;13"
Root_5987,0.000000,24.572726,7,"0;1;3;4;7;11;13"
Root_5988,123.034070,44.850486,6,"1;3;4;7;11;13"
Root_5989,7.448634,29.902326,6,"0;3;4;7;11;13"
Root_5990,162.864387,49.480086,5,"3;4;7;11;13"
Root_5991,0.000000,25.560374,7,"0;1;2;4;7;11;13"
Root_5992,120.472173,45.838134,6,"1;2;4;7;11;13"
Root_5993,6.969859,30.889974,6,"0;2;4;7;11;13"
Root_5994,163.827299,50.467734,5,"2;4;7;11;13"
Root_5995,0.000000,26.486294,6,"0;1;4;7;11;13"
Root_5996,128.927693,46.764054,5,"1;4;7;11;13"
Root_5997,9.959907,31.815894,5,"0;4;7;11;13"
Root_5998,173.128314,51.393654,4,"4;7;11;13"
Root_5999,0.000000,25.869014,7,"0;1;2;3;7;11;13"
Root_6000,123.249933,46.146774,6,"1;2;3;7;11;13"
Root_6001,3.226829,31.198614,6,"0;2;3;7;11;13"
Root_6002,167.222339,50.776374,5,"2;3;7;11;13"
Root_6003,0.000000,26.794934,6,"0;1;3;7;11;13"
Root_6004,135.278147,47.072694,5,"1;3;7;11;13"
Root_6005,7.821805,32.124534,5,"0;3;7;11;13"
Root_6006,179.631994,51.702294,4,"3;7;11;13"
Root_6007,0.000000,27.782582,6,"0;1;2;7;11;13"
Root_6008,132.801402,48.060342,5,"1;2;7;11;13"
Root_6009,7.166147,33.112182,5,"0;2;7;11;13"
Root_6010,181.170202,52.689942,4,"2;7;11;13"
Root_6011,0.686262,28.708502,5,"0;1;7;11;13"
Root_6012,145.434682,48.986262,4,"1;7;11;13"
Root_6013,8.859907,34.038102,4,"0;7;11;13"
Root_6014,192.629402,53.615862,3,"7;11;13"
Root_6015,0.000000,22.702368,9,"0;1;2;3;4;5;6;11;13"
Root_6016,115.252493,42.980128,8,"1;2;3;4;5;6;11;13"
Root_6017,1.057856,28.031968,8,"0;2;3;4;5;6;11;13"
Root_6018,155.281878,47.609728,7,"2;3;4;5;6;11;13"
Root_6019,0.000000,23.628288,8,"0;1;3;4;5;6;11;13"
Root_6020,119.756173,43.906048,7,"1;3;4;5;6;11;13"
Root_6021,2.163798,28.957888,7,"0;3;4;5;6;11;13"
Root_6022,160.547126,48.535648,6,"3;4;5;6;11;13"
Root_6023,0.000000,24.615936,8,"0;1;2;4;5;6;11;13"
Root_6024,120.226509,44.893696,7,"1;2;4;5;6;11;13"
Root_6025,4.165088,29.945536,7,"0;2;4;5;6;11;13"
Root_6026,163.692758,49.523296,6,"2;4;5;6;11;13"
Root_6027,0.000000,25.541856,7,"0;1;4;5;6;11;13"
Root_6028,125.775725,45.819616,6,"1;4;5;6;11;13"
Root_6029,5.971030,30.871456,6,"0;4;5;6;11;13"
Root_6030,169.574198,50.449216,5,"4;5;6;11;13"
Root_6031,0.000000,24.924576,8,"0;1;2;3;5;6;11;13"
Root_6032,123.206605,45.202336,7,"1;2;3;5;6;11;13"
Root_6033,1.337952,30.254176,7,"0;2;3;5;6;11;13"
Root_6034,167.087798,49.831936,6,"2;3;5;6;11;13"
Root_6035,0.000000,25.850496,7,"0;1;3;5;6;11;13"
Root_6036,128.862125,46.128256,6,"1;3;5;6;11;13"
Root_6037,2.163798,31.180096,6,"0;3;5;6;11;13"
Root_6038,172.969238,50.757856,5,"3;5;6;11;13"
Root_6039,0.000000,26.838144,7,"0;1;2;5;6;11;13"
Root_6040,132.007757,47.115904,6,"1;2;5;6;11;13"
Root_6041,5.165088,32.167744,6,"0;2;5;6;11;13"
Root_6042,178.548022,51.745504,5,"2;5;6;11;13"
Root_6043,0.000000,27.764064,6,"0;1;5;6;11;13"
Root_6044,137.931021,48.041824,5,"1;5;6;11;13"
Root_6045,4.171030,33.093664,5,"0;5;6;11;13"
Root_6046,185.581302,52.671424,4,"5;6;11;13"
Root_6047,0.000000,24.245568,8,"0;1;2;3;4;6;11;13"
Root_6048,121.419245,44.523328,7,"1;2;3;4;6;11;13"
Root_6049,3.938976,29.575168,7,"0;2;3;4;6;11;13"
Root_6050,160.668086,49.152928,6,"2;3;4;6;11;13"
Root_6051,0.000000,25.171488,7,"0;1;3;4;6;11;13"
Root_6052,125.672173,45.449248,6,"1;3;4;6;11;13"
Root_6053,6.444918,30.501088,6,"0;3;4;6;11;13"
Root_6054,166.549526,50.078848,5,"3;4;6;11;13"
Root_6055,0.000000,26.159136,7,"0;1;2;4;6;11;13"
Root_6056,127.459789,46.436896,6,"1;2;4;6;11;13"
Root_6057,8.766144,31.488736,6,"0;2;4;6;11;13"
Root_6058,171.078934,51.066496,5,"2;4;6;11;13"
Root_6059,0.000000,27.085056,6,"0;1;4;6;11;13"
Root_6060,132.415309,47.362816,5,"1;4;6;11;13"
Root_6061,9.057430,32.414656,5,"0;4;6;11;13"
Root_6062,178.112214,51.992416,4,"4;6;11;13"
Root_6063,0.000000,26.467776,7,"0;1;2;3;6;11;13"
Root_6064,130.237549,46.745536,6,"1;2;3;6;11;13"
Root_6065,4.938976,31.797376,6,"0;2;3;6;11;13"
Root_6066,174.782614,51.375136,5,"2;3;6;11;13"
Root_6067,0.000000,27.393696,6,"0;1;3;6;11;13"
Root_6068,135.193069,47.671456,5,"1;3;6;11;13"
Root_6069,4.921622,32.723296,5,"0;3;6;11;13"
Root_6070,181.815894,52.301056,4,"3;6;11;13"
Root_6071,0.000000,28.381344,6,"0;1;2;6;11;13"
Root_6072,139.986541,48.659104,5,"1;2;6;11;13"
Root_6073,8.962432,33.710944,5,"0;2;6;11;13"
Root_6074,188.954102,53.288704,4,"2;6;11;13"
Root_6075,0.000000,29.307264,5,"0;1;6;11;13"
Root_6076,147.019821,49.585024,4,"1;6;11;13"
Root_6077,7.257430,34.636864,4,"0;6;11;13"
Root_6078,196.213302,54.214624,3,"6;11;13"
Root_6079,0.000000,25.128278,8,"0;1;2;3;4;5;11;13"
Root_6080,127.041293,45.406038,7,"1;2;3;4;5;11;13"
Root_6081,7.070906,30.457878,7,"0;2;3;4;5;11;13"
Root_6082,169.532227,50.035638,6,"2;3;4;5;11;13"
Root_6083,0.000000,26.054198,7,"0;1;3;4;5;11;13"
Root_6084,131.770893,46.331958,6,"1;3;4;5;11;13"
Root_6085,8.920186,31.383798,6,"0;3;4;5;11;13"
Root_6086,175.413667,50.961558,5,"3;4;5;11;13"
Root_6087,0.067734,27.041846,7,"0;1;2;4;5;11;13"
Root_6088,134.248483,47.319606,6,"1;2;4;5;11;13"
Root_6089,11.414275,32.371446,6,"0;2;4;5;11;13"
Root_6090,181.196154,51.949206,5,"2;4;5;11;13"
Root_6091,0.767734,27.967766,6,"0;1;4;5;11;13"
Root_6092,140.375450,48.245526,5,"1;4;5;11;13"
Root_6093,11.131120,33.297366,5,"0;4;5;11;13"
Root_6094,188.229434,52.875126,4,"4;5;11;13"
Root_6095,0.000000,27.350486,7,"0;1;2;3;5;11;13"
Root_6096,137.643523,47.628246,6,"1;2;3;5;11;13"
Root_6097,7.587107,32.680086,6,"0;2;3;5;11;13"
Root_6098,185.208474,52.257846,5,"2;3;5;11;13"
Root_6099,0.000000,28.276406,6,"0;1;3;5;11;13"
Root_6100,144.079130,48.554166,5,"1;3;5;11;13"
Root_6101,7.120186,33.606006,5,"0;3;5;11;13"
Root_6102,192.241754,53.183766,4,"3;5;11;13"
Root_6103,0.067734,29.264054,6,"0;1;2;5;11;13"
Root_6104,149.900058,49.541814,5,"1;2;5;11;13"
Root_6105,11.610563,34.593654,5,"0;2;5;11;13"
Root_6106,199.750330,54.171414,4,"2;5;11;13"
Root_6107,0.767734,30.189974,5,"0;1;5;11;13"
Root_6108,156.933338,50.467734,4,"1;5;11;13"
Root_6109,9.553328,35.519574,4,"0;5;11;13"
Root_6110,207.009530,55.097334,3,"5;11;13"
Root_6111,0.000000,26.671478,7,"0;1;2;3;4;11;13"
Root_6112,132.325334,46.949238,6,"1;2;3;4;11;13"
Root_6113,13.233616,32.001078,6,"0;2;3;4;11;13"
Root_6114,177.430746,51.578838,5,"2;3;4;11;13"
Root_6115,1.097366,27.597398,6,"0;1;3;4;11;13"
Root_6116,140.730093,47.875158,5,"1;3;4;11;13"
Root_6117,17.572026,32.926998,5,"0;3;4;11;13"
Root_6118,187.264026,52.504758,4,"3;4;11;13"
Root_6119,1.610934,28.585046,6,"0;1;2;4;11;13"
Root_6120,142.430970,48.862806,5,"1;2;4;11;13"
Root_6121,17.812624,33.914646,5,"0;2;4;11;13"
Root_6122,191.602234,53.492406,4,"2;4;11;13"
Root_6123,4.244109,29.510966,5,"0;1;4;11;13"
Root_6124,152.264250,49.788726,4,"1;4;11;13"
Root_6125,19.763386,34.840566,4,"0;4;11;13"
Root_6126,200.961434,54.418326,3,"4;11;13"
Root_6127,0.000000,28.893686,6,"0;1;2;3;11;13"
Root_6128,146.134650,49.171446,5,"1;2;3;11;13"
Root_6129,13.429904,34.223286,5,"0;2;3;11;13"
Root_6130,195.614554,53.801046,4,"2;3;11;13"
Root_6131,1.797366,29.819606,5,"0;1;3;11;13"
Root_6132,158.767930,50.097366,4,"1;3;11;13"
Root_6133,17.497574,35.149206,4,"0;3;11;13"
Root_6134,207.073754,54.726966,3,"3;11;13"
Root_6135,2.444109,30.807254,5,"0;1;2;11;13"
Root_6136,160.306138,51.085014,4,"1;2;11;13"
Root_6137,17.367974,36.136854,4,"0;2;11;13"
Root_6138,211.699610,55.714614,3,"2;11;13"
Root_6139,3.710934,31.733174,4,"0;1;11;13"
Root_6140,171.765338,52.010934,3,"1;11;13"
Root_6141,21.187485,37.062774,3,"0;11;13"
Root_6142,221.984730,56.640534,2,"11;13"
Root_6143,0.000000,12.681440,12,"0;1;2;3;4;5;6;7;8;9;10;13"
Root_6144,60.969062,33.659200,11,"1;2;3;4;5;6;7;8;9;10;13"
Root_6145,0.000000,18.711040,11,"0;2;3;4;5;6;7;8;9;10;13"
Root_6146,98.292154,38.288800,10,"2;3;4;5;6;7;8;9;10;13"
Root_6147,0.000000,13.607360,11,"0;1;3;4;5;6;7;8;9;10;13"
Root_6148,58.909862,34.585120,10,"1;3;4;5;6;7;8;9;10;13"
Root_6149,0.000000,19.636960,10,"0;3;4;5;6;7;8;9;10;13"
Root_6150,96.743994,39.214720,9,"3;4;5;6;7;8;9;10;13"
Root_6151,0.000000,15.295008,11,"0;1;2;4;5;6;7;8;9;10;13"
Root_6152,66.709766,35.572768,10,"1;2;4;5;6;7;8;9;10;13"
Root_6153,0.000000,20.624608,10,"0;2;4;5;6;7;8;9;10;13"
Root_6154,101.492218,40.202368,9,"2;4;5;6;7;8;9;10;13"
Root_6155,0.000000,16.220928,10,"0;1;4;5;6;7;8;9;10;13"
Root_6156,64.235686,36.498688,9,"1;4;5;6;7;8;9;10;13"
Root_6157,0.000000,21.550528,9,"0;4;5;6;7;8;9;10;13"
Root_6158,100.072346,41.128288,8,"4;5;6;7;8;9;10;13"
Root_6159,0.000000,14.903648,11,"0;1;2;3;5;6;7;8;9;10;13"
Root_6160,62.635686,35.881408,10,"1;2;3;5;6;7;8;9;10;13"
Root_6161,0.000000,20.933248,10,"0;2;3;5;6;7;8;9;10;13"
Root_6162,102.855066,40.511008,9,"2;3;5;6;7;8;9;10;13"
Root_6163,0.000000,15.829568,10,"0;1;3;5;6;7;8;9;10;13"
Root_6164,60.968934,36.807328,9,"1;3;5;6;7;8;9;10;13"
Root_6165,0.000000,21.859168,9,"0;3;5;6;7;8;9;10;13"
Root_6166,102.232826,41.436928,8,"3;5;6;7;8;9;10;13"
Root_6167,0.000000,17.517216,10,"0;1;2;5;6;7;8;9;10;13"
Root_6168,68.919526,37.794976,9,"1;2;5;6;7;8;9;10;13"
Root_6169,0.000000,22.846816,9,"0;2;5;6;7;8;9;10;13"
Root_6170,107.171066,42.424576,8,"2;5;6;7;8;9;10;13"
Root_6171,0.000000,18.443136,9,"0;1;5;6;7;8;9;10;13"
Root_6172,68.297286,38.720896,8,"1;5;6;7;8;9;10;13"
Root_6173,0.000000,23.772736,8,"0;5;6;7;8;9;10;13"
Root_6174,107.474746,43.350496,7,"5;6;7;8;9;10;13"
Root_6175,0.000000,14.224640,11,"0;1;2;3;4;6;7;8;9;10;13"
Root_6176,70.626960,35.202400,10,"1;2;3;4;6;7;8;9;10;13"
Root_6177,0.000000,20.254240,10,"0;2;3;4;6;7;8;9;10;13"
Root_6178,106.640378,39.832000,9,"2;3;4;6;7;8;9;10;13"
Root_6179,0.000000,15.150560,10,"0;1;3;4;6;7;8;9;10;13"
Root_6180,68.152880,36.128320,9,"1;3;4;6;7;8;9;10;13"
Root_6181,0.000000,21.180160,9,"0;3;4;6;7;8;9;10;13"
Root_6182,105.092218,40.757920,8,"3;4;6;7;8;9;10;13"
Root_6183,0.000000,16.838208,10,"0;1;2;4;6;7;8;9;10;13"
Root_6184,75.115824,37.115968,9,"1;2;4;6;7;8;9;10;13"
Root_6185,0.000000,22.167808,9,"0;2;4;6;7;8;9;10;13"
Root_6186,109.042810,41.745568,8,"2;4;6;7;8;9;10;13"
Root_6187,0.000000,17.764128,9,"0;1;4;6;7;8;9;10;13"
Root_6188,73.567664,38.041888,8,"1;4;6;7;8;9;10;13"
Root_6189,0.000000,23.093728,8,"0;4;6;7;8;9;10;13"
Root_6190,108.420570,42.671488,7,"4;6;7;8;9;10;13"
Root_6191,0.000000,16.446848,10,"0;1;2;3;6;7;8;9;10;13"
Root_6192,72.774992,37.424608,9,"1;2;3;6;7;8;9;10;13"
Root_6193,0.000000,22.476448,9,"0;2;3;6;7;8;9;10;13"
Root_6194,110.894650,42.054208,8,"2;3;6;7;8;9;10;13"
Root_6195,0.000000,17.372768,9,"0;1;3;6;7;8;9;10;13"
Root_6196,72.152752,38.350528,8,"1;3;6;7;8;9;10;13"
Root_6197,0.000000,23.402368,8,"0;3;6;7;8;9;10;13"
Root_6198,110.272410,42.980128,7,"3;6;7;8;9;10;13"
Root_6199,0.000000,19.060416,9,"0;1;2;6;7;8;9;10;13"
Root_6200,78.752816,39.338176,8,"1;2;6;7;8;9;10;13"
Root_6201,0.000000,24.390016,8,"0;2;6;7;8;9;10;13"
Root_6202,115.210650,43.967776,7,"2;6;7;8;9;10;13"
Root_6203,0.000000,19.986336,8,"0;1;6;7;8;9;10;13"
Root_6204,78.130576,40.264096,7,"1;6;7;8;9;10;13"
Root_6205,0.000000,25.315936,7,"0;6;7;8;9;10;13"
Root_6206,115.514330,44.893696,6,"6;7;8;9;10;13"
Root_6207,0.000000,15.107350,11,"0;1;2;3;4;5;7;8;9;10;13"
Root_6208,74.614582,36.085110,10,"1;2;3;4;5;7;8;9;10;13"
Root_6209,0.000000,21.136950,10,"0;2;3;4;5;7;8;9;10;13"
Root_6210,110.769974,40.714710,9,"2;3;4;5;7;8;9;10;13"
Root_6211,0.000000,16.033270,10,"0;1;3;4;5;7;8;9;10;13"
Root_6212,72.151533,37.011030,9,"1;3;4;5;7;8;9;10;13"
Root_6213,0.000000,22.062870,9,"0;3;4;5;7;8;9;10;13"
Root_6214,109.221814,41.640630,8,"3;4;5;7;8;9;10;13"
Root_6215,0.000000,17.720918,10,"0;1;2;4;5;7;8;9;10;13"
Root_6216,79.103446,37.998678,9,"1;2;4;5;7;8;9;10;13"
Root_6217,0.000000,23.050518,9,"0;2;4;5;7;8;9;10;13"
Root_6218,113.172406,42.628278,8,"2;4;5;7;8;9;10;13"
Root_6219,0.000000,18.646838,9,"0;1;4;5;7;8;9;10;13"
Root_6220,77.555286,38.924598,8,"1;4;5;7;8;9;10;13"
Root_6221,0.000000,23.976438,8,"0;4;5;7;8;9;10;13"
Root_6222,112.550166,43.554198,7,"4;5;7;8;9;10;13"
Root_6223,0.000000,17.329558,10,"0;1;2;3;5;7;8;9;10;13"
Root_6224,77.953965,38.307318,9,"1;2;3;5;7;8;9;10;13"
Root_6225,0.000000,23.359158,9,"0;2;3;5;7;8;9;10;13"
Root_6226,115.332886,42.936918,8,"2;3;5;7;8;9;10;13"
Root_6227,0.000000,18.255478,9,"0;1;3;5;7;8;9;10;13"
Root_6228,77.331725,39.233238,8,"1;3;5;7;8;9;10;13"
Root_6229,0.000000,24.285078,8,"0;3;5;7;8;9;10;13"
Root_6230,114.710646,43.862838,7,"3;5;7;8;9;10;13"
Root_6231,0.000000,19.943126,9,"0;1;2;5;7;8;9;10;13"
Root_6232,83.049078,40.220886,8,"1;2;5;7;8;9;10;13"
Root_6233,0.000000,25.272726,8,"0;2;5;7;8;9;10;13"
Root_6234,120.019254,44.850486,7,"2;5;7;8;9;10;13"
Root_6235,0.000000,20.869046,8,"0;1;5;7;8;9;10;13"
Root_6236,82.573645,41.146806,7,"1;5;7;8;9;10;13"
Root_6237,0.000000,26.198646,7,"0;5;7;8;9;10;13"
Root_6238,120.322934,45.776406,6,"5;7;8;9;10;13"
Root_6239,0.000000,16.650550,10,"0;1;2;3;4;7;8;9;10;13"
Root_6240,83.572598,37.628310,9,"1;2;3;4;7;8;9;10;13"
Root_6241,0.000000,22.680150,9,"0;2;3;4;7;8;9;10;13"
Root_6242,117.062656,42.257910,8,"2;3;4;7;8;9;10;13"
Root_6243,0.000000,17.576470,9,"0;1;3;4;7;8;9;10;13"
Root_6244,82.024438,38.554230,8,"1;3;4;7;8;9;10;13"
Root_6245,0.000000,23.606070,8,"0;3;4;7;8;9;10;13"
Root_6246,115.514496,43.183830,7,"3;4;7;8;9;10;13"
Root_6247,0.000000,19.264118,9,"0;1;2;4;7;8;9;10;13"
Root_6248,87.433152,39.541878,8,"1;2;4;7;8;9;10;13"
Root_6249,0.000000,24.593718,8,"0;2;4;7;8;9;10;13"
Root_6250,119.465088,44.171478,7,"2;4;7;8;9;10;13"
Root_6251,0.000000,20.190038,8,"0;1;4;7;8;9;10;13"
Root_6252,85.884992,40.467798,7,"1;4;7;8;9;10;13"
Root_6253,0.000000,25.519638,7,"0;4;7;8;9;10;13"
Root_6254,118.842848,45.097398,6,"4;7;8;9;10;13"
Root_6255,0.000000,18.872758,9,"0;1;2;3;7;8;9;10;13"
Root_6256,87.826870,39.850518,8,"1;2;3;7;8;9;10;13"
Root_6257,0.000000,24.902358,8,"0;2;3;7;8;9;10;13"
Root_6258,121.316928,44.480118,7,"2;3;7;8;9;10;13"
Root_6259,0.000000,19.798678,8,"0;1;3;7;8;9;10;13"
Root_6260,87.204630,40.776438,7,"1;3;7;8;9;10;13"
Root_6261,0.000000,25.828278,7,"0;3;7;8;9;10;13"
Root_6262,120.694688,45.406038,6,"3;7;8;9;10;13"
Root_6263,0.000000,21.486326,8,"0;1;2;7;8;9;10;13"
Root_6264,92.142870,41.764086,7,"1;2;7;8;9;10;13"
Root_6265,0.000000,26.815926,7,"0;2;7;8;9;10;13"
Root_6266,125.632928,46.393686,6,"2;7;8;9;10;13"
Root_6267,0.000000,22.412246,7,"0;1;7;8;9;10;13"
Root_6268,92.446550,42.690006,6,"1;7;8;9;10;13"
Root_6269,0.000000,27.741846,6,"0;7;8;9;10;13"
Root_6270,126.256214,47.319606,5,"7;8;9;10;13"
Root_6271,0.000000,16.406112,11,"0;1;2;3;4;5;6;8;9;10;13"
Root_6272,80.238010,36.683872,10,"1;2;3;4;5;6;8;9;10;13"
Root_6273,0.000000,21.735712,10,"0;2;3;4;5;6;8;9;10;13"
Root_6274,116.621795,41.313472,9,"2;3;4;5;6;8;9;10;13"
Root_6275,0.000000,17.332032,10,"0;1;3;4;5;6;8;9;10;13"
Root_6276,78.373722,37.609792,9,"1;3;4;5;6;8;9;10;13"
Root_6277,0.000000,22.661632,9,"0;3;4;5;6;8;9;10;13"
Root_6278,115.073635,42.239392,8,"3;4;5;6;8;9;10;13"
Root_6279,0.000000,18.319680,10,"0;1;2;4;5;6;8;9;10;13"
Root_6280,84.726874,38.597440,9,"1;2;4;5;6;8;9;10;13"
Root_6281,0.000000,23.649280,9,"0;2;4;5;6;8;9;10;13"
Root_6282,119.394595,43.227040,8,"2;4;5;6;8;9;10;13"
Root_6283,0.000000,19.245600,9,"0;1;4;5;6;8;9;10;13"
Root_6284,83.178714,39.523360,8,"1;4;5;6;8;9;10;13"
Root_6285,0.000000,24.575200,8,"0;4;5;6;8;9;10;13"
Root_6286,118.772355,44.152960,7,"4;5;6;8;9;10;13"
Root_6287,0.000000,18.628320,10,"0;1;2;3;5;6;8;9;10;13"
Root_6288,84.176154,38.906080,9,"1;2;3;5;6;8;9;10;13"
Root_6289,0.000000,23.957920,9,"0;2;3;5;6;8;9;10;13"
Root_6290,121.555075,43.535680,8,"2;3;5;6;8;9;10;13"
Root_6291,0.000000,19.554240,9,"0;1;3;5;6;8;9;10;13"
Root_6292,83.553914,39.832000,8,"1;3;5;6;8;9;10;13"
Root_6293,0.000000,24.883840,8,"0;3;5;6;8;9;10;13"
Root_6294,120.932835,44.461600,7,"3;5;6;8;9;10;13"
Root_6295,0.000000,20.541888,9,"0;1;2;5;6;8;9;10;13"
Root_6296,88.672506,40.819648,8,"1;2;5;6;8;9;10;13"
Root_6297,0.000000,25.871488,8,"0;2;5;6;8;9;10;13"
Root_6298,126.241443,45.449248,7,"2;5;6;8;9;10;13"
Root_6299,0.000000,21.467808,8,"0;1;5;6;8;9;10;13"
Root_6300,88.795834,41.745568,7,"1;5;6;8;9;10;13"
Root_6301,0.000000,26.797408,7,"0;5;6;8;9;10;13"
Root_6302,126.545123,46.375168,6,"5;6;8;9;10;13"
Root_6303,0.000000,17.949312,10,"0;1;2;3;4;6;8;9;10;13"
Root_6304,89.196026,38.227072,9,"1;2;3;4;6;8;9;10;13"
Root_6305,0.005942,23.278912,9,"0;2;3;4;6;8;9;10;13"
Root_6306,122.686083,42.856672,8,"2;3;4;6;8;9;10;13"
Root_6307,0.000000,18.875232,9,"0;1;3;4;6;8;9;10;13"
Root_6308,87.647866,39.152992,8,"1;3;4;6;8;9;10;13"
Root_6309,0.005942,24.204832,8,"0;3;4;6;8;9;10;13"
Root_6310,121.137923,43.782592,7,"3;4;6;8;9;10;13"
Root_6311,0.000000,19.862880,9,"0;1;2;4;6;8;9;10;13"
Root_6312,92.457818,40.140640,8,"1;2;4;6;8;9;10;13"
Root_6313,0.005942,25.192480,8,"0;2;4;6;8;9;10;13"
Root_6314,125.088515,44.770240,7,"2;4;6;8;9;10;13"
Root_6315,0.000000,20.788800,8,"0;1;4;6;8;9;10;13"
Root_6316,90.976218,41.066560,7,"1;4;6;8;9;10;13"
Root_6317,0.005942,26.118400,7,"0;4;6;8;9;10;13"
Root_6318,124.466275,45.696160,6,"4;6;8;9;10;13"
Root_6319,0.000000,20.171520,9,"0;1;2;3;6;8;9;10;13"
Root_6320,93.450298,40.449280,8,"1;2;3;6;8;9;10;13"
Root_6321,0.005942,25.501120,8,"0;2;3;6;8;9;10;13"
Root_6322,126.940355,45.078880,7,"2;3;6;8;9;10;13"
Root_6323,0.000000,21.097440,8,"0;1;3;6;8;9;10;13"
Root_6324,92.828058,41.375200,7,"1;3;6;8;9;10;13"
Root_6325,0.005942,26.427040,7,"0;3;6;8;9;10;13"
Root_6326,126.318115,46.004800,6,"3;6;8;9;10;13"
Root_6327,0.000000,22.085088,8,"0;1;2;6;8;9;10;13"
Root_6328,97.766298,42.362848,7,"1;2;6;8;9;10;13"
Root_6329,0.005942,27.414688,7,"0;2;6;8;9;10;13"
Root_6330,131.256355,46.992448,6,"2;6;8;9;10;13"
Root_6331,0.000000,23.011008,7,"0;1;6;8;9;10;13"
Root_6332,98.069978,43.288768,6,"1;6;8;9;10;13"
Root_6333,0.005942,28.340608,6,"0;6;8;9;10;13"
Root_6334,131.560035,47.918368,5,"6;8;9;10;13"
Root_6335,0.000000,18.832022,10,"0;1;2;3;4;5;8;9;10;13"
Root_6336,93.507232,39.109782,9,"1;2;3;4;5;8;9;10;13"
Root_6337,0.462742,24.161622,9,"0;2;3;4;5;8;9;10;13"
Root_6338,126.445312,43.739382,8,"2;3;4;5;8;9;10;13"
Root_6339,0.000000,19.757942,9,"0;1;3;4;5;8;9;10;13"
Root_6340,91.959072,40.035702,8,"1;3;4;5;8;9;10;13"
Root_6341,0.462742,25.087542,8,"0;3;4;5;8;9;10;13"
Root_6342,124.897152,44.665302,7,"3;4;5;8;9;10;13"
Root_6343,0.000000,20.745590,9,"0;1;2;4;5;8;9;10;13"
Root_6344,95.909664,41.023350,8,"1;2;4;5;8;9;10;13"
Root_6345,0.462742,26.075190,8,"0;2;4;5;8;9;10;13"
Root_6346,129.218112,45.652950,7,"2;4;5;8;9;10;13"
Root_6347,0.000000,21.671510,8,"0;1;4;5;8;9;10;13"
Root_6348,95.287424,41.949270,7,"1;4;5;8;9;10;13"
Root_6349,0.462742,27.001110,7,"0;4;5;8;9;10;13"
Root_6350,128.595872,46.578870,6,"4;5;8;9;10;13"
Root_6351,0.000000,21.054230,9,"0;1;2;3;5;8;9;10;13"
Root_6352,97.888534,41.331990,8,"1;2;3;5;8;9;10;13"
Root_6353,0.462742,26.383830,8,"0;2;3;5;8;9;10;13"
Root_6354,131.378592,45.961590,7,"2;3;5;8;9;10;13"
Root_6355,0.000000,21.980150,8,"0;1;3;5;8;9;10;13"
Root_6356,97.266294,42.257910,7,"1;3;5;8;9;10;13"
Root_6357,0.462742,27.309750,7,"0;3;5;8;9;10;13"
Root_6358,130.756352,46.887510,6,"3;5;8;9;10;13"
Root_6359,0.000000,22.967798,8,"0;1;2;5;8;9;10;13"
Root_6360,102.574902,43.245558,7,"1;2;5;8;9;10;13"
Root_6361,0.462742,28.297398,7,"0;2;5;8;9;10;13"
Root_6362,136.940118,47.875158,6,"2;5;8;9;10;13"
Root_6363,0.000000,23.893718,7,"0;1;5;8;9;10;13"
Root_6364,102.878582,44.171478,6,"1;5;8;9;10;13"
Root_6365,0.462742,29.223318,6,"0;5;8;9;10;13"
Root_6366,139.771875,48.801078,5,"5;8;9;10;13"
Root_6367,0.000000,20.375222,9,"0;1;2;3;4;8;9;10;13"
Root_6368,101.223232,40.652982,8,"1;2;3;4;8;9;10;13"
Root_6369,2.005942,25.704822,8,"0;2;3;4;8;9;10;13"
Root_6370,130.083690,45.282582,7,"2;3;4;8;9;10;13"
Root_6371,0.000000,21.301142,8,"0;1;3;4;8;9;10;13"
Root_6372,99.675072,41.578902,7,"1;3;4;8;9;10;13"
Root_6373,2.005942,26.630742,7,"0;3;4;8;9;10;13"
Root_6374,128.535530,46.208502,6,"3;4;8;9;10;13"
Root_6375,0.000000,22.288790,8,"0;1;2;4;8;9;10;13"
Root_6376,103.625664,42.566550,7,"1;2;4;8;9;10;13"
Root_6377,4.338915,27.618390,7,"0;2;4;8;9;10;13"
Root_6378,132.682272,47.196150,6,"2;4;8;9;10;13"
Root_6379,0.000000,23.214710,7,"0;1;4;8;9;10;13"
Root_6380,103.003424,43.492470,6,"1;4;8;9;10;13"
Root_6381,4.338915,28.544310,6,"0;4;8;9;10;13"
Root_6382,133.352163,48.122070,5,"4;8;9;10;13"
Root_6383,0.000000,22.597430,8,"0;1;2;3;8;9;10;13"
Root_6384,105.477504,42.875190,7,"1;2;3;8;9;10;13"
Root_6385,2.005942,27.927030,7,"0;2;3;8;9;10;13"
Root_6386,134.842752,47.504790,6,"2;3;8;9;10;13"
Root_6387,0.000000,23.523350,7,"0;1;3;8;9;10;13"
Root_6388,104.855264,43.801110,6,"1;3;8;9;10;13"
Root_6389,2.005942,28.852950,6,"0;3;8;9;10;13"
Root_6390,136.438563,48.430710,5,"3;8;9;10;13"
Root_6391,0.000000,24.510998,7,"0;1;2;8;9;10;13"
Root_6392,109.793504,44.788758,6,"1;2;8;9;10;13"
Root_6393,4.338915,29.840598,6,"0;2;8;9;10;13"
Root_6394,145.327395,49.418358,5,"2;8;9;10;13"
Root_6395,0.000000,25.436918,6,"0;1;8;9;10;13"
Root_6396,110.097184,45.714678,5,"1;8;9;10;13"
Root_6397,4.338915,30.766518,5,"0;8;9;10;13"
Root_6398,149.334755,50.344278,4,"8;9;10;13"
Root_6399,0.000000,17.311040,11,"0;1;2;3;4;5;6;7;9;10;13"
Root_6400,92.292154,38.288800,10,"1;2;3;4;5;6;7;9;10;13"
Root_6401,0.000000,23.340640,10,"0;2;3;4;5;6;7;9;10;13"
Root_6402,129.671075,42.918400,9,"2;3;4;5;6;7;9;10;13"
Root_6403,0.000000,18.236960,10,"0;1;3;4;5;6;7;9;10;13"
Root_6404,90.743994,39.214720,9,"1;3;4;5;6;7;9;10;13"
Root_6405,0.000000,24.266560,9,"0;3;4;5;6;7;9;10;13"
Root_6406,128.122915,43.844320,8,"3;4;5;6;7;9;10;13"
Root_6407,0.000000,19.924608,10,"0;1;2;4;5;6;7;9;10;13"
Root_6408,95.492218,40.202368,9,"1;2;4;5;6;7;9;10;13"
Root_6409,0.000000,25.254208,9,"0;2;4;5;6;7;9;10;13"
Root_6410,132.443875,44.831968,8,"2;4;5;6;7;9;10;13"
Root_6411,0.000000,20.850528,9,"0;1;4;5;6;7;9;10;13"
Root_6412,94.072346,41.128288,8,"1;4;5;6;7;9;10;13"
Root_6413,0.000000,26.180128,8,"0;4;5;6;7;9;10;13"
Root_6414,132.579523,45.757888,7,"4;5;6;7;9;10;13"
Root_6415,0.000000,19.533248,10,"0;1;2;3;5;6;7;9;10;13"
Root_6416,96.855066,40.511008,9,"1;2;3;5;6;7;9;10;13"
Root_6417,0.000000,25.562848,9,"0;2;3;5;6;7;9;10;13"
Root_6418,134.744963,45.140608,8,"2;3;5;6;7;9;10;13"
Root_6419,0.000000,20.459168,9,"0;1;3;5;6;7;9;10;13"
Root_6420,96.232826,41.436928,8,"1;3;5;6;7;9;10;13"
Root_6421,0.000000,26.488768,8,"0;3;5;6;7;9;10;13"
Root_6422,135.048643,46.066528,7,"3;5;6;7;9;10;13"
Root_6423,0.000000,22.146816,9,"0;1;2;5;6;7;9;10;13"
Root_6424,101.171066,42.424576,8,"1;2;5;6;7;9;10;13"
Root_6425,0.000000,27.476416,8,"0;2;5;6;7;9;10;13"
Root_6426,141.344899,47.054176,7,"2;5;6;7;9;10;13"
Root_6427,0.000000,23.072736,8,"0;1;5;6;7;9;10;13"
Root_6428,101.474746,43.350496,7,"1;5;6;7;9;10;13"
Root_6429,0.000000,28.402336,7,"0;5;6;7;9;10;13"
Root_6430,142.574499,47.980096,6,"5;6;7;9;10;13"
Root_6431,0.000000,18.854240,10,"0;1;2;3;4;6;7;9;10;13"
Root_6432,100.640378,39.832000,9,"1;2;3;4;6;7;9;10;13"
Root_6433,0.000000,24.883840,9,"0;2;3;4;6;7;9;10;13"
Root_6434,134.130435,44.461600,8,"2;3;4;6;7;9;10;13"
Root_6435,0.000000,19.780160,9,"0;1;3;4;6;7;9;10;13"
Root_6436,99.092218,40.757920,8,"1;3;4;6;7;9;10;13"
Root_6437,0.000000,25.809760,8,"0;3;4;6;7;9;10;13"
Root_6438,132.969795,45.387520,7,"3;4;6;7;9;10;13"
Root_6439,0.000000,21.467808,9,"0;1;2;4;6;7;9;10;13"
Root_6440,103.042810,41.745568,8,"1;2;4;6;7;9;10;13"
Root_6441,0.691008,26.797408,8,"0;2;4;6;7;9;10;13"
Root_6442,137.908035,46.375168,7,"2;4;6;7;9;10;13"
Root_6443,0.000000,22.393728,8,"0;1;4;6;7;9;10;13"
Root_6444,102.420570,42.671488,7,"1;4;6;7;9;10;13"
Root_6445,0.691008,27.723328,7,"0;4;6;7;9;10;13"
Root_6446,138.211715,47.301088,6,"4;6;7;9;10;13"
Root_6447,0.000000,21.076448,9,"0;1;2;3;6;7;9;10;13"
Root_6448,104.894650,42.054208,8,"1;2;3;6;7;9;10;13"
Root_6449,0.000000,27.106048,8,"0;2;3;6;7;9;10;13"
Root_6450,140.068515,46.683808,7,"2;3;6;7;9;10;13"
Root_6451,0.000000,22.002368,8,"0;1;3;6;7;9;10;13"
Root_6452,104.272410,42.980128,7,"1;3;6;7;9;10;13"
Root_6453,0.000000,28.031968,7,"0;3;6;7;9;10;13"
Root_6454,140.372195,47.609728,6,"3;6;7;9;10;13"
Root_6455,0.000000,23.690016,8,"0;1;2;6;7;9;10;13"
Root_6456,109.210650,43.967776,7,"1;2;6;7;9;10;13"
Root_6457,0.691008,29.019616,7,"0;2;6;7;9;10;13"
Root_6458,147.492835,48.597376,6,"2;6;7;9;10;13"
Root_6459,0.000000,24.615936,7,"0;1;6;7;9;10;13"
Root_6460,109.514330,44.893696,6,"1;6;7;9;10;13"
Root_6461,0.691008,29.945536,6,"0;6;7;9;10;13"
Root_6462,150.574275,49.523296,5,"6;7;9;10;13"
Root_6463,0.000000,19.736950,10,"0;1;2;3;4;5;7;9;10;13"
Root_6464,104.769974,40.714710,9,"1;2;3;4;5;7;9;10;13"
Root_6465,0.000000,25.766550,9,"0;2;3;4;5;7;9;10;13"
Root_6466,138.233974,45.344310,8,"2;3;4;5;7;9;10;13"
Root_6467,0.000000,20.662870,9,"0;1;3;4;5;7;9;10;13"
Root_6468,103.221814,41.640630,8,"1;3;4;5;7;9;10;13"
Root_6469,0.000000,26.692470,8,"0;3;4;5;7;9;10;13"
Root_6470,137.611734,46.270230,7,"3;4;5;7;9;10;13"
Root_6471,0.000000,22.350518,9,"0;1;2;4;5;7;9;10;13"
Root_6472,107.172406,42.628278,8,"1;2;4;5;7;9;10;13"
Root_6473,2.456429,27.680118,8,"0;2;4;5;7;9;10;13"
Root_6474,143.178221,47.257878,7,"2;4;5;7;9;10;13"
Root_6475,0.000000,23.276438,8,"0;1;4;5;7;9;10;13"
Root_6476,106.550166,43.554198,7,"1;4;5;7;9;10;13"
Root_6477,2.456429,28.606038,7,"0;4;5;7;9;10;13"
Root_6478,144.591619,48.183798,6,"4;5;7;9;10;13"
Root_6479,0.000000,21.959158,9,"0;1;2;3;5;7;9;10;13"
Root_6480,109.332886,42.936918,8,"1;2;3;5;7;9;10;13"
Root_6481,0.000000,27.988758,8,"0;2;3;5;7;9;10;13"
Root_6482,145.955981,47.566518,7,"2;3;5;7;9;10;13"
Root_6483,0.000000,22.885078,8,"0;1;3;5;7;9;10;13"
Root_6484,108.710646,43.862838,7,"1;3;5;7;9;10;13"
Root_6485,0.000000,28.914678,7,"0;3;5;7;9;10;13"
Root_6486,147.678019,48.492438,6,"3;5;7;9;10;13"
Root_6487,0.000000,24.572726,8,"0;1;2;5;7;9;10;13"
Root_6488,114.019254,44.850486,7,"1;2;5;7;9;10;13"
Root_6489,2.456429,29.902326,7,"0;2;5;7;9;10;13"
Root_6490,155.949571,49.480086,6,"2;5;7;9;10;13"
Root_6491,0.000000,25.498646,7,"0;1;5;7;9;10;13"
Root_6492,115.099341,45.776406,6,"1;5;7;9;10;13"
Root_6493,2.456429,30.828246,6,"0;5;7;9;10;13"
Root_6494,159.031011,50.406006,5,"5;7;9;10;13"
Root_6495,0.000000,21.280150,9,"0;1;2;3;4;7;9;10;13"
Root_6496,111.062656,42.257910,8,"1;2;3;4;7;9;10;13"
Root_6497,2.783395,27.309750,8,"0;2;3;4;7;9;10;13"
Root_6498,141.810624,46.887510,7,"2;3;4;7;9;10;13"
Root_6499,0.000000,22.206070,8,"0;1;3;4;7;9;10;13"
Root_6500,109.514496,43.183830,7,"1;3;4;7;9;10;13"
Root_6501,2.783395,28.235670,7,"0;3;4;7;9;10;13"
Root_6502,142.001814,47.813430,6,"3;4;7;9;10;13"
Root_6503,0.000000,23.893718,8,"0;1;2;4;7;9;10;13"
Root_6504,113.465088,44.171478,7,"1;2;4;7;9;10;13"
Root_6505,6.055011,29.223318,7,"0;2;4;7;9;10;13"
Root_6506,149.529859,48.801078,6,"2;4;7;9;10;13"
Root_6507,0.000000,24.819638,7,"0;1;4;7;9;10;13"
Root_6508,112.940246,45.097398,6,"1;4;7;9;10;13"
Root_6509,6.055011,30.149238,6,"0;4;7;9;10;13"
Root_6510,152.611299,49.726998,5,"4;7;9;10;13"
Root_6511,0.000000,23.502358,8,"0;1;2;3;7;9;10;13"
Root_6512,115.316928,44.480118,7,"1;2;3;7;9;10;13"
Root_6513,2.783395,29.531958,7,"0;2;3;7;9;10;13"
Root_6514,152.616259,49.109718,6,"2;3;7;9;10;13"
Root_6515,0.000000,24.428278,7,"0;1;3;7;9;10;13"
Root_6516,115.100726,45.406038,6,"1;3;7;9;10;13"
Root_6517,2.783395,30.457878,6,"0;3;7;9;10;13"
Root_6518,155.697699,50.035638,5,"3;7;9;10;13"
Root_6519,0.000000,26.115926,7,"0;1;2;7;9;10;13"
Root_6520,121.026614,46.393686,6,"1;2;7;9;10;13"
Root_6521,6.826458,31.445526,6,"0;2;7;9;10;13"
Root_6522,164.609818,51.023286,5,"2;7;9;10;13"
Root_6523,0.000000,27.041846,6,"0;1;7;9;10;13"
Root_6524,122.575821,47.319606,5,"1;7;9;10;13"
Root_6525,6.055011,32.371446,5,"0;7;9;10;13"
Root_6526,169.543098,51.949206,4,"7;9;10;13"
Root_6527,0.000000,21.035712,10,"0;1;2;3;4;5;6;9;10;13"
Root_6528,110.621795,41.313472,9,"1;2;3;4;5;6;9;10;13"
Root_6529,0.332960,26.365312,9,"0;2;3;4;5;6;9;10;13"
Root_6530,145.054925,45.943072,8,"2;3;4;5;6;9;10;13"
Root_6531,0.000000,21.961632,9,"0;1;3;4;5;6;9;10;13"
Root_6532,109.073635,42.239392,8,"1;3;4;5;6;9;10;13"
Root_6533,0.332960,27.291232,8,"0;3;4;5;6;9;10;13"
Root_6534,144.432685,46.868992,7,"3;4;5;6;9;10;13"
Root_6535,0.000000,22.949280,9,"0;1;2;4;5;6;9;10;13"
Root_6536,113.394595,43.227040,8,"1;2;4;5;6;9;10;13"
Root_6537,3.653952,28.278880,8,"0;2;4;5;6;9;10;13"
Root_6538,149.741293,47.856640,7,"2;4;5;6;9;10;13"
Root_6539,0.000000,23.875200,8,"0;1;4;5;6;9;10;13"
Root_6540,112.772355,44.152960,7,"1;4;5;6;9;10;13"
Root_6541,3.653952,29.204800,7,"0;4;5;6;9;10;13"
Root_6542,151.610093,48.782560,6,"4;5;6;9;10;13"
Root_6543,0.000000,23.257920,9,"0;1;2;3;5;6;9;10;13"
Root_6544,115.555075,43.535680,8,"1;2;3;5;6;9;10;13"
Root_6545,0.332960,28.587520,8,"0;2;3;5;6;9;10;13"
Root_6546,152.540973,48.165280,7,"2;3;5;6;9;10;13"
Root_6547,0.000000,24.183840,8,"0;1;3;5;6;9;10;13"
Root_6548,114.932835,44.461600,7,"1;3;5;6;9;10;13"
Root_6549,0.332960,29.513440,7,"0;3;5;6;9;10;13"
Root_6550,154.696493,49.091200,6,"3;5;6;9;10;13"
Root_6551,0.000000,25.171488,8,"0;1;2;5;6;9;10;13"
Root_6552,120.690691,45.449248,7,"1;2;5;6;9;10;13"
Root_6553,3.653952,30.501088,7,"0;2;5;6;9;10;13"
Root_6554,162.968045,50.078848,6,"2;5;6;9;10;13"
Root_6555,0.000000,26.097408,7,"0;1;5;6;9;10;13"
Root_6556,121.920291,46.375168,6,"1;5;6;9;10;13"
Root_6557,3.653952,31.427008,6,"0;5;6;9;10;13"
Root_6558,166.054253,51.004768,5,"5;6;9;10;13"
Root_6559,0.000000,22.578912,9,"0;1;2;3;4;6;9;10;13"
Root_6560,116.686083,42.856672,8,"1;2;3;4;6;9;10;13"
Root_6561,4.585622,27.908512,8,"0;2;3;4;6;9;10;13"
Root_6562,148.032813,47.486272,7,"2;3;4;6;9;10;13"
Root_6563,0.000000,23.504832,8,"0;1;3;4;6;9;10;13"
Root_6564,115.137923,43.782592,7,"1;3;4;6;9;10;13"
Root_6565,4.585622,28.834432,7,"0;3;4;6;9;10;13"
Root_6566,148.647149,48.412192,6,"3;4;6;9;10;13"
Root_6567,0.000000,24.492480,8,"0;1;2;4;6;9;10;13"
Root_6568,119.088515,44.770240,7,"1;2;4;6;9;10;13"
Root_6569,7.857238,29.822080,7,"0;2;4;6;9;10;13"
Root_6570,156.548333,49.399840,6,"2;4;6;9;10;13"
Root_6571,0.000000,25.418400,7,"0;1;4;6;9;10;13"
Root_6572,119.162435,45.696160,6,"1;4;6;9;10;13"
Root_6573,7.857238,30.748000,6,"0;4;6;9;10;13"
Root_6574,159.629773,50.325760,5,"4;6;9;10;13"
Root_6575,0.000000,24.801120,8,"0;1;2;3;6;9;10;13"
Root_6576,121.019235,45.078880,7,"1;2;3;6;9;10;13"
Root_6577,4.585622,30.130720,7,"0;2;3;6;9;10;13"
Root_6578,159.634733,49.708480,6,"2;3;6;9;10;13"
Root_6579,0.000000,25.727040,7,"0;1;3;6;9;10;13"
Root_6580,121.322915,46.004800,6,"1;3;6;9;10;13"
Root_6581,4.585622,31.056640,6,"0;3;6;9;10;13"
Root_6582,162.716173,50.634400,5,"3;6;9;10;13"
Root_6583,0.000000,26.714688,7,"0;1;2;6;9;10;13"
Root_6584,127.248803,46.992448,6,"1;2;6;9;10;13"
Root_6585,9.227446,32.044288,6,"0;2;6;9;10;13"
Root_6586,172.227053,51.622048,5,"2;6;9;10;13"
Root_6587,0.000000,27.640608,6,"0;1;6;9;10;13"
Root_6588,128.478403,47.918368,5,"1;6;9;10;13"
Root_6589,7.857238,32.970208,5,"0;6;9;10;13"
Root_6590,177.160333,52.547968,4,"6;9;10;13"
Root_6591,0.000000,23.461622,9,"0;1;2;3;4;5;9;10;13"
Root_6592,120.445312,43.739382,8,"1;2;3;4;5;9;10;13"
Root_6593,7.277187,28.791222,8,"0;2;3;4;5;9;10;13"
Root_6594,154.781699,48.368982,7,"2;3;4;5;9;10;13"
Root_6595,0.000000,24.387542,8,"0;1;3;4;5;9;10;13"
Root_6596,118.897152,44.665302,7,"1;3;4;5;9;10;13"
Root_6597,7.277187,29.717142,7,"0;3;4;5;9;10;13"
Root_6598,156.937219,49.294902,6,"3;4;5;9;10;13"
Root_6599,0.000000,25.375190,8,"0;1;2;4;5;9;10;13"
Root_6600,123.871062,45.652950,7,"1;2;4;5;9;10;13"
Root_6601,10.992880,30.704790,7,"0;2;4;5;9;10;13"
Root_6602,165.208771,50.282550,6,"2;4;5;9;10;13"
Root_6603,0.000000,26.301110,7,"0;1;4;5;9;10;13"
Root_6604,124.174742,46.578870,6,"1;4;5;9;10;13"
Root_6605,10.962170,31.630710,6,"0;4;5;9;10;13"
Root_6606,168.498682,51.208470,5,"4;5;9;10;13"
Root_6607,0.000000,25.683830,8,"0;1;2;3;5;9;10;13"
Root_6608,126.340182,45.961590,7,"1;2;3;5;9;10;13"
Root_6609,7.616538,31.013430,7,"0;2;3;5;9;10;13"
Root_6610,168.603811,50.591190,6,"2;3;5;9;10;13"
Root_6611,0.000000,26.609750,7,"0;1;3;5;9;10;13"
Root_6612,126.643862,46.887510,6,"1;3;5;9;10;13"
Root_6613,7.277187,31.939350,6,"0;3;5;9;10;13"
Root_6614,172.202362,51.517110,5,"3;5;9;10;13"
Root_6615,0.000000,27.597398,7,"0;1;2;5;9;10;13"
Root_6616,133.815277,47.875158,6,"1;2;5;9;10;13"
Root_6617,13.215088,32.926998,6,"0;2;5;9;10;13"
Root_6618,182.449210,52.504758,5,"2;5;9;10;13"
Root_6619,0.000000,28.523318,6,"0;1;5;9;10;13"
Root_6620,137.572954,48.801078,5,"1;5;9;10;13"
Root_6621,11.815088,33.852918,5,"0;5;9;10;13"
Root_6622,187.382490,53.430678,4,"5;9;10;13"
Root_6623,0.000000,25.004822,8,"0;1;2;3;4;9;10;13"
Root_6624,124.366272,45.282582,7,"1;2;3;4;9;10;13"
Root_6625,14.530074,30.334422,7,"0;2;3;4;9;10;13"
Root_6626,161.875459,49.912182,6,"2;3;4;9;10;13"
Root_6627,0.000000,25.930742,7,"0;1;3;4;9;10;13"
Root_6628,123.744032,46.208502,6,"1;3;4;9;10;13"
Root_6629,14.530074,31.260342,6,"0;3;4;9;10;13"
Root_6630,164.956899,50.838102,5,"3;4;9;10;13"
Root_6631,0.932973,26.918390,7,"0;1;2;4;9;10;13"
Root_6632,128.878422,47.196150,6,"1;2;4;9;10;13"
Root_6633,20.116336,32.247990,6,"0;2;4;9;10;13"
Root_6634,174.671482,51.825750,5,"2;4;9;10;13"
Root_6635,0.932973,27.844310,6,"0;1;4;9;10;13"
Root_6636,130.474234,48.122070,5,"1;4;9;10;13"
Root_6637,18.716336,33.173910,5,"0;4;9;10;13"
Root_6638,179.604762,52.751670,4,"4;9;10;13"
Root_6639,0.000000,27.227030,7,"0;1;2;3;9;10;13"
Root_6640,131.347542,47.504790,6,"1;2;3;9;10;13"
Root_6641,16.412624,32.556630,6,"0;2;3;9;10;13"
Root_6642,178.375162,52.134390,5,"2;3;9;10;13"
Root_6643,0.000000,28.152950,6,"0;1;3;9;10;13"
Root_6644,133.869274,48.430710,5,"1;3;9;10;13"
Root_6645,15.012624,33.482550,5,"0;3;9;10;13"
Root_6646,183.308442,53.060310,4,"3;9;10;13"
Root_6647,0.932973,29.140598,6,"0;1;2;9;10;13"
Root_6648,143.745754,49.418358,5,"1;2;9;10;13"
Root_6649,22.308912,34.470198,5,"0;2;9;10;13"
Root_6650,194.172570,54.047958,4,"2;9;10;13"
Root_6651,0.932973,30.066518,5,"0;1;9;10;13"
Root_6652,148.679034,50.344278,4,"1;9;10;13"
Root_6653,19.834832,35.396118,4,"0;9;10;13"
Root_6654,200.031770,54.973878,3,"9;10;13"
Root_6655,0.000000,15.974016,11,"0;1;2;3;4;5;6;7;8;10;13"
Root_6656,67.781242,36.251776,10,"1;2;3;4;5;6;7;8;10;13"
Root_6657,0.000000,21.303616,10,"0;2;3;4;5;6;7;8;10;13"
Root_6658,105.937891,40.881376,9,"2;3;4;5;6;7;8;10;13"
Root_6659,0.000000,16.899936,10,"0;1;3;4;5;6;7;8;10;13"
Root_6660,65.484858,37.177696,9,"1;3;4;5;6;7;8;10;13"
Root_6661,0.000000,22.229536,9,"0;3;4;5;6;7;8;10;13"
Root_6662,105.315651,41.807296,8,"3;4;5;6;7;8;10;13"
Root_6663,0.000000,17.887584,10,"0;1;2;4;5;6;7;8;10;13"
Root_6664,72.270106,38.165344,9,"1;2;4;5;6;7;8;10;13"
Root_6665,0.000000,23.217184,9,"0;2;4;5;6;7;8;10;13"
Root_6666,110.300675,42.794944,8,"2;4;5;6;7;8;10;13"
Root_6667,0.000000,18.813504,9,"0;1;4;5;6;7;8;10;13"
Root_6668,70.813210,39.091264,8,"1;4;5;6;7;8;10;13"
Root_6669,0.000000,24.143104,8,"0;4;5;6;7;8;10;13"
Root_6670,110.604355,43.720864,7,"4;5;6;7;8;10;13"
Root_6671,0.000000,18.196224,10,"0;1;2;3;5;6;7;8;10;13"
Root_6672,71.287290,38.473984,9,"1;2;3;5;6;7;8;10;13"
Root_6673,0.000000,23.525824,9,"0;2;3;5;6;7;8;10;13"
Root_6674,112.769795,43.103584,8,"2;3;5;6;7;8;10;13"
Root_6675,0.000000,19.122144,9,"0;1;3;5;6;7;8;10;13"
Root_6676,71.064954,39.399904,8,"1;3;5;6;7;8;10;13"
Root_6677,0.000000,24.451744,8,"0;3;5;6;7;8;10;13"
Root_6678,113.073475,44.029504,7,"3;5;6;7;8;10;13"
Root_6679,0.000000,20.109792,9,"0;1;2;5;6;7;8;10;13"
Root_6680,77.603290,40.387552,8,"1;2;5;6;7;8;10;13"
Root_6681,0.000000,25.439392,8,"0;2;5;6;7;8;10;13"
Root_6682,119.369731,45.017152,7,"2;5;6;7;8;10;13"
Root_6683,0.000000,21.035712,8,"0;1;5;6;7;8;10;13"
Root_6684,78.220442,41.313472,7,"1;5;6;7;8;10;13"
Root_6685,0.000000,26.365312,7,"0;5;6;7;8;10;13"
Root_6686,120.599331,45.943072,6,"5;6;7;8;10;13"
Root_6687,0.000000,17.517216,10,"0;1;2;3;4;6;7;8;10;13"
Root_6688,76.739258,37.794976,9,"1;2;3;4;6;7;8;10;13"
Root_6689,0.000000,22.846816,9,"0;2;3;4;6;7;8;10;13"
Root_6690,113.653891,42.424576,8,"2;3;4;6;7;8;10;13"
Root_6691,0.000000,18.443136,9,"0;1;3;4;6;7;8;10;13"
Root_6692,75.191098,38.720896,8,"1;3;4;6;7;8;10;13"
Root_6693,0.000000,23.772736,8,"0;3;4;6;7;8;10;13"
Root_6694,113.031651,43.350496,7,"3;4;6;7;8;10;13"
Root_6695,0.000000,19.430784,9,"0;1;2;4;6;7;8;10;13"
Root_6696,81.141690,39.708544,8,"1;2;4;6;7;8;10;13"
Root_6697,0.000000,24.760384,8,"0;2;4;6;7;8;10;13"
Root_6698,117.969891,44.338144,7,"2;4;6;7;8;10;13"
Root_6699,0.000000,20.356704,8,"0;1;4;6;7;8;10;13"
Root_6700,80.519450,40.634464,7,"1;4;6;7;8;10;13"
Root_6701,0.000000,25.686304,7,"0;4;6;7;8;10;13"
Root_6702,118.273571,45.264064,6,"4;6;7;8;10;13"
Root_6703,0.000000,19.739424,9,"0;1;2;3;6;7;8;10;13"
Root_6704,82.010714,40.017184,8,"1;2;3;6;7;8;10;13"
Root_6705,0.000000,25.069024,8,"0;2;3;6;7;8;10;13"
Root_6706,120.130371,44.646784,7,"2;3;6;7;8;10;13"
Root_6707,0.000000,20.665344,8,"0;1;3;6;7;8;10;13"
Root_6708,82.314394,40.943104,7,"1;3;6;7;8;10;13"
Root_6709,0.000000,25.994944,7,"0;3;6;7;8;10;13"
Root_6710,120.434051,45.572704,6,"3;6;7;8;10;13"
Root_6711,0.000000,21.652992,8,"0;1;2;6;7;8;10;13"
Root_6712,88.240282,41.930752,7,"1;2;6;7;8;10;13"
Root_6713,0.000000,26.982592,7,"0;2;6;7;8;10;13"
Root_6714,126.359939,46.560352,6,"2;6;7;8;10;13"
Root_6715,0.000000,22.578912,7,"0;1;6;7;8;10;13"
Root_6716,89.469882,42.856672,6,"1;6;7;8;10;13"
Root_6717,0.000000,27.908512,6,"0;6;7;8;10;13"
Root_6718,127.589539,47.486272,5,"6;7;8;10;13"
Root_6719,0.000000,18.399926,10,"0;1;2;3;4;5;7;8;10;13"
Root_6720,81.239222,38.677686,9,"1;2;3;4;5;7;8;10;13"
Root_6721,0.000000,23.729526,9,"0;2;3;4;5;7;8;10;13"
Root_6722,118.295830,43.307286,8,"2;3;4;5;7;8;10;13"
Root_6723,0.000000,19.325846,9,"0;1;3;4;5;7;8;10;13"
Root_6724,80.294669,39.603606,8,"1;3;4;5;7;8;10;13"
Root_6725,0.000000,24.655446,8,"0;3;4;5;7;8;10;13"
Root_6726,117.673590,44.233206,7,"3;4;5;7;8;10;13"
Root_6727,0.000000,20.313494,9,"0;1;2;4;5;7;8;10;13"
Root_6728,85.641654,40.591254,8,"1;2;4;5;7;8;10;13"
Root_6729,0.000000,25.643094,8,"0;2;4;5;7;8;10;13"
Root_6730,122.982198,45.220854,7,"2;4;5;7;8;10;13"
Root_6731,0.000000,21.239414,8,"0;1;4;5;7;8;10;13"
Root_6732,85.536589,41.517174,7,"1;4;5;7;8;10;13"
Root_6733,0.000000,26.569014,7,"0;4;5;7;8;10;13"
Root_6734,123.285878,46.146774,6,"4;5;7;8;10;13"
Root_6735,0.000000,20.622134,9,"0;1;2;3;5;7;8;10;13"
Root_6736,87.636726,40.899894,8,"1;2;3;5;7;8;10;13"
Root_6737,0.000000,25.951734,8,"0;2;3;5;7;8;10;13"
Root_6738,125.451318,45.529494,7,"2;3;5;7;8;10;13"
Root_6739,0.000000,21.548054,8,"0;1;3;5;7;8;10;13"
Root_6740,87.940406,41.825814,7,"1;3;5;7;8;10;13"
Root_6741,0.000000,26.877654,7,"0;3;5;7;8;10;13"
Root_6742,125.754998,46.455414,6,"3;5;7;8;10;13"
Root_6743,0.000000,22.535702,8,"0;1;2;5;7;8;10;13"
Root_6744,93.931597,42.813462,7,"1;2;5;7;8;10;13"
Root_6745,0.000000,27.865302,7,"0;2;5;7;8;10;13"
Root_6746,132.494317,47.443062,6,"2;5;7;8;10;13"
Root_6747,0.000000,23.461622,7,"0;1;5;7;8;10;13"
Root_6748,95.161197,43.739382,6,"1;5;7;8;10;13"
Root_6749,0.000000,28.791222,6,"0;5;7;8;10;13"
Root_6750,135.018819,48.368982,5,"5;7;8;10;13"
Root_6751,0.000000,19.943126,9,"0;1;2;3;4;7;8;10;13"
Root_6752,90.419446,40.220886,8,"1;2;3;4;7;8;10;13"
Root_6753,0.000000,25.272726,8,"0;2;3;4;7;8;10;13"
Root_6754,123.909504,44.850486,7,"2;3;4;7;8;10;13"
Root_6755,0.000000,20.869046,8,"0;1;3;4;7;8;10;13"
Root_6756,89.797206,41.146806,7,"1;3;4;7;8;10;13"
Root_6757,0.000000,26.198646,7,"0;3;4;7;8;10;13"
Root_6758,123.287264,45.776406,6,"3;4;7;8;10;13"
Root_6759,0.000000,21.856694,8,"0;1;2;4;7;8;10;13"
Root_6760,94.735446,42.134454,7,"1;2;4;7;8;10;13"
Root_6761,0.438102,27.186294,7,"0;2;4;7;8;10;13"
Root_6762,128.225504,46.764054,6,"2;4;7;8;10;13"
Root_6763,0.000000,22.782614,7,"0;1;4;7;8;10;13"
Root_6764,95.039126,43.060374,6,"1;4;7;8;10;13"
Root_6765,0.438102,28.112214,6,"0;4;7;8;10;13"
Root_6766,129.219158,47.689974,5,"4;7;8;10;13"
Root_6767,0.000000,22.165334,8,"0;1;2;3;7;8;10;13"
Root_6768,96.895926,42.443094,7,"1;2;3;7;8;10;13"
Root_6769,0.000000,27.494934,7,"0;2;3;7;8;10;13"
Root_6770,130.458678,47.072694,6,"2;3;7;8;10;13"
Root_6771,0.000000,23.091254,7,"0;1;3;7;8;10;13"
Root_6772,97.199606,43.369014,6,"1;3;7;8;10;13"
Root_6773,0.000000,28.420854,6,"0;3;7;8;10;13"
Root_6774,131.688278,47.998614,5,"3;7;8;10;13"
Root_6775,0.000000,24.078902,7,"0;1;2;7;8;10;13"
Root_6776,103.125494,44.356662,6,"1;2;7;8;10;13"
Root_6777,0.438102,29.408502,6,"0;2;7;8;10;13"
Root_6778,140.574339,48.986262,5,"2;7;8;10;13"
Root_6779,0.000000,25.004822,6,"0;1;7;8;10;13"
Root_6780,104.355094,45.282582,5,"1;7;8;10;13"
Root_6781,0.438102,30.334422,5,"0;7;8;10;13"
Root_6782,144.581699,49.912182,4,"7;8;10;13"
Root_6783,0.000000,18.998688,10,"0;1;2;3;4;5;6;8;10;13"
Root_6784,86.950339,39.276448,9,"1;2;3;4;5;6;8;10;13"
Root_6785,0.000000,24.328288,9,"0;2;3;4;5;6;8;10;13"
Root_6786,124.684685,43.906048,8,"2;3;4;5;6;8;10;13"
Root_6787,0.000000,19.924608,9,"0;1;3;4;5;6;8;10;13"
Root_6788,86.328099,40.202368,8,"1;3;4;5;6;8;10;13"
Root_6789,0.000000,25.254208,8,"0;3;4;5;6;8;10;13"
Root_6790,124.062445,44.831968,7,"3;4;5;6;8;10;13"
Root_6791,0.000000,20.912256,9,"0;1;2;4;5;6;8;10;13"
Root_6792,91.266339,41.190016,8,"1;2;4;5;6;8;10;13"
Root_6793,0.000000,26.241856,8,"0;2;4;5;6;8;10;13"
Root_6794,129.371053,45.819616,7,"2;4;5;6;8;10;13"
Root_6795,0.000000,21.838176,8,"0;1;4;5;6;8;10;13"
Root_6796,91.570019,42.115936,7,"1;4;5;6;8;10;13"
Root_6797,0.000000,27.167776,7,"0;4;5;6;8;10;13"
Root_6798,129.674733,46.745536,6,"4;5;6;8;10;13"
Root_6799,0.000000,21.220896,9,"0;1;2;3;5;6;8;10;13"
Root_6800,93.720515,41.498656,8,"1;2;3;5;6;8;10;13"
Root_6801,0.000000,26.550496,8,"0;2;3;5;6;8;10;13"
Root_6802,131.840173,46.128256,7,"2;3;5;6;8;10;13"
Root_6803,0.000000,22.146816,8,"0;1;3;5;6;8;10;13"
Root_6804,94.024195,42.424576,7,"1;3;5;6;8;10;13"
Root_6805,0.000000,27.476416,7,"0;3;5;6;8;10;13"
Root_6806,132.143853,47.054176,6,"3;5;6;8;10;13"
Root_6807,0.000000,23.134464,8,"0;1;2;5;6;8;10;13"
Root_6808,100.320451,43.412224,7,"1;2;5;6;8;10;13"
Root_6809,0.000000,28.464064,7,"0;2;5;6;8;10;13"
Root_6810,138.523757,48.041824,6,"2;5;6;8;10;13"
Root_6811,0.000000,24.060384,7,"0;1;5;6;8;10;13"
Root_6812,101.550051,44.338144,6,"1;5;6;8;10;13"
Root_6813,0.000000,29.389984,6,"0;5;6;8;10;13"
Root_6814,141.605197,48.967744,5,"5;6;8;10;13"
Root_6815,0.000000,20.541888,9,"0;1;2;3;4;6;8;10;13"
Root_6816,96.209539,40.819648,8,"1;2;3;4;6;8;10;13"
Root_6817,0.005942,25.871488,8,"0;2;3;4;6;8;10;13"
Root_6818,129.699597,45.449248,7,"2;3;4;6;8;10;13"
Root_6819,0.000000,21.467808,8,"0;1;3;4;6;8;10;13"
Root_6820,95.587299,41.745568,7,"1;3;4;6;8;10;13"
Root_6821,0.005942,26.797408,7,"0;3;4;6;8;10;13"
Root_6822,129.077357,46.375168,6,"3;4;6;8;10;13"
Root_6823,0.000000,22.455456,8,"0;1;2;4;6;8;10;13"
Root_6824,100.525539,42.733216,7,"1;2;4;6;8;10;13"
Root_6825,1.042806,27.785056,7,"0;2;4;6;8;10;13"
Root_6826,134.015597,47.362816,6,"2;4;6;8;10;13"
Root_6827,0.000000,23.381376,7,"0;1;4;6;8;10;13"
Root_6828,100.829219,43.659136,6,"1;4;6;8;10;13"
Root_6829,1.042806,28.710976,6,"0;4;6;8;10;13"
Root_6830,135.185485,48.288736,5,"4;6;8;10;13"
Root_6831,0.000000,22.764096,8,"0;1;2;3;6;8;10;13"
Root_6832,102.686019,43.041856,7,"1;2;3;6;8;10;13"
Root_6833,0.005942,28.093696,7,"0;2;3;6;8;10;13"
Root_6834,136.176077,47.671456,6,"2;3;6;8;10;13"
Root_6835,0.000000,23.690016,7,"0;1;3;6;8;10;13"
Root_6836,102.989699,43.967776,6,"1;3;6;8;10;13"
Root_6837,0.005942,29.019616,6,"0;3;6;8;10;13"
Root_6838,138.271885,48.597376,5,"3;6;8;10;13"
Root_6839,0.000000,24.677664,7,"0;1;2;6;8;10;13"
Root_6840,108.915587,44.955424,6,"1;2;6;8;10;13"
Root_6841,1.042806,30.007264,6,"0;2;6;8;10;13"
Root_6842,147.160717,49.585024,5,"2;6;8;10;13"
Root_6843,0.000000,25.603584,6,"0;1;6;8;10;13"
Root_6844,110.145187,45.881344,5,"1;6;8;10;13"
Root_6845,1.042806,30.933184,5,"0;6;8;10;13"
Root_6846,151.168077,50.510944,4,"6;8;10;13"
Root_6847,0.000000,21.424598,9,"0;1;2;3;4;5;8;10;13"
Root_6848,100.851478,41.702358,8,"1;2;3;4;5;8;10;13"
Root_6849,0.468749,26.754198,8,"0;2;3;4;5;8;10;13"
Root_6850,134.341536,46.331958,7,"2;3;4;5;8;10;13"
Root_6851,0.000000,22.350518,8,"0;1;3;4;5;8;10;13"
Root_6852,100.229238,42.628278,7,"1;3;4;5;8;10;13"
Root_6853,0.468749,27.680118,7,"0;3;4;5;8;10;13"
Root_6854,133.977174,47.257878,6,"3;4;5;8;10;13"
Root_6855,0.000000,23.338166,8,"0;1;2;4;5;8;10;13"
Root_6856,105.537846,43.615926,7,"1;2;4;5;8;10;13"
Root_6857,2.524131,28.667766,7,"0;2;4;5;8;10;13"
Root_6858,140.764483,48.245526,6,"2;4;5;8;10;13"
Root_6859,0.000000,24.264086,7,"0;1;4;5;8;10;13"
Root_6860,105.841526,44.541846,6,"1;4;5;8;10;13"
Root_6861,2.524131,29.593686,6,"0;4;5;8;10;13"
Root_6862,143.845923,49.171446,5,"4;5;8;10;13"
Root_6863,0.000000,23.646806,8,"0;1;2;3;5;8;10;13"
Root_6864,108.006966,43.924566,7,"1;2;3;5;8;10;13"
Root_6865,0.468749,28.976406,7,"0;2;3;5;8;10;13"
Root_6866,144.159523,48.554166,6,"2;3;5;8;10;13"
Root_6867,0.000000,24.572726,7,"0;1;3;5;8;10;13"
Root_6868,108.310646,44.850486,6,"1;3;5;8;10;13"
Root_6869,0.468749,29.902326,6,"0;3;5;8;10;13"
Root_6870,147.240963,49.480086,5,"3;5;8;10;13"
Root_6871,0.000000,25.560374,7,"0;1;2;5;8;10;13"
Root_6872,114.606902,45.838134,6,"1;2;5;8;10;13"
Root_6873,2.740026,30.889974,6,"0;2;5;8;10;13"
Root_6874,156.500163,50.467734,5,"2;5;8;10;13"
Root_6875,0.000000,26.486294,6,"0;1;5;8;10;13"
Root_6876,115.836502,46.764054,5,"1;5;8;10;13"
Root_6877,2.524131,31.815894,5,"0;5;8;10;13"
Root_6878,160.901178,51.393654,4,"5;8;10;13"
Root_6879,0.000000,22.967798,8,"0;1;2;3;4;8;10;13"
Root_6880,108.070080,43.245558,7,"1;2;3;4;8;10;13"
Root_6881,3.555149,28.297398,7,"0;2;3;4;8;10;13"
Root_6882,137.805696,47.875158,6,"2;3;4;8;10;13"
Root_6883,0.000000,23.893718,7,"0;1;3;4;8;10;13"
Root_6884,107.447840,44.171478,6,"1;3;4;8;10;13"
Root_6885,3.555149,29.223318,6,"0;3;4;8;10;13"
Root_6886,140.512611,48.801078,5,"3;4;8;10;13"
Root_6887,0.000000,24.881366,7,"0;1;2;4;8;10;13"
Root_6888,112.386080,45.159126,6,"1;2;4;8;10;13"
Root_6889,7.153731,30.210966,6,"0;2;4;8;10;13"
Root_6890,149.401443,49.788726,5,"2;4;8;10;13"
Root_6891,0.000000,25.807286,6,"0;1;4;8;10;13"
Root_6892,112.689760,46.085046,5,"1;4;8;10;13"
Root_6893,7.153731,31.136886,5,"0;4;8;10;13"
Root_6894,153.408803,50.714646,4,"4;8;10;13"
Root_6895,0.000000,25.190006,7,"0;1;2;3;8;10;13"
Root_6896,114.546560,45.467766,6,"1;2;3;8;10;13"
Root_6897,3.555149,30.519606,6,"0;2;3;8;10;13"
Root_6898,152.796483,50.097366,5,"2;3;8;10;13"
Root_6899,0.000000,26.115926,6,"0;1;3;8;10;13"
Root_6900,114.850240,46.393686,5,"1;3;8;10;13"
Root_6901,3.555149,31.445526,5,"0;3;8;10;13"
Root_6902,156.827130,51.023286,4,"3;8;10;13"
Root_6903,0.000000,27.103574,6,"0;1;2;8;10;13"
Root_6904,121.157462,47.381334,5,"1;2;8;10;13"
Root_6905,8.912826,32.433174,5,"0;2;8;10;13"
Root_6906,167.691258,52.010934,4,"2;8;10;13"
Root_6907,0.000000,28.029494,5,"0;1;8;10;13"
Root_6908,124.234746,48.307254,4,"1;8;10;13"
Root_6909,7.512826,33.359094,4,"0;8;10;13"
Root_6910,173.550458,52.936854,3,"8;10;13"
Root_6911,0.000000,20.603616,10,"0;1;2;3;4;5;6;7;10;13"
Root_6912,99.937891,40.881376,9,"1;2;3;4;5;6;7;10;13"
Root_6913,0.000000,25.933216,9,"0;2;3;4;5;6;7;10;13"
Root_6914,138.244941,45.510976,8,"2;3;4;5;6;7;10;13"
Root_6915,0.000000,21.529536,9,"0;1;3;4;5;6;7;10;13"
Root_6916,99.315651,41.807296,8,"1;3;4;5;6;7;10;13"
Root_6917,0.000000,26.859136,8,"0;3;4;5;6;7;10;13"
Root_6918,138.548621,46.436896,7,"3;4;5;6;7;10;13"
Root_6919,0.000000,22.517184,9,"0;1;2;4;5;6;7;10;13"
Root_6920,104.300675,42.794944,8,"1;2;4;5;6;7;10;13"
Root_6921,1.098592,27.846784,8,"0;2;4;5;6;7;10;13"
Root_6922,144.844877,47.424544,7,"2;4;5;6;7;10;13"
Root_6923,0.000000,23.443104,8,"0;1;4;5;6;7;10;13"
Root_6924,104.604355,43.720864,7,"1;4;5;6;7;10;13"
Root_6925,1.098592,28.772704,7,"0;4;5;6;7;10;13"
Root_6926,146.424941,48.350464,6,"4;5;6;7;10;13"
Root_6927,0.000000,22.825824,9,"0;1;2;3;5;6;7;10;13"
Root_6928,106.769795,43.103584,8,"1;2;3;5;6;7;10;13"
Root_6929,0.000000,28.155424,8,"0;2;3;5;6;7;10;13"
Root_6930,147.622637,47.733184,7,"2;3;5;6;7;10;13"
Root_6931,0.000000,23.751744,8,"0;1;3;5;6;7;10;13"
Root_6932,107.073475,44.029504,7,"1;3;5;6;7;10;13"
Root_6933,0.000000,29.081344,7,"0;3;5;6;7;10;13"
Root_6934,149.511341,48.659104,6,"3;5;6;7;10;13"
Root_6935,0.000000,24.739392,8,"0;1;2;5;6;7;10;13"
Root_6936,113.386883,45.017152,7,"1;2;5;6;7;10;13"
Root_6937,1.098592,30.068992,7,"0;2;5;6;7;10;13"
Root_6938,157.782893,49.646752,6,"2;5;6;7;10;13"
Root_6939,0.000000,25.665312,7,"0;1;5;6;7;10;13"
Root_6940,115.542403,45.943072,6,"1;5;6;7;10;13"
Root_6941,1.098592,30.994912,6,"0;5;6;7;10;13"
Root_6942,160.864333,50.572672,5,"5;6;7;10;13"
Root_6943,0.000000,22.146816,9,"0;1;2;3;4;6;7;10;13"
Root_6944,107.653891,42.424576,8,"1;2;3;4;6;7;10;13"
Root_6945,0.728224,27.476416,8,"0;2;3;4;6;7;10;13"
Root_6946,143.198125,47.054176,7,"2;3;4;6;7;10;13"
Root_6947,0.000000,23.072736,8,"0;1;3;4;6;7;10;13"
Root_6948,107.031651,43.350496,7,"1;3;4;6;7;10;13"
Root_6949,0.728224,28.402336,7,"0;3;4;6;7;10;13"
Root_6950,143.501805,47.980096,6,"3;4;6;7;10;13"
Root_6951,0.000000,24.060384,8,"0;1;2;4;6;7;10;13"
Root_6952,111.969891,44.338144,7,"1;2;4;6;7;10;13"
Root_6953,3.505824,29.389984,7,"0;2;4;6;7;10;13"
Root_6954,151.363181,48.967744,6,"2;4;6;7;10;13"
Root_6955,0.000000,24.986304,7,"0;1;4;6;7;10;13"
Root_6956,112.537635,45.264064,6,"1;4;6;7;10;13"
Root_6957,3.505824,30.315904,6,"0;4;6;7;10;13"
Root_6958,154.444621,49.893664,5,"4;6;7;10;13"
Root_6959,0.000000,24.369024,8,"0;1;2;3;6;7;10;13"
Root_6960,114.130371,44.646784,7,"1;2;3;6;7;10;13"
Root_6961,0.728224,29.698624,7,"0;2;3;6;7;10;13"
Root_6962,154.449581,49.276384,6,"2;3;6;7;10;13"
Root_6963,0.000000,25.294944,7,"0;1;3;6;7;10;13"
Root_6964,115.006755,45.572704,6,"1;3;6;7;10;13"
Root_6965,0.728224,30.624544,6,"0;3;6;7;10;13"
Root_6966,157.531021,50.202304,5,"3;6;7;10;13"
Root_6967,0.000000,26.282592,7,"0;1;2;6;7;10;13"
Root_6968,121.920291,46.560352,6,"1;2;6;7;10;13"
Root_6969,4.443936,31.612192,6,"0;2;6;7;10;13"
Root_6970,166.609805,51.189952,5,"2;6;7;10;13"
Root_6971,0.000000,27.208512,6,"0;1;6;7;10;13"
Root_6972,124.075811,47.486272,5,"1;6;7;10;13"
Root_6973,3.505824,32.538112,5,"0;6;7;10;13"
Root_6974,171.543085,52.115872,4,"6;7;10;13"
Root_6975,0.000000,23.029526,9,"0;1;2;3;4;5;7;10;13"
Root_6976,112.295830,43.307286,8,"1;2;3;4;5;7;10;13"
Root_6977,1.610934,28.359126,8,"0;2;3;4;5;7;10;13"
Root_6978,149.659661,47.936886,7,"2;3;4;5;7;10;13"
Root_6979,0.000000,23.955446,8,"0;1;3;4;5;7;10;13"
Root_6980,111.673590,44.233206,7,"1;3;4;5;7;10;13"
Root_6981,1.610934,29.285046,7,"0;3;4;5;7;10;13"
Root_6982,151.752067,48.862806,6,"3;4;5;7;10;13"
Root_6983,0.000000,24.943094,8,"0;1;2;4;5;7;10;13"
Root_6984,117.203053,45.220854,7,"1;2;4;5;7;10;13"
Root_6985,5.271245,30.272694,7,"0;2;4;5;7;10;13"
Root_6986,160.023619,49.850454,6,"2;4;5;7;10;13"
Root_6987,0.000000,25.869014,7,"0;1;4;5;7;10;13"
Root_6988,118.432653,46.146774,6,"1;4;5;7;10;13"
Root_6989,5.271245,31.198614,6,"0;4;5;7;10;13"
Root_6990,163.105059,50.776374,5,"4;5;7;10;13"
Root_6991,0.000000,25.251734,8,"0;1;2;3;5;7;10;13"
Root_6992,119.980813,45.529494,7,"1;2;3;5;7;10;13"
Root_6993,1.610934,30.581334,7,"0;2;3;5;7;10;13"
Root_6994,163.418659,50.159094,6,"2;3;5;7;10;13"
Root_6995,0.000000,26.177654,7,"0;1;3;5;7;10;13"
Root_6996,121.210413,46.455414,6,"1;3;5;7;10;13"
Root_6997,1.610934,31.507254,6,"0;3;5;7;10;13"
Root_6998,166.585114,51.085014,5,"3;5;7;10;13"
Root_6999,0.000000,27.165302,7,"0;1;2;5;7;10;13"
Root_7000,128.937379,47.443062,6,"1;2;5;7;10;13"
Root_7001,7.092067,32.494902,6,"0;2;5;7;10;13"
Root_7002,176.831962,52.072662,5,"2;5;7;10;13"
Root_7003,0.000000,28.091222,6,"0;1;5;7;10;13"
Root_7004,132.387802,48.368982,5,"1;5;7;10;13"
Root_7005,5.692067,33.420822,5,"0;5;7;10;13"
Root_7006,181.765242,52.998582,4,"5;7;10;13"
Root_7007,0.000000,24.572726,8,"0;1;2;3;4;7;10;13"
Root_7008,117.909504,44.850486,7,"1;2;3;4;7;10;13"
Root_7009,5.598211,29.902326,7,"0;2;3;4;7;10;13"
Root_7010,156.690307,49.480086,6,"2;3;4;7;10;13"
Root_7011,0.000000,25.498646,7,"0;1;3;4;7;10;13"
Root_7012,118.063670,45.776406,6,"1;3;4;7;10;13"
Root_7013,5.598211,30.828246,6,"0;3;4;7;10;13"
Root_7014,159.771747,50.406006,5,"3;4;7;10;13"
Root_7015,0.000000,26.486294,7,"0;1;2;4;7;10;13"
Root_7016,123.989558,46.764054,6,"1;2;4;7;10;13"
Root_7017,10.567194,31.815894,6,"0;2;4;7;10;13"
Root_7018,169.054234,51.393654,5,"2;4;7;10;13"
Root_7019,0.000000,27.412214,6,"0;1;4;7;10;13"
Root_7020,125.909133,47.689974,5,"1;4;7;10;13"
Root_7021,9.425379,32.741814,5,"0;4;7;10;13"
Root_7022,173.987514,52.319574,4,"4;7;10;13"
Root_7023,0.000000,26.794934,7,"0;1;2;3;7;10;13"
Root_7024,126.531373,47.072694,6,"1;2;3;7;10;13"
Root_7025,7.048666,32.124534,6,"0;2;3;7;10;13"
Root_7026,172.757914,51.702294,5,"2;3;7;10;13"
Root_7027,0.000000,27.720854,6,"0;1;3;7;10;13"
Root_7028,128.686893,47.998614,5,"1;3;7;10;13"
Root_7029,5.648666,33.050454,5,"0;3;7;10;13"
Root_7030,177.691194,52.628214,4,"3;7;10;13"
Root_7031,0.000000,28.708502,6,"0;1;2;7;10;13"
Root_7032,138.560602,48.986262,5,"1;2;7;10;13"
Root_7033,12.759770,34.038102,5,"0;2;7;10;13"
Root_7034,188.555322,53.615862,4,"2;7;10;13"
Root_7035,0.000000,29.634422,5,"0;1;7;10;13"
Root_7036,143.493882,49.912182,4,"1;7;10;13"
Root_7037,10.321667,34.964022,4,"0;7;10;13"
Root_7038,194.414522,54.541782,3,"7;10;13"
Root_7039,0.000000,23.628288,9,"0;1;2;3;4;5;6;10;13"
Root_7040,118.684685,43.906048,8,"1;2;3;4;5;6;10;13"
Root_7041,2.764896,28.957888,8,"0;2;3;4;5;6;10;13"
Root_7042,156.781686,48.535648,7,"2;3;4;5;6;10;13"
Root_7043,0.000000,24.554208,8,"0;1;3;4;5;6;10;13"
Root_7044,118.062445,44.831968,7,"1;3;4;5;6;10;13"
Root_7045,2.764896,29.883808,7,"0;3;4;5;6;10;13"
Root_7046,158.937206,49.461568,6,"3;4;5;6;10;13"
Root_7047,0.000000,25.541856,8,"0;1;2;4;5;6;10;13"
Root_7048,124.190669,45.819616,7,"1;2;4;5;6;10;13"
Root_7049,6.789440,30.871456,7,"0;2;4;5;6;10;13"
Root_7050,167.208758,50.449216,6,"2;4;5;6;10;13"
Root_7051,0.000000,26.467776,7,"0;1;4;5;6;10;13"
Root_7052,125.420269,46.745536,6,"1;4;5;6;10;13"
Root_7053,6.592064,31.797376,6,"0;4;5;6;10;13"
Root_7054,170.665334,51.375136,5,"4;5;6;10;13"
Root_7055,0.000000,25.850496,8,"0;1;2;3;5;6;10;13"
Root_7056,126.968429,46.128256,7,"1;2;3;5;6;10;13"
Root_7057,3.270912,31.180096,7,"0;2;3;5;6;10;13"
Root_7058,170.603798,50.757856,6,"2;3;5;6;10;13"
Root_7059,0.000000,26.776416,7,"0;1;3;5;6;10;13"
Root_7060,128.198029,47.054176,6,"1;3;5;6;10;13"
Root_7061,2.764896,32.106016,6,"0;3;5;6;10;13"
Root_7062,174.369014,51.683776,5,"3;5;6;10;13"
Root_7063,0.000000,27.764064,7,"0;1;2;5;6;10;13"
Root_7064,135.565581,48.041824,6,"1;2;5;6;10;13"
Root_7065,8.982016,33.093664,6,"0;2;5;6;10;13"
Root_7066,184.615862,52.671424,5,"2;5;6;10;13"
Root_7067,0.000000,28.689984,6,"0;1;5;6;10;13"
Root_7068,139.572941,48.967744,5,"1;5;6;10;13"
Root_7069,7.488352,34.019584,5,"0;5;6;10;13"
Root_7070,189.549142,53.597344,4,"5;6;10;13"
Root_7071,0.000000,25.171488,8,"0;1;2;3;4;6;10;13"
Root_7072,124.148845,45.449248,7,"1;2;3;4;6;10;13"
Root_7073,7.400438,30.501088,7,"0;2;3;4;6;10;13"
Root_7074,163.875446,50.078848,6,"2;3;4;6;10;13"
Root_7075,0.000000,26.097408,7,"0;1;3;4;6;10;13"
Root_7076,124.452525,46.375168,6,"1;3;4;6;10;13"
Root_7077,7.400438,31.427008,6,"0;3;4;6;10;13"
Root_7078,166.961654,51.004768,5,"3;4;6;10;13"
Root_7079,0.336864,27.085056,7,"0;1;2;4;6;10;13"
Root_7080,130.378413,47.362816,6,"1;2;4;6;10;13"
Root_7081,12.968182,32.414656,6,"0;2;4;6;10;13"
Root_7082,176.838134,51.992416,5,"2;4;6;10;13"
Root_7083,0.336864,28.010976,6,"0;1;4;6;10;13"
Root_7084,132.474221,48.288736,5,"1;4;6;10;13"
Root_7085,11.568182,33.340576,5,"0;4;6;10;13"
Root_7086,181.771414,52.918336,4,"4;6;10;13"
Root_7087,0.000000,27.393696,7,"0;1;2;3;6;10;13"
Root_7088,132.847533,47.671456,6,"1;2;3;6;10;13"
Root_7089,9.449654,32.723296,6,"0;2;3;6;10;13"
Root_7090,180.541814,52.301056,5,"2;3;6;10;13"
Root_7091,0.000000,28.319616,6,"0;1;3;6;10;13"
Root_7092,135.869261,48.597376,5,"1;3;6;10;13"
Root_7093,8.049654,33.649216,5,"0;3;6;10;13"
Root_7094,185.475094,53.226976,4,"3;6;10;13"
Root_7095,0.336864,29.307264,6,"0;1;2;6;10;13"
Root_7096,145.745741,49.585024,5,"1;2;6;10;13"
Root_7097,15.160758,34.636864,5,"0;2;6;10;13"
Root_7098,196.339222,54.214624,4,"2;6;10;13"
Root_7099,0.336864,30.233184,5,"0;1;6;10;13"
Root_7100,150.679021,50.510944,4,"1;6;10;13"
Root_7101,12.686678,35.562784,4,"0;6;10;13"
Root_7102,202.198422,55.140544,3,"6;10;13"
Root_7103,0.000000,26.054198,8,"0;1;2;3;4;5;10;13"
Root_7104,129.673494,46.331958,7,"1;2;3;4;5;10;13"
Root_7105,11.215120,31.383798,7,"0;2;3;4;5;10;13"
Root_7106,173.048227,50.961558,6,"2;3;4;5;10;13"
Root_7107,0.000000,26.980118,7,"0;1;3;4;5;10;13"
Root_7108,130.235053,47.257878,6,"1;3;4;5;10;13"
Root_7109,10.505402,32.309718,6,"0;3;4;5;10;13"
Root_7110,177.017146,51.887478,5,"3;4;5;10;13"
Root_7111,1.219574,27.967766,7,"0;1;2;4;5;10;13"
Root_7112,138.010010,48.245526,6,"1;2;4;5;10;13"
Root_7113,17.253190,33.297366,6,"0;2;4;5;10;13"
Root_7114,187.263994,52.875126,5,"2;4;5;10;13"
Root_7115,1.219574,28.893686,6,"0;1;4;5;10;13"
Root_7116,142.017370,49.171446,5,"1;4;5;10;13"
Root_7117,15.555824,34.223286,5,"0;4;5;10;13"
Root_7118,192.197274,53.801046,4,"4;5;10;13"
Root_7119,0.000000,28.276406,7,"0;1;2;3;5;10;13"
Root_7120,141.713690,48.554166,6,"1;2;3;5;10;13"
Root_7121,13.407696,33.606006,6,"0;2;3;5;10;13"
Root_7122,191.276314,53.183766,5,"2;3;5;10;13"
Root_7123,0.000000,29.202326,6,"0;1;3;5;10;13"
Root_7124,145.721050,49.480086,5,"1;3;5;10;13"
Root_7125,11.401690,34.531926,5,"0;3;5;10;13"
Root_7126,196.209594,54.109686,4,"3;5;10;13"
Root_7127,1.219574,30.189974,6,"0;1;2;5;10;13"
Root_7128,155.967898,50.467734,5,"1;2;5;10;13"
Root_7129,19.148400,35.519574,5,"0;2;5;10;13"
Root_7130,207.444090,55.097334,4,"2;5;10;13"
Root_7131,1.219574,31.115894,5,"0;1;5;10;13"
Root_7132,160.901178,51.393654,4,"1;5;10;13"
Root_7133,17.119814,36.445494,4,"0;5;10;13"
Root_7134,213.303290,56.023254,3,"5;10;13"
Root_7135,0.849206,27.597398,7,"0;1;2;3;4;10;13"
Root_7136,134.680854,47.875158,6,"1;2;3;4;10;13"
Root_7137,20.153360,32.926998,6,"0;2;3;4;10;13"
Root_7138,183.189946,52.504758,5,"2;3;4;10;13"
Root_7139,0.849206,28.523318,6,"0;1;3;4;10;13"
Root_7140,138.313690,48.801078,5,"1;3;4;10;13"
Root_7141,18.753360,33.852918,5,"0;3;4;10;13"
Root_7142,188.123226,53.430678,4,"3;4;10;13"
Root_7143,3.747789,29.510966,6,"0;1;2;4;10;13"
Root_7144,148.190170,49.788726,5,"1;2;4;10;13"
Root_7145,26.420016,34.840566,5,"0;2;4;10;13"
Root_7146,198.987354,54.418326,4,"2;4;10;13"
Root_7147,3.747789,30.436886,5,"0;1;4;10;13"
Root_7148,153.123450,50.714646,4,"1;4;10;13"
Root_7149,23.945936,35.766486,4,"0;4;10;13"
Root_7150,204.846554,55.344246,3,"4;10;13"
Root_7151,0.849206,29.819606,6,"0;1;2;3;10;13"
Root_7152,151.893850,50.097366,5,"1;2;3;10;13"
Root_7153,22.345936,35.149206,5,"0;2;3;10;13"
Root_7154,202.999674,54.726966,4,"2;3;10;13"
Root_7155,0.849206,30.745526,5,"0;1;3;10;13"
Root_7156,156.827130,51.023286,4,"1;3;10;13"
Root_7157,19.946982,36.075126,4,"0;3;10;13"
Root_7158,208.858874,55.652886,3,"3;10;13"
Root_7159,4.806883,31.733174,5,"0;1;2;10;13"
Root_7160,167.691258,52.010934,4,"1;2;10;13"
Root_7161,27.834800,37.062774,4,"0;2;10;13"
Root_7162,220.710650,56.640534,3,"2;10;13"
Root_7163,3.747789,32.659094,4,"0;1;10;13"
Root_7164,173.550458,52.936854,3,"1;10;13"
Root_7165,26.286640,37.988694,3,"0;10;13"
Root_7166,227.495770,57.566454,2,"10;13"
Root_7167,0.000000,13.607360,11,"0;1;2;3;4;5;6;7;8;9;13"
Root_7168,66.608560,34.585120,10,"1;2;3;4;5;6;7;8;9;13"
Root_7169,0.000000,19.636960,10,"0;2;3;4;5;6;7;8;9;13"
Root_7170,102.976218,39.214720,9,"2;3;4;5;6;7;8;9;13"
Root_7171,0.000000,14.533280,10,"0;1;3;4;5;6;7;8;9;13"
Root_7172,63.434480,35.511040,9,"1;3;4;5;6;7;8;9;13"
Root_7173,0.000000,20.562880,9,"0;3;4;5;6;7;8;9;13"
Root_7174,101.653978,40.140640,8,"3;4;5;6;7;8;9;13"
Root_7175,0.000000,16.220928,10,"0;1;2;4;5;6;7;8;9;13"
Root_7176,70.409776,36.498688,9,"1;2;4;5;6;7;8;9;13"
Root_7177,0.000000,21.550528,9,"0;2;4;5;6;7;8;9;13"
Root_7178,105.604570,41.128288,8,"2;4;5;6;7;8;9;13"
Root_7179,0.000000,17.146848,9,"0;1;4;5;6;7;8;9;13"
Root_7180,68.586224,37.424608,8,"1;4;5;6;7;8;9;13"
Root_7181,0.000000,22.476448,8,"0;4;5;6;7;8;9;13"
Root_7182,105.208250,42.054208,7,"4;5;6;7;8;9;13"
Root_7183,0.000000,15.829568,10,"0;1;2;3;5;6;7;8;9;13"
Root_7184,67.143024,36.807328,9,"1;2;3;5;6;7;8;9;13"
Root_7185,0.000000,21.859168,9,"0;2;3;5;6;7;8;9;13"
Root_7186,107.462458,41.436928,8,"2;3;5;6;7;8;9;13"
Root_7187,0.000000,16.755488,9,"0;1;3;5;6;7;8;9;13"
Root_7188,66.554032,37.733248,8,"1;3;5;6;7;8;9;13"
Root_7189,0.000000,22.785088,8,"0;3;5;6;7;8;9;13"
Root_7190,107.066138,42.362848,7,"3;5;6;7;8;9;13"
Root_7191,0.000000,18.443136,9,"0;1;2;5;6;7;8;9;13"
Root_7192,73.771376,38.720896,8,"1;2;5;6;7;8;9;13"
Root_7193,0.000000,23.772736,8,"0;2;5;6;7;8;9;13"
Root_7194,112.374746,43.350496,7,"2;5;6;7;8;9;13"
Root_7195,0.000000,19.369056,8,"0;1;5;6;7;8;9;13"
Root_7196,73.375056,39.646816,7,"1;5;6;7;8;9;13"
Root_7197,0.000000,24.698656,7,"0;5;6;7;8;9;13"
Root_7198,112.904346,44.276416,6,"5;6;7;8;9;13"
Root_7199,0.000000,15.150560,10,"0;1;2;3;4;6;7;8;9;13"
Root_7200,74.162864,36.128320,9,"1;2;3;4;6;7;8;9;13"
Root_7201,0.000000,21.180160,9,"0;2;3;4;6;7;8;9;13"
Root_7202,110.692218,40.757920,8,"2;3;4;6;7;8;9;13"
Root_7203,0.000000,16.076480,9,"0;1;3;4;6;7;8;9;13"
Root_7204,71.968944,37.054240,8,"1;3;4;6;7;8;9;13"
Root_7205,0.000000,22.106080,8,"0;3;4;6;7;8;9;13"
Root_7206,109.369978,41.683840,7,"3;4;6;7;8;9;13"
Root_7207,0.000000,17.764128,9,"0;1;2;4;6;7;8;9;13"
Root_7208,78.877648,38.041888,8,"1;2;4;6;7;8;9;13"
Root_7209,0.000000,23.093728,8,"0;2;4;6;7;8;9;13"
Root_7210,113.320570,42.671488,7,"2;4;6;7;8;9;13"
Root_7211,0.000000,18.690048,8,"0;1;4;6;7;8;9;13"
Root_7212,77.555408,38.967808,7,"1;4;6;7;8;9;13"
Root_7213,0.000000,24.019648,7,"0;4;6;7;8;9;13"
Root_7214,112.924250,43.597408,6,"4;6;7;8;9;13"
Root_7215,0.000000,17.372768,9,"0;1;2;3;6;7;8;9;13"
Root_7216,77.752752,38.350528,8,"1;2;3;6;7;8;9;13"
Root_7217,0.000000,23.402368,8,"0;2;3;6;7;8;9;13"
Root_7218,115.172410,42.980128,7,"2;3;6;7;8;9;13"
Root_7219,0.000000,18.298688,8,"0;1;3;6;7;8;9;13"
Root_7220,77.356432,39.276448,7,"1;3;6;7;8;9;13"
Root_7221,0.000000,24.328288,7,"0;3;6;7;8;9;13"
Root_7222,114.776090,43.906048,6,"3;6;7;8;9;13"
Root_7223,0.000000,19.986336,8,"0;1;2;6;7;8;9;13"
Root_7224,83.030576,40.264096,7,"1;2;6;7;8;9;13"
Root_7225,0.000000,25.315936,7,"0;2;6;7;8;9;13"
Root_7226,119.714330,44.893696,6,"2;6;7;8;9;13"
Root_7227,0.000000,20.912256,7,"0;1;6;7;8;9;13"
Root_7228,82.824272,41.190016,6,"1;6;7;8;9;13"
Root_7229,0.000000,26.241856,6,"0;6;7;8;9;13"
Root_7230,120.243930,45.819616,5,"6;7;8;9;13"
Root_7231,0.000000,16.033270,10,"0;1;2;3;4;5;7;8;9;13"
Root_7232,78.365238,37.011030,9,"1;2;3;4;5;7;8;9;13"
Root_7233,0.000000,22.062870,9,"0;2;3;4;5;7;8;9;13"
Root_7234,114.451446,41.640630,8,"2;3;4;5;7;8;9;13"
Root_7235,0.000000,16.959190,9,"0;1;3;4;5;7;8;9;13"
Root_7236,77.042998,37.936950,8,"1;3;4;5;7;8;9;13"
Root_7237,0.000000,22.988790,8,"0;3;4;5;7;8;9;13"
Root_7238,113.129206,42.566550,7,"3;4;5;7;8;9;13"
Root_7239,0.000000,18.646838,9,"0;1;2;4;5;7;8;9;13"
Root_7240,83.068992,38.924598,8,"1;2;4;5;7;8;9;13"
Root_7241,0.000000,23.976438,8,"0;2;4;5;7;8;9;13"
Root_7242,117.450166,43.554198,7,"2;4;5;7;8;9;13"
Root_7243,0.000000,19.572758,8,"0;1;4;5;7;8;9;13"
Root_7244,81.746752,39.850518,7,"1;4;5;7;8;9;13"
Root_7245,0.000000,24.902358,7,"0;4;5;7;8;9;13"
Root_7246,117.053846,44.480118,6,"4;5;7;8;9;13"
Root_7247,0.000000,18.255478,9,"0;1;2;3;5;7;8;9;13"
Root_7248,82.845430,39.233238,8,"1;2;3;5;7;8;9;13"
Root_7249,0.000000,24.285078,8,"0;2;3;5;7;8;9;13"
Root_7250,119.610646,43.862838,7,"2;3;5;7;8;9;13"
Root_7251,0.000000,19.181398,8,"0;1;3;5;7;8;9;13"
Root_7252,82.449110,40.159158,7,"1;3;5;7;8;9;13"
Root_7253,0.000000,25.210998,7,"0;3;5;7;8;9;13"
Root_7254,119.214326,44.788758,6,"3;5;7;8;9;13"
Root_7255,0.000000,20.869046,8,"0;1;2;5;7;8;9;13"
Root_7256,87.387350,41.146806,7,"1;2;5;7;8;9;13"
Root_7257,0.000000,26.198646,7,"0;2;5;7;8;9;13"
Root_7258,124.522934,45.776406,6,"2;5;7;8;9;13"
Root_7259,0.000000,21.794966,7,"0;1;5;7;8;9;13"
Root_7260,87.916950,42.072726,6,"1;5;7;8;9;13"
Root_7261,0.000000,27.124566,6,"0;5;7;8;9;13"
Root_7262,125.052534,46.702326,5,"5;7;8;9;13"
Root_7263,0.000000,17.576470,9,"0;1;2;3;4;7;8;9;13"
Root_7264,87.624438,38.554230,8,"1;2;3;4;7;8;9;13"
Root_7265,0.000000,23.606070,8,"0;2;3;4;7;8;9;13"
Root_7266,120.414496,43.183830,7,"2;3;4;7;8;9;13"
Root_7267,0.000000,18.502390,8,"0;1;3;4;7;8;9;13"
Root_7268,86.302198,39.480150,7,"1;3;4;7;8;9;13"
Root_7269,0.000000,24.531990,7,"0;3;4;7;8;9;13"
Root_7270,119.092256,44.109750,6,"3;4;7;8;9;13"
Root_7271,0.000000,20.190038,8,"0;1;2;4;7;8;9;13"
Root_7272,90.784992,40.467798,7,"1;2;4;7;8;9;13"
Root_7273,0.000000,25.519638,7,"0;2;4;7;8;9;13"
Root_7274,123.042848,45.097398,6,"2;4;7;8;9;13"
Root_7275,0.000000,21.115958,7,"0;1;4;7;8;9;13"
Root_7276,89.856470,41.393718,6,"1;4;7;8;9;13"
Root_7277,0.000000,26.445558,6,"0;4;7;8;9;13"
Root_7278,122.646528,46.023318,5,"4;7;8;9;13"
Root_7279,0.000000,19.798678,8,"0;1;2;3;7;8;9;13"
Root_7280,92.104630,40.776438,7,"1;2;3;7;8;9;13"
Root_7281,0.000000,25.828278,7,"0;2;3;7;8;9;13"
Root_7282,124.894688,45.406038,6,"2;3;7;8;9;13"
Root_7283,0.000000,20.724598,7,"0;1;3;7;8;9;13"
Root_7284,91.708310,41.702358,6,"1;3;7;8;9;13"
Root_7285,0.000000,26.754198,6,"0;3;7;8;9;13"
Root_7286,124.498368,46.331958,5,"3;7;8;9;13"
Root_7287,0.000000,22.412246,7,"0;1;2;7;8;9;13"
Root_7288,96.646550,42.690006,6,"1;2;7;8;9;13"
Root_7289,0.000000,27.741846,6,"0;2;7;8;9;13"
Root_7290,129.756214,47.319606,5,"2;7;8;9;13"
Root_7291,0.000000,23.338166,6,"0;1;7;8;9;13"
Root_7292,97.176150,43.615926,5,"1;7;8;9;13"
Root_7293,0.000000,28.667766,5,"0;7;8;9;13"
Root_7294,131.702787,48.245526,4,"7;8;9;13"
Root_7295,0.000000,17.332032,10,"0;1;2;3;4;5;6;8;9;13"
Root_7296,83.994714,37.609792,9,"1;2;3;4;5;6;8;9;13"
Root_7297,0.000000,22.661632,9,"0;2;3;4;5;6;8;9;13"
Root_7298,120.673635,42.239392,8,"2;3;4;5;6;8;9;13"
Root_7299,0.000000,18.257952,9,"0;1;3;4;5;6;8;9;13"
Root_7300,82.672474,38.535712,8,"1;3;4;5;6;8;9;13"
Root_7301,0.000000,23.587552,8,"0;3;4;5;6;8;9;13"
Root_7302,119.351395,43.165312,7,"3;4;5;6;8;9;13"
Root_7303,0.000000,19.245600,9,"0;1;2;4;5;6;8;9;13"
Root_7304,88.099706,39.523360,8,"1;2;4;5;6;8;9;13"
Root_7305,0.000000,24.575200,8,"0;2;4;5;6;8;9;13"
Root_7306,123.672355,44.152960,7,"2;4;5;6;8;9;13"
Root_7307,0.000000,20.171520,8,"0;1;4;5;6;8;9;13"
Root_7308,86.777466,40.449280,7,"1;4;5;6;8;9;13"
Root_7309,0.000000,25.501120,7,"0;4;5;6;8;9;13"
Root_7310,123.276035,45.078880,6,"4;5;6;8;9;13"
Root_7311,0.000000,19.554240,9,"0;1;2;3;5;6;8;9;13"
Root_7312,88.783546,39.832000,8,"1;2;3;5;6;8;9;13"
Root_7313,0.000000,24.883840,8,"0;2;3;5;6;8;9;13"
Root_7314,125.832835,44.461600,7,"2;3;5;6;8;9;13"
Root_7315,0.000000,20.480160,8,"0;1;3;5;6;8;9;13"
Root_7316,88.387226,40.757920,7,"1;3;5;6;8;9;13"
Root_7317,0.000000,25.809760,7,"0;3;5;6;8;9;13"
Root_7318,125.436515,45.387520,6,"3;5;6;8;9;13"
Root_7319,0.000000,21.467808,8,"0;1;2;5;6;8;9;13"
Root_7320,93.325466,41.745568,7,"1;2;5;6;8;9;13"
Root_7321,0.000000,26.797408,7,"0;2;5;6;8;9;13"
Root_7322,130.745123,46.375168,6,"2;5;6;8;9;13"
Root_7323,0.000000,22.393728,7,"0;1;5;6;8;9;13"
Root_7324,93.855066,42.671488,6,"1;5;6;8;9;13"
Root_7325,0.000000,27.723328,6,"0;5;6;8;9;13"
Root_7326,131.274723,47.301088,5,"5;6;8;9;13"
Root_7327,0.000000,18.875232,9,"0;1;2;3;4;6;8;9;13"
Root_7328,93.247866,39.152992,8,"1;2;3;4;6;8;9;13"
Root_7329,0.985974,24.204832,8,"0;2;3;4;6;8;9;13"
Root_7330,126.037923,43.782592,7,"2;3;4;6;8;9;13"
Root_7331,0.000000,19.801152,8,"0;1;3;4;6;8;9;13"
Root_7332,91.925626,40.078912,7,"1;3;4;6;8;9;13"
Root_7333,0.985974,25.130752,7,"0;3;4;6;8;9;13"
Root_7334,124.715683,44.708512,6,"3;4;6;8;9;13"
Root_7335,0.000000,20.788800,8,"0;1;2;4;6;8;9;13"
Root_7336,95.876218,41.066560,7,"1;2;4;6;8;9;13"
Root_7337,0.985974,26.118400,7,"0;2;4;6;8;9;13"
Root_7338,128.666275,45.696160,6,"2;4;6;8;9;13"
Root_7339,0.000000,21.714720,7,"0;1;4;6;8;9;13"
Root_7340,95.479898,41.992480,6,"1;4;6;8;9;13"
Root_7341,0.985974,27.044320,6,"0;4;6;8;9;13"
Root_7342,128.269955,46.622080,5,"4;6;8;9;13"
Root_7343,0.000000,21.097440,8,"0;1;2;3;6;8;9;13"
Root_7344,97.728058,41.375200,7,"1;2;3;6;8;9;13"
Root_7345,0.985974,26.427040,7,"0;2;3;6;8;9;13"
Root_7346,130.518115,46.004800,6,"2;3;6;8;9;13"
Root_7347,0.000000,22.023360,7,"0;1;3;6;8;9;13"
Root_7348,97.331738,42.301120,6,"1;3;6;8;9;13"
Root_7349,0.985974,27.352960,6,"0;3;6;8;9;13"
Root_7350,130.121795,46.930720,5,"3;6;8;9;13"
Root_7351,0.000000,23.011008,7,"0;1;2;6;8;9;13"
Root_7352,102.269978,43.288768,6,"1;2;6;8;9;13"
Root_7353,0.985974,28.340608,6,"0;2;6;8;9;13"
Root_7354,135.060035,47.918368,5,"2;6;8;9;13"
Root_7355,0.000000,23.936928,6,"0;1;6;8;9;13"
Root_7356,102.799578,44.214688,5,"1;6;8;9;13"
Root_7357,0.985974,29.266528,5,"0;6;8;9;13"
Root_7358,138.122499,48.844288,4,"6;8;9;13"
Root_7359,0.000000,19.757942,9,"0;1;2;3;4;5;8;9;13"
Root_7360,97.377462,40.035702,8,"1;2;3;4;5;8;9;13"
Root_7361,1.162742,25.087542,8,"0;2;3;4;5;8;9;13"
Root_7362,129.797152,44.665302,7,"2;3;4;5;8;9;13"
Root_7363,0.000000,20.683862,8,"0;1;3;4;5;8;9;13"
Root_7364,96.055222,40.961622,7,"1;3;4;5;8;9;13"
Root_7365,1.162742,26.013462,7,"0;3;4;5;8;9;13"
Root_7366,128.474912,45.591222,6,"3;4;5;8;9;13"
Root_7367,0.000000,21.671510,8,"0;1;2;4;5;8;9;13"
Root_7368,100.005814,41.949270,7,"1;2;4;5;8;9;13"
Root_7369,1.809315,27.001110,7,"0;2;4;5;8;9;13"
Root_7370,132.795872,46.578870,6,"2;4;5;8;9;13"
Root_7371,0.000000,22.597430,7,"0;1;4;5;8;9;13"
Root_7372,99.609494,42.875190,6,"1;4;5;8;9;13"
Root_7373,1.809315,27.927030,6,"0;4;5;8;9;13"
Root_7374,132.904342,47.504790,5,"4;5;8;9;13"
Root_7375,0.000000,21.980150,8,"0;1;2;3;5;8;9;13"
Root_7376,102.166294,42.257910,7,"1;2;3;5;8;9;13"
Root_7377,1.162742,27.309750,7,"0;2;3;5;8;9;13"
Root_7378,134.956352,46.887510,6,"2;3;5;8;9;13"
Root_7379,0.000000,22.906070,7,"0;1;3;5;8;9;13"
Root_7380,101.769974,43.183830,6,"1;3;5;8;9;13"
Root_7381,1.162742,28.235670,6,"0;3;5;8;9;13"
Root_7382,135.373462,47.813430,5,"3;5;8;9;13"
Root_7383,0.000000,23.893718,7,"0;1;2;5;8;9;13"
Root_7384,107.078582,44.171478,6,"1;2;5;8;9;13"
Root_7385,1.809315,29.223318,6,"0;2;5;8;9;13"
Root_7386,143.271875,48.801078,5,"2;5;8;9;13"
Root_7387,0.000000,24.819638,6,"0;1;5;8;9;13"
Root_7388,107.608182,45.097398,5,"1;5;8;9;13"
Root_7389,1.809315,30.149238,5,"0;5;8;9;13"
Root_7390,146.579235,49.726998,4,"5;8;9;13"
Root_7391,0.000000,21.301142,8,"0;1;2;3;4;8;9;13"
Root_7392,104.575072,41.578902,7,"1;2;3;4;8;9;13"
Root_7393,3.117923,26.630742,7,"0;2;3;4;8;9;13"
Root_7394,132.735530,46.208502,6,"2;3;4;8;9;13"
Root_7395,0.000000,22.227062,7,"0;1;3;4;8;9;13"
Root_7396,103.252832,42.504822,6,"1;3;4;8;9;13"
Root_7397,3.117923,27.556662,6,"0;3;4;8;9;13"
Root_7398,131.547712,47.134422,5,"3;4;8;9;13"
Root_7399,0.000000,23.214710,7,"0;1;2;4;8;9;13"
Root_7400,107.203424,43.492470,6,"1;2;4;8;9;13"
Root_7401,6.438915,28.544310,6,"0;2;4;8;9;13"
Root_7402,136.852163,48.122070,5,"2;4;8;9;13"
Root_7403,0.000000,24.140630,6,"0;1;4;8;9;13"
Root_7404,106.807104,44.418390,5,"1;4;8;9;13"
Root_7405,6.438915,29.470230,5,"0;4;8;9;13"
Root_7406,140.159523,49.047990,4,"4;8;9;13"
Root_7407,0.000000,23.523350,7,"0;1;2;3;8;9;13"
Root_7408,109.055264,43.801110,6,"1;2;3;8;9;13"
Root_7409,3.117923,28.852950,6,"0;2;3;8;9;13"
Root_7410,139.938563,48.430710,5,"2;3;8;9;13"
Root_7411,0.000000,24.449270,6,"0;1;3;8;9;13"
Root_7412,108.658944,44.727030,5,"1;3;8;9;13"
Root_7413,3.117923,29.778870,5,"0;3;8;9;13"
Root_7414,143.245923,49.356630,4,"3;8;9;13"
Root_7415,0.000000,25.436918,6,"0;1;2;8;9;13"
Root_7416,113.597184,45.714678,5,"1;2;8;9;13"
Root_7417,7.231354,30.766518,5,"0;2;8;9;13"
Root_7418,152.134755,50.344278,4,"2;8;9;13"
Root_7419,0.000000,26.362838,5,"0;1;8;9;13"
Root_7420,114.126784,46.640598,4,"1;8;9;13"
Root_7421,6.438915,31.692438,4,"0;8;9;13"
Root_7422,156.638234,51.270198,3,"8;9;13"
Root_7423,0.000000,18.236960,10,"0;1;2;3;4;5;6;7;9;13"
Root_7424,96.976218,39.214720,9,"1;2;3;4;5;6;7;9;13"
Root_7425,0.000000,24.266560,9,"0;2;3;4;5;6;7;9;13"
Root_7426,133.722915,43.844320,8,"2;3;4;5;6;7;9;13"
Root_7427,0.000000,19.162880,9,"0;1;3;4;5;6;7;9;13"
Root_7428,100.951386,40.140640,8,"1;3;4;5;6;7;9;13"
Root_7429,0.405942,25.192480,8,"0;3;4;5;6;7;9;13"
Root_7430,137.300675,44.770240,7,"3;4;5;6;7;9;13"
Root_7431,0.000000,20.850528,9,"0;1;2;4;5;6;7;9;13"
Root_7432,99.604570,41.128288,8,"1;2;4;5;6;7;9;13"
Root_7433,0.000000,26.180128,8,"0;2;4;5;6;7;9;13"
Root_7434,137.479523,45.757888,7,"2;4;5;6;7;9;13"
Root_7435,0.000000,21.776448,8,"0;1;4;5;6;7;9;13"
Root_7436,103.805658,42.054208,7,"1;4;5;6;7;9;13"
Root_7437,0.904534,27.106048,7,"0;4;5;6;7;9;13"
Root_7438,142.209123,46.683808,6,"4;5;6;7;9;13"
Root_7439,0.000000,20.459168,9,"0;1;2;3;5;6;7;9;13"
Root_7440,101.462458,41.436928,8,"1;2;3;5;6;7;9;13"
Root_7441,0.000000,26.488768,8,"0;2;3;5;6;7;9;13"
Root_7442,139.948643,46.066528,7,"2;3;5;6;7;9;13"
Root_7443,0.000000,21.385088,8,"0;1;3;5;6;7;9;13"
Root_7444,105.966138,42.362848,7,"1;3;5;6;7;9;13"
Root_7445,0.405942,27.414688,7,"0;3;5;6;7;9;13"
Root_7446,144.678243,46.992448,6,"3;5;6;7;9;13"
Root_7447,0.000000,23.072736,8,"0;1;2;5;6;7;9;13"
Root_7448,106.374746,43.350496,7,"1;2;5;6;7;9;13"
Root_7449,0.000000,28.402336,7,"0;2;5;6;7;9;13"
Root_7450,146.774499,47.980096,6,"2;5;6;7;9;13"
Root_7451,0.000000,23.998656,7,"0;1;5;6;7;9;13"
Root_7452,111.104346,44.276416,6,"1;5;6;7;9;13"
Root_7453,0.904534,29.328256,6,"0;5;6;7;9;13"
Root_7454,152.636035,48.906016,5,"5;6;7;9;13"
Root_7455,0.000000,19.780160,9,"0;1;2;3;4;6;7;9;13"
Root_7456,104.692218,40.757920,8,"1;2;3;4;6;7;9;13"
Root_7457,0.000000,25.809760,8,"0;2;3;4;6;7;9;13"
Root_7458,137.869795,45.387520,7,"2;3;4;6;7;9;13"
Root_7459,0.000000,20.706080,8,"0;1;3;4;6;7;9;13"
Root_7460,108.269978,41.683840,7,"1;3;4;6;7;9;13"
Root_7461,0.575958,26.735680,7,"0;3;4;6;7;9;13"
Root_7462,141.673475,46.313440,6,"3;4;6;7;9;13"
Root_7463,0.000000,22.393728,8,"0;1;2;4;6;7;9;13"
Root_7464,107.320570,42.671488,7,"1;2;4;6;7;9;13"
Root_7465,2.091008,27.723328,7,"0;2;4;6;7;9;13"
Root_7466,142.411715,47.301088,6,"2;4;6;7;9;13"
Root_7467,0.000000,23.319648,7,"0;1;4;6;7;9;13"
Root_7468,111.124250,43.597408,6,"1;4;6;7;9;13"
Root_7469,3.896950,28.649248,6,"0;4;6;7;9;13"
Root_7470,146.895331,48.227008,5,"4;6;7;9;13"
Root_7471,0.000000,22.002368,8,"0;1;2;3;6;7;9;13"
Root_7472,109.172410,42.980128,7,"1;2;3;6;7;9;13"
Root_7473,0.000000,28.031968,7,"0;2;3;6;7;9;13"
Root_7474,144.572195,47.609728,6,"2;3;6;7;9;13"
Root_7475,0.000000,22.928288,7,"0;1;3;6;7;9;13"
Root_7476,112.976090,43.906048,6,"1;3;6;7;9;13"
Root_7477,0.575958,28.957888,6,"0;3;6;7;9;13"
Root_7478,149.673091,48.535648,5,"3;6;7;9;13"
Root_7479,0.000000,24.615936,7,"0;1;2;6;7;9;13"
Root_7480,113.714330,44.893696,6,"1;2;6;7;9;13"
Root_7481,2.091008,29.945536,6,"0;2;6;7;9;13"
Root_7482,154.074275,49.523296,5,"2;6;7;9;13"
Root_7483,0.000000,25.541856,6,"0;1;6;7;9;13"
Root_7484,118.563546,45.819616,5,"1;6;7;9;13"
Root_7485,3.896950,30.871456,5,"0;6;7;9;13"
Root_7486,160.181635,50.449216,4,"6;7;9;13"
Root_7487,0.000000,20.662870,9,"0;1;2;3;4;5;7;9;13"
Root_7488,108.451446,41.640630,8,"1;2;3;4;5;7;9;13"
Root_7489,0.535437,26.692470,8,"0;2;3;4;5;7;9;13"
Root_7490,142.511734,46.270230,7,"2;3;4;5;7;9;13"
Root_7491,0.000000,21.588790,8,"0;1;3;4;5;7;9;13"
Root_7492,112.029206,42.566550,7,"1;3;4;5;7;9;13"
Root_7493,2.759738,27.618390,7,"0;3;4;5;7;9;13"
Root_7494,146.511565,47.196150,6,"3;4;5;7;9;13"
Root_7495,0.000000,23.276438,8,"0;1;2;4;5;7;9;13"
Root_7496,111.450166,43.554198,7,"1;2;4;5;7;9;13"
Root_7497,3.856429,28.606038,7,"0;2;4;5;7;9;13"
Root_7498,148.791619,48.183798,6,"2;4;5;7;9;13"
Root_7499,0.000000,24.202358,7,"0;1;4;5;7;9;13"
Root_7500,115.253846,44.480118,6,"1;4;5;7;9;13"
Root_7501,6.031354,29.531958,6,"0;4;5;7;9;13"
Root_7502,154.673059,49.109718,5,"4;5;7;9;13"
Root_7503,0.000000,22.885078,8,"0;1;2;3;5;7;9;13"
Root_7504,113.610646,43.862838,7,"1;2;3;5;7;9;13"
Root_7505,0.535437,28.914678,7,"0;2;3;5;7;9;13"
Root_7506,151.878019,48.492438,6,"2;3;5;7;9;13"
Root_7507,0.000000,23.810998,7,"0;1;3;5;7;9;13"
Root_7508,117.414326,44.788758,6,"1;3;5;7;9;13"
Root_7509,2.759738,29.840598,6,"0;3;5;7;9;13"
Root_7510,157.759459,49.418358,5,"3;5;7;9;13"
Root_7511,0.000000,25.498646,7,"0;1;2;5;7;9;13"
Root_7512,119.299341,45.776406,6,"1;2;5;7;9;13"
Root_7513,4.710595,30.828246,6,"0;2;5;7;9;13"
Root_7514,162.531011,50.406006,5,"2;5;7;9;13"
Root_7515,0.000000,26.424566,6,"0;1;5;7;9;13"
Root_7516,124.254861,46.702326,5,"1;5;7;9;13"
Root_7517,5.477187,31.754166,5,"0;5;7;9;13"
Root_7518,168.970298,51.331926,4,"5;7;9;13"
Root_7519,0.000000,22.206070,8,"0;1;2;3;4;7;9;13"
Root_7520,114.414496,43.183830,7,"1;2;3;4;7;9;13"
Root_7521,4.883395,28.235670,7,"0;2;3;4;7;9;13"
Root_7522,146.201814,47.813430,6,"2;3;4;7;9;13"
Root_7523,0.000000,23.131990,7,"0;1;3;4;7;9;13"
Root_7524,121.492256,44.109750,6,"1;3;4;7;9;13"
Root_7525,11.105030,29.161590,6,"0;3;4;7;9;13"
Root_7526,155.210115,48.739350,5,"3;4;7;9;13"
Root_7527,0.000000,24.819638,7,"0;1;2;4;7;9;13"
Root_7528,117.140246,45.097398,6,"1;2;4;7;9;13"
Root_7529,8.330170,30.149238,6,"0;2;4;7;9;13"
Root_7530,156.111299,49.726998,5,"2;4;7;9;13"
Root_7531,0.000000,25.745558,6,"0;1;4;7;9;13"
Root_7532,124.669846,46.023318,5,"1;4;7;9;13"
Root_7533,14.542224,31.075158,5,"0;4;7;9;13"
Root_7534,165.018659,50.652918,4,"4;7;9;13"
Root_7535,0.000000,24.428278,7,"0;1;2;3;7;9;13"
Root_7536,119.300726,45.406038,6,"1;2;3;7;9;13"
Root_7537,5.367194,30.457878,6,"0;2;3;7;9;13"
Root_7538,159.197699,50.035638,5,"2;3;7;9;13"
Root_7539,0.000000,25.354198,6,"0;1;3;7;9;13"
Root_7540,133.830326,46.331958,5,"1;3;7;9;13"
Root_7541,16.653530,31.383798,5,"0;3;7;9;13"
Root_7542,173.705059,50.961558,4,"3;7;9;13"
Root_7543,0.000000,27.041846,6,"0;1;2;7;9;13"
Root_7544,126.075821,47.319606,5,"1;2;7;9;13"
Root_7545,9.155011,32.371446,5,"0;2;7;9;13"
Root_7546,172.343098,51.949206,4,"2;7;9;13"
Root_7547,1.883629,27.967766,5,"0;1;7;9;13"
Root_7548,140.148314,48.245526,4,"1;7;9;13"
Root_7549,17.074522,33.297366,4,"0;7;9;13"
Root_7550,185.902298,52.875126,3,"7;9;13"
Root_7551,0.000000,21.961632,9,"0;1;2;3;4;5;6;9;13"
Root_7552,114.673635,42.239392,8,"1;2;3;4;5;6;9;13"
Root_7553,2.050080,27.291232,8,"0;2;3;4;5;6;9;13"
Root_7554,149.332685,46.868992,7,"2;3;4;5;6;9;13"
Root_7555,0.000000,22.887552,8,"0;1;3;4;5;6;9;13"
Root_7556,118.251395,43.165312,7,"1;3;4;5;6;9;13"
Root_7557,4.556022,28.217152,7,"0;3;4;5;6;9;13"
Root_7558,153.136365,47.794912,6,"3;4;5;6;9;13"
Root_7559,0.000000,23.875200,8,"0;1;2;4;5;6;9;13"
Root_7560,117.672355,44.152960,7,"1;2;4;5;6;9;13"
Root_7561,5.321696,29.204800,7,"0;2;4;5;6;9;13"
Root_7562,155.810093,48.782560,6,"2;4;5;6;9;13"
Root_7563,0.000000,24.801120,7,"0;1;4;5;6;9;13"
Root_7564,121.554915,45.078880,6,"1;4;5;6;9;13"
Root_7565,7.827638,30.130720,6,"0;4;5;6;9;13"
Root_7566,161.691533,49.708480,5,"4;5;6;9;13"
Root_7567,0.000000,24.183840,8,"0;1;2;3;5;6;9;13"
Root_7568,119.832835,44.461600,7,"1;2;3;5;6;9;13"
Root_7569,2.050080,29.513440,7,"0;2;3;5;6;9;13"
Root_7570,158.896493,49.091200,6,"2;3;5;6;9;13"
Root_7571,0.000000,25.109760,7,"0;1;3;5;6;9;13"
Root_7572,124.024035,45.387520,6,"1;3;5;6;9;13"
Root_7573,4.556022,30.439360,6,"0;3;5;6;9;13"
Root_7574,164.777933,50.017120,5,"3;5;6;9;13"
Root_7575,0.000000,26.097408,7,"0;1;2;5;6;9;13"
Root_7576,126.120291,46.375168,6,"1;2;5;6;9;13"
Root_7577,6.321696,31.427008,6,"0;2;5;6;9;13"
Root_7578,169.554253,51.004768,5,"2;5;6;9;13"
Root_7579,0.000000,27.023328,6,"0;1;5;6;9;13"
Root_7580,131.075811,47.301088,5,"1;5;6;9;13"
Root_7581,6.674710,32.352928,5,"0;5;6;9;13"
Root_7582,176.587533,51.930688,4,"5;6;9;13"
Root_7583,0.000000,23.504832,8,"0;1;2;3;4;6;9;13"
Root_7584,120.037923,43.782592,7,"1;2;3;4;6;9;13"
Root_7585,7.295318,28.834432,7,"0;2;3;4;6;9;13"
Root_7586,152.847149,48.412192,6,"2;3;4;6;9;13"
Root_7587,0.000000,24.430752,7,"0;1;3;4;6;9;13"
Root_7588,122.915683,44.708512,6,"1;3;4;6;9;13"
Root_7589,10.898838,29.760352,6,"0;3;4;6;9;13"
Root_7590,158.728589,49.338112,5,"3;4;6;9;13"
Root_7591,0.000000,25.418400,7,"0;1;2;4;6;9;13"
Root_7592,123.362435,45.696160,6,"1;2;4;6;9;13"
Root_7593,11.711190,30.748000,6,"0;2;4;6;9;13"
Root_7594,163.129773,50.325760,5,"2;4;6;9;13"
Root_7595,0.000000,26.344320,6,"0;1;4;6;9;13"
Root_7596,127.392035,46.622080,5,"1;4;6;9;13"
Root_7597,14.437270,31.673920,5,"0;4;6;9;13"
Root_7598,169.488813,51.251680,4,"4;6;9;13"
Root_7599,0.000000,25.727040,7,"0;1;2;3;6;9;13"
Root_7600,125.522915,46.004800,6,"1;2;3;6;9;13"
Root_7601,8.295318,31.056640,6,"0;2;3;6;9;13"
Root_7602,166.216173,50.634400,5,"2;3;6;9;13"
Root_7603,0.000000,26.652960,6,"0;1;3;6;9;13"
Root_7604,129.552515,46.930720,5,"1;3;6;9;13"
Root_7605,10.116278,31.982560,5,"0;3;6;9;13"
Root_7606,172.883853,51.560320,4,"3;6;9;13"
Root_7607,0.000000,27.640608,6,"0;1;2;6;9;13"
Root_7608,131.978403,47.918368,5,"1;2;6;9;13"
Root_7609,11.937270,32.970208,5,"0;2;6;9;13"
Root_7610,179.960333,52.547968,4,"2;6;9;13"
Root_7611,0.000000,28.566528,5,"0;1;6;9;13"
Root_7612,138.766787,48.844288,4,"1;6;9;13"
Root_7613,12.637270,33.896128,4,"0;6;9;13"
Root_7614,187.219533,53.473888,3,"6;9;13"
Root_7615,0.000000,24.387542,8,"0;1;2;3;4;5;9;13"
Root_7616,123.797152,44.665302,7,"1;2;3;4;5;9;13"
Root_7617,10.406448,29.717142,7,"0;2;3;4;5;9;13"
Root_7618,161.137219,49.294902,6,"2;3;4;5;9;13"
Root_7619,0.000000,25.313462,7,"0;1;3;4;5;9;13"
Root_7620,127.266134,45.591222,6,"1;3;4;5;9;13"
Root_7621,14.312390,30.643062,6,"0;3;4;5;9;13"
Root_7622,167.018659,50.220822,5,"3;4;5;9;13"
Root_7623,0.000000,26.301110,7,"0;1;2;4;5;9;13"
Root_7624,128.374742,46.578870,6,"1;2;4;5;9;13"
Root_7625,15.418800,31.630710,6,"0;2;4;5;9;13"
Root_7626,171.998682,51.208470,5,"2;4;5;9;13"
Root_7627,0.646573,27.227030,6,"0;1;4;5;9;13"
Root_7628,132.909133,47.504790,5,"1;4;5;9;13"
Root_7629,16.968112,32.556630,5,"0;4;5;9;13"
Root_7630,179.031962,52.134390,4,"4;5;9;13"
Root_7631,0.000000,26.609750,7,"0;1;2;3;5;9;13"
Root_7632,130.843862,46.887510,6,"1;2;3;5;9;13"
Root_7633,11.406448,31.939350,6,"0;2;3;5;9;13"
Root_7634,175.702362,51.517110,5,"2;3;5;9;13"
Root_7635,0.000000,27.535670,6,"0;1;3;5;9;13"
Root_7636,135.686893,47.813430,5,"1;3;5;9;13"
Root_7637,12.647120,32.865270,5,"0;3;5;9;13"
Root_7638,182.735642,52.443030,4,"3;5;9;13"
Root_7639,0.000000,28.523318,6,"0;1;2;5;9;13"
Root_7640,141.072954,48.801078,5,"1;2;5;9;13"
Root_7641,15.615088,33.852918,5,"0;2;5;9;13"
Root_7642,190.182490,53.430678,4,"2;5;9;13"
Root_7643,0.646573,29.449238,5,"0;1;5;9;13"
Root_7644,148.106234,49.726998,4,"1;5;9;13"
Root_7645,15.168112,34.778838,4,"0;5;9;13"
Root_7646,197.441690,54.356598,3,"5;9;13"
Root_7647,0.000000,25.930742,7,"0;1;2;3;4;9;13"
Root_7648,127.944032,46.208502,6,"1;2;3;4;9;13"
Root_7649,18.515290,31.260342,6,"0;2;3;4;9;13"
Root_7650,168.456899,50.838102,5,"2;3;4;9;13"
Root_7651,2.168611,26.856662,6,"0;1;3;4;9;13"
Root_7652,134.682134,47.134422,5,"1;3;4;9;13"
Root_7653,23.579248,32.186262,5,"0;3;4;9;13"
Root_7654,178.128282,51.764022,4,"3;4;9;13"
Root_7655,2.332973,27.844310,6,"0;1;2;4;9;13"
Root_7656,133.974234,48.122070,5,"1;2;4;9;13"
Root_7657,22.516336,33.173910,5,"0;2;4;9;13"
Root_7658,182.404762,52.751670,4,"2;4;9;13"
Root_7659,5.440227,28.770230,5,"0;1;4;9;13"
Root_7660,143.807514,49.047990,4,"1;4;9;13"
Root_7661,25.770608,34.099830,4,"0;4;9;13"
Root_7662,191.763962,53.677590,3,"4;9;13"
Root_7663,0.000000,28.152950,6,"0;1;2;3;9;13"
Root_7664,137.369274,48.430710,5,"1;2;3;9;13"
Root_7665,18.711578,33.482550,5,"0;2;3;9;13"
Root_7666,186.108442,53.060310,4,"2;3;9;13"
Root_7667,6.195747,29.078870,5,"0;1;3;9;13"
Root_7668,152.802554,49.356630,4,"1;3;9;13"
Root_7669,26.000240,34.408470,4,"0;3;9;13"
Root_7670,199.667642,53.986230,3,"3;9;13"
Root_7671,2.425411,30.066518,5,"0;1;2;9;13"
Root_7672,151.479034,50.344278,4,"1;2;9;13"
Root_7673,22.538714,35.396118,4,"0;2;9;13"
Root_7674,202.131770,54.973878,3,"2;9;13"
Root_7675,7.924131,30.992438,4,"0;1;9;13"
Root_7676,165.038234,51.270198,3,"1;9;13"
Root_7677,27.657885,36.322038,3,"0;9;13"
Root_7678,213.816890,55.899798,2,"9;13"
Root_7679,0.000000,16.899936,10,"0;1;2;3;4;5;6;7;8;13"
Root_7680,71.531898,37.177696,9,"1;2;3;4;5;6;7;8;13"
Root_7681,0.000000,22.229536,9,"0;2;3;4;5;6;7;8;13"
Root_7682,110.592067,41.807296,8,"2;3;4;5;6;7;8;13"
Root_7683,0.000000,17.825856,9,"0;1;3;4;5;6;7;8;13"
Root_7684,70.209658,38.103616,8,"1;3;4;5;6;7;8;13"
Root_7685,0.000000,23.155456,8,"0;3;4;5;6;7;8;13"
Root_7686,110.195747,42.733216,7,"3;4;5;6;7;8;13"
Root_7687,0.000000,18.813504,9,"0;1;2;4;5;6;7;8;13"
Root_7688,76.160250,39.091264,8,"1;2;4;5;6;7;8;13"
Root_7689,0.000000,24.143104,8,"0;2;4;5;6;7;8;13"
Root_7690,115.504355,43.720864,7,"2;4;5;6;7;8;13"
Root_7691,0.000000,19.739424,8,"0;1;4;5;6;7;8;13"
Root_7692,75.763930,40.017184,7,"1;4;5;6;7;8;13"
Root_7693,0.000000,25.069024,7,"0;4;5;6;7;8;13"
Root_7694,116.033955,44.646784,6,"4;5;6;7;8;13"
Root_7695,0.000000,19.122144,9,"0;1;2;3;5;6;7;8;13"
Root_7696,76.411994,39.399904,8,"1;2;3;5;6;7;8;13"
Root_7697,0.000000,24.451744,8,"0;2;3;5;6;7;8;13"
Root_7698,117.973475,44.029504,7,"2;3;5;6;7;8;13"
Root_7699,0.000000,20.048064,8,"0;1;3;5;6;7;8;13"
Root_7700,76.941594,40.325824,7,"1;3;5;6;7;8;13"
Root_7701,0.000000,25.377664,7,"0;3;5;6;7;8;13"
Root_7702,118.503075,44.955424,6,"3;5;6;7;8;13"
Root_7703,0.000000,21.035712,8,"0;1;2;5;6;7;8;13"
Root_7704,82.867482,41.313472,7,"1;2;5;6;7;8;13"
Root_7705,0.000000,26.365312,7,"0;2;5;6;7;8;13"
Root_7706,124.799331,45.943072,6,"2;5;6;7;8;13"
Root_7707,0.000000,21.961632,7,"0;1;5;6;7;8;13"
Root_7708,84.323002,42.239392,6,"1;5;6;7;8;13"
Root_7709,0.000000,27.291232,6,"0;5;6;7;8;13"
Root_7710,126.254851,46.868992,5,"5;6;7;8;13"
Root_7711,0.000000,18.443136,9,"0;1;2;3;4;6;7;8;13"
Root_7712,80.791098,38.720896,8,"1;2;3;4;6;7;8;13"
Root_7713,0.000000,23.772736,8,"0;2;3;4;6;7;8;13"
Root_7714,117.931651,43.350496,7,"2;3;4;6;7;8;13"
Root_7715,0.000000,19.369056,8,"0;1;3;4;6;7;8;13"
Root_7716,80.115674,39.646816,7,"1;3;4;6;7;8;13"
Root_7717,0.000000,24.698656,7,"0;3;4;6;7;8;13"
Root_7718,117.535331,44.276416,6,"3;4;6;7;8;13"
Root_7719,0.000000,20.356704,8,"0;1;2;4;6;7;8;13"
Root_7720,85.419450,40.634464,7,"1;2;4;6;7;8;13"
Root_7721,0.000000,25.686304,7,"0;2;4;6;7;8;13"
Root_7722,122.473571,45.264064,6,"2;4;6;7;8;13"
Root_7723,0.000000,21.282624,7,"0;1;4;6;7;8;13"
Root_7724,85.583514,41.560384,6,"1;4;6;7;8;13"
Root_7725,0.000000,26.612224,6,"0;4;6;7;8;13"
Root_7726,123.003171,46.189984,5,"4;6;7;8;13"
Root_7727,0.000000,20.665344,8,"0;1;2;3;6;7;8;13"
Root_7728,87.214394,40.943104,7,"1;2;3;6;7;8;13"
Root_7729,0.000000,25.994944,7,"0;2;3;6;7;8;13"
Root_7730,124.634051,45.572704,6,"2;3;6;7;8;13"
Root_7731,0.000000,21.591264,7,"0;1;3;6;7;8;13"
Root_7732,87.743994,41.869024,6,"1;3;6;7;8;13"
Root_7733,0.000000,26.920864,6,"0;3;6;7;8;13"
Root_7734,125.163651,46.498624,5,"3;6;7;8;13"
Root_7735,0.000000,22.578912,7,"0;1;2;6;7;8;13"
Root_7736,93.669882,42.856672,6,"1;2;6;7;8;13"
Root_7737,0.000000,27.908512,6,"0;2;6;7;8;13"
Root_7738,131.089539,47.486272,5,"2;6;7;8;13"
Root_7739,0.000000,23.504832,6,"0;1;6;7;8;13"
Root_7740,95.125402,43.782592,5,"1;6;7;8;13"
Root_7741,0.000000,28.834432,5,"0;6;7;8;13"
Root_7742,133.369443,48.412192,4,"6;7;8;13"
Root_7743,0.000000,19.325846,9,"0;1;2;3;4;5;7;8;13"
Root_7744,85.524301,39.603606,8,"1;2;3;4;5;7;8;13"
Root_7745,0.000000,24.655446,8,"0;2;3;4;5;7;8;13"
Root_7746,122.573590,44.233206,7,"2;3;4;5;7;8;13"
Root_7747,0.000000,20.251766,8,"0;1;3;4;5;7;8;13"
Root_7748,85.127981,40.529526,7,"1;3;4;5;7;8;13"
Root_7749,0.000000,25.581366,7,"0;3;4;5;7;8;13"
Root_7750,122.177270,45.159126,6,"3;4;5;7;8;13"
Root_7751,0.000000,21.239414,8,"0;1;2;4;5;7;8;13"
Root_7752,90.066221,41.517174,7,"1;2;4;5;7;8;13"
Root_7753,0.000000,26.569014,7,"0;2;4;5;7;8;13"
Root_7754,127.485878,46.146774,6,"2;4;5;7;8;13"
Root_7755,0.000000,22.165334,7,"0;1;4;5;7;8;13"
Root_7756,90.595821,42.443094,6,"1;4;5;7;8;13"
Root_7757,0.000000,27.494934,6,"0;4;5;7;8;13"
Root_7758,128.088173,47.072694,5,"4;5;7;8;13"
Root_7759,0.000000,21.548054,8,"0;1;2;3;5;7;8;13"
Root_7760,92.535341,41.825814,7,"1;2;3;5;7;8;13"
Root_7761,0.000000,26.877654,7,"0;2;3;5;7;8;13"
Root_7762,129.954998,46.455414,6,"2;3;5;7;8;13"
Root_7763,0.000000,22.473974,7,"0;1;3;5;7;8;13"
Root_7764,93.064941,42.751734,6,"1;3;5;7;8;13"
Root_7765,0.000000,27.803574,6,"0;3;5;7;8;13"
Root_7766,130.865933,47.381334,5,"3;5;7;8;13"
Root_7767,0.000000,23.461622,7,"0;1;2;5;7;8;13"
Root_7768,99.361197,43.739382,6,"1;2;5;7;8;13"
Root_7769,0.000000,28.791222,6,"0;2;5;7;8;13"
Root_7770,138.518819,48.368982,5,"2;5;7;8;13"
Root_7771,0.000000,24.387542,6,"0;1;5;7;8;13"
Root_7772,100.816717,44.665302,5,"1;5;7;8;13"
Root_7773,0.000000,29.717142,5,"0;5;7;8;13"
Root_7774,141.826179,49.294902,4,"5;7;8;13"
Root_7775,0.000000,20.869046,8,"0;1;2;3;4;7;8;13"
Root_7776,94.697206,41.146806,7,"1;2;3;4;7;8;13"
Root_7777,0.000000,26.198646,7,"0;2;3;4;7;8;13"
Root_7778,127.487264,45.776406,6,"2;3;4;7;8;13"
Root_7779,0.000000,21.794966,7,"0;1;3;4;7;8;13"
Root_7780,94.300886,42.072726,6,"1;3;4;7;8;13"
Root_7781,0.000000,27.124566,6,"0;3;4;7;8;13"
Root_7782,127.090944,46.702326,5,"3;4;7;8;13"
Root_7783,0.000000,22.782614,7,"0;1;2;4;7;8;13"
Root_7784,99.239126,43.060374,6,"1;2;4;7;8;13"
Root_7785,1.138102,28.112214,6,"0;2;4;7;8;13"
Root_7786,132.719158,47.689974,5,"2;4;7;8;13"
Root_7787,0.000000,23.708534,6,"0;1;4;7;8;13"
Root_7788,99.768726,43.986294,5,"1;4;7;8;13"
Root_7789,1.138102,29.038134,5,"0;4;7;8;13"
Root_7790,135.406467,48.615894,4,"4;7;8;13"
Root_7791,0.000000,23.091254,7,"0;1;2;3;7;8;13"
Root_7792,101.399606,43.369014,6,"1;2;3;7;8;13"
Root_7793,0.000000,28.420854,6,"0;2;3;7;8;13"
Root_7794,135.188278,47.998614,5,"2;3;7;8;13"
Root_7795,0.000000,24.017174,6,"0;1;3;7;8;13"
Root_7796,101.929206,44.294934,5,"1;3;7;8;13"
Root_7797,0.000000,29.346774,5,"0;3;7;8;13"
Root_7798,138.492867,48.924534,4,"3;7;8;13"
Root_7799,0.000000,25.004822,6,"0;1;2;7;8;13"
Root_7800,107.855094,45.282582,5,"1;2;7;8;13"
Root_7801,1.498445,30.334422,5,"0;2;7;8;13"
Root_7802,147.381699,49.912182,4,"2;7;8;13"
Root_7803,0.000000,25.930742,5,"0;1;7;8;13"
Root_7804,109.310614,46.208502,4,"1;7;8;13"
Root_7805,1.138102,31.260342,4,"0;7;8;13"
Root_7806,151.614979,50.838102,3,"7;8;13"
Root_7807,0.000000,19.924608,9,"0;1;2;3;4;5;6;8;13"
Root_7808,91.913155,40.202368,8,"1;2;3;4;5;6;8;13"
Root_7809,0.000000,25.254208,8,"0;2;3;4;5;6;8;13"
Root_7810,128.962445,44.831968,7,"2;3;4;5;6;8;13"
Root_7811,0.000000,20.850528,8,"0;1;3;4;5;6;8;13"
Root_7812,91.516835,41.128288,7,"1;3;4;5;6;8;13"
Root_7813,0.000000,26.180128,7,"0;3;4;5;6;8;13"
Root_7814,128.566125,45.757888,6,"3;4;5;6;8;13"
Root_7815,0.000000,21.838176,8,"0;1;2;4;5;6;8;13"
Root_7816,96.455075,42.115936,7,"1;2;4;5;6;8;13"
Root_7817,0.193664,27.167776,7,"0;2;4;5;6;8;13"
Root_7818,133.874733,46.745536,6,"2;4;5;6;8;13"
Root_7819,0.000000,22.764096,7,"0;1;4;5;6;8;13"
Root_7820,96.984675,43.041856,6,"1;4;5;6;8;13"
Root_7821,0.193664,28.093696,6,"0;4;5;6;8;13"
Root_7822,134.404333,47.671456,5,"4;5;6;8;13"
Root_7823,0.000000,22.146816,8,"0;1;2;3;5;6;8;13"
Root_7824,98.924195,42.424576,7,"1;2;3;5;6;8;13"
Root_7825,0.000000,27.476416,7,"0;2;3;5;6;8;13"
Root_7826,136.343853,47.054176,6,"2;3;5;6;8;13"
Root_7827,0.000000,23.072736,7,"0;1;3;5;6;8;13"
Root_7828,99.453795,43.350496,6,"1;3;5;6;8;13"
Root_7829,0.000000,28.402336,6,"0;3;5;6;8;13"
Root_7830,136.873453,47.980096,5,"3;5;6;8;13"
Root_7831,0.000000,24.060384,7,"0;1;2;5;6;8;13"
Root_7832,105.750051,44.338144,6,"1;2;5;6;8;13"
Root_7833,0.193664,29.389984,6,"0;2;5;6;8;13"
Root_7834,145.105197,48.967744,5,"2;5;6;8;13"
Root_7835,0.000000,24.986304,6,"0;1;5;6;8;13"
Root_7836,107.205571,45.264064,5,"1;5;6;8;13"
Root_7837,0.193664,30.315904,5,"0;5;6;8;13"
Root_7838,148.412557,49.893664,4,"5;6;8;13"
Root_7839,0.000000,21.467808,8,"0;1;2;3;4;6;8;13"
Root_7840,100.487299,41.745568,7,"1;2;3;4;6;8;13"
Root_7841,0.985974,26.797408,7,"0;2;3;4;6;8;13"
Root_7842,133.277357,46.375168,6,"2;3;4;6;8;13"
Root_7843,0.000000,22.393728,7,"0;1;3;4;6;8;13"
Root_7844,100.090979,42.671488,6,"1;3;4;6;8;13"
Root_7845,0.985974,27.723328,6,"0;3;4;6;8;13"
Root_7846,132.881037,47.301088,5,"3;4;6;8;13"
Root_7847,0.000000,23.381376,7,"0;1;2;4;6;8;13"
Root_7848,105.029219,43.659136,6,"1;2;4;6;8;13"
Root_7849,2.722838,28.710976,6,"0;2;4;6;8;13"
Root_7850,138.685485,48.288736,5,"2;4;6;8;13"
Root_7851,0.000000,24.307296,6,"0;1;4;6;8;13"
Root_7852,105.558819,44.585056,5,"1;4;6;8;13"
Root_7853,2.722838,29.636896,5,"0;4;6;8;13"
Root_7854,141.992845,49.214656,4,"4;6;8;13"
Root_7855,0.000000,23.690016,7,"0;1;2;3;6;8;13"
Root_7856,107.189699,43.967776,6,"1;2;3;6;8;13"
Root_7857,0.985974,29.019616,6,"0;2;3;6;8;13"
Root_7858,141.771885,48.597376,5,"2;3;6;8;13"
Root_7859,0.000000,24.615936,6,"0;1;3;6;8;13"
Root_7860,107.719299,44.893696,5,"1;3;6;8;13"
Root_7861,0.985974,29.945536,5,"0;3;6;8;13"
Root_7862,145.079245,49.523296,4,"3;6;8;13"
Root_7863,0.000000,25.603584,6,"0;1;2;6;8;13"
Root_7864,113.645187,45.881344,5,"1;2;6;8;13"
Root_7865,3.681942,30.933184,5,"0;2;6;8;13"
Root_7866,153.968077,50.510944,4,"2;6;8;13"
Root_7867,0.000000,26.529504,5,"0;1;6;8;13"
Root_7868,115.100707,46.807264,4,"1;6;8;13"
Root_7869,2.722838,31.859104,4,"0;6;8;13"
Root_7870,158.638221,51.436864,3,"6;8;13"
Root_7871,0.000000,22.350518,8,"0;1;2;3;4;5;8;13"
Root_7872,105.129238,42.628278,7,"1;2;3;4;5;8;13"
Root_7873,1.868749,27.680118,7,"0;2;3;4;5;8;13"
Root_7874,138.177174,47.257878,6,"2;3;4;5;8;13"
Root_7875,0.000000,23.276438,7,"0;1;3;4;5;8;13"
Root_7876,104.732918,43.554198,6,"1;3;4;5;8;13"
Root_7877,1.868749,28.606038,6,"0;3;4;5;8;13"
Root_7878,139.074371,48.183798,5,"3;4;5;8;13"
Root_7879,0.000000,24.264086,7,"0;1;2;4;5;8;13"
Root_7880,110.041526,44.541846,6,"1;2;4;5;8;13"
Root_7881,4.624131,29.593686,6,"0;2;4;5;8;13"
Root_7882,147.345923,49.171446,5,"2;4;5;8;13"
Root_7883,0.000000,25.190006,6,"0;1;4;5;8;13"
Root_7884,110.571126,45.467766,5,"1;4;5;8;13"
Root_7885,4.624131,30.519606,5,"0;4;5;8;13"
Root_7886,150.653283,50.097366,4,"4;5;8;13"
Root_7887,0.000000,24.572726,7,"0;1;2;3;5;8;13"
Root_7888,112.510646,44.850486,6,"1;2;3;5;8;13"
Root_7889,1.868749,29.902326,6,"0;2;3;5;8;13"
Root_7890,150.740963,49.480086,5,"2;3;5;8;13"
Root_7891,0.000000,25.498646,6,"0;1;3;5;8;13"
Root_7892,113.040246,45.776406,5,"1;3;5;8;13"
Root_7893,1.868749,30.828246,5,"0;3;5;8;13"
Root_7894,154.048323,50.406006,4,"3;5;8;13"
Root_7895,0.000000,26.486294,6,"0;1;2;5;8;13"
Root_7896,119.336502,46.764054,5,"1;2;5;8;13"
Root_7897,5.624131,31.815894,5,"0;2;5;8;13"
Root_7898,163.701178,51.393654,4,"2;5;8;13"
Root_7899,0.000000,27.412214,5,"0;1;5;8;13"
Root_7900,121.481997,47.689974,4,"1;5;8;13"
Root_7901,3.782317,32.741814,4,"0;5;8;13"
Root_7902,168.860378,52.319574,3,"5;8;13"
Root_7903,0.000000,23.893718,7,"0;1;2;3;4;8;13"
Root_7904,111.647840,44.171478,6,"1;2;3;4;8;13"
Root_7905,5.589370,29.223318,6,"0;2;3;4;8;13"
Root_7906,144.012611,48.801078,5,"2;3;4;8;13"
Root_7907,0.000000,24.819638,6,"0;1;3;4;8;13"
Root_7908,111.251520,45.097398,5,"1;3;4;8;13"
Root_7909,5.589370,30.149238,5,"0;3;4;8;13"
Root_7910,147.319971,49.726998,4,"3;4;8;13"
Root_7911,0.000000,25.807286,6,"0;1;2;4;8;13"
Root_7912,116.189760,46.085046,5,"1;2;4;8;13"
Root_7913,10.416538,31.136886,5,"0;2;4;8;13"
Root_7914,156.208803,50.714646,4,"2;4;8;13"
Root_7915,0.000000,26.733206,5,"0;1;4;8;13"
Root_7916,116.730326,47.010966,4,"1;4;8;13"
Root_7917,9.253731,32.062806,4,"0;4;8;13"
Root_7918,161.082650,51.640566,3,"4;8;13"
Root_7919,0.000000,26.115926,6,"0;1;2;3;8;13"
Root_7920,118.350240,46.393686,5,"1;2;3;8;13"
Root_7921,6.589370,31.445526,5,"0;2;3;8;13"
Root_7922,159.627130,51.023286,4,"2;3;8;13"
Root_7923,0.000000,27.041846,5,"0;1;3;8;13"
Root_7924,119.199446,47.319606,4,"1;3;8;13"
Root_7925,5.117923,32.371446,4,"0;3;8;13"
Root_7926,164.786330,51.949206,3,"3;8;13"
Root_7927,0.000000,28.029494,5,"0;1;2;8;13"
Root_7928,127.034746,48.307254,4,"1;2;8;13"
Root_7929,10.612826,33.359094,4,"0;2;8;13"
Root_7930,175.650458,52.936854,3,"2;8;13"
Root_7931,0.000000,28.955414,4,"0;1;8;13"
Root_7932,132.193946,49.233174,3,"1;8;13"
Root_7933,8.153731,34.285014,3,"0;8;13"
Root_7934,181.735578,53.862774,2,"8;13"
Root_7935,0.000000,21.529536,9,"0;1;2;3;4;5;6;7;13"
Root_7936,104.592067,41.807296,8,"1;2;3;4;5;6;7;13"
Root_7937,0.000000,26.859136,8,"0;2;3;4;5;6;7;13"
Root_7938,143.448621,46.436896,7,"2;3;4;5;6;7;13"
Root_7939,0.000000,22.455456,8,"0;1;3;4;5;6;7;13"
Root_7940,109.095747,42.733216,7,"1;3;4;5;6;7;13"
Root_7941,0.990966,27.785056,7,"0;3;4;5;6;7;13"
Root_7942,148.178221,47.362816,6,"3;4;5;6;7;13"
Root_7943,0.000000,23.443104,8,"0;1;2;4;5;6;7;13"
Root_7944,109.504355,43.720864,7,"1;2;4;5;6;7;13"
Root_7945,1.819424,28.772704,7,"0;2;4;5;6;7;13"
Root_7946,150.624941,48.350464,6,"2;4;5;6;7;13"
Root_7947,0.000000,24.369024,7,"0;1;4;5;6;7;13"
Root_7948,114.233955,44.646784,6,"1;4;5;6;7;13"
Root_7949,3.625366,29.698624,6,"0;4;5;6;7;13"
Root_7950,156.506381,49.276384,5,"4;5;6;7;13"
Root_7951,0.000000,23.751744,8,"0;1;2;3;5;6;7;13"
Root_7952,111.973475,44.029504,7,"1;2;3;5;6;7;13"
Root_7953,0.000000,29.081344,7,"0;2;3;5;6;7;13"
Root_7954,153.711341,48.659104,6,"2;3;5;6;7;13"
Root_7955,0.000000,24.677664,7,"0;1;3;5;6;7;13"
Root_7956,116.703075,44.955424,6,"1;3;5;6;7;13"
Root_7957,0.990966,30.007264,6,"0;3;5;6;7;13"
Root_7958,159.592781,49.585024,5,"3;5;6;7;13"
Root_7959,0.000000,25.665312,7,"0;1;2;5;6;7;13"
Root_7960,119.742403,45.943072,6,"1;2;5;6;7;13"
Root_7961,2.819424,30.994912,6,"0;2;5;6;7;13"
Root_7962,164.364333,50.572672,5,"2;5;6;7;13"
Root_7963,0.000000,26.591232,6,"0;1;5;6;7;13"
Root_7964,125.623843,46.868992,5,"1;5;6;7;13"
Root_7965,2.904534,31.920832,5,"0;5;6;7;13"
Root_7966,170.970285,51.498592,4,"5;6;7;13"
Root_7967,0.000000,23.072736,8,"0;1;2;3;4;6;7;13"
Root_7968,111.931651,43.350496,7,"1;2;3;4;6;7;13"
Root_7969,1.428224,28.402336,7,"0;2;3;4;6;7;13"
Root_7970,147.701805,47.980096,6,"2;3;4;6;7;13"
Root_7971,0.000000,23.998656,7,"0;1;3;4;6;7;13"
Root_7972,115.735331,44.276416,6,"1;3;4;6;7;13"
Root_7973,2.926422,29.328256,6,"0;3;4;6;7;13"
Root_7974,153.543437,48.906016,5,"3;4;6;7;13"
Root_7975,0.000000,24.986304,7,"0;1;2;4;6;7;13"
Root_7976,116.737635,45.264064,6,"1;2;4;6;7;13"
Root_7977,5.247648,30.315904,6,"0;2;4;6;7;13"
Root_7978,157.944621,49.893664,5,"2;4;6;7;13"
Root_7979,0.000000,25.912224,6,"0;1;4;6;7;13"
Root_7980,121.693155,46.189984,5,"1;4;6;7;13"
Root_7981,6.711766,31.241824,5,"0;4;6;7;13"
Root_7982,164.051981,50.819584,4,"4;6;7;13"
Root_7983,0.000000,25.294944,7,"0;1;2;3;6;7;13"
Root_7984,119.206755,45.572704,6,"1;2;3;6;7;13"
Root_7985,2.078688,30.624544,6,"0;2;3;6;7;13"
Root_7986,161.031021,50.202304,5,"2;3;6;7;13"
Root_7987,0.000000,26.220864,6,"0;1;3;6;7;13"
Root_7988,124.162275,46.498624,5,"1;3;6;7;13"
Root_7989,2.575958,31.550464,5,"0;3;6;7;13"
Root_7990,167.266605,51.128224,4,"3;6;7;13"
Root_7991,0.000000,27.208512,6,"0;1;2;6;7;13"
Root_7992,127.575811,47.486272,5,"1;2;6;7;13"
Root_7993,5.905824,32.538112,5,"0;2;6;7;13"
Root_7994,174.343085,52.115872,4,"2;6;7;13"
Root_7995,0.000000,28.134432,5,"0;1;6;7;13"
Root_7996,133.581635,48.412192,4,"1;6;7;13"
Root_7997,4.911766,33.464032,4,"0;6;7;13"
Root_7998,181.602285,53.041792,3,"6;7;13"
Root_7999,0.000000,23.955446,8,"0;1;2;3;4;5;7;13"
Root_8000,116.573590,44.233206,7,"1;2;3;4;5;7;13"
Root_8001,3.068611,29.285046,7,"0;2;3;4;5;7;13"
Root_8002,155.952067,48.862806,6,"2;3;4;5;7;13"
Root_8003,0.000000,24.881366,7,"0;1;3;4;5;7;13"
Root_8004,120.536397,45.159126,6,"1;3;4;5;7;13"
Root_8005,5.574554,30.210966,6,"0;3;4;5;7;13"
Root_8006,161.833507,49.788726,5,"3;4;5;7;13"
Root_8007,0.000000,25.869014,7,"0;1;2;4;5;7;13"
Root_8008,122.632653,46.146774,6,"1;2;4;5;7;13"
Root_8009,7.895779,31.198614,6,"0;2;4;5;7;13"
Root_8010,166.605059,50.776374,5,"2;4;5;7;13"
Root_8011,0.000000,26.794934,6,"0;1;4;5;7;13"
Root_8012,127.660867,47.072694,5,"1;4;5;7;13"
Root_8013,8.477187,32.124534,5,"0;4;5;7;13"
Root_8014,173.414714,51.702294,4,"4;5;7;13"
Root_8015,0.000000,26.177654,7,"0;1;2;3;5;7;13"
Root_8016,125.410413,46.455414,6,"1;2;3;5;7;13"
Root_8017,4.068611,31.507254,6,"0;2;3;5;7;13"
Root_8018,170.085114,51.085014,5,"2;3;5;7;13"
Root_8019,0.000000,27.103574,6,"0;1;3;5;7;13"
Root_8020,130.747267,47.381334,5,"1;3;5;7;13"
Root_8021,4.341379,32.433174,5,"0;3;5;7;13"
Root_8022,177.118394,52.010934,4,"3;5;7;13"
Root_8023,0.000000,28.091222,6,"0;1;2;5;7;13"
Root_8024,135.887802,48.368982,5,"1;2;5;7;13"
Root_8025,8.092067,33.420822,5,"0;2;5;7;13"
Root_8026,184.565242,52.998582,4,"2;5;7;13"
Root_8027,0.000000,29.017142,5,"0;1;5;7;13"
Root_8028,142.921082,49.294902,4,"1;5;7;13"
Root_8029,6.677187,34.346742,4,"0;5;7;13"
Root_8030,191.824442,53.924502,3,"5;7;13"
Root_8031,0.000000,25.498646,7,"0;1;2;3;4;7;13"
Root_8032,122.263670,45.776406,6,"1;2;3;4;7;13"
Root_8033,8.552378,30.828246,6,"0;2;3;4;7;13"
Root_8034,163.271747,50.406006,5,"2;3;4;7;13"
Root_8035,0.000000,26.424566,6,"0;1;3;4;7;13"
Root_8036,129.793270,46.702326,5,"1;3;4;7;13"
Root_8037,13.221232,31.754166,5,"0;3;4;7;13"
Root_8038,172.511034,51.331926,4,"3;4;7;13"
Root_8039,0.438102,27.412214,6,"0;1;2;4;7;13"
Root_8040,129.409133,47.689974,5,"1;2;4;7;13"
Root_8041,12.525379,32.741814,5,"0;2;4;7;13"
Root_8042,176.787514,52.319574,4,"2;4;7;13"
Root_8043,1.898445,28.338134,5,"0;1;4;7;13"
Root_8044,138.622362,48.615894,4,"1;4;7;13"
Root_8045,15.412592,33.667734,4,"0;4;7;13"
Root_8046,186.146714,53.245494,3,"4;7;13"
Root_8047,0.000000,27.720854,6,"0;1;2;3;7;13"
Root_8048,132.186893,47.998614,5,"1;2;3;7;13"
Root_8049,8.748666,33.050454,5,"0;2;3;7;13"
Root_8050,180.491194,52.628214,4,"2;3;7;13"
Root_8051,1.324534,28.646774,5,"0;1;3;7;13"
Root_8052,147.617402,48.924534,4,"1;3;7;13"
Root_8053,15.753530,33.976374,4,"0;3;7;13"
Root_8054,194.050394,53.554134,3,"3;7;13"
Root_8055,0.438102,29.634422,5,"0;1;2;7;13"
Root_8056,146.293882,49.912182,4,"1;2;7;13"
Root_8057,12.721667,34.964022,4,"0;2;7;13"
Root_8058,196.514522,54.541782,3,"2;7;13"
Root_8059,3.238102,30.560342,4,"0;1;7;13"
Root_8060,159.853082,50.838102,3,"1;7;13"
Root_8061,16.767098,35.889942,3,"0;7;13"
Root_8062,208.199642,55.467702,2,"7;13"
Root_8063,0.000000,24.554208,8,"0;1;2;3;4;5;6;13"
Root_8064,122.962445,44.831968,7,"1;2;3;4;5;6;13"
Root_8065,4.864896,29.883808,7,"0;2;3;4;5;6;13"
Root_8066,163.137206,49.461568,6,"2;3;4;5;6;13"
Root_8067,0.000000,25.480128,7,"0;1;3;4;5;6;13"
Root_8068,127.524013,45.757888,6,"1;3;4;5;6;13"
Root_8069,7.370838,30.809728,6,"0;3;4;5;6;13"
Root_8070,169.018646,50.387488,5,"3;4;5;6;13"
Root_8071,0.000000,26.467776,7,"0;1;2;4;5;6;13"
Root_8072,129.620269,46.745536,6,"1;2;4;5;6;13"
Root_8073,9.692064,31.797376,6,"0;2;4;5;6;13"
Root_8074,174.165334,51.375136,5,"2;4;5;6;13"
Root_8075,0.193664,27.393696,6,"0;1;4;5;6;13"
Root_8076,134.575789,47.671456,5,"1;4;5;6;13"
Root_8077,9.674710,32.723296,5,"0;4;5;6;13"
Root_8078,181.198614,52.301056,4,"4;5;6;13"
Root_8079,0.000000,26.776416,7,"0;1;2;3;5;6;13"
Root_8080,132.398029,47.054176,6,"1;2;3;5;6;13"
Root_8081,5.864896,32.106016,6,"0;2;3;5;6;13"
Root_8082,177.869014,51.683776,5,"2;3;5;6;13"
Root_8083,0.000000,27.702336,6,"0;1;3;5;6;13"
Root_8084,137.353549,47.980096,5,"1;3;5;6;13"
Root_8085,5.570838,33.031936,5,"0;3;5;6;13"
Root_8086,184.902294,52.609696,4,"3;5;6;13"
Root_8087,0.000000,28.689984,6,"0;1;2;5;6;13"
Root_8088,143.072941,48.967744,5,"1;2;5;6;13"
Root_8089,9.888352,34.019584,5,"0;2;5;6;13"
Root_8090,192.349142,53.597344,4,"2;5;6;13"
Root_8091,0.193664,29.615904,5,"0;1;5;6;13"
Root_8092,150.106221,49.893664,4,"1;5;6;13"
Root_8093,7.874710,34.945504,4,"0;5;6;13"
Root_8094,199.608342,54.523264,3,"5;6;13"
Root_8095,0.000000,26.097408,7,"0;1;2;3;4;6;13"
Root_8096,128.652525,46.375168,6,"1;2;3;4;6;13"
Root_8097,11.480502,31.427008,6,"0;2;3;4;6;13"
Root_8098,170.461654,51.004768,5,"2;3;4;6;13"
Root_8099,0.000000,27.023328,6,"0;1;3;4;6;13"
Root_8100,132.682125,47.301088,5,"1;3;4;6;13"
Root_8101,13.116278,32.352928,5,"0;3;4;6;13"
Root_8102,177.494934,51.930688,4,"3;4;6;13"
Root_8103,1.036864,28.010976,6,"0;1;2;4;6;13"
Root_8104,135.974221,48.288736,5,"1;2;4;6;13"
Root_8105,15.648214,33.340576,5,"0;2;4;6;13"
Root_8106,184.571414,52.918336,4,"2;4;6;13"
Root_8107,1.736864,28.936896,5,"0;1;4;6;13"
Root_8108,143.007501,49.214656,4,"1;4;6;13"
Root_8109,16.007638,34.266496,4,"0;4;6;13"
Root_8110,191.830614,53.844256,3,"4;6;13"
Root_8111,0.000000,28.319616,6,"0;1;2;3;6;13"
Root_8112,139.369261,48.597376,5,"1;2;3;6;13"
Root_8113,11.676790,33.649216,5,"0;2;3;6;13"
Root_8114,188.275094,53.226976,4,"2;3;6;13"
Root_8115,0.000000,29.245536,5,"0;1;3;6;13"
Root_8116,146.402541,49.523296,4,"1;3;6;13"
Root_8117,11.316278,34.575136,4,"0;3;6;13"
Root_8118,195.534294,54.152896,3,"3;6;13"
Root_8119,1.295968,30.233184,5,"0;1;2;6;13"
Root_8120,153.479021,50.510944,4,"1;2;6;13"
Root_8121,15.503926,35.562784,4,"0;2;6;13"
Root_8122,204.298422,55.140544,3,"2;6;13"
Root_8123,1.736864,31.159104,4,"0;1;6;13"
Root_8124,160.738221,51.436864,3,"1;6;13"
Root_8125,15.407254,36.488704,3,"0;6;13"
Root_8126,211.783542,56.066464,2,"6;13"
Root_8127,0.006006,26.980118,7,"0;1;2;3;4;5;13"
Root_8128,134.435053,47.257878,6,"1;2;3;4;5;13"
Root_8129,14.776816,32.309718,6,"0;2;3;4;5;13"
Root_8130,180.517146,51.887478,5,"2;3;4;5;13"
Root_8131,0.706006,27.906038,6,"0;1;3;4;5;13"
Root_8132,139.758170,48.183798,5,"1;3;4;5;13"
Root_8133,15.882758,33.235638,5,"0;3;4;5;13"
Root_8134,187.550426,52.813398,4,"3;4;5;13"
Root_8135,2.061389,28.893686,6,"0;1;2;4;5;13"
Root_8136,145.517370,49.171446,5,"1;2;4;5;13"
Root_8137,19.355824,34.223286,5,"0;2;4;5;13"
Root_8138,194.997274,53.801046,4,"2;4;5;13"
Root_8139,3.461389,29.819606,5,"0;1;4;5;13"
Root_8140,152.550650,50.097366,4,"1;4;5;13"
Root_8141,18.687686,35.149206,4,"0;4;5;13"
Root_8142,202.256474,54.726966,3,"4;5;13"
Root_8143,0.006006,29.202326,6,"0;1;2;3;5;13"
Root_8144,149.221050,49.480086,5,"1;2;3;5;13"
Root_8145,14.973104,34.531926,5,"0;2;3;5;13"
Root_8146,199.009594,54.109686,4,"2;3;5;13"
Root_8147,0.706006,30.128246,5,"0;1;3;5;13"
Root_8148,156.254330,50.406006,4,"1;3;5;13"
Root_8149,14.304966,35.457846,4,"0;3;5;13"
Root_8150,206.268794,55.035606,3,"3;5;13"
Root_8151,3.061389,31.115894,5,"0;1;2;5;13"
Root_8152,163.701178,51.393654,4,"1;2;5;13"
Root_8153,19.219814,36.445494,4,"0;2;5;13"
Root_8154,215.403290,56.023254,3,"2;5;13"
Root_8155,2.619574,32.041814,4,"0;1;5;13"
Root_8156,170.960378,52.319574,3,"1;5;13"
Root_8157,19.703517,37.371414,3,"0;5;13"
Root_8158,222.888410,56.949174,2,"5;13"
Root_8159,1.549206,28.523318,6,"0;1;2;3;4;13"
Root_8160,141.813690,48.801078,5,"1;2;3;4;13"
Root_8161,22.452314,33.852918,5,"0;2;3;4;13"
Root_8162,190.923226,53.430678,4,"2;3;4;13"
Root_8163,4.983427,29.449238,5,"0;1;3;4;13"
Root_8164,151.646970,49.726998,4,"1;3;4;13"
Root_8165,24.819984,34.778838,4,"0;3;4;13"
Root_8166,200.282426,54.356598,3,"3;4;13"
Root_8167,5.610595,30.436886,5,"0;1;2;4;13"
Root_8168,155.923450,50.714646,4,"1;2;4;13"
Root_8169,26.279450,35.766486,4,"0;2;4;13"
Root_8170,206.946554,55.344246,3,"2;4;13"
Root_8171,7.947789,31.362806,4,"0;1;4;13"
Root_8172,165.282650,51.640566,3,"1;4;13"
Root_8173,27.925958,36.692406,3,"0;4;13"
Root_8174,215.831674,56.270166,2,"4;13"
Root_8175,2.320653,30.745526,5,"0;1;2;3;13"
Root_8176,159.627130,51.023286,4,"1;2;3;13"
Root_8177,22.046982,36.075126,4,"0;2;3;13"
Root_8178,210.958874,55.652886,3,"2;3;13"
Root_8179,6.439117,31.671446,4,"0;1;3;13"
Root_8180,173.186330,51.949206,3,"1;3;13"
Root_8181,29.052925,37.001046,3,"0;3;13"
Root_8182,222.643994,56.578806,2,"3;13"
Root_8183,6.147789,32.659094,4,"0;1;2;13"
Root_8184,175.650458,52.936854,3,"1;2;13"
Root_8185,27.686640,37.988694,3,"0;2;13"
Root_8186,228.895770,57.566454,2,"2;13"
Root_8187,7.024131,33.585014,3,"0;1;13"
Root_8188,187.335578,53.862774,2,"1;13"
Root_8189,31.892582,38.914614,2,"0;13"
Root_8190,238.706810,58.492374,1,"13"
Root_8191,0.000000,8.813568,13,"0;1;2;3;4;5;6;7;8;9;10;11;12"
Root_8192,51.241018,29.091328,12,"1;2;3;4;5;6;7;8;9;10;11;12"
Root_8193,0.000000,14.143168,12,"0;2;3;4;5;6;7;8;9;10;11;12"
Root_8194,76.976538,33.720928,11,"2;3;4;5;6;7;8;9;10;11;12"
Root_8195,0.000000,9.739488,12,"0;1;3;4;5;6;7;8;9;10;11;12"
Root_8196,51.241018,30.017248,11,"1;3;4;5;6;7;8;9;10;11;12"
Root_8197,0.000000,15.069088,11,"0;3;4;5;6;7;8;9;10;11;12"
Root_8198,73.929690,34.646848,10,"3;4;5;6;7;8;9;10;11;12"
Root_8199,0.000000,10.727136,12,"0;1;2;4;5;6;7;8;9;10;11;12"
Root_8200,55.584186,31.004896,11,"1;2;4;5;6;7;8;9;10;11;12"
Root_8201,0.000000,16.056736,11,"0;2;4;5;6;7;8;9;10;11;12"
Root_8202,80.803674,35.634496,10,"2;4;5;6;7;8;9;10;11;12"
Root_8203,0.000000,11.653056,11,"0;1;4;5;6;7;8;9;10;11;12"
Root_8204,55.253370,31.930816,10,"1;4;5;6;7;8;9;10;11;12"
Root_8205,0.000000,16.982656,10,"0;4;5;6;7;8;9;10;11;12"
Root_8206,77.403674,36.560416,9,"4;5;6;7;8;9;10;11;12"
Root_8207,0.000000,11.035776,12,"0;1;2;3;5;6;7;8;9;10;11;12"
Root_8208,51.880474,31.313536,11,"1;2;3;5;6;7;8;9;10;11;12"
Root_8209,0.000000,16.365376,11,"0;2;3;5;6;7;8;9;10;11;12"
Root_8210,76.420954,35.943136,10,"2;3;5;6;7;8;9;10;11;12"
Root_8211,0.000000,11.961696,11,"0;1;3;5;6;7;8;9;10;11;12"
Root_8212,51.241018,32.239456,10,"1;3;5;6;7;8;9;10;11;12"
Root_8213,0.000000,17.291296,10,"0;3;5;6;7;8;9;10;11;12"
Root_8214,73.890010,36.869056,9,"3;5;6;7;8;9;10;11;12"
Root_8215,0.000000,12.949344,11,"0;1;2;5;6;7;8;9;10;11;12"
Root_8216,57.549658,33.227104,10,"1;2;5;6;7;8;9;10;11;12"
Root_8217,0.000000,18.278944,10,"0;2;5;6;7;8;9;10;11;12"
Root_8218,80.852954,37.856704,9,"2;5;6;7;8;9;10;11;12"
Root_8219,0.000000,13.875264,10,"0;1;5;6;7;8;9;10;11;12"
Root_8220,54.996634,34.153024,9,"1;5;6;7;8;9;10;11;12"
Root_8221,0.000000,19.204864,9,"0;5;6;7;8;9;10;11;12"
Root_8222,79.304794,38.782624,8,"5;6;7;8;9;10;11;12"
Root_8223,0.000000,10.356768,12,"0;1;2;3;4;6;7;8;9;10;11;12"
Root_8224,55.870618,30.634528,11,"1;2;3;4;6;7;8;9;10;11;12"
Root_8225,0.000000,15.686368,11,"0;2;3;4;6;7;8;9;10;11;12"
Root_8226,84.245542,35.264128,10,"2;3;4;6;7;8;9;10;11;12"
Root_8227,0.000000,11.282688,11,"0;1;3;4;6;7;8;9;10;11;12"
Root_8228,55.870618,31.560448,10,"1;3;4;6;7;8;9;10;11;12"
Root_8229,0.000000,16.612288,10,"0;3;4;6;7;8;9;10;11;12"
Root_8230,80.845542,36.190048,9,"3;4;6;7;8;9;10;11;12"
Root_8231,0.000000,12.270336,11,"0;1;2;4;6;7;8;9;10;11;12"
Root_8232,61.756986,32.548096,10,"1;2;4;6;7;8;9;10;11;12"
Root_8233,0.000000,17.599936,10,"0;2;4;6;7;8;9;10;11;12"
Root_8234,86.820838,37.177696,9,"2;4;6;7;8;9;10;11;12"
Root_8235,0.000000,13.196256,10,"0;1;4;6;7;8;9;10;11;12"
Root_8236,59.882970,33.474016,9,"1;4;6;7;8;9;10;11;12"
Root_8237,0.000000,18.525856,9,"0;4;6;7;8;9;10;11;12"
Root_8238,84.346758,38.103616,8,"4;6;7;8;9;10;11;12"
Root_8239,0.000000,12.578976,11,"0;1;2;3;6;7;8;9;10;11;12"
Root_8240,58.053274,32.856736,10,"1;2;3;6;7;8;9;10;11;12"
Root_8241,0.000000,17.908576,10,"0;2;3;6;7;8;9;10;11;12"
Root_8242,84.233094,37.486336,9,"2;3;6;7;8;9;10;11;12"
Root_8243,0.000000,13.504896,10,"0;1;3;6;7;8;9;10;11;12"
Root_8244,55.870618,33.782656,9,"1;3;6;7;8;9;10;11;12"
Root_8245,0.000000,18.834496,9,"0;3;6;7;8;9;10;11;12"
Root_8246,82.684934,38.412256,8,"3;6;7;8;9;10;11;12"
Root_8247,0.000000,14.492544,10,"0;1;2;6;7;8;9;10;11;12"
Root_8248,62.179258,34.770304,9,"1;2;6;7;8;9;10;11;12"
Root_8249,0.000000,19.822144,9,"0;2;6;7;8;9;10;11;12"
Root_8250,88.235622,39.399904,8,"2;6;7;8;9;10;11;12"
Root_8251,0.000000,15.418464,9,"0;1;6;7;8;9;10;11;12"
Root_8252,58.779258,35.696224,8,"1;6;7;8;9;10;11;12"
Root_8253,0.000000,20.748064,8,"0;6;7;8;9;10;11;12"
Root_8254,86.687462,40.325824,7,"6;7;8;9;10;11;12"
Root_8255,0.000000,11.239478,12,"0;1;2;3;4;5;7;8;9;10;11;12"
Root_8256,59.547123,31.517238,11,"1;2;3;4;5;7;8;9;10;11;12"
Root_8257,0.000000,16.569078,11,"0;2;3;4;5;7;8;9;10;11;12"
Root_8258,87.698730,36.146838,10,"2;3;4;5;7;8;9;10;11;12"
Root_8259,0.000000,12.165398,11,"0;1;3;4;5;7;8;9;10;11;12"
Root_8260,58.703965,32.443158,10,"1;3;4;5;7;8;9;10;11;12"
Root_8261,0.000000,17.494998,10,"0;3;4;5;7;8;9;10;11;12"
Root_8262,84.371488,37.072758,9,"3;4;5;7;8;9;10;11;12"
Root_8263,0.000000,13.153046,11,"0;1;2;4;5;7;8;9;10;11;12"
Root_8264,65.287827,33.430806,10,"1;2;4;5;7;8;9;10;11;12"
Root_8265,0.000000,18.482646,10,"0;2;4;5;7;8;9;10;11;12"
Root_8266,90.274026,38.060406,9,"2;4;5;7;8;9;10;11;12"
Root_8267,0.000000,14.078966,10,"0;1;4;5;7;8;9;10;11;12"
Root_8268,62.531101,34.356726,9,"1;4;5;7;8;9;10;11;12"
Root_8269,0.000000,19.408566,9,"0;4;5;7;8;9;10;11;12"
Root_8270,87.799946,38.986326,8,"4;5;7;8;9;10;11;12"
Root_8271,0.000000,13.461686,11,"0;1;2;3;5;7;8;9;10;11;12"
Root_8272,61.000253,33.739446,10,"1;2;3;5;7;8;9;10;11;12"
Root_8273,0.000000,18.791286,10,"0;2;3;5;7;8;9;10;11;12"
Root_8274,88.568992,38.369046,9,"2;3;5;7;8;9;10;11;12"
Root_8275,0.000000,14.387606,10,"0;1;3;5;7;8;9;10;11;12"
Root_8276,57.934886,34.665366,9,"1;3;5;7;8;9;10;11;12"
Root_8277,0.000000,19.717206,9,"0;3;5;7;8;9;10;11;12"
Root_8278,87.020832,39.294966,8,"3;5;7;8;9;10;11;12"
Root_8279,0.000000,15.375254,10,"0;1;2;5;7;8;9;10;11;12"
Root_8280,64.827389,35.653014,9,"1;2;5;7;8;9;10;11;12"
Root_8281,0.000000,20.704854,9,"0;2;5;7;8;9;10;11;12"
Root_8282,91.688810,40.282614,8,"2;5;7;8;9;10;11;12"
Root_8283,0.000000,16.301174,9,"0;1;5;7;8;9;10;11;12"
Root_8284,62.006323,36.578934,8,"1;5;7;8;9;10;11;12"
Root_8285,0.000000,21.630774,8,"0;5;7;8;9;10;11;12"
Root_8286,90.349184,41.208534,7,"5;7;8;9;10;11;12"
Root_8287,0.000000,12.782678,11,"0;1;2;3;4;7;8;9;10;11;12"
Root_8288,67.167978,33.060438,10,"1;2;3;4;7;8;9;10;11;12"
Root_8289,0.000000,18.112278,10,"0;2;3;4;7;8;9;10;11;12"
Root_8290,94.561568,37.690038,9,"2;3;4;7;8;9;10;11;12"
Root_8291,0.000000,13.708598,10,"0;1;3;4;7;8;9;10;11;12"
Root_8292,64.781619,33.986358,9,"1;3;4;7;8;9;10;11;12"
Root_8293,0.000000,19.038198,9,"0;3;4;7;8;9;10;11;12"
Root_8294,92.087488,38.615958,8,"3;4;7;8;9;10;11;12"
Root_8295,0.000000,14.696246,10,"0;1;2;4;7;8;9;10;11;12"
Root_8296,71.460627,34.974006,9,"1;2;4;7;8;9;10;11;12"
Root_8297,0.000000,20.025846,9,"0;2;4;7;8;9;10;11;12"
Root_8298,96.446826,39.603606,8,"2;4;7;8;9;10;11;12"
Root_8299,0.000000,15.622166,9,"0;1;4;7;8;9;10;11;12"
Root_8300,68.060627,35.899926,8,"1;4;7;8;9;10;11;12"
Root_8301,0.000000,20.951766,8,"0;4;7;8;9;10;11;12"
Root_8302,93.972746,40.529526,7,"4;7;8;9;10;11;12"
Root_8303,0.000000,15.004886,10,"0;1;2;3;7;8;9;10;11;12"
Root_8304,67.077907,35.282646,9,"1;2;3;7;8;9;10;11;12"
Root_8305,0.000000,20.334486,9,"0;2;3;7;8;9;10;11;12"
Root_8306,96.284992,39.912246,8,"2;3;7;8;9;10;11;12"
Root_8307,0.000000,15.930806,9,"0;1;3;7;8;9;10;11;12"
Root_8308,63.886474,36.208566,8,"1;3;7;8;9;10;11;12"
Root_8309,0.000000,21.260406,8,"0;3;7;8;9;10;11;12"
Root_8310,94.736832,40.838166,7,"3;7;8;9;10;11;12"
Root_8311,0.000000,16.918454,9,"0;1;2;7;8;9;10;11;12"
Root_8312,70.849418,37.196214,8,"1;2;7;8;9;10;11;12"
Root_8313,0.000000,22.248054,8,"0;2;7;8;9;10;11;12"
Root_8314,98.687424,41.825814,7,"2;7;8;9;10;11;12"
Root_8315,0.000000,17.844374,8,"0;1;7;8;9;10;11;12"
Root_8316,69.301258,38.122134,7,"1;7;8;9;10;11;12"
Root_8317,0.000000,23.173974,7,"0;7;8;9;10;11;12"
Root_8318,98.065184,42.751734,6,"7;8;9;10;11;12"
Root_8319,0.000000,11.838240,12,"0;1;2;3;4;5;6;8;9;10;11;12"
Root_8320,62.511088,32.116000,11,"1;2;3;4;5;6;8;9;10;11;12"
Root_8321,0.000000,17.167840,11,"0;2;3;4;5;6;8;9;10;11;12"
Root_8322,92.124634,36.745600,10,"2;3;4;5;6;8;9;10;11;12"
Root_8323,0.000000,12.764160,11,"0;1;3;4;5;6;8;9;10;11;12"
Root_8324,61.069168,33.041920,10,"1;3;4;5;6;8;9;10;11;12"
Root_8325,0.000000,18.093760,10,"0;3;4;5;6;8;9;10;11;12"
Root_8326,89.396154,37.671520,9,"3;4;5;6;8;9;10;11;12"
Root_8327,0.000000,13.751808,11,"0;1;2;4;5;6;8;9;10;11;12"
Root_8328,67.748176,34.029568,10,"1;2;4;5;6;8;9;10;11;12"
Root_8329,0.000000,19.081408,10,"0;2;4;5;6;8;9;10;11;12"
Root_8330,94.699930,38.659168,9,"2;4;5;6;8;9;10;11;12"
Root_8331,0.000000,14.677728,10,"0;1;4;5;6;8;9;10;11;12"
Root_8332,64.392688,34.955488,9,"1;4;5;6;8;9;10;11;12"
Root_8333,0.000000,20.007328,9,"0;4;5;6;8;9;10;11;12"
Root_8334,92.225850,39.585088,8,"4;5;6;8;9;10;11;12"
Root_8335,0.000000,14.060448,11,"0;1;2;3;5;6;8;9;10;11;12"
Root_8336,63.365456,34.338208,10,"1;2;3;5;6;8;9;10;11;12"
Root_8337,0.000000,19.390048,10,"0;2;3;5;6;8;9;10;11;12"
Root_8338,93.593658,38.967808,9,"2;3;5;6;8;9;10;11;12"
Root_8339,0.000000,14.986368,10,"0;1;3;5;6;8;9;10;11;12"
Root_8340,59.965456,35.264128,9,"1;3;5;6;8;9;10;11;12"
Root_8341,0.000000,20.315968,9,"0;3;5;6;8;9;10;11;12"
Root_8342,92.045498,39.893728,8,"3;5;6;8;9;10;11;12"
Root_8343,0.000000,15.974016,10,"0;1;2;5;6;8;9;10;11;12"
Root_8344,66.940752,36.251776,9,"1;2;5;6;8;9;10;11;12"
Root_8345,0.000000,21.303616,9,"0;2;5;6;8;9;10;11;12"
Root_8346,96.114714,40.881376,8,"2;5;6;8;9;10;11;12"
Root_8347,0.000000,16.899936,9,"0;1;5;6;8;9;10;11;12"
Root_8348,64.644368,37.177696,8,"1;5;6;8;9;10;11;12"
Root_8349,0.000000,22.229536,8,"0;5;6;8;9;10;11;12"
Root_8350,95.373850,41.807296,7,"5;6;8;9;10;11;12"
Root_8351,0.000000,13.381440,11,"0;1;2;3;4;6;8;9;10;11;12"
Root_8352,71.028538,33.659200,10,"1;2;3;4;6;8;9;10;11;12"
Root_8353,0.000000,18.711040,10,"0;2;3;4;6;8;9;10;11;12"
Root_8354,99.586234,38.288800,9,"2;3;4;6;8;9;10;11;12"
Root_8355,0.000000,14.307360,10,"0;1;3;4;6;8;9;10;11;12"
Root_8356,68.043418,34.585120,9,"1;3;4;6;8;9;10;11;12"
Root_8357,0.000000,19.636960,9,"0;3;4;6;8;9;10;11;12"
Root_8358,97.112154,39.214720,8,"3;4;6;8;9;10;11;12"
Root_8359,0.000000,15.295008,10,"0;1;2;4;6;8;9;10;11;12"
Root_8360,74.855674,35.572768,9,"1;2;4;6;8;9;10;11;12"
Root_8361,0.000000,20.624608,9,"0;2;4;6;8;9;10;11;12"
Root_8362,100.872730,40.202368,8,"2;4;6;8;9;10;11;12"
Root_8363,0.000000,16.220928,9,"0;1;4;6;8;9;10;11;12"
Root_8364,71.455674,36.498688,8,"1;4;6;8;9;10;11;12"
Root_8365,0.000000,21.550528,8,"0;4;6;8;9;10;11;12"
Root_8366,98.526938,41.128288,7,"4;6;8;9;10;11;12"
Root_8367,0.000000,15.603648,10,"0;1;2;3;6;8;9;10;11;12"
Root_8368,70.472954,35.881408,9,"1;2;3;6;8;9;10;11;12"
Root_8369,0.000000,20.933248,9,"0;2;3;6;8;9;10;11;12"
Root_8370,101.309658,40.511008,8,"2;3;6;8;9;10;11;12"
Root_8371,0.000000,16.529568,9,"0;1;3;6;8;9;10;11;12"
Root_8372,67.880282,36.807328,8,"1;3;6;8;9;10;11;12"
Root_8373,0.000000,21.859168,8,"0;3;6;8;9;10;11;12"
Root_8374,99.761498,41.436928,7,"3;6;8;9;10;11;12"
Root_8375,0.000000,17.517216,9,"0;1;2;6;8;9;10;11;12"
Root_8376,74.843226,37.794976,8,"1;2;6;8;9;10;11;12"
Root_8377,0.000000,22.846816,8,"0;2;6;8;9;10;11;12"
Root_8378,103.712090,42.424576,7,"2;6;8;9;10;11;12"
Root_8379,0.000000,18.443136,8,"0;1;6;8;9;10;11;12"
Root_8380,73.295066,38.720896,7,"1;6;8;9;10;11;12"
Root_8381,0.000000,23.772736,7,"0;6;8;9;10;11;12"
Root_8382,103.089850,43.350496,6,"6;8;9;10;11;12"
Root_8383,0.000000,14.264150,11,"0;1;2;3;4;5;8;9;10;11;12"
Root_8384,74.332000,34.541910,10,"1;2;3;4;5;8;9;10;11;12"
Root_8385,0.000000,19.593750,10,"0;2;3;4;5;8;9;10;11;12"
Root_8386,102.644362,39.171510,9,"2;3;4;5;8;9;10;11;12"
Root_8387,0.000000,15.190070,10,"0;1;3;4;5;8;9;10;11;12"
Root_8388,70.932000,35.467830,9,"1;3;4;5;8;9;10;11;12"
Root_8389,0.000000,20.519670,9,"0;3;4;5;8;9;10;11;12"
Root_8390,100.170282,40.097430,8,"3;4;5;8;9;10;11;12"
Root_8391,0.000000,16.177718,10,"0;1;2;4;5;8;9;10;11;12"
Root_8392,77.451818,36.455478,9,"1;2;4;5;8;9;10;11;12"
Root_8393,0.000000,21.507318,9,"0;2;4;5;8;9;10;11;12"
Root_8394,103.133226,41.085078,8,"2;4;5;8;9;10;11;12"
Root_8395,0.000000,17.103638,9,"0;1;4;5;8;9;10;11;12"
Root_8396,74.433216,37.381398,8,"1;4;5;8;9;10;11;12"
Root_8397,0.000000,22.433238,8,"0;4;5;8;9;10;11;12"
Root_8398,101.585066,42.010998,7,"4;5;8;9;10;11;12"
Root_8399,0.000000,16.486358,10,"0;1;2;3;5;8;9;10;11;12"
Root_8400,73.833216,36.764118,9,"1;2;3;5;8;9;10;11;12"
Root_8401,0.000000,21.815958,9,"0;2;3;5;8;9;10;11;12"
Root_8402,104.865184,41.393718,8,"2;3;5;8;9;10;11;12"
Root_8403,0.000000,17.412278,9,"0;1;3;5;8;9;10;11;12"
Root_8404,72.049174,37.690038,8,"1;3;5;8;9;10;11;12"
Root_8405,0.000000,22.741878,8,"0;3;5;8;9;10;11;12"
Root_8406,103.317024,42.319638,7,"3;5;8;9;10;11;12"
Root_8407,0.000000,18.399926,9,"0;1;2;5;8;9;10;11;12"
Root_8408,78.322080,38.677686,8,"1;2;5;8;9;10;11;12"
Root_8409,0.000000,23.729526,8,"0;2;5;8;9;10;11;12"
Root_8410,107.699712,43.307286,7,"2;5;8;9;10;11;12"
Root_8411,0.000000,19.325846,8,"0;1;5;8;9;10;11;12"
Root_8412,76.773920,39.603606,7,"1;5;8;9;10;11;12"
Root_8413,0.000000,24.655446,7,"0;5;8;9;10;11;12"
Root_8414,107.077472,44.233206,6,"5;8;9;10;11;12"
Root_8415,0.000000,15.807350,10,"0;1;2;3;4;8;9;10;11;12"
Root_8416,81.917395,36.085110,9,"1;2;3;4;8;9;10;11;12"
Root_8417,0.154102,21.136950,9,"0;2;3;4;8;9;10;11;12"
Root_8418,108.817162,40.714710,8,"2;3;4;8;9;10;11;12"
Root_8419,0.000000,16.733270,9,"0;1;3;4;8;9;10;11;12"
Root_8420,78.528426,37.011030,8,"1;3;4;8;9;10;11;12"
Root_8421,0.154102,22.062870,8,"0;3;4;8;9;10;11;12"
Root_8422,106.343082,41.640630,7,"3;4;8;9;10;11;12"
Root_8423,0.000000,17.720918,9,"0;1;2;4;8;9;10;11;12"
Root_8424,84.492691,37.998678,8,"1;2;4;8;9;10;11;12"
Root_8425,2.610531,23.050518,8,"0;2;4;8;9;10;11;12"
Root_8426,109.306026,42.628278,7,"2;4;8;9;10;11;12"
Root_8427,0.000000,18.646838,8,"0;1;4;8;9;10;11;12"
Root_8428,82.018611,38.924598,7,"1;4;8;9;10;11;12"
Root_8429,2.610531,23.976438,7,"0;4;8;9;10;11;12"
Root_8430,107.757866,43.554198,6,"4;8;9;10;11;12"
Root_8431,0.000000,18.029558,9,"0;1;2;3;8;9;10;11;12"
Root_8432,82.725930,38.307318,8,"1;2;3;8;9;10;11;12"
Root_8433,0.154102,23.359158,8,"0;2;3;8;9;10;11;12"
Root_8434,110.849226,42.936918,7,"2;3;8;9;10;11;12"
Root_8435,0.000000,18.955478,8,"0;1;3;8;9;10;11;12"
Root_8436,81.177770,39.233238,7,"1;3;8;9;10;11;12"
Root_8437,0.154102,24.285078,7,"0;3;8;9;10;11;12"
Root_8438,109.301066,43.862838,6,"3;8;9;10;11;12"
Root_8439,0.000000,19.943126,8,"0;1;2;8;9;10;11;12"
Root_8440,85.907475,40.220886,7,"1;2;8;9;10;11;12"
Root_8441,2.912858,25.272726,7,"0;2;8;9;10;11;12"
Root_8442,113.313386,44.850486,6,"2;8;9;10;11;12"
Root_8443,0.000000,20.869046,7,"0;1;8;9;10;11;12"
Root_8444,84.506122,41.146806,6,"1;8;9;10;11;12"
Root_8445,3.838778,26.198646,6,"0;8;9;10;11;12"
Root_8446,113.467552,45.776406,5,"8;9;10;11;12"
Root_8447,0.000000,13.443168,12,"0;1;2;3;4;5;6;7;9;10;11;12"
Root_8448,70.976538,33.720928,11,"1;2;3;4;5;6;7;9;10;11;12"
Root_8449,0.000000,18.772768,11,"0;2;3;4;5;6;7;9;10;11;12"
Root_8450,102.882490,38.350528,10,"2;3;4;5;6;7;9;10;11;12"
Root_8451,0.000000,14.369088,11,"0;1;3;4;5;6;7;9;10;11;12"
Root_8452,67.929690,34.646848,10,"1;3;4;5;6;7;9;10;11;12"
Root_8453,0.000000,19.698688,10,"0;3;4;5;6;7;9;10;11;12"
Root_8454,100.408410,39.276448,9,"3;4;5;6;7;9;10;11;12"
Root_8455,0.000000,15.356736,11,"0;1;2;4;5;6;7;9;10;11;12"
Root_8456,74.803674,35.634496,10,"1;2;4;5;6;7;9;10;11;12"
Root_8457,0.000000,20.686336,10,"0;2;4;5;6;7;9;10;11;12"
Root_8458,104.107258,40.264096,9,"2;4;5;6;7;9;10;11;12"
Root_8459,0.000000,16.282656,10,"0;1;4;5;6;7;9;10;11;12"
Root_8460,71.403674,36.560416,9,"1;4;5;6;7;9;10;11;12"
Root_8461,0.000000,21.612256,9,"0;4;5;6;7;9;10;11;12"
Root_8462,101.823194,41.190016,8,"4;5;6;7;9;10;11;12"
Root_8463,0.000000,15.665376,11,"0;1;2;3;5;6;7;9;10;11;12"
Root_8464,70.420954,35.943136,10,"1;2;3;5;6;7;9;10;11;12"
Root_8465,0.000000,20.994976,10,"0;2;3;5;6;7;9;10;11;12"
Root_8466,104.714426,40.572736,9,"2;3;5;6;7;9;10;11;12"
Root_8467,0.000000,16.591296,10,"0;1;3;5;6;7;9;10;11;12"
Root_8468,67.890010,36.869056,9,"1;3;5;6;7;9;10;11;12"
Root_8469,0.000000,21.920896,9,"0;3;5;6;7;9;10;11;12"
Root_8470,103.166266,41.498656,8,"3;5;6;7;9;10;11;12"
Root_8471,0.000000,17.578944,10,"0;1;2;5;6;7;9;10;11;12"
Root_8472,74.852954,37.856704,9,"1;2;5;6;7;9;10;11;12"
Root_8473,0.000000,22.908544,9,"0;2;5;6;7;9;10;11;12"
Root_8474,107.116858,42.486304,8,"2;5;6;7;9;10;11;12"
Root_8475,0.000000,18.504864,9,"0;1;5;6;7;9;10;11;12"
Root_8476,73.304794,38.782624,8,"1;5;6;7;9;10;11;12"
Root_8477,0.000000,23.834464,8,"0;5;6;7;9;10;11;12"
Root_8478,106.494618,43.412224,7,"5;6;7;9;10;11;12"
Root_8479,0.000000,14.986368,11,"0;1;2;3;4;6;7;9;10;11;12"
Root_8480,78.245542,35.264128,10,"1;2;3;4;6;7;9;10;11;12"
Root_8481,0.000000,20.315968,10,"0;2;3;4;6;7;9;10;11;12"
Root_8482,109.055290,39.893728,9,"2;3;4;6;7;9;10;11;12"
Root_8483,0.000000,15.912288,10,"0;1;3;4;6;7;9;10;11;12"
Root_8484,74.845542,36.190048,9,"1;3;4;6;7;9;10;11;12"
Root_8485,0.000000,21.241888,9,"0;3;4;6;7;9;10;11;12"
Root_8486,106.581210,40.819648,8,"3;4;6;7;9;10;11;12"
Root_8487,0.000000,16.899936,10,"0;1;2;4;6;7;9;10;11;12"
Root_8488,80.820838,37.177696,9,"1;2;4;6;7;9;10;11;12"
Root_8489,0.814464,22.229536,9,"0;2;4;6;7;9;10;11;12"
Root_8490,109.544154,41.807296,8,"2;4;6;7;9;10;11;12"
Root_8491,0.000000,17.825856,9,"0;1;4;6;7;9;10;11;12"
Root_8492,78.346758,38.103616,8,"1;4;6;7;9;10;11;12"
Root_8493,0.814464,23.155456,8,"0;4;6;7;9;10;11;12"
Root_8494,107.995994,42.733216,7,"4;6;7;9;10;11;12"
Root_8495,0.000000,17.208576,10,"0;1;2;3;6;7;9;10;11;12"
Root_8496,78.233094,37.486336,9,"1;2;3;6;7;9;10;11;12"
Root_8497,0.000000,22.538176,9,"0;2;3;6;7;9;10;11;12"
Root_8498,111.087354,42.115936,8,"2;3;6;7;9;10;11;12"
Root_8499,0.000000,18.134496,9,"0;1;3;6;7;9;10;11;12"
Root_8500,76.684934,38.412256,8,"1;3;6;7;9;10;11;12"
Root_8501,0.000000,23.464096,8,"0;3;6;7;9;10;11;12"
Root_8502,109.539194,43.041856,7,"3;6;7;9;10;11;12"
Root_8503,0.000000,19.122144,9,"0;1;2;6;7;9;10;11;12"
Root_8504,82.235622,39.399904,8,"1;2;6;7;9;10;11;12"
Root_8505,0.814464,24.451744,8,"0;2;6;7;9;10;11;12"
Root_8506,113.551514,44.029504,7,"2;6;7;9;10;11;12"
Root_8507,0.000000,20.048064,8,"0;1;6;7;9;10;11;12"
Root_8508,80.687462,40.325824,7,"1;6;7;9;10;11;12"
Root_8509,1.221728,25.377664,7,"0;6;7;9;10;11;12"
Root_8510,112.929274,44.955424,6,"6;7;9;10;11;12"
Root_8511,0.000000,15.869078,11,"0;1;2;3;4;5;7;9;10;11;12"
Root_8512,81.698730,36.146838,10,"1;2;3;4;5;7;9;10;11;12"
Root_8513,0.000000,21.198678,10,"0;2;3;4;5;7;9;10;11;12"
Root_8514,112.360330,40.776438,9,"2;3;4;5;7;9;10;11;12"
Root_8515,0.000000,16.794998,10,"0;1;3;4;5;7;9;10;11;12"
Root_8516,78.371488,37.072758,9,"1;3;4;5;7;9;10;11;12"
Root_8517,0.000000,22.124598,9,"0;3;4;5;7;9;10;11;12"
Root_8518,109.886250,41.702358,8,"3;4;5;7;9;10;11;12"
Root_8519,0.000000,17.782646,10,"0;1;2;4;5;7;9;10;11;12"
Root_8520,84.274026,38.060406,9,"1;2;4;5;7;9;10;11;12"
Root_8521,2.579885,23.112246,9,"0;2;4;5;7;9;10;11;12"
Root_8522,112.852768,42.690006,8,"2;4;5;7;9;10;11;12"
Root_8523,0.000000,18.708566,9,"0;1;4;5;7;9;10;11;12"
Root_8524,81.799946,38.986326,8,"1;4;5;7;9;10;11;12"
Root_8525,2.579885,24.038166,8,"0;4;5;7;9;10;11;12"
Root_8526,111.304608,43.615926,7,"4;5;7;9;10;11;12"
Root_8527,0.000000,18.091286,10,"0;1;2;3;5;7;9;10;11;12"
Root_8528,82.568992,38.369046,9,"1;2;3;5;7;9;10;11;12"
Root_8529,0.000000,23.420886,9,"0;2;3;5;7;9;10;11;12"
Root_8530,114.704608,42.998646,8,"2;3;5;7;9;10;11;12"
Root_8531,0.000000,19.017206,9,"0;1;3;5;7;9;10;11;12"
Root_8532,81.020832,39.294966,8,"1;3;5;7;9;10;11;12"
Root_8533,0.000000,24.346806,8,"0;3;5;7;9;10;11;12"
Root_8534,113.156448,43.924566,7,"3;5;7;9;10;11;12"
Root_8535,0.000000,20.004854,9,"0;1;2;5;7;9;10;11;12"
Root_8536,85.688810,40.282614,8,"1;2;5;7;9;10;11;12"
Root_8537,2.943939,25.334454,8,"0;2;5;7;9;10;11;12"
Root_8538,117.539136,44.912214,7,"2;5;7;9;10;11;12"
Root_8539,0.000000,20.930774,8,"0;1;5;7;9;10;11;12"
Root_8540,84.349184,41.208534,7,"1;5;7;9;10;11;12"
Root_8541,3.869859,26.260374,7,"0;5;7;9;10;11;12"
Root_8542,118.593165,45.838134,6,"5;7;9;10;11;12"
Root_8543,0.000000,17.412278,10,"0;1;2;3;4;7;9;10;11;12"
Root_8544,88.561568,37.690038,9,"1;2;3;4;7;9;10;11;12"
Root_8545,2.968579,22.741878,9,"0;2;3;4;7;9;10;11;12"
Root_8546,116.989930,42.319638,8,"2;3;4;7;9;10;11;12"
Root_8547,0.000000,18.338198,9,"0;1;3;4;7;9;10;11;12"
Root_8548,86.087488,38.615958,8,"1;3;4;7;9;10;11;12"
Root_8549,2.968579,23.667798,8,"0;3;4;7;9;10;11;12"
Root_8550,114.515850,43.245558,7,"3;4;7;9;10;11;12"
Root_8551,0.000000,19.325846,9,"0;1;2;4;7;9;10;11;12"
Root_8552,90.446826,39.603606,8,"1;2;4;7;9;10;11;12"
Root_8553,6.240195,24.655446,8,"0;2;4;7;9;10;11;12"
Root_8554,117.540522,44.233206,7,"2;4;7;9;10;11;12"
Root_8555,0.000000,20.251766,8,"0;1;4;7;9;10;11;12"
Root_8556,87.972746,40.529526,7,"1;4;7;9;10;11;12"
Root_8557,6.851162,25.581366,7,"0;4;7;9;10;11;12"
Root_8558,116.310614,45.159126,6,"4;7;9;10;11;12"
Root_8559,0.000000,19.634486,9,"0;1;2;3;7;9;10;11;12"
Root_8560,90.284992,39.912246,8,"1;2;3;7;9;10;11;12"
Root_8561,2.968579,24.964086,8,"0;2;3;7;9;10;11;12"
Root_8562,119.083722,44.541846,7,"2;3;7;9;10;11;12"
Root_8563,0.000000,20.560406,8,"0;1;3;7;9;10;11;12"
Root_8564,88.736832,40.838166,7,"1;3;7;9;10;11;12"
Root_8565,3.888186,25.890006,7,"0;3;7;9;10;11;12"
Root_8566,118.471094,45.467766,6,"3;7;9;10;11;12"
Root_8567,0.000000,21.548054,8,"0;1;2;7;9;10;11;12"
Root_8568,92.687424,41.825814,7,"1;2;7;9;10;11;12"
Root_8569,8.980624,26.877654,7,"0;2;7;9;10;11;12"
Root_8570,124.458710,46.455414,6,"2;7;9;10;11;12"
Root_8571,0.000000,22.473974,7,"0;1;7;9;10;11;12"
Root_8572,92.065184,42.751734,6,"1;7;9;10;11;12"
Root_8573,9.073370,27.803574,6,"0;7;9;10;11;12"
Root_8574,126.069645,47.381334,5,"7;9;10;11;12"
Root_8575,0.000000,16.467840,11,"0;1;2;3;4;5;6;9;10;11;12"
Root_8576,86.124634,36.745600,10,"1;2;3;4;5;6;9;10;11;12"
Root_8577,0.456416,21.797440,10,"0;2;3;4;5;6;9;10;11;12"
Root_8578,117.555235,41.375200,9,"2;3;4;5;6;9;10;11;12"
Root_8579,0.000000,17.393760,10,"0;1;3;4;5;6;9;10;11;12"
Root_8580,83.396154,37.671520,9,"1;3;4;5;6;9;10;11;12"
Root_8581,0.456416,22.723360,9,"0;3;4;5;6;9;10;11;12"
Root_8582,115.081155,42.301120,8,"3;4;5;6;9;10;11;12"
Root_8583,0.000000,18.381408,10,"0;1;2;4;5;6;9;10;11;12"
Root_8584,88.699930,38.659168,9,"1;2;4;5;6;9;10;11;12"
Root_8585,3.777408,23.711008,9,"0;2;4;5;6;9;10;11;12"
Root_8586,118.476195,43.288768,8,"2;4;5;6;9;10;11;12"
Root_8587,0.000000,19.307328,9,"0;1;4;5;6;9;10;11;12"
Root_8588,86.225850,39.585088,8,"1;4;5;6;9;10;11;12"
Root_8589,3.777408,24.636928,8,"0;4;5;6;9;10;11;12"
Root_8590,116.928035,44.214688,7,"4;5;6;9;10;11;12"
Root_8591,0.000000,18.690048,10,"0;1;2;3;5;6;9;10;11;12"
Root_8592,87.593658,38.967808,9,"1;2;3;5;6;9;10;11;12"
Root_8593,0.456416,24.019648,9,"0;2;3;5;6;9;10;11;12"
Root_8594,120.328035,43.597408,8,"2;3;5;6;9;10;11;12"
Root_8595,0.000000,19.615968,9,"0;1;3;5;6;9;10;11;12"
Root_8596,86.045498,39.893728,8,"1;3;5;6;9;10;11;12"
Root_8597,0.456416,24.945568,8,"0;3;5;6;9;10;11;12"
Root_8598,118.779875,44.523328,7,"3;5;6;9;10;11;12"
Root_8599,0.000000,20.603616,9,"0;1;2;5;6;9;10;11;12"
Root_8600,90.114714,40.881376,8,"1;2;5;6;9;10;11;12"
Root_8601,4.740224,25.933216,8,"0;2;5;6;9;10;11;12"
Root_8602,124.184515,45.510976,7,"2;5;6;9;10;11;12"
Root_8603,0.000000,21.529536,8,"0;1;5;6;9;10;11;12"
Root_8604,89.373850,41.807296,7,"1;5;6;9;10;11;12"
Root_8605,5.666144,26.859136,7,"0;5;6;9;10;11;12"
Root_8606,125.414115,46.436896,6,"5;6;9;10;11;12"
Root_8607,0.000000,18.011040,10,"0;1;2;3;4;6;9;10;11;12"
Root_8608,93.586234,38.288800,9,"1;2;3;4;6;9;10;11;12"
Root_8609,4.764864,23.340640,9,"0;2;3;4;6;9;10;11;12"
Root_8610,122.014595,42.918400,8,"2;3;4;6;9;10;11;12"
Root_8611,0.000000,18.936960,9,"0;1;3;4;6;9;10;11;12"
Root_8612,91.112154,39.214720,8,"1;3;4;6;9;10;11;12"
Root_8613,4.764864,24.266560,8,"0;3;4;6;9;10;11;12"
Root_8614,119.540515,43.844320,7,"3;4;6;9;10;11;12"
Root_8615,0.000000,19.924608,9,"0;1;2;4;6;9;10;11;12"
Root_8616,94.872730,40.202368,8,"1;2;4;6;9;10;11;12"
Root_8617,8.320288,25.254208,8,"0;2;4;6;9;10;11;12"
Root_8618,122.565187,44.831968,7,"2;4;6;9;10;11;12"
Root_8619,0.000000,20.850528,8,"0;1;4;6;9;10;11;12"
Root_8620,92.526938,41.128288,7,"1;4;6;9;10;11;12"
Root_8621,9.246208,26.180128,7,"0;4;6;9;10;11;12"
Root_8622,122.532803,45.757888,6,"4;6;9;10;11;12"
Root_8623,0.000000,20.233248,9,"0;1;2;3;6;9;10;11;12"
Root_8624,95.309658,40.511008,8,"1;2;3;6;9;10;11;12"
Root_8625,5.357312,25.562848,8,"0;2;3;6;9;10;11;12"
Root_8626,124.389603,45.140608,7,"2;3;6;9;10;11;12"
Root_8627,0.000000,21.159168,8,"0;1;3;6;9;10;11;12"
Root_8628,93.761498,41.436928,7,"1;3;6;9;10;11;12"
Root_8629,6.283232,26.488768,7,"0;3;6;9;10;11;12"
Root_8630,124.693283,46.066528,6,"3;6;9;10;11;12"
Root_8631,0.000000,22.146816,8,"0;1;2;6;9;10;11;12"
Root_8632,97.712090,42.424576,7,"1;2;6;9;10;11;12"
Root_8633,9.728192,27.476416,7,"0;2;6;9;10;11;12"
Root_8634,130.680899,47.054176,6,"2;6;9;10;11;12"
Root_8635,0.000000,23.072736,7,"0;1;6;9;10;11;12"
Root_8636,97.089850,43.350496,6,"1;6;9;10;11;12"
Root_8637,9.728192,28.402336,6,"0;6;9;10;11;12"
Root_8638,131.910499,47.980096,5,"6;9;10;11;12"
Root_8639,0.000000,18.893750,10,"0;1;2;3;4;5;9;10;11;12"
Root_8640,96.644362,39.171510,9,"1;2;3;4;5;9;10;11;12"
Root_8641,6.937901,24.223350,9,"0;2;3;4;5;9;10;11;12"
Root_8642,124.952842,43.801110,8,"2;3;4;5;9;10;11;12"
Root_8643,0.000000,19.819670,9,"0;1;3;4;5;9;10;11;12"
Root_8644,94.170282,40.097430,8,"1;3;4;5;9;10;11;12"
Root_8645,7.116771,25.149270,8,"0;3;4;5;9;10;11;12"
Root_8646,122.478762,44.727030,7,"3;4;5;9;10;11;12"
Root_8647,0.000000,20.807318,9,"0;1;2;4;5;9;10;11;12"
Root_8648,97.133226,41.085078,8,"1;2;4;5;9;10;11;12"
Root_8649,10.610902,26.136918,8,"0;2;4;5;9;10;11;12"
Root_8650,127.303158,45.714678,7,"2;4;5;9;10;11;12"
Root_8651,0.000000,21.733238,8,"0;1;4;5;9;10;11;12"
Root_8652,95.585066,42.010998,7,"1;4;5;9;10;11;12"
Root_8653,10.610902,27.062838,7,"0;4;5;9;10;11;12"
Root_8654,127.606838,46.640598,6,"4;5;9;10;11;12"
Root_8655,0.000000,21.115958,9,"0;1;2;3;5;9;10;11;12"
Root_8656,98.865184,41.393718,8,"1;2;3;5;9;10;11;12"
Root_8657,8.814138,26.445558,8,"0;2;3;5;9;10;11;12"
Root_8658,129.772278,46.023318,7,"2;3;5;9;10;11;12"
Root_8659,0.000000,22.041878,8,"0;1;3;5;9;10;11;12"
Root_8660,97.317024,42.319638,7,"1;3;5;9;10;11;12"
Root_8661,9.338979,27.371478,7,"0;3;5;9;10;11;12"
Root_8662,130.075958,46.949238,6,"3;5;9;10;11;12"
Root_8663,0.000000,23.029526,8,"0;1;2;5;9;10;11;12"
Root_8664,101.699712,43.307286,7,"1;2;5;9;10;11;12"
Root_8665,10.610902,28.359126,7,"0;2;5;9;10;11;12"
Root_8666,137.370829,47.936886,6,"2;5;9;10;11;12"
Root_8667,0.000000,23.955446,7,"0;1;5;9;10;11;12"
Root_8668,101.077472,44.233206,6,"1;5;9;10;11;12"
Root_8669,10.610902,29.285046,6,"0;5;9;10;11;12"
Root_8670,140.389155,48.862806,5,"5;9;10;11;12"
Root_8671,0.000000,20.436950,9,"0;1;2;3;4;9;10;11;12"
Root_8672,102.817162,40.714710,8,"1;2;3;4;9;10;11;12"
Root_8673,12.154102,25.766550,8,"0;2;3;4;9;10;11;12"
Root_8674,127.674912,45.344310,7,"2;3;4;9;10;11;12"
Root_8675,0.000000,21.362870,8,"0;1;3;4;9;10;11;12"
Root_8676,100.343082,41.640630,7,"1;3;4;9;10;11;12"
Root_8677,12.154102,26.692470,7,"0;3;4;9;10;11;12"
Root_8678,127.052672,46.270230,6,"3;4;9;10;11;12"
Root_8679,1.056429,22.350518,8,"0;1;2;4;9;10;11;12"
Root_8680,103.306026,42.628278,7,"1;2;4;9;10;11;12"
Root_8681,14.610531,27.680118,7,"0;2;4;9;10;11;12"
Root_8682,132.310518,47.257878,6,"2;4;9;10;11;12"
Root_8683,1.056429,23.276438,7,"0;1;4;9;10;11;12"
Root_8684,101.757866,43.554198,6,"1;4;9;10;11;12"
Root_8685,14.610531,28.606038,6,"0;4;9;10;11;12"
Root_8686,133.907715,48.183798,5,"4;9;10;11;12"
Root_8687,0.000000,22.659158,8,"0;1;2;3;9;10;11;12"
Root_8688,104.849226,42.936918,7,"1;2;3;9;10;11;12"
Root_8689,12.154102,27.988758,7,"0;2;3;9;10;11;12"
Root_8690,134.779638,47.566518,6,"2;3;9;10;11;12"
Root_8691,0.000000,23.585078,7,"0;1;3;9;10;11;12"
Root_8692,103.301066,43.862838,6,"1;3;9;10;11;12"
Root_8693,12.154102,28.914678,6,"0;3;9;10;11;12"
Root_8694,136.994115,48.492438,5,"3;9;10;11;12"
Root_8695,1.056429,24.572726,7,"0;1;2;9;10;11;12"
Root_8696,107.313386,44.850486,6,"1;2;9;10;11;12"
Root_8697,14.610531,29.902326,6,"0;2;9;10;11;12"
Root_8698,145.944675,49.480086,5,"2;9;10;11;12"
Root_8699,1.584675,25.498646,6,"0;1;9;10;11;12"
Root_8700,108.243958,45.776406,5,"1;9;10;11;12"
Root_8701,14.610531,30.828246,5,"0;9;10;11;12"
Root_8702,149.952035,50.406006,4,"9;10;11;12"
Root_8703,0.000000,11.406144,12,"0;1;2;3;4;5;6;7;8;10;11;12"
Root_8704,55.621210,31.683904,11,"1;2;3;4;5;6;7;8;10;11;12"
Root_8705,0.000000,16.735744,11,"0;2;3;4;5;6;7;8;10;11;12"
Root_8706,80.532058,36.313504,10,"2;3;4;5;6;7;8;10;11;12"
Root_8707,0.000000,12.332064,11,"0;1;3;4;5;6;7;8;10;11;12"
Root_8708,54.611386,32.609824,10,"1;3;4;5;6;7;8;10;11;12"
Root_8709,0.000000,17.661664,10,"0;3;4;5;6;7;8;10;11;12"
Root_8710,77.371482,37.239424,9,"3;4;5;6;7;8;10;11;12"
Root_8711,0.000000,13.319712,11,"0;1;2;4;5;6;7;8;10;11;12"
Root_8712,61.290394,33.597472,10,"1;2;4;5;6;7;8;10;11;12"
Root_8713,0.000000,18.649312,10,"0;2;4;5;6;7;8;10;11;12"
Root_8714,83.107354,38.227072,9,"2;4;5;6;7;8;10;11;12"
Root_8715,0.000000,14.245632,10,"0;1;4;5;6;7;8;10;11;12"
Root_8716,58.367002,34.523392,9,"1;4;5;6;7;8;10;11;12"
Root_8717,0.000000,19.575232,9,"0;4;5;6;7;8;10;11;12"
Root_8718,80.786266,39.152992,8,"4;5;6;7;8;10;11;12"
Root_8719,0.000000,13.628352,11,"0;1;2;3;5;6;7;8;10;11;12"
Root_8720,56.907674,33.906112,10,"1;2;3;5;6;7;8;10;11;12"
Root_8721,0.000000,18.957952,10,"0;2;3;5;6;7;8;10;11;12"
Root_8722,81.568986,38.535712,9,"2;3;5;6;7;8;10;11;12"
Root_8723,0.000000,14.554272,10,"0;1;3;5;6;7;8;10;11;12"
Root_8724,53.675642,34.832032,9,"1;3;5;6;7;8;10;11;12"
Root_8725,0.000000,19.883872,9,"0;3;5;6;7;8;10;11;12"
Root_8726,80.482458,39.461632,8,"3;5;6;7;8;10;11;12"
Root_8727,0.000000,15.541920,10,"0;1;2;5;6;7;8;10;11;12"
Root_8728,60.663290,35.819680,9,"1;2;5;6;7;8;10;11;12"
Root_8729,0.000000,20.871520,9,"0;2;5;6;7;8;10;11;12"
Root_8730,85.971418,40.449280,8,"2;5;6;7;8;10;11;12"
Root_8731,0.000000,16.467840,9,"0;1;5;6;7;8;10;11;12"
Root_8732,58.008890,36.745600,8,"1;5;6;7;8;10;11;12"
Root_8733,0.000000,21.797440,8,"0;5;6;7;8;10;11;12"
Root_8734,85.724378,41.375200,7,"5;6;7;8;10;11;12"
Root_8735,0.000000,12.949344,11,"0;1;2;3;4;6;7;8;10;11;12"
Root_8736,61.794010,33.227104,10,"1;2;3;4;6;7;8;10;11;12"
Root_8737,0.000000,18.278944,10,"0;2;3;4;6;7;8;10;11;12"
Root_8738,87.561562,37.856704,9,"2;3;4;6;7;8;10;11;12"
Root_8739,0.000000,13.875264,10,"0;1;3;4;6;7;8;10;11;12"
Root_8740,59.240986,34.153024,9,"1;3;4;6;7;8;10;11;12"
Root_8741,0.000000,19.204864,9,"0;3;4;6;7;8;10;11;12"
Root_8742,85.087482,38.782624,8,"3;4;6;7;8;10;11;12"
Root_8743,0.000000,14.862912,10,"0;1;2;4;6;7;8;10;11;12"
Root_8744,65.919994,35.140672,9,"1;2;4;6;7;8;10;11;12"
Root_8745,0.000000,20.192512,9,"0;2;4;6;7;8;10;11;12"
Root_8746,90.050426,39.770272,8,"2;4;6;7;8;10;11;12"
Root_8747,0.000000,15.788832,9,"0;1;4;6;7;8;10;11;12"
Root_8748,62.519994,36.066592,8,"1;4;6;7;8;10;11;12"
Root_8749,0.000000,21.118432,8,"0;4;6;7;8;10;11;12"
Root_8750,88.502266,40.696192,7,"4;6;7;8;10;11;12"
Root_8751,0.000000,15.171552,10,"0;1;2;3;6;7;8;10;11;12"
Root_8752,61.537274,35.449312,9,"1;2;3;6;7;8;10;11;12"
Root_8753,0.000000,20.501152,9,"0;2;3;6;7;8;10;11;12"
Root_8754,90.363898,40.078912,8,"2;3;6;7;8;10;11;12"
Root_8755,0.000000,16.097472,9,"0;1;3;6;7;8;10;11;12"
Root_8756,58.512506,36.375232,8,"1;3;6;7;8;10;11;12"
Root_8757,0.000000,21.427072,8,"0;3;6;7;8;10;11;12"
Root_8758,89.741658,41.004832,7,"3;6;7;8;10;11;12"
Root_8759,0.000000,17.085120,9,"0;1;2;6;7;8;10;11;12"
Root_8760,65.475450,37.362880,8,"1;2;6;7;8;10;11;12"
Root_8761,0.000000,22.414720,8,"0;2;6;7;8;10;11;12"
Root_8762,94.679898,41.992480,7,"2;6;7;8;10;11;12"
Root_8763,0.000000,18.011040,8,"0;1;6;7;8;10;11;12"
Root_8764,63.927290,38.288800,7,"1;6;7;8;10;11;12"
Root_8765,0.000000,23.340640,7,"0;6;7;8;10;11;12"
Root_8766,94.983578,42.918400,6,"6;7;8;10;11;12"
Root_8767,0.000000,13.832054,11,"0;1;2;3;4;5;7;8;10;11;12"
Root_8768,65.016211,34.109814,10,"1;2;3;4;5;7;8;10;11;12"
Root_8769,0.000000,19.161654,10,"0;2;3;4;5;7;8;10;11;12"
Root_8770,91.051786,38.739414,9,"2;3;4;5;7;8;10;11;12"
Root_8771,0.000000,14.757974,10,"0;1;3;4;5;7;8;10;11;12"
Root_8772,61.616211,35.035734,9,"1;3;4;5;7;8;10;11;12"
Root_8773,0.000000,20.087574,9,"0;3;4;5;7;8;10;11;12"
Root_8774,89.243040,39.665334,8,"3;4;5;7;8;10;11;12"
Root_8775,0.000000,15.745622,10,"0;1;2;4;5;7;8;10;11;12"
Root_8776,68.568125,36.023382,9,"1;2;4;5;7;8;10;11;12"
Root_8777,0.000000,21.075222,9,"0;2;4;5;7;8;10;11;12"
Root_8778,93.540650,40.652982,8,"2;4;5;7;8;10;11;12"
Root_8779,0.000000,16.671542,9,"0;1;4;5;7;8;10;11;12"
Root_8780,65.168125,36.949302,8,"1;4;5;7;8;10;11;12"
Root_8781,0.000000,22.001142,8,"0;4;5;7;8;10;11;12"
Root_8782,92.571392,41.578902,7,"4;5;7;8;10;11;12"
Root_8783,0.000000,16.054262,10,"0;1;2;3;5;7;8;10;11;12"
Root_8784,64.517427,36.332022,9,"1;2;3;5;7;8;10;11;12"
Root_8785,0.000000,21.383862,9,"0;2;3;5;7;8;10;11;12"
Root_8786,95.045472,40.961622,8,"2;3;5;7;8;10;11;12"
Root_8787,0.000000,16.980182,9,"0;1;3;5;7;8;10;11;12"
Root_8788,62.301290,37.257942,8,"1;3;5;7;8;10;11;12"
Root_8789,0.000000,22.309782,8,"0;3;5;7;8;10;11;12"
Root_8790,94.423232,41.887542,7,"3;5;7;8;10;11;12"
Root_8791,0.000000,17.967830,9,"0;1;2;5;7;8;10;11;12"
Root_8792,69.006291,38.245590,8,"1;2;5;7;8;10;11;12"
Root_8793,0.000000,23.297430,8,"0;2;5;7;8;10;11;12"
Root_8794,99.550230,42.875190,7,"2;5;7;8;10;11;12"
Root_8795,0.000000,18.893750,8,"0;1;5;7;8;10;11;12"
Root_8796,67.629642,39.171510,7,"1;5;7;8;10;11;12"
Root_8797,0.000000,24.223350,7,"0;5;7;8;10;11;12"
Root_8798,99.853910,43.801110,6,"5;7;8;10;11;12"
Root_8799,0.000000,15.375254,10,"0;1;2;3;4;7;8;10;11;12"
Root_8800,71.189011,35.653014,9,"1;2;3;4;7;8;10;11;12"
Root_8801,0.000000,20.704854,9,"0;2;3;4;7;8;10;11;12"
Root_8802,98.507200,40.282614,8,"2;3;4;7;8;10;11;12"
Root_8803,0.000000,16.301174,9,"0;1;3;4;7;8;10;11;12"
Root_8804,67.789011,36.578934,8,"1;3;4;7;8;10;11;12"
Root_8805,0.000000,21.630774,8,"0;3;4;7;8;10;11;12"
Root_8806,96.959040,41.208534,7,"3;4;7;8;10;11;12"
Root_8807,0.000000,17.288822,9,"0;1;2;4;7;8;10;11;12"
Root_8808,73.764307,37.566582,8,"1;2;4;7;8;10;11;12"
Root_8809,0.499830,22.618422,8,"0;2;4;7;8;10;11;12"
Root_8810,100.909632,42.196182,7,"2;4;7;8;10;11;12"
Root_8811,0.000000,18.214742,8,"0;1;4;7;8;10;11;12"
Root_8812,71.290227,38.492502,7,"1;4;7;8;10;11;12"
Root_8813,0.499830,23.544342,7,"0;4;7;8;10;11;12"
Root_8814,100.287392,43.122102,6,"4;7;8;10;11;12"
Root_8815,0.000000,17.597462,9,"0;1;2;3;7;8;10;11;12"
Root_8816,71.565450,37.875222,8,"1;2;3;7;8;10;11;12"
Root_8817,0.000000,22.927062,8,"0;2;3;7;8;10;11;12"
Root_8818,102.761472,42.504822,7,"2;3;7;8;10;11;12"
Root_8819,0.000000,18.523382,8,"0;1;3;7;8;10;11;12"
Root_8820,70.017290,38.801142,7,"1;3;7;8;10;11;12"
Root_8821,0.000000,23.852982,7,"0;3;7;8;10;11;12"
Root_8822,102.139232,43.430742,6,"3;7;8;10;11;12"
Root_8823,0.000000,19.511030,8,"0;1;2;7;8;10;11;12"
Root_8824,75.967882,39.788790,7,"1;2;7;8;10;11;12"
Root_8825,0.499830,24.840630,7,"0;2;7;8;10;11;12"
Root_8826,107.139200,44.418390,6,"2;7;8;10;11;12"
Root_8827,0.000000,20.436950,7,"0;1;7;8;10;11;12"
Root_8828,75.345642,40.714710,6,"1;7;8;10;11;12"
Root_8829,1.295981,25.766550,6,"0;7;8;10;11;12"
Root_8830,107.787190,45.344310,5,"7;8;10;11;12"
Root_8831,0.000000,14.430816,11,"0;1;2;3;4;5;6;8;10;11;12"
Root_8832,67.476560,34.708576,10,"1;2;3;4;5;6;8;10;11;12"
Root_8833,0.000000,19.760416,10,"0;2;3;4;5;6;8;10;11;12"
Root_8834,96.029315,39.338176,9,"2;3;4;5;6;8;10;11;12"
Root_8835,0.000000,15.356736,10,"0;1;3;4;5;6;8;10;11;12"
Root_8836,64.076560,35.634496,9,"1;3;4;5;6;8;10;11;12"
Root_8837,0.000000,20.686336,9,"0;3;4;5;6;8;10;11;12"
Root_8838,94.481155,40.264096,8,"3;4;5;6;8;10;11;12"
Root_8839,0.000000,16.344384,10,"0;1;2;4;5;6;8;10;11;12"
Root_8840,70.429712,36.622144,9,"1;2;4;5;6;8;10;11;12"
Root_8841,0.000000,21.673984,9,"0;2;4;5;6;8;10;11;12"
Root_8842,98.431747,41.251744,8,"2;4;5;6;8;10;11;12"
Root_8843,0.000000,17.270304,9,"0;1;4;5;6;8;10;11;12"
Root_8844,67.577776,37.548064,8,"1;4;5;6;8;10;11;12"
Root_8845,0.000000,22.599904,8,"0;4;5;6;8;10;11;12"
Root_8846,97.809507,42.177664,7,"4;5;6;8;10;11;12"
Root_8847,0.000000,16.653024,10,"0;1;2;3;5;6;8;10;11;12"
Root_8848,66.977776,36.930784,9,"1;2;3;5;6;8;10;11;12"
Root_8849,0.000000,21.982624,9,"0;2;3;5;6;8;10;11;12"
Root_8850,100.592227,41.560384,8,"2;3;5;6;8;10;11;12"
Root_8851,0.000000,17.578944,9,"0;1;3;5;6;8;10;11;12"
Root_8852,65.360400,37.856704,8,"1;3;5;6;8;10;11;12"
Root_8853,0.000000,22.908544,8,"0;3;5;6;8;10;11;12"
Root_8854,99.969987,42.486304,7,"3;5;6;8;10;11;12"
Root_8855,0.000000,18.566592,9,"0;1;2;5;6;8;10;11;12"
Root_8856,71.466640,38.844352,8,"1;2;5;6;8;10;11;12"
Root_8857,0.000000,23.896192,8,"0;2;5;6;8;10;11;12"
Root_8858,105.340323,43.473952,7,"2;5;6;8;10;11;12"
Root_8859,0.000000,19.492512,8,"0;1;5;6;8;10;11;12"
Root_8860,70.688752,39.770272,7,"1;5;6;8;10;11;12"
Root_8861,0.000000,24.822112,7,"0;5;6;8;10;11;12"
Root_8862,105.644003,44.399872,6,"5;6;8;10;11;12"
Root_8863,0.000000,15.974016,10,"0;1;2;3;4;6;8;10;11;12"
Root_8864,74.584058,36.251776,9,"1;2;3;4;6;8;10;11;12"
Root_8865,0.000000,21.303616,9,"0;2;3;4;6;8;10;11;12"
Root_8866,103.651747,40.881376,8,"2;3;4;6;8;10;11;12"
Root_8867,0.000000,16.899936,9,"0;1;3;4;6;8;10;11;12"
Root_8868,71.361754,37.177696,8,"1;3;4;6;8;10;11;12"
Root_8869,0.000000,22.229536,8,"0;3;4;6;8;10;11;12"
Root_8870,102.103587,41.807296,7,"3;4;6;8;10;11;12"
Root_8871,0.000000,17.887584,9,"0;1;2;4;6;8;10;11;12"
Root_8872,77.159354,38.165344,8,"1;2;4;6;8;10;11;12"
Root_8873,1.098592,23.217184,8,"0;2;4;6;8;10;11;12"
Root_8874,106.100963,42.794944,7,"2;4;6;8;10;11;12"
Root_8875,0.000000,18.813504,8,"0;1;4;6;8;10;11;12"
Root_8876,74.776538,39.091264,7,"1;4;6;8;10;11;12"
Root_8877,1.098592,24.143104,7,"0;4;6;8;10;11;12"
Root_8878,105.478723,43.720864,6,"4;6;8;10;11;12"
Root_8879,0.000000,18.196224,9,"0;1;2;3;6;8;10;11;12"
Root_8880,75.559258,38.473984,8,"1;2;3;6;8;10;11;12"
Root_8881,0.000000,23.525824,8,"0;2;3;6;8;10;11;12"
Root_8882,107.952803,43.103584,7,"2;3;6;8;10;11;12"
Root_8883,0.000000,19.122144,8,"0;1;3;6;8;10;11;12"
Root_8884,74.411002,39.399904,7,"1;3;6;8;10;11;12"
Root_8885,0.000000,24.451744,7,"0;3;6;8;10;11;12"
Root_8886,107.330563,44.029504,6,"3;6;8;10;11;12"
Root_8887,0.000000,20.109792,8,"0;1;2;6;8;10;11;12"
Root_8888,79.961690,40.387552,7,"1;2;6;8;10;11;12"
Root_8889,1.567584,25.439392,7,"0;2;6;8;10;11;12"
Root_8890,112.347683,45.017152,6,"2;6;8;10;11;12"
Root_8891,0.000000,21.035712,7,"0;1;6;8;10;11;12"
Root_8892,79.652922,41.313472,6,"1;6;8;10;11;12"
Root_8893,2.493504,26.365312,6,"0;6;8;10;11;12"
Root_8894,113.577283,45.943072,5,"6;8;10;11;12"
Root_8895,0.000000,16.856726,10,"0;1;2;3;4;5;8;10;11;12"
Root_8896,77.314688,37.134486,9,"1;2;3;4;5;8;10;11;12"
Root_8897,0.067734,22.186326,9,"0;2;3;4;5;8;10;11;12"
Root_8898,107.457760,41.764086,8,"2;3;4;5;8;10;11;12"
Root_8899,0.000000,17.782646,9,"0;1;3;4;5;8;10;11;12"
Root_8900,74.840608,38.060406,8,"1;3;4;5;8;10;11;12"
Root_8901,0.067734,23.112246,8,"0;3;4;5;8;10;11;12"
Root_8902,105.909600,42.690006,7,"3;4;5;8;10;11;12"
Root_8903,0.000000,18.770294,9,"0;1;2;4;5;8;10;11;12"
Root_8904,79.803552,39.048054,8,"1;2;4;5;8;10;11;12"
Root_8905,2.184845,24.099894,8,"0;2;4;5;8;10;11;12"
Root_8906,110.292288,43.677654,7,"2;4;5;8;10;11;12"
Root_8907,0.000000,19.696214,8,"0;1;4;5;8;10;11;12"
Root_8908,78.255392,39.973974,7,"1;4;5;8;10;11;12"
Root_8909,2.240259,25.025814,7,"0;4;5;8;10;11;12"
Root_8910,109.670048,44.603574,6,"4;5;8;10;11;12"
Root_8911,0.000000,19.078934,9,"0;1;2;3;5;8;10;11;12"
Root_8912,79.394806,39.356694,8,"1;2;3;5;8;10;11;12"
Root_8913,0.067734,24.408534,8,"0;2;3;5;8;10;11;12"
Root_8914,112.452768,43.986294,7,"2;3;5;8;10;11;12"
Root_8915,0.000000,20.004854,8,"0;1;3;5;8;10;11;12"
Root_8916,78.772566,40.282614,7,"1;3;5;8;10;11;12"
Root_8917,0.431789,25.334454,7,"0;3;5;8;10;11;12"
Root_8918,111.830528,44.912214,6,"3;5;8;10;11;12"
Root_8919,0.000000,20.992502,8,"0;1;2;5;8;10;11;12"
Root_8920,83.710806,41.270262,7,"1;2;5;8;10;11;12"
Root_8921,3.814170,26.322102,7,"0;2;5;8;10;11;12"
Root_8922,118.100726,45.899862,6,"2;5;8;10;11;12"
Root_8923,0.000000,21.918422,7,"0;1;5;8;10;11;12"
Root_8924,84.014486,42.196182,6,"1;5;8;10;11;12"
Root_8925,4.462467,27.248022,6,"0;5;8;10;11;12"
Root_8926,119.330326,46.825782,5,"5;8;10;11;12"
Root_8927,0.000000,18.399926,9,"0;1;2;3;4;8;10;11;12"
Root_8928,84.900083,38.677686,8,"1;2;3;4;8;10;11;12"
Root_8929,1.765037,23.729526,8,"0;2;3;4;8;10;11;12"
Root_8930,113.071434,43.307286,7,"2;3;4;8;10;11;12"
Root_8931,0.000000,19.325846,8,"0;1;3;4;8;10;11;12"
Root_8932,83.029610,39.603606,7,"1;3;4;8;10;11;12"
Root_8933,1.765037,24.655446,7,"0;3;4;8;10;11;12"
Root_8934,111.523274,44.233206,6,"3;4;8;10;11;12"
Root_8935,0.000000,20.313494,8,"0;1;2;4;8;10;11;12"
Root_8936,87.388947,40.591254,7,"1;2;4;8;10;11;12"
Root_8937,6.098042,25.643094,7,"0;2;4;8;10;11;12"
Root_8938,115.756448,45.220854,6,"2;4;8;10;11;12"
Root_8939,0.000000,21.239414,7,"0;1;4;8;10;11;12"
Root_8940,86.357962,41.517174,6,"1;4;8;10;11;12"
Root_8941,7.023962,26.569014,6,"0;4;8;10;11;12"
Root_8942,116.060128,46.146774,5,"4;8;10;11;12"
Root_8943,0.000000,20.622134,8,"0;1;2;3;8;10;11;12"
Root_8944,88.526976,40.899894,7,"1;2;3;8;10;11;12"
Root_8945,2.746371,25.951734,7,"0;2;3;8;10;11;12"
Root_8946,117.916928,45.529494,6,"2;3;8;10;11;12"
Root_8947,0.000000,21.548054,7,"0;1;3;8;10;11;12"
Root_8948,87.904736,41.825814,6,"1;3;8;10;11;12"
Root_8949,3.672291,26.877654,6,"0;3;8;10;11;12"
Root_8950,118.220608,46.455414,5,"3;8;10;11;12"
Root_8951,0.000000,22.535702,7,"0;1;2;8;10;11;12"
Root_8952,92.904704,42.813462,6,"1;2;8;10;11;12"
Root_8953,7.678605,27.865302,6,"0;2;8;10;11;12"
Root_8954,124.651286,47.443062,5,"2;8;10;11;12"
Root_8955,0.000000,23.461622,6,"0;1;8;10;11;12"
Root_8956,93.208384,43.739382,5,"1;8;10;11;12"
Root_8957,7.678605,28.791222,5,"0;8;10;11;12"
Root_8958,127.544771,48.368982,4,"8;10;11;12"
Root_8959,0.000000,16.035744,11,"0;1;2;3;4;5;6;7;10;11;12"
Root_8960,74.532058,36.313504,10,"1;2;3;4;5;6;7;10;11;12"
Root_8961,0.000000,21.365344,10,"0;2;3;4;5;6;7;10;11;12"
Root_8962,107.303427,40.943104,9,"2;3;4;5;6;7;10;11;12"
Root_8963,0.000000,16.961664,10,"0;1;3;4;5;6;7;10;11;12"
Root_8964,71.371482,37.239424,9,"1;3;4;5;6;7;10;11;12"
Root_8965,0.000000,22.291264,9,"0;3;4;5;6;7;10;11;12"
Root_8966,105.755267,41.869024,8,"3;4;5;6;7;10;11;12"
Root_8967,0.000000,17.949312,10,"0;1;2;4;5;6;7;10;11;12"
Root_8968,77.107354,38.227072,9,"1;2;4;5;6;7;10;11;12"
Root_8969,1.160320,23.278912,9,"0;2;4;5;6;7;10;11;12"
Root_8970,109.876099,42.856672,8,"2;4;5;6;7;10;11;12"
Root_8971,0.000000,18.875232,9,"0;1;4;5;6;7;10;11;12"
Root_8972,74.786266,39.152992,8,"1;4;5;6;7;10;11;12"
Root_8973,1.160320,24.204832,8,"0;4;5;6;7;10;11;12"
Root_8974,109.253859,43.782592,7,"4;5;6;7;10;11;12"
Root_8975,0.000000,18.257952,10,"0;1;2;3;5;6;7;10;11;12"
Root_8976,75.568986,38.535712,9,"1;2;3;5;6;7;10;11;12"
Root_8977,0.000000,23.587552,9,"0;2;3;5;6;7;10;11;12"
Root_8978,112.036579,43.165312,8,"2;3;5;6;7;10;11;12"
Root_8979,0.000000,19.183872,9,"0;1;3;5;6;7;10;11;12"
Root_8980,74.482458,39.461632,8,"1;3;5;6;7;10;11;12"
Root_8981,0.000000,24.513472,8,"0;3;5;6;7;10;11;12"
Root_8982,111.414339,44.091232,7,"3;5;6;7;10;11;12"
Root_8983,0.000000,20.171520,9,"0;1;2;5;6;7;10;11;12"
Root_8984,79.971418,40.449280,8,"1;2;5;6;7;10;11;12"
Root_8985,1.691040,25.501120,8,"0;2;5;6;7;10;11;12"
Root_8986,116.942435,45.078880,7,"2;5;6;7;10;11;12"
Root_8987,0.000000,21.097440,8,"0;1;5;6;7;10;11;12"
Root_8988,79.724378,41.375200,7,"1;5;6;7;10;11;12"
Root_8989,2.616960,26.427040,7,"0;5;6;7;10;11;12"
Root_8990,119.097955,46.004800,6,"5;6;7;10;11;12"
Root_8991,0.000000,17.578944,10,"0;1;2;3;4;6;7;10;11;12"
Root_8992,81.561562,37.856704,9,"1;2;3;4;6;7;10;11;12"
Root_8993,0.789952,22.908544,9,"0;2;3;4;6;7;10;11;12"
Root_8994,113.476227,42.486304,8,"2;3;4;6;7;10;11;12"
Root_8995,0.000000,18.504864,9,"0;1;3;4;6;7;10;11;12"
Root_8996,79.087482,38.782624,8,"1;3;4;6;7;10;11;12"
Root_8997,0.789952,23.834464,8,"0;3;4;6;7;10;11;12"
Root_8998,111.928067,43.412224,7,"3;4;6;7;10;11;12"
Root_8999,0.000000,19.492512,9,"0;1;2;4;6;7;10;11;12"
Root_9000,84.050426,39.770272,8,"1;2;4;6;7;10;11;12"
Root_9001,3.629280,24.822112,8,"0;2;4;6;7;10;11;12"
Root_9002,115.940387,44.399872,7,"2;4;6;7;10;11;12"
Root_9003,0.000000,20.418432,8,"0;1;4;6;7;10;11;12"
Root_9004,82.502266,40.696192,7,"1;4;6;7;10;11;12"
Root_9005,4.406912,25.748032,7,"0;4;6;7;10;11;12"
Root_9006,115.969731,45.325792,6,"4;6;7;10;11;12"
Root_9007,0.000000,19.801152,9,"0;1;2;3;6;7;10;11;12"
Root_9008,84.363898,40.078912,8,"1;2;3;6;7;10;11;12"
Root_9009,0.950304,25.130752,8,"0;2;3;6;7;10;11;12"
Root_9010,117.792227,44.708512,7,"2;3;6;7;10;11;12"
Root_9011,0.000000,20.727072,8,"0;1;3;6;7;10;11;12"
Root_9012,83.741658,41.004832,7,"1;3;6;7;10;11;12"
Root_9013,1.876224,26.056672,7,"0;3;6;7;10;11;12"
Root_9014,118.438851,45.634432,6,"3;6;7;10;11;12"
Root_9015,0.000000,21.714720,8,"0;1;2;6;7;10;11;12"
Root_9016,88.679898,41.992480,7,"1;2;6;7;10;11;12"
Root_9017,6.629120,27.044320,7,"0;2;6;7;10;11;12"
Root_9018,125.414115,46.622080,6,"2;6;7;10;11;12"
Root_9019,0.000000,22.640640,7,"0;1;6;7;10;11;12"
Root_9020,88.983578,42.918400,6,"1;6;7;10;11;12"
Root_9021,6.629120,27.970240,6,"0;6;7;10;11;12"
Root_9022,127.569635,47.548000,5,"6;7;10;11;12"
Root_9023,0.000000,18.461654,10,"0;1;2;3;4;5;7;10;11;12"
Root_9024,85.051786,38.739414,9,"1;2;3;4;5;7;10;11;12"
Root_9025,1.672662,23.791254,9,"0;2;3;4;5;7;10;11;12"
Root_9026,117.297184,43.369014,8,"2;3;4;5;7;10;11;12"
Root_9027,0.000000,19.387574,9,"0;1;3;4;5;7;10;11;12"
Root_9028,83.243040,39.665334,8,"1;3;4;5;7;10;11;12"
Root_9029,1.672662,24.717174,8,"0;3;4;5;7;10;11;12"
Root_9030,115.749024,44.294934,7,"3;4;5;7;10;11;12"
Root_9031,0.000000,20.375222,9,"0;1;2;4;5;7;10;11;12"
Root_9032,87.540650,40.652982,8,"1;2;4;5;7;10;11;12"
Root_9033,6.129123,25.704822,8,"0;2;4;5;7;10;11;12"
Root_9034,120.696877,45.282582,7,"2;4;5;7;10;11;12"
Root_9035,0.000000,21.301142,8,"0;1;4;5;7;10;11;12"
Root_9036,86.571392,41.578902,7,"1;4;5;7;10;11;12"
Root_9037,7.055043,26.630742,7,"0;4;5;7;10;11;12"
Root_9038,121.926477,46.208502,6,"4;5;7;10;11;12"
Root_9039,0.000000,20.683862,9,"0;1;2;3;5;7;10;11;12"
Root_9040,89.045472,40.961622,8,"1;2;3;5;7;10;11;12"
Root_9041,2.715725,26.013462,8,"0;2;3;5;7;10;11;12"
Root_9042,123.474637,45.591222,7,"2;3;5;7;10;11;12"
Root_9043,0.000000,21.609782,8,"0;1;3;5;7;10;11;12"
Root_9044,88.423232,41.887542,7,"1;3;5;7;10;11;12"
Root_9045,3.641645,26.939382,7,"0;3;5;7;10;11;12"
Root_9046,124.704237,46.517142,6,"3;5;7;10;11;12"
Root_9047,0.000000,22.597430,8,"0;1;2;5;7;10;11;12"
Root_9048,93.550230,42.875190,7,"1;2;5;7;10;11;12"
Root_9049,7.586230,27.927030,7,"0;2;5;7;10;11;12"
Root_9050,132.554659,47.504790,6,"2;5;7;10;11;12"
Root_9051,0.000000,23.523350,7,"0;1;5;7;10;11;12"
Root_9052,93.853910,43.801110,6,"1;5;7;10;11;12"
Root_9053,7.586230,28.852950,6,"0;5;7;10;11;12"
Root_9054,135.636099,48.430710,5,"5;7;10;11;12"
Root_9055,0.000000,20.004854,9,"0;1;2;3;4;7;10;11;12"
Root_9056,92.507200,40.282614,8,"1;2;3;4;7;10;11;12"
Root_9057,6.147450,25.334454,8,"0;2;3;4;7;10;11;12"
Root_9058,121.305930,44.912214,7,"2;3;4;7;10;11;12"
Root_9059,0.000000,20.930774,8,"0;1;3;4;7;10;11;12"
Root_9060,90.959040,41.208534,7,"1;3;4;7;10;11;12"
Root_9061,7.073370,26.260374,7,"0;3;4;7;10;11;12"
Root_9062,121.434038,45.838134,6,"3;4;7;10;11;12"
Root_9063,0.000000,21.918422,8,"0;1;2;4;7;10;11;12"
Root_9064,94.909632,42.196182,7,"1;2;4;7;10;11;12"
Root_9065,9.629261,27.248022,7,"0;2;4;7;10;11;12"
Root_9066,127.421654,46.825782,6,"2;4;7;10;11;12"
Root_9067,0.000000,22.844342,7,"0;1;4;7;10;11;12"
Root_9068,94.287392,43.122102,6,"1;4;7;10;11;12"
Root_9069,9.629261,28.173942,6,"0;4;7;10;11;12"
Root_9070,129.402957,47.751702,5,"4;7;10;11;12"
Root_9071,0.000000,22.227062,8,"0;1;2;3;7;10;11;12"
Root_9072,96.761472,42.504822,7,"1;2;3;7;10;11;12"
Root_9073,8.345293,27.556662,7,"0;2;3;7;10;11;12"
Root_9074,130.025197,47.134422,6,"2;3;7;10;11;12"
Root_9075,0.000000,23.152982,7,"0;1;3;7;10;11;12"
Root_9076,96.139232,43.430742,6,"1;3;7;10;11;12"
Root_9077,8.345293,28.482582,6,"0;3;7;10;11;12"
Root_9078,132.241059,48.060342,5,"3;7;10;11;12"
Root_9079,0.000000,24.140630,7,"0;1;2;7;10;11;12"
Root_9080,101.139200,44.418390,6,"1;2;7;10;11;12"
Root_9081,9.629261,29.470230,6,"0;2;7;10;11;12"
Root_9082,141.191619,49.047990,5,"2;7;10;11;12"
Root_9083,0.096150,25.066550,6,"0;1;7;10;11;12"
Root_9084,102.131501,45.344310,5,"1;7;10;11;12"
Root_9085,9.629261,30.396150,5,"0;7;10;11;12"
Root_9086,145.198979,49.973910,4,"7;10;11;12"
Root_9087,0.000000,19.060416,10,"0;1;2;3;4;5;6;10;11;12"
Root_9088,90.029315,39.338176,9,"1;2;3;4;5;6;10;11;12"
Root_9089,2.950080,24.390016,9,"0;2;3;4;5;6;10;11;12"
Root_9090,123.087277,43.967776,8,"2;3;4;5;6;10;11;12"
Root_9091,0.000000,19.986336,9,"0;1;3;4;5;6;10;11;12"
Root_9092,88.481155,40.264096,8,"1;3;4;5;6;10;11;12"
Root_9093,3.295616,25.315936,8,"0;3;4;5;6;10;11;12"
Root_9094,121.539117,44.893696,7,"3;4;5;6;10;11;12"
Root_9095,0.000000,20.973984,9,"0;1;2;4;5;6;10;11;12"
Root_9096,92.431747,41.251744,8,"1;2;4;5;6;10;11;12"
Root_9097,8.184992,26.303584,8,"0;2;4;5;6;10;11;12"
Root_9098,127.684493,45.881344,7,"2;4;5;6;10;11;12"
Root_9099,0.000000,21.899904,8,"0;1;4;5;6;10;11;12"
Root_9100,91.809507,42.177664,7,"1;4;5;6;10;11;12"
Root_9101,8.184992,27.229504,7,"0;4;5;6;10;11;12"
Root_9102,128.914093,46.807264,6,"4;5;6;10;11;12"
Root_9103,0.000000,21.282624,9,"0;1;2;3;5;6;10;11;12"
Root_9104,94.592227,41.560384,8,"1;2;3;5;6;10;11;12"
Root_9105,5.159648,26.612224,8,"0;2;3;5;6;10;11;12"
Root_9106,130.462253,46.189984,7,"2;3;5;6;10;11;12"
Root_9107,0.000000,22.208544,8,"0;1;3;5;6;10;11;12"
Root_9108,93.969987,42.486304,7,"1;3;5;6;10;11;12"
Root_9109,5.517824,27.538144,7,"0;3;5;6;10;11;12"
Root_9110,131.691853,47.115904,6,"3;5;6;10;11;12"
Root_9111,0.000000,23.196192,8,"0;1;2;5;6;10;11;12"
Root_9112,99.340323,43.473952,7,"1;2;5;6;10;11;12"
Root_9113,8.184992,28.525792,7,"0;2;5;6;10;11;12"
Root_9114,139.141037,48.103552,6,"2;5;6;10;11;12"
Root_9115,0.000000,24.122112,7,"0;1;5;6;10;11;12"
Root_9116,99.644003,44.399872,6,"1;5;6;10;11;12"
Root_9117,8.184992,29.451712,6,"0;5;6;10;11;12"
Root_9118,142.222477,49.029472,5,"5;6;10;11;12"
Root_9119,0.000000,20.603616,9,"0;1;2;3;4;6;10;11;12"
Root_9120,97.651747,40.881376,8,"1;2;3;4;6;10;11;12"
Root_9121,8.542496,25.933216,8,"0;2;3;4;6;10;11;12"
Root_9122,127.519213,45.510976,7,"2;3;4;6;10;11;12"
Root_9123,0.000000,21.529536,8,"0;1;3;4;6;10;11;12"
Root_9124,96.103587,41.807296,7,"1;3;4;6;10;11;12"
Root_9125,9.468416,26.859136,7,"0;3;4;6;10;11;12"
Root_9126,127.822893,46.436896,6,"3;4;6;10;11;12"
Root_9127,0.398592,22.517184,8,"0;1;2;4;6;10;11;12"
Root_9128,100.100963,42.794944,7,"1;2;4;6;10;11;12"
Root_9129,10.826784,27.846784,7,"0;2;4;6;10;11;12"
Root_9130,133.810509,47.424544,6,"2;4;6;10;11;12"
Root_9131,0.398592,23.443104,7,"0;1;4;6;10;11;12"
Root_9132,99.478723,43.720864,6,"1;4;6;10;11;12"
Root_9133,10.826784,28.772704,6,"0;4;6;10;11;12"
Root_9134,135.741037,48.350464,5,"4;6;10;11;12"
Root_9135,0.000000,22.825824,8,"0;1;2;3;6;10;11;12"
Root_9136,101.952803,43.103584,7,"1;2;3;6;10;11;12"
Root_9137,9.542816,28.155424,7,"0;2;3;6;10;11;12"
Root_9138,136.279629,47.733184,6,"2;3;6;10;11;12"
Root_9139,0.000000,23.751744,7,"0;1;3;6;10;11;12"
Root_9140,101.330563,44.029504,6,"1;3;6;10;11;12"
Root_9141,9.542816,29.081344,6,"0;3;6;10;11;12"
Root_9142,138.827437,48.659104,5,"3;6;10;11;12"
Root_9143,0.398592,24.739392,7,"0;1;2;6;10;11;12"
Root_9144,106.364835,45.017152,6,"1;2;6;10;11;12"
Root_9145,10.826784,30.068992,6,"0;2;6;10;11;12"
Root_9146,147.777997,49.646752,5,"2;6;10;11;12"
Root_9147,1.093504,25.665312,6,"0;1;6;10;11;12"
Root_9148,108.520355,45.943072,5,"1;6;10;11;12"
Root_9149,10.826784,30.994912,5,"0;6;10;11;12"
Root_9150,151.785357,50.572672,4,"6;10;11;12"
Root_9151,0.000000,21.486326,9,"0;1;2;3;4;5;10;11;12"
Root_9152,101.457760,41.764086,8,"1;2;3;4;5;10;11;12"
Root_9153,10.678637,26.815926,8,"0;2;3;4;5;10;11;12"
Root_9154,133.105590,46.393686,7,"2;3;4;5;10;11;12"
Root_9155,0.000000,22.412246,8,"0;1;3;4;5;10;11;12"
Root_9156,99.909600,42.690006,7,"1;3;4;5;10;11;12"
Root_9157,10.678637,27.741846,7,"0;3;4;5;10;11;12"
Root_9158,133.728877,47.319606,6,"3;4;5;10;11;12"
Root_9159,1.281302,23.399894,8,"0;1;2;4;5;10;11;12"
Root_9160,104.292288,43.677654,7,"1;2;4;5;10;11;12"
Root_9161,12.795747,28.729494,7,"0;2;4;5;10;11;12"
Root_9162,141.381763,48.307254,6,"2;4;5;10;11;12"
Root_9163,1.281302,24.325814,7,"0;1;4;5;10;11;12"
Root_9164,103.670048,44.603574,6,"1;4;5;10;11;12"
Root_9165,12.795747,29.655414,6,"0;4;5;10;11;12"
Root_9166,144.463203,49.233174,5,"4;5;10;11;12"
Root_9167,0.000000,23.708534,8,"0;1;2;3;5;10;11;12"
Root_9168,106.452768,43.986294,7,"1;2;3;5;10;11;12"
Root_9169,10.678637,29.038134,7,"0;2;3;5;10;11;12"
Root_9170,144.776803,48.615894,6,"2;3;5;10;11;12"
Root_9171,0.000000,24.634454,7,"0;1;3;5;10;11;12"
Root_9172,105.830528,44.912214,6,"1;3;5;10;11;12"
Root_9173,10.678637,29.964054,6,"0;3;5;10;11;12"
Root_9174,147.858243,49.541814,5,"3;5;10;11;12"
Root_9175,1.933005,25.622102,7,"0;1;2;5;10;11;12"
Root_9176,113.000589,45.899862,6,"1;2;5;10;11;12"
Root_9177,13.073370,30.951702,6,"0;2;5;10;11;12"
Root_9178,157.179171,50.529462,5,"2;5;10;11;12"
Root_9179,2.858925,26.548022,6,"0;1;5;10;11;12"
Root_9180,115.156109,46.825782,5,"1;5;10;11;12"
Root_9181,12.795747,31.877622,5,"0;5;10;11;12"
Root_9182,161.641914,51.455382,4,"5;10;11;12"
Root_9183,0.910934,23.029526,8,"0;1;2;3;4;10;11;12"
Root_9184,107.071434,43.307286,7,"1;2;3;4;10;11;12"
Root_9185,13.765037,28.359126,7,"0;2;3;4;10;11;12"
Root_9186,138.112950,47.936886,6,"2;3;4;10;11;12"
Root_9187,0.910934,23.955446,7,"0;1;3;4;10;11;12"
Root_9188,105.523274,44.233206,6,"1;3;4;10;11;12"
Root_9189,13.765037,29.285046,6,"0;3;4;10;11;12"
Root_9190,141.068163,48.862806,5,"3;4;10;11;12"
Root_9191,3.871245,24.943094,7,"0;1;2;4;10;11;12"
Root_9192,109.977302,45.220854,6,"1;2;4;10;11;12"
Root_9193,17.425347,30.272694,6,"0;2;4;10;11;12"
Root_9194,150.018723,49.850454,5,"2;4;10;11;12"
Root_9195,4.769859,25.869014,6,"0;1;4;10;11;12"
Root_9196,111.206902,46.146774,5,"1;4;10;11;12"
Root_9197,17.425347,31.198614,5,"0;4;10;11;12"
Root_9198,154.026083,50.776374,4,"4;10;11;12"
Root_9199,1.192269,25.251734,7,"0;1;2;3;10;11;12"
Root_9200,112.446422,45.529494,6,"1;2;3;10;11;12"
Root_9201,13.765037,30.581334,6,"0;2;3;10;11;12"
Root_9202,153.413763,50.159094,5,"2;3;10;11;12"
Root_9203,2.118189,26.177654,6,"0;1;3;10;11;12"
Root_9204,113.676022,46.455414,5,"1;3;10;11;12"
Root_9205,13.765037,31.507254,5,"0;3;10;11;12"
Root_9206,157.506138,51.085014,4,"3;10;11;12"
Root_9207,6.824502,27.165302,6,"0;1;2;10;11;12"
Root_9208,121.094349,47.443062,5,"1;2;10;11;12"
Root_9209,19.246170,32.494902,5,"0;2;10;11;12"
Root_9210,168.431994,52.072662,4,"2;10;11;12"
Root_9211,6.824502,28.091222,5,"0;1;10;11;12"
Root_9212,124.913754,48.368982,4,"1;10;11;12"
Root_9213,17.425347,33.420822,4,"0;10;11;12"
Root_9214,174.291194,52.998582,3,"10;11;12"
Root_9215,0.000000,9.739488,12,"0;1;2;3;4;5;6;7;8;9;11;12"
Root_9216,56.184186,30.017248,11,"1;2;3;4;5;6;7;8;9;11;12"
Root_9217,0.000000,15.069088,11,"0;2;3;4;5;6;7;8;9;11;12"
Root_9218,81.116026,34.646848,10,"2;3;4;5;6;7;8;9;11;12"
Root_9219,0.000000,10.665408,11,"0;1;3;4;5;6;7;8;9;11;12"
Root_9220,56.141018,30.943168,10,"1;3;4;5;6;7;8;9;11;12"
Root_9221,0.000000,15.995008,10,"0;3;4;5;6;7;8;9;11;12"
Root_9222,77.016026,35.572768,9,"3;4;5;6;7;8;9;11;12"
Root_9223,0.000000,11.653056,11,"0;1;2;4;5;6;7;8;9;11;12"
Root_9224,61.153370,31.930816,10,"1;2;4;5;6;7;8;9;11;12"
Root_9225,0.000000,16.982656,10,"0;2;4;5;6;7;8;9;11;12"
Root_9226,83.003674,36.560416,9,"2;4;5;6;7;8;9;11;12"
Root_9227,0.000000,12.578976,10,"0;1;4;5;6;7;8;9;11;12"
Root_9228,59.196634,32.856736,9,"1;4;5;6;7;8;9;11;12"
Root_9229,0.000000,17.908576,9,"0;4;5;6;7;8;9;11;12"
Root_9230,80.315930,37.486336,8,"4;5;6;7;8;9;11;12"
Root_9231,0.000000,11.961696,11,"0;1;2;3;5;6;7;8;9;11;12"
Root_9232,57.141018,32.239456,10,"1;2;3;5;6;7;8;9;11;12"
Root_9233,0.000000,17.291296,10,"0;2;3;5;6;7;8;9;11;12"
Root_9234,79.490010,36.869056,9,"2;3;5;6;7;8;9;11;12"
Root_9235,0.000000,12.887616,10,"0;1;3;5;6;7;8;9;11;12"
Root_9236,54.875642,33.165376,9,"1;3;5;6;7;8;9;11;12"
Root_9237,0.000000,18.217216,9,"0;3;5;6;7;8;9;11;12"
Root_9238,78.036826,37.794976,8,"3;5;6;7;8;9;11;12"
Root_9239,0.000000,13.875264,10,"0;1;2;5;6;7;8;9;11;12"
Root_9240,60.196634,34.153024,9,"1;2;5;6;7;8;9;11;12"
Root_9241,0.000000,19.204864,9,"0;2;5;6;7;8;9;11;12"
Root_9242,84.204794,38.782624,8,"2;5;6;7;8;9;11;12"
Root_9243,0.000000,14.801184,9,"0;1;5;6;7;8;9;11;12"
Root_9244,56.096634,35.078944,8,"1;5;6;7;8;9;11;12"
Root_9245,0.000000,20.130784,8,"0;5;6;7;8;9;11;12"
Root_9246,82.882554,39.708544,7,"5;6;7;8;9;11;12"
Root_9247,0.000000,11.282688,11,"0;1;2;3;4;6;7;8;9;11;12"
Root_9248,61.955834,31.560448,10,"1;2;3;4;6;7;8;9;11;12"
Root_9249,0.000000,16.612288,10,"0;2;3;4;6;7;8;9;11;12"
Root_9250,87.145542,36.190048,9,"2;3;4;6;7;8;9;11;12"
Root_9251,0.000000,12.208608,10,"0;1;3;4;6;7;8;9;11;12"
Root_9252,60.369466,32.486368,9,"1;3;4;6;7;8;9;11;12"
Root_9253,0.000000,17.538208,9,"0;3;4;6;7;8;9;11;12"
Root_9254,84.087430,37.115968,8,"3;4;6;7;8;9;11;12"
Root_9255,0.000000,13.196256,10,"0;1;2;4;6;7;8;9;11;12"
Root_9256,65.782970,33.474016,9,"1;2;4;6;7;8;9;11;12"
Root_9257,0.000000,18.525856,9,"0;2;4;6;7;8;9;11;12"
Root_9258,89.946758,38.103616,8,"2;4;6;7;8;9;11;12"
Root_9259,0.000000,14.122176,9,"0;1;4;6;7;8;9;11;12"
Root_9260,62.283034,34.399936,8,"1;4;6;7;8;9;11;12"
Root_9261,0.000000,19.451776,8,"0;4;6;7;8;9;11;12"
Root_9262,87.698598,39.029536,7,"4;6;7;8;9;11;12"
Root_9263,0.000000,13.504896,10,"0;1;2;3;6;7;8;9;11;12"
Root_9264,61.369466,33.782656,9,"1;2;3;6;7;8;9;11;12"
Root_9265,0.000000,18.834496,9,"0;2;3;6;7;8;9;11;12"
Root_9266,88.284934,38.412256,8,"2;3;6;7;8;9;11;12"
Root_9267,0.000000,14.430816,9,"0;1;3;6;7;8;9;11;12"
Root_9268,57.560890,34.708576,8,"1;3;6;7;8;9;11;12"
Root_9269,0.000000,19.760416,8,"0;3;6;7;8;9;11;12"
Root_9270,86.962694,39.338176,7,"3;6;7;8;9;11;12"
Root_9271,0.000000,15.418464,9,"0;1;2;6;7;8;9;11;12"
Root_9272,63.283034,35.696224,8,"1;2;6;7;8;9;11;12"
Root_9273,0.000000,20.748064,8,"0;2;6;7;8;9;11;12"
Root_9274,91.587462,40.325824,7,"2;6;7;8;9;11;12"
Root_9275,0.000000,16.344384,8,"0;1;6;7;8;9;11;12"
Root_9276,60.427322,36.622144,7,"1;6;7;8;9;11;12"
Root_9277,0.000000,21.673984,7,"0;6;7;8;9;11;12"
Root_9278,90.516966,41.251744,6,"6;7;8;9;11;12"
Root_9279,0.000000,12.165398,11,"0;1;2;3;4;5;7;8;9;11;12"
Root_9280,65.208819,32.443158,10,"1;2;3;4;5;7;8;9;11;12"
Root_9281,0.000000,17.494998,10,"0;2;3;4;5;7;8;9;11;12"
Root_9282,89.971488,37.072758,9,"2;3;4;5;7;8;9;11;12"
Root_9283,0.000000,13.091318,10,"0;1;3;4;5;7;8;9;11;12"
Root_9284,62.739741,33.369078,9,"1;3;4;5;7;8;9;11;12"
Root_9285,0.000000,18.420918,9,"0;3;4;5;7;8;9;11;12"
Root_9286,87.723328,37.998678,8,"3;4;5;7;8;9;11;12"
Root_9287,0.000000,14.078966,10,"0;1;2;4;5;7;8;9;11;12"
Root_9288,68.431101,34.356726,9,"1;2;4;5;7;8;9;11;12"
Root_9289,0.000000,19.408566,9,"0;2;4;5;7;8;9;11;12"
Root_9290,92.699946,38.986326,8,"2;4;5;7;8;9;11;12"
Root_9291,0.000000,15.004886,9,"0;1;4;5;7;8;9;11;12"
Root_9292,64.331101,35.282646,8,"1;4;5;7;8;9;11;12"
Root_9293,0.000000,20.334486,8,"0;4;5;7;8;9;11;12"
Root_9294,90.451786,39.912246,7,"4;5;7;8;9;11;12"
Root_9295,0.000000,14.387606,10,"0;1;2;3;5;7;8;9;11;12"
Root_9296,63.739741,34.665366,9,"1;2;3;5;7;8;9;11;12"
Root_9297,0.000000,19.717206,9,"0;2;3;5;7;8;9;11;12"
Root_9298,91.920832,39.294966,8,"2;3;5;7;8;9;11;12"
Root_9299,0.000000,15.313526,9,"0;1;3;5;7;8;9;11;12"
Root_9300,59.639741,35.591286,8,"1;3;5;7;8;9;11;12"
Root_9301,0.000000,20.643126,8,"0;3;5;7;8;9;11;12"
Root_9302,90.598592,40.220886,7,"3;5;7;8;9;11;12"
Root_9303,0.000000,16.301174,9,"0;1;2;5;7;8;9;11;12"
Root_9304,66.206323,36.578934,8,"1;2;5;7;8;9;11;12"
Root_9305,0.000000,21.630774,8,"0;2;5;7;8;9;11;12"
Root_9306,94.549184,41.208534,7,"2;5;7;8;9;11;12"
Root_9307,0.000000,17.227094,8,"0;1;5;7;8;9;11;12"
Root_9308,64.463018,37.504854,7,"1;5;7;8;9;11;12"
Root_9309,0.000000,22.556694,7,"0;5;7;8;9;11;12"
Root_9310,94.152864,42.134454,6,"5;7;8;9;11;12"
Root_9311,0.000000,13.708598,10,"0;1;2;3;4;7;8;9;11;12"
Root_9312,71.147133,33.986358,9,"1;2;3;4;7;8;9;11;12"
Root_9313,0.000000,19.038198,9,"0;2;3;4;7;8;9;11;12"
Root_9314,97.687488,38.615958,8,"2;3;4;7;8;9;11;12"
Root_9315,0.000000,14.634518,9,"0;1;3;4;7;8;9;11;12"
Root_9316,67.134854,34.912278,8,"1;3;4;7;8;9;11;12"
Root_9317,0.000000,19.964118,8,"0;3;4;7;8;9;11;12"
Root_9318,95.439328,39.541878,7,"3;4;7;8;9;11;12"
Root_9319,0.000000,15.622166,9,"0;1;2;4;7;8;9;11;12"
Root_9320,73.060701,35.899926,8,"1;2;4;7;8;9;11;12"
Root_9321,0.000000,20.951766,8,"0;2;4;7;8;9;11;12"
Root_9322,98.872746,40.529526,7,"2;4;7;8;9;11;12"
Root_9323,0.000000,16.548086,8,"0;1;4;7;8;9;11;12"
Root_9324,69.786547,36.825846,7,"1;4;7;8;9;11;12"
Root_9325,0.000000,21.877686,7,"0;4;7;8;9;11;12"
Root_9326,97.080032,41.455446,6,"4;7;8;9;11;12"
Root_9327,0.000000,15.930806,9,"0;1;2;3;7;8;9;11;12"
Root_9328,68.786474,36.208566,8,"1;2;3;7;8;9;11;12"
Root_9329,0.000000,21.260406,8,"0;2;3;7;8;9;11;12"
Root_9330,99.636832,40.838166,7,"2;3;7;8;9;11;12"
Root_9331,0.000000,16.856726,8,"0;1;3;7;8;9;11;12"
Root_9332,66.672800,37.134486,7,"1;3;7;8;9;11;12"
Root_9333,0.000000,22.186326,7,"0;3;7;8;9;11;12"
Root_9334,98.314592,41.764086,6,"3;7;8;9;11;12"
Root_9335,0.000000,17.844374,8,"0;1;2;7;8;9;11;12"
Root_9336,73.501258,38.122134,7,"1;2;7;8;9;11;12"
Root_9337,0.000000,23.173974,7,"0;2;7;8;9;11;12"
Root_9338,102.265184,42.751734,6,"2;7;8;9;11;12"
Root_9339,0.000000,18.770294,7,"0;1;7;8;9;11;12"
Root_9340,72.179018,39.048054,6,"1;7;8;9;11;12"
Root_9341,0.000000,24.099894,6,"0;7;8;9;11;12"
Root_9342,101.868864,43.677654,5,"7;8;9;11;12"
Root_9343,0.000000,12.764160,11,"0;1;2;3;4;5;6;8;9;11;12"
Root_9344,68.591270,33.041920,10,"1;2;3;4;5;6;8;9;11;12"
Root_9345,0.000000,18.093760,10,"0;2;3;4;5;6;8;9;11;12"
Root_9346,95.372570,37.671520,9,"2;3;4;5;6;8;9;11;12"
Root_9347,0.000000,13.690080,10,"0;1;3;4;5;6;8;9;11;12"
Root_9348,65.523430,33.967840,9,"1;3;4;5;6;8;9;11;12"
Root_9349,0.000000,19.019680,9,"0;3;4;5;6;8;9;11;12"
Root_9350,93.124410,38.597440,8,"3;4;5;6;8;9;11;12"
Root_9351,0.000000,14.677728,10,"0;1;2;4;5;6;8;9;11;12"
Root_9352,71.214790,34.955488,9,"1;2;4;5;6;8;9;11;12"
Root_9353,0.000000,20.007328,9,"0;2;4;5;6;8;9;11;12"
Root_9354,97.502266,39.585088,8,"2;4;5;6;8;9;11;12"
Root_9355,0.000000,15.603648,9,"0;1;4;5;6;8;9;11;12"
Root_9356,67.114790,35.881408,8,"1;4;5;6;8;9;11;12"
Root_9357,0.000000,20.933248,8,"0;4;5;6;8;9;11;12"
Root_9358,95.254106,40.511008,7,"4;5;6;8;9;11;12"
Root_9359,0.000000,14.986368,10,"0;1;2;3;5;6;8;9;11;12"
Root_9360,66.523430,35.264128,9,"1;2;3;5;6;8;9;11;12"
Root_9361,0.000000,20.315968,9,"0;2;3;5;6;8;9;11;12"
Root_9362,97.321914,39.893728,8,"2;3;5;6;8;9;11;12"
Root_9363,0.000000,15.912288,9,"0;1;3;5;6;8;9;11;12"
Root_9364,62.803526,36.190048,8,"1;3;5;6;8;9;11;12"
Root_9365,0.000000,21.241888,8,"0;3;5;6;8;9;11;12"
Root_9366,95.999674,40.819648,7,"3;5;6;8;9;11;12"
Root_9367,0.000000,16.899936,9,"0;1;2;5;6;8;9;11;12"
Root_9368,69.766470,37.177696,8,"1;2;5;6;8;9;11;12"
Root_9369,0.000000,22.229536,8,"0;2;5;6;8;9;11;12"
Root_9370,99.950266,41.807296,7,"2;5;6;8;9;11;12"
Root_9371,0.000000,17.825856,8,"0;1;5;6;8;9;11;12"
Root_9372,68.444230,38.103616,7,"1;5;6;8;9;11;12"
Root_9373,0.000000,23.155456,7,"0;5;6;8;9;11;12"
Root_9374,99.553946,42.733216,6,"5;6;8;9;11;12"
Root_9375,0.000000,14.307360,10,"0;1;2;3;4;6;8;9;11;12"
Root_9376,74.659258,34.585120,9,"1;2;3;4;6;8;9;11;12"
Root_9377,0.000000,19.636960,9,"0;2;3;4;6;8;9;11;12"
Root_9378,102.341786,39.214720,8,"2;3;4;6;8;9;11;12"
Root_9379,0.000000,15.233280,9,"0;1;3;4;6;8;9;11;12"
Root_9380,70.559258,35.511040,8,"1;3;4;6;8;9;11;12"
Root_9381,0.000000,20.562880,8,"0;3;4;6;8;9;11;12"
Root_9382,100.093626,40.140640,7,"3;4;6;8;9;11;12"
Root_9383,0.000000,16.220928,9,"0;1;2;4;6;8;9;11;12"
Root_9384,76.546906,36.498688,8,"1;2;4;6;8;9;11;12"
Root_9385,0.000000,21.550528,8,"0;2;4;6;8;9;11;12"
Root_9386,103.056570,41.128288,7,"2;4;6;8;9;11;12"
Root_9387,0.000000,17.146848,8,"0;1;4;6;8;9;11;12"
Root_9388,73.797434,37.424608,7,"1;4;6;8;9;11;12"
Root_9389,0.000000,22.476448,7,"0;4;6;8;9;11;12"
Root_9390,101.734330,42.054208,6,"4;6;8;9;11;12"
Root_9391,0.000000,16.529568,9,"0;1;2;3;6;8;9;11;12"
Root_9392,72.971514,36.807328,8,"1;2;3;6;8;9;11;12"
Root_9393,0.000000,21.859168,8,"0;2;3;6;8;9;11;12"
Root_9394,104.599770,41.436928,7,"2;3;6;8;9;11;12"
Root_9395,0.000000,17.455488,8,"0;1;3;6;8;9;11;12"
Root_9396,71.456602,37.733248,7,"1;3;6;8;9;11;12"
Root_9397,0.000000,22.785088,7,"0;3;6;8;9;11;12"
Root_9398,103.277530,42.362848,6,"3;6;8;9;11;12"
Root_9399,0.000000,18.443136,8,"0;1;2;6;8;9;11;12"
Root_9400,77.686298,38.720896,7,"1;2;6;8;9;11;12"
Root_9401,0.000000,23.772736,7,"0;2;6;8;9;11;12"
Root_9402,107.289850,43.350496,6,"2;6;8;9;11;12"
Root_9403,0.000000,19.369056,7,"0;1;6;8;9;11;12"
Root_9404,76.364058,39.646816,6,"1;6;8;9;11;12"
Root_9405,0.428256,24.698656,6,"0;6;8;9;11;12"
Root_9406,106.893530,44.276416,5,"6;8;9;11;12"
Root_9407,0.000000,15.190070,10,"0;1;2;3;4;5;8;9;11;12"
Root_9408,77.764170,35.467830,9,"1;2;3;4;5;8;9;11;12"
Root_9409,0.000000,20.519670,9,"0;2;3;4;5;8;9;11;12"
Root_9410,105.650400,40.097430,8,"2;3;4;5;8;9;11;12"
Root_9411,0.000000,16.115990,9,"0;1;3;4;5;8;9;11;12"
Root_9412,74.057920,36.393750,8,"1;3;4;5;8;9;11;12"
Root_9413,0.000000,21.445590,8,"0;3;4;5;8;9;11;12"
Root_9414,103.402240,41.023350,7,"3;4;5;8;9;11;12"
Root_9415,0.000000,17.103638,9,"0;1;2;4;5;8;9;11;12"
Root_9416,80.033216,37.381398,8,"1;2;4;5;8;9;11;12"
Root_9417,0.770029,22.433238,8,"0;2;4;5;8;9;11;12"
Root_9418,106.365184,42.010998,7,"2;4;5;8;9;11;12"
Root_9419,0.000000,18.029558,8,"0;1;4;5;8;9;11;12"
Root_9420,77.785056,38.307318,7,"1;4;5;8;9;11;12"
Root_9421,0.770029,23.359158,7,"0;4;5;8;9;11;12"
Root_9422,105.042944,42.936918,6,"4;5;8;9;11;12"
Root_9423,0.000000,17.412278,9,"0;1;2;3;5;8;9;11;12"
Root_9424,77.649174,37.690038,8,"1;2;3;5;8;9;11;12"
Root_9425,0.000000,22.741878,8,"0;2;3;5;8;9;11;12"
Root_9426,108.217024,42.319638,7,"2;3;5;8;9;11;12"
Root_9427,0.000000,18.338198,8,"0;1;3;5;8;9;11;12"
Root_9428,76.326934,38.615958,7,"1;3;5;8;9;11;12"
Root_9429,0.000000,23.667798,7,"0;3;5;8;9;11;12"
Root_9430,106.894784,43.245558,6,"3;5;8;9;11;12"
Root_9431,0.000000,19.325846,8,"0;1;2;5;8;9;11;12"
Root_9432,81.673920,39.603606,7,"1;2;5;8;9;11;12"
Root_9433,1.155075,24.655446,7,"0;2;5;8;9;11;12"
Root_9434,111.277472,44.233206,6,"2;5;8;9;11;12"
Root_9435,0.000000,20.251766,7,"0;1;5;8;9;11;12"
Root_9436,80.351680,40.529526,6,"1;5;8;9;11;12"
Root_9437,2.080995,25.581366,6,"0;5;8;9;11;12"
Root_9438,111.040278,45.159126,5,"5;8;9;11;12"
Root_9439,0.000000,16.733270,9,"0;1;2;3;4;8;9;11;12"
Root_9440,83.452992,37.011030,8,"1;2;3;4;8;9;11;12"
Root_9441,1.389539,22.062870,8,"0;2;3;4;8;9;11;12"
Root_9442,111.181354,41.640630,7,"2;3;4;8;9;11;12"
Root_9443,0.000000,17.659190,8,"0;1;3;4;8;9;11;12"
Root_9444,81.204832,37.936950,7,"1;3;4;8;9;11;12"
Root_9445,1.389539,22.988790,7,"0;3;4;8;9;11;12"
Root_9446,108.933194,42.566550,6,"3;4;8;9;11;12"
Root_9447,0.000000,18.646838,8,"0;1;2;4;8;9;11;12"
Root_9448,86.243178,38.924598,7,"1;2;4;8;9;11;12"
Root_9449,4.710531,23.976438,7,"0;2;4;8;9;11;12"
Root_9450,111.957866,43.554198,6,"2;4;8;9;11;12"
Root_9451,0.000000,19.572758,7,"0;1;4;8;9;11;12"
Root_9452,83.995018,39.850518,6,"1;4;8;9;11;12"
Root_9453,5.342490,24.902358,6,"0;4;8;9;11;12"
Root_9454,110.635626,44.480118,5,"4;8;9;11;12"
Root_9455,0.000000,18.955478,8,"0;1;2;3;8;9;11;12"
Root_9456,85.402336,39.233238,7,"1;2;3;8;9;11;12"
Root_9457,1.404218,24.285078,7,"0;2;3;8;9;11;12"
Root_9458,113.501066,43.862838,6,"2;3;8;9;11;12"
Root_9459,0.000000,19.881398,7,"0;1;3;8;9;11;12"
Root_9460,84.080096,40.159158,6,"1;3;8;9;11;12"
Root_9461,2.330138,25.210998,6,"0;3;8;9;11;12"
Root_9462,112.178826,44.788758,5,"3;8;9;11;12"
Root_9463,0.000000,20.869046,7,"0;1;2;8;9;11;12"
Root_9464,88.030688,41.146806,6,"1;2;8;9;11;12"
Root_9465,7.492944,26.198646,6,"0;2;8;9;11;12"
Root_9466,116.967552,45.776406,5,"2;8;9;11;12"
Root_9467,0.000000,21.794966,6,"0;1;8;9;11;12"
Root_9468,87.634368,42.072726,5,"1;8;9;11;12"
Root_9469,7.564698,27.124566,5,"0;8;9;11;12"
Root_9470,117.497152,46.702326,4,"8;9;11;12"
Root_9471,0.000000,14.369088,11,"0;1;2;3;4;5;6;7;9;11;12"
Root_9472,75.116026,34.646848,10,"1;2;3;4;5;6;7;9;11;12"
Root_9473,0.000000,19.698688,10,"0;2;3;4;5;6;7;9;11;12"
Root_9474,106.008410,39.276448,9,"2;3;4;5;6;7;9;11;12"
Root_9475,0.000000,15.295008,10,"0;1;3;4;5;6;7;9;11;12"
Root_9476,71.016026,35.572768,9,"1;3;4;5;6;7;9;11;12"
Root_9477,0.000000,20.624608,9,"0;3;4;5;6;7;9;11;12"
Root_9478,103.760250,40.202368,8,"3;4;5;6;7;9;11;12"
Root_9479,0.000000,16.282656,10,"0;1;2;4;5;6;7;9;11;12"
Root_9480,77.003674,36.560416,9,"1;2;4;5;6;7;9;11;12"
Root_9481,0.000000,21.612256,9,"0;2;4;5;6;7;9;11;12"
Root_9482,106.723194,41.190016,8,"2;4;5;6;7;9;11;12"
Root_9483,0.000000,17.208576,9,"0;1;4;5;6;7;9;11;12"
Root_9484,74.315930,37.486336,8,"1;4;5;6;7;9;11;12"
Root_9485,0.000000,22.538176,8,"0;4;5;6;7;9;11;12"
Root_9486,105.400954,42.115936,7,"4;5;6;7;9;11;12"
Root_9487,0.000000,16.591296,10,"0;1;2;3;5;6;7;9;11;12"
Root_9488,73.490010,36.869056,9,"1;2;3;5;6;7;9;11;12"
Root_9489,0.000000,21.920896,9,"0;2;3;5;6;7;9;11;12"
Root_9490,108.334170,41.498656,8,"2;3;5;6;7;9;11;12"
Root_9491,0.000000,17.517216,9,"0;1;3;5;6;7;9;11;12"
Root_9492,72.036826,37.794976,8,"1;3;5;6;7;9;11;12"
Root_9493,0.000000,22.846816,8,"0;3;5;6;7;9;11;12"
Root_9494,107.011930,42.424576,7,"3;5;6;7;9;11;12"
Root_9495,0.000000,18.504864,9,"0;1;2;5;6;7;9;11;12"
Root_9496,78.204794,38.782624,8,"1;2;5;6;7;9;11;12"
Root_9497,0.000000,23.834464,8,"0;2;5;6;7;9;11;12"
Root_9498,111.394618,43.412224,7,"2;5;6;7;9;11;12"
Root_9499,0.000000,19.430784,8,"0;1;5;6;7;9;11;12"
Root_9500,76.882554,39.708544,7,"1;5;6;7;9;11;12"
Root_9501,0.489984,24.760384,7,"0;5;6;7;9;11;12"
Root_9502,110.998298,44.338144,6,"5;6;7;9;11;12"
Root_9503,0.000000,15.912288,10,"0;1;2;3;4;6;7;9;11;12"
Root_9504,81.145542,36.190048,9,"1;2;3;4;6;7;9;11;12"
Root_9505,0.000000,21.241888,9,"0;2;3;4;6;7;9;11;12"
Root_9506,112.181210,40.819648,8,"2;3;4;6;7;9;11;12"
Root_9507,0.000000,16.838208,9,"0;1;3;4;6;7;9;11;12"
Root_9508,78.087430,37.115968,8,"1;3;4;6;7;9;11;12"
Root_9509,0.000000,22.167808,8,"0;3;4;6;7;9;11;12"
Root_9510,109.933050,41.745568,7,"3;4;6;7;9;11;12"
Root_9511,0.000000,17.825856,9,"0;1;2;4;6;7;9;11;12"
Root_9512,83.946758,38.103616,8,"1;2;4;6;7;9;11;12"
Root_9513,2.214464,23.155456,8,"0;2;4;6;7;9;11;12"
Root_9514,112.895994,42.733216,7,"2;4;6;7;9;11;12"
Root_9515,0.000000,18.751776,8,"0;1;4;6;7;9;11;12"
Root_9516,81.698598,39.029536,7,"1;4;6;7;9;11;12"
Root_9517,2.214464,24.081376,7,"0;4;6;7;9;11;12"
Root_9518,111.573754,43.659136,6,"4;6;7;9;11;12"
Root_9519,0.000000,18.134496,9,"0;1;2;3;6;7;9;11;12"
Root_9520,82.284934,38.412256,8,"1;2;3;6;7;9;11;12"
Root_9521,0.000000,23.464096,8,"0;2;3;6;7;9;11;12"
Root_9522,114.439194,43.041856,7,"2;3;6;7;9;11;12"
Root_9523,0.000000,19.060416,8,"0;1;3;6;7;9;11;12"
Root_9524,80.962694,39.338176,7,"1;3;6;7;9;11;12"
Root_9525,0.119616,24.390016,7,"0;3;6;7;9;11;12"
Root_9526,113.116954,43.967776,6,"3;6;7;9;11;12"
Root_9527,0.000000,20.048064,8,"0;1;2;6;7;9;11;12"
Root_9528,85.587462,40.325824,7,"1;2;6;7;9;11;12"
Root_9529,3.354912,25.377664,7,"0;2;6;7;9;11;12"
Root_9530,117.129274,44.955424,6,"2;6;7;9;11;12"
Root_9531,0.000000,20.973984,7,"0;1;6;7;9;11;12"
Root_9532,84.516966,41.251744,6,"1;6;7;9;11;12"
Root_9533,4.247648,26.303584,6,"0;6;7;9;11;12"
Root_9534,118.495642,45.881344,5,"6;7;9;11;12"
Root_9535,0.000000,16.794998,10,"0;1;2;3;4;5;7;9;11;12"
Root_9536,83.971488,37.072758,9,"1;2;3;4;5;7;9;11;12"
Root_9537,0.658893,22.124598,9,"0;2;3;4;5;7;9;11;12"
Root_9538,115.057728,41.702358,8,"2;3;4;5;7;9;11;12"
Root_9539,0.000000,17.720918,9,"0;1;3;4;5;7;9;11;12"
Root_9540,81.723328,37.998678,8,"1;3;4;5;7;9;11;12"
Root_9541,0.658893,23.050518,8,"0;3;4;5;7;9;11;12"
Root_9542,112.809568,42.628278,7,"3;4;5;7;9;11;12"
Root_9543,0.000000,18.708566,9,"0;1;2;4;5;7;9;11;12"
Root_9544,86.699946,38.986326,8,"1;2;4;5;7;9;11;12"
Root_9545,3.979885,24.038166,8,"0;2;4;5;7;9;11;12"
Root_9546,116.204608,43.615926,7,"2;4;5;7;9;11;12"
Root_9547,0.000000,19.634486,8,"0;1;4;5;7;9;11;12"
Root_9548,84.451786,39.912246,7,"1;4;5;7;9;11;12"
Root_9549,4.673571,24.964086,7,"0;4;5;7;9;11;12"
Root_9550,114.882368,44.541846,6,"4;5;7;9;11;12"
Root_9551,0.000000,19.017206,9,"0;1;2;3;5;7;9;11;12"
Root_9552,85.920832,39.294966,8,"1;2;3;5;7;9;11;12"
Root_9553,0.735299,24.346806,8,"0;2;3;5;7;9;11;12"
Root_9554,118.056448,43.924566,7,"2;3;5;7;9;11;12"
Root_9555,0.000000,19.943126,8,"0;1;3;5;7;9;11;12"
Root_9556,84.598592,40.220886,7,"1;3;5;7;9;11;12"
Root_9557,1.661219,25.272726,7,"0;3;5;7;9;11;12"
Root_9558,116.734208,44.850486,6,"3;5;7;9;11;12"
Root_9559,0.000000,20.930774,8,"0;1;2;5;7;9;11;12"
Root_9560,88.549184,41.208534,7,"1;2;5;7;9;11;12"
Root_9561,6.885754,26.260374,7,"0;2;5;7;9;11;12"
Root_9562,122.793165,45.838134,6,"2;5;7;9;11;12"
Root_9563,0.000000,21.856694,7,"0;1;5;7;9;11;12"
Root_9564,88.152864,42.134454,6,"1;5;7;9;11;12"
Root_9565,6.895779,27.186294,6,"0;5;7;9;11;12"
Root_9566,124.248685,46.764054,5,"5;7;9;11;12"
Root_9567,0.000000,18.338198,9,"0;1;2;3;4;7;9;11;12"
Root_9568,91.687488,38.615958,8,"1;2;3;4;7;9;11;12"
Root_9569,5.068579,23.667798,8,"0;2;3;4;7;9;11;12"
Root_9570,119.415850,43.245558,7,"2;3;4;7;9;11;12"
Root_9571,0.000000,19.264118,8,"0;1;3;4;7;9;11;12"
Root_9572,89.439328,39.541878,7,"1;3;4;7;9;11;12"
Root_9573,5.391898,24.593718,7,"0;3;4;7;9;11;12"
Root_9574,117.167690,44.171478,6,"3;4;7;9;11;12"
Root_9575,0.000000,20.251766,8,"0;1;2;4;7;9;11;12"
Root_9576,92.872746,40.529526,7,"1;2;4;7;9;11;12"
Root_9577,9.829430,25.581366,7,"0;2;4;7;9;11;12"
Root_9578,120.510614,45.159126,6,"2;4;7;9;11;12"
Root_9579,0.000000,21.177686,7,"0;1;4;7;9;11;12"
Root_9580,91.080032,41.455446,6,"1;4;7;9;11;12"
Root_9581,9.829430,26.507286,6,"0;4;7;9;11;12"
Root_9582,121.040214,46.085046,5,"4;7;9;11;12"
Root_9583,0.000000,20.560406,8,"0;1;2;3;7;9;11;12"
Root_9584,93.636832,40.838166,7,"1;2;3;7;9;11;12"
Root_9585,7.233712,25.890006,7,"0;2;3;7;9;11;12"
Root_9586,122.671094,45.467766,6,"2;3;7;9;11;12"
Root_9587,0.000000,21.486326,7,"0;1;3;7;9;11;12"
Root_9588,92.314592,41.764086,6,"1;3;7;9;11;12"
Root_9589,7.614106,26.815926,6,"0;3;7;9;11;12"
Root_9590,123.200694,46.393686,5,"3;7;9;11;12"
Root_9591,0.000000,22.473974,7,"0;1;2;7;9;11;12"
Root_9592,96.265184,42.751734,6,"1;2;7;9;11;12"
Root_9593,9.829430,27.803574,6,"0;2;7;9;11;12"
Root_9594,129.569645,47.381334,5,"2;7;9;11;12"
Root_9595,0.000000,23.399894,6,"0;1;7;9;11;12"
Root_9596,95.868864,43.677654,5,"1;7;9;11;12"
Root_9597,9.829430,28.729494,5,"0;7;9;11;12"
Root_9598,132.258339,48.307254,4,"7;9;11;12"
Root_9599,0.000000,17.393760,10,"0;1;2;3;4;5;6;9;11;12"
Root_9600,89.372570,37.671520,9,"1;2;3;4;5;6;9;11;12"
Root_9601,2.235264,22.723360,9,"0;2;3;4;5;6;9;11;12"
Root_9602,120.681155,42.301120,8,"2;3;4;5;6;9;11;12"
Root_9603,0.000000,18.319680,9,"0;1;3;4;5;6;9;11;12"
Root_9604,87.124410,38.597440,8,"1;3;4;5;6;9;11;12"
Root_9605,2.235264,23.649280,8,"0;3;4;5;6;9;11;12"
Root_9606,118.432995,43.227040,7,"3;4;5;6;9;11;12"
Root_9607,0.000000,19.307328,9,"0;1;2;4;5;6;9;11;12"
Root_9608,91.502266,39.585088,8,"1;2;4;5;6;9;11;12"
Root_9609,5.873408,24.636928,8,"0;2;4;5;6;9;11;12"
Root_9610,121.828035,44.214688,7,"2;4;5;6;9;11;12"
Root_9611,0.000000,20.233248,8,"0;1;4;5;6;9;11;12"
Root_9612,89.254106,40.511008,7,"1;4;5;6;9;11;12"
Root_9613,6.799328,25.562848,7,"0;4;5;6;9;11;12"
Root_9614,120.787011,45.140608,6,"4;5;6;9;11;12"
Root_9615,0.000000,19.615968,9,"0;1;2;3;5;6;9;11;12"
Root_9616,91.321914,39.893728,8,"1;2;3;5;6;9;11;12"
Root_9617,2.910432,24.945568,8,"0;2;3;5;6;9;11;12"
Root_9618,123.679875,44.523328,7,"2;3;5;6;9;11;12"
Root_9619,0.000000,20.541888,8,"0;1;3;5;6;9;11;12"
Root_9620,89.999674,40.819648,7,"1;3;5;6;9;11;12"
Root_9621,3.836352,25.871488,7,"0;3;5;6;9;11;12"
Root_9622,123.256131,45.449248,6,"3;5;6;9;11;12"
Root_9623,0.000000,21.529536,8,"0;1;2;5;6;9;11;12"
Root_9624,93.950266,41.807296,7,"1;2;5;6;9;11;12"
Root_9625,8.506880,26.859136,7,"0;2;5;6;9;11;12"
Root_9626,129.614115,46.436896,6,"2;5;6;9;11;12"
Root_9627,0.000000,22.455456,7,"0;1;5;6;9;11;12"
Root_9628,93.553946,42.733216,6,"1;5;6;9;11;12"
Root_9629,8.506880,27.785056,6,"0;5;6;9;11;12"
Root_9630,131.069635,47.362816,5,"5;6;9;11;12"
Root_9631,0.000000,18.936960,9,"0;1;2;3;4;6;9;11;12"
Root_9632,96.341786,39.214720,8,"1;2;3;4;6;9;11;12"
Root_9633,6.494528,24.266560,8,"0;2;3;4;6;9;11;12"
Root_9634,124.440515,43.844320,7,"2;3;4;6;9;11;12"
Root_9635,0.000000,19.862880,8,"0;1;3;4;6;9;11;12"
Root_9636,94.093626,40.140640,7,"1;3;4;6;9;11;12"
Root_9637,7.416608,25.192480,7,"0;3;4;6;9;11;12"
Root_9638,122.192355,44.770240,6,"3;4;6;9;11;12"
Root_9639,0.000000,20.850528,8,"0;1;2;4;6;9;11;12"
Root_9640,97.056570,41.128288,7,"1;2;4;6;9;11;12"
Root_9641,10.428192,26.180128,7,"0;2;4;6;9;11;12"
Root_9642,126.732803,45.757888,6,"2;4;6;9;11;12"
Root_9643,0.000000,21.776448,7,"0;1;4;6;9;11;12"
Root_9644,95.734330,42.054208,6,"1;4;6;9;11;12"
Root_9645,10.428192,27.106048,6,"0;4;6;9;11;12"
Root_9646,127.262403,46.683808,5,"4;6;9;11;12"
Root_9647,0.000000,21.159168,8,"0;1;2;3;6;9;11;12"
Root_9648,98.599770,41.436928,7,"1;2;3;6;9;11;12"
Root_9649,9.494528,26.488768,7,"0;2;3;6;9;11;12"
Root_9650,128.893283,46.066528,6,"2;3;6;9;11;12"
Root_9651,0.000000,22.085088,7,"0;1;3;6;9;11;12"
Root_9652,97.277530,42.362848,6,"1;3;6;9;11;12"
Root_9653,9.494528,27.414688,6,"0;3;6;9;11;12"
Root_9654,129.422883,46.992448,5,"3;6;9;11;12"
Root_9655,0.000000,23.072736,7,"0;1;2;6;9;11;12"
Root_9656,101.289850,43.350496,6,"1;2;6;9;11;12"
Root_9657,10.428192,28.402336,6,"0;2;6;9;11;12"
Root_9658,135.410499,47.980096,5,"2;6;9;11;12"
Root_9659,0.000000,23.998656,6,"0;1;6;9;11;12"
Root_9660,100.893530,44.276416,5,"1;6;9;11;12"
Root_9661,10.428192,29.328256,5,"0;6;9;11;12"
Root_9662,138.678051,48.906016,4,"6;9;11;12"
Root_9663,0.000000,19.819670,9,"0;1;2;3;4;5;9;11;12"
Root_9664,99.650400,40.097430,8,"1;2;3;4;5;9;11;12"
Root_9665,10.369488,25.149270,8,"0;2;3;4;5;9;11;12"
Root_9666,127.378762,44.727030,7,"2;3;4;5;9;11;12"
Root_9667,0.000000,20.745590,8,"0;1;3;4;5;9;11;12"
Root_9668,97.402240,41.023350,7,"1;3;4;5;9;11;12"
Root_9669,11.295408,26.075190,7,"0;3;4;5;9;11;12"
Root_9670,126.436502,45.652950,6,"3;4;5;9;11;12"
Root_9671,0.000000,21.733238,8,"0;1;2;4;5;9;11;12"
Root_9672,100.365184,42.010998,7,"1;2;4;5;9;11;12"
Root_9673,12.080931,27.062838,7,"0;2;4;5;9;11;12"
Root_9674,131.806838,46.640598,6,"2;4;5;9;11;12"
Root_9675,0.000000,22.659158,7,"0;1;4;5;9;11;12"
Root_9676,99.042944,42.936918,6,"1;4;5;9;11;12"
Root_9677,12.080931,27.988758,6,"0;4;5;9;11;12"
Root_9678,132.902957,47.566518,5,"4;5;9;11;12"
Root_9679,0.000000,22.041878,8,"0;1;2;3;5;9;11;12"
Root_9680,102.217024,42.319638,7,"1;2;3;5;9;11;12"
Root_9681,11.310902,27.371478,7,"0;2;3;5;9;11;12"
Root_9682,134.275958,46.949238,6,"2;3;5;9;11;12"
Root_9683,0.000000,22.967798,7,"0;1;3;5;9;11;12"
Root_9684,100.894784,43.245558,6,"1;3;5;9;11;12"
Root_9685,11.310902,28.297398,6,"0;3;5;9;11;12"
Root_9686,135.680717,47.875158,5,"3;5;9;11;12"
Root_9687,0.000000,23.955446,7,"0;1;2;5;9;11;12"
Root_9688,105.277472,44.233206,6,"1;2;5;9;11;12"
Root_9689,12.080931,29.285046,6,"0;2;5;9;11;12"
Root_9690,143.889155,48.862806,5,"2;5;9;11;12"
Root_9691,0.610966,24.881366,6,"0;1;5;9;11;12"
Root_9692,105.199405,45.159126,5,"1;5;9;11;12"
Root_9693,12.080931,30.210966,5,"0;5;9;11;12"
Root_9694,147.196515,49.788726,4,"5;9;11;12"
Root_9695,0.000000,21.362870,8,"0;1;2;3;4;9;11;12"
Root_9696,105.181354,41.640630,7,"1;2;3;4;9;11;12"
Root_9697,13.389539,26.692470,7,"0;2;3;4;9;11;12"
Root_9698,131.252672,46.270230,6,"2;3;4;9;11;12"
Root_9699,0.000000,22.288790,7,"0;1;3;4;9;11;12"
Root_9700,102.933194,42.566550,6,"1;3;4;9;11;12"
Root_9701,13.389539,27.618390,6,"0;3;4;9;11;12"
Root_9702,131.052502,47.196150,5,"3;4;9;11;12"
Root_9703,2.456429,23.276438,7,"0;1;2;4;9;11;12"
Root_9704,105.957866,43.554198,6,"1;2;4;9;11;12"
Root_9705,16.710531,28.606038,6,"0;2;4;9;11;12"
Root_9706,137.407715,48.183798,5,"2;4;9;11;12"
Root_9707,2.456429,24.202358,6,"0;1;4;9;11;12"
Root_9708,104.635626,44.480118,5,"1;4;9;11;12"
Root_9709,16.710531,29.531958,5,"0;4;9;11;12"
Root_9710,140.715075,49.109718,4,"4;9;11;12"
Root_9711,0.000000,23.585078,7,"0;1;2;3;9;11;12"
Root_9712,107.501066,43.862838,6,"1;2;3;9;11;12"
Root_9713,13.389539,28.914678,6,"0;2;3;9;11;12"
Root_9714,140.494115,48.492438,5,"2;3;9;11;12"
Root_9715,0.240598,24.510998,6,"0;1;3;9;11;12"
Root_9716,106.178826,44.788758,5,"1;3;9;11;12"
Root_9717,13.389539,29.840598,5,"0;3;9;11;12"
Root_9718,143.801475,49.418358,4,"3;9;11;12"
Root_9719,3.838842,25.498646,6,"0;1;2;9;11;12"
Root_9720,111.743958,45.776406,5,"1;2;9;11;12"
Root_9721,17.564698,30.828246,5,"0;2;9;11;12"
Root_9722,152.752035,50.406006,4,"2;9;11;12"
Root_9723,4.610595,26.424566,5,"0;1;9;11;12"
Root_9724,113.199478,46.702326,4,"1;9;11;12"
Root_9725,16.710531,31.754166,4,"0;9;11;12"
Root_9726,157.317242,51.331926,3,"9;11;12"
Root_9727,0.000000,12.332064,11,"0;1;2;3;4;5;6;7;8;11;12"
Root_9728,60.511386,32.609824,10,"1;2;3;4;5;6;7;8;11;12"
Root_9729,0.000000,17.661664,10,"0;2;3;4;5;6;7;8;11;12"
Root_9730,82.971482,37.239424,9,"2;3;4;5;6;7;8;11;12"
Root_9731,0.000000,13.257984,10,"0;1;3;4;5;6;7;8;11;12"
Root_9732,57.875642,33.535744,9,"1;3;4;5;6;7;8;11;12"
Root_9733,0.000000,18.587584,9,"0;3;4;5;6;7;8;11;12"
Root_9734,80.723322,38.165344,8,"3;4;5;6;7;8;11;12"
Root_9735,0.000000,14.245632,10,"0;1;2;4;5;6;7;8;11;12"
Root_9736,63.567002,34.523392,9,"1;2;4;5;6;7;8;11;12"
Root_9737,0.000000,19.575232,9,"0;2;4;5;6;7;8;11;12"
Root_9738,85.686266,39.152992,8,"2;4;5;6;7;8;11;12"
Root_9739,0.000000,15.171552,9,"0;1;4;5;6;7;8;11;12"
Root_9740,59.467002,35.449312,8,"1;4;5;6;7;8;11;12"
Root_9741,0.000000,20.501152,8,"0;4;5;6;7;8;11;12"
Root_9742,84.364026,40.078912,7,"4;5;6;7;8;11;12"
Root_9743,0.000000,14.554272,10,"0;1;2;3;5;6;7;8;11;12"
Root_9744,58.875642,34.832032,9,"1;2;3;5;6;7;8;11;12"
Root_9745,0.000000,19.883872,9,"0;2;3;5;6;7;8;11;12"
Root_9746,85.382458,39.461632,8,"2;3;5;6;7;8;11;12"
Root_9747,0.000000,15.480192,9,"0;1;3;5;6;7;8;11;12"
Root_9748,54.775642,35.757952,8,"1;3;5;6;7;8;11;12"
Root_9749,0.000000,20.809792,8,"0;3;5;6;7;8;11;12"
Root_9750,84.986138,40.387552,7,"3;5;6;7;8;11;12"
Root_9751,0.000000,16.467840,9,"0;1;2;5;6;7;8;11;12"
Root_9752,61.508890,36.745600,8,"1;2;5;6;7;8;11;12"
Root_9753,0.000000,21.797440,8,"0;2;5;6;7;8;11;12"
Root_9754,89.924378,41.375200,7,"2;5;6;7;8;11;12"
Root_9755,0.000000,17.393760,8,"0;1;5;6;7;8;11;12"
Root_9756,59.932250,37.671520,7,"1;5;6;7;8;11;12"
Root_9757,0.000000,22.723360,7,"0;5;6;7;8;11;12"
Root_9758,90.453978,42.301120,6,"5;6;7;8;11;12"
Root_9759,0.000000,13.875264,10,"0;1;2;3;4;6;7;8;11;12"
Root_9760,64.832346,34.153024,9,"1;2;3;4;6;7;8;11;12"
Root_9761,0.000000,19.204864,9,"0;2;3;4;6;7;8;11;12"
Root_9762,90.687482,38.782624,8,"2;3;4;6;7;8;11;12"
Root_9763,0.000000,14.801184,9,"0;1;3;4;6;7;8;11;12"
Root_9764,60.732346,35.078944,8,"1;3;4;6;7;8;11;12"
Root_9765,0.000000,20.130784,8,"0;3;4;6;7;8;11;12"
Root_9766,89.147866,39.708544,7,"3;4;6;7;8;11;12"
Root_9767,0.000000,15.788832,9,"0;1;2;4;6;7;8;11;12"
Root_9768,66.719994,36.066592,8,"1;2;4;6;7;8;11;12"
Root_9769,0.000000,21.118432,8,"0;2;4;6;7;8;11;12"
Root_9770,93.402266,40.696192,7,"2;4;6;7;8;11;12"
Root_9771,0.000000,16.714752,8,"0;1;4;6;7;8;11;12"
Root_9772,63.545914,36.992512,7,"1;4;6;7;8;11;12"
Root_9773,0.000000,22.044352,7,"0;4;6;7;8;11;12"
Root_9774,92.702138,41.622112,6,"4;6;7;8;11;12"
Root_9775,0.000000,16.097472,9,"0;1;2;3;6;7;8;11;12"
Root_9776,62.712506,36.375232,8,"1;2;3;6;7;8;11;12"
Root_9777,0.000000,21.427072,8,"0;2;3;6;7;8;11;12"
Root_9778,94.641658,41.004832,7,"2;3;6;7;8;11;12"
Root_9779,0.000000,17.023392,8,"0;1;3;6;7;8;11;12"
Root_9780,60.765498,37.301152,7,"1;3;6;7;8;11;12"
Root_9781,0.000000,22.352992,7,"0;3;6;7;8;11;12"
Root_9782,94.245338,41.930752,6,"3;6;7;8;11;12"
Root_9783,0.000000,18.011040,8,"0;1;2;6;7;8;11;12"
Root_9784,67.427290,38.288800,7,"1;2;6;7;8;11;12"
Root_9785,0.000000,23.340640,7,"0;2;6;7;8;11;12"
Root_9786,99.183578,42.918400,6,"2;6;7;8;11;12"
Root_9787,0.000000,18.936960,7,"0;1;6;7;8;11;12"
Root_9788,66.319770,39.214720,6,"1;6;7;8;11;12"
Root_9789,0.000000,24.266560,6,"0;6;7;8;11;12"
Root_9790,99.713178,43.844320,5,"6;7;8;11;12"
Root_9791,0.000000,14.757974,10,"0;1;2;3;4;5;7;8;11;12"
Root_9792,67.480477,35.035734,9,"1;2;3;4;5;7;8;11;12"
Root_9793,0.000000,20.087574,9,"0;2;3;4;5;7;8;11;12"
Root_9794,94.291062,39.665334,8,"2;3;4;5;7;8;11;12"
Root_9795,0.000000,15.683894,9,"0;1;3;4;5;7;8;11;12"
Root_9796,63.380477,35.961654,8,"1;3;4;5;7;8;11;12"
Root_9797,0.000000,21.013494,8,"0;3;4;5;7;8;11;12"
Root_9798,92.968822,40.591254,7,"3;4;5;7;8;11;12"
Root_9799,0.000000,16.671542,9,"0;1;2;4;5;7;8;11;12"
Root_9800,69.368125,36.949302,8,"1;2;4;5;7;8;11;12"
Root_9801,0.000000,22.001142,8,"0;2;4;5;7;8;11;12"
Root_9802,96.919414,41.578902,7,"2;4;5;7;8;11;12"
Root_9803,0.000000,17.597462,8,"0;1;4;5;7;8;11;12"
Root_9804,67.069267,37.875222,7,"1;4;5;7;8;11;12"
Root_9805,0.000000,22.927062,7,"0;4;5;7;8;11;12"
Root_9806,96.523094,42.504822,6,"4;5;7;8;11;12"
Root_9807,0.000000,16.980182,9,"0;1;2;3;5;7;8;11;12"
Root_9808,66.501290,37.257942,8,"1;2;3;5;7;8;11;12"
Root_9809,0.000000,22.309782,8,"0;2;3;5;7;8;11;12"
Root_9810,99.079894,41.887542,7,"2;3;5;7;8;11;12"
Root_9811,0.000000,17.906102,8,"0;1;3;5;7;8;11;12"
Root_9812,65.179050,38.183862,7,"1;3;5;7;8;11;12"
Root_9813,0.000000,23.235702,7,"0;3;5;7;8;11;12"
Root_9814,98.683574,42.813462,6,"3;5;7;8;11;12"
Root_9815,0.000000,18.893750,8,"0;1;2;5;7;8;11;12"
Root_9816,71.129642,39.171510,7,"1;2;5;7;8;11;12"
Root_9817,0.000000,24.223350,7,"0;2;5;7;8;11;12"
Root_9818,104.053910,43.801110,6,"2;5;7;8;11;12"
Root_9819,0.000000,19.819670,7,"0;1;5;7;8;11;12"
Root_9820,70.733322,40.097430,6,"1;5;7;8;11;12"
Root_9821,0.878870,25.149270,6,"0;5;7;8;11;12"
Root_9822,104.583510,44.727030,5,"5;7;8;11;12"
Root_9823,0.000000,16.301174,9,"0;1;2;3;4;7;8;11;12"
Root_9824,72.689011,36.578934,8,"1;2;3;4;7;8;11;12"
Root_9825,0.000000,21.630774,8,"0;2;3;4;7;8;11;12"
Root_9826,101.797312,41.208534,7,"2;3;4;7;8;11;12"
Root_9827,0.000000,17.227094,8,"0;1;3;4;7;8;11;12"
Root_9828,70.019786,37.504854,7,"1;3;4;7;8;11;12"
Root_9829,0.000000,22.556694,7,"0;3;4;7;8;11;12"
Root_9830,100.475072,42.134454,6,"3;4;7;8;11;12"
Root_9831,0.000000,18.214742,8,"0;1;2;4;7;8;11;12"
Root_9832,75.490227,38.492502,7,"1;2;4;7;8;11;12"
Root_9833,1.199830,23.544342,7,"0;2;4;7;8;11;12"
Root_9834,104.487392,43.122102,6,"2;4;7;8;11;12"
Root_9835,0.000000,19.140662,7,"0;1;4;7;8;11;12"
Root_9836,73.660490,39.418422,6,"1;4;7;8;11;12"
Root_9837,1.399693,24.470262,6,"0;4;7;8;11;12"
Root_9838,104.091072,44.048022,5,"4;7;8;11;12"
Root_9839,0.000000,18.523382,8,"0;1;2;3;7;8;11;12"
Root_9840,74.217290,38.801142,7,"1;2;3;7;8;11;12"
Root_9841,0.000000,23.852982,7,"0;2;3;7;8;11;12"
Root_9842,106.339232,43.430742,6,"2;3;7;8;11;12"
Root_9843,0.000000,19.449302,7,"0;1;3;7;8;11;12"
Root_9844,73.622112,39.727062,6,"1;3;7;8;11;12"
Root_9845,0.508502,24.778902,6,"0;3;7;8;11;12"
Root_9846,105.942912,44.356662,5,"3;7;8;11;12"
Root_9847,0.000000,20.436950,7,"0;1;2;7;8;11;12"
Root_9848,78.845642,40.714710,6,"1;2;7;8;11;12"
Root_9849,3.118051,25.766550,6,"0;2;7;8;11;12"
Root_9850,111.287190,45.344310,5,"2;7;8;11;12"
Root_9851,0.000000,21.362870,6,"0;1;7;8;11;12"
Root_9852,79.089952,41.640630,5,"1;7;8;11;12"
Root_9853,3.621901,26.692470,5,"0;7;8;11;12"
Root_9854,112.742710,46.270230,4,"7;8;11;12"
Root_9855,0.000000,15.356736,10,"0;1;2;3;4;5;6;8;11;12"
Root_9856,70.264166,35.634496,9,"1;2;3;4;5;6;8;11;12"
Root_9857,0.000000,20.686336,9,"0;2;3;4;5;6;8;11;12"
Root_9858,100.081155,40.264096,8,"2;3;4;5;6;8;11;12"
Root_9859,0.000000,16.282656,9,"0;1;3;4;5;6;8;11;12"
Root_9860,66.724582,36.560416,8,"1;3;4;5;6;8;11;12"
Root_9861,0.000000,21.612256,8,"0;3;4;5;6;8;11;12"
Root_9862,98.758915,41.190016,7,"3;4;5;6;8;11;12"
Root_9863,0.000000,17.270304,9,"0;1;2;4;5;6;8;11;12"
Root_9864,72.699878,37.548064,8,"1;2;4;5;6;8;11;12"
Root_9865,0.255392,22.599904,8,"0;2;4;5;6;8;11;12"
Root_9866,102.709507,42.177664,7,"2;4;5;6;8;11;12"
Root_9867,0.000000,18.196224,8,"0;1;4;5;6;8;11;12"
Root_9868,70.451718,38.473984,7,"1;4;5;6;8;11;12"
Root_9869,0.255392,23.525824,7,"0;4;5;6;8;11;12"
Root_9870,102.313187,43.103584,6,"4;5;6;8;11;12"
Root_9871,0.000000,17.578944,9,"0;1;2;3;5;6;8;11;12"
Root_9872,70.482502,37.856704,8,"1;2;3;5;6;8;11;12"
Root_9873,0.000000,22.908544,8,"0;2;3;5;6;8;11;12"
Root_9874,104.869987,42.486304,7,"2;3;5;6;8;11;12"
Root_9875,0.000000,18.504864,8,"0;1;3;5;6;8;11;12"
Root_9876,69.160262,38.782624,7,"1;3;5;6;8;11;12"
Root_9877,0.000000,23.834464,7,"0;3;5;6;8;11;12"
Root_9878,104.473667,43.412224,6,"3;5;6;8;11;12"
Root_9879,0.000000,19.492512,8,"0;1;2;5;6;8;11;12"
Root_9880,75.110854,39.770272,7,"1;2;5;6;8;11;12"
Root_9881,0.807104,24.822112,7,"0;2;5;6;8;11;12"
Root_9882,109.844003,44.399872,6,"2;5;6;8;11;12"
Root_9883,0.000000,20.418432,7,"0;1;5;6;8;11;12"
Root_9884,74.714534,40.696192,6,"1;5;6;8;11;12"
Root_9885,1.733024,25.748032,6,"0;5;6;8;11;12"
Root_9886,110.699395,45.325792,5,"5;6;8;11;12"
Root_9887,0.000000,16.899936,9,"0;1;2;3;4;6;8;11;12"
Root_9888,76.452986,37.177696,8,"1;2;3;4;6;8;11;12"
Root_9889,0.000000,22.229536,8,"0;2;3;4;6;8;11;12"
Root_9890,106.988643,41.807296,7,"2;3;4;6;8;11;12"
Root_9891,0.000000,17.825856,8,"0;1;3;4;6;8;11;12"
Root_9892,74.204826,38.103616,7,"1;3;4;6;8;11;12"
Root_9893,0.000000,23.155456,7,"0;3;4;6;8;11;12"
Root_9894,105.666403,42.733216,6,"3;4;6;8;11;12"
Root_9895,0.000000,18.813504,8,"0;1;2;4;6;8;11;12"
Root_9896,79.167770,39.091264,7,"1;2;4;6;8;11;12"
Root_9897,1.819424,24.143104,7,"0;2;4;6;8;11;12"
Root_9898,109.678723,43.720864,6,"2;4;6;8;11;12"
Root_9899,0.000000,19.739424,7,"0;1;4;6;8;11;12"
Root_9900,77.845530,40.017184,6,"1;4;6;8;11;12"
Root_9901,2.618048,25.069024,6,"0;4;6;8;11;12"
Root_9902,109.282403,44.646784,5,"4;6;8;11;12"
Root_9903,0.000000,19.122144,8,"0;1;2;3;6;8;11;12"
Root_9904,78.802234,39.399904,7,"1;2;3;6;8;11;12"
Root_9905,0.181344,24.451744,7,"0;2;3;6;8;11;12"
Root_9906,111.530563,44.029504,6,"2;3;6;8;11;12"
Root_9907,0.000000,20.048064,7,"0;1;3;6;8;11;12"
Root_9908,78.405914,40.325824,6,"1;3;6;8;11;12"
Root_9909,1.107264,25.377664,6,"0;3;6;8;11;12"
Root_9910,111.134243,44.955424,5,"3;6;8;11;12"
Root_9911,0.000000,21.035712,7,"0;1;2;6;8;11;12"
Root_9912,83.344154,41.313472,6,"1;2;6;8;11;12"
Root_9913,4.819424,26.365312,6,"0;2;6;8;11;12"
Root_9914,117.077283,45.943072,5,"2;6;8;11;12"
Root_9915,0.000000,21.961632,6,"0;1;6;8;11;12"
Root_9916,83.873754,42.239392,5,"1;6;8;11;12"
Root_9917,4.819424,27.291232,5,"0;6;8;11;12"
Root_9918,118.532803,46.868992,4,"6;8;11;12"
Root_9919,0.000000,17.782646,9,"0;1;2;3;4;5;8;11;12"
Root_9920,80.440608,38.060406,8,"1;2;3;4;5;8;11;12"
Root_9921,0.767734,23.112246,8,"0;2;3;4;5;8;11;12"
Root_9922,110.809600,42.690006,7,"2;3;4;5;8;11;12"
Root_9923,0.000000,18.708566,8,"0;1;3;4;5;8;11;12"
Root_9924,78.192448,38.986326,7,"1;3;4;5;8;11;12"
Root_9925,0.767734,24.038166,7,"0;3;4;5;8;11;12"
Root_9926,109.487360,43.615926,6,"3;4;5;8;11;12"
Root_9927,0.000000,19.696214,8,"0;1;2;4;5;8;11;12"
Root_9928,83.155392,39.973974,7,"1;2;4;5;8;11;12"
Root_9929,4.340259,25.025814,7,"0;2;4;5;8;11;12"
Root_9930,113.870048,44.603574,6,"2;4;5;8;11;12"
Root_9931,0.000000,20.622134,7,"0;1;4;5;8;11;12"
Root_9932,81.833152,40.899894,6,"1;4;5;8;11;12"
Root_9933,5.266179,25.951734,6,"0;4;5;8;11;12"
Root_9934,114.003222,45.529494,5,"4;5;8;11;12"
Root_9935,0.000000,20.004854,8,"0;1;2;3;5;8;11;12"
Root_9936,83.672566,40.282614,7,"1;2;3;5;8;11;12"
Root_9937,1.831789,25.334454,7,"0;2;3;5;8;11;12"
Root_9938,116.030528,44.912214,6,"2;3;5;8;11;12"
Root_9939,0.000000,20.930774,7,"0;1;3;5;8;11;12"
Root_9940,83.276246,41.208534,6,"1;3;5;8;11;12"
Root_9941,2.757709,26.260374,6,"0;3;5;8;11;12"
Root_9942,116.472342,45.838134,5,"3;5;8;11;12"
Root_9943,0.000000,21.918422,7,"0;1;2;5;8;11;12"
Root_9944,88.214486,42.196182,6,"1;2;5;8;11;12"
Root_9945,6.584845,27.248022,6,"0;2;5;8;11;12"
Root_9946,122.830326,46.825782,5,"2;5;8;11;12"
Root_9947,0.000000,22.844342,6,"0;1;5;8;11;12"
Root_9948,88.744086,43.122102,5,"1;5;8;11;12"
Root_9949,6.584845,28.173942,5,"0;5;8;11;12"
Root_9950,125.037549,47.751702,4,"5;8;11;12"
Root_9951,0.000000,19.325846,8,"0;1;2;3;4;8;11;12"
Root_9952,87.624544,39.603606,7,"1;2;3;4;8;11;12"
Root_9953,4.307760,24.655446,7,"0;2;3;4;8;11;12"
Root_9954,115.723274,44.233206,6,"2;3;4;8;11;12"
Root_9955,0.000000,20.251766,7,"0;1;3;4;8;11;12"
Root_9956,86.302304,40.529526,6,"1;3;4;8;11;12"
Root_9957,5.233680,25.581366,6,"0;3;4;8;11;12"
Root_9958,114.560160,45.159126,5,"3;4;8;11;12"
Root_9959,0.000000,21.239414,7,"0;1;2;4;8;11;12"
Root_9960,90.252896,41.517174,6,"1;2;4;8;11;12"
Root_9961,9.078605,26.569014,6,"0;2;4;8;11;12"
Root_9962,119.560128,46.146774,5,"2;4;8;11;12"
Root_9963,0.000000,22.165334,6,"0;1;4;8;11;12"
Root_9964,89.856576,42.443094,5,"1;4;8;11;12"
Root_9965,9.078605,27.494934,5,"0;4;8;11;12"
Root_9966,120.162422,47.072694,4,"4;8;11;12"
Root_9967,0.000000,21.548054,7,"0;1;2;3;8;11;12"
Root_9968,92.104736,41.825814,6,"1;2;3;8;11;12"
Root_9969,6.922714,26.877654,6,"0;2;3;8;11;12"
Root_9970,121.720608,46.455414,5,"2;3;8;11;12"
Root_9971,0.000000,22.473974,6,"0;1;3;8;11;12"
Root_9972,91.708416,42.751734,5,"1;3;8;11;12"
Root_9973,6.922714,27.803574,5,"0;3;8;11;12"
Root_9974,122.631542,47.381334,4,"3;8;11;12"
Root_9975,0.000000,23.461622,6,"0;1;2;8;11;12"
Root_9976,96.708384,43.739382,5,"1;2;8;11;12"
Root_9977,9.078605,28.791222,5,"0;2;8;11;12"
Root_9978,130.344771,48.368982,4,"2;8;11;12"
Root_9979,0.117142,24.387542,5,"0;1;8;11;12"
Root_9980,97.237984,44.665302,4,"1;8;11;12"
Root_9981,9.078605,29.717142,4,"0;8;11;12"
Root_9982,134.578051,49.294902,3,"8;11;12"
Root_9983,0.000000,16.961664,10,"0;1;2;3;4;5;6;7;11;12"
Root_9984,76.971482,37.239424,9,"1;2;3;4;5;6;7;11;12"
Root_9985,0.000000,22.291264,9,"0;2;3;4;5;6;7;11;12"
Root_9986,111.093411,41.869024,8,"2;3;4;5;6;7;11;12"
Root_9987,0.000000,17.887584,9,"0;1;3;4;5;6;7;11;12"
Root_9988,74.723322,38.165344,8,"1;3;4;5;6;7;11;12"
Root_9989,0.000000,23.217184,8,"0;3;4;5;6;7;11;12"
Root_9990,109.771171,42.794944,7,"3;4;5;6;7;11;12"
Root_9991,0.000000,18.875232,9,"0;1;2;4;5;6;7;11;12"
Root_9992,79.686266,39.152992,8,"1;2;4;5;6;7;11;12"
Root_9993,1.942880,24.204832,8,"0;2;4;5;6;7;11;12"
Root_9994,114.153859,43.782592,7,"2;4;5;6;7;11;12"
Root_9995,0.000000,19.801152,8,"0;1;4;5;6;7;11;12"
Root_9996,78.364026,40.078912,7,"1;4;5;6;7;11;12"
Root_9997,2.803232,25.130752,7,"0;4;5;6;7;11;12"
Root_9998,113.757539,44.708512,6,"4;5;6;7;11;12"
Root_9999,0.000000,19.183872,9,"0;1;2;3;5;6;7;11;12"
Root_10000,79.382458,39.461632,8,"1;2;3;5;6;7;11;12"
Root_10001,0.243072,24.513472,8,"0;2;3;5;6;7;11;12"
Root_10002,116.314339,44.091232,7,"2;3;5;6;7;11;12"
Root_10003,0.000000,20.109792,8,"0;1;3;5;6;7;11;12"
Root_10004,78.986138,40.387552,7,"1;3;5;6;7;11;12"
Root_10005,1.168992,25.439392,7,"0;3;5;6;7;11;12"
Root_10006,115.952323,45.017152,6,"3;5;6;7;11;12"
Root_10007,0.000000,21.097440,8,"0;1;2;5;6;7;11;12"
Root_10008,83.924378,41.375200,7,"1;2;5;6;7;11;12"
Root_10009,4.942880,26.427040,7,"0;2;5;6;7;11;12"
Root_10010,123.297955,46.004800,6,"2;5;6;7;11;12"
Root_10011,0.000000,22.023360,7,"0;1;5;6;7;11;12"
Root_10012,84.453978,42.301120,6,"1;5;6;7;11;12"
Root_10013,4.942880,27.352960,6,"0;5;6;7;11;12"
Root_10014,125.679395,46.930720,5,"5;6;7;11;12"
Root_10015,0.000000,18.504864,9,"0;1;2;3;4;6;7;11;12"
Root_10016,84.687482,38.782624,8,"1;2;3;4;6;7;11;12"
Root_10017,1.489952,23.834464,8,"0;2;3;4;6;7;11;12"
Root_10018,116.828067,43.412224,7,"2;3;4;6;7;11;12"
Root_10019,0.000000,19.430784,8,"0;1;3;4;6;7;11;12"
Root_10020,83.147866,39.708544,7,"1;3;4;6;7;11;12"
Root_10021,1.979936,24.760384,7,"0;3;4;6;7;11;12"
Root_10022,115.505827,44.338144,6,"3;4;6;7;11;12"
Root_10023,0.000000,20.418432,8,"0;1;2;4;6;7;11;12"
Root_10024,87.402266,40.696192,7,"1;2;4;6;7;11;12"
Root_10025,6.910464,25.748032,7,"0;2;4;6;7;11;12"
Root_10026,120.169731,45.325792,6,"2;4;6;7;11;12"
Root_10027,0.000000,21.344352,7,"0;1;4;6;7;11;12"
Root_10028,86.702138,41.622112,6,"1;4;6;7;11;12"
Root_10029,7.403520,26.673952,6,"0;4;6;7;11;12"
Root_10030,121.625251,46.251712,5,"4;6;7;11;12"
Root_10031,0.000000,20.727072,8,"0;1;2;3;6;7;11;12"
Root_10032,88.641658,41.004832,7,"1;2;3;6;7;11;12"
Root_10033,3.988416,26.056672,7,"0;2;3;6;7;11;12"
Root_10034,122.638851,45.634432,6,"2;3;6;7;11;12"
Root_10035,0.000000,21.652992,7,"0;1;3;6;7;11;12"
Root_10036,88.245338,41.930752,6,"1;3;6;7;11;12"
Root_10037,4.202144,26.982592,6,"0;3;6;7;11;12"
Root_10038,124.094371,46.560352,5,"3;6;7;11;12"
Root_10039,0.000000,22.640640,7,"0;1;2;6;7;11;12"
Root_10040,93.183578,42.918400,6,"1;2;6;7;11;12"
Root_10041,7.403520,27.970240,6,"0;2;6;7;11;12"
Root_10042,131.069635,47.548000,5,"2;6;7;11;12"
Root_10043,0.000000,23.566560,6,"0;1;6;7;11;12"
Root_10044,93.713178,43.844320,5,"1;6;7;11;12"
Root_10045,7.403520,28.896160,5,"0;6;7;11;12"
Root_10046,133.924995,48.473920,4,"6;7;11;12"
Root_10047,0.000000,19.387574,9,"0;1;2;3;4;5;7;11;12"
Root_10048,88.291062,39.665334,8,"1;2;3;4;5;7;11;12"
Root_10049,3.700570,24.717174,8,"0;2;3;4;5;7;11;12"
Root_10050,120.649024,44.294934,7,"2;3;4;5;7;11;12"
Root_10051,0.000000,20.313494,8,"0;1;3;4;5;7;11;12"
Root_10052,86.968822,40.591254,7,"1;3;4;5;7;11;12"
Root_10053,4.626490,25.643094,7,"0;3;4;5;7;11;12"
Root_10054,119.768493,45.220854,6,"3;4;5;7;11;12"
Root_10055,0.000000,21.301142,8,"0;1;2;4;5;7;11;12"
Root_10056,90.919414,41.578902,7,"1;2;4;5;7;11;12"
Root_10057,8.286230,26.630742,7,"0;2;4;5;7;11;12"
Root_10058,126.126477,46.208502,6,"2;4;5;7;11;12"
Root_10059,0.000000,22.227062,7,"0;1;4;5;7;11;12"
Root_10060,90.523094,42.504822,6,"1;4;5;7;11;12"
Root_10061,8.286230,27.556662,6,"0;4;5;7;11;12"
Root_10062,127.716419,47.134422,5,"4;5;7;11;12"
Root_10063,0.000000,21.609782,8,"0;1;2;3;5;7;11;12"
Root_10064,93.079894,41.887542,7,"1;2;3;5;7;11;12"
Root_10065,6.253795,26.939382,7,"0;2;3;5;7;11;12"
Root_10066,128.904237,46.517142,6,"2;3;5;7;11;12"
Root_10067,0.000000,22.535702,7,"0;1;3;5;7;11;12"
Root_10068,92.683574,42.813462,6,"1;3;5;7;11;12"
Root_10069,6.253795,27.865302,6,"0;3;5;7;11;12"
Root_10070,130.802819,47.443062,5,"3;5;7;11;12"
Root_10071,0.000000,23.523350,7,"0;1;2;5;7;11;12"
Root_10072,98.053910,43.801110,6,"1;2;5;7;11;12"
Root_10073,8.286230,28.852950,6,"0;2;5;7;11;12"
Root_10074,139.136099,48.430710,5,"2;5;7;11;12"
Root_10075,0.178870,24.449270,6,"0;1;5;7;11;12"
Root_10076,98.583510,44.727030,5,"1;5;7;11;12"
Root_10077,8.286230,29.778870,5,"0;5;7;11;12"
Root_10078,142.443459,49.356630,4,"5;7;11;12"
Root_10079,0.000000,20.930774,8,"0;1;2;3;4;7;11;12"
Root_10080,95.797312,41.208534,7,"1;2;3;4;7;11;12"
Root_10081,9.745293,26.260374,7,"0;2;3;4;7;11;12"
Root_10082,125.634038,45.838134,6,"2;3;4;7;11;12"
Root_10083,0.000000,21.856694,7,"0;1;3;4;7;11;12"
Root_10084,94.475072,42.134454,6,"1;3;4;7;11;12"
Root_10085,9.745293,27.186294,6,"0;3;4;7;11;12"
Root_10086,126.163638,46.764054,5,"3;4;7;11;12"
Root_10087,0.499830,22.844342,7,"0;1;2;4;7;11;12"
Root_10088,98.487392,43.122102,6,"1;2;4;7;11;12"
Root_10089,11.029261,28.173942,6,"0;2;4;7;11;12"
Root_10090,132.902957,47.751702,5,"2;4;7;11;12"
Root_10091,0.499830,23.770262,6,"0;1;4;7;11;12"
Root_10092,98.091072,44.048022,5,"1;4;7;11;12"
Root_10093,11.029261,29.099862,5,"0;4;7;11;12"
Root_10094,135.962019,48.677622,4,"4;7;11;12"
Root_10095,0.000000,23.152982,7,"0;1;2;3;7;11;12"
Root_10096,100.339232,43.430742,6,"1;2;3;7;11;12"
Root_10097,9.745293,28.482582,6,"0;2;3;7;11;12"
Root_10098,135.741059,48.060342,5,"2;3;7;11;12"
Root_10099,0.000000,24.078902,6,"0;1;3;7;11;12"
Root_10100,99.942912,44.356662,5,"1;3;7;11;12"
Root_10101,9.745293,29.408502,5,"0;3;7;11;12"
Root_10102,139.048419,48.986262,4,"3;7;11;12"
Root_10103,1.295981,25.066550,6,"0;1;2;7;11;12"
Root_10104,105.631501,45.344310,5,"1;2;7;11;12"
Root_10105,11.451331,30.396150,5,"0;2;7;11;12"
Root_10106,147.998979,49.973910,4,"2;7;11;12"
Root_10107,2.221901,25.992470,5,"0;1;7;11;12"
Root_10108,108.012941,46.270230,4,"1;7;11;12"
Root_10109,11.029261,31.322070,4,"0;7;11;12"
Root_10110,152.232259,50.899830,3,"7;11;12"
Root_10111,0.000000,19.986336,9,"0;1;2;3;4;5;6;11;12"
Root_10112,94.081155,40.264096,8,"1;2;3;4;5;6;11;12"
Root_10113,6.095616,25.315936,8,"0;2;3;4;5;6;11;12"
Root_10114,126.439117,44.893696,7,"2;3;4;5;6;11;12"
Root_10115,0.000000,20.912256,8,"0;1;3;4;5;6;11;12"
Root_10116,92.758915,41.190016,7,"1;3;4;5;6;11;12"
Root_10117,7.021536,26.241856,7,"0;3;4;5;6;11;12"
Root_10118,126.756109,45.819616,6,"3;4;5;6;11;12"
Root_10119,0.000000,21.899904,8,"0;1;2;4;5;6;11;12"
Root_10120,96.709507,42.177664,7,"1;2;4;5;6;11;12"
Root_10121,9.140384,27.229504,7,"0;2;4;5;6;11;12"
Root_10122,133.114093,46.807264,6,"2;4;5;6;11;12"
Root_10123,0.000000,22.825824,7,"0;1;4;5;6;11;12"
Root_10124,96.313187,43.103584,6,"1;4;5;6;11;12"
Root_10125,9.140384,28.155424,6,"0;4;5;6;11;12"
Root_10126,134.569613,47.733184,5,"4;5;6;11;12"
Root_10127,0.000000,22.208544,8,"0;1;2;3;5;6;11;12"
Root_10128,98.869987,42.486304,7,"1;2;3;5;6;11;12"
Root_10129,7.856416,27.538144,7,"0;2;3;5;6;11;12"
Root_10130,135.891853,47.115904,6,"2;3;5;6;11;12"
Root_10131,0.000000,23.134464,7,"0;1;3;5;6;11;12"
Root_10132,98.473667,43.412224,6,"1;3;5;6;11;12"
Root_10133,7.856416,28.464064,6,"0;3;5;6;11;12"
Root_10134,137.389197,48.041824,5,"3;5;6;11;12"
Root_10135,0.000000,24.122112,7,"0;1;2;5;6;11;12"
Root_10136,103.844003,44.399872,6,"1;2;5;6;11;12"
Root_10137,9.140384,29.451712,6,"0;2;5;6;11;12"
Root_10138,145.722477,49.029472,5,"2;5;6;11;12"
Root_10139,0.777632,25.048032,6,"0;1;5;6;11;12"
Root_10140,105.025187,45.325792,5,"1;5;6;11;12"
Root_10141,9.140384,30.377632,5,"0;5;6;11;12"
Root_10142,149.029837,49.955392,4,"5;6;11;12"
Root_10143,0.000000,21.529536,8,"0;1;2;3;4;6;11;12"
Root_10144,100.988643,41.807296,7,"1;2;3;4;6;11;12"
Root_10145,10.428192,26.859136,7,"0;2;3;4;6;11;12"
Root_10146,132.022893,46.436896,6,"2;3;4;6;11;12"
Root_10147,0.000000,22.455456,7,"0;1;3;4;6;11;12"
Root_10148,99.666403,42.733216,6,"1;3;4;6;11;12"
Root_10149,10.428192,27.785056,6,"0;3;4;6;11;12"
Root_10150,132.552493,47.362816,5,"3;4;6;11;12"
Root_10151,1.098592,23.443104,7,"0;1;2;4;6;11;12"
Root_10152,103.678723,43.720864,6,"1;2;4;6;11;12"
Root_10153,12.247616,28.772704,6,"0;2;4;6;11;12"
Root_10154,139.241037,48.350464,5,"2;4;6;11;12"
Root_10155,1.197216,24.369024,6,"0;1;4;6;11;12"
Root_10156,103.282403,44.646784,5,"1;4;6;11;12"
Root_10157,12.247616,29.698624,5,"0;4;6;11;12"
Root_10158,142.548397,49.276384,4,"4;6;11;12"
Root_10159,0.000000,23.751744,7,"0;1;2;3;6;11;12"
Root_10160,105.530563,44.029504,6,"1;2;3;6;11;12"
Root_10161,10.428192,29.081344,6,"0;2;3;6;11;12"
Root_10162,142.327437,48.659104,5,"2;3;6;11;12"
Root_10163,0.407264,24.677664,6,"0;1;3;6;11;12"
Root_10164,105.134243,44.955424,5,"1;3;6;11;12"
Root_10165,10.428192,30.007264,5,"0;3;6;11;12"
Root_10166,145.634797,49.585024,4,"3;6;11;12"
Root_10167,2.814336,25.665312,6,"0;1;2;6;11;12"
Root_10168,112.020355,45.943072,5,"1;2;6;11;12"
Root_10169,13.247616,30.994912,5,"0;2;6;11;12"
Root_10170,154.585357,50.572672,4,"2;6;11;12"
Root_10171,3.419424,26.591232,5,"0;1;6;11;12"
Root_10172,114.401795,46.868992,4,"1;6;11;12"
Root_10173,12.226784,31.920832,4,"0;6;11;12"
Root_10174,159.317229,51.498592,3,"6;11;12"
Root_10175,0.067734,22.412246,8,"0;1;2;3;4;5;11;12"
Root_10176,104.809600,42.690006,7,"1;2;3;4;5;11;12"
Root_10177,12.078637,27.741846,7,"0;2;3;4;5;11;12"
Root_10178,137.928877,47.319606,6,"2;3;4;5;11;12"
Root_10179,0.067734,23.338166,7,"0;1;3;4;5;11;12"
Root_10180,103.487360,43.615926,6,"1;3;4;5;11;12"
Root_10181,12.078637,28.667766,6,"0;3;4;5;11;12"
Root_10182,139.629923,48.245526,5,"3;4;5;11;12"
Root_10183,2.240259,24.325814,7,"0;1;2;4;5;11;12"
Root_10184,107.870048,44.603574,6,"1;2;4;5;11;12"
Root_10185,14.895747,29.655414,6,"0;2;4;5;11;12"
Root_10186,147.963203,49.233174,5,"2;4;5;11;12"
Root_10187,3.166179,25.251734,6,"0;1;4;5;11;12"
Root_10188,108.532717,45.529494,5,"1;4;5;11;12"
Root_10189,14.895747,30.581334,5,"0;4;5;11;12"
Root_10190,151.270563,50.159094,4,"4;5;11;12"
Root_10191,0.431789,24.634454,7,"0;1;2;3;5;11;12"
Root_10192,110.030528,44.912214,6,"1;2;3;5;11;12"
Root_10193,12.078637,29.964054,6,"0;2;3;5;11;12"
Root_10194,151.358243,49.541814,5,"2;3;5;11;12"
Root_10195,1.357709,25.560374,6,"0;1;3;5;11;12"
Root_10196,111.310477,45.838134,5,"1;3;5;11;12"
Root_10197,12.078637,30.889974,5,"0;3;5;11;12"
Root_10198,154.665603,50.467734,4,"3;5;11;12"
Root_10199,5.184845,26.548022,6,"0;1;2;5;11;12"
Root_10200,118.656109,46.825782,5,"1;2;5;11;12"
Root_10201,15.895747,31.877622,5,"0;2;5;11;12"
Root_10202,164.441914,51.455382,4,"2;5;11;12"
Root_10203,5.184845,27.473942,5,"0;1;5;11;12"
Root_10204,121.789251,47.751702,4,"1;5;11;12"
Root_10205,13.992205,32.803542,4,"0;5;11;12"
Root_10206,169.601114,52.381302,3,"5;11;12"
Root_10207,1.610934,23.955446,7,"0;1;2;3;4;11;12"
Root_10208,109.723274,44.233206,6,"1;2;3;4;11;12"
Root_10209,15.922714,29.285046,6,"0;2;3;4;11;12"
Root_10210,144.568163,48.862806,5,"2;3;4;11;12"
Root_10211,2.221901,24.881366,6,"0;1;3;4;11;12"
Root_10212,108.719286,45.159126,5,"1;3;4;11;12"
Root_10213,15.922714,30.210966,5,"0;3;4;11;12"
Root_10214,147.875523,49.788726,4,"3;4;11;12"
Root_10215,7.394394,25.869014,6,"0;1;2;4;11;12"
Root_10216,114.706902,46.146774,5,"1;2;4;11;12"
Root_10217,20.749882,31.198614,5,"0;2;4;11;12"
Root_10218,156.826083,50.776374,4,"2;4;11;12"
Root_10219,7.524502,26.794934,5,"0;1;4;11;12"
Root_10220,116.235117,47.072694,4,"1;4;11;12"
Root_10221,19.525347,32.124534,4,"0;4;11;12"
Root_10222,161.761658,51.702294,3,"4;11;12"
Root_10223,4.351363,26.177654,6,"0;1;2;3;11;12"
Root_10224,117.176022,46.455414,5,"1;2;3;11;12"
Root_10225,16.922714,31.507254,5,"0;2;3;11;12"
Root_10226,160.306138,51.085014,4,"2;3;11;12"
Root_10227,4.444109,27.103574,5,"0;1;3;11;12"
Root_10228,119.012877,47.381334,4,"1;3;11;12"
Root_10229,15.389539,32.433174,4,"0;3;11;12"
Root_10230,165.465338,52.010934,3,"3;11;12"
Root_10231,7.524502,28.091222,5,"0;1;2;11;12"
Root_10232,127.713754,48.368982,4,"1;2;11;12"
Root_10233,20.525347,33.420822,4,"0;2;11;12"
Root_10234,176.391194,52.998582,3,"2;11;12"
Root_10235,7.524502,29.017142,4,"0;1;11;12"
Root_10236,132.872954,49.294902,3,"1;11;12"
Root_10237,17.078605,34.346742,3,"0;11;12"
Root_10238,182.476314,53.924502,2,"11;12"
Root_10239,0.000000,10.665408,12,"0;1;2;3;4;5;6;7;8;9;10;12"
Root_10240,57.250842,30.943168,11,"1;2;3;4;5;6;7;8;9;10;12"
Root_10241,0.000000,15.995008,11,"0;2;3;4;5;6;7;8;9;10;12"
Root_10242,85.788742,35.572768,10,"2;3;4;5;6;7;8;9;10;12"
Root_10243,0.000000,11.591328,11,"0;1;3;4;5;6;7;8;9;10;12"
Root_10244,56.981754,31.869088,10,"1;3;4;5;6;7;8;9;10;12"
Root_10245,0.000000,16.920928,10,"0;3;4;5;6;7;8;9;10;12"
Root_10246,82.388742,36.498688,9,"3;4;5;6;7;8;9;10;12"
Root_10247,0.000000,12.578976,11,"0;1;2;4;5;6;7;8;9;10;12"
Root_10248,62.991546,32.856736,10,"1;2;4;5;6;7;8;9;10;12"
Root_10249,0.000000,17.908576,10,"0;2;4;5;6;7;8;9;10;12"
Root_10250,88.364038,37.486336,9,"2;4;5;6;7;8;9;10;12"
Root_10251,0.000000,13.504896,10,"0;1;4;5;6;7;8;9;10;12"
Root_10252,60.808890,33.782656,9,"1;4;5;6;7;8;9;10;12"
Root_10253,0.000000,18.834496,9,"0;4;5;6;7;8;9;10;12"
Root_10254,85.889958,38.412256,8,"4;5;6;7;8;9;10;12"
Root_10255,0.000000,12.887616,11,"0;1;2;3;5;6;7;8;9;10;12"
Root_10256,59.278042,33.165376,10,"1;2;3;5;6;7;8;9;10;12"
Root_10257,0.000000,18.217216,10,"0;2;3;5;6;7;8;9;10;12"
Root_10258,86.084934,37.794976,9,"2;3;5;6;7;8;9;10;12"
Root_10259,0.000000,13.813536,10,"0;1;3;5;6;7;8;9;10;12"
Root_10260,56.786746,34.091296,9,"1;3;5;6;7;8;9;10;12"
Root_10261,0.000000,19.143136,9,"0;3;5;6;7;8;9;10;12"
Root_10262,84.536774,38.720896,8,"3;5;6;7;8;9;10;12"
Root_10263,0.000000,14.801184,10,"0;1;2;5;6;7;8;9;10;12"
Root_10264,63.105178,35.078944,9,"1;2;5;6;7;8;9;10;12"
Root_10265,0.000000,20.130784,9,"0;2;5;6;7;8;9;10;12"
Root_10266,89.778822,39.708544,8,"2;5;6;7;8;9;10;12"
Root_10267,0.000000,15.727104,9,"0;1;5;6;7;8;9;10;12"
Root_10268,59.710042,36.004864,8,"1;5;6;7;8;9;10;12"
Root_10269,0.000000,21.056704,8,"0;5;6;7;8;9;10;12"
Root_10270,88.230662,40.634464,7,"5;6;7;8;9;10;12"
Root_10271,0.000000,12.208608,11,"0;1;2;3;4;6;7;8;9;10;12"
Root_10272,64.297626,32.486368,10,"1;2;3;4;6;7;8;9;10;12"
Root_10273,0.000000,17.538208,10,"0;2;3;4;6;7;8;9;10;12"
Root_10274,92.691216,37.115968,9,"2;3;4;6;7;8;9;10;12"
Root_10275,0.000000,13.134528,10,"0;1;3;4;6;7;8;9;10;12"
Root_10276,62.485338,33.412288,9,"1;3;4;6;7;8;9;10;12"
Root_10277,0.000000,18.464128,9,"0;3;4;6;7;8;9;10;12"
Root_10278,90.217136,38.041888,8,"3;4;6;7;8;9;10;12"
Root_10279,0.000000,14.122176,10,"0;1;2;4;6;7;8;9;10;12"
Root_10280,69.164346,34.399936,9,"1;2;4;6;7;8;9;10;12"
Root_10281,0.000000,19.451776,9,"0;2;4;6;7;8;9;10;12"
Root_10282,95.150544,39.029536,8,"2;4;6;7;8;9;10;12"
Root_10283,0.000000,15.048096,9,"0;1;4;6;7;8;9;10;12"
Root_10284,65.764346,35.325856,8,"1;4;6;7;8;9;10;12"
Root_10285,0.000000,20.377696,8,"0;4;6;7;8;9;10;12"
Root_10286,92.676464,39.955456,7,"4;6;7;8;9;10;12"
Root_10287,0.000000,14.430816,10,"0;1;2;3;6;7;8;9;10;12"
Root_10288,64.781626,34.708576,9,"1;2;3;6;7;8;9;10;12"
Root_10289,0.000000,19.760416,9,"0;2;3;6;7;8;9;10;12"
Root_10290,94.414640,39.338176,8,"2;3;6;7;8;9;10;12"
Root_10291,0.000000,15.356736,9,"0;1;3;6;7;8;9;10;12"
Root_10292,61.381626,35.634496,8,"1;3;6;7;8;9;10;12"
Root_10293,0.000000,20.686336,8,"0;3;6;7;8;9;10;12"
Root_10294,92.866480,40.264096,7,"3;6;7;8;9;10;12"
Root_10295,0.000000,16.344384,9,"0;1;2;6;7;8;9;10;12"
Root_10296,68.356922,36.622144,8,"1;2;6;7;8;9;10;12"
Root_10297,0.000000,21.673984,8,"0;2;6;7;8;9;10;12"
Root_10298,96.817072,41.251744,7,"2;6;7;8;9;10;12"
Root_10299,0.000000,17.270304,8,"0;1;6;7;8;9;10;12"
Root_10300,66.430906,37.548064,7,"1;6;7;8;9;10;12"
Root_10301,0.000000,22.599904,7,"0;6;7;8;9;10;12"
Root_10302,96.194832,42.177664,6,"6;7;8;9;10;12"
Root_10303,0.000000,13.091318,11,"0;1;2;3;4;5;7;8;9;10;12"
Root_10304,68.711178,33.369078,10,"1;2;3;4;5;7;8;9;10;12"
Root_10305,0.000000,18.420918,10,"0;2;3;4;5;7;8;9;10;12"
Root_10306,96.104768,37.998678,9,"2;3;4;5;7;8;9;10;12"
Root_10307,0.000000,14.017238,10,"0;1;3;4;5;7;8;9;10;12"
Root_10308,66.016179,34.294998,9,"1;3;4;5;7;8;9;10;12"
Root_10309,0.000000,19.346838,9,"0;3;4;5;7;8;9;10;12"
Root_10310,93.630688,38.924598,8,"3;4;5;7;8;9;10;12"
Root_10311,0.000000,15.004886,10,"0;1;2;4;5;7;8;9;10;12"
Root_10312,72.695187,35.282646,9,"1;2;4;5;7;8;9;10;12"
Root_10313,0.000000,20.334486,9,"0;2;4;5;7;8;9;10;12"
Root_10314,97.681386,39.912246,8,"2;4;5;7;8;9;10;12"
Root_10315,0.000000,15.930806,9,"0;1;4;5;7;8;9;10;12"
Root_10316,69.295187,36.208566,8,"1;4;5;7;8;9;10;12"
Root_10317,0.000000,21.260406,8,"0;4;5;7;8;9;10;12"
Root_10318,95.207306,40.838166,7,"4;5;7;8;9;10;12"
Root_10319,0.000000,15.313526,10,"0;1;2;3;5;7;8;9;10;12"
Root_10320,68.312467,35.591286,9,"1;2;3;5;7;8;9;10;12"
Root_10321,0.000000,20.643126,9,"0;2;3;5;7;8;9;10;12"
Root_10322,97.828192,40.220886,8,"2;3;5;7;8;9;10;12"
Root_10323,0.000000,16.239446,9,"0;1;3;5;7;8;9;10;12"
Root_10324,65.429674,36.517206,8,"1;3;5;7;8;9;10;12"
Root_10325,0.000000,21.569046,8,"0;3;5;7;8;9;10;12"
Root_10326,96.280032,41.146806,7,"3;5;7;8;9;10;12"
Root_10327,0.000000,17.227094,9,"0;1;2;5;7;8;9;10;12"
Root_10328,72.392618,37.504854,8,"1;2;5;7;8;9;10;12"
Root_10329,0.000000,22.556694,8,"0;2;5;7;8;9;10;12"
Root_10330,100.230624,42.134454,7,"2;5;7;8;9;10;12"
Root_10331,0.000000,18.153014,8,"0;1;5;7;8;9;10;12"
Root_10332,70.844458,38.430774,7,"1;5;7;8;9;10;12"
Root_10333,0.000000,23.482614,7,"0;5;7;8;9;10;12"
Root_10334,99.608384,43.060374,6,"5;7;8;9;10;12"
Root_10335,0.000000,14.634518,10,"0;1;2;3;4;7;8;9;10;12"
Root_10336,76.118538,34.912278,9,"1;2;3;4;7;8;9;10;12"
Root_10337,0.000000,19.964118,9,"0;2;3;4;7;8;9;10;12"
Root_10338,102.891274,39.541878,8,"2;3;4;7;8;9;10;12"
Root_10339,0.000000,15.560438,9,"0;1;3;4;7;8;9;10;12"
Root_10340,72.718538,35.838198,8,"1;3;4;7;8;9;10;12"
Root_10341,0.000000,20.890038,8,"0;3;4;7;8;9;10;12"
Root_10342,100.417194,40.467798,7,"3;4;7;8;9;10;12"
Root_10343,0.000000,16.548086,9,"0;1;2;4;7;8;9;10;12"
Root_10344,78.867987,36.825846,8,"1;2;4;7;8;9;10;12"
Root_10345,0.351670,21.877686,8,"0;2;4;7;8;9;10;12"
Root_10346,103.380138,41.455446,7,"2;4;7;8;9;10;12"
Root_10347,0.000000,17.474006,8,"0;1;4;7;8;9;10;12"
Root_10348,76.219754,37.751766,7,"1;4;7;8;9;10;12"
Root_10349,0.351670,22.803606,7,"0;4;7;8;9;10;12"
Root_10350,101.831978,42.381366,6,"4;7;8;9;10;12"
Root_10351,0.000000,16.856726,9,"0;1;2;3;7;8;9;10;12"
Root_10352,75.754240,37.134486,8,"1;2;3;7;8;9;10;12"
Root_10353,0.000000,22.186326,8,"0;2;3;7;8;9;10;12"
Root_10354,104.614698,41.764086,7,"2;3;7;8;9;10;12"
Root_10355,0.000000,17.782646,8,"0;1;3;7;8;9;10;12"
Root_10356,74.206080,38.060406,7,"1;3;7;8;9;10;12"
Root_10357,0.000000,23.112246,7,"0;3;7;8;9;10;12"
Root_10358,103.066538,42.690006,6,"3;7;8;9;10;12"
Root_10359,0.000000,18.770294,8,"0;1;2;7;8;9;10;12"
Root_10360,80.108618,39.048054,7,"1;2;7;8;9;10;12"
Root_10361,0.351670,24.099894,7,"0;2;7;8;9;10;12"
Root_10362,107.017130,43.677654,6,"2;7;8;9;10;12"
Root_10363,0.000000,19.696214,7,"0;1;7;8;9;10;12"
Root_10364,78.560458,39.973974,6,"1;7;8;9;10;12"
Root_10365,0.407085,25.025814,6,"0;7;8;9;10;12"
Root_10366,106.394890,44.603574,5,"7;8;9;10;12"
Root_10367,0.000000,13.690080,11,"0;1;2;3;4;5;6;8;9;10;12"
Root_10368,72.396346,33.967840,10,"1;2;3;4;5;6;8;9;10;12"
Root_10369,0.000000,19.019680,10,"0;2;3;4;5;6;8;9;10;12"
Root_10370,101.129434,38.597440,9,"2;3;4;5;6;8;9;10;12"
Root_10371,0.000000,14.616000,10,"0;1;3;4;5;6;8;9;10;12"
Root_10372,69.102586,34.893760,9,"1;3;4;5;6;8;9;10;12"
Root_10373,0.000000,19.945600,9,"0;3;4;5;6;8;9;10;12"
Root_10374,98.655354,39.523360,8,"3;4;5;6;8;9;10;12"
Root_10375,0.000000,15.603648,10,"0;1;2;4;5;6;8;9;10;12"
Root_10376,76.090234,35.881408,9,"1;2;4;5;6;8;9;10;12"
Root_10377,0.000000,20.933248,9,"0;2;4;5;6;8;9;10;12"
Root_10378,102.107290,40.511008,8,"2;4;5;6;8;9;10;12"
Root_10379,0.000000,16.529568,9,"0;1;4;5;6;8;9;10;12"
Root_10380,72.690234,36.807328,8,"1;4;5;6;8;9;10;12"
Root_10381,0.000000,21.859168,8,"0;4;5;6;8;9;10;12"
Root_10382,100.070138,41.436928,7,"4;5;6;8;9;10;12"
Root_10383,0.000000,15.912288,10,"0;1;2;3;5;6;8;9;10;12"
Root_10384,71.897562,36.190048,9,"1;2;3;5;6;8;9;10;12"
Root_10385,0.000000,21.241888,9,"0;2;3;5;6;8;9;10;12"
Root_10386,102.852858,40.819648,8,"2;3;5;6;8;9;10;12"
Root_10387,0.000000,16.838208,9,"0;1;3;5;6;8;9;10;12"
Root_10388,69.539450,37.115968,8,"1;3;5;6;8;9;10;12"
Root_10389,0.000000,22.167808,8,"0;3;5;6;8;9;10;12"
Root_10390,101.304698,41.745568,7,"3;5;6;8;9;10;12"
Root_10391,0.000000,17.825856,9,"0;1;2;5;6;8;9;10;12"
Root_10392,76.386426,38.103616,8,"1;2;5;6;8;9;10;12"
Root_10393,0.000000,23.155456,8,"0;2;5;6;8;9;10;12"
Root_10394,105.255290,42.733216,7,"2;5;6;8;9;10;12"
Root_10395,0.000000,18.751776,8,"0;1;5;6;8;9;10;12"
Root_10396,74.838266,39.029536,7,"1;5;6;8;9;10;12"
Root_10397,0.000000,24.081376,7,"0;5;6;8;9;10;12"
Root_10398,104.633050,43.659136,6,"5;6;8;9;10;12"
Root_10399,0.000000,15.233280,10,"0;1;2;3;4;6;8;9;10;12"
Root_10400,79.945680,35.511040,9,"1;2;3;4;6;8;9;10;12"
Root_10401,0.005942,20.562880,9,"0;2;3;4;6;8;9;10;12"
Root_10402,107.317178,40.140640,8,"2;3;4;6;8;9;10;12"
Root_10403,0.000000,16.159200,9,"0;1;3;4;6;8;9;10;12"
Root_10404,76.545680,36.436960,8,"1;3;4;6;8;9;10;12"
Root_10405,0.005942,21.488800,8,"0;3;4;6;8;9;10;12"
Root_10406,104.843098,41.066560,7,"3;4;6;8;9;10;12"
Root_10407,0.000000,17.146848,9,"0;1;2;4;6;8;9;10;12"
Root_10408,82.520976,37.424608,8,"1;2;4;6;8;9;10;12"
Root_10409,1.314230,22.476448,8,"0;2;4;6;8;9;10;12"
Root_10410,107.806042,42.054208,7,"2;4;6;8;9;10;12"
Root_10411,0.000000,18.072768,8,"0;1;4;6;8;9;10;12"
Root_10412,80.046896,38.350528,7,"1;4;6;8;9;10;12"
Root_10413,1.314230,23.402368,7,"0;4;6;8;9;10;12"
Root_10414,106.257882,42.980128,6,"4;6;8;9;10;12"
Root_10415,0.000000,17.455488,9,"0;1;2;3;6;8;9;10;12"
Root_10416,80.180144,37.733248,8,"1;2;3;6;8;9;10;12"
Root_10417,0.005942,22.785088,8,"0;2;3;6;8;9;10;12"
Root_10418,109.040602,42.362848,7,"2;3;6;8;9;10;12"
Root_10419,0.000000,18.381408,8,"0;1;3;6;8;9;10;12"
Root_10420,78.631984,38.659168,7,"1;3;6;8;9;10;12"
Root_10421,0.005942,23.711008,7,"0;3;6;8;9;10;12"
Root_10422,107.492442,43.288768,6,"3;6;8;9;10;12"
Root_10423,0.000000,19.369056,8,"0;1;2;6;8;9;10;12"
Root_10424,83.935760,39.646816,7,"1;2;6;8;9;10;12"
Root_10425,1.314230,24.698656,7,"0;2;6;8;9;10;12"
Root_10426,111.443034,44.276416,6,"2;6;8;9;10;12"
Root_10427,0.000000,20.294976,7,"0;1;6;8;9;10;12"
Root_10428,82.387600,40.572736,6,"1;6;8;9;10;12"
Root_10429,1.968406,25.624576,6,"0;6;8;9;10;12"
Root_10430,111.023130,45.202336,5,"6;8;9;10;12"
Root_10431,0.000000,16.115990,10,"0;1;2;3;4;5;8;9;10;12"
Root_10432,83.151955,36.393750,9,"1;2;3;4;5;8;9;10;12"
Root_10433,0.462742,21.445590,9,"0;2;3;4;5;8;9;10;12"
Root_10434,109.862963,41.023350,8,"2;3;4;5;8;9;10;12"
Root_10435,0.000000,17.041910,9,"0;1;3;4;5;8;9;10;12"
Root_10436,80.071626,37.319670,8,"1;3;4;5;8;9;10;12"
Root_10437,0.462742,22.371510,8,"0;3;4;5;8;9;10;12"
Root_10438,107.388883,41.949270,7,"3;4;5;8;9;10;12"
Root_10439,0.000000,18.029558,9,"0;1;2;4;5;8;9;10;12"
Root_10440,85.727251,38.307318,8,"1;2;4;5;8;9;10;12"
Root_10441,3.536451,23.359158,8,"0;2;4;5;8;9;10;12"
Root_10442,110.540586,42.936918,7,"2;4;5;8;9;10;12"
Root_10443,0.000000,18.955478,8,"0;1;4;5;8;9;10;12"
Root_10444,83.253171,39.233238,7,"1;4;5;8;9;10;12"
Root_10445,3.536451,24.285078,7,"0;4;5;8;9;10;12"
Root_10446,108.992426,43.862838,6,"4;5;8;9;10;12"
Root_10447,0.000000,18.338198,9,"0;1;2;3;5;8;9;10;12"
Root_10448,84.269130,38.615958,8,"1;2;3;5;8;9;10;12"
Root_10449,0.462742,23.667798,8,"0;2;3;5;8;9;10;12"
Root_10450,112.083786,43.245558,7,"2;3;5;8;9;10;12"
Root_10451,0.000000,19.264118,8,"0;1;3;5;8;9;10;12"
Root_10452,82.720970,39.541878,7,"1;3;5;8;9;10;12"
Root_10453,0.462742,24.593718,7,"0;3;5;8;9;10;12"
Root_10454,110.535626,44.171478,6,"3;5;8;9;10;12"
Root_10455,0.000000,20.251766,8,"0;1;2;5;8;9;10;12"
Root_10456,87.142035,40.529526,7,"1;2;5;8;9;10;12"
Root_10457,4.147418,25.581366,7,"0;2;5;8;9;10;12"
Root_10458,115.015712,45.159126,6,"2;5;8;9;10;12"
Root_10459,0.000000,21.177686,7,"0;1;5;8;9;10;12"
Root_10460,86.049322,41.455446,6,"1;5;8;9;10;12"
Root_10461,5.073338,26.507286,6,"0;5;8;9;10;12"
Root_10462,115.319392,46.085046,5,"5;8;9;10;12"
Root_10463,0.000000,17.659190,9,"0;1;2;3;4;8;9;10;12"
Root_10464,90.261706,37.936950,8,"1;2;3;4;8;9;10;12"
Root_10465,5.715258,22.988790,8,"0;2;3;4;8;9;10;12"
Root_10466,114.492563,42.566550,7,"2;3;4;8;9;10;12"
Root_10467,0.000000,18.585110,8,"0;1;3;4;8;9;10;12"
Root_10468,87.787626,38.862870,7,"1;3;4;8;9;10;12"
Root_10469,5.715258,23.914710,7,"0;3;4;8;9;10;12"
Root_10470,112.018483,43.492470,6,"3;4;8;9;10;12"
Root_10471,0.000000,19.572758,8,"0;1;2;4;8;9;10;12"
Root_10472,91.900051,39.850518,7,"1;2;4;8;9;10;12"
Root_10473,8.986874,24.902358,7,"0;2;4;8;9;10;12"
Root_10474,114.981427,44.480118,6,"2;4;8;9;10;12"
Root_10475,0.000000,20.498678,7,"0;1;4;8;9;10;12"
Root_10476,89.425971,40.776438,6,"1;4;8;9;10;12"
Root_10477,9.844752,25.828278,6,"0;4;8;9;10;12"
Root_10478,113.839306,45.406038,5,"4;8;9;10;12"
Root_10479,0.000000,19.881398,8,"0;1;2;3;8;9;10;12"
Root_10480,91.985130,40.159158,7,"1;2;3;8;9;10;12"
Root_10481,5.955856,25.210998,7,"0;2;3;8;9;10;12"
Root_10482,116.215987,44.788758,6,"2;3;8;9;10;12"
Root_10483,0.000000,20.807318,7,"0;1;3;8;9;10;12"
Root_10484,90.436970,41.085078,6,"1;3;8;9;10;12"
Root_10485,6.881776,26.136918,6,"0;3;8;9;10;12"
Root_10486,115.382506,45.714678,5,"3;8;9;10;12"
Root_10487,0.000000,21.794966,7,"0;1;2;8;9;10;12"
Root_10488,94.387562,42.072726,6,"1;2;8;9;10;12"
Root_10489,11.382285,27.124566,6,"0;2;8;9;10;12"
Root_10490,120.320746,46.702326,5,"2;8;9;10;12"
Root_10491,0.000000,22.720886,6,"0;1;8;9;10;12"
Root_10492,93.765322,42.998646,5,"1;8;9;10;12"
Root_10493,11.382285,28.050486,5,"0;8;9;10;12"
Root_10494,121.252672,47.628246,4,"8;9;10;12"
Root_10495,0.000000,15.295008,11,"0;1;2;3;4;5;6;7;9;10;12"
Root_10496,79.788742,35.572768,10,"1;2;3;4;5;6;7;9;10;12"
Root_10497,0.000000,20.624608,10,"0;2;3;4;5;6;7;9;10;12"
Root_10498,110.289850,40.202368,9,"2;3;4;5;6;7;9;10;12"
Root_10499,0.000000,16.220928,10,"0;1;3;4;5;6;7;9;10;12"
Root_10500,76.388742,36.498688,9,"1;3;4;5;6;7;9;10;12"
Root_10501,0.000000,21.550528,9,"0;3;4;5;6;7;9;10;12"
Root_10502,107.815770,41.128288,8,"3;4;5;6;7;9;10;12"
Root_10503,0.000000,17.208576,10,"0;1;2;4;5;6;7;9;10;12"
Root_10504,82.364038,37.486336,9,"1;2;4;5;6;7;9;10;12"
Root_10505,1.431744,22.538176,9,"0;2;4;5;6;7;9;10;12"
Root_10506,110.778714,42.115936,8,"2;4;5;6;7;9;10;12"
Root_10507,0.000000,18.134496,9,"0;1;4;5;6;7;9;10;12"
Root_10508,79.889958,38.412256,8,"1;4;5;6;7;9;10;12"
Root_10509,1.431744,23.464096,8,"0;4;5;6;7;9;10;12"
Root_10510,109.230554,43.041856,7,"4;5;6;7;9;10;12"
Root_10511,0.000000,17.517216,10,"0;1;2;3;5;6;7;9;10;12"
Root_10512,80.084934,37.794976,9,"1;2;3;5;6;7;9;10;12"
Root_10513,0.000000,22.846816,9,"0;2;3;5;6;7;9;10;12"
Root_10514,112.321914,42.424576,8,"2;3;5;6;7;9;10;12"
Root_10515,0.000000,18.443136,9,"0;1;3;5;6;7;9;10;12"
Root_10516,78.536774,38.720896,8,"1;3;5;6;7;9;10;12"
Root_10517,0.000000,23.772736,8,"0;3;5;6;7;9;10;12"
Root_10518,110.773754,43.350496,7,"3;5;6;7;9;10;12"
Root_10519,0.000000,19.430784,9,"0;1;2;5;6;7;9;10;12"
Root_10520,83.778822,39.708544,8,"1;2;5;6;7;9;10;12"
Root_10521,1.431744,24.760384,8,"0;2;5;6;7;9;10;12"
Root_10522,115.094714,44.338144,7,"2;5;6;7;9;10;12"
Root_10523,0.000000,20.356704,8,"0;1;5;6;7;9;10;12"
Root_10524,82.230662,40.634464,7,"1;5;6;7;9;10;12"
Root_10525,2.147648,25.686304,7,"0;5;6;7;9;10;12"
Root_10526,115.000602,45.264064,6,"5;6;7;9;10;12"
Root_10527,0.000000,16.838208,10,"0;1;2;3;4;6;7;9;10;12"
Root_10528,86.691216,37.115968,9,"1;2;3;4;6;7;9;10;12"
Root_10529,1.246368,22.167808,9,"0;2;3;4;6;7;9;10;12"
Root_10530,115.551674,41.745568,8,"2;3;4;6;7;9;10;12"
Root_10531,0.000000,17.764128,9,"0;1;3;4;6;7;9;10;12"
Root_10532,84.217136,38.041888,8,"1;3;4;6;7;9;10;12"
Root_10533,1.246368,23.093728,8,"0;3;4;6;7;9;10;12"
Root_10534,113.077594,42.671488,7,"3;4;6;7;9;10;12"
Root_10535,0.000000,18.751776,9,"0;1;2;4;6;7;9;10;12"
Root_10536,89.150544,39.029536,8,"1;2;4;6;7;9;10;12"
Root_10537,4.703168,24.081376,8,"0;2;4;6;7;9;10;12"
Root_10538,116.040538,43.659136,7,"2;4;6;7;9;10;12"
Root_10539,0.000000,19.677696,8,"0;1;4;6;7;9;10;12"
Root_10540,86.676464,39.955456,7,"1;4;6;7;9;10;12"
Root_10541,4.740064,25.007296,7,"0;4;6;7;9;10;12"
Root_10542,114.492378,44.585056,6,"4;6;7;9;10;12"
Root_10543,0.000000,19.060416,9,"0;1;2;3;6;7;9;10;12"
Root_10544,88.414640,39.338176,8,"1;2;3;6;7;9;10;12"
Root_10545,1.246368,24.390016,8,"0;2;3;6;7;9;10;12"
Root_10546,117.275098,43.967776,7,"2;3;6;7;9;10;12"
Root_10547,0.000000,19.986336,8,"0;1;3;6;7;9;10;12"
Root_10548,86.866480,40.264096,7,"1;3;6;7;9;10;12"
Root_10549,1.591904,25.315936,7,"0;3;6;7;9;10;12"
Root_10550,115.726938,44.893696,6,"3;6;7;9;10;12"
Root_10551,0.000000,20.973984,8,"0;1;2;6;7;9;10;12"
Root_10552,90.817072,41.251744,7,"1;2;6;7;9;10;12"
Root_10553,6.295456,26.303584,7,"0;2;6;7;9;10;12"
Root_10554,121.440218,45.881344,6,"2;6;7;9;10;12"
Root_10555,0.000000,21.899904,7,"0;1;6;7;9;10;12"
Root_10556,90.194832,42.177664,6,"1;6;7;9;10;12"
Root_10557,6.962272,27.229504,6,"0;6;7;9;10;12"
Root_10558,122.669818,46.807264,5,"6;7;9;10;12"
Root_10559,0.000000,17.720918,10,"0;1;2;3;4;5;7;9;10;12"
Root_10560,90.104768,37.998678,9,"1;2;3;4;5;7;9;10;12"
Root_10561,3.894499,23.050518,9,"0;2;3;4;5;7;9;10;12"
Root_10562,117.915850,42.628278,8,"2;3;4;5;7;9;10;12"
Root_10563,0.000000,18.646838,9,"0;1;3;4;5;7;9;10;12"
Root_10564,87.630688,38.924598,8,"1;3;4;5;7;9;10;12"
Root_10565,3.894499,23.976438,8,"0;3;4;5;7;9;10;12"
Root_10566,115.441770,43.554198,7,"3;4;5;7;9;10;12"
Root_10567,0.000000,19.634486,9,"0;1;2;4;5;7;9;10;12"
Root_10568,91.681386,39.912246,8,"1;2;4;5;7;9;10;12"
Root_10569,7.166115,24.964086,8,"0;2;4;5;7;9;10;12"
Root_10570,118.775082,44.541846,7,"2;4;5;7;9;10;12"
Root_10571,0.000000,20.560406,8,"0;1;4;5;7;9;10;12"
Root_10572,89.207306,40.838166,7,"1;4;5;7;9;10;12"
Root_10573,8.085722,25.890006,7,"0;4;5;7;9;10;12"
Root_10574,118.162454,45.467766,6,"4;5;7;9;10;12"
Root_10575,0.000000,19.943126,9,"0;1;2;3;5;7;9;10;12"
Root_10576,91.828192,40.220886,8,"1;2;3;5;7;9;10;12"
Root_10577,4.196826,25.272726,8,"0;2;3;5;7;9;10;12"
Root_10578,120.318282,44.850486,7,"2;3;5;7;9;10;12"
Root_10579,0.000000,20.869046,8,"0;1;3;5;7;9;10;12"
Root_10580,90.280032,41.146806,7,"1;3;5;7;9;10;12"
Root_10581,5.122746,26.198646,7,"0;3;5;7;9;10;12"
Root_10582,120.322934,45.776406,6,"3;5;7;9;10;12"
Root_10583,0.000000,21.856694,8,"0;1;2;5;7;9;10;12"
Root_10584,94.230624,42.134454,7,"1;2;5;7;9;10;12"
Root_10585,9.438070,27.186294,7,"0;2;5;7;9;10;12"
Root_10586,126.619190,46.764054,6,"2;5;7;9;10;12"
Root_10587,0.000000,22.782614,7,"0;1;5;7;9;10;12"
Root_10588,93.608384,43.060374,6,"1;5;7;9;10;12"
Root_10589,9.438070,28.112214,6,"0;5;7;9;10;12"
Root_10590,128.538765,47.689974,5,"5;7;9;10;12"
Root_10591,0.000000,19.264118,9,"0;1;2;3;4;7;9;10;12"
Root_10592,96.891274,39.541878,8,"1;2;3;4;7;9;10;12"
Root_10593,8.172090,24.593718,8,"0;2;3;4;7;9;10;12"
Root_10594,121.122131,44.171478,7,"2;3;4;7;9;10;12"
Root_10595,0.000000,20.190038,8,"0;1;3;4;7;9;10;12"
Root_10596,94.417194,40.467798,7,"1;3;4;7;9;10;12"
Root_10597,8.721328,25.519638,7,"0;3;4;7;9;10;12"
Root_10598,118.842848,45.097398,6,"3;4;7;9;10;12"
Root_10599,0.000000,21.177686,8,"0;1;2;4;7;9;10;12"
Root_10600,97.380138,41.455446,7,"1;2;4;7;9;10;12"
Root_10601,11.332941,26.507286,7,"0;2;4;7;9;10;12"
Root_10602,123.781088,46.085046,6,"2;4;7;9;10;12"
Root_10603,0.000000,22.103606,7,"0;1;4;7;9;10;12"
Root_10604,95.831978,42.381366,6,"1;4;7;9;10;12"
Root_10605,11.332941,27.433206,6,"0;4;7;9;10;12"
Root_10606,124.095734,47.010966,5,"4;7;9;10;12"
Root_10607,0.000000,21.486326,8,"0;1;2;3;7;9;10;12"
Root_10608,98.614698,41.764086,7,"1;2;3;7;9;10;12"
Root_10609,10.789062,26.815926,7,"0;2;3;7;9;10;12"
Root_10610,125.632928,46.393686,6,"2;3;7;9;10;12"
Root_10611,0.000000,22.412246,7,"0;1;3;7;9;10;12"
Root_10612,97.066538,42.690006,6,"1;3;7;9;10;12"
Root_10613,10.943536,27.741846,6,"0;3;7;9;10;12"
Root_10614,126.256214,47.319606,5,"3;7;9;10;12"
Root_10615,0.000000,23.399894,7,"0;1;2;7;9;10;12"
Root_10616,101.017130,43.677654,6,"1;2;7;9;10;12"
Root_10617,11.332941,28.729494,6,"0;2;7;9;10;12"
Root_10618,133.784259,48.307254,5,"2;7;9;10;12"
Root_10619,0.000000,24.325814,6,"0;1;7;9;10;12"
Root_10620,100.394890,44.603574,5,"1;7;9;10;12"
Root_10621,11.332941,29.655414,5,"0;7;9;10;12"
Root_10622,137.791619,49.233174,4,"7;9;10;12"
Root_10623,0.000000,18.319680,10,"0;1;2;3;4;5;6;9;10;12"
Root_10624,95.129434,38.597440,9,"1;2;3;4;5;6;9;10;12"
Root_10625,5.567520,23.649280,9,"0;2;3;4;5;6;9;10;12"
Root_10626,122.940515,43.227040,8,"2;3;4;5;6;9;10;12"
Root_10627,0.000000,19.245600,9,"0;1;3;4;5;6;9;10;12"
Root_10628,92.655354,39.523360,8,"1;3;4;5;6;9;10;12"
Root_10629,5.567520,24.575200,8,"0;3;4;5;6;9;10;12"
Root_10630,120.466435,44.152960,7,"3;4;5;6;9;10;12"
Root_10631,0.000000,20.233248,9,"0;1;2;4;5;6;9;10;12"
Root_10632,96.107290,40.511008,8,"1;2;4;5;6;9;10;12"
Root_10633,9.554848,25.562848,8,"0;2;4;5;6;9;10;12"
Root_10634,124.080963,45.140608,7,"2;4;5;6;9;10;12"
Root_10635,0.000000,21.159168,8,"0;1;4;5;6;9;10;12"
Root_10636,94.070138,41.436928,7,"1;4;5;6;9;10;12"
Root_10637,10.036832,26.488768,7,"0;4;5;6;9;10;12"
Root_10638,124.384643,46.066528,6,"4;5;6;9;10;12"
Root_10639,0.000000,20.541888,9,"0;1;2;3;5;6;9;10;12"
Root_10640,96.852858,40.819648,8,"1;2;3;5;6;9;10;12"
Root_10641,6.468608,25.871488,8,"0;2;3;5;6;9;10;12"
Root_10642,126.241443,45.449248,7,"2;3;5;6;9;10;12"
Root_10643,0.000000,21.467808,8,"0;1;3;5;6;9;10;12"
Root_10644,95.304698,41.745568,7,"1;3;5;6;9;10;12"
Root_10645,7.394528,26.797408,7,"0;3;5;6;9;10;12"
Root_10646,126.545123,46.375168,6,"3;5;6;9;10;12"
Root_10647,0.000000,22.455456,8,"0;1;2;5;6;9;10;12"
Root_10648,99.255290,42.733216,7,"1;2;5;6;9;10;12"
Root_10649,10.036832,27.785056,7,"0;2;5;6;9;10;12"
Root_10650,132.841379,47.362816,6,"2;5;6;9;10;12"
Root_10651,0.000000,23.381376,7,"0;1;5;6;9;10;12"
Root_10652,98.633050,43.659136,6,"1;5;6;9;10;12"
Root_10653,10.036832,28.710976,6,"0;5;6;9;10;12"
Root_10654,134.648451,48.288736,5,"5;6;9;10;12"
Root_10655,0.000000,19.862880,9,"0;1;2;3;4;6;9;10;12"
Root_10656,101.317178,40.140640,8,"1;2;3;4;6;9;10;12"
Root_10657,10.795158,25.192480,8,"0;2;3;4;6;9;10;12"
Root_10658,125.548035,44.770240,7,"2;3;4;6;9;10;12"
Root_10659,0.000000,20.788800,8,"0;1;3;4;6;9;10;12"
Root_10660,98.843098,41.066560,7,"1;3;4;6;9;10;12"
Root_10661,11.585974,26.118400,7,"0;3;4;6;9;10;12"
Root_10662,124.466275,45.696160,6,"3;4;6;9;10;12"
Root_10663,0.250432,21.776448,8,"0;1;2;4;6;9;10;12"
Root_10664,101.806042,42.054208,7,"1;2;4;6;9;10;12"
Root_10665,12.894262,27.106048,7,"0;2;4;6;9;10;12"
Root_10666,129.404515,46.683808,6,"2;4;6;9;10;12"
Root_10667,0.250432,22.702368,7,"0;1;4;6;9;10;12"
Root_10668,100.257882,42.980128,6,"1;4;6;9;10;12"
Root_10669,12.894262,28.031968,6,"0;4;6;9;10;12"
Root_10670,129.708195,47.609728,5,"4;6;9;10;12"
Root_10671,0.000000,22.085088,8,"0;1;2;3;6;9;10;12"
Root_10672,103.040602,42.362848,7,"1;2;3;6;9;10;12"
Root_10673,11.585974,27.414688,7,"0;2;3;6;9;10;12"
Root_10674,131.256355,46.992448,6,"2;3;6;9;10;12"
Root_10675,0.000000,23.011008,7,"0;1;3;6;9;10;12"
Root_10676,101.492442,43.288768,6,"1;3;6;9;10;12"
Root_10677,11.585974,28.340608,6,"0;3;6;9;10;12"
Root_10678,131.560035,47.918368,5,"3;6;9;10;12"
Root_10679,0.250432,23.998656,7,"0;1;2;6;9;10;12"
Root_10680,105.443034,44.276416,6,"1;2;6;9;10;12"
Root_10681,12.894262,29.328256,6,"0;2;6;9;10;12"
Root_10682,140.203971,48.906016,5,"2;6;9;10;12"
Root_10683,0.250432,24.924576,6,"0;1;6;9;10;12"
Root_10684,105.225466,45.202336,5,"1;6;9;10;12"
Root_10685,12.894262,30.254176,5,"0;6;9;10;12"
Root_10686,144.211331,49.831936,4,"6;9;10;12"
Root_10687,0.000000,20.745590,9,"0;1;2;3;4;5;9;10;12"
Root_10688,103.862963,41.023350,8,"1;2;3;4;5;9;10;12"
Root_10689,12.462742,26.075190,8,"0;2;3;4;5;9;10;12"
Root_10690,129.218112,45.652950,7,"2;3;4;5;9;10;12"
Root_10691,0.000000,21.671510,8,"0;1;3;4;5;9;10;12"
Root_10692,101.388883,41.949270,7,"1;3;4;5;9;10;12"
Root_10693,12.462742,27.001110,7,"0;3;4;5;9;10;12"
Root_10694,128.595872,46.578870,6,"3;4;5;9;10;12"
Root_10695,1.673709,22.659158,8,"0;1;2;4;5;9;10;12"
Root_10696,104.540586,42.936918,7,"1;2;4;5;9;10;12"
Root_10697,15.536451,27.988758,7,"0;2;4;5;9;10;12"
Root_10698,134.470998,47.566518,6,"2;4;5;9;10;12"
Root_10699,1.673709,23.585078,7,"0;1;4;5;9;10;12"
Root_10700,102.992426,43.862838,6,"1;4;5;9;10;12"
Root_10701,15.536451,28.914678,6,"0;4;5;9;10;12"
Root_10702,136.685475,48.492438,5,"4;5;9;10;12"
Root_10703,0.000000,22.967798,8,"0;1;2;3;5;9;10;12"
Root_10704,106.083786,43.245558,7,"1;2;3;5;9;10;12"
Root_10705,12.462742,28.297398,7,"0;2;3;5;9;10;12"
Root_10706,136.940118,47.875158,6,"2;3;5;9;10;12"
Root_10707,0.000000,23.893718,7,"0;1;3;5;9;10;12"
Root_10708,104.535626,44.171478,6,"1;3;5;9;10;12"
Root_10709,12.462742,29.223318,6,"0;3;5;9;10;12"
Root_10710,139.771875,48.801078,5,"3;5;9;10;12"
Root_10711,1.673709,24.881366,7,"0;1;2;5;9;10;12"
Root_10712,109.174838,45.159126,6,"1;2;5;9;10;12"
Root_10713,15.536451,30.210966,6,"0;2;5;9;10;12"
Root_10714,149.031075,49.788726,5,"2;5;9;10;12"
Root_10715,2.510595,25.807286,6,"0;1;5;9;10;12"
Root_10716,110.404438,46.085046,5,"1;5;9;10;12"
Root_10717,15.536451,31.136886,5,"0;5;9;10;12"
Root_10718,153.038435,50.714646,4,"5;9;10;12"
Root_10719,1.609315,22.288790,8,"0;1;2;3;4;9;10;12"
Root_10720,108.492563,42.566550,7,"1;2;3;4;9;10;12"
Root_10721,17.715258,27.618390,7,"0;2;3;4;9;10;12"
Root_10722,132.682272,47.196150,6,"2;3;4;9;10;12"
Root_10723,1.609315,23.214710,7,"0;1;3;4;9;10;12"
Root_10724,106.018483,43.492470,6,"1;3;4;9;10;12"
Root_10725,17.715258,28.544310,6,"0;3;4;9;10;12"
Root_10726,133.352163,48.122070,5,"3;4;9;10;12"
Root_10727,4.982349,24.202358,7,"0;1;2;4;9;10;12"
Root_10728,108.981427,44.480118,6,"1;2;4;9;10;12"
Root_10729,20.986874,29.531958,6,"0;2;4;9;10;12"
Root_10730,142.240995,49.109718,5,"2;4;9;10;12"
Root_10731,5.140227,25.128278,6,"0;1;4;9;10;12"
Root_10732,108.245344,45.406038,5,"1;4;9;10;12"
Root_10733,20.986874,30.457878,5,"0;4;9;10;12"
Root_10734,146.248355,50.035638,4,"4;9;10;12"
Root_10735,1.609315,24.510998,7,"0;1;2;3;9;10;12"
Root_10736,110.215987,44.788758,6,"1;2;3;9;10;12"
Root_10737,17.715258,29.840598,6,"0;2;3;9;10;12"
Root_10738,145.327395,49.418358,5,"2;3;9;10;12"
Root_10739,2.075834,25.436918,6,"0;1;3;9;10;12"
Root_10740,110.097184,45.714678,5,"1;3;9;10;12"
Root_10741,17.715258,30.766518,5,"0;3;9;10;12"
Root_10742,149.334755,50.344278,4,"3;9;10;12"
Root_10743,6.816602,26.424566,6,"0;1;2;9;10;12"
Root_10744,116.023072,46.702326,5,"1;2;9;10;12"
Root_10745,22.066960,31.754166,5,"0;2;9;10;12"
Root_10746,159.543162,51.331926,4,"2;9;10;12"
Root_10747,7.362435,27.350486,5,"0;1;9;10;12"
Root_10748,117.880918,47.628246,4,"1;9;10;12"
Root_10749,20.986874,32.680086,4,"0;9;10;12"
Root_10750,165.402362,52.257846,3,"9;10;12"
Root_10751,0.000000,13.257984,11,"0;1;2;3;4;5;6;7;8;10;12"
Root_10752,63.018778,33.535744,10,"1;2;3;4;5;6;7;8;10;12"
Root_10753,0.000000,18.587584,10,"0;2;3;4;5;6;7;8;10;12"
Root_10754,89.104762,38.165344,9,"2;3;4;5;6;7;8;10;12"
Root_10755,0.000000,14.183904,10,"0;1;3;4;5;6;7;8;10;12"
Root_10756,60.157114,34.461664,9,"1;3;4;5;6;7;8;10;12"
Root_10757,0.000000,19.513504,9,"0;3;4;5;6;7;8;10;12"
Root_10758,86.721946,39.091264,8,"3;4;5;6;7;8;10;12"
Root_10759,0.000000,15.171552,10,"0;1;2;4;5;6;7;8;10;12"
Root_10760,66.845914,35.449312,9,"1;2;4;5;6;7;8;10;12"
Root_10761,0.000000,20.501152,9,"0;2;4;5;6;7;8;10;12"
Root_10762,91.593626,40.078912,8,"2;4;5;6;7;8;10;12"
Root_10763,0.000000,16.097472,9,"0;1;4;5;6;7;8;10;12"
Root_10764,63.445914,36.375232,8,"1;4;5;6;7;8;10;12"
Root_10765,0.000000,21.427072,8,"0;4;5;6;7;8;10;12"
Root_10766,90.050298,41.004832,7,"4;5;6;7;8;10;12"
Root_10767,0.000000,15.480192,10,"0;1;2;3;5;6;7;8;10;12"
Root_10768,62.463194,35.757952,9,"1;2;3;5;6;7;8;10;12"
Root_10769,0.000000,20.809792,9,"0;2;3;5;6;7;8;10;12"
Root_10770,92.215738,40.387552,8,"2;3;5;6;7;8;10;12"
Root_10771,0.000000,16.406112,9,"0;1;3;5;6;7;8;10;12"
Root_10772,59.747066,36.683872,8,"1;3;5;6;7;8;10;12"
Root_10773,0.000000,21.735712,8,"0;3;5;6;7;8;10;12"
Root_10774,91.593498,41.313472,7,"3;5;6;7;8;10;12"
Root_10775,0.000000,17.393760,9,"0;1;2;5;6;7;8;10;12"
Root_10776,66.710010,37.671520,8,"1;2;5;6;7;8;10;12"
Root_10777,0.000000,22.723360,8,"0;2;5;6;7;8;10;12"
Root_10778,96.531738,42.301120,7,"2;5;6;7;8;10;12"
Root_10779,0.000000,18.319680,8,"0;1;5;6;7;8;10;12"
Root_10780,65.161850,38.597440,7,"1;5;6;7;8;10;12"
Root_10781,0.000000,23.649280,7,"0;5;6;7;8;10;12"
Root_10782,96.835418,43.227040,6,"5;6;7;8;10;12"
Root_10783,0.000000,14.801184,10,"0;1;2;3;4;6;7;8;10;12"
Root_10784,68.892730,35.078944,9,"1;2;3;4;6;7;8;10;12"
Root_10785,0.000000,20.130784,9,"0;2;3;4;6;7;8;10;12"
Root_10786,96.433146,39.708544,8,"2;3;4;6;7;8;10;12"
Root_10787,0.000000,15.727104,9,"0;1;3;4;6;7;8;10;12"
Root_10788,65.492730,36.004864,8,"1;3;4;6;7;8;10;12"
Root_10789,0.000000,21.056704,8,"0;3;4;6;7;8;10;12"
Root_10790,94.884986,40.634464,7,"3;4;6;7;8;10;12"
Root_10791,0.000000,16.714752,9,"0;1;2;4;6;7;8;10;12"
Root_10792,71.475514,36.992512,8,"1;2;4;6;7;8;10;12"
Root_10793,0.000000,22.044352,8,"0;2;4;6;7;8;10;12"
Root_10794,98.835578,41.622112,7,"2;4;6;7;8;10;12"
Root_10795,0.000000,17.640672,8,"0;1;4;6;7;8;10;12"
Root_10796,68.993946,37.918432,7,"1;4;6;7;8;10;12"
Root_10797,0.000000,22.970272,7,"0;4;6;7;8;10;12"
Root_10798,98.213338,42.548032,6,"4;6;7;8;10;12"
Root_10799,0.000000,17.023392,9,"0;1;2;3;6;7;8;10;12"
Root_10800,68.695098,37.301152,8,"1;2;3;6;7;8;10;12"
Root_10801,0.000000,22.352992,8,"0;2;3;6;7;8;10;12"
Root_10802,100.378778,41.930752,7,"2;3;6;7;8;10;12"
Root_10803,0.000000,17.949312,8,"0;1;3;6;7;8;10;12"
Root_10804,67.146938,38.227072,7,"1;3;6;7;8;10;12"
Root_10805,0.000000,23.278912,7,"0;3;6;7;8;10;12"
Root_10806,99.756538,42.856672,6,"3;6;7;8;10;12"
Root_10807,0.000000,18.936960,8,"0;1;2;6;7;8;10;12"
Root_10808,73.097530,39.214720,7,"1;2;6;7;8;10;12"
Root_10809,0.000000,24.266560,7,"0;2;6;7;8;10;12"
Root_10810,104.694778,43.844320,6,"2;6;7;8;10;12"
Root_10811,0.000000,19.862880,7,"0;1;6;7;8;10;12"
Root_10812,72.475290,40.140640,6,"1;6;7;8;10;12"
Root_10813,0.222080,25.192480,6,"0;6;7;8;10;12"
Root_10814,104.998458,44.770240,5,"6;7;8;10;12"
Root_10815,0.000000,15.683894,10,"0;1;2;3;4;5;7;8;10;12"
Root_10816,72.423571,35.961654,9,"1;2;3;4;5;7;8;10;12"
Root_10817,0.000000,21.013494,9,"0;2;3;4;5;7;8;10;12"
Root_10818,100.050400,40.591254,8,"2;3;4;5;7;8;10;12"
Root_10819,0.000000,16.609814,9,"0;1;3;4;5;7;8;10;12"
Root_10820,69.023571,36.887574,8,"1;3;4;5;7;8;10;12"
Root_10821,0.000000,21.939414,8,"0;3;4;5;7;8;10;12"
Root_10822,98.502240,41.517174,7,"3;4;5;7;8;10;12"
Root_10823,0.000000,17.597462,9,"0;1;2;4;5;7;8;10;12"
Root_10824,74.998867,37.875222,8,"1;2;4;5;7;8;10;12"
Root_10825,0.808470,22.927062,8,"0;2;4;5;7;8;10;12"
Root_10826,102.452832,42.504822,7,"2;4;5;7;8;10;12"
Root_10827,0.000000,18.523382,8,"0;1;4;5;7;8;10;12"
Root_10828,72.524787,38.801142,7,"1;4;5;7;8;10;12"
Root_10829,0.808470,23.852982,7,"0;4;5;7;8;10;12"
Root_10830,101.830592,43.430742,6,"4;5;7;8;10;12"
Root_10831,0.000000,17.906102,9,"0;1;2;3;5;7;8;10;12"
Root_10832,73.108650,38.183862,8,"1;2;3;5;7;8;10;12"
Root_10833,0.000000,23.235702,8,"0;2;3;5;7;8;10;12"
Root_10834,104.304672,42.813462,7,"2;3;5;7;8;10;12"
Root_10835,0.000000,18.832022,8,"0;1;3;5;7;8;10;12"
Root_10836,71.670272,39.109782,7,"1;3;5;7;8;10;12"
Root_10837,0.000000,24.161622,7,"0;3;5;7;8;10;12"
Root_10838,103.682432,43.739382,6,"3;5;7;8;10;12"
Root_10839,0.000000,19.819670,8,"0;1;2;5;7;8;10;12"
Root_10840,77.511082,40.097430,7,"1;2;5;7;8;10;12"
Root_10841,0.987341,25.149270,7,"0;2;5;7;8;10;12"
Root_10842,108.991040,44.727030,6,"2;5;7;8;10;12"
Root_10843,0.000000,20.745590,7,"0;1;5;7;8;10;12"
Root_10844,76.912192,41.023350,6,"1;5;7;8;10;12"
Root_10845,1.913261,26.075190,6,"0;5;7;8;10;12"
Root_10846,109.947670,45.652950,5,"5;7;8;10;12"
Root_10847,0.000000,17.227094,9,"0;1;2;3;4;7;8;10;12"
Root_10848,79.101226,37.504854,8,"1;2;3;4;7;8;10;12"
Root_10849,0.438102,22.556694,8,"0;2;3;4;7;8;10;12"
Root_10850,106.466538,42.134454,7,"2;3;4;7;8;10;12"
Root_10851,0.000000,18.153014,8,"0;1;3;4;7;8;10;12"
Root_10852,76.627146,38.430774,7,"1;3;4;7;8;10;12"
Root_10853,0.438102,23.482614,7,"0;3;4;7;8;10;12"
Root_10854,104.918378,43.060374,6,"3;4;7;8;10;12"
Root_10855,0.000000,19.140662,8,"0;1;2;4;7;8;10;12"
Root_10856,81.590090,39.418422,7,"1;2;4;7;8;10;12"
Root_10857,2.925581,24.470262,7,"0;2;4;7;8;10;12"
Root_10858,108.868970,44.048022,6,"2;4;7;8;10;12"
Root_10859,0.000000,20.066582,7,"0;1;4;7;8;10;12"
Root_10860,80.041930,40.344342,6,"1;4;7;8;10;12"
Root_10861,3.351363,25.396182,6,"0;4;7;8;10;12"
Root_10862,108.246730,44.973942,5,"4;7;8;10;12"
Root_10863,0.000000,19.449302,8,"0;1;2;3;7;8;10;12"
Root_10864,81.551712,39.727062,7,"1;2;3;7;8;10;12"
Root_10865,0.438102,24.778902,7,"0;2;3;7;8;10;12"
Root_10866,110.412170,44.356662,6,"2;3;7;8;10;12"
Root_10867,0.000000,20.375222,7,"0;1;3;7;8;10;12"
Root_10868,80.929472,40.652982,6,"1;3;7;8;10;12"
Root_10869,1.172525,25.704822,6,"0;3;7;8;10;12"
Root_10870,110.072512,45.282582,5,"3;7;8;10;12"
Root_10871,0.000000,21.362870,7,"0;1;2;7;8;10;12"
Root_10872,85.867712,41.640630,6,"1;2;7;8;10;12"
Root_10873,5.295642,26.692470,6,"0;2;7;8;10;12"
Root_10874,115.998400,46.270230,5,"2;7;8;10;12"
Root_10875,0.000000,22.288790,6,"0;1;7;8;10;12"
Root_10876,86.171392,42.566550,5,"1;7;8;10;12"
Root_10877,5.573571,27.618390,5,"0;7;8;10;12"
Root_10878,117.424150,47.196150,4,"7;8;10;12"
Root_10879,0.000000,16.282656,10,"0;1;2;3;4;5;6;8;10;12"
Root_10880,75.818618,36.560416,9,"1;2;3;4;5;6;8;10;12"
Root_10881,0.000000,21.612256,9,"0;2;3;4;5;6;8;10;12"
Root_10882,104.886307,41.190016,8,"2;3;4;5;6;8;10;12"
Root_10883,0.000000,17.208576,9,"0;1;3;4;5;6;8;10;12"
Root_10884,72.904954,37.486336,8,"1;3;4;5;6;8;10;12"
Root_10885,0.000000,22.538176,8,"0;3;4;5;6;8;10;12"
Root_10886,103.338147,42.115936,7,"3;4;5;6;8;10;12"
Root_10887,0.000000,18.196224,9,"0;1;2;4;5;6;8;10;12"
Root_10888,78.393914,38.473984,8,"1;2;4;5;6;8;10;12"
Root_10889,1.407232,23.525824,8,"0;2;4;5;6;8;10;12"
Root_10890,107.644163,43.103584,7,"2;4;5;6;8;10;12"
Root_10891,0.000000,19.122144,8,"0;1;4;5;6;8;10;12"
Root_10892,76.319738,39.399904,7,"1;4;5;6;8;10;12"
Root_10893,1.407232,24.451744,7,"0;4;5;6;8;10;12"
Root_10894,107.021923,44.029504,6,"4;5;6;8;10;12"
Root_10895,0.000000,18.504864,9,"0;1;2;3;5;6;8;10;12"
Root_10896,77.102458,38.782624,8,"1;2;3;5;6;8;10;12"
Root_10897,0.000000,23.834464,8,"0;2;3;5;6;8;10;12"
Root_10898,109.496003,43.412224,7,"2;3;5;6;8;10;12"
Root_10899,0.000000,19.430784,8,"0;1;3;5;6;8;10;12"
Root_10900,76.262842,39.708544,7,"1;3;5;6;8;10;12"
Root_10901,0.000000,24.760384,7,"0;3;5;6;8;10;12"
Root_10902,108.873763,44.338144,6,"3;5;6;8;10;12"
Root_10903,0.000000,20.418432,8,"0;1;2;5;6;8;10;12"
Root_10904,81.504890,40.696192,7,"1;2;5;6;8;10;12"
Root_10905,2.184864,25.748032,7,"0;2;5;6;8;10;12"
Root_10906,114.508163,45.325792,6,"2;5;6;8;10;12"
Root_10907,0.000000,21.344352,7,"0;1;5;6;8;10;12"
Root_10908,81.504762,41.622112,6,"1;5;6;8;10;12"
Root_10909,3.110784,26.673952,6,"0;5;6;8;10;12"
Root_10910,115.737763,46.251712,5,"5;6;8;10;12"
Root_10911,0.000000,17.825856,9,"0;1;2;3;4;6;8;10;12"
Root_10912,83.095034,38.103616,8,"1;2;3;4;6;8;10;12"
Root_10913,1.042806,23.155456,8,"0;2;3;4;6;8;10;12"
Root_10914,111.059107,42.733216,7,"2;3;4;6;8;10;12"
Root_10915,0.000000,18.751776,8,"0;1;3;4;6;8;10;12"
Root_10916,80.650490,39.029536,7,"1;3;4;6;8;10;12"
Root_10917,1.042806,24.081376,7,"0;3;4;6;8;10;12"
Root_10918,109.510947,43.659136,6,"3;4;6;8;10;12"
Root_10919,0.000000,19.739424,8,"0;1;2;4;6;8;10;12"
Root_10920,85.583898,40.017184,7,"1;2;4;6;8;10;12"
Root_10921,4.227670,25.069024,7,"0;2;4;6;8;10;12"
Root_10922,113.461539,44.646784,6,"2;4;6;8;10;12"
Root_10923,0.000000,20.665344,7,"0;1;4;6;8;10;12"
Root_10924,84.035738,40.943104,6,"1;4;6;8;10;12"
Root_10925,5.153590,25.994944,6,"0;4;6;8;10;12"
Root_10926,113.412003,45.572704,5,"4;6;8;10;12"
Root_10927,0.000000,20.048064,8,"0;1;2;3;6;8;10;12"
Root_10928,86.144282,40.325824,7,"1;2;3;6;8;10;12"
Root_10929,1.450070,25.377664,7,"0;2;3;6;8;10;12"
Root_10930,115.004739,44.955424,6,"2;3;6;8;10;12"
Root_10931,0.000000,20.973984,7,"0;1;3;6;8;10;12"
Root_10932,85.522042,41.251744,6,"1;3;6;8;10;12"
Root_10933,2.375990,26.303584,6,"0;3;6;8;10;12"
Root_10934,115.263843,45.881344,5,"3;6;8;10;12"
Root_10935,0.000000,21.961632,7,"0;1;2;6;8;10;12"
Root_10936,90.460282,42.239392,6,"1;2;6;8;10;12"
Root_10937,6.956374,27.291232,6,"0;2;6;8;10;12"
Root_10938,121.189731,46.868992,5,"2;6;8;10;12"
Root_10939,0.000000,22.887552,6,"0;1;6;8;10;12"
Root_10940,90.763962,43.165312,5,"1;6;8;10;12"
Root_10941,6.956374,28.217152,5,"0;6;8;10;12"
Root_10942,122.419331,47.794912,4,"6;8;10;12"
Root_10943,0.000000,18.708566,9,"0;1;2;3;4;5;8;10;12"
Root_10944,86.134643,38.986326,8,"1;2;3;4;5;8;10;12"
Root_10945,2.524131,24.038166,8,"0;2;3;4;5;8;10;12"
Root_10946,114.305994,43.615926,7,"2;3;4;5;8;10;12"
Root_10947,0.000000,19.634486,8,"0;1;3;4;5;8;10;12"
Root_10948,84.572810,39.912246,7,"1;3;4;5;8;10;12"
Root_10949,2.524131,24.964086,7,"0;3;4;5;8;10;12"
Root_10950,112.757834,44.541846,6,"3;4;5;8;10;12"
Root_10951,0.000000,20.622134,8,"0;1;2;4;5;8;10;12"
Root_10952,88.623507,40.899894,7,"1;2;4;5;8;10;12"
Root_10953,7.332602,25.951734,7,"0;2;4;5;8;10;12"
Root_10954,117.608288,45.529494,6,"2;4;5;8;10;12"
Root_10955,0.000000,21.548054,7,"0;1;4;5;8;10;12"
Root_10956,87.901162,41.825814,6,"1;4;5;8;10;12"
Root_10957,8.258522,26.877654,6,"0;4;5;8;10;12"
Root_10958,117.911968,46.455414,5,"4;5;8;10;12"
Root_10959,0.000000,20.930774,8,"0;1;2;3;5;8;10;12"
Root_10960,90.070176,41.208534,7,"1;2;3;5;8;10;12"
Root_10961,4.030000,26.260374,7,"0;2;3;5;8;10;12"
Root_10962,119.768768,45.838134,6,"2;3;5;8;10;12"
Root_10963,0.000000,21.856694,7,"0;1;3;5;8;10;12"
Root_10964,89.447936,42.134454,6,"1;3;5;8;10;12"
Root_10965,4.740026,27.186294,6,"0;3;5;8;10;12"
Root_10966,120.072448,46.764054,5,"3;5;8;10;12"
Root_10967,0.000000,22.844342,7,"0;1;2;5;8;10;12"
Root_10968,94.756544,43.122102,6,"1;2;5;8;10;12"
Root_10969,8.295885,28.173942,6,"0;2;5;8;10;12"
Root_10970,127.120406,47.751702,5,"2;5;8;10;12"
Root_10971,0.000000,23.770262,6,"0;1;5;8;10;12"
Root_10972,95.060224,44.048022,5,"1;5;8;10;12"
Root_10973,8.295885,29.099862,5,"0;5;8;10;12"
Root_10974,130.631171,48.677622,4,"5;8;10;12"
Root_10975,0.000000,20.251766,8,"0;1;2;3;4;8;10;12"
Root_10976,93.836970,40.529526,7,"1;2;3;4;8;10;12"
Root_10977,9.141040,25.581366,7,"0;2;3;4;8;10;12"
Root_10978,118.226954,45.159126,6,"2;3;4;8;10;12"
Root_10979,0.000000,21.177686,7,"0;1;3;4;8;10;12"
Root_10980,92.288810,41.455446,6,"1;3;4;8;10;12"
Root_10981,10.066960,26.507286,6,"0;3;4;8;10;12"
Root_10982,117.604714,46.085046,5,"3;4;8;10;12"
Root_10983,0.046742,22.165334,7,"0;1;2;4;8;10;12"
Root_10984,96.239402,42.443094,6,"1;2;4;8;10;12"
Root_10985,12.129027,27.494934,6,"0;2;4;8;10;12"
Root_10986,122.615648,47.072694,5,"2;4;8;10;12"
Root_10987,0.046742,23.091254,6,"0;1;4;8;10;12"
Root_10988,95.617162,43.369014,5,"1;4;8;10;12"
Root_10989,12.129027,28.420854,5,"0;4;8;10;12"
Root_10990,123.845248,47.998614,4,"4;8;10;12"
Root_10991,0.000000,22.473974,7,"0;1;2;3;8;10;12"
Root_10992,97.782602,42.751734,6,"1;2;3;8;10;12"
Root_10993,10.845059,27.803574,6,"0;2;3;8;10;12"
Root_10994,124.776128,47.381334,5,"2;3;8;10;12"
Root_10995,0.000000,23.399894,6,"0;1;3;8;10;12"
Root_10996,97.160362,43.677654,5,"1;3;8;10;12"
Root_10997,10.845059,28.729494,5,"0;3;8;10;12"
Root_10998,126.927491,48.307254,4,"3;8;10;12"
Root_10999,0.046742,24.387542,6,"0;1;2;8;10;12"
Root_11000,102.098602,44.665302,5,"1;2;8;10;12"
Root_11001,12.129027,29.717142,5,"0;2;8;10;12"
Root_11002,136.803971,49.294902,4,"2;8;10;12"
Root_11003,0.389805,25.313462,5,"0;1;8;10;12"
Root_11004,102.993504,45.591222,4,"1;8;10;12"
Root_11005,12.129027,30.643062,4,"0;8;10;12"
Root_11006,141.737251,50.220822,3,"8;10;12"
Root_11007,0.000000,17.887584,10,"0;1;2;3;4;5;6;7;10;12"
Root_11008,83.104762,38.165344,9,"1;2;3;4;5;6;7;10;12"
Root_11009,1.098592,23.217184,9,"0;2;3;4;5;6;7;10;12"
Root_11010,114.710787,42.794944,8,"2;3;4;5;6;7;10;12"
Root_11011,0.000000,18.813504,9,"0;1;3;4;5;6;7;10;12"
Root_11012,80.721946,39.091264,8,"1;3;4;5;6;7;10;12"
Root_11013,1.098592,24.143104,8,"0;3;4;5;6;7;10;12"
Root_11014,113.162627,43.720864,7,"3;4;5;6;7;10;12"
Root_11015,0.000000,19.801152,9,"0;1;2;4;5;6;7;10;12"
Root_11016,85.593626,40.078912,8,"1;2;4;5;6;7;10;12"
Root_11017,4.406912,25.130752,8,"0;2;4;5;6;7;10;12"
Root_11018,117.483587,44.708512,7,"2;4;5;6;7;10;12"
Root_11019,0.000000,20.727072,8,"0;1;4;5;6;7;10;12"
Root_11020,84.050298,41.004832,7,"1;4;5;6;7;10;12"
Root_11021,5.332832,26.056672,7,"0;4;5;6;7;10;12"
Root_11022,118.130211,45.634432,6,"4;5;6;7;10;12"
Root_11023,0.000000,20.109792,9,"0;1;2;3;5;6;7;10;12"
Root_11024,86.215738,40.387552,8,"1;2;3;5;6;7;10;12"
Root_11025,1.567584,25.439392,8,"0;2;3;5;6;7;10;12"
Root_11026,119.369731,45.017152,7,"2;3;5;6;7;10;12"
Root_11027,0.000000,21.035712,8,"0;1;3;5;6;7;10;12"
Root_11028,85.593498,41.313472,7,"1;3;5;6;7;10;12"
Root_11029,2.493504,26.365312,7,"0;3;5;6;7;10;12"
Root_11030,120.599331,45.943072,6,"3;5;6;7;10;12"
Root_11031,0.000000,22.023360,8,"0;1;2;5;6;7;10;12"
Root_11032,90.531738,42.301120,7,"1;2;5;6;7;10;12"
Root_11033,7.012160,27.352960,7,"0;2;5;6;7;10;12"
Root_11034,127.883235,46.930720,6,"2;5;6;7;10;12"
Root_11035,0.000000,22.949280,7,"0;1;5;6;7;10;12"
Root_11036,90.835418,43.227040,6,"1;5;6;7;10;12"
Root_11037,7.012160,28.278880,6,"0;5;6;7;10;12"
Root_11038,130.038755,47.856640,5,"5;6;7;10;12"
Root_11039,0.000000,19.430784,9,"0;1;2;3;4;6;7;10;12"
Root_11040,90.433146,39.708544,8,"1;2;3;4;6;7;10;12"
Root_11041,4.061184,24.760384,8,"0;2;3;4;6;7;10;12"
Root_11042,119.293603,44.338144,7,"2;3;4;6;7;10;12"
Root_11043,0.000000,20.356704,8,"0;1;3;4;6;7;10;12"
Root_11044,88.884986,40.634464,7,"1;3;4;6;7;10;12"
Root_11045,4.777088,25.686304,7,"0;3;4;6;7;10;12"
Root_11046,118.273571,45.264064,6,"3;4;6;7;10;12"
Root_11047,0.000000,21.344352,8,"0;1;2;4;6;7;10;12"
Root_11048,92.835578,41.622112,7,"1;2;4;6;7;10;12"
Root_11049,8.555360,26.673952,7,"0;2;4;6;7;10;12"
Root_11050,124.199459,46.251712,6,"2;4;6;7;10;12"
Root_11051,0.000000,22.270272,7,"0;1;4;6;7;10;12"
Root_11052,92.213338,42.548032,6,"1;4;6;7;10;12"
Root_11053,8.555360,27.599872,6,"0;4;6;7;10;12"
Root_11054,125.429059,47.177632,5,"4;6;7;10;12"
Root_11055,0.000000,21.652992,8,"0;1;2;3;6;7;10;12"
Root_11056,94.378778,41.930752,7,"1;2;3;6;7;10;12"
Root_11057,6.999296,26.982592,7,"0;2;3;6;7;10;12"
Root_11058,126.359939,46.560352,6,"2;3;6;7;10;12"
Root_11059,0.000000,22.578912,7,"0;1;3;6;7;10;12"
Root_11060,93.756538,42.856672,6,"1;3;6;7;10;12"
Root_11061,6.999296,27.908512,6,"0;3;6;7;10;12"
Root_11062,127.589539,47.486272,5,"3;6;7;10;12"
Root_11063,0.000000,23.566560,7,"0;1;2;6;7;10;12"
Root_11064,98.694778,43.844320,6,"1;2;6;7;10;12"
Root_11065,8.555360,28.896160,6,"0;2;6;7;10;12"
Root_11066,135.450915,48.473920,5,"2;6;7;10;12"
Root_11067,0.000000,24.492480,6,"0;1;6;7;10;12"
Root_11068,98.998458,44.770240,5,"1;6;7;10;12"
Root_11069,8.555360,29.822080,5,"0;6;7;10;12"
Root_11070,139.458275,49.399840,4,"6;7;10;12"
Root_11071,0.000000,20.313494,9,"0;1;2;3;4;5;7;10;12"
Root_11072,94.050400,40.591254,8,"1;2;3;4;5;7;10;12"
Root_11073,7.382010,25.643094,8,"0;2;3;4;5;7;10;12"
Root_11074,122.982198,45.220854,7,"2;3;4;5;7;10;12"
Root_11075,0.000000,21.239414,8,"0;1;3;4;5;7;10;12"
Root_11076,92.502240,41.517174,7,"1;3;4;5;7;10;12"
Root_11077,8.307930,26.569014,7,"0;3;4;5;7;10;12"
Root_11078,123.285878,46.146774,6,"3;4;5;7;10;12"
Root_11079,0.108470,22.227062,8,"0;1;2;4;5;7;10;12"
Root_11080,96.452832,42.504822,7,"1;2;4;5;7;10;12"
Root_11081,10.246541,27.556662,7,"0;2;4;5;7;10;12"
Root_11082,129.716557,47.134422,6,"2;4;5;7;10;12"
Root_11083,0.108470,23.152982,7,"0;1;4;5;7;10;12"
Root_11084,95.830592,43.430742,6,"1;4;5;7;10;12"
Root_11085,10.246541,28.482582,6,"0;4;5;7;10;12"
Root_11086,131.932419,48.060342,5,"4;5;7;10;12"
Root_11087,0.000000,22.535702,8,"0;1;2;3;5;7;10;12"
Root_11088,98.304672,42.813462,7,"1;2;3;5;7;10;12"
Root_11089,8.962573,27.865302,7,"0;2;3;5;7;10;12"
Root_11090,132.494317,47.443062,6,"2;3;5;7;10;12"
Root_11091,0.000000,23.461622,7,"0;1;3;5;7;10;12"
Root_11092,97.682432,43.739382,6,"1;3;5;7;10;12"
Root_11093,8.962573,28.791222,6,"0;3;5;7;10;12"
Root_11094,135.018819,48.368982,5,"3;5;7;10;12"
Root_11095,0.108470,24.449270,7,"0;1;2;5;7;10;12"
Root_11096,102.991040,44.727030,6,"1;2;5;7;10;12"
Root_11097,10.246541,29.778870,6,"0;2;5;7;10;12"
Root_11098,144.278019,49.356630,5,"2;5;7;10;12"
Root_11099,0.513261,25.375190,6,"0;1;5;7;10;12"
Root_11100,104.600621,45.652950,5,"1;5;7;10;12"
Root_11101,10.246541,30.704790,5,"0;5;7;10;12"
Root_11102,148.285379,50.282550,4,"5;7;10;12"
Root_11103,0.000000,21.856694,8,"0;1;2;3;4;7;10;12"
Root_11104,100.466538,42.134454,7,"1;2;3;4;7;10;12"
Root_11105,11.419373,27.186294,7,"0;2;3;4;7;10;12"
Root_11106,128.225504,46.764054,6,"2;3;4;7;10;12"
Root_11107,0.000000,22.782614,7,"0;1;3;4;7;10;12"
Root_11108,98.918378,43.060374,6,"1;3;4;7;10;12"
Root_11109,11.419373,28.112214,6,"0;3;4;7;10;12"
Root_11110,129.219158,47.689974,5,"3;4;7;10;12"
Root_11111,1.651670,23.770262,7,"0;1;2;4;7;10;12"
Root_11112,102.868970,44.048022,6,"1;2;4;7;10;12"
Root_11113,13.906851,29.099862,6,"0;2;4;7;10;12"
Root_11114,137.487939,48.677622,5,"2;4;7;10;12"
Root_11115,1.651670,24.696182,6,"0;1;4;7;10;12"
Root_11116,102.246730,44.973942,5,"1;4;7;10;12"
Root_11117,13.906851,30.025782,5,"0;4;7;10;12"
Root_11118,141.495299,49.603542,4,"4;7;10;12"
Root_11119,0.000000,24.078902,7,"0;1;2;3;7;10;12"
Root_11120,104.412170,44.356662,6,"1;2;3;7;10;12"
Root_11121,11.419373,29.408502,6,"0;2;3;7;10;12"
Root_11122,140.574339,48.986262,5,"2;3;7;10;12"
Root_11123,0.034422,25.004822,6,"0;1;3;7;10;12"
Root_11124,104.355094,45.282582,5,"1;3;7;10;12"
Root_11125,11.419373,30.334422,5,"0;3;7;10;12"
Root_11126,144.581699,49.912182,4,"3;7;10;12"
Root_11127,2.673741,25.992470,6,"0;1;2;7;10;12"
Root_11128,111.268630,46.270230,5,"1;2;7;10;12"
Root_11129,14.554842,31.322070,5,"0;2;7;10;12"
Root_11130,154.458179,50.899830,4,"2;7;10;12"
Root_11131,3.599661,26.918390,5,"0;1;7;10;12"
Root_11132,113.620301,47.196150,4,"1;7;10;12"
Root_11133,13.906851,32.247990,4,"0;7;10;12"
Root_11134,160.217210,51.825750,3,"7;10;12"
Root_11135,0.000000,20.912256,9,"0;1;2;3;4;5;6;10;12"
Root_11136,98.886307,41.190016,8,"1;2;3;4;5;6;10;12"
Root_11137,9.974464,26.241856,8,"0;2;3;4;5;6;10;12"
Root_11138,129.371053,45.819616,7,"2;3;4;5;6;10;12"
Root_11139,0.000000,21.838176,8,"0;1;3;4;5;6;10;12"
Root_11140,97.338147,42.115936,7,"1;3;4;5;6;10;12"
Root_11141,10.036832,27.167776,7,"0;3;4;5;6;10;12"
Root_11142,129.674733,46.745536,6,"3;4;5;6;10;12"
Root_11143,0.707232,22.825824,8,"0;1;2;4;5;6;10;12"
Root_11144,101.644163,43.103584,7,"1;2;4;5;6;10;12"
Root_11145,11.444064,28.155424,7,"0;2;4;5;6;10;12"
Root_11146,135.970989,47.733184,6,"2;4;5;6;10;12"
Root_11147,0.707232,23.751744,7,"0;1;4;5;6;10;12"
Root_11148,101.021923,44.029504,6,"1;4;5;6;10;12"
Root_11149,11.444064,29.081344,6,"0;4;5;6;10;12"
Root_11150,138.518797,48.659104,5,"4;5;6;10;12"
Root_11151,0.000000,23.134464,8,"0;1;2;3;5;6;10;12"
Root_11152,103.496003,43.412224,7,"1;2;3;5;6;10;12"
Root_11153,10.036832,28.464064,7,"0;2;3;5;6;10;12"
Root_11154,138.523757,48.041824,6,"2;3;5;6;10;12"
Root_11155,0.000000,24.060384,7,"0;1;3;5;6;10;12"
Root_11156,102.873763,44.338144,6,"1;3;5;6;10;12"
Root_11157,10.036832,29.389984,6,"0;3;5;6;10;12"
Root_11158,141.605197,48.967744,5,"3;5;6;10;12"
Root_11159,0.784864,25.048032,7,"0;1;2;5;6;10;12"
Root_11160,108.833955,45.325792,6,"1;2;5;6;10;12"
Root_11161,11.444064,30.377632,6,"0;2;5;6;10;12"
Root_11162,150.864397,49.955392,5,"2;5;6;10;12"
Root_11163,1.710784,25.973952,6,"0;1;5;6;10;12"
Root_11164,110.989475,46.251712,5,"1;5;6;10;12"
Root_11165,11.444064,31.303552,5,"0;5;6;10;12"
Root_11166,154.871757,50.881312,4,"5;6;10;12"
Root_11167,0.336864,22.455456,8,"0;1;2;3;4;6;10;12"
Root_11168,105.059107,42.733216,7,"1;2;3;4;6;10;12"
Root_11169,12.622838,27.785056,7,"0;2;3;4;6;10;12"
Root_11170,134.015597,47.362816,6,"2;3;4;6;10;12"
Root_11171,0.336864,23.381376,7,"0;1;3;4;6;10;12"
Root_11172,103.510947,43.659136,6,"1;3;4;6;10;12"
Root_11173,12.622838,28.710976,6,"0;3;4;6;10;12"
Root_11174,135.185485,48.288736,5,"3;4;6;10;12"
Root_11175,2.723104,24.369024,7,"0;1;2;4;6;10;12"
Root_11176,107.461539,44.646784,6,"1;2;4;6;10;12"
Root_11177,15.709078,29.698624,6,"0;2;4;6;10;12"
Root_11178,144.074317,49.276384,5,"2;4;6;10;12"
Root_11179,3.047648,25.294944,6,"0;1;4;6;10;12"
Root_11180,107.984707,45.572704,5,"1;4;6;10;12"
Root_11181,15.709078,30.624544,5,"0;4;6;10;12"
Root_11182,148.081677,50.202304,4,"4;6;10;12"
Root_11183,0.336864,24.677664,7,"0;1;2;3;6;10;12"
Root_11184,109.004739,44.955424,6,"1;2;3;6;10;12"
Root_11185,12.622838,30.007264,6,"0;2;3;6;10;12"
Root_11186,147.160717,49.585024,5,"2;3;6;10;12"
Root_11187,0.970048,25.603584,6,"0;1;3;6;10;12"
Root_11188,110.145187,45.881344,5,"1;3;6;10;12"
Root_11189,12.622838,30.933184,5,"0;3;6;10;12"
Root_11190,151.168077,50.510944,4,"3;6;10;12"
Root_11191,4.890688,26.591232,6,"0;1;2;6;10;12"
Root_11192,117.058723,46.868992,5,"1;2;6;10;12"
Root_11193,16.955830,31.920832,5,"0;2;6;10;12"
Root_11194,161.543149,51.498592,4,"2;6;10;12"
Root_11195,5.269856,27.517152,5,"0;1;6;10;12"
Root_11196,119.214243,47.794912,4,"1;6;10;12"
Root_11197,15.709078,32.846752,4,"0;6;10;12"
Root_11198,167.402349,52.424512,3,"6;10;12"
Root_11199,1.219574,23.338166,8,"0;1;2;3;4;5;10;12"
Root_11200,108.305994,43.615926,7,"1;2;3;4;5;10;12"
Root_11201,14.524131,28.667766,7,"0;2;3;4;5;10;12"
Root_11202,140.764483,48.245526,6,"2;3;4;5;10;12"
Root_11203,1.219574,24.264086,7,"0;1;3;4;5;10;12"
Root_11204,106.757834,44.541846,6,"1;3;4;5;10;12"
Root_11205,14.524131,29.593686,6,"0;3;4;5;10;12"
Root_11206,143.845923,49.171446,5,"3;4;5;10;12"
Root_11207,4.769859,25.251734,7,"0;1;2;4;5;10;12"
Root_11208,112.137782,45.529494,6,"1;2;4;5;10;12"
Root_11209,18.351267,30.581334,6,"0;2;4;5;10;12"
Root_11210,153.105123,50.159094,5,"2;4;5;10;12"
Root_11211,5.695779,26.177654,6,"0;1;4;5;10;12"
Root_11212,113.367382,46.455414,5,"1;4;5;10;12"
Root_11213,18.351267,31.507254,5,"0;4;5;10;12"
Root_11214,157.197498,51.085014,4,"4;5;10;12"
Root_11215,1.809549,25.560374,7,"0;1;2;3;5;10;12"
Root_11216,114.606902,45.838134,6,"1;2;3;5;10;12"
Root_11217,14.740026,30.889974,6,"0;2;3;5;10;12"
Root_11218,156.500163,50.467734,5,"2;3;5;10;12"
Root_11219,2.735469,26.486294,6,"0;1;3;5;10;12"
Root_11220,115.836502,46.764054,5,"1;3;5;10;12"
Root_11221,14.524131,31.815894,5,"0;3;5;10;12"
Root_11222,160.901178,51.393654,4,"3;5;10;12"
Root_11223,7.133142,27.473942,6,"0;1;2;5;10;12"
Root_11224,123.872109,47.751702,5,"1;2;5;10;12"
Root_11225,20.480730,32.803542,5,"0;2;5;10;12"
Root_11226,172.135674,52.381302,4,"2;5;10;12"
Root_11227,7.133142,28.399862,5,"0;1;5;10;12"
Root_11228,128.308794,48.677622,4,"1;5;10;12"
Root_11229,18.351267,33.729462,4,"0;5;10;12"
Root_11230,177.994874,53.307222,3,"5;10;12"
Root_11231,4.424131,24.881366,7,"0;1;2;3;4;10;12"
Root_11232,112.386080,45.159126,6,"1;2;3;4;10;12"
Root_11233,20.530074,30.210966,6,"0;2;3;4;10;12"
Root_11234,149.401443,49.788726,5,"2;3;4;10;12"
Root_11235,5.261018,25.807286,6,"0;1;3;4;10;12"
Root_11236,112.689760,46.085046,5,"1;3;4;10;12"
Root_11237,20.530074,31.136886,5,"0;3;4;10;12"
Root_11238,153.408803,50.714646,4,"3;4;10;12"
Root_11239,8.723085,26.794934,6,"0;1;2;4;10;12"
Root_11240,118.688342,47.072694,5,"1;2;4;10;12"
Root_11241,25.807696,32.124534,5,"0;2;4;10;12"
Root_11242,163.987578,51.702294,4,"2;4;10;12"
Root_11243,8.723085,27.720854,5,"0;1;4;10;12"
Root_11244,120.843862,47.998614,4,"1;4;10;12"
Root_11245,24.357242,33.050454,4,"0;4;10;12"
Root_11246,169.846778,52.628214,3,"4;10;12"
Root_11247,7.424131,27.103574,6,"0;1;2;3;10;12"
Root_11248,121.157462,47.381334,5,"1;2;3;10;12"
Root_11249,22.289168,32.433174,5,"0;2;3;10;12"
Root_11250,167.691258,52.010934,4,"2;3;10;12"
Root_11251,7.424131,28.029494,5,"0;1;3;10;12"
Root_11252,124.234746,48.307254,4,"1;3;10;12"
Root_11253,20.530074,33.359094,4,"0;3;10;12"
Root_11254,173.550458,52.936854,3,"3;10;12"
Root_11255,8.723085,29.017142,5,"0;1;2;10;12"
Root_11256,135.098874,49.294902,4,"1;2;10;12"
Root_11257,26.653530,34.346742,4,"0;2;10;12"
Root_11258,185.402234,53.924502,3,"2;10;12"
Root_11259,8.723085,29.943062,4,"0;1;10;12"
Root_11260,140.958074,50.220822,3,"1;10;12"
Root_11261,23.253530,35.272662,3,"0;10;12"
Root_11262,192.187354,54.850422,2,"10;12"
Root_11263,0.000000,11.591328,11,"0;1;2;3;4;5;6;7;8;9;12"
Root_11264,62.912538,31.869088,10,"1;2;3;4;5;6;7;8;9;12"
Root_11265,0.000000,16.920928,10,"0;2;3;4;5;6;7;8;9;12"
Root_11266,88.602448,36.498688,9,"2;3;4;5;6;7;8;9;12"
Root_11267,0.000000,12.517248,10,"0;1;3;4;5;6;7;8;9;12"
Root_11268,61.017530,32.795008,9,"1;3;4;5;6;7;8;9;12"
Root_11269,0.000000,17.846848,9,"0;3;4;5;6;7;8;9;12"
Root_11270,85.852976,37.424608,8,"3;4;5;6;7;8;9;12"
Root_11271,0.000000,13.504896,10,"0;1;2;4;5;6;7;8;9;12"
Root_11272,66.708890,33.782656,9,"1;2;4;5;6;7;8;9;12"
Root_11273,0.000000,18.834496,9,"0;2;4;5;6;7;8;9;12"
Root_11274,91.403664,38.412256,8,"2;4;5;6;7;8;9;12"
Root_11275,0.000000,14.430816,9,"0;1;4;5;6;7;8;9;12"
Root_11276,62.900314,34.708576,8,"1;4;5;6;7;8;9;12"
Root_11277,0.000000,19.760416,8,"0;4;5;6;7;8;9;12"
Root_11278,89.155504,39.338176,7,"4;5;6;7;8;9;12"
Root_11279,0.000000,13.813536,10,"0;1;2;3;5;6;7;8;9;12"
Root_11280,62.017530,34.091296,9,"1;2;3;5;6;7;8;9;12"
Root_11281,0.000000,19.143136,9,"0;2;3;5;6;7;8;9;12"
Root_11282,90.050480,38.720896,8,"2;3;5;6;7;8;9;12"
Root_11283,0.000000,14.739456,9,"0;1;3;5;6;7;8;9;12"
Root_11284,57.917530,35.017216,8,"1;3;5;6;7;8;9;12"
Root_11285,0.000000,20.069056,8,"0;3;5;6;7;8;9;12"
Root_11286,88.728240,39.646816,7,"3;5;6;7;8;9;12"
Root_11287,0.000000,15.727104,9,"0;1;2;5;6;7;8;9;12"
Root_11288,63.910042,36.004864,8,"1;2;5;6;7;8;9;12"
Root_11289,0.000000,21.056704,8,"0;2;5;6;7;8;9;12"
Root_11290,93.044368,40.634464,7,"2;5;6;7;8;9;12"
Root_11291,0.000000,16.653024,8,"0;1;5;6;7;8;9;12"
Root_11292,61.661882,36.930784,7,"1;5;6;7;8;9;12"
Root_11293,0.000000,21.982624,7,"0;5;6;7;8;9;12"
Root_11294,92.282512,41.560384,6,"5;6;7;8;9;12"
Root_11295,0.000000,13.134528,10,"0;1;2;3;4;6;7;8;9;12"
Root_11296,69.677808,33.412288,9,"1;2;3;4;6;7;8;9;12"
Root_11297,0.000000,18.464128,9,"0;2;3;4;6;7;8;9;12"
Root_11298,95.817136,38.041888,8,"2;3;4;6;7;8;9;12"
Root_11299,0.000000,14.060448,9,"0;1;3;4;6;7;8;9;12"
Root_11300,66.239600,34.338208,8,"1;3;4;6;7;8;9;12"
Root_11301,0.000000,19.390048,8,"0;3;4;6;7;8;9;12"
Root_11302,93.568976,38.967808,7,"3;4;6;7;8;9;12"
Root_11303,0.000000,15.048096,9,"0;1;2;4;6;7;8;9;12"
Root_11304,71.930960,35.325856,8,"1;2;4;6;7;8;9;12"
Root_11305,0.000000,20.377696,8,"0;2;4;6;7;8;9;12"
Root_11306,97.576464,39.955456,7,"2;4;6;7;8;9;12"
Root_11307,0.000000,15.974016,8,"0;1;4;6;7;8;9;12"
Root_11308,68.082736,36.251776,7,"1;4;6;7;8;9;12"
Root_11309,0.000000,21.303616,7,"0;4;6;7;8;9;12"
Root_11310,95.328304,40.881376,6,"4;6;7;8;9;12"
Root_11311,0.000000,15.356736,9,"0;1;2;3;6;7;8;9;12"
Root_11312,67.239600,35.634496,8,"1;2;3;6;7;8;9;12"
Root_11313,0.000000,20.686336,8,"0;2;3;6;7;8;9;12"
Root_11314,97.766480,40.264096,7,"2;3;6;7;8;9;12"
Root_11315,0.000000,16.282656,8,"0;1;3;6;7;8;9;12"
Root_11316,64.260432,36.560416,7,"1;3;6;7;8;9;12"
Root_11317,0.000000,21.612256,7,"0;3;6;7;8;9;12"
Root_11318,96.444240,41.190016,6,"3;6;7;8;9;12"
Root_11319,0.000000,17.270304,8,"0;1;2;6;7;8;9;12"
Root_11320,71.223376,37.548064,7,"1;2;6;7;8;9;12"
Root_11321,0.000000,22.599904,7,"0;2;6;7;8;9;12"
Root_11322,100.394832,42.177664,6,"2;6;7;8;9;12"
Root_11323,0.000000,18.196224,7,"0;1;6;7;8;9;12"
Root_11324,69.901136,38.473984,6,"1;6;7;8;9;12"
Root_11325,0.000000,23.525824,6,"0;6;7;8;9;12"
Root_11326,99.998512,43.103584,5,"6;7;8;9;12"
Root_11327,0.000000,14.017238,10,"0;1;2;3;4;5;7;8;9;12"
Root_11328,72.307539,34.294998,9,"1;2;3;4;5;7;8;9;12"
Root_11329,0.000000,19.346838,9,"0;2;3;4;5;7;8;9;12"
Root_11330,99.144394,38.924598,8,"2;3;4;5;7;8;9;12"
Root_11331,0.000000,14.943158,9,"0;1;3;4;5;7;8;9;12"
Root_11332,68.207539,35.220918,8,"1;3;4;5;7;8;9;12"
Root_11333,0.000000,20.272758,8,"0;3;4;5;7;8;9;12"
Root_11334,96.896234,39.850518,7,"3;4;5;7;8;9;12"
Root_11335,0.000000,15.930806,9,"0;1;2;4;5;7;8;9;12"
Root_11336,74.195187,36.208566,8,"1;2;4;5;7;8;9;12"
Root_11337,0.000000,21.260406,8,"0;2;4;5;7;8;9;12"
Root_11338,100.021011,40.838166,7,"2;4;5;7;8;9;12"
Root_11339,0.000000,16.856726,8,"0;1;4;5;7;8;9;12"
Root_11340,71.155594,37.134486,7,"1;4;5;7;8;9;12"
Root_11341,0.000000,22.186326,7,"0;4;5;7;8;9;12"
Root_11342,98.536938,41.764086,6,"4;5;7;8;9;12"
Root_11343,0.000000,16.239446,9,"0;1;2;3;5;7;8;9;12"
Root_11344,70.329674,36.517206,8,"1;2;3;5;7;8;9;12"
Root_11345,0.000000,21.569046,8,"0;2;3;5;7;8;9;12"
Root_11346,101.093738,41.146806,7,"2;3;5;7;8;9;12"
Root_11347,0.000000,17.165366,8,"0;1;3;5;7;8;9;12"
Root_11348,68.524640,37.443126,7,"1;3;5;7;8;9;12"
Root_11349,0.000000,22.494966,7,"0;3;5;7;8;9;12"
Root_11350,99.771498,42.072726,6,"3;5;7;8;9;12"
Root_11351,0.000000,18.153014,8,"0;1;2;5;7;8;9;12"
Root_11352,75.044458,38.430774,7,"1;2;5;7;8;9;12"
Root_11353,0.000000,23.482614,7,"0;2;5;7;8;9;12"
Root_11354,103.808384,43.060374,6,"2;5;7;8;9;12"
Root_11355,0.000000,19.078934,7,"0;1;5;7;8;9;12"
Root_11356,73.722218,39.356694,6,"1;5;7;8;9;12"
Root_11357,0.138134,24.408534,6,"0;5;7;8;9;12"
Root_11358,103.412064,43.986294,5,"5;7;8;9;12"
Root_11359,0.000000,15.560438,9,"0;1;2;3;4;7;8;9;12"
Root_11360,78.480339,35.838198,8,"1;2;3;4;7;8;9;12"
Root_11361,0.000000,20.890038,8,"0;2;3;4;7;8;9;12"
Root_11362,105.317194,40.467798,7,"2;3;4;7;8;9;12"
Root_11363,0.000000,16.486358,8,"0;1;3;4;7;8;9;12"
Root_11364,75.144458,36.764118,7,"1;3;4;7;8;9;12"
Root_11365,0.000000,21.815958,7,"0;3;4;7;8;9;12"
Root_11366,103.069034,41.393718,6,"3;4;7;8;9;12"
Root_11367,0.000000,17.474006,8,"0;1;2;4;7;8;9;12"
Root_11368,81.119754,37.751766,7,"1;2;4;7;8;9;12"
Root_11369,1.510765,22.803606,7,"0;2;4;7;8;9;12"
Root_11370,106.031978,42.381366,6,"2;4;7;8;9;12"
Root_11371,0.000000,18.399926,7,"0;1;4;7;8;9;12"
Root_11372,78.871594,38.677686,6,"1;4;7;8;9;12"
Root_11373,1.510765,23.729526,6,"0;4;7;8;9;12"
Root_11374,104.709738,43.307286,5,"4;7;8;9;12"
Root_11375,0.000000,17.782646,8,"0;1;2;3;7;8;9;12"
Root_11376,79.106080,38.060406,7,"1;2;3;7;8;9;12"
Root_11377,0.000000,23.112246,7,"0;2;3;7;8;9;12"
Root_11378,107.266538,42.690006,6,"2;3;7;8;9;12"
Root_11379,0.000000,18.708566,7,"0;1;3;7;8;9;12"
Root_11380,77.783840,38.986326,6,"1;3;7;8;9;12"
Root_11381,0.000000,24.038166,6,"0;3;7;8;9;12"
Root_11382,105.944298,43.615926,5,"3;7;8;9;12"
Root_11383,0.000000,19.696214,7,"0;1;2;7;8;9;12"
Root_11384,82.760458,39.973974,6,"1;2;7;8;9;12"
Root_11385,2.266179,25.025814,6,"0;2;7;8;9;12"
Root_11386,109.894890,44.603574,5,"2;7;8;9;12"
Root_11387,0.000000,20.622134,6,"0;1;7;8;9;12"
Root_11388,81.438218,40.899894,5,"1;7;8;9;12"
Root_11389,3.192099,25.951734,5,"0;7;8;9;12"
Root_11390,110.028064,45.529494,4,"7;8;9;12"
Root_11391,0.000000,14.616000,10,"0;1;2;3;4;5;6;8;9;12"
Root_11392,75.893818,34.893760,9,"1;2;3;4;5;6;8;9;12"
Root_11393,0.000000,19.945600,9,"0;2;3;4;5;6;8;9;12"
Root_11394,103.576346,39.523360,8,"2;3;4;5;6;8;9;12"
Root_11395,0.000000,15.541920,9,"0;1;3;4;5;6;8;9;12"
Root_11396,71.793818,35.819680,8,"1;3;4;5;6;8;9;12"
Root_11397,0.000000,20.871520,8,"0;3;4;5;6;8;9;12"
Root_11398,101.328186,40.449280,7,"3;4;5;6;8;9;12"
Root_11399,0.000000,16.529568,9,"0;1;2;4;5;6;8;9;12"
Root_11400,77.781466,36.807328,8,"1;2;4;5;6;8;9;12"
Root_11401,0.107232,21.859168,8,"0;2;4;5;6;8;9;12"
Root_11402,104.291130,41.436928,7,"2;4;5;6;8;9;12"
Root_11403,0.000000,17.455488,8,"0;1;4;5;6;8;9;12"
Root_11404,75.340634,37.733248,7,"1;4;5;6;8;9;12"
Root_11405,0.107232,22.785088,7,"0;4;5;6;8;9;12"
Root_11406,102.968890,42.362848,6,"4;5;6;8;9;12"
Root_11407,0.000000,16.838208,9,"0;1;2;3;5;6;8;9;12"
Root_11408,74.630682,37.115968,8,"1;2;3;5;6;8;9;12"
Root_11409,0.000000,22.167808,8,"0;2;3;5;6;8;9;12"
Root_11410,105.834330,41.745568,7,"2;3;5;6;8;9;12"
Root_11411,0.000000,17.764128,8,"0;1;3;5;6;8;9;12"
Root_11412,73.308442,38.041888,7,"1;3;5;6;8;9;12"
Root_11413,0.000000,23.093728,7,"0;3;5;6;8;9;12"
Root_11414,104.512090,42.671488,6,"3;5;6;8;9;12"
Root_11415,0.000000,18.751776,8,"0;1;2;5;6;8;9;12"
Root_11416,79.229498,39.029536,7,"1;2;5;6;8;9;12"
Root_11417,0.107232,24.081376,7,"0;2;5;6;8;9;12"
Root_11418,108.833050,43.659136,6,"2;5;6;8;9;12"
Root_11419,0.000000,19.677696,7,"0;1;5;6;8;9;12"
Root_11420,77.907258,39.955456,6,"1;5;6;8;9;12"
Root_11421,0.844128,25.007296,6,"0;5;6;8;9;12"
Root_11422,108.436730,44.585056,5,"5;6;8;9;12"
Root_11423,0.000000,16.159200,9,"0;1;2;3;4;6;8;9;12"
Root_11424,82.145680,36.436960,8,"1;2;3;4;6;8;9;12"
Root_11425,0.985974,21.488800,8,"0;2;3;4;6;8;9;12"
Root_11426,109.743098,41.066560,7,"2;3;4;6;8;9;12"
Root_11427,0.000000,17.085120,8,"0;1;3;4;6;8;9;12"
Root_11428,79.334480,37.362880,7,"1;3;4;6;8;9;12"
Root_11429,0.985974,22.414720,7,"0;3;4;6;8;9;12"
Root_11430,107.494938,41.992480,6,"3;4;6;8;9;12"
Root_11431,0.000000,18.072768,8,"0;1;2;4;6;8;9;12"
Root_11432,84.946896,38.350528,7,"1;2;4;6;8;9;12"
Root_11433,3.694262,23.402368,7,"0;2;4;6;8;9;12"
Root_11434,110.457882,42.980128,6,"2;4;6;8;9;12"
Root_11435,0.000000,18.998688,7,"0;1;4;6;8;9;12"
Root_11436,82.698736,39.276448,6,"1;4;6;8;9;12"
Root_11437,3.752150,24.328288,6,"0;4;6;8;9;12"
Root_11438,109.135642,43.906048,5,"4;6;8;9;12"
Root_11439,0.000000,18.381408,8,"0;1;2;3;6;8;9;12"
Root_11440,83.531984,38.659168,7,"1;2;3;6;8;9;12"
Root_11441,0.985974,23.711008,7,"0;2;3;6;8;9;12"
Root_11442,111.692442,43.288768,6,"2;3;6;8;9;12"
Root_11443,0.000000,19.307328,7,"0;1;3;6;8;9;12"
Root_11444,82.209744,39.585088,6,"1;3;6;8;9;12"
Root_11445,1.352502,24.636928,6,"0;3;6;8;9;12"
Root_11446,110.370202,44.214688,5,"3;6;8;9;12"
Root_11447,0.000000,20.294976,7,"0;1;2;6;8;9;12"
Root_11448,86.587600,40.572736,6,"1;2;6;8;9;12"
Root_11449,5.328534,25.624576,6,"0;2;6;8;9;12"
Root_11450,114.523130,45.202336,5,"2;6;8;9;12"
Root_11451,0.000000,21.220896,6,"0;1;6;8;9;12"
Root_11452,85.764016,41.498656,5,"1;6;8;9;12"
Root_11453,5.974358,26.550496,5,"0;6;8;9;12"
Root_11454,115.052730,46.128256,4,"6;8;9;12"
Root_11455,0.000000,17.041910,9,"0;1;2;3;4;5;8;9;12"
Root_11456,84.996192,37.319670,8,"1;2;3;4;5;8;9;12"
Root_11457,2.342458,22.371510,8,"0;2;3;4;5;8;9;12"
Root_11458,112.107274,41.949270,7,"2;3;4;5;8;9;12"
Root_11459,0.000000,17.967830,8,"0;1;3;4;5;8;9;12"
Root_11460,82.748032,38.245590,7,"1;3;4;5;8;9;12"
Root_11461,2.342458,23.297430,7,"0;3;4;5;8;9;12"
Root_11462,109.859114,42.875190,6,"3;4;5;8;9;12"
Root_11463,0.000000,18.955478,8,"0;1;2;4;5;8;9;12"
Root_11464,87.477738,39.233238,7,"1;2;4;5;8;9;12"
Root_11465,5.813936,24.285078,7,"0;2;4;5;8;9;12"
Root_11466,113.192426,43.862838,6,"2;4;5;8;9;12"
Root_11467,0.000000,19.881398,7,"0;1;4;5;8;9;12"
Root_11468,85.229578,40.159158,6,"1;4;5;8;9;12"
Root_11469,6.739856,25.210998,6,"0;4;5;8;9;12"
Root_11470,111.870186,44.788758,5,"4;5;8;9;12"
Root_11471,0.000000,19.264118,8,"0;1;2;3;5;8;9;12"
Root_11472,86.945536,39.541878,7,"1;2;3;5;8;9;12"
Root_11473,2.665776,24.593718,7,"0;2;3;5;8;9;12"
Root_11474,114.735626,44.171478,6,"2;3;5;8;9;12"
Root_11475,0.000000,20.190038,7,"0;1;3;5;8;9;12"
Root_11476,85.623296,40.467798,6,"1;3;5;8;9;12"
Root_11477,3.591696,25.519638,6,"0;3;5;8;9;12"
Root_11478,113.510784,45.097398,5,"3;5;8;9;12"
Root_11479,0.000000,21.177686,7,"0;1;2;5;8;9;12"
Root_11480,89.573888,41.455446,6,"1;2;5;8;9;12"
Root_11481,8.799258,26.507286,6,"0;2;5;8;9;12"
Root_11482,118.819392,46.085046,5,"2;5;8;9;12"
Root_11483,0.000000,22.103606,6,"0;1;5;8;9;12"
Root_11484,89.177568,42.381366,5,"1;5;8;9;12"
Root_11485,8.799258,27.433206,5,"0;5;8;9;12"
Root_11486,119.359958,47.010966,4,"5;8;9;12"
Root_11487,0.000000,18.585110,8,"0;1;2;3;4;8;9;12"
Root_11488,92.687626,38.862870,7,"1;2;3;4;8;9;12"
Root_11489,8.352483,23.914710,7,"0;2;3;4;8;9;12"
Root_11490,116.218483,43.492470,6,"2;3;4;8;9;12"
Root_11491,0.000000,19.511030,7,"0;1;3;4;8;9;12"
Root_11492,90.439466,39.788790,6,"1;3;4;8;9;12"
Root_11493,8.922714,24.840630,6,"0;3;4;8;9;12"
Root_11494,113.970323,44.418390,5,"3;4;8;9;12"
Root_11495,0.000000,20.498678,7,"0;1;2;4;8;9;12"
Root_11496,93.625971,40.776438,6,"1;2;4;8;9;12"
Root_11497,12.782285,25.828278,6,"0;2;4;8;9;12"
Root_11498,117.339306,45.406038,5,"2;4;8;9;12"
Root_11499,0.000000,21.424598,6,"0;1;4;8;9;12"
Root_11500,92.080170,41.702358,5,"1;4;8;9;12"
Root_11501,12.782285,26.754198,5,"0;4;8;9;12"
Root_11502,116.942986,46.331958,4,"4;8;9;12"
Root_11503,0.000000,20.807318,7,"0;1;2;3;8;9;12"
Root_11504,94.636970,41.085078,6,"1;2;3;8;9;12"
Root_11505,11.011440,26.136918,6,"0;2;3;8;9;12"
Root_11506,118.882506,45.714678,5,"2;3;8;9;12"
Root_11507,0.000000,21.733238,6,"0;1;3;8;9;12"
Root_11508,93.314730,42.010998,5,"1;3;8;9;12"
Root_11509,11.144922,27.062838,5,"0;3;8;9;12"
Root_11510,118.486186,46.640598,4,"3;8;9;12"
Root_11511,0.000000,22.720886,6,"0;1;2;8;9;12"
Root_11512,97.265322,42.998646,5,"1;2;8;9;12"
Root_11513,12.782285,28.050486,5,"0;2;8;9;12"
Root_11514,124.052672,47.628246,4,"2;8;9;12"
Root_11515,0.000000,23.646806,5,"0;1;8;9;12"
Root_11516,96.869002,43.924566,4,"1;8;9;12"
Root_11517,12.782285,28.976406,4,"0;8;9;12"
Root_11518,127.170691,48.554166,3,"8;9;12"
Root_11519,0.000000,16.220928,10,"0;1;2;3;4;5;6;7;9;12"
Root_11520,82.602448,36.498688,9,"1;2;3;4;5;6;7;9;12"
Root_11521,0.000000,21.550528,9,"0;2;3;4;5;6;7;9;12"
Root_11522,113.347994,41.128288,8,"2;3;4;5;6;7;9;12"
Root_11523,0.000000,17.146848,9,"0;1;3;4;5;6;7;9;12"
Root_11524,79.852976,37.424608,8,"1;3;4;5;6;7;9;12"
Root_11525,0.000000,22.476448,8,"0;3;4;5;6;7;9;12"
Root_11526,111.099834,42.054208,7,"3;4;5;6;7;9;12"
Root_11527,0.000000,18.134496,9,"0;1;2;4;5;6;7;9;12"
Root_11528,85.403664,38.412256,8,"1;2;4;5;6;7;9;12"
Root_11529,2.831744,23.464096,8,"0;2;4;5;6;7;9;12"
Root_11530,114.130554,43.041856,7,"2;4;5;6;7;9;12"
Root_11531,0.000000,19.060416,8,"0;1;4;5;6;7;9;12"
Root_11532,83.155504,39.338176,7,"1;4;5;6;7;9;12"
Root_11533,2.951360,24.390016,7,"0;4;5;6;7;9;12"
Root_11534,112.808314,43.967776,6,"4;5;6;7;9;12"
Root_11535,0.000000,18.443136,9,"0;1;2;3;5;6;7;9;12"
Root_11536,84.050480,38.720896,8,"1;2;3;5;6;7;9;12"
Root_11537,0.000000,23.772736,8,"0;2;3;5;6;7;9;12"
Root_11538,115.673754,43.350496,7,"2;3;5;6;7;9;12"
Root_11539,0.000000,19.369056,8,"0;1;3;5;6;7;9;12"
Root_11540,82.728240,39.646816,7,"1;3;5;6;7;9;12"
Root_11541,0.428256,24.698656,7,"0;3;5;6;7;9;12"
Root_11542,114.351514,44.276416,6,"3;5;6;7;9;12"
Root_11543,0.000000,20.356704,8,"0;1;2;5;6;7;9;12"
Root_11544,87.044368,40.634464,7,"1;2;5;6;7;9;12"
Root_11545,4.589472,25.686304,7,"0;2;5;6;7;9;12"
Root_11546,119.200602,45.264064,6,"2;5;6;7;9;12"
Root_11547,0.000000,21.282624,7,"0;1;5;6;7;9;12"
Root_11548,86.282512,41.560384,6,"1;5;6;7;9;12"
Root_11549,5.173568,26.612224,6,"0;5;6;7;9;12"
Root_11550,120.656122,46.189984,5,"5;6;7;9;12"
Root_11551,0.000000,17.764128,9,"0;1;2;3;4;6;7;9;12"
Root_11552,89.817136,38.041888,8,"1;2;3;4;6;7;9;12"
Root_11553,3.346368,23.093728,8,"0;2;3;4;6;7;9;12"
Root_11554,117.977594,42.671488,7,"2;3;4;6;7;9;12"
Root_11555,0.000000,18.690048,8,"0;1;3;4;6;7;9;12"
Root_11556,87.568976,38.967808,7,"1;3;4;6;7;9;12"
Root_11557,3.346368,24.019648,7,"0;3;4;6;7;9;12"
Root_11558,115.729434,43.597408,6,"3;4;6;7;9;12"
Root_11559,0.000000,19.677696,8,"0;1;2;4;6;7;9;12"
Root_11560,91.576464,39.955456,7,"1;2;4;6;7;9;12"
Root_11561,7.354880,25.007296,7,"0;2;4;6;7;9;12"
Root_11562,118.692378,44.585056,6,"2;4;6;7;9;12"
Root_11563,0.000000,20.603616,7,"0;1;4;6;7;9;12"
Root_11564,89.328304,40.881376,6,"1;4;6;7;9;12"
Root_11565,8.280800,25.933216,6,"0;4;6;7;9;12"
Root_11566,118.392090,45.510976,5,"4;6;7;9;12"
Root_11567,0.000000,19.986336,8,"0;1;2;3;6;7;9;12"
Root_11568,91.766480,40.264096,7,"1;2;3;6;7;9;12"
Root_11569,4.391904,25.315936,7,"0;2;3;6;7;9;12"
Root_11570,119.926938,44.893696,6,"2;3;6;7;9;12"
Root_11571,0.000000,20.912256,7,"0;1;3;6;7;9;12"
Root_11572,90.444240,41.190016,6,"1;3;6;7;9;12"
Root_11573,5.317824,26.241856,6,"0;3;6;7;9;12"
Root_11574,120.243930,45.819616,5,"3;6;7;9;12"
Root_11575,0.000000,21.899904,7,"0;1;2;6;7;9;12"
Root_11576,94.394832,42.177664,6,"1;2;6;7;9;12"
Root_11577,9.255360,27.229504,6,"0;2;6;7;9;12"
Root_11578,126.169818,46.807264,5,"2;6;7;9;12"
Root_11579,0.000000,22.825824,6,"0;1;6;7;9;12"
Root_11580,93.998512,43.103584,5,"1;6;7;9;12"
Root_11581,9.255360,28.155424,5,"0;6;7;9;12"
Root_11582,127.625338,47.733184,4,"6;7;9;12"
Root_11583,0.000000,18.646838,9,"0;1;2;3;4;5;7;9;12"
Root_11584,93.144394,38.924598,8,"1;2;3;4;5;7;9;12"
Root_11585,5.769997,23.976438,8,"0;2;3;4;5;7;9;12"
Root_11586,120.341770,43.554198,7,"2;3;4;5;7;9;12"
Root_11587,0.000000,19.572758,8,"0;1;3;4;5;7;9;12"
Root_11588,90.896234,39.850518,7,"1;3;4;5;7;9;12"
Root_11589,6.401955,24.902358,7,"0;3;4;5;7;9;12"
Root_11590,118.093610,44.480118,6,"3;4;5;7;9;12"
Root_11591,0.000000,20.560406,8,"0;1;2;4;5;7;9;12"
Root_11592,94.021011,40.838166,7,"1;2;4;5;7;9;12"
Root_11593,10.138070,25.890006,7,"0;2;4;5;7;9;12"
Root_11594,122.362454,45.467766,6,"2;4;5;7;9;12"
Root_11595,0.000000,21.486326,7,"0;1;4;5;7;9;12"
Root_11596,92.536938,41.764086,6,"1;4;5;7;9;12"
Root_11597,10.138070,26.815926,6,"0;4;5;7;9;12"
Root_11598,122.892054,46.393686,5,"4;5;7;9;12"
Root_11599,0.000000,20.869046,8,"0;1;2;3;5;7;9;12"
Root_11600,95.093738,41.146806,7,"1;2;3;5;7;9;12"
Root_11601,8.552410,26.198646,7,"0;2;3;5;7;9;12"
Root_11602,124.522934,45.776406,6,"2;3;5;7;9;12"
Root_11603,0.000000,21.794966,7,"0;1;3;5;7;9;12"
Root_11604,93.771498,42.072726,6,"1;3;5;7;9;12"
Root_11605,8.624163,27.124566,6,"0;3;5;7;9;12"
Root_11606,125.052534,46.702326,5,"3;5;7;9;12"
Root_11607,0.000000,22.782614,7,"0;1;2;5;7;9;12"
Root_11608,97.808384,43.060374,6,"1;2;5;7;9;12"
Root_11609,10.138070,28.112214,6,"0;2;5;7;9;12"
Root_11610,132.038765,47.689974,5,"2;5;7;9;12"
Root_11611,0.000000,23.708534,6,"0;1;5;7;9;12"
Root_11612,97.412064,43.986294,5,"1;5;7;9;12"
Root_11613,10.138070,29.038134,5,"0;5;7;9;12"
Root_11614,135.036099,48.615894,4,"5;7;9;12"
Root_11615,0.000000,20.190038,8,"0;1;2;3;4;7;9;12"
Root_11616,99.317194,40.467798,7,"1;2;3;4;7;9;12"
Root_11617,11.681270,25.519638,7,"0;2;3;4;7;9;12"
Root_11618,123.042848,45.097398,6,"2;3;4;7;9;12"
Root_11619,0.000000,21.115958,7,"0;1;3;4;7;9;12"
Root_11620,97.069034,41.393718,6,"1;3;4;7;9;12"
Root_11621,11.681270,26.445558,6,"0;3;4;7;9;12"
Root_11622,122.646528,46.023318,5,"3;4;7;9;12"
Root_11623,0.351670,22.103606,7,"0;1;2;4;7;9;12"
Root_11624,100.031978,42.381366,6,"1;2;4;7;9;12"
Root_11625,13.192035,27.433206,6,"0;2;4;7;9;12"
Root_11626,127.595734,47.010966,5,"2;4;7;9;12"
Root_11627,0.351670,23.029526,6,"0;1;4;7;9;12"
Root_11628,98.709738,43.307286,5,"1;4;7;9;12"
Root_11629,13.192035,28.359126,5,"0;4;7;9;12"
Root_11630,129.051254,47.936886,4,"4;7;9;12"
Root_11631,0.000000,22.412246,7,"0;1;2;3;7;9;12"
Root_11632,101.266538,42.690006,6,"1;2;3;7;9;12"
Root_11633,11.681270,27.741846,6,"0;2;3;7;9;12"
Root_11634,129.756214,47.319606,5,"2;3;7;9;12"
Root_11635,0.000000,23.338166,6,"0;1;3;7;9;12"
Root_11636,99.944298,43.615926,5,"1;3;7;9;12"
Root_11637,11.681270,28.667766,5,"0;3;7;9;12"
Root_11638,131.702787,48.245526,4,"3;7;9;12"
Root_11639,0.407085,24.325814,6,"0;1;2;7;9;12"
Root_11640,103.894890,44.603574,5,"1;2;7;9;12"
Root_11641,13.192035,29.655414,5,"0;2;7;9;12"
Root_11642,140.591619,49.233174,4,"2;7;9;12"
Root_11643,1.333005,25.251734,5,"0;1;7;9;12"
Root_11644,104.557558,45.529494,4,"1;7;9;12"
Root_11645,13.192035,30.581334,4,"0;7;9;12"
Root_11646,144.824899,50.159094,3,"7;9;12"
Root_11647,0.000000,19.245600,9,"0;1;2;3;4;5;6;9;12"
Root_11648,97.576346,39.523360,8,"1;2;3;4;5;6;9;12"
Root_11649,7.540064,24.575200,8,"0;2;3;4;5;6;9;12"
Root_11650,125.366435,44.152960,7,"2;3;4;5;6;9;12"
Root_11651,0.000000,20.171520,8,"0;1;3;4;5;6;9;12"
Root_11652,95.328186,40.449280,7,"1;3;4;5;6;9;12"
Root_11653,8.465984,25.501120,7,"0;3;4;5;6;9;12"
Root_11654,123.276035,45.078880,6,"3;4;5;6;9;12"
Root_11655,0.000000,21.159168,8,"0;1;2;4;5;6;9;12"
Root_11656,98.291130,41.436928,7,"1;2;4;5;6;9;12"
Root_11657,10.844064,26.488768,7,"0;2;4;5;6;9;12"
Root_11658,128.584643,46.066528,6,"2;4;5;6;9;12"
Root_11659,0.000000,22.085088,7,"0;1;4;5;6;9;12"
Root_11660,96.968890,42.362848,6,"1;4;5;6;9;12"
Root_11661,10.844064,27.414688,6,"0;4;5;6;9;12"
Root_11662,129.114243,46.992448,5,"4;5;6;9;12"
Root_11663,0.000000,21.467808,8,"0;1;2;3;5;6;9;12"
Root_11664,99.834330,41.745568,7,"1;2;3;5;6;9;12"
Root_11665,10.235264,26.797408,7,"0;2;3;5;6;9;12"
Root_11666,130.745123,46.375168,6,"2;3;5;6;9;12"
Root_11667,0.000000,22.393728,7,"0;1;3;5;6;9;12"
Root_11668,98.512090,42.671488,6,"1;3;5;6;9;12"
Root_11669,10.235264,27.723328,6,"0;3;5;6;9;12"
Root_11670,131.274723,47.301088,5,"3;5;6;9;12"
Root_11671,0.000000,23.381376,7,"0;1;2;5;6;9;12"
Root_11672,102.833050,43.659136,6,"1;2;5;6;9;12"
Root_11673,10.844064,28.710976,6,"0;2;5;6;9;12"
Root_11674,138.148451,48.288736,5,"2;5;6;9;12"
Root_11675,0.036896,24.307296,6,"0;1;5;6;9;12"
Root_11676,102.436730,44.585056,5,"1;5;6;9;12"
Root_11677,10.844064,29.636896,5,"0;5;6;9;12"
Root_11678,141.455811,49.214656,4,"5;6;9;12"
Root_11679,0.000000,20.788800,8,"0;1;2;3;4;6;9;12"
Root_11680,103.743098,41.066560,7,"1;2;3;4;6;9;12"
Root_11681,12.985974,26.118400,7,"0;2;3;4;6;9;12"
Root_11682,128.666275,45.696160,6,"2;3;4;6;9;12"
Root_11683,0.000000,21.714720,7,"0;1;3;4;6;9;12"
Root_11684,101.494938,41.992480,6,"1;3;4;6;9;12"
Root_11685,12.985974,27.044320,6,"0;3;4;6;9;12"
Root_11686,128.269955,46.622080,5,"3;4;6;9;12"
Root_11687,1.308288,22.702368,7,"0;1;2;4;6;9;12"
Root_11688,104.457882,42.980128,6,"1;2;4;6;9;12"
Root_11689,15.694262,28.031968,6,"0;2;4;6;9;12"
Root_11690,133.208195,47.609728,5,"2;4;6;9;12"
Root_11691,1.308288,23.628288,6,"0;1;4;6;9;12"
Root_11692,103.135642,43.906048,5,"1;4;6;9;12"
Root_11693,15.694262,28.957888,5,"0;4;6;9;12"
Root_11694,135.344739,48.535648,4,"4;6;9;12"
Root_11695,0.000000,23.011008,7,"0;1;2;3;6;9;12"
Root_11696,105.692442,43.288768,6,"1;2;3;6;9;12"
Root_11697,12.985974,28.340608,6,"0;2;3;6;9;12"
Root_11698,135.060035,47.918368,5,"2;3;6;9;12"
Root_11699,0.000000,23.936928,6,"0;1;3;6;9;12"
Root_11700,104.370202,44.214688,5,"1;3;6;9;12"
Root_11701,12.985974,29.266528,5,"0;3;6;9;12"
Root_11702,138.122499,48.844288,4,"3;6;9;12"
Root_11703,1.962464,24.924576,6,"0;1;2;6;9;12"
Root_11704,108.725466,45.202336,5,"1;2;6;9;12"
Root_11705,15.974358,30.254176,5,"0;2;6;9;12"
Root_11706,147.011331,49.831936,4,"2;6;9;12"
Root_11707,2.888384,25.850496,5,"0;1;6;9;12"
Root_11708,110.180986,46.128256,4,"1;6;9;12"
Root_11709,15.694262,31.180096,4,"0;6;9;12"
Root_11710,151.244611,50.757856,3,"6;9;12"
Root_11711,0.000000,21.671510,8,"0;1;2;3;4;5;9;12"
Root_11712,106.107274,41.949270,7,"1;2;3;4;5;9;12"
Root_11713,14.342458,27.001110,7,"0;2;3;4;5;9;12"
Root_11714,132.795872,46.578870,6,"2;3;4;5;9;12"
Root_11715,0.000000,22.597430,7,"0;1;3;4;5;9;12"
Root_11716,103.859114,42.875190,6,"1;3;4;5;9;12"
Root_11717,14.342458,27.927030,6,"0;3;4;5;9;12"
Root_11718,132.904342,47.504790,5,"3;4;5;9;12"
Root_11719,3.073709,23.585078,7,"0;1;2;4;5;9;12"
Root_11720,107.192426,43.862838,6,"1;2;4;5;9;12"
Root_11721,17.799258,28.914678,6,"0;2;4;5;9;12"
Root_11722,140.185475,48.492438,5,"2;4;5;9;12"
Root_11723,3.314307,24.510998,6,"0;1;4;5;9;12"
Root_11724,105.870186,44.788758,5,"1;4;5;9;12"
Root_11725,17.799258,29.840598,5,"0;4;5;9;12"
Root_11726,143.492835,49.418358,4,"4;5;9;12"
Root_11727,0.000000,23.893718,7,"0;1;2;3;5;9;12"
Root_11728,108.735626,44.171478,6,"1;2;3;5;9;12"
Root_11729,14.342458,29.223318,6,"0;2;3;5;9;12"
Root_11730,143.271875,48.801078,5,"2;3;5;9;12"
Root_11731,0.549238,24.819638,6,"0;1;3;5;9;12"
Root_11732,107.608182,45.097398,5,"1;3;5;9;12"
Root_11733,14.342458,30.149238,5,"0;3;5;9;12"
Root_11734,146.579235,49.726998,4,"3;5;9;12"
Root_11735,5.073402,25.807286,6,"0;1;2;5;9;12"
Root_11736,113.904438,46.085046,5,"1;2;5;9;12"
Root_11737,18.799258,31.136886,5,"0;2;5;9;12"
Root_11738,155.838435,50.714646,4,"2;5;9;12"
Root_11739,5.536515,26.733206,5,"0;1;5;9;12"
Root_11740,115.370925,47.010966,4,"1;5;9;12"
Root_11741,17.636451,32.062806,4,"0;5;9;12"
Root_11742,160.712282,51.640566,3,"5;9;12"
Root_11743,3.709315,23.214710,7,"0;1;2;3;4;9;12"
Root_11744,110.218483,43.492470,6,"1;2;3;4;9;12"
Root_11745,20.352483,28.544310,6,"0;2;3;4;9;12"
Root_11746,136.852163,48.122070,5,"2;3;4;9;12"
Root_11747,3.709315,24.140630,6,"0;1;3;4;9;12"
Root_11748,107.970323,44.418390,5,"1;3;4;9;12"
Root_11749,20.352483,29.470230,5,"0;3;4;9;12"
Root_11750,140.159523,49.047990,4,"3;4;9;12"
Root_11751,7.838810,25.128278,6,"0;1;2;4;9;12"
Root_11752,111.745344,45.406038,5,"1;2;4;9;12"
Root_11753,24.270672,30.457878,5,"0;2;4;9;12"
Root_11754,149.048355,50.035638,4,"2;4;9;12"
Root_11755,8.764730,26.054198,5,"0;1;4;9;12"
Root_11756,112.274944,46.331958,4,"1;4;9;12"
Root_11757,23.786874,31.383798,4,"0;4;9;12"
Root_11758,153.281635,50.961558,3,"4;9;12"
Root_11759,4.968272,25.436918,6,"0;1;2;3;9;12"
Root_11760,113.597184,45.714678,5,"1;2;3;9;12"
Root_11761,21.144922,30.766518,5,"0;2;3;9;12"
Root_11762,152.134755,50.344278,4,"2;3;9;12"
Root_11763,5.801754,26.362838,5,"0;1;3;9;12"
Root_11764,114.126784,46.640598,4,"1;3;9;12"
Root_11765,20.352483,31.692438,4,"0;3;9;12"
Root_11766,156.638234,51.270198,3,"3;9;12"
Root_11767,9.376342,27.350486,5,"0;1;2;9;12"
Root_11768,120.680918,47.628246,4,"1;2;9;12"
Root_11769,24.786874,32.680086,4,"0;2;9;12"
Root_11770,167.502362,52.257846,3,"2;9;12"
Root_11771,9.376342,28.276406,4,"0;1;9;12"
Root_11772,124.724858,48.554166,3,"1;9;12"
Root_11773,22.080867,33.606006,3,"0;9;12"
Root_11774,173.587482,53.183766,2,"9;12"
Root_11775,0.000000,14.183904,10,"0;1;2;3;4;5;6;7;8;12"
Root_11776,65.758266,34.461664,9,"1;2;3;4;5;6;7;8;12"
Root_11777,0.000000,19.513504,9,"0;2;3;4;5;6;7;8;12"
Root_11778,92.068986,39.091264,8,"2;3;4;5;6;7;8;12"
Root_11779,0.000000,15.109824,9,"0;1;3;4;5;6;7;8;12"
Root_11780,61.658266,35.387584,8,"1;3;4;5;6;7;8;12"
Root_11781,0.000000,20.439424,8,"0;3;4;5;6;7;8;12"
Root_11782,90.746746,40.017184,7,"3;4;5;6;7;8;12"
Root_11783,0.000000,16.097472,9,"0;1;2;4;5;6;7;8;12"
Root_11784,67.645914,36.375232,8,"1;2;4;5;6;7;8;12"
Root_11785,0.000000,21.427072,8,"0;2;4;5;6;7;8;12"
Root_11786,94.697338,41.004832,7,"2;4;5;6;7;8;12"
Root_11787,0.000000,17.023392,8,"0;1;4;5;6;7;8;12"
Root_11788,64.772986,37.301152,7,"1;4;5;6;7;8;12"
Root_11789,0.000000,22.352992,7,"0;4;5;6;7;8;12"
Root_11790,94.301018,41.930752,6,"4;5;6;7;8;12"
Root_11791,0.000000,16.406112,9,"0;1;2;3;5;6;7;8;12"
Root_11792,63.947066,36.683872,8,"1;2;3;5;6;7;8;12"
Root_11793,0.000000,21.735712,8,"0;2;3;5;6;7;8;12"
Root_11794,96.240538,41.313472,7,"2;3;5;6;7;8;12"
Root_11795,0.000000,17.332032,8,"0;1;3;5;6;7;8;12"
Root_11796,62.308698,37.609792,7,"1;3;5;6;7;8;12"
Root_11797,0.000000,22.661632,7,"0;3;5;6;7;8;12"
Root_11798,95.844218,42.239392,6,"3;5;6;7;8;12"
Root_11799,0.000000,18.319680,8,"0;1;2;5;6;7;8;12"
Root_11800,68.661850,38.597440,7,"1;2;5;6;7;8;12"
Root_11801,0.000000,23.649280,7,"0;2;5;6;7;8;12"
Root_11802,101.035418,43.227040,6,"2;5;6;7;8;12"
Root_11803,0.000000,19.245600,7,"0;1;5;6;7;8;12"
Root_11804,67.862970,39.523360,6,"1;5;6;7;8;12"
Root_11805,0.304800,24.575200,6,"0;5;6;7;8;12"
Root_11806,101.565018,44.152960,5,"5;6;7;8;12"
Root_11807,0.000000,15.727104,9,"0;1;2;3;4;6;7;8;12"
Root_11808,70.985200,36.004864,8,"1;2;3;4;6;7;8;12"
Root_11809,0.000000,21.056704,8,"0;2;3;4;6;7;8;12"
Root_11810,99.784986,40.634464,7,"2;3;4;6;7;8;12"
Root_11811,0.000000,16.653024,8,"0;1;3;4;6;7;8;12"
Root_11812,67.811120,36.930784,7,"1;3;4;6;7;8;12"
Root_11813,0.000000,21.982624,7,"0;3;4;6;7;8;12"
Root_11814,98.462746,41.560384,6,"3;4;6;7;8;12"
Root_11815,0.000000,17.640672,8,"0;1;2;4;6;7;8;12"
Root_11816,73.786416,37.918432,7,"1;2;4;6;7;8;12"
Root_11817,0.625760,22.970272,7,"0;2;4;6;7;8;12"
Root_11818,102.413338,42.548032,6,"2;4;6;7;8;12"
Root_11819,0.000000,18.566592,7,"0;1;4;6;7;8;12"
Root_11820,71.538256,38.844352,6,"1;4;6;7;8;12"
Root_11821,0.625760,23.896192,6,"0;4;6;7;8;12"
Root_11822,102.017018,43.473952,5,"4;6;7;8;12"
Root_11823,0.000000,17.949312,8,"0;1;2;3;6;7;8;12"
Root_11824,71.939408,38.227072,7,"1;2;3;6;7;8;12"
Root_11825,0.000000,23.278912,7,"0;2;3;6;7;8;12"
Root_11826,103.956538,42.856672,6,"2;3;6;7;8;12"
Root_11827,0.000000,18.875232,7,"0;1;3;6;7;8;12"
Root_11828,70.770160,39.152992,6,"1;3;6;7;8;12"
Root_11829,0.000000,24.204832,6,"0;3;6;7;8;12"
Root_11830,103.560218,43.782592,5,"3;6;7;8;12"
Root_11831,0.000000,19.862880,7,"0;1;2;6;7;8;12"
Root_11832,76.567760,40.140640,6,"1;2;6;7;8;12"
Root_11833,1.547840,25.192480,6,"0;2;6;7;8;12"
Root_11834,108.498458,44.770240,5,"2;6;7;8;12"
Root_11835,0.000000,20.788800,6,"0;1;6;7;8;12"
Root_11836,76.238000,41.066560,5,"1;6;7;8;12"
Root_11837,2.473760,26.118400,5,"0;6;7;8;12"
Root_11838,109.724218,45.696160,4,"6;7;8;12"
Root_11839,0.000000,16.609814,9,"0;1;2;3;4;5;7;8;12"
Root_11840,73.923571,36.887574,8,"1;2;3;4;5;7;8;12"
Root_11841,0.000000,21.939414,8,"0;2;3;4;5;7;8;12"
Root_11842,103.031872,41.517174,7,"2;3;4;5;7;8;12"
Root_11843,0.000000,17.535734,8,"0;1;3;4;5;7;8;12"
Root_11844,71.562986,37.813494,7,"1;3;4;5;7;8;12"
Root_11845,0.000000,22.865334,7,"0;3;4;5;7;8;12"
Root_11846,101.709632,42.443094,6,"3;4;5;7;8;12"
Root_11847,0.000000,18.523382,8,"0;1;2;4;5;7;8;12"
Root_11848,76.724787,38.801142,7,"1;2;4;5;7;8;12"
Root_11849,1.508470,23.852982,7,"0;2;4;5;7;8;12"
Root_11850,106.030592,43.430742,6,"2;4;5;7;8;12"
Root_11851,0.000000,19.449302,7,"0;1;4;5;7;8;12"
Root_11852,75.203690,39.727062,6,"1;4;5;7;8;12"
Root_11853,2.016973,24.778902,6,"0;4;5;7;8;12"
Root_11854,105.634272,44.356662,5,"4;5;7;8;12"
Root_11855,0.000000,18.832022,8,"0;1;2;3;5;7;8;12"
Root_11856,75.870272,39.109782,7,"1;2;3;5;7;8;12"
Root_11857,0.000000,24.161622,7,"0;2;3;5;7;8;12"
Root_11858,107.882432,43.739382,6,"2;3;5;7;8;12"
Root_11859,0.000000,19.757942,7,"0;1;3;5;7;8;12"
Root_11860,75.473952,40.035702,6,"1;3;5;7;8;12"
Root_11861,0.817142,25.087542,6,"0;3;5;7;8;12"
Root_11862,107.486112,44.665302,5,"3;5;7;8;12"
Root_11863,0.000000,20.745590,7,"0;1;2;5;7;8;12"
Root_11864,80.412192,41.023350,6,"1;2;5;7;8;12"
Root_11865,4.043971,26.075190,6,"0;2;5;7;8;12"
Root_11866,113.447670,45.652950,5,"2;5;7;8;12"
Root_11867,0.000000,21.671510,6,"0;1;5;7;8;12"
Root_11868,80.941792,41.949270,5,"1;5;7;8;12"
Root_11869,4.239181,27.001110,5,"0;5;7;8;12"
Root_11870,114.903190,46.578870,4,"5;7;8;12"
Root_11871,0.000000,18.153014,8,"0;1;2;3;4;7;8;12"
Root_11872,81.527146,38.430774,7,"1;2;3;4;7;8;12"
Root_11873,1.138102,23.482614,7,"0;2;3;4;7;8;12"
Root_11874,109.118378,43.060374,6,"2;3;4;7;8;12"
Root_11875,0.000000,19.078934,7,"0;1;3;4;7;8;12"
Root_11876,79.635680,39.356694,6,"1;3;4;7;8;12"
Root_11877,1.276237,24.408534,6,"0;3;4;7;8;12"
Root_11878,107.796138,43.986294,5,"3;4;7;8;12"
Root_11879,0.000000,20.066582,7,"0;1;2;4;7;8;12"
Root_11880,84.241930,40.344342,6,"1;2;4;7;8;12"
Root_11881,5.503066,25.396182,6,"0;2;4;7;8;12"
Root_11882,111.746730,44.973942,5,"2;4;7;8;12"
Root_11883,0.000000,20.992502,6,"0;1;4;7;8;12"
Root_11884,83.189952,41.270262,5,"1;4;7;8;12"
Root_11885,6.377283,26.322102,5,"0;4;7;8;12"
Root_11886,112.250272,45.899862,4,"4;7;8;12"
Root_11887,0.000000,20.375222,7,"0;1;2;3;7;8;12"
Root_11888,85.129472,40.652982,6,"1;2;3;7;8;12"
Root_11889,2.932867,25.704822,6,"0;2;3;7;8;12"
Root_11890,113.572512,45.282582,5,"2;3;7;8;12"
Root_11891,0.000000,21.301142,6,"0;1;3;7;8;12"
Root_11892,84.733152,41.578902,5,"1;3;7;8;12"
Root_11893,3.498445,26.630742,5,"0;3;7;8;12"
Root_11894,114.102112,46.208502,4,"3;7;8;12"
Root_11895,0.000000,22.288790,6,"0;1;2;7;8;12"
Root_11896,89.671392,42.566550,5,"1;2;7;8;12"
Root_11897,7.051670,27.618390,5,"0;2;7;8;12"
Root_11898,120.224150,47.196150,4,"2;7;8;12"
Root_11899,0.000000,23.214710,5,"0;1;7;8;12"
Root_11900,90.200992,43.492470,4,"1;7;8;12"
Root_11901,7.051670,28.544310,4,"0;7;8;12"
Root_11902,122.849731,48.122070,3,"7;8;12"
Root_11903,0.000000,17.208576,9,"0;1;2;3;4;5;6;8;12"
Root_11904,77.996186,37.486336,8,"1;2;3;4;5;6;8;12"
Root_11905,0.193664,22.538176,8,"0;2;3;4;5;6;8;12"
Root_11906,108.223203,42.115936,7,"2;3;4;5;6;8;12"
Root_11907,0.000000,18.134496,8,"0;1;3;4;5;6;8;12"
Root_11908,75.748026,38.412256,7,"1;3;4;5;6;8;12"
Root_11909,0.193664,23.464096,7,"0;3;4;5;6;8;12"
Root_11910,106.900963,43.041856,6,"3;4;5;6;8;12"
Root_11911,0.000000,19.122144,8,"0;1;2;4;5;6;8;12"
Root_11912,80.710970,39.399904,7,"1;2;4;5;6;8;12"
Root_11913,2.618048,24.451744,7,"0;2;4;5;6;8;12"
Root_11914,111.221923,44.029504,6,"2;4;5;6;8;12"
Root_11915,0.000000,20.048064,7,"0;1;4;5;6;8;12"
Root_11916,79.388730,40.325824,6,"1;4;5;6;8;12"
Root_11917,3.543968,25.377664,6,"0;4;5;6;8;12"
Root_11918,110.825603,44.955424,5,"4;5;6;8;12"
Root_11919,0.000000,19.430784,8,"0;1;2;3;5;6;8;12"
Root_11920,80.654074,39.708544,7,"1;2;3;5;6;8;12"
Root_11921,0.683648,24.760384,7,"0;2;3;5;6;8;12"
Root_11922,113.073763,44.338144,6,"2;3;5;6;8;12"
Root_11923,0.000000,20.356704,7,"0;1;3;5;6;8;12"
Root_11924,80.257754,40.634464,6,"1;3;5;6;8;12"
Root_11925,1.609568,25.686304,6,"0;3;5;6;8;12"
Root_11926,112.941507,45.264064,5,"3;5;6;8;12"
Root_11927,0.000000,21.344352,7,"0;1;2;5;6;8;12"
Root_11928,85.195994,41.622112,6,"1;2;5;6;8;12"
Root_11929,5.436704,26.673952,6,"0;2;5;6;8;12"
Root_11930,119.237763,46.251712,5,"2;5;6;8;12"
Root_11931,0.000000,22.270272,6,"0;1;5;6;8;12"
Root_11932,85.725594,42.548032,5,"1;5;6;8;12"
Root_11933,5.436704,27.599872,5,"0;5;6;8;12"
Root_11934,120.693283,47.177632,4,"5;6;8;12"
Root_11935,0.000000,18.751776,8,"0;1;2;3;4;6;8;12"
Root_11936,85.550490,39.029536,7,"1;2;3;4;6;8;12"
Root_11937,2.722838,24.081376,7,"0;2;3;4;6;8;12"
Root_11938,113.710947,43.659136,6,"2;3;4;6;8;12"
Root_11939,0.000000,19.677696,7,"0;1;3;4;6;8;12"
Root_11940,84.228250,39.955456,6,"1;3;4;6;8;12"
Root_11941,3.459734,25.007296,6,"0;3;4;6;8;12"
Root_11942,112.388707,44.585056,5,"3;4;6;8;12"
Root_11943,0.000000,20.665344,7,"0;1;2;4;6;8;12"
Root_11944,88.235738,40.943104,6,"1;2;4;6;8;12"
Root_11945,8.636406,25.994944,6,"0;2;4;6;8;12"
Root_11946,116.912003,45.572704,5,"2;4;6;8;12"
Root_11947,0.000000,21.591264,6,"0;1;4;6;8;12"
Root_11948,87.782522,41.869024,5,"1;4;6;8;12"
Root_11949,8.636406,26.920864,5,"0;4;6;8;12"
Root_11950,117.441603,46.498624,4,"4;6;8;12"
Root_11951,0.000000,20.973984,7,"0;1;2;3;6;8;12"
Root_11952,89.722042,41.251744,6,"1;2;3;6;8;12"
Root_11953,5.681942,26.303584,6,"0;2;3;6;8;12"
Root_11954,118.763843,45.881344,5,"2;3;6;8;12"
Root_11955,0.000000,21.899904,6,"0;1;3;6;8;12"
Root_11956,89.325722,42.177664,5,"1;3;6;8;12"
Root_11957,5.681942,27.229504,5,"0;3;6;8;12"
Root_11958,119.293443,46.807264,4,"3;6;8;12"
Root_11959,0.000000,22.887552,6,"0;1;2;6;8;12"
Root_11960,94.263962,43.165312,5,"1;2;6;8;12"
Root_11961,8.636406,28.217152,5,"0;2;6;8;12"
Root_11962,125.219331,47.794912,4,"2;6;8;12"
Root_11963,0.000000,23.813472,5,"0;1;6;8;12"
Root_11964,94.793562,44.091232,4,"1;6;8;12"
Root_11965,8.636406,29.143072,4,"0;6;8;12"
Root_11966,128.837347,48.720832,3,"6;8;12"
Root_11967,0.000000,19.634486,8,"0;1;2;3;4;5;8;12"
Root_11968,89.167744,39.912246,7,"1;2;3;4;5;8;12"
Root_11969,5.850960,24.964086,7,"0;2;3;4;5;8;12"
Root_11970,116.957834,44.541846,6,"2;3;4;5;8;12"
Root_11971,0.000000,20.560406,7,"0;1;3;4;5;8;12"
Root_11972,87.845504,40.838166,6,"1;3;4;5;8;12"
Root_11973,6.776880,25.890006,6,"0;3;4;5;8;12"
Root_11974,116.103360,45.467766,5,"3;4;5;8;12"
Root_11975,0.000000,21.548054,7,"0;1;2;4;5;8;12"
Root_11976,91.796096,41.825814,6,"1;2;4;5;8;12"
Root_11977,9.695885,26.877654,6,"0;2;4;5;8;12"
Root_11978,121.411968,46.455414,5,"2;4;5;8;12"
Root_11979,0.000000,22.473974,6,"0;1;4;5;8;12"
Root_11980,91.399776,42.751734,5,"1;4;5;8;12"
Root_11981,9.695885,27.803574,5,"0;4;5;8;12"
Root_11982,122.322902,47.381334,4,"4;5;8;12"
Root_11983,0.000000,21.856694,7,"0;1;2;3;5;8;12"
Root_11984,93.647936,42.134454,6,"1;2;3;5;8;12"
Root_11985,8.157274,27.186294,6,"0;2;3;5;8;12"
Root_11986,123.572448,46.764054,5,"2;3;5;8;12"
Root_11987,0.000000,22.782614,6,"0;1;3;5;8;12"
Root_11988,93.251616,43.060374,5,"1;3;5;8;12"
Root_11989,8.157274,28.112214,5,"0;3;5;8;12"
Root_11990,124.792022,47.689974,4,"3;5;8;12"
Root_11991,0.000000,23.770262,6,"0;1;2;5;8;12"
Root_11992,98.560224,44.048022,5,"1;2;5;8;12"
Root_11993,9.695885,29.099862,5,"0;2;5;8;12"
Root_11994,133.431171,48.677622,4,"2;5;8;12"
Root_11995,0.425782,24.696182,5,"0;1;5;8;12"
Root_11996,99.089824,44.973942,4,"1;5;8;12"
Root_11997,9.695885,30.025782,4,"0;5;8;12"
Root_11998,137.664451,49.603542,3,"5;8;12"
Root_11999,0.000000,21.177686,7,"0;1;2;3;4;8;12"
Root_12000,96.488810,41.455446,6,"1;2;3;4;8;12"
Root_12001,12.782285,26.507286,6,"0;2;3;4;8;12"
Root_12002,121.104714,46.085046,5,"2;3;4;8;12"
Root_12003,0.000000,22.103606,6,"0;1;3;4;8;12"
Root_12004,95.166570,42.381366,5,"1;3;4;8;12"
Root_12005,12.782285,27.433206,5,"0;3;4;8;12"
Root_12006,120.719360,47.010966,4,"3;4;8;12"
Root_12007,0.746742,23.091254,6,"0;1;2;4;8;12"
Root_12008,99.117162,43.369014,5,"1;2;4;8;12"
Root_12009,14.229027,28.420854,5,"0;2;4;8;12"
Root_12010,126.645248,47.998614,4,"2;4;8;12"
Root_12011,0.746742,24.017174,5,"0;1;4;8;12"
Root_12012,98.720842,44.294934,4,"1;4;8;12"
Root_12013,14.229027,29.346774,4,"0;4;8;12"
Root_12014,130.874371,48.924534,3,"4;8;12"
Root_12015,0.000000,23.399894,6,"0;1;2;3;8;12"
Root_12016,100.660362,43.677654,5,"1;2;3;8;12"
Root_12017,12.782285,28.729494,5,"0;2;3;8;12"
Root_12018,129.727491,48.307254,4,"2;3;8;12"
Root_12019,0.055414,24.325814,5,"0;1;3;8;12"
Root_12020,100.264042,44.603574,4,"1;3;8;12"
Root_12021,12.782285,29.655414,4,"0;3;8;12"
Root_12022,133.960771,49.233174,3,"3;8;12"
Root_12023,1.789805,25.313462,5,"0;1;2;8;12"
Root_12024,105.793504,45.591222,4,"1;2;8;12"
Root_12025,14.898010,30.643062,4,"0;2;8;12"
Root_12026,143.837251,50.220822,3,"2;8;12"
Root_12027,2.715725,26.239382,4,"0;1;8;12"
Root_12028,107.249024,46.517142,3,"1;8;12"
Root_12029,14.229027,31.568982,3,"0;8;12"
Root_12030,149.143194,51.146742,2,"8;12"
Root_12031,0.000000,18.813504,9,"0;1;2;3;4;5;6;7;12"
Root_12032,86.068986,39.091264,8,"1;2;3;4;5;6;7;12"
Root_12033,1.819424,24.143104,8,"0;2;3;4;5;6;7;12"
Root_12034,118.062627,43.720864,7,"2;3;4;5;6;7;12"
Root_12035,0.000000,19.739424,8,"0;1;3;4;5;6;7;12"
Root_12036,84.746746,40.017184,7,"1;3;4;5;6;7;12"
Root_12037,2.618048,25.069024,7,"0;3;4;5;6;7;12"
Root_12038,116.740387,44.646784,6,"3;4;5;6;7;12"
Root_12039,0.000000,20.727072,8,"0;1;2;4;5;6;7;12"
Root_12040,88.697338,41.004832,7,"1;2;4;5;6;7;12"
Root_12041,7.712160,26.056672,7,"0;2;4;5;6;7;12"
Root_12042,122.330211,45.634432,6,"2;4;5;6;7;12"
Root_12043,0.000000,21.652992,7,"0;1;4;5;6;7;12"
Root_12044,88.301018,41.930752,6,"1;4;5;6;7;12"
Root_12045,7.712160,26.982592,6,"0;4;5;6;7;12"
Root_12046,123.785731,46.560352,5,"4;5;6;7;12"
Root_12047,0.000000,21.035712,8,"0;1;2;3;5;6;7;12"
Root_12048,90.240538,41.313472,7,"1;2;3;5;6;7;12"
Root_12049,4.819424,26.365312,7,"0;2;3;5;6;7;12"
Root_12050,124.799331,45.943072,6,"2;3;5;6;7;12"
Root_12051,0.000000,21.961632,7,"0;1;3;5;6;7;12"
Root_12052,89.844218,42.239392,6,"1;3;5;6;7;12"
Root_12053,4.819424,27.291232,6,"0;3;5;6;7;12"
Root_12054,126.254851,46.868992,5,"3;5;6;7;12"
Root_12055,0.000000,22.949280,7,"0;1;2;5;6;7;12"
Root_12056,95.035418,43.227040,6,"1;2;5;6;7;12"
Root_12057,7.712160,28.278880,6,"0;2;5;6;7;12"
Root_12058,133.538755,47.856640,5,"2;5;6;7;12"
Root_12059,0.000000,23.875200,6,"0;1;5;6;7;12"
Root_12060,95.565018,44.152960,5,"1;5;6;7;12"
Root_12061,7.712160,29.204800,5,"0;5;6;7;12"
Root_12062,136.702755,48.782560,4,"5;6;7;12"
Root_12063,0.000000,20.356704,8,"0;1;2;3;4;6;7;12"
Root_12064,93.784986,40.634464,7,"1;2;3;4;6;7;12"
Root_12065,7.918912,25.686304,7,"0;2;3;4;6;7;12"
Root_12066,122.473571,45.264064,6,"2;3;4;6;7;12"
Root_12067,0.000000,21.282624,7,"0;1;3;4;6;7;12"
Root_12068,92.462746,41.560384,6,"1;3;4;6;7;12"
Root_12069,8.503008,26.612224,6,"0;3;4;6;7;12"
Root_12070,123.003171,46.189984,5,"3;4;6;7;12"
Root_12071,0.000000,22.270272,7,"0;1;2;4;6;7;12"
Root_12072,96.413338,42.548032,6,"1;2;4;6;7;12"
Root_12073,9.881120,27.599872,6,"0;2;4;6;7;12"
Root_12074,128.929059,47.177632,5,"2;4;6;7;12"
Root_12075,0.000000,23.196192,6,"0;1;4;6;7;12"
Root_12076,96.017018,43.473952,5,"1;4;6;7;12"
Root_12077,9.881120,28.525792,5,"0;4;6;7;12"
Root_12078,130.591683,48.103552,4,"4;6;7;12"
Root_12079,0.000000,22.578912,7,"0;1;2;3;6;7;12"
Root_12080,97.956538,42.856672,6,"1;2;3;6;7;12"
Root_12081,8.597152,27.908512,6,"0;2;3;6;7;12"
Root_12082,131.089539,47.486272,5,"2;3;6;7;12"
Root_12083,0.000000,23.504832,6,"0;1;3;6;7;12"
Root_12084,97.560218,43.782592,5,"1;3;6;7;12"
Root_12085,8.597152,28.834432,5,"0;3;6;7;12"
Root_12086,133.369443,48.412192,4,"3;6;7;12"
Root_12087,0.222080,24.492480,6,"0;1;2;6;7;12"
Root_12088,102.498458,44.770240,5,"1;2;6;7;12"
Root_12089,9.881120,29.822080,5,"0;2;6;7;12"
Root_12090,142.258275,49.399840,4,"2;6;7;12"
Root_12091,1.148000,25.418400,5,"0;1;6;7;12"
Root_12092,104.420378,45.696160,4,"1;6;7;12"
Root_12093,9.881120,30.748000,4,"0;6;7;12"
Root_12094,146.491555,50.325760,3,"6;7;12"
Root_12095,0.000000,21.239414,8,"0;1;2;3;4;5;7;12"
Root_12096,97.031872,41.517174,7,"1;2;3;4;5;7;12"
Root_12097,10.138070,26.569014,7,"0;2;3;4;5;7;12"
Root_12098,127.485878,46.146774,6,"2;3;4;5;7;12"
Root_12099,0.000000,22.165334,7,"0;1;3;4;5;7;12"
Root_12100,95.709632,42.443094,6,"1;3;4;5;7;12"
Root_12101,10.138070,27.494934,6,"0;3;4;5;7;12"
Root_12102,128.088173,47.072694,5,"3;4;5;7;12"
Root_12103,0.808470,23.152982,7,"0;1;2;4;5;7;12"
Root_12104,100.030592,43.430742,6,"1;2;4;5;7;12"
Root_12105,11.646541,28.482582,6,"0;2;4;5;7;12"
Root_12106,135.432419,48.060342,5,"2;4;5;7;12"
Root_12107,0.808470,24.078902,6,"0;1;4;5;7;12"
Root_12108,99.634272,44.356662,5,"1;4;5;7;12"
Root_12109,11.646541,29.408502,5,"0;4;5;7;12"
Root_12110,138.739779,48.986262,4,"4;5;7;12"
Root_12111,0.000000,23.461622,7,"0;1;2;3;5;7;12"
Root_12112,101.882432,43.739382,6,"1;2;3;5;7;12"
Root_12113,10.138070,28.791222,6,"0;2;3;5;7;12"
Root_12114,138.518819,48.368982,5,"2;3;5;7;12"
Root_12115,0.117142,24.387542,6,"0;1;3;5;7;12"
Root_12116,101.486112,44.665302,5,"1;3;5;7;12"
Root_12117,10.138070,29.717142,5,"0;3;5;7;12"
Root_12118,141.826179,49.294902,4,"3;5;7;12"
Root_12119,1.943971,25.375190,6,"0;1;2;5;7;12"
Root_12120,108.100621,45.652950,5,"1;2;5;7;12"
Root_12121,12.377251,30.704790,5,"0;2;5;7;12"
Root_12122,151.085379,50.282550,4,"2;5;7;12"
Root_12123,2.839181,26.301110,5,"0;1;5;7;12"
Root_12124,110.482061,46.578870,4,"1;5;7;12"
Root_12125,11.646541,31.630710,4,"0;5;7;12"
Root_12126,155.527130,51.208470,3,"5;7;12"
Root_12127,0.438102,22.782614,7,"0;1;2;3;4;7;12"
Root_12128,103.118378,43.060374,6,"1;2;3;4;7;12"
Root_12129,12.819373,28.112214,6,"0;2;3;4;7;12"
Root_12130,132.719158,47.689974,5,"2;3;4;7;12"
Root_12131,0.438102,23.708534,6,"0;1;3;4;7;12"
Root_12132,101.796138,43.986294,5,"1;3;4;7;12"
Root_12133,12.819373,29.038134,5,"0;3;4;7;12"
Root_12134,135.406467,48.615894,4,"3;4;7;12"
Root_12135,3.351363,24.696182,6,"0;1;2;4;7;12"
Root_12136,105.746730,44.973942,5,"1;2;4;7;12"
Root_12137,16.058554,30.025782,5,"0;2;4;7;12"
Root_12138,144.295299,49.603542,4,"2;4;7;12"
Root_12139,4.277283,25.622102,5,"0;1;4;7;12"
Root_12140,107.150134,45.899862,4,"1;4;7;12"
Root_12141,16.006851,30.951702,4,"0;4;7;12"
Root_12142,148.528579,50.529462,3,"4;7;12"
Root_12143,1.172525,25.004822,6,"0;1;2;3;7;12"
Root_12144,107.855094,45.282582,5,"1;2;3;7;12"
Root_12145,13.179715,30.334422,5,"0;2;3;7;12"
Root_12146,147.381699,49.912182,4,"2;3;7;12"
Root_12147,2.098445,25.930742,5,"0;1;3;7;12"
Root_12148,109.310614,46.208502,4,"1;3;7;12"
Root_12149,12.819373,31.260342,4,"0;3;7;12"
Root_12150,151.614979,50.838102,3,"3;7;12"
Root_12151,5.925581,26.918390,5,"0;1;2;7;12"
Root_12152,116.420301,47.196150,4,"1;2;7;12"
Root_12153,17.006851,32.247990,4,"0;2;7;12"
Root_12154,162.317210,51.825750,3,"2;7;12"
Root_12155,5.925581,27.844310,4,"0;1;7;12"
Root_12156,119.971802,48.122070,3,"1;7;12"
Root_12157,14.732941,33.173910,3,"0;7;12"
Root_12158,168.402330,52.751670,2,"7;12"
Root_12159,0.000000,21.838176,8,"0;1;2;3;4;5;6;12"
Root_12160,102.223203,42.115936,7,"1;2;3;4;5;6;12"
Root_12161,10.930496,27.167776,7,"0;2;3;4;5;6;12"
Root_12162,133.874733,46.745536,6,"2;3;4;5;6;12"
Root_12163,0.000000,22.764096,7,"0;1;3;4;5;6;12"
Root_12164,100.900963,43.041856,6,"1;3;4;5;6;12"
Root_12165,10.930496,28.093696,6,"0;3;4;5;6;12"
Root_12166,134.404333,47.671456,5,"3;4;5;6;12"
Root_12167,1.407232,23.751744,7,"0;1;2;4;5;6;12"
Root_12168,105.221923,44.029504,6,"1;2;4;5;6;12"
Root_12169,13.173536,29.081344,6,"0;2;4;5;6;12"
Root_12170,142.018797,48.659104,5,"2;4;5;6;12"
Root_12171,1.814496,24.677664,6,"0;1;4;5;6;12"
Root_12172,104.825603,44.955424,5,"1;4;5;6;12"
Root_12173,13.173536,30.007264,5,"0;4;5;6;12"
Root_12174,145.326157,49.585024,4,"4;5;6;12"
Root_12175,0.000000,24.060384,7,"0;1;2;3;5;6;12"
Root_12176,107.073763,44.338144,6,"1;2;3;5;6;12"
Root_12177,10.930496,29.389984,6,"0;2;3;5;6;12"
Root_12178,145.105197,48.967744,5,"2;3;5;6;12"
Root_12179,0.715904,24.986304,6,"0;1;3;5;6;12"
Root_12180,107.205571,45.264064,5,"1;3;5;6;12"
Root_12181,10.930496,30.315904,5,"0;3;5;6;12"
Root_12182,148.412557,49.893664,4,"3;5;6;12"
Root_12183,3.740256,25.973952,6,"0;1;2;5;6;12"
Root_12184,114.489475,46.251712,5,"1;2;5;6;12"
Root_12185,14.173536,31.303552,5,"0;2;5;6;12"
Root_12186,157.671757,50.881312,4,"2;5;6;12"
Root_12187,4.036704,26.899872,5,"0;1;5;6;12"
Root_12188,116.870915,47.177632,4,"1;5;6;12"
Root_12189,12.844064,32.229472,4,"0;5;6;12"
Root_12190,162.712269,51.807232,3,"5;6;12"
Root_12191,1.036864,23.381376,7,"0;1;2;3;4;6;12"
Root_12192,107.710947,43.659136,6,"1;2;3;4;6;12"
Root_12193,14.722838,28.710976,6,"0;2;3;4;6;12"
Root_12194,138.685485,48.288736,5,"2;3;4;6;12"
Root_12195,1.073760,24.307296,6,"0;1;3;4;6;12"
Root_12196,106.388707,44.585056,5,"1;3;4;6;12"
Root_12197,14.722838,29.636896,5,"0;3;4;6;12"
Root_12198,141.992845,49.214656,4,"3;4;6;12"
Root_12199,5.147648,25.294944,6,"0;1;2;4;6;12"
Root_12200,111.484707,45.572704,5,"1;2;4;6;12"
Root_12201,19.159542,30.624544,5,"0;2;4;6;12"
Root_12202,150.881677,50.202304,4,"2;4;6;12"
Root_12203,6.073568,26.220864,5,"0;1;4;6;12"
Root_12204,112.940227,46.498624,4,"1;4;6;12"
Root_12205,18.509078,31.550464,4,"0;4;6;12"
Root_12206,155.243181,51.128224,3,"4;6;12"
Root_12207,2.629152,25.603584,6,"0;1;2;3;6;12"
Root_12208,113.645187,45.881344,5,"1;2;3;6;12"
Root_12209,15.681942,30.933184,5,"0;2;3;6;12"
Root_12210,153.968077,50.510944,4,"2;3;6;12"
Root_12211,3.295968,26.529504,5,"0;1;3;6;12"
Root_12212,115.100707,46.807264,4,"1;3;6;12"
Root_12213,14.722838,31.859104,4,"0;3;6;12"
Root_12214,158.638221,51.436864,3,"3;6;12"
Root_12215,6.950432,27.517152,5,"0;1;2;6;12"
Root_12216,122.014243,47.794912,4,"1;2;6;12"
Root_12217,19.509078,32.846752,4,"0;2;6;12"
Root_12218,169.502349,52.424512,3,"2;6;12"
Root_12219,6.950432,28.443072,4,"0;1;6;12"
Root_12220,126.558179,48.720832,3,"1;6;12"
Root_12221,16.636406,33.772672,3,"0;6;12"
Root_12222,175.587469,53.350432,2,"6;12"
Root_12223,2.061389,24.264086,7,"0;1;2;3;4;5;12"
Root_12224,110.957834,44.541846,6,"1;2;3;4;5;12"
Root_12225,17.157274,29.593686,6,"0;2;3;4;5;12"
Root_12226,147.345923,49.171446,5,"2;3;4;5;12"
Root_12227,2.980995,25.190006,6,"0;1;3;4;5;12"
Root_12228,110.571126,45.467766,5,"1;3;4;5;12"
Root_12229,17.157274,30.519606,5,"0;3;4;5;12"
Root_12230,150.653283,50.097366,4,"3;4;5;12"
Root_12231,7.833142,26.177654,6,"0;1;2;4;5;12"
Root_12232,116.867382,46.455414,5,"1;2;4;5;12"
Root_12233,21.984442,31.507254,5,"0;2;4;5;12"
Root_12234,159.997498,51.085014,4,"2;4;5;12"
Root_12235,7.833142,27.103574,5,"0;1;4;5;12"
Root_12236,118.704237,47.381334,4,"1;4;5;12"
Root_12237,20.451267,32.433174,4,"0;4;5;12"
Root_12238,165.156698,52.010934,3,"4;5;12"
Root_12239,5.061389,26.486294,6,"0;1;2;3;5;12"
Root_12240,119.336502,46.764054,5,"1;2;3;5;12"
Root_12241,18.157274,31.815894,5,"0;2;3;5;12"
Root_12242,163.701178,51.393654,4,"2;3;5;12"
Root_12243,5.061389,27.412214,5,"0;1;3;5;12"
Root_12244,121.481997,47.689974,4,"1;3;5;12"
Root_12245,16.315459,32.741814,4,"0;3;5;12"
Root_12246,168.860378,52.319574,3,"3;5;12"
Root_12247,7.833142,28.399862,5,"0;1;2;5;12"
Root_12248,131.108794,48.677622,4,"1;2;5;12"
Root_12249,21.451267,33.729462,4,"0;2;5;12"
Root_12250,180.094874,53.307222,3,"2;5;12"
Root_12251,7.833142,29.325782,4,"0;1;5;12"
Root_12252,136.267994,49.603542,3,"1;5;12"
Root_12253,17.695885,34.655382,3,"0;5;12"
Root_12254,186.179994,54.233142,2,"5;12"
Root_12255,8.523824,25.807286,6,"0;1;2;3;4;12"
Root_12256,116.189760,46.085046,5,"1;2;3;4;12"
Root_12257,24.330106,31.136886,5,"0;2;3;4;12"
Root_12258,156.208803,50.714646,4,"2;3;4;12"
Root_12259,8.839117,26.733206,5,"0;1;3;4;12"
Root_12260,116.730326,47.010966,4,"1;3;4;12"
Root_12261,23.167299,32.062806,4,"0;3;4;12"
Root_12262,161.082650,51.640566,3,"3;4;12"
Root_12263,10.123085,27.720854,5,"0;1;2;4;12"
Root_12264,123.643862,47.998614,4,"1;2;4;12"
Root_12265,28.157242,33.050454,4,"0;2;4;12"
Root_12266,171.946778,52.628214,3,"2;4;12"
Root_12267,10.123085,28.646774,4,"0;1;4;12"
Root_12268,128.798906,48.924534,3,"1;4;12"
Root_12269,25.080867,33.976374,3,"0;4;12"
Root_12270,178.031898,53.554134,2,"4;12"
Root_12271,8.839117,28.029494,5,"0;1;2;3;12"
Root_12272,127.034746,48.307254,4,"1;2;3;12"
Root_12273,24.167299,33.359094,4,"0;2;3;12"
Root_12274,175.650458,52.936854,3,"2;3;12"
Root_12275,8.839117,28.955414,4,"0;1;3;12"
Root_12276,132.193946,49.233174,3,"1;3;12"
Root_12277,20.782285,34.285014,3,"0;3;12"
Root_12278,181.735578,53.862774,2,"3;12"
Root_12279,10.123085,29.943062,4,"0;1;2;12"
Root_12280,143.058074,50.220822,3,"1;2;12"
Root_12281,26.080867,35.272662,3,"0;2;12"
Root_12282,193.587354,54.850422,2,"2;12"
Root_12283,10.123085,30.868982,3,"0;1;12"
Root_12284,149.143194,51.146742,2,"1;12"
Root_12285,22.378032,36.198582,2,"0;12"
Root_12286,200.598394,55.776342,1,"12"
Root_12287,0.000000,13.443168,12,"0;1;2;3;4;5;6;7;8;9;10;11"
Root_12288,59.697466,33.720928,11,"1;2;3;4;5;6;7;8;9;10;11"
Root_12289,0.000000,18.772768,11,"0;2;3;4;5;6;7;8;9;10;11"
Root_12290,96.233018,38.350528,10,"2;3;4;5;6;7;8;9;10;11"
Root_12291,0.000000,14.369088,11,"0;1;3;4;5;6;7;8;9;10;11"
Root_12292,57.576538,34.646848,10,"1;3;4;5;6;7;8;9;10;11"
Root_12293,0.000000,19.698688,10,"0;3;4;5;6;7;8;9;10;11"
Root_12294,94.684858,39.276448,9,"3;4;5;6;7;8;9;10;11"
Root_12295,0.000000,15.356736,11,"0;1;2;4;5;6;7;8;9;10;11"
Root_12296,65.438170,35.634496,10,"1;2;4;5;6;7;8;9;10;11"
Root_12297,0.000000,20.686336,10,"0;2;4;5;6;7;8;9;10;11"
Root_12298,99.371354,40.264096,9,"2;4;5;6;7;8;9;10;11"
Root_12299,0.000000,16.282656,10,"0;1;4;5;6;7;8;9;10;11"
Root_12300,62.964090,36.560416,9,"1;4;5;6;7;8;9;10;11"
Root_12301,0.000000,21.612256,9,"0;4;5;6;7;8;9;10;11"
Root_12302,98.013210,41.190016,8,"4;5;6;7;8;9;10;11"
Root_12303,0.000000,15.665376,11,"0;1;2;3;5;6;7;8;9;10;11"
Root_12304,61.364090,35.943136,10,"1;2;3;5;6;7;8;9;10;11"
Root_12305,0.000000,20.994976,10,"0;2;3;5;6;7;8;9;10;11"
Root_12306,100.287162,40.572736,9,"2;3;5;6;7;8;9;10;11"
Root_12307,0.000000,16.591296,10,"0;1;3;5;6;7;8;9;10;11"
Root_12308,59.759066,36.869056,9,"1;3;5;6;7;8;9;10;11"
Root_12309,0.000000,21.920896,9,"0;3;5;6;7;8;9;10;11"
Root_12310,99.664922,41.498656,8,"3;5;6;7;8;9;10;11"
Root_12311,0.000000,17.578944,10,"0;1;2;5;6;7;8;9;10;11"
Root_12312,67.709658,37.856704,9,"1;2;5;6;7;8;9;10;11"
Root_12313,0.000000,22.908544,9,"0;2;5;6;7;8;9;10;11"
Root_12314,104.603162,42.486304,8,"2;5;6;7;8;9;10;11"
Root_12315,0.000000,18.504864,9,"0;1;5;6;7;8;9;10;11"
Root_12316,67.087418,38.782624,8,"1;5;6;7;8;9;10;11"
Root_12317,0.000000,23.834464,8,"0;5;6;7;8;9;10;11"
Root_12318,104.906842,43.412224,7,"5;6;7;8;9;10;11"
Root_12319,0.000000,14.986368,11,"0;1;2;3;4;6;7;8;9;10;11"
Root_12320,68.509670,35.264128,10,"1;2;3;4;6;7;8;9;10;11"
Root_12321,0.000000,20.315968,10,"0;2;3;4;6;7;8;9;10;11"
Root_12322,103.949018,39.893728,9,"2;3;4;6;7;8;9;10;11"
Root_12323,0.000000,15.912288,10,"0;1;3;4;6;7;8;9;10;11"
Root_12324,66.035590,36.190048,9,"1;3;4;6;7;8;9;10;11"
Root_12325,0.000000,21.241888,9,"0;3;4;6;7;8;9;10;11"
Root_12326,102.400858,40.819648,8,"3;4;6;7;8;9;10;11"
Root_12327,0.000000,16.899936,10,"0;1;2;4;6;7;8;9;10;11"
Root_12328,72.998534,37.177696,9,"1;2;4;6;7;8;9;10;11"
Root_12329,0.000000,22.229536,9,"0;2;4;6;7;8;9;10;11"
Root_12330,106.351450,41.807296,8,"2;4;6;7;8;9;10;11"
Root_12331,0.000000,17.825856,9,"0;1;4;6;7;8;9;10;11"
Root_12332,71.450374,38.103616,8,"1;4;6;7;8;9;10;11"
Root_12333,0.000000,23.155456,8,"0;4;6;7;8;9;10;11"
Root_12334,105.729210,42.733216,7,"4;6;7;8;9;10;11"
Root_12335,0.000000,17.208576,10,"0;1;2;3;6;7;8;9;10;11"
Root_12336,70.719430,37.486336,9,"1;2;3;6;7;8;9;10;11"
Root_12337,0.000000,22.538176,9,"0;2;3;6;7;8;9;10;11"
Root_12338,108.203290,42.115936,8,"2;3;6;7;8;9;10;11"
Root_12339,0.000000,18.134496,9,"0;1;3;6;7;8;9;10;11"
Root_12340,70.097190,38.412256,8,"1;3;6;7;8;9;10;11"
Root_12341,0.000000,23.464096,8,"0;3;6;7;8;9;10;11"
Root_12342,107.581050,43.041856,7,"3;6;7;8;9;10;11"
Root_12343,0.000000,19.122144,9,"0;1;2;6;7;8;9;10;11"
Root_12344,76.635526,39.399904,8,"1;2;6;7;8;9;10;11"
Root_12345,0.000000,24.451744,8,"0;2;6;7;8;9;10;11"
Root_12346,112.581018,44.029504,7,"2;6;7;8;9;10;11"
Root_12347,0.000000,20.048064,8,"0;1;6;7;8;9;10;11"
Root_12348,76.013286,40.325824,7,"1;6;7;8;9;10;11"
Root_12349,0.000000,25.377664,7,"0;6;7;8;9;10;11"
Root_12350,112.884698,44.955424,6,"6;7;8;9;10;11"
Root_12351,0.000000,15.869078,11,"0;1;2;3;4;5;7;8;9;10;11"
Root_12352,72.845568,36.146838,10,"1;2;3;4;5;7;8;9;10;11"
Root_12353,0.000000,21.198678,10,"0;2;3;4;5;7;8;9;10;11"
Root_12354,108.136768,40.776438,9,"2;3;4;5;7;8;9;10;11"
Root_12355,0.000000,16.794998,10,"0;1;3;4;5;7;8;9;10;11"
Root_12356,70.444246,37.072758,9,"1;3;4;5;7;8;9;10;11"
Root_12357,0.000000,22.124598,9,"0;3;4;5;7;8;9;10;11"
Root_12358,106.588608,41.702358,8,"3;4;5;7;8;9;10;11"
Root_12359,0.000000,17.782646,10,"0;1;2;4;5;7;8;9;10;11"
Root_12360,77.334432,38.060406,9,"1;2;4;5;7;8;9;10;11"
Root_12361,0.000000,23.112246,9,"0;2;4;5;7;8;9;10;11"
Root_12362,110.542774,42.690006,8,"2;4;5;7;8;9;10;11"
Root_12363,0.000000,18.708566,9,"0;1;4;5;7;8;9;10;11"
Root_12364,75.786272,38.986326,8,"1;4;5;7;8;9;10;11"
Root_12365,0.000000,24.038166,8,"0;4;5;7;8;9;10;11"
Root_12366,109.920534,43.615926,7,"4;5;7;8;9;10;11"
Root_12367,0.000000,18.091286,10,"0;1;2;3;5;7;8;9;10;11"
Root_12368,75.938038,38.369046,9,"1;2;3;5;7;8;9;10;11"
Root_12369,0.000000,23.420886,9,"0;2;3;5;7;8;9;10;11"
Root_12370,112.703254,42.998646,8,"2;3;5;7;8;9;10;11"
Root_12371,0.000000,19.017206,9,"0;1;3;5;7;8;9;10;11"
Root_12372,75.315798,39.294966,8,"1;3;5;7;8;9;10;11"
Root_12373,0.000000,24.346806,8,"0;3;5;7;8;9;10;11"
Root_12374,112.081014,43.924566,7,"3;5;7;8;9;10;11"
Root_12375,0.000000,20.004854,9,"0;1;2;5;7;8;9;10;11"
Root_12376,80.971424,40.282614,8,"1;2;5;7;8;9;10;11"
Root_12377,0.000000,25.334454,8,"0;2;5;7;8;9;10;11"
Root_12378,117.451350,44.912214,7,"2;5;7;8;9;10;11"
Root_12379,0.000000,20.930774,8,"0;1;5;7;8;9;10;11"
Root_12380,80.557718,41.208534,7,"1;5;7;8;9;10;11"
Root_12381,0.000000,26.260374,7,"0;5;7;8;9;10;11"
Root_12382,118.593165,45.838134,6,"5;7;8;9;10;11"
Root_12383,0.000000,17.412278,10,"0;1;2;3;4;7;8;9;10;11"
Root_12384,81.251606,37.690038,9,"1;2;3;4;7;8;9;10;11"
Root_12385,0.000000,22.741878,9,"0;2;3;4;7;8;9;10;11"
Root_12386,114.309568,42.319638,8,"2;3;4;7;8;9;10;11"
Root_12387,0.000000,18.338198,9,"0;1;3;4;7;8;9;10;11"
Root_12388,79.703446,38.615958,8,"1;3;4;7;8;9;10;11"
Root_12389,0.000000,23.667798,8,"0;3;4;7;8;9;10;11"
Root_12390,112.761408,43.245558,7,"3;4;7;8;9;10;11"
Root_12391,0.000000,19.325846,9,"0;1;2;4;7;8;9;10;11"
Root_12392,85.050432,39.603606,8,"1;2;4;7;8;9;10;11"
Root_12393,0.000000,24.655446,8,"0;2;4;7;8;9;10;11"
Root_12394,116.773728,44.233206,7,"2;4;7;8;9;10;11"
Root_12395,0.000000,20.251766,8,"0;1;4;7;8;9;10;11"
Root_12396,83.502272,40.529526,7,"1;4;7;8;9;10;11"
Root_12397,0.000000,25.581366,7,"0;4;7;8;9;10;11"
Root_12398,116.310614,45.159126,6,"4;7;8;9;10;11"
Root_12399,0.000000,19.634486,9,"0;1;2;3;7;8;9;10;11"
Root_12400,85.197238,39.912246,8,"1;2;3;7;8;9;10;11"
Root_12401,0.000000,24.964086,8,"0;2;3;7;8;9;10;11"
Root_12402,118.625568,44.541846,7,"2;3;7;8;9;10;11"
Root_12403,0.000000,20.560406,8,"0;1;3;7;8;9;10;11"
Root_12404,84.574998,40.838166,7,"1;3;7;8;9;10;11"
Root_12405,0.000000,25.890006,7,"0;3;7;8;9;10;11"
Root_12406,118.471094,45.467766,6,"3;7;8;9;10;11"
Root_12407,0.000000,21.548054,8,"0;1;2;7;8;9;10;11"
Root_12408,89.513238,41.825814,7,"1;2;7;8;9;10;11"
Root_12409,0.000000,26.877654,7,"0;2;7;8;9;10;11"
Root_12410,124.458710,46.455414,6,"2;7;8;9;10;11"
Root_12411,0.000000,22.473974,7,"0;1;7;8;9;10;11"
Root_12412,89.816918,42.751734,6,"1;7;8;9;10;11"
Root_12413,0.000000,27.803574,6,"0;7;8;9;10;11"
Root_12414,126.069645,47.381334,5,"7;8;9;10;11"
Root_12415,0.000000,16.467840,11,"0;1;2;3;4;5;6;8;9;10;11"
Root_12416,77.870234,36.745600,10,"1;2;3;4;5;6;8;9;10;11"
Root_12417,0.000000,21.797440,10,"0;2;3;4;5;6;8;9;10;11"
Root_12418,113.930435,41.375200,9,"2;3;4;5;6;8;9;10;11"
Root_12419,0.000000,17.393760,10,"0;1;3;4;5;6;8;9;10;11"
Root_12420,76.067674,37.671520,9,"1;3;4;5;6;8;9;10;11"
Root_12421,0.000000,22.723360,9,"0;3;4;5;6;8;9;10;11"
Root_12422,112.382275,42.301120,8,"3;4;5;6;8;9;10;11"
Root_12423,0.000000,18.381408,10,"0;1;2;4;5;6;8;9;10;11"
Root_12424,82.359098,38.659168,9,"1;2;4;5;6;8;9;10;11"
Root_12425,0.000000,23.711008,9,"0;2;4;5;6;8;9;10;11"
Root_12426,116.764963,43.288768,8,"2;4;5;6;8;9;10;11"
Root_12427,0.000000,19.307328,9,"0;1;4;5;6;8;9;10;11"
Root_12428,80.810938,39.585088,8,"1;4;5;6;8;9;10;11"
Root_12429,0.000000,24.636928,8,"0;4;5;6;8;9;10;11"
Root_12430,116.142723,44.214688,7,"4;5;6;8;9;10;11"
Root_12431,0.000000,18.690048,10,"0;1;2;3;5;6;8;9;10;11"
Root_12432,81.561466,38.967808,9,"1;2;3;5;6;8;9;10;11"
Root_12433,0.000000,24.019648,9,"0;2;3;5;6;8;9;10;11"
Root_12434,118.925443,43.597408,8,"2;3;5;6;8;9;10;11"
Root_12435,0.000000,19.615968,9,"0;1;3;5;6;8;9;10;11"
Root_12436,80.939226,39.893728,8,"1;3;5;6;8;9;10;11"
Root_12437,0.000000,24.945568,8,"0;3;5;6;8;9;10;11"
Root_12438,118.303203,44.523328,7,"3;5;6;8;9;10;11"
Root_12439,0.000000,20.603616,9,"0;1;2;5;6;8;9;10;11"
Root_12440,85.996090,40.881376,8,"1;2;5;6;8;9;10;11"
Root_12441,0.000000,25.933216,8,"0;2;5;6;8;9;10;11"
Root_12442,124.184515,45.510976,7,"2;5;6;8;9;10;11"
Root_12443,0.000000,21.529536,8,"0;1;5;6;8;9;10;11"
Root_12444,86.181146,41.807296,7,"1;5;6;8;9;10;11"
Root_12445,0.000000,26.859136,7,"0;5;6;8;9;10;11"
Root_12446,125.414115,46.436896,6,"5;6;8;9;10;11"
Root_12447,0.000000,18.011040,10,"0;1;2;3;4;6;8;9;10;11"
Root_12448,86.875034,38.288800,9,"1;2;3;4;6;8;9;10;11"
Root_12449,0.000000,23.340640,9,"0;2;3;4;6;8;9;10;11"
Root_12450,119.932995,42.918400,8,"2;3;4;6;8;9;10;11"
Root_12451,0.000000,18.936960,9,"0;1;3;4;6;8;9;10;11"
Root_12452,85.326874,39.214720,8,"1;3;4;6;8;9;10;11"
Root_12453,0.000000,24.266560,8,"0;3;4;6;8;9;10;11"
Root_12454,118.384835,43.844320,7,"3;4;6;8;9;10;11"
Root_12455,0.000000,19.924608,9,"0;1;2;4;6;8;9;10;11"
Root_12456,90.075098,40.202368,8,"1;2;4;6;8;9;10;11"
Root_12457,0.000000,25.254208,8,"0;2;4;6;8;9;10;11"
Root_12458,122.397155,44.831968,7,"2;4;6;8;9;10;11"
Root_12459,0.000000,20.850528,8,"0;1;4;6;8;9;10;11"
Root_12460,88.655226,41.128288,7,"1;4;6;8;9;10;11"
Root_12461,0.000000,26.180128,7,"0;4;6;8;9;10;11"
Root_12462,122.532803,45.757888,6,"4;6;8;9;10;11"
Root_12463,0.000000,20.233248,9,"0;1;2;3;6;8;9;10;11"
Root_12464,90.820666,40.511008,8,"1;2;3;6;8;9;10;11"
Root_12465,0.000000,25.562848,8,"0;2;3;6;8;9;10;11"
Root_12466,124.389603,45.140608,7,"2;3;6;8;9;10;11"
Root_12467,0.000000,21.159168,8,"0;1;3;6;8;9;10;11"
Root_12468,90.198426,41.436928,7,"1;3;6;8;9;10;11"
Root_12469,0.000000,26.488768,7,"0;3;6;8;9;10;11"
Root_12470,124.693283,46.066528,6,"3;6;8;9;10;11"
Root_12471,0.000000,22.146816,8,"0;1;2;6;8;9;10;11"
Root_12472,95.136666,42.424576,7,"1;2;6;8;9;10;11"
Root_12473,0.000000,27.476416,7,"0;2;6;8;9;10;11"
Root_12474,130.680899,47.054176,6,"2;6;8;9;10;11"
Root_12475,0.000000,23.072736,7,"0;1;6;8;9;10;11"
Root_12476,95.440346,43.350496,6,"1;6;8;9;10;11"
Root_12477,0.000000,28.402336,6,"0;6;8;9;10;11"
Root_12478,131.910499,47.980096,5,"6;8;9;10;11"
Root_12479,0.000000,18.893750,10,"0;1;2;3;4;5;8;9;10;11"
Root_12480,90.815872,39.171510,9,"1;2;3;4;5;8;9;10;11"
Root_12481,0.000000,24.223350,9,"0;2;3;4;5;8;9;10;11"
Root_12482,123.753952,43.801110,8,"2;3;4;5;8;9;10;11"
Root_12483,0.000000,19.819670,9,"0;1;3;4;5;8;9;10;11"
Root_12484,89.267712,40.097430,8,"1;3;4;5;8;9;10;11"
Root_12485,0.000000,25.149270,8,"0;3;4;5;8;9;10;11"
Root_12486,122.205792,44.727030,7,"3;4;5;8;9;10;11"
Root_12487,0.000000,20.807318,9,"0;1;2;4;5;8;9;10;11"
Root_12488,93.218304,41.085078,8,"1;2;4;5;8;9;10;11"
Root_12489,0.000000,26.136918,8,"0;2;4;5;8;9;10;11"
Root_12490,127.303158,45.714678,7,"2;4;5;8;9;10;11"
Root_12491,0.000000,21.733238,8,"0;1;4;5;8;9;10;11"
Root_12492,92.596064,42.010998,7,"1;4;5;8;9;10;11"
Root_12493,0.000000,27.062838,7,"0;4;5;8;9;10;11"
Root_12494,127.606838,46.640598,6,"4;5;8;9;10;11"
Root_12495,0.000000,21.115958,9,"0;1;2;3;5;8;9;10;11"
Root_12496,95.258902,41.393718,8,"1;2;3;5;8;9;10;11"
Root_12497,0.000000,26.445558,8,"0;2;3;5;8;9;10;11"
Root_12498,129.772278,46.023318,7,"2;3;5;8;9;10;11"
Root_12499,0.000000,22.041878,8,"0;1;3;5;8;9;10;11"
Root_12500,94.636662,42.319638,7,"1;3;5;8;9;10;11"
Root_12501,0.000000,27.371478,7,"0;3;5;8;9;10;11"
Root_12502,130.075958,46.949238,6,"3;5;8;9;10;11"
Root_12503,0.000000,23.029526,8,"0;1;2;5;8;9;10;11"
Root_12504,100.006998,43.307286,7,"1;2;5;8;9;10;11"
Root_12505,0.000000,28.359126,7,"0;2;5;8;9;10;11"
Root_12506,137.370829,47.936886,6,"2;5;8;9;10;11"
Root_12507,0.000000,23.955446,7,"0;1;5;8;9;10;11"
Root_12508,100.310678,44.233206,6,"1;5;8;9;10;11"
Root_12509,0.000000,29.285046,6,"0;5;8;9;10;11"
Root_12510,140.389155,48.862806,5,"5;8;9;10;11"
Root_12511,0.000000,20.436950,9,"0;1;2;3;4;8;9;10;11"
Root_12512,98.531872,40.714710,8,"1;2;3;4;8;9;10;11"
Root_12513,0.154102,25.766550,8,"0;2;3;4;8;9;10;11"
Root_12514,127.674912,45.344310,7,"2;3;4;8;9;10;11"
Root_12515,0.000000,21.362870,8,"0;1;3;4;8;9;10;11"
Root_12516,96.983712,41.640630,7,"1;3;4;8;9;10;11"
Root_12517,0.154102,26.692470,7,"0;3;4;8;9;10;11"
Root_12518,127.052672,46.270230,6,"3;4;8;9;10;11"
Root_12519,0.000000,22.350518,8,"0;1;2;4;8;9;10;11"
Root_12520,100.934304,42.628278,7,"1;2;4;8;9;10;11"
Root_12521,2.610531,27.680118,7,"0;2;4;8;9;10;11"
Root_12522,132.310518,47.257878,6,"2;4;8;9;10;11"
Root_12523,0.000000,23.276438,7,"0;1;4;8;9;10;11"
Root_12524,100.312064,43.554198,6,"1;4;8;9;10;11"
Root_12525,2.610531,28.606038,6,"0;4;8;9;10;11"
Root_12526,133.907715,48.183798,5,"4;8;9;10;11"
Root_12527,0.000000,22.659158,8,"0;1;2;3;8;9;10;11"
Root_12528,102.786144,42.936918,7,"1;2;3;8;9;10;11"
Root_12529,0.154102,27.988758,7,"0;2;3;8;9;10;11"
Root_12530,134.779638,47.566518,6,"2;3;8;9;10;11"
Root_12531,0.000000,23.585078,7,"0;1;3;8;9;10;11"
Root_12532,102.163904,43.862838,6,"1;3;8;9;10;11"
Root_12533,0.154102,28.914678,6,"0;3;8;9;10;11"
Root_12534,136.994115,48.492438,5,"3;8;9;10;11"
Root_12535,0.000000,24.572726,7,"0;1;2;8;9;10;11"
Root_12536,107.163872,44.850486,6,"1;2;8;9;10;11"
Root_12537,2.610531,29.902326,6,"0;2;8;9;10;11"
Root_12538,145.944675,49.480086,5,"2;8;9;10;11"
Root_12539,0.000000,25.498646,6,"0;1;8;9;10;11"
Root_12540,108.243958,45.776406,5,"1;8;9;10;11"
Root_12541,2.610531,30.828246,5,"0;8;9;10;11"
Root_12542,149.952035,50.406006,4,"8;9;10;11"
Root_12543,0.000000,18.072768,11,"0;1;2;3;4;5;6;7;9;10;11"
Root_12544,90.233018,38.350528,10,"1;2;3;4;5;6;7;9;10;11"
Root_12545,0.000000,23.402368,10,"0;2;3;4;5;6;7;9;10;11"
Root_12546,126.979715,42.980128,9,"2;3;4;5;6;7;9;10;11"
Root_12547,0.000000,18.998688,10,"0;1;3;4;5;6;7;9;10;11"
Root_12548,88.684858,39.276448,9,"1;3;4;5;6;7;9;10;11"
Root_12549,0.000000,24.328288,9,"0;3;4;5;6;7;9;10;11"
Root_12550,125.431555,43.906048,8,"3;4;5;6;7;9;10;11"
Root_12551,0.000000,19.986336,10,"0;1;2;4;5;6;7;9;10;11"
Root_12552,93.371354,40.264096,9,"1;2;4;5;6;7;9;10;11"
Root_12553,0.000000,25.315936,9,"0;2;4;5;6;7;9;10;11"
Root_12554,129.814243,44.893696,8,"2;4;5;6;7;9;10;11"
Root_12555,0.000000,20.912256,9,"0;1;4;5;6;7;9;10;11"
Root_12556,92.013210,41.190016,8,"1;4;5;6;7;9;10;11"
Root_12557,0.000000,26.241856,8,"0;4;5;6;7;9;10;11"
Root_12558,130.831235,45.819616,7,"4;5;6;7;9;10;11"
Root_12559,0.000000,20.294976,10,"0;1;2;3;5;6;7;9;10;11"
Root_12560,94.287162,40.572736,9,"1;2;3;5;6;7;9;10;11"
Root_12561,0.000000,25.624576,9,"0;2;3;5;6;7;9;10;11"
Root_12562,132.379395,45.202336,8,"2;3;5;6;7;9;10;11"
Root_12563,0.000000,21.220896,9,"0;1;3;5;6;7;9;10;11"
Root_12564,93.664922,41.498656,8,"1;3;5;6;7;9;10;11"
Root_12565,0.000000,26.550496,8,"0;3;5;6;7;9;10;11"
Root_12566,133.608995,46.128256,7,"3;5;6;7;9;10;11"
Root_12567,0.000000,22.208544,9,"0;1;2;5;6;7;9;10;11"
Root_12568,98.603162,42.486304,8,"1;2;5;6;7;9;10;11"
Root_12569,0.000000,27.538144,8,"0;2;5;6;7;9;10;11"
Root_12570,140.954627,47.115904,7,"2;5;6;7;9;10;11"
Root_12571,0.000000,23.134464,8,"0;1;5;6;7;9;10;11"
Root_12572,98.906842,43.412224,7,"1;5;6;7;9;10;11"
Root_12573,0.000000,28.464064,7,"0;5;6;7;9;10;11"
Root_12574,143.110147,48.041824,6,"5;6;7;9;10;11"
Root_12575,0.000000,19.615968,10,"0;1;2;3;4;6;7;9;10;11"
Root_12576,97.949018,39.893728,9,"1;2;3;4;6;7;9;10;11"
Root_12577,0.000000,24.945568,9,"0;2;3;4;6;7;9;10;11"
Root_12578,131.377347,44.523328,8,"2;3;4;6;7;9;10;11"
Root_12579,0.000000,20.541888,9,"0;1;3;4;6;7;9;10;11"
Root_12580,96.400858,40.819648,8,"1;3;4;6;7;9;10;11"
Root_12581,0.000000,25.871488,8,"0;3;4;6;7;9;10;11"
Root_12582,130.727683,45.449248,7,"3;4;6;7;9;10;11"
Root_12583,0.000000,21.529536,9,"0;1;2;4;6;7;9;10;11"
Root_12584,100.351450,41.807296,8,"1;2;4;6;7;9;10;11"
Root_12585,0.814464,26.859136,8,"0;2;4;6;7;9;10;11"
Root_12586,136.715299,46.436896,7,"2;4;6;7;9;10;11"
Root_12587,0.000000,22.455456,8,"0;1;4;6;7;9;10;11"
Root_12588,99.729210,42.733216,7,"1;4;6;7;9;10;11"
Root_12589,0.814464,27.785056,7,"0;4;6;7;9;10;11"
Root_12590,137.944899,47.362816,6,"4;6;7;9;10;11"
Root_12591,0.000000,21.838176,9,"0;1;2;3;6;7;9;10;11"
Root_12592,102.203290,42.115936,8,"1;2;3;6;7;9;10;11"
Root_12593,0.000000,27.167776,8,"0;2;3;6;7;9;10;11"
Root_12594,139.184419,46.745536,7,"2;3;6;7;9;10;11"
Root_12595,0.000000,22.764096,8,"0;1;3;6;7;9;10;11"
Root_12596,101.581050,43.041856,7,"1;3;6;7;9;10;11"
Root_12597,0.000000,28.093696,7,"0;3;6;7;9;10;11"
Root_12598,140.414019,47.671456,6,"3;6;7;9;10;11"
Root_12599,0.000000,23.751744,8,"0;1;2;6;7;9;10;11"
Root_12600,106.581018,44.029504,7,"1;2;6;7;9;10;11"
Root_12601,0.814464,29.081344,7,"0;2;6;7;9;10;11"
Root_12602,148.048387,48.659104,6,"2;6;7;9;10;11"
Root_12603,0.000000,24.677664,7,"0;1;6;7;9;10;11"
Root_12604,106.884698,44.955424,6,"1;6;7;9;10;11"
Root_12605,0.814464,30.007264,6,"0;6;7;9;10;11"
Root_12606,151.129827,49.585024,5,"6;7;9;10;11"
Root_12607,0.000000,20.498678,10,"0;1;2;3;4;5;7;9;10;11"
Root_12608,102.136768,40.776438,9,"1;2;3;4;5;7;9;10;11"
Root_12609,0.000000,25.828278,9,"0;2;3;4;5;7;9;10;11"
Root_12610,136.010381,45.406038,8,"2;3;4;5;7;9;10;11"
Root_12611,0.000000,21.424598,9,"0;1;3;4;5;7;9;10;11"
Root_12612,100.588608,41.702358,8,"1;3;4;5;7;9;10;11"
Root_12613,0.000000,26.754198,8,"0;3;4;5;7;9;10;11"
Root_12614,136.314061,46.331958,7,"3;4;5;7;9;10;11"
Root_12615,0.000000,22.412246,9,"0;1;2;4;5;7;9;10;11"
Root_12616,104.542774,42.690006,8,"1;2;4;5;7;9;10;11"
Root_12617,2.579885,27.741846,8,"0;2;4;5;7;9;10;11"
Root_12618,142.991651,47.319606,7,"2;4;5;7;9;10;11"
Root_12619,0.000000,23.338166,8,"0;1;4;5;7;9;10;11"
Root_12620,103.920534,43.615926,7,"1;4;5;7;9;10;11"
Root_12621,2.579885,28.667766,7,"0;4;5;7;9;10;11"
Root_12622,145.147171,48.245526,6,"4;5;7;9;10;11"
Root_12623,0.000000,22.720886,9,"0;1;2;3;5;7;9;10;11"
Root_12624,106.703254,42.998646,8,"1;2;3;5;7;9;10;11"
Root_12625,0.000000,28.050486,8,"0;2;3;5;7;9;10;11"
Root_12626,146.078051,47.628246,7,"2;3;5;7;9;10;11"
Root_12627,0.000000,23.646806,8,"0;1;3;5;7;9;10;11"
Root_12628,106.081014,43.924566,7,"1;3;5;7;9;10;11"
Root_12629,0.000000,28.976406,7,"0;3;5;7;9;10;11"
Root_12630,148.233571,48.554166,6,"3;5;7;9;10;11"
Root_12631,0.000000,24.634454,8,"0;1;2;5;7;9;10;11"
Root_12632,111.451350,44.912214,7,"1;2;5;7;9;10;11"
Root_12633,2.579885,29.964054,7,"0;2;5;7;9;10;11"
Root_12634,156.566851,49.541814,6,"2;5;7;9;10;11"
Root_12635,0.000000,25.560374,7,"0;1;5;7;9;10;11"
Root_12636,113.431299,45.838134,6,"1;5;7;9;10;11"
Root_12637,2.579885,30.889974,6,"0;5;7;9;10;11"
Root_12638,159.648291,50.467734,5,"5;7;9;10;11"
Root_12639,0.000000,22.041878,9,"0;1;2;3;4;7;9;10;11"
Root_12640,108.309568,42.319638,8,"1;2;3;4;7;9;10;11"
Root_12641,2.968579,27.371478,8,"0;2;3;4;7;9;10;11"
Root_12642,141.068502,46.949238,7,"2;3;4;7;9;10;11"
Root_12643,0.000000,22.967798,8,"0;1;3;4;7;9;10;11"
Root_12644,106.761408,43.245558,7,"1;3;4;7;9;10;11"
Root_12645,2.968579,28.297398,7,"0;3;4;7;9;10;11"
Root_12646,142.247341,47.875158,6,"3;4;7;9;10;11"
Root_12647,0.000000,23.955446,8,"0;1;2;4;7;9;10;11"
Root_12648,110.773728,44.233206,7,"1;2;4;7;9;10;11"
Root_12649,6.240195,29.285046,7,"0;2;4;7;9;10;11"
Root_12650,150.085411,48.862806,6,"2;4;7;9;10;11"
Root_12651,0.000000,24.881366,7,"0;1;4;7;9;10;11"
Root_12652,110.469741,45.159126,6,"1;4;7;9;10;11"
Root_12653,6.240195,30.210966,6,"0;4;7;9;10;11"
Root_12654,153.166851,49.788726,5,"4;7;9;10;11"
Root_12655,0.000000,24.264086,8,"0;1;2;3;7;9;10;11"
Root_12656,112.625568,44.541846,7,"1;2;3;7;9;10;11"
Root_12657,2.968579,29.593686,7,"0;2;3;7;9;10;11"
Root_12658,153.171811,49.171446,6,"2;3;7;9;10;11"
Root_12659,0.000000,25.190006,7,"0;1;3;7;9;10;11"
Root_12660,112.938861,45.467766,6,"1;3;7;9;10;11"
Root_12661,2.968579,30.519606,6,"0;3;7;9;10;11"
Root_12662,156.253251,50.097366,5,"3;7;9;10;11"
Root_12663,0.000000,26.177654,7,"0;1;2;7;9;10;11"
Root_12664,119.914125,46.455414,6,"1;2;7;9;10;11"
Root_12665,7.073370,31.507254,6,"0;2;7;9;10;11"
Root_12666,165.288826,51.085014,5,"2;7;9;10;11"
Root_12667,0.000000,27.103574,6,"0;1;7;9;10;11"
Root_12668,122.450979,47.381334,5,"1;7;9;10;11"
Root_12669,6.240195,32.433174,5,"0;7;9;10;11"
Root_12670,170.222106,52.010934,4,"7;9;10;11"
Root_12671,0.000000,21.097440,10,"0;1;2;3;4;5;6;9;10;11"
Root_12672,107.930435,41.375200,9,"1;2;3;4;5;6;9;10;11"
Root_12673,0.456416,26.427040,9,"0;2;3;4;5;6;9;10;11"
Root_12674,143.430093,46.004800,8,"2;3;4;5;6;9;10;11"
Root_12675,0.000000,22.023360,9,"0;1;3;4;5;6;9;10;11"
Root_12676,106.382275,42.301120,8,"1;3;4;5;6;9;10;11"
Root_12677,0.456416,27.352960,8,"0;3;4;5;6;9;10;11"
Root_12678,143.733773,46.930720,7,"3;4;5;6;9;10;11"
Root_12679,0.000000,23.011008,9,"0;1;2;4;5;6;9;10;11"
Root_12680,110.764963,43.288768,8,"1;2;4;5;6;9;10;11"
Root_12681,3.777408,28.340608,8,"0;2;4;5;6;9;10;11"
Root_12682,150.091757,47.918368,7,"2;4;5;6;9;10;11"
Root_12683,0.000000,23.936928,8,"0;1;4;5;6;9;10;11"
Root_12684,110.142723,44.214688,7,"1;4;5;6;9;10;11"
Root_12685,3.777408,29.266528,7,"0;4;5;6;9;10;11"
Root_12686,152.165645,48.844288,6,"4;5;6;9;10;11"
Root_12687,0.000000,23.319648,9,"0;1;2;3;5;6;9;10;11"
Root_12688,112.925443,43.597408,8,"1;2;3;5;6;9;10;11"
Root_12689,0.456416,28.649248,8,"0;2;3;5;6;9;10;11"
Root_12690,153.096525,48.227008,7,"2;3;5;6;9;10;11"
Root_12691,0.000000,24.245568,8,"0;1;3;5;6;9;10;11"
Root_12692,112.303203,44.523328,7,"1;3;5;6;9;10;11"
Root_12693,0.456416,29.575168,7,"0;3;5;6;9;10;11"
Root_12694,155.252045,49.152928,6,"3;5;6;9;10;11"
Root_12695,0.000000,25.233216,8,"0;1;2;5;6;9;10;11"
Root_12696,118.695491,45.510976,7,"1;2;5;6;9;10;11"
Root_12697,3.777408,30.562816,7,"0;2;5;6;9;10;11"
Root_12698,163.585325,50.140576,6,"2;5;6;9;10;11"
Root_12699,0.000000,26.159136,7,"0;1;5;6;9;10;11"
Root_12700,120.851011,46.436896,6,"1;5;6;9;10;11"
Root_12701,3.777408,31.488736,6,"0;5;6;9;10;11"
Root_12702,166.733261,51.066496,5,"5;6;9;10;11"
Root_12703,0.000000,22.640640,9,"0;1;2;3;4;6;9;10;11"
Root_12704,113.932995,42.918400,8,"1;2;3;4;6;9;10;11"
Root_12705,4.764864,27.970240,8,"0;2;3;4;6;9;10;11"
Root_12706,147.889453,47.548000,7,"2;3;4;6;9;10;11"
Root_12707,0.000000,23.566560,8,"0;1;3;4;6;9;10;11"
Root_12708,112.384835,43.844320,7,"1;3;4;6;9;10;11"
Root_12709,4.764864,28.896160,7,"0;3;4;6;9;10;11"
Root_12710,149.140973,48.473920,6,"3;4;6;9;10;11"
Root_12711,0.000000,24.554208,8,"0;1;2;4;6;9;10;11"
Root_12712,116.397155,44.831968,7,"1;2;4;6;9;10;11"
Root_12713,8.036480,29.883808,7,"0;2;4;6;9;10;11"
Root_12714,157.103885,49.461568,6,"2;4;6;9;10;11"
Root_12715,0.000000,25.480128,7,"0;1;4;6;9;10;11"
Root_12716,117.290691,45.757888,6,"1;4;6;9;10;11"
Root_12717,8.036480,30.809728,6,"0;4;6;9;10;11"
Root_12718,160.185325,50.387488,5,"4;6;9;10;11"
Root_12719,0.000000,24.862848,8,"0;1;2;3;6;9;10;11"
Root_12720,118.530211,45.140608,7,"1;2;3;6;9;10;11"
Root_12721,4.764864,30.192448,7,"0;2;3;6;9;10;11"
Root_12722,160.190285,49.770208,6,"2;3;6;9;10;11"
Root_12723,0.000000,25.788768,7,"0;1;3;6;9;10;11"
Root_12724,119.759811,46.066528,6,"1;3;6;9;10;11"
Root_12725,4.764864,31.118368,6,"0;3;6;9;10;11"
Root_12726,163.271725,50.696128,5,"3;6;9;10;11"
Root_12727,0.000000,26.776416,7,"0;1;2;6;9;10;11"
Root_12728,126.735075,47.054176,6,"1;2;6;9;10;11"
Root_12729,9.468416,32.106016,6,"0;2;6;9;10;11"
Root_12730,172.906061,51.683776,5,"2;6;9;10;11"
Root_12731,0.000000,27.702336,6,"0;1;6;9;10;11"
Root_12732,128.890595,47.980096,5,"1;6;9;10;11"
Root_12733,8.068416,33.031936,5,"0;6;9;10;11"
Root_12734,177.839341,52.609696,4,"6;9;10;11"
Root_12735,0.000000,23.523350,9,"0;1;2;3;4;5;9;10;11"
Root_12736,117.753952,43.801110,8,"1;2;3;4;5;9;10;11"
Root_12737,6.937901,28.852950,8,"0;2;3;4;5;9;10;11"
Root_12738,155.337251,48.430710,7,"2;3;4;5;9;10;11"
Root_12739,0.000000,24.449270,8,"0;1;3;4;5;9;10;11"
Root_12740,116.205792,44.727030,7,"1;3;4;5;9;10;11"
Root_12741,6.937901,29.778870,7,"0;3;4;5;9;10;11"
Root_12742,157.492771,49.356630,6,"3;4;5;9;10;11"
Root_12743,0.000000,25.436918,8,"0;1;2;4;5;9;10;11"
Root_12744,122.017837,45.714678,7,"1;2;4;5;9;10;11"
Root_12745,10.795408,30.766518,7,"0;2;4;5;9;10;11"
Root_12746,165.826051,50.344278,6,"2;4;5;9;10;11"
Root_12747,0.000000,26.362838,7,"0;1;4;5;9;10;11"
Root_12748,123.247437,46.640598,6,"1;4;5;9;10;11"
Root_12749,10.702970,31.692438,6,"0;4;5;9;10;11"
Root_12750,169.177690,51.270198,5,"4;5;9;10;11"
Root_12751,0.000000,25.745558,8,"0;1;2;3;5;9;10;11"
Root_12752,124.795597,46.023318,7,"1;2;3;5;9;10;11"
Root_12753,7.338979,31.075158,7,"0;2;3;5;9;10;11"
Root_12754,169.221091,50.652918,6,"2;3;5;9;10;11"
Root_12755,0.000000,26.671478,7,"0;1;3;5;9;10;11"
Root_12756,126.025197,46.949238,6,"1;3;5;9;10;11"
Root_12757,6.937901,32.001078,6,"0;3;5;9;10;11"
Root_12758,172.881370,51.578838,5,"3;5;9;10;11"
Root_12759,0.000000,27.659126,7,"0;1;2;5;9;10;11"
Root_12760,134.307715,47.936886,6,"1;2;5;9;10;11"
Root_12761,12.999258,32.988726,6,"0;2;5;9;10;11"
Root_12762,183.189946,52.566486,5,"2;5;9;10;11"
Root_12763,0.000000,28.585046,6,"0;1;5;9;10;11"
Root_12764,138.251962,48.862806,5,"1;5;9;10;11"
Root_12765,11.599258,33.914646,5,"0;5;9;10;11"
Root_12766,188.123226,53.492406,4,"5;9;10;11"
Root_12767,0.000000,25.066550,8,"0;1;2;3;4;9;10;11"
Root_12768,122.019222,45.344310,7,"1;2;3;4;9;10;11"
Root_12769,12.863418,30.396150,7,"0;2;3;4;9;10;11"
Root_12770,162.431011,49.973910,6,"2;3;4;9;10;11"
Root_12771,0.000000,25.992470,7,"0;1;3;4;9;10;11"
Root_12772,122.322902,46.270230,6,"1;3;4;9;10;11"
Root_12773,12.863418,31.322070,6,"0;3;4;9;10;11"
Root_12774,165.512451,50.899830,5,"3;4;9;10;11"
Root_12775,1.056429,26.980118,7,"0;1;2;4;9;10;11"
Root_12776,128.568397,47.257878,6,"1;2;4;9;10;11"
Root_12777,18.511408,32.309718,6,"0;2;4;9;10;11"
Root_12778,175.350490,51.887478,5,"2;4;9;10;11"
Root_12779,1.056429,27.906038,6,"0;1;4;9;10;11"
Root_12780,131.091514,48.183798,5,"1;4;9;10;11"
Root_12781,17.111408,33.235638,5,"0;4;9;10;11"
Root_12782,180.283770,52.813398,4,"4;9;10;11"
Root_12783,0.000000,27.288758,7,"0;1;2;3;9;10;11"
Root_12784,131.346157,47.566518,6,"1;2;3;9;10;11"
Root_12785,14.807696,32.618358,6,"0;2;3;9;10;11"
Root_12786,179.054170,52.196118,5,"2;3;9;10;11"
Root_12787,0.000000,28.214678,6,"0;1;3;9;10;11"
Root_12788,134.486554,48.492438,5,"1;3;9;10;11"
Root_12789,13.407696,33.544278,5,"0;3;9;10;11"
Root_12790,183.987450,53.122038,4,"3;9;10;11"
Root_12791,1.056429,29.202326,6,"0;1;2;9;10;11"
Root_12792,144.424762,49.480086,5,"1;2;9;10;11"
Root_12793,20.703984,34.531926,5,"0;2;9;10;11"
Root_12794,194.913306,54.109686,4,"2;9;10;11"
Root_12795,1.056429,30.128246,5,"0;1;9;10;11"
Root_12796,149.358042,50.406006,4,"1;9;10;11"
Root_12797,18.229904,35.457846,4,"0;9;10;11"
Root_12798,200.772506,55.035606,3,"9;10;11"
Root_12799,0.000000,16.035744,11,"0;1;2;3;4;5;6;7;8;10;11"
Root_12800,65.845562,36.313504,10,"1;2;3;4;5;6;7;8;10;11"
Root_12801,0.000000,21.365344,10,"0;2;3;4;5;6;7;8;10;11"
Root_12802,103.246531,40.943104,9,"2;3;4;5;6;7;8;10;11"
Root_12803,0.000000,16.961664,10,"0;1;3;4;5;6;7;8;10;11"
Root_12804,63.610906,37.239424,9,"1;3;4;5;6;7;8;10;11"
Root_12805,0.000000,22.291264,9,"0;3;4;5;6;7;8;10;11"
Root_12806,102.624291,41.869024,8,"3;4;5;6;7;8;10;11"
Root_12807,0.000000,17.949312,10,"0;1;2;4;5;6;7;8;10;11"
Root_12808,70.334426,38.227072,9,"1;2;4;5;6;7;8;10;11"
Root_12809,0.000000,23.278912,9,"0;2;4;5;6;7;8;10;11"
Root_12810,107.732771,42.856672,8,"2;4;5;6;7;8;10;11"
Root_12811,0.000000,18.875232,9,"0;1;4;5;6;7;8;10;11"
Root_12812,68.939258,39.152992,8,"1;4;5;6;7;8;10;11"
Root_12813,0.000000,24.204832,8,"0;4;5;6;7;8;10;11"
Root_12814,108.036451,43.782592,7,"4;5;6;7;8;10;11"
Root_12815,0.000000,18.257952,10,"0;1;2;3;5;6;7;8;10;11"
Root_12816,69.104698,38.535712,9,"1;2;3;5;6;7;8;10;11"
Root_12817,0.000000,23.587552,9,"0;2;3;5;6;7;8;10;11"
Root_12818,110.201891,43.165312,8,"2;3;5;6;7;8;10;11"
Root_12819,0.000000,19.183872,9,"0;1;3;5;6;7;8;10;11"
Root_12820,68.944090,39.461632,8,"1;3;5;6;7;8;10;11"
Root_12821,0.000000,24.513472,8,"0;3;5;6;7;8;10;11"
Root_12822,110.505571,44.091232,7,"3;5;6;7;8;10;11"
Root_12823,0.000000,20.171520,9,"0;1;2;5;6;7;8;10;11"
Root_12824,75.420698,40.449280,8,"1;2;5;6;7;8;10;11"
Root_12825,0.000000,25.501120,8,"0;2;5;6;7;8;10;11"
Root_12826,116.942435,45.078880,7,"2;5;6;7;8;10;11"
Root_12827,0.000000,21.097440,8,"0;1;5;6;7;8;10;11"
Root_12828,76.099578,41.375200,7,"1;5;6;7;8;10;11"
Root_12829,0.000000,26.427040,7,"0;5;6;7;8;10;11"
Root_12830,119.097955,46.004800,6,"5;6;7;8;10;11"
Root_12831,0.000000,17.578944,10,"0;1;2;3;4;6;7;8;10;11"
Root_12832,74.418266,37.856704,9,"1;2;3;4;6;7;8;10;11"
Root_12833,0.000000,22.908544,9,"0;2;3;4;6;7;8;10;11"
Root_12834,110.962531,42.486304,8,"2;3;4;6;7;8;10;11"
Root_12835,0.000000,18.504864,9,"0;1;3;4;6;7;8;10;11"
Root_12836,72.870106,38.782624,8,"1;3;4;6;7;8;10;11"
Root_12837,0.000000,23.834464,8,"0;3;4;6;7;8;10;11"
Root_12838,110.340291,43.412224,7,"3;4;6;7;8;10;11"
Root_12839,0.000000,19.492512,9,"0;1;2;4;6;7;8;10;11"
Root_12840,78.820698,39.770272,8,"1;2;4;6;7;8;10;11"
Root_12841,0.000000,24.822112,8,"0;2;4;6;7;8;10;11"
Root_12842,115.340259,44.399872,7,"2;4;6;7;8;10;11"
Root_12843,0.000000,20.418432,8,"0;1;4;6;7;8;10;11"
Root_12844,78.198458,40.696192,7,"1;4;6;7;8;10;11"
Root_12845,0.000000,25.748032,7,"0;4;6;7;8;10;11"
Root_12846,115.969731,45.325792,6,"4;6;7;8;10;11"
Root_12847,0.000000,19.801152,9,"0;1;2;3;6;7;8;10;11"
Root_12848,79.442810,40.078912,8,"1;2;3;6;7;8;10;11"
Root_12849,0.000000,25.130752,8,"0;2;3;6;7;8;10;11"
Root_12850,117.500739,44.708512,7,"2;3;6;7;8;10;11"
Root_12851,0.000000,20.727072,8,"0;1;3;6;7;8;10;11"
Root_12852,79.746490,41.004832,7,"1;3;6;7;8;10;11"
Root_12853,0.000000,26.056672,7,"0;3;6;7;8;10;11"
Root_12854,118.438851,45.634432,6,"3;6;7;8;10;11"
Root_12855,0.000000,21.714720,8,"0;1;2;6;7;8;10;11"
Root_12856,85.672378,41.992480,7,"1;2;6;7;8;10;11"
Root_12857,0.000000,27.044320,7,"0;2;6;7;8;10;11"
Root_12858,125.414115,46.622080,6,"2;6;7;8;10;11"
Root_12859,0.000000,22.640640,7,"0;1;6;7;8;10;11"
Root_12860,86.901978,42.918400,6,"1;6;7;8;10;11"
Root_12861,0.000000,27.970240,6,"0;6;7;8;10;11"
Root_12862,127.569635,47.548000,5,"6;7;8;10;11"
Root_12863,0.000000,18.461654,10,"0;1;2;3;4;5;7;8;10;11"
Root_12864,78.791200,38.739414,9,"1;2;3;4;5;7;8;10;11"
Root_12865,0.000000,23.791254,9,"0;2;3;4;5;7;8;10;11"
Root_12866,115.666198,43.369014,8,"2;3;4;5;7;8;10;11"
Root_12867,0.000000,19.387574,9,"0;1;3;4;5;7;8;10;11"
Root_12868,77.908374,39.665334,8,"1;3;4;5;7;8;10;11"
Root_12869,0.000000,24.717174,8,"0;3;4;5;7;8;10;11"
Root_12870,115.043958,44.294934,7,"3;4;5;7;8;10;11"
Root_12871,0.000000,20.375222,9,"0;1;2;4;5;7;8;10;11"
Root_12872,83.193632,40.652982,8,"1;2;4;5;7;8;10;11"
Root_12873,0.000000,25.704822,8,"0;2;4;5;7;8;10;11"
Root_12874,120.696877,45.282582,7,"2;4;5;7;8;10;11"
Root_12875,0.000000,21.301142,8,"0;1;4;5;7;8;10;11"
Root_12876,83.150294,41.578902,7,"1;4;5;7;8;10;11"
Root_12877,0.000000,26.630742,7,"0;4;5;7;8;10;11"
Root_12878,121.926477,46.208502,6,"4;5;7;8;10;11"
Root_12879,0.000000,20.683862,9,"0;1;2;3;5;7;8;10;11"
Root_12880,85.007094,40.961622,8,"1;2;3;5;7;8;10;11"
Root_12881,0.000000,26.013462,8,"0;2;3;5;7;8;10;11"
Root_12882,123.474637,45.591222,7,"2;3;5;7;8;10;11"
Root_12883,0.000000,21.609782,8,"0;1;3;5;7;8;10;11"
Root_12884,85.310774,41.887542,7,"1;3;5;7;8;10;11"
Root_12885,0.000000,26.939382,7,"0;3;5;7;8;10;11"
Root_12886,124.704237,46.517142,6,"3;5;7;8;10;11"
Root_12887,0.000000,22.597430,8,"0;1;2;5;7;8;10;11"
Root_12888,91.425421,42.875190,7,"1;2;5;7;8;10;11"
Root_12889,0.000000,27.927030,7,"0;2;5;7;8;10;11"
Root_12890,132.554659,47.504790,6,"2;5;7;8;10;11"
Root_12891,0.000000,23.523350,7,"0;1;5;7;8;10;11"
Root_12892,92.655021,43.801110,6,"1;5;7;8;10;11"
Root_12893,0.000000,28.852950,6,"0;5;7;8;10;11"
Root_12894,135.636099,48.430710,5,"5;7;8;10;11"
Root_12895,0.000000,20.004854,9,"0;1;2;3;4;7;8;10;11"
Root_12896,87.789814,40.282614,8,"1;2;3;4;7;8;10;11"
Root_12897,0.000000,25.334454,8,"0;2;3;4;7;8;10;11"
Root_12898,121.218144,44.912214,7,"2;3;4;7;8;10;11"
Root_12899,0.000000,20.930774,8,"0;1;3;4;7;8;10;11"
Root_12900,87.167574,41.208534,7,"1;3;4;7;8;10;11"
Root_12901,0.000000,26.260374,7,"0;3;4;7;8;10;11"
Root_12902,121.434038,45.838134,6,"3;4;7;8;10;11"
Root_12903,0.000000,21.918422,8,"0;1;2;4;7;8;10;11"
Root_12904,92.105814,42.196182,7,"1;2;4;7;8;10;11"
Root_12905,0.499830,27.248022,7,"0;2;4;7;8;10;11"
Root_12906,127.421654,46.825782,6,"2;4;7;8;10;11"
Root_12907,0.000000,22.844342,7,"0;1;4;7;8;10;11"
Root_12908,92.409494,43.122102,6,"1;4;7;8;10;11"
Root_12909,0.499830,28.173942,6,"0;4;7;8;10;11"
Root_12910,129.402957,47.751702,5,"4;7;8;10;11"
Root_12911,0.000000,22.227062,8,"0;1;2;3;7;8;10;11"
Root_12912,94.266294,42.504822,7,"1;2;3;7;8;10;11"
Root_12913,0.000000,27.556662,7,"0;2;3;7;8;10;11"
Root_12914,130.025197,47.134422,6,"2;3;7;8;10;11"
Root_12915,0.000000,23.152982,7,"0;1;3;7;8;10;11"
Root_12916,94.569974,43.430742,6,"1;3;7;8;10;11"
Root_12917,0.000000,28.482582,6,"0;3;7;8;10;11"
Root_12918,132.241059,48.060342,5,"3;7;8;10;11"
Root_12919,0.000000,24.140630,7,"0;1;2;7;8;10;11"
Root_12920,100.557590,44.418390,6,"1;2;7;8;10;11"
Root_12921,0.499830,29.470230,6,"0;2;7;8;10;11"
Root_12922,141.191619,49.047990,5,"2;7;8;10;11"
Root_12923,0.000000,25.066550,6,"0;1;7;8;10;11"
Root_12924,102.131501,45.344310,5,"1;7;8;10;11"
Root_12925,0.499830,30.396150,5,"0;7;8;10;11"
Root_12926,145.198979,49.973910,4,"7;8;10;11"
Root_12927,0.000000,19.060416,10,"0;1;2;3;4;5;6;8;10;11"
Root_12928,84.367491,39.338176,9,"1;2;3;4;5;6;8;10;11"
Root_12929,0.000000,24.390016,9,"0;2;3;4;5;6;8;10;11"
Root_12930,122.055053,43.967776,8,"2;3;4;5;6;8;10;11"
Root_12931,0.000000,19.986336,9,"0;1;3;4;5;6;8;10;11"
Root_12932,83.745251,40.264096,8,"1;3;4;5;6;8;10;11"
Root_12933,0.000000,25.315936,8,"0;3;4;5;6;8;10;11"
Root_12934,121.432813,44.893696,7,"3;4;5;6;8;10;11"
Root_12935,0.000000,20.973984,9,"0;1;2;4;5;6;8;10;11"
Root_12936,88.683491,41.251744,8,"1;2;4;5;6;8;10;11"
Root_12937,0.000000,26.303584,8,"0;2;4;5;6;8;10;11"
Root_12938,127.684493,45.881344,7,"2;4;5;6;8;10;11"
Root_12939,0.000000,21.899904,8,"0;1;4;5;6;8;10;11"
Root_12940,88.987171,42.177664,7,"1;4;5;6;8;10;11"
Root_12941,0.000000,27.229504,7,"0;4;5;6;8;10;11"
Root_12942,128.914093,46.807264,6,"4;5;6;8;10;11"
Root_12943,0.000000,21.282624,9,"0;1;2;3;5;6;8;10;11"
Root_12944,91.152611,41.560384,8,"1;2;3;5;6;8;10;11"
Root_12945,0.000000,26.612224,8,"0;2;3;5;6;8;10;11"
Root_12946,130.462253,46.189984,7,"2;3;5;6;8;10;11"
Root_12947,0.000000,22.208544,8,"0;1;3;5;6;8;10;11"
Root_12948,91.456291,42.486304,7,"1;3;5;6;8;10;11"
Root_12949,0.000000,27.538144,7,"0;3;5;6;8;10;11"
Root_12950,131.691853,47.115904,6,"3;5;6;8;10;11"
Root_12951,0.000000,23.196192,8,"0;1;2;5;6;8;10;11"
Root_12952,97.814275,43.473952,7,"1;2;5;6;8;10;11"
Root_12953,0.000000,28.525792,7,"0;2;5;6;8;10;11"
Root_12954,139.141037,48.103552,6,"2;5;6;8;10;11"
Root_12955,0.000000,24.122112,7,"0;1;5;6;8;10;11"
Root_12956,99.043875,44.399872,6,"1;5;6;8;10;11"
Root_12957,0.000000,29.451712,6,"0;5;6;8;10;11"
Root_12958,142.222477,49.029472,5,"5;6;8;10;11"
Root_12959,0.000000,20.603616,9,"0;1;2;3;4;6;8;10;11"
Root_12960,93.533123,40.881376,8,"1;2;3;4;6;8;10;11"
Root_12961,0.000000,25.933216,8,"0;2;3;4;6;8;10;11"
Root_12962,127.519213,45.510976,7,"2;3;4;6;8;10;11"
Root_12963,0.000000,21.529536,8,"0;1;3;4;6;8;10;11"
Root_12964,92.910883,41.807296,7,"1;3;4;6;8;10;11"
Root_12965,0.000000,26.859136,7,"0;3;4;6;8;10;11"
Root_12966,127.822893,46.436896,6,"3;4;6;8;10;11"
Root_12967,0.000000,22.517184,8,"0;1;2;4;6;8;10;11"
Root_12968,97.895907,42.794944,7,"1;2;4;6;8;10;11"
Root_12969,1.098592,27.846784,7,"0;2;4;6;8;10;11"
Root_12970,133.810509,47.424544,6,"2;4;6;8;10;11"
Root_12971,0.000000,23.443104,7,"0;1;4;6;8;10;11"
Root_12972,98.199587,43.720864,6,"1;4;6;8;10;11"
Root_12973,1.098592,28.772704,6,"0;4;6;8;10;11"
Root_12974,135.741037,48.350464,5,"4;6;8;10;11"
Root_12975,0.000000,22.825824,8,"0;1;2;3;6;8;10;11"
Root_12976,100.056387,43.103584,7,"1;2;3;6;8;10;11"
Root_12977,0.000000,28.155424,7,"0;2;3;6;8;10;11"
Root_12978,136.279629,47.733184,6,"2;3;6;8;10;11"
Root_12979,0.000000,23.751744,7,"0;1;3;6;8;10;11"
Root_12980,100.360067,44.029504,6,"1;3;6;8;10;11"
Root_12981,0.000000,29.081344,6,"0;3;6;8;10;11"
Root_12982,138.827437,48.659104,5,"3;6;8;10;11"
Root_12983,0.000000,24.739392,7,"0;1;2;6;8;10;11"
Root_12984,106.364835,45.017152,6,"1;2;6;8;10;11"
Root_12985,1.098592,30.068992,6,"0;2;6;8;10;11"
Root_12986,147.777997,49.646752,5,"2;6;8;10;11"
Root_12987,0.000000,25.665312,6,"0;1;6;8;10;11"
Root_12988,108.520355,45.943072,5,"1;6;8;10;11"
Root_12989,1.098592,30.994912,5,"0;6;8;10;11"
Root_12990,151.785357,50.572672,4,"6;8;10;11"
Root_12991,0.000000,21.486326,9,"0;1;2;3;4;5;8;10;11"
Root_12992,98.221846,41.764086,8,"1;2;3;4;5;8;10;11"
Root_12993,0.067734,26.815926,8,"0;2;3;4;5;8;10;11"
Root_12994,133.105590,46.393686,7,"2;3;4;5;8;10;11"
Root_12995,0.000000,22.412246,8,"0;1;3;4;5;8;10;11"
Root_12996,97.599606,42.690006,7,"1;3;4;5;8;10;11"
Root_12997,0.067734,27.741846,7,"0;3;4;5;8;10;11"
Root_12998,133.728877,47.319606,6,"3;4;5;8;10;11"
Root_12999,0.000000,23.399894,8,"0;1;2;4;5;8;10;11"
Root_13000,102.969942,43.677654,7,"1;2;4;5;8;10;11"
Root_13001,2.184845,28.729494,7,"0;2;4;5;8;10;11"
Root_13002,141.381763,48.307254,6,"2;4;5;8;10;11"
Root_13003,0.000000,24.325814,7,"0;1;4;5;8;10;11"
Root_13004,103.273622,44.603574,6,"1;4;5;8;10;11"
Root_13005,2.184845,29.655414,6,"0;4;5;8;10;11"
Root_13006,144.463203,49.233174,5,"4;5;8;10;11"
Root_13007,0.000000,23.708534,8,"0;1;2;3;5;8;10;11"
Root_13008,105.439062,43.986294,7,"1;2;3;5;8;10;11"
Root_13009,0.067734,29.038134,7,"0;2;3;5;8;10;11"
Root_13010,144.776803,48.615894,6,"2;3;5;8;10;11"
Root_13011,0.000000,24.634454,7,"0;1;3;5;8;10;11"
Root_13012,105.742742,44.912214,6,"1;3;5;8;10;11"
Root_13013,0.067734,29.964054,6,"0;3;5;8;10;11"
Root_13014,147.858243,49.541814,5,"3;5;8;10;11"
Root_13015,0.000000,25.622102,7,"0;1;2;5;8;10;11"
Root_13016,113.000589,45.899862,6,"1;2;5;8;10;11"
Root_13017,2.462467,30.951702,6,"0;2;5;8;10;11"
Root_13018,157.179171,50.529462,5,"2;5;8;10;11"
Root_13019,0.000000,26.548022,6,"0;1;5;8;10;11"
Root_13020,115.156109,46.825782,5,"1;5;8;10;11"
Root_13021,2.184845,31.877622,5,"0;5;8;10;11"
Root_13022,161.641914,51.455382,4,"5;8;10;11"
Root_13023,0.000000,23.029526,8,"0;1;2;3;4;8;10;11"
Root_13024,105.378720,43.307286,7,"1;2;3;4;8;10;11"
Root_13025,1.765037,28.359126,7,"0;2;3;4;8;10;11"
Root_13026,138.112950,47.936886,6,"2;3;4;8;10;11"
Root_13027,0.000000,23.955446,7,"0;1;3;4;8;10;11"
Root_13028,104.756480,44.233206,6,"1;3;4;8;10;11"
Root_13029,1.765037,29.285046,6,"0;3;4;8;10;11"
Root_13030,141.068163,48.862806,5,"3;4;8;10;11"
Root_13031,0.000000,24.943094,7,"0;1;2;4;8;10;11"
Root_13032,109.977302,45.220854,6,"1;2;4;8;10;11"
Root_13033,5.425347,30.272694,6,"0;2;4;8;10;11"
Root_13034,150.018723,49.850454,5,"2;4;8;10;11"
Root_13035,0.000000,25.869014,6,"0;1;4;8;10;11"
Root_13036,111.206902,46.146774,5,"1;4;8;10;11"
Root_13037,5.425347,31.198614,5,"0;4;8;10;11"
Root_13038,154.026083,50.776374,4,"4;8;10;11"
Root_13039,0.000000,25.251734,7,"0;1;2;3;8;10;11"
Root_13040,112.446422,45.529494,6,"1;2;3;8;10;11"
Root_13041,1.765037,30.581334,6,"0;2;3;8;10;11"
Root_13042,153.413763,50.159094,5,"2;3;8;10;11"
Root_13043,0.000000,26.177654,6,"0;1;3;8;10;11"
Root_13044,113.676022,46.455414,5,"1;3;8;10;11"
Root_13045,1.765037,31.507254,5,"0;3;8;10;11"
Root_13046,157.506138,51.085014,4,"3;8;10;11"
Root_13047,0.000000,27.165302,6,"0;1;2;8;10;11"
Root_13048,121.094349,47.443062,5,"1;2;8;10;11"
Root_13049,7.246170,32.494902,5,"0;2;8;10;11"
Root_13050,168.431994,52.072662,4,"2;8;10;11"
Root_13051,0.000000,28.091222,5,"0;1;8;10;11"
Root_13052,124.913754,48.368982,4,"1;8;10;11"
Root_13053,5.846170,33.420822,4,"0;8;10;11"
Root_13054,174.291194,52.998582,3,"8;10;11"
Root_13055,0.000000,20.665344,10,"0;1;2;3;4;5;6;7;10;11"
Root_13056,97.246531,40.943104,9,"1;2;3;4;5;6;7;10;11"
Root_13057,0.000000,25.994944,9,"0;2;3;4;5;6;7;10;11"
Root_13058,136.249741,45.572704,8,"2;3;4;5;6;7;10;11"
Root_13059,0.000000,21.591264,9,"0;1;3;4;5;6;7;10;11"
Root_13060,96.624291,41.869024,8,"1;3;4;5;6;7;10;11"
Root_13061,0.000000,26.920864,8,"0;3;4;5;6;7;10;11"
Root_13062,137.479341,46.498624,7,"3;4;5;6;7;10;11"
Root_13063,0.000000,22.578912,9,"0;1;2;4;5;6;7;10;11"
Root_13064,101.732771,42.856672,8,"1;2;4;5;6;7;10;11"
Root_13065,1.160320,27.908512,8,"0;2;4;5;6;7;10;11"
Root_13066,144.824973,47.486272,7,"2;4;5;6;7;10;11"
Root_13067,0.000000,23.504832,8,"0;1;4;5;6;7;10;11"
Root_13068,102.036451,43.782592,7,"1;4;5;6;7;10;11"
Root_13069,1.160320,28.834432,7,"0;4;5;6;7;10;11"
Root_13070,146.980493,48.412192,6,"4;5;6;7;10;11"
Root_13071,0.000000,22.887552,9,"0;1;2;3;5;6;7;10;11"
Root_13072,104.201891,43.165312,8,"1;2;3;5;6;7;10;11"
Root_13073,0.000000,28.217152,8,"0;2;3;5;6;7;10;11"
Root_13074,147.911373,47.794912,7,"2;3;5;6;7;10;11"
Root_13075,0.000000,23.813472,8,"0;1;3;5;6;7;10;11"
Root_13076,104.505571,44.091232,7,"1;3;5;6;7;10;11"
Root_13077,0.000000,29.143072,7,"0;3;5;6;7;10;11"
Root_13078,150.066893,48.720832,6,"3;5;6;7;10;11"
Root_13079,0.000000,24.801120,8,"0;1;2;5;6;7;10;11"
Root_13080,111.021315,45.078880,7,"1;2;5;6;7;10;11"
Root_13081,1.160320,30.130720,7,"0;2;5;6;7;10;11"
Root_13082,158.400173,49.708480,6,"2;5;6;7;10;11"
Root_13083,0.000000,25.727040,7,"0;1;5;6;7;10;11"
Root_13084,114.102755,46.004800,6,"1;5;6;7;10;11"
Root_13085,1.160320,31.056640,6,"0;5;6;7;10;11"
Root_13086,161.481613,50.634400,5,"5;6;7;10;11"
Root_13087,0.000000,22.208544,9,"0;1;2;3;4;6;7;10;11"
Root_13088,104.962531,42.486304,8,"1;2;3;4;6;7;10;11"
Root_13089,0.789952,27.538144,8,"0;2;3;4;6;7;10;11"
Root_13090,142.684397,47.115904,7,"2;3;4;6;7;10;11"
Root_13091,0.000000,23.134464,8,"0;1;3;4;6;7;10;11"
Root_13092,104.340291,43.412224,7,"1;3;4;6;7;10;11"
Root_13093,0.789952,28.464064,7,"0;3;4;6;7;10;11"
Root_13094,143.955821,48.041824,6,"3;4;6;7;10;11"
Root_13095,0.000000,24.122112,8,"0;1;2;4;6;7;10;11"
Root_13096,109.340259,44.399872,7,"1;2;4;6;7;10;11"
Root_13097,3.629280,29.451712,7,"0;2;4;6;7;10;11"
Root_13098,151.918733,49.029472,6,"2;4;6;7;10;11"
Root_13099,0.000000,25.048032,7,"0;1;4;6;7;10;11"
Root_13100,110.295523,45.325792,6,"1;4;6;7;10;11"
Root_13101,3.629280,30.377632,6,"0;4;6;7;10;11"
Root_13102,155.000173,49.955392,5,"4;6;7;10;11"
Root_13103,0.000000,24.430752,8,"0;1;2;3;6;7;10;11"
Root_13104,111.500739,44.708512,7,"1;2;3;6;7;10;11"
Root_13105,0.789952,29.760352,7,"0;2;3;6;7;10;11"
Root_13106,155.005133,49.338112,6,"2;3;6;7;10;11"
Root_13107,0.000000,25.356672,7,"0;1;3;6;7;10;11"
Root_13108,113.073283,45.634432,6,"1;3;6;7;10;11"
Root_13109,0.789952,30.686272,6,"0;3;6;7;10;11"
Root_13110,158.086573,50.264032,5,"3;6;7;10;11"
Root_13111,0.000000,26.344320,7,"0;1;2;6;7;10;11"
Root_13112,121.036195,46.622080,6,"1;2;6;7;10;11"
Root_13113,4.629120,31.673920,6,"0;2;6;7;10;11"
Root_13114,167.288813,51.251680,5,"2;6;7;10;11"
Root_13115,0.000000,27.270240,6,"0;1;6;7;10;11"
Root_13116,124.117635,47.548000,5,"1;6;7;10;11"
Root_13117,3.629280,32.599840,5,"0;6;7;10;11"
Root_13118,172.222093,52.177600,4,"6;7;10;11"
Root_13119,0.000000,23.091254,9,"0;1;2;3;4;5;7;10;11"
Root_13120,109.666198,43.369014,8,"1;2;3;4;5;7;10;11"
Root_13121,1.672662,28.420854,8,"0;2;3;4;5;7;10;11"
Root_13122,150.152099,47.998614,7,"2;3;4;5;7;10;11"
Root_13123,0.000000,24.017174,8,"0;1;3;4;5;7;10;11"
Root_13124,109.043958,44.294934,7,"1;3;4;5;7;10;11"
Root_13125,1.672662,29.346774,7,"0;3;4;5;7;10;11"
Root_13126,152.307619,48.924534,6,"3;4;5;7;10;11"
Root_13127,0.000000,25.004822,8,"0;1;2;4;5;7;10;11"
Root_13128,114.979459,45.282582,7,"1;2;4;5;7;10;11"
Root_13129,5.394701,30.334422,7,"0;2;4;5;7;10;11"
Root_13130,160.640899,49.912182,6,"2;4;5;7;10;11"
Root_13131,0.000000,25.930742,7,"0;1;4;5;7;10;11"
Root_13132,117.134979,46.208502,6,"1;4;5;7;10;11"
Root_13133,5.394701,31.260342,6,"0;4;5;7;10;11"
Root_13134,163.722339,50.838102,5,"4;5;7;10;11"
Root_13135,0.000000,25.313462,8,"0;1;2;3;5;7;10;11"
Root_13136,118.065859,45.591222,7,"1;2;3;5;7;10;11"
Root_13137,1.672662,30.643062,7,"0;2;3;5;7;10;11"
Root_13138,164.035939,50.220822,6,"2;3;5;7;10;11"
Root_13139,0.000000,26.239382,7,"0;1;3;5;7;10;11"
Root_13140,120.221379,46.517142,6,"1;3;5;7;10;11"
Root_13141,1.672662,31.568982,6,"0;3;5;7;10;11"
Root_13142,167.264122,51.146742,5,"3;5;7;10;11"
Root_13143,0.000000,27.227030,7,"0;1;2;5;7;10;11"
Root_13144,129.059450,47.504790,6,"1;2;5;7;10;11"
Root_13145,7.277251,32.556630,6,"0;2;5;7;10;11"
Root_13146,177.572698,52.134390,5,"2;5;7;10;11"
Root_13147,0.000000,28.152950,6,"0;1;5;7;10;11"
Root_13148,133.066810,48.430710,5,"1;5;7;10;11"
Root_13149,5.877251,33.482550,5,"0;5;7;10;11"
Root_13150,182.505978,53.060310,4,"5;7;10;11"
Root_13151,0.000000,24.634454,8,"0;1;2;3;4;7;10;11"
Root_13152,115.218144,44.912214,7,"1;2;3;4;7;10;11"
Root_13153,5.783395,29.964054,7,"0;2;3;4;7;10;11"
Root_13154,157.245859,49.541814,6,"2;3;4;7;10;11"
Root_13155,0.000000,25.560374,7,"0;1;3;4;7;10;11"
Root_13156,116.272173,45.838134,6,"1;3;4;7;10;11"
Root_13157,5.783395,30.889974,6,"0;3;4;7;10;11"
Root_13158,160.327299,50.467734,5,"3;4;7;10;11"
Root_13159,0.000000,26.548022,7,"0;1;2;4;7;10;11"
Root_13160,123.247437,46.825782,6,"1;2;4;7;10;11"
Root_13161,10.814106,31.877622,6,"0;2;4;7;10;11"
Root_13162,169.733242,51.455382,5,"2;4;7;10;11"
Root_13163,0.000000,27.473942,6,"0;1;4;7;10;11"
Root_13164,126.154659,47.751702,5,"1;4;7;10;11"
Root_13165,9.610563,32.803542,5,"0;4;7;10;11"
Root_13166,174.666522,52.381302,4,"4;7;10;11"
Root_13167,0.000000,26.856662,7,"0;1;2;3;7;10;11"
Root_13168,126.159619,47.134422,6,"1;2;3;7;10;11"
Root_13169,7.295578,32.186262,6,"0;2;3;7;10;11"
Root_13170,173.436922,51.764022,5,"2;3;7;10;11"
Root_13171,0.000000,27.782582,6,"0;1;3;7;10;11"
Root_13172,129.301402,48.060342,5,"1;3;7;10;11"
Root_13173,5.895578,33.112182,5,"0;3;7;10;11"
Root_13174,178.370202,52.689942,4,"3;7;10;11"
Root_13175,0.000000,28.770230,6,"0;1;2;7;10;11"
Root_13176,139.239610,49.047990,5,"1;2;7;10;11"
Root_13177,13.006682,34.099830,5,"0;2;7;10;11"
Root_13178,189.296058,53.677590,4,"2;7;10;11"
Root_13179,0.000000,29.696150,5,"0;1;7;10;11"
Root_13180,144.172890,49.973910,4,"1;7;10;11"
Root_13181,10.532602,35.025750,4,"0;7;10;11"
Root_13182,195.155258,54.603510,3,"7;10;11"
Root_13183,0.000000,23.690016,9,"0;1;2;3;4;5;6;10;11"
Root_13184,116.055053,43.967776,8,"1;2;3;4;5;6;10;11"
Root_13185,2.950080,29.019616,8,"0;2;3;4;5;6;10;11"
Root_13186,157.337238,48.597376,7,"2;3;4;5;6;10;11"
Root_13187,0.000000,24.615936,8,"0;1;3;4;5;6;10;11"
Root_13188,115.432813,44.893696,7,"1;3;4;5;6;10;11"
Root_13189,2.950080,29.945536,7,"0;3;4;5;6;10;11"
Root_13190,159.492758,49.523296,6,"3;4;5;6;10;11"
Root_13191,0.000000,25.603584,8,"0;1;2;4;5;6;10;11"
Root_13192,122.565837,45.881344,7,"1;2;4;5;6;10;11"
Root_13193,7.036352,30.933184,7,"0;2;4;5;6;10;11"
Root_13194,167.826038,50.510944,6,"2;4;5;6;10;11"
Root_13195,0.000000,26.529504,7,"0;1;4;5;6;10;11"
Root_13196,124.721357,46.807264,6,"1;4;5;6;10;11"
Root_13197,6.777248,31.859104,6,"0;4;5;6;10;11"
Root_13198,171.344342,51.436864,5,"4;5;6;10;11"
Root_13199,0.000000,25.912224,8,"0;1;2;3;5;6;10;11"
Root_13200,125.652237,46.189984,7,"1;2;3;5;6;10;11"
Root_13201,3.517824,31.241824,7,"0;2;3;5;6;10;11"
Root_13202,171.221078,50.819584,6,"2;3;5;6;10;11"
Root_13203,0.000000,26.838144,7,"0;1;3;5;6;10;11"
Root_13204,127.807757,47.115904,6,"1;3;5;6;10;11"
Root_13205,2.950080,32.167744,6,"0;3;5;6;10;11"
Root_13206,175.048022,51.745504,5,"3;5;6;10;11"
Root_13207,0.000000,27.825792,7,"0;1;2;5;6;10;11"
Root_13208,136.244589,48.103552,6,"1;2;5;6;10;11"
Root_13209,9.228928,33.155392,6,"0;2;5;6;10;11"
Root_13210,185.356598,52.733152,5,"2;5;6;10;11"
Root_13211,0.000000,28.751712,6,"0;1;5;6;10;11"
Root_13212,140.251949,49.029472,5,"1;5;6;10;11"
Root_13213,7.673536,34.081312,5,"0;5;6;10;11"
Root_13214,190.289878,53.659072,4,"5;6;10;11"
Root_13215,0.000000,25.233216,8,"0;1;2;3;4;6;10;11"
Root_13216,122.030189,45.510976,7,"1;2;3;4;6;10;11"
Root_13217,7.579680,30.562816,7,"0;2;3;4;6;10;11"
Root_13218,164.430998,50.140576,6,"2;3;4;6;10;11"
Root_13219,0.000000,26.159136,7,"0;1;3;4;6;10;11"
Root_13220,123.259789,46.436896,6,"1;3;4;6;10;11"
Root_13221,7.579680,31.488736,6,"0;3;4;6;10;11"
Root_13222,167.578934,51.066496,5,"3;4;6;10;11"
Root_13223,0.398592,27.146784,7,"0;1;2;4;6;10;11"
Root_13224,130.235053,47.424544,6,"1;2;4;6;10;11"
Root_13225,13.209152,32.476384,6,"0;2;4;6;10;11"
Root_13226,177.517142,52.054144,5,"2;4;6;10;11"
Root_13227,0.398592,28.072704,6,"0;1;4;6;10;11"
Root_13228,133.091501,48.350464,5,"1;4;6;10;11"
Root_13229,11.809152,33.402304,5,"0;4;6;10;11"
Root_13230,182.450422,52.980064,4,"4;6;10;11"
Root_13231,0.000000,27.455424,7,"0;1;2;3;6;10;11"
Root_13232,133.012813,47.733184,6,"1;2;3;6;10;11"
Root_13233,9.690624,32.785024,6,"0;2;3;6;10;11"
Root_13234,181.220822,52.362784,5,"2;3;6;10;11"
Root_13235,0.000000,28.381344,6,"0;1;3;6;10;11"
Root_13236,136.486541,48.659104,5,"1;3;6;10;11"
Root_13237,8.290624,33.710944,5,"0;3;6;10;11"
Root_13238,186.154102,53.288704,4,"3;6;10;11"
Root_13239,0.398592,29.368992,6,"0;1;2;6;10;11"
Root_13240,146.424749,49.646752,5,"1;2;6;10;11"
Root_13241,15.401728,34.698592,5,"0;2;6;10;11"
Root_13242,197.079958,54.276352,4,"2;6;10;11"
Root_13243,0.398592,30.294912,5,"0;1;6;10;11"
Root_13244,151.358029,50.572672,4,"1;6;10;11"
Root_13245,12.927648,35.624512,4,"0;6;10;11"
Root_13246,202.939158,55.202272,3,"6;10;11"
Root_13247,0.000000,26.115926,8,"0;1;2;3;4;5;10;11"
Root_13248,128.499277,46.393686,7,"1;2;3;4;5;10;11"
Root_13249,10.999290,31.445526,7,"0;2;3;4;5;10;11"
Root_13250,173.688794,51.023286,6,"2;3;4;5;10;11"
Root_13251,0.000000,27.041846,7,"0;1;3;4;5;10;11"
Root_13252,130.048483,47.319606,6,"1;3;4;5;10;11"
Root_13253,10.227843,32.371446,6,"0;3;4;5;10;11"
Root_13254,177.696154,51.949206,5,"3;4;5;10;11"
Root_13255,1.281302,28.029494,7,"0;1;2;4;5;10;11"
Root_13256,138.689018,48.307254,6,"1;2;4;5;10;11"
Root_13257,17.099088,33.359094,6,"0;2;4;5;10;11"
Root_13258,188.004730,52.936854,5,"2;4;5;10;11"
Root_13259,1.281302,28.955414,6,"0;1;4;5;10;11"
Root_13260,142.696378,49.233174,5,"1;4;5;10;11"
Root_13261,15.339994,34.285014,5,"0;4;5;10;11"
Root_13262,192.938010,53.862774,4,"4;5;10;11"
Root_13263,0.000000,28.338134,7,"0;1;2;3;5;10;11"
Root_13264,142.392698,48.615894,6,"1;2;3;5;10;11"
Root_13265,13.191866,33.667734,6,"0;2;3;5;10;11"
Root_13266,192.017050,53.245494,5,"2;3;5;10;11"
Root_13267,0.000000,29.264054,6,"0;1;3;5;10;11"
Root_13268,146.400058,49.541814,5,"1;3;5;10;11"
Root_13269,11.124131,34.593654,5,"0;3;5;10;11"
Root_13270,196.950330,54.171414,4,"3;5;10;11"
Root_13271,1.281302,30.251702,6,"0;1;2;5;10;11"
Root_13272,156.708634,50.529462,5,"1;2;5;10;11"
Root_13273,18.932570,35.581302,5,"0;2;5;10;11"
Root_13274,208.246554,55.159062,4,"2;5;10;11"
Root_13275,1.281302,31.177622,5,"0;1;5;10;11"
Root_13276,161.641914,51.455382,4,"1;5;10;11"
Root_13277,16.965712,36.507222,4,"0;5;10;11"
Root_13278,214.105754,56.084982,3,"5;10;11"
Root_13279,0.910934,27.659126,7,"0;1;2;3;4;10;11"
Root_13280,135.049837,47.936886,6,"1;2;3;4;10;11"
Root_13281,18.548432,32.988726,6,"0;2;3;4;10;11"
Root_13282,183.868954,52.566486,5,"2;3;4;10;11"
Root_13283,0.910934,28.585046,6,"0;1;3;4;10;11"
Root_13284,138.930970,48.862806,5,"1;3;4;10;11"
Root_13285,17.148432,33.914646,5,"0;3;4;10;11"
Root_13286,188.802234,53.492406,4,"3;4;10;11"
Root_13287,3.871245,29.572694,6,"0;1;2;4;10;11"
Root_13288,148.869178,49.850454,5,"1;2;4;10;11"
Root_13289,24.815088,34.902294,5,"0;2;4;10;11"
Root_13290,199.728090,54.480054,4,"2;4;10;11"
Root_13291,3.871245,30.498614,5,"0;1;4;10;11"
Root_13292,153.802458,50.776374,4,"1;4;10;11"
Root_13293,22.341008,35.828214,4,"0;4;10;11"
Root_13294,205.587290,55.405974,3,"4;10;11"
Root_13295,0.910934,29.881334,6,"0;1;2;3;10;11"
Root_13296,152.572858,50.159094,5,"1;2;3;10;11"
Root_13297,20.741008,35.210934,5,"0;2;3;10;11"
Root_13298,203.740410,54.788694,4,"2;3;10;11"
Root_13299,0.910934,30.807254,5,"0;1;3;10;11"
Root_13300,157.506138,51.085014,4,"1;3;10;11"
Root_13301,18.403782,36.136854,4,"0;3;10;11"
Root_13302,209.599610,55.714614,3,"3;10;11"
Root_13303,4.992067,31.794902,5,"0;1;2;10;11"
Root_13304,168.431994,52.072662,4,"1;2;10;11"
Root_13305,26.229872,37.124502,4,"0;2;10;11"
Root_13306,221.513114,56.702262,3,"2;10;11"
Root_13307,3.871245,32.720822,4,"0;1;10;11"
Root_13308,174.291194,52.998582,3,"1;10;11"
Root_13309,24.681712,38.050422,3,"0;10;11"
Root_13310,228.298234,57.628182,2,"10;11"
Root_13311,0.000000,14.369088,11,"0;1;2;3;4;5;6;7;8;9;11"
Root_13312,64.762874,34.646848,10,"1;2;3;4;5;6;7;8;9;11"
Root_13313,0.000000,19.698688,10,"0;2;3;4;5;6;7;8;9;11"
Root_13314,100.284858,39.276448,9,"2;3;4;5;6;7;8;9;11"
Root_13315,0.000000,15.295008,10,"0;1;3;4;5;6;7;8;9;11"
Root_13316,61.588794,35.572768,9,"1;3;4;5;6;7;8;9;11"
Root_13317,0.000000,20.624608,9,"0;3;4;5;6;7;8;9;11"
Root_13318,98.962618,40.202368,8,"3;4;5;6;7;8;9;11"
Root_13319,0.000000,16.282656,10,"0;1;2;4;5;6;7;8;9;11"
Root_13320,68.564090,36.560416,9,"1;2;4;5;6;7;8;9;11"
Root_13321,0.000000,21.612256,9,"0;2;4;5;6;7;8;9;11"
Root_13322,102.913210,41.190016,8,"2;4;5;6;7;8;9;11"
Root_13323,0.000000,17.208576,9,"0;1;4;5;6;7;8;9;11"
Root_13324,66.802266,37.486336,8,"1;4;5;6;7;8;9;11"
Root_13325,0.000000,22.538176,8,"0;4;5;6;7;8;9;11"
Root_13326,102.516890,42.115936,7,"4;5;6;7;8;9;11"
Root_13327,0.000000,16.591296,10,"0;1;2;3;5;6;7;8;9;11"
Root_13328,65.359066,36.869056,9,"1;2;3;5;6;7;8;9;11"
Root_13329,0.000000,21.920896,9,"0;2;3;5;6;7;8;9;11"
Root_13330,104.832826,41.498656,8,"2;3;5;6;7;8;9;11"
Root_13331,0.000000,17.517216,9,"0;1;3;5;6;7;8;9;11"
Root_13332,64.831802,37.794976,8,"1;3;5;6;7;8;9;11"
Root_13333,0.000000,22.846816,8,"0;3;5;6;7;8;9;11"
Root_13334,104.436506,42.424576,7,"3;5;6;7;8;9;11"
Root_13335,0.000000,18.504864,9,"0;1;2;5;6;7;8;9;11"
Root_13336,71.987418,38.782624,8,"1;2;5;6;7;8;9;11"
Root_13337,0.000000,23.834464,8,"0;2;5;6;7;8;9;11"
Root_13338,109.806842,43.412224,7,"2;5;6;7;8;9;11"
Root_13339,0.000000,19.430784,8,"0;1;5;6;7;8;9;11"
Root_13340,71.591098,39.708544,7,"1;5;6;7;8;9;11"
Root_13341,0.000000,24.760384,7,"0;5;6;7;8;9;11"
Root_13342,110.336442,44.338144,6,"5;6;7;8;9;11"
Root_13343,0.000000,15.912288,10,"0;1;2;3;4;6;7;8;9;11"
Root_13344,72.335590,36.190048,9,"1;2;3;4;6;7;8;9;11"
Root_13345,0.000000,21.241888,9,"0;2;3;4;6;7;8;9;11"
Root_13346,108.000858,40.819648,8,"2;3;4;6;7;8;9;11"
Root_13347,0.000000,16.838208,9,"0;1;3;4;6;7;8;9;11"
Root_13348,70.203398,37.115968,8,"1;3;4;6;7;8;9;11"
Root_13349,0.000000,22.167808,8,"0;3;4;6;7;8;9;11"
Root_13350,106.678618,41.745568,7,"3;4;6;7;8;9;11"
Root_13351,0.000000,17.825856,9,"0;1;2;4;6;7;8;9;11"
Root_13352,77.050374,38.103616,8,"1;2;4;6;7;8;9;11"
Root_13353,0.000000,23.155456,8,"0;2;4;6;7;8;9;11"
Root_13354,110.629210,42.733216,7,"2;4;6;7;8;9;11"
Root_13355,0.000000,18.751776,8,"0;1;4;6;7;8;9;11"
Root_13356,75.728134,39.029536,7,"1;4;6;7;8;9;11"
Root_13357,0.000000,24.081376,7,"0;4;6;7;8;9;11"
Root_13358,110.232890,43.659136,6,"4;6;7;8;9;11"
Root_13359,0.000000,18.134496,9,"0;1;2;3;6;7;8;9;11"
Root_13360,75.697190,38.412256,8,"1;2;3;6;7;8;9;11"
Root_13361,0.000000,23.464096,8,"0;2;3;6;7;8;9;11"
Root_13362,112.481050,43.041856,7,"2;3;6;7;8;9;11"
Root_13363,0.000000,19.060416,8,"0;1;3;6;7;8;9;11"
Root_13364,75.300870,39.338176,7,"1;3;6;7;8;9;11"
Root_13365,0.000000,24.390016,7,"0;3;6;7;8;9;11"
Root_13366,112.084730,43.967776,6,"3;6;7;8;9;11"
Root_13367,0.000000,20.048064,8,"0;1;2;6;7;8;9;11"
Root_13368,80.913286,40.325824,7,"1;2;6;7;8;9;11"
Root_13369,0.000000,25.377664,7,"0;2;6;7;8;9;11"
Root_13370,117.084698,44.955424,6,"2;6;7;8;9;11"
Root_13371,0.000000,20.973984,7,"0;1;6;7;8;9;11"
Root_13372,80.768710,41.251744,6,"1;6;7;8;9;11"
Root_13373,0.000000,26.303584,6,"0;6;7;8;9;11"
Root_13374,118.495642,45.881344,5,"6;7;8;9;11"
Root_13375,0.000000,16.794998,10,"0;1;2;3;4;5;7;8;9;11"
Root_13376,76.044246,37.072758,9,"1;2;3;4;5;7;8;9;11"
Root_13377,0.000000,22.124598,9,"0;2;3;4;5;7;8;9;11"
Root_13378,111.760086,41.702358,8,"2;3;4;5;7;8;9;11"
Root_13379,0.000000,17.720918,9,"0;1;3;4;5;7;8;9;11"
Root_13380,74.722006,37.998678,8,"1;3;4;5;7;8;9;11"
Root_13381,0.000000,23.050518,8,"0;3;4;5;7;8;9;11"
Root_13382,110.437846,42.628278,7,"3;4;5;7;8;9;11"
Root_13383,0.000000,18.708566,9,"0;1;2;4;5;7;8;9;11"
Root_13384,80.686272,38.986326,8,"1;2;4;5;7;8;9;11"
Root_13385,0.000000,24.038166,8,"0;2;4;5;7;8;9;11"
Root_13386,114.820534,43.615926,7,"2;4;5;7;8;9;11"
Root_13387,0.000000,19.634486,8,"0;1;4;5;7;8;9;11"
Root_13388,79.364032,39.912246,7,"1;4;5;7;8;9;11"
Root_13389,0.000000,24.964086,7,"0;4;5;7;8;9;11"
Root_13390,114.424214,44.541846,6,"4;5;7;8;9;11"
Root_13391,0.000000,19.017206,9,"0;1;2;3;5;7;8;9;11"
Root_13392,80.215798,39.294966,8,"1;2;3;5;7;8;9;11"
Root_13393,0.000000,24.346806,8,"0;2;3;5;7;8;9;11"
Root_13394,116.981014,43.924566,7,"2;3;5;7;8;9;11"
Root_13395,0.000000,19.943126,8,"0;1;3;5;7;8;9;11"
Root_13396,79.819478,40.220886,7,"1;3;5;7;8;9;11"
Root_13397,0.000000,25.272726,7,"0;3;5;7;8;9;11"
Root_13398,116.584694,44.850486,6,"3;5;7;8;9;11"
Root_13399,0.000000,20.930774,8,"0;1;2;5;7;8;9;11"
Root_13400,84.757718,41.208534,7,"1;2;5;7;8;9;11"
Root_13401,0.000000,26.260374,7,"0;2;5;7;8;9;11"
Root_13402,122.793165,45.838134,6,"2;5;7;8;9;11"
Root_13403,0.000000,21.856694,7,"0;1;5;7;8;9;11"
Root_13404,85.287318,42.134454,6,"1;5;7;8;9;11"
Root_13405,0.000000,27.186294,6,"0;5;7;8;9;11"
Root_13406,124.248685,46.764054,5,"5;7;8;9;11"
Root_13407,0.000000,18.338198,9,"0;1;2;3;4;7;8;9;11"
Root_13408,85.303446,38.615958,8,"1;2;3;4;7;8;9;11"
Root_13409,0.000000,23.667798,8,"0;2;3;4;7;8;9;11"
Root_13410,117.661408,43.245558,7,"2;3;4;7;8;9;11"
Root_13411,0.000000,19.264118,8,"0;1;3;4;7;8;9;11"
Root_13412,83.981206,39.541878,7,"1;3;4;7;8;9;11"
Root_13413,0.000000,24.593718,7,"0;3;4;7;8;9;11"
Root_13414,116.339168,44.171478,6,"3;4;7;8;9;11"
Root_13415,0.000000,20.251766,8,"0;1;2;4;7;8;9;11"
Root_13416,88.402272,40.529526,7,"1;2;4;7;8;9;11"
Root_13417,0.000000,25.581366,7,"0;2;4;7;8;9;11"
Root_13418,120.510614,45.159126,6,"2;4;7;8;9;11"
Root_13419,0.000000,21.177686,7,"0;1;4;7;8;9;11"
Root_13420,87.535478,41.455446,6,"1;4;7;8;9;11"
Root_13421,0.000000,26.507286,6,"0;4;7;8;9;11"
Root_13422,121.040214,46.085046,5,"4;7;8;9;11"
Root_13423,0.000000,20.560406,8,"0;1;2;3;7;8;9;11"
Root_13424,89.474998,40.838166,7,"1;2;3;7;8;9;11"
Root_13425,0.000000,25.890006,7,"0;2;3;7;8;9;11"
Root_13426,122.671094,45.467766,6,"2;3;7;8;9;11"
Root_13427,0.000000,21.486326,7,"0;1;3;7;8;9;11"
Root_13428,89.078678,41.764086,6,"1;3;7;8;9;11"
Root_13429,0.000000,26.815926,6,"0;3;7;8;9;11"
Root_13430,123.200694,46.393686,5,"3;7;8;9;11"
Root_13431,0.000000,22.473974,7,"0;1;2;7;8;9;11"
Root_13432,94.016918,42.751734,6,"1;2;7;8;9;11"
Root_13433,0.000000,27.803574,6,"0;2;7;8;9;11"
Root_13434,129.569645,47.381334,5,"2;7;8;9;11"
Root_13435,0.000000,23.399894,6,"0;1;7;8;9;11"
Root_13436,94.546518,43.677654,5,"1;7;8;9;11"
Root_13437,0.000000,28.729494,5,"0;7;8;9;11"
Root_13438,132.258339,48.307254,4,"7;8;9;11"
Root_13439,0.000000,17.393760,10,"0;1;2;3;4;5;6;8;9;11"
Root_13440,82.044090,37.671520,9,"1;2;3;4;5;6;8;9;11"
Root_13441,0.000000,22.723360,9,"0;2;3;4;5;6;8;9;11"
Root_13442,117.982275,42.301120,8,"2;3;4;5;6;8;9;11"
Root_13443,0.000000,18.319680,9,"0;1;3;4;5;6;8;9;11"
Root_13444,80.721850,38.597440,8,"1;3;4;5;6;8;9;11"
Root_13445,0.000000,23.649280,8,"0;3;4;5;6;8;9;11"
Root_13446,116.660035,43.227040,7,"3;4;5;6;8;9;11"
Root_13447,0.000000,19.307328,9,"0;1;2;4;5;6;8;9;11"
Root_13448,86.087354,39.585088,8,"1;2;4;5;6;8;9;11"
Root_13449,0.000000,24.636928,8,"0;2;4;5;6;8;9;11"
Root_13450,121.042723,44.214688,7,"2;4;5;6;8;9;11"
Root_13451,0.000000,20.233248,8,"0;1;4;5;6;8;9;11"
Root_13452,84.765114,40.511008,7,"1;4;5;6;8;9;11"
Root_13453,0.000000,25.562848,7,"0;4;5;6;8;9;11"
Root_13454,120.787011,45.140608,6,"4;5;6;8;9;11"
Root_13455,0.000000,19.615968,9,"0;1;2;3;5;6;8;9;11"
Root_13456,86.215642,39.893728,8,"1;2;3;5;6;8;9;11"
Root_13457,0.000000,24.945568,8,"0;2;3;5;6;8;9;11"
Root_13458,123.203203,44.523328,7,"2;3;5;6;8;9;11"
Root_13459,0.000000,20.541888,8,"0;1;3;5;6;8;9;11"
Root_13460,85.819322,40.819648,7,"1;3;5;6;8;9;11"
Root_13461,0.000000,25.871488,7,"0;3;5;6;8;9;11"
Root_13462,123.256131,45.449248,6,"3;5;6;8;9;11"
Root_13463,0.000000,21.529536,8,"0;1;2;5;6;8;9;11"
Root_13464,90.757562,41.807296,7,"1;2;5;6;8;9;11"
Root_13465,0.000000,26.859136,7,"0;2;5;6;8;9;11"
Root_13466,129.614115,46.436896,6,"2;5;6;8;9;11"
Root_13467,0.000000,22.455456,7,"0;1;5;6;8;9;11"
Root_13468,91.287162,42.733216,6,"1;5;6;8;9;11"
Root_13469,0.000000,27.785056,6,"0;5;6;8;9;11"
Root_13470,131.069635,47.362816,5,"5;6;8;9;11"
Root_13471,0.000000,18.936960,9,"0;1;2;3;4;6;8;9;11"
Root_13472,90.556506,39.214720,8,"1;2;3;4;6;8;9;11"
Root_13473,0.000000,24.266560,8,"0;2;3;4;6;8;9;11"
Root_13474,123.284835,43.844320,7,"2;3;4;6;8;9;11"
Root_13475,0.000000,19.862880,8,"0;1;3;4;6;8;9;11"
Root_13476,89.234266,40.140640,7,"1;3;4;6;8;9;11"
Root_13477,0.000000,25.192480,7,"0;3;4;6;8;9;11"
Root_13478,121.962595,44.770240,6,"3;4;6;8;9;11"
Root_13479,0.000000,20.850528,8,"0;1;2;4;6;8;9;11"
Root_13480,93.184858,41.128288,7,"1;2;4;6;8;9;11"
Root_13481,0.000000,26.180128,7,"0;2;4;6;8;9;11"
Root_13482,126.732803,45.757888,6,"2;4;6;8;9;11"
Root_13483,0.000000,21.776448,7,"0;1;4;6;8;9;11"
Root_13484,92.788538,42.054208,6,"1;4;6;8;9;11"
Root_13485,0.000000,27.106048,6,"0;4;6;8;9;11"
Root_13486,127.262403,46.683808,5,"4;6;8;9;11"
Root_13487,0.000000,21.159168,8,"0;1;2;3;6;8;9;11"
Root_13488,95.036698,41.436928,7,"1;2;3;6;8;9;11"
Root_13489,0.000000,26.488768,7,"0;2;3;6;8;9;11"
Root_13490,128.893283,46.066528,6,"2;3;6;8;9;11"
Root_13491,0.000000,22.085088,7,"0;1;3;6;8;9;11"
Root_13492,94.640378,42.362848,6,"1;3;6;8;9;11"
Root_13493,0.000000,27.414688,6,"0;3;6;8;9;11"
Root_13494,129.422883,46.992448,5,"3;6;8;9;11"
Root_13495,0.000000,23.072736,7,"0;1;2;6;8;9;11"
Root_13496,99.640346,43.350496,6,"1;2;6;8;9;11"
Root_13497,0.000000,28.402336,6,"0;2;6;8;9;11"
Root_13498,135.410499,47.980096,5,"2;6;8;9;11"
Root_13499,0.000000,23.998656,6,"0;1;6;8;9;11"
Root_13500,100.169946,44.276416,5,"1;6;8;9;11"
Root_13501,0.000000,29.328256,5,"0;6;8;9;11"
Root_13502,138.678051,48.906016,4,"6;8;9;11"
Root_13503,0.000000,19.819670,9,"0;1;2;3;4;5;8;9;11"
Root_13504,94.747830,40.097430,8,"1;2;3;4;5;8;9;11"
Root_13505,0.000000,25.149270,8,"0;2;3;4;5;8;9;11"
Root_13506,127.105792,44.727030,7,"2;3;4;5;8;9;11"
Root_13507,0.000000,20.745590,8,"0;1;3;4;5;8;9;11"
Root_13508,93.425590,41.023350,7,"1;3;4;5;8;9;11"
Root_13509,0.000000,26.075190,7,"0;3;4;5;8;9;11"
Root_13510,126.436502,45.652950,6,"3;4;5;8;9;11"
Root_13511,0.000000,21.733238,8,"0;1;2;4;5;8;9;11"
Root_13512,97.376182,42.010998,7,"1;2;4;5;8;9;11"
Root_13513,0.770029,27.062838,7,"0;2;4;5;8;9;11"
Root_13514,131.806838,46.640598,6,"2;4;5;8;9;11"
Root_13515,0.000000,22.659158,7,"0;1;4;5;8;9;11"
Root_13516,96.979862,42.936918,6,"1;4;5;8;9;11"
Root_13517,0.770029,27.988758,6,"0;4;5;8;9;11"
Root_13518,132.902957,47.566518,5,"4;5;8;9;11"
Root_13519,0.000000,22.041878,8,"0;1;2;3;5;8;9;11"
Root_13520,99.536662,42.319638,7,"1;2;3;5;8;9;11"
Root_13521,0.000000,27.371478,7,"0;2;3;5;8;9;11"
Root_13522,134.275958,46.949238,6,"2;3;5;8;9;11"
Root_13523,0.000000,22.967798,7,"0;1;3;5;8;9;11"
Root_13524,99.140342,43.245558,6,"1;3;5;8;9;11"
Root_13525,0.000000,28.297398,6,"0;3;5;8;9;11"
Root_13526,135.680717,47.875158,5,"3;5;8;9;11"
Root_13527,0.000000,23.955446,7,"0;1;2;5;8;9;11"
Root_13528,104.510678,44.233206,6,"1;2;5;8;9;11"
Root_13529,0.770029,29.285046,6,"0;2;5;8;9;11"
Root_13530,143.889155,48.862806,5,"2;5;8;9;11"
Root_13531,0.000000,24.881366,6,"0;1;5;8;9;11"
Root_13532,105.199405,45.159126,5,"1;5;8;9;11"
Root_13533,0.770029,30.210966,5,"0;5;8;9;11"
Root_13534,147.196515,49.788726,4,"5;8;9;11"
Root_13535,0.000000,21.362870,8,"0;1;2;3;4;8;9;11"
Root_13536,101.821984,41.640630,7,"1;2;3;4;8;9;11"
Root_13537,1.389539,26.692470,7,"0;2;3;4;8;9;11"
Root_13538,131.252672,46.270230,6,"2;3;4;8;9;11"
Root_13539,0.000000,22.288790,7,"0;1;3;4;8;9;11"
Root_13540,100.499744,42.566550,6,"1;3;4;8;9;11"
Root_13541,1.389539,27.618390,6,"0;3;4;8;9;11"
Root_13542,131.052502,47.196150,5,"3;4;8;9;11"
Root_13543,0.000000,23.276438,7,"0;1;2;4;8;9;11"
Root_13544,104.512064,43.554198,6,"1;2;4;8;9;11"
Root_13545,4.710531,28.606038,6,"0;2;4;8;9;11"
Root_13546,137.407715,48.183798,5,"2;4;8;9;11"
Root_13547,0.000000,24.202358,6,"0;1;4;8;9;11"
Root_13548,104.115744,44.480118,5,"1;4;8;9;11"
Root_13549,4.710531,29.531958,5,"0;4;8;9;11"
Root_13550,140.715075,49.109718,4,"4;8;9;11"
Root_13551,0.000000,23.585078,7,"0;1;2;3;8;9;11"
Root_13552,106.363904,43.862838,6,"1;2;3;8;9;11"
Root_13553,1.389539,28.914678,6,"0;2;3;8;9;11"
Root_13554,140.494115,48.492438,5,"2;3;8;9;11"
Root_13555,0.000000,24.510998,6,"0;1;3;8;9;11"
Root_13556,105.967584,44.788758,5,"1;3;8;9;11"
Root_13557,1.389539,29.840598,5,"0;3;8;9;11"
Root_13558,143.801475,49.418358,4,"3;8;9;11"
Root_13559,0.000000,25.498646,6,"0;1;2;8;9;11"
Root_13560,111.743958,45.776406,5,"1;2;8;9;11"
Root_13561,5.564698,30.828246,5,"0;2;8;9;11"
Root_13562,152.752035,50.406006,4,"2;8;9;11"
Root_13563,0.000000,26.424566,5,"0;1;8;9;11"
Root_13564,113.199478,46.702326,4,"1;8;9;11"
Root_13565,4.710531,31.754166,4,"0;8;9;11"
Root_13566,157.317242,51.331926,3,"8;9;11"
Root_13567,0.000000,18.998688,10,"0;1;2;3;4;5;6;7;9;11"
Root_13568,94.284858,39.276448,9,"1;2;3;4;5;6;7;9;11"
Root_13569,0.000000,24.328288,9,"0;2;3;4;5;6;7;9;11"
Root_13570,131.031555,43.906048,8,"2;3;4;5;6;7;9;11"
Root_13571,0.000000,19.924608,9,"0;1;3;4;5;6;7;9;11"
Root_13572,98.321754,40.202368,8,"1;3;4;5;6;7;9;11"
Root_13573,0.405942,25.254208,8,"0;3;4;5;6;7;9;11"
Root_13574,134.609315,44.831968,7,"3;4;5;6;7;9;11"
Root_13575,0.000000,20.912256,9,"0;1;2;4;5;6;7;9;11"
Root_13576,96.913210,41.190016,8,"1;2;4;5;6;7;9;11"
Root_13577,0.000000,26.241856,8,"0;2;4;5;6;7;9;11"
Root_13578,135.731235,45.819616,7,"2;4;5;6;7;9;11"
Root_13579,0.000000,21.838176,8,"0;1;4;5;6;7;9;11"
Root_13580,101.176026,42.115936,7,"1;4;5;6;7;9;11"
Root_13581,0.966262,27.167776,7,"0;4;5;6;7;9;11"
Root_13582,141.386755,46.745536,6,"4;5;6;7;9;11"
Root_13583,0.000000,21.220896,9,"0;1;2;3;5;6;7;9;11"
Root_13584,98.832826,41.498656,8,"1;2;3;5;6;7;9;11"
Root_13585,0.000000,26.550496,8,"0;2;3;5;6;7;9;11"
Root_13586,138.508995,46.128256,7,"2;3;5;6;7;9;11"
Root_13587,0.000000,22.146816,8,"0;1;3;5;6;7;9;11"
Root_13588,103.336506,42.424576,7,"1;3;5;6;7;9;11"
Root_13589,0.405942,27.476416,7,"0;3;5;6;7;9;11"
Root_13590,144.164515,47.054176,6,"3;5;6;7;9;11"
Root_13591,0.000000,23.134464,8,"0;1;2;5;6;7;9;11"
Root_13592,103.806842,43.412224,7,"1;2;5;6;7;9;11"
Root_13593,0.000000,28.464064,7,"0;2;5;6;7;9;11"
Root_13594,147.310147,48.041824,6,"2;5;6;7;9;11"
Root_13595,0.000000,24.060384,7,"0;1;5;6;7;9;11"
Root_13596,108.536442,44.338144,6,"1;5;6;7;9;11"
Root_13597,0.966262,29.389984,6,"0;5;6;7;9;11"
Root_13598,153.191587,48.967744,5,"5;6;7;9;11"
Root_13599,0.000000,20.541888,9,"0;1;2;3;4;6;7;9;11"
Root_13600,102.000858,40.819648,8,"1;2;3;4;6;7;9;11"
Root_13601,0.000000,25.871488,8,"0;2;3;4;6;7;9;11"
Root_13602,135.627683,45.449248,7,"2;3;4;6;7;9;11"
Root_13603,0.000000,21.467808,8,"0;1;3;4;6;7;9;11"
Root_13604,105.516890,41.745568,7,"1;3;4;6;7;9;11"
Root_13605,0.699414,26.797408,7,"0;3;4;6;7;9;11"
Root_13606,140.357283,46.375168,6,"3;4;6;7;9;11"
Root_13607,0.000000,22.455456,8,"0;1;2;4;6;7;9;11"
Root_13608,104.629210,42.733216,7,"1;2;4;6;7;9;11"
Root_13609,2.214464,27.785056,7,"0;2;4;6;7;9;11"
Root_13610,142.144899,47.362816,6,"2;4;6;7;9;11"
Root_13611,0.000000,23.381376,7,"0;1;4;6;7;9;11"
Root_13612,108.432890,43.659136,6,"1;4;6;7;9;11"
Root_13613,4.020406,28.710976,6,"0;4;6;7;9;11"
Root_13614,147.389155,48.288736,5,"4;6;7;9;11"
Root_13615,0.000000,22.764096,8,"0;1;2;3;6;7;9;11"
Root_13616,106.481050,43.041856,7,"1;2;3;6;7;9;11"
Root_13617,0.000000,28.093696,7,"0;2;3;6;7;9;11"
Root_13618,144.614019,47.671456,6,"2;3;6;7;9;11"
Root_13619,0.000000,23.690016,7,"0;1;3;6;7;9;11"
Root_13620,110.284730,43.967776,6,"1;3;6;7;9;11"
Root_13621,0.699414,29.019616,6,"0;3;6;7;9;11"
Root_13622,150.166915,48.597376,5,"3;6;7;9;11"
Root_13623,0.000000,24.677664,7,"0;1;2;6;7;9;11"
Root_13624,111.084698,44.955424,6,"1;2;6;7;9;11"
Root_13625,2.247648,30.007264,6,"0;2;6;7;9;11"
Root_13626,154.629827,49.585024,5,"2;6;7;9;11"
Root_13627,0.000000,25.603584,6,"0;1;6;7;9;11"
Root_13628,116.876986,45.881344,5,"1;6;7;9;11"
Root_13629,4.020406,30.933184,5,"0;6;7;9;11"
Root_13630,160.737187,50.510944,4,"6;7;9;11"
Root_13631,0.000000,21.424598,9,"0;1;2;3;4;5;7;9;11"
Root_13632,105.760086,41.702358,8,"1;2;3;4;5;7;9;11"
Root_13633,0.658893,26.754198,8,"0;2;3;4;5;7;9;11"
Root_13634,141.214061,46.331958,7,"2;3;4;5;7;9;11"
Root_13635,0.000000,22.350518,8,"0;1;3;4;5;7;9;11"
Root_13636,109.337846,42.628278,7,"1;3;4;5;7;9;11"
Root_13637,2.944922,27.680118,7,"0;3;4;5;7;9;11"
Root_13638,146.201539,47.257878,6,"3;4;5;7;9;11"
Root_13639,0.000000,23.338166,8,"0;1;2;4;5;7;9;11"
Root_13640,108.820534,43.615926,7,"1;2;4;5;7;9;11"
Root_13641,3.979885,28.667766,7,"0;2;4;5;7;9;11"
Root_13642,149.347171,48.245526,6,"2;4;5;7;9;11"
Root_13643,0.000000,24.264086,7,"0;1;4;5;7;9;11"
Root_13644,112.624214,44.541846,6,"1;4;5;7;9;11"
Root_13645,6.216538,29.593686,6,"0;4;5;7;9;11"
Root_13646,155.228611,49.171446,5,"4;5;7;9;11"
Root_13647,0.000000,23.646806,8,"0;1;2;3;5;7;9;11"
Root_13648,110.981014,43.924566,7,"1;2;3;5;7;9;11"
Root_13649,0.658893,28.976406,7,"0;2;3;5;7;9;11"
Root_13650,152.433571,48.554166,6,"2;3;5;7;9;11"
Root_13651,0.000000,24.572726,7,"0;1;3;5;7;9;11"
Root_13652,114.784694,44.850486,6,"1;3;5;7;9;11"
Root_13653,2.944922,29.902326,6,"0;3;5;7;9;11"
Root_13654,158.315011,49.480086,5,"3;5;7;9;11"
Root_13655,0.000000,25.560374,7,"0;1;2;5;7;9;11"
Root_13656,117.631299,45.838134,6,"1;2;5;7;9;11"
Root_13657,4.895779,30.889974,6,"0;2;5;7;9;11"
Root_13658,163.148291,50.467734,5,"2;5;7;9;11"
Root_13659,0.000000,26.486294,6,"0;1;5;7;9;11"
Root_13660,123.512739,46.764054,5,"1;5;7;9;11"
Root_13661,5.600643,31.815894,5,"0;5;7;9;11"
Root_13662,169.649306,51.393654,4,"5;7;9;11"
Root_13663,0.000000,22.967798,8,"0;1;2;3;4;7;9;11"
Root_13664,111.661408,43.245558,7,"1;2;3;4;7;9;11"
Root_13665,5.068579,28.297398,7,"0;2;3;4;7;9;11"
Root_13666,146.447341,47.875158,6,"2;3;4;7;9;11"
Root_13667,0.000000,23.893718,7,"0;1;3;4;7;9;11"
Root_13668,118.739168,44.171478,6,"1;3;4;7;9;11"
Root_13669,10.270672,29.223318,6,"0;3;4;7;9;11"
Root_13670,155.703939,48.801078,5,"3;4;7;9;11"
Root_13671,0.000000,24.881366,7,"0;1;2;4;7;9;11"
Root_13672,114.669741,45.159126,6,"1;2;4;7;9;11"
Root_13673,8.577082,30.210966,6,"0;2;4;7;9;11"
Root_13674,156.666851,49.788726,5,"2;4;7;9;11"
Root_13675,0.000000,25.807286,6,"0;1;4;7;9;11"
Root_13676,123.125261,46.085046,5,"1;4;7;9;11"
Root_13677,13.646138,31.136886,5,"0;4;7;9;11"
Root_13678,165.574211,50.714646,4,"4;7;9;11"
Root_13679,0.000000,25.190006,7,"0;1;2;3;7;9;11"
Root_13680,117.138861,45.467766,6,"1;2;3;7;9;11"
Root_13681,5.614106,30.519606,6,"0;2;3;7;9;11"
Root_13682,159.753251,50.097366,5,"2;3;7;9;11"
Root_13683,0.000000,26.115926,6,"0;1;3;7;9;11"
Root_13684,129.094381,46.393686,5,"1;3;7;9;11"
Root_13685,12.125146,31.445526,5,"0;3;7;9;11"
Root_13686,171.483898,51.023286,4,"3;7;9;11"
Root_13687,0.000000,27.103574,6,"0;1;2;7;9;11"
Root_13688,125.950979,47.381334,5,"1;2;7;9;11"
Root_13689,9.340195,32.433174,5,"0;2;7;9;11"
Root_13690,173.022106,52.010934,4,"2;7;9;11"
Root_13691,0.607085,28.029494,5,"0;1;7;9;11"
Root_13692,137.965594,48.307254,4,"1;7;9;11"
Root_13693,13.246138,33.359094,4,"0;7;9;11"
Root_13694,184.481306,52.936854,3,"7;9;11"
Root_13695,0.000000,22.023360,9,"0;1;2;3;4;5;6;9;11"
Root_13696,111.982275,42.301120,8,"1;2;3;4;5;6;9;11"
Root_13697,2.235264,27.352960,8,"0;2;3;4;5;6;9;11"
Root_13698,148.633773,46.930720,7,"2;3;4;5;6;9;11"
Root_13699,0.000000,22.949280,8,"0;1;3;4;5;6;9;11"
Root_13700,115.560035,43.227040,7,"1;3;4;5;6;9;11"
Root_13701,4.741206,28.278880,7,"0;3;4;5;6;9;11"
Root_13702,153.363373,47.856640,6,"3;4;5;6;9;11"
Root_13703,0.000000,23.936928,8,"0;1;2;4;5;6;9;11"
Root_13704,115.042723,44.214688,7,"1;2;4;5;6;9;11"
Root_13705,5.506880,29.266528,7,"0;2;4;5;6;9;11"
Root_13706,156.365645,48.844288,6,"2;4;5;6;9;11"
Root_13707,0.000000,24.862848,7,"0;1;4;5;6;9;11"
Root_13708,119.127619,45.140608,6,"1;4;5;6;9;11"
Root_13709,8.012822,30.192448,6,"0;4;5;6;9;11"
Root_13710,162.247085,49.770208,5,"4;5;6;9;11"
Root_13711,0.000000,24.245568,8,"0;1;2;3;5;6;9;11"
Root_13712,117.203203,44.523328,7,"1;2;3;5;6;9;11"
Root_13713,2.235264,29.575168,7,"0;2;3;5;6;9;11"
Root_13714,159.452045,49.152928,6,"2;3;5;6;9;11"
Root_13715,0.000000,25.171488,7,"0;1;3;5;6;9;11"
Root_13716,121.905379,45.449248,6,"1;3;5;6;9;11"
Root_13717,4.741206,30.501088,6,"0;3;5;6;9;11"
Root_13718,165.333485,50.078848,5,"3;5;6;9;11"
Root_13719,0.000000,26.159136,7,"0;1;2;5;6;9;11"
Root_13720,125.051011,46.436896,6,"1;2;5;6;9;11"
Root_13721,6.506880,31.488736,6,"0;2;5;6;9;11"
Root_13722,170.233261,51.066496,5,"2;5;6;9;11"
Root_13723,0.000000,27.085056,6,"0;1;5;6;9;11"
Root_13724,130.932451,47.362816,5,"1;5;6;9;11"
Root_13725,6.798166,32.414656,5,"0;5;6;9;11"
Root_13726,177.266541,51.992416,4,"5;6;9;11"
Root_13727,0.000000,23.566560,8,"0;1;2;3;4;6;9;11"
Root_13728,117.284835,43.844320,7,"1;2;3;4;6;9;11"
Root_13729,6.494528,28.896160,7,"0;2;3;4;6;9;11"
Root_13730,153.340973,48.473920,6,"2;3;4;6;9;11"
Root_13731,0.000000,24.492480,7,"0;1;3;4;6;9;11"
Root_13732,120.162595,44.770240,6,"1;3;4;6;9;11"
Root_13733,9.165718,29.822080,6,"0;3;4;6;9;11"
Root_13734,159.222413,49.399840,5,"3;4;6;9;11"
Root_13735,0.000000,25.480128,7,"0;1;2;4;6;9;11"
Root_13736,121.490691,45.757888,6,"1;2;4;6;9;11"
Root_13737,10.972128,30.809728,6,"0;2;4;6;9;11"
Root_13738,163.685325,50.387488,5,"2;4;6;9;11"
Root_13739,0.000000,26.406048,6,"0;1;4;6;9;11"
Root_13740,126.446211,46.683808,5,"1;4;6;9;11"
Root_13741,12.642422,31.735648,5,"0;4;6;9;11"
Root_13742,170.106093,51.313408,4,"4;6;9;11"
Root_13743,0.000000,25.788768,7,"0;1;2;3;6;9;11"
Root_13744,123.959811,46.066528,6,"1;2;3;6;9;11"
Root_13745,7.494528,31.118368,6,"0;2;3;6;9;11"
Root_13746,166.771725,50.696128,5,"2;3;6;9;11"
Root_13747,0.000000,26.714688,6,"0;1;3;6;9;11"
Root_13748,128.915331,46.992448,5,"1;3;6;9;11"
Root_13749,8.321430,32.044288,5,"0;3;6;9;11"
Root_13750,173.501133,51.622048,4,"3;6;9;11"
Root_13751,0.000000,27.702336,6,"0;1;2;6;9;11"
Root_13752,132.390595,47.980096,5,"1;2;6;9;11"
Root_13753,11.168416,33.031936,5,"0;2;6;9;11"
Root_13754,180.639341,52.609696,4,"2;6;9;11"
Root_13755,0.000000,28.628256,5,"0;1;6;9;11"
Root_13756,139.384067,48.906016,4,"1;6;9;11"
Root_13757,10.842422,33.957856,4,"0;6;9;11"
Root_13758,187.898541,53.535616,3,"6;9;11"
Root_13759,0.000000,24.449270,8,"0;1;2;3;4;5;9;11"
Root_13760,121.105792,44.727030,7,"1;2;3;4;5;9;11"
Root_13761,9.490618,29.778870,7,"0;2;3;4;5;9;11"
Root_13762,161.692771,49.356630,6,"2;3;4;5;9;11"
Root_13763,0.000000,25.375190,7,"0;1;3;4;5;9;11"
Root_13764,125.289453,45.652950,6,"1;3;4;5;9;11"
Root_13765,12.696560,30.704790,6,"0;3;4;5;9;11"
Root_13766,167.574211,50.282550,5,"3;4;5;9;11"
Root_13767,0.000000,26.362838,7,"0;1;2;4;5;9;11"
Root_13768,127.447437,46.640598,6,"1;2;4;5;9;11"
Root_13769,14.502970,31.692438,6,"0;2;4;5;9;11"
Root_13770,172.677690,51.270198,5,"2;4;5;9;11"
Root_13771,0.770029,27.288758,6,"0;1;4;5;9;11"
Root_13772,132.969475,47.566518,5,"1;4;5;9;11"
Root_13773,15.290554,32.618358,5,"0;4;5;9;11"
Root_13774,179.710970,52.196118,4,"4;5;9;11"
Root_13775,0.000000,26.671478,7,"0;1;2;3;5;9;11"
Root_13776,130.225197,46.949238,6,"1;2;3;5;9;11"
Root_13777,10.490618,32.001078,6,"0;2;3;5;9;11"
Root_13778,176.381370,51.578838,5,"2;3;5;9;11"
Root_13779,0.000000,27.597398,6,"0;1;3;5;9;11"
Root_13780,136.055875,47.875158,5,"1;3;5;9;11"
Root_13781,10.969562,32.926998,5,"0;3;5;9;11"
Root_13782,183.414650,52.504758,4,"3;5;9;11"
Root_13783,0.000000,28.585046,6,"0;1;2;5;9;11"
Root_13784,141.751962,48.862806,5,"1;2;5;9;11"
Root_13785,14.699258,33.914646,5,"0;2;5;9;11"
Root_13786,190.923226,53.492406,4,"2;5;9;11"
Root_13787,0.770029,29.510966,5,"0;1;5;9;11"
Root_13788,148.785242,49.788726,4,"1;5;9;11"
Root_13789,13.490554,34.840566,4,"0;5;9;11"
Root_13790,198.182426,54.418326,3,"5;9;11"
Root_13791,0.000000,25.992470,7,"0;1;2;3;4;9;11"
Root_13792,126.522902,46.270230,6,"1;2;3;4;9;11"
Root_13793,16.848634,31.322070,6,"0;2;3;4;9;11"
Root_13794,169.012451,50.899830,5,"2;3;4;9;11"
Root_13795,2.353795,26.918390,6,"0;1;3;4;9;11"
Root_13796,134.248653,47.196150,5,"1;3;4;9;11"
Root_13797,21.690352,32.247990,5,"0;3;4;9;11"
Root_13798,178.745562,51.825750,4,"3;4;9;11"
Root_13799,2.456429,27.906038,6,"0;1;2;4;9;11"
Root_13800,134.591514,48.183798,5,"1;2;4;9;11"
Root_13801,20.911408,33.235638,5,"0;2;4;9;11"
Root_13802,183.083770,52.813398,4,"2;4;9;11"
Root_13803,5.625411,28.831958,5,"0;1;4;9;11"
Root_13804,144.424794,49.109718,4,"1;4;9;11"
Root_13805,23.881712,34.161558,4,"0;4;9;11"
Root_13806,192.442970,53.739318,3,"4;9;11"
Root_13807,0.000000,28.214678,6,"0;1;2;3;9;11"
Root_13808,137.986554,48.492438,5,"1;2;3;9;11"
Root_13809,17.044922,33.544278,5,"0;2;3;9;11"
Root_13810,186.787450,53.122038,4,"2;3;9;11"
Root_13811,4.453795,29.140598,5,"0;1;3;9;11"
Root_13812,150.619834,49.418358,4,"1;3;9;11"
Root_13813,21.990352,34.470198,4,"0;3;9;11"
Root_13814,198.246650,54.047958,3,"3;9;11"
Root_13815,2.610595,30.128246,5,"0;1;2;9;11"
Root_13816,152.158042,50.406006,4,"1;2;9;11"
Root_13817,20.872058,35.457846,4,"0;2;9;11"
Root_13818,202.872506,55.035606,3,"2;9;11"
Root_13819,6.471245,31.054166,4,"0;1;9;11"
Root_13820,163.617242,51.331926,3,"1;9;11"
Root_13821,24.471453,36.383766,3,"0;9;11"
Root_13822,213.157626,55.961526,2,"9;11"
Root_13823,0.000000,16.961664,10,"0;1;2;3;4;5;6;7;8;11"
Root_13824,69.210906,37.239424,9,"1;2;3;4;5;6;7;8;11"
Root_13825,0.000000,22.291264,9,"0;2;3;4;5;6;7;8;11"
Root_13826,107.962435,41.869024,8,"2;3;4;5;6;7;8;11"
Root_13827,0.000000,17.887584,9,"0;1;3;4;5;6;7;8;11"
Root_13828,67.888666,38.165344,8,"1;3;4;5;6;7;8;11"
Root_13829,0.000000,23.217184,8,"0;3;4;5;6;7;8;11"
Root_13830,107.566115,42.794944,7,"3;4;5;6;7;8;11"
Root_13831,0.000000,18.875232,9,"0;1;2;4;5;6;7;8;11"
Root_13832,73.839258,39.152992,8,"1;2;4;5;6;7;8;11"
Root_13833,0.000000,24.204832,8,"0;2;4;5;6;7;8;11"
Root_13834,112.936451,43.782592,7,"2;4;5;6;7;8;11"
Root_13835,0.000000,19.801152,8,"0;1;4;5;6;7;8;11"
Root_13836,73.442938,40.078912,7,"1;4;5;6;7;8;11"
Root_13837,0.000000,25.130752,7,"0;4;5;6;7;8;11"
Root_13838,113.466051,44.708512,6,"4;5;6;7;8;11"
Root_13839,0.000000,19.183872,9,"0;1;2;3;5;6;7;8;11"
Root_13840,73.844090,39.461632,8,"1;2;3;5;6;7;8;11"
Root_13841,0.000000,24.513472,8,"0;2;3;5;6;7;8;11"
Root_13842,115.405571,44.091232,7,"2;3;5;6;7;8;11"
Root_13843,0.000000,20.109792,8,"0;1;3;5;6;7;8;11"
Root_13844,74.373690,40.387552,7,"1;3;5;6;7;8;11"
Root_13845,0.000000,25.439392,7,"0;3;5;6;7;8;11"
Root_13846,115.952323,45.017152,6,"3;5;6;7;8;11"
Root_13847,0.000000,21.097440,8,"0;1;2;5;6;7;8;11"
Root_13848,80.299578,41.375200,7,"1;2;5;6;7;8;11"
Root_13849,0.000000,26.427040,7,"0;2;5;6;7;8;11"
Root_13850,123.297955,46.004800,6,"2;5;6;7;8;11"
Root_13851,0.000000,22.023360,7,"0;1;5;6;7;8;11"
Root_13852,81.755098,42.301120,6,"1;5;6;7;8;11"
Root_13853,0.000000,27.352960,6,"0;5;6;7;8;11"
Root_13854,125.679395,46.930720,5,"5;6;7;8;11"
Root_13855,0.000000,18.504864,9,"0;1;2;3;4;6;7;8;11"
Root_13856,78.470106,38.782624,8,"1;2;3;4;6;7;8;11"
Root_13857,0.000000,23.834464,8,"0;2;3;4;6;7;8;11"
Root_13858,115.240291,43.412224,7,"2;3;4;6;7;8;11"
Root_13859,0.000000,19.430784,8,"0;1;3;4;6;7;8;11"
Root_13860,77.856410,39.708544,7,"1;3;4;6;7;8;11"
Root_13861,0.000000,24.760384,7,"0;3;4;6;7;8;11"
Root_13862,114.843971,44.338144,6,"3;4;6;7;8;11"
Root_13863,0.000000,20.418432,8,"0;1;2;4;6;7;8;11"
Root_13864,83.098458,40.696192,7,"1;2;4;6;7;8;11"
Root_13865,0.000000,25.748032,7,"0;2;4;6;7;8;11"
Root_13866,120.169731,45.325792,6,"2;4;6;7;8;11"
Root_13867,0.000000,21.344352,7,"0;1;4;6;7;8;11"
Root_13868,83.324250,41.622112,6,"1;4;6;7;8;11"
Root_13869,0.000000,26.673952,6,"0;4;6;7;8;11"
Root_13870,121.625251,46.251712,5,"4;6;7;8;11"
Root_13871,0.000000,20.727072,8,"0;1;2;3;6;7;8;11"
Root_13872,84.646490,41.004832,7,"1;2;3;6;7;8;11"
Root_13873,0.000000,26.056672,7,"0;2;3;6;7;8;11"
Root_13874,122.638851,45.634432,6,"2;3;6;7;8;11"
Root_13875,0.000000,21.652992,7,"0;1;3;6;7;8;11"
Root_13876,85.176090,41.930752,6,"1;3;6;7;8;11"
Root_13877,0.000000,26.982592,6,"0;3;6;7;8;11"
Root_13878,124.094371,46.560352,5,"3;6;7;8;11"
Root_13879,0.000000,22.640640,7,"0;1;2;6;7;8;11"
Root_13880,91.101978,42.918400,6,"1;2;6;7;8;11"
Root_13881,0.000000,27.970240,6,"0;2;6;7;8;11"
Root_13882,131.069635,47.548000,5,"2;6;7;8;11"
Root_13883,0.000000,23.566560,6,"0;1;6;7;8;11"
Root_13884,92.557498,43.844320,5,"1;6;7;8;11"
Root_13885,0.000000,28.896160,5,"0;6;7;8;11"
Root_13886,133.924995,48.473920,4,"6;7;8;11"
Root_13887,0.000000,19.387574,9,"0;1;2;3;4;5;7;8;11"
Root_13888,82.956397,39.665334,8,"1;2;3;4;5;7;8;11"
Root_13889,0.000000,24.717174,8,"0;2;3;4;5;7;8;11"
Root_13890,119.943958,44.294934,7,"2;3;4;5;7;8;11"
Root_13891,0.000000,20.313494,8,"0;1;3;4;5;7;8;11"
Root_13892,82.560077,40.591254,7,"1;3;4;5;7;8;11"
Root_13893,0.000000,25.643094,7,"0;3;4;5;7;8;11"
Root_13894,119.768493,45.220854,6,"3;4;5;7;8;11"
Root_13895,0.000000,21.301142,8,"0;1;2;4;5;7;8;11"
Root_13896,87.498317,41.578902,7,"1;2;4;5;7;8;11"
Root_13897,0.000000,26.630742,7,"0;2;4;5;7;8;11"
Root_13898,126.126477,46.208502,6,"2;4;5;7;8;11"
Root_13899,0.000000,22.227062,7,"0;1;4;5;7;8;11"
Root_13900,88.027917,42.504822,6,"1;4;5;7;8;11"
Root_13901,0.000000,27.556662,6,"0;4;5;7;8;11"
Root_13902,127.716419,47.134422,5,"4;5;7;8;11"
Root_13903,0.000000,21.609782,8,"0;1;2;3;5;7;8;11"
Root_13904,89.967437,41.887542,7,"1;2;3;5;7;8;11"
Root_13905,0.000000,26.939382,7,"0;2;3;5;7;8;11"
Root_13906,128.904237,46.517142,6,"2;3;5;7;8;11"
Root_13907,0.000000,22.535702,7,"0;1;3;5;7;8;11"
Root_13908,90.497037,42.813462,6,"1;3;5;7;8;11"
Root_13909,0.000000,27.865302,6,"0;3;5;7;8;11"
Root_13910,130.802819,47.443062,5,"3;5;7;8;11"
Root_13911,0.000000,23.523350,7,"0;1;2;5;7;8;11"
Root_13912,96.855021,43.801110,6,"1;2;5;7;8;11"
Root_13913,0.000000,28.852950,6,"0;2;5;7;8;11"
Root_13914,139.136099,48.430710,5,"2;5;7;8;11"
Root_13915,0.000000,24.449270,6,"0;1;5;7;8;11"
Root_13916,98.310541,44.727030,5,"1;5;7;8;11"
Root_13917,0.000000,29.778870,5,"0;5;7;8;11"
Root_13918,142.443459,49.356630,4,"5;7;8;11"
Root_13919,0.000000,20.930774,8,"0;1;2;3;4;7;8;11"
Root_13920,92.005846,41.208534,7,"1;2;3;4;7;8;11"
Root_13921,0.000000,26.260374,7,"0;2;3;4;7;8;11"
Root_13922,125.634038,45.838134,6,"2;3;4;7;8;11"
Root_13923,0.000000,21.856694,7,"0;1;3;4;7;8;11"
Root_13924,91.609526,42.134454,6,"1;3;4;7;8;11"
Root_13925,0.000000,27.186294,6,"0;3;4;7;8;11"
Root_13926,126.163638,46.764054,5,"3;4;7;8;11"
Root_13927,0.000000,22.844342,7,"0;1;2;4;7;8;11"
Root_13928,96.609494,43.122102,6,"1;2;4;7;8;11"
Root_13929,1.199830,28.173942,6,"0;2;4;7;8;11"
Root_13930,132.902957,47.751702,5,"2;4;7;8;11"
Root_13931,0.000000,23.770262,6,"0;1;4;7;8;11"
Root_13932,97.139094,44.048022,5,"1;4;7;8;11"
Root_13933,1.199830,29.099862,5,"0;4;7;8;11"
Root_13934,135.962019,48.677622,4,"4;7;8;11"
Root_13935,0.000000,23.152982,7,"0;1;2;3;7;8;11"
Root_13936,98.769974,43.430742,6,"1;2;3;7;8;11"
Root_13937,0.000000,28.482582,6,"0;2;3;7;8;11"
Root_13938,135.741059,48.060342,5,"2;3;7;8;11"
Root_13939,0.000000,24.078902,6,"0;1;3;7;8;11"
Root_13940,99.299574,44.356662,5,"1;3;7;8;11"
Root_13941,0.000000,29.408502,5,"0;3;7;8;11"
Root_13942,139.048419,48.986262,4,"3;7;8;11"
Root_13943,0.000000,25.066550,6,"0;1;2;7;8;11"
Root_13944,105.631501,45.344310,5,"1;2;7;8;11"
Root_13945,1.621901,30.396150,5,"0;2;7;8;11"
Root_13946,147.998979,49.973910,4,"2;7;8;11"
Root_13947,0.000000,25.992470,5,"0;1;7;8;11"
Root_13948,108.012941,46.270230,4,"1;7;8;11"
Root_13949,1.199830,31.322070,4,"0;7;8;11"
Root_13950,152.232259,50.899830,3,"7;8;11"
Root_13951,0.000000,19.986336,9,"0;1;2;3;4;5;6;8;11"
Root_13952,89.345251,40.264096,8,"1;2;3;4;5;6;8;11"
Root_13953,0.000000,25.315936,8,"0;2;3;4;5;6;8;11"
Root_13954,126.332813,44.893696,7,"2;3;4;5;6;8;11"
Root_13955,0.000000,20.912256,8,"0;1;3;4;5;6;8;11"
Root_13956,88.948931,41.190016,7,"1;3;4;5;6;8;11"
Root_13957,0.000000,26.241856,7,"0;3;4;5;6;8;11"
Root_13958,126.756109,45.819616,6,"3;4;5;6;8;11"
Root_13959,0.000000,21.899904,8,"0;1;2;4;5;6;8;11"
Root_13960,93.887171,42.177664,7,"1;2;4;5;6;8;11"
Root_13961,0.255392,27.229504,7,"0;2;4;5;6;8;11"
Root_13962,133.114093,46.807264,6,"2;4;5;6;8;11"
Root_13963,0.000000,22.825824,7,"0;1;4;5;6;8;11"
Root_13964,94.416771,43.103584,6,"1;4;5;6;8;11"
Root_13965,0.255392,28.155424,6,"0;4;5;6;8;11"
Root_13966,134.569613,47.733184,5,"4;5;6;8;11"
Root_13967,0.000000,22.208544,8,"0;1;2;3;5;6;8;11"
Root_13968,96.356291,42.486304,7,"1;2;3;5;6;8;11"
Root_13969,0.000000,27.538144,7,"0;2;3;5;6;8;11"
Root_13970,135.891853,47.115904,6,"2;3;5;6;8;11"
Root_13971,0.000000,23.134464,7,"0;1;3;5;6;8;11"
Root_13972,96.885891,43.412224,6,"1;3;5;6;8;11"
Root_13973,0.000000,28.464064,6,"0;3;5;6;8;11"
Root_13974,137.389197,48.041824,5,"3;5;6;8;11"
Root_13975,0.000000,24.122112,7,"0;1;2;5;6;8;11"
Root_13976,103.243875,44.399872,6,"1;2;5;6;8;11"
Root_13977,0.255392,29.451712,6,"0;2;5;6;8;11"
Root_13978,145.722477,49.029472,5,"2;5;6;8;11"
Root_13979,0.000000,25.048032,6,"0;1;5;6;8;11"
Root_13980,105.025187,45.325792,5,"1;5;6;8;11"
Root_13981,0.255392,30.377632,5,"0;5;6;8;11"
Root_13982,149.029837,49.955392,4,"5;6;8;11"
Root_13983,0.000000,21.529536,8,"0;1;2;3;4;6;8;11"
Root_13984,97.795939,41.807296,7,"1;2;3;4;6;8;11"
Root_13985,0.000000,26.859136,7,"0;2;3;4;6;8;11"
Root_13986,132.022893,46.436896,6,"2;3;4;6;8;11"
Root_13987,0.000000,22.455456,7,"0;1;3;4;6;8;11"
Root_13988,97.399619,42.733216,6,"1;3;4;6;8;11"
Root_13989,0.000000,27.785056,6,"0;3;4;6;8;11"
Root_13990,132.552493,47.362816,5,"3;4;6;8;11"
Root_13991,0.000000,23.443104,7,"0;1;2;4;6;8;11"
Root_13992,102.399587,43.720864,6,"1;2;4;6;8;11"
Root_13993,1.819424,28.772704,6,"0;2;4;6;8;11"
Root_13994,139.241037,48.350464,5,"2;4;6;8;11"
Root_13995,0.000000,24.369024,6,"0;1;4;6;8;11"
Root_13996,102.929187,44.646784,5,"1;4;6;8;11"
Root_13997,1.819424,29.698624,5,"0;4;6;8;11"
Root_13998,142.548397,49.276384,4,"4;6;8;11"
Root_13999,0.000000,23.751744,7,"0;1;2;3;6;8;11"
Root_14000,104.560067,44.029504,6,"1;2;3;6;8;11"
Root_14001,0.000000,29.081344,6,"0;2;3;6;8;11"
Root_14002,142.327437,48.659104,5,"2;3;6;8;11"
Root_14003,0.000000,24.677664,6,"0;1;3;6;8;11"
Root_14004,105.089667,44.955424,5,"1;3;6;8;11"
Root_14005,0.000000,30.007264,5,"0;3;6;8;11"
Root_14006,145.634797,49.585024,4,"3;6;8;11"
Root_14007,0.000000,25.665312,6,"0;1;2;6;8;11"
Root_14008,112.020355,45.943072,5,"1;2;6;8;11"
Root_14009,2.819424,30.994912,5,"0;2;6;8;11"
Root_14010,154.585357,50.572672,4,"2;6;8;11"
Root_14011,0.000000,26.591232,5,"0;1;6;8;11"
Root_14012,114.401795,46.868992,4,"1;6;8;11"
Root_14013,1.798592,31.920832,4,"0;6;8;11"
Root_14014,159.317229,51.498592,3,"6;8;11"
Root_14015,0.000000,22.412246,8,"0;1;2;3;4;5;8;11"
Root_14016,102.499606,42.690006,7,"1;2;3;4;5;8;11"
Root_14017,0.767734,27.741846,7,"0;2;3;4;5;8;11"
Root_14018,137.928877,47.319606,6,"2;3;4;5;8;11"
Root_14019,0.000000,23.338166,7,"0;1;3;4;5;8;11"
Root_14020,102.103286,43.615926,6,"1;3;4;5;8;11"
Root_14021,0.767734,28.667766,6,"0;3;4;5;8;11"
Root_14022,139.629923,48.245526,5,"3;4;5;8;11"
Root_14023,0.000000,24.325814,7,"0;1;2;4;5;8;11"
Root_14024,107.473622,44.603574,6,"1;2;4;5;8;11"
Root_14025,3.584845,29.655414,6,"0;2;4;5;8;11"
Root_14026,147.963203,49.233174,5,"2;4;5;8;11"
Root_14027,0.000000,25.251734,6,"0;1;4;5;8;11"
Root_14028,108.532717,45.529494,5,"1;4;5;8;11"
Root_14029,3.584845,30.581334,5,"0;4;5;8;11"
Root_14030,151.270563,50.159094,4,"4;5;8;11"
Root_14031,0.000000,24.634454,7,"0;1;2;3;5;8;11"
Root_14032,109.942742,44.912214,6,"1;2;3;5;8;11"
Root_14033,0.767734,29.964054,6,"0;2;3;5;8;11"
Root_14034,151.358243,49.541814,5,"2;3;5;8;11"
Root_14035,0.000000,25.560374,6,"0;1;3;5;8;11"
Root_14036,111.310477,45.838134,5,"1;3;5;8;11"
Root_14037,0.767734,30.889974,5,"0;3;5;8;11"
Root_14038,154.665603,50.467734,4,"3;5;8;11"
Root_14039,0.000000,26.548022,6,"0;1;2;5;8;11"
Root_14040,118.656109,46.825782,5,"1;2;5;8;11"
Root_14041,4.584845,31.877622,5,"0;2;5;8;11"
Root_14042,164.441914,51.455382,4,"2;5;8;11"
Root_14043,0.000000,27.473942,5,"0;1;5;8;11"
Root_14044,121.789251,47.751702,4,"1;5;8;11"
Root_14045,2.681302,32.803542,4,"0;5;8;11"
Root_14046,169.601114,52.381302,3,"5;8;11"
Root_14047,0.000000,23.955446,7,"0;1;2;3;4;8;11"
Root_14048,108.956480,44.233206,6,"1;2;3;4;8;11"
Root_14049,3.922714,29.285046,6,"0;2;3;4;8;11"
Root_14050,144.568163,48.862806,5,"2;3;4;8;11"
Root_14051,0.000000,24.881366,6,"0;1;3;4;8;11"
Root_14052,108.719286,45.159126,5,"1;3;4;8;11"
Root_14053,3.922714,30.210966,5,"0;3;4;8;11"
Root_14054,147.875523,49.788726,4,"3;4;8;11"
Root_14055,0.000000,25.869014,6,"0;1;2;4;8;11"
Root_14056,114.706902,46.146774,5,"1;2;4;8;11"
Root_14057,8.749882,31.198614,5,"0;2;4;8;11"
Root_14058,156.826083,50.776374,4,"2;4;8;11"
Root_14059,0.000000,26.794934,5,"0;1;4;8;11"
Root_14060,116.235117,47.072694,4,"1;4;8;11"
Root_14061,7.525347,32.124534,4,"0;4;8;11"
Root_14062,161.761658,51.702294,3,"4;8;11"
Root_14063,0.000000,26.177654,6,"0;1;2;3;8;11"
Root_14064,117.176022,46.455414,5,"1;2;3;8;11"
Root_14065,4.922714,31.507254,5,"0;2;3;8;11"
Root_14066,160.306138,51.085014,4,"2;3;8;11"
Root_14067,0.000000,27.103574,5,"0;1;3;8;11"
Root_14068,119.012877,47.381334,4,"1;3;8;11"
Root_14069,3.389539,32.433174,4,"0;3;8;11"
Root_14070,165.465338,52.010934,3,"3;8;11"
Root_14071,0.000000,28.091222,5,"0;1;2;8;11"
Root_14072,127.713754,48.368982,4,"1;2;8;11"
Root_14073,8.946170,33.420822,4,"0;2;8;11"
Root_14074,176.391194,52.998582,3,"2;8;11"
Root_14075,0.000000,29.017142,4,"0;1;8;11"
Root_14076,132.872954,49.294902,3,"1;8;11"
Root_14077,6.425347,34.346742,3,"0;8;11"
Root_14078,182.476314,53.924502,2,"8;11"
Root_14079,0.000000,21.591264,9,"0;1;2;3;4;5;6;7;11"
Root_14080,101.962435,41.869024,8,"1;2;3;4;5;6;7;11"
Root_14081,0.000000,26.920864,8,"0;2;3;4;5;6;7;11"
Root_14082,142.379341,46.498624,7,"2;3;4;5;6;7;11"
Root_14083,0.000000,22.517184,8,"0;1;3;4;5;6;7;11"
Root_14084,106.466115,42.794944,7,"1;3;4;5;6;7;11"
Root_14085,1.052694,27.846784,7,"0;3;4;5;6;7;11"
Root_14086,148.034861,47.424544,6,"3;4;5;6;7;11"
Root_14087,0.000000,23.504832,8,"0;1;2;4;5;6;7;11"
Root_14088,106.936451,43.782592,7,"1;2;4;5;6;7;11"
Root_14089,1.942880,28.834432,7,"0;2;4;5;6;7;11"
Root_14090,151.180493,48.412192,6,"2;4;5;6;7;11"
Root_14091,0.000000,24.430752,7,"0;1;4;5;6;7;11"
Root_14092,111.666051,44.708512,6,"1;4;5;6;7;11"
Root_14093,3.748822,29.760352,6,"0;4;5;6;7;11"
Root_14094,157.061933,49.338112,5,"4;5;6;7;11"
Root_14095,0.000000,23.813472,8,"0;1;2;3;5;6;7;11"
Root_14096,109.405571,44.091232,7,"1;2;3;5;6;7;11"
Root_14097,0.000000,29.143072,7,"0;2;3;5;6;7;11"
Root_14098,154.266893,48.720832,6,"2;3;5;6;7;11"
Root_14099,0.000000,24.739392,7,"0;1;3;5;6;7;11"
Root_14100,114.169475,45.017152,6,"1;3;5;6;7;11"
Root_14101,1.052694,30.068992,6,"0;3;5;6;7;11"
Root_14102,160.148333,49.646752,5,"3;5;6;7;11"
Root_14103,0.000000,25.727040,7,"0;1;2;5;6;7;11"
Root_14104,118.302755,46.004800,6,"1;2;5;6;7;11"
Root_14105,2.942880,31.056640,6,"0;2;5;6;7;11"
Root_14106,164.981613,50.634400,5,"2;5;6;7;11"
Root_14107,0.000000,26.652960,6,"0;1;5;6;7;11"
Root_14108,125.110115,46.930720,5,"1;5;6;7;11"
Root_14109,2.966262,31.982560,5,"0;5;6;7;11"
Root_14110,171.649293,51.560320,4,"5;6;7;11"
Root_14111,0.000000,23.134464,8,"0;1;2;3;4;6;7;11"
Root_14112,109.240291,43.412224,7,"1;2;3;4;6;7;11"
Root_14113,1.489952,28.464064,7,"0;2;3;4;6;7;11"
Root_14114,148.155821,48.041824,6,"2;3;4;6;7;11"
Root_14115,0.000000,24.060384,7,"0;1;3;4;6;7;11"
Root_14116,113.043971,44.338144,6,"1;3;4;6;7;11"
Root_14117,3.111606,29.389984,6,"0;3;4;6;7;11"
Root_14118,154.037261,48.967744,5,"3;4;6;7;11"
Root_14119,0.000000,25.048032,7,"0;1;2;4;6;7;11"
Root_14120,114.495523,45.325792,6,"1;2;4;6;7;11"
Root_14121,5.432832,30.377632,6,"0;2;4;6;7;11"
Root_14122,158.500173,49.955392,5,"2;4;6;7;11"
Root_14123,0.000000,25.973952,6,"0;1;4;6;7;11"
Root_14124,120.376963,46.251712,5,"1;4;6;7;11"
Root_14125,6.835222,31.303552,5,"0;4;6;7;11"
Root_14126,164.607533,50.881312,4,"4;6;7;11"
Root_14127,0.000000,25.356672,7,"0;1;2;3;6;7;11"
Root_14128,117.273283,45.634432,6,"1;2;3;6;7;11"
Root_14129,2.202144,30.686272,6,"0;2;3;6;7;11"
Root_14130,161.586573,50.264032,5,"2;3;6;7;11"
Root_14131,0.000000,26.282592,6,"0;1;3;6;7;11"
Root_14132,123.154723,46.560352,5,"1;3;6;7;11"
Root_14133,2.699414,31.612192,5,"0;3;6;7;11"
Root_14134,167.883885,51.189952,4,"3;6;7;11"
Root_14135,0.000000,27.270240,6,"0;1;2;6;7;11"
Root_14136,127.617635,47.548000,5,"1;2;6;7;11"
Root_14137,6.029280,32.599840,5,"0;2;6;7;11"
Root_14138,175.022093,52.177600,4,"2;6;7;11"
Root_14139,0.000000,28.196160,5,"0;1;6;7;11"
Root_14140,134.198915,48.473920,4,"1;6;7;11"
Root_14141,5.035222,33.525760,4,"0;6;7;11"
Root_14142,182.281293,53.103520,3,"6;7;11"
Root_14143,0.000000,24.017174,8,"0;1;2;3;4;5;7;11"
Root_14144,113.943958,44.294934,7,"1;2;3;4;5;7;11"
Root_14145,3.253795,29.346774,7,"0;2;3;4;5;7;11"
Root_14146,156.507619,48.924534,6,"2;3;4;5;7;11"
Root_14147,0.000000,24.943094,7,"0;1;3;4;5;7;11"
Root_14148,118.189347,45.220854,6,"1;3;4;5;7;11"
Root_14149,5.759738,30.272694,6,"0;3;4;5;7;11"
Root_14150,162.389059,49.850454,5,"3;4;5;7;11"
Root_14151,0.000000,25.930742,7,"0;1;2;4;5;7;11"
Root_14152,121.334979,46.208502,6,"1;2;4;5;7;11"
Root_14153,8.080963,31.260342,6,"0;2;4;5;7;11"
Root_14154,167.222339,50.838102,5,"2;4;5;7;11"
Root_14155,0.000000,26.856662,6,"0;1;4;5;7;11"
Root_14156,127.350842,47.134422,5,"1;4;5;7;11"
Root_14157,8.600643,32.186262,5,"0;4;5;7;11"
Root_14158,174.093722,51.764022,4,"4;5;7;11"
Root_14159,0.000000,26.239382,7,"0;1;2;3;5;7;11"
Root_14160,124.421379,46.517142,6,"1;2;3;5;7;11"
Root_14161,4.253795,31.568982,6,"0;2;3;5;7;11"
Root_14162,170.764122,51.146742,5,"2;3;5;7;11"
Root_14163,0.000000,27.165302,6,"0;1;3;5;7;11"
Root_14164,130.745882,47.443062,5,"1;3;5;7;11"
Root_14165,4.464835,32.494902,5,"0;3;5;7;11"
Root_14166,177.797402,52.072662,4,"3;5;7;11"
Root_14167,0.000000,28.152950,6,"0;1;2;5;7;11"
Root_14168,136.566810,48.430710,5,"1;2;5;7;11"
Root_14169,8.277251,33.482550,5,"0;2;5;7;11"
Root_14170,185.305978,53.060310,4,"2;5;7;11"
Root_14171,0.000000,29.078870,5,"0;1;5;7;11"
Root_14172,143.600090,49.356630,4,"1;5;7;11"
Root_14173,6.800643,34.408470,4,"0;5;7;11"
Root_14174,192.565178,53.986230,3,"5;7;11"
Root_14175,0.000000,25.560374,7,"0;1;2;3;4;7;11"
Root_14176,120.472173,45.838134,6,"1;2;3;4;7;11"
Root_14177,8.799290,30.889974,6,"0;2;3;4;7;11"
Root_14178,163.827299,50.467734,5,"2;3;4;7;11"
Root_14179,0.000000,26.486294,6,"0;1;3;4;7;11"
Root_14180,128.927693,46.764054,5,"1;3;4;7;11"
Root_14181,12.325146,31.815894,5,"0;3;4;7;11"
Root_14182,173.128314,51.393654,4,"3;4;7;11"
Root_14183,0.499830,27.473942,6,"0;1;2;4;7;11"
Root_14184,129.654659,47.751702,5,"1;2;4;7;11"
Root_14185,12.710563,32.803542,5,"0;2;4;7;11"
Root_14186,177.466522,52.381302,4,"2;4;7;11"
Root_14187,2.021901,28.399862,5,"0;1;4;7;11"
Root_14188,139.239642,48.677622,4,"1;4;7;11"
Root_14189,14.516506,33.729462,4,"0;4;7;11"
Root_14190,186.825722,53.307222,3,"4;7;11"
Root_14191,0.000000,27.782582,6,"0;1;2;3;7;11"
Root_14192,132.801402,48.060342,5,"1;2;3;7;11"
Root_14193,8.995578,33.112182,5,"0;2;3;7;11"
Root_14194,181.170202,52.689942,4,"2;3;7;11"
Root_14195,0.686262,28.708502,5,"0;1;3;7;11"
Root_14196,145.434682,48.986262,4,"1;3;7;11"
Root_14197,11.925146,34.038102,4,"0;3;7;11"
Root_14198,192.629402,53.615862,3,"3;7;11"
Root_14199,0.499830,29.696150,5,"0;1;2;7;11"
Root_14200,146.972890,49.973910,4,"1;2;7;11"
Root_14201,12.906851,35.025750,4,"0;2;7;11"
Root_14202,197.255258,54.603510,3,"2;7;11"
Root_14203,2.599830,30.622070,4,"0;1;7;11"
Root_14204,158.432090,50.899830,3,"1;7;11"
Root_14205,13.638714,35.951670,3,"0;7;11"
Root_14206,207.540378,55.529430,2,"7;11"
Root_14207,0.000000,24.615936,8,"0;1;2;3;4;5;6;11"
Root_14208,120.332813,44.893696,7,"1;2;3;4;5;6;11"
Root_14209,5.050080,29.945536,7,"0;2;3;4;5;6;11"
Root_14210,163.692758,49.523296,6,"2;3;4;5;6;11"
Root_14211,0.000000,25.541856,7,"0;1;3;4;5;6;11"
Root_14212,125.775725,45.819616,6,"1;3;4;5;6;11"
Root_14213,7.556022,30.871456,6,"0;3;4;5;6;11"
Root_14214,169.574198,50.449216,5,"3;4;5;6;11"
Root_14215,0.000000,26.529504,7,"0;1;2;4;5;6;11"
Root_14216,128.921357,46.807264,6,"1;2;4;5;6;11"
Root_14217,9.877248,31.859104,6,"0;2;4;5;6;11"
Root_14218,174.844342,51.436864,5,"2;4;5;6;11"
Root_14219,0.255392,27.455424,6,"0;1;4;5;6;11"
Root_14220,134.802797,47.733184,5,"1;4;5;6;11"
Root_14221,9.798166,32.785024,5,"0;4;5;6;11"
Root_14222,181.877622,52.362784,4,"4;5;6;11"
Root_14223,0.000000,26.838144,7,"0;1;2;3;5;6;11"
Root_14224,132.007757,47.115904,6,"1;2;3;5;6;11"
Root_14225,6.050080,32.167744,6,"0;2;3;5;6;11"
Root_14226,178.548022,51.745504,5,"2;3;5;6;11"
Root_14227,0.000000,27.764064,6,"0;1;3;5;6;11"
Root_14228,137.931021,48.041824,5,"1;3;5;6;11"
Root_14229,5.756022,33.093664,5,"0;3;5;6;11"
Root_14230,185.581302,52.671424,4,"3;5;6;11"
Root_14231,0.000000,28.751712,6,"0;1;2;5;6;11"
Root_14232,143.751949,49.029472,5,"1;2;5;6;11"
Root_14233,10.073536,34.081312,5,"0;2;5;6;11"
Root_14234,193.089878,53.659072,4,"2;5;6;11"
Root_14235,0.255392,29.677632,5,"0;1;5;6;11"
Root_14236,150.785229,49.955392,4,"1;5;6;11"
Root_14237,8.005398,35.007232,4,"0;5;6;11"
Root_14238,200.349078,54.584992,3,"5;6;11"
Root_14239,0.000000,26.159136,7,"0;1;2;3;4;6;11"
Root_14240,127.459789,46.436896,6,"1;2;3;4;6;11"
Root_14241,10.679712,31.488736,6,"0;2;3;4;6;11"
Root_14242,171.078934,51.066496,5,"2;3;4;6;11"
Root_14243,0.000000,27.085056,6,"0;1;3;4;6;11"
Root_14244,132.415309,47.362816,5,"1;3;4;6;11"
Root_14245,11.321430,32.414656,5,"0;3;4;6;11"
Root_14246,178.112214,51.992416,4,"3;4;6;11"
Root_14247,1.098592,28.072704,6,"0;1;2;4;6;11"
Root_14248,136.591501,48.350464,5,"1;2;4;6;11"
Root_14249,14.909152,33.402304,5,"0;2;4;6;11"
Root_14250,185.250422,52.980064,4,"2;4;6;11"
Root_14251,1.819424,28.998624,5,"0;1;4;6;11"
Root_14252,143.624781,49.276384,4,"1;4;6;11"
Root_14253,14.212790,34.328224,4,"0;4;6;11"
Root_14254,192.509622,53.905984,3,"4;6;11"
Root_14255,0.000000,28.381344,6,"0;1;2;3;6;11"
Root_14256,139.986541,48.659104,5,"1;2;3;6;11"
Root_14257,10.876000,33.710944,5,"0;2;3;6;11"
Root_14258,188.954102,53.288704,4,"2;3;6;11"
Root_14259,0.000000,29.307264,5,"0;1;3;6;11"
Root_14260,147.019821,49.585024,4,"1;3;6;11"
Root_14261,9.521430,34.636864,4,"0;3;6;11"
Root_14262,196.213302,54.214624,3,"3;6;11"
Root_14263,1.419424,30.294912,5,"0;1;2;6;11"
Root_14264,154.158029,50.572672,4,"1;2;6;11"
Root_14265,14.703136,35.624512,4,"0;2;6;11"
Root_14266,205.039158,55.202272,3,"2;6;11"
Root_14267,1.798592,31.220832,4,"0;1;6;11"
Root_14268,161.417229,51.498592,3,"1;6;11"
Root_14269,13.735862,36.550432,3,"0;6;11"
Root_14270,212.524278,56.128192,2,"6;11"
Root_14271,0.067734,27.041846,7,"0;1;2;3;4;5;11"
Root_14272,134.248483,47.319606,6,"1;2;3;4;5;11"
Root_14273,13.860986,32.371446,6,"0;2;3;4;5;11"
Root_14274,181.196154,51.949206,5,"2;3;4;5;11"
Root_14275,0.767734,27.967766,6,"0;1;3;4;5;11"
Root_14276,140.375450,48.245526,5,"1;3;4;5;11"
Root_14277,14.266928,33.297366,5,"0;3;4;5;11"
Root_14278,188.229434,52.875126,4,"3;4;5;11"
Root_14279,2.184845,28.955414,6,"0;1;2;4;5;11"
Root_14280,146.196378,49.233174,5,"1;2;4;5;11"
Root_14281,18.439994,34.285014,5,"0;2;4;5;11"
Root_14282,195.738010,53.862774,4,"2;4;5;11"
Root_14283,3.584845,29.881334,5,"0;1;4;5;11"
Root_14284,153.229658,50.159094,4,"1;4;5;11"
Root_14285,17.071856,35.210934,4,"0;4;5;11"
Root_14286,202.997210,54.788694,3,"4;5;11"
Root_14287,0.067734,29.264054,6,"0;1;2;3;5;11"
Root_14288,149.900058,49.541814,5,"1;2;3;5;11"
Root_14289,14.057274,34.593654,5,"0;2;3;5;11"
Root_14290,199.750330,54.171414,4,"2;3;5;11"
Root_14291,0.767734,30.189974,5,"0;1;3;5;11"
Root_14292,156.933338,50.467734,4,"1;3;5;11"
Root_14293,12.689136,35.519574,4,"0;3;5;11"
Root_14294,207.009530,55.097334,3,"3;5;11"
Root_14295,3.184845,31.177622,5,"0;1;2;5;11"
Root_14296,164.441914,51.455382,4,"1;2;5;11"
Root_14297,18.365712,36.507222,4,"0;2;5;11"
Root_14298,216.205754,56.084982,3,"2;5;11"
Root_14299,2.681302,32.103542,4,"0;1;5;11"
Root_14300,171.701114,52.381302,3,"1;5;11"
Root_14301,18.149414,37.433142,3,"0;5;11"
Root_14302,223.690874,57.010902,2,"5;11"
Root_14303,1.610934,28.585046,6,"0;1;2;3;4;11"
Root_14304,142.430970,48.862806,5,"1;2;3;4;11"
Root_14305,20.785658,33.914646,5,"0;2;3;4;11"
Root_14306,191.602234,53.492406,4,"2;3;4;11"
Root_14307,5.168611,29.510966,5,"0;1;3;4;11"
Root_14308,152.264250,49.788726,4,"1;3;4;11"
Root_14309,22.931088,34.840566,4,"0;3;4;11"
Root_14310,200.961434,54.418326,3,"3;4;11"
Root_14311,5.795779,30.498614,5,"0;1;2;4;11"
Root_14312,156.602458,50.776374,4,"1;2;4;11"
Root_14313,24.612794,35.828214,4,"0;2;4;11"
Root_14314,207.687290,55.405974,3,"2;4;11"
Root_14315,8.071245,31.424534,4,"0;1;4;11"
Root_14316,165.961658,51.702294,3,"1;4;11"
Root_14317,26.098790,36.754134,3,"0;4;11"
Root_14318,216.572410,56.331894,2,"4;11"
Root_14319,2.444109,30.807254,5,"0;1;2;3;11"
Root_14320,160.306138,51.085014,4,"1;2;3;11"
Root_14321,20.503782,36.136854,4,"0;2;3;11"
Root_14322,211.699610,55.714614,3,"2;3;11"
Root_14323,5.335437,31.733174,4,"0;1;3;11"
Root_14324,171.765338,52.010934,3,"1;3;11"
Root_14325,25.187485,37.062774,3,"0;3;11"
Root_14326,221.984730,56.640534,2,"3;11"
Root_14327,6.271245,32.720822,4,"0;1;2;11"
Root_14328,176.391194,52.998582,3,"1;2;11"
Root_14329,26.081712,38.050422,3,"0;2;11"
Root_14330,229.698234,57.628182,2,"2;11"
Root_14331,6.271245,33.646742,3,"0;1;11"
Root_14332,186.676314,53.924502,2,"1;11"
Root_14333,28.665414,38.976342,2,"0;11"
Root_14334,238.809274,58.554102,1,"11"
Root_14335,0.000000,15.295008,11,"0;1;2;3;4;5;6;7;8;9;10"
Root_14336,70.361510,35.572768,10,"1;2;3;4;5;6;7;8;9;10"
Root_14337,0.000000,20.624608,10,"0;2;3;4;5;6;7;8;9;10"
Root_14338,105.492218,40.202368,9,"2;3;4;5;6;7;8;9;10"
Root_14339,0.000000,16.220928,10,"0;1;3;4;5;6;7;8;9;10"
Root_14340,67.887430,36.498688,9,"1;3;4;5;6;7;8;9;10"
Root_14341,0.000000,21.550528,9,"0;3;4;5;6;7;8;9;10"
Root_14342,103.944058,41.128288,8,"3;4;5;6;7;8;9;10"
Root_14343,0.000000,17.208576,10,"0;1;2;4;5;6;7;8;9;10"
Root_14344,74.850374,37.486336,9,"1;2;4;5;6;7;8;9;10"
Root_14345,0.000000,22.538176,9,"0;2;4;5;6;7;8;9;10"
Root_14346,107.894650,42.115936,8,"2;4;5;6;7;8;9;10"
Root_14347,0.000000,18.134496,9,"0;1;4;5;6;7;8;9;10"
Root_14348,73.302214,38.412256,8,"1;4;5;6;7;8;9;10"
Root_14349,0.000000,23.464096,8,"0;4;5;6;7;8;9;10"
Root_14350,107.272410,43.041856,7,"4;5;6;7;8;9;10"
Root_14351,0.000000,17.517216,10,"0;1;2;3;5;6;7;8;9;10"
Root_14352,72.879910,37.794976,9,"1;2;3;5;6;7;8;9;10"
Root_14353,0.000000,22.846816,9,"0;2;3;5;6;7;8;9;10"
Root_14354,109.746490,42.424576,8,"2;3;5;6;7;8;9;10"
Root_14355,0.000000,18.443136,9,"0;1;3;5;6;7;8;9;10"
Root_14356,72.257670,38.720896,8,"1;3;5;6;7;8;9;10"
Root_14357,0.000000,23.772736,8,"0;3;5;6;7;8;9;10"
Root_14358,109.124250,43.350496,7,"3;5;6;7;8;9;10"
Root_14359,0.000000,19.430784,9,"0;1;2;5;6;7;8;9;10"
Root_14360,78.487366,39.708544,8,"1;2;5;6;7;8;9;10"
Root_14361,0.000000,24.760384,8,"0;2;5;6;7;8;9;10"
Root_14362,114.432858,44.338144,7,"2;5;6;7;8;9;10"
Root_14363,0.000000,20.356704,8,"0;1;5;6;7;8;9;10"
Root_14364,77.865126,40.634464,7,"1;5;6;7;8;9;10"
Root_14365,0.000000,25.686304,7,"0;5;6;7;8;9;10"
Root_14366,115.000602,45.264064,6,"5;6;7;8;9;10"
Root_14367,0.000000,16.838208,10,"0;1;2;3;4;6;7;8;9;10"
Root_14368,78.807184,37.115968,9,"1;2;3;4;6;7;8;9;10"
Root_14369,0.000000,22.167808,9,"0;2;3;4;6;7;8;9;10"
Root_14370,112.297242,41.745568,8,"2;3;4;6;7;8;9;10"
Root_14371,0.000000,17.764128,9,"0;1;3;4;6;7;8;9;10"
Root_14372,77.259024,38.041888,8,"1;3;4;6;7;8;9;10"
Root_14373,0.000000,23.093728,8,"0;3;4;6;7;8;9;10"
Root_14374,110.749082,42.671488,7,"3;4;6;7;8;9;10"
Root_14375,0.000000,18.751776,9,"0;1;2;4;6;7;8;9;10"
Root_14376,83.180080,39.029536,8,"1;2;4;6;7;8;9;10"
Root_14377,0.000000,24.081376,8,"0;2;4;6;7;8;9;10"
Root_14378,114.699674,43.659136,7,"2;4;6;7;8;9;10"
Root_14379,0.000000,19.677696,8,"0;1;4;6;7;8;9;10"
Root_14380,81.631920,39.955456,7,"1;4;6;7;8;9;10"
Root_14381,0.000000,25.007296,7,"0;4;6;7;8;9;10"
Root_14382,114.077434,44.585056,6,"4;6;7;8;9;10"
Root_14383,0.000000,19.060416,9,"0;1;2;3;6;7;8;9;10"
Root_14384,82.752816,39.338176,8,"1;2;3;6;7;8;9;10"
Root_14385,0.000000,24.390016,8,"0;2;3;6;7;8;9;10"
Root_14386,116.242874,43.967776,7,"2;3;6;7;8;9;10"
Root_14387,0.000000,19.986336,8,"0;1;3;6;7;8;9;10"
Root_14388,82.130576,40.264096,7,"1;3;6;7;8;9;10"
Root_14389,0.000000,25.315936,7,"0;3;6;7;8;9;10"
Root_14390,115.620634,44.893696,6,"3;6;7;8;9;10"
Root_14391,0.000000,20.973984,8,"0;1;2;6;7;8;9;10"
Root_14392,87.068816,41.251744,7,"1;2;6;7;8;9;10"
Root_14393,0.000000,26.303584,7,"0;2;6;7;8;9;10"
Root_14394,121.440218,45.881344,6,"2;6;7;8;9;10"
Root_14395,0.000000,21.899904,7,"0;1;6;7;8;9;10"
Root_14396,87.372496,42.177664,6,"1;6;7;8;9;10"
Root_14397,0.000000,27.229504,6,"0;6;7;8;9;10"
Root_14398,122.669818,46.807264,5,"6;7;8;9;10"
Root_14399,0.000000,17.720918,10,"0;1;2;3;4;5;7;8;9;10"
Root_14400,83.103446,37.998678,9,"1;2;3;4;5;7;8;9;10"
Root_14401,0.000000,23.050518,9,"0;2;3;4;5;7;8;9;10"
Root_14402,115.544128,42.628278,8,"2;3;4;5;7;8;9;10"
Root_14403,0.000000,18.646838,9,"0;1;3;4;5;7;8;9;10"
Root_14404,81.555286,38.924598,8,"1;3;4;5;7;8;9;10"
Root_14405,0.000000,23.976438,8,"0;3;4;5;7;8;9;10"
Root_14406,113.995968,43.554198,7,"3;4;5;7;8;9;10"
Root_14407,0.000000,19.634486,9,"0;1;2;4;5;7;8;9;10"
Root_14408,86.593632,39.912246,8,"1;2;4;5;7;8;9;10"
Root_14409,0.000000,24.964086,8,"0;2;4;5;7;8;9;10"
Root_14410,118.316928,44.541846,7,"2;4;5;7;8;9;10"
Root_14411,0.000000,20.560406,8,"0;1;4;5;7;8;9;10"
Root_14412,85.045472,40.838166,7,"1;4;5;7;8;9;10"
Root_14413,0.000000,25.890006,7,"0;4;5;7;8;9;10"
Root_14414,118.162454,45.467766,6,"4;5;7;8;9;10"
Root_14415,0.000000,19.943126,9,"0;1;2;3;5;7;8;9;10"
Root_14416,87.049078,40.220886,8,"1;2;3;5;7;8;9;10"
Root_14417,0.000000,25.272726,8,"0;2;3;5;7;8;9;10"
Root_14418,120.168768,44.850486,7,"2;3;5;7;8;9;10"
Root_14419,0.000000,20.869046,8,"0;1;3;5;7;8;9;10"
Root_14420,86.426838,41.146806,7,"1;3;5;7;8;9;10"
Root_14421,0.000000,26.198646,7,"0;3;5;7;8;9;10"
Root_14422,120.322934,45.776406,6,"3;5;7;8;9;10"
Root_14423,0.000000,21.856694,8,"0;1;2;5;7;8;9;10"
Root_14424,91.365078,42.134454,7,"1;2;5;7;8;9;10"
Root_14425,0.000000,27.186294,7,"0;2;5;7;8;9;10"
Root_14426,126.619190,46.764054,6,"2;5;7;8;9;10"
Root_14427,0.000000,22.782614,7,"0;1;5;7;8;9;10"
Root_14428,91.668758,43.060374,6,"1;5;7;8;9;10"
Root_14429,0.000000,28.112214,6,"0;5;7;8;9;10"
Root_14430,128.538765,47.689974,5,"5;7;8;9;10"
Root_14431,0.000000,19.264118,9,"0;1;2;3;4;7;8;9;10"
Root_14432,91.433152,39.541878,8,"1;2;3;4;7;8;9;10"
Root_14433,0.000000,24.593718,8,"0;2;3;4;7;8;9;10"
Root_14434,120.293610,44.171478,7,"2;3;4;7;8;9;10"
Root_14435,0.000000,20.190038,8,"0;1;3;4;7;8;9;10"
Root_14436,89.884992,40.467798,7,"1;3;4;7;8;9;10"
Root_14437,0.000000,25.519638,7,"0;3;4;7;8;9;10"
Root_14438,118.842848,45.097398,6,"3;4;7;8;9;10"
Root_14439,0.000000,21.177686,8,"0;1;2;4;7;8;9;10"
Root_14440,93.835584,41.455446,7,"1;2;4;7;8;9;10"
Root_14441,0.351670,26.507286,7,"0;2;4;7;8;9;10"
Root_14442,123.781088,46.085046,6,"2;4;7;8;9;10"
Root_14443,0.000000,22.103606,7,"0;1;4;7;8;9;10"
Root_14444,93.213344,42.381366,6,"1;4;7;8;9;10"
Root_14445,0.351670,27.433206,6,"0;4;7;8;9;10"
Root_14446,124.095734,47.010966,5,"4;7;8;9;10"
Root_14447,0.000000,21.486326,8,"0;1;2;3;7;8;9;10"
Root_14448,95.378784,41.764086,7,"1;2;3;7;8;9;10"
Root_14449,0.000000,26.815926,7,"0;2;3;7;8;9;10"
Root_14450,125.632928,46.393686,6,"2;3;7;8;9;10"
Root_14451,0.000000,22.412246,7,"0;1;3;7;8;9;10"
Root_14452,94.756544,42.690006,6,"1;3;7;8;9;10"
Root_14453,0.000000,27.741846,6,"0;3;7;8;9;10"
Root_14454,126.256214,47.319606,5,"3;7;8;9;10"
Root_14455,0.000000,23.399894,7,"0;1;2;7;8;9;10"
Root_14456,99.694784,43.677654,6,"1;2;7;8;9;10"
Root_14457,0.351670,28.729494,6,"0;2;7;8;9;10"
Root_14458,133.784259,48.307254,5,"2;7;8;9;10"
Root_14459,0.000000,24.325814,6,"0;1;7;8;9;10"
Root_14460,99.998464,44.603574,5,"1;7;8;9;10"
Root_14461,0.351670,29.655414,5,"0;7;8;9;10"
Root_14462,137.791619,49.233174,4,"7;8;9;10"
Root_14463,0.000000,18.319680,10,"0;1;2;3;4;5;6;8;9;10"
Root_14464,88.726874,38.597440,9,"1;2;3;4;5;6;8;9;10"
Root_14465,0.000000,23.649280,9,"0;2;3;4;5;6;8;9;10"
Root_14466,121.167555,43.227040,8,"2;3;4;5;6;8;9;10"
Root_14467,0.000000,19.245600,9,"0;1;3;4;5;6;8;9;10"
Root_14468,87.178714,39.523360,8,"1;3;4;5;6;8;9;10"
Root_14469,0.000000,24.575200,8,"0;3;4;5;6;8;9;10"
Root_14470,119.619395,44.152960,7,"3;4;5;6;8;9;10"
Root_14471,0.000000,20.233248,9,"0;1;2;4;5;6;8;9;10"
Root_14472,91.618298,40.511008,8,"1;2;4;5;6;8;9;10"
Root_14473,0.000000,25.562848,8,"0;2;4;5;6;8;9;10"
Root_14474,124.080963,45.140608,7,"2;4;5;6;8;9;10"
Root_14475,0.000000,21.159168,8,"0;1;4;5;6;8;9;10"
Root_14476,90.507066,41.436928,7,"1;4;5;6;8;9;10"
Root_14477,0.000000,26.488768,7,"0;4;5;6;8;9;10"
Root_14478,124.384643,46.066528,6,"4;5;6;8;9;10"
Root_14479,0.000000,20.541888,9,"0;1;2;3;5;6;8;9;10"
Root_14480,92.672506,40.819648,8,"1;2;3;5;6;8;9;10"
Root_14481,0.000000,25.871488,8,"0;2;3;5;6;8;9;10"
Root_14482,126.241443,45.449248,7,"2;3;5;6;8;9;10"
Root_14483,0.000000,21.467808,8,"0;1;3;5;6;8;9;10"
Root_14484,92.050266,41.745568,7,"1;3;5;6;8;9;10"
Root_14485,0.000000,26.797408,7,"0;3;5;6;8;9;10"
Root_14486,126.545123,46.375168,6,"3;5;6;8;9;10"
Root_14487,0.000000,22.455456,8,"0;1;2;5;6;8;9;10"
Root_14488,96.988506,42.733216,7,"1;2;5;6;8;9;10"
Root_14489,0.000000,27.785056,7,"0;2;5;6;8;9;10"
Root_14490,132.841379,47.362816,6,"2;5;6;8;9;10"
Root_14491,0.000000,23.381376,7,"0;1;5;6;8;9;10"
Root_14492,97.292186,43.659136,6,"1;5;6;8;9;10"
Root_14493,0.000000,28.710976,6,"0;5;6;8;9;10"
Root_14494,134.648451,48.288736,5,"5;6;8;9;10"
Root_14495,0.000000,19.862880,9,"0;1;2;3;4;6;8;9;10"
Root_14496,96.457818,40.140640,8,"1;2;3;4;6;8;9;10"
Root_14497,0.005942,25.192480,8,"0;2;3;4;6;8;9;10"
Root_14498,125.318275,44.770240,7,"2;3;4;6;8;9;10"
Root_14499,0.000000,20.788800,8,"0;1;3;4;6;8;9;10"
Root_14500,94.909658,41.066560,7,"1;3;4;6;8;9;10"
Root_14501,0.005942,26.118400,7,"0;3;4;6;8;9;10"
Root_14502,124.466275,45.696160,6,"3;4;6;8;9;10"
Root_14503,0.000000,21.776448,8,"0;1;2;4;6;8;9;10"
Root_14504,98.860250,42.054208,7,"1;2;4;6;8;9;10"
Root_14505,1.314230,27.106048,7,"0;2;4;6;8;9;10"
Root_14506,129.404515,46.683808,6,"2;4;6;8;9;10"
Root_14507,0.000000,22.702368,7,"0;1;4;6;8;9;10"
Root_14508,98.238010,42.980128,6,"1;4;6;8;9;10"
Root_14509,1.314230,28.031968,6,"0;4;6;8;9;10"
Root_14510,129.708195,47.609728,5,"4;6;8;9;10"
Root_14511,0.000000,22.085088,8,"0;1;2;3;6;8;9;10"
Root_14512,100.403450,42.362848,7,"1;2;3;6;8;9;10"
Root_14513,0.005942,27.414688,7,"0;2;3;6;8;9;10"
Root_14514,131.256355,46.992448,6,"2;3;6;8;9;10"
Root_14515,0.000000,23.011008,7,"0;1;3;6;8;9;10"
Root_14516,99.781210,43.288768,6,"1;3;6;8;9;10"
Root_14517,0.005942,28.340608,6,"0;3;6;8;9;10"
Root_14518,131.560035,47.918368,5,"3;6;8;9;10"
Root_14519,0.000000,23.998656,7,"0;1;2;6;8;9;10"
Root_14520,104.719450,44.276416,6,"1;2;6;8;9;10"
Root_14521,1.314230,29.328256,6,"0;2;6;8;9;10"
Root_14522,140.203971,48.906016,5,"2;6;8;9;10"
Root_14523,0.000000,24.924576,6,"0;1;6;8;9;10"
Root_14524,105.225466,45.202336,5,"1;6;8;9;10"
Root_14525,1.314230,30.254176,5,"0;6;8;9;10"
Root_14526,144.211331,49.831936,4,"6;8;9;10"
Root_14527,0.000000,20.745590,9,"0;1;2;3;4;5;8;9;10"
Root_14528,99.886314,41.023350,8,"1;2;3;4;5;8;9;10"
Root_14529,0.462742,26.075190,8,"0;2;3;4;5;8;9;10"
Root_14530,129.218112,45.652950,7,"2;3;4;5;8;9;10"
Root_14531,0.000000,21.671510,8,"0;1;3;4;5;8;9;10"
Root_14532,98.338154,41.949270,7,"1;3;4;5;8;9;10"
Root_14533,0.462742,27.001110,7,"0;3;4;5;8;9;10"
Root_14534,128.595872,46.578870,6,"3;4;5;8;9;10"
Root_14535,0.000000,22.659158,8,"0;1;2;4;5;8;9;10"
Root_14536,102.477504,42.936918,7,"1;2;4;5;8;9;10"
Root_14537,3.536451,27.988758,7,"0;2;4;5;8;9;10"
Root_14538,134.470998,47.566518,6,"2;4;5;8;9;10"
Root_14539,0.000000,23.585078,7,"0;1;4;5;8;9;10"
Root_14540,101.855264,43.862838,6,"1;4;5;8;9;10"
Root_14541,3.536451,28.914678,6,"0;4;5;8;9;10"
Root_14542,136.685475,48.492438,5,"4;5;8;9;10"
Root_14543,0.000000,22.967798,8,"0;1;2;3;5;8;9;10"
Root_14544,104.329344,43.245558,7,"1;2;3;5;8;9;10"
Root_14545,0.462742,28.297398,7,"0;2;3;5;8;9;10"
Root_14546,136.940118,47.875158,6,"2;3;5;8;9;10"
Root_14547,0.000000,23.893718,7,"0;1;3;5;8;9;10"
Root_14548,103.707104,44.171478,6,"1;3;5;8;9;10"
Root_14549,0.462742,29.223318,6,"0;3;5;8;9;10"
Root_14550,139.771875,48.801078,5,"3;5;8;9;10"
Root_14551,0.000000,24.881366,7,"0;1;2;5;8;9;10"
Root_14552,109.174838,45.159126,6,"1;2;5;8;9;10"
Root_14553,3.536451,30.210966,6,"0;2;5;8;9;10"
Root_14554,149.031075,49.788726,5,"2;5;8;9;10"
Root_14555,0.000000,25.807286,6,"0;1;5;8;9;10"
Root_14556,110.404438,46.085046,5,"1;5;8;9;10"
Root_14557,3.536451,31.136886,5,"0;5;8;9;10"
Root_14558,153.038435,50.714646,4,"5;8;9;10"
Root_14559,0.000000,22.288790,8,"0;1;2;3;4;8;9;10"
Root_14560,106.059114,42.566550,7,"1;2;3;4;8;9;10"
Root_14561,5.715258,27.618390,7,"0;2;3;4;8;9;10"
Root_14562,132.682272,47.196150,6,"2;3;4;8;9;10"
Root_14563,0.000000,23.214710,7,"0;1;3;4;8;9;10"
Root_14564,104.510954,43.492470,6,"1;3;4;8;9;10"
Root_14565,5.715258,28.544310,6,"0;3;4;8;9;10"
Root_14566,133.352163,48.122070,5,"3;4;8;9;10"
Root_14567,0.000000,24.202358,7,"0;1;2;4;8;9;10"
Root_14568,108.461546,44.480118,6,"1;2;4;8;9;10"
Root_14569,8.986874,29.531958,6,"0;2;4;8;9;10"
Root_14570,142.240995,49.109718,5,"2;4;8;9;10"
Root_14571,0.000000,25.128278,6,"0;1;4;8;9;10"
Root_14572,108.245344,45.406038,5,"1;4;8;9;10"
Root_14573,8.986874,30.457878,5,"0;4;8;9;10"
Root_14574,146.248355,50.035638,4,"4;8;9;10"
Root_14575,0.000000,24.510998,7,"0;1;2;3;8;9;10"
Root_14576,110.004746,44.788758,6,"1;2;3;8;9;10"
Root_14577,5.715258,29.840598,6,"0;2;3;8;9;10"
Root_14578,145.327395,49.418358,5,"2;3;8;9;10"
Root_14579,0.000000,25.436918,6,"0;1;3;8;9;10"
Root_14580,110.097184,45.714678,5,"1;3;8;9;10"
Root_14581,5.715258,30.766518,5,"0;3;8;9;10"
Root_14582,149.334755,50.344278,4,"3;8;9;10"
Root_14583,0.000000,26.424566,6,"0;1;2;8;9;10"
Root_14584,116.023072,46.702326,5,"1;2;8;9;10"
Root_14585,10.066960,31.754166,5,"0;2;8;9;10"
Root_14586,159.543162,51.331926,4,"2;8;9;10"
Root_14587,0.000000,27.350486,5,"0;1;8;9;10"
Root_14588,117.880918,47.628246,4,"1;8;9;10"
Root_14589,8.986874,32.680086,4,"0;8;9;10"
Root_14590,165.402362,52.257846,3,"8;9;10"
Root_14591,0.000000,19.924608,10,"0;1;2;3;4;5;6;7;9;10"
Root_14592,99.492218,40.202368,9,"1;2;3;4;5;6;7;9;10"
Root_14593,0.000000,25.254208,9,"0;2;3;4;5;6;7;9;10"
Root_14594,132.611907,44.831968,8,"2;3;4;5;6;7;9;10"
Root_14595,0.000000,20.850528,9,"0;1;3;4;5;6;7;9;10"
Root_14596,97.944058,41.128288,8,"1;3;4;5;6;7;9;10"
Root_14597,0.000000,26.180128,8,"0;3;4;5;6;7;9;10"
Root_14598,132.579523,45.757888,7,"3;4;5;6;7;9;10"
Root_14599,0.000000,21.838176,9,"0;1;2;4;5;6;7;9;10"
Root_14600,101.894650,42.115936,8,"1;2;4;5;6;7;9;10"
Root_14601,1.431744,27.167776,8,"0;2;4;5;6;7;9;10"
Root_14602,138.875779,46.745536,7,"2;4;5;6;7;9;10"
Root_14603,0.000000,22.764096,8,"0;1;4;5;6;7;9;10"
Root_14604,101.272410,43.041856,7,"1;4;5;6;7;9;10"
Root_14605,1.431744,28.093696,7,"0;4;5;6;7;9;10"
Root_14606,140.105379,47.671456,6,"4;5;6;7;9;10"
Root_14607,0.000000,22.146816,9,"0;1;2;3;5;6;7;9;10"
Root_14608,103.746490,42.424576,8,"1;2;3;5;6;7;9;10"
Root_14609,0.000000,27.476416,8,"0;2;3;5;6;7;9;10"
Root_14610,141.344899,47.054176,7,"2;3;5;6;7;9;10"
Root_14611,0.000000,23.072736,8,"0;1;3;5;6;7;9;10"
Root_14612,103.124250,43.350496,7,"1;3;5;6;7;9;10"
Root_14613,0.000000,28.402336,7,"0;3;5;6;7;9;10"
Root_14614,142.574499,47.980096,6,"3;5;6;7;9;10"
Root_14615,0.000000,24.060384,8,"0;1;2;5;6;7;9;10"
Root_14616,108.432858,44.338144,7,"1;2;5;6;7;9;10"
Root_14617,1.431744,29.389984,7,"0;2;5;6;7;9;10"
Root_14618,150.826147,48.967744,6,"2;5;6;7;9;10"
Root_14619,0.000000,24.986304,7,"0;1;5;6;7;9;10"
Root_14620,109.264666,45.264064,6,"1;5;6;7;9;10"
Root_14621,1.431744,30.315904,6,"0;5;6;7;9;10"
Root_14622,153.907587,49.893664,5,"5;6;7;9;10"
Root_14623,0.000000,21.467808,9,"0;1;2;3;4;6;7;9;10"
Root_14624,106.297242,41.745568,8,"1;2;3;4;6;7;9;10"
Root_14625,1.246368,26.797408,8,"0;2;3;4;6;7;9;10"
Root_14626,137.908035,46.375168,7,"2;3;4;6;7;9;10"
Root_14627,0.000000,22.393728,8,"0;1;3;4;6;7;9;10"
Root_14628,104.749082,42.671488,7,"1;3;4;6;7;9;10"
Root_14629,1.246368,27.723328,7,"0;3;4;6;7;9;10"
Root_14630,138.211715,47.301088,6,"3;4;6;7;9;10"
Root_14631,0.000000,23.381376,8,"0;1;2;4;6;7;9;10"
Root_14632,108.699674,43.659136,7,"1;2;4;6;7;9;10"
Root_14633,4.703168,28.710976,7,"0;2;4;6;7;9;10"
Root_14634,144.715075,48.288736,6,"2;4;6;7;9;10"
Root_14635,0.000000,24.307296,7,"0;1;4;6;7;9;10"
Root_14636,108.077434,44.585056,6,"1;4;6;7;9;10"
Root_14637,4.703168,29.636896,6,"0;4;6;7;9;10"
Root_14638,147.796515,49.214656,5,"4;6;7;9;10"
Root_14639,0.000000,23.690016,8,"0;1;2;3;6;7;9;10"
Root_14640,110.242874,43.967776,7,"1;2;3;6;7;9;10"
Root_14641,1.246368,29.019616,7,"0;2;3;6;7;9;10"
Root_14642,147.492835,48.597376,6,"2;3;6;7;9;10"
Root_14643,0.000000,24.615936,7,"0;1;3;6;7;9;10"
Root_14644,109.620634,44.893696,6,"1;3;6;7;9;10"
Root_14645,1.246368,29.945536,6,"0;3;6;7;9;10"
Root_14646,150.574275,49.523296,5,"3;6;7;9;10"
Root_14647,0.000000,25.603584,7,"0;1;2;6;7;9;10"
Root_14648,116.321562,45.881344,6,"1;2;6;7;9;10"
Root_14649,4.962272,30.933184,6,"0;2;6;7;9;10"
Root_14650,159.463107,50.510944,5,"2;6;7;9;10"
Root_14651,0.000000,26.529504,6,"0;1;6;7;9;10"
Root_14652,118.477082,46.807264,5,"1;6;7;9;10"
Root_14653,4.703168,31.859104,5,"0;6;7;9;10"
Root_14654,163.907331,51.436864,4,"6;7;9;10"
Root_14655,0.000000,22.350518,9,"0;1;2;3;4;5;7;9;10"
Root_14656,109.544128,42.628278,8,"1;2;3;4;5;7;9;10"
Root_14657,3.894499,27.680118,8,"0;2;3;4;5;7;9;10"
Root_14658,143.178221,47.257878,7,"2;3;4;5;7;9;10"
Root_14659,0.000000,23.276438,8,"0;1;3;4;5;7;9;10"
Root_14660,107.995968,43.554198,7,"1;3;4;5;7;9;10"
Root_14661,3.894499,28.606038,7,"0;3;4;5;7;9;10"
Root_14662,144.591619,48.183798,6,"3;4;5;7;9;10"
Root_14663,0.000000,24.264086,8,"0;1;2;4;5;7;9;10"
Root_14664,112.316928,44.541846,7,"1;2;4;5;7;9;10"
Root_14665,7.166115,29.593686,7,"0;2;4;5;7;9;10"
Root_14666,152.863171,49.171446,6,"2;4;5;7;9;10"
Root_14667,0.000000,25.190006,7,"0;1;4;5;7;9;10"
Root_14668,112.630221,45.467766,6,"1;4;5;7;9;10"
Root_14669,7.166115,30.519606,6,"0;4;5;7;9;10"
Root_14670,155.944611,50.097366,5,"4;5;7;9;10"
Root_14671,0.000000,24.572726,8,"0;1;2;3;5;7;9;10"
Root_14672,114.168768,44.850486,7,"1;2;3;5;7;9;10"
Root_14673,3.894499,29.902326,7,"0;2;3;5;7;9;10"
Root_14674,155.949571,49.480086,6,"2;3;5;7;9;10"
Root_14675,0.000000,25.498646,7,"0;1;3;5;7;9;10"
Root_14676,115.099341,45.776406,6,"1;3;5;7;9;10"
Root_14677,3.894499,30.828246,6,"0;3;5;7;9;10"
Root_14678,159.031011,50.406006,5,"3;5;7;9;10"
Root_14679,0.000000,26.486294,7,"0;1;2;5;7;9;10"
Root_14680,122.383245,46.764054,6,"1;2;5;7;9;10"
Root_14681,8.307930,31.815894,6,"0;2;5;7;9;10"
Root_14682,168.683866,51.393654,5,"2;5;7;9;10"
Root_14683,0.000000,27.412214,6,"0;1;5;7;9;10"
Root_14684,125.228739,47.689974,5,"1;5;7;9;10"
Root_14685,7.166115,32.741814,5,"0;5;7;9;10"
Root_14686,173.617146,52.319574,4,"5;7;9;10"
Root_14687,0.000000,23.893718,8,"0;1;2;3;4;7;9;10"
Root_14688,114.293610,44.171478,7,"1;2;3;4;7;9;10"
Root_14689,8.172090,29.223318,7,"0;2;3;4;7;9;10"
Root_14690,149.529859,48.801078,6,"2;3;4;7;9;10"
Root_14691,0.000000,24.819638,7,"0;1;3;4;7;9;10"
Root_14692,112.940246,45.097398,6,"1;3;4;7;9;10"
Root_14693,8.172090,30.149238,6,"0;3;4;7;9;10"
Root_14694,152.611299,49.726998,5,"3;4;7;9;10"
Root_14695,0.000000,25.807286,7,"0;1;2;4;7;9;10"
Root_14696,118.866134,46.085046,6,"1;2;4;7;9;10"
Root_14697,12.647248,31.136886,6,"0;2;4;7;9;10"
Root_14698,161.500131,50.714646,5,"2;4;7;9;10"
Root_14699,0.000000,26.733206,6,"0;1;4;7;9;10"
Root_14700,120.106701,47.010966,5,"1;4;7;9;10"
Root_14701,12.184442,32.062806,5,"0;4;7;9;10"
Root_14702,166.148058,51.640566,4,"4;7;9;10"
Root_14703,0.000000,26.115926,7,"0;1;2;3;7;9;10"
Root_14704,121.026614,46.393686,6,"1;2;3;7;9;10"
Root_14705,8.943536,31.445526,6,"0;2;3;7;9;10"
Root_14706,164.609818,51.023286,5,"2;3;7;9;10"
Root_14707,0.000000,27.041846,6,"0;1;3;7;9;10"
Root_14708,122.575821,47.319606,5,"1;3;7;9;10"
Root_14709,8.172090,32.371446,5,"0;3;7;9;10"
Root_14710,169.543098,51.949206,4,"3;7;9;10"
Root_14711,0.000000,28.029494,6,"0;1;2;7;9;10"
Root_14712,131.091514,48.307254,5,"1;2;7;9;10"
Root_14713,14.839824,33.359094,5,"0;2;7;9;10"
Root_14714,180.407226,52.936854,4,"2;7;9;10"
Root_14715,0.000000,28.955414,5,"0;1;7;9;10"
Root_14716,136.024794,49.233174,4,"1;7;9;10"
Root_14717,13.080730,34.285014,4,"0;7;9;10"
Root_14718,186.266426,53.862774,3,"7;9;10"
Root_14719,0.000000,22.949280,9,"0;1;2;3;4;5;6;9;10"
Root_14720,115.167555,43.227040,8,"1;2;3;4;5;6;9;10"
Root_14721,5.567520,28.278880,8,"0;2;3;4;5;6;9;10"
Root_14722,149.741293,47.856640,7,"2;3;4;5;6;9;10"
Root_14723,0.000000,23.875200,8,"0;1;3;4;5;6;9;10"
Root_14724,113.619395,44.152960,7,"1;3;4;5;6;9;10"
Root_14725,5.567520,29.204800,7,"0;3;4;5;6;9;10"
Root_14726,151.610093,48.782560,6,"3;4;5;6;9;10"
Root_14727,0.000000,24.862848,8,"0;1;2;4;5;6;9;10"
Root_14728,118.221571,45.140608,7,"1;2;4;5;6;9;10"
Root_14729,8.962400,30.192448,7,"0;2;4;5;6;9;10"
Root_14730,159.881645,49.770208,6,"2;4;5;6;9;10"
Root_14731,0.000000,25.788768,7,"0;1;4;5;6;9;10"
Root_14732,119.451171,46.066528,6,"1;4;5;6;9;10"
Root_14733,8.962400,31.118368,6,"0;4;5;6;9;10"
Root_14734,162.963085,50.696128,5,"4;5;6;9;10"
Root_14735,0.000000,25.171488,8,"0;1;2;3;5;6;9;10"
Root_14736,120.690691,45.449248,7,"1;2;3;5;6;9;10"
Root_14737,5.567520,30.501088,7,"0;2;3;5;6;9;10"
Root_14738,162.968045,50.078848,6,"2;3;5;6;9;10"
Root_14739,0.000000,26.097408,7,"0;1;3;5;6;9;10"
Root_14740,121.920291,46.375168,6,"1;3;5;6;9;10"
Root_14741,5.567520,31.427008,6,"0;3;5;6;9;10"
Root_14742,166.054253,51.004768,5,"3;5;6;9;10"
Root_14743,0.000000,27.085056,7,"0;1;2;5;6;9;10"
Root_14744,129.204195,47.362816,6,"1;2;5;6;9;10"
Root_14745,10.702976,32.414656,6,"0;2;5;6;9;10"
Root_14746,176.301101,51.992416,5,"2;5;6;9;10"
Root_14747,0.000000,28.010976,6,"0;1;5;6;9;10"
Root_14748,131.937187,48.288736,5,"1;5;6;9;10"
Root_14749,9.302976,33.340576,5,"0;5;6;9;10"
Root_14750,181.234381,52.918336,4,"5;6;9;10"
Root_14751,0.000000,24.492480,8,"0;1;2;3;4;6;9;10"
Root_14752,119.318275,44.770240,7,"1;2;3;4;6;9;10"
Root_14753,10.573078,29.822080,7,"0;2;3;4;6;9;10"
Root_14754,156.548333,49.399840,6,"2;3;4;6;9;10"
Root_14755,0.000000,25.418400,7,"0;1;3;4;6;9;10"
Root_14756,119.162435,45.696160,6,"1;3;4;6;9;10"
Root_14757,10.573078,30.748000,6,"0;3;4;6;9;10"
Root_14758,159.629773,50.325760,5,"3;4;6;9;10"
Root_14759,0.250432,26.406048,7,"0;1;2;4;6;9;10"
Root_14760,125.088323,46.683808,6,"1;2;4;6;9;10"
Root_14761,15.646998,31.735648,6,"0;2;4;6;9;10"
Root_14762,168.832013,51.313408,5,"2;4;6;9;10"
Root_14763,0.250432,27.331968,6,"0;1;4;6;9;10"
Root_14764,126.317923,47.609728,5,"1;4;6;9;10"
Root_14765,14.585430,32.661568,5,"0;4;6;9;10"
Root_14766,173.765293,52.239328,4,"4;6;9;10"
Root_14767,0.000000,26.714688,7,"0;1;2;3;6;9;10"
Root_14768,127.248803,46.992448,6,"1;2;3;6;9;10"
Root_14769,11.943286,32.044288,6,"0;2;3;6;9;10"
Root_14770,172.227053,51.622048,5,"2;3;6;9;10"
Root_14771,0.000000,27.640608,6,"0;1;3;6;9;10"
Root_14772,128.478403,47.918368,5,"1;3;6;9;10"
Root_14773,10.573078,32.970208,5,"0;3;6;9;10"
Root_14774,177.160333,52.547968,4,"3;6;9;10"
Root_14775,0.250432,28.628256,6,"0;1;2;6;9;10"
Root_14776,138.109987,48.906016,5,"1;2;6;9;10"
Root_14777,17.839574,33.957856,5,"0;2;6;9;10"
Root_14778,188.024461,53.535616,4,"2;6;9;10"
Root_14779,0.250432,29.554176,5,"0;1;6;9;10"
Root_14780,143.043267,49.831936,4,"1;6;9;10"
Root_14781,15.481718,34.883776,4,"0;6;9;10"
Root_14782,193.883661,54.461536,3,"6;9;10"
Root_14783,0.000000,25.375190,8,"0;1;2;3;4;5;9;10"
Root_14784,123.871062,45.652950,7,"1;2;3;4;5;9;10"
Root_14785,14.128688,30.704790,7,"0;2;3;4;5;9;10"
Root_14786,165.208771,50.282550,6,"2;3;4;5;9;10"
Root_14787,0.000000,26.301110,7,"0;1;3;4;5;9;10"
Root_14788,124.174742,46.578870,6,"1;3;4;5;9;10"
Root_14789,14.097978,31.630710,6,"0;3;4;5;9;10"
Root_14790,168.498682,51.208470,5,"3;4;5;9;10"
Root_14791,1.673709,27.288758,7,"0;1;2;4;5;9;10"
Root_14792,131.037517,47.566518,6,"1;2;4;5;9;10"
Root_14793,20.054608,32.618358,6,"0;2;4;5;9;10"
Root_14794,178.745530,52.196118,5,"2;4;5;9;10"
Root_14795,1.673709,28.214678,6,"0;1;4;5;9;10"
Root_14796,134.177914,48.492438,5,"1;4;5;9;10"
Root_14797,18.654608,33.544278,5,"0;4;5;9;10"
Root_14798,183.678810,53.122038,4,"4;5;9;10"
Root_14799,0.000000,27.597398,7,"0;1;2;3;5;9;10"
Root_14800,133.815277,47.875158,6,"1;2;3;5;9;10"
Root_14801,16.350896,32.926998,6,"0;2;3;5;9;10"
Root_14802,182.449210,52.504758,5,"2;3;5;9;10"
Root_14803,0.000000,28.523318,6,"0;1;3;5;9;10"
Root_14804,137.572954,48.801078,5,"1;3;5;9;10"
Root_14805,14.950896,33.852918,5,"0;3;5;9;10"
Root_14806,187.382490,53.430678,4,"3;5;9;10"
Root_14807,1.673709,29.510966,6,"0;1;2;5;9;10"
Root_14808,147.819802,49.788726,5,"1;2;5;9;10"
Root_14809,22.247184,34.840566,5,"0;2;5;9;10"
Root_14810,198.616986,54.418326,4,"2;5;9;10"
Root_14811,1.673709,30.436886,5,"0;1;5;9;10"
Root_14812,152.753082,50.714646,4,"1;5;9;10"
Root_14813,19.773104,35.766486,4,"0;5;9;10"
Root_14814,204.476186,55.344246,3,"5;9;10"
Root_14815,1.609315,26.918390,7,"0;1;2;3;4;9;10"
Root_14816,128.878422,47.196150,6,"1;2;3;4;9;10"
Root_14817,22.665510,32.247990,6,"0;2;3;4;9;10"
Root_14818,174.671482,51.825750,5,"2;3;4;9;10"
Root_14819,1.609315,27.844310,6,"0;1;3;4;9;10"
Root_14820,130.474234,48.122070,5,"1;3;4;9;10"
Root_14821,21.265510,33.173910,5,"0;3;4;9;10"
Root_14822,179.604762,52.751670,4,"3;4;9;10"
Root_14823,4.982349,28.831958,6,"0;1;2;4;9;10"
Root_14824,140.350714,49.109718,5,"1;2;4;9;10"
Root_14825,28.932166,34.161558,5,"0;2;4;9;10"
Root_14826,190.468890,53.739318,4,"2;4;9;10"
Root_14827,4.982349,29.757878,5,"0;1;4;9;10"
Root_14828,145.283994,50.035638,4,"1;4;9;10"
Root_14829,26.458086,35.087478,4,"0;4;9;10"
Root_14830,196.328090,54.665238,3,"4;9;10"
Root_14831,1.609315,29.140598,6,"0;1;2;3;9;10"
Root_14832,143.745754,49.418358,5,"1;2;3;9;10"
Root_14833,24.858086,34.470198,5,"0;2;3;9;10"
Root_14834,194.172570,54.047958,4,"2;3;9;10"
Root_14835,1.609315,30.066518,5,"0;1;3;9;10"
Root_14836,148.679034,50.344278,4,"1;3;9;10"
Root_14837,22.384006,35.396118,4,"0;3;9;10"
Root_14838,200.031770,54.973878,3,"3;9;10"
Root_14839,5.362435,31.054166,5,"0;1;2;9;10"
Root_14840,159.543162,51.331926,4,"1;2;9;10"
Root_14841,30.346950,36.383766,4,"0;2;9;10"
Root_14842,211.883546,55.961526,3,"2;9;10"
Root_14843,4.982349,31.980086,4,"0;1;9;10"
Root_14844,165.402362,52.257846,3,"1;9;10"
Root_14845,28.798790,37.309686,3,"0;9;10"
Root_14846,218.668666,56.887446,2,"9;10"
Root_14847,0.000000,17.887584,10,"0;1;2;3;4;5;6;7;8;10"
Root_14848,76.270106,38.165344,9,"1;2;3;4;5;6;7;8;10"
Root_14849,0.000000,23.217184,9,"0;2;3;4;5;6;7;8;10"
Root_14850,112.505731,42.794944,8,"2;3;4;5;6;7;8;10"
Root_14851,0.000000,18.813504,9,"0;1;3;4;5;6;7;8;10"
Root_14852,74.813210,39.091264,8,"1;3;4;5;6;7;8;10"
Root_14853,0.000000,24.143104,8,"0;3;4;5;6;7;8;10"
Root_14854,111.883491,43.720864,7,"3;4;5;6;7;8;10"
Root_14855,0.000000,19.801152,9,"0;1;2;4;5;6;7;8;10"
Root_14856,80.672538,40.078912,8,"1;2;4;5;6;7;8;10"
Root_14857,0.000000,25.130752,8,"0;2;4;5;6;7;8;10"
Root_14858,117.192099,44.708512,7,"2;4;5;6;7;8;10"
Root_14859,0.000000,20.727072,8,"0;1;4;5;6;7;8;10"
Root_14860,80.055130,41.004832,7,"1;4;5;6;7;8;10"
Root_14861,0.000000,26.056672,7,"0;4;5;6;7;8;10"
Root_14862,118.130211,45.634432,6,"4;5;6;7;8;10"
Root_14863,0.000000,20.109792,9,"0;1;2;3;5;6;7;8;10"
Root_14864,81.603290,40.387552,8,"1;2;3;5;6;7;8;10"
Root_14865,0.000000,25.439392,8,"0;2;3;5;6;7;8;10"
Root_14866,119.369731,45.017152,7,"2;3;5;6;7;8;10"
Root_14867,0.000000,21.035712,8,"0;1;3;5;6;7;8;10"
Root_14868,81.906970,41.313472,7,"1;3;5;6;7;8;10"
Root_14869,0.000000,26.365312,7,"0;3;5;6;7;8;10"
Root_14870,120.599331,45.943072,6,"3;5;6;7;8;10"
Root_14871,0.000000,22.023360,8,"0;1;2;5;6;7;8;10"
Root_14872,87.832858,42.301120,7,"1;2;5;6;7;8;10"
Root_14873,0.000000,27.352960,7,"0;2;5;6;7;8;10"
Root_14874,127.883235,46.930720,6,"2;5;6;7;8;10"
Root_14875,0.000000,22.949280,7,"0;1;5;6;7;8;10"
Root_14876,89.062458,43.227040,6,"1;5;6;7;8;10"
Root_14877,0.000000,28.278880,6,"0;5;6;7;8;10"
Root_14878,130.038755,47.856640,5,"5;6;7;8;10"
Root_14879,0.000000,19.430784,9,"0;1;2;3;4;6;7;8;10"
Root_14880,85.141690,39.708544,8,"1;2;3;4;6;7;8;10"
Root_14881,0.000000,24.760384,8,"0;2;3;4;6;7;8;10"
Root_14882,118.631747,44.338144,7,"2;3;4;6;7;8;10"
Root_14883,0.000000,20.356704,8,"0;1;3;4;6;7;8;10"
Root_14884,84.519450,40.634464,7,"1;3;4;6;7;8;10"
Root_14885,0.000000,25.686304,7,"0;3;4;6;7;8;10"
Root_14886,118.273571,45.264064,6,"3;4;6;7;8;10"
Root_14887,0.000000,21.344352,8,"0;1;2;4;6;7;8;10"
Root_14888,89.457690,41.622112,7,"1;2;4;6;7;8;10"
Root_14889,0.000000,26.673952,7,"0;2;4;6;7;8;10"
Root_14890,124.199459,46.251712,6,"2;4;6;7;8;10"
Root_14891,0.000000,22.270272,7,"0;1;4;6;7;8;10"
Root_14892,89.761370,42.548032,6,"1;4;6;7;8;10"
Root_14893,0.000000,27.599872,6,"0;4;6;7;8;10"
Root_14894,125.429059,47.177632,5,"4;6;7;8;10"
Root_14895,0.000000,21.652992,8,"0;1;2;3;6;7;8;10"
Root_14896,91.309530,41.930752,7,"1;2;3;6;7;8;10"
Root_14897,0.000000,26.982592,7,"0;2;3;6;7;8;10"
Root_14898,126.359939,46.560352,6,"2;3;6;7;8;10"
Root_14899,0.000000,22.578912,7,"0;1;3;6;7;8;10"
Root_14900,91.613210,42.856672,6,"1;3;6;7;8;10"
Root_14901,0.000000,27.908512,6,"0;3;6;7;8;10"
Root_14902,127.589539,47.486272,5,"3;6;7;8;10"
Root_14903,0.000000,23.566560,7,"0;1;2;6;7;8;10"
Root_14904,97.539098,43.844320,6,"1;2;6;7;8;10"
Root_14905,0.000000,28.896160,6,"0;2;6;7;8;10"
Root_14906,135.450915,48.473920,5,"2;6;7;8;10"
Root_14907,0.000000,24.492480,6,"0;1;6;7;8;10"
Root_14908,98.768698,44.770240,5,"1;6;7;8;10"
Root_14909,0.000000,29.822080,5,"0;6;7;8;10"
Root_14910,139.458275,49.399840,4,"6;7;8;10"
Root_14911,0.000000,20.313494,9,"0;1;2;3;4;5;7;8;10"
Root_14912,89.641654,40.591254,8,"1;2;3;4;5;7;8;10"
Root_14913,0.000000,25.643094,8,"0;2;3;4;5;7;8;10"
Root_14914,122.982198,45.220854,7,"2;3;4;5;7;8;10"
Root_14915,0.000000,21.239414,8,"0;1;3;4;5;7;8;10"
Root_14916,89.019414,41.517174,7,"1;3;4;5;7;8;10"
Root_14917,0.000000,26.569014,7,"0;3;4;5;7;8;10"
Root_14918,123.285878,46.146774,6,"3;4;5;7;8;10"
Root_14919,0.000000,22.227062,8,"0;1;2;4;5;7;8;10"
Root_14920,93.957654,42.504822,7,"1;2;4;5;7;8;10"
Root_14921,0.808470,27.556662,7,"0;2;4;5;7;8;10"
Root_14922,129.716557,47.134422,6,"2;4;5;7;8;10"
Root_14923,0.000000,23.152982,7,"0;1;4;5;7;8;10"
Root_14924,94.261334,43.430742,6,"1;4;5;7;8;10"
Root_14925,0.808470,28.482582,6,"0;4;5;7;8;10"
Root_14926,131.932419,48.060342,5,"4;5;7;8;10"
Root_14927,0.000000,22.535702,8,"0;1;2;3;5;7;8;10"
Root_14928,96.118134,42.813462,7,"1;2;3;5;7;8;10"
Root_14929,0.000000,27.865302,7,"0;2;3;5;7;8;10"
Root_14930,132.494317,47.443062,6,"2;3;5;7;8;10"
Root_14931,0.000000,23.461622,7,"0;1;3;5;7;8;10"
Root_14932,96.421814,43.739382,6,"1;3;5;7;8;10"
Root_14933,0.000000,28.791222,6,"0;3;5;7;8;10"
Root_14934,135.018819,48.368982,5,"3;5;7;8;10"
Root_14935,0.000000,24.449270,7,"0;1;2;5;7;8;10"
Root_14936,102.718070,44.727030,6,"1;2;5;7;8;10"
Root_14937,0.808470,29.778870,6,"0;2;5;7;8;10"
Root_14938,144.278019,49.356630,5,"2;5;7;8;10"
Root_14939,0.000000,25.375190,6,"0;1;5;7;8;10"
Root_14940,104.600621,45.652950,5,"1;5;7;8;10"
Root_14941,0.808470,30.704790,5,"0;5;7;8;10"
Root_14942,148.285379,50.282550,4,"5;7;8;10"
Root_14943,0.000000,21.856694,8,"0;1;2;3;4;7;8;10"
Root_14944,97.600992,42.134454,7,"1;2;3;4;7;8;10"
Root_14945,0.438102,27.186294,7,"0;2;3;4;7;8;10"
Root_14946,128.225504,46.764054,6,"2;3;4;7;8;10"
Root_14947,0.000000,22.782614,7,"0;1;3;4;7;8;10"
Root_14948,96.978752,43.060374,6,"1;3;4;7;8;10"
Root_14949,0.438102,28.112214,6,"0;3;4;7;8;10"
Root_14950,129.219158,47.689974,5,"3;4;7;8;10"
Root_14951,0.000000,23.770262,7,"0;1;2;4;7;8;10"
Root_14952,101.916992,44.048022,6,"1;2;4;7;8;10"
Root_14953,2.925581,29.099862,6,"0;2;4;7;8;10"
Root_14954,137.487939,48.677622,5,"2;4;7;8;10"
Root_14955,0.000000,24.696182,6,"0;1;4;7;8;10"
Root_14956,102.220672,44.973942,5,"1;4;7;8;10"
Root_14957,2.925581,30.025782,5,"0;4;7;8;10"
Root_14958,141.495299,49.603542,4,"4;7;8;10"
Root_14959,0.000000,24.078902,7,"0;1;2;3;7;8;10"
Root_14960,103.768832,44.356662,6,"1;2;3;7;8;10"
Root_14961,0.438102,29.408502,6,"0;2;3;7;8;10"
Root_14962,140.574339,48.986262,5,"2;3;7;8;10"
Root_14963,0.000000,25.004822,6,"0;1;3;7;8;10"
Root_14964,104.355094,45.282582,5,"1;3;7;8;10"
Root_14965,0.438102,30.334422,5,"0;3;7;8;10"
Root_14966,144.581699,49.912182,4,"3;7;8;10"
Root_14967,0.000000,25.992470,6,"0;1;2;7;8;10"
Root_14968,111.268630,46.270230,5,"1;2;7;8;10"
Root_14969,3.573571,31.322070,5,"0;2;7;8;10"
Root_14970,154.458179,50.899830,4,"2;7;8;10"
Root_14971,0.000000,26.918390,5,"0;1;7;8;10"
Root_14972,113.620301,47.196150,4,"1;7;8;10"
Root_14973,2.925581,32.247990,4,"0;7;8;10"
Root_14974,160.217210,51.825750,3,"7;8;10"
Root_14975,0.000000,20.912256,9,"0;1;2;3;4;5;6;8;10"
Root_14976,95.076323,41.190016,8,"1;2;3;4;5;6;8;10"
Root_14977,0.000000,26.241856,8,"0;2;3;4;5;6;8;10"
Root_14978,129.371053,45.819616,7,"2;3;4;5;6;8;10"
Root_14979,0.000000,21.838176,8,"0;1;3;4;5;6;8;10"
Root_14980,94.454083,42.115936,7,"1;3;4;5;6;8;10"
Root_14981,0.000000,27.167776,7,"0;3;4;5;6;8;10"
Root_14982,129.674733,46.745536,6,"3;4;5;6;8;10"
Root_14983,0.000000,22.825824,8,"0;1;2;4;5;6;8;10"
Root_14984,99.747747,43.103584,7,"1;2;4;5;6;8;10"
Root_14985,1.407232,28.155424,7,"0;2;4;5;6;8;10"
Root_14986,135.970989,47.733184,6,"2;4;5;6;8;10"
Root_14987,0.000000,23.751744,7,"0;1;4;5;6;8;10"
Root_14988,100.051427,44.029504,6,"1;4;5;6;8;10"
Root_14989,1.407232,29.081344,6,"0;4;5;6;8;10"
Root_14990,138.518797,48.659104,5,"4;5;6;8;10"
Root_14991,0.000000,23.134464,8,"0;1;2;3;5;6;8;10"
Root_14992,101.908227,43.412224,7,"1;2;3;5;6;8;10"
Root_14993,0.000000,28.464064,7,"0;2;3;5;6;8;10"
Root_14994,138.523757,48.041824,6,"2;3;5;6;8;10"
Root_14995,0.000000,24.060384,7,"0;1;3;5;6;8;10"
Root_14996,102.211907,44.338144,6,"1;3;5;6;8;10"
Root_14997,0.000000,29.389984,6,"0;3;5;6;8;10"
Root_14998,141.605197,48.967744,5,"3;5;6;8;10"
Root_14999,0.000000,25.048032,7,"0;1;2;5;6;8;10"
Root_15000,108.833955,45.325792,6,"1;2;5;6;8;10"
Root_15001,1.407232,30.377632,6,"0;2;5;6;8;10"
Root_15002,150.864397,49.955392,5,"2;5;6;8;10"
Root_15003,0.000000,25.973952,6,"0;1;5;6;8;10"
Root_15004,110.989475,46.251712,5,"1;5;6;8;10"
Root_15005,1.407232,31.303552,5,"0;5;6;8;10"
Root_15006,154.871757,50.881312,4,"5;6;8;10"
Root_15007,0.000000,22.455456,8,"0;1;2;3;4;6;8;10"
Root_15008,102.792323,42.733216,7,"1;2;3;4;6;8;10"
Root_15009,1.042806,27.785056,7,"0;2;3;4;6;8;10"
Root_15010,134.015597,47.362816,6,"2;3;4;6;8;10"
Root_15011,0.000000,23.381376,7,"0;1;3;4;6;8;10"
Root_15012,102.170083,43.659136,6,"1;3;4;6;8;10"
Root_15013,1.042806,28.710976,6,"0;3;4;6;8;10"
Root_15014,135.185485,48.288736,5,"3;4;6;8;10"
Root_15015,0.000000,24.369024,7,"0;1;2;4;6;8;10"
Root_15016,107.108323,44.646784,6,"1;2;4;6;8;10"
Root_15017,4.129046,29.698624,6,"0;2;4;6;8;10"
Root_15018,144.074317,49.276384,5,"2;4;6;8;10"
Root_15019,0.000000,25.294944,6,"0;1;4;6;8;10"
Root_15020,107.984707,45.572704,5,"1;4;6;8;10"
Root_15021,4.129046,30.624544,5,"0;4;6;8;10"
Root_15022,148.081677,50.202304,4,"4;6;8;10"
Root_15023,0.000000,24.677664,7,"0;1;2;3;6;8;10"
Root_15024,108.960163,44.955424,6,"1;2;3;6;8;10"
Root_15025,1.042806,30.007264,6,"0;2;3;6;8;10"
Root_15026,147.160717,49.585024,5,"2;3;6;8;10"
Root_15027,0.000000,25.603584,6,"0;1;3;6;8;10"
Root_15028,110.145187,45.881344,5,"1;3;6;8;10"
Root_15029,1.042806,30.933184,5,"0;3;6;8;10"
Root_15030,151.168077,50.510944,4,"3;6;8;10"
Root_15031,0.000000,26.591232,6,"0;1;2;6;8;10"
Root_15032,117.058723,46.868992,5,"1;2;6;8;10"
Root_15033,5.375798,31.920832,5,"0;2;6;8;10"
Root_15034,161.543149,51.498592,4,"2;6;8;10"
Root_15035,0.000000,27.517152,5,"0;1;6;8;10"
Root_15036,119.214243,47.794912,4,"1;6;8;10"
Root_15037,4.129046,32.846752,4,"0;6;8;10"
Root_15038,167.402349,52.424512,3,"6;8;10"
Root_15039,0.000000,23.338166,8,"0;1;2;3;4;5;8;10"
Root_15040,106.921920,43.615926,7,"1;2;3;4;5;8;10"
Root_15041,2.524131,28.667766,7,"0;2;3;4;5;8;10"
Root_15042,140.764483,48.245526,6,"2;3;4;5;8;10"
Root_15043,0.000000,24.264086,7,"0;1;3;4;5;8;10"
Root_15044,106.299680,44.541846,6,"1;3;4;5;8;10"
Root_15045,2.524131,29.593686,6,"0;3;4;5;8;10"
Root_15046,143.845923,49.171446,5,"3;4;5;8;10"
Root_15047,0.000000,25.251734,7,"0;1;2;4;5;8;10"
Root_15048,112.137782,45.529494,6,"1;2;4;5;8;10"
Root_15049,6.351267,30.581334,6,"0;2;4;5;8;10"
Root_15050,153.105123,50.159094,5,"2;4;5;8;10"
Root_15051,0.000000,26.177654,6,"0;1;4;5;8;10"
Root_15052,113.367382,46.455414,5,"1;4;5;8;10"
Root_15053,6.351267,31.507254,5,"0;4;5;8;10"
Root_15054,157.197498,51.085014,4,"4;5;8;10"
Root_15055,0.000000,25.560374,7,"0;1;2;3;5;8;10"
Root_15056,114.606902,45.838134,6,"1;2;3;5;8;10"
Root_15057,2.740026,30.889974,6,"0;2;3;5;8;10"
Root_15058,156.500163,50.467734,5,"2;3;5;8;10"
Root_15059,0.000000,26.486294,6,"0;1;3;5;8;10"
Root_15060,115.836502,46.764054,5,"1;3;5;8;10"
Root_15061,2.524131,31.815894,5,"0;3;5;8;10"
Root_15062,160.901178,51.393654,4,"3;5;8;10"
Root_15063,0.000000,27.473942,6,"0;1;2;5;8;10"
Root_15064,123.872109,47.751702,5,"1;2;5;8;10"
Root_15065,8.480730,32.803542,5,"0;2;5;8;10"
Root_15066,172.135674,52.381302,4,"2;5;8;10"
Root_15067,0.000000,28.399862,5,"0;1;5;8;10"
Root_15068,128.308794,48.677622,4,"1;5;8;10"
Root_15069,7.080730,33.729462,4,"0;5;8;10"
Root_15070,177.994874,53.307222,3,"5;8;10"
Root_15071,0.000000,24.881366,7,"0;1;2;3;4;8;10"
Root_15072,112.386080,45.159126,6,"1;2;3;4;8;10"
Root_15073,8.530074,30.210966,6,"0;2;3;4;8;10"
Root_15074,149.401443,49.788726,5,"2;3;4;8;10"
Root_15075,0.000000,25.807286,6,"0;1;3;4;8;10"
Root_15076,112.689760,46.085046,5,"1;3;4;8;10"
Root_15077,8.530074,31.136886,5,"0;3;4;8;10"
Root_15078,153.408803,50.714646,4,"3;4;8;10"
Root_15079,0.046742,26.794934,6,"0;1;2;4;8;10"
Root_15080,118.688342,47.072694,5,"1;2;4;8;10"
Root_15081,13.807696,32.124534,5,"0;2;4;8;10"
Root_15082,163.987578,51.702294,4,"2;4;8;10"
Root_15083,0.046742,27.720854,5,"0;1;4;8;10"
Root_15084,120.843862,47.998614,4,"1;4;8;10"
Root_15085,12.407696,33.050454,4,"0;4;8;10"
Root_15086,169.846778,52.628214,3,"4;8;10"
Root_15087,0.000000,27.103574,6,"0;1;2;3;8;10"
Root_15088,121.157462,47.381334,5,"1;2;3;8;10"
Root_15089,10.289168,32.433174,5,"0;2;3;8;10"
Root_15090,167.691258,52.010934,4,"2;3;8;10"
Root_15091,0.000000,28.029494,5,"0;1;3;8;10"
Root_15092,124.234746,48.307254,4,"1;3;8;10"
Root_15093,8.889168,33.359094,4,"0;3;8;10"
Root_15094,173.550458,52.936854,3,"3;8;10"
Root_15095,0.046742,29.017142,5,"0;1;2;8;10"
Root_15096,135.098874,49.294902,4,"1;2;8;10"
Root_15097,16.000272,34.346742,4,"0;2;8;10"
Root_15098,185.402234,53.924502,3,"2;8;10"
Root_15099,0.046742,29.943062,4,"0;1;8;10"
Root_15100,140.958074,50.220822,3,"1;8;10"
Root_15101,13.526192,35.272662,3,"0;8;10"
Root_15102,192.187354,54.850422,2,"8;10"
Root_15103,0.000000,22.517184,9,"0;1;2;3;4;5;6;7;10"
Root_15104,106.505731,42.794944,8,"1;2;3;4;5;6;7;10"
Root_15105,1.098592,27.846784,8,"0;2;3;4;5;6;7;10"
Root_15106,144.844877,47.424544,7,"2;3;4;5;6;7;10"
Root_15107,0.000000,23.443104,8,"0;1;3;4;5;6;7;10"
Root_15108,105.883491,43.720864,7,"1;3;4;5;6;7;10"
Root_15109,1.098592,28.772704,7,"0;3;4;5;6;7;10"
Root_15110,146.424941,48.350464,6,"3;4;5;6;7;10"
Root_15111,0.000000,24.430752,8,"0;1;2;4;5;6;7;10"
Root_15112,111.192099,44.708512,7,"1;2;4;5;6;7;10"
Root_15113,4.246560,29.760352,7,"0;2;4;5;6;7;10"
Root_15114,154.696493,49.338112,6,"2;4;5;6;7;10"
Root_15115,0.000000,25.356672,7,"0;1;4;5;6;7;10"
Root_15116,112.764643,45.634432,6,"1;4;5;6;7;10"
Root_15117,4.246560,30.686272,6,"0;4;5;6;7;10"
Root_15118,157.777933,50.264032,5,"4;5;6;7;10"
Root_15119,0.000000,24.739392,8,"0;1;2;3;5;6;7;10"
Root_15120,113.386883,45.017152,7,"1;2;3;5;6;7;10"
Root_15121,1.098592,30.068992,7,"0;2;3;5;6;7;10"
Root_15122,157.782893,49.646752,6,"2;3;5;6;7;10"
Root_15123,0.000000,25.665312,7,"0;1;3;5;6;7;10"
Root_15124,115.542403,45.943072,6,"1;3;5;6;7;10"
Root_15125,1.098592,30.994912,6,"0;3;5;6;7;10"
Root_15126,160.864333,50.572672,5,"3;5;6;7;10"
Root_15127,0.000000,26.652960,7,"0;1;2;5;6;7;10"
Root_15128,123.813955,46.930720,6,"1;2;5;6;7;10"
Root_15129,5.555040,31.982560,6,"0;2;5;6;7;10"
Root_15130,170.683853,51.560320,5,"2;5;6;7;10"
Root_15131,0.000000,27.578880,6,"0;1;5;6;7;10"
Root_15132,126.895395,47.856640,5,"1;5;6;7;10"
Root_15133,4.246560,32.908480,5,"0;5;6;7;10"
Root_15134,175.617133,52.486240,4,"5;6;7;10"
Root_15135,0.000000,24.060384,8,"0;1;2;3;4;6;7;10"
Root_15136,112.631747,44.338144,7,"1;2;3;4;6;7;10"
Root_15137,4.061184,29.389984,7,"0;2;3;4;6;7;10"
Root_15138,151.363181,48.967744,6,"2;3;4;6;7;10"
Root_15139,0.000000,24.986304,7,"0;1;3;4;6;7;10"
Root_15140,112.537635,45.264064,6,"1;3;4;6;7;10"
Root_15141,4.061184,30.315904,6,"0;3;4;6;7;10"
Root_15142,154.444621,49.893664,5,"3;4;6;7;10"
Root_15143,0.000000,25.973952,7,"0;1;2;4;6;7;10"
Root_15144,119.451171,46.251712,6,"1;2;4;6;7;10"
Root_15145,8.517824,31.303552,6,"0;2;4;6;7;10"
Root_15146,163.333453,50.881312,5,"2;4;6;7;10"
Root_15147,0.000000,26.899872,6,"0;1;4;6;7;10"
Root_15148,121.606691,47.177632,5,"1;4;6;7;10"
Root_15149,7.888352,32.229472,5,"0;4;6;7;10"
Root_15150,168.148045,51.807232,4,"4;6;7;10"
Root_15151,0.000000,26.282592,7,"0;1;2;3;6;7;10"
Root_15152,121.920291,46.560352,6,"1;2;3;6;7;10"
Root_15153,4.999296,31.612192,6,"0;2;3;6;7;10"
Root_15154,166.609805,51.189952,5,"2;3;6;7;10"
Root_15155,0.000000,27.208512,6,"0;1;3;6;7;10"
Root_15156,124.075811,47.486272,5,"1;3;6;7;10"
Root_15157,4.061184,32.538112,5,"0;3;6;7;10"
Root_15158,171.543085,52.115872,4,"3;6;7;10"
Root_15159,0.000000,28.196160,6,"0;1;2;6;7;10"
Root_15160,132.924835,48.473920,5,"1;2;6;7;10"
Root_15161,10.710400,33.525760,5,"0;2;6;7;10"
Root_15162,182.407213,53.103520,4,"2;6;7;10"
Root_15163,0.000000,29.122080,5,"0;1;6;7;10"
Root_15164,137.858115,49.399840,4,"1;6;7;10"
Root_15165,8.784640,34.451680,4,"0;6;7;10"
Root_15166,188.266413,54.029440,3,"6;7;10"
Root_15167,0.000000,24.943094,8,"0;1;2;3;4;5;7;10"
Root_15168,117.203053,45.220854,7,"1;2;3;4;5;7;10"
Root_15169,6.709315,30.272694,7,"0;2;3;4;5;7;10"
Root_15170,160.023619,49.850454,6,"2;3;4;5;7;10"
Root_15171,0.000000,25.869014,7,"0;1;3;4;5;7;10"
Root_15172,118.432653,46.146774,6,"1;3;4;5;7;10"
Root_15173,6.709315,31.198614,6,"0;3;4;5;7;10"
Root_15174,163.105059,50.776374,5,"3;4;5;7;10"
Root_15175,0.108470,26.856662,7,"0;1;2;4;5;7;10"
Root_15176,125.850979,47.134422,6,"1;2;4;5;7;10"
Root_15177,12.048666,32.186262,6,"0;2;4;5;7;10"
Root_15178,173.128282,51.764022,5,"2;4;5;7;10"
Root_15179,0.108470,27.782582,6,"0;1;4;5;7;10"
Root_15180,128.992762,48.060342,5,"1;4;5;7;10"
Root_15181,10.648666,33.112182,5,"0;4;5;7;10"
Root_15182,178.061562,52.689942,4,"4;5;7;10"
Root_15183,0.000000,27.165302,7,"0;1;2;3;5;7;10"
Root_15184,128.937379,47.443062,6,"1;2;3;5;7;10"
Root_15185,8.530138,32.494902,6,"0;2;3;5;7;10"
Root_15186,176.831962,52.072662,5,"2;3;5;7;10"
Root_15187,0.000000,28.091222,6,"0;1;3;5;7;10"
Root_15188,132.387802,48.368982,5,"1;3;5;7;10"
Root_15189,7.130138,33.420822,5,"0;3;5;7;10"
Root_15190,181.765242,52.998582,4,"3;5;7;10"
Root_15191,0.108470,29.078870,6,"0;1;2;5;7;10"
Root_15192,142.634650,49.356630,5,"1;2;5;7;10"
Root_15193,14.241242,34.408470,5,"0;2;5;7;10"
Root_15194,192.999738,53.986230,4,"2;5;7;10"
Root_15195,0.108470,30.004790,5,"0;1;5;7;10"
Root_15196,147.567930,50.282550,4,"1;5;7;10"
Root_15197,11.767162,35.334390,4,"0;5;7;10"
Root_15198,198.858938,54.912150,3,"5;7;10"
Root_15199,0.000000,26.486294,7,"0;1;2;3;4;7;10"
Root_15200,123.989558,46.764054,6,"1;2;3;4;7;10"
Root_15201,12.684272,31.815894,6,"0;2;3;4;7;10"
Root_15202,169.054234,51.393654,5,"2;3;4;7;10"
Root_15203,0.000000,27.412214,6,"0;1;3;4;7;10"
Root_15204,125.909133,47.689974,5,"1;3;4;7;10"
Root_15205,11.542458,32.741814,5,"0;3;4;7;10"
Root_15206,173.987514,52.319574,4,"3;4;7;10"
Root_15207,1.651670,28.399862,6,"0;1;2;4;7;10"
Root_15208,135.165562,48.677622,5,"1;2;4;7;10"
Root_15209,18.950928,33.729462,5,"0;2;4;7;10"
Root_15210,184.851642,53.307222,4,"2;4;7;10"
Root_15211,1.651670,29.325782,5,"0;1;4;7;10"
Root_15212,140.098842,49.603542,4,"1;4;7;10"
Root_15213,16.821466,34.655382,4,"0;4;7;10"
Root_15214,190.710842,54.233142,3,"4;7;10"
Root_15215,0.000000,28.708502,6,"0;1;2;3;7;10"
Root_15216,138.560602,48.986262,5,"1;2;3;7;10"
Root_15217,14.876848,34.038102,5,"0;2;3;7;10"
Root_15218,188.555322,53.615862,4,"2;3;7;10"
Root_15219,0.000000,29.634422,5,"0;1;3;7;10"
Root_15220,143.493882,49.912182,4,"1;3;7;10"
Root_15221,12.438746,34.964022,4,"0;3;7;10"
Root_15222,194.414522,54.541782,3,"3;7;10"
Root_15223,1.651670,30.622070,5,"0;1;2;7;10"
Root_15224,154.358010,50.899830,4,"1;2;7;10"
Root_15225,20.414042,35.951670,4,"0;2;7;10"
Root_15226,206.266298,55.529430,3,"2;7;10"
Root_15227,1.651670,31.547990,4,"0;1;7;10"
Root_15228,160.217210,51.825750,3,"1;7;10"
Root_15229,18.817552,36.877590,3,"0;7;10"
Root_15230,213.051418,56.455350,2,"7;10"
Root_15231,0.000000,25.541856,8,"0;1;2;3;4;5;6;10"
Root_15232,124.190669,45.819616,7,"1;2;3;4;5;6;10"
Root_15233,8.703008,30.871456,7,"0;2;3;4;5;6;10"
Root_15234,167.208758,50.449216,6,"2;3;4;5;6;10"
Root_15235,0.000000,26.467776,7,"0;1;3;4;5;6;10"
Root_15236,125.420269,46.745536,6,"1;3;4;5;6;10"
Root_15237,8.505632,31.797376,6,"0;3;4;5;6;10"
Root_15238,170.665334,51.375136,5,"3;4;5;6;10"
Root_15239,0.707232,27.455424,7,"0;1;2;4;5;6;10"
Root_15240,132.704173,47.733184,6,"1;2;4;5;6;10"
Root_15241,14.443712,32.785024,6,"0;2;4;5;6;10"
Root_15242,180.912182,52.362784,5,"2;4;5;6;10"
Root_15243,0.707232,28.381344,6,"0;1;4;5;6;10"
Root_15244,136.177901,48.659104,5,"1;4;5;6;10"
Root_15245,13.043712,33.710944,5,"0;4;5;6;10"
Root_15246,185.845462,53.288704,4,"4;5;6;10"
Root_15247,0.000000,27.764064,7,"0;1;2;3;5;6;10"
Root_15248,135.565581,48.041824,6,"1;2;3;5;6;10"
Root_15249,10.895584,33.093664,6,"0;2;3;5;6;10"
Root_15250,184.615862,52.671424,5,"2;3;5;6;10"
Root_15251,0.000000,28.689984,6,"0;1;3;5;6;10"
Root_15252,139.572941,48.967744,5,"1;3;5;6;10"
Root_15253,9.401920,34.019584,5,"0;3;5;6;10"
Root_15254,189.549142,53.597344,4,"3;5;6;10"
Root_15255,0.707232,29.677632,6,"0;1;2;5;6;10"
Root_15256,149.819789,49.955392,5,"1;2;5;6;10"
Root_15257,16.636288,35.007232,5,"0;2;5;6;10"
Root_15258,200.783638,54.584992,4,"2;5;6;10"
Root_15259,0.707232,30.603552,5,"0;1;5;6;10"
Root_15260,154.753069,50.881312,4,"1;5;6;10"
Root_15261,14.162208,35.933152,4,"0;5;6;10"
Root_15262,206.642838,55.510912,3,"5;6;10"
Root_15263,0.336864,27.085056,7,"0;1;2;3;4;6;10"
Root_15264,130.378413,47.362816,6,"1;2;3;4;6;10"
Root_15265,15.684022,32.414656,6,"0;2;3;4;6;10"
Root_15266,176.838134,51.992416,5,"2;3;4;6;10"
Root_15267,0.336864,28.010976,6,"0;1;3;4;6;10"
Root_15268,132.474221,48.288736,5,"1;3;4;6;10"
Root_15269,14.284022,33.340576,5,"0;3;4;6;10"
Root_15270,181.771414,52.918336,4,"3;4;6;10"
Root_15271,2.723104,28.998624,6,"0;1;2;4;6;10"
Root_15272,142.350701,49.276384,5,"1;2;4;6;10"
Root_15273,21.950678,34.328224,5,"0;2;4;6;10"
Root_15274,192.635542,53.905984,4,"2;4;6;10"
Root_15275,2.723104,29.924544,5,"0;1;4;6;10"
Root_15276,147.283981,50.202304,4,"1;4;6;10"
Root_15277,19.476598,35.254144,4,"0;4;6;10"
Root_15278,198.494742,54.831904,3,"4;6;10"
Root_15279,0.336864,29.307264,6,"0;1;2;3;6;10"
Root_15280,145.745741,49.585024,5,"1;2;3;6;10"
Root_15281,17.876598,34.636864,5,"0;2;3;6;10"
Root_15282,196.339222,54.214624,4,"2;3;6;10"
Root_15283,0.336864,30.233184,5,"0;1;3;6;10"
Root_15284,150.679021,50.510944,4,"1;3;6;10"
Root_15285,15.402518,35.562784,4,"0;3;6;10"
Root_15286,202.198422,55.140544,3,"3;6;10"
Root_15287,3.269856,31.220832,5,"0;1;2;6;10"
Root_15288,161.543149,51.498592,4,"1;2;6;10"
Root_15289,23.365462,36.550432,4,"0;2;6;10"
Root_15290,214.050198,56.128192,3,"2;6;10"
Root_15291,2.723104,32.146752,4,"0;1;6;10"
Root_15292,167.402349,52.424512,3,"1;6;10"
Root_15293,21.817302,37.476352,3,"0;6;10"
Root_15294,220.835318,57.054112,2,"6;10"
Root_15295,1.219574,27.967766,7,"0;1;2;3;4;5;10"
Root_15296,138.010010,48.245526,6,"1;2;3;4;5;10"
Root_15297,20.388998,33.297366,6,"0;2;3;4;5;10"
Root_15298,187.263994,52.875126,5,"2;3;4;5;10"
Root_15299,1.219574,28.893686,6,"0;1;3;4;5;10"
Root_15300,142.017370,49.171446,5,"1;3;4;5;10"
Root_15301,18.691632,34.223286,5,"0;3;4;5;10"
Root_15302,192.197274,53.801046,4,"3;4;5;10"
Root_15303,4.488525,29.881334,6,"0;1;2;4;5;10"
Root_15304,152.264218,50.159094,5,"1;2;4;5;10"
Root_15305,26.358288,35.210934,5,"0;2;4;5;10"
Root_15306,203.431770,54.788694,4,"2;4;5;10"
Root_15307,4.488525,30.807254,5,"0;1;4;5;10"
Root_15308,157.197498,51.085014,4,"1;4;5;10"
Root_15309,23.884208,36.136854,4,"0;4;5;10"
Root_15310,209.290970,55.714614,3,"4;5;10"
Root_15311,1.219574,30.189974,6,"0;1;2;3;5;10"
Root_15312,155.967898,50.467734,5,"1;2;3;5;10"
Root_15313,22.284208,35.519574,5,"0;2;3;5;10"
Root_15314,207.444090,55.097334,4,"2;3;5;10"
Root_15315,1.219574,31.115894,5,"0;1;3;5;10"
Root_15316,160.901178,51.393654,4,"1;3;5;10"
Root_15317,20.255622,36.445494,4,"0;3;5;10"
Root_15318,213.303290,56.023254,3,"3;5;10"
Root_15319,5.917987,32.103542,5,"0;1;2;5;10"
Root_15320,172.135674,52.381302,4,"1;2;5;10"
Root_15321,27.773072,37.433142,4,"0;2;5;10"
Root_15322,225.525434,57.010902,3,"2;5;10"
Root_15323,4.517987,33.029462,4,"0;1;5;10"
Root_15324,177.994874,53.307222,3,"1;5;10"
Root_15325,26.224912,38.359062,3,"0;5;10"
Root_15326,232.310554,57.936822,2,"5;10"
Root_15327,4.424131,29.510966,6,"0;1;2;3;4;10"
Root_15328,148.190170,49.788726,5,"1;2;3;4;10"
Root_15329,29.339558,34.840566,5,"0;2;3;4;10"
Root_15330,198.987354,54.418326,4,"2;3;4;10"
Root_15331,4.424131,30.436886,5,"0;1;3;4;10"
Root_15332,153.123450,50.714646,4,"1;3;4;10"
Root_15333,26.865478,35.766486,4,"0;3;4;10"
Root_15334,204.846554,55.344246,3,"3;4;10"
Root_15335,9.001754,31.424534,5,"0;1;2;4;10"
Root_15336,163.987578,51.702294,4,"1;2;4;10"
Root_15337,34.074288,36.754134,4,"0;2;4;10"
Root_15338,216.698330,56.331894,3,"2;4;10"
Root_15339,8.251299,32.350454,4,"0;1;4;10"
Root_15340,169.846778,52.628214,3,"1;4;10"
Root_15341,31.600208,37.680054,3,"0;4;10"
Root_15342,223.483450,57.257814,2,"4;10"
Root_15343,5.483226,31.733174,5,"0;1;2;3;10"
Root_15344,167.691258,52.010934,4,"1;2;3;10"
Root_15345,31.062982,37.062774,4,"0;2;3;10"
Root_15346,220.710650,56.640534,3,"2;3;10"
Root_15347,4.424131,32.659094,4,"0;1;3;10"
Root_15348,173.550458,52.936854,3,"1;3;10"
Root_15349,29.514822,37.988694,3,"0;3;10"
Root_15350,227.495770,57.566454,2,"3;10"
Root_15351,11.194330,33.646742,4,"0;1;2;10"
Root_15352,185.402234,53.924502,3,"1;2;10"
Root_15353,35.489072,38.976342,3,"0;2;10"
Root_15354,240.335194,58.554102,2,"2;10"
Root_15355,9.147587,34.572662,3,"0;1;10"
Root_15356,192.187354,54.850422,2,"1;10"
Root_15357,34.843174,39.902262,2,"0;10"
Root_15358,248.046234,59.480022,1,"10"
Root_15359,0.000000,16.220928,10,"0;1;2;3;4;5;6;7;8;9"
Root_15360,74.101136,36.498688,9,"1;2;3;4;5;6;7;8;9"
Root_15361,0.000000,21.550528,9,"0;2;3;4;5;6;7;8;9"
Root_15362,109.476282,41.128288,8,"2;3;4;5;6;7;8;9"
Root_15363,0.000000,17.146848,9,"0;1;3;4;5;6;7;8;9"
Root_15364,72.277584,37.424608,8,"1;3;4;5;6;7;8;9"
Root_15365,0.000000,22.476448,8,"0;3;4;5;6;7;8;9"
Root_15366,108.154042,42.054208,7,"3;4;5;6;7;8;9"
Root_15367,0.000000,18.134496,9,"0;1;2;4;5;6;7;8;9"
Root_15368,78.815920,38.412256,8,"1;2;4;5;6;7;8;9"
Root_15369,0.000000,23.464096,8,"0;2;4;5;6;7;8;9"
Root_15370,112.172410,43.041856,7,"2;4;5;6;7;8;9"
Root_15371,0.000000,19.060416,8,"0;1;4;5;6;7;8;9"
Root_15372,77.493680,39.338176,7,"1;4;5;6;7;8;9"
Root_15373,0.000000,24.390016,7,"0;4;5;6;7;8;9"
Root_15374,111.776090,43.967776,6,"4;5;6;7;8;9"
Root_15375,0.000000,18.443136,9,"0;1;2;3;5;6;7;8;9"
Root_15376,77.771376,38.720896,8,"1;2;3;5;6;7;8;9"
Root_15377,0.000000,23.772736,8,"0;2;3;5;6;7;8;9"
Root_15378,114.024250,43.350496,7,"2;3;5;6;7;8;9"
Root_15379,0.000000,19.369056,8,"0;1;3;5;6;7;8;9"
Root_15380,77.375056,39.646816,7,"1;3;5;6;7;8;9"
Root_15381,0.000000,24.698656,7,"0;3;5;6;7;8;9"
Root_15382,113.627930,44.276416,6,"3;5;6;7;8;9"
Root_15383,0.000000,20.356704,8,"0;1;2;5;6;7;8;9"
Root_15384,82.678832,40.634464,7,"1;2;5;6;7;8;9"
Root_15385,0.000000,25.686304,7,"0;2;5;6;7;8;9"
Root_15386,119.200602,45.264064,6,"2;5;6;7;8;9"
Root_15387,0.000000,21.282624,7,"0;1;5;6;7;8;9"
Root_15388,82.842896,41.560384,6,"1;5;6;7;8;9"
Root_15389,0.000000,26.612224,6,"0;5;6;7;8;9"
Root_15390,120.656122,46.189984,5,"5;6;7;8;9"
Root_15391,0.000000,17.764128,9,"0;1;2;3;4;6;7;8;9"
Root_15392,82.859024,38.041888,8,"1;2;3;4;6;7;8;9"
Root_15393,0.000000,23.093728,8,"0;2;3;4;6;7;8;9"
Root_15394,115.649082,42.671488,7,"2;3;4;6;7;8;9"
Root_15395,0.000000,18.690048,8,"0;1;3;4;6;7;8;9"
Root_15396,81.536784,38.967808,7,"1;3;4;6;7;8;9"
Root_15397,0.000000,24.019648,7,"0;3;4;6;7;8;9"
Root_15398,114.326842,43.597408,6,"3;4;6;7;8;9"
Root_15399,0.000000,19.677696,8,"0;1;2;4;6;7;8;9"
Root_15400,86.531920,39.955456,7,"1;2;4;6;7;8;9"
Root_15401,0.000000,25.007296,7,"0;2;4;6;7;8;9"
Root_15402,118.277434,44.585056,6,"2;4;6;7;8;9"
Root_15403,0.000000,20.603616,7,"0;1;4;6;7;8;9"
Root_15404,85.209680,40.881376,6,"1;4;6;7;8;9"
Root_15405,0.000000,25.933216,6,"0;4;6;7;8;9"
Root_15406,118.392090,45.510976,5,"4;6;7;8;9"
Root_15407,0.000000,19.986336,8,"0;1;2;3;6;7;8;9"
Root_15408,87.030576,40.264096,7,"1;2;3;6;7;8;9"
Root_15409,0.000000,25.315936,7,"0;2;3;6;7;8;9"
Root_15410,119.820634,44.893696,6,"2;3;6;7;8;9"
Root_15411,0.000000,20.912256,7,"0;1;3;6;7;8;9"
Root_15412,86.634256,41.190016,6,"1;3;6;7;8;9"
Root_15413,0.000000,26.241856,6,"0;3;6;7;8;9"
Root_15414,120.243930,45.819616,5,"3;6;7;8;9"
Root_15415,0.000000,21.899904,7,"0;1;2;6;7;8;9"
Root_15416,91.572496,42.177664,6,"1;2;6;7;8;9"
Root_15417,0.000000,27.229504,6,"0;2;6;7;8;9"
Root_15418,126.169818,46.807264,5,"2;6;7;8;9"
Root_15419,0.000000,22.825824,6,"0;1;6;7;8;9"
Root_15420,92.102096,43.103584,5,"1;6;7;8;9"
Root_15421,0.000000,28.155424,5,"0;6;7;8;9"
Root_15422,127.625338,47.733184,4,"6;7;8;9"
Root_15423,0.000000,18.646838,9,"0;1;2;3;4;5;7;8;9"
Root_15424,87.068992,38.924598,8,"1;2;3;4;5;7;8;9"
Root_15425,0.000000,23.976438,8,"0;2;3;4;5;7;8;9"
Root_15426,118.895968,43.554198,7,"2;3;4;5;7;8;9"
Root_15427,0.000000,19.572758,8,"0;1;3;4;5;7;8;9"
Root_15428,85.746752,39.850518,7,"1;3;4;5;7;8;9"
Root_15429,0.000000,24.902358,7,"0;3;4;5;7;8;9"
Root_15430,117.573728,44.480118,6,"3;4;5;7;8;9"
Root_15431,0.000000,20.560406,8,"0;1;2;4;5;7;8;9"
Root_15432,89.859178,40.838166,7,"1;2;4;5;7;8;9"
Root_15433,0.000000,25.890006,7,"0;2;4;5;7;8;9"
Root_15434,122.362454,45.467766,6,"2;4;5;7;8;9"
Root_15435,0.000000,21.486326,7,"0;1;4;5;7;8;9"
Root_15436,89.301024,41.764086,6,"1;4;5;7;8;9"
Root_15437,0.000000,26.815926,6,"0;4;5;7;8;9"
Root_15438,122.892054,46.393686,5,"4;5;7;8;9"
Root_15439,0.000000,20.869046,8,"0;1;2;3;5;7;8;9"
Root_15440,91.240544,41.146806,7,"1;2;3;5;7;8;9"
Root_15441,0.000000,26.198646,7,"0;2;3;5;7;8;9"
Root_15442,124.522934,45.776406,6,"2;3;5;7;8;9"
Root_15443,0.000000,21.794966,7,"0;1;3;5;7;8;9"
Root_15444,90.844224,42.072726,6,"1;3;5;7;8;9"
Root_15445,0.000000,27.124566,6,"0;3;5;7;8;9"
Root_15446,125.052534,46.702326,5,"3;5;7;8;9"
Root_15447,0.000000,22.782614,7,"0;1;2;5;7;8;9"
Root_15448,95.868758,43.060374,6,"1;2;5;7;8;9"
Root_15449,0.000000,28.112214,6,"0;2;5;7;8;9"
Root_15450,132.038765,47.689974,5,"2;5;7;8;9"
Root_15451,0.000000,23.708534,6,"0;1;5;7;8;9"
Root_15452,96.398358,43.986294,5,"1;5;7;8;9"
Root_15453,0.000000,29.038134,5,"0;5;7;8;9"
Root_15454,135.036099,48.615894,4,"5;7;8;9"
Root_15455,0.000000,20.190038,8,"0;1;2;3;4;7;8;9"
Root_15456,94.784992,40.467798,7,"1;2;3;4;7;8;9"
Root_15457,0.000000,25.519638,7,"0;2;3;4;7;8;9"
Root_15458,123.042848,45.097398,6,"2;3;4;7;8;9"
Root_15459,0.000000,21.115958,7,"0;1;3;4;7;8;9"
Root_15460,93.462752,41.393718,6,"1;3;4;7;8;9"
Root_15461,0.000000,26.445558,6,"0;3;4;7;8;9"
Root_15462,122.646528,46.023318,5,"3;4;7;8;9"
Root_15463,0.000000,22.103606,7,"0;1;2;4;7;8;9"
Root_15464,97.413344,42.381366,6,"1;2;4;7;8;9"
Root_15465,1.510765,27.433206,6,"0;2;4;7;8;9"
Root_15466,127.595734,47.010966,5,"2;4;7;8;9"
Root_15467,0.000000,23.029526,6,"0;1;4;7;8;9"
Root_15468,97.017024,43.307286,5,"1;4;7;8;9"
Root_15469,1.510765,28.359126,5,"0;4;7;8;9"
Root_15470,129.051254,47.936886,4,"4;7;8;9"
Root_15471,0.000000,22.412246,7,"0;1;2;3;7;8;9"
Root_15472,98.956544,42.690006,6,"1;2;3;7;8;9"
Root_15473,0.000000,27.741846,6,"0;2;3;7;8;9"
Root_15474,129.756214,47.319606,5,"2;3;7;8;9"
Root_15475,0.000000,23.338166,6,"0;1;3;7;8;9"
Root_15476,98.560224,43.615926,5,"1;3;7;8;9"
Root_15477,0.000000,28.667766,5,"0;3;7;8;9"
Root_15478,131.702787,48.245526,4,"3;7;8;9"
Root_15479,0.000000,24.325814,6,"0;1;2;7;8;9"
Root_15480,103.498464,44.603574,5,"1;2;7;8;9"
Root_15481,1.510765,29.655414,5,"0;2;7;8;9"
Root_15482,140.591619,49.233174,4,"2;7;8;9"
Root_15483,0.000000,25.251734,5,"0;1;7;8;9"
Root_15484,104.557558,45.529494,4,"1;7;8;9"
Root_15485,1.510765,30.581334,4,"0;7;8;9"
Root_15486,144.824899,50.159094,3,"7;8;9"
Root_15487,0.000000,19.245600,9,"0;1;2;3;4;5;6;8;9"
Root_15488,92.099706,39.523360,8,"1;2;3;4;5;6;8;9"
Root_15489,0.000000,24.575200,8,"0;2;3;4;5;6;8;9"
Root_15490,124.519395,44.152960,7,"2;3;4;5;6;8;9"
Root_15491,0.000000,20.171520,8,"0;1;3;4;5;6;8;9"
Root_15492,90.777466,40.449280,7,"1;3;4;5;6;8;9"
Root_15493,0.000000,25.501120,7,"0;3;4;5;6;8;9"
Root_15494,123.276035,45.078880,6,"3;4;5;6;8;9"
Root_15495,0.000000,21.159168,8,"0;1;2;4;5;6;8;9"
Root_15496,94.728058,41.436928,7,"1;2;4;5;6;8;9"
Root_15497,0.107232,26.488768,7,"0;2;4;5;6;8;9"
Root_15498,128.584643,46.066528,6,"2;4;5;6;8;9"
Root_15499,0.000000,22.085088,7,"0;1;4;5;6;8;9"
Root_15500,94.331738,42.362848,6,"1;4;5;6;8;9"
Root_15501,0.107232,27.414688,6,"0;4;5;6;8;9"
Root_15502,129.114243,46.992448,5,"4;5;6;8;9"
Root_15503,0.000000,21.467808,8,"0;1;2;3;5;6;8;9"
Root_15504,96.579898,41.745568,7,"1;2;3;5;6;8;9"
Root_15505,0.000000,26.797408,7,"0;2;3;5;6;8;9"
Root_15506,130.745123,46.375168,6,"2;3;5;6;8;9"
Root_15507,0.000000,22.393728,7,"0;1;3;5;6;8;9"
Root_15508,96.183578,42.671488,6,"1;3;5;6;8;9"
Root_15509,0.000000,27.723328,6,"0;3;5;6;8;9"
Root_15510,131.274723,47.301088,5,"3;5;6;8;9"
Root_15511,0.000000,23.381376,7,"0;1;2;5;6;8;9"
Root_15512,101.492186,43.659136,6,"1;2;5;6;8;9"
Root_15513,0.107232,28.710976,6,"0;2;5;6;8;9"
Root_15514,138.148451,48.288736,5,"2;5;6;8;9"
Root_15515,0.000000,24.307296,6,"0;1;5;6;8;9"
Root_15516,102.021786,44.585056,5,"1;5;6;8;9"
Root_15517,0.107232,29.636896,5,"0;5;6;8;9"
Root_15518,141.455811,49.214656,4,"5;6;8;9"
Root_15519,0.000000,20.788800,8,"0;1;2;3;4;6;8;9"
Root_15520,99.809658,41.066560,7,"1;2;3;4;6;8;9"
Root_15521,0.985974,26.118400,7,"0;2;3;4;6;8;9"
Root_15522,128.666275,45.696160,6,"2;3;4;6;8;9"
Root_15523,0.000000,21.714720,7,"0;1;3;4;6;8;9"
Root_15524,98.487418,41.992480,6,"1;3;4;6;8;9"
Root_15525,0.985974,27.044320,6,"0;3;4;6;8;9"
Root_15526,128.269955,46.622080,5,"3;4;6;8;9"
Root_15527,0.000000,22.702368,7,"0;1;2;4;6;8;9"
Root_15528,102.438010,42.980128,6,"1;2;4;6;8;9"
Root_15529,3.694262,28.031968,6,"0;2;4;6;8;9"
Root_15530,133.208195,47.609728,5,"2;4;6;8;9"
Root_15531,0.000000,23.628288,6,"0;1;4;6;8;9"
Root_15532,102.041690,43.906048,5,"1;4;6;8;9"
Root_15533,3.694262,28.957888,5,"0;4;6;8;9"
Root_15534,135.344739,48.535648,4,"4;6;8;9"
Root_15535,0.000000,23.011008,7,"0;1;2;3;6;8;9"
Root_15536,103.981210,43.288768,6,"1;2;3;6;8;9"
Root_15537,0.985974,28.340608,6,"0;2;3;6;8;9"
Root_15538,135.060035,47.918368,5,"2;3;6;8;9"
Root_15539,0.000000,23.936928,6,"0;1;3;6;8;9"
Root_15540,103.584890,44.214688,5,"1;3;6;8;9"
Root_15541,0.985974,29.266528,5,"0;3;6;8;9"
Root_15542,138.122499,48.844288,4,"3;6;8;9"
Root_15543,0.000000,24.924576,6,"0;1;2;6;8;9"
Root_15544,108.725466,45.202336,5,"1;2;6;8;9"
Root_15545,3.974358,30.254176,5,"0;2;6;8;9"
Root_15546,147.011331,49.831936,4,"2;6;8;9"
Root_15547,0.000000,25.850496,5,"0;1;6;8;9"
Root_15548,110.180986,46.128256,4,"1;6;8;9"
Root_15549,3.694262,31.180096,4,"0;6;8;9"
Root_15550,151.244611,50.757856,3,"6;8;9"
Root_15551,0.000000,21.671510,8,"0;1;2;3;4;5;8;9"
Root_15552,103.056544,41.949270,7,"1;2;3;4;5;8;9"
Root_15553,2.342458,27.001110,7,"0;2;3;4;5;8;9"
Root_15554,132.795872,46.578870,6,"2;3;4;5;8;9"
Root_15555,0.000000,22.597430,7,"0;1;3;4;5;8;9"
Root_15556,101.734304,42.875190,6,"1;3;4;5;8;9"
Root_15557,2.342458,27.927030,6,"0;3;4;5;8;9"
Root_15558,132.904342,47.504790,5,"3;4;5;8;9"
Root_15559,0.000000,23.585078,7,"0;1;2;4;5;8;9"
Root_15560,106.055264,43.862838,6,"1;2;4;5;8;9"
Root_15561,5.799258,28.914678,6,"0;2;4;5;8;9"
Root_15562,140.185475,48.492438,5,"2;4;5;8;9"
Root_15563,0.000000,24.510998,6,"0;1;4;5;8;9"
Root_15564,105.658944,44.788758,5,"1;4;5;8;9"
Root_15565,5.799258,29.840598,5,"0;4;5;8;9"
Root_15566,143.492835,49.418358,4,"4;5;8;9"
Root_15567,0.000000,23.893718,7,"0;1;2;3;5;8;9"
Root_15568,107.907104,44.171478,6,"1;2;3;5;8;9"
Root_15569,2.342458,29.223318,6,"0;2;3;5;8;9"
Root_15570,143.271875,48.801078,5,"2;3;5;8;9"
Root_15571,0.000000,24.819638,6,"0;1;3;5;8;9"
Root_15572,107.608182,45.097398,5,"1;3;5;8;9"
Root_15573,2.342458,30.149238,5,"0;3;5;8;9"
Root_15574,146.579235,49.726998,4,"3;5;8;9"
Root_15575,0.000000,25.807286,6,"0;1;2;5;8;9"
Root_15576,113.904438,46.085046,5,"1;2;5;8;9"
Root_15577,6.799258,31.136886,5,"0;2;5;8;9"
Root_15578,155.838435,50.714646,4,"2;5;8;9"
Root_15579,0.000000,26.733206,5,"0;1;5;8;9"
Root_15580,115.370925,47.010966,4,"1;5;8;9"
Root_15581,5.636451,32.062806,4,"0;5;8;9"
Root_15582,160.712282,51.640566,3,"5;8;9"
Root_15583,0.000000,23.214710,7,"0;1;2;3;4;8;9"
Root_15584,108.710954,43.492470,6,"1;2;3;4;8;9"
Root_15585,8.352483,28.544310,6,"0;2;3;4;8;9"
Root_15586,136.852163,48.122070,5,"2;3;4;8;9"
Root_15587,0.000000,24.140630,6,"0;1;3;4;8;9"
Root_15588,107.388714,44.418390,5,"1;3;4;8;9"
Root_15589,8.352483,29.470230,5,"0;3;4;8;9"
Root_15590,140.159523,49.047990,4,"3;4;8;9"
Root_15591,0.000000,25.128278,6,"0;1;2;4;8;9"
Root_15592,111.745344,45.406038,5,"1;2;4;8;9"
Root_15593,12.270672,30.457878,5,"0;2;4;8;9"
Root_15594,149.048355,50.035638,4,"2;4;8;9"
Root_15595,0.000000,26.054198,5,"0;1;4;8;9"
Root_15596,112.274944,46.331958,4,"1;4;8;9"
Root_15597,11.786874,31.383798,4,"0;4;8;9"
Root_15598,153.281635,50.961558,3,"4;8;9"
Root_15599,0.000000,25.436918,6,"0;1;2;3;8;9"
Root_15600,113.597184,45.714678,5,"1;2;3;8;9"
Root_15601,9.144922,30.766518,5,"0;2;3;8;9"
Root_15602,152.134755,50.344278,4,"2;3;8;9"
Root_15603,0.000000,26.362838,5,"0;1;3;8;9"
Root_15604,114.126784,46.640598,4,"1;3;8;9"
Root_15605,8.352483,31.692438,4,"0;3;8;9"
Root_15606,156.638234,51.270198,3,"3;8;9"
Root_15607,0.000000,27.350486,5,"0;1;2;8;9"
Root_15608,120.680918,47.628246,4,"1;2;8;9"
Root_15609,12.786874,32.680086,4,"0;2;8;9"
Root_15610,167.502362,52.257846,3,"2;8;9"
Root_15611,0.000000,28.276406,4,"0;1;8;9"
Root_15612,124.724858,48.554166,3,"1;8;9"
Root_15613,10.686874,33.606006,3,"0;8;9"
Root_15614,173.587482,53.183766,2,"8;9"
Root_15615,0.000000,20.850528,9,"0;1;2;3;4;5;6;7;9"
Root_15616,103.476282,41.128288,8,"1;2;3;4;5;6;7;9"
Root_15617,0.000000,26.180128,8,"0;2;3;4;5;6;7;9"
Root_15618,137.479523,45.757888,7,"2;3;4;5;6;7;9"
Root_15619,0.000000,21.776448,8,"0;1;3;4;5;6;7;9"
Root_15620,106.751450,42.054208,7,"1;3;4;5;6;7;9"
Root_15621,1.316694,27.106048,7,"0;3;4;5;6;7;9"
Root_15622,142.209123,46.683808,6,"3;4;5;6;7;9"
Root_15623,0.000000,22.764096,8,"0;1;2;4;5;6;7;9"
Root_15624,106.172410,43.041856,7,"1;2;4;5;6;7;9"
Root_15625,2.831744,28.093696,7,"0;2;4;5;6;7;9"
Root_15626,144.305379,47.671456,6,"2;4;5;6;7;9"
Root_15627,0.000000,23.690016,7,"0;1;4;5;6;7;9"
Root_15628,109.976090,43.967776,6,"1;4;5;6;7;9"
Root_15629,4.679510,29.019616,6,"0;4;5;6;7;9"
Root_15630,149.858275,48.597376,5,"4;5;6;7;9"
Root_15631,0.000000,23.072736,8,"0;1;2;3;5;6;7;9"
Root_15632,108.024250,43.350496,7,"1;2;3;5;6;7;9"
Root_15633,0.000000,28.402336,7,"0;2;3;5;6;7;9"
Root_15634,146.774499,47.980096,6,"2;3;5;6;7;9"
Root_15635,0.000000,23.998656,7,"0;1;3;5;6;7;9"
Root_15636,111.827930,44.276416,6,"1;3;5;6;7;9"
Root_15637,1.316694,29.328256,6,"0;3;5;6;7;9"
Root_15638,152.636035,48.906016,5,"3;5;6;7;9"
Root_15639,0.000000,24.986304,7,"0;1;2;5;6;7;9"
Root_15640,113.464666,45.264064,6,"1;2;5;6;7;9"
Root_15641,3.173568,30.315904,6,"0;2;5;6;7;9"
Root_15642,157.407587,49.893664,5,"2;5;6;7;9"
Root_15643,0.000000,25.912224,6,"0;1;5;6;7;9"
Root_15644,119.346106,46.189984,5,"1;5;6;7;9"
Root_15645,4.637686,31.241824,5,"0;5;6;7;9"
Root_15646,163.514947,50.819584,4,"5;6;7;9"
Root_15647,0.000000,22.393728,8,"0;1;2;3;4;6;7;9"
Root_15648,109.649082,42.671488,7,"1;2;3;4;6;7;9"
Root_15649,3.346368,27.723328,7,"0;2;3;4;6;7;9"
Root_15650,142.411715,47.301088,6,"2;3;4;6;7;9"
Root_15651,0.000000,23.319648,7,"0;1;3;4;6;7;9"
Root_15652,112.526842,43.597408,6,"1;3;4;6;7;9"
Root_15653,5.810518,28.649248,6,"0;3;4;6;7;9"
Root_15654,146.895331,48.227008,5,"3;4;6;7;9"
Root_15655,0.000000,24.307296,7,"0;1;2;4;6;7;9"
Root_15656,112.277434,44.585056,6,"1;2;4;6;7;9"
Root_15657,6.617984,29.636896,6,"0;2;4;6;7;9"
Root_15658,151.296515,49.214656,5,"2;4;6;7;9"
Root_15659,0.000000,25.233216,6,"0;1;4;6;7;9"
Root_15660,116.403066,45.510976,5,"1;4;6;7;9"
Root_15661,9.123926,30.562816,5,"0;4;6;7;9"
Root_15662,157.403875,50.140576,4,"4;6;7;9"
Root_15663,0.000000,24.615936,7,"0;1;2;3;6;7;9"
Root_15664,113.820634,44.893696,6,"1;2;3;6;7;9"
Root_15665,3.346368,29.945536,6,"0;2;3;6;7;9"
Root_15666,154.074275,49.523296,5,"2;3;6;7;9"
Root_15667,0.000000,25.541856,6,"0;1;3;6;7;9"
Root_15668,118.563546,45.819616,5,"1;3;6;7;9"
Root_15669,5.810518,30.871456,5,"0;3;6;7;9"
Root_15670,160.181635,50.449216,4,"3;6;7;9"
Root_15671,0.000000,26.529504,6,"0;1;2;6;7;9"
Root_15672,121.977082,46.807264,5,"1;2;6;7;9"
Root_15673,7.617984,31.859104,5,"0;2;6;7;9"
Root_15674,166.707331,51.436864,4,"2;6;7;9"
Root_15675,0.000000,27.455424,5,"0;1;6;7;9"
Root_15676,127.158522,47.733184,4,"1;6;7;9"
Root_15677,7.538902,32.785024,4,"0;6;7;9"
Root_15678,173.966531,52.362784,3,"6;7;9"
Root_15679,0.000000,23.276438,8,"0;1;2;3;4;5;7;9"
Root_15680,112.895968,43.554198,7,"1;2;3;4;5;7;9"
Root_15681,5.769997,28.606038,7,"0;2;3;4;5;7;9"
Root_15682,148.791619,48.183798,6,"2;3;4;5;7;9"
Root_15683,0.000000,24.202358,7,"0;1;3;4;5;7;9"
Root_15684,115.773728,44.480118,6,"1;3;4;5;7;9"
Root_15685,8.005232,29.531958,6,"0;3;4;5;7;9"
Root_15686,154.673059,49.109718,5,"3;4;5;7;9"
Root_15687,0.000000,25.190006,7,"0;1;2;4;5;7;9"
Root_15688,116.830221,45.467766,6,"1;2;4;5;7;9"
Root_15689,9.811642,30.519606,6,"0;2;4;5;7;9"
Root_15690,159.444611,50.097366,5,"2;4;5;7;9"
Root_15691,0.000000,26.115926,6,"0;1;4;5;7;9"
Root_15692,121.785741,46.393686,5,"1;4;5;7;9"
Root_15693,11.772058,31.445526,5,"0;4;5;7;9"
Root_15694,165.575258,51.023286,4,"4;5;7;9"
Root_15695,0.000000,25.498646,7,"0;1;2;3;5;7;9"
Root_15696,119.299341,45.776406,6,"1;2;3;5;7;9"
Root_15697,6.624163,30.828246,6,"0;2;3;5;7;9"
Root_15698,162.531011,50.406006,5,"2;3;5;7;9"
Root_15699,0.000000,26.424566,6,"0;1;3;5;7;9"
Root_15700,124.254861,46.702326,5,"1;3;5;7;9"
Root_15701,7.451066,31.754166,5,"0;3;5;7;9"
Root_15702,168.970298,51.331926,4,"3;5;7;9"
Root_15703,0.000000,27.412214,6,"0;1;2;5;7;9"
Root_15704,128.728739,47.689974,5,"1;2;5;7;9"
Root_15705,10.266115,32.741814,5,"0;2;5;7;9"
Root_15706,176.417146,52.319574,4,"2;5;7;9"
Root_15707,0.000000,28.338134,5,"0;1;5;7;9"
Root_15708,135.451994,48.615894,4,"1;5;7;9"
Root_15709,9.972058,33.667734,4,"0;5;7;9"
Root_15710,183.676346,53.245494,3,"5;7;9"
Root_15711,0.000000,24.819638,7,"0;1;2;3;4;7;9"
Root_15712,117.140246,45.097398,6,"1;2;3;4;7;9"
Root_15713,11.147248,30.149238,6,"0;2;3;4;7;9"
Root_15714,156.111299,49.726998,5,"2;3;4;7;9"
Root_15715,0.000000,25.745558,6,"0;1;3;4;7;9"
Root_15716,124.669846,46.023318,5,"1;3;4;7;9"
Root_15717,17.288090,31.075158,5,"0;3;4;7;9"
Root_15718,165.018659,50.652918,4,"3;4;7;9"
Root_15719,0.351670,26.733206,6,"0;1;2;4;7;9"
Root_15720,123.606701,47.010966,5,"1;2;4;7;9"
Root_15721,15.984442,32.062806,5,"0;2;4;7;9"
Root_15722,168.948058,51.640566,4,"2;4;7;9"
Root_15723,2.910765,27.659126,5,"0;1;4;7;9"
Root_15724,131.588141,47.936886,4,"1;4;7;9"
Root_15725,19.201658,32.988726,4,"0;4;7;9"
Root_15726,178.307258,52.566486,3,"4;7;9"
Root_15727,0.000000,27.041846,6,"0;1;2;3;7;9"
Root_15728,126.075821,47.319606,5,"1;2;3;7;9"
Root_15729,11.972090,32.371446,5,"0;2;3;7;9"
Root_15730,172.343098,51.949206,4,"2;3;7;9"
Root_15731,3.035299,27.967766,5,"0;1;3;7;9"
Root_15732,140.148314,48.245526,4,"1;3;7;9"
Root_15733,20.099024,33.297366,4,"0;3;7;9"
Root_15734,185.902298,52.875126,3,"3;7;9"
Root_15735,0.351670,28.955414,5,"0;1;2;7;9"
Root_15736,138.824794,49.233174,4,"1;2;7;9"
Root_15737,16.180730,34.285014,4,"0;2;7;9"
Root_15738,188.366426,53.862774,3,"2;7;9"
Root_15739,5.525581,29.881334,4,"0;1;7;9"
Root_15740,152.383994,50.159094,3,"1;7;9"
Root_15741,21.112592,35.210934,3,"0;7;9"
Root_15742,200.051546,54.788694,2,"7;9"
Root_15743,0.000000,23.875200,8,"0;1;2;3;4;5;6;9"
Root_15744,118.519395,44.152960,7,"1;2;3;4;5;6;9"
Root_15745,7.235264,29.204800,7,"0;2;3;4;5;6;9"
Root_15746,155.810093,48.782560,6,"2;3;4;5;6;9"
Root_15747,0.000000,24.801120,7,"0;1;3;4;5;6;9"
Root_15748,121.554915,45.078880,6,"1;3;4;5;6;9"
Root_15749,10.400278,30.130720,6,"0;3;4;5;6;9"
Root_15750,161.691533,49.708480,5,"3;4;5;6;9"
Root_15751,0.000000,25.788768,7,"0;1;2;4;5;6;9"
Root_15752,123.651171,46.066528,6,"1;2;4;5;6;9"
Root_15753,12.206688,31.118368,6,"0;2;4;5;6;9"
Root_15754,166.463085,50.696128,5,"2;4;5;6;9"
Root_15755,0.107232,26.714688,6,"0;1;4;5;6;9"
Root_15756,128.606691,46.992448,5,"1;4;5;6;9"
Root_15757,13.568342,32.044288,5,"0;4;5;6;9"
Root_15758,173.192493,51.622048,4,"4;5;6;9"
Root_15759,0.000000,26.097408,7,"0;1;2;3;5;6;9"
Root_15760,126.120291,46.375168,6,"1;2;3;5;6;9"
Root_15761,8.235264,31.427008,6,"0;2;3;5;6;9"
Root_15762,169.554253,51.004768,5,"2;3;5;6;9"
Root_15763,0.000000,27.023328,6,"0;1;3;5;6;9"
Root_15764,131.075811,47.301088,5,"1;3;5;6;9"
Root_15765,9.247350,32.352928,5,"0;3;5;6;9"
Root_15766,176.587533,51.930688,4,"3;5;6;9"
Root_15767,0.000000,28.010976,6,"0;1;2;5;6;9"
Root_15768,135.437187,48.288736,5,"1;2;5;6;9"
Root_15769,12.402976,33.340576,5,"0;2;5;6;9"
Root_15770,184.034381,52.918336,4,"2;5;6;9"
Root_15771,0.107232,28.936896,5,"0;1;5;6;9"
Root_15772,142.470467,49.214656,4,"1;5;6;9"
Root_15773,11.768342,34.266496,4,"0;5;6;9"
Root_15774,191.293581,53.844256,3,"5;6;9"
Root_15775,0.000000,25.418400,7,"0;1;2;3;4;6;9"
Root_15776,123.362435,45.696160,6,"1;2;3;4;6;9"
Root_15777,14.846998,30.748000,6,"0;2;3;4;6;9"
Root_15778,163.129773,50.325760,5,"2;3;4;6;9"
Root_15779,0.000000,26.344320,6,"0;1;3;4;6;9"
Root_15780,127.392035,46.622080,5,"1;3;4;6;9"
Root_15781,17.284374,31.673920,5,"0;3;4;6;9"
Root_15782,169.488813,51.251680,4,"3;4;6;9"
Root_15783,1.308288,27.331968,6,"0;1;2;4;6;9"
Root_15784,129.817923,47.609728,5,"1;2;4;6;9"
Root_15785,19.085430,32.661568,5,"0;2;4;6;9"
Root_15786,176.565293,52.239328,4,"2;4;6;9"
Root_15787,2.708288,28.257888,5,"0;1;4;6;9"
Root_15788,135.680387,48.535648,4,"1;4;6;9"
Root_15789,19.785430,33.587488,4,"0;4;6;9"
Root_15790,183.824493,53.165248,3,"4;6;9"
Root_15791,0.000000,27.640608,6,"0;1;2;3;6;9"
Root_15792,131.978403,47.918368,5,"1;2;3;6;9"
Root_15793,15.073078,32.970208,5,"0;2;3;6;9"
Root_15794,179.960333,52.547968,4,"2;3;6;9"
Root_15795,0.000000,28.566528,5,"0;1;3;6;9"
Root_15796,138.766787,48.844288,4,"1;3;6;9"
Root_15797,15.484374,33.896128,4,"0;3;6;9"
Root_15798,187.219533,53.473888,3,"3;6;9"
Root_15799,1.308288,29.554176,5,"0;1;2;6;9"
Root_15800,145.843267,49.831936,4,"1;2;6;9"
Root_15801,19.281718,34.883776,4,"0;2;6;9"
Root_15802,195.983661,54.461536,3,"2;6;9"
Root_15803,2.708288,30.480096,4,"0;1;6;9"
Root_15804,153.102467,50.757856,3,"1;6;9"
Root_15805,18.207638,35.809696,3,"0;6;9"
Root_15806,203.468781,55.387456,2,"6;9"
Root_15807,0.000000,26.301110,7,"0;1;2;3;4;5;9"
Root_15808,128.374742,46.578870,6,"1;2;3;4;5;9"
Root_15809,18.083194,31.630710,6,"0;2;3;4;5;9"
Root_15810,171.998682,51.208470,5,"2;3;4;5;9"
Root_15811,1.179715,27.227030,6,"0;1;3;4;5;9"
Root_15812,132.909133,47.504790,5,"1;3;4;5;9"
Root_15813,19.424912,32.556630,5,"0;3;4;5;9"
Root_15814,179.031962,52.134390,4,"3;4;5;9"
Root_15815,3.073709,28.214678,6,"0;1;2;4;5;9"
Root_15816,137.677914,48.492438,5,"1;2;4;5;9"
Root_15817,22.454608,33.544278,5,"0;2;4;5;9"
Root_15818,186.478810,53.122038,4,"2;4;5;9"
Root_15819,4.636515,29.140598,5,"0;1;4;5;9"
Root_15820,144.711194,49.418358,4,"1;4;5;9"
Root_15821,22.316272,34.470198,4,"0;4;5;9"
Root_15822,193.738010,54.047958,3,"4;5;9"
Root_15823,0.000000,28.523318,6,"0;1;2;3;5;9"
Root_15824,141.072954,48.801078,5,"1;2;3;5;9"
Root_15825,18.279482,33.852918,5,"0;2;3;5;9"
Root_15826,190.182490,53.430678,4,"2;3;5;9"
Root_15827,1.179715,29.449238,5,"0;1;3;5;9"
Root_15828,148.106234,49.726998,4,"1;3;5;9"
Root_15829,17.624912,34.778838,4,"0;3;5;9"
Root_15830,197.441690,54.356598,3,"3;5;9"
Root_15831,3.536515,30.436886,5,"0;1;2;5;9"
Root_15832,155.553082,50.714646,4,"1;2;5;9"
Root_15833,22.106618,35.766486,4,"0;2;5;9"
Root_15834,206.576186,55.344246,3,"2;5;9"
Root_15835,4.473709,31.362806,4,"0;1;5;9"
Root_15836,162.812282,51.640566,3,"1;5;9"
Root_15837,22.123293,36.692406,3,"0;5;9"
Root_15838,214.061306,56.270166,2,"5;9"
Root_15839,3.709315,27.844310,6,"0;1;2;3;4;9"
Root_15840,133.974234,48.122070,5,"1;2;3;4;9"
Root_15841,25.765510,33.173910,5,"0;2;3;4;9"
Root_15842,182.404762,52.751670,4,"2;3;4;9"
Root_15843,7.353795,28.770230,5,"0;1;3;4;9"
Root_15844,143.807514,49.047990,4,"1;3;4;9"
Root_15845,28.782960,34.099830,4,"0;3;4;9"
Root_15846,191.763962,53.677590,3,"3;4;9"
Root_15847,6.980931,29.757878,5,"0;1;2;4;9"
Root_15848,148.083994,50.035638,4,"1;2;4;9"
Root_15849,30.170608,35.087478,4,"0;2;4;9"
Root_15850,198.428090,54.665238,3,"2;4;9"
Root_15851,11.180931,30.683798,4,"0;1;4;9"
Root_15852,157.443194,50.961558,3,"1;4;9"
Root_15853,31.209926,36.013398,3,"0;4;9"
Root_15854,207.313210,55.591158,2,"4;9"
Root_15855,3.801754,30.066518,5,"0;1;2;3;9"
Root_15856,151.479034,50.344278,4,"1;2;3;9"
Root_15857,25.787888,35.396118,4,"0;2;3;9"
Root_15858,202.131770,54.973878,3,"2;3;9"
Root_15859,11.059939,30.992438,4,"0;1;3;9"
Root_15860,165.038234,51.270198,3,"1;3;9"
Root_15861,31.657885,36.322038,3,"0;3;9"
Root_15862,213.816890,55.899798,2,"3;9"
Root_15863,7.980931,31.980086,4,"0;1;2;9"
Root_15864,167.502362,52.257846,3,"1;2;9"
Root_15865,30.898790,37.309686,3,"0;2;9"
Root_15866,220.068666,56.887446,2,"2;9"
Root_15867,11.574925,32.906006,3,"0;1;9"
Root_15868,179.187482,53.183766,2,"1;9"
Root_15869,35.176550,38.235606,2,"0;9"
Root_15870,229.879706,57.813366,1,"9"
Root_15871,0.000000,18.813504,9,"0;1;2;3;4;5;6;7;8"
Root_15872,80.160250,39.091264,8,"1;2;3;4;5;6;7;8"
Root_15873,0.000000,24.143104,8,"0;2;3;4;5;6;7;8"
Root_15874,116.783491,43.720864,7,"2;3;4;5;6;7;8"
Root_15875,0.000000,19.739424,8,"0;1;3;4;5;6;7;8"
Root_15876,79.763930,40.017184,7,"1;3;4;5;6;7;8"
Root_15877,0.000000,25.069024,7,"0;3;4;5;6;7;8"
Root_15878,116.387171,44.646784,6,"3;4;5;6;7;8"
Root_15879,0.000000,20.727072,8,"0;1;2;4;5;6;7;8"
Root_15880,84.702170,41.004832,7,"1;2;4;5;6;7;8"
Root_15881,0.000000,26.056672,7,"0;2;4;5;6;7;8"
Root_15882,122.330211,45.634432,6,"2;4;5;6;7;8"
Root_15883,0.000000,21.652992,7,"0;1;4;5;6;7;8"
Root_15884,85.231770,41.930752,6,"1;4;5;6;7;8"
Root_15885,0.000000,26.982592,6,"0;4;5;6;7;8"
Root_15886,123.785731,46.560352,5,"4;5;6;7;8"
Root_15887,0.000000,21.035712,8,"0;1;2;3;5;6;7;8"
Root_15888,86.554010,41.313472,7,"1;2;3;5;6;7;8"
Root_15889,0.000000,26.365312,7,"0;2;3;5;6;7;8"
Root_15890,124.799331,45.943072,6,"2;3;5;6;7;8"
Root_15891,0.000000,21.961632,7,"0;1;3;5;6;7;8"
Root_15892,87.083610,42.239392,6,"1;3;5;6;7;8"
Root_15893,0.000000,27.291232,6,"0;3;5;6;7;8"
Root_15894,126.254851,46.868992,5,"3;5;6;7;8"
Root_15895,0.000000,22.949280,7,"0;1;2;5;6;7;8"
Root_15896,93.262458,43.227040,6,"1;2;5;6;7;8"
Root_15897,0.000000,28.278880,6,"0;2;5;6;7;8"
Root_15898,133.538755,47.856640,5,"2;5;6;7;8"
Root_15899,0.000000,23.875200,6,"0;1;5;6;7;8"
Root_15900,94.717978,44.152960,5,"1;5;6;7;8"
Root_15901,0.000000,29.204800,5,"0;5;6;7;8"
Root_15902,136.702755,48.782560,4,"5;6;7;8"
Root_15903,0.000000,20.356704,8,"0;1;2;3;4;6;7;8"
Root_15904,89.419450,40.634464,7,"1;2;3;4;6;7;8"
Root_15905,0.000000,25.686304,7,"0;2;3;4;6;7;8"
Root_15906,122.473571,45.264064,6,"2;3;4;6;7;8"
Root_15907,0.000000,21.282624,7,"0;1;3;4;6;7;8"
Root_15908,89.023130,41.560384,6,"1;3;4;6;7;8"
Root_15909,0.000000,26.612224,6,"0;3;4;6;7;8"
Root_15910,123.003171,46.189984,5,"3;4;6;7;8"
Root_15911,0.000000,22.270272,7,"0;1;2;4;6;7;8"
Root_15912,93.961370,42.548032,6,"1;2;4;6;7;8"
Root_15913,0.625760,27.599872,6,"0;2;4;6;7;8"
Root_15914,128.929059,47.177632,5,"2;4;6;7;8"
Root_15915,0.000000,23.196192,6,"0;1;4;6;7;8"
Root_15916,94.490970,43.473952,5,"1;4;6;7;8"
Root_15917,0.625760,28.525792,5,"0;4;6;7;8"
Root_15918,130.591683,48.103552,4,"4;6;7;8"
Root_15919,0.000000,22.578912,7,"0;1;2;3;6;7;8"
Root_15920,95.813210,42.856672,6,"1;2;3;6;7;8"
Root_15921,0.000000,27.908512,6,"0;2;3;6;7;8"
Root_15922,131.089539,47.486272,5,"2;3;6;7;8"
Root_15923,0.000000,23.504832,6,"0;1;3;6;7;8"
Root_15924,96.342810,43.782592,5,"1;3;6;7;8"
Root_15925,0.000000,28.834432,5,"0;3;6;7;8"
Root_15926,133.369443,48.412192,4,"3;6;7;8"
Root_15927,0.000000,24.492480,6,"0;1;2;6;7;8"
Root_15928,102.268698,44.770240,5,"1;2;6;7;8"
Root_15929,0.625760,29.822080,5,"0;2;6;7;8"
Root_15930,142.258275,49.399840,4,"2;6;7;8"
Root_15931,0.000000,25.418400,5,"0;1;6;7;8"
Root_15932,104.420378,45.696160,4,"1;6;7;8"
Root_15933,0.625760,30.748000,4,"0;6;7;8"
Root_15934,146.491555,50.325760,3,"6;7;8"
Root_15935,0.000000,21.239414,8,"0;1;2;3;4;5;7;8"
Root_15936,93.549046,41.517174,7,"1;2;3;4;5;7;8"
Root_15937,0.000000,26.569014,7,"0;2;3;4;5;7;8"
Root_15938,127.485878,46.146774,6,"2;3;4;5;7;8"
Root_15939,0.000000,22.165334,7,"0;1;3;4;5;7;8"
Root_15940,93.152726,42.443094,6,"1;3;4;5;7;8"
Root_15941,0.000000,27.494934,6,"0;3;4;5;7;8"
Root_15942,128.088173,47.072694,5,"3;4;5;7;8"
Root_15943,0.000000,23.152982,7,"0;1;2;4;5;7;8"
Root_15944,98.461334,43.430742,6,"1;2;4;5;7;8"
Root_15945,1.508470,28.482582,6,"0;2;4;5;7;8"
Root_15946,135.432419,48.060342,5,"2;4;5;7;8"
Root_15947,0.000000,24.078902,6,"0;1;4;5;7;8"
Root_15948,98.990934,44.356662,5,"1;4;5;7;8"
Root_15949,1.508470,29.408502,5,"0;4;5;7;8"
Root_15950,138.739779,48.986262,4,"4;5;7;8"
Root_15951,0.000000,23.461622,7,"0;1;2;3;5;7;8"
Root_15952,100.621814,43.739382,6,"1;2;3;5;7;8"
Root_15953,0.000000,28.791222,6,"0;2;3;5;7;8"
Root_15954,138.518819,48.368982,5,"2;3;5;7;8"
Root_15955,0.000000,24.387542,6,"0;1;3;5;7;8"
Root_15956,101.151414,44.665302,5,"1;3;5;7;8"
Root_15957,0.000000,29.717142,5,"0;3;5;7;8"
Root_15958,141.826179,49.294902,4,"3;5;7;8"
Root_15959,0.000000,25.375190,6,"0;1;2;5;7;8"
Root_15960,108.100621,45.652950,5,"1;2;5;7;8"
Root_15961,2.239181,30.704790,5,"0;2;5;7;8"
Root_15962,151.085379,50.282550,4,"2;5;7;8"
Root_15963,0.000000,26.301110,5,"0;1;5;7;8"
Root_15964,110.482061,46.578870,4,"1;5;7;8"
Root_15965,1.508470,31.630710,4,"0;5;7;8"
Root_15966,155.527130,51.208470,3,"5;7;8"
Root_15967,0.000000,22.782614,7,"0;1;2;3;4;7;8"
Root_15968,101.178752,43.060374,6,"1;2;3;4;7;8"
Root_15969,1.138102,28.112214,6,"0;2;3;4;7;8"
Root_15970,132.719158,47.689974,5,"2;3;4;7;8"
Root_15971,0.000000,23.708534,6,"0;1;3;4;7;8"
Root_15972,100.782432,43.986294,5,"1;3;4;7;8"
Root_15973,1.138102,29.038134,5,"0;3;4;7;8"
Root_15974,135.406467,48.615894,4,"3;4;7;8"
Root_15975,0.000000,24.696182,6,"0;1;2;4;7;8"
Root_15976,105.720672,44.973942,5,"1;2;4;7;8"
Root_15977,4.377283,30.025782,5,"0;2;4;7;8"
Root_15978,144.295299,49.603542,4,"2;4;7;8"
Root_15979,0.000000,25.622102,5,"0;1;4;7;8"
Root_15980,107.150134,45.899862,4,"1;4;7;8"
Root_15981,4.325581,30.951702,4,"0;4;7;8"
Root_15982,148.528579,50.529462,3,"4;7;8"
Root_15983,0.000000,25.004822,6,"0;1;2;3;7;8"
Root_15984,107.855094,45.282582,5,"1;2;3;7;8"
Root_15985,1.498445,30.334422,5,"0;2;3;7;8"
Root_15986,147.381699,49.912182,4,"2;3;7;8"
Root_15987,0.000000,25.930742,5,"0;1;3;7;8"
Root_15988,109.310614,46.208502,4,"1;3;7;8"
Root_15989,1.138102,31.260342,4,"0;3;7;8"
Root_15990,151.614979,50.838102,3,"3;7;8"
Root_15991,0.000000,26.918390,5,"0;1;2;7;8"
Root_15992,116.420301,47.196150,4,"1;2;7;8"
Root_15993,5.325581,32.247990,4,"0;2;7;8"
Root_15994,162.317210,51.825750,3,"2;7;8"
Root_15995,0.000000,27.844310,4,"0;1;7;8"
Root_15996,119.971802,48.122070,3,"1;7;8"
Root_15997,3.225581,33.173910,3,"0;7;8"
Root_15998,168.402330,52.751670,2,"7;8"
Root_15999,0.000000,21.838176,8,"0;1;2;3;4;5;6;8"
Root_16000,99.339139,42.115936,7,"1;2;3;4;5;6;8"
Root_16001,0.193664,27.167776,7,"0;2;3;4;5;6;8"
Root_16002,133.874733,46.745536,6,"2;3;4;5;6;8"
Root_16003,0.000000,22.764096,7,"0;1;3;4;5;6;8"
Root_16004,98.942819,43.041856,6,"1;3;4;5;6;8"
Root_16005,0.193664,28.093696,6,"0;3;4;5;6;8"
Root_16006,134.404333,47.671456,5,"3;4;5;6;8"
Root_16007,0.000000,23.751744,7,"0;1;2;4;5;6;8"
Root_16008,104.251427,44.029504,6,"1;2;4;5;6;8"
Root_16009,2.436704,29.081344,6,"0;2;4;5;6;8"
Root_16010,142.018797,48.659104,5,"2;4;5;6;8"
Root_16011,0.000000,24.677664,6,"0;1;4;5;6;8"
Root_16012,104.781027,44.955424,5,"1;4;5;6;8"
Root_16013,2.436704,30.007264,5,"0;4;5;6;8"
Root_16014,145.326157,49.585024,4,"4;5;6;8"
Root_16015,0.000000,24.060384,7,"0;1;2;3;5;6;8"
Root_16016,106.411907,44.338144,6,"1;2;3;5;6;8"
Root_16017,0.193664,29.389984,6,"0;2;3;5;6;8"
Root_16018,145.105197,48.967744,5,"2;3;5;6;8"
Root_16019,0.000000,24.986304,6,"0;1;3;5;6;8"
Root_16020,107.205571,45.264064,5,"1;3;5;6;8"
Root_16021,0.193664,30.315904,5,"0;3;5;6;8"
Root_16022,148.412557,49.893664,4,"3;5;6;8"
Root_16023,0.000000,25.973952,6,"0;1;2;5;6;8"
Root_16024,114.489475,46.251712,5,"1;2;5;6;8"
Root_16025,3.436704,31.303552,5,"0;2;5;6;8"
Root_16026,157.671757,50.881312,4,"2;5;6;8"
Root_16027,0.000000,26.899872,5,"0;1;5;6;8"
Root_16028,116.870915,47.177632,4,"1;5;6;8"
Root_16029,2.107232,32.229472,4,"0;5;6;8"
Root_16030,162.712269,51.807232,3,"5;6;8"
Root_16031,0.000000,23.381376,7,"0;1;2;3;4;6;8"
Root_16032,106.370083,43.659136,6,"1;2;3;4;6;8"
Root_16033,2.722838,28.710976,6,"0;2;3;4;6;8"
Root_16034,138.685485,48.288736,5,"2;3;4;6;8"
Root_16035,0.000000,24.307296,6,"0;1;3;4;6;8"
Root_16036,105.973763,44.585056,5,"1;3;4;6;8"
Root_16037,2.722838,29.636896,5,"0;3;4;6;8"
Root_16038,141.992845,49.214656,4,"3;4;6;8"
Root_16039,0.000000,25.294944,6,"0;1;2;4;6;8"
Root_16040,111.484707,45.572704,5,"1;2;4;6;8"
Root_16041,7.159542,30.624544,5,"0;2;4;6;8"
Root_16042,150.881677,50.202304,4,"2;4;6;8"
Root_16043,0.000000,26.220864,5,"0;1;4;6;8"
Root_16044,112.940227,46.498624,4,"1;4;6;8"
Root_16045,6.509078,31.550464,4,"0;4;6;8"
Root_16046,155.243181,51.128224,3,"4;6;8"
Root_16047,0.000000,25.603584,6,"0;1;2;3;6;8"
Root_16048,113.645187,45.881344,5,"1;2;3;6;8"
Root_16049,3.681942,30.933184,5,"0;2;3;6;8"
Root_16050,153.968077,50.510944,4,"2;3;6;8"
Root_16051,0.000000,26.529504,5,"0;1;3;6;8"
Root_16052,115.100707,46.807264,4,"1;3;6;8"
Root_16053,2.722838,31.859104,4,"0;3;6;8"
Root_16054,158.638221,51.436864,3,"3;6;8"
Root_16055,0.000000,27.517152,5,"0;1;2;6;8"
Root_16056,122.014243,47.794912,4,"1;2;6;8"
Root_16057,7.509078,32.846752,4,"0;2;6;8"
Root_16058,169.502349,52.424512,3,"2;6;8"
Root_16059,0.000000,28.443072,4,"0;1;6;8"
Root_16060,126.558179,48.720832,3,"1;6;8"
Root_16061,5.409078,33.772672,3,"0;6;8"
Root_16062,175.587469,53.350432,2,"6;8"
Root_16063,0.000000,24.264086,7,"0;1;2;3;4;5;8"
Root_16064,110.499680,44.541846,6,"1;2;3;4;5;8"
Root_16065,5.157274,29.593686,6,"0;2;3;4;5;8"
Root_16066,147.345923,49.171446,5,"2;3;4;5;8"
Root_16067,0.000000,25.190006,6,"0;1;3;4;5;8"
Root_16068,110.571126,45.467766,5,"1;3;4;5;8"
Root_16069,5.157274,30.519606,5,"0;3;4;5;8"
Root_16070,150.653283,50.097366,4,"3;4;5;8"
Root_16071,0.000000,26.177654,6,"0;1;2;4;5;8"
Root_16072,116.867382,46.455414,5,"1;2;4;5;8"
Root_16073,9.984442,31.507254,5,"0;2;4;5;8"
Root_16074,159.997498,51.085014,4,"2;4;5;8"
Root_16075,0.000000,27.103574,5,"0;1;4;5;8"
Root_16076,118.704237,47.381334,4,"1;4;5;8"
Root_16077,8.451267,32.433174,4,"0;4;5;8"
Root_16078,165.156698,52.010934,3,"4;5;8"
Root_16079,0.000000,26.486294,6,"0;1;2;3;5;8"
Root_16080,119.336502,46.764054,5,"1;2;3;5;8"
Root_16081,6.157274,31.815894,5,"0;2;3;5;8"
Root_16082,163.701178,51.393654,4,"2;3;5;8"
Root_16083,0.000000,27.412214,5,"0;1;3;5;8"
Root_16084,121.481997,47.689974,4,"1;3;5;8"
Root_16085,4.315459,32.741814,4,"0;3;5;8"
Root_16086,168.860378,52.319574,3,"3;5;8"
Root_16087,0.000000,28.399862,5,"0;1;2;5;8"
Root_16088,131.108794,48.677622,4,"1;2;5;8"
Root_16089,10.180730,33.729462,4,"0;2;5;8"
Root_16090,180.094874,53.307222,3,"2;5;8"
Root_16091,0.000000,29.325782,4,"0;1;5;8"
Root_16092,136.267994,49.603542,3,"1;5;8"
Root_16093,7.351267,34.655382,3,"0;5;8"
Root_16094,186.179994,54.233142,2,"5;8"
Root_16095,0.000000,25.807286,6,"0;1;2;3;4;8"
Root_16096,116.189760,46.085046,5,"1;2;3;4;8"
Root_16097,12.330106,31.136886,5,"0;2;3;4;8"
Root_16098,156.208803,50.714646,4,"2;3;4;8"
Root_16099,0.000000,26.733206,5,"0;1;3;4;8"
Root_16100,116.730326,47.010966,4,"1;3;4;8"
Root_16101,11.167299,32.062806,4,"0;3;4;8"
Root_16102,161.082650,51.640566,3,"3;4;8"
Root_16103,0.746742,27.720854,5,"0;1;2;4;8"
Root_16104,123.643862,47.998614,4,"1;2;4;8"
Root_16105,16.207696,33.050454,4,"0;2;4;8"
Root_16106,171.946778,52.628214,3,"2;4;8"
Root_16107,0.746742,28.646774,4,"0;1;4;8"
Root_16108,128.798906,48.924534,3,"1;4;8"
Root_16109,14.057242,33.976374,3,"0;4;8"
Root_16110,178.031898,53.554134,2,"4;8"
Root_16111,0.000000,28.029494,5,"0;1;2;3;8"
Root_16112,127.034746,48.307254,4,"1;2;3;8"
Root_16113,12.526394,33.359094,4,"0;2;3;8"
Root_16114,175.650458,52.936854,3,"2;3;8"
Root_16115,0.000000,28.955414,4,"0;1;3;8"
Root_16116,132.193946,49.233174,3,"1;3;8"
Root_16117,10.067299,34.285014,3,"0;3;8"
Root_16118,181.735578,53.862774,2,"3;8"
Root_16119,0.746742,29.943062,4,"0;1;2;8"
Root_16120,143.058074,50.220822,3,"1;2;8"
Root_16121,16.353530,35.272662,3,"0;2;8"
Root_16122,193.587354,54.850422,2,"2;8"
Root_16123,0.746742,30.868982,3,"0;1;8"
Root_16124,149.143194,51.146742,2,"1;8"
Root_16125,13.576614,36.198582,2,"0;8"
Root_16126,200.598394,55.776342,1,"8"
Root_16127,0.000000,23.443104,8,"0;1;2;3;4;5;6;7"
Root_16128,110.783491,43.720864,7,"1;2;3;4;5;6;7"
Root_16129,1.819424,28.772704,7,"0;2;3;4;5;6;7"
Root_16130,150.624941,48.350464,6,"2;3;4;5;6;7"
Root_16131,0.000000,24.369024,7,"0;1;3;4;5;6;7"
Root_16132,114.587171,44.646784,6,"1;3;4;5;6;7"
Root_16133,4.037526,29.698624,6,"0;3;4;5;6;7"
Root_16134,156.506381,49.276384,5,"3;4;5;6;7"
Root_16135,0.000000,25.356672,7,"0;1;2;4;5;6;7"
Root_16136,116.964643,45.634432,6,"1;2;4;5;6;7"
Root_16137,6.358752,30.686272,6,"0;2;4;5;6;7"
Root_16138,161.277933,50.264032,5,"2;4;5;6;7"
Root_16139,0.000000,26.282592,6,"0;1;4;5;6;7"
Root_16140,122.846083,46.560352,5,"1;4;5;6;7"
Root_16141,7.452502,31.612192,5,"0;4;5;6;7"
Root_16142,167.575245,51.189952,4,"4;5;6;7"
Root_16143,0.000000,25.665312,7,"0;1;2;3;5;6;7"
Root_16144,119.742403,45.943072,6,"1;2;3;5;6;7"
Root_16145,2.819424,30.994912,6,"0;2;3;5;6;7"
Root_16146,164.364333,50.572672,5,"2;3;5;6;7"
Root_16147,0.000000,26.591232,6,"0;1;3;5;6;7"
Root_16148,125.623843,46.868992,5,"1;3;5;6;7"
Root_16149,3.316694,31.920832,5,"0;3;5;6;7"
Root_16150,170.970285,51.498592,4,"3;5;6;7"
Root_16151,0.000000,27.578880,6,"0;1;2;5;6;7"
Root_16152,130.395395,47.856640,5,"1;2;5;6;7"
Root_16153,6.646560,32.908480,5,"0;2;5;6;7"
Root_16154,178.417133,52.486240,4,"2;5;6;7"
Root_16155,0.000000,28.504800,5,"0;1;5;6;7"
Root_16156,137.285315,48.782560,4,"1;5;6;7"
Root_16157,5.652502,33.834400,4,"0;5;6;7"
Root_16158,185.676333,53.412160,3,"5;6;7"
Root_16159,0.000000,24.986304,7,"0;1;2;3;4;6;7"
Root_16160,116.737635,45.264064,6,"1;2;3;4;6;7"
Root_16161,6.503008,30.315904,6,"0;2;3;4;6;7"
Root_16162,157.944621,49.893664,5,"2;3;4;6;7"
Root_16163,0.000000,25.912224,6,"0;1;3;4;6;7"
Root_16164,121.693155,46.189984,5,"1;3;4;6;7"
Root_16165,8.625334,31.241824,5,"0;3;4;6;7"
Root_16166,164.051981,50.819584,4,"3;4;6;7"
Root_16167,0.000000,26.899872,6,"0;1;2;4;6;7"
Root_16168,125.106691,47.177632,5,"1;2;4;6;7"
Root_16169,10.988352,32.229472,5,"0;2;4;6;7"
Root_16170,170.948045,51.807232,4,"2;4;6;7"
Root_16171,0.625760,27.825792,5,"0;1;4;6;7"
Root_16172,130.495235,48.103552,4,"1;4;6;7"
Root_16173,10.694294,33.155392,4,"0;4;6;7"
Root_16174,178.207245,52.733152,3,"4;6;7"
Root_16175,0.000000,27.208512,6,"0;1;2;3;6;7"
Root_16176,127.575811,47.486272,5,"1;2;3;6;7"
Root_16177,7.161184,32.538112,5,"0;2;3;6;7"
Root_16178,174.343085,52.115872,4,"2;3;6;7"
Root_16179,0.000000,28.134432,5,"0;1;3;6;7"
Root_16180,133.581635,48.412192,4,"1;3;6;7"
Root_16181,6.825334,33.464032,4,"0;3;6;7"
Root_16182,181.602285,53.041792,3,"3;6;7"
Root_16183,0.000000,29.122080,5,"0;1;2;6;7"
Root_16184,140.658115,49.399840,4,"1;2;6;7"
Root_16185,11.184640,34.451680,4,"0;2;6;7"
Root_16186,190.366413,54.029440,3,"2;6;7"
Root_16187,0.625760,30.048000,4,"0;1;6;7"
Root_16188,147.917315,50.325760,3,"1;6;7"
Root_16189,9.116502,35.377600,3,"0;6;7"
Root_16190,197.851533,54.955360,2,"6;7"
Root_16191,0.000000,25.869014,7,"0;1;2;3;4;5;7"
Root_16192,122.632653,46.146774,6,"1;2;3;4;5;7"
Root_16193,9.809347,31.198614,6,"0;2;3;4;5;7"
Root_16194,166.605059,50.776374,5,"2;3;4;5;7"
Root_16195,0.000000,26.794934,6,"0;1;3;4;5;7"
Root_16196,127.660867,47.072694,5,"1;3;4;5;7"
Root_16197,10.451066,32.124534,5,"0;3;4;5;7"
Root_16198,173.414714,51.702294,4,"3;4;5;7"
Root_16199,0.808470,27.782582,6,"0;1;2;4;5;7"
Root_16200,132.492762,48.060342,5,"1;2;4;5;7"
Root_16201,13.748666,33.112182,5,"0;2;4;5;7"
Root_16202,180.861562,52.689942,4,"2;4;5;7"
Root_16203,1.508470,28.708502,5,"0;1;4;5;7"
Root_16204,139.526042,48.986262,4,"1;4;5;7"
Root_16205,13.342426,34.038102,4,"0;4;5;7"
Root_16206,188.120762,53.615862,3,"4;5;7"
Root_16207,0.000000,28.091222,6,"0;1;2;3;5;7"
Root_16208,135.887802,48.368982,5,"1;2;3;5;7"
Root_16209,10.005635,33.420822,5,"0;2;3;5;7"
Root_16210,184.565242,52.998582,4,"2;3;5;7"
Root_16211,0.000000,29.017142,5,"0;1;3;5;7"
Root_16212,142.921082,49.294902,4,"1;3;5;7"
Root_16213,8.651066,34.346742,4,"0;3;5;7"
Root_16214,191.824442,53.924502,3,"3;5;7"
Root_16215,0.839181,30.004790,5,"0;1;2;5;7"
Root_16216,150.367930,50.282550,4,"1;2;5;7"
Root_16217,13.832771,35.334390,4,"0;2;5;7"
Root_16218,200.958938,54.912150,3,"2;5;7"
Root_16219,1.508470,30.930710,4,"0;1;5;7"
Root_16220,157.627130,51.208470,3,"1;5;7"
Root_16221,12.285254,36.260310,3,"0;5;7"
Root_16222,208.444058,55.838070,2,"5;7"
Root_16223,0.438102,27.412214,6,"0;1;2;3;4;7"
Root_16224,129.409133,47.689974,5,"1;2;3;4;7"
Root_16225,15.342458,32.741814,5,"0;2;3;4;7"
Root_16226,176.787514,52.319574,4,"2;3;4;7"
Root_16227,1.898445,28.338134,5,"0;1;3;4;7"
Root_16228,138.622362,48.615894,4,"1;3;4;7"
Root_16229,18.239760,33.667734,4,"0;3;4;7"
Root_16230,186.146714,53.245494,3,"3;4;7"
Root_16231,2.925581,29.325782,5,"0;1;2;4;7"
Root_16232,142.898842,49.603542,4,"1;2;4;7"
Root_16233,19.921466,34.655382,4,"0;2;4;7"
Root_16234,192.810842,54.233142,3,"2;4;7"
Root_16235,5.725581,30.251702,4,"0;1;4;7"
Root_16236,152.258042,50.529462,3,"1;4;7"
Root_16237,20.653328,35.581302,3,"0;4;7"
Root_16238,201.695962,55.159062,2,"4;7"
Root_16239,0.438102,29.634422,5,"0;1;2;3;7"
Root_16240,146.293882,49.912182,4,"1;2;3;7"
Root_16241,15.538746,34.964022,4,"0;2;3;7"
Root_16242,196.514522,54.541782,3,"2;3;7"
Root_16243,4.389773,30.560342,4,"0;1;3;7"
Root_16244,159.853082,50.838102,3,"1;3;7"
Root_16245,20.470608,35.889942,3,"0;3;7"
Root_16246,208.199642,55.467702,2,"3;7"
Root_16247,3.925581,31.547990,4,"0;1;2;7"
Root_16248,162.317210,51.825750,3,"1;2;7"
Root_16249,20.217552,36.877590,3,"0;2;7"
Root_16250,214.451418,56.455350,2,"2;7"
Root_16251,5.151670,32.473910,3,"0;1;7"
Root_16252,174.002330,52.751670,2,"1;7"
Root_16253,24.201254,37.803510,2,"0;7"
Root_16254,224.262458,57.381270,1,"7"
Root_16255,0.000000,26.467776,7,"0;1;2;3;4;5;6"
Root_16256,129.620269,46.745536,6,"1;2;3;4;5;6"
Root_16257,11.605632,31.797376,6,"0;2;3;4;5;6"
Root_16258,174.165334,51.375136,5,"2;3;4;5;6"
Root_16259,0.193664,27.393696,6,"0;1;3;4;5;6"
Root_16260,134.575789,47.671456,5,"1;3;4;5;6"
Root_16261,12.247350,32.723296,5,"0;3;4;5;6"
Root_16262,181.198614,52.301056,4,"3;4;5;6"
Root_16263,1.407232,28.381344,6,"0;1;2;4;5;6"
Root_16264,139.677901,48.659104,5,"1;2;4;5;6"
Root_16265,16.143712,33.710944,5,"0;2;4;5;6"
Root_16266,188.645462,53.288704,4,"2;4;5;6"
Root_16267,2.436704,29.307264,5,"0;1;4;5;6"
Root_16268,146.711181,49.585024,4,"1;4;5;6"
Root_16269,15.138710,34.636864,4,"0;4;5;6"
Root_16270,195.904662,54.214624,3,"4;5;6"
Root_16271,0.000000,28.689984,6,"0;1;2;3;5;6"
Root_16272,143.072941,48.967744,5,"1;2;3;5;6"
Root_16273,11.801920,34.019584,5,"0;2;3;5;6"
Root_16274,192.349142,53.597344,4,"2;3;5;6"
Root_16275,0.193664,29.615904,5,"0;1;3;5;6"
Root_16276,150.106221,49.893664,4,"1;3;5;6"
Root_16277,10.447350,34.945504,4,"0;3;5;6"
Root_16278,199.608342,54.523264,3,"3;5;6"
Root_16279,2.036704,30.603552,5,"0;1;2;5;6"
Root_16280,157.553069,50.881312,4,"1;2;5;6"
Root_16281,15.629056,35.933152,4,"0;2;5;6"
Root_16282,208.742838,55.510912,3,"2;5;6"
Root_16283,2.107232,31.529472,4,"0;1;5;6"
Root_16284,164.812269,51.807232,3,"1;5;6"
Root_16285,15.279062,36.859072,3,"0;5;6"
Root_16286,216.227958,56.436832,2,"5;6"
Root_16287,1.036864,28.010976,6,"0;1;2;3;4;6"
Root_16288,135.974221,48.288736,5,"1;2;3;4;6"
Root_16289,18.784022,33.340576,5,"0;2;3;4;6"
Root_16290,184.571414,52.918336,4,"2;3;4;6"
Root_16291,1.736864,28.936896,5,"0;1;3;4;6"
Root_16292,143.007501,49.214656,4,"1;3;4;6"
Root_16293,18.854742,34.266496,4,"0;3;4;6"
Root_16294,191.830614,53.844256,3,"3;4;6"
Root_16295,4.123104,29.924544,5,"0;1;2;4;6"
Root_16296,150.083981,50.202304,4,"1;2;4;6"
Root_16297,23.022454,35.254144,4,"0;2;4;6"
Root_16298,200.594742,54.831904,3,"2;4;6"
Root_16299,5.523104,30.850464,4,"0;1;4;6"
Root_16300,157.343181,51.128224,3,"1;4;6"
Root_16301,22.128438,36.180064,3,"0;4;6"
Root_16302,208.079862,55.757824,2,"4;6"
Root_16303,1.295968,30.233184,5,"0;1;2;3;6"
Root_16304,153.479021,50.510944,4,"1;2;3;6"
Root_16305,18.639734,35.562784,4,"0;2;3;6"
Root_16306,204.298422,55.140544,3,"2;3;6"
Root_16307,1.736864,31.159104,4,"0;1;3;6"
Root_16308,160.738221,51.436864,3,"1;3;6"
Root_16309,18.543062,36.488704,3,"0;3;6"
Root_16310,211.783542,56.066464,2,"3;6"
Root_16311,5.123104,32.146752,4,"0;1;2;6"
Root_16312,169.502349,52.424512,3,"1;2;6"
Root_16313,23.917302,37.476352,3,"0;2;6"
Root_16314,222.235318,57.054112,2,"2;6"
Root_16315,3.723104,33.072672,3,"0;1;6"
Root_16316,176.987469,53.350432,2,"1;6"
Root_16317,23.995062,38.402272,2,"0;6"
Root_16318,229.946358,57.980032,1,"6"
Root_16319,2.061389,28.893686,6,"0;1;2;3;4;5"
Root_16320,145.517370,49.171446,5,"1;2;3;4;5"
Root_16321,22.182992,34.223286,5,"0;2;3;4;5"
Root_16322,194.997274,53.801046,4,"2;3;4;5"
Root_16323,3.994531,29.819606,5,"0;1;3;4;5"
Root_16324,152.550650,50.097366,4,"1;3;4;5"
Root_16325,21.514854,35.149206,4,"0;3;4;5"
Root_16326,202.256474,54.726966,3,"3;4;5"
Root_16327,6.721699,30.807254,5,"0;1;2;4;5"
Root_16328,159.997498,51.085014,4,"1;2;4;5"
Root_16329,25.984208,36.136854,4,"0;2;4;5"
Root_16330,211.390970,55.714614,3,"2;4;5"
Root_16331,7.288525,31.733174,4,"0;1;4;5"
Root_16332,167.256698,52.010934,3,"1;4;5"
Root_16333,25.541990,37.062774,3,"0;4;5"
Root_16334,218.876090,56.640534,2,"4;5"
Root_16335,3.061389,31.115894,5,"0;1;2;3;5"
Root_16336,163.701178,51.393654,4,"1;2;3;5"
Root_16337,22.355622,36.445494,4,"0;2;3;5"
Root_16338,215.403290,56.023254,3,"2;3;5"
Root_16339,3.152717,32.041814,4,"0;1;3;5"
Root_16340,170.960378,52.319574,3,"1;3;5"
Root_16341,22.839325,37.371414,3,"0;3;5"
Root_16342,222.888410,56.949174,2,"3;5"
Root_16343,6.917987,33.029462,4,"0;1;2;5"
Root_16344,180.094874,53.307222,3,"1;2;5"
Root_16345,27.624912,38.359062,3,"0;2;5"
Root_16346,233.710554,57.936822,2,"2;5"
Root_16347,5.488525,33.955382,3,"0;1;5"
Root_16348,187.579994,54.233142,2,"1;5"
Root_16349,27.693597,39.284982,2,"0;5"
Root_16350,241.421594,58.862742,1,"5"
Root_16351,6.986938,30.436886,5,"0;1;2;3;4"
Root_16352,155.923450,50.714646,4,"1;2;3;4"
Root_16353,29.898992,35.766486,4,"0;2;3;4"
Root_16354,206.946554,55.344246,3,"2;3;4"
Root_16355,9.861357,31.362806,4,"0;1;3;4"
Root_16356,165.282650,51.640566,3,"1;3;4"
Root_16357,31.617318,36.692406,3,"0;3;4"
Root_16358,215.831674,56.270166,2,"3;4"
Root_16359,11.351299,32.350454,4,"0;1;2;4"
Root_16360,171.946778,52.628214,3,"1;2;4"
Root_16361,33.700208,37.680054,3,"0;2;4"
Root_16362,224.883450,57.257814,2,"2;4"
Root_16363,12.051299,33.276374,3,"0;1;4"
Root_16364,180.831898,53.554134,2,"1;4"
Root_16365,34.252048,38.605974,2,"0;4"
Root_16366,233.294490,58.183734,1,"4"
Root_16367,7.524131,32.659094,4,"0;1;2;3"
Root_16368,175.650458,52.936854,3,"1;2;3"
Root_16369,31.614822,37.988694,3,"0;2;3"
Root_16370,228.895770,57.566454,2,"2;3"
Root_16371,10.159939,33.585014,3,"0;1;3"
Root_16372,187.335578,53.862774,2,"1;3"
Root_16373,35.892582,38.914614,2,"0;3"
Root_16374,238.706810,58.492374,1,"3"
Root_16375,11.547587,34.572662,3,"0;1;2"
Root_16376,193.587354,54.850422,2,"1;2"
Root_16377,36.243174,39.902262,2,"0;2"
Root_16378,248.746234,59.480022,1,"2"
Root_16379,11.873507,35.498582,2,"0;1"
Root_16380,204.098394,55.776342,1,"1"
Root_16381,56.146854,40.828182,1,"0"
Root_16382,256.683194,60.405942,0,""
