Node Name,Lower Bound,Completion Time,Unassigned Count,Unassigned Parts
Root_0,161.018134,27.177760,11,"1;2;3;4;5;6;7;8;9;10;11"
Root_1,42.413344,12.229600,11,"0;2;3;4;5;6;7;8;9;10;11"
Root_2,204.343734,31.807360,10,"2;3;4;5;6;7;8;9;10;11"
Root_3,17.536960,5.025920,11,"0;1;3;4;5;6;7;8;9;10;11"
Root_4,167.103254,28.103680,10,"1;3;4;5;6;7;8;9;10;11"
Root_5,47.042944,13.155520,10,"0;3;4;5;6;7;8;9;10;11"
Root_6,210.428854,32.733280,9,"3;4;5;6;7;8;9;10;11"
Root_7,31.206048,8.813568,11,"0;1;2;4;5;6;7;8;9;10;11"
Root_8,175.167382,29.091328,10,"1;2;4;5;6;7;8;9;10;11"
Root_9,45.024448,14.143168,10,"0;2;4;5;6;7;8;9;10;11"
Root_10,218.492982,33.720928,9,"2;4;5;6;7;8;9;10;11"
Root_11,34.909728,9.739488,10,"0;1;4;5;6;7;8;9;10;11"
Root_12,181.252502,30.017248,9,"1;4;5;6;7;8;9;10;11"
Root_13,48.797216,15.069088,9,"0;4;5;6;7;8;9;10;11"
Root_14,224.578102,34.646848,8,"4;5;6;7;8;9;10;11"
Root_15,27.376384,7.722208,11,"0;1;2;3;5;6;7;8;9;10;11"
Root_16,179.962422,29.399968,10,"1;2;3;5;6;7;8;9;10;11"
Root_17,53.524384,14.451808,10,"0;2;3;5;6;7;8;9;10;11"
Root_18,223.288022,34.029568,9,"2;3;5;6;7;8;9;10;11"
Root_19,32.005984,8.648128,10,"0;1;3;5;6;7;8;9;10;11"
Root_20,186.047542,30.325888,9,"1;3;5;6;7;8;9;10;11"
Root_21,58.834112,15.377728,9,"0;3;5;6;7;8;9;10;11"
Root_22,229.373142,34.955488,8,"3;5;6;7;8;9;10;11"
Root_23,40.860256,11.035776,10,"0;1;2;5;6;7;8;9;10;11"
Root_24,194.111670,31.313536,9,"1;2;5;6;7;8;9;10;11"
Root_25,57.325376,16.365376,9,"0;2;5;6;7;8;9;10;11"
Root_26,237.437270,35.943136,8,"2;5;6;7;8;9;10;11"
Root_27,45.489856,11.961696,9,"0;1;5;6;7;8;9;10;11"
Root_28,200.196790,32.239456,8,"1;5;6;7;8;9;10;11"
Root_29,63.415520,17.291296,8,"0;5;6;7;8;9;10;11"
Root_30,243.522390,36.869056,7,"5;6;7;8;9;10;11"
Root_31,21.488800,6.343200,11,"0;1;2;3;4;6;7;8;9;10;11"
Root_32,173.193334,28.720960,10,"1;2;3;4;6;7;8;9;10;11"
Root_33,50.129344,13.772800,10,"0;2;3;4;6;7;8;9;10;11"
Root_34,216.518934,33.350560,9,"2;3;4;6;7;8;9;10;11"
Root_35,25.110944,7.269120,10,"0;1;3;4;6;7;8;9;10;11"
Root_36,179.278454,29.646880,9,"1;3;4;6;7;8;9;10;11"
Root_37,54.758944,14.698720,9,"0;3;4;6;7;8;9;10;11"
Root_38,222.604054,34.276480,8,"3;4;6;7;8;9;10;11"
Root_39,37.465216,10.356768,10,"0;1;2;4;6;7;8;9;10;11"
Root_40,187.342582,30.634528,9,"1;2;4;6;7;8;9;10;11"
Root_41,52.494656,15.686368,9,"0;2;4;6;7;8;9;10;11"
Root_42,230.668182,35.264128,8,"2;4;6;7;8;9;10;11"
Root_43,42.094816,11.282688,9,"0;1;4;6;7;8;9;10;11"
Root_44,193.427702,31.560448,8,"1;4;6;7;8;9;10;11"
Root_45,58.662464,16.612288,8,"0;4;6;7;8;9;10;11"
Root_46,236.753302,36.190048,7,"4;6;7;8;9;10;11"
Root_47,35.092384,9.265408,10,"0;1;2;3;6;7;8;9;10;11"
Root_48,192.137622,30.943168,9,"1;2;3;6;7;8;9;10;11"
Root_49,63.176000,15.995008,9,"0;2;3;6;7;8;9;10;11"
Root_50,235.463222,35.572768,8,"2;3;6;7;8;9;10;11"
Root_51,39.721984,10.191328,9,"0;1;3;6;7;8;9;10;11"
Root_52,198.222742,31.869088,8,"1;3;6;7;8;9;10;11"
Root_53,69.636512,16.920928,8,"0;3;6;7;8;9;10;11"
Root_54,241.548342,36.498688,7,"3;6;7;8;9;10;11"
Root_55,48.576256,12.578976,9,"0;1;2;6;7;8;9;10;11"
Root_56,206.286870,32.856736,8,"1;2;6;7;8;9;10;11"
Root_57,69.670976,17.908576,8,"0;2;6;7;8;9;10;11"
Root_58,249.612470,37.486336,7,"2;6;7;8;9;10;11"
Root_59,53.205856,13.504896,8,"0;1;6;7;8;9;10;11"
Root_60,212.371990,33.782656,7,"1;6;7;8;9;10;11"
Root_61,74.217920,18.834496,7,"0;6;7;8;9;10;11"
Root_62,255.697590,38.412256,6,"6;7;8;9;10;11"
Root_63,24.894896,7.225910,11,"0;1;2;3;4;5;7;8;9;10;11"
Root_64,182.903149,29.603670,10,"1;2;3;4;5;7;8;9;10;11"
Root_65,54.542896,14.655510,10,"0;2;3;4;5;7;8;9;10;11"
Root_66,226.228749,34.233270,9,"2;3;4;5;7;8;9;10;11"
Root_67,29.524496,8.151830,10,"0;1;3;4;5;7;8;9;10;11"
Root_68,188.988269,30.529590,9,"1;3;4;5;7;8;9;10;11"
Root_69,60.260029,15.581430,9,"0;3;4;5;7;8;9;10;11"
Root_70,232.313869,35.159190,8,"3;4;5;7;8;9;10;11"
Root_71,41.878768,11.239478,10,"0;1;2;4;5;7;8;9;10;11"
Root_72,197.052397,31.517238,9,"1;2;4;5;7;8;9;10;11"
Root_73,58.954995,16.569078,9,"0;2;4;5;7;8;9;10;11"
Root_74,240.377997,36.146838,8,"2;4;5;7;8;9;10;11"
Root_75,46.508368,12.165398,9,"0;1;4;5;7;8;9;10;11"
Root_76,203.137517,32.443158,8,"1;4;5;7;8;9;10;11"
Root_77,64.841437,17.494998,8,"0;4;5;7;8;9;10;11"
Root_78,246.463117,37.072758,7,"4;5;7;8;9;10;11"
Root_79,39.505936,10.148118,10,"0;1;2;3;5;7;8;9;10;11"
Root_80,201.847437,31.825878,9,"1;2;3;5;7;8;9;10;11"
Root_81,70.237683,16.877718,9,"0;2;3;5;7;8;9;10;11"
Root_82,245.173037,36.455478,8,"2;3;5;7;8;9;10;11"
Root_83,44.939174,11.074038,9,"0;1;3;5;7;8;9;10;11"
Root_84,207.932557,32.751798,8,"1;3;5;7;8;9;10;11"
Root_85,75.815485,17.803638,8,"0;3;5;7;8;9;10;11"
Root_86,251.258157,37.381398,7,"3;5;7;8;9;10;11"
Root_87,52.989808,13.461686,9,"0;1;2;5;7;8;9;10;11"
Root_88,215.996685,33.739446,8,"1;2;5;7;8;9;10;11"
Root_89,76.732659,18.791286,8,"0;2;5;7;8;9;10;11"
Root_90,259.322285,38.369046,7,"2;5;7;8;9;10;11"
Root_91,57.619408,14.387606,8,"0;1;5;7;8;9;10;11"
Root_92,222.081805,34.665366,7,"1;5;7;8;9;10;11"
Root_93,80.396893,19.717206,7,"0;5;7;8;9;10;11"
Root_94,265.407405,39.294966,6,"5;7;8;9;10;11"
Root_95,32.610896,8.769110,10,"0;1;2;3;4;7;8;9;10;11"
Root_96,195.078349,31.146870,9,"1;2;3;4;7;8;9;10;11"
Root_97,64.805619,16.198710,9,"0;2;3;4;7;8;9;10;11"
Root_98,238.403949,35.776470,8,"2;3;4;7;8;9;10;11"
Root_99,37.240496,9.695030,9,"0;1;3;4;7;8;9;10;11"
Root_100,201.163469,32.072790,8,"1;3;4;7;8;9;10;11"
Root_101,71.062429,17.124630,8,"0;3;4;7;8;9;10;11"
Root_102,244.489069,36.702390,7,"3;4;7;8;9;10;11"
Root_103,49.594768,12.782678,9,"0;1;2;4;7;8;9;10;11"
Root_104,209.227597,33.060438,8,"1;2;4;7;8;9;10;11"
Root_105,71.300595,18.112278,8,"0;2;4;7;8;9;10;11"
Root_106,252.553197,37.690038,7,"2;4;7;8;9;10;11"
Root_107,54.224368,13.708598,8,"0;1;4;7;8;9;10;11"
Root_108,215.312717,33.986358,7,"1;4;7;8;9;10;11"
Root_109,75.643837,19.038198,7,"0;4;7;8;9;10;11"
Root_110,258.638317,38.615958,6,"4;7;8;9;10;11"
Root_111,48.642854,11.691318,9,"0;1;2;3;7;8;9;10;11"
Root_112,214.022637,33.369078,8,"1;2;3;7;8;9;10;11"
Root_113,82.583283,18.420918,8,"0;2;3;7;8;9;10;11"
Root_114,257.348237,37.998678,7,"2;3;7;8;9;10;11"
Root_115,54.198374,12.617238,8,"0;1;3;7;8;9;10;11"
Root_116,220.107757,34.294998,7,"1;3;7;8;9;10;11"
Root_117,86.617885,19.346838,7,"0;3;7;8;9;10;11"
Root_118,263.433357,38.924598,6,"3;7;8;9;10;11"
Root_119,60.705808,15.004886,8,"0;1;2;7;8;9;10;11"
Root_120,228.171885,35.282646,7,"1;2;7;8;9;10;11"
Root_121,89.078259,20.334486,7,"0;2;7;8;9;10;11"
Root_122,271.497485,39.912246,6,"2;7;8;9;10;11"
Root_123,66.190886,15.930806,7,"0;1;7;8;9;10;11"
Root_124,234.257005,36.208566,6,"1;7;8;9;10;11"
Root_125,91.459699,21.260406,6,"0;7;8;9;10;11"
Root_126,277.582605,40.838166,5,"7;8;9;10;11"
Root_127,38.388704,9.924672,11,"0;1;2;3;4;5;6;8;9;10;11"
Root_128,187.389526,30.202432,10,"1;2;3;4;5;6;8;9;10;11"
Root_129,57.790976,15.254272,10,"0;2;3;4;5;6;8;9;10;11"
Root_130,230.715126,34.832032,9,"2;3;4;5;6;8;9;10;11"
Root_131,43.598496,10.850592,10,"0;1;3;4;5;6;8;9;10;11"
Root_132,193.474646,31.128352,9,"1;3;4;5;6;8;9;10;11"
Root_133,63.346496,16.180192,9,"0;3;4;5;6;8;9;10;11"
Root_134,236.800246,35.757952,8,"3;4;5;6;8;9;10;11"
Root_135,44.872576,11.838240,10,"0;1;2;4;5;6;8;9;10;11"
Root_136,201.538774,32.116000,9,"1;2;4;5;6;8;9;10;11"
Root_137,61.652576,17.167840,9,"0;2;4;5;6;8;9;10;11"
Root_138,244.864374,36.745600,8,"2;4;5;6;8;9;10;11"
Root_139,49.502176,12.764160,9,"0;1;4;5;6;8;9;10;11"
Root_140,207.623894,33.041920,8,"1;4;5;6;8;9;10;11"
Root_141,66.014336,18.093760,8,"0;4;5;6;8;9;10;11"
Root_142,250.949494,37.671520,7,"4;5;6;8;9;10;11"
Root_143,51.376224,12.146880,10,"0;1;2;3;5;6;8;9;10;11"
Root_144,206.333814,32.424640,9,"1;2;3;5;6;8;9;10;11"
Root_145,72.626624,17.476480,9,"0;2;3;5;6;8;9;10;11"
Root_146,249.659414,37.054240,8,"2;3;5;6;8;9;10;11"
Root_147,56.931744,13.072800,9,"0;1;3;5;6;8;9;10;11"
Root_148,212.418934,33.350560,8,"1;3;5;6;8;9;10;11"
Root_149,76.679744,18.402400,8,"0;3;5;6;8;9;10;11"
Root_150,255.744534,37.980160,7,"3;5;6;8;9;10;11"
Root_151,55.983616,14.060448,9,"0;1;2;5;6;8;9;10;11"
Root_152,220.483062,34.338208,8,"1;2;5;6;8;9;10;11"
Root_153,77.208032,19.390048,8,"0;2;5;6;8;9;10;11"
Root_154,263.808662,38.967808,7,"2;5;6;8;9;10;11"
Root_155,60.613216,14.986368,8,"0;1;5;6;8;9;10;11"
Root_156,226.568182,35.264128,7,"1;5;6;8;9;10;11"
Root_157,79.347584,20.315968,7,"0;5;6;8;9;10;11"
Root_158,269.893782,39.893728,6,"5;6;8;9;10;11"
Root_159,47.302176,11.467872,10,"0;1;2;3;4;6;8;9;10;11"
Root_160,199.564726,31.745632,9,"1;2;3;4;6;8;9;10;11"
Root_161,67.873568,16.797472,9,"0;2;3;4;6;8;9;10;11"
Root_162,242.890326,36.375232,8,"2;3;4;6;8;9;10;11"
Root_163,52.857696,12.393792,9,"0;1;3;4;6;8;9;10;11"
Root_164,205.649846,32.671552,8,"1;3;4;6;8;9;10;11"
Root_165,72.605696,17.723392,8,"0;3;4;6;8;9;10;11"
Root_166,248.975446,37.301152,7,"3;4;6;8;9;10;11"
Root_167,52.588576,13.381440,9,"0;1;2;4;6;8;9;10;11"
Root_168,213.713974,33.659200,8,"1;2;4;6;8;9;10;11"
Root_169,72.454976,18.711040,8,"0;2;4;6;8;9;10;11"
Root_170,257.039574,38.288800,7,"2;4;6;8;9;10;11"
Root_171,57.218176,14.307360,8,"0;1;4;6;8;9;10;11"
Root_172,219.799094,34.585120,7,"1;4;6;8;9;10;11"
Root_173,75.273536,19.636960,7,"0;4;6;8;9;10;11"
Root_174,263.124694,39.214720,6,"4;6;8;9;10;11"
Root_175,60.635424,13.690080,9,"0;1;2;3;6;8;9;10;11"
Root_176,218.509014,33.967840,8,"1;2;3;6;8;9;10;11"
Root_177,83.429024,19.019680,8,"0;2;3;6;8;9;10;11"
Root_178,261.834614,38.597440,7,"2;3;6;8;9;10;11"
Root_179,66.190944,14.616000,8,"0;1;3;6;8;9;10;11"
Root_180,224.594134,34.893760,7,"1;3;6;8;9;10;11"
Root_181,85.938944,19.945600,7,"0;3;6;8;9;10;11"
Root_182,267.919734,39.523360,6,"3;6;8;9;10;11"
Root_183,63.699616,15.603648,8,"0;1;2;6;8;9;10;11"
Root_184,232.658262,35.881408,7,"1;2;6;8;9;10;11"
Root_185,88.169590,20.933248,7,"0;2;6;8;9;10;11"
Root_186,275.983862,40.511008,6,"2;6;8;9;10;11"
Root_187,68.858784,16.529568,7,"0;1;6;8;9;10;11"
Root_188,238.743382,36.807328,6,"1;6;8;9;10;11"
Root_189,90.551030,21.859168,6,"0;6;8;9;10;11"
Root_190,282.068982,41.436928,5,"6;8;9;10;11"
Root_191,52.598438,12.350582,10,"0;1;2;3;4;5;8;9;10;11"
Root_192,209.274541,32.628342,9,"1;2;3;4;5;8;9;10;11"
Root_193,74.052541,17.680182,9,"0;2;3;4;5;8;9;10;11"
Root_194,252.600141,37.257942,8,"2;3;4;5;8;9;10;11"
Root_195,58.153958,13.276502,9,"0;1;3;4;5;8;9;10;11"
Root_196,215.359661,33.554262,8,"1;3;4;5;8;9;10;11"
Root_197,77.901958,18.606102,8,"0;3;4;5;8;9;10;11"
Root_198,258.685261,38.183862,7,"3;4;5;8;9;10;11"
Root_199,57.002128,14.264150,9,"0;1;2;4;5;8;9;10;11"
Root_200,223.423789,34.541910,8,"1;2;4;5;8;9;10;11"
Root_201,78.633949,19.593750,8,"0;2;4;5;8;9;10;11"
Root_202,266.749389,39.171510,7,"2;4;5;8;9;10;11"
Root_203,61.631728,15.190070,8,"0;1;4;5;8;9;10;11"
Root_204,229.508909,35.467830,7,"1;4;5;8;9;10;11"
Root_205,80.811677,20.519670,7,"0;4;5;8;9;10;11"
Root_206,272.834509,40.097430,6,"4;5;8;9;10;11"
Root_207,65.931686,14.572790,9,"0;1;2;3;5;8;9;10;11"
Root_208,228.218829,34.850550,8,"1;2;3;5;8;9;10;11"
Root_209,89.607997,19.902390,8,"0;2;3;5;8;9;10;11"
Root_210,271.544429,39.480150,7,"2;3;5;8;9;10;11"
Root_211,71.487206,15.498710,8,"0;1;3;5;8;9;10;11"
Root_212,234.303949,35.776470,7,"1;3;5;8;9;10;11"
Root_213,91.406717,20.828310,7,"0;3;5;8;9;10;11"
Root_214,277.629549,40.406070,6,"3;5;8;9;10;11"
Root_215,69.111805,16.486358,8,"0;1;2;5;8;9;10;11"
Root_216,242.368077,36.764118,7,"1;2;5;8;9;10;11"
Root_217,95.348563,21.815958,7,"0;2;5;8;9;10;11"
Root_218,285.693677,41.393718,6,"2;5;8;9;10;11"
Root_219,74.155046,17.412278,7,"0;1;5;8;9;10;11"
Root_220,248.453197,37.690038,6,"1;5;8;9;10;11"
Root_221,97.730003,22.741878,6,"0;5;8;9;10;11"
Root_222,291.778797,42.319638,5,"5;8;9;10;11"
Root_223,61.857638,13.893782,9,"0;1;2;3;4;8;9;10;11"
Root_224,221.449741,34.171542,8,"1;2;3;4;8;9;10;11"
Root_225,84.854941,19.223382,8,"0;2;3;4;8;9;10;11"
Root_226,264.775341,38.801142,7,"2;3;4;8;9;10;11"
Root_227,67.413158,14.819702,8,"0;1;3;4;8;9;10;11"
Root_228,227.534861,35.097462,7,"1;3;4;8;9;10;11"
Root_229,87.161158,20.149302,7,"0;3;4;8;9;10;11"
Root_230,270.860461,39.727062,6,"3;4;8;9;10;11"
Root_231,64.718128,15.807350,8,"0;1;2;4;8;9;10;11"
Root_232,235.598989,36.085110,7,"1;2;4;8;9;10;11"
Root_233,90.295507,21.136950,7,"0;2;4;8;9;10;11"
Root_234,278.924589,40.714710,6,"2;4;8;9;10;11"
Root_235,70.080998,16.733270,7,"0;1;4;8;9;10;11"
Root_236,241.684109,37.011030,6,"1;4;8;9;10;11"
Root_237,92.676947,22.062870,6,"0;4;8;9;10;11"
Root_238,285.009709,41.640630,5,"4;8;9;10;11"
Root_239,75.332797,16.115990,8,"0;1;2;3;8;9;10;11"
Root_240,240.394029,36.393750,7,"1;2;3;8;9;10;11"
Root_241,100.410397,21.445590,7,"0;2;3;8;9;10;11"
Root_242,283.719629,41.023350,6,"2;3;8;9;10;11"
Root_243,80.746406,17.041910,7,"0;1;3;8;9;10;11"
Root_244,246.479149,37.319670,6,"1;3;8;9;10;11"
Root_245,101.865917,22.371510,6,"0;3;8;9;10;11"
Root_246,289.804749,41.949270,5,"3;8;9;10;11"
Root_247,79.914205,18.029558,7,"0;1;2;8;9;10;11"
Root_248,254.543277,38.307318,6,"1;2;8;9;10;11"
Root_249,104.991805,23.359158,6,"0;2;8;9;10;11"
Root_250,297.868877,42.936918,5,"2;8;9;10;11"
Root_251,83.414246,18.955478,6,"0;1;8;9;10;11"
Root_252,260.628397,39.233238,5,"1;8;9;10;11"
Root_253,107.058323,24.285078,5,"0;8;9;10;11"
Root_254,303.953997,43.862838,4,"8;9;10;11"
Root_255,32.413344,8.729600,11,"0;1;2;3;4;5;6;7;9;10;11"
Root_256,207.843734,31.807360,10,"1;2;3;4;5;6;7;9;10;11"
Root_257,63.500736,16.859200,10,"0;2;3;4;5;6;7;9;10;11"
Root_258,251.169334,36.436960,9,"2;3;4;5;6;7;9;10;11"
Root_259,37.042944,9.655520,10,"0;1;3;4;5;6;7;9;10;11"
Root_260,213.928854,32.733280,9,"1;3;4;5;6;7;9;10;11"
Root_261,68.171136,17.785120,9,"0;3;4;5;6;7;9;10;11"
Root_262,257.254454,37.362880,8,"3;4;5;6;7;9;10;11"
Root_263,49.724448,13.443168,10,"0;1;2;4;5;6;7;9;10;11"
Root_264,221.992982,33.720928,9,"1;2;4;5;6;7;9;10;11"
Root_265,68.082144,18.772768,9,"0;2;4;5;6;7;9;10;11"
Root_266,265.318582,38.350528,8,"2;4;5;6;7;9;10;11"
Root_267,53.428128,14.369088,9,"0;1;4;5;6;7;9;10;11"
Root_268,228.078102,34.646848,8,"1;4;5;6;7;9;10;11"
Root_269,71.537664,19.698688,8,"0;4;5;6;7;9;10;11"
Root_270,271.403702,39.276448,7,"4;5;6;7;9;10;11"
Root_271,50.524384,12.351808,10,"0;1;2;3;5;6;7;9;10;11"
Root_272,226.788022,34.029568,9,"1;2;3;5;6;7;9;10;11"
Root_273,79.137600,19.081408,9,"0;2;3;5;6;7;9;10;11"
Root_274,270.113622,38.659168,8,"2;3;5;6;7;9;10;11"
Root_275,55.153984,13.277728,9,"0;1;3;5;6;7;9;10;11"
Root_276,232.873142,34.955488,8,"1;3;5;6;7;9;10;11"
Root_277,82.511712,20.007328,8,"0;3;5;6;7;9;10;11"
Root_278,276.198742,39.585088,7,"3;5;6;7;9;10;11"
Root_279,59.203328,15.665376,9,"0;1;2;5;6;7;9;10;11"
Root_280,240.937270,35.943136,8,"1;2;5;6;7;9;10;11"
Root_281,86.191638,20.994976,8,"0;2;5;6;7;9;10;11"
Root_282,284.262870,40.572736,7,"2;5;6;7;9;10;11"
Root_283,64.424224,16.591296,8,"0;1;5;6;7;9;10;11"
Root_284,247.022390,36.869056,7,"1;5;6;7;9;10;11"
Root_285,90.424918,21.920896,7,"0;5;6;7;9;10;11"
Root_286,290.347990,41.498656,6,"5;6;7;9;10;11"
Root_287,43.629344,10.972800,10,"0;1;2;3;4;6;7;9;10;11"
Root_288,220.018934,33.350560,9,"1;2;3;4;6;7;9;10;11"
Root_289,74.303136,18.402400,9,"0;2;3;4;6;7;9;10;11"
Root_290,263.344534,37.980160,8,"2;3;4;6;7;9;10;11"
Root_291,48.258944,11.898720,9,"0;1;3;4;6;7;9;10;11"
Root_292,226.104054,34.276480,8,"1;3;4;6;7;9;10;11"
Root_293,77.758656,19.328320,8,"0;3;4;6;7;9;10;11"
Root_294,269.429654,38.906080,7,"3;4;6;7;9;10;11"
Root_295,55.897248,14.986368,9,"0;1;2;4;6;7;9;10;11"
Root_296,234.168182,35.264128,8,"1;2;4;6;7;9;10;11"
Root_297,80.238688,20.315968,8,"0;2;4;6;7;9;10;11"
Root_298,277.493782,39.893728,7,"2;4;6;7;9;10;11"
Root_299,60.437888,15.912288,8,"0;1;4;6;7;9;10;11"
Root_300,240.253302,36.190048,7,"1;4;6;7;9;10;11"
Root_301,84.013846,21.241888,7,"0;4;6;7;9;10;11"
Root_302,283.578902,40.819648,6,"4;6;7;9;10;11"
Root_303,58.240384,13.895008,9,"0;1;2;3;6;7;9;10;11"
Root_304,238.963222,35.572768,8,"1;2;3;6;7;9;10;11"
Root_305,91.483200,20.624608,8,"0;2;3;6;7;9;10;11"
Root_306,282.288822,40.202368,7,"2;3;6;7;9;10;11"
Root_307,62.869984,14.820928,8,"0;1;3;6;7;9;10;11"
Root_308,245.048342,36.498688,7,"1;3;6;7;9;10;11"
Root_309,94.641078,21.550528,7,"0;3;6;7;9;10;11"
Root_310,288.373942,41.128288,6,"3;6;7;9;10;11"
Root_311,69.362400,17.208576,8,"0;1;2;6;7;9;10;11"
Root_312,253.112470,37.486336,7,"1;2;6;7;9;10;11"
Root_313,99.742262,22.538176,7,"0;2;6;7;9;10;11"
Root_314,296.438070,42.115936,6,"2;6;7;9;10;11"
Root_315,73.683424,18.134496,7,"0;1;6;7;9;10;11"
Root_316,259.197590,38.412256,6,"1;6;7;9;10;11"
Root_317,103.049622,23.464096,6,"0;6;7;9;10;11"
Root_318,302.523190,43.041856,5,"6;7;9;10;11"
Root_319,48.042896,11.855510,10,"0;1;2;3;4;5;7;9;10;11"
Root_320,229.728749,34.233270,9,"1;2;3;4;5;7;9;10;11"
Root_321,80.767219,19.285110,9,"0;2;3;4;5;7;9;10;11"
Root_322,273.054349,38.862870,8,"2;3;4;5;7;9;10;11"
Root_323,52.672496,12.781430,9,"0;1;3;4;5;7;9;10;11"
Root_324,235.813869,35.159190,8,"1;3;4;5;7;9;10;11"
Root_325,83.937629,20.211030,8,"0;3;4;5;7;9;10;11"
Root_326,279.139469,39.788790,7,"3;4;5;7;9;10;11"
Root_327,60.221840,15.869078,9,"0;1;2;4;5;7;9;10;11"
Root_328,243.877997,36.146838,8,"1;2;4;5;7;9;10;11"
Root_329,88.724960,21.198678,8,"0;2;4;5;7;9;10;11"
Root_330,287.203597,40.776438,7,"2;4;5;7;9;10;11"
Root_331,65.646438,16.794998,8,"0;1;4;5;7;9;10;11"
Root_332,249.963117,37.072758,7,"1;4;5;7;9;10;11"
Root_333,92.958240,22.124598,7,"0;4;5;7;9;10;11"
Root_334,293.288717,41.702358,6,"4;5;7;9;10;11"
Root_335,62.653936,14.777718,9,"0;1;2;3;5;7;9;10;11"
Root_336,248.673037,36.455478,8,"1;2;3;5;7;9;10;11"
Root_337,99.395402,21.507318,8,"0;2;3;5;7;9;10;11"
Root_338,291.998637,41.085078,7,"2;3;5;7;9;10;11"
Root_339,67.911846,15.703638,8,"0;1;3;5;7;9;10;11"
Root_340,254.758157,37.381398,7,"1;3;5;7;9;10;11"
Root_341,102.702762,22.433238,7,"0;3;5;7;9;10;11"
Root_342,298.083757,42.010998,6,"3;5;7;9;10;11"
Root_343,75.541373,18.091286,8,"0;1;2;5;7;9;10;11"
Root_344,262.822285,38.369046,7,"1;2;5;7;9;10;11"
Root_345,107.803946,23.420886,7,"0;2;5;7;9;10;11"
Root_346,306.147885,42.998646,6,"2;5;7;9;10;11"
Root_347,78.996893,19.017206,7,"0;1;5;7;9;10;11"
Root_348,268.907405,39.294966,6,"1;5;7;9;10;11"
Root_349,111.784032,24.346806,6,"0;5;7;9;10;11"
Root_350,312.233005,43.924566,5,"5;7;9;10;11"
Root_351,55.758896,13.398710,9,"0;1;2;3;4;7;9;10;11"
Root_352,241.903949,35.776470,8,"1;2;3;4;7;9;10;11"
Root_353,93.663338,20.828310,8,"0;2;3;4;7;9;10;11"
Root_354,285.229549,40.406070,7,"2;3;4;7;9;10;11"
Root_355,60.388496,14.324630,8,"0;1;3;4;7;9;10;11"
Root_356,247.989069,36.702390,7,"1;3;4;7;9;10;11"
Root_357,96.970698,21.754230,7,"0;3;4;7;9;10;11"
Root_358,291.314669,41.331990,6,"3;4;7;9;10;11"
Root_359,70.788317,17.412278,8,"0;1;2;4;7;9;10;11"
Root_360,256.053197,37.690038,7,"1;2;4;7;9;10;11"
Root_361,102.071882,22.741878,7,"0;2;4;7;9;10;11"
Root_362,299.378797,42.319638,6,"2;4;7;9;10;11"
Root_363,74.905638,18.338198,7,"0;1;4;7;9;10;11"
Root_364,262.138317,38.615958,6,"1;4;7;9;10;11"
Root_365,105.379242,23.667798,6,"0;4;7;9;10;11"
Root_366,305.463917,43.245558,5,"4;7;9;10;11"
Root_367,71.962365,16.320918,8,"0;1;2;3;7;9;10;11"
Root_368,260.848237,37.998678,7,"1;2;3;7;9;10;11"
Root_369,110.890483,23.050518,7,"0;2;3;7;9;10;11"
Root_370,304.173837,42.628278,6,"2;3;7;9;10;11"
Root_371,77.171046,17.246838,7,"0;1;3;7;9;10;11"
Root_372,266.933357,38.924598,6,"1;3;7;9;10;11"
Root_373,113.574282,23.976438,6,"0;3;7;9;10;11"
Root_374,310.258957,43.554198,5,"3;7;9;10;11"
Root_375,86.978259,19.634486,7,"0;1;2;7;9;10;11"
Root_376,274.997485,39.912246,6,"1;2;7;9;10;11"
Root_377,118.675466,24.964086,6,"0;2;7;9;10;11"
Root_378,318.323085,44.541846,5,"2;7;9;10;11"
Root_379,89.799293,20.560406,6,"0;1;7;9;10;11"
Root_380,281.082605,40.838166,5,"1;7;9;10;11"
Root_381,121.982826,25.890006,5,"0;7;9;10;11"
Root_382,324.408205,45.467766,4,"7;9;10;11"
Root_383,61.536704,14.554272,10,"0;1;2;3;4;5;6;9;10;11"
Root_384,234.215126,34.832032,9,"1;2;3;4;5;6;9;10;11"
Root_385,80.748768,19.883872,9,"0;2;3;4;5;6;9;10;11"
Root_386,277.540726,39.461632,8,"2;3;4;5;6;9;10;11"
Root_387,66.166304,15.480192,9,"0;1;3;4;5;6;9;10;11"
Root_388,240.300246,35.757952,8,"1;3;4;5;6;9;10;11"
Root_389,83.115190,20.809792,8,"0;3;4;5;6;9;10;11"
Root_390,283.625846,40.387552,7,"3;4;5;6;9;10;11"
Root_391,62.784736,16.467840,9,"0;1;2;4;5;6;9;10;11"
Root_392,248.364374,36.745600,8,"1;2;4;5;6;9;10;11"
Root_393,89.013814,21.797440,8,"0;2;4;5;6;9;10;11"
Root_394,291.689974,41.375200,7,"2;4;5;6;9;10;11"
Root_395,66.920576,17.393760,8,"0;1;4;5;6;9;10;11"
Root_396,254.449494,37.671520,7,"1;4;5;6;9;10;11"
Root_397,93.247094,22.723360,7,"0;4;5;6;9;10;11"
Root_398,297.775094,42.301120,6,"4;5;6;9;10;11"
Root_399,73.450144,16.776480,9,"0;1;2;3;5;6;9;10;11"
Root_400,253.159414,37.054240,8,"1;2;3;5;6;9;10;11"
Root_401,99.085494,22.106080,8,"0;2;3;5;6;9;10;11"
Root_402,296.485014,41.683840,7,"2;3;5;6;9;10;11"
Root_403,77.277344,17.702400,8,"0;1;3;5;6;9;10;11"
Root_404,259.244534,37.980160,7,"1;3;5;6;9;10;11"
Root_405,102.392854,23.032000,7,"0;3;5;6;9;10;11"
Root_406,302.570134,42.609760,6,"3;5;6;9;10;11"
Root_407,76.117984,18.690048,8,"0;1;2;5;6;9;10;11"
Root_408,267.308662,38.967808,7,"1;2;5;6;9;10;11"
Root_409,107.839606,24.019648,7,"0;2;5;6;9;10;11"
Root_410,310.634262,43.597408,6,"2;5;6;9;10;11"
Root_411,78.647584,19.615968,7,"0;1;5;6;9;10;11"
Root_412,273.393782,39.893728,6,"1;5;6;9;10;11"
Root_413,112.072886,24.945568,6,"0;5;6;9;10;11"
Root_414,316.719382,44.523328,5,"5;6;9;10;11"
Root_415,69.376096,16.097472,9,"0;1;2;3;4;6;9;10;11"
Root_416,246.390326,36.375232,8,"1;2;3;4;6;9;10;11"
Root_417,93.353430,21.427072,8,"0;2;3;4;6;9;10;11"
Root_418,289.715926,41.004832,7,"2;3;4;6;9;10;11"
Root_419,73.882304,17.023392,8,"0;1;3;4;6;9;10;11"
Root_420,252.475446,37.301152,7,"1;3;4;6;9;10;11"
Root_421,96.660790,22.352992,7,"0;3;4;6;9;10;11"
Root_422,295.801046,41.930752,6,"3;4;6;9;10;11"
Root_423,72.043936,18.011040,8,"0;1;2;4;6;9;10;11"
Root_424,260.539574,38.288800,7,"1;2;4;6;9;10;11"
Root_425,101.761974,23.340640,7,"0;2;4;6;9;10;11"
Root_426,303.865174,42.918400,6,"2;4;6;9;10;11"
Root_427,74.636576,18.936960,7,"0;1;4;6;9;10;11"
Root_428,266.624694,39.214720,6,"1;4;6;9;10;11"
Root_429,105.661814,24.266560,6,"0;4;6;9;10;11"
Root_430,309.950294,43.844320,5,"4;6;9;10;11"
Root_431,82.709344,18.319680,8,"0;1;2;3;6;9;10;11"
Root_432,265.334614,38.597440,7,"1;2;3;6;9;10;11"
Root_433,109.981814,23.649280,7,"0;2;3;6;9;10;11"
Root_434,308.660214,43.227040,6,"2;3;6;9;10;11"
Root_435,85.238944,19.245600,7,"0;1;3;6;9;10;11"
Root_436,271.419734,39.523360,6,"1;3;6;9;10;11"
Root_437,113.264374,24.575200,6,"0;3;6;9;10;11"
Root_438,314.745334,44.152960,5,"3;6;9;10;11"
Root_439,86.610432,20.233248,7,"0;1;2;6;9;10;11"
Root_440,279.483862,40.511008,6,"1;2;6;9;10;11"
Root_441,118.928406,25.562848,6,"0;2;6;9;10;11"
Root_442,322.809462,45.140608,5,"2;6;9;10;11"
Root_443,88.451030,21.159168,6,"0;1;6;9;10;11"
Root_444,285.568982,41.436928,5,"1;6;9;10;11"
Root_445,123.161686,26.488768,5,"0;6;9;10;11"
Root_446,328.894582,46.066528,4,"6;9;10;11"
Root_447,74.672358,16.980182,9,"0;1;2;3;4;5;9;10;11"
Root_448,256.100141,37.257942,8,"1;2;3;4;5;9;10;11"
Root_449,101.415114,22.309782,8,"0;2;3;4;5;9;10;11"
Root_450,299.425741,41.887542,7,"2;3;4;5;9;10;11"
Root_451,78.295856,17.906102,8,"0;1;3;4;5;9;10;11"
Root_452,262.185261,38.183862,7,"1;3;4;5;9;10;11"
Root_453,104.722474,23.235702,7,"0;3;4;5;9;10;11"
Root_454,305.510861,42.813462,6,"3;4;5;9;10;11"
Root_455,77.340198,18.893750,8,"0;1;2;4;5;9;10;11"
Root_456,270.249389,39.171510,7,"1;2;4;5;9;10;11"
Root_457,110.372928,24.223350,7,"0;2;4;5;9;10;11"
Root_458,313.574989,43.801110,6,"2;4;5;9;10;11"
Root_459,79.869798,19.819670,7,"0;1;4;5;9;10;11"
Root_460,276.334509,40.097430,6,"1;4;5;9;10;11"
Root_461,114.755478,25.149270,6,"0;4;5;9;10;11"
Root_462,319.660109,44.727030,5,"4;5;9;10;11"
Root_463,88.207997,19.202390,8,"0;1;2;3;5;9;10;11"
Root_464,275.044429,39.480150,7,"1;2;3;5;9;10;11"
Root_465,118.018698,24.531990,7,"0;2;3;5;9;10;11"
Root_466,318.370029,44.109750,6,"2;3;5;9;10;11"
Root_467,90.535206,20.128310,7,"0;1;3;5;9;10;11"
Root_468,281.129549,40.406070,6,"1;3;5;9;10;11"
Root_469,121.783968,25.457910,6,"0;3;5;9;10;11"
Root_470,324.455149,45.035670,5,"3;5;9;10;11"
Root_471,93.248563,21.115958,7,"0;1;2;5;9;10;11"
Root_472,289.193677,41.393718,6,"1;2;5;9;10;11"
Root_473,127.872800,26.445558,6,"0;2;5;9;10;11"
Root_474,332.519277,46.023318,5,"2;5;9;10;11"
Root_475,95.630003,22.041878,6,"0;1;5;9;10;11"
Root_476,295.278797,42.319638,5,"1;5;9;10;11"
Root_477,132.106080,27.371478,5,"0;5;9;10;11"
Root_478,338.604397,46.949238,4,"5;9;10;11"
Root_479,83.931558,18.523382,8,"0;1;2;3;4;9;10;11"
Root_480,268.275341,38.801142,7,"1;2;3;4;9;10;11"
Root_481,112.286634,23.852982,7,"0;2;3;4;9;10;11"
Root_482,311.600941,43.430742,6,"2;3;4;9;10;11"
Root_483,86.461158,19.449302,7,"0;1;3;4;9;10;11"
Root_484,274.360461,39.727062,6,"1;3;4;9;10;11"
Root_485,115.593994,24.778902,6,"0;3;4;9;10;11"
Root_486,317.686061,44.356662,5,"3;4;9;10;11"
Root_487,88.195507,20.436950,7,"0;1;2;4;9;10;11"
Root_488,282.424589,40.714710,6,"1;2;4;9;10;11"
Root_489,121.461728,25.766550,6,"0;2;4;9;10;11"
Root_490,325.750189,45.344310,5,"2;4;9;10;11"
Root_491,90.576947,21.362870,6,"0;1;4;9;10;11"
Root_492,288.509709,41.640630,5,"1;4;9;10;11"
Root_493,125.695008,26.692470,5,"0;4;9;10;11"
Root_494,331.835309,46.270230,4,"4;9;10;11"
Root_495,99.010397,20.745590,7,"0;1;2;3;9;10;11"
Root_496,287.219629,41.023350,6,"1;2;3;9;10;11"
Root_497,127.564298,26.075190,6,"0;2;3;9;10;11"
Root_498,330.545229,45.652950,5,"2;3;9;10;11"
Root_499,100.465917,21.671510,6,"0;1;3;9;10;11"
Root_500,293.304749,41.949270,5,"1;3;9;10;11"
Root_501,130.872768,27.001110,5,"0;3;9;10;11"
Root_502,336.630349,46.578870,4,"3;9;10;11"
Root_503,103.591805,22.659158,6,"0;1;2;9;10;11"
Root_504,301.368877,42.936918,5,"1;2;9;10;11"
Root_505,136.961600,27.988758,5,"0;2;9;10;11"
Root_506,344.694477,47.566518,4,"2;9;10;11"
Root_507,105.047325,23.585078,5,"0;1;9;10;11"
Root_508,307.453997,43.862838,4,"1;9;10;11"
Root_509,143.024237,28.914678,4,"0;9;10;11"
Root_510,350.779597,48.492438,3,"9;10;11"
Root_511,33.243072,9.492576,11,"0;1;2;3;4;5;6;7;8;10;11"
Root_512,182.636470,29.770336,10,"1;2;3;4;5;6;7;8;10;11"
Root_513,47.061472,14.822176,10,"0;2;3;4;5;6;7;8;10;11"
Root_514,225.962070,34.399936,9,"2;3;4;5;6;7;8;10;11"
Root_515,37.094848,10.418496,10,"0;1;3;4;5;6;7;8;10;11"
Root_516,188.721590,30.696256,9,"1;3;4;5;6;7;8;10;11"
Root_517,52.186016,15.748096,9,"0;3;4;5;6;7;8;10;11"
Root_518,232.047190,35.325856,8,"3;4;5;6;7;8;10;11"
Root_519,37.813376,11.406144,10,"0;1;2;4;5;6;7;8;10;11"
Root_520,196.785718,31.683904,9,"1;2;4;5;6;7;8;10;11"
Root_521,50.795744,16.735744,9,"0;2;4;5;6;7;8;10;11"
Root_522,240.111318,36.313504,8,"2;4;5;6;7;8;10;11"
Root_523,41.517056,12.332064,9,"0;1;4;5;6;7;8;10;11"
Root_524,202.870838,32.609824,8,"1;4;5;6;7;8;10;11"
Root_525,56.515520,17.661664,8,"0;4;5;6;7;8;10;11"
Root_526,246.196438,37.239424,7,"4;5;6;7;8;10;11"
Root_527,43.576288,11.714784,10,"0;1;2;3;5;6;7;8;10;11"
Root_528,201.580758,31.992544,9,"1;2;3;5;6;7;8;10;11"
Root_529,62.078432,17.044384,9,"0;2;3;5;6;7;8;10;11"
Root_530,244.906358,36.622144,8,"2;3;5;6;7;8;10;11"
Root_531,48.205888,12.640704,9,"0;1;3;5;6;7;8;10;11"
Root_532,207.665878,32.918464,8,"1;3;5;6;7;8;10;11"
Root_533,67.489568,17.970304,8,"0;3;5;6;7;8;10;11"
Root_534,250.991478,37.548064,7,"3;5;6;7;8;10;11"
Root_535,46.702208,13.628352,9,"0;1;2;5;6;7;8;10;11"
Root_536,215.730006,33.906112,8,"1;2;5;6;7;8;10;11"
Root_537,68.573408,18.957952,8,"0;2;5;6;7;8;10;11"
Root_538,259.055606,38.535712,7,"2;5;6;7;8;10;11"
Root_539,50.405888,14.554272,8,"0;1;5;6;7;8;10;11"
Root_540,221.815126,34.832032,7,"1;5;6;7;8;10;11"
Root_541,72.070976,19.883872,7,"0;5;6;7;8;10;11"
Root_542,265.140726,39.461632,6,"5;6;7;8;10;11"
Root_543,40.181248,11.035776,10,"0;1;2;3;4;6;7;8;10;11"
Root_544,194.811670,31.313536,9,"1;2;3;4;6;7;8;10;11"
Root_545,56.646368,16.365376,9,"0;2;3;4;6;7;8;10;11"
Root_546,238.137270,35.943136,8,"2;3;4;6;7;8;10;11"
Root_547,44.810848,11.961696,9,"0;1;3;4;6;7;8;10;11"
Root_548,200.896790,32.239456,8,"1;3;4;6;7;8;10;11"
Root_549,62.736512,17.291296,8,"0;3;4;6;7;8;10;11"
Root_550,244.222390,36.869056,7,"3;4;6;7;8;10;11"
Root_551,43.986176,12.949344,9,"0;1;2;4;6;7;8;10;11"
Root_552,208.960918,33.227104,8,"1;2;4;6;7;8;10;11"
Root_553,63.141344,18.278944,8,"0;2;4;6;7;8;10;11"
Root_554,252.286518,37.856704,7,"2;4;6;7;8;10;11"
Root_555,47.689856,13.875264,8,"0;1;4;6;7;8;10;11"
Root_556,215.046038,34.153024,7,"1;4;6;7;8;10;11"
Root_557,67.317920,19.204864,7,"0;4;6;7;8;10;11"
Root_558,258.371638,38.782624,6,"4;6;7;8;10;11"
Root_559,51.292288,13.257984,9,"0;1;2;3;6;7;8;10;11"
Root_560,213.755958,33.535744,8,"1;2;3;6;7;8;10;11"
Root_561,74.424032,18.587584,8,"0;2;3;6;7;8;10;11"
Root_562,257.081558,38.165344,7,"2;3;6;7;8;10;11"
Root_563,55.921888,14.183904,8,"0;1;3;6;7;8;10;11"
Root_564,219.841078,34.461664,7,"1;3;6;7;8;10;11"
Root_565,78.291968,19.513504,7,"0;3;6;7;8;10;11"
Root_566,263.166678,39.091264,6,"3;6;7;8;10;11"
Root_567,52.971232,15.171552,8,"0;1;2;6;7;8;10;11"
Root_568,227.905206,35.449312,7,"1;2;6;7;8;10;11"
Root_569,80.919008,20.501152,7,"0;2;6;7;8;10;11"
Root_570,271.230806,40.078912,6,"2;6;7;8;10;11"
Root_571,57.795776,16.097472,7,"0;1;6;7;8;10;11"
Root_572,233.990326,36.375232,6,"1;6;7;8;10;11"
Root_573,83.953430,21.427072,6,"0;6;7;8;10;11"
Root_574,277.315926,41.004832,5,"6;7;8;10;11"
Root_575,44.594800,11.918486,10,"0;1;2;3;4;5;7;8;10;11"
Root_576,204.521485,32.196246,9,"1;2;3;4;5;7;8;10;11"
Root_577,63.708051,17.248086,9,"0;2;3;4;5;7;8;10;11"
Root_578,247.847085,36.825846,8,"2;3;4;5;7;8;10;11"
Root_579,49.224400,12.844406,9,"0;1;3;4;5;7;8;10;11"
Root_580,210.606605,33.122166,8,"1;3;4;5;7;8;10;11"
Root_581,68.915485,18.174006,8,"0;3;4;5;7;8;10;11"
Root_582,253.932205,37.751766,7,"3;4;5;7;8;10;11"
Root_583,47.517018,13.832054,9,"0;1;2;4;5;7;8;10;11"
Root_584,218.670733,34.109814,8,"1;2;4;5;7;8;10;11"
Root_585,70.203027,19.161654,8,"0;2;4;5;7;8;10;11"
Root_586,261.996333,38.739414,7,"2;4;5;7;8;10;11"
Root_587,51.220698,14.757974,8,"0;1;4;5;7;8;10;11"
Root_588,224.755853,35.035734,7,"1;4;5;7;8;10;11"
Root_589,73.496893,20.087574,7,"0;4;5;7;8;10;11"
Root_590,268.081453,39.665334,6,"4;5;7;8;10;11"
Root_591,55.705840,14.140694,9,"0;1;2;3;5;7;8;10;11"
Root_592,223.465773,34.418454,8,"1;2;3;5;7;8;10;11"
Root_593,81.485715,19.470294,8,"0;2;3;5;7;8;10;11"
Root_594,266.791373,39.048054,7,"2;3;5;7;8;10;11"
Root_595,60.335440,15.066614,8,"0;1;3;5;7;8;10;11"
Root_596,229.550893,35.344374,7,"1;3;5;7;8;10;11"
Root_597,84.470941,20.396214,7,"0;3;5;7;8;10;11"
Root_598,272.876493,39.973974,6,"3;5;7;8;10;11"
Root_599,57.573491,16.054262,8,"0;1;2;5;7;8;10;11"
Root_600,237.615021,36.332022,7,"1;2;5;7;8;10;11"
Root_601,88.707754,21.383862,7,"0;2;5;7;8;10;11"
Root_602,280.940621,40.961622,6,"2;5;7;8;10;11"
Root_603,63.974749,16.980182,7,"0;1;5;7;8;10;11"
Root_604,243.700141,37.257942,6,"1;5;7;8;10;11"
Root_605,92.015114,22.309782,6,"0;5;7;8;10;11"
Root_606,287.025741,41.887542,5,"5;7;8;10;11"
Root_607,52.310800,13.461686,9,"0;1;2;3;4;7;8;10;11"
Root_608,216.696685,33.739446,8,"1;2;3;4;7;8;10;11"
Root_609,76.053651,18.791286,8,"0;2;3;4;7;8;10;11"
Root_610,260.022285,38.369046,7,"2;3;4;7;8;10;11"
Root_611,56.940400,14.387606,8,"0;1;3;4;7;8;10;11"
Root_612,222.781805,34.665366,7,"1;3;4;7;8;10;11"
Root_613,79.717885,19.717206,7,"0;3;4;7;8;10;11"
Root_614,266.107405,39.294966,6,"3;4;7;8;10;11"
Root_615,53.989744,15.375254,8,"0;1;2;4;7;8;10;11"
Root_616,230.845933,35.653014,7,"1;2;4;7;8;10;11"
Root_617,82.975690,20.704854,7,"0;2;4;7;8;10;11"
Root_618,274.171533,40.282614,6,"2;4;7;8;10;11"
Root_619,59.221693,16.301174,7,"0;1;4;7;8;10;11"
Root_620,236.931053,36.578934,6,"1;4;7;8;10;11"
Root_621,86.283050,21.630774,6,"0;4;7;8;10;11"
Root_622,280.256653,41.208534,5,"4;7;8;10;11"
Root_623,64.030406,15.683894,8,"0;1;2;3;7;8;10;11"
Root_624,235.640973,35.961654,7,"1;2;3;7;8;10;11"
Root_625,93.831315,21.013494,7,"0;2;3;7;8;10;11"
Root_626,278.966573,40.591254,6,"2;3;7;8;10;11"
Root_627,70.195741,16.609814,7,"0;1;3;7;8;10;11"
Root_628,241.726093,36.887574,6,"1;3;7;8;10;11"
Root_629,96.212755,21.939414,6,"0;3;7;8;10;11"
Root_630,285.051693,41.517174,5,"3;7;8;10;11"
Root_631,69.919091,17.597462,7,"0;1;2;7;8;10;11"
Root_632,249.790221,37.875222,6,"1;2;7;8;10;11"
Root_633,100.326291,22.927062,6,"0;2;7;8;10;11"
Root_634,293.115821,42.504822,5,"2;7;8;10;11"
Root_635,74.777149,18.523382,6,"0;1;7;8;10;11"
Root_636,255.875341,38.801142,5,"1;7;8;10;11"
Root_637,102.886634,23.852982,5,"0;7;8;10;11"
Root_638,299.200941,43.430742,4,"7;8;10;11"
Root_639,47.588608,12.517248,10,"0;1;2;3;4;5;6;8;10;11"
Root_640,209.007862,32.795008,9,"1;2;3;4;5;6;8;10;11"
Root_641,65.726624,17.846848,9,"0;2;3;4;5;6;8;10;11"
Root_642,252.333462,37.424608,8,"2;3;4;5;6;8;10;11"
Root_643,52.218208,13.443168,9,"0;1;3;4;5;6;8;10;11"
Root_644,215.092982,33.720928,8,"1;3;4;5;6;8;10;11"
Root_645,69.409376,18.772768,8,"0;3;4;5;6;8;10;11"
Root_646,258.418582,38.350528,7,"3;4;5;6;8;10;11"
Root_647,49.912064,14.430816,9,"0;1;2;4;5;6;8;10;11"
Root_648,223.157110,34.708576,8,"1;2;4;5;6;8;10;11"
Root_649,70.308032,19.760416,8,"0;2;4;5;6;8;10;11"
Root_650,266.482710,39.338176,7,"2;4;5;6;8;10;11"
Root_651,53.615744,15.356736,8,"0;1;4;5;6;8;10;11"
Root_652,229.242230,35.634496,7,"1;4;5;6;8;10;11"
Root_653,72.515296,20.686336,7,"0;4;5;6;8;10;11"
Root_654,272.567830,40.264096,6,"4;5;6;8;10;11"
Root_655,58.699648,14.739456,9,"0;1;2;3;5;6;8;10;11"
Root_656,227.952150,35.017216,8,"1;2;3;5;6;8;10;11"
Root_657,81.282080,20.069056,8,"0;2;3;5;6;8;10;11"
Root_658,271.277750,39.646816,7,"2;3;5;6;8;10;11"
Root_659,63.329248,15.665376,8,"0;1;3;5;6;8;10;11"
Root_660,234.037270,35.943136,7,"1;3;5;6;8;10;11"
Root_661,83.301686,20.994976,7,"0;3;5;6;8;10;11"
Root_662,277.362870,40.572736,6,"3;5;6;8;10;11"
Root_663,60.785888,16.653024,8,"0;1;2;5;6;8;10;11"
Root_664,242.101398,36.930784,7,"1;2;5;6;8;10;11"
Root_665,88.397846,21.982624,7,"0;2;5;6;8;10;11"
Root_666,285.426998,41.560384,6,"2;5;6;8;10;11"
Root_667,65.662464,17.578944,7,"0;1;5;6;8;10;11"
Root_668,248.186518,37.856704,6,"1;5;6;8;10;11"
Root_669,91.705206,22.908544,6,"0;5;6;8;10;11"
Root_670,291.512118,42.486304,5,"5;6;8;10;11"
Root_671,55.304608,14.060448,9,"0;1;2;3;4;6;8;10;11"
Root_672,221.183062,34.338208,8,"1;2;3;4;6;8;10;11"
Root_673,76.529024,19.390048,8,"0;2;3;4;6;8;10;11"
Root_674,264.508662,38.967808,7,"2;3;4;6;8;10;11"
Root_675,59.934208,14.986368,8,"0;1;3;4;6;8;10;11"
Root_676,227.268182,35.264128,7,"1;3;4;6;8;10;11"
Root_677,78.706752,20.315968,7,"0;3;4;6;8;10;11"
Root_678,270.593782,39.893728,6,"3;4;6;8;10;11"
Root_679,56.084864,15.974016,8,"0;1;2;4;6;8;10;11"
Root_680,235.332310,36.251776,7,"1;2;4;6;8;10;11"
Root_681,82.665782,21.303616,7,"0;2;4;6;8;10;11"
Root_682,278.657910,40.881376,6,"2;4;6;8;10;11"
Root_683,61.588416,16.899936,7,"0;1;4;6;8;10;11"
Root_684,241.417430,37.177696,6,"1;4;6;8;10;11"
Root_685,85.973142,22.229536,6,"0;4;6;8;10;11"
Root_686,284.743030,41.807296,5,"4;6;8;10;11"
Root_687,67.006880,16.282656,8,"0;1;2;3;6;8;10;11"
Root_688,240.127350,36.560416,7,"1;2;3;6;8;10;11"
Root_689,92.922646,21.612256,7,"0;2;3;6;8;10;11"
Root_690,283.452950,41.190016,6,"2;3;6;8;10;11"
Root_691,72.253824,17.208576,7,"0;1;3;6;8;10;11"
Root_692,246.212470,37.486336,6,"1;3;6;8;10;11"
Root_693,95.304086,22.538176,6,"0;3;6;8;10;11"
Root_694,289.538070,42.115936,5,"3;6;8;10;11"
Root_695,71.588288,18.196224,7,"0;1;2;6;8;10;11"
Root_696,254.276598,38.473984,6,"1;2;6;8;10;11"
Root_697,99.417622,23.525824,6,"0;2;6;8;10;11"
Root_698,297.602198,43.103584,5,"2;6;8;10;11"
Root_699,74.921664,19.122144,6,"0;1;6;8;10;11"
Root_700,260.361718,39.399904,5,"1;6;8;10;11"
Root_701,102.576726,24.451744,5,"0;6;8;10;11"
Root_702,303.687318,44.029504,4,"6;8;10;11"
Root_703,59.718160,14.943158,9,"0;1;2;3;4;5;8;10;11"
Root_704,230.892877,35.220918,8,"1;2;3;4;5;8;10;11"
Root_705,82.707997,20.272758,8,"0;2;3;4;5;8;10;11"
Root_706,274.218477,39.850518,7,"2;3;4;5;8;10;11"
Root_707,64.347760,15.869078,8,"0;1;3;4;5;8;10;11"
Root_708,236.977997,36.146838,7,"1;3;4;5;8;10;11"
Root_709,85.626282,21.198678,7,"0;3;4;5;8;10;11"
Root_710,280.303597,40.776438,6,"3;4;5;8;10;11"
Root_711,62.211805,16.856726,8,"0;1;2;4;5;8;10;11"
Root_712,245.042125,37.134486,7,"1;2;4;5;8;10;11"
Root_713,90.727466,22.186326,7,"0;2;4;5;8;10;11"
Root_714,288.367725,41.764086,6,"2;4;5;8;10;11"
Root_715,66.884678,17.782646,7,"0;1;4;5;8;10;11"
Root_716,251.127245,38.060406,6,"1;4;5;8;10;11"
Root_717,94.034826,23.112246,6,"0;4;5;8;10;11"
Root_718,294.452845,42.690006,5,"4;5;8;10;11"
Root_719,73.185853,17.165366,8,"0;1;2;3;5;8;10;11"
Root_720,249.837165,37.443126,7,"1;2;3;5;8;10;11"
Root_721,100.101619,22.494966,7,"0;2;3;5;8;10;11"
Root_722,293.162765,42.072726,6,"2;3;5;8;10;11"
Root_723,77.550086,18.091286,7,"0;1;3;5;8;10;11"
Root_724,255.922285,38.369046,6,"1;3;5;8;10;11"
Root_725,102.483059,23.420886,6,"0;3;5;8;10;11"
Root_726,299.247885,42.998646,5,"3;5;8;10;11"
Root_727,77.767261,19.078934,7,"0;1;2;5;8;10;11"
Root_728,263.986413,39.356694,6,"1;2;5;8;10;11"
Root_729,107.331050,24.408534,6,"0;2;5;8;10;11"
Root_730,307.312013,43.986294,5,"2;5;8;10;11"
Root_731,80.217926,20.004854,6,"0;1;5;8;10;11"
Root_732,270.071533,40.282614,5,"1;5;8;10;11"
Root_733,110.972864,25.334454,5,"0;5;8;10;11"
Root_734,313.397133,44.912214,4,"5;8;10;11"
Root_735,68.432797,16.486358,8,"0;1;2;3;4;8;10;11"
Root_736,243.068077,36.764118,7,"1;2;3;4;8;10;11"
Root_737,95.048563,21.815958,7,"0;2;3;4;8;10;11"
Root_738,286.393677,41.393718,6,"2;3;4;8;10;11"
Root_739,73.476038,17.412278,7,"0;1;3;4;8;10;11"
Root_740,249.153197,37.690038,6,"1;3;4;8;10;11"
Root_741,97.430003,22.741878,6,"0;3;4;8;10;11"
Root_742,292.478797,42.319638,5,"3;4;8;10;11"
Root_743,73.014205,18.399926,7,"0;1;2;4;8;10;11"
Root_744,257.217325,38.677686,6,"1;2;4;8;10;11"
Root_745,101.598986,23.729526,6,"0;2;4;8;10;11"
Root_746,300.542925,43.307286,5,"2;4;8;10;11"
Root_747,76.143878,19.325846,6,"0;1;4;8;10;11"
Root_748,263.302445,39.603606,5,"1;4;8;10;11"
Root_749,104.906346,24.655446,5,"0;4;8;10;11"
Root_750,306.628045,44.233206,4,"4;8;10;11"
Root_751,83.988253,18.708566,7,"0;1;2;3;8;10;11"
Root_752,262.012365,38.986326,6,"1;2;3;8;10;11"
Root_753,109.429939,24.038166,6,"0;2;3;8;10;11"
Root_754,305.337965,43.615926,5,"2;3;8;10;11"
Root_755,86.809286,19.634486,6,"0;1;3;8;10;11"
Root_756,268.097485,39.912246,5,"1;3;8;10;11"
Root_757,111.811379,24.964086,5,"0;3;8;10;11"
Root_758,311.423085,44.541846,4,"3;8;10;11"
Root_759,88.569661,20.622134,6,"0;1;2;8;10;11"
Root_760,276.161613,40.899894,5,"1;2;8;10;11"
Root_761,116.876650,25.951734,5,"0;2;8;10;11"
Root_762,319.487213,45.529494,4,"2;8;10;11"
Root_763,90.025181,21.548054,5,"0;1;8;10;11"
Root_764,282.246733,41.825814,4,"1;8;10;11"
Root_765,120.184010,26.877654,4,"0;8;10;11"
Root_766,325.572333,46.455414,3,"8;10;11"
Root_767,51.761472,14.122176,10,"0;1;2;3;4;5;6;7;10;11"
Root_768,229.462070,34.399936,9,"1;2;3;4;5;6;7;10;11"
Root_769,72.607968,19.451776,9,"0;2;3;4;5;6;7;10;11"
Root_770,272.787670,39.029536,8,"2;3;4;5;6;7;10;11"
Root_771,55.465152,15.048096,9,"0;1;3;4;5;6;7;10;11"
Root_772,235.547190,35.325856,8,"1;3;4;5;6;7;10;11"
Root_773,75.711616,20.377696,8,"0;3;4;5;6;7;10;11"
Root_774,278.872790,39.955456,7,"3;4;5;6;7;10;11"
Root_775,51.660000,16.035744,9,"0;1;2;4;5;6;7;10;11"
Root_776,243.611318,36.313504,8,"1;2;4;5;6;7;10;11"
Root_777,81.490294,21.365344,8,"0;2;4;5;6;7;10;11"
Root_778,286.936918,40.943104,7,"2;4;5;6;7;10;11"
Root_779,57.153856,16.961664,8,"0;1;4;5;6;7;10;11"
Root_780,249.696438,37.239424,7,"1;4;5;6;7;10;11"
Root_781,86.649494,22.291264,7,"0;4;5;6;7;10;11"
Root_782,293.022038,41.869024,6,"4;5;6;7;10;11"
Root_783,62.634048,16.344384,9,"0;1;2;3;5;6;7;10;11"
Root_784,248.406358,36.622144,8,"1;2;3;5;6;7;10;11"
Root_785,92.302710,21.673984,8,"0;2;3;5;6;7;10;11"
Root_786,291.731958,41.251744,7,"2;3;5;6;7;10;11"
Root_787,67.819264,17.270304,8,"0;1;3;5;6;7;10;11"
Root_788,254.491478,37.548064,7,"1;3;5;6;7;10;11"
Root_789,96.535990,22.599904,7,"0;3;5;6;7;10;11"
Root_790,297.817078,42.177664,6,"3;5;6;7;10;11"
Root_791,67.215456,18.257952,8,"0;1;2;5;6;7;10;11"
Root_792,262.555606,38.535712,7,"1;2;5;6;7;10;11"
Root_793,102.624822,23.587552,7,"0;2;5;6;7;10;11"
Root_794,305.881206,43.165312,6,"2;5;6;7;10;11"
Root_795,70.670976,19.183872,7,"0;1;5;6;7;10;11"
Root_796,268.640726,39.461632,6,"1;5;6;7;10;11"
Root_797,107.697494,24.513472,6,"0;5;6;7;10;11"
Root_798,311.966326,44.091232,5,"5;6;7;10;11"
Root_799,58.524320,15.665376,9,"0;1;2;3;4;6;7;10;11"
Root_800,241.637270,35.943136,8,"1;2;3;4;6;7;10;11"
Root_801,85.891638,20.994976,8,"0;2;3;4;6;7;10;11"
Root_802,284.962870,40.572736,7,"2;3;4;6;7;10;11"
Root_803,63.745216,16.591296,8,"0;1;3;4;6;7;10;11"
Root_804,247.722390,36.869056,7,"1;3;4;6;7;10;11"
Root_805,90.124918,21.920896,7,"0;3;4;6;7;10;11"
Root_806,291.047990,41.498656,6,"3;4;6;7;10;11"
Root_807,62.462400,17.578944,8,"0;1;2;4;6;7;10;11"
Root_808,255.786518,37.856704,7,"1;2;4;6;7;10;11"
Root_809,96.213750,22.908544,7,"0;2;4;6;7;10;11"
Root_810,299.112118,42.486304,6,"2;4;6;7;10;11"
Root_811,66.413056,18.504864,7,"0;1;4;6;7;10;11"
Root_812,261.871638,38.782624,6,"1;4;6;7;10;11"
Root_813,100.607414,23.834464,6,"0;4;6;7;10;11"
Root_814,305.197238,43.412224,5,"4;6;7;10;11"
Root_815,73.436448,17.887584,8,"0;1;2;3;6;7;10;11"
Root_816,260.581558,38.165344,7,"1;2;3;6;7;10;11"
Root_817,105.174326,23.217184,7,"0;2;3;6;7;10;11"
Root_818,303.907158,42.794944,6,"2;3;6;7;10;11"
Root_819,77.078464,18.813504,7,"0;1;3;6;7;10;11"
Root_820,266.666678,39.091264,6,"1;3;6;7;10;11"
Root_821,108.950710,24.143104,6,"0;3;6;7;10;11"
Root_822,309.992278,43.720864,5,"3;6;7;10;11"
Root_823,78.819008,19.801152,7,"0;1;2;6;7;10;11"
Root_824,274.730806,40.078912,6,"1;2;6;7;10;11"
Root_825,115.039542,25.130752,6,"0;2;6;7;10;11"
Root_826,318.056406,44.708512,5,"2;6;7;10;11"
Root_827,81.473376,20.727072,6,"0;1;6;7;10;11"
Root_828,280.815926,41.004832,5,"1;6;7;10;11"
Root_829,119.272822,26.056672,5,"0;6;7;10;11"
Root_830,324.141526,45.634432,4,"6;7;10;11"
Root_831,64.059965,16.548086,9,"0;1;2;3;4;5;7;10;11"
Root_832,251.347085,36.825846,8,"1;2;3;4;5;7;10;11"
Root_833,94.836032,21.877686,8,"0;2;3;4;5;7;10;11"
Root_834,294.672685,41.455446,7,"2;3;4;5;7;10;11"
Root_835,69.041478,17.474006,8,"0;1;3;4;5;7;10;11"
Root_836,257.432205,37.751766,7,"1;3;4;5;7;10;11"
Root_837,99.069312,22.803606,7,"0;3;4;5;7;10;11"
Root_838,300.757805,42.381366,6,"3;4;5;7;10;11"
Root_839,68.641373,18.461654,8,"0;1;2;4;5;7;10;11"
Root_840,265.496333,38.739414,7,"1;2;4;5;7;10;11"
Root_841,105.275318,23.791254,7,"0;2;4;5;7;10;11"
Root_842,308.821933,43.369014,6,"2;4;5;7;10;11"
Root_843,72.096893,19.387574,7,"0;1;4;5;7;10;11"
Root_844,271.581453,39.665334,6,"1;4;5;7;10;11"
Root_845,110.434518,24.717174,6,"0;4;5;7;10;11"
Root_846,314.907053,44.294934,5,"4;5;7;10;11"
Root_847,79.615421,18.770294,8,"0;1;2;3;5;7;10;11"
Root_848,270.291373,39.048054,7,"1;2;3;5;7;10;11"
Root_849,113.661824,24.099894,7,"0;2;3;5;7;10;11"
Root_850,313.616973,43.677654,6,"2;3;5;7;10;11"
Root_851,83.070941,19.696214,7,"0;1;3;5;7;10;11"
Root_852,276.376493,39.973974,6,"1;3;5;7;10;11"
Root_853,117.895104,25.025814,6,"0;3;5;7;10;11"
Root_854,319.702093,44.603574,5,"3;5;7;10;11"
Root_855,85.907754,20.683862,7,"0;1;2;5;7;10;11"
Root_856,284.440621,40.961622,6,"1;2;5;7;10;11"
Root_857,123.983936,26.013462,6,"0;2;5;7;10;11"
Root_858,327.766221,45.591222,5,"2;5;7;10;11"
Root_859,89.215114,21.609782,6,"0;1;5;7;10;11"
Root_860,290.525741,41.887542,5,"1;5;7;10;11"
Root_861,128.217216,26.939382,5,"0;5;7;10;11"
Root_862,333.851341,46.517142,4,"5;7;10;11"
Root_863,74.862365,18.091286,8,"0;1;2;3;4;7;10;11"
Root_864,263.522285,38.369046,7,"1;2;3;4;7;10;11"
Root_865,107.503946,23.420886,7,"0;2;3;4;7;10;11"
Root_866,306.847885,42.998646,6,"2;3;4;7;10;11"
Root_867,78.317885,19.017206,7,"0;1;3;4;7;10;11"
Root_868,269.607405,39.294966,6,"1;3;4;7;10;11"
Root_869,111.484032,24.346806,6,"0;3;4;7;10;11"
Root_870,312.933005,43.924566,5,"3;4;7;10;11"
Root_871,80.448627,20.004854,7,"0;1;2;4;7;10;11"
Root_872,277.671533,40.282614,6,"1;2;4;7;10;11"
Root_873,117.572864,25.334454,6,"0;2;4;7;10;11"
Root_874,320.997133,44.912214,5,"2;4;7;10;11"
Root_875,83.552275,20.930774,6,"0;1;4;7;10;11"
Root_876,283.756653,41.208534,5,"1;4;7;10;11"
Root_877,121.806144,26.260374,5,"0;4;7;10;11"
Root_878,327.082253,45.838134,4,"4;7;10;11"
Root_879,91.731315,20.313494,7,"0;1;2;3;7;10;11"
Root_880,282.466573,40.591254,6,"1;2;3;7;10;11"
Root_881,124.107530,25.643094,6,"0;2;3;7;10;11"
Root_882,325.792173,45.220854,5,"2;3;7;10;11"
Root_883,94.112755,21.239414,6,"0;1;3;7;10;11"
Root_884,288.551693,41.517174,5,"1;3;7;10;11"
Root_885,127.414890,26.569014,5,"0;3;7;10;11"
Root_886,331.877293,46.146774,4,"3;7;10;11"
Root_887,98.226291,22.227062,6,"0;1;2;7;10;11"
Root_888,296.615821,42.504822,5,"1;2;7;10;11"
Root_889,133.072736,27.556662,5,"0;2;7;10;11"
Root_890,339.941421,47.134422,4,"2;7;10;11"
Root_891,100.607731,23.152982,5,"0;1;7;10;11"
Root_892,302.700941,43.430742,4,"1;7;10;11"
Root_893,138.271181,28.482582,4,"0;7;10;11"
Root_894,346.026541,48.060342,3,"7;10;11"
Root_895,66.179776,17.146848,9,"0;1;2;3;4;5;6;10;11"
Root_896,255.833462,37.424608,8,"1;2;3;4;5;6;10;11"
Root_897,95.124886,22.476448,8,"0;2;3;4;5;6;10;11"
Root_898,299.159062,42.054208,7,"2;3;4;5;6;10;11"
Root_899,69.636608,18.072768,8,"0;1;3;4;5;6;10;11"
Root_900,261.918582,38.350528,7,"1;3;4;5;6;10;11"
Root_901,99.358166,23.402368,7,"0;3;4;5;6;10;11"
Root_902,305.244182,42.980128,6,"3;4;5;6;10;11"
Root_903,68.908032,19.060416,8,"0;1;2;4;5;6;10;11"
Root_904,269.982710,39.338176,7,"1;2;4;5;6;10;11"
Root_905,106.162934,24.390016,7,"0;2;4;5;6;10;11"
Root_906,313.308310,43.967776,6,"2;4;5;6;10;11"
Root_907,71.377216,19.986336,7,"0;1;4;5;6;10;11"
Root_908,276.067830,40.264096,6,"1;4;5;6;10;11"
Root_909,111.638070,25.315936,6,"0;4;5;6;10;11"
Root_910,319.393430,44.893696,5,"4;5;6;10;11"
Root_911,79.882080,19.369056,8,"0;1;2;3;5;6;10;11"
Root_912,274.777750,39.646816,7,"1;2;3;5;6;10;11"
Root_913,113.950678,24.698656,7,"0;2;3;5;6;10;11"
Root_914,318.103350,44.276416,6,"2;3;5;6;10;11"
Root_915,82.042624,20.294976,7,"0;1;3;5;6;10;11"
Root_916,280.862870,40.572736,6,"1;3;5;6;10;11"
Root_917,118.808534,25.624576,6,"0;3;5;6;10;11"
Root_918,324.188470,45.202336,5,"3;5;6;10;11"
Root_919,85.597846,21.282624,7,"0;1;2;5;6;10;11"
Root_920,288.926998,41.560384,6,"1;2;5;6;10;11"
Root_921,125.885014,26.612224,6,"0;2;5;6;10;11"
Root_922,332.252598,46.189984,5,"2;5;6;10;11"
Root_923,88.905206,22.208544,6,"0;1;5;6;10;11"
Root_924,295.012118,42.486304,5,"1;5;6;10;11"
Root_925,131.044214,27.538144,5,"0;5;6;10;11"
Root_926,338.337718,47.115904,4,"5;6;10;11"
Root_927,75.438976,18.690048,8,"0;1;2;3;4;6;10;11"
Root_928,268.008662,38.967808,7,"1;2;3;4;6;10;11"
Root_929,107.539606,24.019648,7,"0;2;3;4;6;10;11"
Root_930,311.334262,43.597408,6,"2;3;4;6;10;11"
Root_931,77.968576,19.615968,7,"0;1;3;4;6;10;11"
Root_932,274.093782,39.893728,6,"1;3;4;6;10;11"
Root_933,111.772886,24.945568,6,"0;3;4;6;10;11"
Root_934,317.419382,44.523328,5,"3;4;6;10;11"
Root_935,80.036256,20.603616,7,"0;1;2;4;6;10;11"
Root_936,282.157910,40.881376,6,"1;2;4;6;10;11"
Root_937,118.794934,25.933216,6,"0;2;4;6;10;11"
Root_938,325.483510,45.510976,5,"2;4;6;10;11"
Root_939,83.173142,21.529536,6,"0;1;4;6;10;11"
Root_940,288.243030,41.807296,5,"1;4;6;10;11"
Root_941,123.954134,26.859136,5,"0;4;6;10;11"
Root_942,331.568630,46.436896,4,"4;6;10;11"
Root_943,90.822646,20.912256,7,"0;1;2;3;6;10;11"
Root_944,286.952950,41.190016,6,"1;2;3;6;10;11"
Root_945,125.039478,26.241856,6,"0;2;3;6;10;11"
Root_946,330.278550,45.819616,5,"2;3;6;10;11"
Root_947,93.204086,21.838176,6,"0;1;3;6;10;11"
Root_948,293.038070,42.115936,5,"1;3;6;10;11"
Root_949,129.440534,27.167776,5,"0;3;6;10;11"
Root_950,336.363670,46.745536,4,"3;6;10;11"
Root_951,97.317622,22.825824,6,"0;1;2;6;10;11"
Root_952,301.102198,43.103584,5,"1;2;6;10;11"
Root_953,136.672438,28.155424,5,"0;2;6;10;11"
Root_954,344.427798,47.733184,4,"2;6;10;11"
Root_955,99.776726,23.751744,5,"0;1;6;10;11"
Root_956,307.187318,44.029504,4,"1;6;10;11"
Root_957,142.757558,29.081344,4,"0;6;10;11"
Root_958,350.512918,48.659104,3,"6;10;11"
Root_959,81.307997,19.572758,8,"0;1;2;3;4;5;10;11"
Root_960,277.718477,39.850518,7,"1;2;3;4;5;10;11"
Root_961,116.484000,24.902358,7,"0;2;3;4;5;10;11"
Root_962,321.044077,44.480118,6,"2;3;4;5;10;11"
Root_963,83.485725,20.498678,7,"0;1;3;4;5;10;11"
Root_964,283.803597,40.776438,6,"1;3;4;5;10;11"
Root_965,121.545558,25.828278,6,"0;3;4;5;10;11"
Root_966,327.129197,45.406038,5,"3;4;5;10;11"
Root_967,87.927466,21.486326,7,"0;1;2;4;5;10;11"
Root_968,291.867725,41.764086,6,"1;2;4;5;10;11"
Root_969,128.622038,26.815926,6,"0;2;4;5;10;11"
Root_970,335.193325,46.393686,5,"2;4;5;10;11"
Root_971,91.234826,22.412246,6,"0;1;4;5;10;11"
Root_972,297.952845,42.690006,5,"1;4;5;10;11"
Root_973,133.781238,27.741846,5,"0;4;5;10;11"
Root_974,341.278445,47.319606,4,"4;5;10;11"
Root_975,98.001619,21.794966,7,"0;1;2;3;5;10;11"
Root_976,296.662765,42.072726,6,"1;2;3;5;10;11"
Root_977,133.983872,27.124566,6,"0;2;3;5;10;11"
Root_978,339.988365,46.702326,5,"2;3;5;10;11"
Root_979,100.383059,22.720886,6,"0;1;3;5;10;11"
Root_980,302.747885,42.998646,5,"1;3;5;10;11"
Root_981,138.318125,28.050486,5,"0;3;5;10;11"
Root_982,346.073485,47.628246,4,"3;5;10;11"
Root_983,104.531050,23.708534,6,"0;1;2;5;10;11"
Root_984,310.812013,43.986294,5,"1;2;5;10;11"
Root_985,146.382253,29.038134,5,"0;2;5;10;11"
Root_986,354.137613,48.615894,4,"2;5;10;11"
Root_987,107.838410,24.634454,5,"0;1;5;10;11"
Root_988,316.897133,44.912214,4,"1;5;10;11"
Root_989,152.467373,29.964054,4,"0;5;10;11"
Root_990,360.222733,49.541814,3,"5;10;11"
Root_991,92.948563,21.115958,7,"0;1;2;3;4;10;11"
Root_992,289.893677,41.393718,6,"1;2;3;4;10;11"
Root_993,127.572800,26.445558,6,"0;2;3;4;10;11"
Root_994,333.219277,46.023318,5,"2;3;4;10;11"
Root_995,95.330003,22.041878,6,"0;1;3;4;10;11"
Root_996,295.978797,42.319638,5,"1;3;4;10;11"
Root_997,132.177558,27.371478,5,"0;3;4;10;11"
Root_998,339.304397,46.949238,4,"3;4;10;11"
Root_999,99.443539,23.029526,6,"0;1;2;4;10;11"
Root_1000,304.042925,43.307286,5,"1;2;4;10;11"
Root_1001,139.613165,28.359126,5,"0;2;4;10;11"
Root_1002,347.368525,47.936886,4,"2;4;10;11"
Root_1003,102.106346,23.955446,5,"0;1;4;10;11"
Root_1004,310.128045,44.233206,4,"1;4;10;11"
Root_1005,145.698285,29.285046,4,"0;4;10;11"
Root_1006,353.453645,48.862806,3,"4;10;11"
Root_1007,107.665853,23.338166,6,"0;1;2;3;10;11"
Root_1008,308.837965,43.615926,5,"1;2;3;10;11"
Root_1009,144.408205,28.667766,5,"0;2;3;10;11"
Root_1010,352.163565,48.245526,4,"2;3;10;11"
Root_1011,109.711379,24.264086,5,"0;1;3;10;11"
Root_1012,314.923085,44.541846,4,"1;3;10;11"
Root_1013,150.493325,29.593686,4,"0;3;10;11"
Root_1014,358.248685,49.171446,3,"3;10;11"
Root_1015,114.076650,25.251734,5,"0;1;2;10;11"
Root_1016,322.987213,45.529494,4,"1;2;10;11"
Root_1017,158.557453,30.581334,4,"0;2;10;11"
Root_1018,366.312813,50.159094,3,"2;10;11"
Root_1019,117.384010,26.177654,4,"0;1;10;11"
Root_1020,329.072333,46.455414,3,"1;10;11"
Root_1021,164.642573,31.507254,3,"0;10;11"
Root_1022,372.397933,51.085014,2,"10;11"
Root_1023,16.059200,4.325920,11,"0;1;2;3;4;5;6;7;8;9;11"
Root_1024,167.803254,28.103680,10,"1;2;3;4;5;6;7;8;9;11"
Root_1025,47.042944,13.155520,10,"0;2;3;4;5;6;7;8;9;11"
Root_1026,211.128854,32.733280,9,"2;3;4;5;6;7;8;9;11"
Root_1027,20.314720,5.951840,10,"0;1;3;4;5;6;7;8;9;11"
Root_1028,173.888374,29.029600,9,"1;3;4;5;6;7;8;9;11"
Root_1029,51.672544,14.081440,9,"0;3;4;5;6;7;8;9;11"
Root_1030,217.213974,33.659200,8,"3;4;5;6;7;8;9;11"
Root_1031,34.909728,9.739488,10,"0;1;2;4;5;6;7;8;9;11"
Root_1032,181.952502,30.017248,9,"1;2;4;5;6;7;8;9;11"
Root_1033,48.797216,15.069088,9,"0;2;4;5;6;7;8;9;11"
Root_1034,225.278102,34.646848,8,"2;4;5;6;7;8;9;11"
Root_1035,39.008416,10.665408,9,"0;1;4;5;6;7;8;9;11"
Root_1036,188.037622,30.943168,8,"1;4;5;6;7;8;9;11"
Root_1037,54.346496,15.995008,8,"0;4;5;6;7;8;9;11"
Root_1038,231.363222,35.572768,7,"4;5;6;7;8;9;11"
Root_1039,32.005984,8.648128,10,"0;1;2;3;5;6;7;8;9;11"
Root_1040,186.747542,30.325888,9,"1;2;3;5;6;7;8;9;11"
Root_1041,58.834112,15.377728,9,"0;2;3;5;6;7;8;9;11"
Root_1042,230.073142,34.955488,8,"2;3;5;6;7;8;9;11"
Root_1043,36.635584,9.574048,9,"0;1;3;5;6;7;8;9;11"
Root_1044,192.832662,31.251808,8,"1;3;5;6;7;8;9;11"
Root_1045,65.315552,16.303648,8,"0;3;5;6;7;8;9;11"
Root_1046,236.158262,35.881408,7,"3;5;6;7;8;9;11"
Root_1047,45.489856,11.961696,9,"0;1;2;5;6;7;8;9;11"
Root_1048,200.896790,32.239456,8,"1;2;5;6;7;8;9;11"
Root_1049,64.732736,17.291296,8,"0;2;5;6;7;8;9;11"
Root_1050,244.222390,36.869056,7,"2;5;6;7;8;9;11"
Root_1051,50.119456,12.887616,8,"0;1;5;6;7;8;9;11"
Root_1052,206.981910,33.165376,7,"1;5;6;7;8;9;11"
Root_1053,69.896960,18.217216,7,"0;5;6;7;8;9;11"
Root_1054,250.307510,37.794976,6,"5;6;7;8;9;11"
Root_1055,25.110944,7.269120,10,"0;1;2;3;4;6;7;8;9;11"
Root_1056,179.978454,29.646880,9,"1;2;3;4;6;7;8;9;11"
Root_1057,54.758944,14.698720,9,"0;2;3;4;6;7;8;9;11"
Root_1058,223.304054,34.276480,8,"2;3;4;6;7;8;9;11"
Root_1059,29.740544,8.195040,9,"0;1;3;4;6;7;8;9;11"
Root_1060,186.063574,30.572800,8,"1;3;4;6;7;8;9;11"
Root_1061,60.562496,15.624640,8,"0;3;4;6;7;8;9;11"
Root_1062,229.389174,35.202400,7,"3;4;6;7;8;9;11"
Root_1063,42.094816,11.282688,9,"0;1;2;4;6;7;8;9;11"
Root_1064,194.127702,31.560448,8,"1;2;4;6;7;8;9;11"
Root_1065,59.300672,16.612288,8,"0;2;4;6;7;8;9;11"
Root_1066,237.453302,36.190048,7,"2;4;6;7;8;9;11"
Root_1067,46.724416,12.208608,8,"0;1;4;6;7;8;9;11"
Root_1068,200.212822,32.486368,7,"1;4;6;7;8;9;11"
Root_1069,65.143904,17.538208,7,"0;4;6;7;8;9;11"
Root_1070,243.538422,37.115968,6,"4;6;7;8;9;11"
Root_1071,39.721984,10.191328,9,"0;1;2;3;6;7;8;9;11"
Root_1072,198.922742,31.869088,8,"1;2;3;6;7;8;9;11"
Root_1073,70.583360,16.920928,8,"0;2;3;6;7;8;9;11"
Root_1074,242.248342,36.498688,7,"2;3;6;7;8;9;11"
Root_1075,45.198432,11.117248,8,"0;1;3;6;7;8;9;11"
Root_1076,205.007862,32.795008,7,"1;3;6;7;8;9;11"
Root_1077,76.117952,17.846848,7,"0;3;6;7;8;9;11"
Root_1078,248.333462,37.424608,6,"3;6;7;8;9;11"
Root_1079,53.205856,13.504896,8,"0;1;2;6;7;8;9;11"
Root_1080,213.071990,33.782656,7,"1;2;6;7;8;9;11"
Root_1081,77.078336,18.834496,7,"0;2;6;7;8;9;11"
Root_1082,256.397590,38.412256,6,"2;6;7;8;9;11"
Root_1083,57.835456,14.430816,7,"0;1;6;7;8;9;11"
Root_1084,219.157110,34.708576,6,"1;6;7;8;9;11"
Root_1085,80.699360,19.760416,6,"0;6;7;8;9;11"
Root_1086,262.482710,39.338176,5,"6;7;8;9;11"
Root_1087,29.524496,8.151830,10,"0;1;2;3;4;5;7;8;9;11"
Root_1088,189.688269,30.529590,9,"1;2;3;4;5;7;8;9;11"
Root_1089,60.260029,15.581430,9,"0;2;3;4;5;7;8;9;11"
Root_1090,233.013869,35.159190,8,"2;3;4;5;7;8;9;11"
Root_1091,34.154096,9.077750,9,"0;1;3;4;5;7;8;9;11"
Root_1092,195.773389,31.455510,8,"1;3;4;5;7;8;9;11"
Root_1093,66.741469,16.507350,8,"0;3;4;5;7;8;9;11"
Root_1094,239.098989,36.085110,7,"3;4;5;7;8;9;11"
Root_1095,46.508368,12.165398,9,"0;1;2;4;5;7;8;9;11"
Root_1096,203.837517,32.443158,8,"1;2;4;5;7;8;9;11"
Root_1097,66.362355,17.494998,8,"0;2;4;5;7;8;9;11"
Root_1098,247.163117,37.072758,7,"2;4;5;7;8;9;11"
Root_1099,51.137968,13.091318,8,"0;1;4;5;7;8;9;11"
Root_1100,209.922637,33.369078,7,"1;4;5;7;8;9;11"
Root_1101,71.322877,18.420918,7,"0;4;5;7;8;9;11"
Root_1102,253.248237,37.998678,6,"4;5;7;8;9;11"
Root_1103,44.939174,11.074038,9,"0;1;2;3;5;7;8;9;11"
Root_1104,208.632557,32.751798,8,"1;2;3;5;7;8;9;11"
Root_1105,77.645043,17.803638,8,"0;2;3;5;7;8;9;11"
Root_1106,251.958157,37.381398,7,"2;3;5;7;8;9;11"
Root_1107,50.494694,11.999958,8,"0;1;3;5;7;8;9;11"
Root_1108,214.717677,33.677718,7,"1;3;5;7;8;9;11"
Root_1109,82.296925,18.729558,7,"0;3;5;7;8;9;11"
Root_1110,258.043277,38.307318,6,"3;5;7;8;9;11"
Root_1111,57.619408,14.387606,8,"0;1;2;5;7;8;9;11"
Root_1112,222.781805,34.665366,7,"1;2;5;7;8;9;11"
Root_1113,84.140019,19.717206,7,"0;2;5;7;8;9;11"
Root_1114,266.107405,39.294966,6,"2;5;7;8;9;11"
Root_1115,62.487206,15.313526,7,"0;1;5;7;8;9;11"
Root_1116,228.866925,35.591286,6,"1;5;7;8;9;11"
Root_1117,86.878333,20.643126,6,"0;5;7;8;9;11"
Root_1118,272.192525,40.220886,5,"5;7;8;9;11"
Root_1119,37.240496,9.695030,9,"0;1;2;3;4;7;8;9;11"
Root_1120,201.863469,32.072790,8,"1;2;3;4;7;8;9;11"
Root_1121,72.212979,17.124630,8,"0;2;3;4;7;8;9;11"
Root_1122,245.189069,36.702390,7,"2;3;4;7;8;9;11"
Root_1123,42.220646,10.620950,8,"0;1;3;4;7;8;9;11"
Root_1124,207.948589,32.998710,7,"1;3;4;7;8;9;11"
Root_1125,77.543869,18.050550,7,"0;3;4;7;8;9;11"
Root_1126,251.274189,37.628310,6,"3;4;7;8;9;11"
Root_1127,54.224368,13.708598,8,"0;1;2;4;7;8;9;11"
Root_1128,216.012717,33.986358,7,"1;2;4;7;8;9;11"
Root_1129,78.707955,19.038198,7,"0;2;4;7;8;9;11"
Root_1130,259.338317,38.615958,6,"2;4;7;8;9;11"
Root_1131,58.853968,14.634518,7,"0;1;4;7;8;9;11"
Root_1132,222.097837,34.912278,6,"1;4;7;8;9;11"
Root_1133,82.125277,19.964118,6,"0;4;7;8;9;11"
Root_1134,265.423437,39.541878,5,"4;7;8;9;11"
Root_1135,54.198374,12.617238,8,"0;1;2;3;7;8;9;11"
Root_1136,220.807757,34.294998,7,"1;2;3;7;8;9;11"
Root_1137,89.990643,19.346838,7,"0;2;3;7;8;9;11"
Root_1138,264.133357,38.924598,6,"2;3;7;8;9;11"
Root_1139,59.753894,13.543158,7,"0;1;3;7;8;9;11"
Root_1140,226.892877,35.220918,6,"1;3;7;8;9;11"
Root_1141,93.099325,20.272758,6,"0;3;7;8;9;11"
Root_1142,270.218477,39.850518,5,"3;7;8;9;11"
Root_1143,66.190886,15.930806,7,"0;1;2;7;8;9;11"
Root_1144,234.957005,36.208566,6,"1;2;7;8;9;11"
Root_1145,96.485619,21.260406,6,"0;2;7;8;9;11"
Root_1146,278.282605,40.838166,5,"2;7;8;9;11"
Root_1147,72.603133,16.856726,6,"0;1;7;8;9;11"
Root_1148,241.042125,37.134486,5,"1;7;8;9;11"
Root_1149,98.867059,22.186326,5,"0;7;8;9;11"
Root_1150,284.367725,41.764086,4,"7;8;9;11"
Root_1151,43.598496,10.850592,10,"0;1;2;3;4;5;6;8;9;11"
Root_1152,194.174646,31.128352,9,"1;2;3;4;5;6;8;9;11"
Root_1153,63.552608,16.180192,9,"0;2;3;4;5;6;8;9;11"
Root_1154,237.500246,35.757952,8,"2;3;4;5;6;8;9;11"
Root_1155,49.154016,11.776512,9,"0;1;3;4;5;6;8;9;11"
Root_1156,200.259766,32.054272,8,"1;3;4;5;6;8;9;11"
Root_1157,68.902016,17.106112,8,"0;3;4;5;6;8;9;11"
Root_1158,243.585366,36.683872,7,"3;4;5;6;8;9;11"
Root_1159,49.502176,12.764160,9,"0;1;2;4;5;6;8;9;11"
Root_1160,208.323894,33.041920,8,"1;2;4;5;6;8;9;11"
Root_1161,68.134016,18.093760,8,"0;2;4;5;6;8;9;11"
Root_1162,251.649494,37.671520,7,"2;4;5;6;8;9;11"
Root_1163,54.131776,13.690080,8,"0;1;4;5;6;8;9;11"
Root_1164,214.409014,33.967840,7,"1;4;5;6;8;9;11"
Root_1165,71.569856,19.019680,7,"0;4;5;6;8;9;11"
Root_1166,257.734614,38.597440,6,"4;5;6;8;9;11"
Root_1167,56.931744,13.072800,9,"0;1;2;3;5;6;8;9;11"
Root_1168,213.118934,33.350560,8,"1;2;3;5;6;8;9;11"
Root_1169,79.108064,18.402400,8,"0;2;3;5;6;8;9;11"
Root_1170,256.444534,37.980160,7,"2;3;5;6;8;9;11"
Root_1171,62.487264,13.998720,8,"0;1;3;5;6;8;9;11"
Root_1172,219.204054,34.276480,7,"1;3;5;6;8;9;11"
Root_1173,82.235264,19.328320,7,"0;3;5;6;8;9;11"
Root_1174,262.529654,38.906080,6,"3;5;6;8;9;11"
Root_1175,60.613216,14.986368,8,"0;1;2;5;6;8;9;11"
Root_1176,227.268182,35.264128,7,"1;2;5;6;8;9;11"
Root_1177,83.689472,20.315968,7,"0;2;5;6;8;9;11"
Root_1178,270.593782,39.893728,6,"2;5;6;8;9;11"
Root_1179,65.242816,15.912288,7,"0;1;5;6;8;9;11"
Root_1180,233.353302,36.190048,6,"1;5;6;8;9;11"
Root_1181,86.197878,21.241888,6,"0;5;6;8;9;11"
Root_1182,276.678902,40.819648,5,"5;6;8;9;11"
Root_1183,52.857696,12.393792,9,"0;1;2;3;4;6;8;9;11"
Root_1184,206.349846,32.671552,8,"1;2;3;4;6;8;9;11"
Root_1185,74.355008,17.723392,8,"0;2;3;4;6;8;9;11"
Root_1186,249.675446,37.301152,7,"2;3;4;6;8;9;11"
Root_1187,58.413216,13.319712,8,"0;1;3;4;6;8;9;11"
Root_1188,212.434966,33.597472,7,"1;3;4;6;8;9;11"
Root_1189,78.161216,18.649312,7,"0;3;4;6;8;9;11"
Root_1190,255.760566,38.227072,6,"3;4;6;8;9;11"
Root_1191,57.218176,14.307360,8,"0;1;2;4;6;8;9;11"
Root_1192,220.499094,34.585120,7,"1;2;4;6;8;9;11"
Root_1193,78.936416,19.636960,7,"0;2;4;6;8;9;11"
Root_1194,263.824694,39.214720,6,"2;4;6;8;9;11"
Root_1195,61.847776,15.233280,7,"0;1;4;6;8;9;11"
Root_1196,226.584214,35.511040,6,"1;4;6;8;9;11"
Root_1197,81.114144,20.562880,6,"0;4;6;8;9;11"
Root_1198,269.909814,40.140640,5,"4;6;8;9;11"
Root_1199,66.190944,14.616000,8,"0;1;2;3;6;8;9;11"
Root_1200,225.294134,34.893760,7,"1;2;3;6;8;9;11"
Root_1201,89.910464,19.945600,7,"0;2;3;6;8;9;11"
Root_1202,268.619734,39.523360,6,"2;3;6;8;9;11"
Root_1203,71.746464,15.541920,7,"0;1;3;6;8;9;11"
Root_1204,231.379254,35.819680,6,"1;3;6;8;9;11"
Root_1205,91.591894,20.871520,6,"0;3;6;8;9;11"
Root_1206,274.704854,40.449280,5,"3;6;8;9;11"
Root_1207,69.414272,16.529568,7,"0;1;2;6;8;9;11"
Root_1208,239.443382,36.807328,6,"1;2;6;8;9;11"
Root_1209,95.576950,21.859168,6,"0;2;6;8;9;11"
Root_1210,282.768982,41.436928,5,"2;6;8;9;11"
Root_1211,74.414304,17.455488,6,"0;1;6;8;9;11"
Root_1212,245.528502,37.733248,5,"1;6;8;9;11"
Root_1213,97.958390,22.785088,5,"0;6;8;9;11"
Root_1214,288.854102,42.362848,4,"6;8;9;11"
Root_1215,58.153958,13.276502,9,"0;1;2;3;4;5;8;9;11"
Root_1216,216.059661,33.554262,8,"1;2;3;4;5;8;9;11"
Root_1217,80.533981,18.606102,8,"0;2;3;4;5;8;9;11"
Root_1218,259.385261,38.183862,7,"2;3;4;5;8;9;11"
Root_1219,63.709478,14.202422,8,"0;1;3;4;5;8;9;11"
Root_1220,222.144781,34.480182,7,"1;3;4;5;8;9;11"
Root_1221,83.457478,19.532022,7,"0;3;4;5;8;9;11"
Root_1222,265.470381,39.109782,6,"3;4;5;8;9;11"
Root_1223,61.631728,15.190070,8,"0;1;2;4;5;8;9;11"
Root_1224,230.208909,35.467830,7,"1;2;4;5;8;9;11"
Root_1225,85.357267,20.519670,7,"0;2;4;5;8;9;11"
Root_1226,273.534509,40.097430,6,"2;4;5;8;9;11"
Root_1227,66.377318,16.115990,7,"0;1;4;5;8;9;11"
Root_1228,236.294029,36.393750,6,"1;4;5;8;9;11"
Root_1229,88.527498,21.445590,6,"0;4;5;8;9;11"
Root_1230,279.619629,41.023350,5,"4;5;8;9;11"
Root_1231,71.487206,15.498710,8,"0;1;2;3;5;8;9;11"
Root_1232,235.003949,35.776470,7,"1;2;3;5;8;9;11"
Root_1233,96.260947,20.828310,7,"0;2;3;5;8;9;11"
Root_1234,278.329549,40.406070,6,"2;3;5;8;9;11"
Root_1235,77.042726,16.424630,7,"0;1;3;5;8;9;11"
Root_1236,241.089069,36.702390,6,"1;3;5;8;9;11"
Root_1237,98.642387,21.754230,6,"0;3;5;8;9;11"
Root_1238,284.414669,41.331990,5,"3;5;8;9;11"
Root_1239,75.593245,17.412278,7,"0;1;2;5;8;9;11"
Root_1240,249.153197,37.690038,6,"1;2;5;8;9;11"
Root_1241,102.755923,22.741878,6,"0;2;5;8;9;11"
Root_1242,292.478797,42.319638,5,"2;5;8;9;11"
Root_1243,79.710566,18.338198,6,"0;1;5;8;9;11"
Root_1244,255.238317,38.615958,5,"1;5;8;9;11"
Root_1245,105.137363,23.667798,5,"0;5;8;9;11"
Root_1246,298.563917,43.245558,4,"5;8;9;11"
Root_1247,67.413158,14.819702,8,"0;1;2;3;4;8;9;11"
Root_1248,228.234861,35.097462,7,"1;2;3;4;8;9;11"
Root_1249,91.336381,20.149302,7,"0;2;3;4;8;9;11"
Root_1250,271.560461,39.727062,6,"2;3;4;8;9;11"
Root_1251,72.968678,15.745622,7,"0;1;3;4;8;9;11"
Root_1252,234.319981,36.023382,6,"1;3;4;8;9;11"
Root_1253,93.589331,21.075222,6,"0;3;4;8;9;11"
Root_1254,277.645581,40.652982,5,"3;4;8;9;11"
Root_1255,70.840189,16.733270,7,"0;1;2;4;8;9;11"
Root_1256,242.384109,37.011030,6,"1;2;4;8;9;11"
Root_1257,97.702867,22.062870,6,"0;2;4;8;9;11"
Root_1258,285.709709,41.640630,5,"2;4;8;9;11"
Root_1259,75.636518,17.659190,6,"0;1;4;8;9;11"
Root_1260,248.469229,37.936950,5,"1;4;8;9;11"
Root_1261,100.084307,22.988790,5,"0;4;8;9;11"
Root_1262,291.794829,42.566550,4,"4;8;9;11"
Root_1263,81.814237,17.041910,7,"0;1;2;3;8;9;11"
Root_1264,247.179149,37.319670,6,"1;2;3;8;9;11"
Root_1265,106.891837,22.371510,6,"0;2;3;8;9;11"
Root_1266,290.504749,41.949270,5,"2;3;8;9;11"
Root_1267,86.301926,17.967830,6,"0;1;3;8;9;11"
Root_1268,253.264269,38.245590,5,"1;3;8;9;11"
Root_1269,108.347357,23.297430,5,"0;3;8;9;11"
Root_1270,296.589869,42.875190,4,"3;8;9;11"
Root_1271,86.395645,18.955478,6,"0;1;2;8;9;11"
Root_1272,261.328397,39.233238,5,"1;2;8;9;11"
Root_1273,111.473245,24.285078,5,"0;2;8;9;11"
Root_1274,304.653997,43.862838,4,"2;8;9;11"
Root_1275,88.969766,19.881398,5,"0;1;8;9;11"
Root_1276,267.413517,40.159158,4,"1;8;9;11"
Root_1277,113.139763,25.210998,4,"0;8;9;11"
Root_1278,310.739117,44.788758,3,"8;9;11"
Root_1279,37.042944,9.655520,10,"0;1;2;3;4;5;6;7;9;11"
Root_1280,214.628854,32.733280,9,"1;2;3;4;5;6;7;9;11"
Root_1281,69.982176,17.785120,9,"0;2;3;4;5;6;7;9;11"
Root_1282,257.954454,37.362880,8,"2;3;4;5;6;7;9;11"
Root_1283,41.672544,10.581440,9,"0;1;3;4;5;6;7;9;11"
Root_1284,220.713974,33.659200,8,"1;3;4;5;6;7;9;11"
Root_1285,73.726656,18.711040,8,"0;3;4;5;6;7;9;11"
Root_1286,264.039574,38.288800,7,"3;4;5;6;7;9;11"
Root_1287,53.428128,14.369088,9,"0;1;2;4;5;6;7;9;11"
Root_1288,228.778102,34.646848,8,"1;2;4;5;6;7;9;11"
Root_1289,75.262272,19.698688,8,"0;2;4;5;6;7;9;11"
Root_1290,272.103702,39.276448,7,"2;4;5;6;7;9;11"
Root_1291,57.351488,15.295008,8,"0;1;4;5;6;7;9;11"
Root_1292,234.863222,35.572768,7,"1;4;5;6;7;9;11"
Root_1293,78.365920,20.624608,7,"0;4;5;6;7;9;11"
Root_1294,278.188822,40.202368,6,"4;5;6;7;9;11"
Root_1295,55.153984,13.277728,9,"0;1;2;3;5;6;7;9;11"
Root_1296,233.573142,34.955488,8,"1;2;3;5;6;7;9;11"
Root_1297,86.544960,20.007328,8,"0;2;3;5;6;7;9;11"
Root_1298,276.898742,39.585088,7,"2;3;5;6;7;9;11"
Root_1299,59.783584,14.203648,8,"0;1;3;5;6;7;9;11"
Root_1300,239.658262,35.881408,7,"1;3;5;6;7;9;11"
Root_1301,89.428758,20.933248,7,"0;3;5;6;7;9;11"
Root_1302,282.983862,40.511008,6,"3;5;6;7;9;11"
Root_1303,65.041440,16.591296,8,"0;1;2;5;6;7;9;11"
Root_1304,247.722390,36.869056,7,"1;2;5;6;7;9;11"
Root_1305,95.450838,21.920896,7,"0;2;5;6;7;9;11"
Root_1306,291.047990,41.498656,6,"2;5;6;7;9;11"
Root_1307,69.979744,17.517216,7,"0;1;5;6;7;9;11"
Root_1308,253.807510,37.794976,6,"1;5;6;7;9;11"
Root_1309,99.684118,22.846816,6,"0;5;6;7;9;11"
Root_1310,297.133110,42.424576,5,"5;6;7;9;11"
Root_1311,48.258944,11.898720,9,"0;1;2;3;4;6;7;9;11"
Root_1312,226.804054,34.276480,8,"1;2;3;4;6;7;9;11"
Root_1313,81.112896,19.328320,8,"0;2;3;4;6;7;9;11"
Root_1314,270.129654,38.906080,7,"2;3;4;6;7;9;11"
Root_1315,52.888544,12.824640,8,"0;1;3;4;6;7;9;11"
Root_1316,232.889174,35.202400,7,"1;3;4;6;7;9;11"
Root_1317,84.240096,20.254240,7,"0;3;4;6;7;9;11"
Root_1318,276.214774,39.832000,6,"3;4;6;7;9;11"
Root_1319,60.437888,15.912288,8,"0;1;2;4;6;7;9;11"
Root_1320,240.953302,36.190048,7,"1;2;4;6;7;9;11"
Root_1321,89.039766,21.241888,7,"0;2;4;6;7;9;11"
Root_1322,284.278902,40.819648,6,"2;4;6;7;9;11"
Root_1323,65.905696,16.838208,7,"0;1;4;6;7;9;11"
Root_1324,247.038422,37.115968,6,"1;4;6;7;9;11"
Root_1325,93.273046,22.167808,6,"0;4;6;7;9;11"
Root_1326,290.364022,41.745568,5,"4;6;7;9;11"
Root_1327,62.869984,14.820928,8,"0;1;2;3;6;7;9;11"
Root_1328,245.748342,36.498688,7,"1;2;3;6;7;9;11"
Root_1329,99.666998,21.550528,7,"0;2;3;6;7;9;11"
Root_1330,289.073942,41.128288,6,"2;3;6;7;9;11"
Root_1331,68.171104,15.746848,7,"0;1;3;6;7;9;11"
Root_1332,251.833462,37.424608,6,"1;3;6;7;9;11"
Root_1333,102.974358,22.476448,6,"0;3;6;7;9;11"
Root_1334,295.159062,42.054208,5,"3;6;7;9;11"
Root_1335,75.843840,18.134496,7,"0;1;2;6;7;9;11"
Root_1336,259.897590,38.412256,6,"1;2;6;7;9;11"
Root_1337,108.075542,23.464096,6,"0;2;6;7;9;11"
Root_1338,303.223190,43.041856,5,"2;6;7;9;11"
Root_1339,79.299360,19.060416,6,"0;1;6;7;9;11"
Root_1340,265.982710,39.338176,5,"1;6;7;9;11"
Root_1341,111.382902,24.390016,5,"0;6;7;9;11"
Root_1342,309.308310,43.967776,4,"6;7;9;11"
Root_1343,52.672496,12.781430,9,"0;1;2;3;4;5;7;9;11"
Root_1344,236.513869,35.159190,8,"1;2;3;4;5;7;9;11"
Root_1345,88.174579,20.211030,8,"0;2;3;4;5;7;9;11"
Root_1346,279.839469,39.788790,7,"2;3;4;5;7;9;11"
Root_1347,57.302096,13.707350,8,"0;1;3;4;5;7;9;11"
Root_1348,242.598989,36.085110,7,"1;3;4;5;7;9;11"
Root_1349,91.895328,21.136950,7,"0;3;4;5;7;9;11"
Root_1350,285.924589,40.714710,6,"3;4;5;7;9;11"
Root_1351,66.467357,16.794998,8,"0;1;2;4;5;7;9;11"
Root_1352,250.663117,37.072758,7,"1;2;4;5;7;9;11"
Root_1353,97.984160,22.124598,7,"0;2;4;5;7;9;11"
Root_1354,293.988717,41.702358,6,"2;4;5;7;9;11"
Root_1355,71.201958,17.720918,7,"0;1;4;5;7;9;11"
Root_1356,256.748237,37.998678,6,"1;4;5;7;9;11"
Root_1357,102.217440,23.050518,6,"0;4;5;7;9;11"
Root_1358,300.073837,42.628278,5,"4;5;7;9;11"
Root_1359,67.911846,15.703638,8,"0;1;2;3;5;7;9;11"
Root_1360,255.458157,37.381398,7,"1;2;3;5;7;9;11"
Root_1361,107.728682,22.433238,7,"0;2;3;5;7;9;11"
Root_1362,298.783757,42.010998,6,"2;3;5;7;9;11"
Root_1363,73.467366,16.629558,7,"0;1;3;5;7;9;11"
Root_1364,261.543277,38.307318,6,"1;3;5;7;9;11"
Root_1365,111.036042,23.359158,6,"0;3;5;7;9;11"
Root_1366,304.868877,42.936918,5,"3;5;7;9;11"
Root_1367,82.040019,19.017206,7,"0;1;2;5;7;9;11"
Root_1368,269.607405,39.294966,6,"1;2;5;7;9;11"
Root_1369,116.137226,24.346806,6,"0;2;5;7;9;11"
Root_1370,312.933005,43.924566,5,"2;5;7;9;11"
Root_1371,85.478333,19.943126,6,"0;1;5;7;9;11"
Root_1372,275.692525,40.220886,5,"1;5;7;9;11"
Root_1373,119.444586,25.272726,5,"0;5;7;9;11"
Root_1374,319.018125,44.850486,4,"5;7;9;11"
Root_1375,60.388496,14.324630,8,"0;1;2;3;4;7;9;11"
Root_1376,248.689069,36.702390,7,"1;2;3;4;7;9;11"
Root_1377,101.996618,21.754230,7,"0;2;3;4;7;9;11"
Root_1378,292.014669,41.331990,6,"2;3;4;7;9;11"
Root_1379,65.193318,15.250550,7,"0;1;3;4;7;9;11"
Root_1380,254.774189,37.628310,6,"1;3;4;7;9;11"
Root_1381,105.303978,22.680150,6,"0;3;4;7;9;11"
Root_1382,298.099789,42.257910,5,"3;4;7;9;11"
Root_1383,77.269757,18.338198,7,"0;1;2;4;7;9;11"
Root_1384,262.838317,38.615958,6,"1;2;4;7;9;11"
Root_1385,110.405162,23.667798,6,"0;2;4;7;9;11"
Root_1386,306.163917,43.245558,5,"2;4;7;9;11"
Root_1387,80.725277,19.264118,6,"0;1;4;7;9;11"
Root_1388,268.923437,39.541878,5,"1;4;7;9;11"
Root_1389,113.712522,24.593718,5,"0;4;7;9;11"
Root_1390,312.249037,44.171478,4,"4;7;9;11"
Root_1391,78.443805,17.246838,7,"0;1;2;3;7;9;11"
Root_1392,267.633357,38.924598,6,"1;2;3;7;9;11"
Root_1393,118.297843,23.976438,6,"0;2;3;7;9;11"
Root_1394,310.958957,43.554198,5,"2;3;7;9;11"
Root_1395,82.726566,18.172758,6,"0;1;3;7;9;11"
Root_1396,273.718477,39.850518,5,"1;3;7;9;11"
Root_1397,120.679283,24.902358,5,"0;3;7;9;11"
Root_1398,317.044077,44.480118,4,"3;7;9;11"
Root_1399,94.385619,20.560406,6,"0;1;2;7;9;11"
Root_1400,281.782605,40.838166,5,"1;2;7;9;11"
Root_1401,124.792819,25.890006,5,"0;2;7;9;11"
Root_1402,325.108205,45.467766,4,"2;7;9;11"
Root_1403,96.767059,21.486326,5,"0;1;7;9;11"
Root_1404,287.867725,41.764086,4,"1;7;9;11"
Root_1405,127.174259,26.815926,4,"0;7;9;11"
Root_1406,331.193325,46.393686,3,"7;9;11"
Root_1407,66.166304,15.480192,9,"0;1;2;3;4;5;6;9;11"
Root_1408,241.000246,35.757952,8,"1;2;3;4;5;6;9;11"
Root_1409,87.950902,20.809792,8,"0;2;3;4;5;6;9;11"
Root_1410,284.325846,40.387552,7,"2;3;4;5;6;9;11"
Root_1411,70.795904,16.406112,8,"0;1;3;4;5;6;9;11"
Root_1412,247.085366,36.683872,7,"1;3;4;5;6;9;11"
Root_1413,92.184182,21.735712,7,"0;3;4;5;6;9;11"
Root_1414,290.410966,41.313472,6,"3;4;5;6;9;11"
Root_1415,68.340256,17.393760,8,"0;1;2;4;5;6;9;11"
Root_1416,255.149494,37.671520,7,"1;2;4;5;6;9;11"
Root_1417,98.273014,22.723360,7,"0;2;4;5;6;9;11"
Root_1418,298.475094,42.301120,6,"2;4;5;6;9;11"
Root_1419,71.550176,18.319680,7,"0;1;4;5;6;9;11"
Root_1420,261.234614,38.597440,6,"1;4;5;6;9;11"
Root_1421,102.506294,23.649280,6,"0;4;5;6;9;11"
Root_1422,304.560214,43.227040,5,"4;5;6;9;11"
Root_1423,79.005664,17.702400,8,"0;1;2;3;5;6;9;11"
Root_1424,259.944534,37.980160,7,"1;2;3;5;6;9;11"
Root_1425,107.418774,23.032000,7,"0;2;3;5;6;9;11"
Root_1426,303.270134,42.609760,6,"2;3;5;6;9;11"
Root_1427,81.906944,18.628320,7,"0;1;3;5;6;9;11"
Root_1428,266.029654,38.906080,6,"1;3;5;6;9;11"
Root_1429,110.726134,23.957920,6,"0;3;5;6;9;11"
Root_1430,309.355254,43.535680,5,"3;5;6;9;11"
Root_1431,82.289472,19.615968,7,"0;1;2;5;6;9;11"
Root_1432,274.093782,39.893728,6,"1;2;5;6;9;11"
Root_1433,115.827318,24.945568,6,"0;2;5;6;9;11"
Root_1434,317.419382,44.523328,5,"2;5;6;9;11"
Root_1435,84.203104,20.541888,6,"0;1;5;6;9;11"
Root_1436,280.178902,40.819648,5,"1;5;6;9;11"
Root_1437,120.006166,25.871488,5,"0;5;6;9;11"
Root_1438,323.504502,45.449248,4,"5;6;9;11"
Root_1439,74.931616,17.023392,8,"0;1;2;3;4;6;9;11"
Root_1440,253.175446,37.301152,7,"1;2;3;4;6;9;11"
Root_1441,101.686710,22.352992,7,"0;2;3;4;6;9;11"
Root_1442,296.501046,41.930752,6,"2;3;4;6;9;11"
Root_1443,78.511904,17.949312,7,"0;1;3;4;6;9;11"
Root_1444,259.260566,38.227072,6,"1;3;4;6;9;11"
Root_1445,104.994070,23.278912,6,"0;3;4;6;9;11"
Root_1446,302.586166,42.856672,5,"3;4;6;9;11"
Root_1447,77.599456,18.936960,7,"0;1;2;4;6;9;11"
Root_1448,267.324694,39.214720,6,"1;2;4;6;9;11"
Root_1449,110.095254,24.266560,6,"0;2;4;6;9;11"
Root_1450,310.650294,43.844320,5,"2;4;6;9;11"
Root_1451,80.129056,19.862880,6,"0;1;4;6;9;11"
Root_1452,273.409814,40.140640,5,"1;4;6;9;11"
Root_1453,113.595094,25.192480,5,"0;4;6;9;11"
Root_1454,316.735414,44.770240,4,"4;6;9;11"
Root_1455,88.510464,19.245600,7,"0;1;2;3;6;9;11"
Root_1456,272.119734,39.523360,6,"1;2;3;6;9;11"
Root_1457,117.389174,24.575200,6,"0;2;3;6;9;11"
Root_1458,315.445334,44.152960,5,"2;3;6;9;11"
Root_1459,90.794464,20.171520,6,"0;1;3;6;9;11"
Root_1460,278.204854,40.449280,5,"1;3;6;9;11"
Root_1461,120.271734,25.501120,5,"0;3;6;9;11"
Root_1462,321.530454,45.078880,4,"3;6;9;11"
Root_1463,93.476950,21.159168,6,"0;1;2;6;9;11"
Root_1464,286.268982,41.436928,5,"1;2;6;9;11"
Root_1465,125.372918,26.488768,5,"0;2;6;9;11"
Root_1466,329.594582,46.066528,4,"2;6;9;11"
Root_1467,95.858390,22.085088,5,"0;1;6;9;11"
Root_1468,292.354102,42.362848,4,"1;6;9;11"
Root_1469,129.094966,27.414688,4,"0;6;9;11"
Root_1470,335.679702,46.992448,3,"6;9;11"
Root_1471,80.227878,17.906102,8,"0;1;2;3;4;5;9;11"
Root_1472,262.885261,38.183862,7,"1;2;3;4;5;9;11"
Root_1473,109.748394,23.235702,7,"0;2;3;4;5;9;11"
Root_1474,306.210861,42.813462,6,"2;3;4;5;9;11"
Root_1475,82.925456,18.832022,7,"0;1;3;4;5;9;11"
Root_1476,268.970381,39.109782,6,"1;3;4;5;9;11"
Root_1477,113.055754,24.161622,6,"0;3;4;5;9;11"
Root_1478,312.295981,43.739382,5,"3;4;5;9;11"
Root_1479,83.715389,19.819670,7,"0;1;2;4;5;9;11"
Root_1480,277.034509,40.097430,6,"1;2;4;5;9;11"
Root_1481,118.306208,25.149270,6,"0;2;4;5;9;11"
Root_1482,320.360109,44.727030,5,"2;4;5;9;11"
Root_1483,85.981907,20.745590,6,"0;1;4;5;9;11"
Root_1484,283.119629,41.023350,5,"1;4;5;9;11"
Root_1485,122.539488,26.075190,5,"0;4;5;9;11"
Root_1486,326.445229,45.652950,4,"4;5;9;11"
Root_1487,94.689437,20.128310,7,"0;1;2;3;5;9;11"
Root_1488,281.829549,40.406070,6,"1;2;3;5;9;11"
Root_1489,125.026058,25.457910,6,"0;2;3;5;9;11"
Root_1490,325.155149,45.035670,5,"2;3;5;9;11"
Root_1491,96.542387,21.054230,6,"0;1;3;5;9;11"
Root_1492,287.914669,41.331990,5,"1;3;5;9;11"
Root_1493,128.333418,26.383830,5,"0;3;5;9;11"
Root_1494,331.240269,45.961590,4,"3;5;9;11"
Root_1495,100.655923,22.041878,6,"0;1;2;5;9;11"
Root_1496,295.978797,42.319638,5,"1;2;5;9;11"
Root_1497,133.434602,27.371478,5,"0;2;5;9;11"
Root_1498,339.304397,46.949238,4,"2;5;9;11"
Root_1499,103.037363,22.967798,5,"0;1;5;9;11"
Root_1500,302.063917,43.245558,4,"1;5;9;11"
Root_1501,137.634157,28.297398,4,"0;5;9;11"
Root_1502,345.389517,47.875158,3,"5;9;11"
Root_1503,89.936381,19.449302,7,"0;1;2;3;4;9;11"
Root_1504,275.060461,39.727062,6,"1;2;3;4;9;11"
Root_1505,119.515091,24.778902,6,"0;2;3;4;9;11"
Root_1506,318.386061,44.356662,5,"2;3;4;9;11"
Root_1507,92.114109,20.375222,6,"0;1;3;4;9;11"
Root_1508,281.145581,40.652982,5,"1;3;4;9;11"
Root_1509,122.601354,25.704822,5,"0;3;4;9;11"
Root_1510,324.471181,45.282582,4,"3;4;9;11"
Root_1511,95.602867,21.362870,6,"0;1;2;4;9;11"
Root_1512,289.209709,41.640630,5,"1;2;4;9;11"
Root_1513,127.702538,26.692470,5,"0;2;4;9;11"
Root_1514,332.535309,46.270230,4,"2;4;9;11"
Root_1515,97.984307,22.288790,5,"0;1;4;9;11"
Root_1516,295.294829,42.566550,4,"1;4;9;11"
Root_1517,131.628288,27.618390,4,"0;4;9;11"
Root_1518,338.620429,47.196150,3,"4;9;11"
Root_1519,105.491837,21.671510,6,"0;1;2;3;9;11"
Root_1520,294.004749,41.949270,5,"1;2;3;9;11"
Root_1521,132.571658,27.001110,5,"0;2;3;9;11"
Root_1522,337.330349,46.578870,4,"2;3;9;11"
Root_1523,106.947357,22.597430,5,"0;1;3;9;11"
Root_1524,300.089869,42.875190,4,"1;3;9;11"
Root_1525,135.879018,27.927030,4,"0;3;9;11"
Root_1526,343.415469,47.504790,3,"3;9;11"
Root_1527,110.073245,23.585078,5,"0;1;2;9;11"
Root_1528,308.153997,43.862838,4,"1;2;9;11"
Root_1529,143.724237,28.914678,4,"0;2;9;11"
Root_1530,351.479597,48.492438,3,"2;9;11"
Root_1531,111.528765,24.510998,4,"0;1;9;11"
Root_1532,314.239117,44.788758,3,"1;9;11"
Root_1533,149.809357,29.840598,3,"0;9;11"
Root_1534,357.564717,49.418358,2,"9;11"
Root_1535,37.094848,10.418496,10,"0;1;2;3;4;5;6;7;8;11"
Root_1536,189.421590,30.696256,9,"1;2;3;4;5;6;7;8;11"
Root_1537,52.186016,15.748096,9,"0;2;3;4;5;6;7;8;11"
Root_1538,232.747190,35.325856,8,"2;3;4;5;6;7;8;11"
Root_1539,41.724448,11.344416,9,"0;1;3;4;5;6;7;8;11"
Root_1540,195.506710,31.622176,8,"1;3;4;5;6;7;8;11"
Root_1541,58.415552,16.674016,8,"0;3;4;5;6;7;8;11"
Root_1542,238.832310,36.251776,7,"3;4;5;6;7;8;11"
Root_1543,41.517056,12.332064,9,"0;1;2;4;5;6;7;8;11"
Root_1544,203.570838,32.609824,8,"1;2;4;5;6;7;8;11"
Root_1545,58.203104,17.661664,8,"0;2;4;5;6;7;8;11"
Root_1546,246.896438,37.239424,7,"2;4;5;6;7;8;11"
Root_1547,45.220736,13.257984,8,"0;1;4;5;6;7;8;11"
Root_1548,209.655958,33.535744,7,"1;4;5;6;7;8;11"
Root_1549,62.996960,18.587584,7,"0;4;5;6;7;8;11"
Root_1550,252.981558,38.165344,6,"4;5;6;7;8;11"
Root_1551,48.205888,12.640704,9,"0;1;2;3;5;6;7;8;11"
Root_1552,208.365878,32.918464,8,"1;2;3;5;6;7;8;11"
Root_1553,69.485792,17.970304,8,"0;2;3;5;6;7;8;11"
Root_1554,251.691478,37.548064,7,"2;3;5;6;7;8;11"
Root_1555,52.835488,13.566624,8,"0;1;3;5;6;7;8;11"
Root_1556,214.450998,33.844384,7,"1;3;5;6;7;8;11"
Root_1557,73.971008,18.896224,7,"0;3;5;6;7;8;11"
Root_1558,257.776598,38.473984,6,"3;5;6;7;8;11"
Root_1559,50.405888,14.554272,8,"0;1;2;5;6;7;8;11"
Root_1560,222.515126,34.832032,7,"1;2;5;6;7;8;11"
Root_1561,75.980768,19.883872,7,"0;2;5;6;7;8;11"
Root_1562,265.840726,39.461632,6,"2;5;6;7;8;11"
Root_1563,54.514432,15.480192,7,"0;1;5;6;7;8;11"
Root_1564,228.600246,35.757952,6,"1;5;6;7;8;11"
Root_1565,78.741110,20.809792,6,"0;5;6;7;8;11"
Root_1566,271.925846,40.387552,5,"5;6;7;8;11"
Root_1567,44.810848,11.961696,9,"0;1;2;3;4;6;7;8;11"
Root_1568,201.596790,32.239456,8,"1;2;3;4;6;7;8;11"
Root_1569,64.053728,17.291296,8,"0;2;3;4;6;7;8;11"
Root_1570,244.922390,36.869056,7,"2;3;4;6;7;8;11"
Root_1571,49.440448,12.887616,8,"0;1;3;4;6;7;8;11"
Root_1572,207.681910,33.165376,7,"1;3;4;6;7;8;11"
Root_1573,69.217952,18.217216,7,"0;3;4;6;7;8;11"
Root_1574,251.007510,37.794976,6,"3;4;6;7;8;11"
Root_1575,47.689856,13.875264,8,"0;1;2;4;6;7;8;11"
Root_1576,215.746038,34.153024,7,"1;2;4;6;7;8;11"
Root_1577,70.548704,19.204864,7,"0;2;4;6;7;8;11"
Root_1578,259.071638,38.782624,6,"2;4;6;7;8;11"
Root_1579,51.393536,14.801184,7,"0;1;4;6;7;8;11"
Root_1580,221.831158,35.078944,6,"1;4;6;7;8;11"
Root_1581,73.799360,20.130784,6,"0;4;6;7;8;11"
Root_1582,265.156758,39.708544,5,"4;6;7;8;11"
Root_1583,55.921888,14.183904,8,"0;1;2;3;6;7;8;11"
Root_1584,220.541078,34.461664,7,"1;2;3;6;7;8;11"
Root_1585,81.831392,19.513504,7,"0;2;3;6;7;8;11"
Root_1586,263.866678,39.091264,6,"2;3;6;7;8;11"
Root_1587,60.585984,15.109824,7,"0;1;3;6;7;8;11"
Root_1588,226.626198,35.387584,6,"1;3;6;7;8;11"
Root_1589,84.773408,20.439424,6,"0;3;6;7;8;11"
Root_1590,269.951798,40.017184,5,"3;6;7;8;11"
Root_1591,57.919168,16.097472,7,"0;1;2;6;7;8;11"
Root_1592,234.690326,36.375232,6,"1;2;6;7;8;11"
Root_1593,88.979350,21.427072,6,"0;2;6;7;8;11"
Root_1594,278.015926,41.004832,5,"2;6;7;8;11"
Root_1595,64.277216,17.023392,6,"0;1;6;7;8;11"
Root_1596,240.775446,37.301152,5,"1;6;7;8;11"
Root_1597,92.286710,22.352992,5,"0;6;7;8;11"
Root_1598,284.101046,41.930752,4,"6;7;8;11"
Root_1599,49.224400,12.844406,9,"0;1;2;3;4;5;7;8;11"
Root_1600,211.306605,33.122166,8,"1;2;3;4;5;7;8;11"
Root_1601,71.115411,18.174006,8,"0;2;3;4;5;7;8;11"
Root_1602,254.632205,37.751766,7,"2;3;4;5;7;8;11"
Root_1603,53.854000,13.770326,8,"0;1;3;4;5;7;8;11"
Root_1604,217.391725,34.048086,7,"1;3;4;5;7;8;11"
Root_1605,75.396925,19.099926,7,"0;3;4;5;7;8;11"
Root_1606,260.717325,38.677686,6,"3;4;5;7;8;11"
Root_1607,51.220698,14.757974,8,"0;1;2;4;5;7;8;11"
Root_1608,225.455853,35.035734,7,"1;2;4;5;7;8;11"
Root_1609,77.610387,20.087574,7,"0;2;4;5;7;8;11"
Root_1610,268.781453,39.665334,6,"2;4;5;7;8;11"
Root_1611,55.532944,15.683894,7,"0;1;4;5;7;8;11"
Root_1612,231.540973,35.961654,6,"1;4;5;7;8;11"
Root_1613,81.084224,21.013494,6,"0;4;5;7;8;11"
Root_1614,274.866573,40.591254,5,"4;5;7;8;11"
Root_1615,60.335440,15.066614,8,"0;1;2;3;5;7;8;11"
Root_1616,230.250893,35.344374,7,"1;2;3;5;7;8;11"
Root_1617,88.893075,20.396214,7,"0;2;3;5;7;8;11"
Root_1618,273.576493,39.973974,6,"2;3;5;7;8;11"
Root_1619,65.882246,15.992534,7,"0;1;3;5;7;8;11"
Root_1620,236.336013,36.270294,6,"1;3;5;7;8;11"
Root_1621,91.939850,21.322134,6,"0;3;5;7;8;11"
Root_1622,279.661613,40.899894,5,"3;5;7;8;11"
Root_1623,64.980851,16.980182,7,"0;1;2;5;7;8;11"
Root_1624,244.400141,37.257942,6,"1;2;5;7;8;11"
Root_1625,97.041034,22.309782,6,"0;2;5;7;8;11"
Root_1626,287.725741,41.887542,5,"2;5;7;8;11"
Root_1627,70.456189,17.906102,6,"0;1;5;7;8;11"
Root_1628,250.485261,38.183862,5,"1;5;7;8;11"
Root_1629,100.348394,23.235702,5,"0;5;7;8;11"
Root_1630,293.810861,42.813462,4,"5;7;8;11"
Root_1631,56.940400,14.387606,8,"0;1;2;3;4;7;8;11"
Root_1632,223.481805,34.665366,7,"1;2;3;4;7;8;11"
Root_1633,83.461011,19.717206,7,"0;2;3;4;7;8;11"
Root_1634,266.807405,39.294966,6,"2;3;4;7;8;11"
Root_1635,61.808198,15.313526,7,"0;1;3;4;7;8;11"
Root_1636,229.566925,35.591286,6,"1;3;4;7;8;11"
Root_1637,86.564659,20.643126,6,"0;3;4;7;8;11"
Root_1638,272.892525,40.220886,5,"3;4;7;8;11"
Root_1639,59.548787,16.301174,7,"0;1;2;4;7;8;11"
Root_1640,237.631053,36.578934,6,"1;2;4;7;8;11"
Root_1641,91.308970,21.630774,6,"0;2;4;7;8;11"
Root_1642,280.956653,41.208534,5,"2;4;7;8;11"
Root_1643,65.703133,17.227094,6,"0;1;4;7;8;11"
Root_1644,243.716173,37.504854,5,"1;4;7;8;11"
Root_1645,94.616330,22.556694,5,"0;4;7;8;11"
Root_1646,287.041773,42.134454,4,"4;7;8;11"
Root_1647,70.831475,16.609814,7,"0;1;2;3;7;8;11"
Root_1648,242.426093,36.887574,6,"1;2;3;7;8;11"
Root_1649,101.238675,21.939414,6,"0;2;3;7;8;11"
Root_1650,285.751693,41.517174,5,"2;3;7;8;11"
Root_1651,76.677181,17.535734,6,"0;1;3;7;8;11"
Root_1652,248.511213,37.813494,5,"1;3;7;8;11"
Root_1653,103.620115,22.865334,5,"0;3;7;8;11"
Root_1654,291.836813,42.443094,4,"3;7;8;11"
Root_1655,77.326451,18.523382,6,"0;1;2;7;8;11"
Root_1656,256.575341,38.801142,5,"1;2;7;8;11"
Root_1657,107.733651,23.852982,5,"0;2;7;8;11"
Root_1658,299.900941,43.430742,4,"2;7;8;11"
Root_1659,81.258589,19.449302,5,"0;1;7;8;11"
Root_1660,262.660461,39.727062,4,"1;7;8;11"
Root_1661,110.115091,24.778902,4,"0;7;8;11"
Root_1662,305.986061,44.356662,3,"7;8;11"
Root_1663,52.218208,13.443168,9,"0;1;2;3;4;5;6;8;11"
Root_1664,215.792982,33.720928,8,"1;2;3;4;5;6;8;11"
Root_1665,72.208064,18.772768,8,"0;2;3;4;5;6;8;11"
Root_1666,259.118582,38.350528,7,"2;3;4;5;6;8;11"
Root_1667,56.847808,14.369088,8,"0;1;3;4;5;6;8;11"
Root_1668,221.878102,34.646848,7,"1;3;4;5;6;8;11"
Root_1669,74.964896,19.698688,7,"0;3;4;5;6;8;11"
Root_1670,265.203702,39.276448,6,"3;4;5;6;8;11"
Root_1671,53.615744,15.356736,8,"0;1;2;4;5;6;8;11"
Root_1672,229.942230,35.634496,7,"1;2;4;5;6;8;11"
Root_1673,77.227552,20.686336,7,"0;2;4;5;6;8;11"
Root_1674,273.267830,40.264096,6,"2;4;5;6;8;11"
Root_1675,57.884736,16.282656,7,"0;1;4;5;6;8;11"
Root_1676,236.027350,36.560416,6,"1;4;5;6;8;11"
Root_1677,81.373078,21.612256,6,"0;4;5;6;8;11"
Root_1678,279.352950,41.190016,5,"4;5;6;8;11"
Root_1679,63.329248,15.665376,8,"0;1;2;3;5;6;8;11"
Root_1680,234.737270,35.943136,7,"1;2;3;5;6;8;11"
Root_1681,88.322582,20.994976,7,"0;2;3;5;6;8;11"
Root_1682,278.062870,40.572736,6,"2;3;5;6;8;11"
Root_1683,68.550144,16.591296,7,"0;1;3;5;6;8;11"
Root_1684,240.822390,36.869056,6,"1;3;5;6;8;11"
Root_1685,91.629942,21.920896,6,"0;3;5;6;8;11"
Root_1686,284.147990,41.498656,5,"3;5;6;8;11"
Root_1687,67.267328,17.578944,7,"0;1;2;5;6;8;11"
Root_1688,248.886518,37.856704,6,"1;2;5;6;8;11"
Root_1689,96.731126,22.908544,6,"0;2;5;6;8;11"
Root_1690,292.212118,42.486304,5,"2;5;6;8;11"
Root_1691,71.217984,18.504864,6,"0;1;5;6;8;11"
Root_1692,254.971638,38.782624,5,"1;5;6;8;11"
Root_1693,100.038486,23.834464,5,"0;5;6;8;11"
Root_1694,298.297238,43.412224,4,"5;6;8;11"
Root_1695,59.934208,14.986368,8,"0;1;2;3;4;6;8;11"
Root_1696,227.968182,35.264128,7,"1;2;3;4;6;8;11"
Root_1697,83.048640,20.315968,7,"0;2;3;4;6;8;11"
Root_1698,271.293782,39.893728,6,"2;3;4;6;8;11"
Root_1699,64.563808,15.912288,7,"0;1;3;4;6;8;11"
Root_1700,234.053302,36.190048,6,"1;3;4;6;8;11"
Root_1701,85.897878,21.241888,6,"0;3;4;6;8;11"
Root_1702,277.378902,40.819648,5,"3;4;6;8;11"
Root_1703,62.514272,16.899936,7,"0;1;2;4;6;8;11"
Root_1704,242.117430,37.177696,6,"1;2;4;6;8;11"
Root_1705,90.999062,22.229536,6,"0;2;4;6;8;11"
Root_1706,285.443030,41.807296,5,"2;4;6;8;11"
Root_1707,67.143936,17.825856,6,"0;1;4;6;8;11"
Root_1708,248.202550,38.103616,5,"1;4;6;8;11"
Root_1709,94.306422,23.155456,5,"0;4;6;8;11"
Root_1710,291.528150,42.733216,4,"4;6;8;11"
Root_1711,73.488320,17.208576,7,"0;1;2;3;6;8;11"
Root_1712,246.912470,37.486336,6,"1;2;3;6;8;11"
Root_1713,100.330006,22.538176,6,"0;2;3;6;8;11"
Root_1714,290.238070,42.115936,5,"2;3;6;8;11"
Root_1715,77.809344,18.134496,6,"0;1;3;6;8;11"
Root_1716,252.997590,38.412256,5,"1;3;6;8;11"
Root_1717,102.711446,23.464096,5,"0;3;6;8;11"
Root_1718,296.323190,43.041856,4,"3;6;8;11"
Root_1719,78.069728,19.122144,6,"0;1;2;6;8;11"
Root_1720,261.061718,39.399904,5,"1;2;6;8;11"
Root_1721,106.824982,24.451744,5,"0;2;6;8;11"
Root_1722,304.387318,44.029504,4,"2;6;8;11"
Root_1723,80.477184,20.048064,5,"0;1;6;8;11"
Root_1724,267.146838,40.325824,4,"1;6;8;11"
Root_1725,109.584086,25.377664,4,"0;6;8;11"
Root_1726,310.472438,44.955424,3,"6;8;11"
Root_1727,64.347760,15.869078,8,"0;1;2;3;4;5;8;11"
Root_1728,237.677997,36.146838,7,"1;2;3;4;5;8;11"
Root_1729,90.652202,21.198678,7,"0;2;3;4;5;8;11"
Root_1730,281.003597,40.776438,6,"2;3;4;5;8;11"
Root_1731,69.772358,16.794998,7,"0;1;3;4;5;8;11"
Root_1732,243.763117,37.072758,6,"1;3;4;5;8;11"
Root_1733,93.959562,22.124598,6,"0;3;4;5;8;11"
Root_1734,287.088717,41.702358,5,"3;4;5;8;11"
Root_1735,68.693245,17.782646,7,"0;1;2;4;5;8;11"
Root_1736,251.827245,38.060406,6,"1;2;4;5;8;11"
Root_1737,99.060746,23.112246,6,"0;2;4;5;8;11"
Root_1738,295.152845,42.690006,5,"2;4;5;8;11"
Root_1739,72.440198,18.708566,6,"0;1;4;5;8;11"
Root_1740,257.912365,38.986326,5,"1;4;5;8;11"
Root_1741,102.368106,24.038166,5,"0;4;5;8;11"
Root_1742,301.237965,43.615926,4,"4;5;8;11"
Root_1743,79.667293,18.091286,7,"0;1;2;3;5;8;11"
Root_1744,256.622285,38.369046,6,"1;2;3;5;8;11"
Root_1745,107.508979,23.420886,6,"0;2;3;5;8;11"
Root_1746,299.947885,42.998646,5,"2;3;5;8;11"
Root_1747,83.105606,19.017206,6,"0;1;3;5;8;11"
Root_1748,262.707405,39.294966,5,"1;3;5;8;11"
Root_1749,109.890419,24.346806,5,"0;3;5;8;11"
Root_1750,306.033005,43.924566,4,"3;5;8;11"
Root_1751,84.248701,20.004854,6,"0;1;2;5;8;11"
Root_1752,270.771533,40.282614,5,"1;2;5;8;11"
Root_1753,114.338410,25.334454,5,"0;2;5;8;11"
Root_1754,314.097133,44.912214,4,"2;5;8;11"
Root_1755,86.047421,20.930774,5,"0;1;5;8;11"
Root_1756,276.856653,41.208534,4,"1;5;8;11"
Root_1757,117.645770,26.260374,4,"0;5;8;11"
Root_1758,320.182253,45.838134,3,"5;8;11"
Root_1759,74.914237,17.412278,7,"0;1;2;3;4;8;11"
Root_1760,249.853197,37.690038,6,"1;2;3;4;8;11"
Root_1761,102.455923,22.741878,6,"0;2;3;4;8;11"
Root_1762,293.178797,42.319638,5,"2;3;4;8;11"
Root_1763,79.031558,18.338198,6,"0;1;3;4;8;11"
Root_1764,255.938317,38.615958,5,"1;3;4;8;11"
Root_1765,104.837363,23.667798,5,"0;3;4;8;11"
Root_1766,299.263917,43.245558,4,"3;4;8;11"
Root_1767,79.495645,19.325846,6,"0;1;2;4;8;11"
Root_1768,264.002445,39.603606,5,"1;2;4;8;11"
Root_1769,108.950899,24.655446,5,"0;2;4;8;11"
Root_1770,307.328045,44.233206,4,"2;4;8;11"
Root_1771,81.699398,20.251766,5,"0;1;4;8;11"
Root_1772,270.087565,40.529526,4,"1;4;8;11"
Root_1773,111.913706,25.581366,4,"0;4;8;11"
Root_1774,313.413165,45.159126,3,"4;8;11"
Root_1775,90.469693,19.634486,6,"0;1;2;3;8;11"
Root_1776,268.797485,39.912246,5,"1;2;3;8;11"
Root_1777,115.547293,24.964086,5,"0;2;3;8;11"
Root_1778,312.123085,44.541846,4,"2;3;8;11"
Root_1779,92.364806,20.560406,5,"0;1;3;8;11"
Root_1780,274.882605,40.838166,4,"1;3;8;11"
Root_1781,117.892819,25.890006,4,"0;3;8;11"
Root_1782,318.208205,45.467766,3,"3;8;11"
Root_1783,95.051101,21.548054,5,"0;1;2;8;11"
Root_1784,282.946733,41.825814,4,"1;2;8;11"
Root_1785,122.006355,26.877654,4,"0;2;8;11"
Root_1786,326.272333,46.455414,3,"2;8;11"
Root_1787,96.506621,22.473974,4,"0;1;8;11"
Root_1788,289.031853,42.751734,3,"1;8;11"
Root_1789,125.191370,27.803574,3,"0;8;11"
Root_1790,332.357453,47.381334,2,"8;11"
Root_1791,55.465152,15.048096,9,"0;1;2;3;4;5;6;7;11"
Root_1792,236.247190,35.325856,8,"1;2;3;4;5;6;7;11"
Root_1793,80.115232,20.377696,8,"0;2;3;4;5;6;7;11"
Root_1794,279.572790,39.955456,7,"2;3;4;5;6;7;11"
Root_1795,60.067520,15.974016,8,"0;1;3;4;5;6;7;11"
Root_1796,242.332310,36.251776,7,"1;3;4;5;6;7;11"
Root_1797,84.598934,21.303616,7,"0;3;4;5;6;7;11"
Root_1798,285.657910,40.881376,6,"3;4;5;6;7;11"
Root_1799,58.141440,16.961664,8,"0;1;2;4;5;6;7;11"
Root_1800,250.396438,37.239424,7,"1;2;4;5;6;7;11"
Root_1801,91.675414,22.291264,7,"0;2;4;5;6;7;11"
Root_1802,293.722038,41.869024,6,"2;4;5;6;7;11"
Root_1803,62.709376,17.887584,7,"0;1;4;5;6;7;11"
Root_1804,256.481558,38.165344,6,"1;4;5;6;7;11"
Root_1805,96.834614,23.217184,6,"0;4;5;6;7;11"
Root_1806,299.807158,42.794944,5,"4;5;6;7;11"
Root_1807,69.115488,17.270304,8,"0;1;2;3;5;6;7;11"
Root_1808,255.191478,37.548064,7,"1;2;3;5;6;7;11"
Root_1809,101.561910,22.599904,7,"0;2;3;5;6;7;11"
Root_1810,298.517078,42.177664,6,"2;3;5;6;7;11"
Root_1811,73.374784,18.196224,7,"0;1;3;5;6;7;11"
Root_1812,261.276598,38.473984,6,"1;3;5;6;7;11"
Root_1813,105.795190,23.525824,6,"0;3;5;6;7;11"
Root_1814,304.602198,43.103584,5,"3;5;6;7;11"
Root_1815,73.880768,19.183872,7,"0;1;2;5;6;7;11"
Root_1816,269.340726,39.461632,6,"1;2;5;6;7;11"
Root_1817,111.884022,24.513472,6,"0;2;5;6;7;11"
Root_1818,312.666326,44.091232,5,"2;5;6;7;11"
Root_1819,77.152416,20.109792,6,"0;1;5;6;7;11"
Root_1820,275.425846,40.387552,5,"1;5;6;7;11"
Root_1821,116.117302,25.439392,5,"0;5;6;7;11"
Root_1822,318.751446,45.017152,4,"5;6;7;11"
Root_1823,64.362432,16.591296,8,"0;1;2;3;4;6;7;11"
Root_1824,248.422390,36.869056,7,"1;2;3;4;6;7;11"
Root_1825,95.150838,21.920896,7,"0;2;3;4;6;7;11"
Root_1826,291.747990,41.498656,6,"2;3;4;6;7;11"
Root_1827,69.300736,17.517216,7,"0;1;3;4;6;7;11"
Root_1828,254.507510,37.794976,6,"1;3;4;6;7;11"
Root_1829,99.384118,22.846816,6,"0;3;4;6;7;11"
Root_1830,297.833110,42.424576,5,"3;4;6;7;11"
Root_1831,68.943840,18.504864,7,"0;1;2;4;6;7;11"
Root_1832,262.571638,38.782624,6,"1;2;4;6;7;11"
Root_1833,105.472950,23.834464,6,"0;2;4;6;7;11"
Root_1834,305.897238,43.412224,5,"2;4;6;7;11"
Root_1835,72.399360,19.430784,6,"0;1;4;6;7;11"
Root_1836,268.656758,39.708544,5,"1;4;6;7;11"
Root_1837,109.706230,24.760384,5,"0;4;6;7;11"
Root_1838,311.982358,44.338144,4,"4;6;7;11"
Root_1839,79.917888,18.813504,7,"0;1;2;3;6;7;11"
Root_1840,267.366678,39.091264,6,"1;2;3;6;7;11"
Root_1841,113.507606,24.143104,6,"0;2;3;6;7;11"
Root_1842,310.692278,43.720864,5,"2;3;6;7;11"
Root_1843,83.373408,19.739424,6,"0;1;3;6;7;11"
Root_1844,273.451798,40.017184,5,"1;3;6;7;11"
Root_1845,116.814966,25.069024,5,"0;3;6;7;11"
Root_1846,316.777398,44.646784,4,"3;6;7;11"
Root_1847,86.226368,20.727072,6,"0;1;2;6;7;11"
Root_1848,281.515926,41.004832,5,"1;2;6;7;11"
Root_1849,121.916150,26.056672,5,"0;2;6;7;11"
Root_1850,324.841526,45.634432,4,"2;6;7;11"
Root_1851,89.486710,21.652992,5,"0;1;6;7;11"
Root_1852,287.601046,41.930752,4,"1;6;7;11"
Root_1853,125.223510,26.982592,4,"0;6;7;11"
Root_1854,330.926646,46.560352,3,"6;7;11"
Root_1855,70.541405,17.474006,8,"0;1;2;3;4;5;7;11"
Root_1856,258.132205,37.751766,7,"1;2;3;4;5;7;11"
Root_1857,104.095232,22.803606,7,"0;2;3;4;5;7;11"
Root_1858,301.457805,42.381366,6,"2;3;4;5;7;11"
Root_1859,74.596998,18.399926,7,"0;1;3;4;5;7;11"
Root_1860,264.217325,38.677686,6,"1;3;4;5;7;11"
Root_1861,108.328512,23.729526,6,"0;3;4;5;7;11"
Root_1862,307.542925,43.307286,5,"3;4;5;7;11"
Root_1863,75.510387,19.387574,7,"0;1;2;4;5;7;11"
Root_1864,272.281453,39.665334,6,"1;2;4;5;7;11"
Root_1865,114.417344,24.717174,6,"0;2;4;5;7;11"
Root_1866,315.607053,44.294934,5,"2;4;5;7;11"
Root_1867,78.614035,20.313494,6,"0;1;4;5;7;11"
Root_1868,278.366573,40.591254,5,"1;4;5;7;11"
Root_1869,118.650624,25.643094,5,"0;4;5;7;11"
Root_1870,321.692173,45.220854,4,"4;5;7;11"
Root_1871,86.793075,19.696214,7,"0;1;2;3;5;7;11"
Root_1872,277.076493,39.973974,6,"1;2;3;5;7;11"
Root_1873,121.569290,25.025814,6,"0;2;3;5;7;11"
Root_1874,320.402093,44.603574,5,"2;3;5;7;11"
Root_1875,89.552381,20.622134,6,"0;1;3;5;7;11"
Root_1876,283.161613,40.899894,5,"1;3;5;7;11"
Root_1877,124.876650,25.951734,5,"0;3;5;7;11"
Root_1878,326.487213,45.529494,4,"3;5;7;11"
Root_1879,94.241034,21.609782,6,"0;1;2;5;7;11"
Root_1880,291.225741,41.887542,5,"1;2;5;7;11"
Root_1881,129.977834,26.939382,5,"0;2;5;7;11"
Root_1882,334.551341,46.517142,4,"2;5;7;11"
Root_1883,97.548394,22.535702,5,"0;1;5;7;11"
Root_1884,297.310861,42.813462,4,"1;5;7;11"
Root_1885,133.285194,27.865302,4,"0;5;7;11"
Root_1886,340.636461,47.443062,3,"5;7;11"
Root_1887,81.361011,19.017206,7,"0;1;2;3;4;7;11"
Root_1888,270.307405,39.294966,6,"1;2;3;4;7;11"
Root_1889,115.837226,24.346806,6,"0;2;3;4;7;11"
Root_1890,313.633005,43.924566,5,"2;3;4;7;11"
Root_1891,84.799325,19.943126,6,"0;1;3;4;7;11"
Root_1892,276.392525,40.220886,5,"1;3;4;7;11"
Root_1893,119.144586,25.272726,5,"0;3;4;7;11"
Root_1894,319.718125,44.850486,4,"3;4;7;11"
Root_1895,88.508970,20.930774,6,"0;1;2;4;7;11"
Root_1896,284.456653,41.208534,5,"1;2;4;7;11"
Root_1897,124.245770,26.260374,5,"0;2;4;7;11"
Root_1898,327.782253,45.838134,4,"2;4;7;11"
Root_1899,91.816330,21.856694,5,"0;1;4;7;11"
Root_1900,290.541773,42.134454,4,"1;4;7;11"
Root_1901,127.739424,27.186294,4,"0;4;7;11"
Root_1902,333.867373,46.764054,3,"4;7;11"
Root_1903,99.138675,21.239414,6,"0;1;2;3;7;11"
Root_1904,289.251693,41.517174,5,"1;2;3;7;11"
Root_1905,129.545875,26.569014,5,"0;2;3;7;11"
Root_1906,332.577293,46.146774,4,"2;3;7;11"
Root_1907,101.520115,22.165334,5,"0;1;3;7;11"
Root_1908,295.336813,42.443094,4,"1;3;7;11"
Root_1909,132.422250,27.494934,4,"0;3;7;11"
Root_1910,338.662413,47.072694,3,"3;7;11"
Root_1911,105.633651,23.152982,5,"0;1;2;7;11"
Root_1912,303.400941,43.430742,4,"1;2;7;11"
Root_1913,138.971181,28.482582,4,"0;2;7;11"
Root_1914,346.726541,48.060342,3,"2;7;11"
Root_1915,108.015091,24.078902,4,"0;1;7;11"
Root_1916,309.486061,44.356662,3,"1;7;11"
Root_1917,145.056301,29.408502,3,"0;7;11"
Root_1918,352.811661,48.986262,2,"7;11"
Root_1919,71.735296,18.072768,8,"0;1;2;3;4;5;6;11"
Root_1920,262.618582,38.350528,7,"1;2;3;4;5;6;11"
Root_1921,104.384086,23.402368,7,"0;2;3;4;5;6;11"
Root_1922,305.944182,42.980128,6,"2;3;4;5;6;11"
Root_1923,74.266208,18.998688,7,"0;1;3;4;5;6;11"
Root_1924,268.703702,39.276448,6,"1;3;4;5;6;11"
Root_1925,108.617366,24.328288,6,"0;3;4;5;6;11"
Root_1926,312.029302,43.906048,5,"3;4;5;6;11"
Root_1927,75.389472,19.986336,7,"0;1;2;4;5;6;11"
Root_1928,276.767830,40.264096,6,"1;2;4;5;6;11"
Root_1929,115.022134,25.315936,6,"0;2;4;5;6;11"
Root_1930,320.093430,44.893696,5,"2;4;5;6;11"
Root_1931,77.960822,20.912256,6,"0;1;4;5;6;11"
Root_1932,282.852950,41.190016,5,"1;4;5;6;11"
Root_1933,120.181334,26.241856,5,"0;4;5;6;11"
Root_1934,326.178550,45.819616,4,"4;5;6;11"
Root_1935,86.363520,20.294976,7,"0;1;2;3;5;6;11"
Root_1936,281.562870,40.572736,6,"1;2;3;5;6;11"
Root_1937,121.883958,25.624576,6,"0;2;3;5;6;11"
Root_1938,324.888470,45.202336,5,"2;3;5;6;11"
Root_1939,88.829942,21.220896,6,"0;1;3;5;6;11"
Root_1940,287.647990,41.498656,5,"1;3;5;6;11"
Root_1941,126.117238,26.550496,5,"0;3;5;6;11"
Root_1942,330.973590,46.128256,4,"3;5;6;11"
Root_1943,93.931126,22.208544,6,"0;1;2;5;6;11"
Root_1944,295.712118,42.486304,5,"1;2;5;6;11"
Root_1945,132.206070,27.538144,5,"0;2;5;6;11"
Root_1946,339.037718,47.115904,4,"2;5;6;11"
Root_1947,97.238486,23.134464,5,"0;1;5;6;11"
Root_1948,301.797238,43.412224,4,"1;5;6;11"
Root_1949,137.367478,28.464064,4,"0;5;6;11"
Root_1950,345.122838,48.041824,3,"5;6;11"
Root_1951,81.610464,19.615968,7,"0;1;2;3;4;6;11"
Root_1952,274.793782,39.893728,6,"1;2;3;4;6;11"
Root_1953,115.527318,24.945568,6,"0;2;3;4;6;11"
Root_1954,318.119382,44.523328,5,"2;3;4;6;11"
Root_1955,83.788192,20.541888,6,"0;1;3;4;6;11"
Root_1956,280.878902,40.819648,5,"1;3;4;6;11"
Root_1957,119.706166,25.871488,5,"0;3;4;6;11"
Root_1958,324.204502,45.449248,4,"3;4;6;11"
Root_1959,88.199062,21.529536,6,"0;1;2;4;6;11"
Root_1960,288.943030,41.807296,5,"1;2;4;6;11"
Root_1961,125.794998,26.859136,5,"0;2;4;6;11"
Root_1962,332.268630,46.436896,4,"2;4;6;11"
Root_1963,91.506422,22.455456,5,"0;1;4;6;11"
Root_1964,295.028150,42.733216,4,"1;4;6;11"
Root_1965,130.813334,27.785056,4,"0;4;6;11"
Root_1966,338.353750,47.362816,3,"4;6;11"
Root_1967,98.230006,21.838176,6,"0;1;2;3;6;11"
Root_1968,293.738070,42.115936,5,"1;2;3;6;11"
Root_1969,130.972758,27.167776,5,"0;2;3;6;11"
Root_1970,337.063670,46.745536,4,"2;3;6;11"
Root_1971,100.611446,22.764096,5,"0;1;3;6;11"
Root_1972,299.823190,43.041856,4,"1;3;6;11"
Root_1973,135.393430,28.093696,4,"0;3;6;11"
Root_1974,343.148790,47.671456,3,"3;6;11"
Root_1975,104.724982,23.751744,5,"0;1;2;6;11"
Root_1976,307.887318,44.029504,4,"1;2;6;11"
Root_1977,143.457558,29.081344,4,"0;2;6;11"
Root_1978,351.212918,48.659104,3,"2;6;11"
Root_1979,107.106422,24.677664,4,"0;1;6;11"
Root_1980,313.972438,44.955424,3,"1;6;11"
Root_1981,149.542678,30.007264,3,"0;6;11"
Root_1982,357.298038,49.585024,2,"6;11"
Root_1983,88.010323,20.498678,7,"0;1;2;3;4;5;11"
Root_1984,284.503597,40.776438,6,"1;2;3;4;5;11"
Root_1985,124.417280,25.828278,6,"0;2;3;4;5;11"
Root_1986,327.829197,45.406038,5,"2;3;4;5;11"
Root_1987,91.159562,21.424598,6,"0;1;3;4;5;11"
Root_1988,290.588717,41.702358,5,"1;3;4;5;11"
Root_1989,128.650560,26.754198,5,"0;3;4;5;11"
Root_1990,333.914317,46.331958,4,"3;4;5;11"
Root_1991,96.260746,22.412246,6,"0;1;2;4;5;11"
Root_1992,298.652845,42.690006,5,"1;2;4;5;11"
Root_1993,134.739392,27.741846,5,"0;2;4;5;11"
Root_1994,341.978445,47.319606,4,"2;4;5;11"
Root_1995,99.568106,23.338166,5,"0;1;4;5;11"
Root_1996,304.737965,43.615926,4,"1;4;5;11"
Root_1997,140.308205,28.667766,4,"0;4;5;11"
Root_1998,348.063565,48.245526,3,"4;5;11"
Root_1999,105.408979,22.720886,6,"0;1;2;3;5;11"
Root_2000,303.447885,42.998646,5,"1;2;3;5;11"
Root_2001,139.018125,28.050486,5,"0;2;3;5;11"
Root_2002,346.773485,47.628246,4,"2;3;5;11"
Root_2003,107.790419,23.646806,5,"0;1;3;5;11"
Root_2004,309.533005,43.924566,4,"1;3;5;11"
Root_2005,145.103245,28.976406,4,"0;3;5;11"
Root_2006,352.858605,48.554166,3,"3;5;11"
Root_2007,111.903955,24.634454,5,"0;1;2;5;11"
Root_2008,317.597133,44.912214,4,"1;2;5;11"
Root_2009,153.167373,29.964054,4,"0;2;5;11"
Root_2010,360.922733,49.541814,3,"2;5;11"
Root_2011,114.845770,25.560374,4,"0;1;5;11"
Root_2012,323.682253,45.838134,3,"1;5;11"
Root_2013,159.252493,30.889974,3,"0;5;11"
Root_2014,367.007853,50.467734,2,"5;11"
Root_2015,100.355923,22.041878,6,"0;1;2;3;4;11"
Root_2016,296.678797,42.319638,5,"1;2;3;4;11"
Root_2017,133.506080,27.371478,5,"0;2;3;4;11"
Root_2018,340.004397,46.949238,4,"2;3;4;11"
Root_2019,102.737363,22.967798,5,"0;1;3;4;11"
Root_2020,302.763917,43.245558,4,"1;3;4;11"
Root_2021,138.334157,28.297398,4,"0;3;4;11"
Root_2022,346.089517,47.875158,3,"3;4;11"
Root_2023,106.850899,23.955446,5,"0;1;2;4;11"
Root_2024,310.828045,44.233206,4,"1;2;4;11"
Root_2025,146.398285,29.285046,4,"0;2;4;11"
Root_2026,354.153645,48.862806,3,"2;4;11"
Root_2027,109.232339,24.881366,4,"0;1;4;11"
Root_2028,316.913165,45.159126,3,"1;4;11"
Root_2029,152.483405,30.210966,3,"0;4;11"
Root_2030,360.238765,49.788726,2,"4;11"
Root_2031,114.147293,24.264086,5,"0;1;2;3;11"
Root_2032,315.623085,44.541846,4,"1;2;3;11"
Root_2033,151.193325,29.593686,4,"0;2;3;11"
Root_2034,358.948685,49.171446,3,"2;3;11"
Root_2035,115.792819,25.190006,4,"0;1;3;11"
Root_2036,321.708205,45.467766,3,"1;3;11"
Root_2037,157.278445,30.519606,3,"0;3;11"
Root_2038,365.033805,50.097366,2,"3;11"
Root_2039,119.906355,26.177654,4,"0;1;2;11"
Root_2040,329.772333,46.455414,3,"1;2;11"
Root_2041,165.342573,31.507254,3,"0;2;11"
Root_2042,373.097933,51.085014,2,"2;11"
Root_2043,122.391370,27.103574,3,"0;1;11"
Root_2044,335.857453,47.381334,2,"1;11"
Root_2045,171.427693,32.433174,2,"0;11"
Root_2046,379.183053,52.010934,1,"11"
Root_2047,25.920864,8.051840,11,"0;1;2;3;4;5;6;7;8;9;10"
Root_2048,175.188374,29.029600,10,"1;2;3;4;5;6;7;8;9;10"
Root_2049,43.620704,14.081440,10,"0;2;3;4;5;6;7;8;9;10"
Root_2050,218.513974,33.659200,9,"2;3;4;5;6;7;8;9;10"
Root_2051,29.624544,8.977760,10,"0;1;3;4;5;6;7;8;9;10"
Root_2052,181.273494,29.955520,9,"1;3;4;5;6;7;8;9;10"
Root_2053,48.257664,15.007360,9,"0;3;4;5;6;7;8;9;10"
Root_2054,224.599094,34.585120,8,"3;4;5;6;7;8;9;10"
Root_2055,33.291168,10.665408,10,"0;1;2;4;5;6;7;8;9;10"
Root_2056,189.337622,30.943168,9,"1;2;4;5;6;7;8;9;10"
Root_2057,46.315584,15.995008,9,"0;2;4;5;6;7;8;9;10"
Root_2058,232.663222,35.572768,8,"2;4;5;6;7;8;9;10"
Root_2059,36.994848,11.591328,9,"0;1;4;5;6;7;8;9;10"
Root_2060,195.422742,31.869088,8,"1;4;5;6;7;8;9;10"
Root_2061,52.771104,16.920928,8,"0;4;5;6;7;8;9;10"
Root_2062,238.748342,36.498688,7,"4;5;6;7;8;9;10"
Root_2063,34.813344,10.274048,10,"0;1;2;3;5;6;7;8;9;10"
Root_2064,194.132662,31.251808,9,"1;2;3;5;6;7;8;9;10"
Root_2065,57.593280,16.303648,9,"0;2;3;5;6;7;8;9;10"
Root_2066,237.458262,35.881408,8,"2;3;5;6;7;8;9;10"
Root_2067,39.442944,11.199968,9,"0;1;3;5;6;7;8;9;10"
Root_2068,200.217782,32.177728,8,"1;3;5;6;7;8;9;10"
Root_2069,63.745152,17.229568,8,"0;3;5;6;7;8;9;10"
Root_2070,243.543382,36.807328,7,"3;5;6;7;8;9;10"
Root_2071,42.180000,12.887616,9,"0;1;2;5;6;7;8;9;10"
Root_2072,208.281910,33.165376,8,"1;2;5;6;7;8;9;10"
Root_2073,64.088256,18.217216,8,"0;2;5;6;7;8;9;10"
Root_2074,251.607510,37.794976,7,"2;5;6;7;8;9;10"
Root_2075,46.697216,13.813536,8,"0;1;5;6;7;8;9;10"
Root_2076,214.367030,34.091296,7,"1;5;6;7;8;9;10"
Root_2077,68.326560,19.143136,7,"0;5;6;7;8;9;10"
Root_2078,257.692630,38.720896,6,"5;6;7;8;9;10"
Root_2079,32.093664,9.595040,10,"0;1;2;3;4;6;7;8;9;10"
Root_2080,187.363574,30.572800,9,"1;2;3;4;6;7;8;9;10"
Root_2081,52.510656,15.624640,9,"0;2;3;4;6;7;8;9;10"
Root_2082,230.689174,35.202400,8,"2;3;4;6;7;8;9;10"
Root_2083,36.047904,10.520960,9,"0;1;3;4;6;7;8;9;10"
Root_2084,193.448694,31.498720,8,"1;3;4;6;7;8;9;10"
Root_2085,58.992096,16.550560,8,"0;3;4;6;7;8;9;10"
Root_2086,236.774294,36.128320,7,"3;4;6;7;8;9;10"
Root_2087,39.463968,12.208608,9,"0;1;2;4;6;7;8;9;10"
Root_2088,201.512822,32.486368,8,"1;2;4;6;7;8;9;10"
Root_2089,58.656192,17.538208,8,"0;2;4;6;7;8;9;10"
Root_2090,244.838422,37.115968,7,"2;4;6;7;8;9;10"
Root_2091,43.302176,13.134528,8,"0;1;4;6;7;8;9;10"
Root_2092,207.597942,33.412288,7,"1;4;6;7;8;9;10"
Root_2093,63.573504,18.464128,7,"0;4;6;7;8;9;10"
Root_2094,250.923542,38.041888,6,"4;6;7;8;9;10"
Root_2095,42.529344,11.817248,9,"0;1;2;3;6;7;8;9;10"
Root_2096,206.307862,32.795008,8,"1;2;3;6;7;8;9;10"
Root_2097,69.938880,17.846848,8,"0;2;3;6;7;8;9;10"
Root_2098,249.633462,37.424608,7,"2;3;6;7;8;9;10"
Root_2099,47.158944,12.743168,8,"0;1;3;6;7;8;9;10"
Root_2100,212.392982,33.720928,7,"1;3;6;7;8;9;10"
Root_2101,74.547552,18.772768,7,"0;3;6;7;8;9;10"
Root_2102,255.718582,38.350528,6,"3;6;7;8;9;10"
Root_2103,49.783616,14.430816,8,"0;1;2;6;7;8;9;10"
Root_2104,220.457110,34.708576,7,"1;2;6;7;8;9;10"
Root_2105,76.433856,19.760416,7,"0;2;6;7;8;9;10"
Root_2106,263.782710,39.338176,6,"2;6;7;8;9;10"
Root_2107,54.694624,15.356736,7,"0;1;6;7;8;9;10"
Root_2108,226.542230,35.634496,6,"1;6;7;8;9;10"
Root_2109,79.128960,20.686336,6,"0;6;7;8;9;10"
Root_2110,269.867830,40.264096,5,"6;7;8;9;10"
Root_2111,35.831856,10.477750,10,"0;1;2;3;4;5;7;8;9;10"
Root_2112,197.073389,31.455510,9,"1;2;3;4;5;7;8;9;10"
Root_2113,59.222899,16.507350,9,"0;2;3;4;5;7;8;9;10"
Root_2114,240.398989,36.085110,8,"2;3;4;5;7;8;9;10"
Root_2115,40.461456,11.403670,9,"0;1;3;4;5;7;8;9;10"
Root_2116,203.158509,32.381430,8,"1;3;4;5;7;8;9;10"
Root_2117,65.171069,17.433270,8,"0;3;4;5;7;8;9;10"
Root_2118,246.484109,37.011030,7,"3;4;5;7;8;9;10"
Root_2119,43.086128,13.091318,9,"0;1;2;4;5;7;8;9;10"
Root_2120,211.222637,33.369078,8,"1;2;4;5;7;8;9;10"
Root_2121,65.717875,18.420918,8,"0;2;4;5;7;8;9;10"
Root_2122,254.548237,37.998678,7,"2;4;5;7;8;9;10"
Root_2123,47.715728,14.017238,8,"0;1;4;5;7;8;9;10"
Root_2124,217.307757,34.294998,7,"1;4;5;7;8;9;10"
Root_2125,69.752477,19.346838,7,"0;4;5;7;8;9;10"
Root_2126,260.633357,38.924598,6,"4;5;7;8;9;10"
Root_2127,46.942896,12.699958,9,"0;1;2;3;5;7;8;9;10"
Root_2128,216.017677,33.677718,8,"1;2;3;5;7;8;9;10"
Root_2129,77.000563,18.729558,8,"0;2;3;5;7;8;9;10"
Root_2130,259.343277,38.307318,7,"2;3;5;7;8;9;10"
Root_2131,52.198374,13.625878,8,"0;1;3;5;7;8;9;10"
Root_2132,222.102797,34.603638,7,"1;3;5;7;8;9;10"
Root_2133,80.726525,19.655478,7,"0;3;5;7;8;9;10"
Root_2134,265.428397,39.233238,6,"3;5;7;8;9;10"
Root_2135,54.435366,15.313526,8,"0;1;2;5;7;8;9;10"
Root_2136,230.166925,35.591286,7,"1;2;5;7;8;9;10"
Root_2137,83.495539,20.643126,7,"0;2;5;7;8;9;10"
Root_2138,273.492525,40.220886,6,"2;5;7;8;9;10"
Root_2139,60.230333,16.239446,7,"0;1;5;7;8;9;10"
Root_2140,236.252045,36.517206,6,"1;5;7;8;9;10"
Root_2141,86.789226,21.569046,6,"0;5;7;8;9;10"
Root_2142,279.577645,41.146806,5,"5;7;8;9;10"
Root_2143,43.547856,12.020950,9,"0;1;2;3;4;7;8;9;10"
Root_2144,209.248589,32.998710,8,"1;2;3;4;7;8;9;10"
Root_2145,71.568499,18.050550,8,"0;2;3;4;7;8;9;10"
Root_2146,252.574189,37.628310,7,"2;3;4;7;8;9;10"
Root_2147,48.177456,12.946870,8,"0;1;3;4;7;8;9;10"
Root_2148,215.333709,33.924630,7,"1;3;4;7;8;9;10"
Root_2149,75.973469,18.976470,7,"0;3;4;7;8;9;10"
Root_2150,258.659309,38.554230,6,"3;4;7;8;9;10"
Root_2151,50.802128,14.634518,8,"0;1;2;4;7;8;9;10"
Root_2152,223.397837,34.912278,7,"1;2;4;7;8;9;10"
Root_2153,78.063475,19.964118,7,"0;2;4;7;8;9;10"
Root_2154,266.723437,39.541878,6,"2;4;7;8;9;10"
Root_2155,55.916838,15.560438,7,"0;1;4;7;8;9;10"
Root_2156,229.482957,35.838198,6,"1;4;7;8;9;10"
Root_2157,81.167123,20.890038,6,"0;4;7;8;9;10"
Root_2158,272.808557,40.467798,5,"4;7;8;9;10"
Root_2159,55.902054,14.243158,8,"0;1;2;3;7;8;9;10"
Root_2160,228.192877,35.220918,7,"1;2;3;7;8;9;10"
Root_2161,89.346163,20.272758,7,"0;2;3;7;8;9;10"
Root_2162,271.518477,39.850518,6,"2;3;7;8;9;10"
Root_2163,61.551325,15.169078,7,"0;1;3;7;8;9;10"
Root_2164,234.277997,36.146838,6,"1;3;7;8;9;10"
Root_2165,91.727603,21.198678,6,"0;3;7;8;9;10"
Root_2166,277.603597,40.776438,5,"3;7;8;9;10"
Root_2167,65.433939,16.856726,7,"0;1;2;7;8;9;10"
Root_2168,242.342125,37.134486,6,"1;2;7;8;9;10"
Root_2169,95.841139,22.186326,6,"0;2;7;8;9;10"
Root_2170,285.667725,41.764086,5,"2;7;8;9;10"
Root_2171,71.032733,17.782646,6,"0;1;7;8;9;10"
Root_2172,248.427245,38.060406,5,"1;7;8;9;10"
Root_2173,98.222579,23.112246,5,"0;7;8;9;10"
Root_2174,291.752845,42.690006,4,"7;8;9;10"
Root_2175,42.325664,11.776512,10,"0;1;2;3;4;5;6;8;9;10"
Root_2176,201.559766,32.054272,9,"1;2;3;4;5;6;8;9;10"
Root_2177,61.982208,17.106112,9,"0;2;3;4;5;6;8;9;10"
Root_2178,244.885366,36.683872,8,"2;3;4;5;6;8;9;10"
Root_2179,46.955264,12.702432,9,"0;1;3;4;5;6;8;9;10"
Root_2180,207.644886,32.980192,8,"1;3;4;5;6;8;9;10"
Root_2181,66.405696,18.032032,8,"0;3;4;5;6;8;9;10"
Root_2182,250.970486,37.609792,7,"3;4;5;6;8;9;10"
Root_2183,46.079936,13.690080,9,"0;1;2;4;5;6;8;9;10"
Root_2184,215.709014,33.967840,8,"1;2;4;5;6;8;9;10"
Root_2185,66.563616,19.019680,8,"0;2;4;5;6;8;9;10"
Root_2186,259.034614,38.597440,7,"2;4;5;6;8;9;10"
Root_2187,50.709536,14.616000,8,"0;1;4;5;6;8;9;10"
Root_2188,221.794134,34.893760,7,"1;4;5;6;8;9;10"
Root_2189,69.073536,19.945600,7,"0;4;5;6;8;9;10"
Root_2190,265.119734,39.523360,6,"4;5;6;8;9;10"
Root_2191,54.435424,13.998720,9,"0;1;2;3;5;6;8;9;10"
Root_2192,220.504054,34.276480,8,"1;2;3;5;6;8;9;10"
Root_2193,77.537664,19.328320,8,"0;2;3;5;6;8;9;10"
Root_2194,263.829654,38.906080,7,"2;3;5;6;8;9;10"
Root_2195,59.990944,14.924640,8,"0;1;3;5;6;8;9;10"
Root_2196,226.589174,35.202400,7,"1;3;5;6;8;9;10"
Root_2197,79.738944,20.254240,7,"0;3;5;6;8;9;10"
Root_2198,269.914774,39.832000,6,"3;5;6;8;9;10"
Root_2199,57.190976,15.912288,8,"0;1;2;5;6;8;9;10"
Root_2200,234.653302,36.190048,7,"1;2;5;6;8;9;10"
Root_2201,83.171958,21.241888,7,"0;2;5;6;8;9;10"
Root_2202,277.978902,40.819648,6,"2;5;6;8;9;10"
Root_2203,62.658784,16.838208,7,"0;1;5;6;8;9;10"
Root_2204,240.738422,37.115968,6,"1;5;6;8;9;10"
Root_2205,86.479318,22.167808,6,"0;5;6;8;9;10"
Root_2206,284.064022,41.745568,5,"5;6;8;9;10"
Root_2207,50.361376,13.319712,9,"0;1;2;3;4;6;8;9;10"
Root_2208,213.734966,33.597472,8,"1;2;3;4;6;8;9;10"
Root_2209,72.784608,18.649312,8,"0;2;3;4;6;8;9;10"
Root_2210,257.060566,38.227072,7,"2;3;4;6;8;9;10"
Root_2211,55.916896,14.245632,8,"0;1;3;4;6;8;9;10"
Root_2212,219.820086,34.523392,7,"1;3;4;6;8;9;10"
Root_2213,75.664896,19.575232,7,"0;3;4;6;8;9;10"
Root_2214,263.145686,39.152992,6,"3;4;6;8;9;10"
Root_2215,53.795936,15.233280,8,"0;1;2;4;6;8;9;10"
Root_2216,227.884214,35.511040,7,"1;2;4;6;8;9;10"
Root_2217,77.651104,20.562880,7,"0;2;4;6;8;9;10"
Root_2218,271.209814,40.140640,6,"2;4;6;8;9;10"
Root_2219,58.584736,16.159200,7,"0;1;4;6;8;9;10"
Root_2220,233.969334,36.436960,6,"1;4;6;8;9;10"
Root_2221,80.747254,21.488800,6,"0;4;6;8;9;10"
Root_2222,277.294934,41.066560,5,"4;6;8;9;10"
Root_2223,63.694624,15.541920,8,"0;1;2;3;6;8;9;10"
Root_2224,232.679254,35.819680,7,"1;2;3;6;8;9;10"
Root_2225,88.437494,20.871520,7,"0;2;3;6;8;9;10"
Root_2226,276.004854,40.449280,6,"2;3;6;8;9;10"
Root_2227,69.250144,16.467840,7,"0;1;3;6;8;9;10"
Root_2228,238.764374,36.745600,6,"1;3;6;8;9;10"
Root_2229,90.818934,21.797440,6,"0;3;6;8;9;10"
Root_2230,282.089974,41.375200,5,"3;6;8;9;10"
Root_2231,67.843872,17.455488,7,"0;1;2;6;8;9;10"
Root_2232,246.828502,37.733248,6,"1;2;6;8;9;10"
Root_2233,94.932470,22.785088,6,"0;2;6;8;9;10"
Root_2234,290.154102,42.362848,5,"2;6;8;9;10"
Root_2235,71.917984,18.381408,6,"0;1;6;8;9;10"
Root_2236,252.913622,38.659168,5,"1;6;8;9;10"
Root_2237,97.350838,23.711008,5,"0;6;8;9;10"
Root_2238,296.239222,43.288768,4,"6;8;9;10"
Root_2239,55.657638,14.202422,9,"0;1;2;3;4;5;8;9;10"
Root_2240,223.444781,34.480182,8,"1;2;3;4;5;8;9;10"
Root_2241,78.963581,19.532022,8,"0;2;3;4;5;8;9;10"
Root_2242,266.770381,39.109782,7,"2;3;4;5;8;9;10"
Root_2243,61.213158,15.128342,8,"0;1;3;4;5;8;9;10"
Root_2244,229.529901,35.406102,7,"1;3;4;5;8;9;10"
Root_2245,81.141309,20.457942,7,"0;3;4;5;8;9;10"
Root_2246,272.855501,40.035702,6,"3;4;5;8;9;10"
Root_2247,58.467389,16.115990,8,"0;1;2;4;5;8;9;10"
Root_2248,237.594029,36.393750,7,"1;2;4;5;8;9;10"
Root_2249,85.501578,21.445590,7,"0;2;4;5;8;9;10"
Root_2250,280.919629,41.023350,6,"2;4;5;8;9;10"
Root_2251,63.880998,17.041910,7,"0;1;4;5;8;9;10"
Root_2252,243.679149,37.319670,6,"1;4;5;8;9;10"
Root_2253,88.808938,22.371510,6,"0;4;5;8;9;10"
Root_2254,287.004749,41.949270,5,"4;5;8;9;10"
Root_2255,69.441437,16.424630,8,"0;1;2;3;5;8;9;10"
Root_2256,242.389069,36.702390,7,"1;2;3;5;8;9;10"
Root_2257,95.616467,21.754230,7,"0;2;3;5;8;9;10"
Root_2258,285.714669,41.331990,6,"2;3;5;8;9;10"
Root_2259,74.546406,17.350550,7,"0;1;3;5;8;9;10"
Root_2260,248.474189,37.628310,6,"1;3;5;8;9;10"
Root_2261,97.997907,22.680150,6,"0;3;5;8;9;10"
Root_2262,291.799789,42.257910,5,"3;5;8;9;10"
Root_2263,74.022845,18.338198,7,"0;1;2;5;8;9;10"
Root_2264,256.538317,38.615958,6,"1;2;5;8;9;10"
Root_2265,102.111443,23.667798,6,"0;2;5;8;9;10"
Root_2266,299.863917,43.245558,5,"2;5;8;9;10"
Root_2267,77.214246,19.264118,6,"0;1;5;8;9;10"
Root_2268,262.623437,39.541878,5,"1;5;8;9;10"
Root_2269,105.412522,24.593718,5,"0;5;8;9;10"
Root_2270,305.949037,44.171478,4,"5;8;9;10"
Root_2271,64.916838,15.745622,8,"0;1;2;3;4;8;9;10"
Root_2272,235.619981,36.023382,7,"1;2;3;4;8;9;10"
Root_2273,90.563411,21.075222,7,"0;2;3;4;8;9;10"
Root_2274,278.945581,40.652982,6,"2;3;4;8;9;10"
Root_2275,70.472358,16.671542,7,"0;1;3;4;8;9;10"
Root_2276,241.705101,36.949302,6,"1;3;4;8;9;10"
Root_2277,92.944851,22.001142,6,"0;3;4;8;9;10"
Root_2278,285.030701,41.578902,5,"3;4;8;9;10"
Root_2279,69.269789,17.659190,7,"0;1;2;4;8;9;10"
Root_2280,249.769229,37.936950,6,"1;2;4;8;9;10"
Root_2281,97.058387,22.988790,6,"0;2;4;8;9;10"
Root_2282,293.094829,42.566550,5,"2;4;8;9;10"
Root_2283,73.140198,18.585110,6,"0;1;4;8;9;10"
Root_2284,255.854349,38.862870,5,"1;4;8;9;10"
Root_2285,99.680458,23.914710,5,"0;4;8;9;10"
Root_2286,299.179949,43.492470,4,"4;8;9;10"
Root_2287,80.243837,17.967830,7,"0;1;2;3;8;9;10"
Root_2288,254.564269,38.245590,6,"1;2;3;8;9;10"
Root_2289,105.321437,23.297430,6,"0;2;3;8;9;10"
Root_2290,297.889869,42.875190,5,"2;3;8;9;10"
Root_2291,83.805606,18.893750,6,"0;1;3;8;9;10"
Root_2292,260.649389,39.171510,5,"1;3;8;9;10"
Root_2293,107.326227,24.223350,5,"0;3;8;9;10"
Root_2294,303.974989,43.801110,4,"3;8;9;10"
Root_2295,84.825245,19.881398,6,"0;1;2;8;9;10"
Root_2296,268.713517,40.159158,5,"1;2;8;9;10"
Root_2297,111.650762,25.210998,5,"0;2;8;9;10"
Root_2298,312.039117,44.788758,4,"2;8;9;10"
Root_2299,86.473446,20.807318,5,"0;1;8;9;10"
Root_2300,274.798637,41.085078,4,"1;8;9;10"
Root_2301,114.958122,26.136918,4,"0;8;9;10"
Root_2302,318.124237,45.714678,3,"8;9;10"
Root_2303,44.439264,12.681440,10,"0;1;2;3;4;5;6;7;9;10"
Root_2304,222.013974,33.659200,9,"1;2;3;4;5;6;7;9;10"
Root_2305,68.411776,18.711040,9,"0;2;3;4;5;6;7;9;10"
Root_2306,265.339574,38.288800,8,"2;3;4;5;6;7;9;10"
Root_2307,48.750304,13.607360,9,"0;1;3;4;5;6;7;9;10"
Root_2308,228.099094,34.585120,8,"1;3;4;5;6;7;9;10"
Root_2309,71.867296,19.636960,8,"0;3;4;5;6;7;9;10"
Root_2310,271.424694,39.214720,7,"3;4;5;6;7;9;10"
Root_2311,49.299648,15.295008,9,"0;1;2;4;5;6;7;9;10"
Root_2312,236.163222,35.572768,8,"1;2;4;5;6;7;9;10"
Root_2313,74.964608,20.624608,8,"0;2;4;5;6;7;9;10"
Root_2314,279.488822,40.202368,7,"2;4;5;6;7;9;10"
Root_2315,54.150176,16.220928,8,"0;1;4;5;6;7;9;10"
Root_2316,242.248342,36.498688,7,"1;4;5;6;7;9;10"
Root_2317,79.942134,21.550528,7,"0;4;5;6;7;9;10"
Root_2318,285.573942,41.128288,6,"4;5;6;7;9;10"
Root_2319,55.231744,14.903648,9,"0;1;2;3;5;6;7;9;10"
Root_2320,240.958262,35.881408,8,"1;2;3;5;6;7;9;10"
Root_2321,86.336086,20.933248,8,"0;2;3;5;6;7;9;10"
Root_2322,284.283862,40.511008,7,"2;3;5;6;7;9;10"
Root_2323,60.615584,15.829568,8,"0;1;3;5;6;7;9;10"
Root_2324,247.043382,36.807328,7,"1;3;5;6;7;9;10"
Root_2325,90.569366,21.859168,7,"0;3;5;6;7;9;10"
Root_2326,290.368982,41.436928,6,"3;5;6;7;9;10"
Root_2327,63.471040,17.517216,8,"0;1;2;5;6;7;9;10"
Root_2328,255.107510,37.794976,7,"1;2;5;6;7;9;10"
Root_2329,96.658198,22.846816,7,"0;2;5;6;7;9;10"
Root_2330,298.433110,42.424576,6,"2;5;6;7;9;10"
Root_2331,67.483424,18.443136,7,"0;1;5;6;7;9;10"
Root_2332,261.192630,38.720896,6,"1;5;6;7;9;10"
Root_2333,100.990134,23.772736,6,"0;5;6;7;9;10"
Root_2334,304.518230,43.350496,5,"5;6;7;9;10"
Root_2335,51.836704,14.224640,9,"0;1;2;3;4;6;7;9;10"
Root_2336,234.189174,35.202400,8,"1;2;3;4;6;7;9;10"
Root_2337,80.468416,20.254240,8,"0;2;3;4;6;7;9;10"
Root_2338,277.514774,39.832000,7,"2;3;4;6;7;9;10"
Root_2339,56.541536,15.150560,8,"0;1;3;4;6;7;9;10"
Root_2340,240.274294,36.128320,7,"1;3;4;6;7;9;10"
Root_2341,84.158294,21.180160,7,"0;3;4;6;7;9;10"
Root_2342,283.599894,40.757920,6,"3;4;6;7;9;10"
Root_2343,58.717984,16.838208,8,"0;1;2;4;6;7;9;10"
Root_2344,248.338422,37.115968,7,"1;2;4;6;7;9;10"
Root_2345,90.247126,22.167808,7,"0;2;4;6;7;9;10"
Root_2346,291.664022,41.745568,6,"2;4;6;7;9;10"
Root_2347,63.409376,17.764128,7,"0;1;4;6;7;9;10"
Root_2348,254.423542,38.041888,6,"1;4;6;7;9;10"
Root_2349,94.480406,23.093728,6,"0;4;6;7;9;10"
Root_2350,297.749142,42.671488,5,"4;6;7;9;10"
Root_2351,64.792032,16.446848,8,"0;1;2;3;6;7;9;10"
Root_2352,253.133462,37.424608,7,"1;2;3;6;7;9;10"
Root_2353,99.948438,22.476448,7,"0;2;3;6;7;9;10"
Root_2354,296.459062,42.054208,6,"2;3;6;7;9;10"
Root_2355,69.874784,17.372768,7,"0;1;3;6;7;9;10"
Root_2356,259.218582,38.350528,6,"1;3;6;7;9;10"
Root_2357,103.255798,23.402368,6,"0;3;6;7;9;10"
Root_2358,302.544182,42.980128,5,"3;6;7;9;10"
Root_2359,74.333856,19.060416,7,"0;1;2;6;7;9;10"
Root_2360,267.282710,39.338176,6,"1;2;6;7;9;10"
Root_2361,109.072918,24.390016,6,"0;2;6;7;9;10"
Root_2362,310.608310,43.967776,5,"2;6;7;9;10"
Root_2363,77.728960,19.986336,6,"0;1;6;7;9;10"
Root_2364,273.367830,40.264096,5,"1;6;7;9;10"
Root_2365,113.306198,25.315936,5,"0;6;7;9;10"
Root_2366,316.693430,44.893696,4,"6;7;9;10"
Root_2367,56.282278,15.107350,9,"0;1;2;3;4;5;7;9;10"
Root_2368,243.898989,36.085110,8,"1;2;3;4;5;7;9;10"
Root_2369,88.869408,21.136950,8,"0;2;3;4;5;7;9;10"
Root_2370,287.224589,40.714710,7,"2;3;4;5;7;9;10"
Root_2371,61.837798,16.033270,8,"0;1;3;4;5;7;9;10"
Root_2372,249.984109,37.011030,7,"1;3;4;5;7;9;10"
Root_2373,93.102688,22.062870,7,"0;3;4;5;7;9;10"
Root_2374,293.309709,41.640630,6,"3;4;5;7;9;10"
Root_2375,64.896957,17.720918,8,"0;1;2;4;5;7;9;10"
Root_2376,258.048237,37.998678,7,"1;2;4;5;7;9;10"
Root_2377,99.191520,23.050518,7,"0;2;4;5;7;9;10"
Root_2378,301.373837,42.628278,6,"2;4;5;7;9;10"
Root_2379,68.705638,18.646838,7,"0;1;4;5;7;9;10"
Root_2380,264.133357,38.924598,6,"1;4;5;7;9;10"
Root_2381,103.727158,23.976438,6,"0;4;5;7;9;10"
Root_2382,307.458957,43.554198,5,"4;5;7;9;10"
Root_2383,70.971005,17.329558,8,"0;1;2;3;5;7;9;10"
Root_2384,262.843277,38.307318,7,"1;2;3;5;7;9;10"
Root_2385,108.010122,23.359158,7,"0;2;3;5;7;9;10"
Root_2386,306.168877,42.936918,6,"2;3;5;7;9;10"
Root_2387,75.171046,18.255478,7,"0;1;3;5;7;9;10"
Root_2388,268.928397,39.233238,6,"1;3;5;7;9;10"
Root_2389,111.928480,24.285078,6,"0;3;5;7;9;10"
Root_2390,312.253997,43.862838,5,"3;5;7;9;10"
Root_2391,81.395539,19.943126,7,"0;1;2;5;7;9;10"
Root_2392,276.992525,40.220886,6,"1;2;5;7;9;10"
Root_2393,118.017312,25.272726,6,"0;2;5;7;9;10"
Root_2394,320.318125,44.850486,5,"2;5;7;9;10"
Root_2395,84.120179,20.869046,6,"0;1;5;7;9;10"
Root_2396,283.077645,41.146806,5,"1;5;7;9;10"
Root_2397,122.250592,26.198646,5,"0;5;7;9;10"
Root_2398,326.403245,45.776406,4,"5;7;9;10"
Root_2399,66.217949,16.650550,8,"0;1;2;3;4;7;9;10"
Root_2400,256.074189,37.628310,7,"1;2;3;4;7;9;10"
Root_2401,102.278058,22.680150,7,"0;2;3;4;7;9;10"
Root_2402,299.399789,42.257910,6,"2;3;4;7;9;10"
Root_2403,71.096998,17.576470,7,"0;1;3;4;7;9;10"
Root_2404,262.159309,38.554230,6,"1;3;4;7;9;10"
Root_2405,105.585418,23.606070,6,"0;3;4;7;9;10"
Root_2406,305.484909,43.183830,5,"3;4;7;9;10"
Root_2407,75.963475,19.264118,7,"0;1;2;4;7;9;10"
Root_2408,270.223437,39.541878,6,"1;2;4;7;9;10"
Root_2409,111.606240,24.593718,6,"0;2;4;7;9;10"
Root_2410,313.549037,44.171478,5,"2;4;7;9;10"
Root_2411,79.154877,20.190038,6,"0;1;4;7;9;10"
Root_2412,276.308557,40.467798,5,"1;4;7;9;10"
Root_2413,115.839520,25.519638,5,"0;4;7;9;10"
Root_2414,319.634157,45.097398,4,"4;7;9;10"
Root_2415,81.773405,18.872758,7,"0;1;2;3;7;9;10"
Root_2416,275.018477,39.850518,6,"1;2;3;7;9;10"
Root_2417,118.881642,24.902358,6,"0;2;3;7;9;10"
Root_2418,318.344077,44.480118,5,"2;3;7;9;10"
Root_2419,85.228925,19.798678,6,"0;1;3;7;9;10"
Root_2420,281.103597,40.776438,5,"1;3;7;9;10"
Root_2421,122.189002,25.828278,5,"0;3;7;9;10"
Root_2422,324.429197,45.406038,4,"3;7;9;10"
Root_2423,93.741139,21.486326,6,"0;1;2;7;9;10"
Root_2424,289.167725,41.764086,5,"1;2;7;9;10"
Root_2425,127.290186,26.815926,5,"0;2;7;9;10"
Root_2426,332.493325,46.393686,4,"2;7;9;10"
Root_2427,96.122579,22.412246,5,"0;1;7;9;10"
Root_2428,295.252845,42.690006,4,"1;7;9;10"
Root_2429,131.339392,27.741846,4,"0;7;9;10"
Root_2430,338.578445,47.319606,3,"7;9;10"
Root_2431,63.176096,16.406112,9,"0;1;2;3;4;5;6;9;10"
Root_2432,248.385366,36.683872,8,"1;2;3;4;5;6;9;10"
Root_2433,89.158262,21.735712,8,"0;2;3;4;5;6;9;10"
Root_2434,291.710966,41.313472,7,"2;3;4;5;6;9;10"
Root_2435,67.373664,17.332032,8,"0;1;3;4;5;6;9;10"
Root_2436,254.470486,37.609792,7,"1;3;4;5;6;9;10"
Root_2437,93.391542,22.661632,7,"0;3;4;5;6;9;10"
Root_2438,297.796086,42.239392,6,"3;4;5;6;9;10"
Root_2439,65.843936,18.319680,8,"0;1;2;4;5;6;9;10"
Root_2440,262.534614,38.597440,7,"1;2;4;5;6;9;10"
Root_2441,99.480374,23.649280,7,"0;2;4;5;6;9;10"
Root_2442,305.860214,43.227040,6,"2;4;5;6;9;10"
Root_2443,68.373536,19.245600,7,"0;1;4;5;6;9;10"
Root_2444,268.619734,39.523360,6,"1;4;5;6;9;10"
Root_2445,104.614774,24.575200,6,"0;4;5;6;9;10"
Root_2446,311.945334,44.152960,5,"4;5;6;9;10"
Root_2447,76.509344,18.628320,8,"0;1;2;3;5;6;9;10"
Root_2448,267.329654,38.906080,7,"1;2;3;5;6;9;10"
Root_2449,107.984054,23.957920,7,"0;2;3;5;6;9;10"
Root_2450,310.655254,43.535680,6,"2;3;5;6;9;10"
Root_2451,79.038944,19.554240,7,"0;1;3;5;6;9;10"
Root_2452,273.414774,39.832000,6,"1;3;5;6;9;10"
Root_2453,112.217334,24.883840,6,"0;3;5;6;9;10"
Root_2454,316.740374,44.461600,5,"3;5;6;9;10"
Root_2455,80.719072,20.541888,7,"0;1;2;5;6;9;10"
Root_2456,281.478902,40.819648,6,"1;2;5;6;9;10"
Root_2457,119.177654,25.871488,6,"0;2;5;6;9;10"
Root_2458,324.804502,45.449248,5,"2;5;6;9;10"
Root_2459,83.679318,21.467808,6,"0;1;5;6;9;10"
Root_2460,287.564022,41.745568,5,"1;5;6;9;10"
Root_2461,124.336854,26.797408,5,"0;5;6;9;10"
Root_2462,330.889622,46.375168,4,"5;6;9;10"
Root_2463,72.435296,17.949312,8,"0;1;2;3;4;6;9;10"
Root_2464,260.560566,38.227072,7,"1;2;3;4;6;9;10"
Root_2465,101.968150,23.278912,7,"0;2;3;4;6;9;10"
Root_2466,303.886166,42.856672,6,"2;3;4;6;9;10"
Root_2467,75.089664,18.875232,7,"0;1;3;4;6;9;10"
Root_2468,266.645686,39.152992,6,"1;3;4;6;9;10"
Root_2469,105.806262,24.204832,6,"0;3;4;6;9;10"
Root_2470,309.971286,43.782592,5,"3;4;6;9;10"
Root_2471,75.966016,19.862880,7,"0;1;2;4;6;9;10"
Root_2472,274.709814,40.140640,6,"1;2;4;6;9;10"
Root_2473,112.087574,25.192480,6,"0;2;4;6;9;10"
Root_2474,318.035414,44.770240,5,"2;4;6;9;10"
Root_2475,78.158454,20.788800,6,"0;1;4;6;9;10"
Root_2476,280.794934,41.066560,5,"1;4;6;9;10"
Root_2477,117.246774,26.118400,5,"0;4;6;9;10"
Root_2478,324.120534,45.696160,4,"4;6;9;10"
Root_2479,86.940064,20.171520,7,"0;1;2;3;6;9;10"
Root_2480,279.504854,40.449280,6,"1;2;3;6;9;10"
Root_2481,119.072854,25.501120,6,"0;2;3;6;9;10"
Root_2482,322.830454,45.078880,5,"2;3;6;9;10"
Root_2483,88.718934,21.097440,6,"0;1;3;6;9;10"
Root_2484,285.589974,41.375200,5,"1;3;6;9;10"
Root_2485,123.306134,26.427040,5,"0;3;6;9;10"
Root_2486,328.915574,46.004800,4,"3;6;9;10"
Root_2487,92.832470,22.085088,6,"0;1;2;6;9;10"
Root_2488,293.654102,42.362848,5,"1;2;6;9;10"
Root_2489,129.809654,27.414688,5,"0;2;6;9;10"
Root_2490,336.979702,46.992448,4,"2;6;9;10"
Root_2491,95.213910,23.011008,5,"0;1;6;9;10"
Root_2492,299.739222,43.288768,4,"1;6;9;10"
Root_2493,135.309462,28.340608,4,"0;6;9;10"
Root_2494,343.064822,47.918368,3,"6;9;10"
Root_2495,77.731558,18.832022,8,"0;1;2;3;4;5;9;10"
Root_2496,270.270381,39.109782,7,"1;2;3;4;5;9;10"
Root_2497,110.517376,24.161622,7,"0;2;3;4;5;9;10"
Root_2498,313.595981,43.739382,6,"2;3;4;5;9;10"
Root_2499,80.261158,19.757942,7,"0;1;3;4;5;9;10"
Root_2500,276.355501,40.035702,6,"1;3;4;5;9;10"
Root_2501,114.838198,25.087542,6,"0;3;4;5;9;10"
Root_2502,319.681101,44.665302,5,"3;4;5;9;10"
Root_2503,82.701578,20.745590,7,"0;1;2;4;5;9;10"
Root_2504,284.419629,41.023350,6,"1;2;4;5;9;10"
Root_2505,121.914678,26.075190,6,"0;2;4;5;9;10"
Root_2506,327.745229,45.652950,5,"2;4;5;9;10"
Root_2507,86.008938,21.671510,6,"0;1;4;5;9;10"
Root_2508,290.504749,41.949270,5,"1;4;5;9;10"
Root_2509,127.073878,27.001110,5,"0;4;5;9;10"
Root_2510,333.830349,46.578870,4,"4;5;9;10"
Root_2511,93.516467,21.054230,7,"0;1;2;3;5;9;10"
Root_2512,289.214669,41.331990,6,"1;2;3;5;9;10"
Root_2513,128.017248,26.383830,6,"0;2;3;5;9;10"
Root_2514,332.540269,45.961590,5,"2;3;5;9;10"
Root_2515,95.897907,21.980150,6,"0;1;3;5;9;10"
Root_2516,295.299789,42.257910,5,"1;3;5;9;10"
Root_2517,132.250528,27.309750,5,"0;3;5;9;10"
Root_2518,338.625389,46.887510,4,"3;5;9;10"
Root_2519,100.011443,22.967798,6,"0;1;2;5;9;10"
Root_2520,303.363917,43.245558,5,"1;2;5;9;10"
Root_2521,138.934157,28.297398,5,"0;2;5;9;10"
Root_2522,346.689517,47.875158,4,"2;5;9;10"
Root_2523,102.612522,23.893718,5,"0;1;5;9;10"
Root_2524,309.449037,44.171478,4,"1;5;9;10"
Root_2525,145.019277,29.223318,4,"0;5;9;10"
Root_2526,352.774637,48.801078,3,"5;9;10"
Root_2527,88.463411,20.375222,7,"0;1;2;3;4;9;10"
Root_2528,282.445581,40.652982,6,"1;2;3;4;9;10"
Root_2529,121.606176,25.704822,6,"0;2;3;4;9;10"
Root_2530,325.771181,45.282582,5,"2;3;4;9;10"
Root_2531,90.844851,21.301142,6,"0;1;3;4;9;10"
Root_2532,288.530701,41.578902,5,"1;3;4;9;10"
Root_2533,125.839456,26.630742,5,"0;3;4;9;10"
Root_2534,331.856301,46.208502,4,"3;4;9;10"
Root_2535,94.958387,22.288790,6,"0;1;2;4;9;10"
Root_2536,296.594829,42.566550,5,"1;2;4;9;10"
Root_2537,132.546678,27.618390,5,"0;2;4;9;10"
Root_2538,339.920429,47.196150,4,"2;4;9;10"
Root_2539,97.339827,23.214710,5,"0;1;4;9;10"
Root_2540,302.679949,43.492470,4,"1;4;9;10"
Root_2541,138.250189,28.544310,4,"0;4;9;10"
Root_2542,346.005549,48.122070,3,"4;9;10"
Root_2543,103.921437,22.597430,6,"0;1;2;3;9;10"
Root_2544,301.389869,42.875190,5,"1;2;3;9;10"
Root_2545,137.106048,27.927030,5,"0;2;3;9;10"
Root_2546,344.715469,47.504790,4,"2;3;9;10"
Root_2547,105.376957,23.523350,5,"0;1;3;9;10"
Root_2548,307.474989,43.801110,4,"1;3;9;10"
Root_2549,143.045229,28.852950,4,"0;3;9;10"
Root_2550,350.800589,48.430710,3,"3;9;10"
Root_2551,109.339763,24.510998,5,"0;1;2;9;10"
Root_2552,315.539117,44.788758,4,"1;2;9;10"
Root_2553,151.109357,29.840598,4,"0;2;9;10"
Root_2554,358.864717,49.418358,3,"2;9;10"
Root_2555,112.158122,25.436918,4,"0;1;9;10"
Root_2556,321.624237,45.714678,3,"1;9;10"
Root_2557,157.194477,30.766518,3,"0;9;10"
Root_2558,364.949837,50.344278,2,"9;10"
Root_2559,35.328192,11.344416,10,"0;1;2;3;4;5;6;7;8;10"
Root_2560,196.806710,31.622176,9,"1;2;3;4;5;6;7;8;10"
Root_2561,51.063648,16.674016,9,"0;2;3;4;5;6;7;8;10"
Root_2562,240.132310,36.251776,8,"2;3;4;5;6;7;8;10"
Root_2563,39.031872,12.270336,9,"0;1;3;4;5;6;7;8;10"
Root_2564,202.891830,32.548096,8,"1;3;4;5;6;7;8;10"
Root_2565,56.845152,17.599936,8,"0;3;4;5;6;7;8;10"
Root_2566,246.217430,37.177696,7,"3;4;5;6;7;8;10"
Root_2567,37.168896,13.257984,9,"0;1;2;4;5;6;7;8;10"
Root_2568,210.955958,33.535744,8,"1;2;4;5;6;7;8;10"
Root_2569,57.558624,18.587584,8,"0;2;4;5;6;7;8;10"
Root_2570,254.281558,38.165344,7,"2;4;5;6;7;8;10"
Root_2571,40.872576,14.183904,8,"0;1;4;5;6;7;8;10"
Root_2572,217.041078,34.461664,7,"1;4;5;6;7;8;10"
Root_2573,61.426560,19.513504,7,"0;4;5;6;7;8;10"
Root_2574,260.366678,39.091264,6,"4;5;6;7;8;10"
Root_2575,44.783648,13.566624,9,"0;1;2;3;5;6;7;8;10"
Root_2576,215.750998,33.844384,8,"1;2;3;5;6;7;8;10"
Root_2577,68.841312,18.896224,8,"0;2;3;5;6;7;8;10"
Root_2578,259.076598,38.473984,7,"2;3;5;6;7;8;10"
Root_2579,49.413248,14.492544,8,"0;1;3;5;6;7;8;10"
Root_2580,221.836118,34.770304,7,"1;3;5;6;7;8;10"
Root_2581,72.400608,19.822144,7,"0;3;5;6;7;8;10"
Root_2582,265.161718,39.399904,6,"3;5;6;7;8;10"
Root_2583,46.462592,15.480192,8,"0;1;2;5;6;7;8;10"
Root_2584,229.900246,35.757952,7,"1;2;5;6;7;8;10"
Root_2585,75.524982,20.809792,7,"0;2;5;6;7;8;10"
Root_2586,273.225846,40.387552,6,"2;5;6;7;8;10"
Root_2587,51.904416,16.406112,7,"0;1;5;6;7;8;10"
Root_2588,235.985366,36.683872,6,"1;5;6;7;8;10"
Root_2589,79.758262,21.735712,6,"0;5;6;7;8;10"
Root_2590,279.310966,41.313472,5,"5;6;7;8;10"
Root_2591,41.500992,12.887616,9,"0;1;2;3;4;6;7;8;10"
Root_2592,208.981910,33.165376,8,"1;2;3;4;6;7;8;10"
Root_2593,63.409248,18.217216,8,"0;2;3;4;6;7;8;10"
Root_2594,252.307510,37.794976,7,"2;3;4;6;7;8;10"
Root_2595,46.018208,13.813536,8,"0;1;3;4;6;7;8;10"
Root_2596,215.067030,34.091296,7,"1;3;4;6;7;8;10"
Root_2597,67.647552,19.143136,7,"0;3;4;6;7;8;10"
Root_2598,258.392630,38.720896,6,"3;4;6;7;8;10"
Root_2599,43.341696,14.801184,8,"0;1;2;4;6;7;8;10"
Root_2600,223.131158,35.078944,7,"1;2;4;6;7;8;10"
Root_2601,69.904224,20.130784,7,"0;2;4;6;7;8;10"
Root_2602,266.456758,39.708544,6,"2;4;6;7;8;10"
Root_2603,47.697152,15.727104,7,"0;1;4;6;7;8;10"
Root_2604,229.216278,36.004864,6,"1;4;6;7;8;10"
Root_2605,73.347190,21.056704,6,"0;4;6;7;8;10"
Root_2606,272.541878,40.634464,5,"4;6;7;8;10"
Root_2607,52.534144,15.109824,8,"0;1;2;3;6;7;8;10"
Root_2608,227.926198,35.387584,7,"1;2;3;6;7;8;10"
Root_2609,81.186912,20.439424,7,"0;2;3;6;7;8;10"
Root_2610,271.251798,40.017184,6,"2;3;6;7;8;10"
Root_2611,58.125408,16.035744,7,"0;1;3;6;7;8;10"
Root_2612,234.011318,36.313504,6,"1;3;6;7;8;10"
Root_2613,84.159606,21.365344,6,"0;3;6;7;8;10"
Root_2614,277.336918,40.943104,5,"3;6;7;8;10"
Root_2615,57.274688,17.023392,7,"0;1;2;6;7;8;10"
Root_2616,242.075446,37.301152,6,"1;2;6;7;8;10"
Root_2617,89.260790,22.352992,6,"0;2;6;7;8;10"
Root_2618,285.401046,41.930752,5,"2;6;7;8;10"
Root_2619,62.706816,17.949312,6,"0;1;6;7;8;10"
Root_2620,248.160566,38.227072,5,"1;6;7;8;10"
Root_2621,92.568150,23.278912,5,"0;6;7;8;10"
Root_2622,291.486166,42.856672,4,"6;7;8;10"
Root_2623,45.802160,13.770326,9,"0;1;2;3;4;5;7;8;10"
Root_2624,218.691725,34.048086,8,"1;2;3;4;5;7;8;10"
Root_2625,70.470931,19.099926,8,"0;2;3;4;5;7;8;10"
Root_2626,262.017325,38.677686,7,"2;3;4;5;7;8;10"
Root_2627,50.431760,14.696246,8,"0;1;3;4;5;7;8;10"
Root_2628,224.776845,34.974006,7,"1;3;4;5;7;8;10"
Root_2629,73.826525,20.025846,7,"0;3;4;5;7;8;10"
Root_2630,268.102445,39.603606,6,"3;4;5;7;8;10"
Root_2631,47.481104,15.683894,8,"0;1;2;4;5;7;8;10"
Root_2632,232.840973,35.961654,7,"1;2;4;5;7;8;10"
Root_2633,78.058304,21.013494,7,"0;2;4;5;7;8;10"
Root_2634,276.166573,40.591254,6,"2;4;5;7;8;10"
Root_2635,53.330333,16.609814,7,"0;1;4;5;7;8;10"
Root_2636,238.926093,36.887574,6,"1;4;5;7;8;10"
Root_2637,82.291584,21.939414,6,"0;4;5;7;8;10"
Root_2638,282.251693,41.517174,5,"4;5;7;8;10"
Root_2639,57.848861,15.992534,8,"0;1;2;3;5;7;8;10"
Root_2640,237.636013,36.270294,7,"1;2;3;5;7;8;10"
Root_2641,88.913930,21.322134,7,"0;2;3;5;7;8;10"
Root_2642,280.961613,40.899894,6,"2;3;5;7;8;10"
Root_2643,64.304381,16.918454,7,"0;1;3;5;7;8;10"
Root_2644,243.721133,37.196214,6,"1;3;5;7;8;10"
Root_2645,92.221290,22.248054,6,"0;3;5;7;8;10"
Root_2646,287.046733,41.825814,5,"3;5;7;8;10"
Root_2647,64.336371,17.906102,7,"0;1;2;5;7;8;10"
Root_2648,251.785261,38.183862,6,"1;2;5;7;8;10"
Root_2649,97.322474,23.235702,6,"0;2;5;7;8;10"
Root_2650,295.110861,42.813462,5,"2;5;7;8;10"
Root_2651,68.885789,18.832022,6,"0;1;5;7;8;10"
Root_2652,257.870381,39.109782,5,"1;5;7;8;10"
Root_2653,101.117376,24.161622,5,"0;5;7;8;10"
Root_2654,301.195981,43.739382,4,"5;7;8;10"
Root_2655,53.756358,15.313526,8,"0;1;2;3;4;7;8;10"
Root_2656,230.866925,35.591286,7,"1;2;3;4;7;8;10"
Root_2657,83.181866,20.643126,7,"0;2;3;4;7;8;10"
Root_2658,274.192525,40.220886,6,"2;3;4;7;8;10"
Root_2659,59.551325,16.239446,7,"0;1;3;4;7;8;10"
Root_2660,236.952045,36.517206,6,"1;3;4;7;8;10"
Root_2661,86.489226,21.569046,6,"0;3;4;7;8;10"
Root_2662,280.277645,41.146806,5,"3;4;7;8;10"
Root_2663,58.904307,17.227094,7,"0;1;2;4;7;8;10"
Root_2664,245.016173,37.504854,6,"1;2;4;7;8;10"
Root_2665,91.590410,22.556694,6,"0;2;4;7;8;10"
Root_2666,288.341773,42.134454,5,"2;4;7;8;10"
Root_2667,64.132733,18.153014,6,"0;1;4;7;8;10"
Root_2668,251.101293,38.430774,5,"1;4;7;8;10"
Root_2669,94.897770,23.482614,5,"0;4;7;8;10"
Root_2670,294.426893,43.060374,4,"4;7;8;10"
Root_2671,70.186995,17.535734,7,"0;1;2;3;7;8;10"
Root_2672,249.811213,37.813494,6,"1;2;3;7;8;10"
Root_2673,100.594195,22.865334,6,"0;2;3;7;8;10"
Root_2674,293.136813,42.443094,5,"2;3;7;8;10"
Root_2675,75.106781,18.461654,6,"0;1;3;7;8;10"
Root_2676,255.896333,38.739414,5,"1;3;7;8;10"
Root_2677,103.092810,23.791254,5,"0;3;7;8;10"
Root_2678,299.221933,43.369014,4,"3;7;8;10"
Root_2679,76.681971,19.449302,6,"0;1;2;7;8;10"
Root_2680,263.960461,39.727062,5,"1;2;7;8;10"
Root_2681,108.193994,24.778902,5,"0;2;7;8;10"
Root_2682,307.286061,44.356662,4,"2;7;8;10"
Root_2683,79.688189,20.375222,5,"0;1;7;8;10"
Root_2684,270.045581,40.652982,4,"1;7;8;10"
Root_2685,111.501354,25.704822,4,"0;7;8;10"
Root_2686,313.371181,45.282582,3,"7;8;10"
Root_2687,48.795968,14.369088,9,"0;1;2;3;4;5;6;8;10"
Root_2688,223.178102,34.646848,8,"1;2;3;4;5;6;8;10"
Root_2689,70.637664,19.698688,8,"0;2;3;4;5;6;8;10"
Root_2690,266.503702,39.276448,7,"2;3;4;5;6;8;10"
Root_2691,53.425568,15.295008,8,"0;1;3;4;5;6;8;10"
Root_2692,229.263222,35.572768,7,"1;3;4;5;6;8;10"
Root_2693,72.815392,20.624608,7,"0;3;4;5;6;8;10"
Root_2694,272.588822,40.202368,6,"3;4;5;6;8;10"
Root_2695,50.141472,16.282656,8,"0;1;2;4;5;6;8;10"
Root_2696,237.327350,36.560416,7,"1;2;4;5;6;8;10"
Root_2697,78.347158,21.612256,7,"0;2;4;5;6;8;10"
Root_2698,280.652950,41.190016,6,"2;4;5;6;8;10"
Root_2699,55.388416,17.208576,7,"0;1;4;5;6;8;10"
Root_2700,243.412470,37.486336,6,"1;4;5;6;8;10"
Root_2701,82.580438,22.538176,6,"0;4;5;6;8;10"
Root_2702,286.738070,42.115936,5,"4;5;6;8;10"
Root_2703,61.115520,16.591296,8,"0;1;2;3;5;6;8;10"
Root_2704,242.122390,36.869056,7,"1;2;3;5;6;8;10"
Root_2705,88.604022,21.920896,7,"0;2;3;5;6;8;10"
Root_2706,285.447990,41.498656,6,"2;3;5;6;8;10"
Root_2707,66.053824,17.517216,7,"0;1;3;5;6;8;10"
Root_2708,248.207510,37.794976,6,"1;3;5;6;8;10"
Root_2709,91.911382,22.846816,6,"0;3;5;6;8;10"
Root_2710,291.533110,42.424576,5,"3;5;6;8;10"
Root_2711,65.696928,18.504864,7,"0;1;2;5;6;8;10"
Root_2712,256.271638,38.782624,6,"1;2;5;6;8;10"
Root_2713,97.172950,23.834464,6,"0;2;5;6;8;10"
Root_2714,299.597238,43.412224,5,"2;5;6;8;10"
Root_2715,68.721664,19.430784,6,"0;1;5;6;8;10"
Root_2716,262.356758,39.708544,5,"1;5;6;8;10"
Root_2717,101.406230,24.760384,5,"0;5;6;8;10"
Root_2718,305.682358,44.338144,4,"5;6;8;10"
Root_2719,56.511968,15.912288,8,"0;1;2;3;4;6;8;10"
Root_2720,235.353302,36.190048,7,"1;2;3;4;6;8;10"
Root_2721,82.871958,21.241888,7,"0;2;3;4;6;8;10"
Root_2722,278.678902,40.819648,6,"2;3;4;6;8;10"
Root_2723,61.979776,16.838208,7,"0;1;3;4;6;8;10"
Root_2724,241.438422,37.115968,6,"1;3;4;6;8;10"
Root_2725,86.179318,22.167808,6,"0;3;4;6;8;10"
Root_2726,284.764022,41.745568,5,"3;4;6;8;10"
Root_2727,60.943872,17.825856,7,"0;1;2;4;6;8;10"
Root_2728,249.502550,38.103616,6,"1;2;4;6;8;10"
Root_2729,91.280502,23.155456,6,"0;2;4;6;8;10"
Root_2730,292.828150,42.733216,5,"2;4;6;8;10"
Root_2731,64.647616,18.751776,6,"0;1;4;6;8;10"
Root_2732,255.587670,39.029536,5,"1;4;6;8;10"
Root_2733,94.995158,24.081376,5,"0;4;6;8;10"
Root_2734,298.913270,43.659136,4,"4;6;8;10"
Root_2735,71.917920,18.134496,7,"0;1;2;3;6;8;10"
Root_2736,254.297590,38.412256,6,"1;2;3;6;8;10"
Root_2737,99.685526,23.464096,6,"0;2;3;6;8;10"
Root_2738,297.623190,43.041856,5,"2;3;6;8;10"
Root_2739,75.313024,19.060416,6,"0;1;3;6;8;10"
Root_2740,260.382710,39.338176,5,"1;3;6;8;10"
Root_2741,102.782902,24.390016,5,"0;3;6;8;10"
Root_2742,303.708310,43.967776,4,"3;6;8;10"
Root_2743,76.499328,20.048064,6,"0;1;2;6;8;10"
Root_2744,268.446838,40.325824,5,"1;2;6;8;10"
Root_2745,108.261750,25.377664,5,"0;2;6;8;10"
Root_2746,311.772438,44.955424,4,"2;6;8;10"
Root_2747,78.180758,20.973984,5,"0;1;6;8;10"
Root_2748,274.531958,41.251744,4,"1;6;8;10"
Root_2749,112.495030,26.303584,4,"0;6;8;10"
Root_2750,317.857558,45.881344,3,"6;8;10"
Root_2751,62.541437,16.794998,8,"0;1;2;3;4;5;8;10"
Root_2752,245.063117,37.072758,7,"1;2;3;4;5;8;10"
Root_2753,90.933642,22.124598,7,"0;2;3;4;5;8;10"
Root_2754,288.388717,41.702358,6,"2;3;4;5;8;10"
Root_2755,67.276038,17.720918,7,"0;1;3;4;5;8;10"
Root_2756,251.148237,37.998678,6,"1;3;4;5;8;10"
Root_2757,94.241002,23.050518,6,"0;3;4;5;8;10"
Root_2758,294.473837,42.628278,5,"3;4;5;8;10"
Root_2759,67.122845,18.708566,7,"0;1;2;4;5;8;10"
Root_2760,259.212365,38.986326,6,"1;2;4;5;8;10"
Root_2761,99.706272,24.038166,6,"0;2;4;5;8;10"
Root_2762,302.537965,43.615926,5,"2;4;5;8;10"
Root_2763,69.943878,19.634486,6,"0;1;4;5;8;10"
Root_2764,265.297485,39.912246,5,"1;4;5;8;10"
Root_2765,103.939552,24.964086,5,"0;4;5;8;10"
Root_2766,308.623085,44.541846,4,"4;5;8;10"
Root_2767,78.096893,19.017206,7,"0;1;2;3;5;8;10"
Root_2768,264.007405,39.294966,6,"1;2;3;5;8;10"
Root_2769,107.537226,24.346806,6,"0;2;3;5;8;10"
Root_2770,307.333005,43.924566,5,"2;3;5;8;10"
Root_2771,80.609286,19.943126,6,"0;1;3;5;8;10"
Root_2772,270.092525,40.220886,5,"1;3;5;8;10"
Root_2773,111.117312,25.272726,5,"0;3;5;8;10"
Root_2774,313.418125,44.850486,4,"3;5;8;10"
Root_2775,82.952275,20.930774,6,"0;1;2;5;8;10"
Root_2776,278.156653,41.208534,5,"1;2;5;8;10"
Root_2777,117.206144,26.260374,5,"0;2;5;8;10"
Root_2778,321.482253,45.838134,4,"2;5;8;10"
Root_2779,85.333715,21.856694,5,"0;1;5;8;10"
Root_2780,284.241773,42.134454,4,"1;5;8;10"
Root_2781,121.439424,27.186294,4,"0;5;8;10"
Root_2782,327.567373,46.764054,3,"5;8;10"
Root_2783,73.343837,18.338198,7,"0;1;2;3;4;8;10"
Root_2784,257.238317,38.615958,6,"1;2;3;4;8;10"
Root_2785,101.811443,23.667798,6,"0;2;3;4;8;10"
Root_2786,300.563917,43.245558,5,"2;3;4;8;10"
Root_2787,76.535238,19.264118,6,"0;1;3;4;8;10"
Root_2788,263.323437,39.541878,5,"1;3;4;8;10"
Root_2789,105.112522,24.593718,5,"0;3;4;8;10"
Root_2790,306.649037,44.171478,4,"3;4;8;10"
Root_2791,77.925245,20.251766,6,"0;1;2;4;8;10"
Root_2792,271.387565,40.529526,5,"1;2;4;8;10"
Root_2793,110.795072,25.581366,5,"0;2;4;8;10"
Root_2794,314.713165,45.159126,4,"2;4;8;10"
Root_2795,80.280659,21.177686,5,"0;1;4;8;10"
Root_2796,277.472685,41.455446,4,"1;4;8;10"
Root_2797,115.028352,26.507286,4,"0;4;8;10"
Root_2798,320.798285,46.085046,3,"4;8;10"
Root_2799,88.899293,20.560406,6,"0;1;2;3;8;10"
Root_2800,276.182605,40.838166,5,"1;2;3;8;10"
Root_2801,117.082826,25.890006,5,"0;2;3;8;10"
Root_2802,319.508205,45.467766,4,"2;3;8;10"
Root_2803,90.354813,21.486326,5,"0;1;3;8;10"
Root_2804,282.267725,41.764086,4,"1;3;8;10"
Root_2805,120.390186,26.815926,4,"0;3;8;10"
Root_2806,325.593325,46.393686,3,"3;8;10"
Root_2807,93.480701,22.473974,5,"0;1;2;8;10"
Root_2808,290.331853,42.751734,4,"1;2;8;10"
Root_2809,126.294944,27.803574,4,"0;2;8;10"
Root_2810,333.657453,47.381334,3,"2;8;10"
Root_2811,94.936221,23.399894,4,"0;1;8;10"
Root_2812,296.416973,43.677654,3,"1;8;10"
Root_2813,131.987213,28.729494,3,"0;8;10"
Root_2814,339.742573,48.307254,2,"8;10"
Root_2815,52.015680,15.974016,9,"0;1;2;3;4;5;6;7;10"
Root_2816,243.632310,36.251776,8,"1;2;3;4;5;6;7;10"
Root_2817,81.573014,21.303616,8,"0;2;3;4;5;6;7;10"
Root_2818,286.957910,40.881376,7,"2;3;4;5;6;7;10"
Root_2819,57.545216,16.899936,8,"0;1;3;4;5;6;7;10"
Root_2820,249.717430,37.177696,7,"1;3;4;5;6;7;10"
Root_2821,86.732214,22.229536,7,"0;3;4;5;6;7;10"
Root_2822,293.043030,41.807296,6,"3;4;5;6;7;10"
Root_2823,56.571040,17.887584,8,"0;1;2;4;5;6;7;10"
Root_2824,257.781558,38.165344,7,"1;2;4;5;6;7;10"
Root_2825,93.808694,23.217184,7,"0;2;4;5;6;7;10"
Root_2826,301.107158,42.794944,6,"2;4;5;6;7;10"
Root_2827,60.213056,18.813504,7,"0;1;4;5;6;7;10"
Root_2828,263.866678,39.091264,6,"1;4;5;6;7;10"
Root_2829,99.436918,24.143104,6,"0;4;5;6;7;10"
Root_2830,307.192278,43.720864,5,"4;5;6;7;10"
Root_2831,67.545088,18.196224,8,"0;1;2;3;5;6;7;10"
Root_2832,262.576598,38.473984,7,"1;2;3;5;6;7;10"
Root_2833,102.769270,23.525824,7,"0;2;3;5;6;7;10"
Root_2834,305.902198,43.103584,6,"2;3;5;6;7;10"
Root_2835,71.000608,19.122144,7,"0;1;3;5;6;7;10"
Root_2836,268.661718,39.399904,6,"1;3;5;6;7;10"
Root_2837,107.780214,24.451744,6,"0;3;5;6;7;10"
Root_2838,311.987318,44.029504,5,"3;5;6;7;10"
Root_2839,73.236288,20.109792,7,"0;1;2;5;6;7;10"
Root_2840,276.725846,40.387552,6,"1;2;5;6;7;10"
Root_2841,114.856694,25.439392,6,"0;2;5;6;7;10"
Root_2842,320.051446,45.017152,5,"2;5;6;7;10"
Root_2843,76.258262,21.035712,6,"0;1;5;6;7;10"
Root_2844,282.810966,41.313472,5,"1;5;6;7;10"
Root_2845,120.015894,26.365312,5,"0;5;6;7;10"
Root_2846,326.136566,45.943072,4,"5;6;7;10"
Root_2847,62.792032,17.517216,8,"0;1;2;3;4;6;7;10"
Root_2848,255.807510,37.794976,7,"1;2;3;4;6;7;10"
Root_2849,96.358198,22.846816,7,"0;2;3;4;6;7;10"
Root_2850,299.133110,42.424576,6,"2;3;4;6;7;10"
Root_2851,66.804416,18.443136,7,"0;1;3;4;6;7;10"
Root_2852,261.892630,38.720896,6,"1;3;4;6;7;10"
Root_2853,100.690134,23.772736,6,"0;3;4;6;7;10"
Root_2854,305.218230,43.350496,5,"3;4;6;7;10"
Root_2855,67.804224,19.430784,7,"0;1;2;4;6;7;10"
Root_2856,269.956758,39.708544,6,"1;2;4;6;7;10"
Root_2857,107.766614,24.760384,6,"0;2;4;6;7;10"
Root_2858,313.282358,44.338144,5,"2;4;6;7;10"
Root_2859,70.907872,20.356704,6,"0;1;4;6;7;10"
Root_2860,276.041878,40.634464,5,"1;4;6;7;10"
Root_2861,112.925814,25.686304,5,"0;4;6;7;10"
Root_2862,319.367478,45.264064,4,"4;6;7;10"
Root_2863,79.086912,19.739424,7,"0;1;2;3;6;7;10"
Root_2864,274.751798,40.017184,6,"1;2;3;6;7;10"
Root_2865,115.183990,25.069024,6,"0;2;3;6;7;10"
Root_2866,318.077398,44.646784,5,"2;3;6;7;10"
Root_2867,81.803008,20.665344,6,"0;1;3;6;7;10"
Root_2868,280.836918,40.943104,5,"1;3;6;7;10"
Root_2869,119.417270,25.994944,5,"0;3;6;7;10"
Root_2870,324.162518,45.572704,4,"3;6;7;10"
Root_2871,86.460790,21.652992,6,"0;1;2;6;7;10"
Root_2872,288.901046,41.930752,5,"1;2;6;7;10"
Root_2873,125.506102,26.982592,5,"0;2;6;7;10"
Root_2874,332.226646,46.560352,4,"2;6;7;10"
Root_2875,89.768150,22.578912,5,"0;1;6;7;10"
Root_2876,294.986166,42.856672,4,"1;6;7;10"
Root_2877,130.647894,27.908512,4,"0;6;7;10"
Root_2878,338.311766,47.486272,3,"6;7;10"
Root_2879,68.971005,18.399926,8,"0;1;2;3;4;5;7;10"
Root_2880,265.517325,38.677686,7,"1;2;3;4;5;7;10"
Root_2881,105.358038,23.729526,7,"0;2;3;4;5;7;10"
Root_2882,308.842925,43.307286,6,"2;3;4;5;7;10"
Root_2883,72.426525,19.325846,7,"0;1;3;4;5;7;10"
Root_2884,271.602445,39.603606,6,"1;3;4;5;7;10"
Root_2885,110.517238,24.655446,6,"0;3;4;5;7;10"
Root_2886,314.928045,44.233206,5,"3;4;5;7;10"
Root_2887,74.901610,20.313494,7,"0;1;2;4;5;7;10"
Root_2888,279.666573,40.591254,6,"1;2;4;5;7;10"
Root_2889,117.593718,25.643094,6,"0;2;4;5;7;10"
Root_2890,322.992173,45.220854,5,"2;4;5;7;10"
Root_2891,78.791584,21.239414,6,"0;1;4;5;7;10"
Root_2892,285.751693,41.517174,5,"1;4;5;7;10"
Root_2893,122.752918,26.569014,5,"0;4;5;7;10"
Root_2894,329.077293,46.146774,4,"4;5;7;10"
Root_2895,86.148595,20.622134,7,"0;1;2;3;5;7;10"
Root_2896,284.461613,40.899894,6,"1;2;3;5;7;10"
Root_2897,124.128384,25.951734,6,"0;2;3;5;7;10"
Root_2898,327.787213,45.529494,5,"2;3;5;7;10"
Root_2899,89.421290,21.548054,6,"0;1;3;5;7;10"
Root_2900,290.546733,41.825814,5,"1;3;5;7;10"
Root_2901,128.361664,26.877654,5,"0;3;5;7;10"
Root_2902,333.872333,46.455414,4,"3;5;7;10"
Root_2903,94.522474,22.535702,6,"0;1;2;5;7;10"
Root_2904,298.610861,42.813462,5,"1;2;5;7;10"
Root_2905,134.450496,27.865302,5,"0;2;5;7;10"
Root_2906,341.936461,47.443062,4,"2;5;7;10"
Root_2907,97.829834,23.461622,5,"0;1;5;7;10"
Root_2908,304.695981,43.739382,4,"1;5;7;10"
Root_2909,140.266221,28.791222,4,"0;5;7;10"
Root_2910,348.021581,48.368982,3,"5;7;10"
Root_2911,80.716531,19.943126,7,"0;1;2;3;4;7;10"
Root_2912,277.692525,40.220886,6,"1;2;3;4;7;10"
Root_2913,117.717312,25.272726,6,"0;2;3;4;7;10"
Root_2914,321.018125,44.850486,5,"2;3;4;7;10"
Root_2915,83.820179,20.869046,6,"0;1;3;4;7;10"
Root_2916,283.777645,41.146806,5,"1;3;4;7;10"
Root_2917,121.950592,26.198646,5,"0;3;4;7;10"
Root_2918,327.103245,45.776406,4,"3;4;7;10"
Root_2919,88.790410,21.856694,6,"0;1;2;4;7;10"
Root_2920,291.841773,42.134454,5,"1;2;4;7;10"
Root_2921,128.225718,27.186294,5,"0;2;4;7;10"
Root_2922,335.167373,46.764054,4,"2;4;7;10"
Root_2923,92.097770,22.782614,5,"0;1;4;7;10"
Root_2924,297.926893,43.060374,4,"1;4;7;10"
Root_2925,133.497133,28.112214,4,"0;4;7;10"
Root_2926,341.252493,47.689974,3,"4;7;10"
Root_2927,98.494195,22.165334,6,"0;1;2;3;7;10"
Root_2928,296.636813,42.443094,5,"1;2;3;7;10"
Root_2929,133.217184,27.494934,5,"0;2;3;7;10"
Root_2930,339.962413,47.072694,4,"2;3;7;10"
Root_2931,100.875635,23.091254,5,"0;1;3;7;10"
Root_2932,302.721933,43.369014,4,"1;3;7;10"
Root_2933,138.292173,28.420854,4,"0;3;7;10"
Root_2934,346.047533,47.998614,3,"3;7;10"
Root_2935,105.393994,24.078902,5,"0;1;2;7;10"
Root_2936,310.786061,44.356662,4,"1;2;7;10"
Root_2937,146.356301,29.408502,4,"0;2;7;10"
Root_2938,354.111661,48.986262,3,"2;7;10"
Root_2939,108.701354,25.004822,4,"0;1;7;10"
Root_2940,316.871181,45.282582,3,"1;7;10"
Root_2941,152.441421,30.334422,3,"0;7;10"
Root_2942,360.196781,49.912182,2,"7;10"
Root_2943,69.238976,18.998688,8,"0;1;2;3;4;5;6;10"
Root_2944,270.003702,39.276448,7,"1;2;3;4;5;6;10"
Root_2945,106.245654,24.328288,7,"0;2;3;4;5;6;10"
Root_2946,313.329302,43.906048,6,"2;3;4;5;6;10"
Root_2947,71.768576,19.924608,7,"0;1;3;4;5;6;10"
Root_2948,276.088822,40.202368,6,"1;3;4;5;6;10"
Root_2949,111.659062,25.254208,6,"0;3;4;5;6;10"
Root_2950,319.414422,44.831968,5,"3;4;5;6;10"
Root_2951,74.847158,20.912256,7,"0;1;2;4;5;6;10"
Root_2952,284.152950,41.190016,6,"1;2;4;5;6;10"
Root_2953,119.723190,26.241856,6,"0;2;4;5;6;10"
Root_2954,327.478550,45.819616,5,"2;4;5;6;10"
Root_2955,79.080438,21.838176,6,"0;1;4;5;6;10"
Root_2956,290.238070,42.115936,5,"1;4;5;6;10"
Root_2957,125.808310,27.167776,5,"0;4;5;6;10"
Root_2958,333.563670,46.745536,4,"4;5;6;10"
Root_2959,85.804022,21.220896,7,"0;1;2;3;5;6;10"
Root_2960,288.947990,41.498656,6,"1;2;3;5;6;10"
Root_2961,125.967734,26.550496,6,"0;2;3;5;6;10"
Root_2962,332.273590,46.128256,5,"2;3;5;6;10"
Root_2963,89.111382,22.146816,6,"0;1;3;5;6;10"
Root_2964,295.033110,42.424576,5,"1;3;5;6;10"
Root_2965,131.126934,27.476416,5,"0;3;5;6;10"
Root_2966,338.358710,47.054176,4,"3;5;6;10"
Root_2967,94.212566,23.134464,6,"0;1;2;5;6;10"
Root_2968,303.097238,43.412224,5,"1;2;5;6;10"
Root_2969,138.667478,28.464064,5,"0;2;5;6;10"
Root_2970,346.422838,48.041824,4,"2;5;6;10"
Root_2971,97.906230,24.060384,5,"0;1;5;6;10"
Root_2972,309.182358,44.338144,4,"1;5;6;10"
Root_2973,144.752598,29.389984,4,"0;5;6;10"
Root_2974,352.507958,48.967744,3,"5;6;10"
Root_2975,80.304160,20.541888,7,"0;1;2;3;4;6;10"
Root_2976,282.178902,40.819648,6,"1;2;3;4;6;10"
Root_2977,118.877654,25.871488,6,"0;2;3;4;6;10"
Root_2978,325.504502,45.449248,5,"2;3;4;6;10"
Root_2979,83.379318,21.467808,6,"0;1;3;4;6;10"
Root_2980,288.264022,41.745568,5,"1;3;4;6;10"
Root_2981,124.036854,26.797408,5,"0;3;4;6;10"
Root_2982,331.589622,46.375168,4,"3;4;6;10"
Root_2983,88.480502,22.455456,6,"0;1;2;4;6;10"
Root_2984,296.328150,42.733216,5,"1;2;4;6;10"
Root_2985,131.898390,27.785056,5,"0;2;4;6;10"
Root_2986,339.653750,47.362816,4,"2;4;6;10"
Root_2987,91.787862,23.381376,5,"0;1;4;6;10"
Root_2988,302.413270,43.659136,4,"1;4;6;10"
Root_2989,137.983510,28.710976,4,"0;4;6;10"
Root_2990,345.738870,48.288736,3,"4;6;10"
Root_2991,97.585526,22.764096,6,"0;1;2;3;6;10"
Root_2992,301.123190,43.041856,5,"1;2;3;6;10"
Root_2993,136.693430,28.093696,5,"0;2;3;6;10"
Root_2994,344.448790,47.671456,4,"2;3;6;10"
Root_2995,99.982902,23.690016,5,"0;1;3;6;10"
Root_2996,307.208310,43.967776,4,"1;3;6;10"
Root_2997,142.778550,29.019616,4,"0;3;6;10"
Root_2998,350.533910,48.597376,3,"3;6;10"
Root_2999,105.084086,24.677664,5,"0;1;2;6;10"
Root_3000,315.272438,44.955424,4,"1;2;6;10"
Root_3001,150.842678,30.007264,4,"0;2;6;10"
Root_3002,358.598038,49.585024,3,"2;6;10"
Root_3003,108.995030,25.603584,4,"0;1;6;10"
Root_3004,321.357558,45.881344,3,"1;6;10"
Root_3005,156.927798,30.933184,3,"0;6;10"
Root_3006,364.683158,50.510944,2,"6;10"
Root_3007,88.133642,21.424598,7,"0;1;2;3;4;5;10"
Root_3008,291.888717,41.702358,6,"1;2;3;4;5;10"
Root_3009,128.704758,26.754198,6,"0;2;3;4;5;10"
Root_3010,335.214317,46.331958,5,"2;3;4;5;10"
Root_3011,91.441002,22.350518,6,"0;1;3;4;5;10"
Root_3012,297.973837,42.628278,5,"1;3;4;5;10"
Root_3013,133.863958,27.680118,5,"0;3;4;5;10"
Root_3014,341.299437,47.257878,4,"3;4;5;10"
Root_3015,96.542186,23.338166,6,"0;1;2;4;5;10"
Root_3016,306.037965,43.615926,5,"1;2;4;5;10"
Root_3017,141.608205,28.667766,5,"0;2;4;5;10"
Root_3018,349.363565,48.245526,4,"2;4;5;10"
Root_3019,100.439552,24.264086,5,"0;1;4;5;10"
Root_3020,312.123085,44.541846,4,"1;4;5;10"
Root_3021,147.693325,29.593686,4,"0;4;5;10"
Root_3022,355.448685,49.171446,3,"4;5;10"
Root_3023,104.764499,23.646806,6,"0;1;2;3;5;10"
Root_3024,310.833005,43.924566,5,"1;2;3;5;10"
Root_3025,146.403245,28.976406,5,"0;2;3;5;10"
Root_3026,354.158605,48.554166,4,"2;3;5;10"
Root_3027,108.044586,24.572726,5,"0;1;3;5;10"
Root_3028,316.918125,44.850486,4,"1;3;5;10"
Root_3029,152.488365,29.902326,4,"0;3;5;10"
Root_3030,360.243725,49.480086,3,"3;5;10"
Root_3031,113.706144,25.560374,5,"0;1;2;5;10"
Root_3032,324.982253,45.838134,4,"1;2;5;10"
Root_3033,160.552493,30.889974,4,"0;2;5;10"
Root_3034,368.307853,50.467734,3,"2;5;10"
Root_3035,117.939424,26.486294,4,"0;1;5;10"
Root_3036,331.067373,46.764054,3,"1;5;10"
Root_3037,166.637613,31.815894,3,"0;5;10"
Root_3038,374.392973,51.393654,2,"5;10"
Root_3039,99.711443,22.967798,6,"0;1;2;3;4;10"
Root_3040,304.063917,43.245558,5,"1;2;3;4;10"
Root_3041,139.634157,28.297398,5,"0;2;3;4;10"
Root_3042,347.389517,47.875158,4,"2;3;4;10"
Root_3043,102.312522,23.893718,5,"0;1;3;4;10"
Root_3044,310.149037,44.171478,4,"1;3;4;10"
Root_3045,145.719277,29.223318,4,"0;3;4;10"
Root_3046,353.474637,48.801078,3,"3;4;10"
Root_3047,107.413706,24.881366,5,"0;1;2;4;10"
Root_3048,318.213165,45.159126,4,"1;2;4;10"
Root_3049,153.783405,30.210966,4,"0;2;4;10"
Root_3050,361.538765,49.788726,3,"2;4;10"
Root_3051,111.528352,25.807286,4,"0;1;4;10"
Root_3052,324.298285,46.085046,3,"1;4;10"
Root_3053,159.868525,31.136886,3,"0;4;10"
Root_3054,367.623885,50.714646,2,"4;10"
Root_3055,114.282826,25.190006,5,"0;1;2;3;10"
Root_3056,323.008205,45.467766,4,"1;2;3;10"
Root_3057,158.578445,30.519606,4,"0;2;3;10"
Root_3058,366.333805,50.097366,3,"2;3;10"
Root_3059,117.590186,26.115926,4,"0;1;3;10"
Root_3060,329.093325,46.393686,3,"1;3;10"
Root_3061,164.663565,31.445526,3,"0;3;10"
Root_3062,372.418925,51.023286,2,"3;10"
Root_3063,122.794944,27.103574,4,"0;1;2;10"
Root_3064,337.157453,47.381334,3,"1;2;10"
Root_3065,172.727693,32.433174,3,"0;2;10"
Root_3066,380.483053,52.010934,2,"2;10"
Root_3067,127.087213,28.029494,3,"0;1;10"
Root_3068,343.242573,48.307254,2,"1;10"
Root_3069,178.812813,33.359094,2,"0;10"
Root_3070,386.568173,52.936854,1,"10"
Root_3071,29.624544,8.977760,10,"0;1;2;3;4;5;6;7;8;9"
Root_3072,181.973494,29.955520,9,"1;2;3;4;5;6;7;8;9"
Root_3073,48.257664,15.007360,9,"0;2;3;4;5;6;7;8;9"
Root_3074,225.299094,34.585120,8,"2;3;4;5;6;7;8;9"
Root_3075,33.328224,9.903680,9,"0;1;3;4;5;6;7;8;9"
Root_3076,188.058614,30.881440,8,"1;3;4;5;6;7;8;9"
Root_3077,54.671136,15.933280,8,"0;3;4;5;6;7;8;9"
Root_3078,231.384214,35.511040,7,"3;4;5;6;7;8;9"
Root_3079,36.994848,11.591328,9,"0;1;2;4;5;6;7;8;9"
Root_3080,196.122742,31.869088,8,"1;2;4;5;6;7;8;9"
Root_3081,53.717952,16.920928,8,"0;2;4;5;6;7;8;9"
Root_3082,239.448342,36.498688,7,"2;4;5;6;7;8;9"
Root_3083,40.698528,12.517248,8,"0;1;4;5;6;7;8;9"
Root_3084,202.207862,32.795008,7,"1;4;5;6;7;8;9"
Root_3085,59.252544,17.846848,7,"0;4;5;6;7;8;9"
Root_3086,245.533462,37.424608,6,"4;5;6;7;8;9"
Root_3087,39.442944,11.199968,9,"0;1;2;3;5;6;7;8;9"
Root_3088,200.917782,32.177728,8,"1;2;3;5;6;7;8;9"
Root_3089,65.000640,17.229568,8,"0;2;3;5;6;7;8;9"
Root_3090,244.243382,36.807328,7,"2;3;5;6;7;8;9"
Root_3091,44.072544,12.125888,8,"0;1;3;5;6;7;8;9"
Root_3092,207.002902,33.103648,7,"1;3;5;6;7;8;9"
Root_3093,70.226592,18.155488,7,"0;3;5;6;7;8;9"
Root_3094,250.328502,37.733248,6,"3;5;6;7;8;9"
Root_3095,46.697216,13.813536,8,"0;1;2;5;6;7;8;9"
Root_3096,215.067030,34.091296,7,"1;2;5;6;7;8;9"
Root_3097,71.495616,19.143136,7,"0;2;5;6;7;8;9"
Root_3098,258.392630,38.720896,6,"2;5;6;7;8;9"
Root_3099,51.326816,14.739456,7,"0;1;5;6;7;8;9"
Root_3100,221.152150,35.017216,6,"1;5;6;7;8;9"
Root_3101,74.808000,20.069056,6,"0;5;6;7;8;9"
Root_3102,264.477750,39.646816,5,"5;6;7;8;9"
Root_3103,36.047904,10.520960,9,"0;1;2;3;4;6;7;8;9"
Root_3104,194.148694,31.498720,8,"1;2;3;4;6;7;8;9"
Root_3105,59.568576,16.550560,8,"0;2;3;4;6;7;8;9"
Root_3106,237.474294,36.128320,7,"2;3;4;6;7;8;9"
Root_3107,40.677504,11.446880,8,"0;1;3;4;6;7;8;9"
Root_3108,200.233814,32.424640,7,"1;3;4;6;7;8;9"
Root_3109,65.473536,17.476480,7,"0;3;4;6;7;8;9"
Root_3110,243.559414,37.054240,6,"3;4;6;7;8;9"
Root_3111,43.302176,13.134528,8,"0;1;2;4;6;7;8;9"
Root_3112,208.297942,33.412288,7,"1;2;4;6;7;8;9"
Root_3113,66.063552,18.464128,7,"0;2;4;6;7;8;9"
Root_3114,251.623542,38.041888,6,"2;4;6;7;8;9"
Root_3115,47.931776,14.060448,7,"0;1;4;6;7;8;9"
Root_3116,214.383062,34.338208,6,"1;4;6;7;8;9"
Root_3117,70.054944,19.390048,6,"0;4;6;7;8;9"
Root_3118,257.708662,38.967808,5,"4;6;7;8;9"
Root_3119,47.158944,12.743168,8,"0;1;2;3;6;7;8;9"
Root_3120,213.092982,33.720928,7,"1;2;3;6;7;8;9"
Root_3121,77.346240,18.772768,7,"0;2;3;6;7;8;9"
Root_3122,256.418582,38.350528,6,"2;3;6;7;8;9"
Root_3123,52.457632,13.669088,7,"0;1;3;6;7;8;9"
Root_3124,219.178102,34.646848,6,"1;3;6;7;8;9"
Root_3125,81.028992,19.698688,6,"0;3;6;7;8;9"
Root_3126,262.503702,39.276448,5,"3;6;7;8;9"
Root_3127,54.694624,15.356736,7,"0;1;2;6;7;8;9"
Root_3128,227.242230,35.634496,6,"1;2;6;7;8;9"
Root_3129,83.841216,20.686336,6,"0;2;6;7;8;9"
Root_3130,270.567830,40.264096,5,"2;6;7;8;9"
Root_3131,60.532800,16.282656,6,"0;1;6;7;8;9"
Root_3132,233.327350,36.560416,5,"1;6;7;8;9"
Root_3133,87.060822,21.612256,5,"0;6;7;8;9"
Root_3134,276.652950,41.190016,4,"6;7;8;9"
Root_3135,40.461456,11.403670,9,"0;1;2;3;4;5;7;8;9"
Root_3136,203.858509,32.381430,8,"1;2;3;4;5;7;8;9"
Root_3137,66.630259,17.433270,8,"0;2;3;4;5;7;8;9"
Root_3138,247.184109,37.011030,7,"2;3;4;5;7;8;9"
Root_3139,45.091056,12.329590,8,"0;1;3;4;5;7;8;9"
Root_3140,209.943629,33.307350,7,"1;3;4;5;7;8;9"
Root_3141,71.652509,18.359190,7,"0;3;4;5;7;8;9"
Root_3142,253.269229,37.936950,6,"3;4;5;7;8;9"
Root_3143,47.715728,14.017238,8,"0;1;2;4;5;7;8;9"
Root_3144,218.007757,34.294998,7,"1;2;4;5;7;8;9"
Root_3145,73.125235,19.346838,7,"0;2;4;5;7;8;9"
Root_3146,261.333357,38.924598,6,"2;4;5;7;8;9"
Root_3147,52.345328,14.943158,7,"0;1;4;5;7;8;9"
Root_3148,224.092877,35.220918,6,"1;4;5;7;8;9"
Root_3149,76.233917,20.272758,6,"0;4;5;7;8;9"
Root_3150,267.418477,39.850518,5,"4;5;7;8;9"
Root_3151,52.198374,13.625878,8,"0;1;2;3;5;7;8;9"
Root_3152,222.802797,34.603638,7,"1;2;3;5;7;8;9"
Root_3153,84.407923,19.655478,7,"0;2;3;5;7;8;9"
Root_3154,266.128397,39.233238,6,"2;3;5;7;8;9"
Root_3155,57.753894,14.551798,7,"0;1;3;5;7;8;9"
Root_3156,228.887917,35.529558,6,"1;3;5;7;8;9"
Root_3157,87.207965,20.581398,6,"0;3;5;7;8;9"
Root_3158,272.213517,40.159158,5,"3;5;7;8;9"
Root_3159,60.495699,16.239446,7,"0;1;2;5;7;8;9"
Root_3160,236.952045,36.517206,6,"1;2;5;7;8;9"
Root_3161,91.815146,21.569046,6,"0;2;5;7;8;9"
Root_3162,280.277645,41.146806,5,"2;5;7;8;9"
Root_3163,66.711773,17.165366,6,"0;1;5;7;8;9"
Root_3164,243.037165,37.443126,5,"1;5;7;8;9"
Root_3165,95.122506,22.494966,5,"0;5;7;8;9"
Root_3166,286.362765,42.072726,4,"5;7;8;9"
Root_3167,48.177456,12.946870,8,"0;1;2;3;4;7;8;9"
Root_3168,216.033709,33.924630,7,"1;2;3;4;7;8;9"
Root_3169,78.975859,18.976470,7,"0;2;3;4;7;8;9"
Root_3170,259.359309,38.554230,6,"2;3;4;7;8;9"
Root_3171,53.679846,13.872790,7,"0;1;3;4;7;8;9"
Root_3172,222.118829,34.850550,6,"1;3;4;7;8;9"
Root_3173,82.454909,19.902390,6,"0;3;4;7;8;9"
Root_3174,265.444429,39.480150,5,"3;4;7;8;9"
Root_3175,55.916838,15.560438,7,"0;1;2;4;7;8;9"
Root_3176,230.182957,35.838198,6,"1;2;4;7;8;9"
Root_3177,86.083082,20.890038,6,"0;2;4;7;8;9"
Root_3178,273.508557,40.467798,5,"2;4;7;8;9"
Root_3179,61.958717,16.486358,6,"0;1;4;7;8;9"
Root_3180,236.268077,36.764118,5,"1;4;7;8;9"
Root_3181,89.390442,21.815958,5,"0;4;7;8;9"
Root_3182,279.593677,41.393718,4,"4;7;8;9"
Root_3183,61.551325,15.169078,7,"0;1;2;3;7;8;9"
Root_3184,234.977997,36.146838,6,"1;2;3;7;8;9"
Root_3185,96.753523,21.198678,6,"0;2;3;7;8;9"
Root_3186,278.303597,40.776438,5,"2;3;7;8;9"
Root_3187,68.032765,16.094998,6,"0;1;3;7;8;9"
Root_3188,241.063117,37.072758,5,"1;3;7;8;9"
Root_3189,99.134963,22.124598,5,"0;3;7;8;9"
Root_3190,284.388717,41.702358,4,"3;7;8;9"
Root_3191,72.841299,17.782646,6,"0;1;2;7;8;9"
Root_3192,249.127245,38.060406,5,"1;2;7;8;9"
Root_3193,103.248499,23.112246,5,"0;2;7;8;9"
Root_3194,292.452845,42.690006,4,"2;7;8;9"
Root_3195,77.514173,18.708566,5,"0;1;7;8;9"
Root_3196,255.212365,38.986326,4,"1;7;8;9"
Root_3197,105.629939,24.038166,4,"0;7;8;9"
Root_3198,298.537965,43.615926,3,"7;8;9"
Root_3199,46.955264,12.702432,9,"0;1;2;3;4;5;6;8;9"
Root_3200,208.344886,32.980192,8,"1;2;3;4;5;6;8;9"
Root_3201,68.463648,18.032032,8,"0;2;3;4;5;6;8;9"
Root_3202,251.670486,37.609792,7,"2;3;4;5;6;8;9"
Root_3203,52.213216,13.628352,8,"0;1;3;4;5;6;8;9"
Root_3204,214.430006,33.906112,7,"1;3;4;5;6;8;9"
Root_3205,71.961216,18.957952,7,"0;3;4;5;6;8;9"
Root_3206,257.755606,38.535712,6,"3;4;5;6;8;9"
Root_3207,50.709536,14.616000,8,"0;1;2;4;5;6;8;9"
Root_3208,222.494134,34.893760,7,"1;2;4;5;6;8;9"
Root_3209,73.045056,19.945600,7,"0;2;4;5;6;8;9"
Root_3210,265.819734,39.523360,6,"2;4;5;6;8;9"
Root_3211,55.339136,15.541920,7,"0;1;4;5;6;8;9"
Root_3212,228.579254,35.819680,6,"1;4;5;6;8;9"
Root_3213,75.534934,20.871520,6,"0;4;5;6;8;9"
Root_3214,271.904854,40.449280,5,"4;5;6;8;9"
Root_3215,59.990944,14.924640,8,"0;1;2;3;5;6;8;9"
Root_3216,227.289174,35.202400,7,"1;2;3;5;6;8;9"
Root_3217,84.019104,20.254240,7,"0;2;3;5;6;8;9"
Root_3218,270.614774,39.832000,6,"2;3;5;6;8;9"
Root_3219,65.546464,15.850560,7,"0;1;3;5;6;8;9"
Root_3220,233.374294,36.128320,6,"1;3;5;6;8;9"
Root_3221,86.404054,21.180160,6,"0;3;5;6;8;9"
Root_3222,276.699894,40.757920,5,"3;5;6;8;9"
Root_3223,63.522912,16.838208,7,"0;1;2;5;6;8;9"
Root_3224,241.438422,37.115968,6,"1;2;5;6;8;9"
Root_3225,91.505238,22.167808,6,"0;2;5;6;8;9"
Root_3226,284.764022,41.745568,5,"2;5;6;8;9"
Root_3227,68.214304,17.764128,6,"0;1;5;6;8;9"
Root_3228,247.523542,38.041888,5,"1;5;6;8;9"
Root_3229,94.812598,23.093728,5,"0;5;6;8;9"
Root_3230,290.849142,42.671488,4,"5;6;8;9"
Root_3231,55.916896,14.245632,8,"0;1;2;3;4;6;8;9"
Root_3232,220.520086,34.523392,7,"1;2;3;4;6;8;9"
Root_3233,79.266048,19.575232,7,"0;2;3;4;6;8;9"
Root_3234,263.845686,39.152992,6,"2;3;4;6;8;9"
Root_3235,61.472416,15.171552,7,"0;1;3;4;6;8;9"
Root_3236,226.605206,35.449312,6,"1;3;4;6;8;9"
Root_3237,81.443776,20.501152,6,"0;3;4;6;8;9"
Root_3238,269.930806,40.078912,5,"3;4;6;8;9"
Root_3239,58.769856,16.159200,7,"0;1;2;4;6;8;9"
Root_3240,234.669334,36.436960,6,"1;2;4;6;8;9"
Root_3241,85.773174,21.488800,6,"0;2;4;6;8;9"
Root_3242,277.994934,41.066560,5,"2;4;6;8;9"
Root_3243,64.140256,17.085120,6,"0;1;4;6;8;9"
Root_3244,240.754454,37.362880,5,"1;4;6;8;9"
Root_3245,89.080534,22.414720,5,"0;4;6;8;9"
Root_3246,284.080054,41.992480,4,"4;6;8;9"
Root_3247,69.743904,16.467840,7,"0;1;2;3;6;8;9"
Root_3248,239.464374,36.745600,6,"1;2;3;6;8;9"
Root_3249,95.844854,21.797440,6,"0;2;3;6;8;9"
Root_3250,282.789974,41.375200,5,"2;3;6;8;9"
Root_3251,74.805664,17.393760,6,"0;1;3;6;8;9"
Root_3252,245.549494,37.671520,5,"1;3;6;8;9"
Root_3253,98.226294,22.723360,5,"0;3;6;8;9"
Root_3254,288.875094,42.301120,4,"3;6;8;9"
Root_3255,74.325312,18.381408,6,"0;1;2;6;8;9"
Root_3256,253.613622,38.659168,5,"1;2;6;8;9"
Root_3257,102.339830,23.711008,5,"0;2;6;8;9"
Root_3258,296.939222,43.288768,4,"2;6;8;9"
Root_3259,77.473504,19.307328,5,"0;1;6;8;9"
Root_3260,259.698742,39.585088,4,"1;6;8;9"
Root_3261,104.721270,24.636928,4,"0;6;8;9"
Root_3262,303.024342,44.214688,3,"6;8;9"
Root_3263,61.213158,15.128342,8,"0;1;2;3;4;5;8;9"
Root_3264,230.229901,35.406102,7,"1;2;3;4;5;8;9"
Root_3265,85.625171,20.457942,7,"0;2;3;4;5;8;9"
Root_3266,273.555501,40.035702,6,"2;3;4;5;8;9"
Root_3267,66.768678,16.054262,7,"0;1;3;4;5;8;9"
Root_3268,236.315021,36.332022,6,"1;3;4;5;8;9"
Root_3269,88.733674,21.383862,6,"0;3;4;5;8;9"
Root_3270,279.640621,40.961622,5,"3;4;5;8;9"
Root_3271,64.948829,17.041910,7,"0;1;2;4;5;8;9"
Root_3272,244.379149,37.319670,6,"1;2;4;5;8;9"
Root_3273,93.834858,22.371510,6,"0;2;4;5;8;9"
Root_3274,287.704749,41.949270,5,"2;4;5;8;9"
Root_3275,69.436518,17.967830,6,"0;1;4;5;8;9"
Root_3276,250.464269,38.245590,5,"1;4;5;8;9"
Root_3277,97.142218,23.297430,5,"0;4;5;8;9"
Root_3278,293.789869,42.875190,4,"4;5;8;9"
Root_3279,75.922877,17.350550,7,"0;1;2;3;5;8;9"
Root_3280,249.174189,37.628310,6,"1;2;3;5;8;9"
Root_3281,103.023827,22.680150,6,"0;2;3;5;8;9"
Root_3282,292.499789,42.257910,5,"2;3;5;8;9"
Root_3283,80.101926,18.276470,6,"0;1;3;5;8;9"
Root_3284,255.259309,38.554230,5,"1;3;5;8;9"
Root_3285,105.405267,23.606070,5,"0;3;5;8;9"
Root_3286,298.584909,43.183830,4,"3;5;8;9"
Root_3287,80.504285,19.264118,6,"0;1;2;5;8;9"
Root_3288,263.323437,39.541878,5,"1;2;5;8;9"
Root_3289,109.518803,24.593718,5,"0;2;5;8;9"
Root_3290,306.649037,44.171478,4,"2;5;8;9"
Root_3291,82.769766,20.190038,5,"0;1;5;8;9"
Root_3292,269.408557,40.467798,4,"1;5;8;9"
Root_3293,112.419882,25.519638,4,"0;5;8;9"
Root_3294,312.734157,45.097398,3,"5;8;9"
Root_3295,71.169821,16.671542,7,"0;1;2;3;4;8;9"
Root_3296,242.405101,36.949302,6,"1;2;3;4;8;9"
Root_3297,97.970771,22.001142,6,"0;2;3;4;8;9"
Root_3298,285.730701,41.578902,5,"2;3;4;8;9"
Root_3299,76.027878,17.597462,6,"0;1;3;4;8;9"
Root_3300,248.490221,37.875222,5,"1;3;4;8;9"
Root_3301,100.352211,22.927062,5,"0;3;4;8;9"
Root_3302,291.815821,42.504822,4,"3;4;8;9"
Root_3303,75.751229,18.585110,6,"0;1;2;4;8;9"
Root_3304,256.554349,38.862870,5,"1;2;4;8;9"
Root_3305,104.465747,23.914710,5,"0;2;4;8;9"
Root_3306,299.879949,43.492470,4,"2;4;8;9"
Root_3307,78.695718,19.511030,5,"0;1;4;8;9"
Root_3308,262.639469,39.788790,4,"1;4;8;9"
Root_3309,106.847187,24.840630,4,"0;4;8;9"
Root_3310,305.965069,44.418390,3,"4;8;9"
Root_3311,86.725277,18.893750,6,"0;1;2;3;8;9"
Root_3312,261.349389,39.171510,5,"1;2;3;8;9"
Root_3313,111.802877,24.223350,5,"0;2;3;8;9"
Root_3314,304.674989,43.801110,4,"2;3;8;9"
Root_3315,89.361126,19.819670,5,"0;1;3;8;9"
Root_3316,267.434509,40.097430,4,"1;3;8;9"
Root_3317,113.407667,25.149270,4,"0;3;8;9"
Root_3318,310.760109,44.727030,3,"3;8;9"
Root_3319,91.306685,20.807318,5,"0;1;2;8;9"
Root_3320,275.498637,41.085078,4,"1;2;8;9"
Root_3321,117.521203,26.136918,4,"0;2;8;9"
Root_3322,318.824237,45.714678,3,"2;8;9"
Root_3323,92.762205,21.733238,4,"0;1;8;9"
Root_3324,281.583757,42.010998,3,"1;8;9"
Root_3325,119.965482,27.062838,3,"0;8;9"
Root_3326,324.909357,46.640598,2,"8;9"
Root_3327,48.750304,13.607360,9,"0;1;2;3;4;5;6;7;9"
Root_3328,228.799094,34.585120,8,"1;2;3;4;5;6;7;9"
Root_3329,75.530176,19.636960,8,"0;2;3;4;5;6;7;9"
Root_3330,272.124694,39.214720,7,"2;3;4;5;6;7;9"
Root_3331,53.379904,14.533280,8,"0;1;3;4;5;6;7;9"
Root_3332,234.884214,35.511040,7,"1;3;4;5;6;7;9"
Root_3333,78.633824,20.562880,7,"0;3;4;5;6;7;9"
Root_3334,278.209814,40.140640,6,"3;4;5;6;7;9"
Root_3335,54.397024,16.220928,8,"0;1;2;4;5;6;7;9"
Root_3336,242.948342,36.498688,7,"1;2;4;5;6;7;9"
Root_3337,84.968054,21.550528,7,"0;2;4;5;6;7;9"
Root_3338,286.273942,41.128288,6,"2;4;5;6;7;9"
Root_3339,59.705696,17.146848,7,"0;1;4;5;6;7;9"
Root_3340,249.033462,37.424608,6,"1;4;5;6;7;9"
Root_3341,90.127254,22.476448,6,"0;4;5;6;7;9"
Root_3342,292.359062,42.054208,5,"4;5;6;7;9"
Root_3343,60.615584,15.829568,8,"0;1;2;3;5;6;7;9"
Root_3344,247.743382,36.807328,7,"1;2;3;5;6;7;9"
Root_3345,95.595286,21.859168,7,"0;2;3;5;6;7;9"
Root_3346,291.068982,41.436928,6,"2;3;5;6;7;9"
Root_3347,66.171104,16.755488,7,"0;1;3;5;6;7;9"
Root_3348,253.828502,37.733248,6,"1;3;5;6;7;9"
Root_3349,99.828566,22.785088,6,"0;3;5;6;7;9"
Root_3350,297.154102,42.362848,5,"3;5;6;7;9"
Root_3351,69.952480,18.443136,7,"0;1;2;5;6;7;9"
Root_3352,261.892630,38.720896,6,"1;2;5;6;7;9"
Root_3353,105.917398,23.772736,6,"0;2;5;6;7;9"
Root_3354,305.218230,43.350496,5,"2;5;6;7;9"
Root_3355,73.408000,19.369056,6,"0;1;5;6;7;9"
Root_3356,267.977750,39.646816,5,"1;5;6;7;9"
Root_3357,110.150678,24.698656,5,"0;5;6;7;9"
Root_3358,311.303350,44.276416,4,"5;6;7;9"
Root_3359,56.541536,15.150560,8,"0;1;2;3;4;6;7;9"
Root_3360,240.974294,36.128320,7,"1;2;3;4;6;7;9"
Root_3361,89.184214,21.180160,7,"0;2;3;4;6;7;9"
Root_3362,284.299894,40.757920,6,"2;3;4;6;7;9"
Root_3363,62.097056,16.076480,7,"0;1;3;4;6;7;9"
Root_3364,247.059414,37.054240,6,"1;3;4;6;7;9"
Root_3365,93.417494,22.106080,6,"0;3;4;6;7;9"
Root_3366,290.385014,41.683840,5,"3;4;6;7;9"
Root_3367,65.199424,17.764128,7,"0;1;2;4;6;7;9"
Root_3368,255.123542,38.041888,6,"1;2;4;6;7;9"
Root_3369,99.506326,23.093728,6,"0;2;4;6;7;9"
Root_3370,298.449142,42.671488,5,"2;4;6;7;9"
Root_3371,68.964896,18.690048,6,"0;1;4;6;7;9"
Root_3372,261.208662,38.967808,5,"1;4;6;7;9"
Root_3373,103.739606,24.019648,5,"0;4;6;7;9"
Root_3374,304.534262,43.597408,4,"4;6;7;9"
Root_3375,71.273472,17.372768,7,"0;1;2;3;6;7;9"
Root_3376,259.918582,38.350528,6,"1;2;3;6;7;9"
Root_3377,108.281718,23.402368,6,"0;2;3;6;7;9"
Root_3378,303.244182,42.980128,5,"2;3;6;7;9"
Root_3379,75.430304,18.298688,6,"0;1;3;6;7;9"
Root_3380,266.003702,39.276448,5,"1;3;6;7;9"
Root_3381,111.589078,24.328288,5,"0;3;6;7;9"
Root_3382,309.329302,43.906048,4,"3;6;7;9"
Root_3383,81.741216,19.986336,6,"0;1;2;6;7;9"
Root_3384,274.067830,40.264096,5,"1;2;6;7;9"
Root_3385,116.690262,25.315936,5,"0;2;6;7;9"
Root_3386,317.393430,44.893696,4,"2;6;7;9"
Root_3387,84.348566,20.912256,5,"0;1;6;7;9"
Root_3388,280.152950,41.190016,4,"1;6;7;9"
Root_3389,119.997622,26.241856,4,"0;6;7;9"
Root_3390,323.478550,45.819616,3,"6;7;9"
Root_3391,61.896989,16.033270,8,"0;1;2;3;4;5;7;9"
Root_3392,250.684109,37.011030,7,"1;2;3;4;5;7;9"
Root_3393,98.128608,22.062870,7,"0;2;3;4;5;7;9"
Root_3394,294.009709,41.640630,6,"2;3;4;5;7;9"
Root_3395,67.393318,16.959190,7,"0;1;3;4;5;7;9"
Root_3396,256.769229,37.936950,6,"1;3;4;5;7;9"
Root_3397,102.361888,22.988790,6,"0;3;4;5;7;9"
Root_3398,300.094829,42.566550,5,"3;4;5;7;9"
Root_3399,71.378397,18.646838,7,"0;1;2;4;5;7;9"
Root_3400,264.833357,38.924598,6,"1;2;4;5;7;9"
Root_3401,108.450720,23.976438,6,"0;2;4;5;7;9"
Root_3402,308.158957,43.554198,5,"2;4;5;7;9"
Root_3403,74.833917,19.572758,6,"0;1;4;5;7;9"
Root_3404,270.918477,39.850518,5,"1;4;5;7;9"
Root_3405,112.684000,24.902358,5,"0;4;5;7;9"
Root_3406,314.244077,44.480118,4,"4;5;7;9"
Root_3407,77.452445,18.255478,7,"0;1;2;3;5;7;9"
Root_3408,269.628397,39.233238,6,"1;2;3;5;7;9"
Root_3409,116.343402,24.285078,6,"0;2;3;5;7;9"
Root_3410,312.953997,43.862838,5,"2;3;5;7;9"
Root_3411,80.907965,19.181398,6,"0;1;3;5;7;9"
Root_3412,275.713517,40.159158,5,"1;3;5;7;9"
Root_3413,119.650762,25.210998,5,"0;3;5;7;9"
Root_3414,319.039117,44.788758,4,"3;5;7;9"
Root_3415,89.015146,20.869046,6,"0;1;2;5;7;9"
Root_3416,283.777645,41.146806,5,"1;2;5;7;9"
Root_3417,124.751946,26.198646,5,"0;2;5;7;9"
Root_3418,327.103245,45.776406,4,"2;5;7;9"
Root_3419,92.322506,21.794966,5,"0;1;5;7;9"
Root_3420,289.862765,42.072726,4,"1;5;7;9"
Root_3421,128.059306,27.124566,4,"0;5;7;9"
Root_3422,333.188365,46.702326,3,"5;7;9"
Root_3423,72.699389,17.576470,7,"0;1;2;3;4;7;9"
Root_3424,262.859309,38.554230,6,"1;2;3;4;7;9"
Root_3425,110.611338,23.606070,6,"0;2;3;4;7;9"
Root_3426,306.184909,43.183830,5,"2;3;4;7;9"
Root_3427,76.652518,18.502390,6,"0;1;3;4;7;9"
Root_3428,268.944429,39.480150,5,"1;3;4;7;9"
Root_3429,113.918698,24.531990,5,"0;3;4;7;9"
Root_3430,312.270029,44.109750,4,"3;4;7;9"
Root_3431,83.370835,20.190038,6,"0;1;2;4;7;9"
Root_3432,277.008557,40.467798,5,"1;2;4;7;9"
Root_3433,119.019882,25.519638,5,"0;2;4;7;9"
Root_3434,320.334157,45.097398,4,"2;4;7;9"
Root_3435,86.590442,21.115958,5,"0;1;4;7;9"
Root_3436,283.093677,41.393718,4,"1;4;7;9"
Root_3437,122.327242,26.445558,4,"0;4;7;9"
Root_3438,326.419277,46.023318,3,"4;7;9"
Root_3439,89.053523,19.798678,6,"0;1;2;3;7;9"
Root_3440,281.803597,40.776438,5,"1;2;3;7;9"
Root_3441,125.060723,25.828278,5,"0;2;3;7;9"
Root_3442,325.129197,45.406038,4,"2;3;7;9"
Root_3443,91.710365,20.724598,5,"0;1;3;7;9"
Root_3444,287.888717,41.702358,4,"1;3;7;9"
Root_3445,127.442163,26.754198,4,"0;3;7;9"
Root_3446,331.214317,46.331958,3,"3;7;9"
Root_3447,101.148499,22.412246,5,"0;1;2;7;9"
Root_3448,295.952845,42.690006,4,"1;2;7;9"
Root_3449,132.297546,27.741846,4,"0;2;7;9"
Root_3450,339.278445,47.319606,3,"2;7;9"
Root_3451,103.529939,23.338166,4,"0;1;7;9"
Root_3452,302.037965,43.615926,3,"1;7;9"
Root_3453,137.608205,28.667766,3,"0;7;9"
Root_3454,345.363565,48.245526,2,"7;9"
Root_3455,68.731616,17.332032,8,"0;1;2;3;4;5;6;9"
Root_3456,255.170486,37.609792,7,"1;2;3;4;5;6;9"
Root_3457,98.417462,22.661632,7,"0;2;3;4;5;6;9"
Root_3458,298.496086,42.239392,6,"2;3;4;5;6;9"
Root_3459,72.003264,18.257952,7,"0;1;3;4;5;6;9"
Root_3460,261.255606,38.535712,6,"1;3;4;5;6;9"
Root_3461,102.650742,23.587552,6,"0;3;4;5;6;9"
Root_3462,304.581206,43.165312,5,"3;4;5;6;9"
Root_3463,71.645056,19.245600,7,"0;1;2;4;5;6;9"
Root_3464,269.319734,39.523360,6,"1;2;4;5;6;9"
Root_3465,108.739574,24.575200,6,"0;2;4;5;6;9"
Root_3466,312.645334,44.152960,5,"2;4;5;6;9"
Root_3467,73.929056,20.171520,6,"0;1;4;5;6;9"
Root_3468,275.404854,40.449280,5,"1;4;5;6;9"
Root_3469,113.473974,25.501120,5,"0;4;5;6;9"
Root_3470,318.730454,45.078880,4,"4;5;6;9"
Root_3471,82.619104,19.554240,7,"0;1;2;3;5;6;9"
Root_3472,274.114774,39.832000,6,"1;2;3;5;6;9"
Root_3473,116.033494,24.883840,6,"0;2;3;5;6;9"
Root_3474,317.440374,44.461600,5,"2;3;5;6;9"
Root_3475,84.594464,20.480160,6,"0;1;3;5;6;9"
Root_3476,280.199894,40.757920,5,"1;3;5;6;9"
Root_3477,120.150614,25.809760,5,"0;3;5;6;9"
Root_3478,323.525494,45.387520,4,"3;5;6;9"
Root_3479,88.705238,21.467808,6,"0;1;2;5;6;9"
Root_3480,288.264022,41.745568,5,"1;2;5;6;9"
Root_3481,126.239446,26.797408,5,"0;2;5;6;9"
Root_3482,331.589622,46.375168,4,"2;5;6;9"
Root_3483,92.012598,22.393728,5,"0;1;5;6;9"
Root_3484,294.349142,42.671488,4,"1;5;6;9"
Root_3485,130.472726,27.723328,4,"0;5;6;9"
Root_3486,337.674742,47.301088,3,"5;6;9"
Root_3487,77.990816,18.875232,7,"0;1;2;3;4;6;9"
Root_3488,267.345686,39.152992,6,"1;2;3;4;6;9"
Root_3489,110.301430,24.204832,6,"0;2;3;4;6;9"
Root_3490,310.671286,43.782592,5,"2;3;4;6;9"
Root_3491,80.520416,19.801152,6,"0;1;3;4;6;9"
Root_3492,273.430806,40.078912,5,"1;3;4;6;9"
Root_3493,113.739542,25.130752,5,"0;3;4;6;9"
Root_3494,316.756406,44.708512,4,"3;4;6;9"
Root_3495,82.973174,20.788800,6,"0;1;2;4;6;9"
Root_3496,281.494934,41.066560,5,"1;2;4;6;9"
Root_3497,119.828374,26.118400,5,"0;2;4;6;9"
Root_3498,324.820534,45.696160,4,"2;4;6;9"
Root_3499,86.280534,21.714720,5,"0;1;4;6;9"
Root_3500,287.580054,41.992480,4,"1;4;6;9"
Root_3501,124.105974,27.044320,4,"0;4;6;9"
Root_3502,330.905654,46.622080,3,"4;6;9"
Root_3503,93.744854,21.097440,6,"0;1;2;3;6;9"
Root_3504,286.289974,41.375200,5,"1;2;3;6;9"
Root_3505,125.579094,26.427040,5,"0;2;3;6;9"
Root_3506,329.615574,46.004800,4,"2;3;6;9"
Root_3507,96.126294,22.023360,5,"0;1;3;6;9"
Root_3508,292.375094,42.301120,4,"1;3;6;9"
Root_3509,129.239414,27.352960,4,"0;3;6;9"
Root_3510,335.700694,46.930720,3,"3;6;9"
Root_3511,100.239830,23.011008,5,"0;1;2;6;9"
Root_3512,300.439222,43.288768,4,"1;2;6;9"
Root_3513,136.009462,28.340608,4,"0;2;6;9"
Root_3514,343.764822,47.918368,3,"2;6;9"
Root_3515,102.621270,23.936928,4,"0;1;6;9"
Root_3516,306.524342,44.214688,3,"1;6;9"
Root_3517,142.094582,29.266528,3,"0;6;9"
Root_3518,349.849942,48.844288,2,"6;9"
Root_3519,84.045021,19.757942,7,"0;1;2;3;4;5;9"
Root_3520,277.055501,40.035702,6,"1;2;3;4;5;9"
Root_3521,118.450656,25.087542,6,"0;2;3;4;5;9"
Root_3522,320.381101,44.665302,5,"2;3;4;5;9"
Root_3523,86.249811,20.683862,6,"0;1;3;4;5;9"
Root_3524,283.140621,40.961622,5,"1;3;4;5;9"
Root_3525,122.683936,26.013462,5,"0;3;4;5;9"
Root_3526,326.466221,45.591222,4,"3;4;5;9"
Root_3527,91.034858,21.671510,6,"0;1;2;4;5;9"
Root_3528,291.204749,41.949270,5,"1;2;4;5;9"
Root_3529,128.772768,27.001110,5,"0;2;4;5;9"
Root_3530,334.530349,46.578870,4,"2;4;5;9"
Root_3531,94.342218,22.597430,5,"0;1;4;5;9"
Root_3532,297.289869,42.875190,4,"1;4;5;9"
Root_3533,133.006048,27.927030,4,"0;4;5;9"
Root_3534,340.615469,47.504790,3,"4;5;9"
Root_3535,100.923827,21.980150,6,"0;1;2;3;5;9"
Root_3536,295.999789,42.257910,5,"1;2;3;5;9"
Root_3537,133.640778,27.309750,5,"0;2;3;5;9"
Root_3538,339.325389,46.887510,4,"2;3;5;9"
Root_3539,103.305267,22.906070,5,"0;1;3;5;9"
Root_3540,302.084909,43.183830,4,"1;3;5;9"
Root_3541,137.655149,28.235670,4,"0;3;5;9"
Root_3542,345.410509,47.813430,3,"3;5;9"
Root_3543,107.418803,23.893718,5,"0;1;2;5;9"
Root_3544,310.149037,44.171478,4,"1;2;5;9"
Root_3545,145.719277,29.223318,4,"0;2;5;9"
Root_3546,353.474637,48.801078,3,"2;5;9"
Root_3547,109.800243,24.819638,4,"0;1;5;9"
Root_3548,316.234157,45.097398,3,"1;5;9"
Root_3549,151.804397,30.149238,3,"0;5;9"
Root_3550,359.559757,49.726998,2,"5;9"
Root_3551,95.870771,21.301142,6,"0;1;2;3;4;9"
Root_3552,289.230701,41.578902,5,"1;2;3;4;9"
Root_3553,127.908714,26.630742,5,"0;2;3;4;9"
Root_3554,332.556301,46.208502,4,"2;3;4;9"
Root_3555,98.252211,22.227062,5,"0;1;3;4;9"
Root_3556,295.315821,42.504822,4,"1;3;4;9"
Root_3557,131.772736,27.556662,4,"0;3;4;9"
Root_3558,338.641421,47.134422,3,"3;4;9"
Root_3559,102.365747,23.214710,5,"0;1;2;4;9"
Root_3560,303.379949,43.492470,4,"1;2;4;9"
Root_3561,138.950189,28.544310,4,"0;2;4;9"
Root_3562,346.705549,48.122070,3,"2;4;9"
Root_3563,104.747187,24.140630,4,"0;1;4;9"
Root_3564,309.465069,44.418390,3,"1;4;9"
Root_3565,145.035309,29.470230,3,"0;4;9"
Root_3566,352.790669,49.047990,2,"4;9"
Root_3567,110.402877,23.523350,5,"0;1;2;3;9"
Root_3568,308.174989,43.801110,4,"1;2;3;9"
Root_3569,143.745229,28.852950,4,"0;2;3;9"
Root_3570,351.500589,48.430710,3,"2;3;9"
Root_3571,111.858397,24.449270,4,"0;1;3;9"
Root_3572,314.260109,44.727030,3,"1;3;9"
Root_3573,149.830349,29.778870,3,"0;3;9"
Root_3574,357.585709,49.356630,2,"3;9"
Root_3575,115.421203,25.436918,4,"0;1;2;9"
Root_3576,322.324237,45.714678,3,"1;2;9"
Root_3577,157.894477,30.766518,3,"0;2;9"
Root_3578,365.649837,50.344278,2,"2;9"
Root_3579,117.802643,26.362838,3,"0;1;9"
Root_3580,328.409357,46.640598,2,"1;9"
Root_3581,163.979597,31.692438,2,"0;9"
Root_3582,371.734957,51.270198,1,"9"
Root_3583,39.031872,12.270336,9,"0;1;2;3;4;5;6;7;8"
Root_3584,203.591830,32.548096,8,"1;2;3;4;5;6;7;8"
Root_3585,58.471008,17.599936,8,"0;2;3;4;5;6;7;8"
Root_3586,246.917430,37.177696,7,"2;3;4;5;6;7;8"
Root_3587,42.931808,13.196256,8,"0;1;3;4;5;6;7;8"
Root_3588,209.676950,33.474016,7,"1;3;4;5;6;7;8"
Root_3589,63.326592,18.525856,7,"0;3;4;5;6;7;8"
Root_3590,253.002550,38.103616,6,"3;4;5;6;7;8"
Root_3591,40.872576,14.183904,8,"0;1;2;4;5;6;7;8"
Root_3592,217.741078,34.461664,7,"1;2;4;5;6;7;8"
Root_3593,64.965984,19.513504,7,"0;2;4;5;6;7;8"
Root_3594,261.066678,39.091264,6,"2;4;5;6;7;8"
Root_3595,44.610752,15.109824,7,"0;1;4;5;6;7;8"
Root_3596,223.826198,35.387584,6,"1;4;5;6;7;8"
Root_3597,68.069632,20.439424,6,"0;4;5;6;7;8"
Root_3598,267.151798,40.017184,5,"4;5;6;7;8"
Root_3599,49.413248,14.492544,8,"0;1;2;3;5;6;7;8"
Root_3600,222.536118,34.770304,7,"1;2;3;5;6;7;8"
Root_3601,76.248672,19.822144,7,"0;2;3;5;6;7;8"
Root_3602,265.861718,39.399904,6,"2;3;5;6;7;8"
Root_3603,54.385984,15.418464,7,"0;1;3;5;6;7;8"
Root_3604,228.621238,35.696224,6,"1;3;5;6;7;8"
Root_3605,78.973312,20.748064,6,"0;3;5;6;7;8"
Root_3606,271.946838,40.325824,5,"3;5;6;7;8"
Root_3607,52.336448,16.406112,7,"0;1;2;5;6;7;8"
Root_3608,236.685366,36.683872,6,"1;2;5;6;7;8"
Root_3609,84.784182,21.735712,6,"0;2;5;6;7;8"
Root_3610,280.010966,41.313472,5,"2;5;6;7;8"
Root_3611,58.385856,17.332032,6,"0;1;5;6;7;8"
Root_3612,242.770486,37.609792,5,"1;5;6;7;8"
Root_3613,89.017462,22.661632,5,"0;5;6;7;8"
Root_3614,286.096086,42.239392,4,"5;6;7;8"
Root_3615,46.018208,13.813536,8,"0;1;2;3;4;6;7;8"
Root_3616,215.767030,34.091296,7,"1;2;3;4;6;7;8"
Root_3617,70.816608,19.143136,7,"0;2;3;4;6;7;8"
Root_3618,259.092630,38.720896,6,"2;3;4;6;7;8"
Root_3619,50.647808,14.739456,7,"0;1;3;4;6;7;8"
Root_3620,221.852150,35.017216,6,"1;3;4;6;7;8"
Root_3621,74.128992,20.069056,6,"0;3;4;6;7;8"
Root_3622,265.177750,39.646816,5,"3;4;6;7;8"
Root_3623,47.697152,15.727104,7,"0;1;2;4;6;7;8"
Root_3624,229.916278,36.004864,6,"1;2;4;6;7;8"
Root_3625,78.373110,21.056704,6,"0;2;4;6;7;8"
Root_3626,273.241878,40.634464,5,"2;4;6;7;8"
Root_3627,53.632800,16.653024,6,"0;1;4;6;7;8"
Root_3628,236.001398,36.930784,5,"1;4;6;7;8"
Root_3629,82.606390,21.982624,5,"0;4;6;7;8"
Root_3630,279.326998,41.560384,4,"4;6;7;8"
Root_3631,58.187072,16.035744,7,"0;1;2;3;6;7;8"
Root_3632,234.711318,36.313504,6,"1;2;3;6;7;8"
Root_3633,89.185526,21.365344,6,"0;2;3;6;7;8"
Root_3634,278.036918,40.943104,5,"2;3;6;7;8"
Root_3635,64.606848,16.961664,6,"0;1;3;6;7;8"
Root_3636,240.796438,37.239424,5,"1;3;6;7;8"
Root_3637,92.492886,22.291264,5,"0;3;6;7;8"
Root_3638,284.122038,41.869024,4,"3;6;7;8"
Root_3639,64.682048,17.949312,6,"0;1;2;6;7;8"
Root_3640,248.860566,38.227072,5,"1;2;6;7;8"
Root_3641,97.594070,23.278912,5,"0;2;6;7;8"
Root_3642,292.186166,42.856672,4,"2;6;7;8"
Root_3643,69.188256,18.875232,5,"0;1;6;7;8"
Root_3644,254.945686,39.152992,4,"1;6;7;8"
Root_3645,100.901430,24.204832,4,"0;6;7;8"
Root_3646,298.271286,43.782592,3,"6;7;8"
Root_3647,50.431760,14.696246,8,"0;1;2;3;4;5;7;8"
Root_3648,225.476845,34.974006,7,"1;2;3;4;5;7;8"
Root_3649,77.878291,20.025846,7,"0;2;3;4;5;7;8"
Root_3650,268.802445,39.603606,6,"2;3;4;5;7;8"
Root_3651,55.608198,15.622166,7,"0;1;3;4;5;7;8"
Root_3652,231.561965,35.899926,6,"1;3;4;5;7;8"
Root_3653,81.276906,20.951766,6,"0;3;4;5;7;8"
Root_3654,274.887565,40.529526,5,"3;4;5;7;8"
Root_3655,53.966067,16.609814,7,"0;1;2;4;5;7;8"
Root_3656,239.626093,36.887574,6,"1;2;4;5;7;8"
Root_3657,87.317504,21.939414,6,"0;2;4;5;7;8"
Root_3658,282.951693,41.517174,5,"2;4;5;7;8"
Root_3659,59.811773,17.535734,6,"0;1;4;5;7;8"
Root_3660,245.711213,37.813494,5,"1;4;5;7;8"
Root_3661,91.550784,22.865334,5,"0;4;5;7;8"
Root_3662,289.036813,42.443094,4,"4;5;7;8"
Root_3663,65.248755,16.918454,7,"0;1;2;3;5;7;8"
Root_3664,244.421133,37.196214,6,"1;2;3;5;7;8"
Root_3665,97.247210,22.248054,6,"0;2;3;5;7;8"
Root_3666,287.746733,41.825814,5,"2;3;5;7;8"
Root_3667,70.785821,17.844374,6,"0;1;3;5;7;8"
Root_3668,250.506253,38.122134,5,"1;3;5;7;8"
Root_3669,100.554570,23.173974,5,"0;3;5;7;8"
Root_3670,293.831853,42.751734,4,"3;5;7;8"
Root_3671,71.743731,18.832022,6,"0;1;2;5;7;8"
Root_3672,258.570381,39.109782,5,"1;2;5;7;8"
Root_3673,105.655754,24.161622,5,"0;2;5;7;8"
Root_3674,301.895981,43.739382,4,"2;5;7;8"
Root_3675,75.367229,19.757942,5,"0;1;5;7;8"
Root_3676,264.655501,40.035702,4,"1;5;7;8"
Root_3677,108.963114,25.087542,4,"0;5;7;8"
Root_3678,307.981101,44.665302,3,"5;7;8"
Root_3679,59.816691,16.239446,7,"0;1;2;3;4;7;8"
Root_3680,237.652045,36.517206,6,"1;2;3;4;7;8"
Root_3681,91.515146,21.569046,6,"0;2;3;4;7;8"
Root_3682,280.977645,41.146806,5,"2;3;4;7;8"
Root_3683,66.032765,17.165366,6,"0;1;3;4;7;8"
Root_3684,243.737165,37.443126,5,"1;3;4;7;8"
Root_3685,94.822506,22.494966,5,"0;3;4;7;8"
Root_3686,287.062765,42.072726,4,"3;4;7;8"
Root_3687,66.311667,18.153014,6,"0;1;2;4;7;8"
Root_3688,251.801293,38.430774,5,"1;2;4;7;8"
Root_3689,99.923690,23.482614,5,"0;2;4;7;8"
Root_3690,295.126893,43.060374,4,"2;4;7;8"
Root_3691,70.614173,19.078934,5,"0;1;4;7;8"
Root_3692,257.886413,39.356694,4,"1;4;7;8"
Root_3693,103.231050,24.408534,4,"0;4;7;8"
Root_3694,301.212013,43.986294,3,"4;7;8"
Root_3695,77.594355,18.461654,6,"0;1;2;3;7;8"
Root_3696,256.596333,38.739414,5,"1;2;3;7;8"
Root_3697,108.001555,23.791254,5,"0;2;3;7;8"
Root_3698,299.921933,43.369014,4,"2;3;7;8"
Root_3699,81.588221,19.387574,5,"0;1;3;7;8"
Root_3700,262.681453,39.665334,4,"1;3;7;8"
Root_3701,110.382995,24.717174,4,"0;3;7;8"
Root_3702,306.007053,44.294934,3,"3;7;8"
Root_3703,84.089331,20.375222,5,"0;1;2;7;8"
Root_3704,270.745581,40.652982,4,"1;2;7;8"
Root_3705,114.496531,25.704822,4,"0;2;7;8"
Root_3706,314.071181,45.282582,3,"2;7;8"
Root_3707,86.470771,21.301142,4,"0;1;7;8"
Root_3708,276.830701,41.578902,3,"1;7;8"
Root_3709,116.877971,26.630742,3,"0;7;8"
Root_3710,320.156301,46.208502,2,"7;8"
Root_3711,53.425568,15.295008,8,"0;1;2;3;4;5;6;8"
Root_3712,229.963222,35.572768,7,"1;2;3;4;5;6;8"
Root_3713,77.465920,20.624608,7,"0;2;3;4;5;6;8"
Root_3714,273.288822,40.202368,6,"2;3;4;5;6;8"
Root_3715,58.276096,16.220928,7,"0;1;3;4;5;6;8"
Root_3716,236.048342,36.498688,6,"1;3;4;5;6;8"
Root_3717,81.517526,21.550528,6,"0;3;4;5;6;8"
Root_3718,279.373942,41.128288,5,"3;4;5;6;8"
Root_3719,56.622912,17.208576,7,"0;1;2;4;5;6;8"
Root_3720,244.112470,37.486336,6,"1;2;4;5;6;8"
Root_3721,87.606358,22.538176,6,"0;2;4;5;6;8"
Root_3722,287.438070,42.115936,5,"2;4;5;6;8"
Root_3723,60.943936,18.134496,6,"0;1;4;5;6;8"
Root_3724,250.197590,38.412256,5,"1;4;5;6;8"
Root_3725,91.839638,23.464096,5,"0;4;5;6;8"
Root_3726,293.523190,43.041856,4,"4;5;6;8"
Root_3727,67.596960,17.517216,7,"0;1;2;3;5;6;8"
Root_3728,248.907510,37.794976,6,"1;2;3;5;6;8"
Root_3729,96.937302,22.846816,6,"0;2;3;5;6;8"
Root_3730,292.233110,42.424576,5,"2;3;5;6;8"
Root_3731,71.609344,18.443136,6,"0;1;3;5;6;8"
Root_3732,254.992630,38.720896,5,"1;3;5;6;8"
Root_3733,100.244662,23.772736,5,"0;3;5;6;8"
Root_3734,298.318230,43.350496,4,"3;5;6;8"
Root_3735,72.178368,19.430784,6,"0;1;2;5;6;8"
Root_3736,263.056758,39.708544,5,"1;2;5;6;8"
Root_3737,105.345846,24.760384,5,"0;2;5;6;8"
Root_3738,306.382358,44.338144,4,"2;5;6;8"
Root_3739,74.277184,20.356704,5,"0;1;5;6;8"
Root_3740,269.141878,40.634464,4,"1;5;6;8"
Root_3741,109.339510,25.686304,4,"0;5;6;8"
Root_3742,312.467478,45.264064,3,"5;6;8"
Root_3743,62.843904,16.838208,7,"0;1;2;3;4;6;8"
Root_3744,242.138422,37.115968,6,"1;2;3;4;6;8"
Root_3745,91.205238,22.167808,6,"0;2;3;4;6;8"
Root_3746,285.464022,41.745568,5,"2;3;4;6;8"
Root_3747,67.535296,17.764128,6,"0;1;3;4;6;8"
Root_3748,248.223542,38.041888,5,"1;3;4;6;8"
Root_3749,94.512598,23.093728,5,"0;3;4;6;8"
Root_3750,291.549142,42.671488,4,"3;4;6;8"
Root_3751,67.425312,18.751776,6,"0;1;2;4;6;8"
Root_3752,256.287670,39.029536,5,"1;2;4;6;8"
Root_3753,99.613782,24.081376,5,"0;2;4;6;8"
Root_3754,299.613270,43.659136,4,"2;4;6;8"
Root_3755,70.203136,19.677696,5,"0;1;4;6;8"
Root_3756,262.372790,39.955456,4,"1;4;6;8"
Root_3757,102.928438,25.007296,4,"0;4;6;8"
Root_3758,305.698390,44.585056,3,"4;6;8"
Root_3759,78.399360,19.060416,6,"0;1;2;3;6;8"
Root_3760,261.082710,39.338176,5,"1;2;3;6;8"
Root_3761,107.092886,24.390016,5,"0;2;3;6;8"
Root_3762,304.408310,43.967776,4,"2;3;6;8"
Root_3763,80.868544,19.986336,5,"0;1;3;6;8"
Root_3764,267.167830,40.264096,4,"1;3;6;8"
Root_3765,109.790262,25.315936,4,"0;3;6;8"
Root_3766,310.493430,44.893696,3,"3;6;8"
Root_3767,83.180662,20.973984,5,"0;1;2;6;8"
Root_3768,275.231958,41.251744,4,"1;2;6;8"
Root_3769,114.891446,26.303584,4,"0;2;6;8"
Root_3770,318.557558,45.881344,3,"2;6;8"
Root_3771,85.562102,21.899904,4,"0;1;6;8"
Root_3772,281.317078,42.177664,3,"1;6;8"
Root_3773,118.428310,27.229504,3,"0;6;8"
Root_3774,324.642678,46.807264,2,"6;8"
Root_3775,69.022877,17.720918,7,"0;1;2;3;4;5;8"
Root_3776,251.848237,37.998678,6,"1;2;3;4;5;8"
Root_3777,99.266922,23.050518,6,"0;2;3;4;5;8"
Root_3778,295.173837,42.628278,5,"2;3;4;5;8"
Root_3779,72.831558,18.646838,6,"0;1;3;4;5;8"
Root_3780,257.933357,38.924598,5,"1;3;4;5;8"
Root_3781,102.574282,23.976438,5,"0;3;4;5;8"
Root_3782,301.258957,43.554198,4,"3;4;5;8"
Root_3783,73.604285,19.634486,6,"0;1;2;4;5;8"
Root_3784,265.997485,39.912246,5,"1;2;4;5;8"
Root_3785,107.675466,24.964086,5,"0;2;4;5;8"
Root_3786,309.323085,44.541846,4,"2;4;5;8"
Root_3787,75.782013,20.560406,5,"0;1;4;5;8"
Root_3788,272.082605,40.838166,4,"1;4;5;8"
Root_3789,111.872832,25.890006,4,"0;4;5;8"
Root_3790,315.408205,45.467766,3,"4;5;8"
Root_3791,84.578333,19.943126,6,"0;1;2;3;5;8"
Root_3792,270.792525,40.220886,5,"1;2;3;5;8"
Root_3793,114.544586,25.272726,5,"0;2;3;5;8"
Root_3794,314.118125,44.850486,4,"2;3;5;8"
Root_3795,86.377053,20.869046,5,"0;1;3;5;8"
Root_3796,276.877645,41.146806,4,"1;3;5;8"
Root_3797,117.851946,26.198646,4,"0;3;5;8"
Root_3798,320.203245,45.776406,3,"3;5;8"
Root_3799,90.359635,21.856694,5,"0;1;2;5;8"
Root_3800,284.941773,42.134454,4,"1;2;5;8"
Root_3801,122.953130,27.186294,4,"0;2;5;8"
Root_3802,328.267373,46.764054,3,"2;5;8"
Root_3803,92.741075,22.782614,4,"0;1;5;8"
Root_3804,291.026893,43.060374,3,"1;5;8"
Root_3805,126.597133,28.112214,3,"0;5;8"
Root_3806,334.352493,47.689974,2,"5;8"
Root_3807,79.825277,19.264118,6,"0;1;2;3;4;8"
Root_3808,264.023437,39.541878,5,"1;2;3;4;8"
Root_3809,109.218803,24.593718,5,"0;2;3;4;8"
Root_3810,307.349037,44.171478,4,"2;3;4;8"
Root_3811,82.090758,20.190038,5,"0;1;3;4;8"
Root_3812,270.108557,40.467798,4,"1;3;4;8"
Root_3813,112.119882,25.519638,4,"0;3;4;8"
Root_3814,313.434157,45.097398,3,"3;4;8"
Root_3815,85.306579,21.177686,5,"0;1;2;4;8"
Root_3816,278.172685,41.455446,4,"1;2;4;8"
Root_3817,117.221066,26.507286,4,"0;2;4;8"
Root_3818,321.498285,46.085046,3,"2;4;8"
Root_3819,87.688019,22.103606,4,"0;1;4;8"
Root_3820,284.257805,42.381366,3,"1;4;8"
Root_3821,120.961632,27.433206,3,"0;4;8"
Root_3822,327.583405,47.010966,2,"4;8"
Root_3823,95.380733,21.486326,5,"0;1;2;3;8"
Root_3824,282.967725,41.764086,4,"1;2;3;8"
Root_3825,122.274259,26.815926,4,"0;2;3;8"
Root_3826,326.293325,46.393686,3,"2;3;8"
Root_3827,96.836253,22.412246,4,"0;1;3;8"
Root_3828,289.052845,42.690006,3,"1;3;8"
Root_3829,125.397546,27.741846,3,"0;3;8"
Root_3830,332.378445,47.319606,2,"3;8"
Root_3831,99.962141,23.399894,4,"0;1;2;8"
Root_3832,297.116973,43.677654,3,"1;2;8"
Root_3833,132.687213,28.729494,3,"0;2;8"
Root_3834,340.442573,48.307254,2,"2;8"
Root_3835,101.417661,24.325814,3,"0;1;8"
Root_3836,303.202093,44.603574,2,"1;8"
Root_3837,138.772333,29.655414,2,"0;8"
Root_3838,346.527693,49.233174,1,"8"
Root_3839,58.471072,16.899936,8,"0;1;2;3;4;5;6;7"
Root_3840,250.417430,37.177696,7,"1;2;3;4;5;6;7"
Root_3841,91.758134,22.229536,7,"0;2;3;4;5;6;7"
Root_3842,293.743030,41.807296,6,"2;3;4;5;6;7"
Root_3843,63.100736,17.825856,7,"0;1;3;4;5;6;7"
Root_3844,256.502550,38.103616,6,"1;3;4;5;6;7"
Root_3845,96.917334,23.155456,6,"0;3;4;5;6;7"
Root_3846,299.828150,42.733216,5,"3;4;5;6;7"
Root_3847,63.052480,18.813504,7,"0;1;2;4;5;6;7"
Root_3848,264.566678,39.091264,6,"1;2;4;5;6;7"
Root_3849,103.993814,24.143104,6,"0;2;4;5;6;7"
Root_3850,307.892278,43.720864,5,"2;4;5;6;7"
Root_3851,66.508000,19.739424,6,"0;1;4;5;6;7"
Root_3852,270.651798,40.017184,5,"1;4;5;6;7"
Root_3853,109.153014,25.069024,5,"0;4;5;6;7"
Root_3854,313.977398,44.646784,4,"4;5;6;7"
Root_3855,74.148672,19.122144,7,"0;1;2;3;5;6;7"
Root_3856,269.361718,39.399904,6,"1;2;3;5;6;7"
Root_3857,112.028470,24.451744,6,"0;2;3;5;6;7"
Root_3858,312.687318,44.029504,5,"2;3;5;6;7"
Root_3859,77.482048,20.048064,6,"0;1;3;5;6;7"
Root_3860,275.446838,40.325824,5,"1;3;5;6;7"
Root_3861,116.261750,25.377664,5,"0;3;5;6;7"
Root_3862,318.772438,44.955424,4,"3;5;6;7"
Root_3863,81.284182,21.035712,6,"0;1;2;5;6;7"
Root_3864,283.510966,41.313472,5,"1;2;5;6;7"
Root_3865,122.350582,26.365312,5,"0;2;5;6;7"
Root_3866,326.836566,45.943072,4,"2;5;6;7"
Root_3867,85.517462,21.961632,5,"0;1;5;6;7"
Root_3868,289.596086,42.239392,4,"1;5;6;7"
Root_3869,126.583862,27.291232,4,"0;5;6;7"
Root_3870,332.921686,46.868992,3,"5;6;7"
Root_3871,69.273472,18.443136,7,"0;1;2;3;4;6;7"
Root_3872,262.592630,38.720896,6,"1;2;3;4;6;7"
Root_3873,105.617398,23.772736,6,"0;2;3;4;6;7"
Root_3874,305.918230,43.350496,5,"2;3;4;6;7"
Root_3875,72.728992,19.369056,6,"0;1;3;4;6;7"
Root_3876,268.677750,39.646816,5,"1;3;4;6;7"
Root_3877,109.850678,24.698656,5,"0;3;4;6;7"
Root_3878,312.003350,44.276416,4,"3;4;6;7"
Root_3879,75.290496,20.356704,6,"0;1;2;4;6;7"
Root_3880,276.741878,40.634464,5,"1;2;4;6;7"
Root_3881,115.939510,25.686304,5,"0;2;4;6;7"
Root_3882,320.067478,45.264064,4,"2;4;6;7"
Root_3883,79.106390,21.282624,5,"0;1;4;6;7"
Root_3884,282.826998,41.560384,4,"1;4;6;7"
Root_3885,120.172790,26.612224,4,"0;4;6;7"
Root_3886,326.152598,46.189984,3,"4;6;7"
Root_3887,86.494272,20.665344,6,"0;1;2;3;6;7"
Root_3888,281.536918,40.943104,5,"1;2;3;6;7"
Root_3889,122.122326,25.994944,5,"0;2;3;6;7"
Root_3890,324.862518,45.572704,4,"2;3;6;7"
Root_3891,89.692886,21.591264,5,"0;1;3;6;7"
Root_3892,287.622038,41.869024,4,"1;3;6;7"
Root_3893,125.429686,26.920864,4,"0;3;6;7"
Root_3894,330.947638,46.498624,3,"3;6;7"
Root_3895,94.794070,22.578912,5,"0;1;2;6;7"
Root_3896,295.686166,42.856672,4,"1;2;6;7"
Root_3897,131.439382,27.908512,4,"0;2;6;7"
Root_3898,339.011766,47.486272,3,"2;6;7"
Root_3899,98.101430,23.504832,4,"0;1;6;7"
Root_3900,301.771286,43.782592,3,"1;6;7"
Root_3901,137.341526,28.834432,3,"0;6;7"
Root_3902,345.096886,48.412192,2,"6;7"
Root_3903,75.778291,19.325846,7,"0;1;2;3;4;5;7"
Root_3904,272.302445,39.603606,6,"1;2;3;4;5;7"
Root_3905,114.561792,24.655446,6,"0;2;3;4;5;7"
Root_3906,315.628045,44.233206,5,"2;3;4;5;7"
Root_3907,78.907965,20.251766,6,"0;1;3;4;5;7"
Root_3908,278.387565,40.529526,5,"1;3;4;5;7"
Root_3909,118.795072,25.581366,5,"0;3;4;5;7"
Root_3910,321.713165,45.159126,4,"3;4;5;7"
Root_3911,83.817504,21.239414,6,"0;1;2;4;5;7"
Root_3912,286.451693,41.517174,5,"1;2;4;5;7"
Root_3913,124.883904,26.569014,5,"0;2;4;5;7"
Root_3914,329.777293,46.146774,4,"2;4;5;7"
Root_3915,88.050784,22.165334,5,"0;1;4;5;7"
Root_3916,292.536813,42.443094,4,"1;4;5;7"
Root_3917,129.117184,27.494934,4,"0;4;5;7"
Root_3918,335.862413,47.072694,3,"4;5;7"
Root_3919,94.447210,21.548054,6,"0;1;2;3;5;7"
Root_3920,291.246733,41.825814,5,"1;2;3;5;7"
Root_3921,130.184010,26.877654,5,"0;2;3;5;7"
Root_3922,334.572333,46.455414,4,"2;3;5;7"
Root_3923,97.754570,22.473974,5,"0;1;3;5;7"
Root_3924,297.331853,42.751734,4,"1;3;5;7"
Root_3925,133.491370,27.803574,4,"0;3;5;7"
Root_3926,340.657453,47.381334,3,"3;5;7"
Root_3927,102.855754,23.461622,5,"0;1;2;5;7"
Root_3928,305.395981,43.739382,4,"1;2;5;7"
Root_3929,140.966221,28.791222,4,"0;2;5;7"
Root_3930,348.721581,48.368982,3,"2;5;7"
Root_3931,106.163114,24.387542,4,"0;1;5;7"
Root_3932,311.481101,44.665302,3,"1;5;7"
Root_3933,147.051341,29.717142,3,"0;5;7"
Root_3934,354.806701,49.294902,2,"5;7"
Root_3935,88.715146,20.869046,6,"0;1;2;3;4;7"
Root_3936,284.477645,41.146806,5,"1;2;3;4;7"
Root_3937,124.451946,26.198646,5,"0;2;3;4;7"
Root_3938,327.803245,45.776406,4,"2;3;4;7"
Root_3939,92.022506,21.794966,5,"0;1;3;4;7"
Root_3940,290.562765,42.072726,4,"1;3;4;7"
Root_3941,127.883872,27.124566,4,"0;3;4;7"
Root_3942,333.888365,46.702326,3,"3;4;7"
Root_3943,97.123690,22.782614,5,"0;1;2;4;7"
Root_3944,298.626893,43.060374,4,"1;2;4;7"
Root_3945,134.197133,28.112214,4,"0;2;4;7"
Root_3946,341.952493,47.689974,3,"2;4;7"
Root_3947,100.431050,23.708534,4,"0;1;4;7"
Root_3948,304.712013,43.986294,3,"1;4;7"
Root_3949,140.282253,29.038134,3,"0;4;7"
Root_3950,348.037613,48.615894,2,"4;7"
Root_3951,105.901555,23.091254,5,"0;1;2;3;7"
Root_3952,303.421933,43.369014,4,"1;2;3;7"
Root_3953,138.992173,28.420854,4,"0;2;3;7"
Root_3954,346.747533,47.998614,3,"2;3;7"
Root_3955,108.282995,24.017174,4,"0;1;3;7"
Root_3956,309.507053,44.294934,3,"1;3;7"
Root_3957,145.077293,29.346774,3,"0;3;7"
Root_3958,352.832653,48.924534,2,"3;7"
Root_3959,112.396531,25.004822,4,"0;1;2;7"
Root_3960,317.571181,45.282582,3,"1;2;7"
Root_3961,153.141421,30.334422,3,"0;2;7"
Root_3962,360.896781,49.912182,2,"2;7"
Root_3963,114.777971,25.930742,3,"0;1;7"
Root_3964,323.656301,46.208502,2,"1;7"
Root_3965,159.226541,31.260342,2,"0;7"
Root_3966,366.981901,50.838102,1,"7"
Root_3967,75.719104,19.924608,7,"0;1;2;3;4;5;6"
Root_3968,276.788822,40.202368,6,"1;2;3;4;5;6"
Root_3969,115.104854,25.254208,6,"0;2;3;4;5;6"
Root_3970,320.114422,44.831968,5,"2;3;4;5;6"
Root_3971,78.166998,20.850528,6,"0;1;3;4;5;6"
Root_3972,282.873942,41.128288,5,"1;3;4;5;6"
Root_3973,120.264054,26.180128,5,"0;3;4;5;6"
Root_3974,326.199542,45.757888,4,"3;4;5;6"
Root_3975,84.106358,21.838176,6,"0;1;2;4;5;6"
Root_3976,290.938070,42.115936,5,"1;2;4;5;6"
Root_3977,127.340534,27.167776,5,"0;2;4;5;6"
Root_3978,334.263670,46.745536,4,"2;4;5;6"
Root_3979,88.339638,22.764096,5,"0;1;4;5;6"
Root_3980,297.023190,43.041856,4,"1;4;5;6"
Root_3981,132.593430,28.093696,4,"0;4;5;6"
Root_3982,340.348790,47.671456,3,"4;5;6"
Root_3983,94.137302,22.146816,6,"0;1;2;3;5;6"
Root_3984,295.733110,42.424576,5,"1;2;3;5;6"
Root_3985,132.350518,27.476416,5,"0;2;3;5;6"
Root_3986,339.058710,47.054176,4,"2;3;5;6"
Root_3987,97.444662,23.072736,5,"0;1;3;5;6"
Root_3988,301.818230,43.350496,4,"1;3;5;6"
Root_3989,137.388470,28.402336,4,"0;3;5;6"
Root_3990,345.143830,47.980096,3,"3;5;6"
Root_3991,102.545846,24.060384,5,"0;1;2;5;6"
Root_3992,309.882358,44.338144,4,"1;2;5;6"
Root_3993,145.452598,29.389984,4,"0;2;5;6"
Root_3994,353.207958,48.967744,3,"2;5;6"
Root_3995,105.853206,24.986304,4,"0;1;5;6"
Root_3996,315.967478,45.264064,3,"1;5;6"
Root_3997,151.537718,30.315904,3,"0;5;6"
Root_3998,359.293078,49.893664,2,"5;6"
Root_3999,88.405238,21.467808,6,"0;1;2;3;4;6"
Root_4000,288.964022,41.745568,5,"1;2;3;4;6"
Root_4001,125.939446,26.797408,5,"0;2;3;4;6"
Root_4002,332.289622,46.375168,4,"2;3;4;6"
Root_4003,91.712598,22.393728,5,"0;1;3;4;6"
Root_4004,295.049142,42.671488,4,"1;3;4;6"
Root_4005,130.896054,27.723328,4,"0;3;4;6"
Root_4006,338.374742,47.301088,3,"3;4;6"
Root_4007,96.813782,23.381376,5,"0;1;2;4;6"
Root_4008,303.113270,43.659136,4,"1;2;4;6"
Root_4009,138.683510,28.710976,4,"0;2;4;6"
Root_4010,346.438870,48.288736,3,"2;4;6"
Root_4011,100.121142,24.307296,4,"0;1;4;6"
Root_4012,309.198390,44.585056,3,"1;4;6"
Root_4013,144.768630,29.636896,3,"0;4;6"
Root_4014,352.523990,49.214656,2,"4;6"
Root_4015,104.992886,23.690016,5,"0;1;2;3;6"
Root_4016,307.908310,43.967776,4,"1;2;3;6"
Root_4017,143.478550,29.019616,4,"0;2;3;6"
Root_4018,351.233910,48.597376,3,"2;3;6"
Root_4019,107.374326,24.615936,4,"0;1;3;6"
Root_4020,313.993430,44.893696,3,"1;3;6"
Root_4021,149.563670,29.945536,3,"0;3;6"
Root_4022,357.319030,49.523296,2,"3;6"
Root_4023,112.091446,25.603584,4,"0;1;2;6"
Root_4024,322.057558,45.881344,3,"1;2;6"
Root_4025,157.627798,30.933184,3,"0;2;6"
Root_4026,365.383158,50.510944,2,"2;6"
Root_4027,115.398806,26.529504,3,"0;1;6"
Root_4028,328.142678,46.807264,2,"1;6"
Root_4029,163.712918,31.859104,2,"0;6"
Root_4030,371.468278,51.436864,1,"6"
Root_4031,96.466922,22.350518,6,"0;1;2;3;4;5"
Root_4032,298.673837,42.628278,5,"1;2;3;4;5"
Root_4033,134.883840,27.680118,5,"0;2;3;4;5"
Root_4034,341.999437,47.257878,4,"2;3;4;5"
Root_4035,99.774282,23.276438,5,"0;1;3;4;5"
Root_4036,304.758957,43.554198,4,"1;3;4;5"
Root_4037,140.329197,28.606038,4,"0;3;4;5"
Root_4038,348.084557,48.183798,3,"3;4;5"
Root_4039,104.875466,24.264086,5,"0;1;2;4;5"
Root_4040,312.823085,44.541846,4,"1;2;4;5"
Root_4041,148.393325,29.593686,4,"0;2;4;5"
Root_4042,356.148685,49.171446,3,"2;4;5"
Root_4043,108.372832,25.190006,4,"0;1;4;5"
Root_4044,318.908205,45.467766,3,"1;4;5"
Root_4045,154.478445,30.519606,3,"0;4;5"
Root_4046,362.233805,50.097366,2,"4;5"
Root_4047,112.171859,24.572726,5,"0;1;2;3;5"
Root_4048,317.618125,44.850486,4,"1;2;3;5"
Root_4049,153.188365,29.902326,4,"0;2;3;5"
Root_4050,360.943725,49.480086,3,"2;3;5"
Root_4051,115.051946,25.498646,4,"0;1;3;5"
Root_4052,323.703245,45.776406,3,"1;3;5"
Root_4053,159.273485,30.828246,3,"0;3;5"
Root_4054,367.028845,50.406006,2,"3;5"
Root_4055,120.153130,26.486294,4,"0;1;2;5"
Root_4056,331.767373,46.764054,3,"1;2;5"
Root_4057,167.337613,31.815894,3,"0;2;5"
Root_4058,375.092973,51.393654,2,"2;5"
Root_4059,123.460490,27.412214,3,"0;1;5"
Root_4060,337.852493,47.689974,2,"1;5"
Root_4061,173.422733,32.741814,2,"0;5"
Root_4062,381.178093,52.319574,1,"5"
Root_4063,107.118803,23.893718,5,"0;1;2;3;4"
Root_4064,310.849037,44.171478,4,"1;2;3;4"
Root_4065,146.419277,29.223318,4,"0;2;3;4"
Root_4066,354.174637,48.801078,3,"2;3;4"
Root_4067,109.500243,24.819638,4,"0;1;3;4"
Root_4068,316.934157,45.097398,3,"1;3;4"
Root_4069,152.504397,30.149238,3,"0;3;4"
Root_4070,360.259757,49.726998,2,"3;4"
Root_4071,114.421066,25.807286,4,"0;1;2;4"
Root_4072,324.998285,46.085046,3,"1;2;4"
Root_4073,160.568525,31.136886,3,"0;2;4"
Root_4074,368.323885,50.714646,2,"2;4"
Root_4075,117.728426,26.733206,3,"0;1;4"
Root_4076,331.083405,47.010966,2,"1;4"
Root_4077,166.653645,32.062806,2,"0;4"
Root_4078,374.409005,51.640566,1,"4"
Root_4079,120.174259,26.115926,4,"0;1;2;3"
Root_4080,329.793325,46.393686,3,"1;2;3"
Root_4081,165.363565,31.445526,3,"0;2;3"
Root_4082,373.118925,51.023286,2,"2;3"
Root_4083,122.597546,27.041846,3,"0;1;3"
Root_4084,335.878445,47.319606,2,"1;3"
Root_4085,171.448685,32.371446,2,"0;3"
Root_4086,379.204045,51.949206,1,"3"
Root_4087,127.787213,28.029494,3,"0;1;2"
Root_4088,343.942573,48.307254,2,"1;2"
Root_4089,179.512813,33.359094,2,"0;2"
Root_4090,387.268173,52.936854,1,"2"
Root_4091,133.872333,28.955414,2,"0;1"
Root_4092,350.027693,49.233174,1,"1"
Root_4093,185.597933,34.285014,1,"0"
