Time,UB,LB
0.000000,443.919229,12.991328
0.064807,443.919229,21.643168
0.065007,248.394587,21.643168
0.065201,236.416827,21.643168
0.065920,230.242197,21.643168
0.066947,227.773077,21.643168
0.071073,225.963285,21.643168
0.078610,225.243512,21.643168
0.078850,222.784312,21.643168
0.083667,221.466820,21.643168
0.087665,218.180474,21.643168
0.109815,218.169399,21.643168
0.119998,215.874244,21.643168
0.125766,215.810170,21.643168
0.126765,214.990426,21.643168
0.137450,214.268006,21.643168
0.138180,209.948262,21.643168
0.175698,195.513941,21.643168
0.184687,195.338741,21.643168
0.185031,195.037303,21.643168
0.192974,194.948977,21.643168
0.193577,194.647539,21.643168
0.193814,194.117939,21.643168
0.207288,192.034820,21.643168
0.207523,191.277058,21.643168
0.207940,190.975620,21.643168
0.228869,186.230317,21.643168
0.229742,184.699279,21.643168
0.282187,184.185527,21.643168
0.298509,183.136309,21.643168
0.344504,180.840047,21.643168
0.391855,180.761103,21.643168
0.393361,179.879409,21.643168
1.104826,179.622515,21.643168
1.105052,175.433715,21.643168
12.113127,174.526579,21.643168
12.113306,171.668817,21.643168
12.128229,170.008179,21.643168
12.128634,168.477141,21.643168
12.172903,167.711917,21.643168
12.173313,166.180879,21.643168
12.222523,163.951279,21.643168
12.223442,157.790641,21.643168
12.532119,157.532847,21.643168
12.690134,156.011813,21.643168
12.693190,154.162595,21.643168
12.693575,153.103395,21.643168
12.700606,152.497029,21.643168
15.039221,150.350108,21.643168
15.039827,146.521946,21.643168
242.151223,143.761388,21.643168
242.151360,142.702188,21.643168
250.611970,139.061389,21.643168
700.512496,139.061389,23.120928
762.286107,139.061389,25.898688
831.177123,139.061389,27.507296
831.208978,139.061389,30.841856
869.636977,139.061389,31.920848
869.666859,139.061389,32.136896
895.699169,139.061389,32.957920
895.728624,139.061389,33.987552
932.973344,139.061389,34.372698
932.987416,139.061389,34.545536
952.322701,139.061389,36.550448
952.337283,139.061389,36.661600
952.351289,139.061389,36.765312
967.361231,139.061389,38.076378
967.367907,139.061389,38.617152
967.374684,139.061389,39.130720
967.388212,139.061389,39.439296
980.034044,139.061389,39.636848
980.047732,139.061389,39.859136
980.076690,139.061389,40.387456
1006.612141,139.061389,40.545498
1006.618830,139.061389,40.723328
1006.632366,139.061389,41.339322
1006.638821,139.061389,41.512160
1020.159407,139.061389,42.661562
1020.173454,139.061389,42.834400
1020.179941,139.061389,43.254176
1020.208952,139.061389,43.439360
1035.185237,139.061389,44.068896
1035.198767,139.061389,44.091136
1035.205331,139.061389,44.249178
1035.208523,139.061389,44.266448
1035.214930,139.061389,44.427008
1043.961967,139.061389,44.488736
1043.977281,139.061389,44.889952
1043.983904,139.061389,45.043002
1043.986998,139.061389,45.167744
1044.001470,139.061389,45.414656
1055.229669,139.061389,46.212192
1055.243089,139.061389,46.365242
1055.250937,139.061389,47.178816
1055.257437,139.061389,47.487456
1055.264071,139.061389,47.512122
1069.021565,139.061389,47.575136
1069.035472,139.061389,47.605984
1069.042121,139.061389,47.883776
1069.056437,139.061389,48.593632
1069.059863,139.061389,48.834362
1069.066416,139.061389,48.928224
1069.080628,139.061389,49.334368
1080.581730,139.061389,49.647936
1080.589801,139.061389,49.915872
1080.596288,139.061389,50.044256
1080.614454,139.061389,50.154080
1080.621354,139.061389,50.258976
1080.628075,139.061389,50.573856
1080.635720,139.061389,50.655296
1087.871667,139.061389,50.656608
1087.885789,139.061389,50.970176
1087.899478,139.061389,51.062752
1087.902613,139.061389,51.215802
1087.904321,139.061389,51.309664
1087.907592,139.061389,51.476320
1087.921173,139.061389,51.592368
1087.927737,139.061389,51.808416
1096.563448,139.061389,51.988688
1096.577642,139.061389,52.204736
1096.584156,139.061389,52.240576
1096.591717,139.061389,52.384992
1096.598058,139.061389,52.425696
1096.606150,139.061389,52.538042
1096.609318,139.061389,52.631904
1096.615844,139.061389,52.734336
1103.541766,139.061389,52.822016
1103.557697,139.061389,53.038048
1103.561232,139.061389,53.130656
1103.576221,139.061389,53.962688
1103.579686,139.061389,54.078624
1103.583112,139.061389,54.360288
1103.590366,139.061389,54.586176
1103.597422,139.061389,54.672528
1103.604720,139.061389,54.888576
1110.653808,139.061389,54.981200
1110.657171,139.061389,54.982496
1110.671417,139.061389,54.987408
1110.678045,139.061389,55.068848
1110.692702,139.061389,55.101024
1110.699427,139.061389,55.180000
1110.706888,139.061389,55.197248
1110.708483,139.061389,55.203456
1110.711648,139.061389,55.284896
1110.720031,139.061389,55.383728
1110.734323,139.061389,55.599776
1117.607505,139.061389,55.814528
1117.610698,139.061389,55.915834
1117.617217,139.061389,56.088672
1117.620399,139.061389,56.221968
1117.623625,139.061389,56.542976
1117.637338,139.061389,56.552736
1117.640534,139.061389,56.582496
1117.647015,139.061389,56.618288
1117.653524,139.061389,56.829408
1117.659976,139.061389,56.939296
1117.689068,139.061389,57.055296
1125.103434,139.061389,57.147888
1125.111032,139.061389,57.363936
1125.114266,139.061389,57.451616
1125.120832,139.061389,57.525728
1125.124431,139.061389,57.544208
1125.138602,139.061389,57.649120
1125.145409,139.061389,57.760256
1125.152061,139.061389,57.782304
1125.155285,139.061389,57.975008
1125.158651,139.061389,57.981216
1125.165200,139.061389,58.371328
1125.171763,139.061389,58.377536
1125.188080,139.061389,58.772560
1131.087204,139.061389,58.988608
1131.090488,139.061389,59.215776
1131.093813,139.061389,59.256422
1131.097183,139.061389,59.302128
1131.100586,139.061389,59.308368
1131.103959,139.061389,59.515680
1131.105501,139.061389,59.542976
1131.121605,139.061389,59.610800
1131.123365,139.061389,59.612096
1131.130559,139.061389,59.617008
1131.133870,139.061389,59.698448
1131.140545,139.061389,59.704688
1131.147014,139.061389,60.007120
1131.150252,139.061389,60.013328
1131.156842,139.061389,60.141696
1135.523920,139.061389,60.444128
1135.525476,139.061389,60.538016
1135.532185,139.061389,60.593504
1135.547331,139.061389,60.827008
1135.556400,139.061389,60.840448
1135.559579,139.061389,61.123104
1135.566048,139.061389,61.172576
1135.572573,139.061389,61.319398
1135.579034,139.061389,61.568896
1135.592816,139.061389,61.578656
1135.596056,139.061389,61.793478
1135.599290,139.061389,61.848998
1135.602541,139.061389,62.108256
1135.604153,139.061389,62.173808
1135.610989,139.061389,62.215872
1135.618330,139.061389,62.302176
1140.665802,139.061389,62.319392
1140.672598,139.061389,62.526726
1140.675831,139.061389,62.548966
1140.682351,139.061389,62.604608
1140.683951,139.061389,62.610816
1140.690906,139.061389,62.698496
1140.697431,139.061389,62.784848
1140.703884,139.061389,62.793472
1140.707328,139.061389,62.808224
1140.710512,139.061389,62.848992
1140.713728,139.061389,62.904582
1140.716944,139.061389,62.953926
1140.718505,139.061389,63.000928
1140.722310,139.061389,63.007136
1140.744033,139.061389,63.093520
1140.747137,139.061389,63.099728
1140.753679,139.061389,63.108125
1140.756942,139.061389,63.206016
1145.121977,139.061389,63.337824
1145.123530,139.061389,63.926848
1145.126740,139.061389,63.937968
1145.128264,139.061389,63.953920
1145.129817,139.061389,64.282342
1145.133070,139.061389,64.334288
1145.136423,139.061389,64.555248
1145.139665,139.061389,64.655296
1145.153771,139.061389,64.771264
1145.160280,139.061389,64.771296
1145.161850,139.061389,64.811942
1145.163568,139.061389,64.951568
1145.171476,139.061389,65.167616
1145.174653,139.061389,65.260208
1145.181111,139.061389,65.497158
1145.184301,139.061389,66.087328
1145.187502,139.061389,66.093536
1145.194386,139.061389,66.110816
1145.200864,139.061389,66.149024
1145.207523,139.061389,66.282496
1145.223393,139.061389,66.395968
1145.230482,139.061389,66.402176
1145.245389,139.061389,66.497152
1149.727185,139.061389,66.504736
1149.734543,139.061389,66.507136
1149.750209,139.061389,66.546496
1149.751856,139.061389,66.678624
1149.755163,139.061389,66.715728
1149.758584,139.061389,66.867520
1149.765170,139.061389,66.874918
1149.768435,139.061389,66.916864
1149.771617,139.061389,66.931776
1149.773189,139.061389,67.112048
1149.780060,139.061389,67.240416
1149.783621,139.061389,67.326800
1149.784453,139.061389,67.328096
1149.787661,139.061389,67.346618
1149.789403,139.061389,67.404518
1149.790981,139.061389,67.549056
1149.794185,139.061389,67.552646
1149.797499,139.061389,67.593632
1149.801114,139.061389,67.636736
1149.807560,139.061389,67.723120
1149.809093,139.061389,67.874912
1149.812477,139.061389,67.930502
1149.815686,139.061389,67.945376
1149.822184,139.061389,67.952864
1149.823941,139.061389,67.995837
1149.827089,139.061389,68.082246
1153.410998,139.061389,68.104486
1153.414205,139.061389,68.160128
1153.414995,139.061389,68.404512
1153.416891,139.061389,68.449024
1153.424663,139.061389,68.460102
1153.426255,139.061389,68.556448
1153.427808,139.061389,68.634086
1153.429382,139.061389,68.720582
1153.432664,139.061389,68.930496
1153.447046,139.061389,69.184848
1153.448682,139.061389,69.250182
1153.450284,139.061389,69.451357
1153.451887,139.061389,69.460096
1153.458686,139.061389,69.537926
1153.472403,139.061389,69.581168
1153.475818,139.061389,69.797184
1153.482794,139.061389,69.799808
1153.490717,139.061389,70.067526
1153.497775,139.061389,70.173632
1153.504317,139.061389,70.320608
1153.505137,139.061389,70.326784
1153.508308,139.061389,70.523078
1153.511591,139.061389,70.537920
1153.526091,139.061389,70.565024
1153.529699,139.061389,70.587264
1153.536935,139.061389,70.629248
1153.538657,139.061389,70.716928
1153.540424,139.061389,70.723136
1153.547431,139.061389,70.740416
1153.550817,139.061389,71.020509
1153.554129,139.061389,71.025568
1153.557551,139.061389,71.052678
1157.100126,139.061389,71.116864
1157.103548,139.061389,71.136736
1157.110209,139.061389,71.141536
1157.117247,139.061389,71.263814
1157.123975,139.061389,71.313158
1157.127042,139.061389,71.345328
1157.128575,139.061389,71.523072
1157.131685,139.061389,71.629152
1157.136116,139.061389,71.741648
1157.139276,139.061389,71.842758
1157.140933,139.061389,71.893440
1157.147419,139.061389,71.988413
1157.150814,139.061389,72.052672
1157.153736,139.061389,72.178656
1157.155286,139.061389,72.187168
1157.158654,139.061389,72.313152
1157.161762,139.061389,72.423040
1157.165201,139.061389,72.455005
1157.168397,139.061389,72.476029
1157.170237,139.061389,72.573680
1157.171067,139.061389,72.574976
1157.174481,139.061389,72.619264
1157.181387,139.061389,72.667568
1157.184507,139.061389,72.842752
1157.186279,139.061389,72.895904
1157.194307,139.061389,72.898342
1157.195838,139.061389,72.970000
1157.197533,139.061389,73.026880
1157.204829,139.061389,73.130496
1157.221179,139.061389,73.541542
1157.222854,139.061389,73.642688
1157.224424,139.061389,73.910525
1157.226182,139.061389,74.071142
1157.227234,139.061389,74.074784
1157.230421,139.061389,74.129248
1157.231977,139.061389,74.166208
1157.240315,139.061389,74.235424
1157.247606,139.061389,74.486016
1160.480434,139.061389,74.525568
1160.483516,139.061389,74.734160
1160.484274,139.061389,74.765024
1160.487394,139.061389,74.956416
1160.488953,139.061389,74.961318
1160.492895,139.061389,74.975040
1160.494640,139.061389,75.015616
1160.498597,139.061389,75.093446
1160.505227,139.061389,75.130480
1160.506838,139.061389,75.331686
1160.513417,139.061389,75.352736
1160.516568,139.061389,75.408224
1160.519757,139.061389,75.437984
1160.535127,139.061389,75.490918
1160.536744,139.061389,75.567488
1160.537761,139.061389,75.597120
1160.544211,139.061389,75.623046
1160.547336,139.061389,75.643936
1160.553897,139.061389,75.646464
1160.557084,139.061389,75.861286
1160.560163,139.061389,75.937824
1160.561714,139.061389,75.961312
1160.565055,139.061389,75.963808
1160.566948,139.061389,76.093440
1160.574282,139.061389,76.134118
1160.575992,139.061389,76.176064
1160.577636,139.061389,76.331680
1160.584593,139.061389,76.352605
1160.591651,139.061389,76.490912
1160.593272,139.061389,76.623040
1160.596568,139.061389,76.663718
1160.597361,139.061389,76.819334
1160.601133,139.061389,76.861280
1160.604608,139.061389,76.900848
1160.605458,139.061389,77.043936
1160.608982,139.061389,77.099456
1160.612503,139.061389,77.134112
1160.614174,139.061389,77.297168
1160.616079,139.061389,77.335456
1160.620109,139.061389,77.348934
1160.621715,139.061389,77.363686
1160.623819,139.061389,77.445376
1160.626365,139.061389,77.504480
1160.629734,139.061389,77.519264
1160.637571,139.061389,77.663712
1160.638456,139.061389,77.808125
1160.642511,139.061389,77.893286
1160.643371,139.061389,77.979782
1160.645047,139.061389,78.034080
1160.646908,139.061389,78.345248
1160.647732,139.061389,78.366141
1160.651070,139.061389,78.436736
1160.659565,139.061389,78.456416
1160.661498,139.061389,78.486144
1160.670005,139.061389,78.504640
1160.674014,139.061389,78.509382
1160.674853,139.061389,78.613088
1163.696278,139.061389,78.686016
1163.704013,139.061389,78.741568
1163.705534,139.061389,78.852736
1163.708615,139.061389,78.924256
1163.714864,139.061389,78.974784
1163.718130,139.061389,79.061328
1163.719028,139.061389,79.215616
1163.722192,139.061389,79.321757
1163.728523,139.061389,79.369968
1163.730043,139.061389,79.453856
1163.733198,139.061389,79.457648
1163.734743,139.061389,79.531686
1163.741317,139.061389,79.605856
1163.743031,139.061389,79.709552
1163.744715,139.061389,79.766288
1163.747885,139.061389,79.821661
1163.749458,139.061389,79.846464
1163.752743,139.061389,79.894656
1163.753514,139.061389,80.061286
1163.756651,139.061389,80.068608
1163.759814,139.061389,80.097056
1163.762951,139.061389,80.203296
1163.764684,139.061389,80.221920
1163.766405,139.061389,80.289680
1163.766813,139.061389,80.290976
1163.768340,139.061389,80.376064
1163.769981,139.061389,80.488416
1163.776556,139.061389,80.531680
1163.783185,139.061389,80.543936
1163.791735,139.061389,80.572358
1163.793255,139.061389,80.599616
1163.796586,139.061389,80.626656
1163.798175,139.061389,80.686000
1163.798961,139.061389,80.704486
1163.802258,139.061389,80.712058
1163.804014,139.061389,80.777277
1163.807249,139.061389,80.937984
1163.824267,139.061389,80.942726
1163.827709,139.061389,81.061280
1163.830888,139.061389,81.101958
1163.831683,139.061389,81.152640
1163.834788,139.061389,81.234086
1163.836415,139.061389,81.257574
1163.839529,139.061389,81.335293
1163.842859,139.061389,81.367552
1163.846495,139.061389,81.472326
1163.848032,139.061389,81.572352
1163.849572,139.061389,81.682240
1163.851086,139.061389,81.704480
1163.854239,139.061389,81.767389
1163.861034,139.061389,81.787174
1163.862568,139.061389,81.845248
1163.863352,139.061389,81.942720
1163.866746,139.061389,81.943936
1163.871496,139.061389,81.999456
1163.875010,139.061389,82.101952
1163.875834,139.061389,82.121824
1163.877682,139.061389,82.234080
1163.879251,139.061389,82.241568
1163.880847,139.061389,82.251616
1163.890215,139.061389,82.323037
1163.893728,139.061389,82.363776
1163.895296,139.061389,82.366304
1163.898853,139.061389,82.428096
1163.900623,139.061389,82.430374
1163.902297,139.061389,82.450160
1163.902716,139.061389,82.472320
1163.904256,139.061389,82.571296
1163.911555,139.061389,82.758800
1163.912366,139.061389,82.760096
1163.915537,139.061389,82.790813
1163.917324,139.061389,82.846480
1163.918164,139.061389,82.869968
1163.919787,139.061389,82.959974
1163.920593,139.061389,83.124256
1163.927169,139.061389,83.155120
1163.928742,139.061389,83.222909
1163.931896,139.061389,83.266288
1163.935333,139.061389,83.331552
1163.935851,139.061389,83.421664
1163.939098,139.061389,83.513088
1163.945669,139.061389,83.653856
1163.948830,139.061389,83.679808
1163.949876,139.061389,83.701920
1163.950691,139.061389,83.703296
1163.952408,139.061389,83.745216
1166.809076,139.061389,83.945184
1166.823715,139.061389,83.988448
1166.825353,139.061389,84.099616
1166.828596,139.061389,84.274816
1166.830146,139.061389,84.297056
1166.833326,139.061389,84.308208
1166.834109,139.061389,84.352646
1166.837446,139.061389,84.415616
1166.839178,139.061389,84.535296
1166.842300,139.061389,84.590886
1166.845411,139.061389,84.704528
1166.846980,139.061389,84.792061
1166.853782,139.061389,84.826656
1166.855346,139.061389,84.877184
1166.856905,139.061389,84.882246
1166.858438,139.061389,84.968608
1166.861511,139.061389,85.064896
1166.863018,139.061389,85.120486
1166.864481,139.061389,85.142726
1166.867837,139.061389,85.352640
1166.871012,139.061389,85.400704
1166.877406,139.061389,85.527984
1166.878288,139.061389,85.590880
1166.881364,139.061389,85.672326
1166.883075,139.061389,85.789804
1166.885162,139.061389,85.863776
1166.886798,139.061389,85.882240
1166.888350,139.061389,85.958720
1166.894760,139.061389,85.958938
1166.896579,139.061389,86.078534
1166.898127,139.061389,86.120480
1166.899712,139.061389,86.142720
1166.902904,139.061389,86.148928
1166.904419,139.061389,86.247581
1166.907630,139.061389,86.260096
1166.910744,139.061389,86.272448
1166.914273,139.061389,86.294496
1166.915075,139.061389,86.394720
1166.915975,139.061389,86.446336
1166.919315,139.061389,86.448902
1166.922450,139.061389,86.608134
1166.923248,139.061389,86.655120
1166.924800,139.061389,86.667389
1166.931565,139.061389,86.672320
1166.933163,139.061389,86.763680
1166.934757,139.061389,86.868614
1166.936400,139.061389,86.901926
1166.937184,139.061389,86.978502
1166.938779,139.061389,87.085968
1166.939578,139.061389,87.155005
1166.942849,139.061389,87.293280
1166.943642,139.061389,87.398214
1166.944432,139.061389,87.414240
1166.947822,139.061389,87.482288
1166.949394,139.061389,87.488448
1166.950944,139.061389,87.901856
1166.952574,139.061389,87.901920
1166.953374,139.061389,87.919296
1166.954155,139.061389,87.945216
1166.957365,139.061389,88.098214
1166.958165,139.061389,88.122909
1166.961454,139.061389,88.126752
1166.963182,139.061389,88.183456
1166.966303,139.061389,88.315584
1166.972773,139.061389,88.315616
1166.974338,139.061389,88.321664
1166.977564,139.061389,88.474816
1166.979079,139.061389,88.610525
1166.980580,139.061389,88.627814
1166.980989,139.061389,88.713056
1166.982493,139.061389,88.735296
1166.985698,139.061389,88.790886
1166.988783,139.061389,88.845184
1166.992108,139.061389,88.897184
1166.999300,139.061389,89.041478
1167.002448,139.061389,89.073632
1167.010107,139.061389,89.168541
1167.011665,139.061389,89.200800
1167.013413,139.061389,89.231712
1167.015123,139.061389,89.264896
1167.016678,139.061389,89.320486
1167.018208,139.061389,89.356256
1167.019831,139.061389,89.571078
1167.021362,139.061389,89.600637
1167.024605,139.061389,89.656336
1167.026452,139.061389,89.692061
1167.032859,139.061389,89.702144
1167.036525,139.061389,89.777184
1167.038053,139.061389,89.790880
1167.041409,139.061389,89.925562
1167.042303,139.061389,89.963686
1167.043838,139.061389,89.964896
1167.045368,139.061389,90.041472
1167.048543,139.061389,90.057376
1167.049314,139.061389,90.079776
1167.050070,139.061389,90.201926
1167.051731,139.061389,90.203356
1167.053836,139.061389,90.273632
1167.055705,139.061389,90.320480
1167.057314,139.061389,90.476096
1167.058918,139.061389,90.494496
1167.059715,139.061389,90.511872
1167.061498,139.061389,90.516774
1167.063073,139.061389,90.529152
1167.066783,139.061389,90.571072
1167.068359,139.061389,90.585968
1167.069192,139.061389,90.624061
1167.069963,139.061389,90.648902
1167.073349,139.061389,90.731526
1167.074142,139.061389,90.766045
1167.074916,139.061389,90.815468
1167.075812,139.061389,90.858720
1167.082561,139.061389,90.887142
1167.085882,139.061389,90.963680
1167.087487,139.061389,90.982288
1167.089045,139.061389,91.016870
1167.092628,139.061389,91.046374
1167.093433,139.061389,91.056157
1167.094998,139.061389,91.147581
1167.098151,139.061389,91.178502
1167.099680,139.061389,91.201920
1167.101237,139.061389,91.346336
1167.104561,139.061389,91.416742
1167.106141,139.061389,91.431526
1167.106913,139.061389,91.550080
1167.107710,139.061389,91.689574
1167.108503,139.061389,91.731520
1167.109305,139.061389,91.778432
1167.115841,139.061389,91.815616
1167.117480,139.061389,91.932704
1167.118295,139.061389,91.948992
1167.120100,139.061389,91.961126
1167.120515,139.061389,91.986080
1167.124279,139.061389,92.059942
1167.125849,139.061389,92.131738
1167.126769,139.061389,92.132960
1167.128594,139.061389,92.275974
1167.129023,139.061389,92.314240
1167.132237,139.061389,92.346432
1167.134165,139.061389,92.383456
1167.137610,139.061389,92.420528
1167.138394,139.061389,92.431520
1167.139179,139.061389,92.515680
1167.141022,139.061389,92.546656
1167.157439,139.061389,92.569789
1167.160705,139.061389,92.625309
1167.164036,139.061389,92.646342
1167.164845,139.061389,92.729168
1167.166397,139.061389,92.753824
1167.173090,139.061389,92.779581
1167.173515,139.061389,92.801856
1167.175032,139.061389,92.913056
1167.176577,139.061389,92.961120
1167.176989,139.061389,93.211677
1167.177754,139.061389,93.233952
1167.180967,139.061389,93.241478
1167.184098,139.061389,93.283424
1167.187339,139.061389,93.479718
1167.190474,139.061389,93.521888
1167.193933,139.061389,93.543933
1167.195815,139.061389,93.556256
1167.197356,139.061389,93.576032
1167.198224,139.061389,93.771078
1167.199781,139.061389,93.791968
1167.202985,139.061389,93.794496
1167.204530,139.061389,93.933952
1167.207698,139.061389,93.976096
1167.209272,139.061389,94.009318
1167.210851,139.061389,94.025309
1167.212461,139.061389,94.080829
1167.214088,139.061389,94.142656
1167.214889,139.061389,94.241472
1167.218190,139.061389,94.284736
1167.221465,139.061389,94.324096
1167.222283,139.061389,94.401926
1167.223849,139.061389,94.472432
1167.225649,139.061389,94.479712
1167.229207,139.061389,94.500637
1167.232564,139.061389,94.513024
1167.234172,139.061389,94.522880
1167.236864,139.061389,94.732992
1167.240936,139.061389,94.747584
1167.247915,139.061389,94.771072
1167.249505,139.061389,94.780829
1167.251088,139.061389,94.889648
1167.252710,139.061389,94.931526
1167.253492,139.061389,94.957376
1167.254277,139.061389,95.009312
1167.255815,139.061389,95.024096
1167.256631,139.061389,95.087142
1167.260014,139.061389,95.238918
1167.260788,139.061389,95.247488
1167.262365,139.061389,95.252637
1167.266041,139.061389,95.389472
1167.267613,139.061389,95.401920
1167.269240,139.061389,95.472320
1167.270132,139.061389,95.594461
1167.273390,139.061389,95.616742
1167.274975,139.061389,95.631526
1167.275762,139.061389,95.708102
1167.277300,139.061389,95.722976
1167.278823,139.061389,95.782237
1167.280550,139.061389,95.931520
1167.281316,139.061389,95.947488
1167.282852,139.061389,95.956157
1167.284401,139.061389,96.074882
1167.286546,139.061389,96.127814
1167.287331,139.061389,96.131360
1167.287740,139.061389,96.203104
1167.290950,139.061389,96.236349
1167.291729,139.061389,96.237702
1167.292509,139.061389,96.238912
1167.293270,139.061389,96.267231
1167.294124,139.061389,96.316742
1167.295677,139.061389,96.498182
1167.297246,139.061389,96.631520
1167.298017,139.061389,96.656157
1167.299553,139.061389,96.657414
1167.299953,139.061389,96.761120
1167.303165,139.061389,96.840029
1167.303577,139.061389,96.846342
1167.304374,139.061389,97.027782
1167.305350,139.061389,97.049981
1167.306932,139.061389,97.090854
1167.308690,139.061389,97.161120
1167.309101,139.061389,97.357414
1167.309486,139.061389,97.403008
1167.310244,139.061389,97.469789
1167.313396,139.061389,97.525309
1167.316491,139.061389,97.574784
1167.319700,139.061389,97.679718
1167.322956,139.061389,97.727782
1167.323749,139.061389,97.763692
1167.325809,139.061389,97.887014
1167.326047,139.061389,97.994496
1167.327576,139.061389,98.000754
1167.328577,139.061389,98.010502
1167.329481,139.061389,98.111677
1167.330250,139.061389,98.209318
1167.331799,139.061389,98.216640
1167.333341,139.061389,98.257382
1167.333751,139.061389,98.300678
1167.335354,139.061389,98.320454
1167.336260,139.061389,98.358624
1167.338090,139.061389,98.364864
1167.341278,139.061389,98.597184
1167.349660,139.061389,98.679712
1167.353004,139.061389,98.691968
1167.356185,139.061389,98.835424
1167.363331,139.061389,98.839020
1167.365119,139.061389,98.875840
1167.365926,139.061389,98.909318
1167.367628,139.061389,98.925309
1167.369284,139.061389,98.980829
1167.370915,139.061389,99.066208
1167.371823,139.061389,99.090758
1167.373425,139.061389,99.205501
1167.374232,139.061389,99.209312
1167.375796,139.061389,99.262432
1167.377588,139.061389,99.271296
1167.379426,139.061389,99.300672
1167.381002,139.061389,99.307936
1167.382587,139.061389,99.365024
1167.386454,139.061389,99.438918
1167.387302,139.061389,99.575840
1167.388103,139.061389,99.615616
1167.391754,139.061389,99.650080
1167.392689,139.061389,99.667616
1167.396381,139.061389,99.680829
1167.397983,139.061389,99.908102
1167.399748,139.061389,99.909312
1167.401294,139.061389,100.007936
1167.402957,139.061389,100.090752
1167.404539,139.061389,100.146342
1167.406116,139.061389,100.147488
1167.407706,139.061389,100.154813
1167.408507,139.061389,100.372160
1167.409294,139.061389,100.375974
1167.409765,139.061389,100.403037
1167.411339,139.061389,100.436413
1167.412223,139.061389,100.438912
1167.413028,139.061389,100.477120
1167.414135,139.061389,100.494461
1167.418990,139.061389,100.620352
1167.419784,139.061389,100.675942
1167.420559,139.061389,100.698182
1167.422125,139.061389,100.847488
1167.423704,139.061389,100.854813
1167.424489,139.061389,100.926557
1167.431678,139.061389,101.031360
1167.432127,139.061389,101.080829
1167.432929,139.061389,101.185789
1167.433860,139.061389,101.227782
1167.434662,139.061389,101.307014
1167.439179,139.061389,101.320352
1167.440567,139.061389,101.361264
1167.441525,139.061389,101.375942
1167.442361,139.061389,101.383155
1167.443156,139.061389,101.463456
1167.443943,139.061389,101.661120
1167.447679,139.061389,101.790877
1167.449482,139.061389,101.858557
1167.450301,139.061389,101.862397
1167.452248,139.061389,101.905542
1167.452667,139.061389,101.927782
1167.453452,139.061389,101.949981
1167.455102,139.061389,101.984416
1167.455552,139.061389,101.990880
1167.457336,139.061389,102.013024
1167.460723,139.061389,102.084573
1167.461649,139.061389,102.093216
1167.468211,139.061389,102.180864
1167.469175,139.061389,102.303008
1167.469972,139.061389,102.310333
1167.470388,139.061389,102.382077
1167.473561,139.061389,102.487180
1167.475306,139.061389,102.542624
1167.477207,139.061389,102.558557
1167.478019,139.061389,102.580832
1167.481257,139.061389,102.649981
1167.482838,139.061389,102.693085
1167.483246,139.061389,102.738918
1167.484829,139.061389,102.940093
1167.488199,139.061389,103.075980
1167.489101,139.061389,103.082077
1167.492387,139.061389,103.116640
1167.493977,139.061389,103.242624
1167.495664,139.061389,103.268518
1167.496479,139.061389,103.347520
1167.498256,139.061389,103.424160
1167.499140,139.061389,103.427709
1167.500714,139.061389,103.446400
1167.504021,139.061389,103.467302
1167.505028,139.061389,103.548736
1167.508462,139.061389,103.580861
1167.509394,139.061389,103.593280
1167.517470,139.061389,103.599293
1167.519210,139.061389,103.695788
1167.520983,139.061389,103.732844
1167.522012,139.061389,103.738912
1167.523707,139.061389,103.806728
1167.524214,139.061389,103.815616
1167.528025,139.061389,103.816640
1167.529605,139.061389,103.901917
1167.530496,139.061389,103.968518
1167.531286,139.061389,104.014077
1167.531698,139.061389,104.056189
1167.533446,139.061389,104.079456
1167.536483,139.061389,104.105501
1167.537297,139.061389,104.172294
1167.538222,139.061389,104.203296
1167.540027,139.061389,104.235362
1167.542154,139.061389,104.248736
1167.545379,139.061389,104.268512
1167.546180,139.061389,104.290752
1167.547721,139.061389,104.346342
1167.549248,139.061389,104.395613
1167.550791,139.061389,104.420480
1167.552702,139.061389,104.432608
1167.553519,139.061389,104.537597
1167.555278,139.061389,104.568608
1167.559192,139.061389,104.594368
1167.560745,139.061389,104.603020
1167.561639,139.061389,104.779456
1167.563196,139.061389,104.808208
1167.564119,139.061389,104.820352
1167.564909,139.061389,104.875942
1167.565836,139.061389,104.890754
1167.566784,139.061389,104.968512
1167.568437,139.061389,105.047315
1167.569530,139.061389,105.054813
1167.570351,139.061389,105.095613
1167.571914,139.061389,105.117888
1167.578937,139.061389,105.272160
1167.579751,139.061389,105.279485
1167.580165,139.061389,105.303037
1167.581745,139.061389,105.311688
1167.582649,139.061389,105.362252
1167.583108,139.061389,105.487074
1167.584129,139.061389,105.498112
1167.584551,139.061389,105.520352
1167.585328,139.061389,105.550077
1167.586479,139.061389,105.575942
1167.587342,139.061389,105.618988
1167.588305,139.061389,105.650080
1167.589223,139.061389,105.704256
1167.590833,139.061389,105.747315
1167.591673,139.061389,105.754813
1167.592488,139.061389,105.757382
1167.593273,139.061389,105.893213
1167.595085,139.061389,106.049888
1167.595889,139.061389,106.068640
1167.597935,139.061389,106.105542
1167.598365,139.061389,106.112992
1167.600170,139.061389,106.246400
1167.602096,139.061389,106.321632
1167.603886,139.061389,106.439965
1167.604290,139.061389,106.451261
1167.606101,139.061389,106.551133
1167.606880,139.061389,106.552524
1167.608921,139.061389,106.573408
1167.612074,139.061389,106.749888
1167.612882,139.061389,106.758557
1167.613658,139.061389,106.847520
1167.615423,139.061389,106.867360
1167.616294,139.061389,106.884416
1167.616691,139.061389,106.938918
1167.618463,139.061389,106.957352
1167.619370,139.061389,106.972294
1167.620248,139.061389,107.059852
1167.621144,139.061389,107.061260
1167.622907,139.061389,107.080864
1167.623850,139.061389,107.139965
1167.624257,139.061389,107.140096
1167.626047,139.061389,107.160896
1167.626827,139.061389,107.220480
1167.629085,139.061389,107.269632
1167.629965,139.061389,107.273408
1167.633384,139.061389,107.309286
1167.636633,139.061389,107.342592
1167.637521,139.061389,107.458557
1167.638333,139.061389,107.556189
1167.640115,139.061389,107.574495
1167.640579,139.061389,107.624160
1167.641438,139.061389,107.633920
1167.645112,139.061389,107.772192
1167.646002,139.061389,107.793440
1167.653611,139.061389,107.820319
1167.655413,139.061389,107.840093
1167.658567,139.061389,107.878131
1167.658975,139.061389,107.906728
1167.659438,139.061389,107.927741
1167.659894,139.061389,107.938912
1167.661459,139.061389,107.966240
1167.663293,139.061389,107.976032
1167.665109,139.061389,108.023965
1167.665901,139.061389,108.036302
1167.666388,139.061389,108.079539
1167.667273,139.061389,108.128755
1167.667688,139.061389,108.174688
1167.671293,139.061389,108.205408
1167.671713,139.061389,108.247520
1167.673485,139.061389,108.309280
1167.676629,139.061389,108.318988
1167.677520,139.061389,108.327709
1167.679191,139.061389,108.350054
1167.679655,139.061389,108.359837
1167.680521,139.061389,108.398336
1167.682263,139.061389,108.410557
1167.683966,139.061389,108.419296
1167.684838,139.061389,108.427753
1167.685097,139.061389,108.456061
1167.686765,139.061389,108.468512
1167.687541,139.061389,108.480861
1167.688422,139.061389,108.505600
1167.689304,139.061389,108.595485
1167.689532,139.061389,108.601779
1167.691305,139.061389,108.654816
1167.692858,139.061389,108.720422
1167.693884,139.061389,108.723965
1167.694877,139.061389,108.759805
1167.698666,139.061389,108.768608
1167.702416,139.061389,108.820191
1167.702909,139.061389,108.838880
1167.704501,139.061389,108.862252
1167.704982,139.061389,108.914077
1167.705391,139.061389,108.957216
1167.707023,139.061389,109.035174
1167.708620,139.061389,109.043840
1167.710599,139.061389,109.112872
1167.711061,139.061389,109.128895
1167.711936,139.061389,109.134034
1167.712981,139.061389,109.156061
1167.714631,139.061389,109.164902
1167.716533,139.061389,109.168512
1167.717332,139.061389,109.214112
1167.719191,139.061389,109.295613
1167.720810,139.061389,109.306828
1167.721706,139.061389,109.314088
1167.721967,139.061389,109.349952
1167.722771,139.061389,109.362316
1167.723706,139.061389,109.416704
1167.725567,139.061389,109.442662
1167.726476,139.061389,109.494368
1167.728033,139.061389,109.501693
1167.728825,139.061389,109.505586
1167.729299,139.061389,109.517887
1167.731127,139.061389,109.538880
1167.732693,139.061389,109.564774
1167.733473,139.061389,109.591984
1167.734027,139.061389,109.752509
1167.735807,139.061389,109.762156
1167.736279,139.061389,109.818988
1167.737149,139.061389,109.853568
1167.737562,139.061389,109.877280
1167.739309,139.061389,109.900704
1167.747418,139.061389,109.926464
1167.750715,139.061389,109.928844
1167.751214,139.061389,109.951264
1167.753129,139.061389,109.957382
1167.753961,139.061389,109.958589
1167.754844,139.061389,109.995613
1167.756511,139.061389,110.024019
1167.758512,139.061389,110.091980
1167.758998,139.061389,110.125373
1167.760759,139.061389,110.138719
1167.761240,139.061389,110.179485
1167.761644,139.061389,110.262252
1167.762104,139.061389,110.264774
1167.762884,139.061389,110.272256
1167.764928,139.061389,110.285664
1167.765727,139.061389,110.332754
1167.766186,139.061389,110.388366
1167.767128,139.061389,110.394502
1167.768012,139.061389,110.468351
1167.768550,139.061389,110.482240
1167.770362,139.061389,110.488300
1167.771256,139.061389,110.531368
1167.771527,139.061389,110.574432
1167.772316,139.061389,110.617919
1167.774133,139.061389,110.622924
1167.777677,139.061389,110.631296
1167.778098,139.061389,110.642592
1167.779881,139.061389,110.647315
1167.780663,139.061389,110.651261
1167.782392,139.061389,110.662099
1167.783174,139.061389,110.708126
1167.783649,139.061389,110.720480
1167.785479,139.061389,110.747581
1167.789495,139.061389,110.773341
1167.791048,139.061389,110.798141
1167.791936,139.061389,110.824114
1167.792412,139.061389,110.949888
1167.793184,139.061389,111.084556
1167.794068,139.061389,111.109128
1167.794324,139.061389,111.132541
1167.794729,139.061389,111.140044
1167.795751,139.061389,111.141139
1167.797399,139.061389,111.171020
1167.798453,139.061389,111.191872
1167.801642,139.061389,111.206764
1167.802719,139.061389,111.208134
1167.803632,139.061389,111.230237
1167.805588,139.061389,111.274432
1167.806390,139.061389,111.331296
1167.806799,139.061389,111.339965
1167.807192,139.061389,111.341058
1167.807663,139.061389,111.347315
1167.808462,139.061389,111.351261
1167.810209,139.061389,111.381984
1167.811769,139.061389,111.420480
1167.813527,139.061389,111.432716
1167.814412,139.061389,111.451133
1167.815223,139.061389,111.464812
1167.819026,139.061389,111.466016
1167.821060,139.061389,111.541224
1167.821526,139.061389,111.542291
1167.821926,139.061389,111.578502
1167.823748,139.061389,111.605580
1167.824793,139.061389,111.649888
1167.825608,139.061389,111.728878
1167.826144,139.061389,111.728957
1167.829998,139.061389,111.732652
1167.830895,139.061389,111.763468
1167.832658,139.061389,111.774495
1167.833113,139.061389,111.841139
1167.834665,139.061389,111.914240
1167.838959,139.061389,111.919296
1167.839927,139.061389,111.950080
1167.840822,139.061389,112.039965
1167.841236,139.061389,112.053640
1167.841681,139.061389,112.057186
1167.842160,139.061389,112.073215
1167.842411,139.061389,112.073439
1167.843273,139.061389,112.081984
1167.844893,139.061389,112.146374
1167.845793,139.061389,112.162306
1167.846895,139.061389,112.200570
1167.847387,139.061389,112.216736
1167.853007,139.061389,112.224032
1167.853927,139.061389,112.228861
1167.854758,139.061389,112.242291
1167.855218,139.061389,112.312992
1167.856150,139.061389,112.364588
1167.856618,139.061389,112.367402
1167.857639,139.061389,112.399564
1167.859727,139.061389,112.401727
1167.860601,139.061389,112.458578
1167.861471,139.061389,112.485736
1167.862338,139.061389,112.516742
1167.864088,139.061389,112.524208
1167.864554,139.061389,112.540076
1167.865461,139.061389,112.605325
1167.866023,139.061389,112.622909
1167.870708,139.061389,112.645184
1167.887229,139.061389,112.647392
1167.888872,139.061389,112.672192
1167.889788,139.061389,112.772044
1167.890673,139.061389,112.780767
1167.891151,139.061389,112.784442
1167.891644,139.061389,112.803186
1167.892686,139.061389,112.806781
1167.893595,139.061389,112.844000
1167.897841,139.061389,112.846322
1167.898780,139.061389,112.861184
1167.904292,139.061389,112.869632
1167.905192,139.061389,112.895616
1167.908467,139.061389,112.899234
1167.909497,139.061389,112.932701
1167.910385,139.061389,112.933896
1167.911262,139.061389,112.962252
1167.911721,139.061389,112.977196
1167.912603,139.061389,112.988178
1167.913069,139.061389,113.035232
1167.914230,139.061389,113.064460
1167.914556,139.061389,113.072238
1167.915505,139.061389,113.104288
1167.917421,139.061389,113.105408
1167.919298,139.061389,113.132652
1167.920189,139.061389,113.170956
1167.921119,139.061389,113.174495
1167.921571,139.061389,113.175892
1167.921826,139.061389,113.186828
1167.922290,139.061389,113.235174
1167.923872,139.061389,113.347392
1167.925419,139.061389,113.363456
1167.927312,139.061389,113.390559
1167.928259,139.061389,113.391936
1167.928778,139.061389,113.409292
1167.929735,139.061389,113.414112
1167.931534,139.061389,113.431283
1167.933121,139.061389,113.451264
1167.934925,139.061389,113.537504
1167.935799,139.061389,113.549792
1167.939059,139.061389,113.581951
1167.939949,139.061389,113.642662
1167.940826,139.061389,113.655872
1167.941255,139.061389,113.693198
1167.941734,139.061389,113.718975
1167.942609,139.061389,113.728755
1167.943030,139.061389,113.742493
1167.944579,139.061389,113.758812
1167.945853,139.061389,113.762252
1167.946319,139.061389,113.798132
1167.946799,139.061389,113.809280
1167.947350,139.061389,113.871026
1167.947824,139.061389,113.872172
1167.948702,139.061389,113.874367
1167.948928,139.061389,113.874764
1167.952610,139.061389,113.877021
1167.953389,139.061389,113.888366
1167.954318,139.061389,113.916556
1167.954795,139.061389,113.918988
1167.955687,139.061389,113.943840
1167.957439,139.061389,113.951165
1167.958317,139.061389,113.979528
1167.958765,139.061389,113.996735
1167.959208,139.061389,114.062418
1167.960301,139.061389,114.075776
1167.961072,139.061389,114.079650
1167.962090,139.061389,114.099295
1167.962563,139.061389,114.106357
1167.962709,139.061389,114.131283
1167.964314,139.061389,114.175708
1167.964769,139.061389,114.188236
1167.965686,139.061389,114.201779
1167.967471,139.061389,114.202973
1167.968389,139.061389,114.206764
1167.969319,139.061389,114.212946
1167.969578,139.061389,114.222579
1167.970345,139.061389,114.224019
1167.972109,139.061389,114.253516
1167.972570,139.061389,114.298141
1167.973437,139.061389,114.309068
1167.974311,139.061389,114.316704
1167.978363,139.061389,114.319214
1167.978848,139.061389,114.351136
1167.980408,139.061389,114.369644
1167.980872,139.061389,114.385525
1167.981740,139.061389,114.411624
1167.982613,139.061389,114.417584
1167.982873,139.061389,114.421631
1167.983881,139.061389,114.428927
1167.984843,139.061389,114.478400
1167.999903,139.061389,114.497826
1168.000400,139.061389,114.498132
1168.000884,139.061389,114.507872
1168.002534,139.061389,114.577021
1168.003361,139.061389,114.599106
1168.003856,139.061389,114.609128
1168.004109,139.061389,114.658641
1168.007881,139.061389,114.688300
1168.008787,139.061389,114.719048
1168.009256,139.061389,114.730237
1168.010998,139.061389,114.734709
1168.011223,139.061389,114.748800
1168.014840,139.061389,114.760851
1168.015626,139.061389,114.765906
1168.016107,139.061389,114.777260
1168.016987,139.061389,114.792032
1168.020779,139.061389,114.814112
1168.022573,139.061389,114.820268
1168.023506,139.061389,114.842592
1168.025299,139.061389,114.901852
1168.026240,139.061389,114.920480
1168.028354,139.061389,115.022728
1168.028863,139.061389,115.041224
1168.029330,139.061389,115.051136
1168.030901,139.061389,115.084669
1168.032964,139.061389,115.118975
1168.033864,139.061389,115.171072
1168.035821,139.061389,115.172034
1168.036812,139.061389,115.181960
1168.037074,139.061389,115.198013
1168.037888,139.061389,115.210408
1168.038356,139.061389,115.254675
1168.040147,139.061389,115.307936
1168.044001,139.061389,115.354749
1168.044806,139.061389,115.385538
1168.045707,139.061389,115.419048
1168.046197,139.061389,115.421568
1168.048034,139.061389,115.446259
1168.051593,139.061389,115.452192
1168.052735,139.061389,115.502658
1168.053254,139.061389,115.514088
1168.053919,139.061389,115.542592
1168.055782,139.061389,115.551261
1168.057575,139.061389,115.564716
1168.058045,139.061389,115.569632
1168.058966,139.061389,115.573154
1168.059442,139.061389,115.583020
1168.059844,139.061389,115.595677
1168.061617,139.061389,115.635052
1168.062522,139.061389,115.646374
1168.063402,139.061389,115.647450
1168.064302,139.061389,115.654909
1168.065195,139.061389,115.673341
1168.066810,139.061389,115.710578
1168.067833,139.061389,115.732556
1168.068432,139.061389,115.732992
1168.077532,139.061389,115.778502
1168.079385,139.061389,115.788127
1168.079873,139.061389,115.815616
1168.081647,139.061389,115.874495
1168.082117,139.061389,115.888232
1168.083043,139.061389,115.910408
1168.083525,139.061389,115.920288
1168.087187,139.061389,115.931232
1168.088877,139.061389,115.950060
1168.089784,139.061389,115.972300
1168.091650,139.061389,115.974688
1168.095555,139.061389,115.975892
1168.095855,139.061389,115.984684
1168.097890,139.061389,116.016742
1168.099648,139.061389,116.032541
1168.100063,139.061389,116.046220
1168.101995,139.061389,116.054892
1168.102920,139.061389,116.076844
1168.103708,139.061389,116.107733
1168.104203,139.061389,116.109312
1168.105990,139.061389,116.114240
1168.109588,139.061389,116.130237
1168.111326,139.061389,116.146259
1168.115099,139.061389,116.150080
1168.116106,139.061389,116.173338
1168.117241,139.061389,116.201666
1168.118187,139.061389,116.247552
1168.120056,139.061389,116.275795
1168.121818,139.061389,116.279490
1168.122367,139.061389,116.281951
1168.123252,139.061389,116.283020
1168.123660,139.061389,116.375930
1168.124608,139.061389,116.379539
1168.125500,139.061389,116.416736
1168.129691,139.061389,116.420528
1168.130636,139.061389,116.438892
1168.131519,139.061389,116.441224
1168.132020,139.061389,116.448588
1168.132926,139.061389,116.477018
1168.133411,139.061389,116.501900
1168.135757,139.061389,116.506656
1168.136566,139.061389,116.512723
1168.137359,139.061389,116.526437
1168.138393,139.061389,116.564588
1168.138862,139.061389,116.574610
1168.139393,139.061389,116.606732
1168.140289,139.061389,116.627554
1168.140770,139.061389,116.631232
1168.143219,139.061389,116.632652
1168.144897,139.061389,116.675954
1168.145370,139.061389,116.696656
1168.145841,139.061389,116.698194
1168.146739,139.061389,116.716742
1168.148744,139.061389,116.736252
1168.149241,139.061389,116.741469
1168.153015,139.061389,116.742303
1168.153181,139.061389,116.769824
1168.156976,139.061389,116.776844
1168.157756,139.061389,116.814240
1168.161444,139.061389,116.821565
1168.163346,139.061389,116.822909
1168.166974,139.061389,116.875974
1168.167453,139.061389,116.882006
1168.168385,139.061389,116.972044
1168.169331,139.061389,116.998112
1168.170238,139.061389,117.044703
1168.170654,139.061389,117.099514
1168.172541,139.061389,117.110444
1168.173429,139.061389,117.125228
1168.174330,139.061389,117.128861
1168.175116,139.061389,117.133896
1168.176006,139.061389,117.142291
1168.176408,139.061389,117.177116
1168.177424,139.061389,117.221586
1168.177684,139.061389,117.227794
1168.178140,139.061389,117.257370
1168.179039,139.061389,117.258495
1168.179964,139.061389,117.259816
1168.180851,139.061389,117.292031
1168.182870,139.061389,117.294514
1168.183913,139.061389,117.351135
1168.184887,139.061389,117.353464
1168.185398,139.061389,117.374495
1168.185863,139.061389,117.457320
1168.186395,139.061389,117.479528
1168.186843,139.061389,117.491880
1168.187874,139.061389,117.498092
1168.188764,139.061389,117.532620
1168.189635,139.061389,117.541058
1168.190109,139.061389,117.559840
1168.193799,139.061389,117.568480
1168.195687,139.061389,117.600380
1168.196170,139.061389,117.620460
1168.197998,139.061389,117.636115
1168.198786,139.061389,117.641343
1168.201008,139.061389,117.657186
1168.201946,139.061389,117.678188
1168.202435,139.061389,117.686953
1168.202571,139.061389,117.695532
1168.203443,139.061389,117.704426
1168.204393,139.061389,117.706781
1168.206021,139.061389,117.733800
1168.206303,139.061389,117.743679
1168.208136,139.061389,117.761184
1168.211955,139.061389,117.781951
1168.212855,139.061389,117.802941
1168.214441,139.061389,117.828861
1168.215249,139.061389,117.835052
1168.216183,139.061389,117.842291
1168.216602,139.061389,117.842560
1168.217080,139.061389,117.862252
1168.217526,139.061389,117.862335
1168.219368,139.061389,117.864800
1168.220327,139.061389,117.877082
1168.221262,139.061389,117.896831
1168.221803,139.061389,117.911624
1168.222692,139.061389,117.930188
1168.224461,139.061389,117.949998
1168.224943,139.061389,117.964588
1168.225401,139.061389,118.062220
1168.225931,139.061389,118.150060
1168.226894,139.061389,118.180762
1168.227371,139.061389,118.187040
1168.229120,139.061389,118.196684
1168.230910,139.061389,118.221376
1168.232448,139.061389,118.241288
1168.233326,139.061389,118.251250
1168.234216,139.061389,118.254892
1168.235138,139.061389,118.257320
1168.235662,139.061389,118.269760
1168.237534,139.061389,118.283276
1168.239374,139.061389,118.310476
1168.240267,139.061389,118.317800
1168.240743,139.061389,118.320178
1168.241626,139.061389,118.323901
1168.242447,139.061389,118.332622
1168.242950,139.061389,118.336115
1168.243736,139.061389,118.346354
1168.244650,139.061389,118.372044
1168.245523,139.061389,118.383162
1168.245992,139.061389,118.391522
1168.246470,139.061389,118.406716
1168.247016,139.061389,118.458412
1168.247915,139.061389,118.460907
1168.248071,139.061389,118.488095
1168.248527,139.061389,118.509068
1168.249396,139.061389,118.525309
1168.251102,139.061389,118.527699
1168.253037,139.061389,118.540114
1168.253298,139.061389,118.556072
1168.253767,139.061389,118.602956
1168.254662,139.061389,118.642493
1168.256249,139.061389,118.648588
1168.257179,139.061389,118.664460
1168.257430,139.061389,118.675892
1168.257679,139.061389,118.709128
1168.257917,139.061389,118.759852
1168.259695,139.061389,118.762236
1168.260164,139.061389,118.770888
1168.260620,139.061389,118.777064
1168.261482,139.061389,118.786828
1168.261925,139.061389,118.819084
1168.263931,139.061389,118.836296
1168.264393,139.061389,118.836364
1168.265300,139.061389,118.875820
1168.267074,139.061389,118.875954
1168.267543,139.061389,118.882138
1168.268511,139.061389,118.921376
1168.270090,139.061389,118.921568
1168.271860,139.061389,118.932544
1168.272637,139.061389,118.947432
1168.273136,139.061389,118.951186
1168.274035,139.061389,118.957320
1168.274527,139.061389,118.978429
1168.276524,139.061389,119.010335
1168.276781,139.061389,119.012672
1168.277556,139.061389,119.014112
1168.279319,139.061389,119.016552
1168.279565,139.061389,119.026242
1168.280006,139.061389,119.034943
1168.280579,139.061389,119.037608
1168.281492,139.061389,119.040157
1168.285317,139.061389,119.046260
1168.285853,139.061389,119.050074
1168.286910,139.061389,119.074589
1168.290405,139.061389,119.079612
1168.290889,139.061389,119.083162
1168.291350,139.061389,119.096533
1168.291602,139.061389,119.120378
1168.292514,139.061389,119.136306
1168.293382,139.061389,119.141224
1168.293818,139.061389,119.142618
1168.296383,139.061389,119.157352
1168.296844,139.061389,119.158284
1168.297240,139.061389,119.165724
1168.297483,139.061389,119.179499
1168.297726,139.061389,119.216704
1168.299556,139.061389,119.232556
1168.300012,139.061389,119.265964
1168.300452,139.061389,119.284381
1168.300851,139.061389,119.285525
1168.301707,139.061389,119.289452
1168.302743,139.061389,119.296735
1168.303656,139.061389,119.311624
1168.304534,139.061389,119.318975
1168.305390,139.061389,119.350925
1168.305646,139.061389,119.353736
1168.306550,139.061389,119.364290
1168.306798,139.061389,119.364437
1168.307033,139.061389,119.371072
1168.308737,139.061389,119.424058
1168.309215,139.061389,119.426271
1168.309666,139.061389,119.446298
1168.310582,139.061389,119.507936
1168.314090,139.061389,119.546280
1168.315111,139.061389,119.549778
1168.315571,139.061389,119.549868
1168.316437,139.061389,119.558641
1168.320234,139.061389,119.562280
1168.320766,139.061389,119.589448
1168.321641,139.061389,119.596812
1168.323428,139.061389,119.606728
1168.324320,139.061389,119.608032
1168.324817,139.061389,119.609312
1168.326596,139.061389,119.632544
1168.327379,139.061389,119.658508
1168.328234,139.061389,119.665906
1168.328687,139.061389,119.692032
1168.332280,139.061389,119.705493
1168.333291,139.061389,119.710408
1168.334148,139.061389,119.726431
1168.337725,139.061389,119.732620
1168.338664,139.061389,119.742592
1168.340429,139.061389,119.758381
1168.340901,139.061389,119.763578
1168.341794,139.061389,119.779421
1168.342195,139.061389,119.843618
1168.342663,139.061389,119.846240
1168.343516,139.061389,119.868512
1168.344447,139.061389,119.909068
1168.345313,139.061389,119.921580
1168.346315,139.061389,119.926259
1168.347101,139.061389,119.932992
1168.356578,139.061389,119.955906
1168.357544,139.061389,119.958636
1168.358452,139.061389,119.978400
1168.359384,139.061389,119.979520
1168.361291,139.061389,119.989452
1168.362201,139.061389,120.017584
1168.362451,139.061389,120.028978
1168.363365,139.061389,120.044768
1168.364942,139.061389,120.076968
1168.365678,139.061389,120.083402
1168.366211,139.061389,120.098013
1168.367007,139.061389,120.102668
1168.367495,139.061389,120.117675
1168.369201,139.061389,120.136328
1168.369650,139.061389,120.143522
1168.370570,139.061389,120.143628
1168.371018,139.061389,120.152213
1168.371964,139.061389,120.163455
1168.372512,139.061389,120.172192
1168.372987,139.061389,120.174688
1168.376523,139.061389,120.179624
1168.377541,139.061389,120.201599
1168.378721,139.061389,120.203194
1168.380304,139.061389,120.206591
1168.381066,139.061389,120.216742
1168.383009,139.061389,120.263263
1168.383840,139.061389,120.275816
1168.384294,139.061389,120.306357
1168.384440,139.061389,120.309312
1168.386311,139.061389,120.316581
1168.387232,139.061389,120.321439
1168.387757,139.061389,120.321568
1168.389502,139.061389,120.327551
1168.389961,139.061389,120.335080
1168.390203,139.061389,120.344863
1168.390710,139.061389,120.364209
1168.390861,139.061389,120.402892
1168.392601,139.061389,120.409023
1168.393059,139.061389,120.410348
1168.394788,139.061389,120.413698
1168.395053,139.061389,120.428828
1168.395546,139.061389,120.466943
1168.395796,139.061389,120.475795
1168.398715,139.061389,120.484524
1168.400277,139.061389,120.490668
1168.401563,139.061389,120.495677
1168.405776,139.061389,120.530109
1168.407690,139.061389,120.554909
1168.408833,139.061389,120.596716
1168.409480,139.061389,120.599244
1168.410571,139.061389,120.626259
1168.411391,139.061389,120.632556
1168.411839,139.061389,120.635104
1168.412300,139.061389,120.661954
1168.412810,139.061389,120.664588
1168.413302,139.061389,120.685525
1168.414191,139.061389,120.697826
1168.414654,139.061389,120.716722
1168.416603,139.061389,120.728864
1168.419596,139.061389,120.772034
1168.420528,139.061389,120.791909
1168.422352,139.061389,120.798013
1168.423130,139.061389,120.805512
1168.423631,139.061389,120.808106
1168.424107,139.061389,120.821154
1168.424573,139.061389,120.836328
1168.425026,139.061389,120.837676
1168.427333,139.061389,120.837702
1168.428217,139.061389,120.864543
1168.428469,139.061389,120.921308
1168.428704,139.061389,120.931314
1168.429580,139.061389,120.942572
1168.431330,139.061389,120.947379
1168.432192,139.061389,120.959852
1168.433984,139.061389,120.988223
1168.435856,139.061389,121.004034
1168.436346,139.061389,121.014161
1168.438179,139.061389,121.014240
1168.441769,139.061389,121.021565
1168.443925,139.061389,121.025250
1168.445196,139.061389,121.031500
1168.446171,139.061389,121.034709
1168.446398,139.061389,121.046259
1168.450101,139.061389,121.052332
1168.451008,139.061389,121.072044
1168.451900,139.061389,121.073338
1168.452855,139.061389,121.081858
1168.453345,139.061389,121.105299
1168.454956,139.061389,121.126650
1168.456012,139.061389,121.135007
1168.456931,139.061389,121.147327
1168.457190,139.061389,121.149791
1168.457635,139.061389,121.172460
1168.459848,139.061389,121.195724
1168.461604,139.061389,121.220255
1168.463354,139.061389,121.230109
1168.464886,139.061389,121.237608
1168.465799,139.061389,121.246322
1168.466698,139.061389,121.302816
1168.467475,139.061389,121.315514
1168.468392,139.061389,121.317797
1168.470280,139.061389,121.325228
1168.471155,139.061389,121.340192
1168.478736,139.061389,121.351154
1168.479626,139.061389,121.365928
1168.479881,139.061389,121.370751
1168.480741,139.061389,121.371903
1168.480875,139.061389,121.404066
1168.481335,139.061389,121.409151
1168.482182,139.061389,121.416418
1168.482697,139.061389,121.429100
1168.484486,139.061389,121.435130
1168.484988,139.061389,121.436364
1168.485985,139.061389,121.444796
1168.486473,139.061389,121.448428
1168.486878,139.061389,121.451148
1168.487749,139.061389,121.474495
1168.488205,139.061389,121.480716
1168.489112,139.061389,121.492031
1168.491326,139.061389,121.499272
1168.491795,139.061389,121.512578
1168.492242,139.061389,121.551138
1168.493145,139.061389,121.564543
1168.493426,139.061389,121.575741
1168.494189,139.061389,121.575852
1168.495968,139.061389,121.587026
1168.496230,139.061389,121.590261
1168.496639,139.061389,121.618783
1168.496789,139.061389,121.638764
1168.497271,139.061389,121.650060
1168.498285,139.061389,121.657536
1168.515150,139.061389,121.669824
1168.520806,139.061389,121.688200
1168.521772,139.061389,121.695711
1168.523839,139.061389,121.721370
1168.524330,139.061389,121.721565
1168.526146,139.061389,121.734690
1168.526429,139.061389,121.741132
1168.527316,139.061389,121.744850
1168.528225,139.061389,121.773338
1168.529161,139.061389,121.775942
1168.530045,139.061389,121.799170
1168.530515,139.061389,121.806728
1168.531396,139.061389,121.822658
1168.531871,139.061389,121.825324
1168.532886,139.061389,121.836258
1168.533363,139.061389,121.865868
1168.534233,139.061389,121.865928
1168.534684,139.061389,121.875795
1168.536486,139.061389,121.881951
1168.537393,139.061389,121.921618
1168.538258,139.061389,121.924000
1168.541964,139.061389,121.932543
1168.542230,139.061389,121.953632
1168.542481,139.061389,121.996621
1168.542751,139.061389,122.011490
1168.544526,139.061389,122.021576
1168.545458,139.061389,122.026466
1168.547311,139.061389,122.042396
1168.547834,139.061389,122.042560
1168.548297,139.061389,122.048588
1168.549157,139.061389,122.057183
1168.549614,139.061389,122.102956
1168.550479,139.061389,122.121378
1168.550971,139.061389,122.121420
1168.551447,139.061389,122.122690
1168.552392,139.061389,122.148607
1168.553331,139.061389,122.154994
1168.554238,139.061389,122.159816
1168.555108,139.061389,122.160972
1168.555980,139.061389,122.164588
1168.556424,139.061389,122.184384
1168.557206,139.061389,122.200210
1168.557459,139.061389,122.209026
1168.558463,139.061389,122.222687
1168.559318,139.061389,122.253533
1168.559712,139.061389,122.262175
1168.560193,139.061389,122.264754
1168.561084,139.061389,122.267212
1168.562793,139.061389,122.272031
1168.563661,139.061389,122.284524
1168.564600,139.061389,122.296684
1168.566615,139.061389,122.307733
1168.567093,139.061389,122.312578
1168.567590,139.061389,122.334912
1168.569203,139.061389,122.336328
1168.569677,139.061389,122.353714
1168.570561,139.061389,122.354821
1168.571510,139.061389,122.378572
1168.575707,139.061389,122.383180
1168.576612,139.061389,122.398092
1168.577495,139.061389,122.412936
1168.577979,139.061389,122.435092
1168.578122,139.061389,122.443743
1168.578975,139.061389,122.446309
1168.580798,139.061389,122.464386
1168.581263,139.061389,122.480926
1168.581508,139.061389,122.509132
1168.582164,139.061389,122.511458
1168.583125,139.061389,122.531277
1168.583608,139.061389,122.547397
1168.584541,139.061389,122.565868
1168.585543,139.061389,122.572044
1168.586440,139.061389,122.577036
1168.587360,139.061389,122.580514
1168.587845,139.061389,122.590527
1168.588321,139.061389,122.622686
1168.589451,139.061389,122.638830
1168.589915,139.061389,122.644703
1168.590310,139.061389,122.646130
1168.591164,139.061389,122.654796
1168.592987,139.061389,122.658412
1168.593873,139.061389,122.675775
1168.594763,139.061389,122.679660
1168.595684,139.061389,122.684594
1168.596166,139.061389,122.685629
1168.596950,139.061389,122.699074
1168.597429,139.061389,122.716640
1168.599275,139.061389,122.725309
1168.601408,139.061389,122.740930
1168.601894,139.061389,122.748588
1168.602760,139.061389,122.777082
1168.603667,139.061389,122.780738
1168.604155,139.061389,122.809160
1168.604689,139.061389,122.811624
1168.605545,139.061389,122.828882
1168.606463,139.061389,122.867258
1168.606942,139.061389,122.869464
1168.607407,139.061389,122.873420
1168.609180,139.061389,122.884384
1168.609987,139.061389,122.891859
1168.611752,139.061389,122.900181
1168.611996,139.061389,122.901619
1168.615492,139.061389,122.919925
1168.615810,139.061389,122.953634
1168.617876,139.061389,122.971756
1168.618705,139.061389,122.972192
1168.619238,139.061389,122.974338
1168.619707,139.061389,122.974450
1168.620167,139.061389,123.027628
1168.620625,139.061389,123.031261
1168.621041,139.061389,123.036296
1168.621496,139.061389,123.036328
1168.621958,139.061389,123.048194
1168.622210,139.061389,123.048479
1168.622451,139.061389,123.054898
1168.623340,139.061389,123.057332
1168.623584,139.061389,123.069888
1168.627827,139.061389,123.080762
1168.628309,139.061389,123.112674
1168.629257,139.061389,123.169760
1168.631116,139.061389,123.184360
1168.631268,139.061389,123.200380
1168.631721,139.061389,123.201397
1168.632127,139.061389,123.211458
1168.633045,139.061389,123.223901
1168.633804,139.061389,123.228940
1168.634729,139.061389,123.239797
1168.635199,139.061389,123.255903
1168.635471,139.061389,123.256066
1168.636394,139.061389,123.265920
1168.639598,139.061389,123.275872
1168.639860,139.061389,123.278188
1168.640774,139.061389,123.280808
1168.641283,139.061389,123.294018
1168.641541,139.061389,123.298220
1168.642616,139.061389,123.320378
1168.643542,139.061389,123.332556
1168.643984,139.061389,123.344703
1168.644382,139.061389,123.358482
1168.644845,139.061389,123.365557
1168.644934,139.061389,123.365724
1168.645387,139.061389,123.375775
1168.646286,139.061389,123.381992
1168.646536,139.061389,123.385525
1168.647415,139.061389,123.386943
1168.648344,139.061389,123.397826
1168.649270,139.061389,123.406754
1168.650284,139.061389,123.425309
1168.652000,139.061389,123.431106
1168.652495,139.061389,123.442256
1168.652748,139.061389,123.457228
1168.653615,139.061389,123.459458
1168.654100,139.061389,123.464642
1168.655097,139.061389,123.470556
1168.655353,139.061389,123.486739
1168.656124,139.061389,123.495506
1168.656592,139.061389,123.502956
1168.657447,139.061389,123.505452
1168.659272,139.061389,123.536124
1168.659730,139.061389,123.540930
1168.659974,139.061389,123.565928
1168.660223,139.061389,123.569439
1168.660453,139.061389,123.569464
1168.660939,139.061389,123.570970
1168.661857,139.061389,123.580786
1168.662789,139.061389,123.615372
1168.666964,139.061389,123.616556
1168.667464,139.061389,123.622655
1168.668327,139.061389,123.623958
1168.668807,139.061389,123.624058
1168.669331,139.061389,123.626271
1168.669831,139.061389,123.647551
1168.670867,139.061389,123.654760
1168.671915,139.061389,123.655997
1168.673521,139.061389,123.671756
1168.674311,139.061389,123.674338
1168.674775,139.061389,123.691762
1168.675254,139.061389,123.728450
1168.675735,139.061389,123.736296
1168.676178,139.061389,123.736364
1168.677294,139.061389,123.739458
1168.677571,139.061389,123.757332
1168.677820,139.061389,123.767276
1168.679631,139.061389,123.780780
1168.680493,139.061389,123.784406
1168.680993,139.061389,123.800520
1168.682020,139.061389,123.828799
1168.682466,139.061389,123.849712
1168.682940,139.061389,123.875730
1168.683383,139.061389,123.883276
1168.685246,139.061389,123.910252
1168.687106,139.061389,123.912940
1168.688018,139.061389,123.920103
1168.688511,139.061389,123.927638
1168.688760,139.061389,123.934658
1168.688998,139.061389,123.937608
1168.689854,139.061389,123.940157
1168.693794,139.061389,123.955903
1168.694064,139.061389,123.957394
1168.694536,139.061389,123.963578
1168.695475,139.061389,123.964300
1168.695730,139.061389,123.980808
1168.696242,139.061389,124.021388
1168.696693,139.061389,124.025106
1168.696933,139.061389,124.038976
1168.704502,139.061389,124.046272
1168.705146,139.061389,124.056054
1168.706107,139.061389,124.056114
1168.707989,139.061389,124.099064
1168.708250,139.061389,124.109068
1168.709142,139.061389,124.127699
1168.710980,139.061389,124.178400
1168.711909,139.061389,124.186739
1168.712687,139.061389,124.195628
1168.714451,139.061389,124.196706
1168.715389,139.061389,124.196735
1168.716268,139.061389,124.200479
1168.717148,139.061389,124.201818
1168.718053,139.061389,124.204098
1168.719151,139.061389,124.208752
1168.719403,139.061389,124.236124
1168.719865,139.061389,124.253506
1168.720793,139.061389,124.292930
1168.721238,139.061389,124.297813
1168.721714,139.061389,124.297922
1168.722181,139.061389,124.301599
1168.722612,139.061389,124.306770
1168.723657,139.061389,124.318988
1168.725916,139.061389,124.328940
1168.726808,139.061389,124.349952
1168.727087,139.061389,124.358636
1168.728096,139.061389,124.378207
1168.728543,139.061389,124.378348
1168.732192,139.061389,124.400210
1168.732455,139.061389,124.411551
1168.733325,139.061389,124.412770
1168.733846,139.061389,124.416640
1168.734771,139.061389,124.419194
1168.735240,139.061389,124.463496
1168.736148,139.061389,124.467148
1168.736604,139.061389,124.480901
1168.738633,139.061389,124.485503
1168.738977,139.061389,124.486994
1168.739238,139.061389,124.489448
1168.740110,139.061389,124.500354
1168.740570,139.061389,124.506520
1168.741030,139.061389,124.508102
1168.742854,139.061389,124.516524
1168.744619,139.061389,124.527551
1168.745063,139.061389,124.532626
1168.745974,139.061389,124.536268
1168.746897,139.061389,124.562134
1168.747363,139.061389,124.577164
1168.749108,139.061389,124.583240
1168.749571,139.061389,124.584488
1168.750460,139.061389,124.587935
1168.750609,139.061389,124.602892
1168.752426,139.061389,124.614152
1168.753361,139.061389,124.620168
1168.754300,139.061389,124.623554
1168.754598,139.061389,124.672140
1168.755521,139.061389,124.689416
1168.755781,139.061389,124.689472
1168.756260,139.061389,124.691666
1168.756754,139.061389,124.716352
1168.757560,139.061389,124.720320
1168.758036,139.061389,124.721440
1168.759603,139.061389,124.722581
1168.760496,139.061389,124.757221
1168.760959,139.061389,124.762220
1168.762716,139.061389,124.765724
1168.762953,139.061389,124.765852
1168.763400,139.061389,124.776959
1168.763866,139.061389,124.810386
1168.764307,139.061389,124.815514
1168.765209,139.061389,124.831295
1168.765659,139.061389,124.836223
1168.766175,139.061389,124.842306
1168.767087,139.061389,124.847368
1168.767976,139.061389,124.851212
1168.769816,139.061389,124.853346
1168.770290,139.061389,124.865814
1168.770524,139.061389,124.880829
1168.771371,139.061389,124.900487
1168.772382,139.061389,124.904098
1168.773370,139.061389,124.934577
1168.773516,139.061389,124.934847
1168.773936,139.061389,124.935957
1168.774066,139.061389,124.950925
1168.774302,139.061389,124.952517
1168.776073,139.061389,124.960972
1168.776986,139.061389,124.964776
1168.777465,139.061389,124.979327
1168.777600,139.061389,124.985978
1168.779586,139.061389,124.988108
1168.780443,139.061389,125.000544
1168.780687,139.061389,125.008908
1168.781072,139.061389,125.013708
1168.781319,139.061389,125.026271
1168.781756,139.061389,125.041013
1168.782208,139.061389,125.049791
1168.783066,139.061389,125.059840
1168.783962,139.061389,125.062226
1168.784421,139.061389,125.065778
1168.784855,139.061389,125.074476
1168.785795,139.061389,125.080776
1168.786309,139.061389,125.103052
1168.788040,139.061389,125.117644
1168.788483,139.061389,125.128895
1168.790206,139.061389,125.133717
1168.790717,139.061389,125.184415
1168.792451,139.061389,125.190757
1168.794255,139.061389,125.201442
1168.794718,139.061389,125.214024
1168.795162,139.061389,125.214194
1168.795636,139.061389,125.216581
1168.796600,139.061389,125.231500
1168.798562,139.061389,125.239909
1168.799492,139.061389,125.262134
1168.799968,139.061389,125.283059
1168.801884,139.061389,125.320168
1168.802806,139.061389,125.353250
1168.803267,139.061389,125.356978
1168.803506,139.061389,125.358381
1168.803997,139.061389,125.377941
1168.804268,139.061389,125.380808
1168.806364,139.061389,125.391522
1168.806833,139.061389,125.395677
1168.808680,139.061389,125.408898
1168.809139,139.061389,125.415336
1168.810016,139.061389,125.416352
1168.810784,139.061389,125.420426
1168.811251,139.061389,125.421440
1168.812767,139.061389,125.424040
1168.813688,139.061389,125.428671
1168.814452,139.061389,125.428940
1168.815344,139.061389,125.454696
1168.815945,139.061389,125.457183
1168.816583,139.061389,125.461041
1168.818960,139.061389,125.463202
1168.819422,139.061389,125.464684
1168.821226,139.061389,125.478101
1168.821753,139.061389,125.481932
1168.823494,139.061389,125.489388
1168.825208,139.061389,125.521509
1168.826170,139.061389,125.540908
1168.826422,139.061389,125.542306
1168.827391,139.061389,125.551200
1168.829131,139.061389,125.564290
1168.829743,139.061389,125.565900
1168.830602,139.061389,125.570751
1168.831462,139.061389,125.574402
1168.832019,139.061389,125.580450
1168.832281,139.061389,125.585525
1168.833147,139.061389,125.592898
1168.833641,139.061389,125.615368
1168.834554,139.061389,125.615442
1168.835691,139.061389,125.634847
1168.836103,139.061389,125.639884
1168.836990,139.061389,125.641151
1168.837434,139.061389,125.644796
1168.837897,139.061389,125.648677
1168.839725,139.061389,125.678023
1168.840061,139.061389,125.678412
1168.841035,139.061389,125.693096
1168.841476,139.061389,125.705375
1168.842374,139.061389,125.710501
1168.843359,139.061389,125.726143
1168.843579,139.061389,125.729066
1168.844464,139.061389,125.730079
1168.845360,139.061389,125.737282
1168.845834,139.061389,125.738646
1168.845966,139.061389,125.742469
1168.847189,139.061389,125.765778
1168.847649,139.061389,125.774508
1168.848565,139.061389,125.775784
1168.850394,139.061389,125.775922
1168.852600,139.061389,125.778312
1168.853638,139.061389,125.796748
1168.855452,139.061389,125.806591
1168.855962,139.061389,125.812840
1168.856233,139.061389,125.818659
1168.856477,139.061389,125.822530
1168.856918,139.061389,125.847368
1168.857195,139.061389,125.848566
1168.857442,139.061389,125.856136
1168.859249,139.061389,125.865823
1168.859717,139.061389,125.873288
1168.860182,139.061389,125.895392
1168.861740,139.061389,125.895711
1168.864188,139.061389,125.898028
1168.865328,139.061389,125.906696
1168.866235,139.061389,125.914161
1168.868080,139.061389,125.921090
1168.868344,139.061389,125.927551
1168.868874,139.061389,125.939884
1168.869352,139.061389,125.940012
1168.873014,139.061389,125.944936
1168.873505,139.061389,125.957292
1168.875395,139.061389,125.957394
1168.876329,139.061389,125.959807
1168.878329,139.061389,125.970687
1168.878607,139.061389,125.983059
1168.880150,139.061389,126.002972
1168.885651,139.061389,126.009023
1168.886172,139.061389,126.010348
1168.887941,139.061389,126.015272
1168.888459,139.061389,126.032684
1168.889322,139.061389,126.040008
1168.889784,139.061389,126.041004
1168.890538,139.061389,126.042335
1168.890976,139.061389,126.047397
1168.891869,139.061389,126.048780
1168.893890,139.061389,126.049816
1168.894806,139.061389,126.080800
1168.898837,139.061389,126.086728
1168.899311,139.061389,126.092028
1168.900307,139.061389,126.117727
1168.900750,139.061389,126.128671
1168.901514,139.061389,126.141215
1168.903497,139.061389,126.144968
1168.903973,139.061389,126.145826
1168.904431,139.061389,126.148514
1168.904875,139.061389,126.152246
1168.905549,139.061389,126.169709
1168.907489,139.061389,126.188994
1168.907976,139.061389,126.198010
1168.908690,139.061389,126.199244
1168.909555,139.061389,126.201788
1168.910571,139.061389,126.214047
1168.911472,139.061389,126.217797
1168.913432,139.061389,126.231400
1168.913894,139.061389,126.244674
1168.914363,139.061389,126.258568
1168.915541,139.061389,126.264588
1168.916005,139.061389,126.293026
1168.916948,139.061389,126.295378
1168.917431,139.061389,126.299295
1168.920603,139.061389,126.300319
1168.920861,139.061389,126.305058
1168.921114,139.061389,126.305522
1168.922012,139.061389,126.306732
1168.922905,139.061389,126.334700
1168.923153,139.061389,126.336428
1168.924327,139.061389,126.342303
1168.924565,139.061389,126.351148
1168.925803,139.061389,126.362216
1168.926684,139.061389,126.364290
1168.926927,139.061389,126.376930
1168.927392,139.061389,126.382901
1168.927525,139.061389,126.394482
1168.928521,139.061389,126.396450
1168.928980,139.061389,126.416552
1168.929219,139.061389,126.420357
1168.930108,139.061389,126.449791
1168.930957,139.061389,126.451138
1168.931856,139.061389,126.469509
1168.932317,139.061389,126.472031
1168.933168,139.061389,126.473279
1168.934043,139.061389,126.474508
1168.934956,139.061389,126.475741
1168.935810,139.061389,126.486994
1168.936298,139.061389,126.495554
1168.937209,139.061389,126.505320
1168.937675,139.061389,126.526375
1168.938705,139.061389,126.546082
1168.939312,139.061389,126.548566
1168.939595,139.061389,126.554956
1168.941469,139.061389,126.558572
1168.942335,139.061389,126.562280
1168.943231,139.061389,126.589320
1168.945103,139.061389,126.596629
1168.946026,139.061389,126.604085
1168.947762,139.061389,126.606696
1168.948623,139.061389,126.616226
1168.949091,139.061389,126.617666
1168.949978,139.061389,126.622581
1168.951114,139.061389,126.627324
1168.951635,139.061389,126.631304
1168.952669,139.061389,126.634946
1168.953132,139.061389,126.651048
1168.954058,139.061389,126.672044
1168.955184,139.061389,126.684369
1168.956999,139.061389,126.693068
1168.959370,139.061389,126.694309
1168.960314,139.061389,126.695597
1168.962220,139.061389,126.730015
1168.962703,139.061389,126.731404
1168.963597,139.061389,126.749919
1168.965543,139.061389,126.752640
1168.969566,139.061389,126.756066
1168.970684,139.061389,126.758412
1168.971551,139.061389,126.775688
1168.972001,139.061389,126.779365
1168.972900,139.061389,126.824000
1168.977120,139.061389,126.826380
1168.978025,139.061389,126.827375
1168.978290,139.061389,126.829810
1168.978513,139.061389,126.831199
1168.978951,139.061389,126.833932
1168.986657,139.061389,126.844674
1168.987575,139.061389,126.844968
1168.988037,139.061389,126.868620
1168.992062,139.061389,126.876960
1168.992829,139.061389,126.879560
1168.993277,139.061389,126.882946
1168.994171,139.061389,126.907837
1168.995957,139.061389,126.910188
1168.996837,139.061389,126.912588
1168.997290,139.061389,126.916640
1168.999003,139.061389,126.954728
1168.999489,139.061389,126.961954
1168.999946,139.061389,126.970751
1169.000791,139.061389,126.972069
1169.002638,139.061389,126.975738
1169.003082,139.061389,126.979116
1169.003475,139.061389,127.002956
1169.004308,139.061389,127.008863
1169.004706,139.061389,127.012780
1169.005678,139.061389,127.014117
1169.007493,139.061389,127.018956
1169.009233,139.061389,127.021154
1169.010137,139.061389,127.027583
1169.011003,139.061389,127.033607
1169.011505,139.061389,127.042303
1169.011733,139.061389,127.048659
1169.013461,139.061389,127.059647
1169.013909,139.061389,127.061036
1169.015749,139.061389,127.062124
1169.016685,139.061389,127.064396
1169.017148,139.061389,127.064543
1169.017385,139.061389,127.070517
1169.017778,139.061389,127.080844
1169.019851,139.061389,127.082874
1169.020101,139.061389,127.083103
1169.020359,139.061389,127.100181
1169.020589,139.061389,127.121544
1169.022404,139.061389,127.136979
1169.022666,139.061389,127.147404
1169.024423,139.061389,127.162050
1169.024876,139.061389,127.175909
1169.025771,139.061389,127.177983
1169.026014,139.061389,127.178133
1169.027735,139.061389,127.183240
1169.028200,139.061389,127.185484
1169.029048,139.061389,127.205311
1169.029505,139.061389,127.209215
1169.031233,139.061389,127.212578
1169.031692,139.061389,127.213740
1169.032816,139.061389,127.215015
1169.033318,139.061389,127.227628
1169.033743,139.061389,127.231304
1169.034642,139.061389,127.253554
1169.035100,139.061389,127.258572
1169.036055,139.061389,127.258592
1169.039790,139.061389,127.276976
1169.040271,139.061389,127.278133
1169.041127,139.061389,127.279416
1169.041594,139.061389,127.281992
1169.041845,139.061389,127.284277
1169.042694,139.061389,127.311656
1169.043620,139.061389,127.321370
1169.044103,139.061389,127.339797
1169.044538,139.061389,127.344703
1169.045025,139.061389,127.344775
1169.045492,139.061389,127.344850
1169.046371,139.061389,127.347189
1169.046841,139.061389,127.347327
1169.047085,139.061389,127.351048
1169.048101,139.061389,127.360866
1169.049254,139.061389,127.377954
1169.049739,139.061389,127.384433
1169.051626,139.061389,127.401832
1169.052567,139.061389,127.402978
1169.053487,139.061389,127.420236
1169.055216,139.061389,127.424124
1169.056221,139.061389,127.447397
1169.057131,139.061389,127.448418
1169.057608,139.061389,127.458626
1169.059620,139.061389,127.461000
1169.059859,139.061389,127.465868
1169.060720,139.061389,127.476982
1169.061176,139.061389,127.482796
1169.061305,139.061389,127.505509
1169.062202,139.061389,127.510143
1169.062346,139.061389,127.531199
1169.062772,139.061389,127.532658
1169.063214,139.061389,127.542248
1169.063843,139.061389,127.563455
1169.065623,139.061389,127.571903
1169.065898,139.061389,127.575650
1169.066405,139.061389,127.579378
1169.066845,139.061389,127.590274
1169.067077,139.061389,127.591743
1169.067576,139.061389,127.605554
1169.068485,139.061389,127.616640
1169.070316,139.061389,127.625309
1169.072045,139.061389,127.631138
1169.074099,139.061389,127.644908
1169.074976,139.061389,127.645858
1169.075939,139.061389,127.657183
1169.076389,139.061389,127.660927
1169.077254,139.061389,127.673352
1169.077741,139.061389,127.675738
1169.078188,139.061389,127.680738
1169.078685,139.061389,127.682156
1169.084194,139.061389,127.702786
1169.084668,139.061389,127.712840
1169.084961,139.061389,127.716455
1169.085493,139.061389,127.718818
1169.086392,139.061389,127.722786
1169.088218,139.061389,127.726271
1169.088664,139.061389,127.728908
1169.090445,139.061389,127.731333
1169.090916,139.061389,127.736191
1169.091391,139.061389,127.741013
1169.091846,139.061389,127.759516
1169.092371,139.061389,127.764543
1169.092621,139.061389,127.766034
1169.093088,139.061389,127.770970
1169.093998,139.061389,127.782874
1169.094249,139.061389,127.791859
1169.096241,139.061389,127.793152
1169.096492,139.061389,127.799340
1169.097484,139.061389,127.806216
1169.097733,139.061389,127.812428
1169.097991,139.061389,127.814946
1169.098434,139.061389,127.817736
1169.098870,139.061389,127.822687
1169.099718,139.061389,127.828978
1169.101761,139.061389,127.833698
1169.102687,139.061389,127.833928
1169.104513,139.061389,127.840076
1169.105051,139.061389,127.843554
1169.105954,139.061389,127.844642
1169.106195,139.061389,127.847328
1169.107736,139.061389,127.848434
1169.108184,139.061389,127.848511
1169.108418,139.061389,127.872031
1169.109254,139.061389,127.878257
1169.113067,139.061389,127.913996
1169.113938,139.061389,127.921363
1169.114968,139.061389,127.921541
1169.116944,139.061389,127.927628
1169.117378,139.061389,127.928866
1169.119690,139.061389,127.932226
1169.120139,139.061389,127.936296
1169.120568,139.061389,127.957311
1169.122300,139.061389,127.964754
1169.122734,139.061389,127.975847
1169.123702,139.061389,127.978133
1169.124575,139.061389,127.986815
1169.125427,139.061389,127.995157
1169.125619,139.061389,127.996812
1169.129562,139.061389,127.999436
1169.131302,139.061389,128.002498
1169.131541,139.061389,128.009210
1169.132435,139.061389,128.010476
1169.133351,139.061389,128.016287
1169.133570,139.061389,128.031170
1169.134508,139.061389,128.044840
1169.135395,139.061389,128.044850
1169.136656,139.061389,128.048736
1169.140402,139.061389,128.051231
1169.141398,139.061389,128.054704
1169.141891,139.061389,128.060799
1169.142358,139.061389,128.060866
1169.143351,139.061389,128.062216
1169.143798,139.061389,128.064712
1169.144309,139.061389,128.065823
1169.144552,139.061389,128.069410
1169.145022,139.061389,128.075820
1169.148682,139.061389,128.098156
1169.149693,139.061389,128.112940
1169.150589,139.061389,128.116620
1169.152445,139.061389,128.119989
1169.152586,139.061389,128.128799
1169.153097,139.061389,128.128940
1169.153940,139.061389,128.129954
1169.154398,139.061389,128.130114
1169.156983,139.061389,128.131143
1169.157649,139.061389,128.135154
1169.158144,139.061389,128.152512
1169.165512,139.061389,128.164341
1169.166479,139.061389,128.165868
1169.167362,139.061389,128.177036
1169.168337,139.061389,128.179298
1169.168632,139.061389,128.181698
1169.170390,139.061389,128.184167
1169.170904,139.061389,128.189580
1169.172995,139.061389,128.190396
1169.173252,139.061389,128.204044
1169.174933,139.061389,128.219237
1169.176962,139.061389,128.226133
1169.177434,139.061389,128.230143
1169.179160,139.061389,128.237231
1169.179419,139.061389,128.242533
1169.181389,139.061389,128.243522
1169.181849,139.061389,128.243717
1169.182750,139.061389,128.246130
1169.183617,139.061389,128.247386
1169.184494,139.061389,128.247436
1169.188267,139.061389,128.258431
1169.188832,139.061389,128.264642
1169.189737,139.061389,128.273093
1169.190644,139.061389,128.274325
1169.191087,139.061389,128.274629
1169.191553,139.061389,128.288063
1169.192443,139.061389,128.299064
1169.192685,139.061389,128.307605
1169.192915,139.061389,128.312890
1169.193365,139.061389,128.321452
1169.195203,139.061389,128.328460
1169.195651,139.061389,128.338732
1169.196592,139.061389,128.340008
1169.197510,139.061389,128.354722
1169.197976,139.061389,128.359724
1169.198812,139.061389,128.364499
1169.199576,139.061389,128.369314
1169.200056,139.061389,128.373311
1169.201821,139.061389,128.392930
1169.202419,139.061389,128.395506
1169.202892,139.061389,128.414088
1169.203342,139.061389,128.422444
1169.203735,139.061389,128.427621
1169.204781,139.061389,128.434818
1169.205261,139.061389,128.441013
1169.205755,139.061389,128.447295
1169.206250,139.061389,128.452012
1169.207016,139.061389,128.454815
1169.207889,139.061389,128.463046
1169.208043,139.061389,128.469464
1169.208494,139.061389,128.480786
1169.209367,139.061389,128.483010
1169.209803,139.061389,128.491859
1169.211538,139.061389,128.495327
1169.211959,139.061389,128.510111
1169.212361,139.061389,128.510183
1169.212820,139.061389,128.512578
1169.213256,139.061389,128.514946
1169.213714,139.061389,128.515842
1169.213967,139.061389,128.524106
1169.214202,139.061389,128.525202
1169.215097,139.061389,128.534668
1169.215335,139.061389,128.536364
1169.216231,139.061389,128.543554
1169.217125,139.061389,128.558594
1169.217582,139.061389,128.563404
1169.219397,139.061389,128.565804
1169.219873,139.061389,128.574450
1169.220998,139.061389,128.577064
1169.221884,139.061389,128.586952
1169.222393,139.061389,128.590252
1169.222784,139.061389,128.596600
1169.223039,139.061389,128.597852
1169.223505,139.061389,128.601320
1169.223757,139.061389,128.611490
1169.224615,139.061389,128.616640
1169.225543,139.061389,128.626114
1169.225787,139.061389,128.627551
1169.226226,139.061389,128.642540
1169.226679,139.061389,128.654828
1169.227543,139.061389,128.657186
1169.228010,139.061389,128.670860
1169.229835,139.061389,128.674466
1169.230317,139.061389,128.676755
1169.230818,139.061389,128.680780
1169.231687,139.061389,128.684482
1169.232605,139.061389,128.722018
1169.232845,139.061389,128.722874
1169.233740,139.061389,128.744840
1169.234601,139.061389,128.749666
1169.235066,139.061389,128.754704
1169.235891,139.061389,128.768418
1169.236813,139.061389,128.769576
1169.237063,139.061389,128.775820
1169.237916,139.061389,128.780520
1169.238155,139.061389,128.783053
1169.238621,139.061389,128.791756
1169.239067,139.061389,128.796652
1169.239932,139.061389,128.796738
1169.241271,139.061389,128.803970
1169.241741,139.061389,128.811285
1169.242012,139.061389,128.822428
1169.242237,139.061389,128.825288
1169.245906,139.061389,128.846116
1169.247770,139.061389,128.847285
1169.248671,139.061389,128.851117
1169.249573,139.061389,128.853444
1169.250041,139.061389,128.857352
1169.250497,139.061389,128.866963
1169.251191,139.061389,128.868290
1169.251764,139.061389,128.873026
1169.252042,139.061389,128.880700
1169.252505,139.061389,128.881855
1169.252944,139.061389,128.889356
1169.254815,139.061389,128.890540
1169.256716,139.061389,128.891679
1169.257171,139.061389,128.895613
1169.258920,139.061389,128.925090
1169.259847,139.061389,128.927276
1169.260094,139.061389,128.928612
1169.260228,139.061389,128.931096
1169.260461,139.061389,128.936226
1169.261369,139.061389,128.947386
1169.262433,139.061389,128.952386
1169.263847,139.061389,128.956054
1169.265785,139.061389,128.970773
1169.266875,139.061389,128.985365
1169.267123,139.061389,128.985683
1169.270945,139.061389,128.989151
1169.271735,139.061389,128.990572
1169.272630,139.061389,128.993023
1169.273505,139.061389,128.995680
1169.277230,139.061389,128.997826
1169.279054,139.061389,128.999074
1169.279518,139.061389,129.006375
1169.279976,139.061389,129.007629
1169.280211,139.061389,129.010306
1169.280659,139.061389,129.034690
1169.281125,139.061389,129.057343
1169.283026,139.061389,129.059847
1169.284084,139.061389,129.078178
1169.284982,139.061389,129.084412
1169.286889,139.061389,129.095404
1169.287140,139.061389,129.097615
1169.287223,139.061389,129.117480
1169.287457,139.061389,129.118956
1169.290929,139.061389,129.122444
1169.291338,139.061389,129.127712
1169.291787,139.061389,129.131359
1169.292640,139.061389,129.148511
1169.293101,139.061389,129.150594
1169.293350,139.061389,129.151141
1169.294241,139.061389,129.152012
1169.295017,139.061389,129.156924
1169.295256,139.061389,129.168300
1169.295813,139.061389,129.169464
1169.296282,139.061389,129.172050
1169.296782,139.061389,129.183103
1169.297286,139.061389,129.195327
1169.297683,139.061389,129.200181
1169.297908,139.061389,129.200514
1169.299729,139.061389,129.201644
1169.300592,139.061389,129.206600
1169.301916,139.061389,129.206668
1169.302921,139.061389,129.215372
1169.306444,139.061389,129.222655
1169.307298,139.061389,129.226271
1169.307740,139.061389,129.227266
1169.307978,139.061389,129.233608
1169.308204,139.061389,129.236364
1169.309099,139.061389,129.237600
1169.309559,139.061389,129.243524
1169.310006,139.061389,129.249932
1169.311717,139.061389,129.253154
1169.311950,139.061389,129.275746
1169.313887,139.061389,129.289448
1169.314784,139.061389,129.292885
1169.315669,139.061389,129.301794
1169.317673,139.061389,129.305109
1169.317807,139.061389,129.310207
1169.318303,139.061389,129.314028
1169.319234,139.061389,129.316640
1169.320145,139.061389,129.317644
1169.320586,139.061389,129.322178
1169.320824,139.061389,129.327756
1169.321326,139.061389,129.343394
1169.321566,139.061389,129.344706
1169.321999,139.061389,129.347522
1169.322982,139.061389,129.348295
1169.323216,139.061389,129.351176
1169.326902,139.061389,129.363496
1169.327769,139.061389,129.368492
1169.328791,139.061389,129.370892
1169.329258,139.061389,129.390303
1169.329468,139.061389,129.390757
1169.331306,139.061389,129.396595
1169.332838,139.061389,129.398028
1169.334670,139.061389,129.405356
1169.335128,139.061389,129.412674
1169.336246,139.061389,129.418498
1169.336493,139.061389,129.421580
1169.338319,139.061389,129.422421
1169.338768,139.061389,129.431392
1169.338994,139.061389,129.432626
1169.339834,139.061389,129.433679
1169.340335,139.061389,129.433695
1169.340768,139.061389,129.438655
1169.341215,139.061389,129.439797
1169.341653,139.061389,129.449712
1169.342102,139.061389,129.458449
1169.344175,139.061389,129.458466
1169.344669,139.061389,129.462134
1169.345126,139.061389,129.474402
1169.345729,139.061389,129.474472
1169.346206,139.061389,129.477890
1169.346458,139.061389,129.482850
1169.346887,139.061389,129.484488
1169.347737,139.061389,129.521448
1169.348187,139.061389,129.539953
1169.349081,139.061389,129.542165
1169.349217,139.061389,129.543633
1169.350201,139.061389,129.545954
1169.350700,139.061389,129.548514
1169.351122,139.061389,129.558242
1169.351776,139.061389,129.565984
1169.355490,139.061389,129.566016
1169.359253,139.061389,129.570415
1169.359443,139.061389,129.572140
1169.360357,139.061389,129.575756
1169.361227,139.061389,129.585602
1169.362115,139.061389,129.594018
1169.362357,139.061389,129.608844
1169.363204,139.061389,129.621388
1169.363647,139.061389,129.638719
1169.364521,139.061389,129.641349
1169.366377,139.061389,129.643372
1169.366841,139.061389,129.656054
1169.367735,139.061389,129.670773
1169.368831,139.061389,129.682117
1169.369732,139.061389,129.685525
1169.370573,139.061389,129.686806
1169.370824,139.061389,129.689151
1169.371583,139.061389,129.699064
1169.371815,139.061389,129.706594
1169.372674,139.061389,129.713644
1169.372902,139.061389,129.716600
1169.373913,139.061389,129.730114
1169.374934,139.061389,129.731106
1169.375422,139.061389,129.738860
1169.379012,139.061389,129.742306
1169.379915,139.061389,129.743583
1169.380352,139.061389,129.764188
1169.380611,139.061389,129.765452
1169.380831,139.061389,129.765823
1169.381282,139.061389,129.771810
1169.382165,139.061389,129.779618
1169.383223,139.061389,129.795528
1169.383682,139.061389,129.815189
1169.386267,139.061389,129.822503
1169.386726,139.061389,129.828831
1169.387584,139.061389,129.842557
1169.393525,139.061389,129.845617
1169.393638,139.061389,129.854924
1169.394977,139.061389,129.870879
1169.397172,139.061389,129.876989
1169.398665,139.061389,129.884428
1169.399097,139.061389,129.886773
1169.399599,139.061389,129.888108
1169.400434,139.061389,129.898092
1169.400873,139.061389,129.899138
1169.402761,139.061389,129.901644
1169.403627,139.061389,129.905440
1169.405718,139.061389,129.910183
1169.406205,139.061389,129.912492
1169.406948,139.061389,129.918988
1169.409686,139.061389,129.920332
1169.410571,139.061389,129.920357
1169.411485,139.061389,129.926367
1169.412360,139.061389,129.944895
1169.413214,139.061389,129.958514
1169.414059,139.061389,129.971714
1169.414289,139.061389,129.974476
1169.415127,139.061389,129.975922
1169.417004,139.061389,129.976725
1169.417489,139.061389,129.979381
1169.418825,139.061389,129.981855
1169.419292,139.061389,129.985612
1169.421049,139.061389,129.986578
1169.421313,139.061389,129.991752
1169.421742,139.061389,129.998018
1169.422187,139.061389,130.003052
1169.423890,139.061389,130.011551
1169.424732,139.061389,130.031148
1169.425595,139.061389,130.033777
1169.428598,139.061389,130.040040
1169.429354,139.061389,130.042560
1169.446334,139.061389,130.047468
1169.448134,139.061389,130.063496
1169.449009,139.061389,130.065736
1169.449444,139.061389,130.084290
1169.450418,139.061389,130.095455
1169.451323,139.061389,130.098028
1169.452492,139.061389,130.100258
1169.453023,139.061389,130.106520
1169.453484,139.061389,130.110348
1169.454396,139.061389,130.112674
1169.455303,139.061389,130.116652
1169.456197,139.061389,130.118722
1169.456653,139.061389,130.122421
1169.457102,139.061389,130.123935
1169.457947,139.061389,130.127551
1169.458374,139.061389,130.128639
1169.458838,139.061389,130.150943
1169.459080,139.061389,130.162134
1169.459523,139.061389,130.162210
1169.460428,139.061389,130.164300
1169.461152,139.061389,130.164418
1169.462046,139.061389,130.182850
1169.462951,139.061389,130.182943
1169.463094,139.061389,130.190514
1169.463550,139.061389,130.200360
1169.464015,139.061389,130.207797
1169.465731,139.061389,130.207935
1169.467780,139.061389,130.218764
1169.468734,139.061389,130.228789
1169.470559,139.061389,130.231340
1169.471017,139.061389,130.237282
1169.472809,139.061389,130.248780
1169.474585,139.061389,130.251052
1169.475472,139.061389,130.264552
1169.475746,139.061389,130.268356
1169.477581,139.061389,130.280808
1169.479428,139.061389,130.291679
1169.479854,139.061389,130.310050
1169.480735,139.061389,130.328767
1169.481223,139.061389,130.328940
1169.482122,139.061389,130.331096
1169.482352,139.061389,130.337218
1169.482798,139.061389,130.339880
1169.483433,139.061389,130.347125
1169.483681,139.061389,130.353436
1169.484117,139.061389,130.359573
1169.484561,139.061389,130.361041
1169.486480,139.061389,130.361120
1169.490057,139.061389,130.373292
1169.491879,139.061389,130.376959
1169.492331,139.061389,130.378252
1169.494131,139.061389,130.380610
1169.495006,139.061389,130.381932
1169.496710,139.061389,130.385663
1169.497553,139.061389,130.391746
1169.497996,139.061389,130.393698
1169.498119,139.061389,130.408012
1169.498626,139.061389,130.412578
1169.499081,139.061389,130.418943
1169.500076,139.061389,130.428738
1169.500527,139.061389,130.430114
1169.501403,139.061389,130.431244
1169.502349,139.061389,130.447368
1169.503203,139.061389,130.453346
1169.503677,139.061389,130.460802
1169.504127,139.061389,130.464754
1169.505936,139.061389,130.487020
1169.507703,139.061389,130.496565
1169.508144,139.061389,130.502566
1169.508278,139.061389,130.508752
1169.508503,139.061389,130.510316
1169.510263,139.061389,130.528450
1169.510708,139.061389,130.528831
1169.511547,139.061389,130.532674
1169.512530,139.061389,130.539486
1169.512770,139.061389,130.552232
1169.513195,139.061389,130.553058
1169.513427,139.061389,130.554924
1169.514728,139.061389,130.586847
1169.515597,139.061389,130.589205
1169.516052,139.061389,130.604031
1169.516288,139.061389,130.606210
1169.516725,139.061389,130.610354
1169.517177,139.061389,130.618402
1169.517403,139.061389,130.620357
1169.518308,139.061389,130.625426
1169.520428,139.061389,130.628876
1169.522253,139.061389,130.642469
1169.523152,139.061389,130.644895
1169.524048,139.061389,130.649791
1169.525528,139.061389,130.657096
1169.526148,139.061389,130.665703
1169.526390,139.061389,130.665778
1169.526809,139.061389,130.673407
1169.529165,139.061389,130.685612
1169.531016,139.061389,130.705452
1169.532016,139.061389,130.711551
1169.532858,139.061389,130.712476
1169.533090,139.061389,130.717644
1169.533519,139.061389,130.722338
1169.533974,139.061389,130.723578
1169.534107,139.061389,130.734626
1169.535010,139.061389,130.740994
1169.535502,139.061389,130.745836
1169.535940,139.061389,130.753612
1169.536840,139.061389,130.754623
1169.537351,139.061389,130.756136
1169.539117,139.061389,130.758312
1169.539367,139.061389,130.763234
1169.541110,139.061389,130.763596
1169.543110,139.061389,130.778380
1169.544063,139.061389,130.781246
1169.544320,139.061389,130.784415
1169.546353,139.061389,130.786888
1169.547255,139.061389,130.793137
1169.550948,139.061389,130.798028
1169.551852,139.061389,130.800258
1169.552314,139.061389,130.806696
1169.554911,139.061389,130.820268
1169.556705,139.061389,130.824935
1169.556951,139.061389,130.839909
1169.557839,139.061389,130.841224
1169.558698,139.061389,130.842028
1169.558938,139.061389,130.843490
1169.559384,139.061389,130.849928
1169.560239,139.061389,130.850943
1169.560471,139.061389,130.859554
1169.560947,139.061389,130.870600
1169.561381,139.061389,130.870828
1169.563199,139.061389,130.873324
1169.564913,139.061389,130.874463
1169.565934,139.061389,130.880671
1169.566944,139.061389,130.886929
1169.569871,139.061389,130.896386
1169.570338,139.061389,130.905068
1169.570569,139.061389,130.906404
1169.570716,139.061389,130.916284
1169.571218,139.061389,130.918764
1169.571989,139.061389,130.922530
1169.572419,139.061389,130.927375
1169.572673,139.061389,130.934658
1169.572893,139.061389,130.936194
1169.573341,139.061389,130.936258
1169.574244,139.061389,130.941192
1169.576215,139.061389,130.942335
1169.576954,139.061389,130.946200
1169.577473,139.061389,130.947397
1169.578376,139.061389,130.948501
1169.579235,139.061389,130.964300
1169.579464,139.061389,130.981855
1169.579897,139.061389,130.991880
1169.580787,139.061389,130.994354
1169.581683,139.061389,130.996460
1169.582110,139.061389,130.999106
1169.582546,139.061389,131.000322
1169.583435,139.061389,131.001636
1169.584385,139.061389,131.004050
1169.584836,139.061389,131.010419
1169.592853,139.061389,131.023778
1169.593328,139.061389,131.037442
1169.593840,139.061389,131.047199
1169.594061,139.061389,131.048258
1169.594286,139.061389,131.058216
1169.594510,139.061389,131.065928
1169.594955,139.061389,131.066984
1169.595832,139.061389,131.069789
1169.599479,139.061389,131.071842
1169.599942,139.061389,131.074565
1169.602031,139.061389,131.081855
1169.602492,139.061389,131.089388
1169.604230,139.061389,131.094312
1169.604683,139.061389,131.099180
1169.605131,139.061389,131.105420
1169.607008,139.061389,131.118914
1169.608894,139.061389,131.125324
1169.614217,139.061389,131.143746
1169.615249,139.061389,131.147263
1169.615519,139.061389,131.149957
1169.615974,139.061389,131.161895
1169.616208,139.061389,131.162194
1169.616642,139.061389,131.169608
1169.617085,139.061389,131.170751
1169.617937,139.061389,131.175756
1169.619705,139.061389,131.178376
1169.621710,139.061389,131.209087
1169.622662,139.061389,131.211468
1169.623771,139.061389,131.216098
1169.623917,139.061389,131.230124
1169.625676,139.061389,131.258562
1169.626728,139.061389,131.259541
1169.627221,139.061389,131.260904
1169.628087,139.061389,131.262124
1169.628932,139.061389,131.262216
1169.629850,139.061389,131.269640
1169.630089,139.061389,131.277954
1169.630546,139.061389,131.278023
1169.630796,139.061389,131.282024
1169.632523,139.061389,131.286722
1169.632975,139.061389,131.289388
1169.638225,139.061389,131.296642
1169.638694,139.061389,131.304031
1169.638944,139.061389,131.306646
1169.639455,139.061389,131.310306
1169.639910,139.061389,131.312543
1169.640038,139.061389,131.320352
1169.640548,139.061389,131.330079
1169.641445,139.061389,131.332509
1169.642230,139.061389,131.333733
1169.644080,139.061389,131.337244
1169.644595,139.061389,131.338466
1169.645530,139.061389,131.346252
1169.645994,139.061389,131.346272
1169.646498,139.061389,131.349791
1169.648225,139.061389,131.353389
1169.648500,139.061389,131.359820
1169.652651,139.061389,131.365768
1169.653107,139.061389,131.365778
1169.653535,139.061389,131.384309
1169.654635,139.061389,131.395554
1169.655541,139.061389,131.397804
1169.657099,139.061389,131.401442
1169.657554,139.061389,131.405452
1169.658447,139.061389,131.414194
1169.659407,139.061389,131.416447
1169.659860,139.061389,131.423909
1169.660316,139.061389,131.426380
1169.664006,139.061389,131.438783
1169.664938,139.061389,131.455874
1169.665400,139.061389,131.458572
1169.666387,139.061389,131.459615
1169.666900,139.061389,131.460860
1169.667350,139.061389,131.471701
1169.669838,139.061389,131.476991
1169.670922,139.061389,131.482956
1169.671809,139.061389,131.502988
1169.672707,139.061389,131.503884
1169.672918,139.061389,131.506696
1169.674651,139.061389,131.532680
1169.675633,139.061389,131.540012
1169.679172,139.061389,131.551007
1169.679603,139.061389,131.553548
1169.680482,139.061389,131.557292
1169.682524,139.061389,131.566805
1169.682651,139.061389,131.569640
1169.683549,139.061389,131.570323
1169.683794,139.061389,131.576767
1169.684000,139.061389,131.577941
1169.684446,139.061389,131.593258
1169.684900,139.061389,131.594309
1169.685862,139.061389,131.595597
1169.687833,139.061389,131.597951
1169.688733,139.061389,131.611650
1169.689730,139.061389,131.613969
1169.690641,139.061389,131.622530
1169.691076,139.061389,131.623554
1169.691307,139.061389,131.625055
1169.691762,139.061389,131.640013
1169.693543,139.061389,131.641055
1169.693786,139.061389,131.642335
1169.694211,139.061389,131.644844
1169.695063,139.061389,131.651212
1169.696860,139.061389,131.656978
1169.697089,139.061389,131.668360
1169.698806,139.061389,131.686728
1169.699267,139.061389,131.700322
1169.700139,139.061389,131.705509
1169.701041,139.061389,131.716620
1169.702193,139.061389,131.728546
1169.702667,139.061389,131.728629
1169.703132,139.061389,131.743564
1169.704873,139.061389,131.757196
1169.706678,139.061389,131.775720
1169.707136,139.061389,131.787938
1169.707627,139.061389,131.788127
1169.708469,139.061389,131.790274
1169.708694,139.061389,131.792898
1169.709185,139.061389,131.816561
1169.710081,139.061389,131.820017
1169.710584,139.061389,131.831157
1169.711445,139.061389,131.832578
1169.712314,139.061389,131.832588
1169.715725,139.061389,131.854645
1169.717537,139.061389,131.872069
1169.717994,139.061389,131.875746
1169.719879,139.061389,131.880700
1169.720344,139.061389,131.886677
1169.720600,139.061389,131.896597
1169.720867,139.061389,131.897685
1169.721108,139.061389,131.913644
1169.721339,139.061389,131.914117
1169.723167,139.061389,131.915432
1169.724160,139.061389,131.918956
1169.725858,139.061389,131.921442
1169.726752,139.061389,131.925023
1169.726990,139.061389,131.928725
1169.727434,139.061389,131.943381
1169.727882,139.061389,131.943794
1169.728350,139.061389,131.945029
1169.729243,139.061389,131.949730
1169.731000,139.061389,131.954517
1169.731231,139.061389,131.968226
1169.732110,139.061389,131.971938
1169.732616,139.061389,131.972200
1169.734428,139.061389,131.974370
1169.735338,139.061389,131.979253
1169.735811,139.061389,131.980844
1169.737613,139.061389,131.984351
1169.738055,139.061389,131.997036
1169.742146,139.061389,131.998722
1169.742595,139.061389,132.011234
1169.742831,139.061389,132.014220
1169.746398,139.061389,132.014844
1169.746638,139.061389,132.022485
1169.747085,139.061389,132.024106
1169.747323,139.061389,132.025260
1169.749933,139.061389,132.026526
1169.750180,139.061389,132.029890
1169.750631,139.061389,132.032509
1169.751415,139.061389,132.033733
1169.753297,139.061389,132.033836
1169.757577,139.061389,132.049791
1169.758454,139.061389,132.065768
1169.758906,139.061389,132.069509
1169.759356,139.061389,132.070591
1169.759739,139.061389,132.072031
1169.760573,139.061389,132.073279
1169.763337,139.061389,132.075877
1169.765384,139.061389,132.077000
1169.766247,139.061389,132.077036
1169.768065,139.061389,132.083943
1169.768539,139.061389,132.085484
1169.769434,139.061389,132.088082
1169.769903,139.061389,132.093890
1169.770141,139.061389,132.096796
1169.777756,139.061389,132.098035
1169.779845,139.061389,132.103981
1169.780087,139.061389,132.120197
1169.780978,139.061389,132.127628
1169.781421,139.061389,132.134741
1169.781552,139.061389,132.136044
1169.782440,139.061389,132.136159
1169.783297,139.061389,132.142210
1169.783756,139.061389,132.143615
1169.784603,139.061389,132.155842
1169.785074,139.061389,132.158572
1169.785954,139.061389,132.158577
1169.789617,139.061389,132.171701
1169.790020,139.061389,132.171935
1169.790248,139.061389,132.177068
1169.791958,139.061389,132.179327
1169.792398,139.061389,132.189320
1169.794138,139.061389,132.200396
1169.796370,139.061389,132.201442
1169.796814,139.061389,132.203880
1169.797336,139.061389,132.209210
1169.798291,139.061389,132.211656
1169.799170,139.061389,132.222581
1169.800022,139.061389,132.225096
1169.800275,139.061389,132.231392
1169.800494,139.061389,132.235109
1169.802504,139.061389,132.236100
1169.802770,139.061389,132.240981
1169.803026,139.061389,132.248479
1169.803449,139.061389,132.252319
1169.804330,139.061389,132.253548
1169.804911,139.061389,132.264700
1169.805375,139.061389,132.266805
1169.805511,139.061389,132.274248
1169.805744,139.061389,132.274396
1169.806249,139.061389,132.281951
1169.808034,139.061389,132.301592
1169.808923,139.061389,132.305448
1169.809361,139.061389,132.315231
1169.811247,139.061389,132.319842
1169.811487,139.061389,132.320002
1169.811950,139.061389,132.326412
1169.815582,139.061389,132.342069
1169.815721,139.061389,132.349762
1169.816231,139.061389,132.353250
1169.817117,139.061389,132.353548
1169.818975,139.061389,132.356949
1169.819200,139.061389,132.359394
1169.819632,139.061389,132.366754
1169.819855,139.061389,132.371810
1169.820371,139.061389,132.374018
1169.820607,139.061389,132.376982
1169.821059,139.061389,132.383234
1169.822043,139.061389,132.393836
1169.822121,139.061389,132.396546
1169.823011,139.061389,132.404296
1169.826777,139.061389,132.414946
1169.827233,139.061389,132.414956
1169.827682,139.061389,132.420426
1169.828127,139.061389,132.421183
1169.828203,139.061389,132.421506
1169.830201,139.061389,132.422498
1169.831125,139.061389,132.423522
1169.831361,139.061389,132.423876
1169.832252,139.061389,132.424000
1169.841111,139.061389,132.431106
1169.841670,139.061389,132.431199
1169.842149,139.061389,132.439893
1169.843028,139.061389,132.443564
1169.844735,139.061389,132.444738
1169.845384,139.061389,132.453425
1169.846291,139.061389,132.459372
1169.846702,139.061389,132.461073
1169.850745,139.061389,132.469075
1169.852830,139.061389,132.469461
1169.853282,139.061389,132.475618
1169.854200,139.061389,132.485493
1169.855176,139.061389,132.492898
1169.855673,139.061389,132.501151
1169.855914,139.061389,132.502594
1169.856799,139.061389,132.505063
1169.857081,139.061389,132.507746
1169.857594,139.061389,132.510079
1169.857832,139.061389,132.515221
1169.859693,139.061389,132.521384
1169.860611,139.061389,132.525229
1169.861508,139.061389,132.526191
1169.862002,139.061389,132.527285
1169.862748,139.061389,132.529996
1169.863235,139.061389,132.532588
1169.864998,139.061389,132.540962
1169.865463,139.061389,132.541311
1169.870558,139.061389,132.544674
1169.871025,139.061389,132.553026
1169.871253,139.061389,132.560796
1169.871694,139.061389,132.564290
1169.872125,139.061389,132.566988
1169.874224,139.061389,132.577954
1169.875178,139.061389,132.580844
1169.877803,139.061389,132.587967
1169.878030,139.061389,132.607573
1169.878247,139.061389,132.608863
1169.878625,139.061389,132.609128
1169.879045,139.061389,132.610229
1169.879883,139.061389,132.612780
1169.880711,139.061389,132.617474
1169.881582,139.061389,132.621122
1169.882465,139.061389,132.622668
1169.884259,139.061389,132.625023
1169.884493,139.061389,132.627583
1169.885396,139.061389,132.629717
1169.885532,139.061389,132.629988
1169.886001,139.061389,132.631170
1169.886522,139.061389,132.634709
1169.886745,139.061389,132.641922
1169.887187,139.061389,132.642495
1169.889166,139.061389,132.649676
1169.889622,139.061389,132.651141
1169.890526,139.061389,132.656072
1169.891526,139.061389,132.658280
1169.891761,139.061389,132.662124
1169.892599,139.061389,132.662178
1169.893214,139.061389,132.668226
1169.894117,139.061389,132.674370
1169.895013,139.061389,132.681749
1169.895458,139.061389,132.691487
1169.895694,139.061389,132.696565
1169.896134,139.061389,132.701370
1169.896262,139.061389,132.714844
1169.896497,139.061389,132.716434
1169.896932,139.061389,132.717736
1169.897382,139.061389,132.721346
1169.898377,139.061389,132.726178
1169.898839,139.061389,132.733928
1169.900659,139.061389,132.747404
1169.902486,139.061389,132.748492
1169.903335,139.061389,132.750786
1169.903730,139.061389,132.761004
1169.907430,139.061389,132.762060
1169.908331,139.061389,132.765804
1169.909212,139.061389,132.771999
1169.910065,139.061389,132.772044
1169.912061,139.061389,132.778133
1169.913770,139.061389,132.796600
1169.914061,139.061389,132.797852
1169.914509,139.061389,132.801580
1169.915357,139.061389,132.801772
1169.916253,139.061389,132.802727
1169.916493,139.061389,132.804338
1169.917496,139.061389,132.805311
1169.918429,139.061389,132.805391
1169.919505,139.061389,132.809058
1169.920010,139.061389,132.816117
1169.920134,139.061389,132.827720
1169.920993,139.061389,132.828866
1169.921868,139.061389,132.831303
1169.922331,139.061389,132.832405
1169.923192,139.061389,132.837378
1169.923644,139.061389,132.838316
1169.923865,139.061389,132.854951
1169.925823,139.061389,132.858431
1169.928132,139.061389,132.867245
1169.932574,139.061389,132.870783
1169.938322,139.061389,132.886815
1169.939188,139.061389,132.896629
1169.939618,139.061389,132.899074
1169.940540,139.061389,132.906255
1169.940617,139.061389,132.909210
1169.941487,139.061389,132.910376
1169.942352,139.061389,132.911786
1169.942795,139.061389,132.916226
1169.943226,139.061389,132.923912
1169.944106,139.061389,132.926184
1169.944541,139.061389,132.927324
1169.944778,139.061389,132.932680
1169.945740,139.061389,132.937058
1169.946003,139.061389,132.943560
1169.946255,139.061389,132.944775
1169.946714,139.061389,132.948373
1169.948396,139.061389,132.948479
1169.948857,139.061389,132.951036
1169.949296,139.061389,132.952319
1169.950159,139.061389,132.959647
1169.950765,139.061389,132.962216
1169.952156,139.061389,132.964543
1169.952597,139.061389,132.967429
1169.954577,139.061389,132.981740
1169.954819,139.061389,132.983010
1169.955240,139.061389,132.990476
1169.955477,139.061389,132.997698
1169.955701,139.061389,133.001592
1169.956645,139.061389,133.001695
1169.960274,139.061389,133.002751
1169.960722,139.061389,133.005448
1169.961155,139.061389,133.016620
1169.962923,139.061389,133.020236
1169.964649,139.061389,133.021233
1169.965998,139.061389,133.022428
1169.966259,139.061389,133.023944
1169.968024,139.061389,133.026120
1169.968429,139.061389,133.026335
1169.968869,139.061389,133.031138
1169.969317,139.061389,133.031309
1169.969773,139.061389,133.034882
1169.970640,139.061389,133.037384
1169.971072,139.061389,133.038626
1169.971644,139.061389,133.042449
1169.972516,139.061389,133.050707
1169.972962,139.061389,133.050914
1169.973864,139.061389,133.051117
1169.974764,139.061389,133.063125
1169.974984,139.061389,133.064655
1169.978631,139.061389,133.076962
1169.979634,139.061389,133.088337
1169.983941,139.061389,133.089045
1169.985619,139.061389,133.090600
1169.987398,139.061389,133.102687
1169.988184,139.061389,133.104007
1169.988647,139.061389,133.104044
1169.990400,139.061389,133.112588
1169.990834,139.061389,133.114956
1169.991295,139.061389,133.122284
1169.991424,139.061389,133.124000
1169.995099,139.061389,133.131106
1169.995549,139.061389,133.131199
1169.995973,139.061389,133.142248
1169.996196,139.061389,133.143717
1169.997181,139.061389,133.143810
1169.998162,139.061389,133.147386
1169.999035,139.061389,133.151042
1169.999481,139.061389,133.154710
1169.999942,139.061389,133.155948
1170.001620,139.061389,133.160369
1170.001755,139.061389,133.163404
1170.003500,139.061389,133.163455
1170.005247,139.061389,133.174325
1170.005686,139.061389,133.179376
1170.005930,139.061389,133.182965
1170.006805,139.061389,133.188095
1170.007768,139.061389,133.192828
1170.008223,139.061389,133.197941
1170.009913,139.061389,133.199164
1170.010800,139.061389,133.201493
1170.011242,139.061389,133.205452
1170.011474,139.061389,133.222504
1170.011939,139.061389,133.227285
1170.012713,139.061389,133.228578
1170.013588,139.061389,133.240008
1170.014488,139.061389,133.243647
1170.014921,139.061389,133.244908
1170.015764,139.061389,133.245717
1170.015884,139.061389,133.259816
1170.017659,139.061389,133.260796
1170.018120,139.061389,133.260927
1170.018974,139.061389,133.274434
1170.019421,139.061389,133.275541
1170.019929,139.061389,133.278178
1170.020805,139.061389,133.285415
1170.021300,139.061389,133.288098
1170.021748,139.061389,133.289237
1170.022587,139.061389,133.294271
1170.024278,139.061389,133.300204
1170.024662,139.061389,133.306631
1170.025561,139.061389,133.310229
1170.026407,139.061389,133.310472
1170.027375,139.061389,133.322668
1170.029230,139.061389,133.323475
1170.029466,139.061389,133.325950
1170.029912,139.061389,133.326271
1170.030331,139.061389,133.327583
1170.031207,139.061389,133.328460
1170.031462,139.061389,133.328908
1170.033238,139.061389,133.331276
1170.034093,139.061389,133.331442
1170.035124,139.061389,133.333896
1170.036217,139.061389,133.342495
1170.037996,139.061389,133.349352
1170.038125,139.061389,133.349797
1170.038567,139.061389,133.349836
1170.039442,139.061389,133.353506
1170.040404,139.061389,133.358428
1170.040851,139.061389,133.360514
1170.041091,139.061389,133.372058
1170.041531,139.061389,133.391845
1170.043520,139.061389,133.391859
1170.048825,139.061389,133.394272
1170.049064,139.061389,133.400181
1170.049275,139.061389,133.406600
1170.049697,139.061389,133.407459
1170.049812,139.061389,133.410207
1170.050696,139.061389,133.416424
1170.052486,139.061389,133.417644
1170.052909,139.061389,133.425202
1170.053794,139.061389,133.426303
1170.054038,139.061389,133.427720
1170.054915,139.061389,133.443524
1170.055379,139.061389,133.445772
1170.055712,139.061389,133.451170
1170.056690,139.061389,133.452172
1170.058386,139.061389,133.462050
1170.058842,139.061389,133.465804
1170.060378,139.061389,133.468223
1170.060602,139.061389,133.469740
1170.062379,139.061389,133.471999
1170.063251,139.061389,133.480754
1170.063485,139.061389,133.480780
1170.064376,139.061389,133.483330
1170.069293,139.061389,133.493986
1170.069748,139.061389,133.496864
1170.069987,139.061389,133.498018
1170.070418,139.061389,133.510472
1170.071383,139.061389,133.512360
1170.071512,139.061389,133.521288
1170.071733,139.061389,133.529986
1170.072163,139.061389,133.531192
1170.072593,139.061389,133.532405
1170.073460,139.061389,133.533804
1170.080759,139.061389,133.541132
1170.082565,139.061389,133.542508
1170.084232,139.061389,133.546088
1170.084697,139.061389,133.553196
1170.085549,139.061389,133.554828
1170.087107,139.061389,133.560940
1170.088942,139.061389,133.570645
1170.089832,139.061389,133.570911
1170.093717,139.061389,133.579532
1170.102298,139.061389,133.584277
1170.103151,139.061389,133.585333
1170.103276,139.061389,133.586815
1170.104129,139.061389,133.590527
1170.104577,139.061389,133.596812
1170.108696,139.061389,133.599327
1170.109686,139.061389,133.616130
1170.109909,139.061389,133.617314
1170.110338,139.061389,133.617740
1170.111207,139.061389,133.619925
1170.111701,139.061389,133.625186
1170.112558,139.061389,133.628418
1170.113002,139.061389,133.629634
1170.113226,139.061389,133.632588
1170.114063,139.061389,133.638412
1170.114314,139.061389,133.639701
1170.114541,139.061389,133.644840
1170.115399,139.061389,133.652098
1170.117258,139.061389,133.658466
1170.119152,139.061389,133.659410
1170.119276,139.061389,133.660866
1170.120236,139.061389,133.670828
1170.122214,139.061389,133.675820
1170.123936,139.061389,133.679175
1170.124427,139.061389,133.685429
1170.124648,139.061389,133.690476
1170.128222,139.061389,133.690508
1170.131764,139.061389,133.716351
1170.132202,139.061389,133.722325
1170.132345,139.061389,133.727215
1170.132410,139.061389,133.746082
1170.132896,139.061389,133.751117
1170.133782,139.061389,133.753471
1170.135282,139.061389,133.755768
1170.135759,139.061389,133.765749
1170.136206,139.061389,133.771554
1170.136646,139.061389,133.775776
1170.140533,139.061389,133.779244
1170.141311,139.061389,133.780700
1170.141736,139.061389,133.783064
1170.142157,139.061389,133.795142
1170.142281,139.061389,133.800194
1170.143141,139.061389,133.810148
1170.143624,139.061389,133.814978
1170.143850,139.061389,133.814995
1170.144337,139.061389,133.820095
1170.144560,139.061389,133.823880
1170.145401,139.061389,133.827276
1170.145631,139.061389,133.841349
1170.147403,139.061389,133.844674
1170.148258,139.061389,133.847386
1170.149120,139.061389,133.847436
1170.152934,139.061389,133.854710
1170.153603,139.061389,133.858431
1170.154238,139.061389,133.866835
1170.154914,139.061389,133.878018
1170.155453,139.061389,133.885683
1170.159228,139.061389,133.890274
1170.159466,139.061389,133.891720
1170.159692,139.061389,133.892828
1170.160139,139.061389,133.905063
1170.160361,139.061389,133.919074
1170.161375,139.061389,133.919816
1170.161627,139.061389,133.921452
1170.163380,139.061389,133.925128
1170.165346,139.061389,133.930114
1170.166232,139.061389,133.931167
1170.168026,139.061389,133.932514
1170.168524,139.061389,133.938732
1170.169724,139.061389,133.943647
1170.170161,139.061389,133.944959
1170.171145,139.061389,133.951090
1170.172012,139.061389,133.951778
1170.172241,139.061389,133.952268
1170.173126,139.061389,133.967048
1170.173983,139.061389,133.968396
1170.177467,139.061389,133.969301
1170.177921,139.061389,133.973311
1170.179630,139.061389,133.976904
1170.180073,139.061389,133.984412
1170.181868,139.061389,133.985448
1170.182734,139.061389,133.992789
1170.183171,139.061389,133.992972
1170.184063,139.061389,133.994271
1170.186258,139.061389,133.995573
1170.187267,139.061389,133.996551
1170.187772,139.061389,133.997983
1170.189590,139.061389,134.012674
1170.190512,139.061389,134.015061
1170.190969,139.061389,134.017346
1170.191407,139.061389,134.018818
1170.192263,139.061389,134.022540
1170.193143,139.061389,134.023778
1170.194124,139.061389,134.027368
1170.194559,139.061389,134.036264
1170.195003,139.061389,134.049836
1170.195894,139.061389,134.068320
1170.197441,139.061389,134.074463
1170.198317,139.061389,134.075234
1170.198547,139.061389,134.077900
1170.198770,139.061389,134.079589
1170.200551,139.061389,134.080543
1170.200681,139.061389,134.080639
1170.202577,139.061389,134.082860
1170.203038,139.061389,134.089109
1170.203499,139.061389,134.090450
1170.203935,139.061389,134.091362
1170.204162,139.061389,134.091816
1170.204595,139.061389,134.091859
1170.208237,139.061389,134.100204
1170.209979,139.061389,134.100514
1170.211793,139.061389,134.110069
1170.212044,139.061389,134.110183
1170.212520,139.061389,134.112514
1170.212958,139.061389,134.114957
1170.213211,139.061389,134.114970
1170.213434,139.061389,134.120357
1170.214301,139.061389,134.123807
1170.215163,139.061389,134.130897
1170.215288,139.061389,134.131266
1170.215725,139.061389,134.132226
1170.216760,139.061389,134.134604
1170.217013,139.061389,134.148434
1170.217439,139.061389,134.150869
1170.217891,139.061389,134.155944
1170.218331,139.061389,134.166818
1170.218798,139.061389,134.167103
1170.219286,139.061389,134.168223
1170.219505,139.061389,134.175468
1170.220360,139.061389,134.175583
1170.220795,139.061389,134.186680
1170.221017,139.061389,134.192885
1170.221863,139.061389,134.197852
1170.222305,139.061389,134.209087
1170.224118,139.061389,134.213740
1170.224993,139.061389,134.216149
1170.225061,139.061389,134.217717
1170.226789,139.061389,134.218847
1170.227233,139.061389,134.219970
1170.227685,139.061389,134.227551
1170.228107,139.061389,134.231085
1170.228347,139.061389,134.231970
1170.228472,139.061389,134.237570
1170.229556,139.061389,134.239842
1170.229996,139.061389,134.241077
1170.230439,139.061389,134.248504
1170.230888,139.061389,134.250805
1170.231345,139.061389,134.251176
1170.235253,139.061389,134.254828
1170.236135,139.061389,134.257186
1170.237046,139.061389,134.265887
1170.237942,139.061389,134.280578
1170.239725,139.061389,134.281960
1170.240694,139.061389,134.283240
1170.241115,139.061389,134.284277
1170.242001,139.061389,134.295592
1170.243812,139.061389,134.299135
1170.244251,139.061389,134.306520
1170.244689,139.061389,134.312578
1170.245167,139.061389,134.314097
1170.247291,139.061389,134.317740
1170.248304,139.061389,134.318663
1170.248562,139.061389,134.327455
1170.248689,139.061389,134.331170
1170.249565,139.061389,134.341260
1170.253450,139.061389,134.344840
1170.254381,139.061389,134.346087
1170.255368,139.061389,134.348383
1170.255591,139.061389,134.352130
1170.256435,139.061389,134.359495
1170.256922,139.061389,134.360693
1170.257147,139.061389,134.360735
1170.257533,139.061389,134.360866
1170.258492,139.061389,134.364610
1170.258991,139.061389,134.365896
1170.259438,139.061389,134.370949
1170.260319,139.061389,134.377164
1170.262083,139.061389,134.383053
1170.262749,139.061389,134.389439
1170.266605,139.061389,134.391330
1170.266865,139.061389,134.401378
1170.267317,139.061389,134.402818
1170.267809,139.061389,134.403999
1170.268023,139.061389,134.406306
1170.268458,139.061389,134.410197
1170.269373,139.061389,134.415276
1170.271120,139.061389,134.418684
1170.271376,139.061389,134.422428
1170.271594,139.061389,134.428764
1170.272032,139.061389,134.433804
1170.273713,139.061389,134.436194
1170.274187,139.061389,134.438189
1170.274309,139.061389,134.444936
1170.276327,139.061389,134.446116
1170.278359,139.061389,134.452277
1170.280191,139.061389,134.453484
1170.281914,139.061389,134.454728
1170.282835,139.061389,134.460968
1170.283088,139.061389,134.465826
1170.283334,139.061389,134.470658
1170.283758,139.061389,134.472140
1170.284633,139.061389,134.479244
1170.285466,139.061389,134.479253
1170.286470,139.061389,134.479464
1170.287444,139.061389,134.481855
1170.287865,139.061389,134.482860
1170.288132,139.061389,134.487874
1170.288623,139.061389,134.491679
1170.289070,139.061389,134.497906
1170.289887,139.061389,134.500167
1170.290758,139.061389,134.506399
1170.290884,139.061389,134.507820
1170.292678,139.061389,134.508981
1170.293722,139.061389,134.511304
1170.293971,139.061389,134.531096
1170.294228,139.061389,134.531202
1170.295223,139.061389,134.535810
1170.295454,139.061389,134.539746
1170.295899,139.061389,134.544817
1170.296352,139.061389,134.546120
1170.297212,139.061389,134.553778
1170.298209,139.061389,134.559650
1170.299178,139.061389,134.562207
1170.299700,139.061389,134.574325
1170.300177,139.061389,134.580482
1170.301101,139.061389,134.584512
1170.301536,139.061389,134.586806
1170.301761,139.061389,134.590572
1170.302721,139.061389,134.591720
1170.302970,139.061389,134.603861
1170.303212,139.061389,134.606594
1170.304087,139.061389,134.607605
1170.304316,139.061389,134.616593
1170.306510,139.061389,134.617410
1170.307024,139.061389,134.618924
1170.307876,139.061389,134.621445
1170.308748,139.061389,134.622645
1170.312668,139.061389,134.623778
1170.313687,139.061389,134.633890
1170.317725,139.061389,134.644959
1170.318835,139.061389,134.653205
1170.318960,139.061389,134.660972
1170.320785,139.061389,134.664754
1170.321655,139.061389,134.666818
1170.321887,139.061389,134.669282
1170.322336,139.061389,134.671938
1170.322764,139.061389,134.687020
1170.324579,139.061389,134.689388
1170.326908,139.061389,134.692789
1170.327364,139.061389,134.695528
1170.327812,139.061389,134.701599
1170.328674,139.061389,134.702695
1170.328916,139.061389,134.722482
1170.329342,139.061389,134.727618
1170.329561,139.061389,134.728482
1170.330427,139.061389,134.733535
1170.330652,139.061389,134.734988
1170.331486,139.061389,134.741122
1170.332313,139.061389,134.741986
1170.332751,139.061389,134.750722
1170.332973,139.061389,134.750943
1170.333193,139.061389,134.765858
1170.333624,139.061389,134.776866
1170.334546,139.061389,134.778303
1170.338497,139.061389,134.779404
1170.342030,139.061389,134.779564
1170.342921,139.061389,134.782860
1170.343355,139.061389,134.783103
1170.344187,139.061389,134.786783
1170.344434,139.061389,134.789192
1170.344912,139.061389,134.790450
1170.345329,139.061389,134.800108
1170.345451,139.061389,134.801644
1170.346321,139.061389,134.806646
1170.346815,139.061389,134.809986
1170.347038,139.061389,134.812514
1170.347465,139.061389,134.814946
1170.347896,139.061389,134.821090
1170.348341,139.061389,134.827042
1170.348461,139.061389,134.831266
1170.348899,139.061389,134.834920
1170.349153,139.061389,134.843524
1170.349586,139.061389,134.846252
1170.350018,139.061389,134.854786
1170.350444,139.061389,134.855586
1170.350885,139.061389,134.861060
1170.352930,139.061389,134.861292
1170.361438,139.061389,134.866933
1170.361873,139.061389,134.875746
1170.363589,139.061389,134.878050
1170.364075,139.061389,134.878220
1170.364963,139.061389,134.889170
1170.365456,139.061389,134.892895
1170.365687,139.061389,134.908834
1170.366110,139.061389,134.914028
1170.367865,139.061389,134.914178
1170.370002,139.061389,134.917644
1170.370457,139.061389,134.918882
1170.372461,139.061389,134.926114
1170.372698,139.061389,134.928674
1170.374695,139.061389,134.932226
1170.375142,139.061389,134.932754
1170.375641,139.061389,134.947468
1170.377366,139.061389,134.954792
1170.378230,139.061389,134.957196
1170.379123,139.061389,134.965794
1170.379999,139.061389,134.969480
1170.380429,139.061389,134.970599
1170.380874,139.061389,134.970600
1170.381384,139.061389,134.975743
1170.382223,139.061389,134.975756
1170.389711,139.061389,134.978380
1170.390591,139.061389,134.979116
1170.390815,139.061389,134.983240
1170.391257,139.061389,134.985535
1170.392953,139.061389,134.986498
1170.393397,139.061389,134.987925
1170.394268,139.061389,134.990303
1170.394465,139.061389,134.998028
1170.397937,139.061389,135.000396
1170.398786,139.061389,135.001523
1170.399242,139.061389,135.001608
1170.399483,139.061389,135.002498
1170.399696,139.061389,135.008653
1170.399919,139.061389,135.010471
1170.400866,139.061389,135.022765
1170.402973,139.061389,135.032556
1170.403834,139.061389,135.033695
1170.404257,139.061389,135.037218
1170.404481,139.061389,135.038210
1170.404706,139.061389,135.038655
1170.405139,139.061389,135.039871
1170.405578,139.061389,135.040917
1170.405804,139.061389,135.058449
1170.407622,139.061389,135.058562
1170.409656,139.061389,135.065570
1170.410109,139.061389,135.068428
1170.413783,139.061389,135.072994
1170.414241,139.061389,135.076755
1170.414734,139.061389,135.079423
1170.415619,139.061389,135.080575
1170.416072,139.061389,135.081799
1170.416522,139.061389,135.083948
1170.416746,139.061389,135.084179
1170.417003,139.061389,135.096284
1170.417245,139.061389,135.101378
1170.417766,139.061389,135.103893
1170.418209,139.061389,135.106498
1170.420035,139.061389,135.108738
1170.420899,139.061389,135.110197
1170.421760,139.061389,135.111400
1170.422200,139.061389,135.129877
1170.423060,139.061389,135.135010
1170.423300,139.061389,135.136236
1170.424197,139.061389,135.137218
1170.424649,139.061389,135.137516
1170.428892,139.061389,135.138530
1170.429126,139.061389,135.142303
1170.429639,139.061389,135.142444
1170.431388,139.061389,135.147285
1170.432260,139.061389,135.154728
1170.433348,139.061389,135.156866
1170.433799,139.061389,135.162015
1170.434026,139.061389,135.164461
1170.434155,139.061389,135.165826
1170.434372,139.061389,135.168258
1170.435437,139.061389,135.170820
1170.435940,139.061389,135.175756
1170.436826,139.061389,135.178236
1170.440443,139.061389,135.178274
1170.442442,139.061389,135.179253
1170.442891,139.061389,135.180690
1170.443305,139.061389,135.191650
1170.443786,139.061389,135.194248
1170.444265,139.061389,135.194354
1170.444697,139.061389,135.197906
1170.445685,139.061389,135.199906
1170.445934,139.061389,135.200167
1170.446803,139.061389,135.202975
1170.448813,139.061389,135.206220
1170.449251,139.061389,135.206637
1170.449701,139.061389,135.216322
1170.450570,139.061389,135.216620
1170.451462,139.061389,135.219942
1170.451769,139.061389,135.230988
1170.452214,139.061389,135.235080
1170.452646,139.061389,135.238719
1170.453510,139.061389,135.243857
1170.455499,139.061389,135.246120
1170.456334,139.061389,135.247219
1170.457826,139.061389,135.252053
1170.458250,139.061389,135.260674
1170.458731,139.061389,135.260812
1170.459168,139.061389,135.261120
1170.462665,139.061389,135.262207
1170.463155,139.061389,135.275427
1170.463887,139.061389,135.276935
1170.464895,139.061389,135.279298
1170.465338,139.061389,135.284423
1170.466285,139.061389,135.285365
1170.466508,139.061389,135.291839
1170.473438,139.061389,135.299234
1170.474412,139.061389,135.303810
1170.474640,139.061389,135.303874
1170.475086,139.061389,135.306114
1170.475310,139.061389,135.307980
1170.476304,139.061389,135.309119
1170.479980,139.061389,135.309189
1170.480864,139.061389,135.310380
1170.481816,139.061389,135.312482
1170.482248,139.061389,135.317698
1170.483138,139.061389,135.318924
1170.483976,139.061389,135.320002
1170.484811,139.061389,135.323778
1170.485862,139.061389,135.323980
1170.486861,139.061389,135.328680
1170.487093,139.061389,135.329005
1170.489084,139.061389,135.330114
1170.489964,139.061389,135.353205
1170.490079,139.061389,135.358197
1170.490505,139.061389,135.360648
1170.490929,139.061389,135.360866
1170.491140,139.061389,135.363244
1170.492830,139.061389,135.365960
1170.493308,139.061389,135.369295
1170.493528,139.061389,135.370783
1170.494030,139.061389,135.373196
1170.495001,139.061389,135.375778
1170.497460,139.061389,135.376927
1170.498713,139.061389,135.378055
1170.499802,139.061389,135.383135
1170.501594,139.061389,135.386687
1170.502119,139.061389,135.389388
1170.504190,139.061389,135.392831
1170.504997,139.061389,135.396671
1170.505847,139.061389,135.397826
1170.506822,139.061389,135.399167
1170.507035,139.061389,135.407852
1170.508847,139.061389,135.409132
1170.516120,139.061389,135.422482
1170.516568,139.061389,135.422568
1170.516994,139.061389,135.427317
1170.517116,139.061389,135.428831
1170.517951,139.061389,135.430124
1170.519822,139.061389,135.434988
1170.520662,139.061389,135.439484
1170.520884,139.061389,135.440968
1170.521317,139.061389,135.441122
1170.522164,139.061389,135.453154
1170.522597,139.061389,135.466818
1170.523463,139.061389,135.470879
1170.525437,139.061389,135.472040
1170.525944,139.061389,135.473356
1170.527618,139.061389,135.474460
1170.528110,139.061389,135.476772
1170.528243,139.061389,135.479061
1170.528436,139.061389,135.480002
1170.528647,139.061389,135.484127
1170.529024,139.061389,135.486783
1170.529261,139.061389,135.489013
1170.529682,139.061389,135.491647
1170.529893,139.061389,135.496396
1170.530320,139.061389,135.498892
1170.530734,139.061389,135.501644
1170.531559,139.061389,135.507778
1170.531991,139.061389,135.510248
1170.532810,139.061389,135.512492
1170.533056,139.061389,135.514946
1170.533490,139.061389,135.534668
1170.533703,139.061389,135.544895
1170.534542,139.061389,135.552273
1170.538228,139.061389,135.562178
1170.538688,139.061389,135.566933
1170.539107,139.061389,135.571944
1170.539585,139.061389,135.574389
1170.540032,139.061389,135.575458
1170.540464,139.061389,135.592885
1170.541415,139.061389,135.596661
1170.542296,139.061389,135.599044
1170.542526,139.061389,135.601800
1170.543001,139.061389,135.610165
1170.543432,139.061389,135.615074
1170.543842,139.061389,135.617645
1170.544083,139.061389,135.622520
1170.544512,139.061389,135.623743
1170.544623,139.061389,135.628812
1170.545627,139.061389,135.632386
1170.546520,139.061389,135.642338
1170.547364,139.061389,135.653612
1170.549083,139.061389,135.680652
1170.549519,139.061389,135.682946
1170.550941,139.061389,135.684328
1170.551158,139.061389,135.684418
1170.553189,139.061389,135.689282
1170.554063,139.061389,135.690303
1170.554266,139.061389,135.695221
1170.554496,139.061389,135.695426
1170.554608,139.061389,135.698028
1170.555427,139.061389,135.701442
1170.555871,139.061389,135.702594
1170.556294,139.061389,135.705393
1170.556803,139.061389,135.706696
1170.558501,139.061389,135.716460
1170.561939,139.061389,135.717631
1170.562195,139.061389,135.722306
1170.562416,139.061389,135.722421
1170.562823,139.061389,135.723935
1170.563699,139.061389,135.727506
1170.564545,139.061389,135.731318
1170.564787,139.061389,135.751112
1170.565662,139.061389,135.754658
1170.566627,139.061389,135.758276
1170.566853,139.061389,135.759586
1170.567300,139.061389,135.759596
1170.569085,139.061389,135.765570
1170.569543,139.061389,135.769506
1170.570443,139.061389,135.770498
1170.570873,139.061389,135.770658
1170.571760,139.061389,135.779423
1170.572849,139.061389,135.785663
1170.576582,139.061389,135.786929
1170.578382,139.061389,135.787816
1170.579208,139.061389,135.799202
1170.580040,139.061389,135.800360
1170.580457,139.061389,135.800575
1170.582434,139.061389,135.813969
1170.583324,139.061389,135.814933
1170.583543,139.061389,135.816108
1170.583663,139.061389,135.816175
1170.583786,139.061389,135.828712
1170.584209,139.061389,135.836194
1170.584641,139.061389,135.837087
1170.585081,139.061389,135.842444
1170.587046,139.061389,135.843372
1170.587983,139.061389,135.845698
1170.588104,139.061389,135.852191
1170.588522,139.061389,135.853439
1170.588952,139.061389,135.855871
1170.589365,139.061389,135.868245
1170.591085,139.061389,135.873269
1170.592049,139.061389,135.877964
1170.592477,139.061389,135.878335
1170.596072,139.061389,135.881890
1170.597072,139.061389,135.885314
1170.597517,139.061389,135.899906
1170.597737,139.061389,135.900383
1170.597976,139.061389,135.901434
1170.598215,139.061389,135.901663
1170.598701,139.061389,135.913474
1170.598820,139.061389,135.916322
1170.599685,139.061389,135.916620
1170.600556,139.061389,135.922485
1170.600995,139.061389,135.922572
1170.601860,139.061389,135.928482
1170.602329,139.061389,135.928570
1170.602714,139.061389,135.932447
1170.603166,139.061389,135.952082
1170.603633,139.061389,135.952223
1170.605478,139.061389,135.952351
1170.607197,139.061389,135.953436
1170.607636,139.061389,135.956031
1170.608529,139.061389,135.960972
1170.612244,139.061389,135.961964
1170.613198,139.061389,135.965455
1170.613249,139.061389,135.968255
1170.613722,139.061389,135.977329
1170.623369,139.061389,135.978252
1170.625180,139.061389,135.985378
1170.626902,139.061389,135.986677
1170.627148,139.061389,135.986815
1170.628007,139.061389,135.996341
1170.628218,139.061389,135.997484
1170.628335,139.061389,136.000079
1170.628544,139.061389,136.006500
1170.628978,139.061389,136.010380
1170.629935,139.061389,136.011463
1170.630823,139.061389,136.017762
1170.632775,139.061389,136.025151
1170.633841,139.061389,136.034690
1170.634293,139.061389,136.052255
1170.635157,139.061389,136.069388
1170.635933,139.061389,136.074303
1170.636188,139.061389,136.074348
1170.636654,139.061389,136.074402
1170.637553,139.061389,136.075852
1170.637775,139.061389,136.085058
1170.637893,139.061389,136.096780
1170.638755,139.061389,136.102837
1170.639701,139.061389,136.105375
1170.643179,139.061389,136.109730
1170.643420,139.061389,136.114754
1170.643639,139.061389,136.122389
1170.643763,139.061389,136.122568
1170.644207,139.061389,136.128831
1170.645093,139.061389,136.130882
1170.645320,139.061389,136.133736
1170.645752,139.061389,136.136226
1170.646186,139.061389,136.146095
1170.647931,139.061389,136.148437
1170.649692,139.061389,136.159660
1170.651490,139.061389,136.162082
1170.653284,139.061389,136.165732
1170.653723,139.061389,136.169171
1170.654153,139.061389,136.170860
1170.661775,139.061389,136.172994
1170.662244,139.061389,136.180607
1170.662698,139.061389,136.182024
1170.664380,139.061389,136.183103
1170.666299,139.061389,136.184127
1170.666681,139.061389,136.185484
1170.667539,139.061389,136.188236
1170.671620,139.061389,136.189314
1170.673403,139.061389,136.190389
1170.674282,139.061389,136.191650
1170.675169,139.061389,136.193922
1170.675395,139.061389,136.200359
1170.675833,139.061389,136.202914
1170.676833,139.061389,136.202924
1170.680329,139.061389,136.209890
1170.680966,139.061389,136.211364
1170.681194,139.061389,136.213781
1170.681631,139.061389,136.219025
1170.685366,139.061389,136.220802
1170.685503,139.061389,136.228876
1170.687355,139.061389,136.229983
1170.687776,139.061389,136.231076
1170.687988,139.061389,136.231298
1170.688816,139.061389,136.236058
1170.689329,139.061389,136.244895
1170.690180,139.061389,136.245858
1170.690411,139.061389,136.253154
1170.690622,139.061389,136.255679
1170.691098,139.061389,136.257096
1170.691527,139.061389,136.262015
1170.692393,139.061389,136.271938
1170.693364,139.061389,136.276725
1170.693575,139.061389,136.277000
1170.694431,139.061389,136.279381
1170.695278,139.061389,136.285314
1170.695700,139.061389,136.286578
1170.695913,139.061389,136.288988
1170.696137,139.061389,136.292863
1170.696687,139.061389,136.301612
1170.700451,139.061389,136.301800
1170.700957,139.061389,136.302530
1170.701798,139.061389,136.302879
1170.702896,139.061389,136.315906
1170.703342,139.061389,136.322520
1170.703783,139.061389,136.328556
1170.704195,139.061389,136.331102
1170.705197,139.061389,136.339810
1170.705667,139.061389,136.339903
1170.706651,139.061389,136.342111
1170.707103,139.061389,136.350911
1170.707322,139.061389,136.358092
1170.707435,139.061389,136.358495
1170.709149,139.061389,136.369538
1170.710106,139.061389,136.375711
1170.710924,139.061389,136.381749
1170.711170,139.061389,136.392959
1170.712225,139.061389,136.395528
1170.712791,139.061389,136.396405
1170.713569,139.061389,136.398882
1170.714054,139.061389,136.402594
1170.714479,139.061389,136.402946
1170.715386,139.061389,136.402988
1170.716309,139.061389,136.406696
1170.718020,139.061389,136.410312
1170.718511,139.061389,136.422421
1170.718996,139.061389,136.429954
1170.720034,139.061389,136.432127
1170.720257,139.061389,136.438357
1170.720371,139.061389,136.438760
1170.720580,139.061389,136.470498
1170.721012,139.061389,136.474527
1170.721488,139.061389,136.481685
1170.721916,139.061389,136.484492
1170.722349,139.061389,136.489096
1170.722559,139.061389,136.495391
1170.722771,139.061389,136.507650
1170.723188,139.061389,136.507797
1170.725169,139.061389,136.520132
1170.727135,139.061389,136.521250
1170.728083,139.061389,136.522530
1170.728562,139.061389,136.523879
1170.729063,139.061389,136.524885
1170.729318,139.061389,136.534645
1170.729750,139.061389,136.536958
1170.729987,139.061389,136.540013
1170.731785,139.061389,136.540093
1170.735402,139.061389,136.542335
1170.735869,139.061389,136.543266
1170.736368,139.061389,136.544738
1170.738092,139.061389,136.548341
1170.738514,139.061389,136.553608
1170.738959,139.061389,136.555871
1170.739377,139.061389,136.556949
1170.739585,139.061389,136.559573
1170.740060,139.061389,136.564418
1170.740499,139.061389,136.564479
1170.740941,139.061389,136.566786
1170.741786,139.061389,136.568396
1170.743633,139.061389,136.578184
1170.744570,139.061389,136.583071
1170.745008,139.061389,136.585314
1170.745445,139.061389,136.593868
1170.745680,139.061389,136.595628
1170.752753,139.061389,136.601434
1170.753008,139.061389,136.601442
1170.753453,139.061389,136.601636
1170.754344,139.061389,136.604050
1170.754772,139.061389,136.606389
1170.755023,139.061389,136.608691
1170.755261,139.061389,136.608770
1170.755679,139.061389,136.610419
1170.759484,139.061389,136.618818
1170.759961,139.061389,136.622572
1170.760821,139.061389,136.623778
1170.761259,139.061389,136.623876
1170.762134,139.061389,136.625996
1170.762358,139.061389,136.630028
1170.763226,139.061389,136.644610
1170.763445,139.061389,136.647125
1170.763670,139.061389,136.647199
1170.763887,139.061389,136.648275
1170.764103,139.061389,136.649653
1170.764350,139.061389,136.652351
1170.766127,139.061389,136.653086
1170.766355,139.061389,136.658536
1170.768100,139.061389,136.671874
1170.768665,139.061389,136.678082
1170.769625,139.061389,136.683938
1170.770051,139.061389,136.685378
1170.771749,139.061389,136.687714
1170.772708,139.061389,136.690600
1170.772925,139.061389,136.690732
1170.773872,139.061389,136.693900
1170.774095,139.061389,136.700079
1170.774308,139.061389,136.700186
1170.774546,139.061389,136.705317
1170.775789,139.061389,136.711327
1170.776015,139.061389,136.712578
1170.776456,139.061389,136.716405
1170.778193,139.061389,136.716561
1170.779069,139.061389,136.718914
1170.779898,139.061389,136.720168
1170.780152,139.061389,136.721319
1170.780591,139.061389,136.722700
1170.782373,139.061389,136.723605
1170.782503,139.061389,136.727180
1170.782941,139.061389,136.729666
1170.783170,139.061389,136.733538
1170.784049,139.061389,136.734690
1170.784495,139.061389,136.741045
1170.785368,139.061389,136.742303
1170.785594,139.061389,136.758476
1170.792899,139.061389,136.760908
1170.794696,139.061389,136.769388
1170.795434,139.061389,136.769567
1170.796284,139.061389,136.770879
1170.798015,139.061389,136.772063
1170.798997,139.061389,136.774444
1170.799412,139.061389,136.796543
1170.799642,139.061389,136.796565
1170.800051,139.061389,136.799010
1170.800487,139.061389,136.799426
1170.802471,139.061389,136.802837
1170.803469,139.061389,136.807618
1170.804361,139.061389,136.808725
1170.804482,139.061389,136.809087
1170.805348,139.061389,136.816159
1170.805568,139.061389,136.821442
1170.806642,139.061389,136.830882
1170.806873,139.061389,136.831298
1170.807752,139.061389,136.832083
1170.808193,139.061389,136.841164
1170.811674,139.061389,136.852120
1170.811897,139.061389,136.860556
1170.812267,139.061389,136.860684
1170.812639,139.061389,136.860904
1170.813506,139.061389,136.862124
1170.814383,139.061389,136.875070
1170.814606,139.061389,136.883240
1170.816070,139.061389,136.883859
1170.816320,139.061389,136.885282
1170.816802,139.061389,136.889388
1170.822004,139.061389,136.894178
1170.822899,139.061389,136.901538
1170.823337,139.061389,136.902419
1170.823557,139.061389,136.908885
1170.823982,139.061389,136.909292
1170.827811,139.061389,136.912642
1170.828250,139.061389,136.913651
1170.828757,139.061389,136.914220
1170.832418,139.061389,136.918658
1170.832644,139.061389,136.919084
1170.836901,139.061389,136.919852
1170.837321,139.061389,136.921122
1170.839123,139.061389,136.925055
1170.839635,139.061389,136.925260
1170.843131,139.061389,136.926252
1170.844181,139.061389,136.928876
1170.845253,139.061389,136.932584
1170.846215,139.061389,136.935842
1170.846450,139.061389,136.936994
1170.846567,139.061389,136.938562
1170.847560,139.061389,136.947272
1170.847993,139.061389,136.949791
1170.848829,139.061389,136.953535
1170.849664,139.061389,136.955628
1170.850262,139.061389,136.960706
1170.851110,139.061389,136.965768
1170.851540,139.061389,136.971532
1170.851677,139.061389,136.971820
1170.852289,139.061389,136.977000
1170.853348,139.061389,136.984365
1170.853803,139.061389,136.985314
1170.854233,139.061389,136.991509
1170.854460,139.061389,136.996639
1170.855397,139.061389,137.004930
1170.855522,139.061389,137.007666
1170.855744,139.061389,137.012476
1170.855954,139.061389,137.014092
1170.856171,139.061389,137.016447
1170.856595,139.061389,137.016580
1170.857552,139.061389,137.020197
1170.858430,139.061389,137.023532
1170.858651,139.061389,137.039810
1170.859069,139.061389,137.042412
1170.859940,139.061389,137.052098
1170.860598,139.061389,137.058577
1170.864465,139.061389,137.065852
1170.865416,139.061389,137.065901
1170.867262,139.061389,137.069668
1170.870395,139.061389,137.072044
1170.872211,139.061389,137.074050
1170.872438,139.061389,137.086321
1170.872551,139.061389,137.088076
1170.873501,139.061389,137.088178
1170.873996,139.061389,137.094082
1170.874423,139.061389,137.096405
1170.875220,139.061389,137.099850
1170.875450,139.061389,137.100354
1170.877295,139.061389,137.102604
1170.878280,139.061389,137.104127
1170.878848,139.061389,137.104243
1170.887004,139.061389,137.106338
1170.887866,139.061389,137.107714
1170.888303,139.061389,137.111349
1170.889157,139.061389,137.115071
1170.889475,139.061389,137.115148
1170.891296,139.061389,137.126069
1170.891718,139.061389,137.130562
1170.891831,139.061389,137.141927
1170.892046,139.061389,137.148657
1170.893843,139.061389,137.151036
1170.894283,139.061389,137.153548
1170.896011,139.061389,137.157068
1170.896871,139.061389,137.158380
1170.897316,139.061389,137.159554
1170.897737,139.061389,137.160844
1170.899571,139.061389,137.164300
1170.900003,139.061389,137.164616
1170.900869,139.061389,137.170547
1170.901312,139.061389,137.175586
1170.902317,139.061389,137.177964
1170.903205,139.061389,137.179170
1170.903668,139.061389,137.181823
1170.904164,139.061389,137.183906
1170.904283,139.061389,137.186498
1170.905152,139.061389,137.195391
1170.905379,139.061389,137.196706
1170.906390,139.061389,137.197951
1170.907273,139.061389,137.206632
1170.908119,139.061389,137.213969
1170.909017,139.061389,137.222530
1170.909446,139.061389,137.224981
1170.909862,139.061389,137.229679
1170.909978,139.061389,137.241292
1170.910834,139.061389,137.242293
1170.911665,139.061389,137.242449
1170.912530,139.061389,137.242732
1170.916991,139.061389,137.244738
1170.918837,139.061389,137.248341
1170.919268,139.061389,137.248479
1170.919748,139.061389,137.248501
1170.922331,139.061389,137.253203
1170.922765,139.061389,137.253484
1170.926423,139.061389,137.254207
1170.926644,139.061389,137.259573
1170.927124,139.061389,137.259701
1170.930883,139.061389,137.266786
1170.931781,139.061389,137.268360
1170.933497,139.061389,137.269287
1170.933980,139.061389,137.271738
1170.934094,139.061389,137.274325
1170.934507,139.061389,137.280226
1170.934728,139.061389,137.286604
1170.935218,139.061389,137.291573
1170.935649,139.061389,137.291647
1170.936194,139.061389,137.297887
1170.937154,139.061389,137.298579
1170.937270,139.061389,137.300322
1170.938135,139.061389,137.304050
1170.938632,139.061389,137.304296
1170.942278,139.061389,137.308770
1170.942697,139.061389,137.308947
1170.943144,139.061389,137.311349
1170.943590,139.061389,137.323551
1170.943810,139.061389,137.348258
1170.944020,139.061389,137.354719
1170.944885,139.061389,137.354728
1170.946828,139.061389,137.355948
1170.948528,139.061389,137.357196
1170.952273,139.061389,137.360853
1170.955739,139.061389,137.366975
1170.956630,139.061389,137.366984
1170.957657,139.061389,137.371842
1170.958512,139.061389,137.385346
1170.959399,139.061389,137.391720
1170.960218,139.061389,137.395391
1170.960642,139.061389,137.398088
1170.961507,139.061389,137.407650
1170.962516,139.061389,137.408774
1170.962738,139.061389,137.418914
1170.963602,139.061389,137.419010
1170.964601,139.061389,137.432002
1170.964821,139.061389,137.432588
1170.966562,139.061389,137.433503
1170.966777,139.061389,137.437260
1170.967753,139.061389,137.441045
1170.968729,139.061389,137.444703
1170.968962,139.061389,137.449868
1170.970733,139.061389,137.451148
1170.972497,139.061389,137.453448
1170.972709,139.061389,137.457939
1170.972923,139.061389,137.458151
1170.973401,139.061389,137.468050
1170.973518,139.061389,137.471967
1170.973956,139.061389,137.472063
1170.974914,139.061389,137.484525
1170.975880,139.061389,137.487938
1170.976808,139.061389,137.491637
1170.977417,139.061389,137.492634
1170.977634,139.061389,137.492735
1170.977845,139.061389,137.496552
1170.978709,139.061389,137.501325
1170.978928,139.061389,137.516263
1170.979405,139.061389,137.517890
1170.981358,139.061389,137.518956
1170.983045,139.061389,137.521442
1170.983920,139.061389,137.530015
1170.984763,139.061389,137.531372
1170.985336,139.061389,137.534567
1170.985492,139.061389,137.534855
1170.985996,139.061389,137.535855
1170.986059,139.061389,137.541164
1170.989819,139.061389,137.547340
1170.990726,139.061389,137.547852
1171.026114,139.061389,137.560556
1171.026574,139.061389,137.564229
1171.026709,139.061389,137.580616
1171.027174,139.061389,137.586722
1171.027605,139.061389,137.589004
1171.028044,139.061389,137.592866
1171.028485,139.061389,137.598722
1171.028911,139.061389,137.607752
1171.029350,139.061389,137.615212
1171.030403,139.061389,137.617523
1171.030916,139.061389,137.621122
1171.032766,139.061389,137.623635
1171.033237,139.061389,137.623836
1171.033689,139.061389,137.627362
1171.034148,139.061389,137.628876
1171.035018,139.061389,137.630047
1171.035624,139.061389,137.638466
1171.037394,139.061389,137.644834
1171.038254,139.061389,137.647372
1171.041991,139.061389,137.660853
1171.042897,139.061389,137.665768
1171.043320,139.061389,137.673176
1171.043773,139.061389,137.673279
1171.046484,139.061389,137.681690
1171.046906,139.061389,137.681858
1171.047339,139.061389,137.689247
1171.047819,139.061389,137.690559
1171.049583,139.061389,137.691317
1171.049808,139.061389,137.694018
1171.050024,139.061389,137.697983
1171.052619,139.061389,137.699224
1171.053099,139.061389,137.703810
1171.053531,139.061389,137.707793
1171.055343,139.061389,137.721269
1171.055780,139.061389,137.731192
1171.056294,139.061389,137.736068
1171.056515,139.061389,137.742412
1171.057393,139.061389,137.743362
1171.057853,139.061389,137.743615
1171.058687,139.061389,137.746908
1171.058914,139.061389,137.753218
1171.059130,139.061389,137.754370
1171.059356,139.061389,137.754498
1171.059573,139.061389,137.763074
1171.059798,139.061389,137.770892
1171.060244,139.061389,137.771989
1171.061971,139.061389,137.774271
1171.062360,139.061389,137.779327
1171.062787,139.061389,137.781762
1171.063232,139.061389,137.784402
1171.063653,139.061389,137.792642
1171.064134,139.061389,137.793858
1171.064359,139.061389,137.797640
1171.064573,139.061389,137.801557
1171.065447,139.061389,137.804002
1171.066311,139.061389,137.804053
1171.068167,139.061389,137.805192
1171.068478,139.061389,137.805235
1171.069405,139.061389,137.810376
1171.070322,139.061389,137.814015
1171.071270,139.061389,137.816428
1171.071725,139.061389,137.816517
1171.072675,139.061389,137.817589
1171.073552,139.061389,137.827106
1171.073765,139.061389,137.827500
1171.074594,139.061389,137.827532
1171.075451,139.061389,137.829983
1171.076135,139.061389,137.847317
1171.079661,139.061389,137.848479
1171.080083,139.061389,137.849480
1171.080296,139.061389,137.852034
1171.081165,139.061389,137.856908
1171.082014,139.061389,137.857068
1171.082995,139.061389,137.860844
1171.084809,139.061389,137.867029
1171.085756,139.061389,137.873058
1171.086838,139.061389,137.877941
1171.087266,139.061389,137.879455
1171.087748,139.061389,137.885274
1171.087859,139.061389,137.885357
1171.088081,139.061389,137.886591
1171.088291,139.061389,137.892780
1171.089054,139.061389,137.896386
1171.089487,139.061389,137.897951
1171.090355,139.061389,137.898895
1171.090569,139.061389,137.901592
1171.091414,139.061389,137.906626
1171.091884,139.061389,137.913841
1171.092358,139.061389,137.916351
1171.092771,139.061389,137.919720
1171.092880,139.061389,137.920332
1171.093366,139.061389,137.923944
1171.095072,139.061389,137.926018
1171.095491,139.061389,137.930005
1171.097182,139.061389,137.942449
1171.098058,139.061389,137.942732
1171.102241,139.061389,137.946252
1171.102766,139.061389,137.949762
1171.103637,139.061389,137.951117
1171.104519,139.061389,137.953548
1171.106255,139.061389,137.955768
1171.106483,139.061389,137.957151
1171.106976,139.061389,137.969489
1171.107407,139.061389,137.971921
1171.109197,139.061389,137.971967
1171.109645,139.061389,137.976834
1171.110095,139.061389,137.988959
1171.110317,139.061389,137.995533
1171.111204,139.061389,137.997602
1171.111636,139.061389,138.000322
1171.112500,139.061389,138.007541
1171.113256,139.061389,138.009128
1171.113482,139.061389,138.013826
1171.113921,139.061389,138.021260
1171.114147,139.061389,138.030079
1171.115966,139.061389,138.033704
1171.116420,139.061389,138.038415
1171.116548,139.061389,138.038591
1171.116762,139.061389,138.040962
1171.118742,139.061389,138.040991
1171.119642,139.061389,138.051042
1171.120087,139.061389,138.052090
1171.120568,139.061389,138.061762
1171.120997,139.061389,138.062248
1171.121478,139.061389,138.065762
1171.121958,139.061389,138.066975
1171.122793,139.061389,138.068258
1171.123637,139.061389,138.070146
1171.123856,139.061389,138.071743
1171.123959,139.061389,138.074303
1171.124168,139.061389,138.075372
1171.124378,139.061389,138.080447
1171.126096,139.061389,138.084226
1171.126544,139.061389,138.087938
1171.127023,139.061389,138.089314
1171.130478,139.061389,138.095391
1171.130894,139.061389,138.099164
1171.131766,139.061389,138.105087
1171.131989,139.061389,138.107532
1171.132400,139.061389,138.108774
1171.132614,139.061389,138.111519
1171.133489,139.061389,138.113826
1171.133931,139.061389,138.115029
1171.134650,139.061389,138.116456
1171.135210,139.061389,138.117346
1171.136208,139.061389,138.121384
1171.137068,139.061389,138.121445
1171.137946,139.061389,138.126168
1171.138374,139.061389,138.131138
1171.138847,139.061389,138.132588
1171.140606,139.061389,138.132849
1171.144654,139.061389,138.143524
1171.145127,139.061389,138.143583
1171.145974,139.061389,138.149868
1171.147733,139.061389,138.153448
1171.147946,139.061389,138.154645
1171.149678,139.061389,138.160863
1171.150345,139.061389,138.166887
1171.152239,139.061389,138.166988
1171.153928,139.061389,138.167103
1171.155767,139.061389,138.171148
1171.164346,139.061389,138.174357
1171.164793,139.061389,138.177058
1171.166673,139.061389,138.190303
1171.166898,139.061389,138.192634
1171.167141,139.061389,138.200205
1171.167369,139.061389,138.201538
1171.169450,139.061389,138.207775
1171.169863,139.061389,138.211138
1171.170079,139.061389,138.214181
1171.172056,139.061389,138.214594
1171.172273,139.061389,138.216140
1171.172485,139.061389,138.218956
1171.174269,139.061389,138.222636
1171.175177,139.061389,138.223884
1171.176070,139.061389,138.224642
1171.176499,139.061389,138.228450
1171.176949,139.061389,138.228607
1171.177372,139.061389,138.228725
1171.178344,139.061389,138.229877
1171.178767,139.061389,138.236127
1171.179583,139.061389,138.240981
1171.180062,139.061389,138.249685
1171.181084,139.061389,138.254517
1171.181303,139.061389,138.257077
1171.181785,139.061389,138.259775
1171.183577,139.061389,138.260738
1171.183998,139.061389,138.266914
1171.184413,139.061389,138.274370
1171.185448,139.061389,138.278012
1171.185683,139.061389,138.279382
1171.185903,139.061389,138.279589
1171.187735,139.061389,138.289010
1171.187859,139.061389,138.291845
1171.189623,139.061389,138.297538
1171.189836,139.061389,138.297983
1171.191586,139.061389,138.299170
1171.192455,139.061389,138.299253
1171.193505,139.061389,138.300226
1171.193932,139.061389,138.300418
1171.195866,139.061389,138.302892
1171.197934,139.061389,138.313890
1171.198383,139.061389,138.315212
1171.199348,139.061389,138.316213
1171.199567,139.061389,138.323635
1171.200000,139.061389,138.323807
1171.200829,139.061389,138.323836
1171.201260,139.061389,138.327490
1171.201498,139.061389,138.328757
1171.203312,139.061389,138.331253
1171.205017,139.061389,138.332210
1171.205230,139.061389,138.333493
1171.205433,139.061389,138.336242
1171.205862,139.061389,138.338466
1171.207599,139.061389,138.338760
1171.208037,139.061389,138.339836
1171.208468,139.061389,138.344834
1171.209284,139.061389,138.349800
1171.210094,139.061389,138.356040
1171.211832,139.061389,138.360527
1171.212239,139.061389,138.360853
1171.213142,139.061389,138.361004
1171.216581,139.061389,138.363487
1171.220807,139.061389,138.369740
1171.222576,139.061389,138.370613
1171.226069,139.061389,138.371999
1171.227173,139.061389,138.373320
1171.228170,139.061389,138.374545
1171.230715,139.061389,138.376787
1171.231155,139.061389,138.379423
1171.232916,139.061389,138.380371
1171.233804,139.061389,138.380780
1171.235612,139.061389,138.388104
1171.236048,139.061389,138.390303
1171.236107,139.061389,138.397852
1171.236542,139.061389,138.401442
1171.236951,139.061389,138.403810
1171.237383,139.061389,138.404287
1171.239452,139.061389,138.406705
1171.241507,139.061389,138.413666
1171.241732,139.061389,138.418847
1171.242218,139.061389,138.432520
1171.242681,139.061389,138.434626
1171.243549,139.061389,138.439810
1171.244450,139.061389,138.439943
1171.244950,139.061389,138.442508
1171.247006,139.061389,138.443336
1171.247516,139.061389,138.443615
1171.248360,139.061389,138.444684
1171.249223,139.061389,138.445877
1171.249348,139.061389,138.447372
1171.254732,139.061389,138.448556
1171.255860,139.061389,138.454178
1171.256096,139.061389,138.455842
1171.256531,139.061389,138.458050
1171.256749,139.061389,138.460703
1171.256953,139.061389,138.463143
1171.257378,139.061389,138.463327
1171.257813,139.061389,138.470660
1171.258065,139.061389,138.473263
1171.258649,139.061389,138.474271
1171.259031,139.061389,138.478207
1171.260010,139.061389,138.483074
1171.261061,139.061389,138.486815
1171.263648,139.061389,138.490184
1171.263872,139.061389,138.491358
1171.264089,139.061389,138.491426
1171.264299,139.061389,138.514015
1171.265166,139.061389,138.514097
1171.267270,139.061389,138.520002
1171.269249,139.061389,138.520191
1171.271337,139.061389,138.522434
1171.273076,139.061389,138.525186
1171.274048,139.061389,138.534823
1171.275081,139.061389,138.538412
1171.275332,139.061389,138.543482
1171.275936,139.061389,138.548479
1171.276361,139.061389,138.551047
1171.277372,139.061389,138.552866
1171.277605,139.061389,138.567029
1171.278504,139.061389,138.570949
1171.279411,139.061389,138.574248
1171.279839,139.061389,138.574472
1171.280324,139.061389,138.581653
1171.280538,139.061389,138.585274
1171.280663,139.061389,138.592789
1171.281119,139.061389,138.598626
1171.281359,139.061389,138.598946
1171.282282,139.061389,138.601592
1171.283288,139.061389,138.601695
1171.288908,139.061389,138.602751
1171.289820,139.061389,138.603999
1171.290317,139.061389,138.608616
1171.290435,139.061389,138.610274
1171.291380,139.061389,138.617538
1171.291881,139.061389,138.622357
1171.292115,139.061389,138.622599
1171.293140,139.061389,138.623422
1171.293616,139.061389,138.630005
1171.295459,139.061389,138.636328
1171.297402,139.061389,138.645986
1171.299296,139.061389,138.650882
1171.302515,139.061389,138.656949
1171.302760,139.061389,138.657122
1171.303043,139.061389,138.659394
1171.303506,139.061389,138.664484
1171.304009,139.061389,138.664655
1171.308240,139.061389,138.675490
1171.308738,139.061389,138.675652
1171.309699,139.061389,138.682783
1171.310189,139.061389,138.687925
1171.311056,139.061389,138.691372
1171.311267,139.061389,138.701265
1171.311489,139.061389,138.702594
1171.311697,139.061389,138.704063
1171.312536,139.061389,138.704834
1171.312747,139.061389,138.704898
1171.312958,139.061389,138.707541
1171.313787,139.061389,138.710252
1171.314333,139.061389,138.713826
1171.314759,139.061389,138.715010
1171.315238,139.061389,138.716492
1171.320615,139.061389,138.719868
1171.320842,139.061389,138.721343
1171.321344,139.061389,138.725183
1171.322448,139.061389,138.728738
1171.322938,139.061389,138.735052
1171.324063,139.061389,138.736051
1171.324618,139.061389,138.738591
1171.324831,139.061389,138.739652
1171.324891,139.061389,138.756871
1171.325161,139.061389,138.758338
1171.326240,139.061389,138.759042
1171.326665,139.061389,138.763404
1171.328363,139.061389,138.764546
1171.332688,139.061389,138.769528
1171.333175,139.061389,138.769645
1171.335036,139.061389,138.774178
1171.335559,139.061389,138.774303
1171.335802,139.061389,138.777724
1171.335922,139.061389,138.780162
1171.336195,139.061389,138.780447
1171.338108,139.061389,138.785493
1171.338976,139.061389,138.789042
1171.339199,139.061389,138.795391
1171.339609,139.061389,138.801478
1171.339850,139.061389,138.805063
1171.340063,139.061389,138.807650
1171.341021,139.061389,138.809189
1171.341893,139.061389,138.815029
1171.342322,139.061389,138.815170
1171.343365,139.061389,138.815221
1171.345190,139.061389,138.816593
1171.347350,139.061389,138.825292
1171.351582,139.061389,138.826168
1171.352108,139.061389,138.839778
1171.352655,139.061389,138.840962
1171.353104,139.061389,138.843583
1171.353339,139.061389,138.847240
1171.353746,139.061389,138.851090
1171.354573,139.061389,138.853436
1171.354791,139.061389,138.853608
1171.355266,139.061389,138.854645
1171.357104,139.061389,138.856994
1171.357941,139.061389,138.860693
1171.358782,139.061389,138.870732
1171.360465,139.061389,138.873228
1171.364145,139.061389,138.879189
1171.364707,139.061389,138.882439
1171.364837,139.061389,138.893823
1171.365074,139.061389,138.894271
1171.369027,139.061389,138.895295
1171.369276,139.061389,138.896565
1171.370158,139.061389,138.900549
1171.371011,139.061389,138.905058
1171.372708,139.061389,138.911074
1171.372920,139.061389,138.912738
1171.373130,139.061389,138.916115
1171.373345,139.061389,138.918677
1171.373595,139.061389,138.924103
1171.374555,139.061389,138.925087
1171.375002,139.061389,138.928639
1171.375465,139.061389,138.934594
1171.375909,139.061389,138.934855
1171.376332,139.061389,138.934920
1171.377176,139.061389,138.940981
1171.377648,139.061389,138.943650
1171.378072,139.061389,138.945919
1171.378280,139.061389,138.949442
1171.378762,139.061389,138.949685
1171.379585,139.061389,138.953311
1171.380330,139.061389,138.954517
1171.380454,139.061389,138.959714
1171.381421,139.061389,138.959775
1171.383189,139.061389,138.970508
1171.383495,139.061389,138.974370
1171.384405,139.061389,138.980639
1171.386289,139.061389,138.987692
1171.386512,139.061389,138.992999
1171.387484,139.061389,138.998850
1171.387913,139.061389,139.006316
1171.388405,139.061389,139.007610
1171.388648,139.061389,139.010207
1171.390382,139.061389,139.016424
1171.390798,139.061389,139.017644
1171.391211,139.061389,139.021164
1171.391427,139.061389,139.029839
1171.391966,139.061389,139.031266
1171.392411,139.061389,139.033791
1171.393326,139.061389,139.037218
1171.393767,139.061389,139.043524
1171.394182,139.061389,139.046117
1171.394606,139.061389,139.047394
1171.396826,139.061389,139.049602
1171.397327,139.061389,139.054748
1171.397752,139.061389,139.061389
