Time,UB,LB
0.000000,310.850144,20.102432
0.002624,310.850144,33.357942
0.002633,142.743050,33.357942
0.002647,140.680646,33.357942
0.002654,128.702886,33.357942
0.038421,125.902886,33.357942
0.038515,125.806461,33.357942
0.038610,124.336326,33.357942
0.215879,123.667069,33.357942
0.218002,118.152147,33.357942
0.219283,116.300307,33.357942
0.592803,116.300307,34.523392
0.720998,116.300307,53.502262
0.751224,116.300307,63.549142
0.761433,116.300307,88.678742
0.769878,116.300307,116.300307
