Time,UB,LB
0.000000,71.626816,19.177760
0.000059,55.426880,19.177760
0.000070,45.560352,19.177760
0.000081,40.569056,19.177760
