Time,UB,LB
0.000000,71.626816,19.177760
0.000081,71.626816,24.203680
0.000084,55.426880,24.203680
0.000096,45.560352,24.203680
0.000106,40.569056,24.203680
0.000686,40.569056,31.407360
0.000766,40.569056,36.433280
0.000794,40.569056,40.569056
